{
"type": "FeatureCollection",
"crs": { "type": "name", "properties": { "name": "urn:ogc:def:crs:OGC:1.3:CRS84" } },
"features": [
{ "type": "Feature", "properties": { "entity_id": 179, "p_entity": 21, "name": "Laikipia East Sub County" }, "geometry": { "type": "MultiPolygon", "coordinates": [ [ [ [ 37.01478, -0.23236 ], [ 37.01473, -0.23239 ], [ 37.01478, -0.23234 ], [ 37.01478, -0.23236 ] ] ], [ [ [ 37.20259, 0.06188 ], [ 37.20264, 0.06165 ], [ 37.20287, 0.06009 ], [ 37.20282, 0.05961 ], [ 37.20265, 0.05909 ], [ 37.20259, 0.05872 ], [ 37.20223, 0.05872 ], [ 37.20209, 0.05885 ], [ 37.20198, 0.05896 ], [ 37.20179, 0.05939 ], [ 37.20159, 0.05994 ], [ 37.20097, 0.06078 ], [ 37.20031, 0.06109 ], [ 37.1998, 0.06109 ], [ 37.19926, 0.06084 ], [ 37.19863, 0.0601 ], [ 37.19799, 0.05929 ], [ 37.19726, 0.05878 ], [ 37.19631, 0.05824 ], [ 37.19571, 0.05784 ], [ 37.1952, 0.05823 ], [ 37.19479, 0.05799 ], [ 37.19386, 0.05749 ], [ 37.19301, 0.05711 ], [ 37.19203, 0.05674 ], [ 37.19117, 0.05641 ], [ 37.19016, 0.05603 ], [ 37.18941, 0.05578 ], [ 37.18873, 0.05538 ], [ 37.18856, 0.0552 ], [ 37.18833, 0.05495 ], [ 37.18802, 0.05475 ], [ 37.1879, 0.05467 ], [ 37.18745, 0.05462 ], [ 37.18694, 0.0546 ], [ 37.18609, 0.05477 ], [ 37.18551, 0.05498 ], [ 37.18493, 0.05503 ], [ 37.18352, 0.05498 ], [ 37.18237, 0.05484 ], [ 37.18143, 0.05472 ], [ 37.17944, 0.05447 ], [ 37.17751, 0.05422 ], [ 37.17542, 0.05402 ], [ 37.17356, 0.05387 ], [ 37.17159, 0.05372 ], [ 37.17089, 0.05359 ], [ 37.17026, 0.05353 ], [ 37.17011, 0.05352 ], [ 37.16971, 0.05339 ], [ 37.16877, 0.05294 ], [ 37.16774, 0.05246 ], [ 37.16646, 0.05175 ], [ 37.16558, 0.05138 ], [ 37.16457, 0.05105 ], [ 37.16253, 0.0506 ], [ 37.16133, 0.05037 ], [ 37.15936, 0.05009 ], [ 37.1575, 0.04974 ], [ 37.15582, 0.04936 ], [ 37.15423, 0.04891 ], [ 37.15348, 0.04853 ], [ 37.15239, 0.04783 ], [ 37.15151, 0.0469 ], [ 37.15066, 0.04599 ], [ 37.15018, 0.04516 ], [ 37.14987, 0.04455 ], [ 37.15027, 0.04426 ], [ 37.14998, 0.04386 ], [ 37.14918, 0.04262 ], [ 37.14884, 0.04222 ], [ 37.14884, 0.04222 ], [ 37.14884, 0.04222 ], [ 37.14811, 0.04205 ], [ 37.14729, 0.04196 ], [ 37.14662, 0.04183 ], [ 37.14595, 0.04155 ], [ 37.14528, 0.04141 ], [ 37.14444, 0.04136 ], [ 37.14403, 0.04135 ], [ 37.14366, 0.04086 ], [ 37.14303, 0.04008 ], [ 37.14278, 0.0397 ], [ 37.14235, 0.03945 ], [ 37.1413, 0.03926 ], [ 37.14124, 0.03925 ], [ 37.13994, 0.03902 ], [ 37.138, 0.03852 ], [ 37.13799, 0.03852 ], [ 37.13852, 0.03808 ], [ 37.13805, 0.03794 ], [ 37.1365, 0.0376 ], [ 37.13521, 0.03728 ], [ 37.13419, 0.03703 ], [ 37.13385, 0.03696 ], [ 37.13307, 0.03682 ], [ 37.13237, 0.03658 ], [ 37.13092, 0.03616 ], [ 37.12977, 0.03585 ], [ 37.12903, 0.0357 ], [ 37.12896, 0.03568 ], [ 37.12854, 0.0356 ], [ 37.12853, 0.03563 ], [ 37.12854, 0.0356 ], [ 37.12801, 0.0355 ], [ 37.12692, 0.03537 ], [ 37.12619, 0.03535 ], [ 37.12619, 0.03534 ], [ 37.12623, 0.03497 ], [ 37.12628, 0.03484 ], [ 37.12606, 0.03487 ], [ 37.12561, 0.03528 ], [ 37.12507, 0.03558 ], [ 37.12478, 0.03597 ], [ 37.12434, 0.03637 ], [ 37.12355, 0.0366 ], [ 37.12291, 0.0366 ], [ 37.122, 0.03658 ], [ 37.12023, 0.03637 ], [ 37.1191, 0.03622 ], [ 37.11708, 0.03637 ], [ 37.11594, 0.03639 ], [ 37.11531, 0.03639 ], [ 37.11426, 0.0364 ], [ 37.11327, 0.03638 ], [ 37.11261, 0.03638 ], [ 37.11113, 0.03641 ], [ 37.11069, 0.03636 ], [ 37.11016, 0.03629 ], [ 37.1096, 0.0362 ], [ 37.10932, 0.03612 ], [ 37.10905, 0.03604 ], [ 37.10824, 0.03564 ], [ 37.10745, 0.03507 ], [ 37.10567, 0.03388 ], [ 37.10441, 0.03283 ], [ 37.10344, 0.03217 ], [ 37.10189, 0.03108 ], [ 37.1017, 0.03095 ], [ 37.10135, 0.03071 ], [ 37.10133, 0.0307 ], [ 37.10045, 0.03009 ], [ 37.0999, 0.02964 ], [ 37.09902, 0.02907 ], [ 37.09807, 0.02847 ], [ 37.09735, 0.02799 ], [ 37.09647, 0.02727 ], [ 37.09593, 0.02677 ], [ 37.09534, 0.02608 ], [ 37.09496, 0.02533 ], [ 37.09479, 0.02507 ], [ 37.09452, 0.02504 ], [ 37.09414, 0.02494 ], [ 37.09351, 0.02464 ], [ 37.09258, 0.02411 ], [ 37.09174, 0.02337 ], [ 37.09103, 0.02279 ], [ 37.09038, 0.02224 ], [ 37.08973, 0.02163 ], [ 37.08888, 0.02097 ], [ 37.08833, 0.02056 ], [ 37.08814, 0.0205 ], [ 37.08814, 0.02049 ], [ 37.08819, 0.02031 ], [ 37.0882, 0.02029 ], [ 37.08824, 0.02022 ], [ 37.08829, 0.02019 ], [ 37.08842, 0.02015 ], [ 37.08843, 0.02015 ], [ 37.08854, 0.02012 ], [ 37.08865, 0.02004 ], [ 37.08876, 0.01993 ], [ 37.08885, 0.0198 ], [ 37.08902, 0.01961 ], [ 37.08921, 0.01946 ], [ 37.08946, 0.01925 ], [ 37.0897, 0.01904 ], [ 37.08983, 0.01895 ], [ 37.08999, 0.01892 ], [ 37.09004, 0.01892 ], [ 37.09008, 0.01892 ], [ 37.09019, 0.01904 ], [ 37.09035, 0.01929 ], [ 37.09045, 0.01937 ], [ 37.09051, 0.01938 ], [ 37.09069, 0.01936 ], [ 37.09078, 0.01935 ], [ 37.09086, 0.01929 ], [ 37.09092, 0.01921 ], [ 37.091, 0.0191 ], [ 37.09107, 0.01903 ], [ 37.09121, 0.01896 ], [ 37.09138, 0.01889 ], [ 37.09152, 0.01881 ], [ 37.09164, 0.01879 ], [ 37.09172, 0.0188 ], [ 37.09194, 0.01882 ], [ 37.09204, 0.0188 ], [ 37.09212, 0.01878 ], [ 37.0922, 0.01871 ], [ 37.09228, 0.01863 ], [ 37.09241, 0.01857 ], [ 37.09248, 0.01855 ], [ 37.09253, 0.01857 ], [ 37.09263, 0.01866 ], [ 37.09272, 0.01871 ], [ 37.09279, 0.01881 ], [ 37.09282, 0.0189 ], [ 37.09288, 0.01899 ], [ 37.09295, 0.01903 ], [ 37.09301, 0.01904 ], [ 37.09305, 0.01902 ], [ 37.09309, 0.01897 ], [ 37.09313, 0.01888 ], [ 37.09328, 0.01873 ], [ 37.0934, 0.01863 ], [ 37.09347, 0.01858 ], [ 37.09355, 0.01851 ], [ 37.09359, 0.01845 ], [ 37.0936, 0.01839 ], [ 37.09362, 0.01837 ], [ 37.09367, 0.01836 ], [ 37.09378, 0.01836 ], [ 37.09388, 0.01838 ], [ 37.09399, 0.01838 ], [ 37.09406, 0.01836 ], [ 37.09413, 0.01831 ], [ 37.09416, 0.01829 ], [ 37.09416, 0.01824 ], [ 37.09416, 0.01819 ], [ 37.09413, 0.01811 ], [ 37.09412, 0.0181 ], [ 37.09423, 0.01796 ], [ 37.09436, 0.01778 ], [ 37.09439, 0.01755 ], [ 37.0943, 0.01731 ], [ 37.09415, 0.01718 ], [ 37.09388, 0.01697 ], [ 37.09363, 0.01666 ], [ 37.09348, 0.0163 ], [ 37.09349, 0.01612 ], [ 37.09352, 0.01609 ], [ 37.0937, 0.0158 ], [ 37.09376, 0.01568 ], [ 37.09376, 0.01561 ], [ 37.09378, 0.01556 ], [ 37.09381, 0.01548 ], [ 37.09384, 0.01537 ], [ 37.09392, 0.01532 ], [ 37.09406, 0.01544 ], [ 37.09417, 0.01558 ], [ 37.09421, 0.01562 ], [ 37.09434, 0.01575 ], [ 37.09439, 0.01576 ], [ 37.09442, 0.01587 ], [ 37.09446, 0.01593 ], [ 37.09451, 0.01595 ], [ 37.09455, 0.01596 ], [ 37.0946, 0.01596 ], [ 37.09466, 0.01594 ], [ 37.09478, 0.01587 ], [ 37.09486, 0.01578 ], [ 37.09492, 0.01574 ], [ 37.09498, 0.01569 ], [ 37.095, 0.01559 ], [ 37.09501, 0.01548 ], [ 37.09501, 0.01546 ], [ 37.09502, 0.01543 ], [ 37.09507, 0.01531 ], [ 37.09505, 0.01527 ], [ 37.09505, 0.01525 ], [ 37.09508, 0.01515 ], [ 37.09508, 0.01513 ], [ 37.09507, 0.01508 ], [ 37.09505, 0.01505 ], [ 37.09501, 0.01503 ], [ 37.095, 0.01502 ], [ 37.09497, 0.01501 ], [ 37.09495, 0.015 ], [ 37.09495, 0.01496 ], [ 37.09495, 0.01475 ], [ 37.09495, 0.01461 ], [ 37.09501, 0.01455 ], [ 37.09516, 0.01447 ], [ 37.09523, 0.01443 ], [ 37.09529, 0.01441 ], [ 37.09566, 0.01434 ], [ 37.09576, 0.01432 ], [ 37.09594, 0.01425 ], [ 37.09598, 0.01423 ], [ 37.09603, 0.01417 ], [ 37.09605, 0.01415 ], [ 37.09609, 0.01409 ], [ 37.09611, 0.01406 ], [ 37.09619, 0.01369 ], [ 37.0962, 0.01364 ], [ 37.09622, 0.01359 ], [ 37.09644, 0.01355 ], [ 37.09646, 0.01357 ], [ 37.09646, 0.01359 ], [ 37.09646, 0.01364 ], [ 37.09646, 0.01369 ], [ 37.09646, 0.01375 ], [ 37.09647, 0.01377 ], [ 37.09647, 0.01381 ], [ 37.0965, 0.01385 ], [ 37.09654, 0.01389 ], [ 37.09659, 0.01394 ], [ 37.09663, 0.01396 ], [ 37.09668, 0.01398 ], [ 37.09675, 0.01399 ], [ 37.09682, 0.014 ], [ 37.09687, 0.01401 ], [ 37.09692, 0.014 ], [ 37.09713, 0.01396 ], [ 37.09754, 0.01393 ], [ 37.09767, 0.01392 ], [ 37.09774, 0.01391 ], [ 37.09778, 0.01388 ], [ 37.09785, 0.01381 ], [ 37.0979, 0.01376 ], [ 37.09794, 0.0137 ], [ 37.09797, 0.01366 ], [ 37.09799, 0.01362 ], [ 37.09801, 0.01359 ], [ 37.09804, 0.0133 ], [ 37.09805, 0.01323 ], [ 37.09807, 0.01313 ], [ 37.09809, 0.01301 ], [ 37.09806, 0.01281 ], [ 37.09804, 0.01278 ], [ 37.09801, 0.01275 ], [ 37.09796, 0.01272 ], [ 37.09789, 0.01265 ], [ 37.09783, 0.01261 ], [ 37.09781, 0.01258 ], [ 37.0978, 0.01252 ], [ 37.0978, 0.01248 ], [ 37.0978, 0.01244 ], [ 37.09781, 0.01237 ], [ 37.09782, 0.01228 ], [ 37.09783, 0.01224 ], [ 37.09783, 0.01221 ], [ 37.09782, 0.01219 ], [ 37.09777, 0.01211 ], [ 37.09771, 0.01204 ], [ 37.09767, 0.012 ], [ 37.09761, 0.01196 ], [ 37.0976, 0.01192 ], [ 37.0976, 0.01183 ], [ 37.09761, 0.01179 ], [ 37.09764, 0.01176 ], [ 37.09767, 0.01174 ], [ 37.09773, 0.01173 ], [ 37.09782, 0.01173 ], [ 37.09791, 0.01172 ], [ 37.09795, 0.01171 ], [ 37.09802, 0.0117 ], [ 37.09808, 0.01167 ], [ 37.09812, 0.01164 ], [ 37.09815, 0.0116 ], [ 37.09816, 0.01156 ], [ 37.09816, 0.01152 ], [ 37.09816, 0.01147 ], [ 37.09818, 0.01139 ], [ 37.09818, 0.01134 ], [ 37.09818, 0.0113 ], [ 37.09816, 0.01125 ], [ 37.09816, 0.01125 ], [ 37.09817, 0.01124 ], [ 37.09822, 0.01113 ], [ 37.09824, 0.01109 ], [ 37.09822, 0.01099 ], [ 37.09825, 0.01093 ], [ 37.09828, 0.01086 ], [ 37.09827, 0.01079 ], [ 37.09825, 0.01075 ], [ 37.09822, 0.01071 ], [ 37.0982, 0.01069 ], [ 37.09818, 0.01068 ], [ 37.09814, 0.01068 ], [ 37.09807, 0.01071 ], [ 37.09804, 0.01072 ], [ 37.09786, 0.01061 ], [ 37.09776, 0.01055 ], [ 37.09768, 0.0104 ], [ 37.09771, 0.01038 ], [ 37.09785, 0.01037 ], [ 37.09795, 0.01039 ], [ 37.09805, 0.0104 ], [ 37.09823, 0.01038 ], [ 37.09846, 0.01037 ], [ 37.09859, 0.01038 ], [ 37.09862, 0.01038 ], [ 37.09887, 0.01042 ], [ 37.09895, 0.01066 ], [ 37.09899, 0.01088 ], [ 37.09903, 0.01104 ], [ 37.0991, 0.01108 ], [ 37.09912, 0.01116 ], [ 37.09916, 0.01119 ], [ 37.09923, 0.01125 ], [ 37.09927, 0.01125 ], [ 37.09933, 0.01109 ], [ 37.09933, 0.01109 ], [ 37.09941, 0.011 ], [ 37.09952, 0.01083 ], [ 37.09961, 0.01067 ], [ 37.09985, 0.0103 ], [ 37.1001, 0.00998 ], [ 37.10015, 0.00993 ], [ 37.10029, 0.00983 ], [ 37.10029, 0.00983 ], [ 37.10049, 0.00972 ], [ 37.1006, 0.00974 ], [ 37.10082, 0.00964 ], [ 37.10093, 0.00962 ], [ 37.10106, 0.00962 ], [ 37.10131, 0.00962 ], [ 37.10161, 0.00935 ], [ 37.10163, 0.00909 ], [ 37.10163, 0.00904 ], [ 37.1014, 0.00885 ], [ 37.10122, 0.00867 ], [ 37.10103, 0.00855 ], [ 37.10095, 0.00835 ], [ 37.10096, 0.00812 ], [ 37.10097, 0.0081 ], [ 37.10098, 0.00795 ], [ 37.101, 0.00782 ], [ 37.10105, 0.00725 ], [ 37.10105, 0.0072 ], [ 37.10125, 0.00698 ], [ 37.10143, 0.00695 ], [ 37.10152, 0.00703 ], [ 37.10161, 0.00716 ], [ 37.10165, 0.00728 ], [ 37.10177, 0.00734 ], [ 37.10187, 0.00744 ], [ 37.10198, 0.00738 ], [ 37.10214, 0.00699 ], [ 37.10202, 0.00684 ], [ 37.10198, 0.00678 ], [ 37.10191, 0.0067 ], [ 37.10188, 0.00664 ], [ 37.10182, 0.00661 ], [ 37.1018, 0.00659 ], [ 37.10175, 0.00653 ], [ 37.10173, 0.00651 ], [ 37.1017, 0.00643 ], [ 37.1017, 0.0063 ], [ 37.1017, 0.00628 ], [ 37.1017, 0.00621 ], [ 37.10181, 0.00609 ], [ 37.10187, 0.006 ], [ 37.10197, 0.00587 ], [ 37.10203, 0.00586 ], [ 37.10252, 0.00572 ], [ 37.10292, 0.00558 ], [ 37.10333, 0.00547 ], [ 37.10338, 0.00546 ], [ 37.1034, 0.00545 ], [ 37.10358, 0.00531 ], [ 37.10362, 0.00526 ], [ 37.10378, 0.00508 ], [ 37.10379, 0.00506 ], [ 37.10382, 0.00488 ], [ 37.1038, 0.00481 ], [ 37.10377, 0.00472 ], [ 37.10375, 0.00468 ], [ 37.10375, 0.00467 ], [ 37.10373, 0.00466 ], [ 37.10355, 0.00453 ], [ 37.1035, 0.00445 ], [ 37.10335, 0.00439 ], [ 37.10335, 0.00439 ], [ 37.10326, 0.00432 ], [ 37.1032, 0.00426 ], [ 37.10317, 0.00412 ], [ 37.10317, 0.00412 ], [ 37.10312, 0.00384 ], [ 37.10312, 0.00371 ], [ 37.10317, 0.00355 ], [ 37.10317, 0.0035 ], [ 37.10318, 0.00346 ], [ 37.10327, 0.00338 ], [ 37.10332, 0.00332 ], [ 37.1034, 0.00323 ], [ 37.1035, 0.00311 ], [ 37.10376, 0.0027 ], [ 37.10394, 0.00201 ], [ 37.10396, 0.00193 ], [ 37.10401, 0.00166 ], [ 37.10408, 0.00113 ], [ 37.10411, 0.0009 ], [ 37.10427, 0.00058 ], [ 37.10432, 0.00055 ], [ 37.10438, 0.00052 ], [ 37.10442, 0.0005 ], [ 37.10454, 0.0005 ], [ 37.10463, 0.0005 ], [ 37.10475, 0.00053 ], [ 37.1048, 0.00059 ], [ 37.10485, 0.00065 ], [ 37.105, 0.00077 ], [ 37.10501, 0.00077 ], [ 37.10521, 0.00084 ], [ 37.10533, 0.00084 ], [ 37.10569, 0.00076 ], [ 37.10579, 0.00065 ], [ 37.10601, 0.00018 ], [ 37.10613, -0.00004 ], [ 37.1062, -0.00014 ], [ 37.1064, -0.00022 ], [ 37.10653, -0.00025 ], [ 37.10666, -0.00028 ], [ 37.10667, -0.00028 ], [ 37.10677, -0.00033 ], [ 37.10685, -0.00036 ], [ 37.10695, -0.0004 ], [ 37.10711, -0.00046 ], [ 37.10712, -0.00046 ], [ 37.1073, -0.00055 ], [ 37.10734, -0.00059 ], [ 37.1074, -0.00067 ], [ 37.10746, -0.00072 ], [ 37.10759, -0.00088 ], [ 37.10763, -0.001 ], [ 37.10767, -0.00113 ], [ 37.10777, -0.00142 ], [ 37.10781, -0.00153 ], [ 37.10801, -0.00216 ], [ 37.10813, -0.00252 ], [ 37.10869, -0.00358 ], [ 37.10919, -0.00455 ], [ 37.10958, -0.00643 ], [ 37.10971, -0.00705 ], [ 37.10999, -0.00787 ], [ 37.1102, -0.00814 ], [ 37.11051, -0.00876 ], [ 37.11094, -0.00971 ], [ 37.1112, -0.01009 ], [ 37.11148, -0.01051 ], [ 37.11159, -0.01134 ], [ 37.11166, -0.01164 ], [ 37.11181, -0.01215 ], [ 37.11185, -0.01225 ], [ 37.11192, -0.01243 ], [ 37.11195, -0.01252 ], [ 37.11204, -0.01277 ], [ 37.11232, -0.01324 ], [ 37.11238, -0.01327 ], [ 37.1124, -0.01329 ], [ 37.11241, -0.01338 ], [ 37.11263, -0.01375 ], [ 37.11265, -0.01379 ], [ 37.11267, -0.01381 ], [ 37.11269, -0.01383 ], [ 37.1132, -0.0144 ], [ 37.11326, -0.01447 ], [ 37.11332, -0.01448 ], [ 37.1135, -0.01455 ], [ 37.11371, -0.01462 ], [ 37.1139, -0.01469 ], [ 37.11451, -0.01469 ], [ 37.11509, -0.01495 ], [ 37.11553, -0.01531 ], [ 37.11595, -0.01565 ], [ 37.1166, -0.01667 ], [ 37.11663, -0.01671 ], [ 37.1172, -0.01775 ], [ 37.1173, -0.01794 ], [ 37.11771, -0.01869 ], [ 37.11811, -0.01906 ], [ 37.11874, -0.01965 ], [ 37.11881, -0.01969 ], [ 37.11976, -0.02023 ], [ 37.11987, -0.02027 ], [ 37.12019, -0.02038 ], [ 37.12051, -0.02049 ], [ 37.12079, -0.02058 ], [ 37.12127, -0.02109 ], [ 37.12138, -0.02145 ], [ 37.12147, -0.02177 ], [ 37.12162, -0.02224 ], [ 37.11404, -0.03783 ], [ 37.11398, -0.03797 ], [ 37.11373, -0.03848 ], [ 37.11358, -0.0384 ], [ 37.11301, -0.03766 ], [ 37.11291, -0.03753 ], [ 37.11283, -0.0373 ], [ 37.11271, -0.03704 ], [ 37.1127, -0.03701 ], [ 37.11265, -0.03674 ], [ 37.11249, -0.03625 ], [ 37.11236, -0.03576 ], [ 37.11233, -0.03564 ], [ 37.11198, -0.03523 ], [ 37.11144, -0.03513 ], [ 37.11092, -0.03516 ], [ 37.11041, -0.03504 ], [ 37.10996, -0.03478 ], [ 37.10971, -0.03414 ], [ 37.10929, -0.03331 ], [ 37.10891, -0.03282 ], [ 37.10862, -0.03274 ], [ 37.10817, -0.0326 ], [ 37.10753, -0.03212 ], [ 37.10718, -0.03145 ], [ 37.10663, -0.03078 ], [ 37.10654, -0.03071 ], [ 37.10593, -0.03023 ], [ 37.10509, -0.03004 ], [ 37.10404, -0.03007 ], [ 37.10305, -0.0299 ], [ 37.10295, -0.02988 ], [ 37.10167, -0.02917 ], [ 37.10111, -0.02866 ], [ 37.10096, -0.02857 ], [ 37.10073, -0.02827 ], [ 37.10056, -0.02806 ], [ 37.10052, -0.02776 ], [ 37.10052, -0.02765 ], [ 37.10052, -0.02745 ], [ 37.10056, -0.02706 ], [ 37.10067, -0.02663 ], [ 37.10079, -0.02635 ], [ 37.1008, -0.026 ], [ 37.10068, -0.02526 ], [ 37.10067, -0.02525 ], [ 37.10064, -0.0252 ], [ 37.10013, -0.02472 ], [ 37.09905, -0.02384 ], [ 37.09891, -0.02373 ], [ 37.09785, -0.0229 ], [ 37.09756, -0.02263 ], [ 37.09718, -0.02229 ], [ 37.09664, -0.02171 ], [ 37.09635, -0.0212 ], [ 37.09588, -0.02083 ], [ 37.09574, -0.02072 ], [ 37.09507, -0.02033 ], [ 37.09462, -0.01976 ], [ 37.09433, -0.01896 ], [ 37.0942, -0.0186 ], [ 37.09414, -0.01844 ], [ 37.09363, -0.018 ], [ 37.09322, -0.01779 ], [ 37.09276, -0.01755 ], [ 37.09209, -0.01726 ], [ 37.0919, -0.01729 ], [ 37.09184, -0.01733 ], [ 37.09155, -0.01754 ], [ 37.09154, -0.01755 ], [ 37.09097, -0.01761 ], [ 37.09073, -0.01753 ], [ 37.09029, -0.01739 ], [ 37.08984, -0.01727 ], [ 37.08982, -0.01728 ], [ 37.08964, -0.01737 ], [ 37.08953, -0.01741 ], [ 37.08937, -0.01752 ], [ 37.08938, -0.01753 ], [ 37.08931, -0.01745 ], [ 37.08929, -0.01738 ], [ 37.08929, -0.01731 ], [ 37.0893, -0.01713 ], [ 37.0893, -0.01711 ], [ 37.08929, -0.01704 ], [ 37.08927, -0.01697 ], [ 37.08921, -0.01688 ], [ 37.08915, -0.01681 ], [ 37.08913, -0.01679 ], [ 37.08901, -0.0167 ], [ 37.08887, -0.01659 ], [ 37.08878, -0.01652 ], [ 37.08871, -0.01646 ], [ 37.08864, -0.01639 ], [ 37.08853, -0.01632 ], [ 37.08843, -0.01628 ], [ 37.08834, -0.01621 ], [ 37.08831, -0.01617 ], [ 37.08829, -0.01607 ], [ 37.0883, -0.016 ], [ 37.08833, -0.01593 ], [ 37.08849, -0.01578 ], [ 37.08858, -0.01563 ], [ 37.08859, -0.01554 ], [ 37.08856, -0.01547 ], [ 37.08848, -0.01537 ], [ 37.08836, -0.01528 ], [ 37.08819, -0.01517 ], [ 37.08806, -0.01502 ], [ 37.08803, -0.01496 ], [ 37.08799, -0.01491 ], [ 37.08796, -0.01487 ], [ 37.08777, -0.01457 ], [ 37.08773, -0.01454 ], [ 37.08754, -0.01434 ], [ 37.08743, -0.01428 ], [ 37.08724, -0.01422 ], [ 37.08714, -0.0142 ], [ 37.08708, -0.01408 ], [ 37.08691, -0.0139 ], [ 37.08694, -0.01377 ], [ 37.08693, -0.01369 ], [ 37.08689, -0.01358 ], [ 37.0868, -0.01351 ], [ 37.08671, -0.01346 ], [ 37.08647, -0.01336 ], [ 37.08627, -0.01327 ], [ 37.08608, -0.01314 ], [ 37.08589, -0.01298 ], [ 37.08577, -0.01285 ], [ 37.08561, -0.01267 ], [ 37.08526, -0.0123 ], [ 37.08512, -0.01213 ], [ 37.085, -0.012 ], [ 37.08499, -0.01199 ], [ 37.08484, -0.0116 ], [ 37.08468, -0.0112 ], [ 37.08447, -0.0108 ], [ 37.08426, -0.01042 ], [ 37.08406, -0.00996 ], [ 37.08398, -0.00983 ], [ 37.08368, -0.01004 ], [ 37.08365, -0.00999 ], [ 37.08359, -0.00994 ], [ 37.08346, -0.00985 ], [ 37.08329, -0.00972 ], [ 37.0832, -0.00964 ], [ 37.08308, -0.00949 ], [ 37.08288, -0.00931 ], [ 37.08282, -0.00923 ], [ 37.08281, -0.00919 ], [ 37.08282, -0.00912 ], [ 37.08285, -0.00904 ], [ 37.08294, -0.00886 ], [ 37.08297, -0.00873 ], [ 37.08299, -0.00851 ], [ 37.08298, -0.00837 ], [ 37.08293, -0.00809 ], [ 37.08289, -0.00793 ], [ 37.08283, -0.00782 ], [ 37.08276, -0.00772 ], [ 37.08252, -0.00749 ], [ 37.08238, -0.00729 ], [ 37.0823, -0.00716 ], [ 37.08225, -0.00702 ], [ 37.08222, -0.00688 ], [ 37.08222, -0.00676 ], [ 37.08224, -0.00662 ], [ 37.08227, -0.00648 ], [ 37.08231, -0.00635 ], [ 37.08232, -0.00625 ], [ 37.08231, -0.00617 ], [ 37.08229, -0.00606 ], [ 37.08218, -0.00585 ], [ 37.08207, -0.00575 ], [ 37.082, -0.00571 ], [ 37.08193, -0.00568 ], [ 37.08175, -0.00567 ], [ 37.0816, -0.00567 ], [ 37.08146, -0.00565 ], [ 37.08137, -0.00562 ], [ 37.08128, -0.00557 ], [ 37.08112, -0.00543 ], [ 37.08101, -0.00537 ], [ 37.08089, -0.00534 ], [ 37.08079, -0.00533 ], [ 37.08066, -0.00535 ], [ 37.08053, -0.00537 ], [ 37.08028, -0.00544 ], [ 37.08008, -0.00546 ], [ 37.08, -0.00545 ], [ 37.0799, -0.00541 ], [ 37.0798, -0.00534 ], [ 37.07977, -0.0053 ], [ 37.07976, -0.00526 ], [ 37.07977, -0.00517 ], [ 37.07981, -0.00509 ], [ 37.0799, -0.00498 ], [ 37.0801, -0.00483 ], [ 37.08034, -0.00461 ], [ 37.0805, -0.00442 ], [ 37.08053, -0.0043 ], [ 37.08053, -0.00422 ], [ 37.08051, -0.00416 ], [ 37.08045, -0.0041 ], [ 37.08036, -0.00405 ], [ 37.08018, -0.00399 ], [ 37.08001, -0.0039 ], [ 37.0799, -0.00383 ], [ 37.07977, -0.00371 ], [ 37.07966, -0.0036 ], [ 37.0796, -0.00353 ], [ 37.07952, -0.0034 ], [ 37.07947, -0.00336 ], [ 37.07935, -0.00332 ], [ 37.07919, -0.00329 ], [ 37.07913, -0.00326 ], [ 37.07894, -0.00313 ], [ 37.07883, -0.00304 ], [ 37.0788, -0.00297 ], [ 37.07881, -0.00287 ], [ 37.07884, -0.00273 ], [ 37.07882, -0.00263 ], [ 37.07878, -0.00255 ], [ 37.07871, -0.00247 ], [ 37.07857, -0.00236 ], [ 37.07848, -0.00228 ], [ 37.07833, -0.0022 ], [ 37.07831, -0.00219 ], [ 37.07824, -0.00217 ], [ 37.07817, -0.00218 ], [ 37.07809, -0.0022 ], [ 37.07801, -0.00219 ], [ 37.07799, -0.00215 ], [ 37.07799, -0.0021 ], [ 37.07801, -0.00204 ], [ 37.07807, -0.00187 ], [ 37.07814, -0.00169 ], [ 37.07831, -0.00132 ], [ 37.07833, -0.00125 ], [ 37.07833, -0.00118 ], [ 37.0783, -0.0011 ], [ 37.07822, -0.001 ], [ 37.07816, -0.00091 ], [ 37.07814, -0.00077 ], [ 37.07816, -0.00071 ], [ 37.07818, -0.00065 ], [ 37.07825, -0.00058 ], [ 37.07834, -0.0005 ], [ 37.07836, -0.00044 ], [ 37.07838, -0.00036 ], [ 37.0784, -0.00023 ], [ 37.07847, -0.00005 ], [ 37.07859, 0.00025 ], [ 37.07866, 0.00033 ], [ 37.07878, 0.00042 ], [ 37.07887, 0.00053 ], [ 37.07891, 0.0006 ], [ 37.07895, 0.00075 ], [ 37.07899, 0.00081 ], [ 37.07905, 0.00087 ], [ 37.07929, 0.00108 ], [ 37.07934, 0.00115 ], [ 37.0794, 0.00126 ], [ 37.07948, 0.00144 ], [ 37.07963, 0.00171 ], [ 37.07976, 0.00195 ], [ 37.07981, 0.00205 ], [ 37.07981, 0.00212 ], [ 37.07978, 0.00217 ], [ 37.07969, 0.00232 ], [ 37.07966, 0.0024 ], [ 37.07967, 0.00248 ], [ 37.0797, 0.00256 ], [ 37.07979, 0.00273 ], [ 37.07989, 0.00289 ], [ 37.0799, 0.00298 ], [ 37.07987, 0.00303 ], [ 37.0798, 0.00307 ], [ 37.0797, 0.00308 ], [ 37.07966, 0.00311 ], [ 37.07965, 0.00315 ], [ 37.07964, 0.0032 ], [ 37.07965, 0.00324 ], [ 37.07966, 0.00331 ], [ 37.07967, 0.00344 ], [ 37.07965, 0.00353 ], [ 37.07961, 0.00364 ], [ 37.07952, 0.00378 ], [ 37.07949, 0.00386 ], [ 37.07945, 0.00411 ], [ 37.07942, 0.00423 ], [ 37.07938, 0.00432 ], [ 37.07935, 0.00438 ], [ 37.07931, 0.00441 ], [ 37.07927, 0.00444 ], [ 37.07919, 0.00448 ], [ 37.07914, 0.00454 ], [ 37.07909, 0.00466 ], [ 37.07904, 0.00478 ], [ 37.07898, 0.00492 ], [ 37.07894, 0.005 ], [ 37.07893, 0.00507 ], [ 37.07892, 0.00521 ], [ 37.07886, 0.00568 ], [ 37.07883, 0.00579 ], [ 37.0788, 0.00586 ], [ 37.07872, 0.00597 ], [ 37.0787, 0.00601 ], [ 37.0787, 0.00605 ], [ 37.07871, 0.00609 ], [ 37.07872, 0.00614 ], [ 37.07871, 0.00618 ], [ 37.07869, 0.00622 ], [ 37.07865, 0.00629 ], [ 37.07861, 0.00633 ], [ 37.07854, 0.00638 ], [ 37.07851, 0.00638 ], [ 37.07846, 0.00638 ], [ 37.07843, 0.00639 ], [ 37.07841, 0.0064 ], [ 37.07839, 0.00645 ], [ 37.07837, 0.0065 ], [ 37.07836, 0.00658 ], [ 37.07836, 0.00661 ], [ 37.07838, 0.00667 ], [ 37.07841, 0.00671 ], [ 37.07841, 0.00674 ], [ 37.07841, 0.00678 ], [ 37.07839, 0.00682 ], [ 37.07837, 0.00689 ], [ 37.07837, 0.00689 ], [ 37.07836, 0.00695 ], [ 37.07834, 0.00699 ], [ 37.07826, 0.00707 ], [ 37.07825, 0.00709 ], [ 37.07825, 0.00713 ], [ 37.07826, 0.00715 ], [ 37.07828, 0.00716 ], [ 37.07831, 0.00717 ], [ 37.07832, 0.00717 ], [ 37.07834, 0.00716 ], [ 37.07838, 0.00713 ], [ 37.07843, 0.0071 ], [ 37.07847, 0.00708 ], [ 37.07851, 0.00707 ], [ 37.07854, 0.00707 ], [ 37.07856, 0.00709 ], [ 37.07857, 0.00711 ], [ 37.07857, 0.00713 ], [ 37.07856, 0.00715 ], [ 37.07856, 0.00718 ], [ 37.07857, 0.00722 ], [ 37.07859, 0.00724 ], [ 37.07865, 0.00729 ], [ 37.0787, 0.00734 ], [ 37.07873, 0.00739 ], [ 37.07872, 0.00741 ], [ 37.07872, 0.00743 ], [ 37.07869, 0.00746 ], [ 37.07864, 0.00747 ], [ 37.07858, 0.00748 ], [ 37.07854, 0.0075 ], [ 37.07852, 0.00752 ], [ 37.07851, 0.00756 ], [ 37.0785, 0.00759 ], [ 37.07851, 0.00763 ], [ 37.07853, 0.00764 ], [ 37.07867, 0.00774 ], [ 37.07881, 0.00784 ], [ 37.07882, 0.00787 ], [ 37.07883, 0.00789 ], [ 37.07882, 0.00796 ], [ 37.07885, 0.00804 ], [ 37.07886, 0.0081 ], [ 37.0789, 0.00821 ], [ 37.07891, 0.00824 ], [ 37.07891, 0.0083 ], [ 37.07889, 0.00836 ], [ 37.07888, 0.00838 ], [ 37.07888, 0.00845 ], [ 37.07888, 0.00859 ], [ 37.07886, 0.00869 ], [ 37.07884, 0.00877 ], [ 37.07881, 0.0089 ], [ 37.07881, 0.00894 ], [ 37.07883, 0.00897 ], [ 37.07887, 0.00903 ], [ 37.07889, 0.00907 ], [ 37.0789, 0.00912 ], [ 37.0789, 0.00915 ], [ 37.07894, 0.00921 ], [ 37.07901, 0.00936 ], [ 37.07903, 0.00944 ], [ 37.07902, 0.00953 ], [ 37.079, 0.00957 ], [ 37.07897, 0.00961 ], [ 37.07893, 0.00963 ], [ 37.07889, 0.00964 ], [ 37.07885, 0.00964 ], [ 37.0788, 0.00965 ], [ 37.07877, 0.00965 ], [ 37.07873, 0.00967 ], [ 37.07871, 0.00968 ], [ 37.07869, 0.0097 ], [ 37.07868, 0.00972 ], [ 37.07867, 0.00976 ], [ 37.07867, 0.00982 ], [ 37.07868, 0.00989 ], [ 37.07871, 0.00998 ], [ 37.07875, 0.0101 ], [ 37.07882, 0.01033 ], [ 37.07883, 0.01036 ], [ 37.07885, 0.0104 ], [ 37.07889, 0.01044 ], [ 37.07893, 0.01047 ], [ 37.0791, 0.01056 ], [ 37.0792, 0.01064 ], [ 37.07924, 0.01068 ], [ 37.07927, 0.01074 ], [ 37.07932, 0.01089 ], [ 37.07934, 0.01096 ], [ 37.07939, 0.01105 ], [ 37.07947, 0.01118 ], [ 37.07954, 0.01126 ], [ 37.07957, 0.01132 ], [ 37.07959, 0.01138 ], [ 37.0796, 0.01143 ], [ 37.07959, 0.01147 ], [ 37.07956, 0.01152 ], [ 37.07949, 0.01164 ], [ 37.07943, 0.01175 ], [ 37.0794, 0.01181 ], [ 37.0794, 0.01185 ], [ 37.07941, 0.01188 ], [ 37.07944, 0.01194 ], [ 37.07948, 0.012 ], [ 37.07948, 0.01203 ], [ 37.07948, 0.01207 ], [ 37.07945, 0.01212 ], [ 37.07932, 0.01222 ], [ 37.07918, 0.01235 ], [ 37.07856, 0.01141 ], [ 37.07842, 0.01116 ], [ 37.07793, 0.01034 ], [ 37.07791, 0.01033 ], [ 37.0779, 0.01031 ], [ 37.07788, 0.01028 ], [ 37.07782, 0.01019 ], [ 37.07754, 0.00976 ], [ 37.07744, 0.00962 ], [ 37.07694, 0.00886 ], [ 37.07653, 0.00824 ], [ 37.07641, 0.00806 ], [ 37.07637, 0.008 ], [ 37.07631, 0.00791 ], [ 37.07575, 0.00707 ], [ 37.07541, 0.00657 ], [ 37.0754, 0.00653 ], [ 37.07541, 0.00651 ], [ 37.0752, 0.00626 ], [ 37.07492, 0.00592 ], [ 37.07483, 0.00581 ], [ 37.0746, 0.00543 ], [ 37.07426, 0.00492 ], [ 37.07403, 0.00458 ], [ 37.07369, 0.00412 ], [ 37.07346, 0.00385 ], [ 37.07321, 0.00358 ], [ 37.07286, 0.00306 ], [ 37.07241, 0.00339 ], [ 37.07228, 0.00349 ], [ 37.07225, 0.00345 ], [ 37.07204, 0.00312 ], [ 37.07192, 0.00295 ], [ 37.0717, 0.00261 ], [ 37.07153, 0.00233 ], [ 37.07135, 0.00203 ], [ 37.07127, 0.00189 ], [ 37.07114, 0.00165 ], [ 37.07101, 0.00134 ], [ 37.07092, 0.00104 ], [ 37.07076, 0.00058 ], [ 37.0706, 0.00011 ], [ 37.07044, -0.00035 ], [ 37.07035, -0.0006 ], [ 37.07028, -0.00082 ], [ 37.07022, -0.00099 ], [ 37.07001, -0.00159 ], [ 37.06992, -0.00185 ], [ 37.06976, -0.00233 ], [ 37.06962, -0.00272 ], [ 37.06941, -0.00334 ], [ 37.06939, -0.00338 ], [ 37.06928, -0.00367 ], [ 37.06917, -0.00396 ], [ 37.06901, -0.0044 ], [ 37.06892, -0.00465 ], [ 37.06862, -0.00457 ], [ 37.06842, -0.00451 ], [ 37.06814, -0.00441 ], [ 37.06814, -0.00441 ], [ 37.06805, -0.00438 ], [ 37.06769, -0.00425 ], [ 37.0675, -0.00418 ], [ 37.06744, -0.00416 ], [ 37.06737, -0.00413 ], [ 37.06706, -0.00404 ], [ 37.06636, -0.00383 ], [ 37.06605, -0.00373 ], [ 37.0657, -0.00361 ], [ 37.06533, -0.00348 ], [ 37.06533, -0.00348 ], [ 37.06586, -0.00164 ], [ 37.06589, -0.00153 ], [ 37.06556, -0.00142 ], [ 37.06534, -0.00134 ], [ 37.06373, -0.0008 ], [ 37.06324, -0.00065 ], [ 37.06313, -0.00073 ], [ 37.06293, -0.00067 ], [ 37.06283, -0.00065 ], [ 37.06272, -0.00064 ], [ 37.06244, -0.00054 ], [ 37.06243, -0.00055 ], [ 37.06231, -0.00071 ], [ 37.06225, -0.00079 ], [ 37.06211, -0.00096 ], [ 37.06207, -0.00101 ], [ 37.06163, -0.00144 ], [ 37.06147, -0.00161 ], [ 37.06102, -0.00207 ], [ 37.06096, -0.00213 ], [ 37.06067, -0.00242 ], [ 37.06049, -0.0026 ], [ 37.06022, -0.00287 ], [ 37.05994, -0.00311 ], [ 37.05972, -0.0033 ], [ 37.05945, -0.00355 ], [ 37.05918, -0.0038 ], [ 37.0589, -0.00408 ], [ 37.05874, -0.00423 ], [ 37.05847, -0.00448 ], [ 37.05839, -0.00455 ], [ 37.05773, -0.00514 ], [ 37.05752, -0.00532 ], [ 37.05739, -0.00544 ], [ 37.05735, -0.00548 ], [ 37.05704, -0.00576 ], [ 37.05671, -0.00605 ], [ 37.05664, -0.00612 ], [ 37.05637, -0.00637 ], [ 37.05609, -0.00663 ], [ 37.05577, -0.00694 ], [ 37.05549, -0.00722 ], [ 37.05516, -0.00756 ], [ 37.05468, -0.00803 ], [ 37.05423, -0.00843 ], [ 37.05387, -0.00877 ], [ 37.05431, -0.00902 ], [ 37.05385, -0.00946 ], [ 37.05287, -0.01026 ], [ 37.05274, -0.01051 ], [ 37.05315, -0.0121 ], [ 37.05332, -0.01338 ], [ 37.0533, -0.01406 ], [ 37.05302, -0.01494 ], [ 37.05121, -0.01748 ], [ 37.04914, -0.02002 ], [ 37.04855, -0.02076 ], [ 37.04343, -0.02718 ], [ 37.03988, -0.03162 ], [ 37.03927, -0.03237 ], [ 37.03904, -0.03222 ], [ 37.03892, -0.03213 ], [ 37.03866, -0.03245 ], [ 37.03475, -0.03734 ], [ 37.03471, -0.03738 ], [ 37.03487, -0.03767 ], [ 37.03492, -0.03776 ], [ 37.02831, -0.04594 ], [ 37.02808, -0.04624 ], [ 37.02807, -0.04631 ], [ 37.02801, -0.04705 ], [ 37.02783, -0.04843 ], [ 37.02772, -0.0487 ], [ 37.0276, -0.04901 ], [ 37.0273, -0.04956 ], [ 37.02692, -0.04991 ], [ 37.02607, -0.05047 ], [ 37.02376, -0.05177 ], [ 37.01797, -0.05502 ], [ 37.01357, -0.0575 ], [ 37.00259, -0.06368 ], [ 37.00068, -0.06476 ], [ 37.00004, -0.06451 ], [ 36.99862, -0.0653 ], [ 36.99792, -0.06554 ], [ 36.9971, -0.06572 ], [ 36.99588, -0.06594 ], [ 36.99399, -0.06617 ], [ 36.99333, -0.06625 ], [ 36.99271, -0.06632 ], [ 36.99163, -0.06644 ], [ 36.99071, -0.06661 ], [ 36.99007, -0.06691 ], [ 36.98954, -0.06728 ], [ 36.98893, -0.06785 ], [ 36.98844, -0.06842 ], [ 36.98769, -0.06919 ], [ 36.98741, -0.06943 ], [ 36.98723, -0.06951 ], [ 36.98692, -0.06969 ], [ 36.98649, -0.06972 ], [ 36.98465, -0.06966 ], [ 36.98309, -0.06956 ], [ 36.98219, -0.06954 ], [ 36.98163, -0.06959 ], [ 36.98109, -0.06972 ], [ 36.98071, -0.06991 ], [ 36.98049, -0.07002 ], [ 36.98026, -0.07019 ], [ 36.98012, -0.0703 ], [ 36.97981, -0.07054 ], [ 36.97955, -0.07075 ], [ 36.97943, -0.07087 ], [ 36.9793, -0.07071 ], [ 36.97892, -0.07112 ], [ 36.97844, -0.07198 ], [ 36.97833, -0.07268 ], [ 36.97841, -0.07321 ], [ 36.97848, -0.07347 ], [ 36.97883, -0.07394 ], [ 36.97925, -0.07466 ], [ 36.97949, -0.07521 ], [ 36.97949, -0.07563 ], [ 36.97925, -0.07616 ], [ 36.97888, -0.07675 ], [ 36.97864, -0.0773 ], [ 36.97864, -0.07796 ], [ 36.97894, -0.07904 ], [ 36.98024, -0.08469 ], [ 36.98146, -0.09035 ], [ 36.98163, -0.09035 ], [ 36.98208, -0.09246 ], [ 36.98245, -0.09392 ], [ 36.98292, -0.0962 ], [ 36.98302, -0.09686 ], [ 36.98311, -0.09764 ], [ 36.98321, -0.09891 ], [ 36.98358, -0.10343 ], [ 36.98368, -0.10469 ], [ 36.98371, -0.10498 ], [ 36.98371, -0.105 ], [ 36.98349, -0.10486 ], [ 36.98376, -0.10835 ], [ 36.98431, -0.11513 ], [ 36.98437, -0.11591 ], [ 36.98479, -0.12111 ], [ 36.98532, -0.129 ], [ 36.98541, -0.13025 ], [ 36.98556, -0.1308 ], [ 36.98572, -0.13113 ], [ 36.98615, -0.1318 ], [ 36.98627, -0.13224 ], [ 36.98627, -0.13289 ], [ 36.98615, -0.13361 ], [ 36.98646, -0.13349 ], [ 36.98654, -0.13383 ], [ 36.98657, -0.13392 ], [ 36.98662, -0.13412 ], [ 36.98683, -0.13432 ], [ 36.98709, -0.13448 ], [ 36.98726, -0.13454 ], [ 36.98786, -0.1345 ], [ 36.9883, -0.13449 ], [ 36.989, -0.13449 ], [ 36.98955, -0.1345 ], [ 36.98988, -0.13457 ], [ 36.99019, -0.13474 ], [ 36.99046, -0.13501 ], [ 36.99073, -0.13542 ], [ 36.99091, -0.13572 ], [ 36.99131, -0.13612 ], [ 36.99154, -0.13633 ], [ 36.99176, -0.13659 ], [ 36.99195, -0.13688 ], [ 36.99211, -0.13701 ], [ 36.9923, -0.13701 ], [ 36.99246, -0.13699 ], [ 36.99267, -0.13695 ], [ 36.99284, -0.13695 ], [ 36.99306, -0.13701 ], [ 36.99325, -0.13717 ], [ 36.99329, -0.13734 ], [ 36.99328, -0.13753 ], [ 36.9932, -0.13775 ], [ 36.99317, -0.13802 ], [ 36.99334, -0.13811 ], [ 36.99366, -0.13807 ], [ 36.99403, -0.13804 ], [ 36.99432, -0.13805 ], [ 36.9946, -0.13817 ], [ 36.99474, -0.1383 ], [ 36.99474, -0.13845 ], [ 36.99466, -0.13859 ], [ 36.99448, -0.13864 ], [ 36.99393, -0.13872 ], [ 36.99363, -0.13875 ], [ 36.99344, -0.13886 ], [ 36.99343, -0.13901 ], [ 36.99343, -0.13915 ], [ 36.99356, -0.1393 ], [ 36.99366, -0.13948 ], [ 36.99369, -0.13966 ], [ 36.99369, -0.13982 ], [ 36.99373, -0.13996 ], [ 36.99384, -0.1401 ], [ 36.99402, -0.14013 ], [ 36.99418, -0.14014 ], [ 36.99442, -0.14002 ], [ 36.99502, -0.13976 ], [ 36.99577, -0.13941 ], [ 36.99628, -0.13911 ], [ 36.99646, -0.13895 ], [ 36.99652, -0.13876 ], [ 36.99654, -0.13854 ], [ 36.99661, -0.13826 ], [ 36.99677, -0.13806 ], [ 36.99701, -0.1379 ], [ 36.9972, -0.13788 ], [ 36.99735, -0.13798 ], [ 36.99746, -0.13818 ], [ 36.99746, -0.1384 ], [ 36.99747, -0.1387 ], [ 36.99761, -0.13892 ], [ 36.9978, -0.13899 ], [ 36.99798, -0.13895 ], [ 36.99818, -0.13883 ], [ 36.9983, -0.13861 ], [ 36.99831, -0.13841 ], [ 36.99832, -0.13822 ], [ 36.9984, -0.13806 ], [ 36.9986, -0.13795 ], [ 36.99886, -0.13794 ], [ 36.99911, -0.13797 ], [ 36.99929, -0.13815 ], [ 36.99929, -0.13828 ], [ 36.99923, -0.13843 ], [ 36.99904, -0.13854 ], [ 36.99882, -0.13864 ], [ 36.99867, -0.13874 ], [ 36.99863, -0.13887 ], [ 36.9987, -0.139 ], [ 36.99887, -0.13914 ], [ 36.99908, -0.13915 ], [ 36.99926, -0.13915 ], [ 36.99945, -0.13919 ], [ 36.99946, -0.13948 ], [ 36.99956, -0.13967 ], [ 36.99975, -0.13974 ], [ 36.99997, -0.13979 ], [ 37.00015, -0.13988 ], [ 37.00035, -0.1399 ], [ 37.00051, -0.13985 ], [ 37.00057, -0.13971 ], [ 37.00067, -0.13958 ], [ 37.00083, -0.13979 ], [ 37.00093, -0.1399 ], [ 37.00092, -0.14032 ], [ 37.00092, -0.14036 ], [ 37.001, -0.14078 ], [ 37.0012, -0.14123 ], [ 37.00136, -0.14156 ], [ 37.00156, -0.14202 ], [ 37.0017, -0.14236 ], [ 37.00195, -0.14263 ], [ 37.00221, -0.14273 ], [ 37.00248, -0.14283 ], [ 37.00304, -0.14301 ], [ 37.0035, -0.14323 ], [ 37.00366, -0.14341 ], [ 37.00371, -0.14366 ], [ 37.0037, -0.14393 ], [ 37.00378, -0.14417 ], [ 37.00406, -0.14439 ], [ 37.00433, -0.14451 ], [ 37.00451, -0.14455 ], [ 37.0047, -0.14463 ], [ 37.00482, -0.14484 ], [ 37.00481, -0.14504 ], [ 37.0047, -0.14532 ], [ 37.0047, -0.14552 ], [ 37.00474, -0.14574 ], [ 37.00488, -0.14591 ], [ 37.00513, -0.14617 ], [ 37.00536, -0.14627 ], [ 37.00553, -0.14628 ], [ 37.00567, -0.14619 ], [ 37.00587, -0.14595 ], [ 37.00599, -0.14579 ], [ 37.00613, -0.14565 ], [ 37.00639, -0.14566 ], [ 37.00662, -0.14572 ], [ 37.00681, -0.14577 ], [ 37.00702, -0.14577 ], [ 37.00725, -0.14586 ], [ 37.00745, -0.14607 ], [ 37.00763, -0.14626 ], [ 37.00796, -0.14637 ], [ 37.00819, -0.14643 ], [ 37.00856, -0.14643 ], [ 37.0088, -0.14644 ], [ 37.00904, -0.14648 ], [ 37.0092, -0.14656 ], [ 37.00937, -0.14674 ], [ 37.00948, -0.14697 ], [ 37.00964, -0.14736 ], [ 37.01, -0.14778 ], [ 37.01032, -0.14819 ], [ 37.01048, -0.1485 ], [ 37.01055, -0.14877 ], [ 37.01053, -0.14903 ], [ 37.01054, -0.14926 ], [ 37.01073, -0.14951 ], [ 37.01107, -0.14994 ], [ 37.01117, -0.15007 ], [ 37.01128, -0.15029 ], [ 37.01126, -0.15047 ], [ 37.01113, -0.15074 ], [ 37.01091, -0.15089 ], [ 37.01071, -0.15117 ], [ 37.01061, -0.15142 ], [ 37.01058, -0.15172 ], [ 37.01057, -0.15191 ], [ 37.01059, -0.15223 ], [ 37.01071, -0.1525 ], [ 37.01096, -0.15288 ], [ 37.01118, -0.15325 ], [ 37.01128, -0.15351 ], [ 37.01128, -0.15376 ], [ 37.01126, -0.15399 ], [ 37.01126, -0.15433 ], [ 37.01138, -0.15463 ], [ 37.01153, -0.15479 ], [ 37.0116, -0.15487 ], [ 37.01165, -0.15491 ], [ 37.01195, -0.15511 ], [ 37.01226, -0.15525 ], [ 37.01245, -0.15536 ], [ 37.01266, -0.1555 ], [ 37.01276, -0.15569 ], [ 37.01296, -0.15611 ], [ 37.01309, -0.15627 ], [ 37.01344, -0.15644 ], [ 37.01377, -0.15651 ], [ 37.01427, -0.15655 ], [ 37.01466, -0.15655 ], [ 37.01502, -0.15653 ], [ 37.01488, -0.16022 ], [ 37.01486, -0.16045 ], [ 37.01502, -0.16059 ], [ 37.01536, -0.16096 ], [ 37.01574, -0.16135 ], [ 37.01636, -0.16257 ], [ 37.01648, -0.16281 ], [ 37.0165, -0.16283 ], [ 37.01688, -0.16383 ], [ 37.01742, -0.16521 ], [ 37.01742, -0.16521 ], [ 37.01739, -0.16521 ], [ 37.01735, -0.16521 ], [ 37.01729, -0.16523 ], [ 37.01732, -0.16532 ], [ 37.01733, -0.16534 ], [ 37.0183, -0.16804 ], [ 37.01842, -0.16837 ], [ 37.01872, -0.16915 ], [ 37.0189, -0.1696 ], [ 37.01899, -0.16983 ], [ 37.01909, -0.17015 ], [ 37.01935, -0.17092 ], [ 37.01936, -0.17094 ], [ 37.01966, -0.17177 ], [ 37.01976, -0.17206 ], [ 37.01978, -0.17211 ], [ 37.01983, -0.17227 ], [ 37.01987, -0.1724 ], [ 37.02003, -0.17292 ], [ 37.0201, -0.17314 ], [ 37.02018, -0.17348 ], [ 37.02026, -0.1738 ], [ 37.0203, -0.17399 ], [ 37.02049, -0.17459 ], [ 37.02069, -0.17524 ], [ 37.0208, -0.17585 ], [ 37.02081, -0.17616 ], [ 37.02082, -0.17638 ], [ 37.02085, -0.17696 ], [ 37.02088, -0.17813 ], [ 37.02089, -0.17872 ], [ 37.02067, -0.17961 ], [ 37.02061, -0.17986 ], [ 37.02043, -0.18056 ], [ 37.02013, -0.18181 ], [ 37.01987, -0.18287 ], [ 37.01965, -0.18385 ], [ 37.01946, -0.18461 ], [ 37.01929, -0.18534 ], [ 37.01902, -0.18651 ], [ 37.01889, -0.18705 ], [ 37.01871, -0.18774 ], [ 37.01856, -0.18837 ], [ 37.01838, -0.18908 ], [ 37.01837, -0.18916 ], [ 37.01827, -0.18953 ], [ 37.01814, -0.19008 ], [ 37.01805, -0.19044 ], [ 37.01779, -0.19146 ], [ 37.01759, -0.19226 ], [ 37.01747, -0.19276 ], [ 37.01737, -0.19321 ], [ 37.01717, -0.1941 ], [ 37.01712, -0.19431 ], [ 37.01698, -0.19487 ], [ 37.01685, -0.19545 ], [ 37.01665, -0.19626 ], [ 37.01648, -0.19691 ], [ 37.01633, -0.19753 ], [ 37.01619, -0.19807 ], [ 37.01606, -0.19862 ], [ 37.01592, -0.19915 ], [ 37.01586, -0.19939 ], [ 37.01576, -0.19977 ], [ 37.01455, -0.20757 ], [ 37.01377, -0.20859 ], [ 37.01323, -0.20927 ], [ 37.01272, -0.20991 ], [ 37.012, -0.21084 ], [ 37.01177, -0.2118 ], [ 37.0114, -0.2133 ], [ 37.00966, -0.22043 ], [ 37.00939, -0.22153 ], [ 37.00913, -0.22257 ], [ 37.00906, -0.22291 ], [ 37.00906, -0.22324 ], [ 37.00913, -0.22363 ], [ 37.00935, -0.22418 ], [ 37.011, -0.22668 ], [ 37.01263, -0.22898 ], [ 37.0134, -0.23011 ], [ 37.01372, -0.23061 ], [ 37.0141, -0.23131 ], [ 37.01428, -0.23171 ], [ 37.01435, -0.23205 ], [ 37.01436, -0.23252 ], [ 37.01435, -0.2326 ], [ 37.0143, -0.233 ], [ 37.01419, -0.23315 ], [ 37.01397, -0.2335 ], [ 37.01387, -0.23362 ], [ 37.01363, -0.23389 ], [ 37.01358, -0.23395 ], [ 37.01335, -0.23418 ], [ 37.01314, -0.23437 ], [ 37.01297, -0.23452 ], [ 37.01275, -0.23467 ], [ 37.01254, -0.2349 ], [ 37.01239, -0.23512 ], [ 37.01232, -0.2354 ], [ 37.01231, -0.23568 ], [ 37.0123, -0.23625 ], [ 37.0123, -0.2366 ], [ 37.01237, -0.23695 ], [ 37.01246, -0.2372 ], [ 37.01243, -0.23738 ], [ 37.01236, -0.23761 ], [ 37.01219, -0.23788 ], [ 37.01197, -0.23821 ], [ 37.01178, -0.23855 ], [ 37.01173, -0.23882 ], [ 37.01171, -0.23919 ], [ 37.01178, -0.2395 ], [ 37.01189, -0.23979 ], [ 37.01194, -0.24 ], [ 37.01196, -0.24028 ], [ 37.01184, -0.24058 ], [ 37.01163, -0.24106 ], [ 37.01147, -0.2414 ], [ 37.01141, -0.24161 ], [ 37.01138, -0.24179 ], [ 37.01138, -0.24196 ], [ 37.01138, -0.24212 ], [ 37.01139, -0.24231 ], [ 37.01142, -0.24246 ], [ 37.01143, -0.24261 ], [ 37.01131, -0.24273 ], [ 37.01118, -0.24285 ], [ 37.01093, -0.24287 ], [ 37.01088, -0.2428 ], [ 37.01081, -0.24272 ], [ 37.01075, -0.24256 ], [ 37.01075, -0.24254 ], [ 37.0107, -0.24245 ], [ 37.0107, -0.24244 ], [ 37.01067, -0.24238 ], [ 37.01051, -0.24236 ], [ 37.01041, -0.24246 ], [ 37.01033, -0.24256 ], [ 37.0102, -0.24261 ], [ 37.01006, -0.24261 ], [ 37.00989, -0.24256 ], [ 37.0098, -0.24244 ], [ 37.00968, -0.24225 ], [ 37.00956, -0.24208 ], [ 37.0094, -0.24205 ], [ 37.00919, -0.24205 ], [ 37.00904, -0.24214 ], [ 37.00887, -0.24231 ], [ 37.0087, -0.24249 ], [ 37.00864, -0.24274 ], [ 37.00858, -0.24289 ], [ 37.00839, -0.24298 ], [ 37.00823, -0.24295 ], [ 37.00805, -0.24283 ], [ 37.00787, -0.24278 ], [ 37.00775, -0.24285 ], [ 37.00763, -0.24301 ], [ 37.00758, -0.24325 ], [ 37.00751, -0.24356 ], [ 37.00752, -0.2438 ], [ 37.0075, -0.24394 ], [ 37.0074, -0.24405 ], [ 37.00721, -0.2441 ], [ 37.00699, -0.24418 ], [ 37.00677, -0.24434 ], [ 37.00667, -0.24453 ], [ 37.00669, -0.24486 ], [ 37.00661, -0.24514 ], [ 37.00662, -0.24533 ], [ 37.00671, -0.2455 ], [ 37.00683, -0.24573 ], [ 37.0067, -0.24592 ], [ 37.00669, -0.24594 ], [ 37.00664, -0.24595 ], [ 37.00662, -0.24595 ], [ 37.00655, -0.24596 ], [ 37.00655, -0.24596 ], [ 37.00646, -0.24597 ], [ 37.00644, -0.24598 ], [ 37.00637, -0.24596 ], [ 37.00625, -0.24593 ], [ 37.00621, -0.24592 ], [ 37.00592, -0.24574 ], [ 37.00586, -0.24571 ], [ 37.00553, -0.24537 ], [ 37.00547, -0.24535 ], [ 37.00539, -0.24532 ], [ 37.00518, -0.24537 ], [ 37.00493, -0.24554 ], [ 37.00469, -0.24585 ], [ 37.00437, -0.24634 ], [ 37.0041, -0.24665 ], [ 37.00399, -0.24693 ], [ 37.00398, -0.24718 ], [ 37.00398, -0.24766 ], [ 37.00401, -0.24792 ], [ 37.00402, -0.24793 ], [ 37.00406, -0.24794 ], [ 37.00414, -0.24798 ], [ 37.00415, -0.24798 ], [ 37.00429, -0.24803 ], [ 37.00432, -0.24804 ], [ 37.00433, -0.24804 ], [ 37.00432, -0.24809 ], [ 37.0043, -0.24818 ], [ 37.00417, -0.24834 ], [ 37.00409, -0.24844 ], [ 37.00404, -0.2485 ], [ 37.00392, -0.24871 ], [ 37.00391, -0.24875 ], [ 37.00386, -0.24891 ], [ 37.00378, -0.24919 ], [ 37.00365, -0.24937 ], [ 37.00349, -0.24951 ], [ 37.00325, -0.24955 ], [ 37.00324, -0.24955 ], [ 37.0029, -0.24954 ], [ 37.00253, -0.24949 ], [ 37.00236, -0.24949 ], [ 37.00216, -0.24955 ], [ 37.00206, -0.24969 ], [ 37.00206, -0.24983 ], [ 37.00201, -0.25005 ], [ 37.00177, -0.25031 ], [ 37.00126, -0.25075 ], [ 37.00102, -0.25102 ], [ 37.00077, -0.25128 ], [ 37.00056, -0.25162 ], [ 37.0003, -0.25198 ], [ 36.99997, -0.25228 ], [ 36.99959, -0.25256 ], [ 36.99932, -0.25273 ], [ 36.99925, -0.25292 ], [ 36.99916, -0.25308 ], [ 36.99897, -0.25323 ], [ 36.99875, -0.25331 ], [ 36.99851, -0.25329 ], [ 36.99845, -0.25328 ], [ 36.99843, -0.25328 ], [ 36.99839, -0.25327 ], [ 36.99831, -0.25326 ], [ 36.99815, -0.2533 ], [ 36.99805, -0.25345 ], [ 36.99785, -0.25351 ], [ 36.99769, -0.25351 ], [ 36.99719, -0.25349 ], [ 36.99699, -0.25355 ], [ 36.99684, -0.25367 ], [ 36.99637, -0.25392 ], [ 36.9961, -0.25394 ], [ 36.9961, -0.25394 ], [ 36.99593, -0.25383 ], [ 36.99586, -0.25379 ], [ 36.99571, -0.2537 ], [ 36.99564, -0.2537 ], [ 36.99555, -0.2537 ], [ 36.99541, -0.25371 ], [ 36.99512, -0.25384 ], [ 36.99483, -0.25399 ], [ 36.99461, -0.25411 ], [ 36.99439, -0.25423 ], [ 36.99413, -0.25429 ], [ 36.99396, -0.25432 ], [ 36.99391, -0.25433 ], [ 36.99384, -0.25435 ], [ 36.99368, -0.25439 ], [ 36.99368, -0.25439 ], [ 36.99367, -0.25439 ], [ 36.99363, -0.25442 ], [ 36.99362, -0.25443 ], [ 36.99357, -0.25447 ], [ 36.99352, -0.2545 ], [ 36.99343, -0.25457 ], [ 36.99319, -0.25487 ], [ 36.99318, -0.25488 ], [ 36.99308, -0.25514 ], [ 36.99304, -0.25541 ], [ 36.99295, -0.25568 ], [ 36.99282, -0.25585 ], [ 36.99278, -0.2559 ], [ 36.99251, -0.25604 ], [ 36.99219, -0.25607 ], [ 36.99191, -0.25608 ], [ 36.99182, -0.25611 ], [ 36.9916, -0.25618 ], [ 36.99159, -0.25619 ], [ 36.99118, -0.25622 ], [ 36.99098, -0.25624 ], [ 36.9908, -0.25633 ], [ 36.99078, -0.25634 ], [ 36.99063, -0.25646 ], [ 36.99044, -0.25665 ], [ 36.99023, -0.25684 ], [ 36.99014, -0.25692 ], [ 36.99, -0.25709 ], [ 36.98992, -0.25723 ], [ 36.98981, -0.25738 ], [ 36.98967, -0.25744 ], [ 36.98946, -0.25745 ], [ 36.98918, -0.25748 ], [ 36.98905, -0.25759 ], [ 36.98885, -0.25774 ], [ 36.98868, -0.25787 ], [ 36.98813, -0.25833 ], [ 36.98806, -0.25836 ], [ 36.98784, -0.25845 ], [ 36.98781, -0.25844 ], [ 36.98765, -0.25841 ], [ 36.98758, -0.2583 ], [ 36.98756, -0.25827 ], [ 36.98742, -0.25811 ], [ 36.98731, -0.25805 ], [ 36.98731, -0.25805 ], [ 36.9873, -0.25804 ], [ 36.98725, -0.25801 ], [ 36.98718, -0.258 ], [ 36.98689, -0.258 ], [ 36.98639, -0.25799 ], [ 36.98521, -0.25797 ], [ 36.98475, -0.25795 ], [ 36.98448, -0.25793 ], [ 36.98426, -0.2578 ], [ 36.98425, -0.2578 ], [ 36.98408, -0.25769 ], [ 36.98383, -0.25764 ], [ 36.98379, -0.25763 ], [ 36.9835, -0.25755 ], [ 36.98323, -0.25742 ], [ 36.98296, -0.25714 ], [ 36.98292, -0.2571 ], [ 36.98266, -0.25684 ], [ 36.98251, -0.25663 ], [ 36.98241, -0.25654 ], [ 36.98234, -0.25648 ], [ 36.98218, -0.25647 ], [ 36.98202, -0.25644 ], [ 36.98199, -0.25644 ], [ 36.98186, -0.25635 ], [ 36.98183, -0.25632 ], [ 36.98178, -0.25629 ], [ 36.98169, -0.25623 ], [ 36.98158, -0.25626 ], [ 36.98153, -0.25627 ], [ 36.9815, -0.25647 ], [ 36.98148, -0.25665 ], [ 36.98137, -0.25677 ], [ 36.98122, -0.25683 ], [ 36.98114, -0.25685 ], [ 36.98104, -0.25687 ], [ 36.9809, -0.25687 ], [ 36.98085, -0.25684 ], [ 36.98074, -0.25676 ], [ 36.98067, -0.25675 ], [ 36.98057, -0.25673 ], [ 36.98048, -0.25674 ], [ 36.98038, -0.25675 ], [ 36.98032, -0.25675 ], [ 36.9803, -0.25675 ], [ 36.98025, -0.25676 ], [ 36.98007, -0.25671 ], [ 36.97983, -0.25653 ], [ 36.97974, -0.25631 ], [ 36.97973, -0.25609 ], [ 36.97972, -0.25606 ], [ 36.97971, -0.25591 ], [ 36.97966, -0.25588 ], [ 36.97963, -0.25587 ], [ 36.97958, -0.25584 ], [ 36.97954, -0.25584 ], [ 36.97933, -0.25588 ], [ 36.97929, -0.25591 ], [ 36.97909, -0.25606 ], [ 36.97867, -0.25629 ], [ 36.97838, -0.25638 ], [ 36.97822, -0.25638 ], [ 36.97812, -0.25638 ], [ 36.97793, -0.25635 ], [ 36.97775, -0.25625 ], [ 36.97753, -0.25619 ], [ 36.97735, -0.25619 ], [ 36.97712, -0.25624 ], [ 36.97687, -0.25631 ], [ 36.97665, -0.2563 ], [ 36.97642, -0.25625 ], [ 36.97632, -0.25625 ], [ 36.97621, -0.25624 ], [ 36.9762, -0.25625 ], [ 36.97607, -0.25634 ], [ 36.97606, -0.25636 ], [ 36.97591, -0.2565 ], [ 36.97584, -0.2567 ], [ 36.97581, -0.25683 ], [ 36.97579, -0.25693 ], [ 36.97574, -0.25713 ], [ 36.9756, -0.25744 ], [ 36.97542, -0.25763 ], [ 36.97525, -0.25778 ], [ 36.97521, -0.25779 ], [ 36.97502, -0.25783 ], [ 36.97479, -0.25782 ], [ 36.97462, -0.25776 ], [ 36.97461, -0.25776 ], [ 36.97451, -0.25776 ], [ 36.97446, -0.25776 ], [ 36.97432, -0.25778 ], [ 36.97416, -0.25786 ], [ 36.97395, -0.25799 ], [ 36.9737, -0.25804 ], [ 36.97348, -0.25804 ], [ 36.97323, -0.25804 ], [ 36.97312, -0.25812 ], [ 36.9731, -0.25816 ], [ 36.97304, -0.25826 ], [ 36.9729, -0.25837 ], [ 36.9727, -0.25837 ], [ 36.97245, -0.2584 ], [ 36.97224, -0.2584 ], [ 36.97211, -0.25833 ], [ 36.97192, -0.25825 ], [ 36.97183, -0.25838 ], [ 36.97178, -0.25845 ], [ 36.97176, -0.25854 ], [ 36.97174, -0.25867 ], [ 36.97155, -0.2587 ], [ 36.97152, -0.2587 ], [ 36.97144, -0.25856 ], [ 36.97141, -0.25842 ], [ 36.9714, -0.25841 ], [ 36.97134, -0.25831 ], [ 36.97122, -0.25824 ], [ 36.97121, -0.25824 ], [ 36.97107, -0.25823 ], [ 36.97102, -0.25822 ], [ 36.97087, -0.25824 ], [ 36.97086, -0.25824 ], [ 36.97078, -0.25841 ], [ 36.97078, -0.25845 ], [ 36.97081, -0.25861 ], [ 36.9708, -0.25883 ], [ 36.97071, -0.259 ], [ 36.97055, -0.25909 ], [ 36.97036, -0.25914 ], [ 36.97023, -0.25928 ], [ 36.97011, -0.25945 ], [ 36.96996, -0.25963 ], [ 36.96991, -0.25973 ], [ 36.96987, -0.2598 ], [ 36.96984, -0.25987 ], [ 36.9698, -0.25996 ], [ 36.96979, -0.26001 ], [ 36.96976, -0.26015 ], [ 36.96974, -0.26017 ], [ 36.96965, -0.26027 ], [ 36.96955, -0.26038 ], [ 36.9695, -0.26043 ], [ 36.96944, -0.26058 ], [ 36.96946, -0.26076 ], [ 36.96953, -0.26089 ], [ 36.96953, -0.26089 ], [ 36.96962, -0.26104 ], [ 36.96964, -0.26125 ], [ 36.96965, -0.26128 ], [ 36.96966, -0.26133 ], [ 36.96969, -0.26145 ], [ 36.96972, -0.26148 ], [ 36.96986, -0.26157 ], [ 36.96993, -0.26176 ], [ 36.96994, -0.26192 ], [ 36.96984, -0.26201 ], [ 36.96967, -0.26209 ], [ 36.96958, -0.2623 ], [ 36.96955, -0.26259 ], [ 36.96951, -0.26308 ], [ 36.96937, -0.26406 ], [ 36.96928, -0.26438 ], [ 36.96926, -0.26442 ], [ 36.96913, -0.26469 ], [ 36.96887, -0.26517 ], [ 36.96875, -0.26533 ], [ 36.96841, -0.26576 ], [ 36.9683, -0.26586 ], [ 36.96816, -0.26599 ], [ 36.96814, -0.26601 ], [ 36.96792, -0.26623 ], [ 36.9679, -0.2663 ], [ 36.96789, -0.26638 ], [ 36.96793, -0.26654 ], [ 36.96801, -0.26669 ], [ 36.96848, -0.26718 ], [ 36.96865, -0.2673 ], [ 36.96888, -0.26746 ], [ 36.96909, -0.26759 ], [ 36.9693, -0.26782 ], [ 36.96934, -0.26793 ], [ 36.96938, -0.26805 ], [ 36.96957, -0.26826 ], [ 36.96974, -0.26828 ], [ 36.96996, -0.26832 ], [ 36.97, -0.26833 ], [ 36.97015, -0.2684 ], [ 36.97017, -0.26842 ], [ 36.97026, -0.26855 ], [ 36.97026, -0.26856 ], [ 36.97027, -0.26877 ], [ 36.97021, -0.269 ], [ 36.9702, -0.26905 ], [ 36.97019, -0.26907 ], [ 36.97019, -0.26908 ], [ 36.97007, -0.26933 ], [ 36.97002, -0.26943 ], [ 36.96979, -0.26993 ], [ 36.96976, -0.26999 ], [ 36.96975, -0.27001 ], [ 36.96975, -0.27003 ], [ 36.96965, -0.27037 ], [ 36.96965, -0.27038 ], [ 36.96958, -0.27061 ], [ 36.9695, -0.27075 ], [ 36.96947, -0.2708 ], [ 36.96927, -0.27107 ], [ 36.96899, -0.27137 ], [ 36.96884, -0.2715 ], [ 36.96875, -0.27157 ], [ 36.96856, -0.27168 ], [ 36.96848, -0.27172 ], [ 36.96838, -0.27177 ], [ 36.96824, -0.27173 ], [ 36.96812, -0.27161 ], [ 36.96807, -0.27152 ], [ 36.96805, -0.2715 ], [ 36.96803, -0.27146 ], [ 36.96803, -0.27146 ], [ 36.96803, -0.27141 ], [ 36.96802, -0.27125 ], [ 36.96796, -0.27105 ], [ 36.96782, -0.27097 ], [ 36.96781, -0.27096 ], [ 36.96781, -0.27096 ], [ 36.96777, -0.27094 ], [ 36.96753, -0.2709 ], [ 36.96729, -0.27094 ], [ 36.96726, -0.27096 ], [ 36.96711, -0.27107 ], [ 36.967, -0.27116 ], [ 36.96699, -0.27117 ], [ 36.9668, -0.27117 ], [ 36.96662, -0.27113 ], [ 36.96661, -0.27113 ], [ 36.96648, -0.27115 ], [ 36.96636, -0.27122 ], [ 36.96629, -0.27134 ], [ 36.96625, -0.27141 ], [ 36.96616, -0.27156 ], [ 36.96615, -0.27159 ], [ 36.9661, -0.27168 ], [ 36.96599, -0.27175 ], [ 36.96598, -0.27176 ], [ 36.96593, -0.2718 ], [ 36.9659, -0.27179 ], [ 36.96581, -0.27179 ], [ 36.96574, -0.27179 ], [ 36.96559, -0.27167 ], [ 36.96539, -0.27157 ], [ 36.96535, -0.27157 ], [ 36.96525, -0.27157 ], [ 36.9652, -0.27158 ], [ 36.9652, -0.27158 ], [ 36.96505, -0.27172 ], [ 36.96485, -0.27214 ], [ 36.9648, -0.27226 ], [ 36.96471, -0.27246 ], [ 36.96471, -0.27247 ], [ 36.96461, -0.27261 ], [ 36.96455, -0.2727 ], [ 36.96451, -0.27272 ], [ 36.96439, -0.27279 ], [ 36.96414, -0.27279 ], [ 36.96391, -0.27272 ], [ 36.96391, -0.27272 ], [ 36.96364, -0.27271 ], [ 36.96345, -0.27273 ], [ 36.96325, -0.27279 ], [ 36.96302, -0.27295 ], [ 36.9628, -0.27318 ], [ 36.96268, -0.27344 ], [ 36.96266, -0.27347 ], [ 36.96266, -0.27348 ], [ 36.96266, -0.27354 ], [ 36.96266, -0.27364 ], [ 36.96265, -0.27378 ], [ 36.96267, -0.27418 ], [ 36.96269, -0.27428 ], [ 36.96274, -0.27454 ], [ 36.96276, -0.27484 ], [ 36.96278, -0.27498 ], [ 36.96271, -0.27527 ], [ 36.96257, -0.27547 ], [ 36.96251, -0.27552 ], [ 36.9624, -0.27564 ], [ 36.96232, -0.27584 ], [ 36.96231, -0.27614 ], [ 36.96231, -0.27618 ], [ 36.96231, -0.27632 ], [ 36.9623, -0.27649 ], [ 36.96218, -0.27664 ], [ 36.9621, -0.27665 ], [ 36.96209, -0.27665 ], [ 36.96207, -0.27665 ], [ 36.9619, -0.27667 ], [ 36.9619, -0.27667 ], [ 36.96185, -0.27665 ], [ 36.96164, -0.27658 ], [ 36.96138, -0.27655 ], [ 36.96113, -0.27667 ], [ 36.96109, -0.27669 ], [ 36.9608, -0.27687 ], [ 36.96063, -0.277 ], [ 36.96048, -0.27713 ], [ 36.96046, -0.27716 ], [ 36.96024, -0.27743 ], [ 36.96018, -0.27765 ], [ 36.9602, -0.27775 ], [ 36.96024, -0.27792 ], [ 36.96036, -0.27826 ], [ 36.96037, -0.27829 ], [ 36.96046, -0.27856 ], [ 36.96049, -0.27864 ], [ 36.96063, -0.27886 ], [ 36.96083, -0.27897 ], [ 36.96109, -0.27906 ], [ 36.9611, -0.27906 ], [ 36.9613, -0.27907 ], [ 36.96143, -0.27916 ], [ 36.96148, -0.27929 ], [ 36.96146, -0.27949 ], [ 36.96141, -0.27961 ], [ 36.96135, -0.27974 ], [ 36.96122, -0.28002 ], [ 36.96111, -0.28025 ], [ 36.96089, -0.28062 ], [ 36.96075, -0.28083 ], [ 36.96058, -0.28102 ], [ 36.9604, -0.2811 ], [ 36.96028, -0.28123 ], [ 36.96023, -0.28143 ], [ 36.96015, -0.28163 ], [ 36.96014, -0.28166 ], [ 36.96014, -0.28167 ], [ 36.96007, -0.28179 ], [ 36.95989, -0.28189 ], [ 36.95971, -0.28196 ], [ 36.95959, -0.28207 ], [ 36.95954, -0.28219 ], [ 36.95951, -0.28227 ], [ 36.9595, -0.28248 ], [ 36.95929, -0.28239 ], [ 36.95757, -0.28187 ], [ 36.95523, -0.28115 ], [ 36.95283, -0.28038 ], [ 36.95092, -0.27985 ], [ 36.94813, -0.27901 ], [ 36.94528, -0.27815 ], [ 36.94362, -0.27762 ], [ 36.94164, -0.27708 ], [ 36.94086, -0.27683 ], [ 36.93825, -0.276 ], [ 36.93488, -0.27511 ], [ 36.93262, -0.27441 ], [ 36.92879, -0.27319 ], [ 36.92587, -0.27239 ], [ 36.92407, -0.27186 ], [ 36.92282, -0.27148 ], [ 36.91836, -0.27022 ], [ 36.91652, -0.26968 ], [ 36.9141, -0.26898 ], [ 36.91355, -0.26882 ], [ 36.91141, -0.2682 ], [ 36.90949, -0.26761 ], [ 36.90549, -0.26634 ], [ 36.90484, -0.26618 ], [ 36.90376, -0.26588 ], [ 36.90201, -0.26538 ], [ 36.8998, -0.2647 ], [ 36.89951, -0.26461 ], [ 36.8992, -0.26452 ], [ 36.89838, -0.26432 ], [ 36.8952, -0.26331 ], [ 36.89273, -0.26257 ], [ 36.89075, -0.26198 ], [ 36.88899, -0.26144 ], [ 36.88824, -0.26122 ], [ 36.88802, -0.26116 ], [ 36.88643, -0.26074 ], [ 36.88555, -0.26053 ], [ 36.8845, -0.26016 ], [ 36.88365, -0.2599 ], [ 36.88275, -0.25957 ], [ 36.88145, -0.25921 ], [ 36.8806, -0.25888 ], [ 36.87952, -0.25832 ], [ 36.87855, -0.25771 ], [ 36.87748, -0.25692 ], [ 36.87612, -0.25599 ], [ 36.87501, -0.25497 ], [ 36.87448, -0.25455 ], [ 36.87429, -0.25426 ], [ 36.87411, -0.25391 ], [ 36.87384, -0.25334 ], [ 36.87367, -0.25288 ], [ 36.87361, -0.25278 ], [ 36.87276, -0.25257 ], [ 36.87238, -0.25229 ], [ 36.872, -0.24964 ], [ 36.87166, -0.24753 ], [ 36.87055, -0.24832 ], [ 36.86715, -0.25033 ], [ 36.8665, -0.25074 ], [ 36.86642, -0.25079 ], [ 36.86547, -0.25136 ], [ 36.86381, -0.25244 ], [ 36.86345, -0.25253 ], [ 36.86006, -0.25405 ], [ 36.85996, -0.25409 ], [ 36.85747, -0.25538 ], [ 36.85667, -0.25321 ], [ 36.85652, -0.2528 ], [ 36.85636, -0.2524 ], [ 36.8557, -0.25078 ], [ 36.85494, -0.2489 ], [ 36.85493, -0.24888 ], [ 36.85469, -0.24814 ], [ 36.85432, -0.24723 ], [ 36.85402, -0.24643 ], [ 36.85262, -0.24287 ], [ 36.85054, -0.2374 ], [ 36.84987, -0.23556 ], [ 36.84955, -0.23472 ], [ 36.84848, -0.23181 ], [ 36.84664, -0.22695 ], [ 36.84621, -0.22587 ], [ 36.84431, -0.22096 ], [ 36.84425, -0.2208 ], [ 36.84423, -0.22076 ], [ 36.84315, -0.2178 ], [ 36.84322, -0.21799 ], [ 36.84281, -0.21692 ], [ 36.84184, -0.21441 ], [ 36.84196, -0.21436 ], [ 36.84184, -0.214 ], [ 36.84206, -0.21401 ], [ 36.84215, -0.21387 ], [ 36.84218, -0.21371 ], [ 36.84226, -0.21355 ], [ 36.84236, -0.21337 ], [ 36.84253, -0.21329 ], [ 36.84267, -0.21328 ], [ 36.84286, -0.21328 ], [ 36.84306, -0.21323 ], [ 36.84316, -0.21313 ], [ 36.84333, -0.21294 ], [ 36.84354, -0.21272 ], [ 36.84362, -0.21263 ], [ 36.84368, -0.21255 ], [ 36.84385, -0.21249 ], [ 36.84398, -0.21254 ], [ 36.84408, -0.21279 ], [ 36.84423, -0.21297 ], [ 36.8445, -0.21296 ], [ 36.84472, -0.21284 ], [ 36.84497, -0.21272 ], [ 36.84519, -0.21257 ], [ 36.84539, -0.21248 ], [ 36.84347, -0.20733 ], [ 36.84098, -0.20079 ], [ 36.84003, -0.1986 ], [ 36.8402, -0.1986 ], [ 36.84028, -0.19858 ], [ 36.84031, -0.19858 ], [ 36.8403, -0.19854 ], [ 36.84038, -0.19847 ], [ 36.84043, -0.19843 ], [ 36.84043, -0.19834 ], [ 36.84042, -0.19825 ], [ 36.84041, -0.19816 ], [ 36.84039, -0.19807 ], [ 36.84039, -0.198 ], [ 36.84038, -0.19793 ], [ 36.84046, -0.19778 ], [ 36.84059, -0.19777 ], [ 36.84078, -0.19782 ], [ 36.84107, -0.19799 ], [ 36.8413, -0.19807 ], [ 36.84178, -0.19822 ], [ 36.84209, -0.19831 ], [ 36.84241, -0.1984 ], [ 36.84256, -0.19845 ], [ 36.84292, -0.19856 ], [ 36.84318, -0.19857 ], [ 36.8433, -0.19848 ], [ 36.8433, -0.19847 ], [ 36.84329, -0.19839 ], [ 36.84329, -0.19831 ], [ 36.84328, -0.1982 ], [ 36.84328, -0.19812 ], [ 36.8433, -0.19805 ], [ 36.84334, -0.19797 ], [ 36.84336, -0.19796 ], [ 36.84337, -0.19792 ], [ 36.84354, -0.19788 ], [ 36.84368, -0.19792 ], [ 36.84378, -0.19798 ], [ 36.84383, -0.19801 ], [ 36.84394, -0.19807 ], [ 36.84408, -0.19813 ], [ 36.84424, -0.19812 ], [ 36.84437, -0.19802 ], [ 36.84442, -0.19789 ], [ 36.84448, -0.19772 ], [ 36.84459, -0.19767 ], [ 36.84475, -0.19765 ], [ 36.84484, -0.19768 ], [ 36.84494, -0.19769 ], [ 36.84498, -0.19772 ], [ 36.845, -0.19774 ], [ 36.84501, -0.19777 ], [ 36.84505, -0.1978 ], [ 36.84518, -0.19787 ], [ 36.84536, -0.19787 ], [ 36.84541, -0.19787 ], [ 36.84557, -0.19781 ], [ 36.84561, -0.19777 ], [ 36.84561, -0.19775 ], [ 36.84563, -0.19769 ], [ 36.84563, -0.19762 ], [ 36.84562, -0.19757 ], [ 36.8456, -0.19746 ], [ 36.84559, -0.1974 ], [ 36.84556, -0.19732 ], [ 36.84551, -0.19725 ], [ 36.84546, -0.19718 ], [ 36.84536, -0.19711 ], [ 36.84527, -0.19707 ], [ 36.84514, -0.19701 ], [ 36.84498, -0.19687 ], [ 36.84491, -0.19679 ], [ 36.84489, -0.19673 ], [ 36.84486, -0.19664 ], [ 36.84486, -0.19657 ], [ 36.84488, -0.19651 ], [ 36.84492, -0.19647 ], [ 36.845, -0.19646 ], [ 36.84501, -0.19645 ], [ 36.84516, -0.19642 ], [ 36.84534, -0.19643 ], [ 36.84553, -0.19646 ], [ 36.84574, -0.19642 ], [ 36.8459, -0.19635 ], [ 36.84614, -0.19625 ], [ 36.84629, -0.19618 ], [ 36.84643, -0.19613 ], [ 36.84656, -0.19612 ], [ 36.84674, -0.19616 ], [ 36.84705, -0.1963 ], [ 36.84706, -0.19631 ], [ 36.84726, -0.19638 ], [ 36.8476, -0.19655 ], [ 36.84788, -0.19667 ], [ 36.84806, -0.19681 ], [ 36.84825, -0.197 ], [ 36.84841, -0.19722 ], [ 36.84848, -0.19739 ], [ 36.84859, -0.19748 ], [ 36.8486, -0.19749 ], [ 36.84869, -0.19744 ], [ 36.8487, -0.19741 ], [ 36.84874, -0.1973 ], [ 36.84877, -0.19724 ], [ 36.84882, -0.19717 ], [ 36.84886, -0.19711 ], [ 36.84894, -0.19703 ], [ 36.84895, -0.19702 ], [ 36.84902, -0.19692 ], [ 36.84922, -0.19681 ], [ 36.84943, -0.19682 ], [ 36.8496, -0.19688 ], [ 36.84978, -0.19694 ], [ 36.84985, -0.19695 ], [ 36.84995, -0.19697 ], [ 36.85017, -0.19695 ], [ 36.85037, -0.19695 ], [ 36.85058, -0.19696 ], [ 36.8508, -0.19701 ], [ 36.85094, -0.19712 ], [ 36.85099, -0.19729 ], [ 36.85103, -0.19743 ], [ 36.85108, -0.19749 ], [ 36.85116, -0.19754 ], [ 36.85127, -0.1976 ], [ 36.85128, -0.19766 ], [ 36.8513, -0.19775 ], [ 36.85125, -0.19792 ], [ 36.85118, -0.1981 ], [ 36.85118, -0.19811 ], [ 36.85119, -0.19818 ], [ 36.85124, -0.19827 ], [ 36.85126, -0.19828 ], [ 36.85137, -0.19828 ], [ 36.85139, -0.19827 ], [ 36.85155, -0.19817 ], [ 36.85156, -0.19816 ], [ 36.85163, -0.19809 ], [ 36.85168, -0.19807 ], [ 36.85168, -0.19807 ], [ 36.85172, -0.19804 ], [ 36.85178, -0.19799 ], [ 36.85194, -0.19782 ], [ 36.85197, -0.19778 ], [ 36.85211, -0.19762 ], [ 36.85227, -0.19753 ], [ 36.85228, -0.19753 ], [ 36.85241, -0.19749 ], [ 36.85256, -0.19748 ], [ 36.85274, -0.19751 ], [ 36.85293, -0.19752 ], [ 36.85312, -0.19742 ], [ 36.85322, -0.19735 ], [ 36.85326, -0.19731 ], [ 36.85334, -0.19721 ], [ 36.85338, -0.19718 ], [ 36.85343, -0.19717 ], [ 36.85353, -0.19717 ], [ 36.85362, -0.19718 ], [ 36.85375, -0.19721 ], [ 36.85386, -0.19722 ], [ 36.85405, -0.19728 ], [ 36.85408, -0.19729 ], [ 36.85414, -0.19729 ], [ 36.85431, -0.19729 ], [ 36.85438, -0.19727 ], [ 36.85446, -0.19724 ], [ 36.85449, -0.19721 ], [ 36.85451, -0.19717 ], [ 36.85455, -0.19707 ], [ 36.85452, -0.19692 ], [ 36.85445, -0.19684 ], [ 36.85432, -0.19676 ], [ 36.85426, -0.19676 ], [ 36.85412, -0.19675 ], [ 36.85396, -0.19675 ], [ 36.8538, -0.19675 ], [ 36.85366, -0.19674 ], [ 36.85352, -0.19672 ], [ 36.85341, -0.19667 ], [ 36.85322, -0.19658 ], [ 36.85312, -0.19651 ], [ 36.85307, -0.19642 ], [ 36.85307, -0.19631 ], [ 36.85307, -0.19626 ], [ 36.85309, -0.19619 ], [ 36.8531, -0.19612 ], [ 36.85317, -0.19605 ], [ 36.85323, -0.19595 ], [ 36.85337, -0.19585 ], [ 36.85354, -0.1958 ], [ 36.85373, -0.19573 ], [ 36.85392, -0.19569 ], [ 36.85405, -0.19567 ], [ 36.85414, -0.19566 ], [ 36.8543, -0.19559 ], [ 36.8545, -0.19548 ], [ 36.85472, -0.19537 ], [ 36.85473, -0.19536 ], [ 36.85479, -0.19534 ], [ 36.85491, -0.19531 ], [ 36.85493, -0.19531 ], [ 36.85494, -0.19531 ], [ 36.85512, -0.19532 ], [ 36.85532, -0.19545 ], [ 36.85546, -0.19559 ], [ 36.8556, -0.19574 ], [ 36.85576, -0.19575 ], [ 36.85579, -0.19575 ], [ 36.85593, -0.19565 ], [ 36.85601, -0.19542 ], [ 36.85602, -0.19521 ], [ 36.85602, -0.19513 ], [ 36.85602, -0.19512 ], [ 36.85599, -0.19497 ], [ 36.85594, -0.19484 ], [ 36.85593, -0.19478 ], [ 36.85589, -0.19472 ], [ 36.85583, -0.19466 ], [ 36.85574, -0.19461 ], [ 36.85565, -0.19455 ], [ 36.85556, -0.19449 ], [ 36.85551, -0.19444 ], [ 36.85544, -0.19435 ], [ 36.8554, -0.19425 ], [ 36.8554, -0.19419 ], [ 36.85537, -0.19381 ], [ 36.85535, -0.19368 ], [ 36.85533, -0.19361 ], [ 36.85532, -0.19349 ], [ 36.85527, -0.19336 ], [ 36.85524, -0.19328 ], [ 36.85521, -0.19321 ], [ 36.85515, -0.19308 ], [ 36.85515, -0.19297 ], [ 36.85515, -0.19289 ], [ 36.8552, -0.19275 ], [ 36.85525, -0.19269 ], [ 36.85532, -0.19265 ], [ 36.85536, -0.19263 ], [ 36.85544, -0.19258 ], [ 36.85567, -0.19257 ], [ 36.85589, -0.19257 ], [ 36.85614, -0.19256 ], [ 36.85614, -0.19256 ], [ 36.85628, -0.19252 ], [ 36.85632, -0.19248 ], [ 36.85641, -0.19242 ], [ 36.8565, -0.19236 ], [ 36.85666, -0.19223 ], [ 36.85681, -0.19208 ], [ 36.85696, -0.19194 ], [ 36.85702, -0.1919 ], [ 36.85703, -0.19188 ], [ 36.85715, -0.19177 ], [ 36.8573, -0.19169 ], [ 36.85731, -0.19169 ], [ 36.8576, -0.19157 ], [ 36.85777, -0.19149 ], [ 36.85801, -0.19144 ], [ 36.8582, -0.19134 ], [ 36.8584, -0.19124 ], [ 36.85851, -0.19116 ], [ 36.85854, -0.19113 ], [ 36.8586, -0.19107 ], [ 36.8587, -0.19098 ], [ 36.85876, -0.19092 ], [ 36.85899, -0.19073 ], [ 36.85909, -0.19063 ], [ 36.85912, -0.19059 ], [ 36.85923, -0.19049 ], [ 36.85932, -0.19038 ], [ 36.85936, -0.19035 ], [ 36.85946, -0.19028 ], [ 36.85964, -0.19022 ], [ 36.8599, -0.19014 ], [ 36.85995, -0.19012 ], [ 36.86012, -0.19001 ], [ 36.86014, -0.18998 ], [ 36.86019, -0.18984 ], [ 36.86023, -0.18969 ], [ 36.86028, -0.18948 ], [ 36.86031, -0.18936 ], [ 36.86034, -0.18928 ], [ 36.86037, -0.18919 ], [ 36.8604, -0.18912 ], [ 36.86043, -0.18904 ], [ 36.86046, -0.18897 ], [ 36.86049, -0.1889 ], [ 36.86052, -0.18883 ], [ 36.86055, -0.18878 ], [ 36.86059, -0.18876 ], [ 36.86064, -0.18875 ], [ 36.86068, -0.18873 ], [ 36.86087, -0.18876 ], [ 36.86101, -0.18884 ], [ 36.86116, -0.18896 ], [ 36.86118, -0.18898 ], [ 36.8614, -0.18903 ], [ 36.86155, -0.18911 ], [ 36.86155, -0.18926 ], [ 36.8616, -0.1894 ], [ 36.86169, -0.18947 ], [ 36.86183, -0.18948 ], [ 36.86191, -0.18946 ], [ 36.862, -0.18944 ], [ 36.86202, -0.18943 ], [ 36.86204, -0.18942 ], [ 36.86208, -0.18939 ], [ 36.86214, -0.18936 ], [ 36.86217, -0.18932 ], [ 36.86218, -0.1893 ], [ 36.86218, -0.18928 ], [ 36.86218, -0.18926 ], [ 36.86218, -0.1892 ], [ 36.86216, -0.18896 ], [ 36.86214, -0.18887 ], [ 36.86222, -0.18874 ], [ 36.86222, -0.18874 ], [ 36.86224, -0.1887 ], [ 36.86236, -0.18865 ], [ 36.86251, -0.18874 ], [ 36.86264, -0.18887 ], [ 36.86267, -0.18887 ], [ 36.86283, -0.18884 ], [ 36.86283, -0.18884 ], [ 36.86292, -0.1887 ], [ 36.86298, -0.18861 ], [ 36.86302, -0.18853 ], [ 36.86306, -0.18846 ], [ 36.86308, -0.18844 ], [ 36.86313, -0.18841 ], [ 36.86319, -0.18843 ], [ 36.86319, -0.18844 ], [ 36.8634, -0.18855 ], [ 36.86342, -0.18854 ], [ 36.86351, -0.18847 ], [ 36.86351, -0.18844 ], [ 36.86354, -0.18836 ], [ 36.86358, -0.18831 ], [ 36.8636, -0.18829 ], [ 36.86362, -0.18824 ], [ 36.86375, -0.18817 ], [ 36.86379, -0.18816 ], [ 36.86399, -0.18812 ], [ 36.864, -0.18811 ], [ 36.86408, -0.18801 ], [ 36.86415, -0.18793 ], [ 36.86424, -0.18779 ], [ 36.86425, -0.18777 ], [ 36.86429, -0.18769 ], [ 36.86433, -0.18762 ], [ 36.86435, -0.18761 ], [ 36.86435, -0.1876 ], [ 36.86439, -0.18757 ], [ 36.86444, -0.18756 ], [ 36.86448, -0.18757 ], [ 36.86453, -0.18755 ], [ 36.8647, -0.1876 ], [ 36.86482, -0.18767 ], [ 36.86495, -0.18774 ], [ 36.8651, -0.18774 ], [ 36.86517, -0.18773 ], [ 36.86525, -0.18771 ], [ 36.8655, -0.18767 ], [ 36.86567, -0.18769 ], [ 36.8658, -0.18764 ], [ 36.86585, -0.18761 ], [ 36.86588, -0.18757 ], [ 36.86594, -0.18752 ], [ 36.86597, -0.18747 ], [ 36.86604, -0.18743 ], [ 36.86608, -0.18739 ], [ 36.86616, -0.18738 ], [ 36.86624, -0.18738 ], [ 36.8663, -0.18738 ], [ 36.86631, -0.18738 ], [ 36.86637, -0.18738 ], [ 36.86653, -0.18754 ], [ 36.86656, -0.18757 ], [ 36.86663, -0.18768 ], [ 36.86675, -0.18768 ], [ 36.86676, -0.18766 ], [ 36.8668, -0.18762 ], [ 36.86689, -0.18748 ], [ 36.86696, -0.18739 ], [ 36.86698, -0.18731 ], [ 36.86698, -0.18724 ], [ 36.86696, -0.18712 ], [ 36.86692, -0.18705 ], [ 36.86685, -0.18699 ], [ 36.86677, -0.18691 ], [ 36.86659, -0.1868 ], [ 36.86651, -0.18674 ], [ 36.86644, -0.18668 ], [ 36.86638, -0.18662 ], [ 36.86633, -0.18653 ], [ 36.86629, -0.18644 ], [ 36.86629, -0.18636 ], [ 36.86629, -0.18625 ], [ 36.86634, -0.18618 ], [ 36.86635, -0.18616 ], [ 36.86635, -0.18615 ], [ 36.86639, -0.18609 ], [ 36.86641, -0.18604 ], [ 36.86642, -0.18603 ], [ 36.86645, -0.18594 ], [ 36.86647, -0.18583 ], [ 36.86652, -0.18562 ], [ 36.86653, -0.18555 ], [ 36.86655, -0.18549 ], [ 36.86658, -0.18543 ], [ 36.86671, -0.1854 ], [ 36.86673, -0.1854 ], [ 36.86689, -0.1854 ], [ 36.86694, -0.1854 ], [ 36.86705, -0.1854 ], [ 36.86712, -0.18536 ], [ 36.86717, -0.18529 ], [ 36.86718, -0.18522 ], [ 36.86717, -0.18495 ], [ 36.86713, -0.18486 ], [ 36.86709, -0.18481 ], [ 36.86703, -0.18474 ], [ 36.86691, -0.18466 ], [ 36.86679, -0.18464 ], [ 36.86671, -0.18464 ], [ 36.86662, -0.18464 ], [ 36.86642, -0.18463 ], [ 36.86639, -0.18461 ], [ 36.86636, -0.18458 ], [ 36.86632, -0.18452 ], [ 36.86631, -0.18446 ], [ 36.86631, -0.18441 ], [ 36.86637, -0.18435 ], [ 36.86637, -0.18435 ], [ 36.86638, -0.18429 ], [ 36.86645, -0.1842 ], [ 36.86649, -0.18415 ], [ 36.86651, -0.18405 ], [ 36.86647, -0.18396 ], [ 36.8664, -0.18394 ], [ 36.86632, -0.18393 ], [ 36.86625, -0.1839 ], [ 36.86617, -0.18386 ], [ 36.86617, -0.1838 ], [ 36.86617, -0.18372 ], [ 36.86619, -0.18364 ], [ 36.86622, -0.18358 ], [ 36.86626, -0.18353 ], [ 36.86634, -0.18348 ], [ 36.86647, -0.18342 ], [ 36.86656, -0.18335 ], [ 36.86658, -0.1833 ], [ 36.86662, -0.18325 ], [ 36.86664, -0.18321 ], [ 36.86665, -0.18316 ], [ 36.86666, -0.18311 ], [ 36.86666, -0.18303 ], [ 36.86665, -0.18273 ], [ 36.86663, -0.18254 ], [ 36.86659, -0.18239 ], [ 36.86655, -0.18233 ], [ 36.86649, -0.18227 ], [ 36.86646, -0.1822 ], [ 36.86642, -0.18213 ], [ 36.8664, -0.18209 ], [ 36.86635, -0.18196 ], [ 36.86634, -0.18188 ], [ 36.86634, -0.18174 ], [ 36.86636, -0.18155 ], [ 36.86639, -0.1814 ], [ 36.86641, -0.18134 ], [ 36.86643, -0.18131 ], [ 36.86648, -0.18126 ], [ 36.86657, -0.18119 ], [ 36.86665, -0.18112 ], [ 36.86674, -0.18108 ], [ 36.86675, -0.18107 ], [ 36.86677, -0.18106 ], [ 36.8668, -0.18105 ], [ 36.86684, -0.18102 ], [ 36.86684, -0.18102 ], [ 36.86694, -0.18096 ], [ 36.86702, -0.18093 ], [ 36.86712, -0.1809 ], [ 36.86717, -0.18088 ], [ 36.86727, -0.18084 ], [ 36.86729, -0.18084 ], [ 36.86732, -0.18083 ], [ 36.86751, -0.18083 ], [ 36.86762, -0.18089 ], [ 36.86774, -0.18096 ], [ 36.86784, -0.18101 ], [ 36.86787, -0.18103 ], [ 36.86807, -0.18103 ], [ 36.86812, -0.18102 ], [ 36.86816, -0.18101 ], [ 36.86821, -0.18098 ], [ 36.86826, -0.18098 ], [ 36.86826, -0.18098 ], [ 36.86826, -0.18098 ], [ 36.86827, -0.18098 ], [ 36.86827, -0.18098 ], [ 36.86828, -0.18098 ], [ 36.86837, -0.181 ], [ 36.86837, -0.181 ], [ 36.86844, -0.18102 ], [ 36.86851, -0.18117 ], [ 36.86863, -0.18131 ], [ 36.86863, -0.18131 ], [ 36.8688, -0.18141 ], [ 36.86881, -0.18141 ], [ 36.86894, -0.18146 ], [ 36.86897, -0.18149 ], [ 36.86901, -0.18151 ], [ 36.86916, -0.18157 ], [ 36.86932, -0.1817 ], [ 36.86944, -0.18186 ], [ 36.86964, -0.18198 ], [ 36.86964, -0.18198 ], [ 36.86981, -0.18199 ], [ 36.87001, -0.18195 ], [ 36.87012, -0.18189 ], [ 36.87014, -0.18187 ], [ 36.87018, -0.18184 ], [ 36.8702, -0.18183 ], [ 36.87021, -0.18182 ], [ 36.87022, -0.1818 ], [ 36.87027, -0.18172 ], [ 36.87028, -0.18161 ], [ 36.87028, -0.18157 ], [ 36.87027, -0.18133 ], [ 36.87024, -0.18121 ], [ 36.87026, -0.18113 ], [ 36.87028, -0.18107 ], [ 36.87034, -0.18097 ], [ 36.87039, -0.18091 ], [ 36.87045, -0.18084 ], [ 36.87049, -0.18079 ], [ 36.87052, -0.18074 ], [ 36.87053, -0.18073 ], [ 36.87055, -0.18069 ], [ 36.87058, -0.18062 ], [ 36.87068, -0.1805 ], [ 36.8707, -0.18046 ], [ 36.87072, -0.18043 ], [ 36.87072, -0.18043 ], [ 36.87073, -0.18042 ], [ 36.87074, -0.18039 ], [ 36.8708, -0.18035 ], [ 36.87082, -0.18033 ], [ 36.87083, -0.18033 ], [ 36.87084, -0.18032 ], [ 36.87085, -0.18032 ], [ 36.87087, -0.1803 ], [ 36.87092, -0.18028 ], [ 36.87096, -0.18026 ], [ 36.87104, -0.18023 ], [ 36.87106, -0.18023 ], [ 36.8711, -0.1802 ], [ 36.87115, -0.18016 ], [ 36.87118, -0.1801 ], [ 36.87122, -0.18002 ], [ 36.87124, -0.17988 ], [ 36.87124, -0.17973 ], [ 36.87124, -0.17963 ], [ 36.87124, -0.17953 ], [ 36.87128, -0.17931 ], [ 36.87133, -0.17916 ], [ 36.87141, -0.17906 ], [ 36.87143, -0.179 ], [ 36.87148, -0.17889 ], [ 36.8715, -0.17885 ], [ 36.87157, -0.1788 ], [ 36.87159, -0.17877 ], [ 36.87166, -0.17872 ], [ 36.87171, -0.17867 ], [ 36.87172, -0.17866 ], [ 36.87173, -0.17865 ], [ 36.87182, -0.17855 ], [ 36.87187, -0.17849 ], [ 36.8719, -0.17842 ], [ 36.87198, -0.1782 ], [ 36.87198, -0.17798 ], [ 36.87205, -0.1778 ], [ 36.87208, -0.17767 ], [ 36.8721, -0.17756 ], [ 36.87222, -0.17743 ], [ 36.87226, -0.17734 ], [ 36.87238, -0.17727 ], [ 36.87242, -0.17711 ], [ 36.87242, -0.17697 ], [ 36.87242, -0.17684 ], [ 36.87242, -0.17669 ], [ 36.87242, -0.17648 ], [ 36.87238, -0.17621 ], [ 36.87231, -0.17601 ], [ 36.87224, -0.17586 ], [ 36.87214, -0.17567 ], [ 36.87209, -0.17551 ], [ 36.87195, -0.17484 ], [ 36.87196, -0.17467 ], [ 36.87191, -0.17452 ], [ 36.87182, -0.17436 ], [ 36.87168, -0.17416 ], [ 36.87165, -0.1741 ], [ 36.87153, -0.17394 ], [ 36.87128, -0.17369 ], [ 36.87121, -0.1736 ], [ 36.87113, -0.17348 ], [ 36.8711, -0.17338 ], [ 36.8711, -0.17323 ], [ 36.87113, -0.17303 ], [ 36.87113, -0.17285 ], [ 36.87113, -0.17272 ], [ 36.87113, -0.17258 ], [ 36.87112, -0.17244 ], [ 36.87106, -0.17235 ], [ 36.87091, -0.17235 ], [ 36.87069, -0.17226 ], [ 36.87064, -0.17215 ], [ 36.87058, -0.17192 ], [ 36.8705, -0.17175 ], [ 36.87043, -0.17163 ], [ 36.87033, -0.17148 ], [ 36.87028, -0.17141 ], [ 36.87015, -0.17128 ], [ 36.87001, -0.17114 ], [ 36.86978, -0.1709 ], [ 36.86964, -0.17078 ], [ 36.86907, -0.17028 ], [ 36.86894, -0.17011 ], [ 36.86879, -0.16995 ], [ 36.86864, -0.16979 ], [ 36.86851, -0.16967 ], [ 36.86799, -0.16937 ], [ 36.86767, -0.16912 ], [ 36.86749, -0.169 ], [ 36.86734, -0.16892 ], [ 36.86716, -0.16885 ], [ 36.86653, -0.16848 ], [ 36.86634, -0.16833 ], [ 36.86623, -0.16823 ], [ 36.86609, -0.16809 ], [ 36.86599, -0.16795 ], [ 36.86588, -0.16779 ], [ 36.86587, -0.16766 ], [ 36.86578, -0.1673 ], [ 36.86573, -0.16687 ], [ 36.86573, -0.16668 ], [ 36.86568, -0.16653 ], [ 36.8656, -0.16635 ], [ 36.86557, -0.16627 ], [ 36.86557, -0.16615 ], [ 36.86554, -0.16612 ], [ 36.86554, -0.16599 ], [ 36.86554, -0.16597 ], [ 36.86558, -0.16574 ], [ 36.86558, -0.16573 ], [ 36.86559, -0.16567 ], [ 36.86561, -0.16551 ], [ 36.86569, -0.16531 ], [ 36.86575, -0.16498 ], [ 36.86576, -0.16485 ], [ 36.86577, -0.16477 ], [ 36.86577, -0.16464 ], [ 36.86577, -0.16443 ], [ 36.86577, -0.16422 ], [ 36.86577, -0.16401 ], [ 36.86571, -0.16352 ], [ 36.86567, -0.16323 ], [ 36.86562, -0.16306 ], [ 36.86554, -0.16282 ], [ 36.86547, -0.16261 ], [ 36.86541, -0.16216 ], [ 36.86523, -0.16168 ], [ 36.86509, -0.16144 ], [ 36.86497, -0.16129 ], [ 36.86484, -0.16118 ], [ 36.86472, -0.16113 ], [ 36.8646, -0.16106 ], [ 36.86456, -0.16099 ], [ 36.86456, -0.16093 ], [ 36.86459, -0.16084 ], [ 36.8646, -0.16076 ], [ 36.8646, -0.16069 ], [ 36.8646, -0.16064 ], [ 36.86453, -0.16051 ], [ 36.86451, -0.16048 ], [ 36.86437, -0.16032 ], [ 36.86436, -0.1603 ], [ 36.86435, -0.16029 ], [ 36.86434, -0.16024 ], [ 36.86433, -0.16019 ], [ 36.86433, -0.16019 ], [ 36.86433, -0.16019 ], [ 36.86433, -0.16008 ], [ 36.86435, -0.15997 ], [ 36.86436, -0.15986 ], [ 36.86436, -0.15977 ], [ 36.86435, -0.1596 ], [ 36.86427, -0.15952 ], [ 36.86425, -0.15951 ], [ 36.86423, -0.15951 ], [ 36.86409, -0.15951 ], [ 36.86402, -0.1595 ], [ 36.86389, -0.15948 ], [ 36.86387, -0.15947 ], [ 36.86386, -0.15946 ], [ 36.86386, -0.15945 ], [ 36.86383, -0.15942 ], [ 36.86383, -0.15938 ], [ 36.86385, -0.15937 ], [ 36.86384, -0.15933 ], [ 36.86389, -0.15922 ], [ 36.86391, -0.15917 ], [ 36.86397, -0.15904 ], [ 36.86397, -0.15895 ], [ 36.86402, -0.15829 ], [ 36.86402, -0.15812 ], [ 36.86398, -0.15795 ], [ 36.86395, -0.1579 ], [ 36.86385, -0.15775 ], [ 36.86383, -0.15773 ], [ 36.86379, -0.15768 ], [ 36.86347, -0.1574 ], [ 36.86336, -0.15727 ], [ 36.86318, -0.15707 ], [ 36.86316, -0.15697 ], [ 36.8631, -0.15684 ], [ 36.86303, -0.15672 ], [ 36.86295, -0.15661 ], [ 36.86285, -0.15653 ], [ 36.86273, -0.15648 ], [ 36.86271, -0.15647 ], [ 36.86253, -0.15644 ], [ 36.86234, -0.15639 ], [ 36.86227, -0.15635 ], [ 36.86213, -0.15625 ], [ 36.86197, -0.15609 ], [ 36.86185, -0.15598 ], [ 36.86177, -0.15583 ], [ 36.86173, -0.15578 ], [ 36.8616, -0.15565 ], [ 36.86147, -0.15554 ], [ 36.86136, -0.15548 ], [ 36.86121, -0.1554 ], [ 36.86116, -0.15539 ], [ 36.86116, -0.15539 ], [ 36.861, -0.15534 ], [ 36.86095, -0.15529 ], [ 36.86095, -0.15529 ], [ 36.8608, -0.15517 ], [ 36.86071, -0.15507 ], [ 36.86039, -0.15462 ], [ 36.86011, -0.15438 ], [ 36.85989, -0.15418 ], [ 36.85974, -0.15405 ], [ 36.85963, -0.15392 ], [ 36.85952, -0.15373 ], [ 36.85949, -0.15364 ], [ 36.85949, -0.15353 ], [ 36.85949, -0.15335 ], [ 36.85953, -0.15262 ], [ 36.85961, -0.15209 ], [ 36.8597, -0.15188 ], [ 36.85976, -0.15168 ], [ 36.85979, -0.15155 ], [ 36.85985, -0.15142 ], [ 36.85988, -0.1513 ], [ 36.85995, -0.15116 ], [ 36.86012, -0.15093 ], [ 36.86014, -0.15088 ], [ 36.86021, -0.15079 ], [ 36.8603, -0.15067 ], [ 36.86034, -0.15063 ], [ 36.86042, -0.15051 ], [ 36.86044, -0.15038 ], [ 36.86048, -0.15026 ], [ 36.86049, -0.15017 ], [ 36.86049, -0.15004 ], [ 36.86048, -0.14989 ], [ 36.8604, -0.14971 ], [ 36.86031, -0.14955 ], [ 36.86026, -0.14943 ], [ 36.86025, -0.14937 ], [ 36.86017, -0.14924 ], [ 36.86019, -0.14903 ], [ 36.86024, -0.14897 ], [ 36.8603, -0.14891 ], [ 36.86046, -0.14883 ], [ 36.86055, -0.1488 ], [ 36.86064, -0.14877 ], [ 36.86087, -0.14861 ], [ 36.86096, -0.14852 ], [ 36.86099, -0.14848 ], [ 36.861, -0.14847 ], [ 36.86106, -0.14838 ], [ 36.86117, -0.14825 ], [ 36.86133, -0.14808 ], [ 36.86134, -0.14807 ], [ 36.86151, -0.1479 ], [ 36.86172, -0.14768 ], [ 36.86191, -0.1475 ], [ 36.86193, -0.14748 ], [ 36.86208, -0.14736 ], [ 36.86226, -0.14721 ], [ 36.86231, -0.14715 ], [ 36.86232, -0.14714 ], [ 36.86244, -0.147 ], [ 36.86264, -0.14655 ], [ 36.86265, -0.14652 ], [ 36.86266, -0.1465 ], [ 36.86266, -0.14649 ], [ 36.86264, -0.14625 ], [ 36.86264, -0.146 ], [ 36.86264, -0.14587 ], [ 36.86267, -0.14538 ], [ 36.86266, -0.14519 ], [ 36.86261, -0.14506 ], [ 36.86254, -0.14492 ], [ 36.86247, -0.14479 ], [ 36.86244, -0.14478 ], [ 36.86232, -0.14478 ], [ 36.86222, -0.14479 ], [ 36.8621, -0.14485 ], [ 36.86202, -0.14487 ], [ 36.86202, -0.14487 ], [ 36.86202, -0.14487 ], [ 36.86202, -0.14487 ], [ 36.86202, -0.14487 ], [ 36.86184, -0.1449 ], [ 36.86168, -0.14486 ], [ 36.86159, -0.14479 ], [ 36.86157, -0.14471 ], [ 36.86154, -0.14447 ], [ 36.86154, -0.14446 ], [ 36.86154, -0.14446 ], [ 36.86143, -0.14405 ], [ 36.86138, -0.14394 ], [ 36.86137, -0.14386 ], [ 36.86137, -0.14373 ], [ 36.86139, -0.14367 ], [ 36.8614, -0.14365 ], [ 36.8614, -0.14364 ], [ 36.8614, -0.14364 ], [ 36.86142, -0.14359 ], [ 36.86151, -0.14353 ], [ 36.86194, -0.1432 ], [ 36.8611, -0.14279 ], [ 36.86055, -0.14273 ], [ 36.85977, -0.14243 ], [ 36.85911, -0.1422 ], [ 36.85763, -0.14169 ], [ 36.85625, -0.14119 ], [ 36.8539, -0.14026 ], [ 36.85301, -0.13994 ], [ 36.85228, -0.13963 ], [ 36.85176, -0.1394 ], [ 36.85125, -0.13909 ], [ 36.85087, -0.13888 ], [ 36.85069, -0.13882 ], [ 36.85053, -0.13879 ], [ 36.85028, -0.13873 ], [ 36.85005, -0.13863 ], [ 36.84975, -0.13847 ], [ 36.84938, -0.13813 ], [ 36.8491, -0.13792 ], [ 36.84891, -0.13772 ], [ 36.84869, -0.13759 ], [ 36.8485, -0.13755 ], [ 36.84822, -0.13754 ], [ 36.84805, -0.13754 ], [ 36.84755, -0.13747 ], [ 36.84694, -0.13738 ], [ 36.84672, -0.13734 ], [ 36.84646, -0.13729 ], [ 36.84545, -0.13711 ], [ 36.84524, -0.13707 ], [ 36.84438, -0.13695 ], [ 36.84314, -0.13677 ], [ 36.84213, -0.13665 ], [ 36.84112, -0.13644 ], [ 36.84001, -0.13629 ], [ 36.83903, -0.13619 ], [ 36.83757, -0.13593 ], [ 36.83648, -0.13575 ], [ 36.83404, -0.13538 ], [ 36.8327, -0.13516 ], [ 36.83223, -0.13507 ], [ 36.83234, -0.13457 ], [ 36.83234, -0.13456 ], [ 36.83226, -0.13093 ], [ 36.83222, -0.12938 ], [ 36.83219, -0.12756 ], [ 36.83219, -0.12612 ], [ 36.83221, -0.12391 ], [ 36.83215, -0.12169 ], [ 36.8322, -0.11917 ], [ 36.83201, -0.11556 ], [ 36.83192, -0.11319 ], [ 36.8319, -0.11209 ], [ 36.83181, -0.10779 ], [ 36.83175, -0.10587 ], [ 36.83173, -0.10451 ], [ 36.83168, -0.10451 ], [ 36.83168, -0.10446 ], [ 36.83168, -0.10373 ], [ 36.8311, -0.10381 ], [ 36.82763, -0.10421 ], [ 36.82434, -0.10446 ], [ 36.82113, -0.1048 ], [ 36.8143, -0.1054 ], [ 36.81103, -0.10567 ], [ 36.8033, -0.10645 ], [ 36.79976, -0.10672 ], [ 36.79579, -0.1071 ], [ 36.79411, -0.10723 ], [ 36.79349, -0.10729 ], [ 36.79238, -0.10741 ], [ 36.79223, -0.10743 ], [ 36.79158, -0.10754 ], [ 36.7896, -0.1082 ], [ 36.7864, -0.1091 ], [ 36.77975, -0.11102 ], [ 36.78016, -0.11162 ], [ 36.77943, -0.11184 ], [ 36.77805, -0.11221 ], [ 36.77618, -0.11278 ], [ 36.77491, -0.11313 ], [ 36.77352, -0.11354 ], [ 36.77216, -0.11389 ], [ 36.77104, -0.11417 ], [ 36.77026, -0.11441 ], [ 36.76947, -0.11464 ], [ 36.76916, -0.11418 ], [ 36.76845, -0.11299 ], [ 36.76737, -0.11112 ], [ 36.76672, -0.11006 ], [ 36.76649, -0.10959 ], [ 36.76027, -0.11485 ], [ 36.75715, -0.1176 ], [ 36.75586, -0.11874 ], [ 36.75574, -0.11889 ], [ 36.7555, -0.11909 ], [ 36.75518, -0.11934 ], [ 36.75484, -0.11963 ], [ 36.75456, -0.1199 ], [ 36.75438, -0.12008 ], [ 36.75402, -0.12031 ], [ 36.75374, -0.1204 ], [ 36.75289, -0.12057 ], [ 36.75198, -0.12069 ], [ 36.75123, -0.1208 ], [ 36.74995, -0.12088 ], [ 36.74952, -0.12092 ], [ 36.74938, -0.12093 ], [ 36.74904, -0.12097 ], [ 36.74808, -0.12119 ], [ 36.74798, -0.12121 ], [ 36.7464, -0.12157 ], [ 36.74492, -0.12194 ], [ 36.74488, -0.12195 ], [ 36.74451, -0.12204 ], [ 36.74416, -0.1221 ], [ 36.74251, -0.12251 ], [ 36.74133, -0.12278 ], [ 36.74092, -0.12287 ], [ 36.73948, -0.12318 ], [ 36.73792, -0.12354 ], [ 36.73775, -0.12358 ], [ 36.73298, -0.12477 ], [ 36.72923, -0.12571 ], [ 36.72816, -0.12597 ], [ 36.72462, -0.12684 ], [ 36.72107, -0.1277 ], [ 36.71923, -0.12823 ], [ 36.7177, -0.12866 ], [ 36.71742, -0.12874 ], [ 36.71638, -0.13007 ], [ 36.71619, -0.13029 ], [ 36.71496, -0.13172 ], [ 36.71494, -0.13174 ], [ 36.71487, -0.13183 ], [ 36.71413, -0.13275 ], [ 36.71413, -0.13275 ], [ 36.7135, -0.13343 ], [ 36.71335, -0.1336 ], [ 36.7119, -0.1353 ], [ 36.70919, -0.13618 ], [ 36.70461, -0.13768 ], [ 36.70454, -0.1377 ], [ 36.70433, -0.13777 ], [ 36.70273, -0.13836 ], [ 36.69173, -0.14201 ], [ 36.68573, -0.14397 ], [ 36.68288, -0.14491 ], [ 36.66934, -0.14938 ], [ 36.66889, -0.14954 ], [ 36.66822, -0.14978 ], [ 36.66775, -0.14994 ], [ 36.66529, -0.15077 ], [ 36.66395, -0.15124 ], [ 36.66052, -0.15252 ], [ 36.65901, -0.15308 ], [ 36.65811, -0.15342 ], [ 36.65797, -0.15347 ], [ 36.65753, -0.15364 ], [ 36.65708, -0.15343 ], [ 36.65656, -0.1532 ], [ 36.65333, -0.1452 ], [ 36.6532, -0.14489 ], [ 36.65321, -0.14486 ], [ 36.65143, -0.14088 ], [ 36.65087, -0.13963 ], [ 36.64913, -0.13573 ], [ 36.64803, -0.13326 ], [ 36.64727, -0.13154 ], [ 36.64642, -0.12963 ], [ 36.6454, -0.12732 ], [ 36.6443, -0.12482 ], [ 36.64406, -0.12428 ], [ 36.64282, -0.12155 ], [ 36.64149, -0.1186 ], [ 36.64116, -0.11786 ], [ 36.6408, -0.11708 ], [ 36.63906, -0.11352 ], [ 36.63619, -0.10691 ], [ 36.63607, -0.1069 ], [ 36.63612, -0.10675 ], [ 36.61906, -0.10485 ], [ 36.61747, -0.10468 ], [ 36.61094, -0.10399 ], [ 36.60994, -0.10388 ], [ 36.60957, -0.10384 ], [ 36.60752, -0.10362 ], [ 36.60673, -0.10354 ], [ 36.60644, -0.1035 ], [ 36.60625, -0.10348 ], [ 36.60536, -0.10339 ], [ 36.60532, -0.1034 ], [ 36.60532, -0.10338 ], [ 36.60525, -0.10338 ], [ 36.59559, -0.10235 ], [ 36.59557, -0.10235 ], [ 36.59075, -0.10271 ], [ 36.5784, -0.10359 ], [ 36.57698, -0.10369 ], [ 36.5741, -0.10389 ], [ 36.57392, -0.10385 ], [ 36.57284, -0.10274 ], [ 36.57231, -0.10198 ], [ 36.56996, -0.09953 ], [ 36.56869, -0.09811 ], [ 36.5683, -0.09767 ], [ 36.56687, -0.09581 ], [ 36.56583, -0.09383 ], [ 36.56457, -0.09162 ], [ 36.56435, -0.09122 ], [ 36.56433, -0.09119 ], [ 36.56343, -0.08931 ], [ 36.56317, -0.08898 ], [ 36.56302, -0.08869 ], [ 36.56175, -0.08896 ], [ 36.55994, -0.08934 ], [ 36.55851, -0.08965 ], [ 36.55802, -0.08974 ], [ 36.55717, -0.08988 ], [ 36.55677, -0.09 ], [ 36.55706, -0.08906 ], [ 36.5577, -0.08747 ], [ 36.55848, -0.08528 ], [ 36.55943, -0.08326 ], [ 36.55996, -0.08128 ], [ 36.5602, -0.08082 ], [ 36.56018, -0.08081 ], [ 36.56043, -0.08028 ], [ 36.56087, -0.07903 ], [ 36.56132, -0.07792 ], [ 36.56171, -0.07706 ], [ 36.562, -0.07711 ], [ 36.56175, -0.07692 ], [ 36.56156, -0.07688 ], [ 36.56159, -0.0768 ], [ 36.56186, -0.07605 ], [ 36.56184, -0.07603 ], [ 36.55968, -0.07452 ], [ 36.55796, -0.07331 ], [ 36.55493, -0.07119 ], [ 36.55264, -0.06958 ], [ 36.55282, -0.06912 ], [ 36.55398, -0.06617 ], [ 36.55462, -0.06455 ], [ 36.55507, -0.06371 ], [ 36.55602, -0.06193 ], [ 36.55654, -0.06096 ], [ 36.55671, -0.06065 ], [ 36.55683, -0.06006 ], [ 36.55664, -0.05956 ], [ 36.55663, -0.05945 ], [ 36.55652, -0.05875 ], [ 36.55649, -0.05856 ], [ 36.55649, -0.0582 ], [ 36.55649, -0.05805 ], [ 36.55643, -0.0579 ], [ 36.55637, -0.05764 ], [ 36.55637, -0.05751 ], [ 36.55637, -0.05745 ], [ 36.55637, -0.05724 ], [ 36.55641, -0.057 ], [ 36.55644, -0.0569 ], [ 36.55653, -0.05677 ], [ 36.55654, -0.05676 ], [ 36.5566, -0.05661 ], [ 36.55663, -0.05657 ], [ 36.55669, -0.05649 ], [ 36.5568, -0.0564 ], [ 36.55681, -0.05627 ], [ 36.55684, -0.05613 ], [ 36.55684, -0.05613 ], [ 36.55682, -0.05602 ], [ 36.55679, -0.05588 ], [ 36.55668, -0.05575 ], [ 36.55661, -0.05566 ], [ 36.55655, -0.05554 ], [ 36.55654, -0.05552 ], [ 36.55653, -0.05539 ], [ 36.55648, -0.05514 ], [ 36.55653, -0.055 ], [ 36.55653, -0.05497 ], [ 36.55664, -0.05485 ], [ 36.55684, -0.05472 ], [ 36.55703, -0.05466 ], [ 36.55713, -0.05456 ], [ 36.55716, -0.05456 ], [ 36.55717, -0.05455 ], [ 36.55719, -0.05454 ], [ 36.55737, -0.05448 ], [ 36.55763, -0.05438 ], [ 36.55786, -0.05437 ], [ 36.55811, -0.05422 ], [ 36.55831, -0.05406 ], [ 36.55855, -0.05397 ], [ 36.55861, -0.05392 ], [ 36.55865, -0.05383 ], [ 36.55872, -0.05372 ], [ 36.55883, -0.05359 ], [ 36.55897, -0.0535 ], [ 36.55897, -0.05349 ], [ 36.55903, -0.05341 ], [ 36.55926, -0.05315 ], [ 36.55933, -0.05306 ], [ 36.55938, -0.05298 ], [ 36.55939, -0.05293 ], [ 36.55942, -0.0529 ], [ 36.55945, -0.05287 ], [ 36.55951, -0.05282 ], [ 36.55959, -0.05275 ], [ 36.55968, -0.05269 ], [ 36.55976, -0.05258 ], [ 36.55983, -0.05245 ], [ 36.55986, -0.05239 ], [ 36.55986, -0.05238 ], [ 36.55992, -0.05225 ], [ 36.56004, -0.05211 ], [ 36.5603, -0.05186 ], [ 36.56031, -0.05184 ], [ 36.56042, -0.05164 ], [ 36.56042, -0.05164 ], [ 36.56046, -0.05154 ], [ 36.56052, -0.05137 ], [ 36.56053, -0.05136 ], [ 36.56053, -0.05135 ], [ 36.56077, -0.05104 ], [ 36.56081, -0.051 ], [ 36.5609, -0.05085 ], [ 36.56096, -0.05063 ], [ 36.56097, -0.05061 ], [ 36.56104, -0.05038 ], [ 36.56109, -0.05017 ], [ 36.5612, -0.04996 ], [ 36.56122, -0.04993 ], [ 36.56131, -0.04981 ], [ 36.56135, -0.04976 ], [ 36.56144, -0.04956 ], [ 36.56156, -0.04935 ], [ 36.56156, -0.04935 ], [ 36.56159, -0.04922 ], [ 36.56162, -0.04913 ], [ 36.56174, -0.04895 ], [ 36.5618, -0.04874 ], [ 36.56182, -0.04867 ], [ 36.56184, -0.04859 ], [ 36.56187, -0.04851 ], [ 36.56187, -0.04847 ], [ 36.56189, -0.04826 ], [ 36.56183, -0.048 ], [ 36.5618, -0.04792 ], [ 36.56178, -0.04784 ], [ 36.5618, -0.04756 ], [ 36.56184, -0.04746 ], [ 36.56183, -0.04736 ], [ 36.56189, -0.04726 ], [ 36.56189, -0.04725 ], [ 36.56196, -0.04714 ], [ 36.56199, -0.04707 ], [ 36.562, -0.04706 ], [ 36.56202, -0.04702 ], [ 36.56203, -0.04698 ], [ 36.56203, -0.04693 ], [ 36.56216, -0.04674 ], [ 36.56221, -0.04664 ], [ 36.56222, -0.04647 ], [ 36.56221, -0.04634 ], [ 36.56212, -0.04619 ], [ 36.56211, -0.04616 ], [ 36.56207, -0.04609 ], [ 36.56205, -0.04603 ], [ 36.56188, -0.04583 ], [ 36.56181, -0.04569 ], [ 36.56174, -0.04557 ], [ 36.56166, -0.04531 ], [ 36.56164, -0.04505 ], [ 36.56161, -0.0447 ], [ 36.56165, -0.04447 ], [ 36.56167, -0.04431 ], [ 36.5617, -0.04423 ], [ 36.5617, -0.04423 ], [ 36.5617, -0.04422 ], [ 36.56173, -0.04415 ], [ 36.56174, -0.04412 ], [ 36.56175, -0.04409 ], [ 36.56175, -0.04408 ], [ 36.56177, -0.04394 ], [ 36.56177, -0.04393 ], [ 36.56177, -0.04393 ], [ 36.56177, -0.04392 ], [ 36.56185, -0.04379 ], [ 36.56187, -0.04377 ], [ 36.56187, -0.04376 ], [ 36.56189, -0.04372 ], [ 36.56191, -0.04366 ], [ 36.56194, -0.04361 ], [ 36.56196, -0.04359 ], [ 36.56201, -0.04352 ], [ 36.56206, -0.04347 ], [ 36.56212, -0.0434 ], [ 36.56221, -0.04337 ], [ 36.56231, -0.04336 ], [ 36.5624, -0.04336 ], [ 36.56259, -0.04339 ], [ 36.56268, -0.04341 ], [ 36.56277, -0.04341 ], [ 36.56292, -0.0434 ], [ 36.56302, -0.04337 ], [ 36.56316, -0.04333 ], [ 36.56327, -0.04327 ], [ 36.56337, -0.04321 ], [ 36.56349, -0.04315 ], [ 36.56356, -0.04311 ], [ 36.5637, -0.04307 ], [ 36.56382, -0.04298 ], [ 36.56393, -0.04287 ], [ 36.564, -0.04278 ], [ 36.56413, -0.04269 ], [ 36.56419, -0.04261 ], [ 36.56425, -0.04253 ], [ 36.56432, -0.04245 ], [ 36.56443, -0.04236 ], [ 36.56465, -0.04217 ], [ 36.56474, -0.04209 ], [ 36.56481, -0.04202 ], [ 36.56487, -0.04199 ], [ 36.56498, -0.04199 ], [ 36.56507, -0.042 ], [ 36.56516, -0.04204 ], [ 36.56534, -0.04212 ], [ 36.5656, -0.04229 ], [ 36.56571, -0.04238 ], [ 36.56582, -0.04242 ], [ 36.56597, -0.04245 ], [ 36.56609, -0.04246 ], [ 36.56622, -0.04246 ], [ 36.56631, -0.04244 ], [ 36.56642, -0.0424 ], [ 36.56651, -0.04234 ], [ 36.56662, -0.04227 ], [ 36.56669, -0.04222 ], [ 36.56678, -0.0421 ], [ 36.56685, -0.04187 ], [ 36.56686, -0.04184 ], [ 36.56687, -0.04182 ], [ 36.56687, -0.04179 ], [ 36.56689, -0.04171 ], [ 36.56693, -0.04165 ], [ 36.56711, -0.04134 ], [ 36.56723, -0.04116 ], [ 36.56727, -0.04108 ], [ 36.56736, -0.04101 ], [ 36.56755, -0.04079 ], [ 36.56768, -0.0407 ], [ 36.5678, -0.04063 ], [ 36.56792, -0.04052 ], [ 36.56799, -0.04045 ], [ 36.5681, -0.04039 ], [ 36.56826, -0.0402 ], [ 36.56838, -0.0401 ], [ 36.56852, -0.03991 ], [ 36.56862, -0.03984 ], [ 36.56869, -0.03979 ], [ 36.56878, -0.03973 ], [ 36.56885, -0.03967 ], [ 36.56904, -0.03962 ], [ 36.56912, -0.0396 ], [ 36.56925, -0.03957 ], [ 36.56935, -0.03951 ], [ 36.56952, -0.03945 ], [ 36.56962, -0.03942 ], [ 36.56975, -0.03939 ], [ 36.56981, -0.03936 ], [ 36.56992, -0.03931 ], [ 36.56996, -0.03927 ], [ 36.57004, -0.03922 ], [ 36.57013, -0.0391 ], [ 36.5702, -0.03898 ], [ 36.57027, -0.03889 ], [ 36.5703, -0.0388 ], [ 36.57047, -0.03853 ], [ 36.57051, -0.03846 ], [ 36.5706, -0.03832 ], [ 36.57063, -0.03825 ], [ 36.57072, -0.03814 ], [ 36.57082, -0.03804 ], [ 36.57095, -0.03797 ], [ 36.57107, -0.03789 ], [ 36.57117, -0.03782 ], [ 36.57138, -0.03776 ], [ 36.57145, -0.03772 ], [ 36.57154, -0.03769 ], [ 36.57162, -0.03768 ], [ 36.57171, -0.03768 ], [ 36.5718, -0.03767 ], [ 36.57193, -0.03766 ], [ 36.57208, -0.03763 ], [ 36.57216, -0.03757 ], [ 36.57229, -0.03754 ], [ 36.5724, -0.03752 ], [ 36.5725, -0.03749 ], [ 36.57262, -0.03744 ], [ 36.57276, -0.03738 ], [ 36.57289, -0.03729 ], [ 36.57298, -0.0372 ], [ 36.57306, -0.03711 ], [ 36.57314, -0.03703 ], [ 36.57322, -0.03694 ], [ 36.57331, -0.03689 ], [ 36.57341, -0.03675 ], [ 36.5735, -0.03665 ], [ 36.57358, -0.03655 ], [ 36.57358, -0.03655 ], [ 36.57359, -0.03652 ], [ 36.57359, -0.03652 ], [ 36.57361, -0.03649 ], [ 36.57366, -0.03642 ], [ 36.57368, -0.03634 ], [ 36.57371, -0.03623 ], [ 36.57378, -0.03608 ], [ 36.5739, -0.03597 ], [ 36.57402, -0.03582 ], [ 36.57412, -0.03576 ], [ 36.57422, -0.03566 ], [ 36.57439, -0.03556 ], [ 36.57454, -0.03548 ], [ 36.57476, -0.03546 ], [ 36.57496, -0.03543 ], [ 36.57498, -0.03542 ], [ 36.57514, -0.03534 ], [ 36.57518, -0.03525 ], [ 36.57522, -0.03514 ], [ 36.57524, -0.03508 ], [ 36.57525, -0.03507 ], [ 36.57533, -0.03494 ], [ 36.57539, -0.03487 ], [ 36.57541, -0.03477 ], [ 36.57547, -0.03464 ], [ 36.57551, -0.03462 ], [ 36.57558, -0.03449 ], [ 36.57584, -0.0343 ], [ 36.57593, -0.03421 ], [ 36.57607, -0.03404 ], [ 36.57613, -0.03392 ], [ 36.57617, -0.03383 ], [ 36.57622, -0.03377 ], [ 36.57635, -0.03367 ], [ 36.57648, -0.03362 ], [ 36.57655, -0.03356 ], [ 36.57662, -0.03353 ], [ 36.57667, -0.03351 ], [ 36.5769, -0.0333 ], [ 36.5771, -0.03317 ], [ 36.57742, -0.03298 ], [ 36.57754, -0.03295 ], [ 36.57768, -0.03285 ], [ 36.57778, -0.03275 ], [ 36.5779, -0.03271 ], [ 36.57802, -0.03252 ], [ 36.57808, -0.03239 ], [ 36.57812, -0.03227 ], [ 36.57817, -0.03213 ], [ 36.57818, -0.03208 ], [ 36.5781, -0.03196 ], [ 36.57806, -0.03189 ], [ 36.57805, -0.03188 ], [ 36.57803, -0.03186 ], [ 36.57792, -0.03171 ], [ 36.57777, -0.03159 ], [ 36.57777, -0.03139 ], [ 36.57777, -0.03139 ], [ 36.57768, -0.03118 ], [ 36.5777, -0.03106 ], [ 36.57775, -0.03099 ], [ 36.57788, -0.03093 ], [ 36.57794, -0.03086 ], [ 36.57802, -0.0307 ], [ 36.57808, -0.03058 ], [ 36.57809, -0.03052 ], [ 36.57812, -0.03043 ], [ 36.57812, -0.03028 ], [ 36.57813, -0.03022 ], [ 36.57813, -0.03015 ], [ 36.57813, -0.03004 ], [ 36.57813, -0.02995 ], [ 36.57813, -0.02986 ], [ 36.57816, -0.02974 ], [ 36.57827, -0.02962 ], [ 36.57836, -0.02949 ], [ 36.57845, -0.0294 ], [ 36.57849, -0.02933 ], [ 36.57857, -0.02929 ], [ 36.57865, -0.02924 ], [ 36.57883, -0.02915 ], [ 36.57901, -0.02911 ], [ 36.57921, -0.0291 ], [ 36.5794, -0.02896 ], [ 36.57954, -0.02889 ], [ 36.57967, -0.0288 ], [ 36.57986, -0.02868 ], [ 36.57994, -0.02855 ], [ 36.58003, -0.02843 ], [ 36.58011, -0.02835 ], [ 36.58017, -0.02828 ], [ 36.58022, -0.02819 ], [ 36.58031, -0.02809 ], [ 36.5805, -0.0279 ], [ 36.58084, -0.02736 ], [ 36.58121, -0.02693 ], [ 36.5815, -0.02661 ], [ 36.58168, -0.02636 ], [ 36.58169, -0.02635 ], [ 36.58186, -0.02617 ], [ 36.58199, -0.02609 ], [ 36.58204, -0.026 ], [ 36.58206, -0.02592 ], [ 36.58207, -0.02585 ], [ 36.58211, -0.02578 ], [ 36.58213, -0.02572 ], [ 36.58214, -0.02566 ], [ 36.58215, -0.02558 ], [ 36.58216, -0.02551 ], [ 36.58217, -0.02543 ], [ 36.58216, -0.02536 ], [ 36.58216, -0.02533 ], [ 36.58215, -0.02532 ], [ 36.58204, -0.02515 ], [ 36.58203, -0.02513 ], [ 36.58198, -0.02493 ], [ 36.58197, -0.02492 ], [ 36.58197, -0.02491 ], [ 36.58197, -0.0249 ], [ 36.58197, -0.02489 ], [ 36.58196, -0.02477 ], [ 36.58196, -0.02476 ], [ 36.58196, -0.02475 ], [ 36.58194, -0.02464 ], [ 36.58194, -0.02463 ], [ 36.58195, -0.0246 ], [ 36.58194, -0.02439 ], [ 36.58194, -0.02416 ], [ 36.58194, -0.02404 ], [ 36.58194, -0.02395 ], [ 36.58197, -0.02387 ], [ 36.58209, -0.0237 ], [ 36.58214, -0.02364 ], [ 36.58224, -0.02354 ], [ 36.58238, -0.02343 ], [ 36.58256, -0.02331 ], [ 36.58261, -0.02326 ], [ 36.5827, -0.0232 ], [ 36.58275, -0.02314 ], [ 36.58279, -0.02306 ], [ 36.58281, -0.02299 ], [ 36.58282, -0.02293 ], [ 36.58282, -0.02285 ], [ 36.58282, -0.02284 ], [ 36.58282, -0.02283 ], [ 36.58282, -0.02281 ], [ 36.58282, -0.02279 ], [ 36.58282, -0.02267 ], [ 36.58283, -0.02243 ], [ 36.58283, -0.02241 ], [ 36.58285, -0.02227 ], [ 36.58285, -0.02217 ], [ 36.58286, -0.02208 ], [ 36.5829, -0.02198 ], [ 36.58305, -0.02181 ], [ 36.58318, -0.02166 ], [ 36.58324, -0.02159 ], [ 36.58336, -0.02152 ], [ 36.58348, -0.02149 ], [ 36.58357, -0.02143 ], [ 36.58363, -0.02139 ], [ 36.58373, -0.02135 ], [ 36.58385, -0.02131 ], [ 36.58396, -0.02128 ], [ 36.58413, -0.02124 ], [ 36.58427, -0.02121 ], [ 36.58436, -0.0212 ], [ 36.5845, -0.0212 ], [ 36.58462, -0.02121 ], [ 36.58473, -0.0212 ], [ 36.58479, -0.02118 ], [ 36.58486, -0.02116 ], [ 36.58488, -0.02114 ], [ 36.58502, -0.02108 ], [ 36.58515, -0.021 ], [ 36.58542, -0.0209 ], [ 36.5855, -0.02088 ], [ 36.58558, -0.02086 ], [ 36.58566, -0.02084 ], [ 36.58574, -0.02083 ], [ 36.58588, -0.02077 ], [ 36.58607, -0.02067 ], [ 36.58613, -0.02063 ], [ 36.58626, -0.02062 ], [ 36.58634, -0.02059 ], [ 36.58636, -0.02056 ], [ 36.58641, -0.02049 ], [ 36.58654, -0.02039 ], [ 36.58659, -0.02032 ], [ 36.58663, -0.02027 ], [ 36.58673, -0.02023 ], [ 36.58682, -0.02021 ], [ 36.5869, -0.02021 ], [ 36.58697, -0.02021 ], [ 36.58705, -0.02022 ], [ 36.5871, -0.02023 ], [ 36.58718, -0.02031 ], [ 36.58724, -0.02039 ], [ 36.58735, -0.02047 ], [ 36.58745, -0.02062 ], [ 36.58754, -0.02069 ], [ 36.58789, -0.02082 ], [ 36.58806, -0.02082 ], [ 36.58818, -0.02082 ], [ 36.58843, -0.02081 ], [ 36.58855, -0.02078 ], [ 36.58861, -0.02071 ], [ 36.58863, -0.02065 ], [ 36.58866, -0.02059 ], [ 36.58872, -0.02052 ], [ 36.58882, -0.02044 ], [ 36.58892, -0.02038 ], [ 36.58904, -0.02032 ], [ 36.58911, -0.02028 ], [ 36.58942, -0.02028 ], [ 36.58947, -0.02031 ], [ 36.58956, -0.02036 ], [ 36.58969, -0.02048 ], [ 36.58981, -0.02061 ], [ 36.58992, -0.02069 ], [ 36.58997, -0.02072 ], [ 36.59005, -0.02074 ], [ 36.59015, -0.02074 ], [ 36.59024, -0.02073 ], [ 36.5904, -0.02066 ], [ 36.59047, -0.02061 ], [ 36.59053, -0.02057 ], [ 36.59065, -0.02056 ], [ 36.59082, -0.02047 ], [ 36.59099, -0.02046 ], [ 36.59753, -0.02019 ], [ 36.61201, -0.01957 ], [ 36.61311, -0.01952 ], [ 36.61436, -0.01946 ], [ 36.61706, -0.01933 ], [ 36.63252, -0.01856 ], [ 36.63905, -0.01823 ], [ 36.63993, -0.01816 ], [ 36.64041, -0.01812 ], [ 36.64167, -0.01801 ], [ 36.64309, -0.01787 ], [ 36.64602, -0.01757 ], [ 36.64668, -0.01751 ], [ 36.64798, -0.01739 ], [ 36.64846, -0.01735 ], [ 36.65064, -0.01716 ], [ 36.65069, -0.01715 ], [ 36.6506, -0.01697 ], [ 36.65006, -0.01578 ], [ 36.64966, -0.01494 ], [ 36.64932, -0.0142 ], [ 36.64367, -0.00147 ], [ 36.6376, 0.01267 ], [ 36.63349, 0.01075 ], [ 36.62649, 0.00826 ], [ 36.62631, 0.00819 ], [ 36.62559, 0.00792 ], [ 36.62557, 0.00835 ], [ 36.62555, 0.0089 ], [ 36.62555, 0.00921 ], [ 36.62558, 0.00935 ], [ 36.62561, 0.00953 ], [ 36.62568, 0.00978 ], [ 36.62573, 0.00994 ], [ 36.62584, 0.01012 ], [ 36.62589, 0.0102 ], [ 36.62612, 0.01045 ], [ 36.62618, 0.0105 ], [ 36.62645, 0.01071 ], [ 36.62668, 0.01091 ], [ 36.62673, 0.01098 ], [ 36.62679, 0.01108 ], [ 36.62681, 0.01135 ], [ 36.62677, 0.01154 ], [ 36.62676, 0.0116 ], [ 36.62675, 0.01167 ], [ 36.62675, 0.01177 ], [ 36.62693, 0.012 ], [ 36.62734, 0.0122 ], [ 36.62743, 0.01229 ], [ 36.62787, 0.01276 ], [ 36.62852, 0.01359 ], [ 36.62878, 0.01409 ], [ 36.62883, 0.01417 ], [ 36.62893, 0.01435 ], [ 36.62914, 0.01453 ], [ 36.62914, 0.01453 ], [ 36.62931, 0.01453 ], [ 36.62931, 0.01453 ], [ 36.62931, 0.01453 ], [ 36.62946, 0.01448 ], [ 36.62953, 0.01442 ], [ 36.62963, 0.01441 ], [ 36.62976, 0.01441 ], [ 36.62976, 0.01441 ], [ 36.62979, 0.01442 ], [ 36.62984, 0.01444 ], [ 36.62991, 0.0146 ], [ 36.63002, 0.01481 ], [ 36.63002, 0.01481 ], [ 36.63025, 0.01485 ], [ 36.63025, 0.01485 ], [ 36.63057, 0.01485 ], [ 36.63101, 0.01494 ], [ 36.6315, 0.01546 ], [ 36.6318, 0.01584 ], [ 36.63182, 0.01624 ], [ 36.63182, 0.01624 ], [ 36.63182, 0.01645 ], [ 36.63161, 0.01677 ], [ 36.6314, 0.01704 ], [ 36.6314, 0.01704 ], [ 36.63103, 0.01728 ], [ 36.63089, 0.01749 ], [ 36.63089, 0.0175 ], [ 36.63089, 0.01774 ], [ 36.63106, 0.01818 ], [ 36.63135, 0.01854 ], [ 36.63136, 0.01855 ], [ 36.63144, 0.01864 ], [ 36.63147, 0.01874 ], [ 36.63149, 0.01882 ], [ 36.63153, 0.01895 ], [ 36.63148, 0.01909 ], [ 36.63146, 0.01915 ], [ 36.63144, 0.01922 ], [ 36.63139, 0.01932 ], [ 36.63134, 0.0194 ], [ 36.63132, 0.01959 ], [ 36.63132, 0.01959 ], [ 36.63125, 0.02001 ], [ 36.6312, 0.02014 ], [ 36.63116, 0.02025 ], [ 36.63111, 0.02041 ], [ 36.63109, 0.0205 ], [ 36.63103, 0.02076 ], [ 36.63103, 0.02105 ], [ 36.63103, 0.02116 ], [ 36.63109, 0.02129 ], [ 36.63112, 0.02134 ], [ 36.63113, 0.02145 ], [ 36.63115, 0.02149 ], [ 36.6312, 0.02162 ], [ 36.63122, 0.02211 ], [ 36.63127, 0.02277 ], [ 36.63133, 0.02297 ], [ 36.63138, 0.02316 ], [ 36.63157, 0.02358 ], [ 36.63172, 0.02382 ], [ 36.6318, 0.02397 ], [ 36.63199, 0.02423 ], [ 36.63209, 0.02437 ], [ 36.63209, 0.02437 ], [ 36.63253, 0.02483 ], [ 36.63254, 0.02484 ], [ 36.63305, 0.0253 ], [ 36.63367, 0.02586 ], [ 36.6341, 0.02637 ], [ 36.63415, 0.02645 ], [ 36.63418, 0.02653 ], [ 36.63419, 0.02661 ], [ 36.6342, 0.02668 ], [ 36.6342, 0.02677 ], [ 36.6342, 0.02677 ], [ 36.6342, 0.02678 ], [ 36.63417, 0.02686 ], [ 36.63409, 0.02696 ], [ 36.63399, 0.02706 ], [ 36.63398, 0.02718 ], [ 36.63396, 0.02728 ], [ 36.6339, 0.02737 ], [ 36.63383, 0.02744 ], [ 36.63376, 0.02746 ], [ 36.63369, 0.02753 ], [ 36.63363, 0.02755 ], [ 36.63361, 0.02766 ], [ 36.63361, 0.02776 ], [ 36.63363, 0.02786 ], [ 36.63372, 0.02791 ], [ 36.63385, 0.02792 ], [ 36.63392, 0.02793 ], [ 36.63413, 0.02785 ], [ 36.63426, 0.02784 ], [ 36.63445, 0.0279 ], [ 36.6345, 0.02801 ], [ 36.63451, 0.0281 ], [ 36.63451, 0.0281 ], [ 36.63451, 0.02811 ], [ 36.63449, 0.02821 ], [ 36.63442, 0.02838 ], [ 36.63442, 0.02849 ], [ 36.63443, 0.02853 ], [ 36.63449, 0.02862 ], [ 36.63455, 0.02863 ], [ 36.63461, 0.02863 ], [ 36.63469, 0.02862 ], [ 36.63481, 0.02862 ], [ 36.63498, 0.02864 ], [ 36.63507, 0.02868 ], [ 36.63513, 0.02874 ], [ 36.63513, 0.02883 ], [ 36.63513, 0.02883 ], [ 36.63513, 0.02884 ], [ 36.63506, 0.02892 ], [ 36.63504, 0.02893 ], [ 36.63497, 0.029 ], [ 36.63495, 0.02908 ], [ 36.63495, 0.02915 ], [ 36.63505, 0.02924 ], [ 36.63511, 0.02934 ], [ 36.63511, 0.02935 ], [ 36.63511, 0.02935 ], [ 36.63505, 0.02959 ], [ 36.63495, 0.02968 ], [ 36.63483, 0.02972 ], [ 36.63471, 0.02989 ], [ 36.63473, 0.0301 ], [ 36.63475, 0.03034 ], [ 36.63475, 0.03035 ], [ 36.63475, 0.03035 ], [ 36.63475, 0.03052 ], [ 36.6347, 0.03064 ], [ 36.63466, 0.03072 ], [ 36.63458, 0.03081 ], [ 36.63448, 0.03093 ], [ 36.63441, 0.031 ], [ 36.63435, 0.03111 ], [ 36.63433, 0.03119 ], [ 36.63433, 0.03134 ], [ 36.63432, 0.03142 ], [ 36.63422, 0.03162 ], [ 36.63414, 0.03169 ], [ 36.63393, 0.03193 ], [ 36.63376, 0.03215 ], [ 36.63366, 0.03227 ], [ 36.63354, 0.03238 ], [ 36.6335, 0.03252 ], [ 36.63349, 0.03267 ], [ 36.63351, 0.0328 ], [ 36.63352, 0.03293 ], [ 36.63355, 0.03301 ], [ 36.63371, 0.03317 ], [ 36.63392, 0.03325 ], [ 36.63419, 0.03351 ], [ 36.63447, 0.03375 ], [ 36.63474, 0.03403 ], [ 36.63494, 0.03424 ], [ 36.63524, 0.03448 ], [ 36.6354, 0.03459 ], [ 36.63543, 0.03462 ], [ 36.63547, 0.03463 ], [ 36.63559, 0.03464 ], [ 36.63569, 0.0346 ], [ 36.63575, 0.03461 ], [ 36.6358, 0.03454 ], [ 36.63582, 0.03447 ], [ 36.63583, 0.03429 ], [ 36.63589, 0.03416 ], [ 36.6362, 0.03407 ], [ 36.6363, 0.03407 ], [ 36.63643, 0.03414 ], [ 36.63656, 0.03419 ], [ 36.6367, 0.03425 ], [ 36.63674, 0.03437 ], [ 36.63674, 0.03437 ], [ 36.63674, 0.03438 ], [ 36.63672, 0.03446 ], [ 36.63671, 0.03453 ], [ 36.63674, 0.03464 ], [ 36.63688, 0.03483 ], [ 36.63784, 0.03548 ], [ 36.63828, 0.03578 ], [ 36.63852, 0.03597 ], [ 36.6386, 0.03611 ], [ 36.63864, 0.0362 ], [ 36.63867, 0.0363 ], [ 36.63875, 0.03641 ], [ 36.63881, 0.03652 ], [ 36.63884, 0.03658 ], [ 36.63896, 0.03663 ], [ 36.63902, 0.03663 ], [ 36.63909, 0.03661 ], [ 36.63918, 0.03658 ], [ 36.63928, 0.03656 ], [ 36.63936, 0.03655 ], [ 36.63943, 0.03656 ], [ 36.63951, 0.03661 ], [ 36.63966, 0.03671 ], [ 36.63973, 0.03676 ], [ 36.63981, 0.0368 ], [ 36.63991, 0.03683 ], [ 36.64008, 0.03683 ], [ 36.64018, 0.03681 ], [ 36.6404, 0.03672 ], [ 36.64073, 0.03665 ], [ 36.64079, 0.03659 ], [ 36.64085, 0.03645 ], [ 36.64098, 0.03628 ], [ 36.64109, 0.03628 ], [ 36.64117, 0.03629 ], [ 36.64125, 0.03632 ], [ 36.64133, 0.03636 ], [ 36.64139, 0.03641 ], [ 36.64154, 0.03641 ], [ 36.64166, 0.03635 ], [ 36.64192, 0.03616 ], [ 36.64215, 0.03611 ], [ 36.64224, 0.03616 ], [ 36.6423, 0.03621 ], [ 36.64241, 0.03629 ], [ 36.64247, 0.03633 ], [ 36.64254, 0.03643 ], [ 36.6426, 0.03654 ], [ 36.64272, 0.03672 ], [ 36.64278, 0.03682 ], [ 36.64284, 0.03688 ], [ 36.6429, 0.03697 ], [ 36.64296, 0.03702 ], [ 36.64307, 0.03704 ], [ 36.64313, 0.03702 ], [ 36.64322, 0.03694 ], [ 36.64329, 0.03686 ], [ 36.64337, 0.03682 ], [ 36.64343, 0.03681 ], [ 36.64347, 0.03684 ], [ 36.6436, 0.03689 ], [ 36.64368, 0.03697 ], [ 36.64373, 0.03702 ], [ 36.64379, 0.03709 ], [ 36.64384, 0.03714 ], [ 36.64404, 0.03715 ], [ 36.6441, 0.03715 ], [ 36.64419, 0.03724 ], [ 36.64426, 0.03731 ], [ 36.64428, 0.03731 ], [ 36.64435, 0.03729 ], [ 36.64441, 0.03725 ], [ 36.64441, 0.0372 ], [ 36.64441, 0.03716 ], [ 36.64441, 0.03708 ], [ 36.64441, 0.03696 ], [ 36.64446, 0.03685 ], [ 36.64449, 0.03684 ], [ 36.64456, 0.03685 ], [ 36.6446, 0.03688 ], [ 36.64468, 0.03694 ], [ 36.64473, 0.03699 ], [ 36.64477, 0.03707 ], [ 36.64481, 0.03721 ], [ 36.64492, 0.03735 ], [ 36.64503, 0.03742 ], [ 36.64507, 0.03745 ], [ 36.64513, 0.03745 ], [ 36.64523, 0.03745 ], [ 36.64527, 0.0374 ], [ 36.64535, 0.03734 ], [ 36.64544, 0.03729 ], [ 36.64562, 0.03725 ], [ 36.64574, 0.03725 ], [ 36.6459, 0.03726 ], [ 36.64607, 0.03726 ], [ 36.64624, 0.03726 ], [ 36.6464, 0.03726 ], [ 36.64653, 0.03727 ], [ 36.64669, 0.03728 ], [ 36.6468, 0.03729 ], [ 36.64698, 0.03729 ], [ 36.64709, 0.03729 ], [ 36.64729, 0.03724 ], [ 36.64748, 0.03716 ], [ 36.64759, 0.03709 ], [ 36.64772, 0.0371 ], [ 36.6478, 0.03714 ], [ 36.6479, 0.0371 ], [ 36.64812, 0.03687 ], [ 36.64818, 0.0368 ], [ 36.64837, 0.03673 ], [ 36.64851, 0.03669 ], [ 36.64871, 0.03667 ], [ 36.64885, 0.03667 ], [ 36.649, 0.03665 ], [ 36.64916, 0.03665 ], [ 36.64944, 0.03656 ], [ 36.64951, 0.03656 ], [ 36.64959, 0.03656 ], [ 36.64971, 0.03664 ], [ 36.6498, 0.03665 ], [ 36.64996, 0.03662 ], [ 36.65014, 0.03656 ], [ 36.65029, 0.03655 ], [ 36.65041, 0.03656 ], [ 36.65052, 0.03658 ], [ 36.65068, 0.03665 ], [ 36.65078, 0.03671 ], [ 36.65092, 0.03671 ], [ 36.65102, 0.0367 ], [ 36.65114, 0.03668 ], [ 36.65134, 0.03654 ], [ 36.65146, 0.03647 ], [ 36.65162, 0.03639 ], [ 36.65166, 0.03633 ], [ 36.6517, 0.03633 ], [ 36.65178, 0.03634 ], [ 36.65184, 0.03641 ], [ 36.65199, 0.0365 ], [ 36.65204, 0.03663 ], [ 36.65213, 0.03697 ], [ 36.6523, 0.03726 ], [ 36.65238, 0.03736 ], [ 36.65248, 0.03737 ], [ 36.65257, 0.03736 ], [ 36.65284, 0.03735 ], [ 36.65296, 0.03736 ], [ 36.65304, 0.03742 ], [ 36.65305, 0.03751 ], [ 36.65305, 0.03751 ], [ 36.65305, 0.03752 ], [ 36.65297, 0.03762 ], [ 36.65282, 0.03771 ], [ 36.65265, 0.03779 ], [ 36.65258, 0.03787 ], [ 36.6525, 0.03798 ], [ 36.6525, 0.03803 ], [ 36.6525, 0.03804 ], [ 36.6525, 0.03808 ], [ 36.65265, 0.03818 ], [ 36.65294, 0.0382 ], [ 36.65321, 0.03825 ], [ 36.65329, 0.03828 ], [ 36.65334, 0.03834 ], [ 36.65342, 0.03839 ], [ 36.65349, 0.03847 ], [ 36.65351, 0.03853 ], [ 36.65363, 0.03904 ], [ 36.65363, 0.03904 ], [ 36.65362, 0.03926 ], [ 36.65359, 0.03949 ], [ 36.65367, 0.03973 ], [ 36.65373, 0.03982 ], [ 36.65391, 0.03995 ], [ 36.65402, 0.03996 ], [ 36.65416, 0.03996 ], [ 36.65424, 0.04 ], [ 36.65433, 0.04007 ], [ 36.65443, 0.04015 ], [ 36.6545, 0.04025 ], [ 36.65453, 0.04053 ], [ 36.65458, 0.04058 ], [ 36.65463, 0.04061 ], [ 36.65466, 0.04061 ], [ 36.65478, 0.04061 ], [ 36.6549, 0.04063 ], [ 36.65495, 0.04067 ], [ 36.65499, 0.0407 ], [ 36.65509, 0.04083 ], [ 36.65509, 0.04084 ], [ 36.65509, 0.04084 ], [ 36.65508, 0.04143 ], [ 36.65507, 0.04163 ], [ 36.65507, 0.04172 ], [ 36.65521, 0.04192 ], [ 36.65528, 0.04202 ], [ 36.65534, 0.04214 ], [ 36.65544, 0.04224 ], [ 36.65552, 0.04237 ], [ 36.65578, 0.0427 ], [ 36.65592, 0.04292 ], [ 36.65594, 0.04305 ], [ 36.65596, 0.04317 ], [ 36.65597, 0.04326 ], [ 36.65601, 0.04335 ], [ 36.65606, 0.04339 ], [ 36.65614, 0.04343 ], [ 36.65626, 0.04346 ], [ 36.65636, 0.0435 ], [ 36.65642, 0.04356 ], [ 36.65649, 0.04365 ], [ 36.65655, 0.04379 ], [ 36.65659, 0.04392 ], [ 36.65661, 0.04421 ], [ 36.65668, 0.04428 ], [ 36.65678, 0.04433 ], [ 36.65688, 0.04435 ], [ 36.65704, 0.04438 ], [ 36.65718, 0.04443 ], [ 36.6574, 0.04455 ], [ 36.65748, 0.04458 ], [ 36.65763, 0.04466 ], [ 36.65864, 0.04539 ], [ 36.65882, 0.0456 ], [ 36.6589, 0.04569 ], [ 36.65903, 0.04579 ], [ 36.65928, 0.04583 ], [ 36.65946, 0.04584 ], [ 36.6596, 0.04583 ], [ 36.65993, 0.04582 ], [ 36.66011, 0.04584 ], [ 36.66022, 0.04592 ], [ 36.6603, 0.04603 ], [ 36.66035, 0.04613 ], [ 36.66049, 0.04625 ], [ 36.66059, 0.04633 ], [ 36.66073, 0.04639 ], [ 36.66102, 0.04662 ], [ 36.66117, 0.04672 ], [ 36.66135, 0.04705 ], [ 36.66166, 0.04754 ], [ 36.66195, 0.04803 ], [ 36.66207, 0.04829 ], [ 36.66212, 0.04837 ], [ 36.66217, 0.04841 ], [ 36.66223, 0.04843 ], [ 36.66231, 0.04844 ], [ 36.66233, 0.04851 ], [ 36.66233, 0.04852 ], [ 36.66233, 0.04852 ], [ 36.66232, 0.04866 ], [ 36.6622, 0.04885 ], [ 36.6622, 0.04893 ], [ 36.66224, 0.04897 ], [ 36.66228, 0.04902 ], [ 36.66232, 0.04905 ], [ 36.66242, 0.04912 ], [ 36.6625, 0.04922 ], [ 36.66253, 0.04934 ], [ 36.66255, 0.04954 ], [ 36.6626, 0.04971 ], [ 36.66265, 0.04982 ], [ 36.66275, 0.04993 ], [ 36.66278, 0.05003 ], [ 36.66278, 0.05004 ], [ 36.66278, 0.05004 ], [ 36.66278, 0.05019 ], [ 36.66273, 0.05028 ], [ 36.6627, 0.05032 ], [ 36.66264, 0.05039 ], [ 36.66264, 0.05045 ], [ 36.66278, 0.05068 ], [ 36.6629, 0.05076 ], [ 36.663, 0.05089 ], [ 36.66308, 0.051 ], [ 36.6632, 0.05114 ], [ 36.66328, 0.05125 ], [ 36.66338, 0.05142 ], [ 36.66343, 0.05158 ], [ 36.66345, 0.05168 ], [ 36.66347, 0.05177 ], [ 36.66364, 0.0519 ], [ 36.66375, 0.05194 ], [ 36.66392, 0.05194 ], [ 36.66402, 0.05194 ], [ 36.66409, 0.05197 ], [ 36.66416, 0.05203 ], [ 36.66421, 0.05213 ], [ 36.66424, 0.05238 ], [ 36.66428, 0.05244 ], [ 36.66432, 0.05248 ], [ 36.66456, 0.05248 ], [ 36.66467, 0.05248 ], [ 36.66481, 0.0525 ], [ 36.66488, 0.05258 ], [ 36.66493, 0.05268 ], [ 36.66501, 0.05282 ], [ 36.66501, 0.05297 ], [ 36.66501, 0.05297 ], [ 36.66501, 0.05298 ], [ 36.665, 0.05303 ], [ 36.66496, 0.05309 ], [ 36.66481, 0.05326 ], [ 36.66473, 0.05335 ], [ 36.66468, 0.05341 ], [ 36.66467, 0.0535 ], [ 36.66467, 0.05354 ], [ 36.66473, 0.05362 ], [ 36.66479, 0.05366 ], [ 36.66497, 0.05366 ], [ 36.66502, 0.05368 ], [ 36.66509, 0.05369 ], [ 36.66522, 0.05369 ], [ 36.66529, 0.0537 ], [ 36.66544, 0.05379 ], [ 36.66562, 0.05402 ], [ 36.66571, 0.0542 ], [ 36.66575, 0.05447 ], [ 36.66575, 0.05448 ], [ 36.66575, 0.05448 ], [ 36.66573, 0.05457 ], [ 36.66572, 0.05466 ], [ 36.66572, 0.05466 ], [ 36.66572, 0.05475 ], [ 36.66572, 0.05486 ], [ 36.66574, 0.05505 ], [ 36.66584, 0.05515 ], [ 36.66601, 0.05525 ], [ 36.66607, 0.0553 ], [ 36.66611, 0.05536 ], [ 36.66611, 0.05537 ], [ 36.66609, 0.05545 ], [ 36.66605, 0.05549 ], [ 36.66599, 0.05552 ], [ 36.66592, 0.05558 ], [ 36.66584, 0.05565 ], [ 36.66582, 0.0557 ], [ 36.66582, 0.05574 ], [ 36.66585, 0.05584 ], [ 36.66588, 0.05599 ], [ 36.66588, 0.056 ], [ 36.66588, 0.056 ], [ 36.6658, 0.05621 ], [ 36.66573, 0.05628 ], [ 36.66565, 0.05635 ], [ 36.66533, 0.0565 ], [ 36.66528, 0.05659 ], [ 36.66527, 0.05667 ], [ 36.66527, 0.05671 ], [ 36.66528, 0.05678 ], [ 36.6653, 0.05683 ], [ 36.66539, 0.05694 ], [ 36.66547, 0.05698 ], [ 36.66556, 0.05701 ], [ 36.6656, 0.05701 ], [ 36.66564, 0.05705 ], [ 36.66564, 0.05706 ], [ 36.66564, 0.0571 ], [ 36.66564, 0.05712 ], [ 36.66564, 0.05719 ], [ 36.66564, 0.0572 ], [ 36.66559, 0.0573 ], [ 36.66557, 0.05733 ], [ 36.66554, 0.05735 ], [ 36.66551, 0.05738 ], [ 36.66551, 0.0574 ], [ 36.66552, 0.05749 ], [ 36.66558, 0.05755 ], [ 36.66563, 0.05762 ], [ 36.66565, 0.05769 ], [ 36.66568, 0.05784 ], [ 36.66569, 0.05802 ], [ 36.66572, 0.05804 ], [ 36.6658, 0.05805 ], [ 36.66585, 0.05805 ], [ 36.66593, 0.05805 ], [ 36.66598, 0.05813 ], [ 36.666, 0.05821 ], [ 36.666, 0.05822 ], [ 36.666, 0.05822 ], [ 36.666, 0.05829 ], [ 36.666, 0.05837 ], [ 36.66593, 0.05855 ], [ 36.66593, 0.05855 ], [ 36.66593, 0.05867 ], [ 36.66596, 0.05873 ], [ 36.666, 0.05882 ], [ 36.66602, 0.05893 ], [ 36.66605, 0.05907 ], [ 36.66607, 0.05976 ], [ 36.6661, 0.05992 ], [ 36.66614, 0.06 ], [ 36.66628, 0.06011 ], [ 36.66648, 0.06018 ], [ 36.66666, 0.06025 ], [ 36.66685, 0.06027 ], [ 36.66701, 0.06027 ], [ 36.66723, 0.06029 ], [ 36.66731, 0.0603 ], [ 36.66732, 0.06035 ], [ 36.66735, 0.06039 ], [ 36.66735, 0.06039 ], [ 36.66733, 0.06057 ], [ 36.66733, 0.06058 ], [ 36.66734, 0.06068 ], [ 36.66736, 0.06075 ], [ 36.66738, 0.06081 ], [ 36.66747, 0.06092 ], [ 36.66759, 0.06112 ], [ 36.66765, 0.06121 ], [ 36.66771, 0.06133 ], [ 36.66778, 0.06143 ], [ 36.6679, 0.06156 ], [ 36.66799, 0.06164 ], [ 36.66805, 0.06172 ], [ 36.66814, 0.06189 ], [ 36.66819, 0.06197 ], [ 36.66825, 0.06203 ], [ 36.66827, 0.06212 ], [ 36.66827, 0.06219 ], [ 36.66829, 0.06241 ], [ 36.66833, 0.06253 ], [ 36.66843, 0.06263 ], [ 36.66853, 0.06265 ], [ 36.66862, 0.06268 ], [ 36.66876, 0.06275 ], [ 36.66881, 0.06284 ], [ 36.66885, 0.06292 ], [ 36.66912, 0.06324 ], [ 36.66935, 0.06352 ], [ 36.66946, 0.0636 ], [ 36.66957, 0.06363 ], [ 36.66964, 0.06364 ], [ 36.66972, 0.06364 ], [ 36.66986, 0.06361 ], [ 36.66992, 0.0636 ], [ 36.66999, 0.0636 ], [ 36.67008, 0.0636 ], [ 36.67018, 0.06361 ], [ 36.6703, 0.06367 ], [ 36.67042, 0.06377 ], [ 36.67053, 0.06384 ], [ 36.67072, 0.06384 ], [ 36.67084, 0.06384 ], [ 36.67101, 0.06383 ], [ 36.67115, 0.06381 ], [ 36.67128, 0.06378 ], [ 36.6714, 0.06376 ], [ 36.67148, 0.06376 ], [ 36.67156, 0.06381 ], [ 36.6716, 0.06386 ], [ 36.67161, 0.06394 ], [ 36.67162, 0.06399 ], [ 36.67172, 0.06408 ], [ 36.67187, 0.06417 ], [ 36.67203, 0.06425 ], [ 36.67218, 0.06433 ], [ 36.67242, 0.06443 ], [ 36.6725, 0.06444 ], [ 36.67259, 0.06444 ], [ 36.67267, 0.06452 ], [ 36.67273, 0.06463 ], [ 36.67278, 0.06481 ], [ 36.67282, 0.06483 ], [ 36.6729, 0.06489 ], [ 36.67297, 0.0649 ], [ 36.67302, 0.0649 ], [ 36.67311, 0.0649 ], [ 36.67323, 0.06495 ], [ 36.67335, 0.06545 ], [ 36.67344, 0.06566 ], [ 36.67349, 0.0658 ], [ 36.67355, 0.06592 ], [ 36.67371, 0.06603 ], [ 36.6739, 0.06616 ], [ 36.67391, 0.06616 ], [ 36.67391, 0.06616 ], [ 36.67392, 0.06616 ], [ 36.67392, 0.06616 ], [ 36.67467, 0.06505 ], [ 36.67514, 0.06466 ], [ 36.67514, 0.06466 ], [ 36.67552, 0.06446 ], [ 36.67593, 0.06422 ], [ 36.67647, 0.06418 ], [ 36.67647, 0.06418 ], [ 36.67695, 0.06428 ], [ 36.67695, 0.06428 ], [ 36.67716, 0.06455 ], [ 36.67746, 0.0649 ], [ 36.67764, 0.06534 ], [ 36.67767, 0.06584 ], [ 36.67761, 0.06613 ], [ 36.67754, 0.06642 ], [ 36.67753, 0.06666 ], [ 36.67751, 0.06713 ], [ 36.67759, 0.06746 ], [ 36.67763, 0.06762 ], [ 36.67787, 0.06811 ], [ 36.67826, 0.06849 ], [ 36.67891, 0.06879 ], [ 36.6793, 0.06885 ], [ 36.67941, 0.06887 ], [ 36.67941, 0.06887 ], [ 36.67968, 0.06887 ], [ 36.67994, 0.06879 ], [ 36.68006, 0.06876 ], [ 36.68006, 0.06876 ], [ 36.68006, 0.06876 ], [ 36.68036, 0.06876 ], [ 36.68051, 0.06876 ], [ 36.68079, 0.06875 ], [ 36.68079, 0.06875 ], [ 36.68147, 0.06897 ], [ 36.68147, 0.06897 ], [ 36.68211, 0.06914 ], [ 36.68265, 0.06926 ], [ 36.68334, 0.06932 ], [ 36.68334, 0.06932 ], [ 36.68384, 0.06936 ], [ 36.68444, 0.0695 ], [ 36.68471, 0.06956 ], [ 36.68583, 0.06977 ], [ 36.68674, 0.06984 ], [ 36.68714, 0.06988 ], [ 36.68856, 0.07005 ], [ 36.68998, 0.07022 ], [ 36.69295, 0.07063 ], [ 36.69295, 0.07063 ], [ 36.69335, 0.07068 ], [ 36.69512, 0.07089 ], [ 36.6965, 0.07102 ], [ 36.69708, 0.07107 ], [ 36.69812, 0.0712 ], [ 36.69883, 0.07135 ], [ 36.69883, 0.07135 ], [ 36.69915, 0.07148 ], [ 36.70002, 0.07182 ], [ 36.70047, 0.07201 ], [ 36.70112, 0.07227 ], [ 36.70247, 0.07282 ], [ 36.70333, 0.07316 ], [ 36.70637, 0.07459 ], [ 36.70812, 0.07542 ], [ 36.70929, 0.07597 ], [ 36.71159, 0.07707 ], [ 36.71221, 0.07739 ], [ 36.71319, 0.0779 ], [ 36.71418, 0.07835 ], [ 36.71528, 0.07886 ], [ 36.71641, 0.07953 ], [ 36.71728, 0.08004 ], [ 36.71861, 0.08067 ], [ 36.71861, 0.08067 ], [ 36.71906, 0.08093 ], [ 36.71906, 0.08093 ], [ 36.71944, 0.08096 ], [ 36.71992, 0.08106 ], [ 36.72075, 0.08104 ], [ 36.72075, 0.08104 ], [ 36.73067, 0.08119 ], [ 36.73067, 0.08119 ], [ 36.73699, 0.08132 ], [ 36.74051, 0.08144 ], [ 36.74051, 0.08144 ], [ 36.74568, 0.08151 ], [ 36.75049, 0.08157 ], [ 36.75049, 0.08157 ], [ 36.75419, 0.08157 ], [ 36.75419, 0.08157 ], [ 36.75592, 0.08164 ], [ 36.75592, 0.08164 ], [ 36.75641, 0.08153 ], [ 36.75769, 0.08209 ], [ 36.758, 0.08192 ], [ 36.75891, 0.08158 ], [ 36.7605, 0.08084 ], [ 36.76176, 0.08033 ], [ 36.76292, 0.0798 ], [ 36.76462, 0.07908 ], [ 36.76488, 0.079 ], [ 36.76712, 0.07803 ], [ 36.76955, 0.07712 ], [ 36.77086, 0.07645 ], [ 36.7712, 0.07563 ], [ 36.7712, 0.07558 ], [ 36.7712, 0.07551 ], [ 36.77115, 0.0753 ], [ 36.77111, 0.07524 ], [ 36.77108, 0.07519 ], [ 36.77103, 0.07514 ], [ 36.77098, 0.07513 ], [ 36.77094, 0.0751 ], [ 36.77084, 0.07503 ], [ 36.77079, 0.07494 ], [ 36.77075, 0.07464 ], [ 36.77075, 0.07459 ], [ 36.77072, 0.07453 ], [ 36.7707, 0.07449 ], [ 36.77068, 0.07447 ], [ 36.77064, 0.07444 ], [ 36.7706, 0.07441 ], [ 36.77056, 0.07435 ], [ 36.77054, 0.07432 ], [ 36.77051, 0.07427 ], [ 36.7705, 0.07423 ], [ 36.77048, 0.07416 ], [ 36.77045, 0.07408 ], [ 36.77045, 0.07404 ], [ 36.77045, 0.07397 ], [ 36.77044, 0.07392 ], [ 36.77044, 0.0736 ], [ 36.77044, 0.07343 ], [ 36.77045, 0.07338 ], [ 36.77045, 0.07321 ], [ 36.77047, 0.07306 ], [ 36.77054, 0.07298 ], [ 36.77062, 0.07292 ], [ 36.77071, 0.07284 ], [ 36.77079, 0.07269 ], [ 36.77083, 0.07263 ], [ 36.77084, 0.07256 ], [ 36.77084, 0.07249 ], [ 36.77081, 0.07242 ], [ 36.77075, 0.07213 ], [ 36.77071, 0.07205 ], [ 36.77069, 0.07196 ], [ 36.77064, 0.07189 ], [ 36.77063, 0.07183 ], [ 36.7706, 0.07177 ], [ 36.77056, 0.07167 ], [ 36.77049, 0.07158 ], [ 36.7704, 0.07144 ], [ 36.77036, 0.0714 ], [ 36.77032, 0.07138 ], [ 36.77027, 0.07134 ], [ 36.77023, 0.07129 ], [ 36.77016, 0.07128 ], [ 36.77009, 0.07128 ], [ 36.77003, 0.07127 ], [ 36.76998, 0.07127 ], [ 36.7698, 0.07128 ], [ 36.76975, 0.07128 ], [ 36.76963, 0.07128 ], [ 36.76956, 0.07126 ], [ 36.76947, 0.07123 ], [ 36.76932, 0.07114 ], [ 36.76926, 0.0711 ], [ 36.7692, 0.07109 ], [ 36.76914, 0.07106 ], [ 36.76909, 0.07102 ], [ 36.76905, 0.07097 ], [ 36.76903, 0.07091 ], [ 36.769, 0.07086 ], [ 36.769, 0.07079 ], [ 36.769, 0.07072 ], [ 36.769, 0.07064 ], [ 36.76894, 0.07045 ], [ 36.76893, 0.07038 ], [ 36.76891, 0.07031 ], [ 36.76886, 0.07024 ], [ 36.76881, 0.07019 ], [ 36.76869, 0.07008 ], [ 36.76862, 0.07005 ], [ 36.76839, 0.06993 ], [ 36.76832, 0.06987 ], [ 36.76825, 0.06981 ], [ 36.76817, 0.06977 ], [ 36.76809, 0.06969 ], [ 36.76798, 0.06961 ], [ 36.76785, 0.06945 ], [ 36.7678, 0.06938 ], [ 36.76773, 0.06922 ], [ 36.76773, 0.06916 ], [ 36.76775, 0.06903 ], [ 36.76776, 0.06895 ], [ 36.76781, 0.06888 ], [ 36.76785, 0.06879 ], [ 36.76793, 0.0687 ], [ 36.76801, 0.06859 ], [ 36.76801, 0.06853 ], [ 36.76801, 0.06846 ], [ 36.768, 0.06841 ], [ 36.76798, 0.06837 ], [ 36.76789, 0.06821 ], [ 36.76785, 0.06813 ], [ 36.76776, 0.06803 ], [ 36.76772, 0.0679 ], [ 36.76772, 0.06782 ], [ 36.7677, 0.06774 ], [ 36.7677, 0.06764 ], [ 36.7677, 0.06751 ], [ 36.76772, 0.06709 ], [ 36.76772, 0.06698 ], [ 36.76772, 0.06694 ], [ 36.76773, 0.06681 ], [ 36.76776, 0.06673 ], [ 36.76776, 0.06665 ], [ 36.76778, 0.06658 ], [ 36.7678, 0.06654 ], [ 36.76784, 0.06651 ], [ 36.76789, 0.0665 ], [ 36.76797, 0.06646 ], [ 36.76799, 0.06641 ], [ 36.76799, 0.06638 ], [ 36.76799, 0.06632 ], [ 36.76797, 0.06628 ], [ 36.76793, 0.06623 ], [ 36.76785, 0.06611 ], [ 36.7678, 0.06605 ], [ 36.76779, 0.06597 ], [ 36.7678, 0.06593 ], [ 36.7678, 0.06584 ], [ 36.76778, 0.0658 ], [ 36.76769, 0.06567 ], [ 36.76766, 0.06555 ], [ 36.76767, 0.06532 ], [ 36.76766, 0.06525 ], [ 36.76763, 0.06521 ], [ 36.76743, 0.06513 ], [ 36.76736, 0.06511 ], [ 36.76729, 0.06505 ], [ 36.76722, 0.06502 ], [ 36.76717, 0.06496 ], [ 36.76714, 0.06491 ], [ 36.76713, 0.06485 ], [ 36.76713, 0.06479 ], [ 36.76717, 0.06472 ], [ 36.7672, 0.06464 ], [ 36.7672, 0.0646 ], [ 36.7672, 0.06451 ], [ 36.76717, 0.06443 ], [ 36.76716, 0.06437 ], [ 36.76714, 0.06432 ], [ 36.76711, 0.06427 ], [ 36.76708, 0.06422 ], [ 36.76703, 0.06416 ], [ 36.767, 0.0641 ], [ 36.76696, 0.06405 ], [ 36.76691, 0.06397 ], [ 36.76688, 0.0639 ], [ 36.76685, 0.06383 ], [ 36.76681, 0.06375 ], [ 36.76676, 0.06359 ], [ 36.76676, 0.06345 ], [ 36.76676, 0.06341 ], [ 36.76679, 0.06332 ], [ 36.76679, 0.06325 ], [ 36.76679, 0.06313 ], [ 36.76681, 0.06294 ], [ 36.76684, 0.06288 ], [ 36.76684, 0.06283 ], [ 36.76684, 0.06278 ], [ 36.76682, 0.06274 ], [ 36.76677, 0.0627 ], [ 36.76672, 0.06266 ], [ 36.76667, 0.06265 ], [ 36.76656, 0.06264 ], [ 36.76646, 0.0626 ], [ 36.76618, 0.06249 ], [ 36.76604, 0.06245 ], [ 36.76589, 0.06238 ], [ 36.76582, 0.06235 ], [ 36.76577, 0.06233 ], [ 36.76573, 0.06229 ], [ 36.76569, 0.06226 ], [ 36.7656, 0.06216 ], [ 36.7655, 0.06206 ], [ 36.76544, 0.062 ], [ 36.76543, 0.06196 ], [ 36.76538, 0.0619 ], [ 36.76532, 0.06182 ], [ 36.76519, 0.06163 ], [ 36.76517, 0.06155 ], [ 36.76514, 0.06146 ], [ 36.7651, 0.06138 ], [ 36.76508, 0.06132 ], [ 36.76504, 0.0611 ], [ 36.76503, 0.06105 ], [ 36.76503, 0.061 ], [ 36.76503, 0.06094 ], [ 36.76504, 0.06087 ], [ 36.76506, 0.06082 ], [ 36.7651, 0.06078 ], [ 36.76516, 0.06077 ], [ 36.7652, 0.06077 ], [ 36.76525, 0.06076 ], [ 36.76528, 0.06075 ], [ 36.76531, 0.0607 ], [ 36.76534, 0.06062 ], [ 36.76536, 0.06055 ], [ 36.76537, 0.06042 ], [ 36.76537, 0.0604 ], [ 36.76537, 0.06031 ], [ 36.76537, 0.06024 ], [ 36.76532, 0.06011 ], [ 36.76529, 0.06005 ], [ 36.76525, 0.05998 ], [ 36.76518, 0.05994 ], [ 36.76511, 0.05991 ], [ 36.76504, 0.05988 ], [ 36.76496, 0.05983 ], [ 36.76491, 0.05975 ], [ 36.7649, 0.05971 ], [ 36.7649, 0.05966 ], [ 36.7649, 0.05961 ], [ 36.76495, 0.05957 ], [ 36.76501, 0.0595 ], [ 36.76504, 0.05948 ], [ 36.76507, 0.05944 ], [ 36.7651, 0.05939 ], [ 36.7651, 0.05933 ], [ 36.76507, 0.05926 ], [ 36.76504, 0.05923 ], [ 36.76499, 0.05919 ], [ 36.76494, 0.05914 ], [ 36.7648, 0.05902 ], [ 36.76467, 0.05894 ], [ 36.76464, 0.05892 ], [ 36.76459, 0.05888 ], [ 36.76456, 0.05879 ], [ 36.76455, 0.05864 ], [ 36.76456, 0.05857 ], [ 36.76457, 0.05849 ], [ 36.76462, 0.05842 ], [ 36.76464, 0.05839 ], [ 36.76468, 0.0583 ], [ 36.7647, 0.05817 ], [ 36.76469, 0.0581 ], [ 36.76468, 0.05809 ], [ 36.7646, 0.05805 ], [ 36.76457, 0.05804 ], [ 36.76449, 0.05802 ], [ 36.76445, 0.05802 ], [ 36.76443, 0.05802 ], [ 36.76438, 0.058 ], [ 36.76433, 0.05796 ], [ 36.76425, 0.05791 ], [ 36.76415, 0.05779 ], [ 36.76413, 0.05774 ], [ 36.76403, 0.05762 ], [ 36.76401, 0.05758 ], [ 36.76396, 0.05757 ], [ 36.76389, 0.05759 ], [ 36.76387, 0.05761 ], [ 36.76383, 0.05769 ], [ 36.76381, 0.0577 ], [ 36.76377, 0.0577 ], [ 36.76372, 0.05768 ], [ 36.76369, 0.05766 ], [ 36.76361, 0.05764 ], [ 36.76357, 0.0576 ], [ 36.76352, 0.05756 ], [ 36.76348, 0.05753 ], [ 36.76346, 0.05743 ], [ 36.76342, 0.05738 ], [ 36.76339, 0.05732 ], [ 36.76336, 0.05727 ], [ 36.76337, 0.05722 ], [ 36.76341, 0.05717 ], [ 36.76346, 0.05715 ], [ 36.76352, 0.05712 ], [ 36.76357, 0.05711 ], [ 36.76362, 0.05711 ], [ 36.76365, 0.05708 ], [ 36.76369, 0.05705 ], [ 36.76371, 0.05699 ], [ 36.76371, 0.05693 ], [ 36.76371, 0.05689 ], [ 36.76374, 0.05683 ], [ 36.76377, 0.05681 ], [ 36.76379, 0.05678 ], [ 36.76382, 0.05675 ], [ 36.76381, 0.05663 ], [ 36.76376, 0.05657 ], [ 36.76369, 0.05655 ], [ 36.76357, 0.05657 ], [ 36.76342, 0.0567 ], [ 36.76333, 0.05671 ], [ 36.76327, 0.05671 ], [ 36.76312, 0.05664 ], [ 36.76305, 0.05659 ], [ 36.76301, 0.05654 ], [ 36.76299, 0.05647 ], [ 36.76296, 0.05637 ], [ 36.76296, 0.05622 ], [ 36.763, 0.05614 ], [ 36.76307, 0.0561 ], [ 36.76312, 0.05606 ], [ 36.76317, 0.05606 ], [ 36.7632, 0.05606 ], [ 36.76325, 0.05601 ], [ 36.76327, 0.05593 ], [ 36.76327, 0.05584 ], [ 36.76327, 0.05578 ], [ 36.76323, 0.05575 ], [ 36.76319, 0.05571 ], [ 36.76314, 0.05566 ], [ 36.76309, 0.0556 ], [ 36.76302, 0.05556 ], [ 36.76298, 0.05551 ], [ 36.76298, 0.05544 ], [ 36.76298, 0.05538 ], [ 36.76299, 0.05531 ], [ 36.76295, 0.05517 ], [ 36.76292, 0.05511 ], [ 36.76287, 0.05506 ], [ 36.76282, 0.05498 ], [ 36.7628, 0.05488 ], [ 36.7628, 0.0548 ], [ 36.7628, 0.05471 ], [ 36.7628, 0.05463 ], [ 36.76277, 0.05455 ], [ 36.76271, 0.05447 ], [ 36.76266, 0.05438 ], [ 36.76264, 0.05431 ], [ 36.76258, 0.05423 ], [ 36.76251, 0.05406 ], [ 36.7625, 0.05401 ], [ 36.76248, 0.05393 ], [ 36.76242, 0.05388 ], [ 36.76234, 0.05384 ], [ 36.76225, 0.05382 ], [ 36.76214, 0.05381 ], [ 36.76208, 0.0538 ], [ 36.76198, 0.0538 ], [ 36.76184, 0.05381 ], [ 36.76172, 0.05381 ], [ 36.76162, 0.05384 ], [ 36.76154, 0.05387 ], [ 36.76145, 0.05387 ], [ 36.76131, 0.05388 ], [ 36.7612, 0.05389 ], [ 36.76111, 0.05389 ], [ 36.76105, 0.05388 ], [ 36.76097, 0.05382 ], [ 36.76094, 0.05377 ], [ 36.7609, 0.05367 ], [ 36.76088, 0.05362 ], [ 36.76087, 0.05359 ], [ 36.76084, 0.05354 ], [ 36.76083, 0.05349 ], [ 36.76079, 0.05344 ], [ 36.76078, 0.05339 ], [ 36.76076, 0.05334 ], [ 36.76076, 0.05325 ], [ 36.76076, 0.05319 ], [ 36.76076, 0.05313 ], [ 36.76072, 0.05308 ], [ 36.76061, 0.05299 ], [ 36.76057, 0.05295 ], [ 36.76038, 0.05279 ], [ 36.76037, 0.05274 ], [ 36.76037, 0.05269 ], [ 36.76035, 0.05256 ], [ 36.76035, 0.0525 ], [ 36.76035, 0.05242 ], [ 36.76033, 0.05235 ], [ 36.76026, 0.05228 ], [ 36.76017, 0.0522 ], [ 36.76018, 0.05212 ], [ 36.76021, 0.05207 ], [ 36.76025, 0.05202 ], [ 36.76027, 0.05195 ], [ 36.76025, 0.05187 ], [ 36.76022, 0.05178 ], [ 36.76014, 0.05174 ], [ 36.76006, 0.05169 ], [ 36.75999, 0.05168 ], [ 36.75989, 0.05167 ], [ 36.75981, 0.05171 ], [ 36.75968, 0.05179 ], [ 36.75962, 0.05186 ], [ 36.75952, 0.05194 ], [ 36.7594, 0.05195 ], [ 36.75936, 0.05195 ], [ 36.75931, 0.05194 ], [ 36.75923, 0.05187 ], [ 36.75917, 0.0518 ], [ 36.75909, 0.05176 ], [ 36.759, 0.0517 ], [ 36.75893, 0.05171 ], [ 36.7589, 0.05175 ], [ 36.75883, 0.0518 ], [ 36.75878, 0.05182 ], [ 36.75868, 0.05182 ], [ 36.75862, 0.05179 ], [ 36.7586, 0.05175 ], [ 36.75857, 0.0517 ], [ 36.75853, 0.05163 ], [ 36.75854, 0.0515 ], [ 36.75852, 0.05144 ], [ 36.7585, 0.05138 ], [ 36.75842, 0.05131 ], [ 36.75834, 0.05127 ], [ 36.7583, 0.05123 ], [ 36.75819, 0.05118 ], [ 36.75809, 0.05114 ], [ 36.75802, 0.05113 ], [ 36.75796, 0.05111 ], [ 36.75792, 0.05102 ], [ 36.7579, 0.05093 ], [ 36.75788, 0.05085 ], [ 36.75784, 0.05078 ], [ 36.75778, 0.05073 ], [ 36.75774, 0.05068 ], [ 36.75767, 0.05062 ], [ 36.75759, 0.05049 ], [ 36.75748, 0.05028 ], [ 36.75743, 0.05021 ], [ 36.75725, 0.05005 ], [ 36.75716, 0.05 ], [ 36.7571, 0.04998 ], [ 36.75698, 0.04994 ], [ 36.75684, 0.04992 ], [ 36.75672, 0.04992 ], [ 36.75662, 0.0499 ], [ 36.75657, 0.04985 ], [ 36.75651, 0.04981 ], [ 36.75646, 0.04976 ], [ 36.75642, 0.04963 ], [ 36.75641, 0.04956 ], [ 36.75638, 0.04949 ], [ 36.75635, 0.04938 ], [ 36.75635, 0.04934 ], [ 36.75634, 0.0493 ], [ 36.7563, 0.04926 ], [ 36.75628, 0.04924 ], [ 36.75621, 0.04926 ], [ 36.75615, 0.04928 ], [ 36.75613, 0.04926 ], [ 36.75609, 0.04918 ], [ 36.75604, 0.0491 ], [ 36.75603, 0.04905 ], [ 36.756, 0.04898 ], [ 36.75599, 0.04892 ], [ 36.75598, 0.04883 ], [ 36.75597, 0.04873 ], [ 36.75582, 0.04847 ], [ 36.75583, 0.04834 ], [ 36.75585, 0.04829 ], [ 36.75589, 0.04823 ], [ 36.7559, 0.04816 ], [ 36.7559, 0.04809 ], [ 36.75589, 0.04804 ], [ 36.75583, 0.04798 ], [ 36.75574, 0.04787 ], [ 36.75571, 0.04779 ], [ 36.75567, 0.04769 ], [ 36.75568, 0.04757 ], [ 36.75569, 0.0475 ], [ 36.75574, 0.04744 ], [ 36.7558, 0.04742 ], [ 36.75587, 0.04741 ], [ 36.75592, 0.04741 ], [ 36.75598, 0.04741 ], [ 36.75603, 0.04741 ], [ 36.75607, 0.04739 ], [ 36.75611, 0.04736 ], [ 36.75613, 0.04735 ], [ 36.75615, 0.04729 ], [ 36.75615, 0.04718 ], [ 36.75615, 0.04712 ], [ 36.75615, 0.04705 ], [ 36.75615, 0.04697 ], [ 36.7561, 0.04684 ], [ 36.75598, 0.04671 ], [ 36.75595, 0.04669 ], [ 36.75591, 0.04668 ], [ 36.75591, 0.04666 ], [ 36.7558, 0.04658 ], [ 36.75574, 0.04657 ], [ 36.75568, 0.04655 ], [ 36.75562, 0.04655 ], [ 36.75554, 0.04655 ], [ 36.75549, 0.04655 ], [ 36.75541, 0.04655 ], [ 36.75534, 0.04657 ], [ 36.75529, 0.04664 ], [ 36.75527, 0.04668 ], [ 36.75521, 0.04681 ], [ 36.75514, 0.04692 ], [ 36.75506, 0.04697 ], [ 36.75491, 0.04704 ], [ 36.75486, 0.04705 ], [ 36.75464, 0.04706 ], [ 36.75451, 0.04704 ], [ 36.75445, 0.04699 ], [ 36.7544, 0.04695 ], [ 36.75424, 0.0469 ], [ 36.7541, 0.0469 ], [ 36.75403, 0.04691 ], [ 36.75398, 0.04704 ], [ 36.75398, 0.04708 ], [ 36.75395, 0.04711 ], [ 36.75387, 0.04712 ], [ 36.75382, 0.04712 ], [ 36.7538, 0.04712 ], [ 36.75374, 0.04711 ], [ 36.75359, 0.04698 ], [ 36.75355, 0.04693 ], [ 36.75346, 0.0469 ], [ 36.75339, 0.04685 ], [ 36.75337, 0.04678 ], [ 36.75343, 0.04672 ], [ 36.75349, 0.04668 ], [ 36.75352, 0.04665 ], [ 36.75355, 0.04662 ], [ 36.75358, 0.04659 ], [ 36.7536, 0.04654 ], [ 36.75361, 0.04648 ], [ 36.75358, 0.04643 ], [ 36.75356, 0.04639 ], [ 36.75352, 0.04636 ], [ 36.75347, 0.04635 ], [ 36.75342, 0.04635 ], [ 36.75328, 0.04637 ], [ 36.75326, 0.04637 ], [ 36.75322, 0.04637 ], [ 36.75315, 0.04637 ], [ 36.75301, 0.04638 ], [ 36.75295, 0.04636 ], [ 36.75289, 0.04635 ], [ 36.75284, 0.0463 ], [ 36.75279, 0.04624 ], [ 36.75278, 0.04617 ], [ 36.75267, 0.04602 ], [ 36.75259, 0.04583 ], [ 36.75244, 0.0456 ], [ 36.7524, 0.04553 ], [ 36.75237, 0.04547 ], [ 36.75234, 0.0454 ], [ 36.75228, 0.04534 ], [ 36.75222, 0.04523 ], [ 36.75217, 0.04515 ], [ 36.75216, 0.04508 ], [ 36.75215, 0.04504 ], [ 36.752, 0.0449 ], [ 36.7519, 0.04483 ], [ 36.75186, 0.04479 ], [ 36.75179, 0.04478 ], [ 36.75174, 0.04477 ], [ 36.75163, 0.04477 ], [ 36.75152, 0.04479 ], [ 36.75146, 0.04482 ], [ 36.75139, 0.04485 ], [ 36.75134, 0.04487 ], [ 36.7513, 0.0449 ], [ 36.75119, 0.04491 ], [ 36.7511, 0.04492 ], [ 36.75103, 0.0449 ], [ 36.75098, 0.04486 ], [ 36.75096, 0.0448 ], [ 36.75093, 0.04472 ], [ 36.75089, 0.04465 ], [ 36.75084, 0.0446 ], [ 36.75079, 0.04452 ], [ 36.75061, 0.04429 ], [ 36.75056, 0.04422 ], [ 36.7505, 0.04412 ], [ 36.75041, 0.04396 ], [ 36.75033, 0.04388 ], [ 36.75026, 0.0438 ], [ 36.7502, 0.04376 ], [ 36.75011, 0.04367 ], [ 36.74982, 0.0435 ], [ 36.74977, 0.04347 ], [ 36.7497, 0.0434 ], [ 36.74966, 0.04334 ], [ 36.7496, 0.04332 ], [ 36.74952, 0.04331 ], [ 36.74943, 0.04331 ], [ 36.74936, 0.04331 ], [ 36.74928, 0.0433 ], [ 36.74912, 0.04326 ], [ 36.74904, 0.04321 ], [ 36.74899, 0.04319 ], [ 36.74896, 0.04317 ], [ 36.74892, 0.04311 ], [ 36.74892, 0.04307 ], [ 36.74892, 0.04302 ], [ 36.74892, 0.04296 ], [ 36.74898, 0.04287 ], [ 36.74905, 0.04284 ], [ 36.74912, 0.04277 ], [ 36.74921, 0.04271 ], [ 36.74939, 0.04256 ], [ 36.74952, 0.0425 ], [ 36.7496, 0.04245 ], [ 36.74966, 0.04242 ], [ 36.74971, 0.04236 ], [ 36.74976, 0.04228 ], [ 36.74979, 0.04223 ], [ 36.7498, 0.04217 ], [ 36.74982, 0.04209 ], [ 36.74983, 0.04199 ], [ 36.74984, 0.04188 ], [ 36.74984, 0.04166 ], [ 36.74989, 0.04148 ], [ 36.74991, 0.04125 ], [ 36.74991, 0.04118 ], [ 36.74991, 0.04109 ], [ 36.74995, 0.04099 ], [ 36.74996, 0.04082 ], [ 36.74997, 0.04074 ], [ 36.74997, 0.04069 ], [ 36.74997, 0.04064 ], [ 36.74994, 0.04058 ], [ 36.74986, 0.04058 ], [ 36.74979, 0.04059 ], [ 36.74972, 0.0406 ], [ 36.74968, 0.04063 ], [ 36.74961, 0.04068 ], [ 36.74955, 0.04069 ], [ 36.74949, 0.04071 ], [ 36.74943, 0.04071 ], [ 36.74938, 0.04071 ], [ 36.74932, 0.04068 ], [ 36.74929, 0.04062 ], [ 36.74927, 0.04056 ], [ 36.74925, 0.04047 ], [ 36.74926, 0.04028 ], [ 36.74924, 0.0402 ], [ 36.74916, 0.04009 ], [ 36.74912, 0.04008 ], [ 36.74906, 0.04008 ], [ 36.74899, 0.04008 ], [ 36.74895, 0.04007 ], [ 36.74889, 0.04003 ], [ 36.74885, 0.03998 ], [ 36.74879, 0.03992 ], [ 36.74874, 0.03985 ], [ 36.74865, 0.03973 ], [ 36.74861, 0.03967 ], [ 36.74859, 0.03963 ], [ 36.74851, 0.03959 ], [ 36.74844, 0.0396 ], [ 36.7484, 0.03962 ], [ 36.74829, 0.03964 ], [ 36.74822, 0.03962 ], [ 36.74816, 0.03959 ], [ 36.74814, 0.03954 ], [ 36.74812, 0.0395 ], [ 36.7481, 0.03943 ], [ 36.74801, 0.03935 ], [ 36.74795, 0.03931 ], [ 36.74789, 0.03931 ], [ 36.74782, 0.0393 ], [ 36.74774, 0.0393 ], [ 36.74767, 0.03931 ], [ 36.74759, 0.03932 ], [ 36.74752, 0.03935 ], [ 36.74749, 0.03935 ], [ 36.74745, 0.03935 ], [ 36.74738, 0.03931 ], [ 36.7473, 0.03927 ], [ 36.7472, 0.0392 ], [ 36.74717, 0.03915 ], [ 36.74716, 0.03909 ], [ 36.74716, 0.03903 ], [ 36.74718, 0.03898 ], [ 36.74726, 0.03891 ], [ 36.74726, 0.03885 ], [ 36.74726, 0.03879 ], [ 36.74725, 0.03875 ], [ 36.74725, 0.03869 ], [ 36.74722, 0.03865 ], [ 36.74718, 0.03862 ], [ 36.74715, 0.03859 ], [ 36.7471, 0.03854 ], [ 36.74699, 0.03849 ], [ 36.7469, 0.03832 ], [ 36.74691, 0.03827 ], [ 36.74693, 0.03822 ], [ 36.74698, 0.03819 ], [ 36.74702, 0.03819 ], [ 36.74706, 0.0382 ], [ 36.74709, 0.03819 ], [ 36.74712, 0.03817 ], [ 36.74715, 0.03813 ], [ 36.74713, 0.03808 ], [ 36.74712, 0.03803 ], [ 36.74711, 0.03797 ], [ 36.74675, 0.03803 ], [ 36.74635, 0.03775 ], [ 36.74436, 0.03479 ], [ 36.74282, 0.03237 ], [ 36.74173, 0.03064 ], [ 36.73959, 0.02739 ], [ 36.73698, 0.02358 ], [ 36.73527, 0.021 ], [ 36.73207, 0.0163 ], [ 36.72872, 0.01188 ], [ 36.72718, 0.00999 ], [ 36.72468, 0.00672 ], [ 36.72247, 0.00404 ], [ 36.72519, -0.00067 ], [ 36.72603, -0.00218 ], [ 36.7275, -0.0045 ], [ 36.72886, -0.00692 ], [ 36.72974, -0.00849 ], [ 36.73016, -0.0092 ], [ 36.7305, -0.00973 ], [ 36.73061, -0.00986 ], [ 36.73095, -0.01009 ], [ 36.73099, -0.01013 ], [ 36.73107, -0.01021 ], [ 36.73118, -0.01048 ], [ 36.73127, -0.011 ], [ 36.73145, -0.01173 ], [ 36.73162, -0.01254 ], [ 36.73181, -0.01323 ], [ 36.73214, -0.01391 ], [ 36.73253, -0.01439 ], [ 36.73483, -0.0166 ], [ 36.73626, -0.01801 ], [ 36.74147, -0.02318 ], [ 36.74248, -0.02413 ], [ 36.74285, -0.02452 ], [ 36.74415, -0.0265 ], [ 36.74648, -0.02995 ], [ 36.74765, -0.03175 ], [ 36.74962, -0.03464 ], [ 36.75023, -0.03555 ], [ 36.75153, -0.03766 ], [ 36.75271, -0.03981 ], [ 36.75299, -0.04022 ], [ 36.75337, -0.04053 ], [ 36.75388, -0.04082 ], [ 36.75545, -0.04144 ], [ 36.7567, -0.04205 ], [ 36.75758, -0.0424 ], [ 36.75824, -0.04268 ], [ 36.75816, -0.04059 ], [ 36.75734, -0.03527 ], [ 36.75625, -0.02569 ], [ 36.75538, -0.02045 ], [ 36.77434, -0.01541 ], [ 36.77413, -0.01385 ], [ 36.77358, -0.01053 ], [ 36.7729, -0.00659 ], [ 36.77271, -0.00465 ], [ 36.7724, -0.00285 ], [ 36.77213, -0.00132 ], [ 36.77174, 0.00152 ], [ 36.7715, 0.00312 ], [ 36.7713, 0.00448 ], [ 36.77115, 0.00554 ], [ 36.77071, 0.00879 ], [ 36.7705, 0.01034 ], [ 36.7703, 0.0115 ], [ 36.76986, 0.01465 ], [ 36.76926, 0.01861 ], [ 36.76851, 0.02336 ], [ 36.76796, 0.02822 ], [ 36.77564, 0.03339 ], [ 36.77584, 0.03353 ], [ 36.7812, 0.03717 ], [ 36.78387, 0.03915 ], [ 36.78413, 0.03907 ], [ 36.78427, 0.03903 ], [ 36.78625, 0.03845 ], [ 36.80313, 0.03485 ], [ 36.80282, 0.03633 ], [ 36.80282, 0.03693 ], [ 36.80326, 0.03696 ], [ 36.80897, 0.03737 ], [ 36.81622, 0.03819 ], [ 36.82035, 0.03832 ], [ 36.82082, 0.03772 ], [ 36.82128, 0.03642 ], [ 36.82254, 0.03642 ], [ 36.82669, 0.03618 ], [ 36.82871, 0.03601 ], [ 36.82916, 0.03601 ], [ 36.82925, 0.03601 ], [ 36.83087, 0.03595 ], [ 36.83438, 0.03578 ], [ 36.83902, 0.03536 ], [ 36.84707, 0.03497 ], [ 36.85016, 0.03482 ], [ 36.8538, 0.03453 ], [ 36.8554, 0.0345 ], [ 36.85746, 0.03438 ], [ 36.85835, 0.03432 ], [ 36.86301, 0.0341 ], [ 36.86414, 0.03407 ], [ 36.86597, 0.03399 ], [ 36.86729, 0.03381 ], [ 36.86868, 0.03376 ], [ 36.87056, 0.03369 ], [ 36.87141, 0.0337 ], [ 36.87181, 0.03363 ], [ 36.87221, 0.03364 ], [ 36.87258, 0.03301 ], [ 36.87281, 0.03278 ], [ 36.87501, 0.03227 ], [ 36.87803, 0.03186 ], [ 36.88053, 0.03141 ], [ 36.88365, 0.03085 ], [ 36.88487, 0.03066 ], [ 36.88852, 0.03001 ], [ 36.89159, 0.02945 ], [ 36.89526, 0.02874 ], [ 36.89836, 0.02826 ], [ 36.89939, 0.02817 ], [ 36.90035, 0.02795 ], [ 36.90197, 0.02767 ], [ 36.90298, 0.02749 ], [ 36.90338, 0.02745 ], [ 36.9036, 0.02746 ], [ 36.90388, 0.02763 ], [ 36.90421, 0.02785 ], [ 36.90458, 0.02815 ], [ 36.90459, 0.0283 ], [ 36.90476, 0.02833 ], [ 36.90491, 0.02833 ], [ 36.9053, 0.02824 ], [ 36.90551, 0.02815 ], [ 36.90595, 0.02791 ], [ 36.90672, 0.02767 ], [ 36.90743, 0.02734 ], [ 36.90818, 0.02707 ], [ 36.9099, 0.02637 ], [ 36.91041, 0.02604 ], [ 36.91074, 0.02599 ], [ 36.91095, 0.02598 ], [ 36.91124, 0.02602 ], [ 36.91163, 0.02609 ], [ 36.91205, 0.02602 ], [ 36.91261, 0.02595 ], [ 36.91315, 0.02604 ], [ 36.91412, 0.0263 ], [ 36.91457, 0.02653 ], [ 36.91432, 0.02492 ], [ 36.91363, 0.02116 ], [ 36.91271, 0.01832 ], [ 36.91205, 0.01652 ], [ 36.91199, 0.01506 ], [ 36.91189, 0.01249 ], [ 36.91196, 0.01092 ], [ 36.91199, 0.00969 ], [ 36.91211, 0.00937 ], [ 36.91269, 0.00851 ], [ 36.91369, 0.00726 ], [ 36.91432, 0.00597 ], [ 36.91508, 0.00417 ], [ 36.91586, 0.00275 ], [ 36.91751, 0.0015 ], [ 36.91766, 0.00129 ], [ 36.91776, 0.00117 ], [ 36.91787, 0.00103 ], [ 36.91801, 0.00091 ], [ 36.91816, 0.0008 ], [ 36.91832, 0.00069 ], [ 36.91846, 0.00058 ], [ 36.91861, 0.00048 ], [ 36.91877, 0.00036 ], [ 36.91898, 0.00018 ], [ 36.91916, -0.00024 ], [ 36.91925, -0.00035 ], [ 36.91944, -0.00054 ], [ 36.91954, -0.00058 ], [ 36.91957, -0.0006 ], [ 36.91981, -0.0008 ], [ 36.91989, -0.00088 ], [ 36.92002, -0.001 ], [ 36.92012, -0.00112 ], [ 36.92021, -0.00123 ], [ 36.92032, -0.00139 ], [ 36.92042, -0.00152 ], [ 36.92055, -0.00163 ], [ 36.92072, -0.00179 ], [ 36.92097, -0.00193 ], [ 36.9213, -0.00213 ], [ 36.92157, -0.00233 ], [ 36.92192, -0.00254 ], [ 36.92205, -0.00265 ], [ 36.92223, -0.00268 ], [ 36.92248, -0.00274 ], [ 36.92258, -0.00276 ], [ 36.92292, -0.0028 ], [ 36.92314, -0.00281 ], [ 36.92351, -0.00282 ], [ 36.92379, -0.00281 ], [ 36.92414, -0.00282 ], [ 36.92447, -0.00282 ], [ 36.92466, -0.00281 ], [ 36.92499, -0.00276 ], [ 36.92531, -0.00274 ], [ 36.92561, -0.00275 ], [ 36.92583, -0.00275 ], [ 36.92603, -0.00273 ], [ 36.92619, -0.00272 ], [ 36.9264, -0.00272 ], [ 36.92653, -0.00271 ], [ 36.92659, -0.00269 ], [ 36.92702, -0.0028 ], [ 36.92743, -0.00289 ], [ 36.92771, -0.0029 ], [ 36.92791, -0.0029 ], [ 36.92812, -0.0029 ], [ 36.92821, -0.00289 ], [ 36.9283, -0.00283 ], [ 36.9284, -0.00278 ], [ 36.92848, -0.00272 ], [ 36.92851, -0.0026 ], [ 36.9285, -0.00242 ], [ 36.9285, -0.00212 ], [ 36.92858, -0.00187 ], [ 36.9287, -0.00176 ], [ 36.92888, -0.00164 ], [ 36.92901, -0.00152 ], [ 36.92913, -0.00144 ], [ 36.92936, -0.00138 ], [ 36.92949, -0.00135 ], [ 36.92986, -0.00117 ], [ 36.93011, -0.00106 ], [ 36.93022, -0.00098 ], [ 36.9305, -0.00085 ], [ 36.93062, -0.00082 ], [ 36.93076, -0.00081 ], [ 36.93089, -0.00085 ], [ 36.93098, -0.00091 ], [ 36.93112, -0.00096 ], [ 36.93133, -0.00102 ], [ 36.93162, -0.00116 ], [ 36.9318, -0.0012 ], [ 36.93196, -0.00122 ], [ 36.93213, -0.00121 ], [ 36.93232, -0.00115 ], [ 36.93261, -0.00109 ], [ 36.93274, -0.0011 ], [ 36.93282, -0.00111 ], [ 36.9329, -0.00113 ], [ 36.93308, -0.00125 ], [ 36.93342, -0.00157 ], [ 36.93374, -0.00187 ], [ 36.93418, -0.00241 ], [ 36.93439, -0.0027 ], [ 36.93477, -0.00308 ], [ 36.93509, -0.00347 ], [ 36.93566, -0.00388 ], [ 36.93621, -0.00433 ], [ 36.9366, -0.00455 ], [ 36.93685, -0.00473 ], [ 36.93718, -0.00497 ], [ 36.93754, -0.00512 ], [ 36.93796, -0.00534 ], [ 36.93861, -0.00564 ], [ 36.93873, -0.00569 ], [ 36.93882, -0.00578 ], [ 36.93895, -0.00591 ], [ 36.93903, -0.00602 ], [ 36.93916, -0.00621 ], [ 36.93931, -0.00664 ], [ 36.93934, -0.00679 ], [ 36.93938, -0.00691 ], [ 36.93938, -0.00701 ], [ 36.93946, -0.0071 ], [ 36.93997, -0.00711 ], [ 36.94008, -0.00708 ], [ 36.94015, -0.00696 ], [ 36.94025, -0.00688 ], [ 36.94036, -0.00689 ], [ 36.94053, -0.00696 ], [ 36.94063, -0.00703 ], [ 36.94076, -0.0071 ], [ 36.94084, -0.00712 ], [ 36.94102, -0.00713 ], [ 36.94114, -0.00714 ], [ 36.94135, -0.00715 ], [ 36.94156, -0.00716 ], [ 36.94193, -0.00721 ], [ 36.94267, -0.00723 ], [ 36.94348, -0.00714 ], [ 36.94419, -0.00705 ], [ 36.94439, -0.00705 ], [ 36.9446, -0.00706 ], [ 36.9449, -0.00711 ], [ 36.94528, -0.00724 ], [ 36.94558, -0.0073 ], [ 36.9458, -0.00732 ], [ 36.94594, -0.00736 ], [ 36.94611, -0.00741 ], [ 36.94648, -0.00753 ], [ 36.94661, -0.00756 ], [ 36.94679, -0.00757 ], [ 36.94699, -0.00759 ], [ 36.94724, -0.0076 ], [ 36.94741, -0.00763 ], [ 36.94756, -0.00773 ], [ 36.94769, -0.00782 ], [ 36.94806, -0.00795 ], [ 36.94841, -0.00809 ], [ 36.94874, -0.00824 ], [ 36.94938, -0.00847 ], [ 36.95027, -0.00886 ], [ 36.95123, -0.0093 ], [ 36.95221, -0.00983 ], [ 36.95248, -0.00997 ], [ 36.95275, -0.01016 ], [ 36.95292, -0.01026 ], [ 36.95319, -0.01043 ], [ 36.95334, -0.01054 ], [ 36.95361, -0.01069 ], [ 36.95382, -0.01082 ], [ 36.95391, -0.01091 ], [ 36.95411, -0.01104 ], [ 36.9543, -0.01122 ], [ 36.95467, -0.01149 ], [ 36.95482, -0.01168 ], [ 36.95497, -0.01185 ], [ 36.95518, -0.01207 ], [ 36.95534, -0.01246 ], [ 36.95544, -0.01261 ], [ 36.95574, -0.01293 ], [ 36.95589, -0.01306 ], [ 36.95606, -0.01313 ], [ 36.95624, -0.01321 ], [ 36.95638, -0.01328 ], [ 36.95662, -0.01337 ], [ 36.95694, -0.01345 ], [ 36.95727, -0.01353 ], [ 36.95761, -0.01357 ], [ 36.95779, -0.01357 ], [ 36.95798, -0.01356 ], [ 36.9581, -0.01354 ], [ 36.95821, -0.01353 ], [ 36.95833, -0.01354 ], [ 36.95842, -0.01357 ], [ 36.95861, -0.01365 ], [ 36.9587, -0.01371 ], [ 36.95886, -0.01378 ], [ 36.95906, -0.01383 ], [ 36.95928, -0.01386 ], [ 36.95945, -0.01388 ], [ 36.95966, -0.01378 ], [ 36.95975, -0.01365 ], [ 36.95982, -0.01345 ], [ 36.95997, -0.01335 ], [ 36.96019, -0.01331 ], [ 36.96043, -0.01324 ], [ 36.96064, -0.0132 ], [ 36.96083, -0.01312 ], [ 36.96104, -0.01314 ], [ 36.96125, -0.01319 ], [ 36.9614, -0.01322 ], [ 36.96148, -0.01324 ], [ 36.96166, -0.01327 ], [ 36.96175, -0.01332 ], [ 36.96188, -0.01339 ], [ 36.96199, -0.01344 ], [ 36.9621, -0.01349 ], [ 36.96254, -0.01353 ], [ 36.96278, -0.01353 ], [ 36.96288, -0.01353 ], [ 36.96314, -0.01351 ], [ 36.9633, -0.01355 ], [ 36.9635, -0.01364 ], [ 36.96363, -0.01369 ], [ 36.96379, -0.01377 ], [ 36.96424, -0.01409 ], [ 36.96437, -0.01418 ], [ 36.9645, -0.01428 ], [ 36.96462, -0.01435 ], [ 36.96481, -0.01445 ], [ 36.96501, -0.01457 ], [ 36.96521, -0.01468 ], [ 36.96541, -0.01475 ], [ 36.96565, -0.01486 ], [ 36.96585, -0.01491 ], [ 36.96614, -0.01503 ], [ 36.96647, -0.01523 ], [ 36.96672, -0.01553 ], [ 36.96691, -0.01583 ], [ 36.96697, -0.01593 ], [ 36.96719, -0.01614 ], [ 36.96732, -0.01618 ], [ 36.96748, -0.01618 ], [ 36.96766, -0.01616 ], [ 36.96778, -0.01616 ], [ 36.96801, -0.01616 ], [ 36.96818, -0.01616 ], [ 36.96867, -0.01635 ], [ 36.9688, -0.01641 ], [ 36.96896, -0.01651 ], [ 36.9692, -0.01655 ], [ 36.96939, -0.01656 ], [ 36.96959, -0.01656 ], [ 36.96973, -0.01656 ], [ 36.96991, -0.01659 ], [ 36.97005, -0.01663 ], [ 36.97022, -0.01673 ], [ 36.97034, -0.01676 ], [ 36.97046, -0.01676 ], [ 36.97052, -0.01677 ], [ 36.97074, -0.01687 ], [ 36.97084, -0.01697 ], [ 36.97091, -0.01707 ], [ 36.97099, -0.01715 ], [ 36.97103, -0.01725 ], [ 36.97122, -0.01739 ], [ 36.97147, -0.01748 ], [ 36.97171, -0.01751 ], [ 36.97187, -0.01752 ], [ 36.97201, -0.01747 ], [ 36.97219, -0.01733 ], [ 36.97228, -0.01719 ], [ 36.97246, -0.0171 ], [ 36.97267, -0.01706 ], [ 36.97284, -0.01707 ], [ 36.97298, -0.01711 ], [ 36.97332, -0.01714 ], [ 36.97351, -0.01714 ], [ 36.97372, -0.01713 ], [ 36.97391, -0.01712 ], [ 36.97405, -0.01712 ], [ 36.97423, -0.01705 ], [ 36.97476, -0.01698 ], [ 36.97495, -0.01693 ], [ 36.97507, -0.01685 ], [ 36.97523, -0.01673 ], [ 36.97547, -0.01656 ], [ 36.97564, -0.01645 ], [ 36.97578, -0.0164 ], [ 36.97592, -0.0164 ], [ 36.97609, -0.0164 ], [ 36.97642, -0.01642 ], [ 36.97678, -0.01642 ], [ 36.97693, -0.01641 ], [ 36.97718, -0.01642 ], [ 36.97741, -0.01649 ], [ 36.97778, -0.01651 ], [ 36.97804, -0.01654 ], [ 36.9783, -0.01657 ], [ 36.97849, -0.01656 ], [ 36.97867, -0.01657 ], [ 36.97898, -0.01661 ], [ 36.97919, -0.01663 ], [ 36.97945, -0.01666 ], [ 36.97968, -0.01666 ], [ 36.97988, -0.01665 ], [ 36.98027, -0.01665 ], [ 36.98069, -0.01661 ], [ 36.98127, -0.01661 ], [ 36.98302, -0.01472 ], [ 36.98463, -0.01192 ], [ 36.98613, -0.00917 ], [ 36.98807, -0.00558 ], [ 36.98819, -0.00537 ], [ 36.99161, 0.00083 ], [ 36.99457, 0.00659 ], [ 36.99743, 0.01186 ], [ 37.00084, 0.01867 ], [ 36.99455, 0.02084 ], [ 36.99376, 0.02109 ], [ 36.98834, 0.02283 ], [ 36.98433, 0.02416 ], [ 36.98419, 0.02461 ], [ 36.98218, 0.03085 ], [ 36.98117, 0.03397 ], [ 36.98036, 0.03646 ], [ 36.97796, 0.04402 ], [ 36.97547, 0.05154 ], [ 36.97412, 0.05557 ], [ 36.97164, 0.06366 ], [ 36.98125, 0.06745 ], [ 36.99062, 0.07099 ], [ 36.99075, 0.07104 ], [ 37.00084, 0.0751 ], [ 37.00195, 0.07573 ], [ 37.00278, 0.07547 ], [ 37.00322, 0.07533 ], [ 37.00408, 0.07505 ], [ 37.00616, 0.07446 ], [ 37.00856, 0.07364 ], [ 37.00895, 0.07354 ], [ 37.00968, 0.07348 ], [ 37.00996, 0.07348 ], [ 37.01017, 0.07357 ], [ 37.0105, 0.07383 ], [ 37.01123, 0.07453 ], [ 37.01204, 0.07511 ], [ 37.01277, 0.07541 ], [ 37.01387, 0.07589 ], [ 37.01549, 0.07637 ], [ 37.01729, 0.07698 ], [ 37.01886, 0.07749 ], [ 37.01996, 0.07785 ], [ 37.02122, 0.0782 ], [ 37.02201, 0.07851 ], [ 37.02291, 0.07865 ], [ 37.02392, 0.07876 ], [ 37.02471, 0.07876 ], [ 37.02589, 0.07875 ], [ 37.02639, 0.07874 ], [ 37.02965, 0.07877 ], [ 37.03072, 0.07879 ], [ 37.03184, 0.07865 ], [ 37.03262, 0.07851 ], [ 37.03368, 0.07812 ], [ 37.03454, 0.07788 ], [ 37.03523, 0.07764 ], [ 37.03625, 0.0772 ], [ 37.03739, 0.0768 ], [ 37.03815, 0.07651 ], [ 37.0387, 0.07619 ], [ 37.03898, 0.07589 ], [ 37.03919, 0.07556 ], [ 37.03942, 0.07512 ], [ 37.04041, 0.07544 ], [ 37.04163, 0.07582 ], [ 37.04356, 0.07612 ], [ 37.04562, 0.07647 ], [ 37.048, 0.0769 ], [ 37.04915, 0.07709 ], [ 37.04955, 0.07706 ], [ 37.05015, 0.0769 ], [ 37.05064, 0.07665 ], [ 37.05162, 0.07644 ], [ 37.05159, 0.07635 ], [ 37.05158, 0.07622 ], [ 37.05155, 0.07609 ], [ 37.0516, 0.07586 ], [ 37.05172, 0.07541 ], [ 37.05172, 0.07528 ], [ 37.05175, 0.07516 ], [ 37.05181, 0.07509 ], [ 37.05186, 0.07504 ], [ 37.05193, 0.07498 ], [ 37.05202, 0.07497 ], [ 37.05214, 0.07495 ], [ 37.05222, 0.07493 ], [ 37.05328, 0.07482 ], [ 37.05341, 0.0748 ], [ 37.05357, 0.07474 ], [ 37.05373, 0.07468 ], [ 37.05385, 0.0746 ], [ 37.05391, 0.07455 ], [ 37.05397, 0.07448 ], [ 37.05404, 0.07435 ], [ 37.05403, 0.07418 ], [ 37.05399, 0.07408 ], [ 37.05394, 0.074 ], [ 37.05385, 0.07391 ], [ 37.05366, 0.07377 ], [ 37.0536, 0.07373 ], [ 37.05352, 0.07367 ], [ 37.0534, 0.07357 ], [ 37.05334, 0.07347 ], [ 37.05333, 0.07341 ], [ 37.05332, 0.07332 ], [ 37.05332, 0.07323 ], [ 37.05332, 0.07315 ], [ 37.05337, 0.07306 ], [ 37.05338, 0.07303 ], [ 37.05348, 0.07293 ], [ 37.05359, 0.07292 ], [ 37.054, 0.07286 ], [ 37.0545, 0.07263 ], [ 37.0549, 0.07234 ], [ 37.05532, 0.07188 ], [ 37.05584, 0.07115 ], [ 37.05602, 0.07093 ], [ 37.05608, 0.07089 ], [ 37.05637, 0.07088 ], [ 37.0565, 0.07093 ], [ 37.05668, 0.07105 ], [ 37.05681, 0.07112 ], [ 37.05702, 0.07112 ], [ 37.05716, 0.07109 ], [ 37.05724, 0.071 ], [ 37.05732, 0.07089 ], [ 37.05732, 0.07078 ], [ 37.05732, 0.0707 ], [ 37.05727, 0.0706 ], [ 37.05721, 0.07048 ], [ 37.05714, 0.07044 ], [ 37.05703, 0.07041 ], [ 37.05685, 0.07042 ], [ 37.05673, 0.07042 ], [ 37.05663, 0.07042 ], [ 37.05656, 0.07042 ], [ 37.05648, 0.07042 ], [ 37.0564, 0.07039 ], [ 37.05628, 0.07025 ], [ 37.05625, 0.07015 ], [ 37.05618, 0.07005 ], [ 37.05608, 0.06986 ], [ 37.05598, 0.06863 ], [ 37.05601, 0.06843 ], [ 37.05613, 0.06817 ], [ 37.05618, 0.06808 ], [ 37.05627, 0.06797 ], [ 37.0563, 0.06786 ], [ 37.0563, 0.06778 ], [ 37.0563, 0.0677 ], [ 37.0563, 0.06763 ], [ 37.05629, 0.06757 ], [ 37.05627, 0.06751 ], [ 37.05624, 0.06746 ], [ 37.0562, 0.06742 ], [ 37.05614, 0.06744 ], [ 37.05606, 0.06744 ], [ 37.05598, 0.06743 ], [ 37.0559, 0.06742 ], [ 37.05584, 0.06742 ], [ 37.0558, 0.06741 ], [ 37.05579, 0.06737 ], [ 37.05573, 0.06728 ], [ 37.05573, 0.06719 ], [ 37.0557, 0.06699 ], [ 37.05567, 0.06689 ], [ 37.05566, 0.0668 ], [ 37.05558, 0.06676 ], [ 37.05552, 0.06667 ], [ 37.05545, 0.06661 ], [ 37.05533, 0.06654 ], [ 37.05525, 0.06647 ], [ 37.05514, 0.06638 ], [ 37.05511, 0.06626 ], [ 37.05511, 0.06618 ], [ 37.05512, 0.06604 ], [ 37.0552, 0.06587 ], [ 37.05526, 0.06579 ], [ 37.0553, 0.06571 ], [ 37.05534, 0.06563 ], [ 37.05535, 0.06552 ], [ 37.05535, 0.06539 ], [ 37.05535, 0.06528 ], [ 37.05534, 0.06518 ], [ 37.05533, 0.0651 ], [ 37.05533, 0.06498 ], [ 37.05533, 0.06481 ], [ 37.05522, 0.06449 ], [ 37.05521, 0.06442 ], [ 37.05508, 0.06431 ], [ 37.05499, 0.06413 ], [ 37.0548, 0.06403 ], [ 37.05473, 0.06399 ], [ 37.05461, 0.06394 ], [ 37.05443, 0.06392 ], [ 37.05427, 0.06389 ], [ 37.0541, 0.06388 ], [ 37.05392, 0.06388 ], [ 37.05354, 0.06394 ], [ 37.05335, 0.06397 ], [ 37.05317, 0.06397 ], [ 37.05302, 0.06397 ], [ 37.05291, 0.06397 ], [ 37.05285, 0.06396 ], [ 37.05278, 0.06389 ], [ 37.05271, 0.06376 ], [ 37.05269, 0.06366 ], [ 37.0527, 0.06359 ], [ 37.05279, 0.06348 ], [ 37.05289, 0.06338 ], [ 37.05296, 0.0633 ], [ 37.05303, 0.06325 ], [ 37.0531, 0.06318 ], [ 37.05316, 0.06307 ], [ 37.05316, 0.06298 ], [ 37.05316, 0.0629 ], [ 37.05316, 0.06265 ], [ 37.05316, 0.06259 ], [ 37.05316, 0.06245 ], [ 37.05313, 0.06239 ], [ 37.05306, 0.06232 ], [ 37.05302, 0.06224 ], [ 37.05298, 0.0622 ], [ 37.05295, 0.06209 ], [ 37.05293, 0.06198 ], [ 37.05658, 0.06217 ], [ 37.06091, 0.0624 ], [ 37.06868, 0.06274 ], [ 37.07128, 0.06296 ], [ 37.07609, 0.06326 ], [ 37.08579, 0.0638 ], [ 37.08696, 0.0638 ], [ 37.08816, 0.06399 ], [ 37.09318, 0.06432 ], [ 37.09733, 0.06455 ], [ 37.10143, 0.065 ], [ 37.10177, 0.07168 ], [ 37.10174, 0.07512 ], [ 37.10162, 0.07604 ], [ 37.10143, 0.07613 ], [ 37.10128, 0.07631 ], [ 37.10108, 0.07648 ], [ 37.10088, 0.07663 ], [ 37.10063, 0.07681 ], [ 37.10043, 0.077 ], [ 37.10014, 0.07735 ], [ 37.10007, 0.07753 ], [ 37.09995, 0.07773 ], [ 37.09972, 0.07795 ], [ 37.09947, 0.07808 ], [ 37.09927, 0.07809 ], [ 37.09905, 0.07804 ], [ 37.0988, 0.07805 ], [ 37.09862, 0.07813 ], [ 37.09841, 0.0783 ], [ 37.09827, 0.07858 ], [ 37.09823, 0.07871 ], [ 37.09818, 0.07883 ], [ 37.09803, 0.079 ], [ 37.0979, 0.07916 ], [ 37.0978, 0.07927 ], [ 37.09767, 0.07942 ], [ 37.09757, 0.07949 ], [ 37.09747, 0.07949 ], [ 37.09734, 0.07949 ], [ 37.0972, 0.07941 ], [ 37.09708, 0.07927 ], [ 37.09708, 0.07902 ], [ 37.09698, 0.07871 ], [ 37.09682, 0.07862 ], [ 37.09671, 0.07859 ], [ 37.09652, 0.0786 ], [ 37.09638, 0.07864 ], [ 37.09624, 0.07878 ], [ 37.09607, 0.07892 ], [ 37.09601, 0.07909 ], [ 37.09602, 0.07925 ], [ 37.09603, 0.07936 ], [ 37.096, 0.07951 ], [ 37.09585, 0.07965 ], [ 37.09571, 0.07975 ], [ 37.09552, 0.07977 ], [ 37.09532, 0.07977 ], [ 37.09516, 0.07969 ], [ 37.09499, 0.07956 ], [ 37.09487, 0.07948 ], [ 37.09456, 0.07947 ], [ 37.09528, 0.08618 ], [ 37.09541, 0.08945 ], [ 37.09576, 0.09477 ], [ 37.09534, 0.1037 ], [ 37.09517, 0.11098 ], [ 37.09452, 0.1141 ], [ 37.09413, 0.11557 ], [ 37.09333, 0.11769 ], [ 37.09175, 0.11983 ], [ 37.08923, 0.12323 ], [ 37.08715, 0.12683 ], [ 37.08551, 0.12966 ], [ 37.08485, 0.13154 ], [ 37.08394, 0.13458 ], [ 37.08299, 0.13823 ], [ 37.08267, 0.14056 ], [ 37.08261, 0.14302 ], [ 37.08274, 0.14472 ], [ 37.08293, 0.14932 ], [ 37.08261, 0.15695 ], [ 37.08255, 0.16032 ], [ 37.08217, 0.1676 ], [ 37.08192, 0.17548 ], [ 37.08154, 0.18499 ], [ 37.08091, 0.19407 ], [ 37.08041, 0.19753 ], [ 37.07946, 0.2056 ], [ 37.0794, 0.20674 ], [ 37.07971, 0.21052 ], [ 37.07996, 0.21297 ], [ 37.08038, 0.21469 ], [ 37.08052, 0.21537 ], [ 37.08073, 0.21592 ], [ 37.08093, 0.21671 ], [ 37.08114, 0.21723 ], [ 37.08115, 0.21761 ], [ 37.081, 0.21818 ], [ 37.08088, 0.21879 ], [ 37.08099, 0.21939 ], [ 37.08106, 0.21981 ], [ 37.08124, 0.2206 ], [ 37.08147, 0.22143 ], [ 37.08153, 0.222 ], [ 37.08153, 0.22277 ], [ 37.08148, 0.22342 ], [ 37.08135, 0.22394 ], [ 37.08123, 0.22464 ], [ 37.08124, 0.22504 ], [ 37.08135, 0.22589 ], [ 37.08151, 0.22705 ], [ 37.08161, 0.22756 ], [ 37.08189, 0.22804 ], [ 37.08213, 0.2285 ], [ 37.08272, 0.22902 ], [ 37.0832, 0.22958 ], [ 37.08415, 0.23079 ], [ 37.08462, 0.23169 ], [ 37.08491, 0.23249 ], [ 37.0854, 0.23391 ], [ 37.08617, 0.23593 ], [ 37.08632, 0.23658 ], [ 37.08652, 0.23722 ], [ 37.08677, 0.23936 ], [ 37.08709, 0.24066 ], [ 37.08702, 0.24118 ], [ 37.08693, 0.24192 ], [ 37.08679, 0.24262 ], [ 37.08672, 0.24423 ], [ 37.08658, 0.24528 ], [ 37.08651, 0.24625 ], [ 37.08645, 0.24673 ], [ 37.08637, 0.24708 ], [ 37.08611, 0.24741 ], [ 37.08577, 0.24786 ], [ 37.08559, 0.24821 ], [ 37.08528, 0.24939 ], [ 37.08513, 0.2503 ], [ 37.08513, 0.25128 ], [ 37.08513, 0.25153 ], [ 37.08528, 0.25226 ], [ 37.08533, 0.2527 ], [ 37.08559, 0.25352 ], [ 37.08563, 0.25388 ], [ 37.08563, 0.25439 ], [ 37.0856, 0.25668 ], [ 37.0856, 0.25736 ], [ 37.08566, 0.25777 ], [ 37.08569, 0.25805 ], [ 37.08583, 0.25855 ], [ 37.08596, 0.25888 ], [ 37.08626, 0.25994 ], [ 37.08645, 0.26098 ], [ 37.08648, 0.2616 ], [ 37.08658, 0.26203 ], [ 37.08666, 0.26273 ], [ 37.08681, 0.26396 ], [ 37.08681, 0.26447 ], [ 37.08682, 0.26503 ], [ 37.08679, 0.26547 ], [ 37.08652, 0.26595 ], [ 37.08631, 0.2666 ], [ 37.08608, 0.26741 ], [ 37.08598, 0.26832 ], [ 37.08596, 0.26916 ], [ 37.08593, 0.27087 ], [ 37.0858, 0.2721 ], [ 37.08565, 0.27293 ], [ 37.08548, 0.27345 ], [ 37.08524, 0.27453 ], [ 37.08513, 0.27489 ], [ 37.08471, 0.2759 ], [ 37.08441, 0.27632 ], [ 37.08435, 0.27643 ], [ 37.08343, 0.27792 ], [ 37.08292, 0.27851 ], [ 37.08266, 0.27889 ], [ 37.08234, 0.2797 ], [ 37.0821, 0.28047 ], [ 37.082, 0.28119 ], [ 37.08189, 0.28151 ], [ 37.08156, 0.28249 ], [ 37.0812, 0.28318 ], [ 37.08007, 0.28535 ], [ 37.07978, 0.28579 ], [ 37.07951, 0.28611 ], [ 37.07939, 0.28621 ], [ 37.07891, 0.28658 ], [ 37.07824, 0.28712 ], [ 37.07763, 0.28839 ], [ 37.07733, 0.28965 ], [ 37.07708, 0.29272 ], [ 37.07793, 0.29815 ], [ 37.07818, 0.30109 ], [ 37.07823, 0.30164 ], [ 37.0783, 0.30249 ], [ 37.07859, 0.3058 ], [ 37.07864, 0.3134 ], [ 37.07838, 0.32035 ], [ 37.07783, 0.32231 ], [ 37.07738, 0.32467 ], [ 37.07679, 0.3275 ], [ 37.07677, 0.32759 ], [ 37.07657, 0.33434 ], [ 37.07637, 0.3372 ], [ 37.07652, 0.33902 ], [ 37.07723, 0.34123 ], [ 37.07823, 0.34385 ], [ 37.07924, 0.34626 ], [ 37.0806, 0.34853 ], [ 37.08296, 0.35255 ], [ 37.10516, 0.34241 ], [ 37.11783, 0.33667 ], [ 37.11783, 0.33667 ], [ 37.12848, 0.33184 ], [ 37.14769, 0.32314 ], [ 37.14779, 0.32309 ], [ 37.15728, 0.31881 ], [ 37.18629, 0.30573 ], [ 37.16203, 0.25217 ], [ 37.15992, 0.24745 ], [ 37.15992, 0.24278 ], [ 37.16011, 0.22382 ], [ 37.16011, 0.20919 ], [ 37.1591, 0.19917 ], [ 37.15803, 0.18928 ], [ 37.15784, 0.17491 ], [ 37.15838, 0.17099 ], [ 37.15853, 0.16771 ], [ 37.1586, 0.16655 ], [ 37.15907, 0.16598 ], [ 37.15928, 0.1656 ], [ 37.15937, 0.16537 ], [ 37.15939, 0.165 ], [ 37.15939, 0.16485 ], [ 37.15928, 0.16448 ], [ 37.15928, 0.1643 ], [ 37.15925, 0.16393 ], [ 37.15925, 0.16367 ], [ 37.15923, 0.16328 ], [ 37.15925, 0.16301 ], [ 37.15936, 0.16257 ], [ 37.15946, 0.16221 ], [ 37.15973, 0.16153 ], [ 37.15994, 0.16126 ], [ 37.16015, 0.16082 ], [ 37.16027, 0.16052 ], [ 37.16043, 0.16005 ], [ 37.16038, 0.15963 ], [ 37.16015, 0.15883 ], [ 37.15981, 0.15821 ], [ 37.1596, 0.15767 ], [ 37.15943, 0.15708 ], [ 37.15902, 0.15619 ], [ 37.15895, 0.15573 ], [ 37.15898, 0.15545 ], [ 37.15899, 0.15524 ], [ 37.1592, 0.15488 ], [ 37.15934, 0.15447 ], [ 37.15949, 0.15428 ], [ 37.15976, 0.15377 ], [ 37.15994, 0.15351 ], [ 37.16014, 0.15301 ], [ 37.16014, 0.15279 ], [ 37.16003, 0.15256 ], [ 37.15979, 0.15226 ], [ 37.15955, 0.15191 ], [ 37.15943, 0.15152 ], [ 37.15943, 0.15111 ], [ 37.15939, 0.15077 ], [ 37.15943, 0.15003 ], [ 37.15939, 0.14941 ], [ 37.15934, 0.14876 ], [ 37.15934, 0.14822 ], [ 37.15934, 0.14775 ], [ 37.15942, 0.14713 ], [ 37.15933, 0.14656 ], [ 37.15931, 0.14633 ], [ 37.15911, 0.14567 ], [ 37.15902, 0.14517 ], [ 37.15878, 0.14468 ], [ 37.15875, 0.14274 ], [ 37.15661, 0.13435 ], [ 37.15535, 0.1313 ], [ 37.15516, 0.13038 ], [ 37.15553, 0.12912 ], [ 37.15673, 0.12597 ], [ 37.15906, 0.12118 ], [ 37.16326, 0.11204 ], [ 37.16603, 0.1077 ], [ 37.16814, 0.10536 ], [ 37.16972, 0.10401 ], [ 37.17177, 0.10251 ], [ 37.17186, 0.1025 ], [ 37.17217, 0.10218 ], [ 37.1723, 0.10201 ], [ 37.17248, 0.1019 ], [ 37.17268, 0.10185 ], [ 37.17285, 0.1018 ], [ 37.17305, 0.1018 ], [ 37.17326, 0.10179 ], [ 37.17348, 0.10179 ], [ 37.16928, 0.097 ], [ 37.1636, 0.09036 ], [ 37.16414, 0.08987 ], [ 37.16468, 0.08923 ], [ 37.16548, 0.0882 ], [ 37.16568, 0.08784 ], [ 37.16583, 0.08763 ], [ 37.16586, 0.08727 ], [ 37.16588, 0.0868 ], [ 37.16578, 0.08544 ], [ 37.16583, 0.08511 ], [ 37.16601, 0.08459 ], [ 37.1664, 0.08389 ], [ 37.16659, 0.08342 ], [ 37.16681, 0.08322 ], [ 37.167, 0.08302 ], [ 37.1672, 0.08286 ], [ 37.16775, 0.08268 ], [ 37.16818, 0.08252 ], [ 37.16851, 0.08252 ], [ 37.16888, 0.08252 ], [ 37.16939, 0.08265 ], [ 37.16965, 0.08275 ], [ 37.16991, 0.08283 ], [ 37.17009, 0.08296 ], [ 37.17029, 0.08312 ], [ 37.17068, 0.08314 ], [ 37.17093, 0.08314 ], [ 37.17109, 0.08304 ], [ 37.17179, 0.08291 ], [ 37.17204, 0.08291 ], [ 37.17218, 0.08291 ], [ 37.17238, 0.08293 ], [ 37.17258, 0.08293 ], [ 37.17264, 0.08289 ], [ 37.17272, 0.08283 ], [ 37.17281, 0.0826 ], [ 37.17277, 0.08242 ], [ 37.17266, 0.08224 ], [ 37.17249, 0.08206 ], [ 37.17249, 0.08196 ], [ 37.17264, 0.08177 ], [ 37.17287, 0.08162 ], [ 37.17302, 0.08152 ], [ 37.17341, 0.08144 ], [ 37.17359, 0.08144 ], [ 37.17388, 0.08144 ], [ 37.17406, 0.08144 ], [ 37.17424, 0.0815 ], [ 37.17436, 0.08154 ], [ 37.17451, 0.08154 ], [ 37.17465, 0.08142 ], [ 37.17477, 0.08121 ], [ 37.17501, 0.08077 ], [ 37.17518, 0.08059 ], [ 37.17526, 0.08051 ], [ 37.1755, 0.08042 ], [ 37.17567, 0.08044 ], [ 37.17578, 0.08046 ], [ 37.17594, 0.08051 ], [ 37.17606, 0.08052 ], [ 37.17622, 0.08047 ], [ 37.17634, 0.08031 ], [ 37.17638, 0.0802 ], [ 37.17647, 0.07987 ], [ 37.17671, 0.07966 ], [ 37.17686, 0.07953 ], [ 37.17705, 0.07953 ], [ 37.17719, 0.07951 ], [ 37.17728, 0.07944 ], [ 37.17735, 0.07922 ], [ 37.17751, 0.0789 ], [ 37.17776, 0.07855 ], [ 37.17787, 0.0784 ], [ 37.17804, 0.0782 ], [ 37.17808, 0.07805 ], [ 37.17808, 0.07799 ], [ 37.17805, 0.07771 ], [ 37.1781, 0.07758 ], [ 37.17822, 0.07745 ], [ 37.17835, 0.07743 ], [ 37.17851, 0.07743 ], [ 37.17867, 0.07743 ], [ 37.17879, 0.07752 ], [ 37.17893, 0.07755 ], [ 37.17905, 0.07755 ], [ 37.1792, 0.07737 ], [ 37.17925, 0.07711 ], [ 37.17925, 0.07688 ], [ 37.17925, 0.07663 ], [ 37.17926, 0.07649 ], [ 37.17942, 0.07613 ], [ 37.17978, 0.07539 ], [ 37.17996, 0.07516 ], [ 37.18023, 0.0749 ], [ 37.18037, 0.07466 ], [ 37.18045, 0.07448 ], [ 37.18049, 0.07415 ], [ 37.18049, 0.07392 ], [ 37.18049, 0.07354 ], [ 37.18027, 0.07317 ], [ 37.18021, 0.07289 ], [ 37.18024, 0.07278 ], [ 37.18027, 0.07269 ], [ 37.18044, 0.07263 ], [ 37.1806, 0.0726 ], [ 37.1808, 0.07258 ], [ 37.18117, 0.07238 ], [ 37.18121, 0.07229 ], [ 37.18121, 0.07199 ], [ 37.18109, 0.07189 ], [ 37.18099, 0.07171 ], [ 37.18098, 0.07157 ], [ 37.18099, 0.07144 ], [ 37.18116, 0.07122 ], [ 37.18129, 0.07121 ], [ 37.1814, 0.07121 ], [ 37.1815, 0.07121 ], [ 37.18163, 0.07117 ], [ 37.18179, 0.07098 ], [ 37.18196, 0.0708 ], [ 37.18215, 0.07059 ], [ 37.18233, 0.07046 ], [ 37.18243, 0.07046 ], [ 37.18281, 0.07036 ], [ 37.18289, 0.07019 ], [ 37.18287, 0.06982 ], [ 37.18287, 0.06962 ], [ 37.18296, 0.06946 ], [ 37.18312, 0.06936 ], [ 37.18341, 0.06931 ], [ 37.18359, 0.06921 ], [ 37.18377, 0.06915 ], [ 37.18412, 0.069 ], [ 37.18436, 0.06887 ], [ 37.18459, 0.06872 ], [ 37.18479, 0.06845 ], [ 37.18492, 0.06822 ], [ 37.18493, 0.06797 ], [ 37.18497, 0.06781 ], [ 37.18497, 0.06768 ], [ 37.185, 0.06755 ], [ 37.18508, 0.06745 ], [ 37.18528, 0.06737 ], [ 37.18551, 0.0673 ], [ 37.18572, 0.0673 ], [ 37.18595, 0.0673 ], [ 37.18653, 0.06737 ], [ 37.18685, 0.06737 ], [ 37.18707, 0.06732 ], [ 37.18756, 0.06699 ], [ 37.18779, 0.06678 ], [ 37.18801, 0.0666 ], [ 37.18825, 0.0665 ], [ 37.18841, 0.0665 ], [ 37.18866, 0.06647 ], [ 37.18897, 0.06643 ], [ 37.18928, 0.06639 ], [ 37.18962, 0.06629 ], [ 37.1899, 0.06611 ], [ 37.19016, 0.06593 ], [ 37.19051, 0.0656 ], [ 37.19111, 0.06521 ], [ 37.19162, 0.06491 ], [ 37.19198, 0.06485 ], [ 37.19216, 0.0648 ], [ 37.19239, 0.06483 ], [ 37.19253, 0.06496 ], [ 37.19268, 0.06516 ], [ 37.19286, 0.06534 ], [ 37.19294, 0.06545 ], [ 37.19294, 0.0656 ], [ 37.19301, 0.06568 ], [ 37.19322, 0.0657 ], [ 37.19346, 0.0657 ], [ 37.19363, 0.06563 ], [ 37.19368, 0.0655 ], [ 37.19366, 0.06541 ], [ 37.19364, 0.06531 ], [ 37.19371, 0.06521 ], [ 37.19382, 0.06518 ], [ 37.19392, 0.06521 ], [ 37.19394, 0.06531 ], [ 37.19404, 0.06537 ], [ 37.1942, 0.06539 ], [ 37.1944, 0.06518 ], [ 37.19458, 0.06501 ], [ 37.19479, 0.06487 ], [ 37.19487, 0.06483 ], [ 37.19499, 0.06485 ], [ 37.19512, 0.06483 ], [ 37.19523, 0.06477 ], [ 37.19531, 0.06465 ], [ 37.19528, 0.06442 ], [ 37.19521, 0.06433 ], [ 37.19521, 0.06426 ], [ 37.19525, 0.06415 ], [ 37.19533, 0.06406 ], [ 37.19551, 0.064 ], [ 37.19566, 0.064 ], [ 37.1958, 0.06406 ], [ 37.19592, 0.06415 ], [ 37.19603, 0.06423 ], [ 37.19611, 0.06423 ], [ 37.19641, 0.06421 ], [ 37.19672, 0.0641 ], [ 37.19675, 0.06397 ], [ 37.19675, 0.0638 ], [ 37.19672, 0.06343 ], [ 37.19672, 0.0633 ], [ 37.19673, 0.0632 ], [ 37.19682, 0.06308 ], [ 37.1969, 0.063 ], [ 37.197, 0.06295 ], [ 37.19706, 0.06289 ], [ 37.19719, 0.06282 ], [ 37.19722, 0.06271 ], [ 37.19724, 0.06264 ], [ 37.19724, 0.06259 ], [ 37.19734, 0.06245 ], [ 37.19749, 0.06238 ], [ 37.19783, 0.06243 ], [ 37.19794, 0.06256 ], [ 37.19798, 0.06268 ], [ 37.19794, 0.06299 ], [ 37.19788, 0.0631 ], [ 37.19783, 0.06326 ], [ 37.19785, 0.06343 ], [ 37.19793, 0.06359 ], [ 37.19801, 0.06375 ], [ 37.19811, 0.06389 ], [ 37.19814, 0.064 ], [ 37.19829, 0.06402 ], [ 37.19848, 0.06397 ], [ 37.19866, 0.06387 ], [ 37.19886, 0.06371 ], [ 37.19899, 0.06361 ], [ 37.19922, 0.06351 ], [ 37.19938, 0.06341 ], [ 37.19956, 0.06331 ], [ 37.19969, 0.06326 ], [ 37.19982, 0.06328 ], [ 37.19994, 0.06333 ], [ 37.20004, 0.06333 ], [ 37.20012, 0.06333 ], [ 37.20023, 0.06335 ], [ 37.20031, 0.06333 ], [ 37.2004, 0.06323 ], [ 37.20051, 0.0631 ], [ 37.20058, 0.06304 ], [ 37.20192, 0.06227 ], [ 37.20192, 0.06226 ], [ 37.20259, 0.06188 ] ] ] ] } },
{ "type": "Feature", "properties": { "entity_id": 180, "p_entity": 21, "name": "Laikipia North Sub County" }, "geometry": { "type": "Polygon", "coordinates": [ [ [ 36.93144, 0.74044 ], [ 36.93155, 0.74049 ], [ 36.93171, 0.74059 ], [ 36.93184, 0.74066 ], [ 36.93192, 0.74068 ], [ 36.93201, 0.7407 ], [ 36.93213, 0.74073 ], [ 36.93234, 0.74079 ], [ 36.93206, 0.73768 ], [ 36.93202, 0.73763 ], [ 36.93196, 0.73741 ], [ 36.93193, 0.73721 ], [ 36.93195, 0.73706 ], [ 36.93196, 0.73696 ], [ 36.93196, 0.73681 ], [ 36.93198, 0.73668 ], [ 36.93199, 0.73657 ], [ 36.932, 0.73648 ], [ 36.93201, 0.73644 ], [ 36.93202, 0.73635 ], [ 36.93203, 0.73624 ], [ 36.93207, 0.7361 ], [ 36.93218, 0.73313 ], [ 36.93198, 0.73135 ], [ 36.93194, 0.73129 ], [ 36.93181, 0.73112 ], [ 36.93168, 0.73097 ], [ 36.93158, 0.73086 ], [ 36.93148, 0.73071 ], [ 36.93127, 0.73044 ], [ 36.9311, 0.73005 ], [ 36.93094, 0.72984 ], [ 36.9308, 0.72966 ], [ 36.93057, 0.72942 ], [ 36.93038, 0.72923 ], [ 36.9303, 0.72918 ], [ 36.93026, 0.72915 ], [ 36.93, 0.72897 ], [ 36.9296, 0.72872 ], [ 36.9294, 0.72863 ], [ 36.92933, 0.72859 ], [ 36.92926, 0.72856 ], [ 36.92915, 0.72854 ], [ 36.92907, 0.72851 ], [ 36.92889, 0.72847 ], [ 36.9287, 0.72847 ], [ 36.92859, 0.72847 ], [ 36.92849, 0.72847 ], [ 36.92838, 0.72842 ], [ 36.92828, 0.72835 ], [ 36.92823, 0.72826 ], [ 36.92815, 0.72816 ], [ 36.92813, 0.72806 ], [ 36.92804, 0.72785 ], [ 36.92801, 0.72775 ], [ 36.92801, 0.72766 ], [ 36.92794, 0.72743 ], [ 36.92793, 0.72726 ], [ 36.92786, 0.72689 ], [ 36.92783, 0.72672 ], [ 36.92783, 0.7266 ], [ 36.92783, 0.72651 ], [ 36.92783, 0.72645 ], [ 36.92752, 0.72555 ], [ 36.92742, 0.72335 ], [ 36.92741, 0.72317 ], [ 36.9274, 0.72298 ], [ 36.9274, 0.72295 ], [ 36.92737, 0.7227 ], [ 36.92729, 0.7224 ], [ 36.92722, 0.72212 ], [ 36.92719, 0.72166 ], [ 36.92719, 0.72152 ], [ 36.92718, 0.72136 ], [ 36.92721, 0.72107 ], [ 36.92721, 0.72097 ], [ 36.92718, 0.72064 ], [ 36.92713, 0.72008 ], [ 36.92713, 0.71975 ], [ 36.92713, 0.71937 ], [ 36.9271, 0.71891 ], [ 36.9271, 0.71858 ], [ 36.9271, 0.71818 ], [ 36.92708, 0.71773 ], [ 36.9271, 0.71734 ], [ 36.92712, 0.71718 ], [ 36.927, 0.7148 ], [ 36.92665, 0.70717 ], [ 36.92665, 0.69913 ], [ 36.92664, 0.69903 ], [ 36.92663, 0.6987 ], [ 36.92663, 0.69851 ], [ 36.92663, 0.69848 ], [ 36.92613, 0.69018 ], [ 36.92613, 0.68738 ], [ 36.92649, 0.68732 ], [ 36.92652, 0.68724 ], [ 36.92657, 0.68712 ], [ 36.92662, 0.68697 ], [ 36.92664, 0.6869 ], [ 36.92664, 0.68664 ], [ 36.92664, 0.68646 ], [ 36.92663, 0.68633 ], [ 36.92661, 0.6861 ], [ 36.92658, 0.68597 ], [ 36.92649, 0.68581 ], [ 36.92638, 0.68552 ], [ 36.92631, 0.68534 ], [ 36.92626, 0.68506 ], [ 36.92625, 0.68492 ], [ 36.92625, 0.68463 ], [ 36.92625, 0.6844 ], [ 36.92626, 0.68422 ], [ 36.92626, 0.68393 ], [ 36.92631, 0.68352 ], [ 36.92637, 0.68318 ], [ 36.92638, 0.68274 ], [ 36.92639, 0.6822 ], [ 36.92641, 0.68196 ], [ 36.92649, 0.68163 ], [ 36.92657, 0.68107 ], [ 36.9266, 0.68054 ], [ 36.92662, 0.68015 ], [ 36.92667, 0.67964 ], [ 36.92669, 0.67928 ], [ 36.92668, 0.67889 ], [ 36.92676, 0.67852 ], [ 36.9268, 0.67824 ], [ 36.92685, 0.67806 ], [ 36.92694, 0.67768 ], [ 36.92701, 0.67727 ], [ 36.92704, 0.67699 ], [ 36.92708, 0.67668 ], [ 36.92713, 0.67637 ], [ 36.9272, 0.67609 ], [ 36.92721, 0.67599 ], [ 36.92728, 0.67574 ], [ 36.92729, 0.67559 ], [ 36.92734, 0.67539 ], [ 36.92734, 0.67525 ], [ 36.92739, 0.67509 ], [ 36.92742, 0.67497 ], [ 36.92743, 0.67484 ], [ 36.92744, 0.6747 ], [ 36.92744, 0.6746 ], [ 36.92744, 0.6745 ], [ 36.92753, 0.67428 ], [ 36.92755, 0.67411 ], [ 36.92755, 0.67383 ], [ 36.92755, 0.67367 ], [ 36.92757, 0.67344 ], [ 36.92758, 0.67328 ], [ 36.92759, 0.67313 ], [ 36.92759, 0.67296 ], [ 36.92758, 0.67273 ], [ 36.92756, 0.67262 ], [ 36.9276, 0.67233 ], [ 36.9276, 0.67232 ], [ 36.92746, 0.67232 ], [ 36.92745, 0.67231 ], [ 36.92733, 0.67207 ], [ 36.92724, 0.67198 ], [ 36.92715, 0.67185 ], [ 36.92702, 0.67168 ], [ 36.9269, 0.6716 ], [ 36.92679, 0.67147 ], [ 36.92662, 0.67139 ], [ 36.92652, 0.67137 ], [ 36.92638, 0.67137 ], [ 36.92628, 0.67137 ], [ 36.92607, 0.67132 ], [ 36.92589, 0.67122 ], [ 36.92571, 0.67115 ], [ 36.92544, 0.67088 ], [ 36.92524, 0.67069 ], [ 36.92523, 0.67068 ], [ 36.92509, 0.67047 ], [ 36.92503, 0.67032 ], [ 36.92495, 0.67014 ], [ 36.92486, 0.66994 ], [ 36.92467, 0.66965 ], [ 36.9246, 0.6694 ], [ 36.92451, 0.66926 ], [ 36.92447, 0.66916 ], [ 36.92445, 0.66912 ], [ 36.92444, 0.66907 ], [ 36.92439, 0.66881 ], [ 36.92442, 0.66851 ], [ 36.92442, 0.66831 ], [ 36.92442, 0.66807 ], [ 36.92442, 0.66787 ], [ 36.92443, 0.66768 ], [ 36.92443, 0.66757 ], [ 36.92443, 0.66743 ], [ 36.92443, 0.66728 ], [ 36.92445, 0.66705 ], [ 36.92445, 0.66688 ], [ 36.92447, 0.66665 ], [ 36.92449, 0.66635 ], [ 36.92449, 0.66631 ], [ 36.9245, 0.66605 ], [ 36.9245, 0.66594 ], [ 36.9245, 0.66575 ], [ 36.9245, 0.66568 ], [ 36.92451, 0.66559 ], [ 36.92454, 0.66532 ], [ 36.92454, 0.6651 ], [ 36.92457, 0.66477 ], [ 36.92457, 0.66458 ], [ 36.92457, 0.66443 ], [ 36.92455, 0.66433 ], [ 36.92454, 0.66431 ], [ 36.92443, 0.66409 ], [ 36.92435, 0.66394 ], [ 36.92424, 0.66378 ], [ 36.92416, 0.66364 ], [ 36.92406, 0.66348 ], [ 36.92394, 0.6633 ], [ 36.92389, 0.66322 ], [ 36.92379, 0.66305 ], [ 36.92363, 0.66287 ], [ 36.92351, 0.66266 ], [ 36.92341, 0.66249 ], [ 36.92334, 0.66225 ], [ 36.92331, 0.66211 ], [ 36.92325, 0.66194 ], [ 36.92324, 0.6618 ], [ 36.92323, 0.66162 ], [ 36.92323, 0.66145 ], [ 36.92323, 0.66127 ], [ 36.92323, 0.66111 ], [ 36.92322, 0.66086 ], [ 36.92321, 0.66077 ], [ 36.92319, 0.66068 ], [ 36.92319, 0.66046 ], [ 36.92322, 0.6601 ], [ 36.92322, 0.65992 ], [ 36.92322, 0.65975 ], [ 36.92314, 0.65958 ], [ 36.92303, 0.65942 ], [ 36.92292, 0.65931 ], [ 36.92279, 0.65923 ], [ 36.92262, 0.65915 ], [ 36.92252, 0.6591 ], [ 36.9224, 0.65902 ], [ 36.9222, 0.65899 ], [ 36.92217, 0.65899 ], [ 36.92203, 0.65899 ], [ 36.92186, 0.65903 ], [ 36.92147, 0.659 ], [ 36.92121, 0.65899 ], [ 36.92102, 0.65893 ], [ 36.92094, 0.65886 ], [ 36.92082, 0.65885 ], [ 36.92064, 0.65882 ], [ 36.92043, 0.65882 ], [ 36.92022, 0.65887 ], [ 36.92008, 0.65887 ], [ 36.9198, 0.65889 ], [ 36.91967, 0.65889 ], [ 36.91944, 0.65889 ], [ 36.91922, 0.65889 ], [ 36.91878, 0.65892 ], [ 36.91859, 0.65894 ], [ 36.91846, 0.65895 ], [ 36.91825, 0.65899 ], [ 36.91808, 0.65899 ], [ 36.91788, 0.65903 ], [ 36.91759, 0.65918 ], [ 36.91747, 0.6592 ], [ 36.91723, 0.6593 ], [ 36.91703, 0.65939 ], [ 36.91693, 0.65941 ], [ 36.91683, 0.65945 ], [ 36.91669, 0.65949 ], [ 36.91654, 0.65952 ], [ 36.91644, 0.65957 ], [ 36.91635, 0.65957 ], [ 36.91626, 0.65961 ], [ 36.91595, 0.65981 ], [ 36.91586, 0.65992 ], [ 36.91571, 0.66002 ], [ 36.91556, 0.66013 ], [ 36.91537, 0.66022 ], [ 36.91537, 0.66022 ], [ 36.9152, 0.66033 ], [ 36.91496, 0.66036 ], [ 36.91481, 0.66035 ], [ 36.91468, 0.66029 ], [ 36.91463, 0.66023 ], [ 36.91448, 0.66002 ], [ 36.91438, 0.65988 ], [ 36.91437, 0.65987 ], [ 36.91426, 0.65975 ], [ 36.91419, 0.6596 ], [ 36.91413, 0.65944 ], [ 36.91404, 0.65915 ], [ 36.91396, 0.65899 ], [ 36.9139, 0.65878 ], [ 36.9139, 0.65855 ], [ 36.9139, 0.65839 ], [ 36.9139, 0.65823 ], [ 36.91389, 0.6581 ], [ 36.91397, 0.6578 ], [ 36.914, 0.65768 ], [ 36.91407, 0.65741 ], [ 36.9141, 0.65726 ], [ 36.91423, 0.65694 ], [ 36.91423, 0.65672 ], [ 36.91424, 0.65657 ], [ 36.91423, 0.65645 ], [ 36.9142, 0.65631 ], [ 36.91409, 0.65622 ], [ 36.91392, 0.65611 ], [ 36.9137, 0.65598 ], [ 36.91342, 0.65591 ], [ 36.9134, 0.6559 ], [ 36.91326, 0.65585 ], [ 36.9131, 0.65578 ], [ 36.91291, 0.65575 ], [ 36.91279, 0.65569 ], [ 36.91262, 0.65557 ], [ 36.91255, 0.65547 ], [ 36.91248, 0.65533 ], [ 36.91245, 0.65513 ], [ 36.91238, 0.65473 ], [ 36.91233, 0.65433 ], [ 36.91232, 0.6541 ], [ 36.91234, 0.65405 ], [ 36.91239, 0.65381 ], [ 36.91241, 0.65368 ], [ 36.91251, 0.65346 ], [ 36.91256, 0.65324 ], [ 36.91261, 0.65308 ], [ 36.91276, 0.65284 ], [ 36.91284, 0.65267 ], [ 36.91287, 0.65259 ], [ 36.91295, 0.6524 ], [ 36.91304, 0.65225 ], [ 36.91307, 0.65216 ], [ 36.91312, 0.65195 ], [ 36.91312, 0.6518 ], [ 36.91311, 0.6517 ], [ 36.91311, 0.65167 ], [ 36.91309, 0.65148 ], [ 36.9131, 0.65141 ], [ 36.91311, 0.65127 ], [ 36.91311, 0.65111 ], [ 36.91311, 0.65092 ], [ 36.91311, 0.65077 ], [ 36.91311, 0.65052 ], [ 36.91323, 0.65027 ], [ 36.91332, 0.6501 ], [ 36.91335, 0.65 ], [ 36.91335, 0.64988 ], [ 36.91329, 0.64979 ], [ 36.91324, 0.64968 ], [ 36.91318, 0.64953 ], [ 36.91318, 0.64938 ], [ 36.91319, 0.64893 ], [ 36.91322, 0.64828 ], [ 36.91322, 0.64809 ], [ 36.91317, 0.64774 ], [ 36.91296, 0.64745 ], [ 36.91266, 0.6471 ], [ 36.91237, 0.64686 ], [ 36.91219, 0.64671 ], [ 36.91201, 0.64665 ], [ 36.91186, 0.64665 ], [ 36.91171, 0.64666 ], [ 36.9115, 0.64669 ], [ 36.91136, 0.64675 ], [ 36.9112, 0.64683 ], [ 36.9111, 0.64691 ], [ 36.91108, 0.64692 ], [ 36.91093, 0.64697 ], [ 36.91084, 0.64697 ], [ 36.91075, 0.64697 ], [ 36.91062, 0.64693 ], [ 36.91052, 0.6469 ], [ 36.91043, 0.6468 ], [ 36.91038, 0.6467 ], [ 36.9103, 0.64661 ], [ 36.91022, 0.64646 ], [ 36.91012, 0.64632 ], [ 36.91002, 0.6461 ], [ 36.90993, 0.64582 ], [ 36.90976, 0.64534 ], [ 36.90975, 0.64532 ], [ 36.90967, 0.64511 ], [ 36.90956, 0.64478 ], [ 36.90948, 0.6444 ], [ 36.90944, 0.64409 ], [ 36.90938, 0.64375 ], [ 36.90935, 0.64344 ], [ 36.90933, 0.64324 ], [ 36.9093, 0.64308 ], [ 36.90926, 0.64277 ], [ 36.90919, 0.64254 ], [ 36.90913, 0.64227 ], [ 36.90912, 0.64211 ], [ 36.90909, 0.64194 ], [ 36.90909, 0.6419 ], [ 36.90905, 0.64173 ], [ 36.90902, 0.64154 ], [ 36.90902, 0.64126 ], [ 36.90902, 0.64108 ], [ 36.90902, 0.6409 ], [ 36.90903, 0.64074 ], [ 36.90903, 0.64072 ], [ 36.90903, 0.64052 ], [ 36.90904, 0.64041 ], [ 36.90908, 0.64019 ], [ 36.90911, 0.64003 ], [ 36.90918, 0.6399 ], [ 36.90928, 0.63976 ], [ 36.90936, 0.63965 ], [ 36.90946, 0.63957 ], [ 36.90956, 0.63947 ], [ 36.90972, 0.63932 ], [ 36.90987, 0.63918 ], [ 36.9099, 0.63912 ], [ 36.90994, 0.63906 ], [ 36.91007, 0.63882 ], [ 36.91011, 0.63867 ], [ 36.91011, 0.63851 ], [ 36.91011, 0.63835 ], [ 36.91011, 0.63814 ], [ 36.91012, 0.63785 ], [ 36.91012, 0.63758 ], [ 36.91011, 0.63732 ], [ 36.9101, 0.63708 ], [ 36.9101, 0.6369 ], [ 36.91009, 0.63659 ], [ 36.91007, 0.63618 ], [ 36.91007, 0.63599 ], [ 36.91006, 0.63569 ], [ 36.91008, 0.6354 ], [ 36.91008, 0.63517 ], [ 36.91007, 0.63495 ], [ 36.91007, 0.63472 ], [ 36.91012, 0.63449 ], [ 36.9102, 0.63409 ], [ 36.91021, 0.63383 ], [ 36.91025, 0.63353 ], [ 36.91025, 0.63324 ], [ 36.91025, 0.6329 ], [ 36.91019, 0.63259 ], [ 36.91014, 0.63226 ], [ 36.91002, 0.63183 ], [ 36.91001, 0.63178 ], [ 36.90983, 0.63128 ], [ 36.90947, 0.63082 ], [ 36.9093, 0.63057 ], [ 36.90915, 0.63042 ], [ 36.90901, 0.63028 ], [ 36.90888, 0.6301 ], [ 36.9086, 0.62982 ], [ 36.90859, 0.6298 ], [ 36.90727, 0.62953 ], [ 36.90528, 0.6294 ], [ 36.90259, 0.62934 ], [ 36.90117, 0.62931 ], [ 36.89999, 0.62903 ], [ 36.89996, 0.62903 ], [ 36.89971, 0.62903 ], [ 36.89948, 0.62903 ], [ 36.89934, 0.62902 ], [ 36.89918, 0.62901 ], [ 36.89891, 0.62891 ], [ 36.89852, 0.62878 ], [ 36.89835, 0.62871 ], [ 36.8981, 0.62857 ], [ 36.898, 0.62849 ], [ 36.89748, 0.62833 ], [ 36.89666, 0.6281 ], [ 36.89574, 0.62581 ], [ 36.89522, 0.62327 ], [ 36.89474, 0.62054 ], [ 36.89433, 0.61996 ], [ 36.89416, 0.61996 ], [ 36.89396, 0.61997 ], [ 36.89377, 0.62005 ], [ 36.89368, 0.62009 ], [ 36.89349, 0.62015 ], [ 36.89336, 0.62021 ], [ 36.89319, 0.62029 ], [ 36.89297, 0.62044 ], [ 36.89284, 0.62059 ], [ 36.89281, 0.6206 ], [ 36.89225, 0.62169 ], [ 36.89181, 0.62243 ], [ 36.89136, 0.62243 ], [ 36.89101, 0.6223 ], [ 36.88977, 0.61417 ], [ 36.88903, 0.60903 ], [ 36.88879, 0.60777 ], [ 36.88826, 0.60746 ], [ 36.88822, 0.60747 ], [ 36.88812, 0.60749 ], [ 36.88804, 0.60751 ], [ 36.88796, 0.60754 ], [ 36.88788, 0.60758 ], [ 36.88767, 0.60767 ], [ 36.88762, 0.60768 ], [ 36.88757, 0.6077 ], [ 36.88747, 0.60779 ], [ 36.88741, 0.60781 ], [ 36.8873, 0.60793 ], [ 36.88722, 0.608 ], [ 36.88717, 0.60804 ], [ 36.88708, 0.60811 ], [ 36.88699, 0.60821 ], [ 36.88697, 0.60822 ], [ 36.88693, 0.60827 ], [ 36.8868, 0.60845 ], [ 36.88673, 0.60852 ], [ 36.88664, 0.60866 ], [ 36.88658, 0.60874 ], [ 36.88647, 0.60894 ], [ 36.88643, 0.60903 ], [ 36.88633, 0.60925 ], [ 36.88627, 0.60948 ], [ 36.8862, 0.60964 ], [ 36.88617, 0.60978 ], [ 36.88615, 0.60985 ], [ 36.88604, 0.61011 ], [ 36.88595, 0.61028 ], [ 36.88583, 0.61046 ], [ 36.88576, 0.61053 ], [ 36.88566, 0.61061 ], [ 36.88556, 0.61065 ], [ 36.88541, 0.6107 ], [ 36.88538, 0.6107 ], [ 36.88521, 0.61111 ], [ 36.8843, 0.61107 ], [ 36.88409, 0.61073 ], [ 36.8838, 0.61027 ], [ 36.88355, 0.60929 ], [ 36.88315, 0.60769 ], [ 36.88315, 0.60768 ], [ 36.88307, 0.60749 ], [ 36.88301, 0.60734 ], [ 36.88249, 0.60601 ], [ 36.88147, 0.60581 ], [ 36.88107, 0.60574 ], [ 36.88082, 0.60569 ], [ 36.88034, 0.60479 ], [ 36.88028, 0.60392 ], [ 36.88026, 0.60353 ], [ 36.87976, 0.60314 ], [ 36.87859, 0.60317 ], [ 36.87722, 0.60351 ], [ 36.87656, 0.60307 ], [ 36.87649, 0.60309 ], [ 36.87644, 0.60311 ], [ 36.8764, 0.60312 ], [ 36.8763, 0.60318 ], [ 36.87618, 0.60319 ], [ 36.87612, 0.60319 ], [ 36.87604, 0.60318 ], [ 36.87602, 0.60317 ], [ 36.87598, 0.60311 ], [ 36.87594, 0.60304 ], [ 36.8759, 0.60295 ], [ 36.87587, 0.60288 ], [ 36.87586, 0.60281 ], [ 36.87584, 0.60275 ], [ 36.87584, 0.60271 ], [ 36.8758, 0.60261 ], [ 36.87578, 0.60251 ], [ 36.87574, 0.60241 ], [ 36.87573, 0.60232 ], [ 36.87571, 0.6022 ], [ 36.8757, 0.60205 ], [ 36.87567, 0.60189 ], [ 36.87567, 0.60185 ], [ 36.87566, 0.60177 ], [ 36.87566, 0.60164 ], [ 36.87565, 0.60153 ], [ 36.87562, 0.60142 ], [ 36.87556, 0.60122 ], [ 36.87544, 0.60097 ], [ 36.87361, 0.59837 ], [ 36.87339, 0.5981 ], [ 36.87336, 0.59807 ], [ 36.87327, 0.59801 ], [ 36.87317, 0.59797 ], [ 36.87315, 0.59795 ], [ 36.87313, 0.59794 ], [ 36.87308, 0.59789 ], [ 36.873, 0.59786 ], [ 36.87294, 0.5978 ], [ 36.87292, 0.59773 ], [ 36.87289, 0.59766 ], [ 36.87288, 0.59757 ], [ 36.87287, 0.5975 ], [ 36.87286, 0.59745 ], [ 36.87235, 0.59683 ], [ 36.87147, 0.59615 ], [ 36.87146, 0.59615 ], [ 36.87136, 0.59616 ], [ 36.87131, 0.59616 ], [ 36.87122, 0.59616 ], [ 36.87104, 0.59614 ], [ 36.87086, 0.59613 ], [ 36.87077, 0.5961 ], [ 36.87063, 0.59601 ], [ 36.87059, 0.59601 ], [ 36.87055, 0.596 ], [ 36.87048, 0.59595 ], [ 36.87042, 0.59592 ], [ 36.87037, 0.59588 ], [ 36.87032, 0.59583 ], [ 36.87012, 0.59575 ], [ 36.8701, 0.59575 ], [ 36.86875, 0.59563 ], [ 36.86805, 0.59494 ], [ 36.86786, 0.59392 ], [ 36.86764, 0.59205 ], [ 36.86677, 0.59085 ], [ 36.86638, 0.58951 ], [ 36.86685, 0.58874 ], [ 36.86797, 0.58773 ], [ 36.86847, 0.5857 ], [ 36.86851, 0.58302 ], [ 36.86779, 0.58074 ], [ 36.86752, 0.57957 ], [ 36.86742, 0.57805 ], [ 36.86808, 0.57668 ], [ 36.868, 0.57559 ], [ 36.86623, 0.57349 ], [ 36.86503, 0.57131 ], [ 36.86452, 0.56859 ], [ 36.8646, 0.56828 ], [ 36.8646, 0.56831 ], [ 36.86461, 0.56844 ], [ 36.86461, 0.56856 ], [ 36.86461, 0.56863 ], [ 36.86461, 0.56875 ], [ 36.86461, 0.56889 ], [ 36.86462, 0.56897 ], [ 36.86465, 0.5691 ], [ 36.8647, 0.56927 ], [ 36.86471, 0.5694 ], [ 36.86498, 0.56908 ], [ 36.86863, 0.56869 ], [ 36.87301, 0.56821 ], [ 36.87553, 0.56788 ], [ 36.8825, 0.56716 ], [ 36.89542, 0.56551 ], [ 36.91335, 0.56345 ], [ 36.92599, 0.56195 ], [ 36.94074, 0.5602 ], [ 36.96043, 0.55786 ], [ 36.96924, 0.55681 ], [ 36.97458, 0.55617 ], [ 36.99274, 0.55379 ], [ 37.00956, 0.55161 ], [ 37.01325, 0.55121 ], [ 37.01389, 0.55115 ], [ 37.0316, 0.54891 ], [ 37.03734, 0.54835 ], [ 37.04832, 0.54701 ], [ 37.04887, 0.54694 ], [ 37.05948, 0.54564 ], [ 37.07157, 0.54418 ], [ 37.07793, 0.54347 ], [ 37.08454, 0.54265 ], [ 37.09733, 0.54109 ], [ 37.1041, 0.5403 ], [ 37.11499, 0.53896 ], [ 37.13218, 0.53691 ], [ 37.13391, 0.5367 ], [ 37.13428, 0.53666 ], [ 37.13433, 0.53665 ], [ 37.13462, 0.53661 ], [ 37.13642, 0.53638 ], [ 37.13846, 0.53611 ], [ 37.13871, 0.53608 ], [ 37.13928, 0.536 ], [ 37.15066, 0.53472 ], [ 37.15871, 0.53377 ], [ 37.1618, 0.53339 ], [ 37.17019, 0.53234 ], [ 37.1708, 0.53226 ], [ 37.17342, 0.53196 ], [ 37.18406, 0.53067 ], [ 37.1849, 0.53057 ], [ 37.18839, 0.53014 ], [ 37.18984, 0.52997 ], [ 37.19056, 0.52988 ], [ 37.19886, 0.52894 ], [ 37.19897, 0.52893 ], [ 37.20189, 0.52855 ], [ 37.20363, 0.52834 ], [ 37.20494, 0.52816 ], [ 37.20689, 0.52798 ], [ 37.21435, 0.52703 ], [ 37.22416, 0.52588 ], [ 37.22906, 0.52529 ], [ 37.23034, 0.52511 ], [ 37.23262, 0.52481 ], [ 37.2349, 0.52455 ], [ 37.23885, 0.52392 ], [ 37.24171, 0.5237 ], [ 37.25038, 0.5227 ], [ 37.26891, 0.52065 ], [ 37.27081, 0.52046 ], [ 37.28318, 0.51917 ], [ 37.29874, 0.51761 ], [ 37.30389, 0.51706 ], [ 37.31178, 0.51624 ], [ 37.31855, 0.51553 ], [ 37.33031, 0.51438 ], [ 37.35022, 0.51231 ], [ 37.35858, 0.51143 ], [ 37.36402, 0.51089 ], [ 37.36403, 0.51088 ], [ 37.37001, 0.51029 ], [ 37.37001, 0.5103 ], [ 37.37002, 0.5103 ], [ 37.37001, 0.5101 ], [ 37.37001, 0.51003 ], [ 37.36994, 0.50981 ], [ 37.36982, 0.50967 ], [ 37.36973, 0.50961 ], [ 37.3694, 0.50903 ], [ 37.36935, 0.50894 ], [ 37.36872, 0.50794 ], [ 37.36872, 0.50794 ], [ 37.36878, 0.50781 ], [ 37.36886, 0.50744 ], [ 37.3689, 0.50725 ], [ 37.36896, 0.507 ], [ 37.36896, 0.50686 ], [ 37.36887, 0.50672 ], [ 37.36885, 0.50663 ], [ 37.36868, 0.50698 ], [ 37.36814, 0.506 ], [ 37.36763, 0.50538 ], [ 37.36681, 0.50474 ], [ 37.36651, 0.50461 ], [ 37.3657, 0.50426 ], [ 37.36521, 0.50405 ], [ 37.36514, 0.50402 ], [ 37.36344, 0.50293 ], [ 37.36235, 0.50157 ], [ 37.36234, 0.50156 ], [ 37.3615, 0.50058 ], [ 37.36103, 0.49989 ], [ 37.36088, 0.49966 ], [ 37.36051, 0.4987 ], [ 37.3605, 0.49868 ], [ 37.36023, 0.49771 ], [ 37.36, 0.49649 ], [ 37.35989, 0.49509 ], [ 37.35976, 0.49413 ], [ 37.35968, 0.4936 ], [ 37.35961, 0.49308 ], [ 37.35959, 0.49294 ], [ 37.35938, 0.49141 ], [ 37.35935, 0.48984 ], [ 37.35945, 0.48851 ], [ 37.35993, 0.48715 ], [ 37.36075, 0.48575 ], [ 37.36119, 0.48449 ], [ 37.36138, 0.48382 ], [ 37.36146, 0.48357 ], [ 37.36146, 0.4826 ], [ 37.36146, 0.48244 ], [ 37.36136, 0.48169 ], [ 37.36098, 0.48087 ], [ 37.36069, 0.4806 ], [ 37.36044, 0.48036 ], [ 37.35986, 0.47954 ], [ 37.35965, 0.47855 ], [ 37.35982, 0.47562 ], [ 37.35986, 0.47426 ], [ 37.35987, 0.47389 ], [ 37.35989, 0.47334 ], [ 37.35979, 0.47256 ], [ 37.35938, 0.47214 ], [ 37.35931, 0.47208 ], [ 37.35856, 0.47167 ], [ 37.35827, 0.47137 ], [ 37.35819, 0.47129 ], [ 37.35817, 0.47119 ], [ 37.35813, 0.47093 ], [ 37.35811, 0.47079 ], [ 37.35805, 0.47041 ], [ 37.35802, 0.46921 ], [ 37.35801, 0.46886 ], [ 37.35797, 0.46789 ], [ 37.35796, 0.46731 ], [ 37.35795, 0.46714 ], [ 37.35771, 0.46601 ], [ 37.35768, 0.46587 ], [ 37.3573, 0.46414 ], [ 37.35659, 0.46301 ], [ 37.3556, 0.46229 ], [ 37.35376, 0.45991 ], [ 37.35354, 0.45968 ], [ 37.35219, 0.45824 ], [ 37.35093, 0.45687 ], [ 37.35035, 0.45568 ], [ 37.35023, 0.45541 ], [ 37.3497, 0.45425 ], [ 37.34949, 0.45282 ], [ 37.34943, 0.45128 ], [ 37.34926, 0.44991 ], [ 37.34918, 0.44927 ], [ 37.34915, 0.44907 ], [ 37.34874, 0.44734 ], [ 37.34861, 0.44678 ], [ 37.34861, 0.44556 ], [ 37.34861, 0.44385 ], [ 37.34888, 0.44252 ], [ 37.3493, 0.4415 ], [ 37.34939, 0.44126 ], [ 37.34938, 0.44095 ], [ 37.34937, 0.44022 ], [ 37.34936, 0.43993 ], [ 37.34892, 0.43911 ], [ 37.34895, 0.43847 ], [ 37.34932, 0.43703 ], [ 37.34977, 0.43564 ], [ 37.34977, 0.43563 ], [ 37.35031, 0.43417 ], [ 37.35042, 0.43301 ], [ 37.3512, 0.43165 ], [ 37.35151, 0.43049 ], [ 37.35202, 0.428 ], [ 37.35239, 0.42459 ], [ 37.35239, 0.42094 ], [ 37.35287, 0.41638 ], [ 37.35287, 0.4146 ], [ 37.35314, 0.41194 ], [ 37.35355, 0.41041 ], [ 37.3543, 0.40905 ], [ 37.35444, 0.4089 ], [ 37.35492, 0.4084 ], [ 37.35805, 0.40659 ], [ 37.35925, 0.40598 ], [ 37.36023, 0.40577 ], [ 37.36177, 0.40554 ], [ 37.36286, 0.40513 ], [ 37.36381, 0.40417 ], [ 37.3648, 0.40209 ], [ 37.36623, 0.39882 ], [ 37.36753, 0.39908 ], [ 37.36754, 0.39894 ], [ 37.36772, 0.39808 ], [ 37.36802, 0.39745 ], [ 37.36866, 0.39707 ], [ 37.36887, 0.39681 ], [ 37.36925, 0.39607 ], [ 37.36955, 0.39535 ], [ 37.36971, 0.3946 ], [ 37.36971, 0.39388 ], [ 37.36969, 0.39191 ], [ 37.36981, 0.39095 ], [ 37.37011, 0.38986 ], [ 37.37055, 0.38886 ], [ 37.37089, 0.38845 ], [ 37.37106, 0.38811 ], [ 37.37106, 0.38787 ], [ 37.37106, 0.38749 ], [ 37.37099, 0.38711 ], [ 37.37087, 0.38678 ], [ 37.3708, 0.38667 ], [ 37.37043, 0.38606 ], [ 37.37017, 0.38574 ], [ 37.37007, 0.38558 ], [ 37.36997, 0.38419 ], [ 37.36997, 0.38413 ], [ 37.36999, 0.38311 ], [ 37.37011, 0.38251 ], [ 37.37029, 0.38216 ], [ 37.37037, 0.38198 ], [ 37.37055, 0.38184 ], [ 37.37075, 0.38177 ], [ 37.37087, 0.38174 ], [ 37.37148, 0.3815 ], [ 37.37214, 0.38104 ], [ 37.37314, 0.38028 ], [ 37.37413, 0.37993 ], [ 37.37501, 0.37971 ], [ 37.37578, 0.37969 ], [ 37.3765, 0.37961 ], [ 37.37668, 0.37947 ], [ 37.37684, 0.37933 ], [ 37.37698, 0.37919 ], [ 37.37716, 0.37889 ], [ 37.37738, 0.37867 ], [ 37.37753, 0.37857 ], [ 37.37777, 0.37857 ], [ 37.37799, 0.37857 ], [ 37.37811, 0.37853 ], [ 37.37817, 0.37843 ], [ 37.37817, 0.37821 ], [ 37.37831, 0.378 ], [ 37.37849, 0.3779 ], [ 37.37865, 0.37792 ], [ 37.37883, 0.37804 ], [ 37.37901, 0.37804 ], [ 37.37913, 0.37788 ], [ 37.37947, 0.3772 ], [ 37.37974, 0.37658 ], [ 37.37982, 0.37616 ], [ 37.37982, 0.37581 ], [ 37.37975, 0.37562 ], [ 37.37968, 0.37545 ], [ 37.37941, 0.37475 ], [ 37.37891, 0.37407 ], [ 37.37857, 0.37322 ], [ 37.37857, 0.37226 ], [ 37.37861, 0.37186 ], [ 37.37859, 0.37179 ], [ 37.37851, 0.37139 ], [ 37.37849, 0.37105 ], [ 37.37843, 0.37077 ], [ 37.37831, 0.37047 ], [ 37.37821, 0.37021 ], [ 37.37821, 0.36981 ], [ 37.37815, 0.36892 ], [ 37.37803, 0.36816 ], [ 37.37785, 0.36741 ], [ 37.37785, 0.36689 ], [ 37.37795, 0.36655 ], [ 37.37799, 0.36652 ], [ 37.37811, 0.36643 ], [ 37.37839, 0.36607 ], [ 37.37843, 0.36583 ], [ 37.37849, 0.36547 ], [ 37.37863, 0.36462 ], [ 37.37881, 0.3635 ], [ 37.37909, 0.36245 ], [ 37.37921, 0.36167 ], [ 37.37939, 0.36121 ], [ 37.37959, 0.36094 ], [ 37.3798, 0.36078 ], [ 37.37998, 0.36078 ], [ 37.38034, 0.3608 ], [ 37.38058, 0.36082 ], [ 37.38078, 0.36094 ], [ 37.38098, 0.36104 ], [ 37.3813, 0.36114 ], [ 37.38152, 0.36115 ], [ 37.38176, 0.36115 ], [ 37.38211, 0.3611 ], [ 37.38239, 0.3609 ], [ 37.38267, 0.36056 ], [ 37.38277, 0.36028 ], [ 37.38277, 0.36 ], [ 37.38277, 0.35964 ], [ 37.38303, 0.35902 ], [ 37.38319, 0.35877 ], [ 37.38353, 0.35841 ], [ 37.38385, 0.35797 ], [ 37.38383, 0.35783 ], [ 37.38361, 0.35781 ], [ 37.38339, 0.35773 ], [ 37.38313, 0.35751 ], [ 37.38301, 0.35725 ], [ 37.38301, 0.35695 ], [ 37.38321, 0.35662 ], [ 37.38331, 0.35644 ], [ 37.38347, 0.35606 ], [ 37.38379, 0.3556 ], [ 37.38399, 0.35538 ], [ 37.38434, 0.35536 ], [ 37.3848, 0.35538 ], [ 37.38496, 0.35538 ], [ 37.3855, 0.35558 ], [ 37.3859, 0.3556 ], [ 37.38618, 0.35558 ], [ 37.38639, 0.35556 ], [ 37.38705, 0.35554 ], [ 37.38745, 0.35552 ], [ 37.38771, 0.35538 ], [ 37.38809, 0.35508 ], [ 37.38831, 0.35484 ], [ 37.38858, 0.35466 ], [ 37.3889, 0.35455 ], [ 37.38951, 0.35455 ], [ 37.38987, 0.35455 ], [ 37.39007, 0.35456 ], [ 37.39091, 0.35436 ], [ 37.39122, 0.3543 ], [ 37.39141, 0.35418 ], [ 37.39149, 0.35408 ], [ 37.39161, 0.35376 ], [ 37.39172, 0.35351 ], [ 37.39193, 0.3531 ], [ 37.392, 0.35288 ], [ 37.39216, 0.35238 ], [ 37.39232, 0.35217 ], [ 37.39241, 0.35185 ], [ 37.39241, 0.3516 ], [ 37.39235, 0.35146 ], [ 37.39233, 0.35128 ], [ 37.39227, 0.35089 ], [ 37.39215, 0.35063 ], [ 37.39216, 0.35046 ], [ 37.39221, 0.35031 ], [ 37.39255, 0.34925 ], [ 37.39266, 0.34782 ], [ 37.39266, 0.34669 ], [ 37.39266, 0.34554 ], [ 37.39208, 0.34387 ], [ 37.39215, 0.3438 ], [ 37.39227, 0.34358 ], [ 37.39229, 0.34332 ], [ 37.39222, 0.3429 ], [ 37.3922, 0.34263 ], [ 37.39235, 0.34239 ], [ 37.39252, 0.34227 ], [ 37.39269, 0.34215 ], [ 37.39278, 0.34207 ], [ 37.39292, 0.34192 ], [ 37.39293, 0.34175 ], [ 37.39291, 0.34161 ], [ 37.39276, 0.34127 ], [ 37.39259, 0.34081 ], [ 37.3925, 0.34053 ], [ 37.39232, 0.34028 ], [ 37.39256, 0.33999 ], [ 37.39283, 0.33968 ], [ 37.39283, 0.339 ], [ 37.39285, 0.33895 ], [ 37.39285, 0.33882 ], [ 37.39283, 0.33879 ], [ 37.3928, 0.33874 ], [ 37.39262, 0.33847 ], [ 37.39253, 0.33828 ], [ 37.39253, 0.3381 ], [ 37.39254, 0.33776 ], [ 37.39252, 0.33727 ], [ 37.3925, 0.33706 ], [ 37.39236, 0.33691 ], [ 37.3922, 0.3368 ], [ 37.39213, 0.33678 ], [ 37.39188, 0.3367 ], [ 37.39185, 0.33654 ], [ 37.39197, 0.3364 ], [ 37.39215, 0.33624 ], [ 37.39246, 0.33576 ], [ 37.39283, 0.33543 ], [ 37.39292, 0.33531 ], [ 37.393, 0.3352 ], [ 37.39307, 0.33503 ], [ 37.3931, 0.3347 ], [ 37.39311, 0.33449 ], [ 37.39317, 0.33441 ], [ 37.39324, 0.3343 ], [ 37.39331, 0.33417 ], [ 37.39344, 0.33402 ], [ 37.39351, 0.33396 ], [ 37.39363, 0.33387 ], [ 37.39371, 0.33375 ], [ 37.39374, 0.33363 ], [ 37.39367, 0.33353 ], [ 37.39358, 0.33345 ], [ 37.39326, 0.33328 ], [ 37.39296, 0.333 ], [ 37.39289, 0.33282 ], [ 37.39289, 0.33266 ], [ 37.3929, 0.33238 ], [ 37.3929, 0.33181 ], [ 37.39293, 0.33106 ], [ 37.39281, 0.33016 ], [ 37.39277, 0.32989 ], [ 37.39274, 0.3297 ], [ 37.39273, 0.3296 ], [ 37.39274, 0.32941 ], [ 37.39279, 0.32927 ], [ 37.39279, 0.32926 ], [ 37.39296, 0.32901 ], [ 37.39298, 0.3288 ], [ 37.39295, 0.32866 ], [ 37.39289, 0.32855 ], [ 37.39279, 0.32842 ], [ 37.39278, 0.32839 ], [ 37.39267, 0.32829 ], [ 37.39259, 0.32817 ], [ 37.39254, 0.32804 ], [ 37.39253, 0.32728 ], [ 37.39242, 0.32665 ], [ 37.39242, 0.32662 ], [ 37.3923, 0.32634 ], [ 37.39218, 0.32611 ], [ 37.39219, 0.32592 ], [ 37.39228, 0.32581 ], [ 37.39232, 0.32573 ], [ 37.39243, 0.32558 ], [ 37.39246, 0.32535 ], [ 37.39238, 0.32518 ], [ 37.39232, 0.32508 ], [ 37.39215, 0.32494 ], [ 37.39208, 0.32491 ], [ 37.3919, 0.32484 ], [ 37.39169, 0.32458 ], [ 37.39168, 0.32452 ], [ 37.39166, 0.32439 ], [ 37.39168, 0.32425 ], [ 37.39176, 0.32416 ], [ 37.39183, 0.32409 ], [ 37.39185, 0.32407 ], [ 37.39195, 0.32399 ], [ 37.39217, 0.32376 ], [ 37.39234, 0.3236 ], [ 37.39268, 0.32311 ], [ 37.39279, 0.32264 ], [ 37.39285, 0.322 ], [ 37.39286, 0.32161 ], [ 37.39293, 0.3213 ], [ 37.39318, 0.32091 ], [ 37.39333, 0.32063 ], [ 37.39349, 0.32036 ], [ 37.39345, 0.31961 ], [ 37.39335, 0.31869 ], [ 37.39336, 0.31859 ], [ 37.3934, 0.31825 ], [ 37.39354, 0.31787 ], [ 37.39407, 0.31699 ], [ 37.39455, 0.31623 ], [ 37.39465, 0.31601 ], [ 37.39465, 0.31586 ], [ 37.39463, 0.31574 ], [ 37.39461, 0.31565 ], [ 37.39432, 0.31544 ], [ 37.39381, 0.3148 ], [ 37.39352, 0.31442 ], [ 37.39395, 0.31353 ], [ 37.39395, 0.31285 ], [ 37.3937, 0.31253 ], [ 37.39344, 0.3122 ], [ 37.39232, 0.31054 ], [ 37.39234, 0.31053 ], [ 37.39249, 0.31048 ], [ 37.39263, 0.31047 ], [ 37.39284, 0.31047 ], [ 37.39304, 0.31047 ], [ 37.39328, 0.31047 ], [ 37.39345, 0.31047 ], [ 37.39366, 0.31046 ], [ 37.39384, 0.31042 ], [ 37.3941, 0.31035 ], [ 37.39433, 0.31012 ], [ 37.39449, 0.30984 ], [ 37.39458, 0.30964 ], [ 37.39459, 0.30947 ], [ 37.39453, 0.30907 ], [ 37.39442, 0.30875 ], [ 37.39442, 0.30854 ], [ 37.39448, 0.30836 ], [ 37.39469, 0.30826 ], [ 37.39479, 0.30816 ], [ 37.3949, 0.30805 ], [ 37.39494, 0.30787 ], [ 37.39494, 0.30768 ], [ 37.39491, 0.30755 ], [ 37.39484, 0.30739 ], [ 37.39478, 0.3072 ], [ 37.39472, 0.30707 ], [ 37.39473, 0.30696 ], [ 37.39486, 0.30681 ], [ 37.39493, 0.30675 ], [ 37.39516, 0.30653 ], [ 37.39534, 0.30628 ], [ 37.3954, 0.30612 ], [ 37.39535, 0.30601 ], [ 37.39527, 0.3059 ], [ 37.39511, 0.30578 ], [ 37.39475, 0.30557 ], [ 37.39431, 0.30522 ], [ 37.39407, 0.30486 ], [ 37.39394, 0.30462 ], [ 37.39389, 0.30437 ], [ 37.39389, 0.3043 ], [ 37.39401, 0.30378 ], [ 37.39409, 0.30344 ], [ 37.39407, 0.30336 ], [ 37.39409, 0.30328 ], [ 37.39433, 0.30271 ], [ 37.39449, 0.30227 ], [ 37.3948, 0.30153 ], [ 37.39498, 0.30092 ], [ 37.39512, 0.30044 ], [ 37.39522, 0.30016 ], [ 37.39535, 0.30001 ], [ 37.39549, 0.29994 ], [ 37.39559, 0.29994 ], [ 37.3957, 0.29994 ], [ 37.39588, 0.29987 ], [ 37.39607, 0.29959 ], [ 37.39617, 0.29933 ], [ 37.39623, 0.29911 ], [ 37.39633, 0.29885 ], [ 37.39633, 0.29868 ], [ 37.39624, 0.29844 ], [ 37.39591, 0.29814 ], [ 37.39552, 0.29798 ], [ 37.39527, 0.29792 ], [ 37.39528, 0.29788 ], [ 37.39525, 0.29713 ], [ 37.3948, 0.29689 ], [ 37.39422, 0.29648 ], [ 37.39405, 0.29623 ], [ 37.39361, 0.2956 ], [ 37.3928, 0.29469 ], [ 37.393, 0.29427 ], [ 37.39326, 0.29359 ], [ 37.39362, 0.29306 ], [ 37.39378, 0.2929 ], [ 37.394, 0.29279 ], [ 37.39419, 0.29277 ], [ 37.39441, 0.29291 ], [ 37.39468, 0.29292 ], [ 37.39484, 0.29292 ], [ 37.39509, 0.2928 ], [ 37.39517, 0.29271 ], [ 37.3953, 0.29247 ], [ 37.39539, 0.29228 ], [ 37.39539, 0.29212 ], [ 37.39537, 0.29198 ], [ 37.39529, 0.29186 ], [ 37.39521, 0.29179 ], [ 37.39508, 0.2917 ], [ 37.39492, 0.29163 ], [ 37.39473, 0.29154 ], [ 37.39457, 0.2914 ], [ 37.39443, 0.29121 ], [ 37.3944, 0.29101 ], [ 37.3944, 0.29078 ], [ 37.3944, 0.29061 ], [ 37.39446, 0.29044 ], [ 37.39464, 0.29031 ], [ 37.39475, 0.29021 ], [ 37.39485, 0.29008 ], [ 37.39484, 0.28988 ], [ 37.3948, 0.28963 ], [ 37.39459, 0.28896 ], [ 37.3944, 0.28863 ], [ 37.39422, 0.28843 ], [ 37.39382, 0.28834 ], [ 37.39363, 0.28834 ], [ 37.39255, 0.28697 ], [ 37.39157, 0.28595 ], [ 37.39036, 0.28496 ], [ 37.38853, 0.28346 ], [ 37.38825, 0.28314 ], [ 37.38821, 0.28291 ], [ 37.38781, 0.28233 ], [ 37.38741, 0.28161 ], [ 37.38737, 0.28125 ], [ 37.38703, 0.28082 ], [ 37.38702, 0.28081 ], [ 37.38686, 0.28038 ], [ 37.38671, 0.28002 ], [ 37.38681, 0.27994 ], [ 37.38709, 0.27994 ], [ 37.38722, 0.27992 ], [ 37.38747, 0.27988 ], [ 37.38821, 0.27968 ], [ 37.38872, 0.2794 ], [ 37.38894, 0.27916 ], [ 37.3891, 0.27877 ], [ 37.38908, 0.27843 ], [ 37.38886, 0.27823 ], [ 37.38866, 0.27809 ], [ 37.38866, 0.27809 ], [ 37.38825, 0.27793 ], [ 37.38801, 0.27787 ], [ 37.38769, 0.27771 ], [ 37.38745, 0.27747 ], [ 37.38735, 0.27717 ], [ 37.38735, 0.27695 ], [ 37.38735, 0.27685 ], [ 37.38735, 0.27652 ], [ 37.38737, 0.27628 ], [ 37.38737, 0.27604 ], [ 37.38729, 0.27582 ], [ 37.38723, 0.2756 ], [ 37.38709, 0.27526 ], [ 37.38691, 0.27506 ], [ 37.38671, 0.27475 ], [ 37.38629, 0.27415 ], [ 37.38602, 0.27375 ], [ 37.38552, 0.27361 ], [ 37.38516, 0.27359 ], [ 37.38462, 0.27357 ], [ 37.38416, 0.27355 ], [ 37.38377, 0.27345 ], [ 37.38359, 0.27335 ], [ 37.38321, 0.27303 ], [ 37.38291, 0.27277 ], [ 37.38271, 0.27266 ], [ 37.38247, 0.27272 ], [ 37.38223, 0.27287 ], [ 37.38201, 0.27297 ], [ 37.38184, 0.27297 ], [ 37.3814, 0.27293 ], [ 37.38138, 0.27293 ], [ 37.38021, 0.27218 ], [ 37.37759, 0.27013 ], [ 37.37921, 0.268 ], [ 37.3792, 0.26801 ], [ 37.37859, 0.26818 ], [ 37.37779, 0.26847 ], [ 37.37689, 0.26885 ], [ 37.37611, 0.26917 ], [ 37.37542, 0.26934 ], [ 37.37538, 0.26935 ], [ 37.37411, 0.26986 ], [ 37.3741, 0.26985 ], [ 37.37383, 0.26967 ], [ 37.3737, 0.26952 ], [ 37.37358, 0.26942 ], [ 37.37353, 0.26933 ], [ 37.37353, 0.26923 ], [ 37.37358, 0.26914 ], [ 37.37371, 0.26906 ], [ 37.37386, 0.26903 ], [ 37.37394, 0.26903 ], [ 37.37403, 0.26894 ], [ 37.37426, 0.26886 ], [ 37.3744, 0.26877 ], [ 37.37441, 0.2687 ], [ 37.37445, 0.26855 ], [ 37.37446, 0.26821 ], [ 37.37444, 0.26786 ], [ 37.37416, 0.26717 ], [ 37.37405, 0.26681 ], [ 37.37398, 0.26646 ], [ 37.37391, 0.26617 ], [ 37.37395, 0.2657 ], [ 37.37396, 0.26542 ], [ 37.37406, 0.26518 ], [ 37.37416, 0.26503 ], [ 37.3742, 0.26494 ], [ 37.37416, 0.26455 ], [ 37.37404, 0.26422 ], [ 37.3739, 0.26393 ], [ 37.37375, 0.26364 ], [ 37.37358, 0.2634 ], [ 37.3734, 0.26294 ], [ 37.37322, 0.26268 ], [ 37.37312, 0.26253 ], [ 37.37304, 0.26241 ], [ 37.373, 0.26233 ], [ 37.37297, 0.26226 ], [ 37.37287, 0.26218 ], [ 37.37274, 0.26213 ], [ 37.37261, 0.26211 ], [ 37.3725, 0.2621 ], [ 37.37233, 0.26206 ], [ 37.37198, 0.26201 ], [ 37.37172, 0.26201 ], [ 37.3715, 0.26201 ], [ 37.37117, 0.26191 ], [ 37.37091, 0.2618 ], [ 37.37068, 0.26173 ], [ 37.37061, 0.26171 ], [ 37.37038, 0.26157 ], [ 37.37024, 0.26148 ], [ 37.37023, 0.26148 ], [ 37.36987, 0.26126 ], [ 37.36923, 0.26085 ], [ 37.36921, 0.26084 ], [ 37.36921, 0.26084 ], [ 37.36917, 0.26082 ], [ 37.36917, 0.26081 ], [ 37.36844, 0.26023 ], [ 37.36762, 0.25964 ], [ 37.36729, 0.25936 ], [ 37.36718, 0.25926 ], [ 37.36704, 0.25914 ], [ 37.36698, 0.25906 ], [ 37.36684, 0.25887 ], [ 37.36667, 0.25871 ], [ 37.36656, 0.25862 ], [ 37.36644, 0.25854 ], [ 37.36633, 0.25852 ], [ 37.36619, 0.25842 ], [ 37.3659, 0.25837 ], [ 37.36583, 0.25836 ], [ 37.3657, 0.25834 ], [ 37.36568, 0.25834 ], [ 37.36554, 0.25827 ], [ 37.36536, 0.25819 ], [ 37.36522, 0.25814 ], [ 37.36509, 0.2581 ], [ 37.36496, 0.25803 ], [ 37.36495, 0.25803 ], [ 37.3649, 0.25798 ], [ 37.36484, 0.25789 ], [ 37.36483, 0.25788 ], [ 37.36474, 0.25771 ], [ 37.36472, 0.25761 ], [ 37.36473, 0.25748 ], [ 37.36474, 0.25733 ], [ 37.36476, 0.25724 ], [ 37.36479, 0.25713 ], [ 37.36487, 0.25704 ], [ 37.36496, 0.25693 ], [ 37.36505, 0.25683 ], [ 37.36509, 0.25678 ], [ 37.36518, 0.25667 ], [ 37.36525, 0.25657 ], [ 37.36527, 0.25644 ], [ 37.36527, 0.25637 ], [ 37.36524, 0.25625 ], [ 37.36514, 0.25616 ], [ 37.36497, 0.25604 ], [ 37.36481, 0.25594 ], [ 37.36449, 0.25579 ], [ 37.3643, 0.25572 ], [ 37.3641, 0.25566 ], [ 37.36399, 0.25561 ], [ 37.36396, 0.25559 ], [ 37.36386, 0.25551 ], [ 37.36383, 0.25544 ], [ 37.36384, 0.25537 ], [ 37.36386, 0.25532 ], [ 37.36386, 0.25525 ], [ 37.36391, 0.25518 ], [ 37.36392, 0.25517 ], [ 37.36401, 0.2551 ], [ 37.36416, 0.25502 ], [ 37.36425, 0.25499 ], [ 37.36429, 0.25498 ], [ 37.36434, 0.25496 ], [ 37.36441, 0.25493 ], [ 37.36451, 0.25485 ], [ 37.36458, 0.25475 ], [ 37.36459, 0.25468 ], [ 37.3646, 0.25462 ], [ 37.36461, 0.25455 ], [ 37.3646, 0.25447 ], [ 37.3646, 0.25446 ], [ 37.36459, 0.25442 ], [ 37.36458, 0.25438 ], [ 37.36449, 0.25427 ], [ 37.36438, 0.25417 ], [ 37.36421, 0.25413 ], [ 37.36418, 0.25412 ], [ 37.36412, 0.25411 ], [ 37.36401, 0.25409 ], [ 37.36381, 0.25406 ], [ 37.3638, 0.25405 ], [ 37.36339, 0.254 ], [ 37.36318, 0.25392 ], [ 37.36291, 0.25391 ], [ 37.36259, 0.25384 ], [ 37.36226, 0.25375 ], [ 37.36199, 0.25368 ], [ 37.36181, 0.25366 ], [ 37.3617, 0.25362 ], [ 37.36158, 0.25359 ], [ 37.3615, 0.25355 ], [ 37.3614, 0.25351 ], [ 37.36139, 0.2535 ], [ 37.36134, 0.25341 ], [ 37.36125, 0.25329 ], [ 37.36122, 0.25321 ], [ 37.36121, 0.25317 ], [ 37.36117, 0.2531 ], [ 37.36115, 0.25306 ], [ 37.36113, 0.25301 ], [ 37.3611, 0.2529 ], [ 37.36103, 0.2527 ], [ 37.36102, 0.2526 ], [ 37.36102, 0.25252 ], [ 37.36099, 0.25239 ], [ 37.36099, 0.25235 ], [ 37.36096, 0.25213 ], [ 37.36093, 0.25188 ], [ 37.3609, 0.25174 ], [ 37.36086, 0.25166 ], [ 37.36086, 0.25164 ], [ 37.36085, 0.25154 ], [ 37.36085, 0.25142 ], [ 37.36085, 0.251 ], [ 37.36084, 0.25082 ], [ 37.36086, 0.25076 ], [ 37.36086, 0.25072 ], [ 37.36086, 0.25067 ], [ 37.36086, 0.25059 ], [ 37.36087, 0.2505 ], [ 37.36094, 0.25039 ], [ 37.36097, 0.2503 ], [ 37.36101, 0.25022 ], [ 37.36112, 0.25012 ], [ 37.36119, 0.25004 ], [ 37.36129, 0.24995 ], [ 37.36136, 0.24989 ], [ 37.36145, 0.24984 ], [ 37.36153, 0.24979 ], [ 37.36163, 0.24978 ], [ 37.3617, 0.24978 ], [ 37.36183, 0.24977 ], [ 37.36212, 0.24974 ], [ 37.36226, 0.24972 ], [ 37.36243, 0.2497 ], [ 37.36253, 0.24969 ], [ 37.36274, 0.24964 ], [ 37.36282, 0.24958 ], [ 37.36289, 0.24954 ], [ 37.363, 0.2495 ], [ 37.36301, 0.24948 ], [ 37.36305, 0.24943 ], [ 37.36307, 0.24938 ], [ 37.36307, 0.24931 ], [ 37.36306, 0.2492 ], [ 37.36303, 0.24908 ], [ 37.36292, 0.2489 ], [ 37.36286, 0.24879 ], [ 37.36282, 0.24872 ], [ 37.3628, 0.24864 ], [ 37.3628, 0.24857 ], [ 37.36281, 0.24853 ], [ 37.36289, 0.24845 ], [ 37.36297, 0.24837 ], [ 37.36303, 0.2483 ], [ 37.36304, 0.2483 ], [ 37.36315, 0.24819 ], [ 37.36332, 0.24809 ], [ 37.36342, 0.24803 ], [ 37.36364, 0.24797 ], [ 37.36378, 0.24796 ], [ 37.36391, 0.24794 ], [ 37.36405, 0.24793 ], [ 37.36419, 0.24786 ], [ 37.36421, 0.24786 ], [ 37.36438, 0.24784 ], [ 37.36466, 0.24774 ], [ 37.36494, 0.24762 ], [ 37.36496, 0.24759 ], [ 37.36505, 0.24755 ], [ 37.36511, 0.24748 ], [ 37.36517, 0.2474 ], [ 37.36527, 0.24734 ], [ 37.36531, 0.24731 ], [ 37.36538, 0.24725 ], [ 37.36542, 0.24721 ], [ 37.36548, 0.24718 ], [ 37.36557, 0.24714 ], [ 37.36567, 0.2471 ], [ 37.36586, 0.24708 ], [ 37.3659, 0.24709 ], [ 37.366, 0.2471 ], [ 37.36609, 0.24716 ], [ 37.36615, 0.24726 ], [ 37.36616, 0.24727 ], [ 37.36626, 0.24734 ], [ 37.36628, 0.24735 ], [ 37.36639, 0.2474 ], [ 37.36642, 0.24743 ], [ 37.36646, 0.24746 ], [ 37.36653, 0.24752 ], [ 37.36653, 0.24752 ], [ 37.36657, 0.24759 ], [ 37.36664, 0.24767 ], [ 37.36669, 0.24774 ], [ 37.36677, 0.24776 ], [ 37.36679, 0.24777 ], [ 37.36689, 0.24777 ], [ 37.36689, 0.24777 ], [ 37.36697, 0.24777 ], [ 37.36701, 0.24776 ], [ 37.36706, 0.24774 ], [ 37.36709, 0.24769 ], [ 37.36717, 0.24761 ], [ 37.36724, 0.24751 ], [ 37.36723, 0.24734 ], [ 37.36719, 0.24728 ], [ 37.36715, 0.24718 ], [ 37.36712, 0.24707 ], [ 37.3671, 0.24696 ], [ 37.3671, 0.24687 ], [ 37.36709, 0.24676 ], [ 37.36694, 0.2463 ], [ 37.36693, 0.24629 ], [ 37.36686, 0.24588 ], [ 37.36677, 0.24556 ], [ 37.36675, 0.24551 ], [ 37.36672, 0.24535 ], [ 37.36663, 0.24483 ], [ 37.36654, 0.2444 ], [ 37.36654, 0.24428 ], [ 37.36653, 0.24416 ], [ 37.36653, 0.24404 ], [ 37.36646, 0.24395 ], [ 37.3663, 0.24371 ], [ 37.36626, 0.24369 ], [ 37.36618, 0.24366 ], [ 37.36606, 0.24365 ], [ 37.36593, 0.24365 ], [ 37.36578, 0.24366 ], [ 37.36568, 0.24369 ], [ 37.36553, 0.24372 ], [ 37.36543, 0.24378 ], [ 37.36535, 0.24378 ], [ 37.36526, 0.24378 ], [ 37.36522, 0.24378 ], [ 37.36506, 0.24375 ], [ 37.36492, 0.24367 ], [ 37.36482, 0.24354 ], [ 37.36463, 0.24328 ], [ 37.36458, 0.24322 ], [ 37.36451, 0.24312 ], [ 37.36449, 0.2431 ], [ 37.36433, 0.24297 ], [ 37.3643, 0.24295 ], [ 37.36422, 0.24292 ], [ 37.36409, 0.24287 ], [ 37.36396, 0.24278 ], [ 37.36387, 0.24272 ], [ 37.3638, 0.24265 ], [ 37.3637, 0.24248 ], [ 37.36366, 0.24232 ], [ 37.36366, 0.24231 ], [ 37.36353, 0.24197 ], [ 37.3635, 0.24191 ], [ 37.36346, 0.24168 ], [ 37.36343, 0.24152 ], [ 37.36342, 0.24138 ], [ 37.36342, 0.24129 ], [ 37.36341, 0.24117 ], [ 37.36341, 0.24105 ], [ 37.36341, 0.24089 ], [ 37.3634, 0.24072 ], [ 37.3634, 0.24064 ], [ 37.3634, 0.24057 ], [ 37.36341, 0.24042 ], [ 37.36341, 0.24038 ], [ 37.36341, 0.24028 ], [ 37.36342, 0.24014 ], [ 37.36343, 0.23991 ], [ 37.36342, 0.23978 ], [ 37.36342, 0.23967 ], [ 37.36342, 0.23966 ], [ 37.36342, 0.23956 ], [ 37.36342, 0.23952 ], [ 37.36342, 0.23945 ], [ 37.36344, 0.23937 ], [ 37.36345, 0.23935 ], [ 37.3635, 0.23925 ], [ 37.36351, 0.23924 ], [ 37.36351, 0.23923 ], [ 37.36354, 0.23912 ], [ 37.36356, 0.2391 ], [ 37.36363, 0.23905 ], [ 37.36369, 0.23898 ], [ 37.36375, 0.2389 ], [ 37.36383, 0.23884 ], [ 37.36393, 0.23875 ], [ 37.36406, 0.23866 ], [ 37.36406, 0.23866 ], [ 37.36418, 0.23855 ], [ 37.36426, 0.23844 ], [ 37.36434, 0.2383 ], [ 37.36437, 0.23823 ], [ 37.36438, 0.23813 ], [ 37.36434, 0.23803 ], [ 37.36433, 0.23799 ], [ 37.36428, 0.23786 ], [ 37.36418, 0.23765 ], [ 37.36395, 0.23733 ], [ 37.36363, 0.23702 ], [ 37.36327, 0.23675 ], [ 37.36296, 0.23663 ], [ 37.36264, 0.23646 ], [ 37.36194, 0.23627 ], [ 37.36166, 0.23621 ], [ 37.36153, 0.23618 ], [ 37.36084, 0.23606 ], [ 37.36031, 0.23601 ], [ 37.35983, 0.23601 ], [ 37.35943, 0.23601 ], [ 37.35909, 0.23603 ], [ 37.35864, 0.23606 ], [ 37.35833, 0.23606 ], [ 37.35802, 0.23608 ], [ 37.35781, 0.23609 ], [ 37.35758, 0.23603 ], [ 37.35736, 0.2359 ], [ 37.35715, 0.23577 ], [ 37.35703, 0.23563 ], [ 37.35698, 0.2355 ], [ 37.35698, 0.2354 ], [ 37.35698, 0.2353 ], [ 37.35697, 0.23505 ], [ 37.35697, 0.23484 ], [ 37.35698, 0.23462 ], [ 37.35698, 0.23461 ], [ 37.35698, 0.23459 ], [ 37.35698, 0.23457 ], [ 37.35698, 0.23456 ], [ 37.357, 0.23438 ], [ 37.35705, 0.23407 ], [ 37.35705, 0.23402 ], [ 37.35707, 0.23393 ], [ 37.35708, 0.23386 ], [ 37.35712, 0.23363 ], [ 37.35712, 0.23358 ], [ 37.35716, 0.23348 ], [ 37.35719, 0.23342 ], [ 37.35721, 0.23338 ], [ 37.35722, 0.23335 ], [ 37.3573, 0.23324 ], [ 37.35739, 0.23308 ], [ 37.35747, 0.23287 ], [ 37.3576, 0.23263 ], [ 37.35789, 0.2322 ], [ 37.35805, 0.23197 ], [ 37.3582, 0.23175 ], [ 37.35826, 0.23165 ], [ 37.35835, 0.23148 ], [ 37.35848, 0.23131 ], [ 37.35851, 0.23115 ], [ 37.35856, 0.23107 ], [ 37.35856, 0.23107 ], [ 37.35856, 0.23106 ], [ 37.35856, 0.231 ], [ 37.35857, 0.23091 ], [ 37.35858, 0.23086 ], [ 37.35858, 0.23066 ], [ 37.35858, 0.23048 ], [ 37.35853, 0.23021 ], [ 37.35853, 0.2302 ], [ 37.35846, 0.22996 ], [ 37.35836, 0.22978 ], [ 37.35826, 0.2296 ], [ 37.35813, 0.22945 ], [ 37.35806, 0.22938 ], [ 37.35798, 0.22928 ], [ 37.35791, 0.22915 ], [ 37.35788, 0.22901 ], [ 37.35788, 0.22884 ], [ 37.35788, 0.22871 ], [ 37.35785, 0.22844 ], [ 37.35773, 0.22773 ], [ 37.35763, 0.22749 ], [ 37.35756, 0.22727 ], [ 37.35756, 0.22726 ], [ 37.35744, 0.22674 ], [ 37.35714, 0.22608 ], [ 37.35704, 0.22582 ], [ 37.35689, 0.22568 ], [ 37.35669, 0.22544 ], [ 37.35625, 0.22511 ], [ 37.35594, 0.22486 ], [ 37.3557, 0.22474 ], [ 37.3556, 0.22464 ], [ 37.35549, 0.22451 ], [ 37.3553, 0.22432 ], [ 37.35517, 0.22412 ], [ 37.3551, 0.22399 ], [ 37.35509, 0.2239 ], [ 37.35508, 0.22378 ], [ 37.35512, 0.22365 ], [ 37.35515, 0.22354 ], [ 37.35517, 0.22344 ], [ 37.35519, 0.22339 ], [ 37.35524, 0.22329 ], [ 37.35537, 0.22314 ], [ 37.35563, 0.22281 ], [ 37.35586, 0.22253 ], [ 37.35605, 0.2223 ], [ 37.35617, 0.22208 ], [ 37.35629, 0.2219 ], [ 37.35633, 0.22175 ], [ 37.35633, 0.2217 ], [ 37.35634, 0.22157 ], [ 37.35634, 0.22139 ], [ 37.35634, 0.22121 ], [ 37.35634, 0.2212 ], [ 37.35634, 0.2212 ], [ 37.35634, 0.2212 ], [ 37.35636, 0.22102 ], [ 37.35636, 0.22084 ], [ 37.35636, 0.22065 ], [ 37.35635, 0.2206 ], [ 37.35635, 0.22057 ], [ 37.35635, 0.22053 ], [ 37.35634, 0.22039 ], [ 37.3563, 0.22018 ], [ 37.35629, 0.22014 ], [ 37.35613, 0.21974 ], [ 37.35611, 0.21968 ], [ 37.35603, 0.21939 ], [ 37.35587, 0.2191 ], [ 37.35587, 0.21892 ], [ 37.35586, 0.21883 ], [ 37.35585, 0.21864 ], [ 37.35579, 0.21841 ], [ 37.35566, 0.218 ], [ 37.35555, 0.21752 ], [ 37.35555, 0.2175 ], [ 37.3554, 0.21716 ], [ 37.35532, 0.21696 ], [ 37.35526, 0.2168 ], [ 37.35504, 0.2162 ], [ 37.35501, 0.2161 ], [ 37.35494, 0.21592 ], [ 37.35487, 0.21571 ], [ 37.35476, 0.21558 ], [ 37.35464, 0.21532 ], [ 37.35403, 0.21488 ], [ 37.35375, 0.21474 ], [ 37.3534, 0.21461 ], [ 37.35302, 0.21423 ], [ 37.35294, 0.21385 ], [ 37.35293, 0.21356 ], [ 37.35277, 0.21297 ], [ 37.35242, 0.21271 ], [ 37.35219, 0.21249 ], [ 37.35201, 0.21224 ], [ 37.35193, 0.21206 ], [ 37.35184, 0.21185 ], [ 37.35184, 0.21152 ], [ 37.3519, 0.21091 ], [ 37.35192, 0.21068 ], [ 37.35194, 0.21025 ], [ 37.35192, 0.20961 ], [ 37.35191, 0.20934 ], [ 37.3519, 0.20907 ], [ 37.35171, 0.20884 ], [ 37.35159, 0.20864 ], [ 37.35132, 0.2084 ], [ 37.35101, 0.20836 ], [ 37.35073, 0.20823 ], [ 37.35056, 0.20817 ], [ 37.35017, 0.20813 ], [ 37.34941, 0.20809 ], [ 37.34916, 0.20794 ], [ 37.34885, 0.20758 ], [ 37.3487, 0.20719 ], [ 37.3487, 0.20717 ], [ 37.34865, 0.20697 ], [ 37.34865, 0.20695 ], [ 37.34866, 0.2066 ], [ 37.34869, 0.20635 ], [ 37.34868, 0.20616 ], [ 37.34869, 0.20599 ], [ 37.34868, 0.20575 ], [ 37.34866, 0.20562 ], [ 37.34864, 0.2054 ], [ 37.34853, 0.20521 ], [ 37.34843, 0.20489 ], [ 37.34841, 0.20467 ], [ 37.34847, 0.20449 ], [ 37.34849, 0.20439 ], [ 37.34858, 0.2043 ], [ 37.34869, 0.20394 ], [ 37.34873, 0.20369 ], [ 37.34876, 0.20321 ], [ 37.34886, 0.20291 ], [ 37.34909, 0.20236 ], [ 37.34923, 0.20209 ], [ 37.34931, 0.20172 ], [ 37.34932, 0.20167 ], [ 37.34933, 0.20164 ], [ 37.34934, 0.20163 ], [ 37.34934, 0.2016 ], [ 37.3493, 0.20126 ], [ 37.34914, 0.20082 ], [ 37.34914, 0.20065 ], [ 37.34914, 0.20055 ], [ 37.34912, 0.20006 ], [ 37.34912, 0.19985 ], [ 37.34915, 0.19951 ], [ 37.3493, 0.1989 ], [ 37.34944, 0.19847 ], [ 37.34955, 0.19815 ], [ 37.34955, 0.19792 ], [ 37.34953, 0.19786 ], [ 37.34952, 0.19764 ], [ 37.34927, 0.19729 ], [ 37.34923, 0.19717 ], [ 37.34914, 0.19693 ], [ 37.34884, 0.19634 ], [ 37.34883, 0.19627 ], [ 37.34879, 0.19592 ], [ 37.34879, 0.19559 ], [ 37.34886, 0.19518 ], [ 37.34893, 0.19487 ], [ 37.34908, 0.19461 ], [ 37.34913, 0.19432 ], [ 37.34915, 0.19405 ], [ 37.34918, 0.19391 ], [ 37.34918, 0.19365 ], [ 37.34918, 0.19356 ], [ 37.34919, 0.19336 ], [ 37.34925, 0.1931 ], [ 37.34925, 0.19283 ], [ 37.34925, 0.19253 ], [ 37.34925, 0.19221 ], [ 37.34874, 0.19226 ], [ 37.34854, 0.19228 ], [ 37.34797, 0.1922 ], [ 37.34685, 0.19171 ], [ 37.3456, 0.19114 ], [ 37.34442, 0.19079 ], [ 37.34336, 0.19062 ], [ 37.34241, 0.19064 ], [ 37.34125, 0.19069 ], [ 37.34017, 0.19075 ], [ 37.33929, 0.19094 ], [ 37.3382, 0.19116 ], [ 37.33816, 0.19116 ], [ 37.33754, 0.19117 ], [ 37.33711, 0.19101 ], [ 37.33711, 0.19065 ], [ 37.33779, 0.19027 ], [ 37.33858, 0.18983 ], [ 37.33947, 0.18909 ], [ 37.33989, 0.18854 ], [ 37.34049, 0.18756 ], [ 37.34096, 0.18683 ], [ 37.34116, 0.18637 ], [ 37.34113, 0.18603 ], [ 37.34091, 0.1856 ], [ 37.34052, 0.18522 ], [ 37.34031, 0.1847 ], [ 37.34033, 0.18438 ], [ 37.34138, 0.18359 ], [ 37.34198, 0.18302 ], [ 37.342, 0.1827 ], [ 37.34175, 0.18176 ], [ 37.34118, 0.18096 ], [ 37.34044, 0.18035 ], [ 37.33927, 0.18012 ], [ 37.33815, 0.18019 ], [ 37.33725, 0.18042 ], [ 37.33675, 0.18041 ], [ 37.3361, 0.17998 ], [ 37.33601, 0.17984 ], [ 37.33546, 0.17895 ], [ 37.3349, 0.17829 ], [ 37.33451, 0.17786 ], [ 37.33388, 0.17766 ], [ 37.33314, 0.17768 ], [ 37.33187, 0.17812 ], [ 37.33064, 0.17859 ], [ 37.3293, 0.17913 ], [ 37.32849, 0.17937 ], [ 37.32774, 0.17966 ], [ 37.32669, 0.1799 ], [ 37.32573, 0.18002 ], [ 37.32546, 0.18006 ], [ 37.32436, 0.18024 ], [ 37.32346, 0.18031 ], [ 37.32273, 0.18031 ], [ 37.32206, 0.18032 ], [ 37.32112, 0.18021 ], [ 37.32054, 0.18015 ], [ 37.31957, 0.17978 ], [ 37.31922, 0.17962 ], [ 37.3189, 0.17949 ], [ 37.31818, 0.17911 ], [ 37.31721, 0.17869 ], [ 37.31649, 0.1785 ], [ 37.31571, 0.17825 ], [ 37.31468, 0.1778 ], [ 37.31352, 0.17709 ], [ 37.31316, 0.17682 ], [ 37.31265, 0.17649 ], [ 37.31232, 0.17619 ], [ 37.31184, 0.17609 ], [ 37.31108, 0.17594 ], [ 37.31063, 0.17594 ], [ 37.31012, 0.17594 ], [ 37.3097, 0.17594 ], [ 37.30923, 0.17591 ], [ 37.30886, 0.17566 ], [ 37.30876, 0.17529 ], [ 37.30876, 0.17497 ], [ 37.30876, 0.1747 ], [ 37.30876, 0.17441 ], [ 37.30851, 0.17402 ], [ 37.30818, 0.17357 ], [ 37.30791, 0.17335 ], [ 37.3076, 0.17316 ], [ 37.30724, 0.17294 ], [ 37.30693, 0.17273 ], [ 37.30668, 0.17245 ], [ 37.30651, 0.17217 ], [ 37.30636, 0.17157 ], [ 37.30611, 0.17108 ], [ 37.30571, 0.1706 ], [ 37.30516, 0.17002 ], [ 37.30431, 0.16917 ], [ 37.30363, 0.16851 ], [ 37.30323, 0.16812 ], [ 37.30288, 0.16778 ], [ 37.30214, 0.16718 ], [ 37.30129, 0.16653 ], [ 37.30025, 0.1658 ], [ 37.2994, 0.16522 ], [ 37.29873, 0.16473 ], [ 37.29873, 0.16545 ], [ 37.29853, 0.16533 ], [ 37.29812, 0.16508 ], [ 37.29706, 0.16447 ], [ 37.29616, 0.16402 ], [ 37.29535, 0.16322 ], [ 37.29296, 0.16108 ], [ 37.29132, 0.15964 ], [ 37.28964, 0.15788 ], [ 37.28664, 0.15474 ], [ 37.28461, 0.1523 ], [ 37.28403, 0.15162 ], [ 37.28274, 0.15018 ], [ 37.28242, 0.14965 ], [ 37.28239, 0.14902 ], [ 37.28244, 0.14673 ], [ 37.28264, 0.1446 ], [ 37.28267, 0.14404 ], [ 37.28252, 0.14306 ], [ 37.28209, 0.14137 ], [ 37.28191, 0.14069 ], [ 37.28268, 0.14049 ], [ 37.28248, 0.13974 ], [ 37.28194, 0.13825 ], [ 37.28147, 0.13722 ], [ 37.28121, 0.13636 ], [ 37.28129, 0.13533 ], [ 37.28142, 0.13437 ], [ 37.28156, 0.13293 ], [ 37.28162, 0.13211 ], [ 37.28173, 0.13067 ], [ 37.28189, 0.12941 ], [ 37.28199, 0.12835 ], [ 37.28207, 0.12781 ], [ 37.28226, 0.12755 ], [ 37.28226, 0.12755 ], [ 37.28141, 0.12678 ], [ 37.28016, 0.1255 ], [ 37.27899, 0.12435 ], [ 37.27755, 0.12295 ], [ 37.27667, 0.1221 ], [ 37.2753, 0.12075 ], [ 37.27415, 0.11968 ], [ 37.27279, 0.11824 ], [ 37.27146, 0.11708 ], [ 37.27002, 0.11562 ], [ 37.26901, 0.11463 ], [ 37.26794, 0.11344 ], [ 37.26672, 0.11231 ], [ 37.26543, 0.1111 ], [ 37.26439, 0.11025 ], [ 37.26336, 0.10918 ], [ 37.26266, 0.10837 ], [ 37.26263, 0.10834 ], [ 37.26197, 0.10743 ], [ 37.26104, 0.1061 ], [ 37.26034, 0.10526 ], [ 37.25962, 0.10425 ], [ 37.25912, 0.10335 ], [ 37.25862, 0.10259 ], [ 37.25821, 0.10186 ], [ 37.25764, 0.10107 ], [ 37.257, 0.10035 ], [ 37.25651, 0.09966 ], [ 37.25597, 0.09884 ], [ 37.25554, 0.09806 ], [ 37.255, 0.09705 ], [ 37.25433, 0.096 ], [ 37.2537, 0.0951 ], [ 37.25302, 0.09433 ], [ 37.2529, 0.09426 ], [ 37.25282, 0.09421 ], [ 37.25275, 0.09418 ], [ 37.25259, 0.09412 ], [ 37.25144, 0.09599 ], [ 37.25143, 0.096 ], [ 37.25143, 0.096 ], [ 37.25139, 0.09603 ], [ 37.25033, 0.09777 ], [ 37.24853, 0.09709 ], [ 37.24844, 0.09706 ], [ 37.24835, 0.09702 ], [ 37.24759, 0.09676 ], [ 37.24866, 0.095 ], [ 37.24847, 0.09475 ], [ 37.2484, 0.09464 ], [ 37.24832, 0.09456 ], [ 37.24754, 0.09402 ], [ 37.24749, 0.09398 ], [ 37.24738, 0.09407 ], [ 37.2447, 0.09503 ], [ 37.24333, 0.09499 ], [ 37.24377, 0.09724 ], [ 37.24321, 0.09708 ], [ 37.24264, 0.09692 ], [ 37.24166, 0.09654 ], [ 37.24154, 0.09651 ], [ 37.24154, 0.09651 ], [ 37.24153, 0.09651 ], [ 37.23997, 0.09595 ], [ 37.2397, 0.09559 ], [ 37.23964, 0.09557 ], [ 37.23949, 0.09459 ], [ 37.23948, 0.09451 ], [ 37.23939, 0.09453 ], [ 37.23517, 0.09463 ], [ 37.23434, 0.09479 ], [ 37.23425, 0.09399 ], [ 37.23416, 0.09292 ], [ 37.23405, 0.09156 ], [ 37.23405, 0.09154 ], [ 37.23397, 0.09074 ], [ 37.23386, 0.0896 ], [ 37.23379, 0.08885 ], [ 37.23377, 0.08869 ], [ 37.2337, 0.08805 ], [ 37.23361, 0.08724 ], [ 37.23333, 0.08484 ], [ 37.23313, 0.08186 ], [ 37.23306, 0.08083 ], [ 37.23311, 0.0797 ], [ 37.23312, 0.07951 ], [ 37.23322, 0.07945 ], [ 37.23384, 0.07915 ], [ 37.23393, 0.07912 ], [ 37.23389, 0.07893 ], [ 37.23365, 0.07864 ], [ 37.23311, 0.07804 ], [ 37.23233, 0.0773 ], [ 37.23211, 0.07713 ], [ 37.23138, 0.07657 ], [ 37.23083, 0.07615 ], [ 37.23003, 0.07574 ], [ 37.22961, 0.07568 ], [ 37.22923, 0.07568 ], [ 37.22892, 0.07566 ], [ 37.22847, 0.07563 ], [ 37.22807, 0.07548 ], [ 37.227, 0.07495 ], [ 37.22666, 0.07479 ], [ 37.22534, 0.07417 ], [ 37.22476, 0.07378 ], [ 37.2247, 0.07374 ], [ 37.22431, 0.07409 ], [ 37.22424, 0.07405 ], [ 37.22313, 0.07344 ], [ 37.22245, 0.07297 ], [ 37.22169, 0.07244 ], [ 37.22071, 0.07158 ], [ 37.22008, 0.07108 ], [ 37.21958, 0.07083 ], [ 37.21918, 0.0708 ], [ 37.2183, 0.071 ], [ 37.21732, 0.07126 ], [ 37.21659, 0.07128 ], [ 37.21561, 0.07105 ], [ 37.2145, 0.07075 ], [ 37.21372, 0.07037 ], [ 37.21266, 0.06977 ], [ 37.21168, 0.06934 ], [ 37.21077, 0.06899 ], [ 37.20994, 0.06881 ], [ 37.20914, 0.06869 ], [ 37.20876, 0.06854 ], [ 37.20843, 0.06834 ], [ 37.20808, 0.06798 ], [ 37.20796, 0.06751 ], [ 37.20816, 0.06693 ], [ 37.20841, 0.06657 ], [ 37.20846, 0.06637 ], [ 37.20843, 0.06617 ], [ 37.20836, 0.06609 ], [ 37.20872, 0.06575 ], [ 37.20872, 0.06574 ], [ 37.20836, 0.06559 ], [ 37.20784, 0.06561 ], [ 37.20722, 0.06574 ], [ 37.20666, 0.06574 ], [ 37.20621, 0.06571 ], [ 37.20549, 0.06569 ], [ 37.20475, 0.0656 ], [ 37.20399, 0.06534 ], [ 37.20331, 0.06505 ], [ 37.20272, 0.06464 ], [ 37.20229, 0.06414 ], [ 37.20222, 0.06379 ], [ 37.20235, 0.06296 ], [ 37.20259, 0.06188 ], [ 37.20192, 0.06226 ], [ 37.20192, 0.06227 ], [ 37.20058, 0.06304 ], [ 37.20051, 0.0631 ], [ 37.2004, 0.06323 ], [ 37.20031, 0.06333 ], [ 37.20023, 0.06335 ], [ 37.20012, 0.06333 ], [ 37.20004, 0.06333 ], [ 37.19994, 0.06333 ], [ 37.19982, 0.06328 ], [ 37.19969, 0.06326 ], [ 37.19956, 0.06331 ], [ 37.19938, 0.06341 ], [ 37.19922, 0.06351 ], [ 37.19899, 0.06361 ], [ 37.19886, 0.06371 ], [ 37.19866, 0.06387 ], [ 37.19848, 0.06397 ], [ 37.19829, 0.06402 ], [ 37.19814, 0.064 ], [ 37.19811, 0.06389 ], [ 37.19801, 0.06375 ], [ 37.19793, 0.06359 ], [ 37.19785, 0.06343 ], [ 37.19783, 0.06326 ], [ 37.19788, 0.0631 ], [ 37.19794, 0.06299 ], [ 37.19798, 0.06268 ], [ 37.19794, 0.06256 ], [ 37.19783, 0.06243 ], [ 37.19749, 0.06238 ], [ 37.19734, 0.06245 ], [ 37.19724, 0.06259 ], [ 37.19724, 0.06264 ], [ 37.19722, 0.06271 ], [ 37.19719, 0.06282 ], [ 37.19706, 0.06289 ], [ 37.197, 0.06295 ], [ 37.1969, 0.063 ], [ 37.19682, 0.06308 ], [ 37.19673, 0.0632 ], [ 37.19672, 0.0633 ], [ 37.19672, 0.06343 ], [ 37.19675, 0.0638 ], [ 37.19675, 0.06397 ], [ 37.19672, 0.0641 ], [ 37.19641, 0.06421 ], [ 37.19611, 0.06423 ], [ 37.19603, 0.06423 ], [ 37.19592, 0.06415 ], [ 37.1958, 0.06406 ], [ 37.19566, 0.064 ], [ 37.19551, 0.064 ], [ 37.19533, 0.06406 ], [ 37.19525, 0.06415 ], [ 37.19521, 0.06426 ], [ 37.19521, 0.06433 ], [ 37.19528, 0.06442 ], [ 37.19531, 0.06465 ], [ 37.19523, 0.06477 ], [ 37.19512, 0.06483 ], [ 37.19499, 0.06485 ], [ 37.19487, 0.06483 ], [ 37.19479, 0.06487 ], [ 37.19458, 0.06501 ], [ 37.1944, 0.06518 ], [ 37.1942, 0.06539 ], [ 37.19404, 0.06537 ], [ 37.19394, 0.06531 ], [ 37.19392, 0.06521 ], [ 37.19382, 0.06518 ], [ 37.19371, 0.06521 ], [ 37.19364, 0.06531 ], [ 37.19366, 0.06541 ], [ 37.19368, 0.0655 ], [ 37.19363, 0.06563 ], [ 37.19346, 0.0657 ], [ 37.19322, 0.0657 ], [ 37.19301, 0.06568 ], [ 37.19294, 0.0656 ], [ 37.19294, 0.06545 ], [ 37.19286, 0.06534 ], [ 37.19268, 0.06516 ], [ 37.19253, 0.06496 ], [ 37.19239, 0.06483 ], [ 37.19216, 0.0648 ], [ 37.19198, 0.06485 ], [ 37.19162, 0.06491 ], [ 37.19111, 0.06521 ], [ 37.19051, 0.0656 ], [ 37.19016, 0.06593 ], [ 37.1899, 0.06611 ], [ 37.18962, 0.06629 ], [ 37.18928, 0.06639 ], [ 37.18897, 0.06643 ], [ 37.18866, 0.06647 ], [ 37.18841, 0.0665 ], [ 37.18825, 0.0665 ], [ 37.18801, 0.0666 ], [ 37.18779, 0.06678 ], [ 37.18756, 0.06699 ], [ 37.18707, 0.06732 ], [ 37.18685, 0.06737 ], [ 37.18653, 0.06737 ], [ 37.18595, 0.0673 ], [ 37.18572, 0.0673 ], [ 37.18551, 0.0673 ], [ 37.18528, 0.06737 ], [ 37.18508, 0.06745 ], [ 37.185, 0.06755 ], [ 37.18497, 0.06768 ], [ 37.18497, 0.06781 ], [ 37.18493, 0.06797 ], [ 37.18492, 0.06822 ], [ 37.18479, 0.06845 ], [ 37.18459, 0.06872 ], [ 37.18436, 0.06887 ], [ 37.18412, 0.069 ], [ 37.18377, 0.06915 ], [ 37.18359, 0.06921 ], [ 37.18341, 0.06931 ], [ 37.18312, 0.06936 ], [ 37.18296, 0.06946 ], [ 37.18287, 0.06962 ], [ 37.18287, 0.06982 ], [ 37.18289, 0.07019 ], [ 37.18281, 0.07036 ], [ 37.18243, 0.07046 ], [ 37.18233, 0.07046 ], [ 37.18215, 0.07059 ], [ 37.18196, 0.0708 ], [ 37.18179, 0.07098 ], [ 37.18163, 0.07117 ], [ 37.1815, 0.07121 ], [ 37.1814, 0.07121 ], [ 37.18129, 0.07121 ], [ 37.18116, 0.07122 ], [ 37.18099, 0.07144 ], [ 37.18098, 0.07157 ], [ 37.18099, 0.07171 ], [ 37.18109, 0.07189 ], [ 37.18121, 0.07199 ], [ 37.18121, 0.07229 ], [ 37.18117, 0.07238 ], [ 37.1808, 0.07258 ], [ 37.1806, 0.0726 ], [ 37.18044, 0.07263 ], [ 37.18027, 0.07269 ], [ 37.18024, 0.07278 ], [ 37.18021, 0.07289 ], [ 37.18027, 0.07317 ], [ 37.18049, 0.07354 ], [ 37.18049, 0.07392 ], [ 37.18049, 0.07415 ], [ 37.18045, 0.07448 ], [ 37.18037, 0.07466 ], [ 37.18023, 0.0749 ], [ 37.17996, 0.07516 ], [ 37.17978, 0.07539 ], [ 37.17942, 0.07613 ], [ 37.17926, 0.07649 ], [ 37.17925, 0.07663 ], [ 37.17925, 0.07688 ], [ 37.17925, 0.07711 ], [ 37.1792, 0.07737 ], [ 37.17905, 0.07755 ], [ 37.17893, 0.07755 ], [ 37.17879, 0.07752 ], [ 37.17867, 0.07743 ], [ 37.17851, 0.07743 ], [ 37.17835, 0.07743 ], [ 37.17822, 0.07745 ], [ 37.1781, 0.07758 ], [ 37.17805, 0.07771 ], [ 37.17808, 0.07799 ], [ 37.17808, 0.07805 ], [ 37.17804, 0.0782 ], [ 37.17787, 0.0784 ], [ 37.17776, 0.07855 ], [ 37.17751, 0.0789 ], [ 37.17735, 0.07922 ], [ 37.17728, 0.07944 ], [ 37.17719, 0.07951 ], [ 37.17705, 0.07953 ], [ 37.17686, 0.07953 ], [ 37.17671, 0.07966 ], [ 37.17647, 0.07987 ], [ 37.17638, 0.0802 ], [ 37.17634, 0.08031 ], [ 37.17622, 0.08047 ], [ 37.17606, 0.08052 ], [ 37.17594, 0.08051 ], [ 37.17578, 0.08046 ], [ 37.17567, 0.08044 ], [ 37.1755, 0.08042 ], [ 37.17526, 0.08051 ], [ 37.17518, 0.08059 ], [ 37.17501, 0.08077 ], [ 37.17477, 0.08121 ], [ 37.17465, 0.08142 ], [ 37.17451, 0.08154 ], [ 37.17436, 0.08154 ], [ 37.17424, 0.0815 ], [ 37.17406, 0.08144 ], [ 37.17388, 0.08144 ], [ 37.17359, 0.08144 ], [ 37.17341, 0.08144 ], [ 37.17302, 0.08152 ], [ 37.17287, 0.08162 ], [ 37.17264, 0.08177 ], [ 37.17249, 0.08196 ], [ 37.17249, 0.08206 ], [ 37.17266, 0.08224 ], [ 37.17277, 0.08242 ], [ 37.17281, 0.0826 ], [ 37.17272, 0.08283 ], [ 37.17264, 0.08289 ], [ 37.17258, 0.08293 ], [ 37.17238, 0.08293 ], [ 37.17218, 0.08291 ], [ 37.17204, 0.08291 ], [ 37.17179, 0.08291 ], [ 37.17109, 0.08304 ], [ 37.17093, 0.08314 ], [ 37.17068, 0.08314 ], [ 37.17029, 0.08312 ], [ 37.17009, 0.08296 ], [ 37.16991, 0.08283 ], [ 37.16965, 0.08275 ], [ 37.16939, 0.08265 ], [ 37.16888, 0.08252 ], [ 37.16851, 0.08252 ], [ 37.16818, 0.08252 ], [ 37.16775, 0.08268 ], [ 37.1672, 0.08286 ], [ 37.167, 0.08302 ], [ 37.16681, 0.08322 ], [ 37.16659, 0.08342 ], [ 37.1664, 0.08389 ], [ 37.16601, 0.08459 ], [ 37.16583, 0.08511 ], [ 37.16578, 0.08544 ], [ 37.16588, 0.0868 ], [ 37.16586, 0.08727 ], [ 37.16583, 0.08763 ], [ 37.16568, 0.08784 ], [ 37.16548, 0.0882 ], [ 37.16468, 0.08923 ], [ 37.16414, 0.08987 ], [ 37.1636, 0.09036 ], [ 37.16928, 0.097 ], [ 37.17348, 0.10179 ], [ 37.17326, 0.10179 ], [ 37.17305, 0.1018 ], [ 37.17285, 0.1018 ], [ 37.17268, 0.10185 ], [ 37.17248, 0.1019 ], [ 37.1723, 0.10201 ], [ 37.17217, 0.10218 ], [ 37.17186, 0.1025 ], [ 37.17177, 0.10251 ], [ 37.16972, 0.10401 ], [ 37.16814, 0.10536 ], [ 37.16603, 0.1077 ], [ 37.16326, 0.11204 ], [ 37.15906, 0.12118 ], [ 37.15673, 0.12597 ], [ 37.15553, 0.12912 ], [ 37.15516, 0.13038 ], [ 37.15535, 0.1313 ], [ 37.15661, 0.13435 ], [ 37.15875, 0.14274 ], [ 37.15878, 0.14468 ], [ 37.15902, 0.14517 ], [ 37.15911, 0.14567 ], [ 37.15931, 0.14633 ], [ 37.15933, 0.14656 ], [ 37.15942, 0.14713 ], [ 37.15934, 0.14775 ], [ 37.15934, 0.14822 ], [ 37.15934, 0.14876 ], [ 37.15939, 0.14941 ], [ 37.15943, 0.15003 ], [ 37.15939, 0.15077 ], [ 37.15943, 0.15111 ], [ 37.15943, 0.15152 ], [ 37.15955, 0.15191 ], [ 37.15979, 0.15226 ], [ 37.16003, 0.15256 ], [ 37.16014, 0.15279 ], [ 37.16014, 0.15301 ], [ 37.15994, 0.15351 ], [ 37.15976, 0.15377 ], [ 37.15949, 0.15428 ], [ 37.15934, 0.15447 ], [ 37.1592, 0.15488 ], [ 37.15899, 0.15524 ], [ 37.15898, 0.15545 ], [ 37.15895, 0.15573 ], [ 37.15902, 0.15619 ], [ 37.15943, 0.15708 ], [ 37.1596, 0.15767 ], [ 37.15981, 0.15821 ], [ 37.16015, 0.15883 ], [ 37.16038, 0.15963 ], [ 37.16043, 0.16005 ], [ 37.16027, 0.16052 ], [ 37.16015, 0.16082 ], [ 37.15994, 0.16126 ], [ 37.15973, 0.16153 ], [ 37.15946, 0.16221 ], [ 37.15936, 0.16257 ], [ 37.15925, 0.16301 ], [ 37.15923, 0.16328 ], [ 37.15925, 0.16367 ], [ 37.15925, 0.16393 ], [ 37.15928, 0.1643 ], [ 37.15928, 0.16448 ], [ 37.15939, 0.16485 ], [ 37.15939, 0.165 ], [ 37.15937, 0.16537 ], [ 37.15928, 0.1656 ], [ 37.15907, 0.16598 ], [ 37.1586, 0.16655 ], [ 37.15853, 0.16771 ], [ 37.15838, 0.17099 ], [ 37.15784, 0.17491 ], [ 37.15803, 0.18928 ], [ 37.1591, 0.19917 ], [ 37.16011, 0.20919 ], [ 37.16011, 0.22382 ], [ 37.15992, 0.24278 ], [ 37.15992, 0.24745 ], [ 37.16203, 0.25217 ], [ 37.18629, 0.30573 ], [ 37.15728, 0.31881 ], [ 37.14779, 0.32309 ], [ 37.14769, 0.32314 ], [ 37.12848, 0.33184 ], [ 37.11783, 0.33667 ], [ 37.11783, 0.33667 ], [ 37.10516, 0.34241 ], [ 37.08296, 0.35255 ], [ 37.0806, 0.34853 ], [ 37.07924, 0.34626 ], [ 37.07823, 0.34385 ], [ 37.07723, 0.34123 ], [ 37.07652, 0.33902 ], [ 37.07637, 0.3372 ], [ 37.07657, 0.33434 ], [ 37.07677, 0.32759 ], [ 37.07679, 0.3275 ], [ 37.07738, 0.32467 ], [ 37.07783, 0.32231 ], [ 37.07838, 0.32035 ], [ 37.07864, 0.3134 ], [ 37.07859, 0.3058 ], [ 37.0783, 0.30249 ], [ 37.07823, 0.30164 ], [ 37.07818, 0.30109 ], [ 37.07793, 0.29815 ], [ 37.07708, 0.29272 ], [ 37.07733, 0.28965 ], [ 37.07763, 0.28839 ], [ 37.07824, 0.28712 ], [ 37.07891, 0.28658 ], [ 37.07939, 0.28621 ], [ 37.07951, 0.28611 ], [ 37.07978, 0.28579 ], [ 37.08007, 0.28535 ], [ 37.0812, 0.28318 ], [ 37.08156, 0.28249 ], [ 37.08189, 0.28151 ], [ 37.082, 0.28119 ], [ 37.0821, 0.28047 ], [ 37.08234, 0.2797 ], [ 37.08266, 0.27889 ], [ 37.08292, 0.27851 ], [ 37.08343, 0.27792 ], [ 37.08435, 0.27643 ], [ 37.08441, 0.27632 ], [ 37.08471, 0.2759 ], [ 37.08513, 0.27489 ], [ 37.08524, 0.27453 ], [ 37.08548, 0.27345 ], [ 37.08565, 0.27293 ], [ 37.0858, 0.2721 ], [ 37.08593, 0.27087 ], [ 37.08596, 0.26916 ], [ 37.08598, 0.26832 ], [ 37.08608, 0.26741 ], [ 37.08631, 0.2666 ], [ 37.08652, 0.26595 ], [ 37.08679, 0.26547 ], [ 37.08682, 0.26503 ], [ 37.08681, 0.26447 ], [ 37.08681, 0.26396 ], [ 37.08666, 0.26273 ], [ 37.08658, 0.26203 ], [ 37.08648, 0.2616 ], [ 37.08645, 0.26098 ], [ 37.08626, 0.25994 ], [ 37.08596, 0.25888 ], [ 37.08583, 0.25855 ], [ 37.08569, 0.25805 ], [ 37.08566, 0.25777 ], [ 37.0856, 0.25736 ], [ 37.0856, 0.25668 ], [ 37.08563, 0.25439 ], [ 37.08563, 0.25388 ], [ 37.08559, 0.25352 ], [ 37.08533, 0.2527 ], [ 37.08528, 0.25226 ], [ 37.08513, 0.25153 ], [ 37.08513, 0.25128 ], [ 37.08513, 0.2503 ], [ 37.08528, 0.24939 ], [ 37.08559, 0.24821 ], [ 37.08577, 0.24786 ], [ 37.08611, 0.24741 ], [ 37.08637, 0.24708 ], [ 37.08645, 0.24673 ], [ 37.08651, 0.24625 ], [ 37.08658, 0.24528 ], [ 37.08672, 0.24423 ], [ 37.08679, 0.24262 ], [ 37.08693, 0.24192 ], [ 37.08702, 0.24118 ], [ 37.08709, 0.24066 ], [ 37.08677, 0.23936 ], [ 37.08652, 0.23722 ], [ 37.08632, 0.23658 ], [ 37.08617, 0.23593 ], [ 37.0854, 0.23391 ], [ 37.08491, 0.23249 ], [ 37.08462, 0.23169 ], [ 37.08415, 0.23079 ], [ 37.0832, 0.22958 ], [ 37.08272, 0.22902 ], [ 37.08213, 0.2285 ], [ 37.08189, 0.22804 ], [ 37.08161, 0.22756 ], [ 37.08151, 0.22705 ], [ 37.08135, 0.22589 ], [ 37.08124, 0.22504 ], [ 37.08123, 0.22464 ], [ 37.08135, 0.22394 ], [ 37.08148, 0.22342 ], [ 37.08153, 0.22277 ], [ 37.08153, 0.222 ], [ 37.08147, 0.22143 ], [ 37.08124, 0.2206 ], [ 37.08106, 0.21981 ], [ 37.08099, 0.21939 ], [ 37.08088, 0.21879 ], [ 37.081, 0.21818 ], [ 37.08115, 0.21761 ], [ 37.08114, 0.21723 ], [ 37.08093, 0.21671 ], [ 37.08073, 0.21592 ], [ 37.08052, 0.21537 ], [ 37.08038, 0.21469 ], [ 37.07996, 0.21297 ], [ 37.07971, 0.21052 ], [ 37.0794, 0.20674 ], [ 37.07946, 0.2056 ], [ 37.08041, 0.19753 ], [ 37.08091, 0.19407 ], [ 37.08154, 0.18499 ], [ 37.08192, 0.17548 ], [ 37.08217, 0.1676 ], [ 37.08255, 0.16032 ], [ 37.08261, 0.15695 ], [ 37.08293, 0.14932 ], [ 37.08274, 0.14472 ], [ 37.08261, 0.14302 ], [ 37.08267, 0.14056 ], [ 37.08299, 0.13823 ], [ 37.08394, 0.13458 ], [ 37.08485, 0.13154 ], [ 37.08551, 0.12966 ], [ 37.08715, 0.12683 ], [ 37.08923, 0.12323 ], [ 37.09175, 0.11983 ], [ 37.09333, 0.11769 ], [ 37.09413, 0.11557 ], [ 37.09452, 0.1141 ], [ 37.09517, 0.11098 ], [ 37.09534, 0.1037 ], [ 37.09576, 0.09477 ], [ 37.09541, 0.08945 ], [ 37.09528, 0.08618 ], [ 37.09456, 0.07947 ], [ 37.09487, 0.07948 ], [ 37.09499, 0.07956 ], [ 37.09516, 0.07969 ], [ 37.09532, 0.07977 ], [ 37.09552, 0.07977 ], [ 37.09571, 0.07975 ], [ 37.09585, 0.07965 ], [ 37.096, 0.07951 ], [ 37.09603, 0.07936 ], [ 37.09602, 0.07925 ], [ 37.09601, 0.07909 ], [ 37.09607, 0.07892 ], [ 37.09624, 0.07878 ], [ 37.09638, 0.07864 ], [ 37.09652, 0.0786 ], [ 37.09671, 0.07859 ], [ 37.09682, 0.07862 ], [ 37.09698, 0.07871 ], [ 37.09708, 0.07902 ], [ 37.09708, 0.07927 ], [ 37.0972, 0.07941 ], [ 37.09734, 0.07949 ], [ 37.09747, 0.07949 ], [ 37.09757, 0.07949 ], [ 37.09767, 0.07942 ], [ 37.0978, 0.07927 ], [ 37.0979, 0.07916 ], [ 37.09803, 0.079 ], [ 37.09818, 0.07883 ], [ 37.09823, 0.07871 ], [ 37.09827, 0.07858 ], [ 37.09841, 0.0783 ], [ 37.09862, 0.07813 ], [ 37.0988, 0.07805 ], [ 37.09905, 0.07804 ], [ 37.09927, 0.07809 ], [ 37.09947, 0.07808 ], [ 37.09972, 0.07795 ], [ 37.09995, 0.07773 ], [ 37.10007, 0.07753 ], [ 37.10014, 0.07735 ], [ 37.10043, 0.077 ], [ 37.10063, 0.07681 ], [ 37.10088, 0.07663 ], [ 37.10108, 0.07648 ], [ 37.10128, 0.07631 ], [ 37.10143, 0.07613 ], [ 37.10162, 0.07604 ], [ 37.10174, 0.07512 ], [ 37.10177, 0.07168 ], [ 37.10143, 0.065 ], [ 37.09733, 0.06455 ], [ 37.09318, 0.06432 ], [ 37.08816, 0.06399 ], [ 37.08696, 0.0638 ], [ 37.08579, 0.0638 ], [ 37.07609, 0.06326 ], [ 37.07128, 0.06296 ], [ 37.06868, 0.06274 ], [ 37.06091, 0.0624 ], [ 37.05658, 0.06217 ], [ 37.05293, 0.06198 ], [ 37.05295, 0.06209 ], [ 37.05298, 0.0622 ], [ 37.05302, 0.06224 ], [ 37.05306, 0.06232 ], [ 37.05313, 0.06239 ], [ 37.05316, 0.06245 ], [ 37.05316, 0.06259 ], [ 37.05316, 0.06265 ], [ 37.05316, 0.0629 ], [ 37.05316, 0.06298 ], [ 37.05316, 0.06307 ], [ 37.0531, 0.06318 ], [ 37.05303, 0.06325 ], [ 37.05296, 0.0633 ], [ 37.05289, 0.06338 ], [ 37.05279, 0.06348 ], [ 37.0527, 0.06359 ], [ 37.05269, 0.06366 ], [ 37.05271, 0.06376 ], [ 37.05278, 0.06389 ], [ 37.05285, 0.06396 ], [ 37.05291, 0.06397 ], [ 37.05302, 0.06397 ], [ 37.05317, 0.06397 ], [ 37.05335, 0.06397 ], [ 37.05354, 0.06394 ], [ 37.05392, 0.06388 ], [ 37.0541, 0.06388 ], [ 37.05427, 0.06389 ], [ 37.05443, 0.06392 ], [ 37.05461, 0.06394 ], [ 37.05473, 0.06399 ], [ 37.0548, 0.06403 ], [ 37.05499, 0.06413 ], [ 37.05508, 0.06431 ], [ 37.05521, 0.06442 ], [ 37.05522, 0.06449 ], [ 37.05533, 0.06481 ], [ 37.05533, 0.06498 ], [ 37.05533, 0.0651 ], [ 37.05534, 0.06518 ], [ 37.05535, 0.06528 ], [ 37.05535, 0.06539 ], [ 37.05535, 0.06552 ], [ 37.05534, 0.06563 ], [ 37.0553, 0.06571 ], [ 37.05526, 0.06579 ], [ 37.0552, 0.06587 ], [ 37.05512, 0.06604 ], [ 37.05511, 0.06618 ], [ 37.05511, 0.06626 ], [ 37.05514, 0.06638 ], [ 37.05525, 0.06647 ], [ 37.05533, 0.06654 ], [ 37.05545, 0.06661 ], [ 37.05552, 0.06667 ], [ 37.05558, 0.06676 ], [ 37.05566, 0.0668 ], [ 37.05567, 0.06689 ], [ 37.0557, 0.06699 ], [ 37.05573, 0.06719 ], [ 37.05573, 0.06728 ], [ 37.05579, 0.06737 ], [ 37.0558, 0.06741 ], [ 37.05584, 0.06742 ], [ 37.0559, 0.06742 ], [ 37.05598, 0.06743 ], [ 37.05606, 0.06744 ], [ 37.05614, 0.06744 ], [ 37.0562, 0.06742 ], [ 37.05624, 0.06746 ], [ 37.05627, 0.06751 ], [ 37.05629, 0.06757 ], [ 37.0563, 0.06763 ], [ 37.0563, 0.0677 ], [ 37.0563, 0.06778 ], [ 37.0563, 0.06786 ], [ 37.05627, 0.06797 ], [ 37.05618, 0.06808 ], [ 37.05613, 0.06817 ], [ 37.05601, 0.06843 ], [ 37.05598, 0.06863 ], [ 37.05608, 0.06986 ], [ 37.05618, 0.07005 ], [ 37.05625, 0.07015 ], [ 37.05628, 0.07025 ], [ 37.0564, 0.07039 ], [ 37.05648, 0.07042 ], [ 37.05656, 0.07042 ], [ 37.05663, 0.07042 ], [ 37.05673, 0.07042 ], [ 37.05685, 0.07042 ], [ 37.05703, 0.07041 ], [ 37.05714, 0.07044 ], [ 37.05721, 0.07048 ], [ 37.05727, 0.0706 ], [ 37.05732, 0.0707 ], [ 37.05732, 0.07078 ], [ 37.05732, 0.07089 ], [ 37.05724, 0.071 ], [ 37.05716, 0.07109 ], [ 37.05702, 0.07112 ], [ 37.05681, 0.07112 ], [ 37.05668, 0.07105 ], [ 37.0565, 0.07093 ], [ 37.05637, 0.07088 ], [ 37.05608, 0.07089 ], [ 37.05602, 0.07093 ], [ 37.05584, 0.07115 ], [ 37.05532, 0.07188 ], [ 37.0549, 0.07234 ], [ 37.0545, 0.07263 ], [ 37.054, 0.07286 ], [ 37.05359, 0.07292 ], [ 37.05348, 0.07293 ], [ 37.05338, 0.07303 ], [ 37.05337, 0.07306 ], [ 37.05332, 0.07315 ], [ 37.05332, 0.07323 ], [ 37.05332, 0.07332 ], [ 37.05333, 0.07341 ], [ 37.05334, 0.07347 ], [ 37.0534, 0.07357 ], [ 37.05352, 0.07367 ], [ 37.0536, 0.07373 ], [ 37.05366, 0.07377 ], [ 37.05385, 0.07391 ], [ 37.05394, 0.074 ], [ 37.05399, 0.07408 ], [ 37.05403, 0.07418 ], [ 37.05404, 0.07435 ], [ 37.05397, 0.07448 ], [ 37.05391, 0.07455 ], [ 37.05385, 0.0746 ], [ 37.05373, 0.07468 ], [ 37.05357, 0.07474 ], [ 37.05341, 0.0748 ], [ 37.05328, 0.07482 ], [ 37.05222, 0.07493 ], [ 37.05214, 0.07495 ], [ 37.05202, 0.07497 ], [ 37.05193, 0.07498 ], [ 37.05186, 0.07504 ], [ 37.05181, 0.07509 ], [ 37.05175, 0.07516 ], [ 37.05172, 0.07528 ], [ 37.05172, 0.07541 ], [ 37.0516, 0.07586 ], [ 37.05155, 0.07609 ], [ 37.05158, 0.07622 ], [ 37.05159, 0.07635 ], [ 37.05162, 0.07644 ], [ 37.05064, 0.07665 ], [ 37.05015, 0.0769 ], [ 37.04955, 0.07706 ], [ 37.04915, 0.07709 ], [ 37.048, 0.0769 ], [ 37.04562, 0.07647 ], [ 37.04356, 0.07612 ], [ 37.04163, 0.07582 ], [ 37.04041, 0.07544 ], [ 37.03942, 0.07512 ], [ 37.03919, 0.07556 ], [ 37.03898, 0.07589 ], [ 37.0387, 0.07619 ], [ 37.03815, 0.07651 ], [ 37.03739, 0.0768 ], [ 37.03625, 0.0772 ], [ 37.03523, 0.07764 ], [ 37.03454, 0.07788 ], [ 37.03368, 0.07812 ], [ 37.03262, 0.07851 ], [ 37.03184, 0.07865 ], [ 37.03072, 0.07879 ], [ 37.02965, 0.07877 ], [ 37.02639, 0.07874 ], [ 37.02589, 0.07875 ], [ 37.02471, 0.07876 ], [ 37.02392, 0.07876 ], [ 37.02291, 0.07865 ], [ 37.02201, 0.07851 ], [ 37.02122, 0.0782 ], [ 37.01996, 0.07785 ], [ 37.01886, 0.07749 ], [ 37.01729, 0.07698 ], [ 37.01549, 0.07637 ], [ 37.01387, 0.07589 ], [ 37.01277, 0.07541 ], [ 37.01204, 0.07511 ], [ 37.01123, 0.07453 ], [ 37.0105, 0.07383 ], [ 37.01017, 0.07357 ], [ 37.00996, 0.07348 ], [ 37.00968, 0.07348 ], [ 37.00895, 0.07354 ], [ 37.00856, 0.07364 ], [ 37.00616, 0.07446 ], [ 37.00408, 0.07505 ], [ 37.00322, 0.07533 ], [ 37.00278, 0.07547 ], [ 37.00195, 0.07573 ], [ 37.00084, 0.0751 ], [ 36.99075, 0.07104 ], [ 36.99062, 0.07099 ], [ 36.98125, 0.06745 ], [ 36.97164, 0.06366 ], [ 36.97412, 0.05557 ], [ 36.97547, 0.05154 ], [ 36.97796, 0.04402 ], [ 36.98036, 0.03646 ], [ 36.98117, 0.03397 ], [ 36.98218, 0.03085 ], [ 36.98419, 0.02461 ], [ 36.98433, 0.02416 ], [ 36.98834, 0.02283 ], [ 36.99376, 0.02109 ], [ 36.99455, 0.02084 ], [ 37.00084, 0.01867 ], [ 36.99743, 0.01186 ], [ 36.99457, 0.00659 ], [ 36.99161, 0.00083 ], [ 36.98819, -0.00537 ], [ 36.98807, -0.00558 ], [ 36.98613, -0.00917 ], [ 36.98463, -0.01192 ], [ 36.98302, -0.01472 ], [ 36.98127, -0.01661 ], [ 36.98069, -0.01661 ], [ 36.98027, -0.01665 ], [ 36.97988, -0.01665 ], [ 36.97968, -0.01666 ], [ 36.97945, -0.01666 ], [ 36.97919, -0.01663 ], [ 36.97898, -0.01661 ], [ 36.97867, -0.01657 ], [ 36.97849, -0.01656 ], [ 36.9783, -0.01657 ], [ 36.97804, -0.01654 ], [ 36.97778, -0.01651 ], [ 36.97741, -0.01649 ], [ 36.97718, -0.01642 ], [ 36.97693, -0.01641 ], [ 36.97678, -0.01642 ], [ 36.97642, -0.01642 ], [ 36.97609, -0.0164 ], [ 36.97592, -0.0164 ], [ 36.97578, -0.0164 ], [ 36.97564, -0.01645 ], [ 36.97547, -0.01656 ], [ 36.97523, -0.01673 ], [ 36.97507, -0.01685 ], [ 36.97495, -0.01693 ], [ 36.97476, -0.01698 ], [ 36.97423, -0.01705 ], [ 36.97405, -0.01712 ], [ 36.97391, -0.01712 ], [ 36.97372, -0.01713 ], [ 36.97351, -0.01714 ], [ 36.97332, -0.01714 ], [ 36.97298, -0.01711 ], [ 36.97284, -0.01707 ], [ 36.97267, -0.01706 ], [ 36.97246, -0.0171 ], [ 36.97228, -0.01719 ], [ 36.97219, -0.01733 ], [ 36.97201, -0.01747 ], [ 36.97187, -0.01752 ], [ 36.97171, -0.01751 ], [ 36.97147, -0.01748 ], [ 36.97122, -0.01739 ], [ 36.97103, -0.01725 ], [ 36.97099, -0.01715 ], [ 36.97091, -0.01707 ], [ 36.97084, -0.01697 ], [ 36.97074, -0.01687 ], [ 36.97052, -0.01677 ], [ 36.97046, -0.01676 ], [ 36.97034, -0.01676 ], [ 36.97022, -0.01673 ], [ 36.97005, -0.01663 ], [ 36.96991, -0.01659 ], [ 36.96973, -0.01656 ], [ 36.96959, -0.01656 ], [ 36.96939, -0.01656 ], [ 36.9692, -0.01655 ], [ 36.96896, -0.01651 ], [ 36.9688, -0.01641 ], [ 36.96867, -0.01635 ], [ 36.96818, -0.01616 ], [ 36.96801, -0.01616 ], [ 36.96778, -0.01616 ], [ 36.96766, -0.01616 ], [ 36.96748, -0.01618 ], [ 36.96732, -0.01618 ], [ 36.96719, -0.01614 ], [ 36.96697, -0.01593 ], [ 36.96691, -0.01583 ], [ 36.96672, -0.01553 ], [ 36.96647, -0.01523 ], [ 36.96614, -0.01503 ], [ 36.96585, -0.01491 ], [ 36.96565, -0.01486 ], [ 36.96541, -0.01475 ], [ 36.96521, -0.01468 ], [ 36.96501, -0.01457 ], [ 36.96481, -0.01445 ], [ 36.96462, -0.01435 ], [ 36.9645, -0.01428 ], [ 36.96437, -0.01418 ], [ 36.96424, -0.01409 ], [ 36.96379, -0.01377 ], [ 36.96363, -0.01369 ], [ 36.9635, -0.01364 ], [ 36.9633, -0.01355 ], [ 36.96314, -0.01351 ], [ 36.96288, -0.01353 ], [ 36.96278, -0.01353 ], [ 36.96254, -0.01353 ], [ 36.9621, -0.01349 ], [ 36.96199, -0.01344 ], [ 36.96188, -0.01339 ], [ 36.96175, -0.01332 ], [ 36.96166, -0.01327 ], [ 36.96148, -0.01324 ], [ 36.9614, -0.01322 ], [ 36.96125, -0.01319 ], [ 36.96104, -0.01314 ], [ 36.96083, -0.01312 ], [ 36.96064, -0.0132 ], [ 36.96043, -0.01324 ], [ 36.96019, -0.01331 ], [ 36.95997, -0.01335 ], [ 36.95982, -0.01345 ], [ 36.95975, -0.01365 ], [ 36.95966, -0.01378 ], [ 36.95945, -0.01388 ], [ 36.95928, -0.01386 ], [ 36.95906, -0.01383 ], [ 36.95886, -0.01378 ], [ 36.9587, -0.01371 ], [ 36.95861, -0.01365 ], [ 36.95842, -0.01357 ], [ 36.95833, -0.01354 ], [ 36.95821, -0.01353 ], [ 36.9581, -0.01354 ], [ 36.95798, -0.01356 ], [ 36.95779, -0.01357 ], [ 36.95761, -0.01357 ], [ 36.95727, -0.01353 ], [ 36.95694, -0.01345 ], [ 36.95662, -0.01337 ], [ 36.95638, -0.01328 ], [ 36.95624, -0.01321 ], [ 36.95606, -0.01313 ], [ 36.95589, -0.01306 ], [ 36.95574, -0.01293 ], [ 36.95544, -0.01261 ], [ 36.95534, -0.01246 ], [ 36.95518, -0.01207 ], [ 36.95497, -0.01185 ], [ 36.95482, -0.01168 ], [ 36.95467, -0.01149 ], [ 36.9543, -0.01122 ], [ 36.95411, -0.01104 ], [ 36.95391, -0.01091 ], [ 36.95382, -0.01082 ], [ 36.95361, -0.01069 ], [ 36.95334, -0.01054 ], [ 36.95319, -0.01043 ], [ 36.95292, -0.01026 ], [ 36.95275, -0.01016 ], [ 36.95248, -0.00997 ], [ 36.95221, -0.00983 ], [ 36.95123, -0.0093 ], [ 36.95027, -0.00886 ], [ 36.94938, -0.00847 ], [ 36.94874, -0.00824 ], [ 36.94841, -0.00809 ], [ 36.94806, -0.00795 ], [ 36.94769, -0.00782 ], [ 36.94756, -0.00773 ], [ 36.94741, -0.00763 ], [ 36.94724, -0.0076 ], [ 36.94699, -0.00759 ], [ 36.94679, -0.00757 ], [ 36.94661, -0.00756 ], [ 36.94648, -0.00753 ], [ 36.94611, -0.00741 ], [ 36.94594, -0.00736 ], [ 36.9458, -0.00732 ], [ 36.94558, -0.0073 ], [ 36.94528, -0.00724 ], [ 36.9449, -0.00711 ], [ 36.9446, -0.00706 ], [ 36.94439, -0.00705 ], [ 36.94419, -0.00705 ], [ 36.94348, -0.00714 ], [ 36.94267, -0.00723 ], [ 36.94193, -0.00721 ], [ 36.94156, -0.00716 ], [ 36.94135, -0.00715 ], [ 36.94114, -0.00714 ], [ 36.94102, -0.00713 ], [ 36.94084, -0.00712 ], [ 36.94076, -0.0071 ], [ 36.94063, -0.00703 ], [ 36.94053, -0.00696 ], [ 36.94036, -0.00689 ], [ 36.94025, -0.00688 ], [ 36.94015, -0.00696 ], [ 36.94008, -0.00708 ], [ 36.93997, -0.00711 ], [ 36.93946, -0.0071 ], [ 36.93938, -0.00701 ], [ 36.93938, -0.00691 ], [ 36.93934, -0.00679 ], [ 36.93931, -0.00664 ], [ 36.93916, -0.00621 ], [ 36.93903, -0.00602 ], [ 36.93895, -0.00591 ], [ 36.93882, -0.00578 ], [ 36.93873, -0.00569 ], [ 36.93861, -0.00564 ], [ 36.93796, -0.00534 ], [ 36.93754, -0.00512 ], [ 36.93718, -0.00497 ], [ 36.93685, -0.00473 ], [ 36.9366, -0.00455 ], [ 36.93621, -0.00433 ], [ 36.93566, -0.00388 ], [ 36.93509, -0.00347 ], [ 36.93477, -0.00308 ], [ 36.93439, -0.0027 ], [ 36.93418, -0.00241 ], [ 36.93374, -0.00187 ], [ 36.93342, -0.00157 ], [ 36.93308, -0.00125 ], [ 36.9329, -0.00113 ], [ 36.93282, -0.00111 ], [ 36.93274, -0.0011 ], [ 36.93261, -0.00109 ], [ 36.93232, -0.00115 ], [ 36.93213, -0.00121 ], [ 36.93196, -0.00122 ], [ 36.9318, -0.0012 ], [ 36.93162, -0.00116 ], [ 36.93133, -0.00102 ], [ 36.93112, -0.00096 ], [ 36.93098, -0.00091 ], [ 36.93089, -0.00085 ], [ 36.93076, -0.00081 ], [ 36.93062, -0.00082 ], [ 36.9305, -0.00085 ], [ 36.93022, -0.00098 ], [ 36.93011, -0.00106 ], [ 36.92986, -0.00117 ], [ 36.92949, -0.00135 ], [ 36.92936, -0.00138 ], [ 36.92913, -0.00144 ], [ 36.92901, -0.00152 ], [ 36.92888, -0.00164 ], [ 36.9287, -0.00176 ], [ 36.92858, -0.00187 ], [ 36.9285, -0.00212 ], [ 36.9285, -0.00242 ], [ 36.92851, -0.0026 ], [ 36.92848, -0.00272 ], [ 36.9284, -0.00278 ], [ 36.9283, -0.00283 ], [ 36.92821, -0.00289 ], [ 36.92812, -0.0029 ], [ 36.92791, -0.0029 ], [ 36.92771, -0.0029 ], [ 36.92743, -0.00289 ], [ 36.92702, -0.0028 ], [ 36.92659, -0.00269 ], [ 36.92653, -0.00271 ], [ 36.9264, -0.00272 ], [ 36.92619, -0.00272 ], [ 36.92603, -0.00273 ], [ 36.92583, -0.00275 ], [ 36.92561, -0.00275 ], [ 36.92531, -0.00274 ], [ 36.92499, -0.00276 ], [ 36.92466, -0.00281 ], [ 36.92447, -0.00282 ], [ 36.92414, -0.00282 ], [ 36.92379, -0.00281 ], [ 36.92351, -0.00282 ], [ 36.92314, -0.00281 ], [ 36.92292, -0.0028 ], [ 36.92258, -0.00276 ], [ 36.92248, -0.00274 ], [ 36.92223, -0.00268 ], [ 36.92205, -0.00265 ], [ 36.92192, -0.00254 ], [ 36.92157, -0.00233 ], [ 36.9213, -0.00213 ], [ 36.92097, -0.00193 ], [ 36.92072, -0.00179 ], [ 36.92055, -0.00163 ], [ 36.92042, -0.00152 ], [ 36.92032, -0.00139 ], [ 36.92021, -0.00123 ], [ 36.92012, -0.00112 ], [ 36.92002, -0.001 ], [ 36.91989, -0.00088 ], [ 36.91981, -0.0008 ], [ 36.91957, -0.0006 ], [ 36.91954, -0.00058 ], [ 36.91944, -0.00054 ], [ 36.91925, -0.00035 ], [ 36.91916, -0.00024 ], [ 36.91898, 0.00018 ], [ 36.91877, 0.00036 ], [ 36.91861, 0.00048 ], [ 36.91846, 0.00058 ], [ 36.91832, 0.00069 ], [ 36.91816, 0.0008 ], [ 36.91801, 0.00091 ], [ 36.91787, 0.00103 ], [ 36.91776, 0.00117 ], [ 36.91766, 0.00129 ], [ 36.91751, 0.0015 ], [ 36.91586, 0.00275 ], [ 36.91508, 0.00417 ], [ 36.91432, 0.00597 ], [ 36.91369, 0.00726 ], [ 36.91269, 0.00851 ], [ 36.91211, 0.00937 ], [ 36.91199, 0.00969 ], [ 36.91196, 0.01092 ], [ 36.91189, 0.01249 ], [ 36.91199, 0.01506 ], [ 36.91205, 0.01652 ], [ 36.91271, 0.01832 ], [ 36.91363, 0.02116 ], [ 36.91432, 0.02492 ], [ 36.91457, 0.02653 ], [ 36.91412, 0.0263 ], [ 36.91315, 0.02604 ], [ 36.91261, 0.02595 ], [ 36.91205, 0.02602 ], [ 36.91163, 0.02609 ], [ 36.91124, 0.02602 ], [ 36.91095, 0.02598 ], [ 36.91074, 0.02599 ], [ 36.91041, 0.02604 ], [ 36.9099, 0.02637 ], [ 36.90818, 0.02707 ], [ 36.90743, 0.02734 ], [ 36.90672, 0.02767 ], [ 36.90595, 0.02791 ], [ 36.90551, 0.02815 ], [ 36.9053, 0.02824 ], [ 36.90491, 0.02833 ], [ 36.90476, 0.02833 ], [ 36.90459, 0.0283 ], [ 36.90458, 0.02815 ], [ 36.90421, 0.02785 ], [ 36.90388, 0.02763 ], [ 36.9036, 0.02746 ], [ 36.90338, 0.02745 ], [ 36.90298, 0.02749 ], [ 36.90197, 0.02767 ], [ 36.90035, 0.02795 ], [ 36.89939, 0.02817 ], [ 36.89836, 0.02826 ], [ 36.89526, 0.02874 ], [ 36.89159, 0.02945 ], [ 36.88852, 0.03001 ], [ 36.88487, 0.03066 ], [ 36.88365, 0.03085 ], [ 36.88053, 0.03141 ], [ 36.87803, 0.03186 ], [ 36.87501, 0.03227 ], [ 36.87281, 0.03278 ], [ 36.87258, 0.03301 ], [ 36.87221, 0.03364 ], [ 36.87181, 0.03363 ], [ 36.87141, 0.0337 ], [ 36.87056, 0.03369 ], [ 36.86868, 0.03376 ], [ 36.86729, 0.03381 ], [ 36.86597, 0.03399 ], [ 36.86414, 0.03407 ], [ 36.86301, 0.0341 ], [ 36.85835, 0.03432 ], [ 36.85746, 0.03438 ], [ 36.8554, 0.0345 ], [ 36.8538, 0.03453 ], [ 36.85016, 0.03482 ], [ 36.84707, 0.03497 ], [ 36.83902, 0.03536 ], [ 36.83438, 0.03578 ], [ 36.83087, 0.03595 ], [ 36.82925, 0.03601 ], [ 36.82916, 0.03601 ], [ 36.82871, 0.03601 ], [ 36.82669, 0.03618 ], [ 36.82254, 0.03642 ], [ 36.82128, 0.03642 ], [ 36.82082, 0.03772 ], [ 36.82035, 0.03832 ], [ 36.81622, 0.03819 ], [ 36.80897, 0.03737 ], [ 36.80326, 0.03696 ], [ 36.80282, 0.03693 ], [ 36.80282, 0.03633 ], [ 36.80313, 0.03485 ], [ 36.78625, 0.03845 ], [ 36.78427, 0.03903 ], [ 36.78413, 0.03907 ], [ 36.78387, 0.03915 ], [ 36.7812, 0.03717 ], [ 36.77584, 0.03353 ], [ 36.77564, 0.03339 ], [ 36.76796, 0.02822 ], [ 36.76851, 0.02336 ], [ 36.76926, 0.01861 ], [ 36.76986, 0.01465 ], [ 36.7703, 0.0115 ], [ 36.7705, 0.01034 ], [ 36.77071, 0.00879 ], [ 36.77115, 0.00554 ], [ 36.7713, 0.00448 ], [ 36.7715, 0.00312 ], [ 36.77174, 0.00152 ], [ 36.77213, -0.00132 ], [ 36.7724, -0.00285 ], [ 36.77271, -0.00465 ], [ 36.7729, -0.00659 ], [ 36.77358, -0.01053 ], [ 36.77413, -0.01385 ], [ 36.77434, -0.01541 ], [ 36.75538, -0.02045 ], [ 36.75625, -0.02569 ], [ 36.75734, -0.03527 ], [ 36.75816, -0.04059 ], [ 36.75824, -0.04268 ], [ 36.75758, -0.0424 ], [ 36.7567, -0.04205 ], [ 36.75545, -0.04144 ], [ 36.75388, -0.04082 ], [ 36.75337, -0.04053 ], [ 36.75299, -0.04022 ], [ 36.75271, -0.03981 ], [ 36.75153, -0.03766 ], [ 36.75023, -0.03555 ], [ 36.74962, -0.03464 ], [ 36.74765, -0.03175 ], [ 36.74648, -0.02995 ], [ 36.74415, -0.0265 ], [ 36.74285, -0.02452 ], [ 36.74248, -0.02413 ], [ 36.74147, -0.02318 ], [ 36.73626, -0.01801 ], [ 36.73483, -0.0166 ], [ 36.73253, -0.01439 ], [ 36.73214, -0.01391 ], [ 36.73181, -0.01323 ], [ 36.73162, -0.01254 ], [ 36.73145, -0.01173 ], [ 36.73127, -0.011 ], [ 36.73118, -0.01048 ], [ 36.73107, -0.01021 ], [ 36.73099, -0.01013 ], [ 36.73095, -0.01009 ], [ 36.73061, -0.00986 ], [ 36.7305, -0.00973 ], [ 36.73016, -0.0092 ], [ 36.72974, -0.00849 ], [ 36.72886, -0.00692 ], [ 36.7275, -0.0045 ], [ 36.72603, -0.00218 ], [ 36.72519, -0.00067 ], [ 36.72247, 0.00404 ], [ 36.72468, 0.00672 ], [ 36.72718, 0.00999 ], [ 36.72872, 0.01188 ], [ 36.73207, 0.0163 ], [ 36.73527, 0.021 ], [ 36.73698, 0.02358 ], [ 36.73959, 0.02739 ], [ 36.74173, 0.03064 ], [ 36.74282, 0.03237 ], [ 36.74436, 0.03479 ], [ 36.74635, 0.03775 ], [ 36.74675, 0.03803 ], [ 36.74711, 0.03797 ], [ 36.74712, 0.03803 ], [ 36.74713, 0.03808 ], [ 36.74715, 0.03813 ], [ 36.74712, 0.03817 ], [ 36.74709, 0.03819 ], [ 36.74706, 0.0382 ], [ 36.74702, 0.03819 ], [ 36.74698, 0.03819 ], [ 36.74693, 0.03822 ], [ 36.74691, 0.03827 ], [ 36.7469, 0.03832 ], [ 36.74699, 0.03849 ], [ 36.7471, 0.03854 ], [ 36.74715, 0.03859 ], [ 36.74718, 0.03862 ], [ 36.74722, 0.03865 ], [ 36.74725, 0.03869 ], [ 36.74725, 0.03875 ], [ 36.74726, 0.03879 ], [ 36.74726, 0.03885 ], [ 36.74726, 0.03891 ], [ 36.74718, 0.03898 ], [ 36.74716, 0.03903 ], [ 36.74716, 0.03909 ], [ 36.74717, 0.03915 ], [ 36.7472, 0.0392 ], [ 36.7473, 0.03927 ], [ 36.74738, 0.03931 ], [ 36.74745, 0.03935 ], [ 36.74749, 0.03935 ], [ 36.74752, 0.03935 ], [ 36.74759, 0.03932 ], [ 36.74767, 0.03931 ], [ 36.74774, 0.0393 ], [ 36.74782, 0.0393 ], [ 36.74789, 0.03931 ], [ 36.74795, 0.03931 ], [ 36.74801, 0.03935 ], [ 36.7481, 0.03943 ], [ 36.74812, 0.0395 ], [ 36.74814, 0.03954 ], [ 36.74816, 0.03959 ], [ 36.74822, 0.03962 ], [ 36.74829, 0.03964 ], [ 36.7484, 0.03962 ], [ 36.74844, 0.0396 ], [ 36.74851, 0.03959 ], [ 36.74859, 0.03963 ], [ 36.74861, 0.03967 ], [ 36.74865, 0.03973 ], [ 36.74874, 0.03985 ], [ 36.74879, 0.03992 ], [ 36.74885, 0.03998 ], [ 36.74889, 0.04003 ], [ 36.74895, 0.04007 ], [ 36.74899, 0.04008 ], [ 36.74906, 0.04008 ], [ 36.74912, 0.04008 ], [ 36.74916, 0.04009 ], [ 36.74924, 0.0402 ], [ 36.74926, 0.04028 ], [ 36.74925, 0.04047 ], [ 36.74927, 0.04056 ], [ 36.74929, 0.04062 ], [ 36.74932, 0.04068 ], [ 36.74938, 0.04071 ], [ 36.74943, 0.04071 ], [ 36.74949, 0.04071 ], [ 36.74955, 0.04069 ], [ 36.74961, 0.04068 ], [ 36.74968, 0.04063 ], [ 36.74972, 0.0406 ], [ 36.74979, 0.04059 ], [ 36.74986, 0.04058 ], [ 36.74994, 0.04058 ], [ 36.74997, 0.04064 ], [ 36.74997, 0.04069 ], [ 36.74997, 0.04074 ], [ 36.74996, 0.04082 ], [ 36.74995, 0.04099 ], [ 36.74991, 0.04109 ], [ 36.74991, 0.04118 ], [ 36.74991, 0.04125 ], [ 36.74989, 0.04148 ], [ 36.74984, 0.04166 ], [ 36.74984, 0.04188 ], [ 36.74983, 0.04199 ], [ 36.74982, 0.04209 ], [ 36.7498, 0.04217 ], [ 36.74979, 0.04223 ], [ 36.74976, 0.04228 ], [ 36.74971, 0.04236 ], [ 36.74966, 0.04242 ], [ 36.7496, 0.04245 ], [ 36.74952, 0.0425 ], [ 36.74939, 0.04256 ], [ 36.74921, 0.04271 ], [ 36.74912, 0.04277 ], [ 36.74905, 0.04284 ], [ 36.74898, 0.04287 ], [ 36.74892, 0.04296 ], [ 36.74892, 0.04302 ], [ 36.74892, 0.04307 ], [ 36.74892, 0.04311 ], [ 36.74896, 0.04317 ], [ 36.74899, 0.04319 ], [ 36.74904, 0.04321 ], [ 36.74912, 0.04326 ], [ 36.74928, 0.0433 ], [ 36.74936, 0.04331 ], [ 36.74943, 0.04331 ], [ 36.74952, 0.04331 ], [ 36.7496, 0.04332 ], [ 36.74966, 0.04334 ], [ 36.7497, 0.0434 ], [ 36.74977, 0.04347 ], [ 36.74982, 0.0435 ], [ 36.75011, 0.04367 ], [ 36.7502, 0.04376 ], [ 36.75026, 0.0438 ], [ 36.75033, 0.04388 ], [ 36.75041, 0.04396 ], [ 36.7505, 0.04412 ], [ 36.75056, 0.04422 ], [ 36.75061, 0.04429 ], [ 36.75079, 0.04452 ], [ 36.75084, 0.0446 ], [ 36.75089, 0.04465 ], [ 36.75093, 0.04472 ], [ 36.75096, 0.0448 ], [ 36.75098, 0.04486 ], [ 36.75103, 0.0449 ], [ 36.7511, 0.04492 ], [ 36.75119, 0.04491 ], [ 36.7513, 0.0449 ], [ 36.75134, 0.04487 ], [ 36.75139, 0.04485 ], [ 36.75146, 0.04482 ], [ 36.75152, 0.04479 ], [ 36.75163, 0.04477 ], [ 36.75174, 0.04477 ], [ 36.75179, 0.04478 ], [ 36.75186, 0.04479 ], [ 36.7519, 0.04483 ], [ 36.752, 0.0449 ], [ 36.75215, 0.04504 ], [ 36.75216, 0.04508 ], [ 36.75217, 0.04515 ], [ 36.75222, 0.04523 ], [ 36.75228, 0.04534 ], [ 36.75234, 0.0454 ], [ 36.75237, 0.04547 ], [ 36.7524, 0.04553 ], [ 36.75244, 0.0456 ], [ 36.75259, 0.04583 ], [ 36.75267, 0.04602 ], [ 36.75278, 0.04617 ], [ 36.75279, 0.04624 ], [ 36.75284, 0.0463 ], [ 36.75289, 0.04635 ], [ 36.75295, 0.04636 ], [ 36.75301, 0.04638 ], [ 36.75315, 0.04637 ], [ 36.75322, 0.04637 ], [ 36.75326, 0.04637 ], [ 36.75328, 0.04637 ], [ 36.75342, 0.04635 ], [ 36.75347, 0.04635 ], [ 36.75352, 0.04636 ], [ 36.75356, 0.04639 ], [ 36.75358, 0.04643 ], [ 36.75361, 0.04648 ], [ 36.7536, 0.04654 ], [ 36.75358, 0.04659 ], [ 36.75355, 0.04662 ], [ 36.75352, 0.04665 ], [ 36.75349, 0.04668 ], [ 36.75343, 0.04672 ], [ 36.75337, 0.04678 ], [ 36.75339, 0.04685 ], [ 36.75346, 0.0469 ], [ 36.75355, 0.04693 ], [ 36.75359, 0.04698 ], [ 36.75374, 0.04711 ], [ 36.7538, 0.04712 ], [ 36.75382, 0.04712 ], [ 36.75387, 0.04712 ], [ 36.75395, 0.04711 ], [ 36.75398, 0.04708 ], [ 36.75398, 0.04704 ], [ 36.75403, 0.04691 ], [ 36.7541, 0.0469 ], [ 36.75424, 0.0469 ], [ 36.7544, 0.04695 ], [ 36.75445, 0.04699 ], [ 36.75451, 0.04704 ], [ 36.75464, 0.04706 ], [ 36.75486, 0.04705 ], [ 36.75491, 0.04704 ], [ 36.75506, 0.04697 ], [ 36.75514, 0.04692 ], [ 36.75521, 0.04681 ], [ 36.75527, 0.04668 ], [ 36.75529, 0.04664 ], [ 36.75534, 0.04657 ], [ 36.75541, 0.04655 ], [ 36.75549, 0.04655 ], [ 36.75554, 0.04655 ], [ 36.75562, 0.04655 ], [ 36.75568, 0.04655 ], [ 36.75574, 0.04657 ], [ 36.7558, 0.04658 ], [ 36.75591, 0.04666 ], [ 36.75591, 0.04668 ], [ 36.75595, 0.04669 ], [ 36.75598, 0.04671 ], [ 36.7561, 0.04684 ], [ 36.75615, 0.04697 ], [ 36.75615, 0.04705 ], [ 36.75615, 0.04712 ], [ 36.75615, 0.04718 ], [ 36.75615, 0.04729 ], [ 36.75613, 0.04735 ], [ 36.75611, 0.04736 ], [ 36.75607, 0.04739 ], [ 36.75603, 0.04741 ], [ 36.75598, 0.04741 ], [ 36.75592, 0.04741 ], [ 36.75587, 0.04741 ], [ 36.7558, 0.04742 ], [ 36.75574, 0.04744 ], [ 36.75569, 0.0475 ], [ 36.75568, 0.04757 ], [ 36.75567, 0.04769 ], [ 36.75571, 0.04779 ], [ 36.75574, 0.04787 ], [ 36.75583, 0.04798 ], [ 36.75589, 0.04804 ], [ 36.7559, 0.04809 ], [ 36.7559, 0.04816 ], [ 36.75589, 0.04823 ], [ 36.75585, 0.04829 ], [ 36.75583, 0.04834 ], [ 36.75582, 0.04847 ], [ 36.75597, 0.04873 ], [ 36.75598, 0.04883 ], [ 36.75599, 0.04892 ], [ 36.756, 0.04898 ], [ 36.75603, 0.04905 ], [ 36.75604, 0.0491 ], [ 36.75609, 0.04918 ], [ 36.75613, 0.04926 ], [ 36.75615, 0.04928 ], [ 36.75621, 0.04926 ], [ 36.75628, 0.04924 ], [ 36.7563, 0.04926 ], [ 36.75634, 0.0493 ], [ 36.75635, 0.04934 ], [ 36.75635, 0.04938 ], [ 36.75638, 0.04949 ], [ 36.75641, 0.04956 ], [ 36.75642, 0.04963 ], [ 36.75646, 0.04976 ], [ 36.75651, 0.04981 ], [ 36.75657, 0.04985 ], [ 36.75662, 0.0499 ], [ 36.75672, 0.04992 ], [ 36.75684, 0.04992 ], [ 36.75698, 0.04994 ], [ 36.7571, 0.04998 ], [ 36.75716, 0.05 ], [ 36.75725, 0.05005 ], [ 36.75743, 0.05021 ], [ 36.75748, 0.05028 ], [ 36.75759, 0.05049 ], [ 36.75767, 0.05062 ], [ 36.75774, 0.05068 ], [ 36.75778, 0.05073 ], [ 36.75784, 0.05078 ], [ 36.75788, 0.05085 ], [ 36.7579, 0.05093 ], [ 36.75792, 0.05102 ], [ 36.75796, 0.05111 ], [ 36.75802, 0.05113 ], [ 36.75809, 0.05114 ], [ 36.75819, 0.05118 ], [ 36.7583, 0.05123 ], [ 36.75834, 0.05127 ], [ 36.75842, 0.05131 ], [ 36.7585, 0.05138 ], [ 36.75852, 0.05144 ], [ 36.75854, 0.0515 ], [ 36.75853, 0.05163 ], [ 36.75857, 0.0517 ], [ 36.7586, 0.05175 ], [ 36.75862, 0.05179 ], [ 36.75868, 0.05182 ], [ 36.75878, 0.05182 ], [ 36.75883, 0.0518 ], [ 36.7589, 0.05175 ], [ 36.75893, 0.05171 ], [ 36.759, 0.0517 ], [ 36.75909, 0.05176 ], [ 36.75917, 0.0518 ], [ 36.75923, 0.05187 ], [ 36.75931, 0.05194 ], [ 36.75936, 0.05195 ], [ 36.7594, 0.05195 ], [ 36.75952, 0.05194 ], [ 36.75962, 0.05186 ], [ 36.75968, 0.05179 ], [ 36.75981, 0.05171 ], [ 36.75989, 0.05167 ], [ 36.75999, 0.05168 ], [ 36.76006, 0.05169 ], [ 36.76014, 0.05174 ], [ 36.76022, 0.05178 ], [ 36.76025, 0.05187 ], [ 36.76027, 0.05195 ], [ 36.76025, 0.05202 ], [ 36.76021, 0.05207 ], [ 36.76018, 0.05212 ], [ 36.76017, 0.0522 ], [ 36.76026, 0.05228 ], [ 36.76033, 0.05235 ], [ 36.76035, 0.05242 ], [ 36.76035, 0.0525 ], [ 36.76035, 0.05256 ], [ 36.76037, 0.05269 ], [ 36.76037, 0.05274 ], [ 36.76038, 0.05279 ], [ 36.76057, 0.05295 ], [ 36.76061, 0.05299 ], [ 36.76072, 0.05308 ], [ 36.76076, 0.05313 ], [ 36.76076, 0.05319 ], [ 36.76076, 0.05325 ], [ 36.76076, 0.05334 ], [ 36.76078, 0.05339 ], [ 36.76079, 0.05344 ], [ 36.76083, 0.05349 ], [ 36.76084, 0.05354 ], [ 36.76087, 0.05359 ], [ 36.76088, 0.05362 ], [ 36.7609, 0.05367 ], [ 36.76094, 0.05377 ], [ 36.76097, 0.05382 ], [ 36.76105, 0.05388 ], [ 36.76111, 0.05389 ], [ 36.7612, 0.05389 ], [ 36.76131, 0.05388 ], [ 36.76145, 0.05387 ], [ 36.76154, 0.05387 ], [ 36.76162, 0.05384 ], [ 36.76172, 0.05381 ], [ 36.76184, 0.05381 ], [ 36.76198, 0.0538 ], [ 36.76208, 0.0538 ], [ 36.76214, 0.05381 ], [ 36.76225, 0.05382 ], [ 36.76234, 0.05384 ], [ 36.76242, 0.05388 ], [ 36.76248, 0.05393 ], [ 36.7625, 0.05401 ], [ 36.76251, 0.05406 ], [ 36.76258, 0.05423 ], [ 36.76264, 0.05431 ], [ 36.76266, 0.05438 ], [ 36.76271, 0.05447 ], [ 36.76277, 0.05455 ], [ 36.7628, 0.05463 ], [ 36.7628, 0.05471 ], [ 36.7628, 0.0548 ], [ 36.7628, 0.05488 ], [ 36.76282, 0.05498 ], [ 36.76287, 0.05506 ], [ 36.76292, 0.05511 ], [ 36.76295, 0.05517 ], [ 36.76299, 0.05531 ], [ 36.76298, 0.05538 ], [ 36.76298, 0.05544 ], [ 36.76298, 0.05551 ], [ 36.76302, 0.05556 ], [ 36.76309, 0.0556 ], [ 36.76314, 0.05566 ], [ 36.76319, 0.05571 ], [ 36.76323, 0.05575 ], [ 36.76327, 0.05578 ], [ 36.76327, 0.05584 ], [ 36.76327, 0.05593 ], [ 36.76325, 0.05601 ], [ 36.7632, 0.05606 ], [ 36.76317, 0.05606 ], [ 36.76312, 0.05606 ], [ 36.76307, 0.0561 ], [ 36.763, 0.05614 ], [ 36.76296, 0.05622 ], [ 36.76296, 0.05637 ], [ 36.76299, 0.05647 ], [ 36.76301, 0.05654 ], [ 36.76305, 0.05659 ], [ 36.76312, 0.05664 ], [ 36.76327, 0.05671 ], [ 36.76333, 0.05671 ], [ 36.76342, 0.0567 ], [ 36.76357, 0.05657 ], [ 36.76369, 0.05655 ], [ 36.76376, 0.05657 ], [ 36.76381, 0.05663 ], [ 36.76382, 0.05675 ], [ 36.76379, 0.05678 ], [ 36.76377, 0.05681 ], [ 36.76374, 0.05683 ], [ 36.76371, 0.05689 ], [ 36.76371, 0.05693 ], [ 36.76371, 0.05699 ], [ 36.76369, 0.05705 ], [ 36.76365, 0.05708 ], [ 36.76362, 0.05711 ], [ 36.76357, 0.05711 ], [ 36.76352, 0.05712 ], [ 36.76346, 0.05715 ], [ 36.76341, 0.05717 ], [ 36.76337, 0.05722 ], [ 36.76336, 0.05727 ], [ 36.76339, 0.05732 ], [ 36.76342, 0.05738 ], [ 36.76346, 0.05743 ], [ 36.76348, 0.05753 ], [ 36.76352, 0.05756 ], [ 36.76357, 0.0576 ], [ 36.76361, 0.05764 ], [ 36.76369, 0.05766 ], [ 36.76372, 0.05768 ], [ 36.76377, 0.0577 ], [ 36.76381, 0.0577 ], [ 36.76383, 0.05769 ], [ 36.76387, 0.05761 ], [ 36.76389, 0.05759 ], [ 36.76396, 0.05757 ], [ 36.76401, 0.05758 ], [ 36.76403, 0.05762 ], [ 36.76413, 0.05774 ], [ 36.76415, 0.05779 ], [ 36.76425, 0.05791 ], [ 36.76433, 0.05796 ], [ 36.76438, 0.058 ], [ 36.76443, 0.05802 ], [ 36.76445, 0.05802 ], [ 36.76449, 0.05802 ], [ 36.76457, 0.05804 ], [ 36.7646, 0.05805 ], [ 36.76468, 0.05809 ], [ 36.76469, 0.0581 ], [ 36.7647, 0.05817 ], [ 36.76468, 0.0583 ], [ 36.76464, 0.05839 ], [ 36.76462, 0.05842 ], [ 36.76457, 0.05849 ], [ 36.76456, 0.05857 ], [ 36.76455, 0.05864 ], [ 36.76456, 0.05879 ], [ 36.76459, 0.05888 ], [ 36.76464, 0.05892 ], [ 36.76467, 0.05894 ], [ 36.7648, 0.05902 ], [ 36.76494, 0.05914 ], [ 36.76499, 0.05919 ], [ 36.76504, 0.05923 ], [ 36.76507, 0.05926 ], [ 36.7651, 0.05933 ], [ 36.7651, 0.05939 ], [ 36.76507, 0.05944 ], [ 36.76504, 0.05948 ], [ 36.76501, 0.0595 ], [ 36.76495, 0.05957 ], [ 36.7649, 0.05961 ], [ 36.7649, 0.05966 ], [ 36.7649, 0.05971 ], [ 36.76491, 0.05975 ], [ 36.76496, 0.05983 ], [ 36.76504, 0.05988 ], [ 36.76511, 0.05991 ], [ 36.76518, 0.05994 ], [ 36.76525, 0.05998 ], [ 36.76529, 0.06005 ], [ 36.76532, 0.06011 ], [ 36.76537, 0.06024 ], [ 36.76537, 0.06031 ], [ 36.76537, 0.0604 ], [ 36.76537, 0.06042 ], [ 36.76536, 0.06055 ], [ 36.76534, 0.06062 ], [ 36.76531, 0.0607 ], [ 36.76528, 0.06075 ], [ 36.76525, 0.06076 ], [ 36.7652, 0.06077 ], [ 36.76516, 0.06077 ], [ 36.7651, 0.06078 ], [ 36.76506, 0.06082 ], [ 36.76504, 0.06087 ], [ 36.76503, 0.06094 ], [ 36.76503, 0.061 ], [ 36.76503, 0.06105 ], [ 36.76504, 0.0611 ], [ 36.76508, 0.06132 ], [ 36.7651, 0.06138 ], [ 36.76514, 0.06146 ], [ 36.76517, 0.06155 ], [ 36.76519, 0.06163 ], [ 36.76532, 0.06182 ], [ 36.76538, 0.0619 ], [ 36.76543, 0.06196 ], [ 36.76544, 0.062 ], [ 36.7655, 0.06206 ], [ 36.7656, 0.06216 ], [ 36.76569, 0.06226 ], [ 36.76573, 0.06229 ], [ 36.76577, 0.06233 ], [ 36.76582, 0.06235 ], [ 36.76589, 0.06238 ], [ 36.76604, 0.06245 ], [ 36.76618, 0.06249 ], [ 36.76646, 0.0626 ], [ 36.76656, 0.06264 ], [ 36.76667, 0.06265 ], [ 36.76672, 0.06266 ], [ 36.76677, 0.0627 ], [ 36.76682, 0.06274 ], [ 36.76684, 0.06278 ], [ 36.76684, 0.06283 ], [ 36.76684, 0.06288 ], [ 36.76681, 0.06294 ], [ 36.76679, 0.06313 ], [ 36.76679, 0.06325 ], [ 36.76679, 0.06332 ], [ 36.76676, 0.06341 ], [ 36.76676, 0.06345 ], [ 36.76676, 0.06359 ], [ 36.76681, 0.06375 ], [ 36.76685, 0.06383 ], [ 36.76688, 0.0639 ], [ 36.76691, 0.06397 ], [ 36.76696, 0.06405 ], [ 36.767, 0.0641 ], [ 36.76703, 0.06416 ], [ 36.76708, 0.06422 ], [ 36.76711, 0.06427 ], [ 36.76714, 0.06432 ], [ 36.76716, 0.06437 ], [ 36.76717, 0.06443 ], [ 36.7672, 0.06451 ], [ 36.7672, 0.0646 ], [ 36.7672, 0.06464 ], [ 36.76717, 0.06472 ], [ 36.76713, 0.06479 ], [ 36.76713, 0.06485 ], [ 36.76714, 0.06491 ], [ 36.76717, 0.06496 ], [ 36.76722, 0.06502 ], [ 36.76729, 0.06505 ], [ 36.76736, 0.06511 ], [ 36.76743, 0.06513 ], [ 36.76763, 0.06521 ], [ 36.76766, 0.06525 ], [ 36.76767, 0.06532 ], [ 36.76766, 0.06555 ], [ 36.76769, 0.06567 ], [ 36.76778, 0.0658 ], [ 36.7678, 0.06584 ], [ 36.7678, 0.06593 ], [ 36.76779, 0.06597 ], [ 36.7678, 0.06605 ], [ 36.76785, 0.06611 ], [ 36.76793, 0.06623 ], [ 36.76797, 0.06628 ], [ 36.76799, 0.06632 ], [ 36.76799, 0.06638 ], [ 36.76799, 0.06641 ], [ 36.76797, 0.06646 ], [ 36.76789, 0.0665 ], [ 36.76784, 0.06651 ], [ 36.7678, 0.06654 ], [ 36.76778, 0.06658 ], [ 36.76776, 0.06665 ], [ 36.76776, 0.06673 ], [ 36.76773, 0.06681 ], [ 36.76772, 0.06694 ], [ 36.76772, 0.06698 ], [ 36.76772, 0.06709 ], [ 36.7677, 0.06751 ], [ 36.7677, 0.06764 ], [ 36.7677, 0.06774 ], [ 36.76772, 0.06782 ], [ 36.76772, 0.0679 ], [ 36.76776, 0.06803 ], [ 36.76785, 0.06813 ], [ 36.76789, 0.06821 ], [ 36.76798, 0.06837 ], [ 36.768, 0.06841 ], [ 36.76801, 0.06846 ], [ 36.76801, 0.06853 ], [ 36.76801, 0.06859 ], [ 36.76793, 0.0687 ], [ 36.76785, 0.06879 ], [ 36.76781, 0.06888 ], [ 36.76776, 0.06895 ], [ 36.76775, 0.06903 ], [ 36.76773, 0.06916 ], [ 36.76773, 0.06922 ], [ 36.7678, 0.06938 ], [ 36.76785, 0.06945 ], [ 36.76798, 0.06961 ], [ 36.76809, 0.06969 ], [ 36.76817, 0.06977 ], [ 36.76825, 0.06981 ], [ 36.76832, 0.06987 ], [ 36.76839, 0.06993 ], [ 36.76862, 0.07005 ], [ 36.76869, 0.07008 ], [ 36.76881, 0.07019 ], [ 36.76886, 0.07024 ], [ 36.76891, 0.07031 ], [ 36.76893, 0.07038 ], [ 36.76894, 0.07045 ], [ 36.769, 0.07064 ], [ 36.769, 0.07072 ], [ 36.769, 0.07079 ], [ 36.769, 0.07086 ], [ 36.76903, 0.07091 ], [ 36.76905, 0.07097 ], [ 36.76909, 0.07102 ], [ 36.76914, 0.07106 ], [ 36.7692, 0.07109 ], [ 36.76926, 0.0711 ], [ 36.76932, 0.07114 ], [ 36.76947, 0.07123 ], [ 36.76956, 0.07126 ], [ 36.76963, 0.07128 ], [ 36.76975, 0.07128 ], [ 36.7698, 0.07128 ], [ 36.76998, 0.07127 ], [ 36.77003, 0.07127 ], [ 36.77009, 0.07128 ], [ 36.77016, 0.07128 ], [ 36.77023, 0.07129 ], [ 36.77027, 0.07134 ], [ 36.77032, 0.07138 ], [ 36.77036, 0.0714 ], [ 36.7704, 0.07144 ], [ 36.77049, 0.07158 ], [ 36.77056, 0.07167 ], [ 36.7706, 0.07177 ], [ 36.77063, 0.07183 ], [ 36.77064, 0.07189 ], [ 36.77069, 0.07196 ], [ 36.77071, 0.07205 ], [ 36.77075, 0.07213 ], [ 36.77081, 0.07242 ], [ 36.77084, 0.07249 ], [ 36.77084, 0.07256 ], [ 36.77083, 0.07263 ], [ 36.77079, 0.07269 ], [ 36.77071, 0.07284 ], [ 36.77062, 0.07292 ], [ 36.77054, 0.07298 ], [ 36.77047, 0.07306 ], [ 36.77045, 0.07321 ], [ 36.77045, 0.07338 ], [ 36.77044, 0.07343 ], [ 36.77044, 0.0736 ], [ 36.77044, 0.07392 ], [ 36.77045, 0.07397 ], [ 36.77045, 0.07404 ], [ 36.77045, 0.07408 ], [ 36.77048, 0.07416 ], [ 36.7705, 0.07423 ], [ 36.77051, 0.07427 ], [ 36.77054, 0.07432 ], [ 36.77056, 0.07435 ], [ 36.7706, 0.07441 ], [ 36.77064, 0.07444 ], [ 36.77068, 0.07447 ], [ 36.7707, 0.07449 ], [ 36.77072, 0.07453 ], [ 36.77075, 0.07459 ], [ 36.77075, 0.07464 ], [ 36.77079, 0.07494 ], [ 36.77084, 0.07503 ], [ 36.77094, 0.0751 ], [ 36.77098, 0.07513 ], [ 36.77103, 0.07514 ], [ 36.77108, 0.07519 ], [ 36.77111, 0.07524 ], [ 36.77115, 0.0753 ], [ 36.7712, 0.07551 ], [ 36.7712, 0.07558 ], [ 36.7712, 0.07563 ], [ 36.77086, 0.07645 ], [ 36.76955, 0.07712 ], [ 36.76712, 0.07803 ], [ 36.76488, 0.079 ], [ 36.76462, 0.07908 ], [ 36.76292, 0.0798 ], [ 36.76176, 0.08033 ], [ 36.7605, 0.08084 ], [ 36.75891, 0.08158 ], [ 36.758, 0.08192 ], [ 36.75769, 0.08209 ], [ 36.76329, 0.08455 ], [ 36.76589, 0.0856 ], [ 36.7736, 0.08901 ], [ 36.77902, 0.09134 ], [ 36.78251, 0.09277 ], [ 36.79002, 0.09556 ], [ 36.79303, 0.09681 ], [ 36.8054, 0.10129 ], [ 36.80575, 0.1014 ], [ 36.81101, 0.10318 ], [ 36.81097, 0.1034 ], [ 36.81094, 0.10355 ], [ 36.81041, 0.10625 ], [ 36.80895, 0.11376 ], [ 36.80793, 0.12256 ], [ 36.80662, 0.12974 ], [ 36.80658, 0.12996 ], [ 36.80651, 0.13036 ], [ 36.80651, 0.13037 ], [ 36.80649, 0.13045 ], [ 36.79988, 0.13115 ], [ 36.79659, 0.13155 ], [ 36.79483, 0.13176 ], [ 36.78664, 0.13278 ], [ 36.78269, 0.13321 ], [ 36.77961, 0.13355 ], [ 36.77638, 0.13392 ], [ 36.77566, 0.13402 ], [ 36.77557, 0.13403 ], [ 36.77179, 0.13447 ], [ 36.77157, 0.1345 ], [ 36.7643, 0.13541 ], [ 36.76346, 0.13548 ], [ 36.76164, 0.13572 ], [ 36.75942, 0.13598 ], [ 36.75677, 0.13623 ], [ 36.75617, 0.1363 ], [ 36.75448, 0.13652 ], [ 36.75398, 0.13657 ], [ 36.75177, 0.13684 ], [ 36.75108, 0.137 ], [ 36.75073, 0.13712 ], [ 36.75063, 0.1372 ], [ 36.74867, 0.13743 ], [ 36.74476, 0.13782 ], [ 36.74473, 0.13782 ], [ 36.74382, 0.13793 ], [ 36.74279, 0.13802 ], [ 36.74195, 0.1381 ], [ 36.74183, 0.13811 ], [ 36.73758, 0.13853 ], [ 36.73477, 0.13871 ], [ 36.73244, 0.13894 ], [ 36.72802, 0.13937 ], [ 36.72515, 0.13981 ], [ 36.72369, 0.13992 ], [ 36.72272, 0.13999 ], [ 36.72233, 0.14007 ], [ 36.72082, 0.14045 ], [ 36.721, 0.14082 ], [ 36.72105, 0.14106 ], [ 36.72127, 0.14136 ], [ 36.72134, 0.14145 ], [ 36.72142, 0.14159 ], [ 36.72194, 0.14253 ], [ 36.72224, 0.14306 ], [ 36.72231, 0.14323 ], [ 36.72261, 0.14395 ], [ 36.72282, 0.14467 ], [ 36.72291, 0.14501 ], [ 36.72341, 0.1461 ], [ 36.72362, 0.14659 ], [ 36.72371, 0.14679 ], [ 36.72399, 0.1473 ], [ 36.72417, 0.14799 ], [ 36.72421, 0.14837 ], [ 36.72431, 0.14921 ], [ 36.72431, 0.14922 ], [ 36.7245, 0.15148 ], [ 36.72452, 0.15165 ], [ 36.72452, 0.15168 ], [ 36.72447, 0.15193 ], [ 36.72443, 0.15207 ], [ 36.72437, 0.15217 ], [ 36.72431, 0.15226 ], [ 36.72412, 0.15248 ], [ 36.72406, 0.15267 ], [ 36.72259, 0.15421 ], [ 36.71628, 0.16202 ], [ 36.71625, 0.16206 ], [ 36.7162, 0.16212 ], [ 36.71455, 0.16418 ], [ 36.71341, 0.16561 ], [ 36.71084, 0.16867 ], [ 36.71056, 0.169 ], [ 36.70776, 0.17236 ], [ 36.70421, 0.1766 ], [ 36.70064, 0.18097 ], [ 36.6983, 0.1837 ], [ 36.69817, 0.18385 ], [ 36.69774, 0.18434 ], [ 36.69711, 0.18509 ], [ 36.69762, 0.186 ], [ 36.69765, 0.1862 ], [ 36.69767, 0.18634 ], [ 36.69788, 0.18702 ], [ 36.69792, 0.18721 ], [ 36.69793, 0.18726 ], [ 36.69794, 0.1873 ], [ 36.69795, 0.18732 ], [ 36.69801, 0.18741 ], [ 36.69812, 0.18775 ], [ 36.69815, 0.18784 ], [ 36.69815, 0.18796 ], [ 36.6981, 0.18812 ], [ 36.69806, 0.18829 ], [ 36.69805, 0.18836 ], [ 36.69803, 0.18843 ], [ 36.69801, 0.18856 ], [ 36.69793, 0.18866 ], [ 36.69792, 0.18873 ], [ 36.69789, 0.18881 ], [ 36.69788, 0.18886 ], [ 36.69786, 0.18892 ], [ 36.69782, 0.18907 ], [ 36.69784, 0.1891 ], [ 36.69788, 0.18921 ], [ 36.69793, 0.18927 ], [ 36.69795, 0.18929 ], [ 36.698, 0.18935 ], [ 36.69803, 0.18939 ], [ 36.69814, 0.18951 ], [ 36.69816, 0.18954 ], [ 36.6982, 0.1896 ], [ 36.69831, 0.18968 ], [ 36.69837, 0.18968 ], [ 36.69853, 0.18968 ], [ 36.6986, 0.18968 ], [ 36.69875, 0.18968 ], [ 36.69883, 0.18968 ], [ 36.69893, 0.18972 ], [ 36.69897, 0.18976 ], [ 36.699, 0.18977 ], [ 36.69902, 0.18978 ], [ 36.69923, 0.19008 ], [ 36.69923, 0.19008 ], [ 36.69935, 0.19025 ], [ 36.69938, 0.19038 ], [ 36.69938, 0.19047 ], [ 36.69938, 0.19055 ], [ 36.69935, 0.19082 ], [ 36.69937, 0.19093 ], [ 36.69939, 0.19099 ], [ 36.69941, 0.19106 ], [ 36.69944, 0.19116 ], [ 36.69951, 0.19147 ], [ 36.69958, 0.19176 ], [ 36.69962, 0.19198 ], [ 36.69962, 0.19208 ], [ 36.6998, 0.19246 ], [ 36.69994, 0.19263 ], [ 36.70002, 0.19275 ], [ 36.70011, 0.19288 ], [ 36.70023, 0.19308 ], [ 36.70028, 0.19316 ], [ 36.70028, 0.19324 ], [ 36.70031, 0.19334 ], [ 36.70029, 0.19345 ], [ 36.70028, 0.19351 ], [ 36.70027, 0.19352 ], [ 36.70023, 0.19358 ], [ 36.70021, 0.19362 ], [ 36.70019, 0.19366 ], [ 36.70016, 0.19375 ], [ 36.70016, 0.19384 ], [ 36.70009, 0.19533 ], [ 36.70018, 0.19576 ], [ 36.70015, 0.19598 ], [ 36.70015, 0.19598 ], [ 36.70015, 0.19615 ], [ 36.7, 0.19646 ], [ 36.6999, 0.19657 ], [ 36.6999, 0.19657 ], [ 36.6998, 0.19667 ], [ 36.69975, 0.19675 ], [ 36.69971, 0.19688 ], [ 36.6997, 0.19692 ], [ 36.69961, 0.19759 ], [ 36.69957, 0.19772 ], [ 36.69954, 0.1978 ], [ 36.69954, 0.19796 ], [ 36.69951, 0.19805 ], [ 36.69949, 0.19815 ], [ 36.69948, 0.19821 ], [ 36.69945, 0.19826 ], [ 36.69941, 0.19834 ], [ 36.69938, 0.19841 ], [ 36.69936, 0.19845 ], [ 36.69933, 0.19849 ], [ 36.69928, 0.19856 ], [ 36.69919, 0.19866 ], [ 36.69912, 0.1987 ], [ 36.69901, 0.19876 ], [ 36.69891, 0.19884 ], [ 36.69884, 0.19889 ], [ 36.69873, 0.19896 ], [ 36.69872, 0.19898 ], [ 36.69866, 0.19905 ], [ 36.69855, 0.19918 ], [ 36.69852, 0.19927 ], [ 36.69849, 0.19934 ], [ 36.69847, 0.19955 ], [ 36.69844, 0.19987 ], [ 36.69841, 0.19999 ], [ 36.69841, 0.20008 ], [ 36.69839, 0.20011 ], [ 36.69836, 0.20018 ], [ 36.69834, 0.20024 ], [ 36.69832, 0.20029 ], [ 36.69837, 0.2005 ], [ 36.69838, 0.20057 ], [ 36.6984, 0.20061 ], [ 36.69842, 0.20068 ], [ 36.69842, 0.20083 ], [ 36.69844, 0.20086 ], [ 36.69847, 0.20092 ], [ 36.6985, 0.201 ], [ 36.69851, 0.20107 ], [ 36.69851, 0.20108 ], [ 36.69851, 0.20108 ], [ 36.69851, 0.20122 ], [ 36.6985, 0.20125 ], [ 36.69844, 0.20134 ], [ 36.6984, 0.20151 ], [ 36.6984, 0.20151 ], [ 36.69829, 0.20263 ], [ 36.69832, 0.20306 ], [ 36.69837, 0.20338 ], [ 36.69838, 0.2035 ], [ 36.6984, 0.20386 ], [ 36.69842, 0.20455 ], [ 36.69855, 0.20515 ], [ 36.69878, 0.20654 ], [ 36.69885, 0.207 ], [ 36.69884, 0.20759 ], [ 36.69884, 0.20778 ], [ 36.69883, 0.20794 ], [ 36.69882, 0.20799 ], [ 36.6988, 0.20805 ], [ 36.69874, 0.20813 ], [ 36.6987, 0.2082 ], [ 36.69863, 0.20828 ], [ 36.69855, 0.20849 ], [ 36.69851, 0.20857 ], [ 36.69846, 0.20867 ], [ 36.69837, 0.20879 ], [ 36.69828, 0.20884 ], [ 36.6982, 0.20888 ], [ 36.69815, 0.20892 ], [ 36.69811, 0.20896 ], [ 36.69801, 0.20909 ], [ 36.69795, 0.20917 ], [ 36.69793, 0.20922 ], [ 36.6979, 0.20927 ], [ 36.69788, 0.20941 ], [ 36.69785, 0.20946 ], [ 36.69784, 0.20949 ], [ 36.69773, 0.20962 ], [ 36.6977, 0.20965 ], [ 36.69766, 0.20969 ], [ 36.69761, 0.20973 ], [ 36.69759, 0.20975 ], [ 36.69753, 0.20981 ], [ 36.69741, 0.20993 ], [ 36.69729, 0.21001 ], [ 36.69719, 0.2101 ], [ 36.69706, 0.21024 ], [ 36.69685, 0.21043 ], [ 36.69669, 0.2105 ], [ 36.69655, 0.21064 ], [ 36.69646, 0.21075 ], [ 36.69642, 0.21088 ], [ 36.6963, 0.21117 ], [ 36.69629, 0.21123 ], [ 36.69625, 0.21143 ], [ 36.69624, 0.2115 ], [ 36.69623, 0.2116 ], [ 36.69623, 0.21171 ], [ 36.69625, 0.21178 ], [ 36.69626, 0.21181 ], [ 36.69629, 0.21189 ], [ 36.69629, 0.2119 ], [ 36.69629, 0.2119 ], [ 36.6963, 0.21196 ], [ 36.69645, 0.21214 ], [ 36.69663, 0.21235 ], [ 36.69671, 0.21259 ], [ 36.69694, 0.21293 ], [ 36.69701, 0.21304 ], [ 36.69703, 0.21327 ], [ 36.69704, 0.21346 ], [ 36.69704, 0.21357 ], [ 36.69699, 0.21383 ], [ 36.69697, 0.21394 ], [ 36.69695, 0.21398 ], [ 36.69691, 0.21407 ], [ 36.69689, 0.21439 ], [ 36.69688, 0.2149 ], [ 36.69688, 0.2149 ], [ 36.69689, 0.21509 ], [ 36.69691, 0.21521 ], [ 36.69694, 0.21525 ], [ 36.69695, 0.21529 ], [ 36.69698, 0.21534 ], [ 36.69706, 0.21539 ], [ 36.69718, 0.21547 ], [ 36.69728, 0.21554 ], [ 36.69735, 0.21558 ], [ 36.69742, 0.21563 ], [ 36.69747, 0.21565 ], [ 36.69749, 0.21565 ], [ 36.69754, 0.21569 ], [ 36.69756, 0.21571 ], [ 36.69756, 0.21571 ], [ 36.69771, 0.21574 ], [ 36.69771, 0.21574 ], [ 36.69779, 0.21572 ], [ 36.69783, 0.21571 ], [ 36.69789, 0.21571 ], [ 36.69793, 0.21567 ], [ 36.69798, 0.21563 ], [ 36.69807, 0.21552 ], [ 36.69827, 0.21534 ], [ 36.69833, 0.21533 ], [ 36.69836, 0.21533 ], [ 36.69836, 0.21533 ], [ 36.69838, 0.21533 ], [ 36.69838, 0.21533 ], [ 36.69853, 0.21533 ], [ 36.69853, 0.21533 ], [ 36.69863, 0.21535 ], [ 36.69871, 0.21542 ], [ 36.69902, 0.21548 ], [ 36.69928, 0.21559 ], [ 36.6998, 0.21581 ], [ 36.69994, 0.21588 ], [ 36.70005, 0.21594 ], [ 36.70018, 0.21606 ], [ 36.70022, 0.21612 ], [ 36.70024, 0.21616 ], [ 36.70036, 0.21625 ], [ 36.70046, 0.2164 ], [ 36.70057, 0.2165 ], [ 36.70071, 0.21662 ], [ 36.70074, 0.21667 ], [ 36.70079, 0.21679 ], [ 36.7008, 0.21685 ], [ 36.7008, 0.21692 ], [ 36.70086, 0.21737 ], [ 36.70087, 0.21747 ], [ 36.70087, 0.2176 ], [ 36.70087, 0.21773 ], [ 36.70085, 0.21778 ], [ 36.70083, 0.21785 ], [ 36.70068, 0.21798 ], [ 36.70065, 0.21802 ], [ 36.70065, 0.21803 ], [ 36.70062, 0.21816 ], [ 36.70063, 0.21832 ], [ 36.70065, 0.21846 ], [ 36.70067, 0.2185 ], [ 36.7007, 0.21857 ], [ 36.70074, 0.21867 ], [ 36.70074, 0.21867 ], [ 36.70084, 0.21874 ], [ 36.70088, 0.21876 ], [ 36.70088, 0.21876 ], [ 36.70096, 0.2188 ], [ 36.70098, 0.21884 ], [ 36.70102, 0.21893 ], [ 36.70102, 0.219 ], [ 36.70102, 0.21911 ], [ 36.70102, 0.21922 ], [ 36.70115, 0.21942 ], [ 36.70119, 0.21954 ], [ 36.70121, 0.21962 ], [ 36.70119, 0.21967 ], [ 36.70117, 0.21977 ], [ 36.70117, 0.21981 ], [ 36.70117, 0.21988 ], [ 36.70118, 0.21995 ], [ 36.70119, 0.22 ], [ 36.70123, 0.22004 ], [ 36.70124, 0.22006 ], [ 36.70145, 0.22021 ], [ 36.70147, 0.22023 ], [ 36.7017, 0.2204 ], [ 36.70173, 0.22045 ], [ 36.70186, 0.22063 ], [ 36.70187, 0.22071 ], [ 36.70189, 0.2208 ], [ 36.70193, 0.22089 ], [ 36.70196, 0.22096 ], [ 36.70207, 0.22108 ], [ 36.70223, 0.22127 ], [ 36.70238, 0.22136 ], [ 36.70248, 0.22139 ], [ 36.70261, 0.22141 ], [ 36.70277, 0.22145 ], [ 36.70287, 0.22146 ], [ 36.70331, 0.22165 ], [ 36.70344, 0.22173 ], [ 36.70361, 0.22184 ], [ 36.70368, 0.2219 ], [ 36.70377, 0.22197 ], [ 36.7038, 0.22201 ], [ 36.70383, 0.22204 ], [ 36.70387, 0.22208 ], [ 36.7039, 0.22212 ], [ 36.70399, 0.22227 ], [ 36.70403, 0.2224 ], [ 36.7041, 0.22248 ], [ 36.7041, 0.22248 ], [ 36.7041, 0.22248 ], [ 36.70423, 0.22248 ], [ 36.70423, 0.22248 ], [ 36.7043, 0.22248 ], [ 36.70434, 0.22247 ], [ 36.70439, 0.22247 ], [ 36.70444, 0.22247 ], [ 36.70448, 0.22248 ], [ 36.70456, 0.22249 ], [ 36.70466, 0.22254 ], [ 36.7048, 0.2226 ], [ 36.70501, 0.22269 ], [ 36.70508, 0.2227 ], [ 36.70511, 0.2227 ], [ 36.70514, 0.22271 ], [ 36.70521, 0.22271 ], [ 36.70531, 0.22271 ], [ 36.70533, 0.22271 ], [ 36.7054, 0.22271 ], [ 36.70548, 0.2227 ], [ 36.70556, 0.22266 ], [ 36.70565, 0.22258 ], [ 36.70598, 0.22241 ], [ 36.70598, 0.22241 ], [ 36.70614, 0.22242 ], [ 36.7062, 0.22243 ], [ 36.7062, 0.22243 ], [ 36.70625, 0.22246 ], [ 36.70626, 0.22247 ], [ 36.70629, 0.22248 ], [ 36.70642, 0.22253 ], [ 36.70669, 0.22273 ], [ 36.70694, 0.22291 ], [ 36.7071, 0.22306 ], [ 36.70712, 0.22308 ], [ 36.70712, 0.22308 ], [ 36.70715, 0.22311 ], [ 36.70729, 0.22325 ], [ 36.70745, 0.22356 ], [ 36.70747, 0.22361 ], [ 36.70747, 0.22361 ], [ 36.70749, 0.22365 ], [ 36.70755, 0.22377 ], [ 36.70757, 0.2239 ], [ 36.70758, 0.22391 ], [ 36.70758, 0.22391 ], [ 36.70759, 0.22396 ], [ 36.70762, 0.22403 ], [ 36.70766, 0.22415 ], [ 36.70768, 0.2242 ], [ 36.7077, 0.22423 ], [ 36.70773, 0.2243 ], [ 36.70772, 0.22436 ], [ 36.70771, 0.22444 ], [ 36.70769, 0.2245 ], [ 36.70768, 0.22455 ], [ 36.70764, 0.22466 ], [ 36.70762, 0.22483 ], [ 36.7076, 0.22492 ], [ 36.7076, 0.22508 ], [ 36.70761, 0.22515 ], [ 36.70762, 0.22521 ], [ 36.70765, 0.2253 ], [ 36.70767, 0.22535 ], [ 36.70769, 0.22545 ], [ 36.70773, 0.22561 ], [ 36.70773, 0.22561 ], [ 36.7078, 0.22579 ], [ 36.70781, 0.22581 ], [ 36.70781, 0.22602 ], [ 36.70781, 0.22602 ], [ 36.7078, 0.2262 ], [ 36.70778, 0.22641 ], [ 36.70772, 0.22656 ], [ 36.70771, 0.2266 ], [ 36.7077, 0.22662 ], [ 36.70769, 0.2267 ], [ 36.70767, 0.22691 ], [ 36.70762, 0.22711 ], [ 36.70759, 0.22723 ], [ 36.70759, 0.22723 ], [ 36.70759, 0.22724 ], [ 36.70751, 0.22736 ], [ 36.70746, 0.22739 ], [ 36.70742, 0.22742 ], [ 36.7073, 0.22755 ], [ 36.70719, 0.22758 ], [ 36.70685, 0.22758 ], [ 36.70685, 0.22758 ], [ 36.70675, 0.22762 ], [ 36.70661, 0.22767 ], [ 36.70655, 0.22769 ], [ 36.7065, 0.22774 ], [ 36.70647, 0.22777 ], [ 36.70643, 0.22783 ], [ 36.70641, 0.22786 ], [ 36.7064, 0.22789 ], [ 36.70638, 0.22795 ], [ 36.70637, 0.22801 ], [ 36.70624, 0.22812 ], [ 36.70618, 0.22816 ], [ 36.70615, 0.22817 ], [ 36.7061, 0.22817 ], [ 36.70605, 0.22817 ], [ 36.70604, 0.22817 ], [ 36.70596, 0.22815 ], [ 36.70589, 0.22814 ], [ 36.70586, 0.22814 ], [ 36.70586, 0.22814 ], [ 36.70586, 0.22814 ], [ 36.70576, 0.22816 ], [ 36.70561, 0.22828 ], [ 36.70556, 0.22832 ], [ 36.70556, 0.22832 ], [ 36.70554, 0.22834 ], [ 36.70539, 0.22847 ], [ 36.70539, 0.22854 ], [ 36.70538, 0.22859 ], [ 36.70538, 0.2286 ], [ 36.70533, 0.22868 ], [ 36.7053, 0.22873 ], [ 36.7053, 0.22889 ], [ 36.70531, 0.22903 ], [ 36.70527, 0.22983 ], [ 36.70521, 0.23003 ], [ 36.70504, 0.23031 ], [ 36.70501, 0.23036 ], [ 36.705, 0.2305 ], [ 36.705, 0.23062 ], [ 36.70499, 0.2307 ], [ 36.70498, 0.2307 ], [ 36.70494, 0.23076 ], [ 36.70482, 0.2309 ], [ 36.70475, 0.23098 ], [ 36.70475, 0.23098 ], [ 36.70474, 0.23102 ], [ 36.7047, 0.2311 ], [ 36.70468, 0.23123 ], [ 36.70467, 0.23132 ], [ 36.70466, 0.23137 ], [ 36.70461, 0.23145 ], [ 36.70461, 0.23145 ], [ 36.70452, 0.23155 ], [ 36.70445, 0.23175 ], [ 36.70444, 0.23176 ], [ 36.7044, 0.23196 ], [ 36.7044, 0.23206 ], [ 36.70441, 0.23208 ], [ 36.70446, 0.23218 ], [ 36.70439, 0.23246 ], [ 36.70431, 0.23258 ], [ 36.70429, 0.23261 ], [ 36.70427, 0.23262 ], [ 36.70422, 0.23267 ], [ 36.70414, 0.23268 ], [ 36.70403, 0.23268 ], [ 36.70392, 0.23272 ], [ 36.70382, 0.23282 ], [ 36.70373, 0.23291 ], [ 36.70368, 0.23297 ], [ 36.70364, 0.23305 ], [ 36.70356, 0.23315 ], [ 36.70356, 0.23326 ], [ 36.70357, 0.23336 ], [ 36.7036, 0.2335 ], [ 36.7036, 0.23366 ], [ 36.7036, 0.23378 ], [ 36.7036, 0.23379 ], [ 36.70361, 0.23389 ], [ 36.70362, 0.23395 ], [ 36.70364, 0.23402 ], [ 36.70368, 0.23413 ], [ 36.70369, 0.23419 ], [ 36.70371, 0.23429 ], [ 36.70371, 0.2343 ], [ 36.70369, 0.23436 ], [ 36.70366, 0.23444 ], [ 36.70357, 0.23447 ], [ 36.70354, 0.23449 ], [ 36.70349, 0.23451 ], [ 36.70336, 0.23445 ], [ 36.70336, 0.23445 ], [ 36.70335, 0.23445 ], [ 36.7033, 0.23446 ], [ 36.70323, 0.23447 ], [ 36.70323, 0.23447 ], [ 36.70312, 0.23452 ], [ 36.70304, 0.23461 ], [ 36.70297, 0.23471 ], [ 36.70288, 0.23487 ], [ 36.70272, 0.23512 ], [ 36.70261, 0.2353 ], [ 36.70251, 0.23544 ], [ 36.70249, 0.23547 ], [ 36.70244, 0.23557 ], [ 36.70241, 0.23569 ], [ 36.70241, 0.2357 ], [ 36.70241, 0.23579 ], [ 36.70241, 0.23592 ], [ 36.7024, 0.23598 ], [ 36.70238, 0.23607 ], [ 36.70227, 0.23622 ], [ 36.70216, 0.23642 ], [ 36.70206, 0.23659 ], [ 36.70199, 0.23665 ], [ 36.70188, 0.23678 ], [ 36.70162, 0.23712 ], [ 36.70149, 0.23729 ], [ 36.70148, 0.2376 ], [ 36.70156, 0.23776 ], [ 36.70167, 0.23798 ], [ 36.70178, 0.23821 ], [ 36.70181, 0.23828 ], [ 36.70184, 0.23835 ], [ 36.70184, 0.23872 ], [ 36.70184, 0.23877 ], [ 36.70184, 0.23891 ], [ 36.70184, 0.23911 ], [ 36.70184, 0.23925 ], [ 36.70187, 0.2394 ], [ 36.70191, 0.23958 ], [ 36.70201, 0.23973 ], [ 36.70204, 0.23989 ], [ 36.70214, 0.23999 ], [ 36.70226, 0.2401 ], [ 36.70235, 0.24014 ], [ 36.70241, 0.24016 ], [ 36.70243, 0.24017 ], [ 36.70244, 0.24021 ], [ 36.70247, 0.24028 ], [ 36.70248, 0.24041 ], [ 36.70248, 0.24053 ], [ 36.70247, 0.24071 ], [ 36.70239, 0.2408 ], [ 36.70239, 0.2408 ], [ 36.70218, 0.24096 ], [ 36.70218, 0.24097 ], [ 36.70206, 0.24105 ], [ 36.70206, 0.24105 ], [ 36.70188, 0.24112 ], [ 36.7018, 0.24117 ], [ 36.70173, 0.2412 ], [ 36.70169, 0.24123 ], [ 36.7016, 0.24131 ], [ 36.7016, 0.24131 ], [ 36.70152, 0.2414 ], [ 36.70149, 0.24144 ], [ 36.70148, 0.24182 ], [ 36.70146, 0.24189 ], [ 36.70141, 0.2421 ], [ 36.70134, 0.24228 ], [ 36.70122, 0.24245 ], [ 36.7012, 0.2425 ], [ 36.70115, 0.24262 ], [ 36.70104, 0.24281 ], [ 36.70103, 0.24283 ], [ 36.70097, 0.24296 ], [ 36.7009, 0.24306 ], [ 36.70088, 0.2431 ], [ 36.70081, 0.24324 ], [ 36.7007, 0.24348 ], [ 36.70059, 0.24376 ], [ 36.70057, 0.24396 ], [ 36.70055, 0.24406 ], [ 36.70054, 0.24414 ], [ 36.70054, 0.24426 ], [ 36.70054, 0.24428 ], [ 36.7004, 0.2447 ], [ 36.70039, 0.24473 ], [ 36.70035, 0.24485 ], [ 36.70015, 0.24514 ], [ 36.70008, 0.24526 ], [ 36.70006, 0.2453 ], [ 36.70004, 0.24534 ], [ 36.69998, 0.24543 ], [ 36.69998, 0.24548 ], [ 36.69997, 0.24553 ], [ 36.69996, 0.24565 ], [ 36.69996, 0.24574 ], [ 36.69996, 0.24576 ], [ 36.70019, 0.24617 ], [ 36.70025, 0.24624 ], [ 36.70026, 0.24625 ], [ 36.70033, 0.2464 ], [ 36.70058, 0.24666 ], [ 36.7008, 0.2468 ], [ 36.70085, 0.24686 ], [ 36.70089, 0.24692 ], [ 36.70096, 0.24696 ], [ 36.70113, 0.24705 ], [ 36.70113, 0.24705 ], [ 36.70124, 0.24713 ], [ 36.70131, 0.24714 ], [ 36.70148, 0.24718 ], [ 36.70156, 0.24723 ], [ 36.70166, 0.24729 ], [ 36.70195, 0.24744 ], [ 36.70196, 0.24744 ], [ 36.70196, 0.24744 ], [ 36.70331, 0.24825 ], [ 36.70446, 0.24943 ], [ 36.70474, 0.24972 ], [ 36.70479, 0.24985 ], [ 36.70479, 0.24998 ], [ 36.70479, 0.25012 ], [ 36.70479, 0.25024 ], [ 36.70479, 0.25042 ], [ 36.70479, 0.25063 ], [ 36.70479, 0.25071 ], [ 36.70479, 0.2509 ], [ 36.70479, 0.25111 ], [ 36.70478, 0.25134 ], [ 36.70474, 0.25181 ], [ 36.70473, 0.25198 ], [ 36.70473, 0.2524 ], [ 36.70492, 0.25358 ], [ 36.70539, 0.2546 ], [ 36.70564, 0.25514 ], [ 36.70565, 0.25539 ], [ 36.70565, 0.25551 ], [ 36.70564, 0.25555 ], [ 36.70561, 0.25564 ], [ 36.70561, 0.25564 ], [ 36.70555, 0.25572 ], [ 36.70555, 0.25573 ], [ 36.70555, 0.25573 ], [ 36.70551, 0.25582 ], [ 36.70543, 0.25592 ], [ 36.70539, 0.25603 ], [ 36.70539, 0.25612 ], [ 36.70539, 0.25626 ], [ 36.70544, 0.25637 ], [ 36.70546, 0.25641 ], [ 36.70553, 0.25647 ], [ 36.70571, 0.25665 ], [ 36.7059, 0.25683 ], [ 36.70591, 0.2569 ], [ 36.70592, 0.25695 ], [ 36.70592, 0.25695 ], [ 36.70594, 0.25698 ], [ 36.70599, 0.25709 ], [ 36.706, 0.2572 ], [ 36.706, 0.25728 ], [ 36.706, 0.25742 ], [ 36.706, 0.2576 ], [ 36.70598, 0.25768 ], [ 36.70595, 0.25784 ], [ 36.7058, 0.2584 ], [ 36.70543, 0.25974 ], [ 36.70481, 0.26204 ], [ 36.70479, 0.2621 ], [ 36.70478, 0.26215 ], [ 36.70477, 0.26222 ], [ 36.70475, 0.26228 ], [ 36.70475, 0.26229 ], [ 36.70469, 0.26239 ], [ 36.70468, 0.26244 ], [ 36.70466, 0.26248 ], [ 36.70464, 0.26254 ], [ 36.70464, 0.26254 ], [ 36.70462, 0.26262 ], [ 36.7046, 0.26274 ], [ 36.70461, 0.26288 ], [ 36.70462, 0.2629 ], [ 36.70465, 0.26296 ], [ 36.70471, 0.26308 ], [ 36.70475, 0.26317 ], [ 36.70478, 0.26319 ], [ 36.70482, 0.26323 ], [ 36.70485, 0.26325 ], [ 36.70489, 0.26328 ], [ 36.7049, 0.26328 ], [ 36.70497, 0.26332 ], [ 36.70505, 0.26336 ], [ 36.70516, 0.26344 ], [ 36.70524, 0.26348 ], [ 36.70524, 0.26348 ], [ 36.70534, 0.2635 ], [ 36.7054, 0.2635 ], [ 36.70544, 0.26356 ], [ 36.70552, 0.2636 ], [ 36.70556, 0.26363 ], [ 36.70556, 0.26363 ], [ 36.70563, 0.26375 ], [ 36.70568, 0.26383 ], [ 36.70568, 0.26383 ], [ 36.70569, 0.26392 ], [ 36.70569, 0.26395 ], [ 36.70568, 0.26402 ], [ 36.70566, 0.2641 ], [ 36.70563, 0.26419 ], [ 36.70556, 0.26425 ], [ 36.70552, 0.26429 ], [ 36.7055, 0.26431 ], [ 36.70544, 0.26438 ], [ 36.70539, 0.26444 ], [ 36.70535, 0.26452 ], [ 36.70534, 0.26454 ], [ 36.70534, 0.26462 ], [ 36.70534, 0.26471 ], [ 36.70535, 0.26512 ], [ 36.70535, 0.26556 ], [ 36.70537, 0.26573 ], [ 36.70538, 0.26578 ], [ 36.70539, 0.26586 ], [ 36.70551, 0.26607 ], [ 36.70555, 0.2662 ], [ 36.70556, 0.26623 ], [ 36.70559, 0.26629 ], [ 36.7056, 0.26635 ], [ 36.7056, 0.26635 ], [ 36.7056, 0.26639 ], [ 36.70561, 0.26649 ], [ 36.70563, 0.26658 ], [ 36.70564, 0.26664 ], [ 36.70578, 0.26677 ], [ 36.70588, 0.26689 ], [ 36.70591, 0.26694 ], [ 36.70604, 0.26708 ], [ 36.7061, 0.26713 ], [ 36.7061, 0.26713 ], [ 36.70617, 0.2672 ], [ 36.70621, 0.26725 ], [ 36.70624, 0.2673 ], [ 36.70631, 0.26735 ], [ 36.70642, 0.26743 ], [ 36.70651, 0.26752 ], [ 36.70659, 0.26758 ], [ 36.70672, 0.2677 ], [ 36.70675, 0.26774 ], [ 36.70677, 0.26777 ], [ 36.70686, 0.26786 ], [ 36.7069, 0.26791 ], [ 36.70693, 0.26807 ], [ 36.70697, 0.26817 ], [ 36.70698, 0.26821 ], [ 36.70699, 0.26834 ], [ 36.707, 0.26846 ], [ 36.707, 0.26859 ], [ 36.707, 0.2686 ], [ 36.707, 0.26872 ], [ 36.707, 0.26882 ], [ 36.70702, 0.26893 ], [ 36.70704, 0.26897 ], [ 36.70707, 0.26903 ], [ 36.70721, 0.26917 ], [ 36.70728, 0.26919 ], [ 36.70733, 0.26921 ], [ 36.70736, 0.26921 ], [ 36.70736, 0.26921 ], [ 36.70746, 0.26921 ], [ 36.70758, 0.26928 ], [ 36.7076, 0.26929 ], [ 36.70767, 0.26934 ], [ 36.7077, 0.26939 ], [ 36.70772, 0.26943 ], [ 36.70774, 0.26946 ], [ 36.70778, 0.26951 ], [ 36.7078, 0.26954 ], [ 36.70781, 0.26955 ], [ 36.70786, 0.26965 ], [ 36.70796, 0.26979 ], [ 36.70797, 0.2698 ], [ 36.70798, 0.26987 ], [ 36.70799, 0.26995 ], [ 36.70799, 0.27007 ], [ 36.70799, 0.27015 ], [ 36.70799, 0.27025 ], [ 36.70799, 0.27038 ], [ 36.70788, 0.27072 ], [ 36.70787, 0.27079 ], [ 36.70786, 0.27085 ], [ 36.70786, 0.27089 ], [ 36.70786, 0.27095 ], [ 36.70786, 0.27114 ], [ 36.70788, 0.27122 ], [ 36.70789, 0.27129 ], [ 36.70792, 0.27137 ], [ 36.70795, 0.27144 ], [ 36.70808, 0.27163 ], [ 36.70823, 0.27188 ], [ 36.70833, 0.27205 ], [ 36.70835, 0.27214 ], [ 36.70836, 0.27222 ], [ 36.70836, 0.27236 ], [ 36.70836, 0.2725 ], [ 36.7084, 0.27264 ], [ 36.70845, 0.27276 ], [ 36.70846, 0.27279 ], [ 36.70851, 0.27288 ], [ 36.70851, 0.27289 ], [ 36.70853, 0.27301 ], [ 36.70853, 0.27314 ], [ 36.70854, 0.27362 ], [ 36.70855, 0.27385 ], [ 36.70854, 0.27396 ], [ 36.70855, 0.27426 ], [ 36.70855, 0.27435 ], [ 36.70857, 0.27437 ], [ 36.70859, 0.2744 ], [ 36.70859, 0.2744 ], [ 36.70866, 0.2744 ], [ 36.70866, 0.2744 ], [ 36.70875, 0.2744 ], [ 36.70882, 0.2744 ], [ 36.70883, 0.2744 ], [ 36.70898, 0.27441 ], [ 36.70905, 0.27446 ], [ 36.70908, 0.27458 ], [ 36.7091, 0.27467 ], [ 36.7091, 0.27467 ], [ 36.70906, 0.27547 ], [ 36.70906, 0.27558 ], [ 36.70907, 0.27574 ], [ 36.7091, 0.27586 ], [ 36.70916, 0.27592 ], [ 36.70929, 0.27595 ], [ 36.70944, 0.27601 ], [ 36.7098, 0.2761 ], [ 36.71002, 0.27627 ], [ 36.71006, 0.27631 ], [ 36.7102, 0.27647 ], [ 36.71034, 0.27658 ], [ 36.71041, 0.27665 ], [ 36.7105, 0.27667 ], [ 36.71061, 0.27669 ], [ 36.71064, 0.2767 ], [ 36.71071, 0.27673 ], [ 36.71071, 0.27673 ], [ 36.71071, 0.27673 ], [ 36.7108, 0.27678 ], [ 36.71083, 0.2769 ], [ 36.71083, 0.27703 ], [ 36.71085, 0.27708 ], [ 36.71089, 0.27716 ], [ 36.71089, 0.27717 ], [ 36.71102, 0.27722 ], [ 36.71117, 0.27739 ], [ 36.71119, 0.2774 ], [ 36.71118, 0.2775 ], [ 36.71117, 0.27758 ], [ 36.71114, 0.27788 ], [ 36.71113, 0.27807 ], [ 36.71114, 0.27821 ], [ 36.71117, 0.27831 ], [ 36.71118, 0.27836 ], [ 36.71119, 0.27848 ], [ 36.7112, 0.27852 ], [ 36.71122, 0.27858 ], [ 36.71123, 0.27861 ], [ 36.71124, 0.27865 ], [ 36.71127, 0.27872 ], [ 36.71133, 0.27877 ], [ 36.71135, 0.27879 ], [ 36.71137, 0.27883 ], [ 36.71139, 0.27887 ], [ 36.71142, 0.27894 ], [ 36.71172, 0.27938 ], [ 36.71207, 0.27989 ], [ 36.71217, 0.28004 ], [ 36.71226, 0.28018 ], [ 36.71238, 0.28034 ], [ 36.71247, 0.28048 ], [ 36.71253, 0.28054 ], [ 36.71257, 0.28058 ], [ 36.71264, 0.28063 ], [ 36.71275, 0.28069 ], [ 36.71278, 0.28071 ], [ 36.71282, 0.28071 ], [ 36.71286, 0.28072 ], [ 36.71297, 0.28072 ], [ 36.71297, 0.28072 ], [ 36.71299, 0.28071 ], [ 36.71305, 0.28069 ], [ 36.71307, 0.28066 ], [ 36.7131, 0.28062 ], [ 36.71313, 0.28059 ], [ 36.71317, 0.28056 ], [ 36.71322, 0.28052 ], [ 36.71333, 0.28042 ], [ 36.71342, 0.28034 ], [ 36.71355, 0.28025 ], [ 36.71379, 0.28022 ], [ 36.71395, 0.28022 ], [ 36.71414, 0.28021 ], [ 36.71439, 0.28021 ], [ 36.71444, 0.28021 ], [ 36.71455, 0.2802 ], [ 36.71461, 0.2802 ], [ 36.71472, 0.28021 ], [ 36.71474, 0.28024 ], [ 36.71479, 0.28029 ], [ 36.71487, 0.28038 ], [ 36.7149, 0.28051 ], [ 36.71491, 0.28054 ], [ 36.71503, 0.28087 ], [ 36.71517, 0.28124 ], [ 36.7153, 0.28141 ], [ 36.71532, 0.28145 ], [ 36.71538, 0.28154 ], [ 36.7155, 0.28164 ], [ 36.71553, 0.28167 ], [ 36.71565, 0.28178 ], [ 36.71576, 0.28185 ], [ 36.71581, 0.28187 ], [ 36.71596, 0.28193 ], [ 36.7162, 0.28194 ], [ 36.7162, 0.28194 ], [ 36.71633, 0.28194 ], [ 36.71633, 0.28194 ], [ 36.71651, 0.28188 ], [ 36.71651, 0.28188 ], [ 36.71665, 0.28172 ], [ 36.71685, 0.28159 ], [ 36.71712, 0.28154 ], [ 36.71739, 0.28154 ], [ 36.71739, 0.28154 ], [ 36.71769, 0.28151 ], [ 36.71821, 0.28142 ], [ 36.71845, 0.28141 ], [ 36.71845, 0.28141 ], [ 36.71875, 0.28141 ], [ 36.71899, 0.28141 ], [ 36.71927, 0.28149 ], [ 36.71927, 0.28149 ], [ 36.71949, 0.28155 ], [ 36.72016, 0.28198 ], [ 36.72016, 0.28198 ], [ 36.72021, 0.282 ], [ 36.72042, 0.28208 ], [ 36.72061, 0.28216 ], [ 36.72074, 0.28217 ], [ 36.72093, 0.28219 ], [ 36.7212, 0.28219 ], [ 36.72144, 0.28219 ], [ 36.72166, 0.2822 ], [ 36.72166, 0.2822 ], [ 36.72209, 0.28232 ], [ 36.72226, 0.28245 ], [ 36.72255, 0.28265 ], [ 36.72289, 0.28288 ], [ 36.72373, 0.28345 ], [ 36.72391, 0.28353 ], [ 36.7241, 0.28362 ], [ 36.72421, 0.28365 ], [ 36.72431, 0.28368 ], [ 36.72431, 0.28368 ], [ 36.7244, 0.28374 ], [ 36.72447, 0.28379 ], [ 36.72471, 0.28401 ], [ 36.72477, 0.28408 ], [ 36.72491, 0.28428 ], [ 36.72501, 0.28446 ], [ 36.72504, 0.28467 ], [ 36.72507, 0.28481 ], [ 36.72505, 0.28502 ], [ 36.72504, 0.2852 ], [ 36.72503, 0.28544 ], [ 36.72504, 0.28556 ], [ 36.72505, 0.28566 ], [ 36.72509, 0.28574 ], [ 36.72513, 0.28583 ], [ 36.72522, 0.28605 ], [ 36.72527, 0.28613 ], [ 36.72533, 0.28622 ], [ 36.72543, 0.28632 ], [ 36.72553, 0.28658 ], [ 36.72569, 0.28699 ], [ 36.72574, 0.28713 ], [ 36.72578, 0.28727 ], [ 36.72579, 0.28736 ], [ 36.72582, 0.2875 ], [ 36.72591, 0.28766 ], [ 36.72591, 0.28766 ], [ 36.72601, 0.28792 ], [ 36.72601, 0.28792 ], [ 36.72609, 0.28801 ], [ 36.72613, 0.28802 ], [ 36.7262, 0.28805 ], [ 36.72628, 0.28815 ], [ 36.72634, 0.28822 ], [ 36.72635, 0.28831 ], [ 36.72638, 0.28849 ], [ 36.72643, 0.28884 ], [ 36.72644, 0.28893 ], [ 36.72644, 0.28901 ], [ 36.7265, 0.28909 ], [ 36.72653, 0.28914 ], [ 36.72665, 0.28927 ], [ 36.72668, 0.28937 ], [ 36.7267, 0.28943 ], [ 36.72681, 0.2896 ], [ 36.72691, 0.28969 ], [ 36.72713, 0.28991 ], [ 36.72743, 0.2903 ], [ 36.7276, 0.29043 ], [ 36.72773, 0.29051 ], [ 36.72778, 0.29055 ], [ 36.72782, 0.29056 ], [ 36.72794, 0.29061 ], [ 36.72799, 0.29069 ], [ 36.728, 0.29072 ], [ 36.72807, 0.29075 ], [ 36.72815, 0.29079 ], [ 36.7282, 0.29083 ], [ 36.72824, 0.29086 ], [ 36.72825, 0.29089 ], [ 36.72828, 0.29095 ], [ 36.72833, 0.29104 ], [ 36.72835, 0.29109 ], [ 36.72837, 0.29115 ], [ 36.72838, 0.29121 ], [ 36.72839, 0.29129 ], [ 36.7284, 0.29134 ], [ 36.72841, 0.2914 ], [ 36.72842, 0.29167 ], [ 36.72843, 0.29202 ], [ 36.72848, 0.2923 ], [ 36.72854, 0.29259 ], [ 36.72855, 0.29266 ], [ 36.72867, 0.29319 ], [ 36.72871, 0.29334 ], [ 36.72886, 0.29367 ], [ 36.72908, 0.29412 ], [ 36.72921, 0.29436 ], [ 36.72925, 0.2944 ], [ 36.72932, 0.29449 ], [ 36.72953, 0.29462 ], [ 36.72953, 0.29462 ], [ 36.72973, 0.29471 ], [ 36.72994, 0.29482 ], [ 36.73005, 0.29487 ], [ 36.73014, 0.2949 ], [ 36.73024, 0.29501 ], [ 36.73062, 0.29525 ], [ 36.73068, 0.29533 ], [ 36.73088, 0.29557 ], [ 36.7311, 0.29584 ], [ 36.7314, 0.29622 ], [ 36.7314, 0.29622 ], [ 36.73159, 0.29647 ], [ 36.73184, 0.29681 ], [ 36.73204, 0.29713 ], [ 36.73211, 0.29726 ], [ 36.73226, 0.29748 ], [ 36.73231, 0.29763 ], [ 36.73241, 0.29772 ], [ 36.73262, 0.29778 ], [ 36.73281, 0.2978 ], [ 36.73291, 0.29776 ], [ 36.73297, 0.29774 ], [ 36.73322, 0.29763 ], [ 36.73322, 0.29763 ], [ 36.73349, 0.29756 ], [ 36.73372, 0.29748 ], [ 36.73372, 0.29748 ], [ 36.73372, 0.29748 ], [ 36.73389, 0.29735 ], [ 36.73402, 0.29731 ], [ 36.73409, 0.2973 ], [ 36.73415, 0.2973 ], [ 36.73421, 0.29729 ], [ 36.73431, 0.29728 ], [ 36.73431, 0.29728 ], [ 36.73444, 0.29736 ], [ 36.73461, 0.29751 ], [ 36.73475, 0.29763 ], [ 36.73486, 0.29769 ], [ 36.73493, 0.29772 ], [ 36.73503, 0.29779 ], [ 36.73514, 0.29788 ], [ 36.73522, 0.29795 ], [ 36.73529, 0.29802 ], [ 36.73555, 0.29819 ], [ 36.73555, 0.29819 ], [ 36.73558, 0.2982 ], [ 36.73564, 0.29821 ], [ 36.73586, 0.29826 ], [ 36.73623, 0.29835 ], [ 36.73644, 0.29839 ], [ 36.73644, 0.29839 ], [ 36.73662, 0.29839 ], [ 36.73716, 0.29837 ], [ 36.73716, 0.29837 ], [ 36.73716, 0.29837 ], [ 36.73724, 0.29835 ], [ 36.73737, 0.29831 ], [ 36.73759, 0.29824 ], [ 36.73759, 0.29824 ], [ 36.73781, 0.29818 ], [ 36.73802, 0.29809 ], [ 36.73834, 0.29806 ], [ 36.73838, 0.29807 ], [ 36.73839, 0.29808 ], [ 36.73839, 0.29808 ], [ 36.73851, 0.29808 ], [ 36.73851, 0.29808 ], [ 36.73859, 0.29808 ], [ 36.73873, 0.29809 ], [ 36.73886, 0.29811 ], [ 36.73886, 0.29811 ], [ 36.73908, 0.29806 ], [ 36.73921, 0.29804 ], [ 36.73921, 0.29804 ], [ 36.73942, 0.29793 ], [ 36.7396, 0.29788 ], [ 36.73972, 0.29785 ], [ 36.73985, 0.29783 ], [ 36.73998, 0.29783 ], [ 36.74009, 0.29786 ], [ 36.74012, 0.29787 ], [ 36.74014, 0.29789 ], [ 36.74021, 0.29796 ], [ 36.74024, 0.29798 ], [ 36.74028, 0.29802 ], [ 36.74037, 0.29811 ], [ 36.74046, 0.29819 ], [ 36.74113, 0.29897 ], [ 36.74114, 0.29898 ], [ 36.74125, 0.2991 ], [ 36.74138, 0.29919 ], [ 36.74144, 0.29923 ], [ 36.74158, 0.29932 ], [ 36.74162, 0.29933 ], [ 36.74172, 0.29936 ], [ 36.74189, 0.29938 ], [ 36.74198, 0.29937 ], [ 36.74205, 0.29936 ], [ 36.74212, 0.29936 ], [ 36.74212, 0.29936 ], [ 36.74227, 0.29933 ], [ 36.74235, 0.29931 ], [ 36.74239, 0.29928 ], [ 36.74247, 0.29923 ], [ 36.74251, 0.2992 ], [ 36.74255, 0.29918 ], [ 36.7426, 0.29916 ], [ 36.74266, 0.29913 ], [ 36.74275, 0.2991 ], [ 36.74283, 0.29908 ], [ 36.74283, 0.29908 ], [ 36.74288, 0.29907 ], [ 36.74291, 0.29907 ], [ 36.74291, 0.29907 ], [ 36.74304, 0.29904 ], [ 36.7432, 0.29904 ], [ 36.7432, 0.29904 ], [ 36.74335, 0.29904 ], [ 36.74335, 0.29904 ], [ 36.74344, 0.29904 ], [ 36.74352, 0.29905 ], [ 36.74369, 0.29905 ], [ 36.74377, 0.29906 ], [ 36.74387, 0.29908 ], [ 36.74404, 0.29909 ], [ 36.74409, 0.29909 ], [ 36.74422, 0.2991 ], [ 36.74429, 0.2991 ], [ 36.74435, 0.2991 ], [ 36.74446, 0.29914 ], [ 36.74451, 0.29917 ], [ 36.74455, 0.29919 ], [ 36.74465, 0.29923 ], [ 36.74465, 0.29923 ], [ 36.74472, 0.29927 ], [ 36.74472, 0.29927 ], [ 36.74487, 0.29929 ], [ 36.74504, 0.29929 ], [ 36.74518, 0.2993 ], [ 36.7453, 0.29927 ], [ 36.74544, 0.29918 ], [ 36.74551, 0.29916 ], [ 36.74551, 0.29916 ], [ 36.74557, 0.29914 ], [ 36.74562, 0.29911 ], [ 36.74571, 0.29909 ], [ 36.74582, 0.29909 ], [ 36.74592, 0.29909 ], [ 36.74602, 0.29909 ], [ 36.74609, 0.29912 ], [ 36.74619, 0.29915 ], [ 36.74629, 0.29923 ], [ 36.74663, 0.29944 ], [ 36.74716, 0.29996 ], [ 36.7478, 0.3005 ], [ 36.74795, 0.30061 ], [ 36.74817, 0.30077 ], [ 36.74846, 0.30094 ], [ 36.74865, 0.30114 ], [ 36.74875, 0.30123 ], [ 36.74875, 0.30123 ], [ 36.74883, 0.30129 ], [ 36.74886, 0.30131 ], [ 36.74889, 0.30133 ], [ 36.74889, 0.30133 ], [ 36.74896, 0.30135 ], [ 36.74905, 0.30135 ], [ 36.74917, 0.30135 ], [ 36.74924, 0.30134 ], [ 36.74927, 0.30133 ], [ 36.74941, 0.3013 ], [ 36.74941, 0.3013 ], [ 36.74955, 0.30126 ], [ 36.74967, 0.30124 ], [ 36.74967, 0.30124 ], [ 36.74982, 0.30124 ], [ 36.74982, 0.30124 ], [ 36.74997, 0.30125 ], [ 36.75006, 0.30128 ], [ 36.7501, 0.30128 ], [ 36.75013, 0.30128 ], [ 36.75015, 0.30128 ], [ 36.75019, 0.3013 ], [ 36.75024, 0.30136 ], [ 36.75034, 0.30147 ], [ 36.75037, 0.3015 ], [ 36.75038, 0.30152 ], [ 36.75042, 0.30161 ], [ 36.75042, 0.30166 ], [ 36.75043, 0.30173 ], [ 36.75043, 0.30182 ], [ 36.75043, 0.30188 ], [ 36.75043, 0.30197 ], [ 36.75047, 0.30206 ], [ 36.75051, 0.30217 ], [ 36.75058, 0.30228 ], [ 36.75059, 0.30229 ], [ 36.75065, 0.30237 ], [ 36.75071, 0.30242 ], [ 36.75073, 0.30243 ], [ 36.75082, 0.3025 ], [ 36.75093, 0.30256 ], [ 36.75093, 0.30256 ], [ 36.75104, 0.30261 ], [ 36.75104, 0.30261 ], [ 36.75118, 0.30266 ], [ 36.75118, 0.30266 ], [ 36.75133, 0.3027 ], [ 36.75152, 0.30272 ], [ 36.75152, 0.30272 ], [ 36.75171, 0.30273 ], [ 36.75181, 0.30274 ], [ 36.75188, 0.30275 ], [ 36.75243, 0.30281 ], [ 36.75243, 0.30281 ], [ 36.75262, 0.30283 ], [ 36.75265, 0.30284 ], [ 36.75269, 0.30287 ], [ 36.75273, 0.30288 ], [ 36.75279, 0.30289 ], [ 36.75284, 0.30292 ], [ 36.75288, 0.30294 ], [ 36.75301, 0.30301 ], [ 36.7531, 0.30311 ], [ 36.75314, 0.30315 ], [ 36.75318, 0.30319 ], [ 36.75328, 0.3033 ], [ 36.75335, 0.30346 ], [ 36.75335, 0.30347 ], [ 36.75338, 0.30355 ], [ 36.7534, 0.30363 ], [ 36.75342, 0.30371 ], [ 36.75343, 0.30378 ], [ 36.7535, 0.30394 ], [ 36.75358, 0.30412 ], [ 36.75363, 0.3042 ], [ 36.75364, 0.30422 ], [ 36.75366, 0.30424 ], [ 36.7537, 0.30433 ], [ 36.75371, 0.30438 ], [ 36.75372, 0.30446 ], [ 36.75373, 0.3045 ], [ 36.75373, 0.30452 ], [ 36.75375, 0.30463 ], [ 36.75376, 0.30469 ], [ 36.75377, 0.3047 ], [ 36.75381, 0.30476 ], [ 36.75387, 0.30483 ], [ 36.75398, 0.30485 ], [ 36.75398, 0.30485 ], [ 36.75406, 0.30485 ], [ 36.75427, 0.30485 ], [ 36.75436, 0.30485 ], [ 36.75448, 0.30484 ], [ 36.75455, 0.30483 ], [ 36.75457, 0.30483 ], [ 36.75467, 0.30485 ], [ 36.75469, 0.30488 ], [ 36.75472, 0.30492 ], [ 36.75472, 0.30495 ], [ 36.75473, 0.30498 ], [ 36.75474, 0.30502 ], [ 36.75476, 0.30509 ], [ 36.75475, 0.30521 ], [ 36.75475, 0.30538 ], [ 36.75475, 0.30547 ], [ 36.75476, 0.30552 ], [ 36.75476, 0.30563 ], [ 36.75476, 0.30566 ], [ 36.75476, 0.30573 ], [ 36.75477, 0.30578 ], [ 36.75478, 0.30583 ], [ 36.75483, 0.30588 ], [ 36.75489, 0.30593 ], [ 36.75489, 0.30593 ], [ 36.75496, 0.30597 ], [ 36.75496, 0.30597 ], [ 36.75504, 0.30598 ], [ 36.75512, 0.30601 ], [ 36.75515, 0.30604 ], [ 36.75523, 0.30612 ], [ 36.75527, 0.30617 ], [ 36.75528, 0.30618 ], [ 36.75528, 0.3062 ], [ 36.75529, 0.30626 ], [ 36.7553, 0.30635 ], [ 36.75533, 0.30657 ], [ 36.75532, 0.30667 ], [ 36.75538, 0.30673 ], [ 36.75543, 0.30681 ], [ 36.75544, 0.30683 ], [ 36.75547, 0.30688 ], [ 36.7555, 0.3069 ], [ 36.75553, 0.30692 ], [ 36.75572, 0.30691 ], [ 36.75577, 0.30691 ], [ 36.75581, 0.3069 ], [ 36.7562, 0.30679 ], [ 36.75628, 0.30676 ], [ 36.75636, 0.30672 ], [ 36.75646, 0.30667 ], [ 36.75655, 0.30665 ], [ 36.75655, 0.30665 ], [ 36.75662, 0.30665 ], [ 36.75662, 0.30665 ], [ 36.75668, 0.30667 ], [ 36.75685, 0.30674 ], [ 36.75688, 0.3068 ], [ 36.75688, 0.30698 ], [ 36.75687, 0.30699 ], [ 36.75687, 0.30704 ], [ 36.75682, 0.3071 ], [ 36.75678, 0.30717 ], [ 36.75669, 0.30724 ], [ 36.75666, 0.30725 ], [ 36.7566, 0.30727 ], [ 36.75652, 0.30731 ], [ 36.75647, 0.30734 ], [ 36.75636, 0.30738 ], [ 36.75629, 0.30739 ], [ 36.75623, 0.30741 ], [ 36.75618, 0.30742 ], [ 36.75614, 0.30743 ], [ 36.7561, 0.30743 ], [ 36.75603, 0.30745 ], [ 36.75593, 0.3075 ], [ 36.75589, 0.30753 ], [ 36.75585, 0.30756 ], [ 36.75583, 0.30758 ], [ 36.7558, 0.30764 ], [ 36.75578, 0.30772 ], [ 36.7558, 0.30796 ], [ 36.75585, 0.30806 ], [ 36.75586, 0.30809 ], [ 36.75587, 0.30815 ], [ 36.75591, 0.3082 ], [ 36.75593, 0.30823 ], [ 36.75594, 0.30826 ], [ 36.75599, 0.30832 ], [ 36.75615, 0.30836 ], [ 36.75629, 0.3084 ], [ 36.75641, 0.30843 ], [ 36.75645, 0.30845 ], [ 36.7565, 0.30848 ], [ 36.75654, 0.30848 ], [ 36.75662, 0.30849 ], [ 36.75668, 0.3085 ], [ 36.75676, 0.30851 ], [ 36.75678, 0.30852 ], [ 36.75682, 0.30854 ], [ 36.75689, 0.3086 ], [ 36.757, 0.30878 ], [ 36.75712, 0.30899 ], [ 36.75723, 0.30906 ], [ 36.75727, 0.30913 ], [ 36.75738, 0.30915 ], [ 36.75749, 0.30915 ], [ 36.75753, 0.30915 ], [ 36.75759, 0.30914 ], [ 36.75773, 0.3091 ], [ 36.7579, 0.30904 ], [ 36.75797, 0.30902 ], [ 36.75803, 0.30901 ], [ 36.75803, 0.30901 ], [ 36.7582, 0.30893 ], [ 36.7582, 0.30893 ], [ 36.75832, 0.30888 ], [ 36.75832, 0.30888 ], [ 36.75838, 0.30888 ], [ 36.75848, 0.30889 ], [ 36.75863, 0.30892 ], [ 36.75871, 0.30896 ], [ 36.75873, 0.30897 ], [ 36.75873, 0.30897 ], [ 36.75886, 0.30903 ], [ 36.75894, 0.30912 ], [ 36.75897, 0.30917 ], [ 36.75899, 0.30921 ], [ 36.75899, 0.30927 ], [ 36.75901, 0.30935 ], [ 36.75903, 0.30942 ], [ 36.75904, 0.30948 ], [ 36.7591, 0.30977 ], [ 36.75911, 0.30984 ], [ 36.75911, 0.30984 ], [ 36.75912, 0.30985 ], [ 36.75916, 0.3099 ], [ 36.7592, 0.30993 ], [ 36.75923, 0.30995 ], [ 36.75925, 0.30997 ], [ 36.75925, 0.30997 ], [ 36.75937, 0.30997 ], [ 36.75937, 0.30997 ], [ 36.75952, 0.30997 ], [ 36.75952, 0.30997 ], [ 36.75964, 0.30997 ], [ 36.75965, 0.30997 ], [ 36.75979, 0.30997 ], [ 36.75979, 0.30997 ], [ 36.75996, 0.30997 ], [ 36.76003, 0.30999 ], [ 36.7601, 0.31 ], [ 36.76029, 0.31001 ], [ 36.76038, 0.31002 ], [ 36.76057, 0.31 ], [ 36.76057, 0.31 ], [ 36.7606, 0.30998 ], [ 36.76062, 0.30997 ], [ 36.76068, 0.30991 ], [ 36.76081, 0.30989 ], [ 36.76081, 0.30989 ], [ 36.76088, 0.30992 ], [ 36.76097, 0.30993 ], [ 36.76112, 0.31 ], [ 36.76114, 0.31002 ], [ 36.76121, 0.31006 ], [ 36.76123, 0.31009 ], [ 36.76125, 0.31012 ], [ 36.76126, 0.31017 ], [ 36.76127, 0.31021 ], [ 36.76128, 0.31026 ], [ 36.76128, 0.31029 ], [ 36.76128, 0.31031 ], [ 36.76128, 0.31039 ], [ 36.76129, 0.31047 ], [ 36.76135, 0.31065 ], [ 36.76136, 0.31069 ], [ 36.76138, 0.31073 ], [ 36.76141, 0.31079 ], [ 36.76148, 0.31084 ], [ 36.76164, 0.31086 ], [ 36.76175, 0.31086 ], [ 36.76175, 0.31086 ], [ 36.76185, 0.31088 ], [ 36.76194, 0.3109 ], [ 36.76202, 0.31094 ], [ 36.76203, 0.31095 ], [ 36.76216, 0.31099 ], [ 36.76227, 0.31105 ], [ 36.7624, 0.31124 ], [ 36.76249, 0.31134 ], [ 36.76254, 0.31142 ], [ 36.76258, 0.3115 ], [ 36.7626, 0.31153 ], [ 36.76267, 0.31162 ], [ 36.76278, 0.31169 ], [ 36.76291, 0.31176 ], [ 36.76305, 0.31183 ], [ 36.76305, 0.31183 ], [ 36.76317, 0.31184 ], [ 36.76325, 0.31185 ], [ 36.76335, 0.3119 ], [ 36.7634, 0.31193 ], [ 36.76354, 0.31204 ], [ 36.76361, 0.31213 ], [ 36.76361, 0.31224 ], [ 36.76357, 0.31232 ], [ 36.76355, 0.31239 ], [ 36.76351, 0.31253 ], [ 36.76354, 0.31262 ], [ 36.76354, 0.31263 ], [ 36.76354, 0.31263 ], [ 36.76359, 0.31268 ], [ 36.76363, 0.31268 ], [ 36.76367, 0.31268 ], [ 36.76374, 0.31269 ], [ 36.76375, 0.31269 ], [ 36.76375, 0.31269 ], [ 36.76383, 0.31269 ], [ 36.76383, 0.31269 ], [ 36.76393, 0.31259 ], [ 36.76394, 0.31253 ], [ 36.76395, 0.31246 ], [ 36.76395, 0.31234 ], [ 36.76395, 0.31231 ], [ 36.76397, 0.31221 ], [ 36.76401, 0.31211 ], [ 36.76401, 0.31211 ], [ 36.76405, 0.31197 ], [ 36.76409, 0.31188 ], [ 36.76411, 0.31183 ], [ 36.76413, 0.31181 ], [ 36.76418, 0.31175 ], [ 36.76421, 0.31173 ], [ 36.76423, 0.31172 ], [ 36.76433, 0.31171 ], [ 36.76433, 0.31171 ], [ 36.76433, 0.31171 ], [ 36.76437, 0.31171 ], [ 36.76444, 0.31172 ], [ 36.76444, 0.31172 ], [ 36.76447, 0.31174 ], [ 36.76451, 0.31175 ], [ 36.76464, 0.3118 ], [ 36.76473, 0.31189 ], [ 36.76483, 0.31196 ], [ 36.76491, 0.31205 ], [ 36.76495, 0.31209 ], [ 36.76498, 0.31213 ], [ 36.765, 0.31221 ], [ 36.76502, 0.31229 ], [ 36.76499, 0.31239 ], [ 36.76495, 0.31248 ], [ 36.76489, 0.31253 ], [ 36.76483, 0.31257 ], [ 36.76479, 0.31259 ], [ 36.76475, 0.31263 ], [ 36.76473, 0.31265 ], [ 36.7647, 0.3127 ], [ 36.76468, 0.31277 ], [ 36.76468, 0.3128 ], [ 36.76468, 0.31283 ], [ 36.76469, 0.31289 ], [ 36.76473, 0.31296 ], [ 36.76474, 0.31299 ], [ 36.76478, 0.313 ], [ 36.76481, 0.31302 ], [ 36.76481, 0.31302 ], [ 36.76493, 0.31302 ], [ 36.765, 0.31301 ], [ 36.76509, 0.31302 ], [ 36.76512, 0.31302 ], [ 36.76521, 0.31306 ], [ 36.76532, 0.31309 ], [ 36.76532, 0.31309 ], [ 36.7654, 0.31311 ], [ 36.76541, 0.31313 ], [ 36.76545, 0.31316 ], [ 36.76559, 0.31333 ], [ 36.7657, 0.31343 ], [ 36.7657, 0.31343 ], [ 36.76571, 0.31346 ], [ 36.76572, 0.31354 ], [ 36.76573, 0.31359 ], [ 36.76573, 0.31363 ], [ 36.76572, 0.31373 ], [ 36.7657, 0.31379 ], [ 36.76569, 0.31382 ], [ 36.76567, 0.31385 ], [ 36.76565, 0.3139 ], [ 36.76563, 0.314 ], [ 36.76563, 0.31402 ], [ 36.76564, 0.31404 ], [ 36.76569, 0.3141 ], [ 36.76569, 0.3141 ], [ 36.76574, 0.31416 ], [ 36.76576, 0.3142 ], [ 36.76576, 0.31421 ], [ 36.76576, 0.31421 ], [ 36.76577, 0.31421 ], [ 36.76582, 0.31424 ], [ 36.76592, 0.31431 ], [ 36.76597, 0.31437 ], [ 36.76597, 0.31437 ], [ 36.76597, 0.31439 ], [ 36.76597, 0.31444 ], [ 36.76597, 0.31454 ], [ 36.76597, 0.31465 ], [ 36.76597, 0.31469 ], [ 36.76597, 0.31475 ], [ 36.76595, 0.3149 ], [ 36.76595, 0.3149 ], [ 36.76595, 0.31502 ], [ 36.76595, 0.31502 ], [ 36.76598, 0.3151 ], [ 36.766, 0.31513 ], [ 36.76603, 0.31517 ], [ 36.7661, 0.31524 ], [ 36.76611, 0.31525 ], [ 36.76617, 0.31526 ], [ 36.76623, 0.31526 ], [ 36.76628, 0.31525 ], [ 36.76628, 0.31525 ], [ 36.76636, 0.31524 ], [ 36.76643, 0.31521 ], [ 36.76644, 0.31519 ], [ 36.76644, 0.31515 ], [ 36.76647, 0.31509 ], [ 36.76647, 0.31509 ], [ 36.76649, 0.31497 ], [ 36.76649, 0.31489 ], [ 36.76654, 0.31481 ], [ 36.76656, 0.31478 ], [ 36.76666, 0.31475 ], [ 36.76666, 0.31475 ], [ 36.76676, 0.31476 ], [ 36.7669, 0.31479 ], [ 36.76706, 0.31491 ], [ 36.76707, 0.31492 ], [ 36.7671, 0.31495 ], [ 36.76711, 0.31501 ], [ 36.76712, 0.31511 ], [ 36.76714, 0.31519 ], [ 36.76714, 0.31529 ], [ 36.76713, 0.31531 ], [ 36.76713, 0.31536 ], [ 36.76713, 0.31544 ], [ 36.76713, 0.31552 ], [ 36.76715, 0.31556 ], [ 36.76716, 0.31559 ], [ 36.76724, 0.31568 ], [ 36.76732, 0.31572 ], [ 36.76738, 0.31575 ], [ 36.76742, 0.31577 ], [ 36.76751, 0.31583 ], [ 36.76761, 0.31592 ], [ 36.76768, 0.31603 ], [ 36.76772, 0.31609 ], [ 36.76779, 0.31618 ], [ 36.76782, 0.31622 ], [ 36.76793, 0.31626 ], [ 36.76797, 0.31627 ], [ 36.76803, 0.31628 ], [ 36.76807, 0.31629 ], [ 36.76809, 0.31631 ], [ 36.76809, 0.31631 ], [ 36.76814, 0.31632 ], [ 36.76819, 0.31634 ], [ 36.76826, 0.31639 ], [ 36.76832, 0.31645 ], [ 36.76832, 0.31645 ], [ 36.76838, 0.31646 ], [ 36.7684, 0.31646 ], [ 36.7684, 0.31646 ], [ 36.76851, 0.31647 ], [ 36.76851, 0.31647 ], [ 36.76862, 0.31646 ], [ 36.76867, 0.31644 ], [ 36.76872, 0.31644 ], [ 36.76886, 0.3164 ], [ 36.76893, 0.31639 ], [ 36.76902, 0.31638 ], [ 36.76914, 0.31639 ], [ 36.7692, 0.3164 ], [ 36.76929, 0.3164 ], [ 36.7694, 0.31645 ], [ 36.76946, 0.31651 ], [ 36.7695, 0.31655 ], [ 36.76963, 0.31668 ], [ 36.76966, 0.31669 ], [ 36.76975, 0.31675 ], [ 36.76979, 0.31679 ], [ 36.7698, 0.31681 ], [ 36.76982, 0.31683 ], [ 36.76985, 0.31687 ], [ 36.76992, 0.31687 ], [ 36.77002, 0.31687 ], [ 36.77012, 0.31686 ], [ 36.77025, 0.31684 ], [ 36.77025, 0.31684 ], [ 36.77036, 0.31684 ], [ 36.77036, 0.31684 ], [ 36.77039, 0.31685 ], [ 36.77042, 0.31686 ], [ 36.77043, 0.3169 ], [ 36.77044, 0.31693 ], [ 36.77046, 0.31699 ], [ 36.77049, 0.31729 ], [ 36.7705, 0.31733 ], [ 36.77051, 0.31737 ], [ 36.77054, 0.31739 ], [ 36.77058, 0.31742 ], [ 36.77062, 0.31749 ], [ 36.77066, 0.31754 ], [ 36.77074, 0.31765 ], [ 36.77076, 0.31768 ], [ 36.77078, 0.31772 ], [ 36.77079, 0.31774 ], [ 36.7708, 0.31778 ], [ 36.77081, 0.31784 ], [ 36.77081, 0.31785 ], [ 36.77081, 0.31793 ], [ 36.77081, 0.318 ], [ 36.77089, 0.31815 ], [ 36.77094, 0.31819 ], [ 36.77094, 0.31819 ], [ 36.77104, 0.31819 ], [ 36.77104, 0.31819 ], [ 36.77112, 0.31816 ], [ 36.77118, 0.31809 ], [ 36.77129, 0.31796 ], [ 36.77141, 0.31783 ], [ 36.77143, 0.3178 ], [ 36.77152, 0.31769 ], [ 36.77157, 0.31759 ], [ 36.77158, 0.31756 ], [ 36.77161, 0.31753 ], [ 36.77168, 0.31746 ], [ 36.77177, 0.31739 ], [ 36.77183, 0.31736 ], [ 36.77192, 0.31731 ], [ 36.77197, 0.31725 ], [ 36.77198, 0.31718 ], [ 36.77199, 0.3171 ], [ 36.77203, 0.31707 ], [ 36.77208, 0.31703 ], [ 36.77215, 0.317 ], [ 36.77219, 0.31699 ], [ 36.77223, 0.31699 ], [ 36.77223, 0.31699 ], [ 36.77226, 0.31695 ], [ 36.77229, 0.3169 ], [ 36.7723, 0.31689 ], [ 36.7723, 0.31689 ], [ 36.7723, 0.31681 ], [ 36.7723, 0.31681 ], [ 36.7723, 0.3167 ], [ 36.77232, 0.31661 ], [ 36.77235, 0.31658 ], [ 36.77239, 0.31653 ], [ 36.7725, 0.31646 ], [ 36.77255, 0.31642 ], [ 36.77256, 0.31641 ], [ 36.77259, 0.31641 ], [ 36.7727, 0.31637 ], [ 36.77282, 0.31637 ], [ 36.77282, 0.31637 ], [ 36.77291, 0.31637 ], [ 36.77291, 0.31637 ], [ 36.77297, 0.31639 ], [ 36.773, 0.31641 ], [ 36.77303, 0.31643 ], [ 36.77311, 0.31649 ], [ 36.77325, 0.31657 ], [ 36.77325, 0.31657 ], [ 36.77331, 0.31659 ], [ 36.77336, 0.31659 ], [ 36.77343, 0.31658 ], [ 36.77346, 0.31658 ], [ 36.77349, 0.31654 ], [ 36.77352, 0.31651 ], [ 36.77361, 0.31644 ], [ 36.77365, 0.3164 ], [ 36.77371, 0.31633 ], [ 36.77375, 0.31628 ], [ 36.77377, 0.31625 ], [ 36.77387, 0.31617 ], [ 36.77401, 0.31601 ], [ 36.77404, 0.31597 ], [ 36.77404, 0.31597 ], [ 36.77412, 0.31594 ], [ 36.77421, 0.31594 ], [ 36.77429, 0.31594 ], [ 36.77436, 0.31599 ], [ 36.77444, 0.31606 ], [ 36.77447, 0.3161 ], [ 36.77449, 0.31612 ], [ 36.7745, 0.31613 ], [ 36.77454, 0.31618 ], [ 36.77462, 0.31623 ], [ 36.77477, 0.31633 ], [ 36.7749, 0.31638 ], [ 36.7749, 0.31638 ], [ 36.77497, 0.31643 ], [ 36.77497, 0.31643 ], [ 36.77498, 0.31644 ], [ 36.77501, 0.31647 ], [ 36.77502, 0.31655 ], [ 36.77503, 0.31661 ], [ 36.77503, 0.31672 ], [ 36.77505, 0.31681 ], [ 36.77509, 0.31689 ], [ 36.77509, 0.31689 ], [ 36.77518, 0.31694 ], [ 36.77518, 0.31694 ], [ 36.77524, 0.31694 ], [ 36.77538, 0.31694 ], [ 36.7755, 0.31695 ], [ 36.77563, 0.31694 ], [ 36.77573, 0.31688 ], [ 36.77586, 0.31682 ], [ 36.77594, 0.31678 ], [ 36.77598, 0.31677 ], [ 36.77628, 0.31669 ], [ 36.77632, 0.31667 ], [ 36.77641, 0.31662 ], [ 36.77648, 0.31657 ], [ 36.77651, 0.31653 ], [ 36.77654, 0.3165 ], [ 36.77658, 0.31648 ], [ 36.7766, 0.31646 ], [ 36.77676, 0.31646 ], [ 36.77683, 0.31647 ], [ 36.77692, 0.31653 ], [ 36.77694, 0.31658 ], [ 36.77696, 0.31664 ], [ 36.77697, 0.31666 ], [ 36.77697, 0.3167 ], [ 36.77697, 0.31676 ], [ 36.77697, 0.31683 ], [ 36.77698, 0.31694 ], [ 36.777, 0.31709 ], [ 36.77703, 0.31715 ], [ 36.77706, 0.3172 ], [ 36.77709, 0.31724 ], [ 36.77711, 0.31725 ], [ 36.77713, 0.31727 ], [ 36.77717, 0.31732 ], [ 36.77728, 0.3174 ], [ 36.77739, 0.3174 ], [ 36.77739, 0.3174 ], [ 36.7775, 0.3174 ], [ 36.7775, 0.3174 ], [ 36.77758, 0.3174 ], [ 36.77758, 0.3174 ], [ 36.77775, 0.31734 ], [ 36.77789, 0.31728 ], [ 36.77795, 0.31726 ], [ 36.77802, 0.31723 ], [ 36.77821, 0.31716 ], [ 36.77831, 0.31713 ], [ 36.77835, 0.31712 ], [ 36.77842, 0.31711 ], [ 36.77853, 0.31709 ], [ 36.77863, 0.31708 ], [ 36.77867, 0.31707 ], [ 36.77867, 0.31707 ], [ 36.77879, 0.31709 ], [ 36.77901, 0.31709 ], [ 36.7791, 0.3171 ], [ 36.77929, 0.31711 ], [ 36.77941, 0.31712 ], [ 36.77941, 0.31712 ], [ 36.77956, 0.31715 ], [ 36.77958, 0.31715 ], [ 36.77963, 0.31717 ], [ 36.77968, 0.31718 ], [ 36.77983, 0.31721 ], [ 36.77992, 0.31724 ], [ 36.78008, 0.31726 ], [ 36.78008, 0.31726 ], [ 36.7805, 0.31733 ], [ 36.78074, 0.31736 ], [ 36.78081, 0.31736 ], [ 36.78088, 0.31737 ], [ 36.78105, 0.31737 ], [ 36.78112, 0.31737 ], [ 36.78121, 0.31736 ], [ 36.78127, 0.31736 ], [ 36.78132, 0.31736 ], [ 36.78138, 0.31737 ], [ 36.78141, 0.31737 ], [ 36.78144, 0.31738 ], [ 36.78155, 0.31742 ], [ 36.78162, 0.31748 ], [ 36.78165, 0.31755 ], [ 36.78171, 0.31764 ], [ 36.7818, 0.31771 ], [ 36.78196, 0.31774 ], [ 36.78196, 0.31774 ], [ 36.78206, 0.31774 ], [ 36.7822, 0.31774 ], [ 36.7822, 0.31774 ], [ 36.78225, 0.31778 ], [ 36.78227, 0.31779 ], [ 36.78229, 0.3178 ], [ 36.78239, 0.31785 ], [ 36.78244, 0.3179 ], [ 36.78246, 0.31795 ], [ 36.78248, 0.31798 ], [ 36.78262, 0.31824 ], [ 36.7827, 0.31831 ], [ 36.78273, 0.31835 ], [ 36.78274, 0.31836 ], [ 36.78276, 0.31837 ], [ 36.78276, 0.31837 ], [ 36.78276, 0.31837 ], [ 36.78287, 0.31838 ], [ 36.78287, 0.31838 ], [ 36.78296, 0.31838 ], [ 36.78296, 0.31838 ], [ 36.7831, 0.31837 ], [ 36.7831, 0.31837 ], [ 36.78317, 0.31833 ], [ 36.78332, 0.3183 ], [ 36.78332, 0.3183 ], [ 36.7834, 0.31831 ], [ 36.7834, 0.31831 ], [ 36.78354, 0.31833 ], [ 36.78354, 0.31833 ], [ 36.78364, 0.31839 ], [ 36.78396, 0.31862 ], [ 36.78396, 0.31862 ], [ 36.78418, 0.31873 ], [ 36.78426, 0.31878 ], [ 36.78442, 0.31886 ], [ 36.78448, 0.31891 ], [ 36.78451, 0.31894 ], [ 36.78455, 0.31901 ], [ 36.78456, 0.31905 ], [ 36.78459, 0.31917 ], [ 36.7846, 0.31926 ], [ 36.7846, 0.31933 ], [ 36.78458, 0.31941 ], [ 36.78457, 0.31943 ], [ 36.78455, 0.31947 ], [ 36.78451, 0.3195 ], [ 36.78443, 0.31958 ], [ 36.78443, 0.31958 ], [ 36.78436, 0.31962 ], [ 36.78422, 0.31975 ], [ 36.78417, 0.3198 ], [ 36.78412, 0.31985 ], [ 36.784, 0.31995 ], [ 36.78396, 0.32 ], [ 36.78391, 0.32005 ], [ 36.78389, 0.32013 ], [ 36.78388, 0.3202 ], [ 36.78388, 0.32022 ], [ 36.78388, 0.32027 ], [ 36.7839, 0.32032 ], [ 36.7839, 0.32034 ], [ 36.7839, 0.32036 ], [ 36.78396, 0.32044 ], [ 36.78401, 0.32051 ], [ 36.78405, 0.32056 ], [ 36.78407, 0.32063 ], [ 36.78407, 0.32072 ], [ 36.78407, 0.32077 ], [ 36.78406, 0.32079 ], [ 36.78405, 0.3208 ], [ 36.78401, 0.32087 ], [ 36.78396, 0.32091 ], [ 36.78395, 0.32092 ], [ 36.78395, 0.32092 ], [ 36.78389, 0.32096 ], [ 36.78389, 0.32096 ], [ 36.7838, 0.321 ], [ 36.78369, 0.32106 ], [ 36.78366, 0.32113 ], [ 36.78363, 0.32128 ], [ 36.78363, 0.32128 ], [ 36.78364, 0.32138 ], [ 36.78367, 0.32148 ], [ 36.78368, 0.32157 ], [ 36.78375, 0.3217 ], [ 36.78381, 0.32176 ], [ 36.78384, 0.32178 ], [ 36.78391, 0.32187 ], [ 36.78395, 0.32194 ], [ 36.784, 0.32203 ], [ 36.78403, 0.32211 ], [ 36.78401, 0.32219 ], [ 36.78399, 0.32236 ], [ 36.78393, 0.32243 ], [ 36.78389, 0.32248 ], [ 36.78388, 0.32255 ], [ 36.78388, 0.3226 ], [ 36.78389, 0.32267 ], [ 36.7839, 0.32269 ], [ 36.78391, 0.32271 ], [ 36.78412, 0.3229 ], [ 36.78421, 0.32299 ], [ 36.78456, 0.32334 ], [ 36.78465, 0.32346 ], [ 36.78468, 0.3235 ], [ 36.78473, 0.32356 ], [ 36.78473, 0.32358 ], [ 36.78473, 0.32363 ], [ 36.78476, 0.32369 ], [ 36.78477, 0.32371 ], [ 36.7848, 0.32378 ], [ 36.7848, 0.32378 ], [ 36.78484, 0.32387 ], [ 36.78485, 0.32391 ], [ 36.78486, 0.32396 ], [ 36.78486, 0.32399 ], [ 36.78486, 0.32408 ], [ 36.78485, 0.32461 ], [ 36.78484, 0.325 ], [ 36.78483, 0.32509 ], [ 36.78483, 0.32519 ], [ 36.78484, 0.32523 ], [ 36.78485, 0.32529 ], [ 36.78487, 0.32542 ], [ 36.78488, 0.32551 ], [ 36.78488, 0.32557 ], [ 36.78488, 0.32559 ], [ 36.78492, 0.32569 ], [ 36.78492, 0.32569 ], [ 36.78492, 0.3257 ], [ 36.78495, 0.32579 ], [ 36.785, 0.32586 ], [ 36.78505, 0.32588 ], [ 36.78505, 0.32588 ], [ 36.78512, 0.32588 ], [ 36.78512, 0.32588 ], [ 36.78518, 0.32588 ], [ 36.78518, 0.32588 ], [ 36.78529, 0.32588 ], [ 36.78533, 0.32589 ], [ 36.78537, 0.3259 ], [ 36.78546, 0.32591 ], [ 36.78549, 0.32591 ], [ 36.78554, 0.32594 ], [ 36.7856, 0.32596 ], [ 36.78569, 0.32605 ], [ 36.78578, 0.32612 ], [ 36.78584, 0.32621 ], [ 36.78591, 0.32629 ], [ 36.78592, 0.32632 ], [ 36.78594, 0.32636 ], [ 36.78608, 0.32663 ], [ 36.78617, 0.32674 ], [ 36.78624, 0.3268 ], [ 36.78642, 0.32684 ], [ 36.78642, 0.32684 ], [ 36.78648, 0.32684 ], [ 36.78658, 0.32684 ], [ 36.78661, 0.32684 ], [ 36.78665, 0.32683 ], [ 36.78674, 0.32683 ], [ 36.78678, 0.32683 ], [ 36.78684, 0.32686 ], [ 36.78684, 0.32686 ], [ 36.7869, 0.32688 ], [ 36.78693, 0.3269 ], [ 36.78695, 0.32691 ], [ 36.78717, 0.32722 ], [ 36.78731, 0.32732 ], [ 36.78731, 0.32732 ], [ 36.78739, 0.3274 ], [ 36.78742, 0.32744 ], [ 36.78744, 0.32748 ], [ 36.78763, 0.32765 ], [ 36.78775, 0.32777 ], [ 36.78779, 0.3278 ], [ 36.78783, 0.32785 ], [ 36.78785, 0.32789 ], [ 36.78785, 0.32791 ], [ 36.78786, 0.32793 ], [ 36.78787, 0.32797 ], [ 36.78788, 0.32802 ], [ 36.78788, 0.32804 ], [ 36.78788, 0.3281 ], [ 36.78789, 0.32818 ], [ 36.78803, 0.32854 ], [ 36.78806, 0.32861 ], [ 36.7881, 0.32866 ], [ 36.78811, 0.32868 ], [ 36.78817, 0.32875 ], [ 36.78823, 0.32882 ], [ 36.78825, 0.32885 ], [ 36.78828, 0.32888 ], [ 36.78831, 0.32894 ], [ 36.78832, 0.32909 ], [ 36.78832, 0.3292 ], [ 36.78831, 0.32925 ], [ 36.78827, 0.32951 ], [ 36.78827, 0.32962 ], [ 36.78826, 0.32969 ], [ 36.78826, 0.3298 ], [ 36.78825, 0.32987 ], [ 36.78825, 0.3299 ], [ 36.78825, 0.32999 ], [ 36.78825, 0.33008 ], [ 36.78825, 0.33012 ], [ 36.78826, 0.33022 ], [ 36.78826, 0.33032 ], [ 36.78826, 0.33032 ], [ 36.78829, 0.3304 ], [ 36.78832, 0.33048 ], [ 36.78833, 0.33057 ], [ 36.78843, 0.33095 ], [ 36.78845, 0.33105 ], [ 36.78845, 0.33105 ], [ 36.78846, 0.33106 ], [ 36.7885, 0.33114 ], [ 36.78854, 0.33119 ], [ 36.78856, 0.33122 ], [ 36.78863, 0.33123 ], [ 36.78863, 0.33123 ], [ 36.78869, 0.33123 ], [ 36.78869, 0.33123 ], [ 36.78876, 0.33123 ], [ 36.78883, 0.33123 ], [ 36.78893, 0.33126 ], [ 36.78893, 0.33126 ], [ 36.78898, 0.3313 ], [ 36.78898, 0.3313 ], [ 36.78904, 0.33134 ], [ 36.78907, 0.33139 ], [ 36.78912, 0.33147 ], [ 36.78912, 0.33157 ], [ 36.78914, 0.33166 ], [ 36.78922, 0.33194 ], [ 36.78926, 0.33203 ], [ 36.78926, 0.33206 ], [ 36.78927, 0.33214 ], [ 36.78928, 0.33228 ], [ 36.78928, 0.33236 ], [ 36.78928, 0.33242 ], [ 36.78929, 0.33272 ], [ 36.7893, 0.33359 ], [ 36.78927, 0.33382 ], [ 36.78925, 0.33398 ], [ 36.78918, 0.33433 ], [ 36.78918, 0.33445 ], [ 36.78918, 0.33456 ], [ 36.78919, 0.33462 ], [ 36.78921, 0.33465 ], [ 36.78922, 0.33469 ], [ 36.78926, 0.33476 ], [ 36.78926, 0.33476 ], [ 36.78931, 0.33481 ], [ 36.78934, 0.33485 ], [ 36.78944, 0.33492 ], [ 36.7895, 0.335 ], [ 36.78951, 0.33505 ], [ 36.78951, 0.33505 ], [ 36.78947, 0.33519 ], [ 36.78939, 0.33527 ], [ 36.78914, 0.33558 ], [ 36.78899, 0.33573 ], [ 36.78888, 0.3358 ], [ 36.78875, 0.33591 ], [ 36.78872, 0.33593 ], [ 36.78867, 0.33597 ], [ 36.7886, 0.33601 ], [ 36.78857, 0.33603 ], [ 36.78845, 0.33605 ], [ 36.7883, 0.33606 ], [ 36.78815, 0.33605 ], [ 36.78806, 0.33599 ], [ 36.78792, 0.33595 ], [ 36.78789, 0.33595 ], [ 36.78785, 0.33595 ], [ 36.78781, 0.33594 ], [ 36.78774, 0.33594 ], [ 36.78759, 0.33594 ], [ 36.78744, 0.33596 ], [ 36.78744, 0.33596 ], [ 36.78744, 0.33596 ], [ 36.78735, 0.336 ], [ 36.7872, 0.33604 ], [ 36.7872, 0.33604 ], [ 36.78711, 0.33611 ], [ 36.78706, 0.33614 ], [ 36.78702, 0.33616 ], [ 36.78695, 0.33623 ], [ 36.78693, 0.33625 ], [ 36.7869, 0.33626 ], [ 36.78681, 0.3363 ], [ 36.78663, 0.33632 ], [ 36.78642, 0.33635 ], [ 36.78642, 0.33635 ], [ 36.78636, 0.33636 ], [ 36.78612, 0.33641 ], [ 36.78602, 0.33642 ], [ 36.78592, 0.33643 ], [ 36.78572, 0.33656 ], [ 36.78557, 0.33665 ], [ 36.78557, 0.33666 ], [ 36.78555, 0.33668 ], [ 36.78544, 0.3368 ], [ 36.78543, 0.33686 ], [ 36.78543, 0.33693 ], [ 36.78543, 0.33702 ], [ 36.78543, 0.33723 ], [ 36.78543, 0.33726 ], [ 36.78544, 0.33732 ], [ 36.78546, 0.33742 ], [ 36.78546, 0.33753 ], [ 36.78546, 0.33753 ], [ 36.78544, 0.33766 ], [ 36.78542, 0.33771 ], [ 36.7854, 0.33776 ], [ 36.78538, 0.33778 ], [ 36.78534, 0.33784 ], [ 36.78532, 0.33786 ], [ 36.78527, 0.33791 ], [ 36.78519, 0.33798 ], [ 36.7849, 0.33826 ], [ 36.78471, 0.33844 ], [ 36.78466, 0.3385 ], [ 36.78461, 0.33857 ], [ 36.78457, 0.33865 ], [ 36.78453, 0.33871 ], [ 36.78452, 0.33877 ], [ 36.78451, 0.33883 ], [ 36.78449, 0.33895 ], [ 36.78446, 0.33911 ], [ 36.78443, 0.33917 ], [ 36.78436, 0.3393 ], [ 36.78435, 0.33937 ], [ 36.78434, 0.33945 ], [ 36.78431, 0.3395 ], [ 36.78428, 0.33955 ], [ 36.78421, 0.33961 ], [ 36.78408, 0.33965 ], [ 36.78408, 0.33965 ], [ 36.78392, 0.33972 ], [ 36.7839, 0.33973 ], [ 36.78382, 0.33974 ], [ 36.78379, 0.33974 ], [ 36.78371, 0.33976 ], [ 36.78364, 0.33983 ], [ 36.78363, 0.33983 ], [ 36.78351, 0.33998 ], [ 36.78347, 0.34003 ], [ 36.78341, 0.34011 ], [ 36.78322, 0.34082 ], [ 36.78308, 0.34134 ], [ 36.78304, 0.34155 ], [ 36.78303, 0.34163 ], [ 36.78304, 0.34166 ], [ 36.78306, 0.34172 ], [ 36.78308, 0.3418 ], [ 36.78314, 0.34191 ], [ 36.78321, 0.34206 ], [ 36.78324, 0.34225 ], [ 36.78325, 0.34234 ], [ 36.78326, 0.34239 ], [ 36.78326, 0.34244 ], [ 36.78325, 0.34249 ], [ 36.78325, 0.34255 ], [ 36.78319, 0.34283 ], [ 36.78319, 0.34296 ], [ 36.78321, 0.34305 ], [ 36.78323, 0.34313 ], [ 36.78325, 0.34318 ], [ 36.78326, 0.3432 ], [ 36.78326, 0.34324 ], [ 36.78326, 0.34326 ], [ 36.78328, 0.34333 ], [ 36.78329, 0.3434 ], [ 36.78329, 0.34352 ], [ 36.78328, 0.34354 ], [ 36.78325, 0.34358 ], [ 36.78324, 0.3436 ], [ 36.78321, 0.34366 ], [ 36.78315, 0.34369 ], [ 36.78313, 0.3437 ], [ 36.78313, 0.3437 ], [ 36.78306, 0.34371 ], [ 36.78306, 0.34371 ], [ 36.78299, 0.34375 ], [ 36.7829, 0.34384 ], [ 36.78288, 0.34387 ], [ 36.78282, 0.34395 ], [ 36.7828, 0.34405 ], [ 36.7828, 0.34407 ], [ 36.7828, 0.34419 ], [ 36.7828, 0.34433 ], [ 36.7828, 0.34448 ], [ 36.78283, 0.34458 ], [ 36.78287, 0.34463 ], [ 36.78294, 0.34465 ], [ 36.78301, 0.34467 ], [ 36.78306, 0.34467 ], [ 36.78308, 0.34468 ], [ 36.78311, 0.34468 ], [ 36.78319, 0.34468 ], [ 36.78319, 0.34468 ], [ 36.78328, 0.34468 ], [ 36.78328, 0.34468 ], [ 36.78334, 0.34468 ], [ 36.78348, 0.34477 ], [ 36.78355, 0.34484 ], [ 36.78355, 0.34488 ], [ 36.78356, 0.34491 ], [ 36.78354, 0.34498 ], [ 36.78351, 0.34501 ], [ 36.78349, 0.34503 ], [ 36.78348, 0.34505 ], [ 36.78346, 0.34507 ], [ 36.7834, 0.34513 ], [ 36.78338, 0.34516 ], [ 36.78331, 0.34522 ], [ 36.78321, 0.3453 ], [ 36.78313, 0.34536 ], [ 36.78308, 0.3454 ], [ 36.78302, 0.34548 ], [ 36.783, 0.34557 ], [ 36.78297, 0.34578 ], [ 36.783, 0.34587 ], [ 36.78301, 0.34591 ], [ 36.78302, 0.34594 ], [ 36.78306, 0.34602 ], [ 36.78312, 0.34611 ], [ 36.78323, 0.34622 ], [ 36.78327, 0.34626 ], [ 36.78332, 0.3463 ], [ 36.78341, 0.34639 ], [ 36.78341, 0.34639 ], [ 36.78378, 0.34669 ], [ 36.78395, 0.3468 ], [ 36.78403, 0.34686 ], [ 36.78405, 0.34688 ], [ 36.78413, 0.34698 ], [ 36.78417, 0.34706 ], [ 36.7842, 0.34714 ], [ 36.78422, 0.34717 ], [ 36.78427, 0.34726 ], [ 36.78432, 0.34739 ], [ 36.78436, 0.34748 ], [ 36.7844, 0.34762 ], [ 36.78442, 0.34775 ], [ 36.78442, 0.34785 ], [ 36.78442, 0.34787 ], [ 36.78442, 0.34791 ], [ 36.78462, 0.34929 ], [ 36.78468, 0.34944 ], [ 36.78472, 0.34972 ], [ 36.78472, 0.34981 ], [ 36.78472, 0.34989 ], [ 36.78468, 0.34997 ], [ 36.78468, 0.34998 ], [ 36.78464, 0.35002 ], [ 36.78459, 0.35002 ], [ 36.78459, 0.35002 ], [ 36.78456, 0.35001 ], [ 36.78452, 0.34999 ], [ 36.78436, 0.34986 ], [ 36.78427, 0.34982 ], [ 36.78427, 0.34982 ], [ 36.78417, 0.34982 ], [ 36.78407, 0.34985 ], [ 36.78407, 0.34985 ], [ 36.78395, 0.3499 ], [ 36.78392, 0.34993 ], [ 36.78387, 0.34999 ], [ 36.78385, 0.35003 ], [ 36.78382, 0.35008 ], [ 36.78366, 0.35032 ], [ 36.78362, 0.35038 ], [ 36.7836, 0.35042 ], [ 36.78349, 0.35049 ], [ 36.78334, 0.35051 ], [ 36.78329, 0.35051 ], [ 36.78312, 0.35055 ], [ 36.78308, 0.35059 ], [ 36.78303, 0.35064 ], [ 36.78299, 0.35071 ], [ 36.78297, 0.35074 ], [ 36.78295, 0.35079 ], [ 36.78293, 0.35091 ], [ 36.78293, 0.35102 ], [ 36.78293, 0.35102 ], [ 36.7829, 0.35107 ], [ 36.7829, 0.35113 ], [ 36.78289, 0.35115 ], [ 36.78288, 0.35117 ], [ 36.78283, 0.35124 ], [ 36.78276, 0.35131 ], [ 36.78265, 0.35138 ], [ 36.78259, 0.35144 ], [ 36.78252, 0.35155 ], [ 36.78251, 0.35155 ], [ 36.78248, 0.35158 ], [ 36.78237, 0.35182 ], [ 36.78235, 0.35198 ], [ 36.78234, 0.35207 ], [ 36.78234, 0.35207 ], [ 36.78235, 0.35233 ], [ 36.78235, 0.35246 ], [ 36.78236, 0.35249 ], [ 36.78236, 0.35256 ], [ 36.78236, 0.35264 ], [ 36.78236, 0.35273 ], [ 36.78234, 0.35282 ], [ 36.78234, 0.35283 ], [ 36.78229, 0.35293 ], [ 36.78221, 0.35299 ], [ 36.78221, 0.35299 ], [ 36.78213, 0.35303 ], [ 36.78206, 0.35309 ], [ 36.78195, 0.35313 ], [ 36.78195, 0.35313 ], [ 36.78191, 0.35316 ], [ 36.78184, 0.35323 ], [ 36.78177, 0.35333 ], [ 36.78174, 0.35338 ], [ 36.7817, 0.35363 ], [ 36.7817, 0.35371 ], [ 36.78163, 0.35387 ], [ 36.78159, 0.35394 ], [ 36.78151, 0.35402 ], [ 36.78151, 0.35402 ], [ 36.78143, 0.35406 ], [ 36.78136, 0.35412 ], [ 36.78129, 0.35417 ], [ 36.78125, 0.35422 ], [ 36.78123, 0.35424 ], [ 36.78109, 0.35434 ], [ 36.78106, 0.3544 ], [ 36.78104, 0.35443 ], [ 36.78098, 0.35467 ], [ 36.78098, 0.35467 ], [ 36.78098, 0.3548 ], [ 36.78101, 0.35492 ], [ 36.78103, 0.35499 ], [ 36.78104, 0.35502 ], [ 36.78105, 0.35503 ], [ 36.78111, 0.35511 ], [ 36.78114, 0.35515 ], [ 36.78116, 0.35518 ], [ 36.78119, 0.35523 ], [ 36.78121, 0.35527 ], [ 36.78122, 0.35538 ], [ 36.78121, 0.3555 ], [ 36.7812, 0.35553 ], [ 36.78115, 0.3556 ], [ 36.78111, 0.35563 ], [ 36.78107, 0.35566 ], [ 36.78086, 0.35584 ], [ 36.78084, 0.35586 ], [ 36.78083, 0.35588 ], [ 36.78073, 0.35607 ], [ 36.78072, 0.3561 ], [ 36.78071, 0.35613 ], [ 36.78068, 0.35622 ], [ 36.78068, 0.35631 ], [ 36.78066, 0.3564 ], [ 36.78065, 0.35651 ], [ 36.78063, 0.35661 ], [ 36.78057, 0.35668 ], [ 36.78051, 0.3568 ], [ 36.78051, 0.3568 ], [ 36.78051, 0.35686 ], [ 36.78051, 0.3572 ], [ 36.78051, 0.3572 ], [ 36.78053, 0.35733 ], [ 36.78055, 0.3574 ], [ 36.78055, 0.35745 ], [ 36.78053, 0.35758 ], [ 36.78051, 0.35761 ], [ 36.78046, 0.3577 ], [ 36.78036, 0.35779 ], [ 36.78032, 0.35782 ], [ 36.78031, 0.35783 ], [ 36.78017, 0.35795 ], [ 36.78011, 0.35801 ], [ 36.78009, 0.35803 ], [ 36.78008, 0.35805 ], [ 36.78005, 0.35809 ], [ 36.78005, 0.35819 ], [ 36.78003, 0.3583 ], [ 36.78002, 0.35835 ], [ 36.78001, 0.3584 ], [ 36.78, 0.35845 ], [ 36.77998, 0.35852 ], [ 36.77989, 0.35858 ], [ 36.77985, 0.35862 ], [ 36.77983, 0.35863 ], [ 36.77974, 0.35867 ], [ 36.77968, 0.35872 ], [ 36.77962, 0.35878 ], [ 36.77961, 0.35882 ], [ 36.77961, 0.35884 ], [ 36.7796, 0.35889 ], [ 36.77961, 0.35893 ], [ 36.77961, 0.35895 ], [ 36.77961, 0.359 ], [ 36.77963, 0.35902 ], [ 36.77965, 0.35905 ], [ 36.77966, 0.35907 ], [ 36.77969, 0.3591 ], [ 36.77974, 0.35916 ], [ 36.77974, 0.35916 ], [ 36.77984, 0.3593 ], [ 36.77984, 0.35938 ], [ 36.77984, 0.35941 ], [ 36.77983, 0.35947 ], [ 36.77981, 0.35952 ], [ 36.77979, 0.35956 ], [ 36.77975, 0.35962 ], [ 36.77975, 0.35962 ], [ 36.77962, 0.35981 ], [ 36.77954, 0.35994 ], [ 36.77953, 0.35996 ], [ 36.77951, 0.36 ], [ 36.77951, 0.36004 ], [ 36.77951, 0.36004 ], [ 36.77951, 0.36004 ], [ 36.77947, 0.36013 ], [ 36.77947, 0.36022 ], [ 36.77948, 0.36028 ], [ 36.77951, 0.36033 ], [ 36.77955, 0.3604 ], [ 36.77957, 0.36048 ], [ 36.77958, 0.36058 ], [ 36.77961, 0.36064 ], [ 36.77962, 0.36072 ], [ 36.77964, 0.36081 ], [ 36.77968, 0.36085 ], [ 36.77977, 0.36093 ], [ 36.77983, 0.36103 ], [ 36.7799, 0.36111 ], [ 36.77992, 0.36113 ], [ 36.77998, 0.36119 ], [ 36.78003, 0.36124 ], [ 36.78005, 0.36131 ], [ 36.78009, 0.36133 ], [ 36.78014, 0.36141 ], [ 36.78017, 0.36148 ], [ 36.78017, 0.36157 ], [ 36.78017, 0.36169 ], [ 36.78012, 0.36238 ], [ 36.78012, 0.36238 ], [ 36.78012, 0.36271 ], [ 36.78012, 0.36272 ], [ 36.7801, 0.36276 ], [ 36.78006, 0.36282 ], [ 36.78005, 0.36283 ], [ 36.77995, 0.36293 ], [ 36.77988, 0.36301 ], [ 36.77976, 0.36311 ], [ 36.77975, 0.36311 ], [ 36.77975, 0.36311 ], [ 36.77957, 0.36319 ], [ 36.77957, 0.36319 ], [ 36.77952, 0.3632 ], [ 36.77941, 0.36324 ], [ 36.77929, 0.36332 ], [ 36.77913, 0.3634 ], [ 36.77908, 0.36345 ], [ 36.77902, 0.3635 ], [ 36.779, 0.36352 ], [ 36.77894, 0.36358 ], [ 36.77891, 0.36365 ], [ 36.7789, 0.36369 ], [ 36.77891, 0.36373 ], [ 36.77891, 0.36375 ], [ 36.77891, 0.36376 ], [ 36.77892, 0.36381 ], [ 36.77896, 0.36388 ], [ 36.77905, 0.36393 ], [ 36.77906, 0.36394 ], [ 36.7791, 0.36398 ], [ 36.77916, 0.36402 ], [ 36.77919, 0.36404 ], [ 36.77929, 0.36409 ], [ 36.77934, 0.36414 ], [ 36.77938, 0.36418 ], [ 36.77939, 0.36419 ], [ 36.77943, 0.36423 ], [ 36.77945, 0.36426 ], [ 36.77947, 0.36429 ], [ 36.77947, 0.36431 ], [ 36.77947, 0.36432 ], [ 36.77949, 0.3644 ], [ 36.77956, 0.36469 ], [ 36.77956, 0.36474 ], [ 36.77957, 0.36475 ], [ 36.77958, 0.36484 ], [ 36.7796, 0.36486 ], [ 36.7796, 0.36486 ], [ 36.77964, 0.36487 ], [ 36.77973, 0.36487 ], [ 36.77973, 0.36487 ], [ 36.77978, 0.36483 ], [ 36.77981, 0.36481 ], [ 36.77985, 0.36479 ], [ 36.77988, 0.36476 ], [ 36.77988, 0.36475 ], [ 36.77992, 0.36476 ], [ 36.77994, 0.36476 ], [ 36.77994, 0.36476 ], [ 36.77997, 0.36479 ], [ 36.78001, 0.36484 ], [ 36.78005, 0.3649 ], [ 36.78007, 0.36494 ], [ 36.78008, 0.36497 ], [ 36.78012, 0.36505 ], [ 36.78012, 0.36513 ], [ 36.78012, 0.36521 ], [ 36.78009, 0.36531 ], [ 36.78007, 0.3654 ], [ 36.78, 0.36547 ], [ 36.77996, 0.36553 ], [ 36.77996, 0.36563 ], [ 36.77997, 0.36566 ], [ 36.77997, 0.3657 ], [ 36.77997, 0.36575 ], [ 36.77998, 0.36578 ], [ 36.77999, 0.36587 ], [ 36.78001, 0.36596 ], [ 36.78002, 0.36598 ], [ 36.78004, 0.366 ], [ 36.78005, 0.36605 ], [ 36.78005, 0.36618 ], [ 36.78003, 0.36624 ], [ 36.78002, 0.36626 ], [ 36.78003, 0.36652 ], [ 36.78002, 0.36658 ], [ 36.77998, 0.36681 ], [ 36.78001, 0.36695 ], [ 36.78006, 0.36707 ], [ 36.7801, 0.36719 ], [ 36.78016, 0.36728 ], [ 36.78024, 0.36735 ], [ 36.78033, 0.36743 ], [ 36.78037, 0.36746 ], [ 36.78042, 0.3675 ], [ 36.78052, 0.36754 ], [ 36.78063, 0.36758 ], [ 36.78079, 0.36761 ], [ 36.78079, 0.36761 ], [ 36.7809, 0.36763 ], [ 36.7809, 0.36763 ], [ 36.78103, 0.36764 ], [ 36.78103, 0.36764 ], [ 36.78111, 0.36765 ], [ 36.78114, 0.36765 ], [ 36.78118, 0.36766 ], [ 36.78126, 0.36766 ], [ 36.78126, 0.36766 ], [ 36.78132, 0.36769 ], [ 36.78133, 0.3677 ], [ 36.78137, 0.36774 ], [ 36.78138, 0.36776 ], [ 36.7814, 0.36779 ], [ 36.78141, 0.36786 ], [ 36.78143, 0.36789 ], [ 36.78146, 0.36795 ], [ 36.78148, 0.36809 ], [ 36.7815, 0.36817 ], [ 36.78151, 0.36831 ], [ 36.78152, 0.36836 ], [ 36.78154, 0.36839 ], [ 36.78157, 0.36847 ], [ 36.78164, 0.36854 ], [ 36.78165, 0.36861 ], [ 36.78165, 0.36867 ], [ 36.78165, 0.36869 ], [ 36.78167, 0.36877 ], [ 36.78169, 0.36883 ], [ 36.78169, 0.3689 ], [ 36.78173, 0.36916 ], [ 36.78174, 0.36922 ], [ 36.78174, 0.36926 ], [ 36.78172, 0.36939 ], [ 36.78172, 0.36947 ], [ 36.78171, 0.36953 ], [ 36.78166, 0.36961 ], [ 36.78163, 0.36968 ], [ 36.78153, 0.36977 ], [ 36.78145, 0.36982 ], [ 36.7814, 0.36985 ], [ 36.78135, 0.36989 ], [ 36.78132, 0.36991 ], [ 36.78126, 0.36997 ], [ 36.78119, 0.37011 ], [ 36.78119, 0.37017 ], [ 36.78116, 0.37056 ], [ 36.78111, 0.37133 ], [ 36.7811, 0.37163 ], [ 36.78111, 0.37175 ], [ 36.78114, 0.37186 ], [ 36.7812, 0.37194 ], [ 36.78126, 0.37205 ], [ 36.7813, 0.37212 ], [ 36.78131, 0.37214 ], [ 36.78135, 0.3722 ], [ 36.78137, 0.37223 ], [ 36.78139, 0.37225 ], [ 36.78141, 0.37231 ], [ 36.78142, 0.37237 ], [ 36.78144, 0.37246 ], [ 36.78144, 0.37253 ], [ 36.78144, 0.37259 ], [ 36.78141, 0.37265 ], [ 36.7814, 0.37268 ], [ 36.78139, 0.37272 ], [ 36.78127, 0.37293 ], [ 36.78122, 0.37304 ], [ 36.78122, 0.37304 ], [ 36.78121, 0.37317 ], [ 36.7812, 0.37328 ], [ 36.78119, 0.37334 ], [ 36.78119, 0.3734 ], [ 36.78119, 0.37347 ], [ 36.78118, 0.37351 ], [ 36.78118, 0.37353 ], [ 36.78116, 0.37359 ], [ 36.78113, 0.37406 ], [ 36.78113, 0.3742 ], [ 36.78114, 0.37425 ], [ 36.78114, 0.3743 ], [ 36.78115, 0.37433 ], [ 36.78116, 0.37438 ], [ 36.78122, 0.37451 ], [ 36.78125, 0.37456 ], [ 36.78129, 0.37464 ], [ 36.7813, 0.37471 ], [ 36.78133, 0.37477 ], [ 36.78133, 0.37488 ], [ 36.78131, 0.37501 ], [ 36.7813, 0.37507 ], [ 36.7813, 0.3751 ], [ 36.7813, 0.37519 ], [ 36.7813, 0.37529 ], [ 36.7813, 0.37529 ], [ 36.7813, 0.3754 ], [ 36.7813, 0.37549 ], [ 36.78129, 0.37567 ], [ 36.78126, 0.37573 ], [ 36.78115, 0.37645 ], [ 36.78109, 0.37683 ], [ 36.78107, 0.37697 ], [ 36.78107, 0.37709 ], [ 36.78107, 0.37717 ], [ 36.78108, 0.3772 ], [ 36.77847, 0.37641 ], [ 36.77308, 0.37477 ], [ 36.75573, 0.3695 ], [ 36.74856, 0.37869 ], [ 36.74397, 0.38457 ], [ 36.74147, 0.38777 ], [ 36.74102, 0.38836 ], [ 36.74095, 0.38855 ], [ 36.73555, 0.40241 ], [ 36.73414, 0.40602 ], [ 36.73264, 0.40987 ], [ 36.72861, 0.42022 ], [ 36.72856, 0.42034 ], [ 36.72853, 0.42041 ], [ 36.72637, 0.42596 ], [ 36.72626, 0.42624 ], [ 36.72615, 0.42654 ], [ 36.72459, 0.43053 ], [ 36.72275, 0.43526 ], [ 36.72214, 0.43506 ], [ 36.72177, 0.43492 ], [ 36.72167, 0.43486 ], [ 36.72161, 0.43482 ], [ 36.72139, 0.43479 ], [ 36.72122, 0.43473 ], [ 36.72107, 0.43467 ], [ 36.72088, 0.43459 ], [ 36.72062, 0.43451 ], [ 36.72058, 0.43441 ], [ 36.72051, 0.43434 ], [ 36.72045, 0.43429 ], [ 36.72036, 0.43426 ], [ 36.72028, 0.43423 ], [ 36.72007, 0.43422 ], [ 36.72003, 0.4342 ], [ 36.71975, 0.4342 ], [ 36.71958, 0.43422 ], [ 36.71918, 0.43427 ], [ 36.71889, 0.43426 ], [ 36.71868, 0.43426 ], [ 36.7184, 0.43425 ], [ 36.71815, 0.43425 ], [ 36.71796, 0.43426 ], [ 36.71775, 0.43426 ], [ 36.71754, 0.43426 ], [ 36.7173, 0.43426 ], [ 36.71709, 0.43427 ], [ 36.71672, 0.4343 ], [ 36.7164, 0.43435 ], [ 36.71618, 0.4344 ], [ 36.71593, 0.43443 ], [ 36.71562, 0.43441 ], [ 36.71549, 0.43432 ], [ 36.71532, 0.43429 ], [ 36.71511, 0.43427 ], [ 36.71491, 0.43418 ], [ 36.71478, 0.43404 ], [ 36.71468, 0.43393 ], [ 36.71462, 0.43383 ], [ 36.71459, 0.43377 ], [ 36.71452, 0.43368 ], [ 36.71445, 0.43368 ], [ 36.71434, 0.43368 ], [ 36.71426, 0.43369 ], [ 36.71416, 0.43379 ], [ 36.71414, 0.43384 ], [ 36.71406, 0.43389 ], [ 36.7139, 0.43405 ], [ 36.71371, 0.43426 ], [ 36.71358, 0.4343 ], [ 36.71347, 0.43437 ], [ 36.71329, 0.43439 ], [ 36.71311, 0.4344 ], [ 36.71299, 0.4344 ], [ 36.71284, 0.4344 ], [ 36.71269, 0.4344 ], [ 36.71257, 0.4344 ], [ 36.71238, 0.43439 ], [ 36.71225, 0.43436 ], [ 36.71189, 0.43435 ], [ 36.71175, 0.43428 ], [ 36.71158, 0.43427 ], [ 36.71144, 0.43429 ], [ 36.71128, 0.4343 ], [ 36.71115, 0.4343 ], [ 36.71106, 0.43435 ], [ 36.71075, 0.43442 ], [ 36.71062, 0.43446 ], [ 36.7105, 0.43453 ], [ 36.71041, 0.43457 ], [ 36.71026, 0.43457 ], [ 36.71015, 0.43457 ], [ 36.70995, 0.43457 ], [ 36.70983, 0.43453 ], [ 36.70958, 0.43448 ], [ 36.7094, 0.43447 ], [ 36.70919, 0.43446 ], [ 36.70893, 0.43446 ], [ 36.70877, 0.43443 ], [ 36.70845, 0.43431 ], [ 36.7083, 0.43414 ], [ 36.70805, 0.43396 ], [ 36.70777, 0.43362 ], [ 36.70753, 0.43308 ], [ 36.70734, 0.43265 ], [ 36.70713, 0.43204 ], [ 36.70693, 0.4316 ], [ 36.70681, 0.43126 ], [ 36.70653, 0.43003 ], [ 36.70647, 0.42976 ], [ 36.70646, 0.42958 ], [ 36.70641, 0.42941 ], [ 36.70639, 0.42922 ], [ 36.70634, 0.42847 ], [ 36.70634, 0.42834 ], [ 36.70635, 0.42813 ], [ 36.70633, 0.42794 ], [ 36.70633, 0.42766 ], [ 36.70627, 0.42749 ], [ 36.70626, 0.42737 ], [ 36.7062, 0.42722 ], [ 36.7061, 0.4271 ], [ 36.70605, 0.42701 ], [ 36.70599, 0.42691 ], [ 36.70588, 0.4268 ], [ 36.70582, 0.42669 ], [ 36.70579, 0.42661 ], [ 36.70572, 0.42628 ], [ 36.70567, 0.42618 ], [ 36.70562, 0.42593 ], [ 36.70547, 0.42575 ], [ 36.70541, 0.4257 ], [ 36.70532, 0.42554 ], [ 36.70526, 0.42543 ], [ 36.7052, 0.42532 ], [ 36.70512, 0.42518 ], [ 36.70506, 0.42504 ], [ 36.70505, 0.42462 ], [ 36.70503, 0.42449 ], [ 36.70487, 0.42426 ], [ 36.70472, 0.42416 ], [ 36.7046, 0.42409 ], [ 36.7045, 0.42405 ], [ 36.70429, 0.42402 ], [ 36.70414, 0.42399 ], [ 36.70394, 0.42399 ], [ 36.70387, 0.42399 ], [ 36.70335, 0.42399 ], [ 36.70313, 0.42399 ], [ 36.70291, 0.42396 ], [ 36.70268, 0.42395 ], [ 36.70253, 0.42391 ], [ 36.70245, 0.42383 ], [ 36.70234, 0.42377 ], [ 36.70223, 0.42375 ], [ 36.70205, 0.42374 ], [ 36.70187, 0.42372 ], [ 36.70152, 0.42364 ], [ 36.70134, 0.42359 ], [ 36.70113, 0.42349 ], [ 36.70096, 0.42344 ], [ 36.70055, 0.42338 ], [ 36.69997, 0.42335 ], [ 36.69971, 0.42335 ], [ 36.69825, 0.42335 ], [ 36.69769, 0.42335 ], [ 36.69714, 0.42343 ], [ 36.69703, 0.42343 ], [ 36.69677, 0.42343 ], [ 36.69653, 0.42343 ], [ 36.69633, 0.42342 ], [ 36.69619, 0.42336 ], [ 36.696, 0.4233 ], [ 36.69591, 0.42323 ], [ 36.69571, 0.42318 ], [ 36.69536, 0.42315 ], [ 36.69518, 0.4231 ], [ 36.69496, 0.42301 ], [ 36.69475, 0.42298 ], [ 36.69435, 0.42297 ], [ 36.69405, 0.42297 ], [ 36.69336, 0.42297 ], [ 36.6931, 0.42297 ], [ 36.69286, 0.42298 ], [ 36.69269, 0.42298 ], [ 36.69235, 0.42312 ], [ 36.69169, 0.42341 ], [ 36.69123, 0.42355 ], [ 36.69068, 0.42383 ], [ 36.69013, 0.42397 ], [ 36.68959, 0.42415 ], [ 36.68926, 0.42421 ], [ 36.68892, 0.42431 ], [ 36.68857, 0.4244 ], [ 36.6881, 0.42443 ], [ 36.68741, 0.4246 ], [ 36.68712, 0.42466 ], [ 36.68643, 0.42474 ], [ 36.6862, 0.4248 ], [ 36.68579, 0.42488 ], [ 36.68561, 0.42489 ], [ 36.68534, 0.42489 ], [ 36.68511, 0.42489 ], [ 36.68487, 0.42489 ], [ 36.68432, 0.42489 ], [ 36.68411, 0.42487 ], [ 36.68396, 0.4248 ], [ 36.68374, 0.42466 ], [ 36.68342, 0.42444 ], [ 36.68314, 0.42421 ], [ 36.68293, 0.42405 ], [ 36.68268, 0.42395 ], [ 36.68254, 0.42388 ], [ 36.68237, 0.42389 ], [ 36.6819, 0.42395 ], [ 36.68176, 0.42395 ], [ 36.68152, 0.42395 ], [ 36.68144, 0.42393 ], [ 36.68137, 0.42385 ], [ 36.68127, 0.42373 ], [ 36.68102, 0.42353 ], [ 36.68043, 0.42287 ], [ 36.6803, 0.42269 ], [ 36.6802, 0.42251 ], [ 36.68003, 0.42238 ], [ 36.67973, 0.4222 ], [ 36.67935, 0.42189 ], [ 36.67923, 0.42179 ], [ 36.67897, 0.42151 ], [ 36.67829, 0.42097 ], [ 36.67811, 0.42082 ], [ 36.67802, 0.42063 ], [ 36.67802, 0.42028 ], [ 36.67796, 0.42005 ], [ 36.67776, 0.41985 ], [ 36.67766, 0.4198 ], [ 36.6775, 0.4198 ], [ 36.67735, 0.41975 ], [ 36.67723, 0.41965 ], [ 36.67711, 0.41956 ], [ 36.6769, 0.41945 ], [ 36.67677, 0.41943 ], [ 36.67664, 0.41942 ], [ 36.67647, 0.41942 ], [ 36.67633, 0.41942 ], [ 36.67622, 0.41938 ], [ 36.67615, 0.41931 ], [ 36.67608, 0.41925 ], [ 36.67602, 0.41919 ], [ 36.67592, 0.41912 ], [ 36.67559, 0.41902 ], [ 36.67532, 0.41893 ], [ 36.67512, 0.41887 ], [ 36.67496, 0.41885 ], [ 36.67476, 0.41885 ], [ 36.67455, 0.41885 ], [ 36.67437, 0.41882 ], [ 36.67418, 0.41874 ], [ 36.674, 0.41864 ], [ 36.67369, 0.41843 ], [ 36.67359, 0.41829 ], [ 36.67337, 0.41817 ], [ 36.67314, 0.41808 ], [ 36.67297, 0.4179 ], [ 36.67293, 0.41779 ], [ 36.67289, 0.41766 ], [ 36.67282, 0.41757 ], [ 36.67276, 0.41748 ], [ 36.67271, 0.41739 ], [ 36.67258, 0.41727 ], [ 36.67245, 0.41716 ], [ 36.67233, 0.41697 ], [ 36.67205, 0.41665 ], [ 36.67196, 0.41658 ], [ 36.67183, 0.41651 ], [ 36.67171, 0.41649 ], [ 36.6715, 0.41644 ], [ 36.67126, 0.41623 ], [ 36.67121, 0.41612 ], [ 36.67118, 0.41602 ], [ 36.67116, 0.41572 ], [ 36.67109, 0.41547 ], [ 36.67104, 0.41535 ], [ 36.67096, 0.41523 ], [ 36.67083, 0.41504 ], [ 36.6707, 0.41488 ], [ 36.67061, 0.41479 ], [ 36.67044, 0.41453 ], [ 36.67041, 0.41441 ], [ 36.67041, 0.41433 ], [ 36.67041, 0.4142 ], [ 36.67041, 0.41409 ], [ 36.67041, 0.41394 ], [ 36.67043, 0.41381 ], [ 36.67057, 0.41353 ], [ 36.6706, 0.41345 ], [ 36.67065, 0.41338 ], [ 36.67077, 0.41318 ], [ 36.67088, 0.41287 ], [ 36.67101, 0.41265 ], [ 36.6711, 0.41245 ], [ 36.67111, 0.41236 ], [ 36.67111, 0.41224 ], [ 36.67108, 0.41213 ], [ 36.67105, 0.412 ], [ 36.67098, 0.41179 ], [ 36.67086, 0.4116 ], [ 36.67076, 0.41145 ], [ 36.67051, 0.41104 ], [ 36.67026, 0.41069 ], [ 36.67009, 0.41038 ], [ 36.66988, 0.41019 ], [ 36.66953, 0.40972 ], [ 36.66918, 0.40947 ], [ 36.66895, 0.40919 ], [ 36.66871, 0.40882 ], [ 36.66868, 0.40853 ], [ 36.66868, 0.40842 ], [ 36.66868, 0.40828 ], [ 36.66867, 0.40809 ], [ 36.66867, 0.40773 ], [ 36.66858, 0.40764 ], [ 36.66856, 0.40749 ], [ 36.66853, 0.40728 ], [ 36.66846, 0.4072 ], [ 36.6684, 0.40711 ], [ 36.66824, 0.40701 ], [ 36.66811, 0.40694 ], [ 36.66795, 0.4069 ], [ 36.66779, 0.40675 ], [ 36.66773, 0.40668 ], [ 36.6676, 0.40652 ], [ 36.66735, 0.40621 ], [ 36.66699, 0.4059 ], [ 36.6667, 0.40565 ], [ 36.66644, 0.40548 ], [ 36.66636, 0.40539 ], [ 36.66624, 0.40528 ], [ 36.66604, 0.40527 ], [ 36.66578, 0.40525 ], [ 36.66549, 0.40509 ], [ 36.6653, 0.40502 ], [ 36.6651, 0.40494 ], [ 36.66497, 0.40483 ], [ 36.66472, 0.40467 ], [ 36.6644, 0.40438 ], [ 36.66389, 0.40386 ], [ 36.66346, 0.40326 ], [ 36.66318, 0.40278 ], [ 36.663, 0.40237 ], [ 36.66296, 0.40194 ], [ 36.66299, 0.40164 ], [ 36.663, 0.40143 ], [ 36.663, 0.40129 ], [ 36.66308, 0.40103 ], [ 36.66317, 0.40083 ], [ 36.66322, 0.40072 ], [ 36.66331, 0.40054 ], [ 36.66335, 0.40042 ], [ 36.66342, 0.40029 ], [ 36.66347, 0.40009 ], [ 36.66354, 0.39987 ], [ 36.66369, 0.39942 ], [ 36.66373, 0.39924 ], [ 36.66378, 0.39914 ], [ 36.6638, 0.39905 ], [ 36.66381, 0.39892 ], [ 36.66384, 0.39866 ], [ 36.66391, 0.39844 ], [ 36.66392, 0.39813 ], [ 36.6639, 0.3979 ], [ 36.6639, 0.39783 ], [ 36.66389, 0.39771 ], [ 36.66383, 0.39735 ], [ 36.66375, 0.39722 ], [ 36.66365, 0.39697 ], [ 36.66352, 0.39662 ], [ 36.66349, 0.39654 ], [ 36.66346, 0.39644 ], [ 36.66342, 0.39632 ], [ 36.66331, 0.39621 ], [ 36.66327, 0.39609 ], [ 36.66318, 0.39596 ], [ 36.66309, 0.39582 ], [ 36.66297, 0.3956 ], [ 36.66275, 0.39527 ], [ 36.66261, 0.39489 ], [ 36.6625, 0.39456 ], [ 36.66243, 0.39426 ], [ 36.66241, 0.39395 ], [ 36.66221, 0.39357 ], [ 36.66205, 0.39324 ], [ 36.66191, 0.39298 ], [ 36.66171, 0.39271 ], [ 36.66139, 0.39243 ], [ 36.66114, 0.39222 ], [ 36.66092, 0.39199 ], [ 36.66044, 0.3917 ], [ 36.65996, 0.39149 ], [ 36.65963, 0.39128 ], [ 36.65917, 0.39103 ], [ 36.65906, 0.39096 ], [ 36.65896, 0.39093 ], [ 36.6588, 0.3909 ], [ 36.65854, 0.3909 ], [ 36.65839, 0.39089 ], [ 36.6582, 0.39087 ], [ 36.65799, 0.39088 ], [ 36.6579, 0.39083 ], [ 36.65779, 0.39068 ], [ 36.65735, 0.39046 ], [ 36.65689, 0.39011 ], [ 36.65668, 0.38996 ], [ 36.65653, 0.38989 ], [ 36.65639, 0.38978 ], [ 36.65626, 0.38971 ], [ 36.6561, 0.38964 ], [ 36.65589, 0.38953 ], [ 36.65562, 0.38951 ], [ 36.65552, 0.38945 ], [ 36.65542, 0.38934 ], [ 36.65533, 0.38922 ], [ 36.6552, 0.38911 ], [ 36.65516, 0.38901 ], [ 36.6551, 0.38885 ], [ 36.65499, 0.38824 ], [ 36.65499, 0.38817 ], [ 36.65501, 0.38804 ], [ 36.65507, 0.38795 ], [ 36.6551, 0.38785 ], [ 36.65513, 0.38765 ], [ 36.65517, 0.38737 ], [ 36.65512, 0.38695 ], [ 36.65513, 0.38648 ], [ 36.65516, 0.38597 ], [ 36.6552, 0.38583 ], [ 36.65534, 0.38555 ], [ 36.65541, 0.3854 ], [ 36.6555, 0.38519 ], [ 36.65564, 0.38497 ], [ 36.65587, 0.38467 ], [ 36.65595, 0.38458 ], [ 36.65605, 0.38451 ], [ 36.65613, 0.38443 ], [ 36.65622, 0.3842 ], [ 36.65622, 0.38407 ], [ 36.65622, 0.38389 ], [ 36.65622, 0.38372 ], [ 36.65622, 0.38357 ], [ 36.6562, 0.38333 ], [ 36.65622, 0.38296 ], [ 36.65628, 0.38225 ], [ 36.65629, 0.38215 ], [ 36.65629, 0.38207 ], [ 36.65627, 0.38192 ], [ 36.65624, 0.38183 ], [ 36.65615, 0.38178 ], [ 36.65437, 0.37961 ], [ 36.65304, 0.37702 ], [ 36.65241, 0.37413 ], [ 36.6526, 0.37198 ], [ 36.65192, 0.36963 ], [ 36.64918, 0.36532 ], [ 36.64472, 0.35969 ], [ 36.64297, 0.35772 ], [ 36.63899, 0.35323 ], [ 36.63619, 0.35028 ], [ 36.63341, 0.34736 ], [ 36.62627, 0.34109 ], [ 36.62082, 0.33639 ], [ 36.61985, 0.33556 ], [ 36.61765, 0.33355 ], [ 36.61158, 0.32905 ], [ 36.60218, 0.32185 ], [ 36.59817, 0.31838 ], [ 36.59438, 0.31806 ], [ 36.59317, 0.31776 ], [ 36.58946, 0.31682 ], [ 36.58499, 0.3145 ], [ 36.58279, 0.31303 ], [ 36.57583, 0.3072 ], [ 36.56791, 0.3007 ], [ 36.5661, 0.29863 ], [ 36.56118, 0.29295 ], [ 36.5581, 0.2877 ], [ 36.5545, 0.29307 ], [ 36.54727, 0.30333 ], [ 36.54174, 0.3112 ], [ 36.537, 0.31814 ], [ 36.53397, 0.32237 ], [ 36.53031, 0.32943 ], [ 36.53016, 0.32938 ], [ 36.52988, 0.32938 ], [ 36.52974, 0.32941 ], [ 36.52958, 0.32949 ], [ 36.52941, 0.32954 ], [ 36.52933, 0.3296 ], [ 36.52909, 0.32962 ], [ 36.52898, 0.32962 ], [ 36.52894, 0.32957 ], [ 36.52883, 0.32949 ], [ 36.52873, 0.32949 ], [ 36.52869, 0.32949 ], [ 36.52853, 0.32949 ], [ 36.52829, 0.32947 ], [ 36.52819, 0.32943 ], [ 36.52806, 0.3293 ], [ 36.52804, 0.32922 ], [ 36.52804, 0.3291 ], [ 36.52801, 0.32879 ], [ 36.528, 0.32855 ], [ 36.52801, 0.32827 ], [ 36.52802, 0.32818 ], [ 36.52802, 0.3281 ], [ 36.52806, 0.32803 ], [ 36.52815, 0.32789 ], [ 36.5282, 0.32782 ], [ 36.52822, 0.3277 ], [ 36.52824, 0.32754 ], [ 36.52817, 0.32744 ], [ 36.52806, 0.32733 ], [ 36.528, 0.32725 ], [ 36.52786, 0.32717 ], [ 36.52778, 0.32712 ], [ 36.52773, 0.32703 ], [ 36.52761, 0.32698 ], [ 36.5274, 0.32698 ], [ 36.5273, 0.32698 ], [ 36.52719, 0.32695 ], [ 36.52696, 0.32694 ], [ 36.52662, 0.32694 ], [ 36.52637, 0.32697 ], [ 36.52614, 0.32711 ], [ 36.5259, 0.32726 ], [ 36.52551, 0.32733 ], [ 36.52526, 0.32733 ], [ 36.52489, 0.3274 ], [ 36.5246, 0.32752 ], [ 36.52431, 0.32761 ], [ 36.52403, 0.32763 ], [ 36.52367, 0.32763 ], [ 36.52342, 0.32763 ], [ 36.52323, 0.32757 ], [ 36.52308, 0.32743 ], [ 36.52278, 0.32717 ], [ 36.52251, 0.32683 ], [ 36.52227, 0.32658 ], [ 36.52197, 0.3263 ], [ 36.52164, 0.32595 ], [ 36.52122, 0.32567 ], [ 36.52105, 0.32552 ], [ 36.52081, 0.32543 ], [ 36.52071, 0.32538 ], [ 36.52056, 0.32535 ], [ 36.52028, 0.32521 ], [ 36.51983, 0.32496 ], [ 36.51952, 0.32469 ], [ 36.51926, 0.32449 ], [ 36.51882, 0.32429 ], [ 36.51834, 0.32413 ], [ 36.51788, 0.32393 ], [ 36.51764, 0.32384 ], [ 36.51743, 0.32381 ], [ 36.51726, 0.32376 ], [ 36.51709, 0.32372 ], [ 36.51676, 0.32369 ], [ 36.51656, 0.32369 ], [ 36.51625, 0.32368 ], [ 36.51602, 0.32362 ], [ 36.51586, 0.32357 ], [ 36.51559, 0.32334 ], [ 36.51548, 0.32309 ], [ 36.51525, 0.32263 ], [ 36.51497, 0.32215 ], [ 36.5148, 0.32197 ], [ 36.51475, 0.3219 ], [ 36.51469, 0.32184 ], [ 36.51462, 0.32177 ], [ 36.51452, 0.32174 ], [ 36.51021, 0.32885 ], [ 36.50672, 0.33475 ], [ 36.50207, 0.34297 ], [ 36.49527, 0.35448 ], [ 36.49274, 0.35873 ], [ 36.48832, 0.36656 ], [ 36.48815, 0.36728 ], [ 36.48795, 0.36781 ], [ 36.48496, 0.37207 ], [ 36.48466, 0.37271 ], [ 36.48062, 0.37966 ], [ 36.47052, 0.37221 ], [ 36.46728, 0.38479 ], [ 36.46529, 0.39257 ], [ 36.46461, 0.39524 ], [ 36.4634, 0.39997 ], [ 36.46266, 0.4029 ], [ 36.46037, 0.41053 ], [ 36.45832, 0.41805 ], [ 36.45467, 0.42731 ], [ 36.44321, 0.42207 ], [ 36.44316, 0.42212 ], [ 36.44302, 0.42236 ], [ 36.44293, 0.42247 ], [ 36.4428, 0.42256 ], [ 36.44267, 0.42263 ], [ 36.44242, 0.42272 ], [ 36.44219, 0.42289 ], [ 36.44195, 0.42307 ], [ 36.44179, 0.42318 ], [ 36.4417, 0.42329 ], [ 36.44165, 0.42343 ], [ 36.44157, 0.42358 ], [ 36.44151, 0.42379 ], [ 36.44144, 0.424 ], [ 36.44138, 0.42417 ], [ 36.44137, 0.42433 ], [ 36.44132, 0.42456 ], [ 36.44115, 0.42502 ], [ 36.44101, 0.42538 ], [ 36.44093, 0.42561 ], [ 36.44085, 0.42583 ], [ 36.44079, 0.42604 ], [ 36.44073, 0.42628 ], [ 36.44068, 0.42646 ], [ 36.44066, 0.42665 ], [ 36.44068, 0.42675 ], [ 36.44068, 0.42688 ], [ 36.4407, 0.42695 ], [ 36.44072, 0.42702 ], [ 36.4408, 0.42723 ], [ 36.4408, 0.42745 ], [ 36.44082, 0.42786 ], [ 36.44083, 0.42814 ], [ 36.44074, 0.42839 ], [ 36.44069, 0.4286 ], [ 36.44059, 0.42889 ], [ 36.44045, 0.42912 ], [ 36.44029, 0.42928 ], [ 36.44016, 0.42943 ], [ 36.44002, 0.42955 ], [ 36.43991, 0.4297 ], [ 36.43986, 0.42982 ], [ 36.43981, 0.43006 ], [ 36.4398, 0.43016 ], [ 36.43972, 0.43027 ], [ 36.43957, 0.4304 ], [ 36.43939, 0.43049 ], [ 36.43921, 0.43059 ], [ 36.43883, 0.4307 ], [ 36.43862, 0.43071 ], [ 36.43826, 0.43085 ], [ 36.43779, 0.431 ], [ 36.43758, 0.43108 ], [ 36.43743, 0.43112 ], [ 36.43722, 0.43119 ], [ 36.437, 0.43127 ], [ 36.43675, 0.43134 ], [ 36.43659, 0.43142 ], [ 36.43643, 0.43144 ], [ 36.43634, 0.43147 ], [ 36.43627, 0.43161 ], [ 36.43624, 0.43172 ], [ 36.4362, 0.43182 ], [ 36.43617, 0.4319 ], [ 36.4361, 0.43202 ], [ 36.43596, 0.43233 ], [ 36.43588, 0.43245 ], [ 36.4358, 0.43263 ], [ 36.43576, 0.4328 ], [ 36.43564, 0.4332 ], [ 36.43556, 0.43331 ], [ 36.43551, 0.43338 ], [ 36.43542, 0.43341 ], [ 36.43528, 0.43347 ], [ 36.43522, 0.4335 ], [ 36.43516, 0.43351 ], [ 36.43505, 0.43357 ], [ 36.435, 0.43363 ], [ 36.43497, 0.4337 ], [ 36.43494, 0.43377 ], [ 36.43492, 0.43385 ], [ 36.4349, 0.43394 ], [ 36.4349, 0.434 ], [ 36.43485, 0.43408 ], [ 36.43481, 0.43415 ], [ 36.43475, 0.43421 ], [ 36.43458, 0.43433 ], [ 36.43453, 0.43439 ], [ 36.43446, 0.43443 ], [ 36.43443, 0.43445 ], [ 36.4344, 0.43447 ], [ 36.43425, 0.43452 ], [ 36.43419, 0.43455 ], [ 36.43412, 0.43458 ], [ 36.43404, 0.43462 ], [ 36.43393, 0.43472 ], [ 36.43383, 0.43481 ], [ 36.43371, 0.4349 ], [ 36.43361, 0.43502 ], [ 36.43356, 0.43512 ], [ 36.43347, 0.43518 ], [ 36.43333, 0.43537 ], [ 36.43329, 0.43541 ], [ 36.43326, 0.43547 ], [ 36.43317, 0.4356 ], [ 36.43304, 0.4357 ], [ 36.43289, 0.43578 ], [ 36.43231, 0.43627 ], [ 36.43209, 0.43662 ], [ 36.43202, 0.43669 ], [ 36.43179, 0.43697 ], [ 36.43156, 0.43718 ], [ 36.4312, 0.43753 ], [ 36.42784, 0.44325 ], [ 36.42319, 0.44862 ], [ 36.42312, 0.4487 ], [ 36.41884, 0.45356 ], [ 36.41506, 0.45798 ], [ 36.4135, 0.45987 ], [ 36.4006, 0.46333 ], [ 36.39967, 0.46371 ], [ 36.39911, 0.46394 ], [ 36.39712, 0.46706 ], [ 36.39506, 0.47016 ], [ 36.39236, 0.47444 ], [ 36.39216, 0.47477 ], [ 36.38975, 0.47855 ], [ 36.38929, 0.47932 ], [ 36.38756, 0.4819 ], [ 36.38527, 0.48542 ], [ 36.38397, 0.48749 ], [ 36.38216, 0.49048 ], [ 36.38118, 0.49196 ], [ 36.37976, 0.49419 ], [ 36.38395, 0.49907 ], [ 36.38711, 0.50242 ], [ 36.38988, 0.50559 ], [ 36.39236, 0.50847 ], [ 36.39346, 0.50968 ], [ 36.39441, 0.51072 ], [ 36.39542, 0.5116 ], [ 36.39629, 0.51281 ], [ 36.39732, 0.51419 ], [ 36.39855, 0.51576 ], [ 36.39994, 0.51722 ], [ 36.40267, 0.5205 ], [ 36.40628, 0.52436 ], [ 36.40683, 0.52505 ], [ 36.40803, 0.52618 ], [ 36.40876, 0.52702 ], [ 36.41, 0.52837 ], [ 36.41255, 0.5311 ], [ 36.41445, 0.53343 ], [ 36.4166, 0.53576 ], [ 36.41918, 0.53879 ], [ 36.44217, 0.53382 ], [ 36.44943, 0.5324 ], [ 36.44977, 0.53236 ], [ 36.44999, 0.53227 ], [ 36.45022, 0.53227 ], [ 36.45042, 0.53227 ], [ 36.45047, 0.53227 ], [ 36.45058, 0.53225 ], [ 36.45075, 0.5322 ], [ 36.4508, 0.53215 ], [ 36.45084, 0.53211 ], [ 36.45087, 0.53208 ], [ 36.45095, 0.53208 ], [ 36.45099, 0.53208 ], [ 36.45104, 0.53208 ], [ 36.45109, 0.53208 ], [ 36.45118, 0.53208 ], [ 36.4512, 0.53208 ], [ 36.45126, 0.53206 ], [ 36.45127, 0.53204 ], [ 36.4513, 0.53201 ], [ 36.45145, 0.53195 ], [ 36.45149, 0.53195 ], [ 36.45154, 0.53195 ], [ 36.4516, 0.53195 ], [ 36.45167, 0.53197 ], [ 36.45179, 0.532 ], [ 36.45184, 0.532 ], [ 36.45191, 0.532 ], [ 36.45204, 0.53198 ], [ 36.45211, 0.53191 ], [ 36.45221, 0.53182 ], [ 36.45241, 0.53157 ], [ 36.45263, 0.53136 ], [ 36.45283, 0.5312 ], [ 36.45286, 0.5312 ], [ 36.45294, 0.53117 ], [ 36.45303, 0.53115 ], [ 36.45313, 0.53111 ], [ 36.45326, 0.53108 ], [ 36.45338, 0.53108 ], [ 36.45344, 0.53109 ], [ 36.45369, 0.53114 ], [ 36.45381, 0.53115 ], [ 36.4539, 0.53117 ], [ 36.45404, 0.53115 ], [ 36.45413, 0.53112 ], [ 36.45432, 0.53102 ], [ 36.45439, 0.53093 ], [ 36.45444, 0.53081 ], [ 36.45449, 0.53068 ], [ 36.45449, 0.53067 ], [ 36.45451, 0.53059 ], [ 36.45455, 0.53055 ], [ 36.45458, 0.53053 ], [ 36.4546, 0.53051 ], [ 36.45468, 0.5305 ], [ 36.45474, 0.5305 ], [ 36.4548, 0.53052 ], [ 36.45486, 0.53056 ], [ 36.45493, 0.53059 ], [ 36.45502, 0.53063 ], [ 36.4551, 0.53064 ], [ 36.4552, 0.53066 ], [ 36.45531, 0.53068 ], [ 36.45546, 0.53068 ], [ 36.45571, 0.53066 ], [ 36.45596, 0.53066 ], [ 36.45613, 0.53066 ], [ 36.45634, 0.53065 ], [ 36.45651, 0.53064 ], [ 36.45666, 0.53064 ], [ 36.45676, 0.53059 ], [ 36.45685, 0.53054 ], [ 36.45694, 0.53051 ], [ 36.45707, 0.53047 ], [ 36.45721, 0.53047 ], [ 36.45736, 0.5305 ], [ 36.45751, 0.53051 ], [ 36.45818, 0.53066 ], [ 36.45832, 0.5307 ], [ 36.45845, 0.53072 ], [ 36.45858, 0.53077 ], [ 36.45872, 0.5308 ], [ 36.4588, 0.53084 ], [ 36.45891, 0.53086 ], [ 36.45897, 0.5309 ], [ 36.4591, 0.53092 ], [ 36.45918, 0.53094 ], [ 36.45938, 0.53095 ], [ 36.4595, 0.53094 ], [ 36.45954, 0.53088 ], [ 36.45955, 0.53084 ], [ 36.45955, 0.5308 ], [ 36.45955, 0.53073 ], [ 36.45955, 0.53066 ], [ 36.45955, 0.53061 ], [ 36.45956, 0.53055 ], [ 36.45959, 0.53045 ], [ 36.45967, 0.53035 ], [ 36.45974, 0.53034 ], [ 36.45987, 0.53036 ], [ 36.46002, 0.53042 ], [ 36.46008, 0.53049 ], [ 36.46016, 0.53053 ], [ 36.46026, 0.53054 ], [ 36.46033, 0.53052 ], [ 36.4604, 0.53047 ], [ 36.46049, 0.53041 ], [ 36.46062, 0.53032 ], [ 36.4607, 0.53025 ], [ 36.46082, 0.5302 ], [ 36.46093, 0.5302 ], [ 36.46106, 0.53022 ], [ 36.46119, 0.53026 ], [ 36.4614, 0.5303 ], [ 36.46151, 0.5303 ], [ 36.46163, 0.53029 ], [ 36.46193, 0.53023 ], [ 36.46208, 0.5302 ], [ 36.46219, 0.53016 ], [ 36.46226, 0.53009 ], [ 36.46232, 0.53003 ], [ 36.46242, 0.52993 ], [ 36.46256, 0.52979 ], [ 36.46263, 0.52968 ], [ 36.46271, 0.52954 ], [ 36.46287, 0.52932 ], [ 36.46306, 0.52927 ], [ 36.46327, 0.52928 ], [ 36.46335, 0.52927 ], [ 36.46351, 0.52922 ], [ 36.46376, 0.52914 ], [ 36.46405, 0.52894 ], [ 36.46427, 0.52883 ], [ 36.46444, 0.52874 ], [ 36.46458, 0.52866 ], [ 36.46466, 0.52862 ], [ 36.46469, 0.52857 ], [ 36.46478, 0.5285 ], [ 36.46481, 0.52846 ], [ 36.46487, 0.52841 ], [ 36.46494, 0.52839 ], [ 36.46496, 0.52839 ], [ 36.46502, 0.52839 ], [ 36.46507, 0.52839 ], [ 36.46515, 0.5284 ], [ 36.4652, 0.52843 ], [ 36.46524, 0.52846 ], [ 36.46533, 0.52846 ], [ 36.46539, 0.52846 ], [ 36.46546, 0.52846 ], [ 36.46553, 0.52845 ], [ 36.46559, 0.52839 ], [ 36.46568, 0.52833 ], [ 36.46584, 0.52826 ], [ 36.46594, 0.52821 ], [ 36.46602, 0.52816 ], [ 36.46613, 0.52813 ], [ 36.46621, 0.52812 ], [ 36.46634, 0.52812 ], [ 36.46653, 0.52807 ], [ 36.46668, 0.52802 ], [ 36.467, 0.52791 ], [ 36.46719, 0.52786 ], [ 36.46734, 0.52783 ], [ 36.46751, 0.52782 ], [ 36.46769, 0.52782 ], [ 36.46782, 0.52782 ], [ 36.46792, 0.52782 ], [ 36.46807, 0.52782 ], [ 36.46826, 0.52782 ], [ 36.46843, 0.52784 ], [ 36.46857, 0.52789 ], [ 36.46871, 0.52793 ], [ 36.46884, 0.52794 ], [ 36.469, 0.52795 ], [ 36.46914, 0.52795 ], [ 36.46934, 0.52793 ], [ 36.46953, 0.52784 ], [ 36.46976, 0.52781 ], [ 36.46998, 0.52771 ], [ 36.47017, 0.52763 ], [ 36.47029, 0.52755 ], [ 36.4705, 0.52746 ], [ 36.47065, 0.52744 ], [ 36.47076, 0.52744 ], [ 36.4711, 0.52744 ], [ 36.47122, 0.52744 ], [ 36.47129, 0.52744 ], [ 36.47149, 0.52739 ], [ 36.4719, 0.52726 ], [ 36.47214, 0.52713 ], [ 36.47232, 0.52704 ], [ 36.47263, 0.52694 ], [ 36.47288, 0.52687 ], [ 36.47311, 0.52674 ], [ 36.4733, 0.52666 ], [ 36.47341, 0.52665 ], [ 36.47355, 0.52664 ], [ 36.47381, 0.52651 ], [ 36.47406, 0.52629 ], [ 36.47428, 0.526 ], [ 36.47442, 0.52552 ], [ 36.4747, 0.52506 ], [ 36.47496, 0.52467 ], [ 36.47511, 0.5244 ], [ 36.47514, 0.52437 ], [ 36.47559, 0.52472 ], [ 36.47593, 0.52509 ], [ 36.47672, 0.52657 ], [ 36.47713, 0.52729 ], [ 36.47755, 0.52831 ], [ 36.47768, 0.52885 ], [ 36.47813, 0.52969 ], [ 36.47859, 0.53103 ], [ 36.4792, 0.5324 ], [ 36.48017, 0.53468 ], [ 36.48134, 0.53747 ], [ 36.48163, 0.53725 ], [ 36.48179, 0.53683 ], [ 36.48196, 0.53632 ], [ 36.48214, 0.53623 ], [ 36.48238, 0.53639 ], [ 36.48299, 0.53702 ], [ 36.48357, 0.53749 ], [ 36.48398, 0.53773 ], [ 36.48412, 0.53773 ], [ 36.48446, 0.53836 ], [ 36.48446, 0.53898 ], [ 36.48446, 0.5394 ], [ 36.4842, 0.54049 ], [ 36.48296, 0.54121 ], [ 36.4891, 0.55593 ], [ 36.49203, 0.56416 ], [ 36.50036, 0.58125 ], [ 36.50897, 0.60207 ], [ 36.47919, 0.61508 ], [ 36.46524, 0.62118 ], [ 36.46801, 0.62702 ], [ 36.46964, 0.6305 ], [ 36.47316, 0.63755 ], [ 36.47563, 0.6427 ], [ 36.47614, 0.64376 ], [ 36.47624, 0.64394 ], [ 36.4801, 0.65174 ], [ 36.48366, 0.65891 ], [ 36.48778, 0.66713 ], [ 36.49134, 0.67418 ], [ 36.48323, 0.67765 ], [ 36.48132, 0.67828 ], [ 36.48086, 0.67874 ], [ 36.47442, 0.68142 ], [ 36.47392, 0.68162 ], [ 36.4727, 0.68213 ], [ 36.46331, 0.68569 ], [ 36.45742, 0.68792 ], [ 36.45133, 0.69129 ], [ 36.44875, 0.69272 ], [ 36.44294, 0.69588 ], [ 36.44184, 0.69654 ], [ 36.44102, 0.69696 ], [ 36.43325, 0.7011 ], [ 36.42888, 0.70351 ], [ 36.42262, 0.70737 ], [ 36.40626, 0.71608 ], [ 36.40626, 0.71608 ], [ 36.40585, 0.71633 ], [ 36.40597, 0.71647 ], [ 36.40632, 0.71731 ], [ 36.40688, 0.71806 ], [ 36.40751, 0.71913 ], [ 36.40801, 0.72003 ], [ 36.40832, 0.72063 ], [ 36.40901, 0.72148 ], [ 36.41026, 0.72369 ], [ 36.41104, 0.72489 ], [ 36.4119, 0.72626 ], [ 36.41337, 0.72815 ], [ 36.41552, 0.73165 ], [ 36.41611, 0.7328 ], [ 36.41663, 0.73388 ], [ 36.41734, 0.73498 ], [ 36.4181, 0.73628 ], [ 36.41927, 0.73792 ], [ 36.42047, 0.73996 ], [ 36.4213, 0.74104 ], [ 36.42201, 0.74219 ], [ 36.42214, 0.74243 ], [ 36.42271, 0.74333 ], [ 36.42381, 0.74512 ], [ 36.42611, 0.74887 ], [ 36.42618, 0.74901 ], [ 36.42638, 0.74967 ], [ 36.42648, 0.74994 ], [ 36.42683, 0.75024 ], [ 36.42704, 0.75068 ], [ 36.4274, 0.75119 ], [ 36.42764, 0.75157 ], [ 36.42775, 0.75193 ], [ 36.42799, 0.75219 ], [ 36.42891, 0.75345 ], [ 36.42972, 0.75479 ], [ 36.43016, 0.75546 ], [ 36.43052, 0.75604 ], [ 36.43061, 0.75624 ], [ 36.43126, 0.75761 ], [ 36.43296, 0.7601 ], [ 36.43349, 0.76118 ], [ 36.43389, 0.762 ], [ 36.4343, 0.76248 ], [ 36.43486, 0.76334 ], [ 36.43572, 0.7648 ], [ 36.43655, 0.76614 ], [ 36.43679, 0.76656 ], [ 36.43686, 0.76667 ], [ 36.44077, 0.77309 ], [ 36.44243, 0.77582 ], [ 36.44329, 0.77713 ], [ 36.44883, 0.78607 ], [ 36.45208, 0.79132 ], [ 36.45255, 0.79199 ], [ 36.45309, 0.79299 ], [ 36.45419, 0.79466 ], [ 36.45508, 0.79617 ], [ 36.45575, 0.79721 ], [ 36.45669, 0.79871 ], [ 36.45738, 0.79975 ], [ 36.45799, 0.80068 ], [ 36.45846, 0.80146 ], [ 36.4594, 0.80302 ], [ 36.45983, 0.80365 ], [ 36.46013, 0.8043 ], [ 36.46033, 0.80467 ], [ 36.4604, 0.80478 ], [ 36.4604, 0.80478 ], [ 36.46084, 0.80551 ], [ 36.46097, 0.80527 ], [ 36.46422, 0.81053 ], [ 36.46583, 0.81312 ], [ 36.46771, 0.81618 ], [ 36.46938, 0.81906 ], [ 36.471, 0.82187 ], [ 36.47103, 0.82194 ], [ 36.4711, 0.82215 ], [ 36.47127, 0.82261 ], [ 36.47264, 0.82642 ], [ 36.47259, 0.82671 ], [ 36.47259, 0.82704 ], [ 36.47277, 0.82748 ], [ 36.47277, 0.82782 ], [ 36.47285, 0.82808 ], [ 36.47303, 0.82838 ], [ 36.47326, 0.82867 ], [ 36.4734, 0.82927 ], [ 36.47355, 0.82979 ], [ 36.47378, 0.83031 ], [ 36.474, 0.83083 ], [ 36.47422, 0.83105 ], [ 36.47444, 0.83157 ], [ 36.47444, 0.83205 ], [ 36.47463, 0.83261 ], [ 36.47485, 0.8332 ], [ 36.47511, 0.83357 ], [ 36.47526, 0.83402 ], [ 36.47545, 0.83457 ], [ 36.47548, 0.83498 ], [ 36.47552, 0.83532 ], [ 36.47597, 0.8359 ], [ 36.47652, 0.83643 ], [ 36.47685, 0.83686 ], [ 36.47747, 0.83705 ], [ 36.47793, 0.83728 ], [ 36.47829, 0.83758 ], [ 36.47895, 0.8379 ], [ 36.47941, 0.83823 ], [ 36.47951, 0.83826 ], [ 36.4808, 0.83917 ], [ 36.48253, 0.8402 ], [ 36.48459, 0.84144 ], [ 36.48762, 0.84326 ], [ 36.49032, 0.84461 ], [ 36.49032, 0.84456 ], [ 36.49032, 0.84439 ], [ 36.49042, 0.84412 ], [ 36.49048, 0.8439 ], [ 36.49058, 0.84362 ], [ 36.4908, 0.84306 ], [ 36.4908, 0.843 ], [ 36.4908, 0.843 ], [ 36.4908, 0.843 ], [ 36.4908, 0.84299 ], [ 36.49062, 0.84273 ], [ 36.49063, 0.84245 ], [ 36.49066, 0.84233 ], [ 36.49017, 0.84178 ], [ 36.48999, 0.84157 ], [ 36.48934, 0.84071 ], [ 36.48929, 0.84043 ], [ 36.48929, 0.84041 ], [ 36.48925, 0.84025 ], [ 36.48925, 0.84002 ], [ 36.48927, 0.83984 ], [ 36.48913, 0.83978 ], [ 36.48891, 0.83966 ], [ 36.48877, 0.83905 ], [ 36.48862, 0.83864 ], [ 36.48871, 0.83827 ], [ 36.48889, 0.83803 ], [ 36.48905, 0.8379 ], [ 36.48903, 0.83786 ], [ 36.48869, 0.83708 ], [ 36.48842, 0.83681 ], [ 36.4882, 0.83626 ], [ 36.4882, 0.83604 ], [ 36.4882, 0.83583 ], [ 36.48815, 0.83545 ], [ 36.48809, 0.83496 ], [ 36.48788, 0.8341 ], [ 36.48755, 0.83366 ], [ 36.48709, 0.83301 ], [ 36.48702, 0.83267 ], [ 36.48691, 0.83254 ], [ 36.48686, 0.83193 ], [ 36.48687, 0.83189 ], [ 36.48593, 0.8271 ], [ 36.48587, 0.82684 ], [ 36.48593, 0.82597 ], [ 36.48593, 0.82543 ], [ 36.48577, 0.8244 ], [ 36.48549, 0.82321 ], [ 36.4847, 0.82198 ], [ 36.48471, 0.8219 ], [ 36.48463, 0.82181 ], [ 36.48466, 0.82148 ], [ 36.48472, 0.82054 ], [ 36.48482, 0.82008 ], [ 36.48504, 0.81972 ], [ 36.48504, 0.81926 ], [ 36.48502, 0.81863 ], [ 36.48479, 0.81817 ], [ 36.48477, 0.81792 ], [ 36.4847, 0.81714 ], [ 36.48451, 0.81688 ], [ 36.48432, 0.81641 ], [ 36.48402, 0.81606 ], [ 36.48388, 0.81545 ], [ 36.48375, 0.81512 ], [ 36.48352, 0.81443 ], [ 36.48348, 0.81399 ], [ 36.48356, 0.81364 ], [ 36.4838, 0.81326 ], [ 36.48386, 0.81318 ], [ 36.48403, 0.81293 ], [ 36.48417, 0.81254 ], [ 36.4842, 0.81213 ], [ 36.48418, 0.81203 ], [ 36.48416, 0.81193 ], [ 36.4879, 0.81212 ], [ 36.48973, 0.81222 ], [ 36.49529, 0.81223 ], [ 36.49759, 0.81224 ], [ 36.50191, 0.81225 ], [ 36.50249, 0.81225 ], [ 36.50555, 0.81226 ], [ 36.50919, 0.81226 ], [ 36.5145, 0.81227 ], [ 36.5168, 0.81228 ], [ 36.51967, 0.81228 ], [ 36.52027, 0.81225 ], [ 36.52609, 0.81222 ], [ 36.53068, 0.81229 ], [ 36.53358, 0.8123 ], [ 36.53478, 0.8123 ], [ 36.53657, 0.8123 ], [ 36.53981, 0.81227 ], [ 36.54001, 0.8123 ], [ 36.54215, 0.81254 ], [ 36.54215, 0.81254 ], [ 36.54302, 0.81251 ], [ 36.54448, 0.8123 ], [ 36.54555, 0.81214 ], [ 36.55654, 0.81214 ], [ 36.55747, 0.81234 ], [ 36.55763, 0.81235 ], [ 36.55763, 0.81235 ], [ 36.55763, 0.81234 ], [ 36.5576, 0.81229 ], [ 36.55766, 0.81229 ], [ 36.56161, 0.8122 ], [ 36.56161, 0.81228 ], [ 36.56176, 0.81228 ], [ 36.56705, 0.81226 ], [ 36.57059, 0.81226 ], [ 36.57086, 0.81226 ], [ 36.5712, 0.81226 ], [ 36.57993, 0.81226 ], [ 36.58313, 0.81226 ], [ 36.58737, 0.81224 ], [ 36.59821, 0.81219 ], [ 36.60121, 0.81219 ], [ 36.60976, 0.81217 ], [ 36.60988, 0.81217 ], [ 36.61742, 0.81218 ], [ 36.62788, 0.81275 ], [ 36.63971, 0.81339 ], [ 36.64694, 0.81379 ], [ 36.64841, 0.81387 ], [ 36.67664, 0.81541 ], [ 36.67741, 0.81546 ], [ 36.67871, 0.81553 ], [ 36.6801, 0.8156 ], [ 36.68042, 0.81574 ], [ 36.68106, 0.81641 ], [ 36.68132, 0.81724 ], [ 36.68151, 0.81772 ], [ 36.68173, 0.81806 ], [ 36.6818, 0.81818 ], [ 36.68182, 0.81818 ], [ 36.68246, 0.8181 ], [ 36.68335, 0.81797 ], [ 36.68583, 0.81828 ], [ 36.68771, 0.81896 ], [ 36.68775, 0.81897 ], [ 36.69092, 0.81924 ], [ 36.69194, 0.8195 ], [ 36.69248, 0.81964 ], [ 36.6925, 0.81964 ], [ 36.69257, 0.81967 ], [ 36.6927, 0.8196 ], [ 36.6948, 0.81961 ], [ 36.69611, 0.81962 ], [ 36.69824, 0.81995 ], [ 36.69906, 0.82 ], [ 36.70052, 0.82008 ], [ 36.70202, 0.82007 ], [ 36.70417, 0.82002 ], [ 36.70816, 0.8187 ], [ 36.71195, 0.81743 ], [ 36.71407, 0.81713 ], [ 36.71549, 0.81733 ], [ 36.71934, 0.81917 ], [ 36.7226, 0.82063 ], [ 36.72588, 0.8221 ], [ 36.72764, 0.82281 ], [ 36.73537, 0.82601 ], [ 36.73829, 0.82715 ], [ 36.73943, 0.82831 ], [ 36.73994, 0.82883 ], [ 36.74306, 0.83446 ], [ 36.74727, 0.84112 ], [ 36.74825, 0.84244 ], [ 36.74821, 0.84251 ], [ 36.74806, 0.84286 ], [ 36.74822, 0.84313 ], [ 36.74846, 0.84352 ], [ 36.7486, 0.84357 ], [ 36.74878, 0.84395 ], [ 36.74905, 0.84405 ], [ 36.7493, 0.84423 ], [ 36.7494, 0.84452 ], [ 36.74944, 0.84483 ], [ 36.74958, 0.84498 ], [ 36.74978, 0.84513 ], [ 36.7498, 0.84545 ], [ 36.7498, 0.84572 ], [ 36.75085, 0.84744 ], [ 36.75085, 0.84659 ], [ 36.75173, 0.84808 ], [ 36.75222, 0.84881 ], [ 36.75645, 0.8549 ], [ 36.75828, 0.85754 ], [ 36.75853, 0.85763 ], [ 36.76398, 0.85972 ], [ 36.76867, 0.86153 ], [ 36.78153, 0.86647 ], [ 36.78279, 0.86663 ], [ 36.78421, 0.86712 ], [ 36.79139, 0.86822 ], [ 36.79399, 0.86847 ], [ 36.79445, 0.86842 ], [ 36.79461, 0.8684 ], [ 36.79808, 0.86628 ], [ 36.80164, 0.86408 ], [ 36.80332, 0.86316 ], [ 36.80615, 0.86153 ], [ 36.8068, 0.86149 ], [ 36.80677, 0.86151 ], [ 36.80655, 0.86167 ], [ 36.80626, 0.86227 ], [ 36.80619, 0.86247 ], [ 36.80677, 0.86152 ], [ 36.8074, 0.86114 ], [ 36.80914, 0.85967 ], [ 36.81114, 0.85843 ], [ 36.81377, 0.85669 ], [ 36.81611, 0.85546 ], [ 36.81866, 0.85386 ], [ 36.81993, 0.85317 ], [ 36.82013, 0.85175 ], [ 36.82014, 0.848 ], [ 36.82017, 0.84442 ], [ 36.82017, 0.84198 ], [ 36.82011, 0.84012 ], [ 36.82104, 0.83811 ], [ 36.82243, 0.83511 ], [ 36.82425, 0.83185 ], [ 36.82551, 0.82949 ], [ 36.82666, 0.82713 ], [ 36.82928, 0.82166 ], [ 36.83315, 0.81416 ], [ 36.83321, 0.81405 ], [ 36.83321, 0.81405 ], [ 36.83405, 0.81246 ], [ 36.83414, 0.81063 ], [ 36.83467, 0.80793 ], [ 36.8347, 0.807 ], [ 36.8346, 0.80657 ], [ 36.83456, 0.8062 ], [ 36.83456, 0.80393 ], [ 36.8346, 0.80356 ], [ 36.83497, 0.8001 ], [ 36.83499, 0.7999 ], [ 36.83646, 0.79928 ], [ 36.84073, 0.79668 ], [ 36.84437, 0.79454 ], [ 36.84506, 0.794 ], [ 36.84436, 0.79262 ], [ 36.84274, 0.79008 ], [ 36.84189, 0.78873 ], [ 36.84234, 0.78821 ], [ 36.84307, 0.78702 ], [ 36.84333, 0.78644 ], [ 36.84708, 0.78054 ], [ 36.84878, 0.77786 ], [ 36.85215, 0.77066 ], [ 36.8528, 0.76943 ], [ 36.85412, 0.76638 ], [ 36.85431, 0.76596 ], [ 36.85525, 0.76266 ], [ 36.85545, 0.7622 ], [ 36.8577, 0.75733 ], [ 36.85843, 0.75575 ], [ 36.86136, 0.74936 ], [ 36.86123, 0.74934 ], [ 36.86158, 0.7486 ], [ 36.86216, 0.74751 ], [ 36.8631, 0.74579 ], [ 36.86371, 0.74404 ], [ 36.86407, 0.74323 ], [ 36.8645, 0.74228 ], [ 36.86514, 0.74065 ], [ 36.86515, 0.7406 ], [ 36.86598, 0.73869 ], [ 36.8661, 0.7384 ], [ 36.86662, 0.73731 ], [ 36.86679, 0.73696 ], [ 36.8668, 0.73694 ], [ 36.86695, 0.73676 ], [ 36.86717, 0.73649 ], [ 36.8675, 0.73608 ], [ 36.87083, 0.73593 ], [ 36.87199, 0.73588 ], [ 36.87551, 0.73576 ], [ 36.87573, 0.73575 ], [ 36.87731, 0.73594 ], [ 36.8779, 0.73592 ], [ 36.87821, 0.73591 ], [ 36.87856, 0.73579 ], [ 36.87916, 0.73537 ], [ 36.87975, 0.73504 ], [ 36.88057, 0.73488 ], [ 36.88075, 0.73487 ], [ 36.88125, 0.73484 ], [ 36.88178, 0.73474 ], [ 36.88283, 0.73439 ], [ 36.88351, 0.7342 ], [ 36.88402, 0.73419 ], [ 36.88437, 0.7342 ], [ 36.88466, 0.73406 ], [ 36.88555, 0.73365 ], [ 36.88619, 0.73346 ], [ 36.88622, 0.73345 ], [ 36.88626, 0.73343 ], [ 36.88628, 0.73344 ], [ 36.88675, 0.73334 ], [ 36.88698, 0.73321 ], [ 36.88719, 0.73307 ], [ 36.88752, 0.73306 ], [ 36.88794, 0.73334 ], [ 36.88799, 0.73338 ], [ 36.88844, 0.73424 ], [ 36.88847, 0.73434 ], [ 36.88855, 0.73449 ], [ 36.88865, 0.73493 ], [ 36.88865, 0.73497 ], [ 36.88866, 0.73523 ], [ 36.88894, 0.73551 ], [ 36.88939, 0.73565 ], [ 36.88976, 0.73561 ], [ 36.88983, 0.73573 ], [ 36.88994, 0.7359 ], [ 36.89021, 0.7362 ], [ 36.8906, 0.73622 ], [ 36.89103, 0.73625 ], [ 36.89144, 0.7364 ], [ 36.89192, 0.7365 ], [ 36.8923, 0.73656 ], [ 36.89313, 0.73668 ], [ 36.89354, 0.73699 ], [ 36.89418, 0.73741 ], [ 36.89467, 0.73755 ], [ 36.89512, 0.73755 ], [ 36.89516, 0.73755 ], [ 36.8955, 0.73755 ], [ 36.89564, 0.73761 ], [ 36.89631, 0.73792 ], [ 36.89652, 0.73817 ], [ 36.89656, 0.73821 ], [ 36.89683, 0.73836 ], [ 36.897, 0.7384 ], [ 36.89707, 0.73842 ], [ 36.89708, 0.73841 ], [ 36.89689, 0.73854 ], [ 36.89727, 0.73829 ], [ 36.89795, 0.73808 ], [ 36.89847, 0.73808 ], [ 36.89944, 0.73791 ], [ 36.90056, 0.73811 ], [ 36.9015, 0.73818 ], [ 36.90221, 0.73835 ], [ 36.9027, 0.73862 ], [ 36.9035, 0.73865 ], [ 36.90354, 0.7386 ], [ 36.9038, 0.73821 ], [ 36.9038, 0.73817 ], [ 36.90381, 0.73803 ], [ 36.90387, 0.7379 ], [ 36.90399, 0.73777 ], [ 36.90407, 0.73769 ], [ 36.90414, 0.73763 ], [ 36.90425, 0.73751 ], [ 36.90435, 0.73734 ], [ 36.90443, 0.73717 ], [ 36.90452, 0.73693 ], [ 36.90466, 0.73661 ], [ 36.90477, 0.73647 ], [ 36.90494, 0.7362 ], [ 36.90505, 0.73602 ], [ 36.9052, 0.73592 ], [ 36.90532, 0.7358 ], [ 36.90543, 0.73571 ], [ 36.90551, 0.73562 ], [ 36.90561, 0.73551 ], [ 36.90571, 0.73544 ], [ 36.90584, 0.73539 ], [ 36.90591, 0.73539 ], [ 36.90607, 0.73539 ], [ 36.9062, 0.7354 ], [ 36.90633, 0.73546 ], [ 36.90644, 0.73555 ], [ 36.90667, 0.73557 ], [ 36.9068, 0.73558 ], [ 36.90691, 0.73558 ], [ 36.90714, 0.73562 ], [ 36.90719, 0.73568 ], [ 36.90734, 0.73581 ], [ 36.90743, 0.73583 ], [ 36.90751, 0.73584 ], [ 36.90815, 0.73563 ], [ 36.90836, 0.73548 ], [ 36.90851, 0.73529 ], [ 36.90861, 0.73518 ], [ 36.90895, 0.73484 ], [ 36.90911, 0.73462 ], [ 36.90924, 0.73438 ], [ 36.90932, 0.73429 ], [ 36.90942, 0.73394 ], [ 36.9093, 0.73313 ], [ 36.90924, 0.73302 ], [ 36.90913, 0.73274 ], [ 36.90904, 0.73247 ], [ 36.90891, 0.73218 ], [ 36.9089, 0.73216 ], [ 36.90882, 0.73196 ], [ 36.90883, 0.73178 ], [ 36.9088, 0.73151 ], [ 36.9088, 0.73131 ], [ 36.90877, 0.73115 ], [ 36.90874, 0.73105 ], [ 36.90874, 0.73104 ], [ 36.90872, 0.73086 ], [ 36.90867, 0.73062 ], [ 36.90865, 0.72992 ], [ 36.90868, 0.72976 ], [ 36.90866, 0.72956 ], [ 36.90866, 0.72944 ], [ 36.90866, 0.72934 ], [ 36.90865, 0.72912 ], [ 36.90867, 0.72898 ], [ 36.90874, 0.72884 ], [ 36.90878, 0.72882 ], [ 36.90889, 0.72876 ], [ 36.90905, 0.72874 ], [ 36.90912, 0.72879 ], [ 36.90928, 0.72885 ], [ 36.90933, 0.72887 ], [ 36.90945, 0.7288 ], [ 36.90988, 0.72843 ], [ 36.90988, 0.72842 ], [ 36.91005, 0.72818 ], [ 36.91021, 0.72795 ], [ 36.91036, 0.7277 ], [ 36.91042, 0.72762 ], [ 36.91045, 0.72759 ], [ 36.91053, 0.72755 ], [ 36.91062, 0.72748 ], [ 36.91068, 0.72741 ], [ 36.91071, 0.72739 ], [ 36.91094, 0.72715 ], [ 36.91102, 0.72703 ], [ 36.91105, 0.72701 ], [ 36.9111, 0.72696 ], [ 36.91142, 0.72654 ], [ 36.91147, 0.72647 ], [ 36.91155, 0.72633 ], [ 36.91159, 0.72627 ], [ 36.91167, 0.72614 ], [ 36.91176, 0.7261 ], [ 36.91181, 0.72603 ], [ 36.91188, 0.72596 ], [ 36.91193, 0.7259 ], [ 36.91203, 0.72584 ], [ 36.9121, 0.72583 ], [ 36.91211, 0.72583 ], [ 36.91221, 0.72582 ], [ 36.91226, 0.7259 ], [ 36.91227, 0.72605 ], [ 36.91231, 0.72628 ], [ 36.91231, 0.72637 ], [ 36.91244, 0.72658 ], [ 36.91273, 0.72739 ], [ 36.91326, 0.72742 ], [ 36.91334, 0.72732 ], [ 36.91335, 0.72723 ], [ 36.91335, 0.72714 ], [ 36.91337, 0.72706 ], [ 36.91341, 0.72698 ], [ 36.91347, 0.72692 ], [ 36.91359, 0.72683 ], [ 36.9136, 0.72683 ], [ 36.91368, 0.72683 ], [ 36.9138, 0.72686 ], [ 36.91407, 0.72695 ], [ 36.91443, 0.72697 ], [ 36.91488, 0.72692 ], [ 36.91493, 0.72687 ], [ 36.915, 0.72672 ], [ 36.91505, 0.72659 ], [ 36.91516, 0.72645 ], [ 36.9152, 0.72627 ], [ 36.91524, 0.72621 ], [ 36.91533, 0.72612 ], [ 36.91545, 0.72604 ], [ 36.91564, 0.72601 ], [ 36.91577, 0.72604 ], [ 36.91587, 0.72611 ], [ 36.91587, 0.72611 ], [ 36.91596, 0.72621 ], [ 36.91603, 0.7262 ], [ 36.91636, 0.72671 ], [ 36.9164, 0.72679 ], [ 36.91664, 0.72726 ], [ 36.91692, 0.727 ], [ 36.91692, 0.72699 ], [ 36.91694, 0.72682 ], [ 36.917, 0.7267 ], [ 36.91705, 0.72668 ], [ 36.91709, 0.72667 ], [ 36.91718, 0.72676 ], [ 36.91731, 0.72678 ], [ 36.91774, 0.72678 ], [ 36.91793, 0.7267 ], [ 36.91802, 0.72667 ], [ 36.91811, 0.72667 ], [ 36.91818, 0.72671 ], [ 36.91822, 0.72673 ], [ 36.91829, 0.72675 ], [ 36.91845, 0.7268 ], [ 36.91854, 0.72688 ], [ 36.91866, 0.72703 ], [ 36.91864, 0.72716 ], [ 36.91858, 0.72729 ], [ 36.91848, 0.72743 ], [ 36.91832, 0.72758 ], [ 36.91827, 0.72765 ], [ 36.91819, 0.72779 ], [ 36.91779, 0.72847 ], [ 36.91808, 0.72927 ], [ 36.91854, 0.72987 ], [ 36.91897, 0.73059 ], [ 36.9191, 0.73139 ], [ 36.91915, 0.73218 ], [ 36.91928, 0.73256 ], [ 36.91932, 0.73259 ], [ 36.91943, 0.7327 ], [ 36.91946, 0.73273 ], [ 36.91953, 0.73286 ], [ 36.91953, 0.73301 ], [ 36.91957, 0.7331 ], [ 36.91962, 0.73314 ], [ 36.91976, 0.73327 ], [ 36.91983, 0.73333 ], [ 36.91999, 0.73345 ], [ 36.92022, 0.73351 ], [ 36.92033, 0.73353 ], [ 36.92047, 0.73358 ], [ 36.92054, 0.73362 ], [ 36.92057, 0.73367 ], [ 36.92059, 0.73371 ], [ 36.92059, 0.73378 ], [ 36.92059, 0.73386 ], [ 36.92054, 0.73395 ], [ 36.9206, 0.734 ], [ 36.92015, 0.73444 ], [ 36.91975, 0.73518 ], [ 36.92029, 0.73518 ], [ 36.92035, 0.73513 ], [ 36.92043, 0.73505 ], [ 36.92054, 0.73498 ], [ 36.92074, 0.73496 ], [ 36.92081, 0.73501 ], [ 36.92091, 0.73509 ], [ 36.92094, 0.73516 ], [ 36.92096, 0.7352 ], [ 36.92095, 0.73542 ], [ 36.92095, 0.73543 ], [ 36.92104, 0.73548 ], [ 36.92106, 0.7362 ], [ 36.92154, 0.73683 ], [ 36.92159, 0.73688 ], [ 36.92164, 0.73691 ], [ 36.92177, 0.73698 ], [ 36.92186, 0.73705 ], [ 36.92206, 0.73715 ], [ 36.92232, 0.73726 ], [ 36.92252, 0.73732 ], [ 36.92282, 0.73743 ], [ 36.92298, 0.73752 ], [ 36.92332, 0.73765 ], [ 36.92344, 0.73771 ], [ 36.92356, 0.73772 ], [ 36.92371, 0.73773 ], [ 36.92386, 0.73773 ], [ 36.92402, 0.73772 ], [ 36.92407, 0.73773 ], [ 36.92412, 0.73773 ], [ 36.92424, 0.73775 ], [ 36.92448, 0.73798 ], [ 36.9247, 0.73819 ], [ 36.92492, 0.73836 ], [ 36.92512, 0.73852 ], [ 36.92532, 0.73864 ], [ 36.92545, 0.73873 ], [ 36.92553, 0.7388 ], [ 36.92581, 0.73894 ], [ 36.92583, 0.73895 ], [ 36.92585, 0.73895 ], [ 36.92597, 0.73895 ], [ 36.92606, 0.73895 ], [ 36.92625, 0.73889 ], [ 36.92643, 0.73875 ], [ 36.92662, 0.73858 ], [ 36.92671, 0.7384 ], [ 36.92672, 0.73833 ], [ 36.92675, 0.7382 ], [ 36.9268, 0.73809 ], [ 36.92685, 0.738 ], [ 36.92692, 0.73793 ], [ 36.927, 0.73793 ], [ 36.9271, 0.73795 ], [ 36.92719, 0.73803 ], [ 36.92721, 0.73806 ], [ 36.9273, 0.73817 ], [ 36.92739, 0.73827 ], [ 36.9274, 0.73829 ], [ 36.92748, 0.7383 ], [ 36.92838, 0.7385 ], [ 36.92862, 0.73846 ], [ 36.92877, 0.73837 ], [ 36.92891, 0.7383 ], [ 36.92907, 0.73823 ], [ 36.92915, 0.73822 ], [ 36.92925, 0.73821 ], [ 36.92929, 0.73821 ], [ 36.92936, 0.73821 ], [ 36.92944, 0.73824 ], [ 36.92948, 0.7383 ], [ 36.9295, 0.73835 ], [ 36.92951, 0.73844 ], [ 36.9295, 0.73866 ], [ 36.92961, 0.73885 ], [ 36.9297, 0.739 ], [ 36.92971, 0.73984 ], [ 36.92973, 0.73985 ], [ 36.92975, 0.73988 ], [ 36.92982, 0.73995 ], [ 36.92983, 0.73997 ], [ 36.93029, 0.7402 ], [ 36.93031, 0.7402 ], [ 36.93047, 0.7402 ], [ 36.93059, 0.7402 ], [ 36.93079, 0.74019 ], [ 36.93089, 0.74019 ], [ 36.931, 0.74019 ], [ 36.93112, 0.74023 ], [ 36.93122, 0.7403 ], [ 36.93128, 0.74034 ], [ 36.93133, 0.74038 ], [ 36.93144, 0.74044 ] ] ] } },
{ "type": "Feature", "properties": { "entity_id": 181, "p_entity": 21, "name": "Laikipia West Sub County" }, "geometry": { "type": "Polygon", "coordinates": [ [ [ 36.40585, 0.71633 ], [ 36.40626, 0.71608 ], [ 36.40626, 0.71608 ], [ 36.42262, 0.70737 ], [ 36.42888, 0.70351 ], [ 36.43325, 0.7011 ], [ 36.44102, 0.69696 ], [ 36.44184, 0.69654 ], [ 36.44294, 0.69588 ], [ 36.44875, 0.69272 ], [ 36.45133, 0.69129 ], [ 36.45742, 0.68792 ], [ 36.46331, 0.68569 ], [ 36.4727, 0.68213 ], [ 36.47392, 0.68162 ], [ 36.47442, 0.68142 ], [ 36.48086, 0.67874 ], [ 36.48132, 0.67828 ], [ 36.48323, 0.67765 ], [ 36.49134, 0.67418 ], [ 36.48778, 0.66713 ], [ 36.48366, 0.65891 ], [ 36.4801, 0.65174 ], [ 36.47624, 0.64394 ], [ 36.47614, 0.64376 ], [ 36.47563, 0.6427 ], [ 36.47316, 0.63755 ], [ 36.46964, 0.6305 ], [ 36.46801, 0.62702 ], [ 36.46524, 0.62118 ], [ 36.47919, 0.61508 ], [ 36.50897, 0.60207 ], [ 36.50036, 0.58125 ], [ 36.49203, 0.56416 ], [ 36.4891, 0.55593 ], [ 36.48296, 0.54121 ], [ 36.4842, 0.54049 ], [ 36.48446, 0.5394 ], [ 36.48446, 0.53898 ], [ 36.48446, 0.53836 ], [ 36.48412, 0.53773 ], [ 36.48398, 0.53773 ], [ 36.48357, 0.53749 ], [ 36.48299, 0.53702 ], [ 36.48238, 0.53639 ], [ 36.48214, 0.53623 ], [ 36.48196, 0.53632 ], [ 36.48179, 0.53683 ], [ 36.48163, 0.53725 ], [ 36.48134, 0.53747 ], [ 36.48017, 0.53468 ], [ 36.4792, 0.5324 ], [ 36.47859, 0.53103 ], [ 36.47813, 0.52969 ], [ 36.47768, 0.52885 ], [ 36.47755, 0.52831 ], [ 36.47713, 0.52729 ], [ 36.47672, 0.52657 ], [ 36.47593, 0.52509 ], [ 36.47559, 0.52472 ], [ 36.47514, 0.52437 ], [ 36.47511, 0.5244 ], [ 36.47496, 0.52467 ], [ 36.4747, 0.52506 ], [ 36.47442, 0.52552 ], [ 36.47428, 0.526 ], [ 36.47406, 0.52629 ], [ 36.47381, 0.52651 ], [ 36.47355, 0.52664 ], [ 36.47341, 0.52665 ], [ 36.4733, 0.52666 ], [ 36.47311, 0.52674 ], [ 36.47288, 0.52687 ], [ 36.47263, 0.52694 ], [ 36.47232, 0.52704 ], [ 36.47214, 0.52713 ], [ 36.4719, 0.52726 ], [ 36.47149, 0.52739 ], [ 36.47129, 0.52744 ], [ 36.47122, 0.52744 ], [ 36.4711, 0.52744 ], [ 36.47076, 0.52744 ], [ 36.47065, 0.52744 ], [ 36.4705, 0.52746 ], [ 36.47029, 0.52755 ], [ 36.47017, 0.52763 ], [ 36.46998, 0.52771 ], [ 36.46976, 0.52781 ], [ 36.46953, 0.52784 ], [ 36.46934, 0.52793 ], [ 36.46914, 0.52795 ], [ 36.469, 0.52795 ], [ 36.46884, 0.52794 ], [ 36.46871, 0.52793 ], [ 36.46857, 0.52789 ], [ 36.46843, 0.52784 ], [ 36.46826, 0.52782 ], [ 36.46807, 0.52782 ], [ 36.46792, 0.52782 ], [ 36.46782, 0.52782 ], [ 36.46769, 0.52782 ], [ 36.46751, 0.52782 ], [ 36.46734, 0.52783 ], [ 36.46719, 0.52786 ], [ 36.467, 0.52791 ], [ 36.46668, 0.52802 ], [ 36.46653, 0.52807 ], [ 36.46634, 0.52812 ], [ 36.46621, 0.52812 ], [ 36.46613, 0.52813 ], [ 36.46602, 0.52816 ], [ 36.46594, 0.52821 ], [ 36.46584, 0.52826 ], [ 36.46568, 0.52833 ], [ 36.46559, 0.52839 ], [ 36.46553, 0.52845 ], [ 36.46546, 0.52846 ], [ 36.46539, 0.52846 ], [ 36.46533, 0.52846 ], [ 36.46524, 0.52846 ], [ 36.4652, 0.52843 ], [ 36.46515, 0.5284 ], [ 36.46507, 0.52839 ], [ 36.46502, 0.52839 ], [ 36.46496, 0.52839 ], [ 36.46494, 0.52839 ], [ 36.46487, 0.52841 ], [ 36.46481, 0.52846 ], [ 36.46478, 0.5285 ], [ 36.46469, 0.52857 ], [ 36.46466, 0.52862 ], [ 36.46458, 0.52866 ], [ 36.46444, 0.52874 ], [ 36.46427, 0.52883 ], [ 36.46405, 0.52894 ], [ 36.46376, 0.52914 ], [ 36.46351, 0.52922 ], [ 36.46335, 0.52927 ], [ 36.46327, 0.52928 ], [ 36.46306, 0.52927 ], [ 36.46287, 0.52932 ], [ 36.46271, 0.52954 ], [ 36.46263, 0.52968 ], [ 36.46256, 0.52979 ], [ 36.46242, 0.52993 ], [ 36.46232, 0.53003 ], [ 36.46226, 0.53009 ], [ 36.46219, 0.53016 ], [ 36.46208, 0.5302 ], [ 36.46193, 0.53023 ], [ 36.46163, 0.53029 ], [ 36.46151, 0.5303 ], [ 36.4614, 0.5303 ], [ 36.46119, 0.53026 ], [ 36.46106, 0.53022 ], [ 36.46093, 0.5302 ], [ 36.46082, 0.5302 ], [ 36.4607, 0.53025 ], [ 36.46062, 0.53032 ], [ 36.46049, 0.53041 ], [ 36.4604, 0.53047 ], [ 36.46033, 0.53052 ], [ 36.46026, 0.53054 ], [ 36.46016, 0.53053 ], [ 36.46008, 0.53049 ], [ 36.46002, 0.53042 ], [ 36.45987, 0.53036 ], [ 36.45974, 0.53034 ], [ 36.45967, 0.53035 ], [ 36.45959, 0.53045 ], [ 36.45956, 0.53055 ], [ 36.45955, 0.53061 ], [ 36.45955, 0.53066 ], [ 36.45955, 0.53073 ], [ 36.45955, 0.5308 ], [ 36.45955, 0.53084 ], [ 36.45954, 0.53088 ], [ 36.4595, 0.53094 ], [ 36.45938, 0.53095 ], [ 36.45918, 0.53094 ], [ 36.4591, 0.53092 ], [ 36.45897, 0.5309 ], [ 36.45891, 0.53086 ], [ 36.4588, 0.53084 ], [ 36.45872, 0.5308 ], [ 36.45858, 0.53077 ], [ 36.45845, 0.53072 ], [ 36.45832, 0.5307 ], [ 36.45818, 0.53066 ], [ 36.45751, 0.53051 ], [ 36.45736, 0.5305 ], [ 36.45721, 0.53047 ], [ 36.45707, 0.53047 ], [ 36.45694, 0.53051 ], [ 36.45685, 0.53054 ], [ 36.45676, 0.53059 ], [ 36.45666, 0.53064 ], [ 36.45651, 0.53064 ], [ 36.45634, 0.53065 ], [ 36.45613, 0.53066 ], [ 36.45596, 0.53066 ], [ 36.45571, 0.53066 ], [ 36.45546, 0.53068 ], [ 36.45531, 0.53068 ], [ 36.4552, 0.53066 ], [ 36.4551, 0.53064 ], [ 36.45502, 0.53063 ], [ 36.45493, 0.53059 ], [ 36.45486, 0.53056 ], [ 36.4548, 0.53052 ], [ 36.45474, 0.5305 ], [ 36.45468, 0.5305 ], [ 36.4546, 0.53051 ], [ 36.45458, 0.53053 ], [ 36.45455, 0.53055 ], [ 36.45451, 0.53059 ], [ 36.45449, 0.53067 ], [ 36.45449, 0.53068 ], [ 36.45444, 0.53081 ], [ 36.45439, 0.53093 ], [ 36.45432, 0.53102 ], [ 36.45413, 0.53112 ], [ 36.45404, 0.53115 ], [ 36.4539, 0.53117 ], [ 36.45381, 0.53115 ], [ 36.45369, 0.53114 ], [ 36.45344, 0.53109 ], [ 36.45338, 0.53108 ], [ 36.45326, 0.53108 ], [ 36.45313, 0.53111 ], [ 36.45303, 0.53115 ], [ 36.45294, 0.53117 ], [ 36.45286, 0.5312 ], [ 36.45283, 0.5312 ], [ 36.45263, 0.53136 ], [ 36.45241, 0.53157 ], [ 36.45221, 0.53182 ], [ 36.45211, 0.53191 ], [ 36.45204, 0.53198 ], [ 36.45191, 0.532 ], [ 36.45184, 0.532 ], [ 36.45179, 0.532 ], [ 36.45167, 0.53197 ], [ 36.4516, 0.53195 ], [ 36.45154, 0.53195 ], [ 36.45149, 0.53195 ], [ 36.45145, 0.53195 ], [ 36.4513, 0.53201 ], [ 36.45127, 0.53204 ], [ 36.45126, 0.53206 ], [ 36.4512, 0.53208 ], [ 36.45118, 0.53208 ], [ 36.45109, 0.53208 ], [ 36.45104, 0.53208 ], [ 36.45099, 0.53208 ], [ 36.45095, 0.53208 ], [ 36.45087, 0.53208 ], [ 36.45084, 0.53211 ], [ 36.4508, 0.53215 ], [ 36.45075, 0.5322 ], [ 36.45058, 0.53225 ], [ 36.45047, 0.53227 ], [ 36.45042, 0.53227 ], [ 36.45022, 0.53227 ], [ 36.44999, 0.53227 ], [ 36.44977, 0.53236 ], [ 36.44943, 0.5324 ], [ 36.44217, 0.53382 ], [ 36.41918, 0.53879 ], [ 36.4166, 0.53576 ], [ 36.41445, 0.53343 ], [ 36.41255, 0.5311 ], [ 36.41, 0.52837 ], [ 36.40876, 0.52702 ], [ 36.40803, 0.52618 ], [ 36.40683, 0.52505 ], [ 36.40628, 0.52436 ], [ 36.40267, 0.5205 ], [ 36.39994, 0.51722 ], [ 36.39855, 0.51576 ], [ 36.39732, 0.51419 ], [ 36.39629, 0.51281 ], [ 36.39542, 0.5116 ], [ 36.39441, 0.51072 ], [ 36.39346, 0.50968 ], [ 36.39236, 0.50847 ], [ 36.38988, 0.50559 ], [ 36.38711, 0.50242 ], [ 36.38395, 0.49907 ], [ 36.37976, 0.49419 ], [ 36.38118, 0.49196 ], [ 36.38216, 0.49048 ], [ 36.38397, 0.48749 ], [ 36.38527, 0.48542 ], [ 36.38756, 0.4819 ], [ 36.38929, 0.47932 ], [ 36.38975, 0.47855 ], [ 36.39216, 0.47477 ], [ 36.39236, 0.47444 ], [ 36.39506, 0.47016 ], [ 36.39712, 0.46706 ], [ 36.39911, 0.46394 ], [ 36.39967, 0.46371 ], [ 36.4006, 0.46333 ], [ 36.4135, 0.45987 ], [ 36.41506, 0.45798 ], [ 36.41884, 0.45356 ], [ 36.42312, 0.4487 ], [ 36.42319, 0.44862 ], [ 36.42784, 0.44325 ], [ 36.4312, 0.43753 ], [ 36.43156, 0.43718 ], [ 36.43179, 0.43697 ], [ 36.43202, 0.43669 ], [ 36.43209, 0.43662 ], [ 36.43231, 0.43627 ], [ 36.43289, 0.43578 ], [ 36.43304, 0.4357 ], [ 36.43317, 0.4356 ], [ 36.43326, 0.43547 ], [ 36.43329, 0.43541 ], [ 36.43333, 0.43537 ], [ 36.43347, 0.43518 ], [ 36.43356, 0.43512 ], [ 36.43361, 0.43502 ], [ 36.43371, 0.4349 ], [ 36.43383, 0.43481 ], [ 36.43393, 0.43472 ], [ 36.43404, 0.43462 ], [ 36.43412, 0.43458 ], [ 36.43419, 0.43455 ], [ 36.43425, 0.43452 ], [ 36.4344, 0.43447 ], [ 36.43443, 0.43445 ], [ 36.43446, 0.43443 ], [ 36.43453, 0.43439 ], [ 36.43458, 0.43433 ], [ 36.43475, 0.43421 ], [ 36.43481, 0.43415 ], [ 36.43485, 0.43408 ], [ 36.4349, 0.434 ], [ 36.4349, 0.43394 ], [ 36.43492, 0.43385 ], [ 36.43494, 0.43377 ], [ 36.43497, 0.4337 ], [ 36.435, 0.43363 ], [ 36.43505, 0.43357 ], [ 36.43516, 0.43351 ], [ 36.43522, 0.4335 ], [ 36.43528, 0.43347 ], [ 36.43542, 0.43341 ], [ 36.43551, 0.43338 ], [ 36.43556, 0.43331 ], [ 36.43564, 0.4332 ], [ 36.43576, 0.4328 ], [ 36.4358, 0.43263 ], [ 36.43588, 0.43245 ], [ 36.43596, 0.43233 ], [ 36.4361, 0.43202 ], [ 36.43617, 0.4319 ], [ 36.4362, 0.43182 ], [ 36.43624, 0.43172 ], [ 36.43627, 0.43161 ], [ 36.43634, 0.43147 ], [ 36.43643, 0.43144 ], [ 36.43659, 0.43142 ], [ 36.43675, 0.43134 ], [ 36.437, 0.43127 ], [ 36.43722, 0.43119 ], [ 36.43743, 0.43112 ], [ 36.43758, 0.43108 ], [ 36.43779, 0.431 ], [ 36.43826, 0.43085 ], [ 36.43862, 0.43071 ], [ 36.43883, 0.4307 ], [ 36.43921, 0.43059 ], [ 36.43939, 0.43049 ], [ 36.43957, 0.4304 ], [ 36.43972, 0.43027 ], [ 36.4398, 0.43016 ], [ 36.43981, 0.43006 ], [ 36.43986, 0.42982 ], [ 36.43991, 0.4297 ], [ 36.44002, 0.42955 ], [ 36.44016, 0.42943 ], [ 36.44029, 0.42928 ], [ 36.44045, 0.42912 ], [ 36.44059, 0.42889 ], [ 36.44069, 0.4286 ], [ 36.44074, 0.42839 ], [ 36.44083, 0.42814 ], [ 36.44082, 0.42786 ], [ 36.4408, 0.42745 ], [ 36.4408, 0.42723 ], [ 36.44072, 0.42702 ], [ 36.4407, 0.42695 ], [ 36.44068, 0.42688 ], [ 36.44068, 0.42675 ], [ 36.44066, 0.42665 ], [ 36.44068, 0.42646 ], [ 36.44073, 0.42628 ], [ 36.44079, 0.42604 ], [ 36.44085, 0.42583 ], [ 36.44093, 0.42561 ], [ 36.44101, 0.42538 ], [ 36.44115, 0.42502 ], [ 36.44132, 0.42456 ], [ 36.44137, 0.42433 ], [ 36.44138, 0.42417 ], [ 36.44144, 0.424 ], [ 36.44151, 0.42379 ], [ 36.44157, 0.42358 ], [ 36.44165, 0.42343 ], [ 36.4417, 0.42329 ], [ 36.44179, 0.42318 ], [ 36.44195, 0.42307 ], [ 36.44219, 0.42289 ], [ 36.44242, 0.42272 ], [ 36.44267, 0.42263 ], [ 36.4428, 0.42256 ], [ 36.44293, 0.42247 ], [ 36.44302, 0.42236 ], [ 36.44316, 0.42212 ], [ 36.44321, 0.42207 ], [ 36.45467, 0.42731 ], [ 36.45832, 0.41805 ], [ 36.46037, 0.41053 ], [ 36.46266, 0.4029 ], [ 36.4634, 0.39997 ], [ 36.46461, 0.39524 ], [ 36.46529, 0.39257 ], [ 36.46728, 0.38479 ], [ 36.47052, 0.37221 ], [ 36.48062, 0.37966 ], [ 36.48466, 0.37271 ], [ 36.48496, 0.37207 ], [ 36.48795, 0.36781 ], [ 36.48815, 0.36728 ], [ 36.48832, 0.36656 ], [ 36.49274, 0.35873 ], [ 36.49527, 0.35448 ], [ 36.50207, 0.34297 ], [ 36.50672, 0.33475 ], [ 36.51021, 0.32885 ], [ 36.51452, 0.32174 ], [ 36.51462, 0.32177 ], [ 36.51469, 0.32184 ], [ 36.51475, 0.3219 ], [ 36.5148, 0.32197 ], [ 36.51497, 0.32215 ], [ 36.51525, 0.32263 ], [ 36.51548, 0.32309 ], [ 36.51559, 0.32334 ], [ 36.51586, 0.32357 ], [ 36.51602, 0.32362 ], [ 36.51625, 0.32368 ], [ 36.51656, 0.32369 ], [ 36.51676, 0.32369 ], [ 36.51709, 0.32372 ], [ 36.51726, 0.32376 ], [ 36.51743, 0.32381 ], [ 36.51764, 0.32384 ], [ 36.51788, 0.32393 ], [ 36.51834, 0.32413 ], [ 36.51882, 0.32429 ], [ 36.51926, 0.32449 ], [ 36.51952, 0.32469 ], [ 36.51983, 0.32496 ], [ 36.52028, 0.32521 ], [ 36.52056, 0.32535 ], [ 36.52071, 0.32538 ], [ 36.52081, 0.32543 ], [ 36.52105, 0.32552 ], [ 36.52122, 0.32567 ], [ 36.52164, 0.32595 ], [ 36.52197, 0.3263 ], [ 36.52227, 0.32658 ], [ 36.52251, 0.32683 ], [ 36.52278, 0.32717 ], [ 36.52308, 0.32743 ], [ 36.52323, 0.32757 ], [ 36.52342, 0.32763 ], [ 36.52367, 0.32763 ], [ 36.52403, 0.32763 ], [ 36.52431, 0.32761 ], [ 36.5246, 0.32752 ], [ 36.52489, 0.3274 ], [ 36.52526, 0.32733 ], [ 36.52551, 0.32733 ], [ 36.5259, 0.32726 ], [ 36.52614, 0.32711 ], [ 36.52637, 0.32697 ], [ 36.52662, 0.32694 ], [ 36.52696, 0.32694 ], [ 36.52719, 0.32695 ], [ 36.5273, 0.32698 ], [ 36.5274, 0.32698 ], [ 36.52761, 0.32698 ], [ 36.52773, 0.32703 ], [ 36.52778, 0.32712 ], [ 36.52786, 0.32717 ], [ 36.528, 0.32725 ], [ 36.52806, 0.32733 ], [ 36.52817, 0.32744 ], [ 36.52824, 0.32754 ], [ 36.52822, 0.3277 ], [ 36.5282, 0.32782 ], [ 36.52815, 0.32789 ], [ 36.52806, 0.32803 ], [ 36.52802, 0.3281 ], [ 36.52802, 0.32818 ], [ 36.52801, 0.32827 ], [ 36.528, 0.32855 ], [ 36.52801, 0.32879 ], [ 36.52804, 0.3291 ], [ 36.52804, 0.32922 ], [ 36.52806, 0.3293 ], [ 36.52819, 0.32943 ], [ 36.52829, 0.32947 ], [ 36.52853, 0.32949 ], [ 36.52869, 0.32949 ], [ 36.52873, 0.32949 ], [ 36.52883, 0.32949 ], [ 36.52894, 0.32957 ], [ 36.52898, 0.32962 ], [ 36.52909, 0.32962 ], [ 36.52933, 0.3296 ], [ 36.52941, 0.32954 ], [ 36.52958, 0.32949 ], [ 36.52974, 0.32941 ], [ 36.52988, 0.32938 ], [ 36.53016, 0.32938 ], [ 36.53031, 0.32943 ], [ 36.53397, 0.32237 ], [ 36.537, 0.31814 ], [ 36.54174, 0.3112 ], [ 36.54727, 0.30333 ], [ 36.5545, 0.29307 ], [ 36.5581, 0.2877 ], [ 36.56118, 0.29295 ], [ 36.5661, 0.29863 ], [ 36.56791, 0.3007 ], [ 36.57583, 0.3072 ], [ 36.58279, 0.31303 ], [ 36.58499, 0.3145 ], [ 36.58946, 0.31682 ], [ 36.59317, 0.31776 ], [ 36.59438, 0.31806 ], [ 36.59817, 0.31838 ], [ 36.60218, 0.32185 ], [ 36.61158, 0.32905 ], [ 36.61765, 0.33355 ], [ 36.61985, 0.33556 ], [ 36.62082, 0.33639 ], [ 36.62627, 0.34109 ], [ 36.63341, 0.34736 ], [ 36.63619, 0.35028 ], [ 36.63899, 0.35323 ], [ 36.64297, 0.35772 ], [ 36.64472, 0.35969 ], [ 36.64918, 0.36532 ], [ 36.65192, 0.36963 ], [ 36.6526, 0.37198 ], [ 36.65241, 0.37413 ], [ 36.65304, 0.37702 ], [ 36.65437, 0.37961 ], [ 36.65615, 0.38178 ], [ 36.65624, 0.38183 ], [ 36.65627, 0.38192 ], [ 36.65629, 0.38207 ], [ 36.65629, 0.38215 ], [ 36.65628, 0.38225 ], [ 36.65622, 0.38296 ], [ 36.6562, 0.38333 ], [ 36.65622, 0.38357 ], [ 36.65622, 0.38372 ], [ 36.65622, 0.38389 ], [ 36.65622, 0.38407 ], [ 36.65622, 0.3842 ], [ 36.65613, 0.38443 ], [ 36.65605, 0.38451 ], [ 36.65595, 0.38458 ], [ 36.65587, 0.38467 ], [ 36.65564, 0.38497 ], [ 36.6555, 0.38519 ], [ 36.65541, 0.3854 ], [ 36.65534, 0.38555 ], [ 36.6552, 0.38583 ], [ 36.65516, 0.38597 ], [ 36.65513, 0.38648 ], [ 36.65512, 0.38695 ], [ 36.65517, 0.38737 ], [ 36.65513, 0.38765 ], [ 36.6551, 0.38785 ], [ 36.65507, 0.38795 ], [ 36.65501, 0.38804 ], [ 36.65499, 0.38817 ], [ 36.65499, 0.38824 ], [ 36.6551, 0.38885 ], [ 36.65516, 0.38901 ], [ 36.6552, 0.38911 ], [ 36.65533, 0.38922 ], [ 36.65542, 0.38934 ], [ 36.65552, 0.38945 ], [ 36.65562, 0.38951 ], [ 36.65589, 0.38953 ], [ 36.6561, 0.38964 ], [ 36.65626, 0.38971 ], [ 36.65639, 0.38978 ], [ 36.65653, 0.38989 ], [ 36.65668, 0.38996 ], [ 36.65689, 0.39011 ], [ 36.65735, 0.39046 ], [ 36.65779, 0.39068 ], [ 36.6579, 0.39083 ], [ 36.65799, 0.39088 ], [ 36.6582, 0.39087 ], [ 36.65839, 0.39089 ], [ 36.65854, 0.3909 ], [ 36.6588, 0.3909 ], [ 36.65896, 0.39093 ], [ 36.65906, 0.39096 ], [ 36.65917, 0.39103 ], [ 36.65963, 0.39128 ], [ 36.65996, 0.39149 ], [ 36.66044, 0.3917 ], [ 36.66092, 0.39199 ], [ 36.66114, 0.39222 ], [ 36.66139, 0.39243 ], [ 36.66171, 0.39271 ], [ 36.66191, 0.39298 ], [ 36.66205, 0.39324 ], [ 36.66221, 0.39357 ], [ 36.66241, 0.39395 ], [ 36.66243, 0.39426 ], [ 36.6625, 0.39456 ], [ 36.66261, 0.39489 ], [ 36.66275, 0.39527 ], [ 36.66297, 0.3956 ], [ 36.66309, 0.39582 ], [ 36.66318, 0.39596 ], [ 36.66327, 0.39609 ], [ 36.66331, 0.39621 ], [ 36.66342, 0.39632 ], [ 36.66346, 0.39644 ], [ 36.66349, 0.39654 ], [ 36.66352, 0.39662 ], [ 36.66365, 0.39697 ], [ 36.66375, 0.39722 ], [ 36.66383, 0.39735 ], [ 36.66389, 0.39771 ], [ 36.6639, 0.39783 ], [ 36.6639, 0.3979 ], [ 36.66392, 0.39813 ], [ 36.66391, 0.39844 ], [ 36.66384, 0.39866 ], [ 36.66381, 0.39892 ], [ 36.6638, 0.39905 ], [ 36.66378, 0.39914 ], [ 36.66373, 0.39924 ], [ 36.66369, 0.39942 ], [ 36.66354, 0.39987 ], [ 36.66347, 0.40009 ], [ 36.66342, 0.40029 ], [ 36.66335, 0.40042 ], [ 36.66331, 0.40054 ], [ 36.66322, 0.40072 ], [ 36.66317, 0.40083 ], [ 36.66308, 0.40103 ], [ 36.663, 0.40129 ], [ 36.663, 0.40143 ], [ 36.66299, 0.40164 ], [ 36.66296, 0.40194 ], [ 36.663, 0.40237 ], [ 36.66318, 0.40278 ], [ 36.66346, 0.40326 ], [ 36.66389, 0.40386 ], [ 36.6644, 0.40438 ], [ 36.66472, 0.40467 ], [ 36.66497, 0.40483 ], [ 36.6651, 0.40494 ], [ 36.6653, 0.40502 ], [ 36.66549, 0.40509 ], [ 36.66578, 0.40525 ], [ 36.66604, 0.40527 ], [ 36.66624, 0.40528 ], [ 36.66636, 0.40539 ], [ 36.66644, 0.40548 ], [ 36.6667, 0.40565 ], [ 36.66699, 0.4059 ], [ 36.66735, 0.40621 ], [ 36.6676, 0.40652 ], [ 36.66773, 0.40668 ], [ 36.66779, 0.40675 ], [ 36.66795, 0.4069 ], [ 36.66811, 0.40694 ], [ 36.66824, 0.40701 ], [ 36.6684, 0.40711 ], [ 36.66846, 0.4072 ], [ 36.66853, 0.40728 ], [ 36.66856, 0.40749 ], [ 36.66858, 0.40764 ], [ 36.66867, 0.40773 ], [ 36.66867, 0.40809 ], [ 36.66868, 0.40828 ], [ 36.66868, 0.40842 ], [ 36.66868, 0.40853 ], [ 36.66871, 0.40882 ], [ 36.66895, 0.40919 ], [ 36.66918, 0.40947 ], [ 36.66953, 0.40972 ], [ 36.66988, 0.41019 ], [ 36.67009, 0.41038 ], [ 36.67026, 0.41069 ], [ 36.67051, 0.41104 ], [ 36.67076, 0.41145 ], [ 36.67086, 0.4116 ], [ 36.67098, 0.41179 ], [ 36.67105, 0.412 ], [ 36.67108, 0.41213 ], [ 36.67111, 0.41224 ], [ 36.67111, 0.41236 ], [ 36.6711, 0.41245 ], [ 36.67101, 0.41265 ], [ 36.67088, 0.41287 ], [ 36.67077, 0.41318 ], [ 36.67065, 0.41338 ], [ 36.6706, 0.41345 ], [ 36.67057, 0.41353 ], [ 36.67043, 0.41381 ], [ 36.67041, 0.41394 ], [ 36.67041, 0.41409 ], [ 36.67041, 0.4142 ], [ 36.67041, 0.41433 ], [ 36.67041, 0.41441 ], [ 36.67044, 0.41453 ], [ 36.67061, 0.41479 ], [ 36.6707, 0.41488 ], [ 36.67083, 0.41504 ], [ 36.67096, 0.41523 ], [ 36.67104, 0.41535 ], [ 36.67109, 0.41547 ], [ 36.67116, 0.41572 ], [ 36.67118, 0.41602 ], [ 36.67121, 0.41612 ], [ 36.67126, 0.41623 ], [ 36.6715, 0.41644 ], [ 36.67171, 0.41649 ], [ 36.67183, 0.41651 ], [ 36.67196, 0.41658 ], [ 36.67205, 0.41665 ], [ 36.67233, 0.41697 ], [ 36.67245, 0.41716 ], [ 36.67258, 0.41727 ], [ 36.67271, 0.41739 ], [ 36.67276, 0.41748 ], [ 36.67282, 0.41757 ], [ 36.67289, 0.41766 ], [ 36.67293, 0.41779 ], [ 36.67297, 0.4179 ], [ 36.67314, 0.41808 ], [ 36.67337, 0.41817 ], [ 36.67359, 0.41829 ], [ 36.67369, 0.41843 ], [ 36.674, 0.41864 ], [ 36.67418, 0.41874 ], [ 36.67437, 0.41882 ], [ 36.67455, 0.41885 ], [ 36.67476, 0.41885 ], [ 36.67496, 0.41885 ], [ 36.67512, 0.41887 ], [ 36.67532, 0.41893 ], [ 36.67559, 0.41902 ], [ 36.67592, 0.41912 ], [ 36.67602, 0.41919 ], [ 36.67608, 0.41925 ], [ 36.67615, 0.41931 ], [ 36.67622, 0.41938 ], [ 36.67633, 0.41942 ], [ 36.67647, 0.41942 ], [ 36.67664, 0.41942 ], [ 36.67677, 0.41943 ], [ 36.6769, 0.41945 ], [ 36.67711, 0.41956 ], [ 36.67723, 0.41965 ], [ 36.67735, 0.41975 ], [ 36.6775, 0.4198 ], [ 36.67766, 0.4198 ], [ 36.67776, 0.41985 ], [ 36.67796, 0.42005 ], [ 36.67802, 0.42028 ], [ 36.67802, 0.42063 ], [ 36.67811, 0.42082 ], [ 36.67829, 0.42097 ], [ 36.67897, 0.42151 ], [ 36.67923, 0.42179 ], [ 36.67935, 0.42189 ], [ 36.67973, 0.4222 ], [ 36.68003, 0.42238 ], [ 36.6802, 0.42251 ], [ 36.6803, 0.42269 ], [ 36.68043, 0.42287 ], [ 36.68102, 0.42353 ], [ 36.68127, 0.42373 ], [ 36.68137, 0.42385 ], [ 36.68144, 0.42393 ], [ 36.68152, 0.42395 ], [ 36.68176, 0.42395 ], [ 36.6819, 0.42395 ], [ 36.68237, 0.42389 ], [ 36.68254, 0.42388 ], [ 36.68268, 0.42395 ], [ 36.68293, 0.42405 ], [ 36.68314, 0.42421 ], [ 36.68342, 0.42444 ], [ 36.68374, 0.42466 ], [ 36.68396, 0.4248 ], [ 36.68411, 0.42487 ], [ 36.68432, 0.42489 ], [ 36.68487, 0.42489 ], [ 36.68511, 0.42489 ], [ 36.68534, 0.42489 ], [ 36.68561, 0.42489 ], [ 36.68579, 0.42488 ], [ 36.6862, 0.4248 ], [ 36.68643, 0.42474 ], [ 36.68712, 0.42466 ], [ 36.68741, 0.4246 ], [ 36.6881, 0.42443 ], [ 36.68857, 0.4244 ], [ 36.68892, 0.42431 ], [ 36.68926, 0.42421 ], [ 36.68959, 0.42415 ], [ 36.69013, 0.42397 ], [ 36.69068, 0.42383 ], [ 36.69123, 0.42355 ], [ 36.69169, 0.42341 ], [ 36.69235, 0.42312 ], [ 36.69269, 0.42298 ], [ 36.69286, 0.42298 ], [ 36.6931, 0.42297 ], [ 36.69336, 0.42297 ], [ 36.69405, 0.42297 ], [ 36.69435, 0.42297 ], [ 36.69475, 0.42298 ], [ 36.69496, 0.42301 ], [ 36.69518, 0.4231 ], [ 36.69536, 0.42315 ], [ 36.69571, 0.42318 ], [ 36.69591, 0.42323 ], [ 36.696, 0.4233 ], [ 36.69619, 0.42336 ], [ 36.69633, 0.42342 ], [ 36.69653, 0.42343 ], [ 36.69677, 0.42343 ], [ 36.69703, 0.42343 ], [ 36.69714, 0.42343 ], [ 36.69769, 0.42335 ], [ 36.69825, 0.42335 ], [ 36.69971, 0.42335 ], [ 36.69997, 0.42335 ], [ 36.70055, 0.42338 ], [ 36.70096, 0.42344 ], [ 36.70113, 0.42349 ], [ 36.70134, 0.42359 ], [ 36.70152, 0.42364 ], [ 36.70187, 0.42372 ], [ 36.70205, 0.42374 ], [ 36.70223, 0.42375 ], [ 36.70234, 0.42377 ], [ 36.70245, 0.42383 ], [ 36.70253, 0.42391 ], [ 36.70268, 0.42395 ], [ 36.70291, 0.42396 ], [ 36.70313, 0.42399 ], [ 36.70335, 0.42399 ], [ 36.70387, 0.42399 ], [ 36.70394, 0.42399 ], [ 36.70414, 0.42399 ], [ 36.70429, 0.42402 ], [ 36.7045, 0.42405 ], [ 36.7046, 0.42409 ], [ 36.70472, 0.42416 ], [ 36.70487, 0.42426 ], [ 36.70503, 0.42449 ], [ 36.70505, 0.42462 ], [ 36.70506, 0.42504 ], [ 36.70512, 0.42518 ], [ 36.7052, 0.42532 ], [ 36.70526, 0.42543 ], [ 36.70532, 0.42554 ], [ 36.70541, 0.4257 ], [ 36.70547, 0.42575 ], [ 36.70562, 0.42593 ], [ 36.70567, 0.42618 ], [ 36.70572, 0.42628 ], [ 36.70579, 0.42661 ], [ 36.70582, 0.42669 ], [ 36.70588, 0.4268 ], [ 36.70599, 0.42691 ], [ 36.70605, 0.42701 ], [ 36.7061, 0.4271 ], [ 36.7062, 0.42722 ], [ 36.70626, 0.42737 ], [ 36.70627, 0.42749 ], [ 36.70633, 0.42766 ], [ 36.70633, 0.42794 ], [ 36.70635, 0.42813 ], [ 36.70634, 0.42834 ], [ 36.70634, 0.42847 ], [ 36.70639, 0.42922 ], [ 36.70641, 0.42941 ], [ 36.70646, 0.42958 ], [ 36.70647, 0.42976 ], [ 36.70653, 0.43003 ], [ 36.70681, 0.43126 ], [ 36.70693, 0.4316 ], [ 36.70713, 0.43204 ], [ 36.70734, 0.43265 ], [ 36.70753, 0.43308 ], [ 36.70777, 0.43362 ], [ 36.70805, 0.43396 ], [ 36.7083, 0.43414 ], [ 36.70845, 0.43431 ], [ 36.70877, 0.43443 ], [ 36.70893, 0.43446 ], [ 36.70919, 0.43446 ], [ 36.7094, 0.43447 ], [ 36.70958, 0.43448 ], [ 36.70983, 0.43453 ], [ 36.70995, 0.43457 ], [ 36.71015, 0.43457 ], [ 36.71026, 0.43457 ], [ 36.71041, 0.43457 ], [ 36.7105, 0.43453 ], [ 36.71062, 0.43446 ], [ 36.71075, 0.43442 ], [ 36.71106, 0.43435 ], [ 36.71115, 0.4343 ], [ 36.71128, 0.4343 ], [ 36.71144, 0.43429 ], [ 36.71158, 0.43427 ], [ 36.71175, 0.43428 ], [ 36.71189, 0.43435 ], [ 36.71225, 0.43436 ], [ 36.71238, 0.43439 ], [ 36.71257, 0.4344 ], [ 36.71269, 0.4344 ], [ 36.71284, 0.4344 ], [ 36.71299, 0.4344 ], [ 36.71311, 0.4344 ], [ 36.71329, 0.43439 ], [ 36.71347, 0.43437 ], [ 36.71358, 0.4343 ], [ 36.71371, 0.43426 ], [ 36.7139, 0.43405 ], [ 36.71406, 0.43389 ], [ 36.71414, 0.43384 ], [ 36.71416, 0.43379 ], [ 36.71426, 0.43369 ], [ 36.71434, 0.43368 ], [ 36.71445, 0.43368 ], [ 36.71452, 0.43368 ], [ 36.71459, 0.43377 ], [ 36.71462, 0.43383 ], [ 36.71468, 0.43393 ], [ 36.71478, 0.43404 ], [ 36.71491, 0.43418 ], [ 36.71511, 0.43427 ], [ 36.71532, 0.43429 ], [ 36.71549, 0.43432 ], [ 36.71562, 0.43441 ], [ 36.71593, 0.43443 ], [ 36.71618, 0.4344 ], [ 36.7164, 0.43435 ], [ 36.71672, 0.4343 ], [ 36.71709, 0.43427 ], [ 36.7173, 0.43426 ], [ 36.71754, 0.43426 ], [ 36.71775, 0.43426 ], [ 36.71796, 0.43426 ], [ 36.71815, 0.43425 ], [ 36.7184, 0.43425 ], [ 36.71868, 0.43426 ], [ 36.71889, 0.43426 ], [ 36.71918, 0.43427 ], [ 36.71958, 0.43422 ], [ 36.71975, 0.4342 ], [ 36.72003, 0.4342 ], [ 36.72007, 0.43422 ], [ 36.72028, 0.43423 ], [ 36.72036, 0.43426 ], [ 36.72045, 0.43429 ], [ 36.72051, 0.43434 ], [ 36.72058, 0.43441 ], [ 36.72062, 0.43451 ], [ 36.72088, 0.43459 ], [ 36.72107, 0.43467 ], [ 36.72122, 0.43473 ], [ 36.72139, 0.43479 ], [ 36.72161, 0.43482 ], [ 36.72167, 0.43486 ], [ 36.72177, 0.43492 ], [ 36.72214, 0.43506 ], [ 36.72275, 0.43526 ], [ 36.72459, 0.43053 ], [ 36.72615, 0.42654 ], [ 36.72626, 0.42624 ], [ 36.72637, 0.42596 ], [ 36.72853, 0.42041 ], [ 36.72856, 0.42034 ], [ 36.72861, 0.42022 ], [ 36.73264, 0.40987 ], [ 36.73414, 0.40602 ], [ 36.73555, 0.40241 ], [ 36.74095, 0.38855 ], [ 36.74102, 0.38836 ], [ 36.74147, 0.38777 ], [ 36.74397, 0.38457 ], [ 36.74856, 0.37869 ], [ 36.75573, 0.3695 ], [ 36.77308, 0.37477 ], [ 36.77847, 0.37641 ], [ 36.78108, 0.3772 ], [ 36.78107, 0.37717 ], [ 36.78107, 0.37709 ], [ 36.78107, 0.37697 ], [ 36.78109, 0.37683 ], [ 36.78115, 0.37645 ], [ 36.78126, 0.37573 ], [ 36.78129, 0.37567 ], [ 36.7813, 0.37549 ], [ 36.7813, 0.3754 ], [ 36.7813, 0.37529 ], [ 36.7813, 0.37529 ], [ 36.7813, 0.37519 ], [ 36.7813, 0.3751 ], [ 36.7813, 0.37507 ], [ 36.78131, 0.37501 ], [ 36.78133, 0.37488 ], [ 36.78133, 0.37477 ], [ 36.7813, 0.37471 ], [ 36.78129, 0.37464 ], [ 36.78125, 0.37456 ], [ 36.78122, 0.37451 ], [ 36.78116, 0.37438 ], [ 36.78115, 0.37433 ], [ 36.78114, 0.3743 ], [ 36.78114, 0.37425 ], [ 36.78113, 0.3742 ], [ 36.78113, 0.37406 ], [ 36.78116, 0.37359 ], [ 36.78118, 0.37353 ], [ 36.78118, 0.37351 ], [ 36.78119, 0.37347 ], [ 36.78119, 0.3734 ], [ 36.78119, 0.37334 ], [ 36.7812, 0.37328 ], [ 36.78121, 0.37317 ], [ 36.78122, 0.37304 ], [ 36.78122, 0.37304 ], [ 36.78127, 0.37293 ], [ 36.78139, 0.37272 ], [ 36.7814, 0.37268 ], [ 36.78141, 0.37265 ], [ 36.78144, 0.37259 ], [ 36.78144, 0.37253 ], [ 36.78144, 0.37246 ], [ 36.78142, 0.37237 ], [ 36.78141, 0.37231 ], [ 36.78139, 0.37225 ], [ 36.78137, 0.37223 ], [ 36.78135, 0.3722 ], [ 36.78131, 0.37214 ], [ 36.7813, 0.37212 ], [ 36.78126, 0.37205 ], [ 36.7812, 0.37194 ], [ 36.78114, 0.37186 ], [ 36.78111, 0.37175 ], [ 36.7811, 0.37163 ], [ 36.78111, 0.37133 ], [ 36.78116, 0.37056 ], [ 36.78119, 0.37017 ], [ 36.78119, 0.37011 ], [ 36.78126, 0.36997 ], [ 36.78132, 0.36991 ], [ 36.78135, 0.36989 ], [ 36.7814, 0.36985 ], [ 36.78145, 0.36982 ], [ 36.78153, 0.36977 ], [ 36.78163, 0.36968 ], [ 36.78166, 0.36961 ], [ 36.78171, 0.36953 ], [ 36.78172, 0.36947 ], [ 36.78172, 0.36939 ], [ 36.78174, 0.36926 ], [ 36.78174, 0.36922 ], [ 36.78173, 0.36916 ], [ 36.78169, 0.3689 ], [ 36.78169, 0.36883 ], [ 36.78167, 0.36877 ], [ 36.78165, 0.36869 ], [ 36.78165, 0.36867 ], [ 36.78165, 0.36861 ], [ 36.78164, 0.36854 ], [ 36.78157, 0.36847 ], [ 36.78154, 0.36839 ], [ 36.78152, 0.36836 ], [ 36.78151, 0.36831 ], [ 36.7815, 0.36817 ], [ 36.78148, 0.36809 ], [ 36.78146, 0.36795 ], [ 36.78143, 0.36789 ], [ 36.78141, 0.36786 ], [ 36.7814, 0.36779 ], [ 36.78138, 0.36776 ], [ 36.78137, 0.36774 ], [ 36.78133, 0.3677 ], [ 36.78132, 0.36769 ], [ 36.78126, 0.36766 ], [ 36.78126, 0.36766 ], [ 36.78118, 0.36766 ], [ 36.78114, 0.36765 ], [ 36.78111, 0.36765 ], [ 36.78103, 0.36764 ], [ 36.78103, 0.36764 ], [ 36.7809, 0.36763 ], [ 36.7809, 0.36763 ], [ 36.78079, 0.36761 ], [ 36.78079, 0.36761 ], [ 36.78063, 0.36758 ], [ 36.78052, 0.36754 ], [ 36.78042, 0.3675 ], [ 36.78037, 0.36746 ], [ 36.78033, 0.36743 ], [ 36.78024, 0.36735 ], [ 36.78016, 0.36728 ], [ 36.7801, 0.36719 ], [ 36.78006, 0.36707 ], [ 36.78001, 0.36695 ], [ 36.77998, 0.36681 ], [ 36.78002, 0.36658 ], [ 36.78003, 0.36652 ], [ 36.78002, 0.36626 ], [ 36.78003, 0.36624 ], [ 36.78005, 0.36618 ], [ 36.78005, 0.36605 ], [ 36.78004, 0.366 ], [ 36.78002, 0.36598 ], [ 36.78001, 0.36596 ], [ 36.77999, 0.36587 ], [ 36.77998, 0.36578 ], [ 36.77997, 0.36575 ], [ 36.77997, 0.3657 ], [ 36.77997, 0.36566 ], [ 36.77996, 0.36563 ], [ 36.77996, 0.36553 ], [ 36.78, 0.36547 ], [ 36.78007, 0.3654 ], [ 36.78009, 0.36531 ], [ 36.78012, 0.36521 ], [ 36.78012, 0.36513 ], [ 36.78012, 0.36505 ], [ 36.78008, 0.36497 ], [ 36.78007, 0.36494 ], [ 36.78005, 0.3649 ], [ 36.78001, 0.36484 ], [ 36.77997, 0.36479 ], [ 36.77994, 0.36476 ], [ 36.77994, 0.36476 ], [ 36.77992, 0.36476 ], [ 36.77988, 0.36475 ], [ 36.77988, 0.36476 ], [ 36.77985, 0.36479 ], [ 36.77981, 0.36481 ], [ 36.77978, 0.36483 ], [ 36.77973, 0.36487 ], [ 36.77973, 0.36487 ], [ 36.77964, 0.36487 ], [ 36.7796, 0.36486 ], [ 36.7796, 0.36486 ], [ 36.77958, 0.36484 ], [ 36.77957, 0.36475 ], [ 36.77956, 0.36474 ], [ 36.77956, 0.36469 ], [ 36.77949, 0.3644 ], [ 36.77947, 0.36432 ], [ 36.77947, 0.36431 ], [ 36.77947, 0.36429 ], [ 36.77945, 0.36426 ], [ 36.77943, 0.36423 ], [ 36.77939, 0.36419 ], [ 36.77938, 0.36418 ], [ 36.77934, 0.36414 ], [ 36.77929, 0.36409 ], [ 36.77919, 0.36404 ], [ 36.77916, 0.36402 ], [ 36.7791, 0.36398 ], [ 36.77906, 0.36394 ], [ 36.77905, 0.36393 ], [ 36.77896, 0.36388 ], [ 36.77892, 0.36381 ], [ 36.77891, 0.36376 ], [ 36.77891, 0.36375 ], [ 36.77891, 0.36373 ], [ 36.7789, 0.36369 ], [ 36.77891, 0.36365 ], [ 36.77894, 0.36358 ], [ 36.779, 0.36352 ], [ 36.77902, 0.3635 ], [ 36.77908, 0.36345 ], [ 36.77913, 0.3634 ], [ 36.77929, 0.36332 ], [ 36.77941, 0.36324 ], [ 36.77952, 0.3632 ], [ 36.77957, 0.36319 ], [ 36.77957, 0.36319 ], [ 36.77975, 0.36311 ], [ 36.77975, 0.36311 ], [ 36.77976, 0.36311 ], [ 36.77988, 0.36301 ], [ 36.77995, 0.36293 ], [ 36.78005, 0.36283 ], [ 36.78006, 0.36282 ], [ 36.7801, 0.36276 ], [ 36.78012, 0.36272 ], [ 36.78012, 0.36271 ], [ 36.78012, 0.36238 ], [ 36.78012, 0.36238 ], [ 36.78017, 0.36169 ], [ 36.78017, 0.36157 ], [ 36.78017, 0.36148 ], [ 36.78014, 0.36141 ], [ 36.78009, 0.36133 ], [ 36.78005, 0.36131 ], [ 36.78003, 0.36124 ], [ 36.77998, 0.36119 ], [ 36.77992, 0.36113 ], [ 36.7799, 0.36111 ], [ 36.77983, 0.36103 ], [ 36.77977, 0.36093 ], [ 36.77968, 0.36085 ], [ 36.77964, 0.36081 ], [ 36.77962, 0.36072 ], [ 36.77961, 0.36064 ], [ 36.77958, 0.36058 ], [ 36.77957, 0.36048 ], [ 36.77955, 0.3604 ], [ 36.77951, 0.36033 ], [ 36.77948, 0.36028 ], [ 36.77947, 0.36022 ], [ 36.77947, 0.36013 ], [ 36.77951, 0.36004 ], [ 36.77951, 0.36004 ], [ 36.77951, 0.36004 ], [ 36.77951, 0.36 ], [ 36.77953, 0.35996 ], [ 36.77954, 0.35994 ], [ 36.77962, 0.35981 ], [ 36.77975, 0.35962 ], [ 36.77975, 0.35962 ], [ 36.77979, 0.35956 ], [ 36.77981, 0.35952 ], [ 36.77983, 0.35947 ], [ 36.77984, 0.35941 ], [ 36.77984, 0.35938 ], [ 36.77984, 0.3593 ], [ 36.77974, 0.35916 ], [ 36.77974, 0.35916 ], [ 36.77969, 0.3591 ], [ 36.77966, 0.35907 ], [ 36.77965, 0.35905 ], [ 36.77963, 0.35902 ], [ 36.77961, 0.359 ], [ 36.77961, 0.35895 ], [ 36.77961, 0.35893 ], [ 36.7796, 0.35889 ], [ 36.77961, 0.35884 ], [ 36.77961, 0.35882 ], [ 36.77962, 0.35878 ], [ 36.77968, 0.35872 ], [ 36.77974, 0.35867 ], [ 36.77983, 0.35863 ], [ 36.77985, 0.35862 ], [ 36.77989, 0.35858 ], [ 36.77998, 0.35852 ], [ 36.78, 0.35845 ], [ 36.78001, 0.3584 ], [ 36.78002, 0.35835 ], [ 36.78003, 0.3583 ], [ 36.78005, 0.35819 ], [ 36.78005, 0.35809 ], [ 36.78008, 0.35805 ], [ 36.78009, 0.35803 ], [ 36.78011, 0.35801 ], [ 36.78017, 0.35795 ], [ 36.78031, 0.35783 ], [ 36.78032, 0.35782 ], [ 36.78036, 0.35779 ], [ 36.78046, 0.3577 ], [ 36.78051, 0.35761 ], [ 36.78053, 0.35758 ], [ 36.78055, 0.35745 ], [ 36.78055, 0.3574 ], [ 36.78053, 0.35733 ], [ 36.78051, 0.3572 ], [ 36.78051, 0.3572 ], [ 36.78051, 0.35686 ], [ 36.78051, 0.3568 ], [ 36.78051, 0.3568 ], [ 36.78057, 0.35668 ], [ 36.78063, 0.35661 ], [ 36.78065, 0.35651 ], [ 36.78066, 0.3564 ], [ 36.78068, 0.35631 ], [ 36.78068, 0.35622 ], [ 36.78071, 0.35613 ], [ 36.78072, 0.3561 ], [ 36.78073, 0.35607 ], [ 36.78083, 0.35588 ], [ 36.78084, 0.35586 ], [ 36.78086, 0.35584 ], [ 36.78107, 0.35566 ], [ 36.78111, 0.35563 ], [ 36.78115, 0.3556 ], [ 36.7812, 0.35553 ], [ 36.78121, 0.3555 ], [ 36.78122, 0.35538 ], [ 36.78121, 0.35527 ], [ 36.78119, 0.35523 ], [ 36.78116, 0.35518 ], [ 36.78114, 0.35515 ], [ 36.78111, 0.35511 ], [ 36.78105, 0.35503 ], [ 36.78104, 0.35502 ], [ 36.78103, 0.35499 ], [ 36.78101, 0.35492 ], [ 36.78098, 0.3548 ], [ 36.78098, 0.35467 ], [ 36.78098, 0.35467 ], [ 36.78104, 0.35443 ], [ 36.78106, 0.3544 ], [ 36.78109, 0.35434 ], [ 36.78123, 0.35424 ], [ 36.78125, 0.35422 ], [ 36.78129, 0.35417 ], [ 36.78136, 0.35412 ], [ 36.78143, 0.35406 ], [ 36.78151, 0.35402 ], [ 36.78151, 0.35402 ], [ 36.78159, 0.35394 ], [ 36.78163, 0.35387 ], [ 36.7817, 0.35371 ], [ 36.7817, 0.35363 ], [ 36.78174, 0.35338 ], [ 36.78177, 0.35333 ], [ 36.78184, 0.35323 ], [ 36.78191, 0.35316 ], [ 36.78195, 0.35313 ], [ 36.78195, 0.35313 ], [ 36.78206, 0.35309 ], [ 36.78213, 0.35303 ], [ 36.78221, 0.35299 ], [ 36.78221, 0.35299 ], [ 36.78229, 0.35293 ], [ 36.78234, 0.35283 ], [ 36.78234, 0.35282 ], [ 36.78236, 0.35273 ], [ 36.78236, 0.35264 ], [ 36.78236, 0.35256 ], [ 36.78236, 0.35249 ], [ 36.78235, 0.35246 ], [ 36.78235, 0.35233 ], [ 36.78234, 0.35207 ], [ 36.78234, 0.35207 ], [ 36.78235, 0.35198 ], [ 36.78237, 0.35182 ], [ 36.78248, 0.35158 ], [ 36.78251, 0.35155 ], [ 36.78252, 0.35155 ], [ 36.78259, 0.35144 ], [ 36.78265, 0.35138 ], [ 36.78276, 0.35131 ], [ 36.78283, 0.35124 ], [ 36.78288, 0.35117 ], [ 36.78289, 0.35115 ], [ 36.7829, 0.35113 ], [ 36.7829, 0.35107 ], [ 36.78293, 0.35102 ], [ 36.78293, 0.35102 ], [ 36.78293, 0.35091 ], [ 36.78295, 0.35079 ], [ 36.78297, 0.35074 ], [ 36.78299, 0.35071 ], [ 36.78303, 0.35064 ], [ 36.78308, 0.35059 ], [ 36.78312, 0.35055 ], [ 36.78329, 0.35051 ], [ 36.78334, 0.35051 ], [ 36.78349, 0.35049 ], [ 36.7836, 0.35042 ], [ 36.78362, 0.35038 ], [ 36.78366, 0.35032 ], [ 36.78382, 0.35008 ], [ 36.78385, 0.35003 ], [ 36.78387, 0.34999 ], [ 36.78392, 0.34993 ], [ 36.78395, 0.3499 ], [ 36.78407, 0.34985 ], [ 36.78407, 0.34985 ], [ 36.78417, 0.34982 ], [ 36.78427, 0.34982 ], [ 36.78427, 0.34982 ], [ 36.78436, 0.34986 ], [ 36.78452, 0.34999 ], [ 36.78456, 0.35001 ], [ 36.78459, 0.35002 ], [ 36.78459, 0.35002 ], [ 36.78464, 0.35002 ], [ 36.78468, 0.34998 ], [ 36.78468, 0.34997 ], [ 36.78472, 0.34989 ], [ 36.78472, 0.34981 ], [ 36.78472, 0.34972 ], [ 36.78468, 0.34944 ], [ 36.78462, 0.34929 ], [ 36.78442, 0.34791 ], [ 36.78442, 0.34787 ], [ 36.78442, 0.34785 ], [ 36.78442, 0.34775 ], [ 36.7844, 0.34762 ], [ 36.78436, 0.34748 ], [ 36.78432, 0.34739 ], [ 36.78427, 0.34726 ], [ 36.78422, 0.34717 ], [ 36.7842, 0.34714 ], [ 36.78417, 0.34706 ], [ 36.78413, 0.34698 ], [ 36.78405, 0.34688 ], [ 36.78403, 0.34686 ], [ 36.78395, 0.3468 ], [ 36.78378, 0.34669 ], [ 36.78341, 0.34639 ], [ 36.78341, 0.34639 ], [ 36.78332, 0.3463 ], [ 36.78327, 0.34626 ], [ 36.78323, 0.34622 ], [ 36.78312, 0.34611 ], [ 36.78306, 0.34602 ], [ 36.78302, 0.34594 ], [ 36.78301, 0.34591 ], [ 36.783, 0.34587 ], [ 36.78297, 0.34578 ], [ 36.783, 0.34557 ], [ 36.78302, 0.34548 ], [ 36.78308, 0.3454 ], [ 36.78313, 0.34536 ], [ 36.78321, 0.3453 ], [ 36.78331, 0.34522 ], [ 36.78338, 0.34516 ], [ 36.7834, 0.34513 ], [ 36.78346, 0.34507 ], [ 36.78348, 0.34505 ], [ 36.78349, 0.34503 ], [ 36.78351, 0.34501 ], [ 36.78354, 0.34498 ], [ 36.78356, 0.34491 ], [ 36.78355, 0.34488 ], [ 36.78355, 0.34484 ], [ 36.78348, 0.34477 ], [ 36.78334, 0.34468 ], [ 36.78328, 0.34468 ], [ 36.78328, 0.34468 ], [ 36.78319, 0.34468 ], [ 36.78319, 0.34468 ], [ 36.78311, 0.34468 ], [ 36.78308, 0.34468 ], [ 36.78306, 0.34467 ], [ 36.78301, 0.34467 ], [ 36.78294, 0.34465 ], [ 36.78287, 0.34463 ], [ 36.78283, 0.34458 ], [ 36.7828, 0.34448 ], [ 36.7828, 0.34433 ], [ 36.7828, 0.34419 ], [ 36.7828, 0.34407 ], [ 36.7828, 0.34405 ], [ 36.78282, 0.34395 ], [ 36.78288, 0.34387 ], [ 36.7829, 0.34384 ], [ 36.78299, 0.34375 ], [ 36.78306, 0.34371 ], [ 36.78306, 0.34371 ], [ 36.78313, 0.3437 ], [ 36.78313, 0.3437 ], [ 36.78315, 0.34369 ], [ 36.78321, 0.34366 ], [ 36.78324, 0.3436 ], [ 36.78325, 0.34358 ], [ 36.78328, 0.34354 ], [ 36.78329, 0.34352 ], [ 36.78329, 0.3434 ], [ 36.78328, 0.34333 ], [ 36.78326, 0.34326 ], [ 36.78326, 0.34324 ], [ 36.78326, 0.3432 ], [ 36.78325, 0.34318 ], [ 36.78323, 0.34313 ], [ 36.78321, 0.34305 ], [ 36.78319, 0.34296 ], [ 36.78319, 0.34283 ], [ 36.78325, 0.34255 ], [ 36.78325, 0.34249 ], [ 36.78326, 0.34244 ], [ 36.78326, 0.34239 ], [ 36.78325, 0.34234 ], [ 36.78324, 0.34225 ], [ 36.78321, 0.34206 ], [ 36.78314, 0.34191 ], [ 36.78308, 0.3418 ], [ 36.78306, 0.34172 ], [ 36.78304, 0.34166 ], [ 36.78303, 0.34163 ], [ 36.78304, 0.34155 ], [ 36.78308, 0.34134 ], [ 36.78322, 0.34082 ], [ 36.78341, 0.34011 ], [ 36.78347, 0.34003 ], [ 36.78351, 0.33998 ], [ 36.78363, 0.33983 ], [ 36.78364, 0.33983 ], [ 36.78371, 0.33976 ], [ 36.78379, 0.33974 ], [ 36.78382, 0.33974 ], [ 36.7839, 0.33973 ], [ 36.78392, 0.33972 ], [ 36.78408, 0.33965 ], [ 36.78408, 0.33965 ], [ 36.78421, 0.33961 ], [ 36.78428, 0.33955 ], [ 36.78431, 0.3395 ], [ 36.78434, 0.33945 ], [ 36.78435, 0.33937 ], [ 36.78436, 0.3393 ], [ 36.78443, 0.33917 ], [ 36.78446, 0.33911 ], [ 36.78449, 0.33895 ], [ 36.78451, 0.33883 ], [ 36.78452, 0.33877 ], [ 36.78453, 0.33871 ], [ 36.78457, 0.33865 ], [ 36.78461, 0.33857 ], [ 36.78466, 0.3385 ], [ 36.78471, 0.33844 ], [ 36.7849, 0.33826 ], [ 36.78519, 0.33798 ], [ 36.78527, 0.33791 ], [ 36.78532, 0.33786 ], [ 36.78534, 0.33784 ], [ 36.78538, 0.33778 ], [ 36.7854, 0.33776 ], [ 36.78542, 0.33771 ], [ 36.78544, 0.33766 ], [ 36.78546, 0.33753 ], [ 36.78546, 0.33753 ], [ 36.78546, 0.33742 ], [ 36.78544, 0.33732 ], [ 36.78543, 0.33726 ], [ 36.78543, 0.33723 ], [ 36.78543, 0.33702 ], [ 36.78543, 0.33693 ], [ 36.78543, 0.33686 ], [ 36.78544, 0.3368 ], [ 36.78555, 0.33668 ], [ 36.78557, 0.33666 ], [ 36.78557, 0.33665 ], [ 36.78572, 0.33656 ], [ 36.78592, 0.33643 ], [ 36.78602, 0.33642 ], [ 36.78612, 0.33641 ], [ 36.78636, 0.33636 ], [ 36.78642, 0.33635 ], [ 36.78642, 0.33635 ], [ 36.78663, 0.33632 ], [ 36.78681, 0.3363 ], [ 36.7869, 0.33626 ], [ 36.78693, 0.33625 ], [ 36.78695, 0.33623 ], [ 36.78702, 0.33616 ], [ 36.78706, 0.33614 ], [ 36.78711, 0.33611 ], [ 36.7872, 0.33604 ], [ 36.7872, 0.33604 ], [ 36.78735, 0.336 ], [ 36.78744, 0.33596 ], [ 36.78744, 0.33596 ], [ 36.78744, 0.33596 ], [ 36.78759, 0.33594 ], [ 36.78774, 0.33594 ], [ 36.78781, 0.33594 ], [ 36.78785, 0.33595 ], [ 36.78789, 0.33595 ], [ 36.78792, 0.33595 ], [ 36.78806, 0.33599 ], [ 36.78815, 0.33605 ], [ 36.7883, 0.33606 ], [ 36.78845, 0.33605 ], [ 36.78857, 0.33603 ], [ 36.7886, 0.33601 ], [ 36.78867, 0.33597 ], [ 36.78872, 0.33593 ], [ 36.78875, 0.33591 ], [ 36.78888, 0.3358 ], [ 36.78899, 0.33573 ], [ 36.78914, 0.33558 ], [ 36.78939, 0.33527 ], [ 36.78947, 0.33519 ], [ 36.78951, 0.33505 ], [ 36.78951, 0.33505 ], [ 36.7895, 0.335 ], [ 36.78944, 0.33492 ], [ 36.78934, 0.33485 ], [ 36.78931, 0.33481 ], [ 36.78926, 0.33476 ], [ 36.78926, 0.33476 ], [ 36.78922, 0.33469 ], [ 36.78921, 0.33465 ], [ 36.78919, 0.33462 ], [ 36.78918, 0.33456 ], [ 36.78918, 0.33445 ], [ 36.78918, 0.33433 ], [ 36.78925, 0.33398 ], [ 36.78927, 0.33382 ], [ 36.7893, 0.33359 ], [ 36.78929, 0.33272 ], [ 36.78928, 0.33242 ], [ 36.78928, 0.33236 ], [ 36.78928, 0.33228 ], [ 36.78927, 0.33214 ], [ 36.78926, 0.33206 ], [ 36.78926, 0.33203 ], [ 36.78922, 0.33194 ], [ 36.78914, 0.33166 ], [ 36.78912, 0.33157 ], [ 36.78912, 0.33147 ], [ 36.78907, 0.33139 ], [ 36.78904, 0.33134 ], [ 36.78898, 0.3313 ], [ 36.78898, 0.3313 ], [ 36.78893, 0.33126 ], [ 36.78893, 0.33126 ], [ 36.78883, 0.33123 ], [ 36.78876, 0.33123 ], [ 36.78869, 0.33123 ], [ 36.78869, 0.33123 ], [ 36.78863, 0.33123 ], [ 36.78863, 0.33123 ], [ 36.78856, 0.33122 ], [ 36.78854, 0.33119 ], [ 36.7885, 0.33114 ], [ 36.78846, 0.33106 ], [ 36.78845, 0.33105 ], [ 36.78845, 0.33105 ], [ 36.78843, 0.33095 ], [ 36.78833, 0.33057 ], [ 36.78832, 0.33048 ], [ 36.78829, 0.3304 ], [ 36.78826, 0.33032 ], [ 36.78826, 0.33032 ], [ 36.78826, 0.33022 ], [ 36.78825, 0.33012 ], [ 36.78825, 0.33008 ], [ 36.78825, 0.32999 ], [ 36.78825, 0.3299 ], [ 36.78825, 0.32987 ], [ 36.78826, 0.3298 ], [ 36.78826, 0.32969 ], [ 36.78827, 0.32962 ], [ 36.78827, 0.32951 ], [ 36.78831, 0.32925 ], [ 36.78832, 0.3292 ], [ 36.78832, 0.32909 ], [ 36.78831, 0.32894 ], [ 36.78828, 0.32888 ], [ 36.78825, 0.32885 ], [ 36.78823, 0.32882 ], [ 36.78817, 0.32875 ], [ 36.78811, 0.32868 ], [ 36.7881, 0.32866 ], [ 36.78806, 0.32861 ], [ 36.78803, 0.32854 ], [ 36.78789, 0.32818 ], [ 36.78788, 0.3281 ], [ 36.78788, 0.32804 ], [ 36.78788, 0.32802 ], [ 36.78787, 0.32797 ], [ 36.78786, 0.32793 ], [ 36.78785, 0.32791 ], [ 36.78785, 0.32789 ], [ 36.78783, 0.32785 ], [ 36.78779, 0.3278 ], [ 36.78775, 0.32777 ], [ 36.78763, 0.32765 ], [ 36.78744, 0.32748 ], [ 36.78742, 0.32744 ], [ 36.78739, 0.3274 ], [ 36.78731, 0.32732 ], [ 36.78731, 0.32732 ], [ 36.78717, 0.32722 ], [ 36.78695, 0.32691 ], [ 36.78693, 0.3269 ], [ 36.7869, 0.32688 ], [ 36.78684, 0.32686 ], [ 36.78684, 0.32686 ], [ 36.78678, 0.32683 ], [ 36.78674, 0.32683 ], [ 36.78665, 0.32683 ], [ 36.78661, 0.32684 ], [ 36.78658, 0.32684 ], [ 36.78648, 0.32684 ], [ 36.78642, 0.32684 ], [ 36.78642, 0.32684 ], [ 36.78624, 0.3268 ], [ 36.78617, 0.32674 ], [ 36.78608, 0.32663 ], [ 36.78594, 0.32636 ], [ 36.78592, 0.32632 ], [ 36.78591, 0.32629 ], [ 36.78584, 0.32621 ], [ 36.78578, 0.32612 ], [ 36.78569, 0.32605 ], [ 36.7856, 0.32596 ], [ 36.78554, 0.32594 ], [ 36.78549, 0.32591 ], [ 36.78546, 0.32591 ], [ 36.78537, 0.3259 ], [ 36.78533, 0.32589 ], [ 36.78529, 0.32588 ], [ 36.78518, 0.32588 ], [ 36.78518, 0.32588 ], [ 36.78512, 0.32588 ], [ 36.78512, 0.32588 ], [ 36.78505, 0.32588 ], [ 36.78505, 0.32588 ], [ 36.785, 0.32586 ], [ 36.78495, 0.32579 ], [ 36.78492, 0.3257 ], [ 36.78492, 0.32569 ], [ 36.78492, 0.32569 ], [ 36.78488, 0.32559 ], [ 36.78488, 0.32557 ], [ 36.78488, 0.32551 ], [ 36.78487, 0.32542 ], [ 36.78485, 0.32529 ], [ 36.78484, 0.32523 ], [ 36.78483, 0.32519 ], [ 36.78483, 0.32509 ], [ 36.78484, 0.325 ], [ 36.78485, 0.32461 ], [ 36.78486, 0.32408 ], [ 36.78486, 0.32399 ], [ 36.78486, 0.32396 ], [ 36.78485, 0.32391 ], [ 36.78484, 0.32387 ], [ 36.7848, 0.32378 ], [ 36.7848, 0.32378 ], [ 36.78477, 0.32371 ], [ 36.78476, 0.32369 ], [ 36.78473, 0.32363 ], [ 36.78473, 0.32358 ], [ 36.78473, 0.32356 ], [ 36.78468, 0.3235 ], [ 36.78465, 0.32346 ], [ 36.78456, 0.32334 ], [ 36.78421, 0.32299 ], [ 36.78412, 0.3229 ], [ 36.78391, 0.32271 ], [ 36.7839, 0.32269 ], [ 36.78389, 0.32267 ], [ 36.78388, 0.3226 ], [ 36.78388, 0.32255 ], [ 36.78389, 0.32248 ], [ 36.78393, 0.32243 ], [ 36.78399, 0.32236 ], [ 36.78401, 0.32219 ], [ 36.78403, 0.32211 ], [ 36.784, 0.32203 ], [ 36.78395, 0.32194 ], [ 36.78391, 0.32187 ], [ 36.78384, 0.32178 ], [ 36.78381, 0.32176 ], [ 36.78375, 0.3217 ], [ 36.78368, 0.32157 ], [ 36.78367, 0.32148 ], [ 36.78364, 0.32138 ], [ 36.78363, 0.32128 ], [ 36.78363, 0.32128 ], [ 36.78366, 0.32113 ], [ 36.78369, 0.32106 ], [ 36.7838, 0.321 ], [ 36.78389, 0.32096 ], [ 36.78389, 0.32096 ], [ 36.78395, 0.32092 ], [ 36.78395, 0.32092 ], [ 36.78396, 0.32091 ], [ 36.78401, 0.32087 ], [ 36.78405, 0.3208 ], [ 36.78406, 0.32079 ], [ 36.78407, 0.32077 ], [ 36.78407, 0.32072 ], [ 36.78407, 0.32063 ], [ 36.78405, 0.32056 ], [ 36.78401, 0.32051 ], [ 36.78396, 0.32044 ], [ 36.7839, 0.32036 ], [ 36.7839, 0.32034 ], [ 36.7839, 0.32032 ], [ 36.78388, 0.32027 ], [ 36.78388, 0.32022 ], [ 36.78388, 0.3202 ], [ 36.78389, 0.32013 ], [ 36.78391, 0.32005 ], [ 36.78396, 0.32 ], [ 36.784, 0.31995 ], [ 36.78412, 0.31985 ], [ 36.78417, 0.3198 ], [ 36.78422, 0.31975 ], [ 36.78436, 0.31962 ], [ 36.78443, 0.31958 ], [ 36.78443, 0.31958 ], [ 36.78451, 0.3195 ], [ 36.78455, 0.31947 ], [ 36.78457, 0.31943 ], [ 36.78458, 0.31941 ], [ 36.7846, 0.31933 ], [ 36.7846, 0.31926 ], [ 36.78459, 0.31917 ], [ 36.78456, 0.31905 ], [ 36.78455, 0.31901 ], [ 36.78451, 0.31894 ], [ 36.78448, 0.31891 ], [ 36.78442, 0.31886 ], [ 36.78426, 0.31878 ], [ 36.78418, 0.31873 ], [ 36.78396, 0.31862 ], [ 36.78396, 0.31862 ], [ 36.78364, 0.31839 ], [ 36.78354, 0.31833 ], [ 36.78354, 0.31833 ], [ 36.7834, 0.31831 ], [ 36.7834, 0.31831 ], [ 36.78332, 0.3183 ], [ 36.78332, 0.3183 ], [ 36.78317, 0.31833 ], [ 36.7831, 0.31837 ], [ 36.7831, 0.31837 ], [ 36.78296, 0.31838 ], [ 36.78296, 0.31838 ], [ 36.78287, 0.31838 ], [ 36.78287, 0.31838 ], [ 36.78276, 0.31837 ], [ 36.78276, 0.31837 ], [ 36.78276, 0.31837 ], [ 36.78274, 0.31836 ], [ 36.78273, 0.31835 ], [ 36.7827, 0.31831 ], [ 36.78262, 0.31824 ], [ 36.78248, 0.31798 ], [ 36.78246, 0.31795 ], [ 36.78244, 0.3179 ], [ 36.78239, 0.31785 ], [ 36.78229, 0.3178 ], [ 36.78227, 0.31779 ], [ 36.78225, 0.31778 ], [ 36.7822, 0.31774 ], [ 36.7822, 0.31774 ], [ 36.78206, 0.31774 ], [ 36.78196, 0.31774 ], [ 36.78196, 0.31774 ], [ 36.7818, 0.31771 ], [ 36.78171, 0.31764 ], [ 36.78165, 0.31755 ], [ 36.78162, 0.31748 ], [ 36.78155, 0.31742 ], [ 36.78144, 0.31738 ], [ 36.78141, 0.31737 ], [ 36.78138, 0.31737 ], [ 36.78132, 0.31736 ], [ 36.78127, 0.31736 ], [ 36.78121, 0.31736 ], [ 36.78112, 0.31737 ], [ 36.78105, 0.31737 ], [ 36.78088, 0.31737 ], [ 36.78081, 0.31736 ], [ 36.78074, 0.31736 ], [ 36.7805, 0.31733 ], [ 36.78008, 0.31726 ], [ 36.78008, 0.31726 ], [ 36.77992, 0.31724 ], [ 36.77983, 0.31721 ], [ 36.77968, 0.31718 ], [ 36.77963, 0.31717 ], [ 36.77958, 0.31715 ], [ 36.77956, 0.31715 ], [ 36.77941, 0.31712 ], [ 36.77941, 0.31712 ], [ 36.77929, 0.31711 ], [ 36.7791, 0.3171 ], [ 36.77901, 0.31709 ], [ 36.77879, 0.31709 ], [ 36.77867, 0.31707 ], [ 36.77867, 0.31707 ], [ 36.77863, 0.31708 ], [ 36.77853, 0.31709 ], [ 36.77842, 0.31711 ], [ 36.77835, 0.31712 ], [ 36.77831, 0.31713 ], [ 36.77821, 0.31716 ], [ 36.77802, 0.31723 ], [ 36.77795, 0.31726 ], [ 36.77789, 0.31728 ], [ 36.77775, 0.31734 ], [ 36.77758, 0.3174 ], [ 36.77758, 0.3174 ], [ 36.7775, 0.3174 ], [ 36.7775, 0.3174 ], [ 36.77739, 0.3174 ], [ 36.77739, 0.3174 ], [ 36.77728, 0.3174 ], [ 36.77717, 0.31732 ], [ 36.77713, 0.31727 ], [ 36.77711, 0.31725 ], [ 36.77709, 0.31724 ], [ 36.77706, 0.3172 ], [ 36.77703, 0.31715 ], [ 36.777, 0.31709 ], [ 36.77698, 0.31694 ], [ 36.77697, 0.31683 ], [ 36.77697, 0.31676 ], [ 36.77697, 0.3167 ], [ 36.77697, 0.31666 ], [ 36.77696, 0.31664 ], [ 36.77694, 0.31658 ], [ 36.77692, 0.31653 ], [ 36.77683, 0.31647 ], [ 36.77676, 0.31646 ], [ 36.7766, 0.31646 ], [ 36.77658, 0.31648 ], [ 36.77654, 0.3165 ], [ 36.77651, 0.31653 ], [ 36.77648, 0.31657 ], [ 36.77641, 0.31662 ], [ 36.77632, 0.31667 ], [ 36.77628, 0.31669 ], [ 36.77598, 0.31677 ], [ 36.77594, 0.31678 ], [ 36.77586, 0.31682 ], [ 36.77573, 0.31688 ], [ 36.77563, 0.31694 ], [ 36.7755, 0.31695 ], [ 36.77538, 0.31694 ], [ 36.77524, 0.31694 ], [ 36.77518, 0.31694 ], [ 36.77518, 0.31694 ], [ 36.77509, 0.31689 ], [ 36.77509, 0.31689 ], [ 36.77505, 0.31681 ], [ 36.77503, 0.31672 ], [ 36.77503, 0.31661 ], [ 36.77502, 0.31655 ], [ 36.77501, 0.31647 ], [ 36.77498, 0.31644 ], [ 36.77497, 0.31643 ], [ 36.77497, 0.31643 ], [ 36.7749, 0.31638 ], [ 36.7749, 0.31638 ], [ 36.77477, 0.31633 ], [ 36.77462, 0.31623 ], [ 36.77454, 0.31618 ], [ 36.7745, 0.31613 ], [ 36.77449, 0.31612 ], [ 36.77447, 0.3161 ], [ 36.77444, 0.31606 ], [ 36.77436, 0.31599 ], [ 36.77429, 0.31594 ], [ 36.77421, 0.31594 ], [ 36.77412, 0.31594 ], [ 36.77404, 0.31597 ], [ 36.77404, 0.31597 ], [ 36.77401, 0.31601 ], [ 36.77387, 0.31617 ], [ 36.77377, 0.31625 ], [ 36.77375, 0.31628 ], [ 36.77371, 0.31633 ], [ 36.77365, 0.3164 ], [ 36.77361, 0.31644 ], [ 36.77352, 0.31651 ], [ 36.77349, 0.31654 ], [ 36.77346, 0.31658 ], [ 36.77343, 0.31658 ], [ 36.77336, 0.31659 ], [ 36.77331, 0.31659 ], [ 36.77325, 0.31657 ], [ 36.77325, 0.31657 ], [ 36.77311, 0.31649 ], [ 36.77303, 0.31643 ], [ 36.773, 0.31641 ], [ 36.77297, 0.31639 ], [ 36.77291, 0.31637 ], [ 36.77291, 0.31637 ], [ 36.77282, 0.31637 ], [ 36.77282, 0.31637 ], [ 36.7727, 0.31637 ], [ 36.77259, 0.31641 ], [ 36.77256, 0.31641 ], [ 36.77255, 0.31642 ], [ 36.7725, 0.31646 ], [ 36.77239, 0.31653 ], [ 36.77235, 0.31658 ], [ 36.77232, 0.31661 ], [ 36.7723, 0.3167 ], [ 36.7723, 0.31681 ], [ 36.7723, 0.31681 ], [ 36.7723, 0.31689 ], [ 36.7723, 0.31689 ], [ 36.77229, 0.3169 ], [ 36.77226, 0.31695 ], [ 36.77223, 0.31699 ], [ 36.77223, 0.31699 ], [ 36.77219, 0.31699 ], [ 36.77215, 0.317 ], [ 36.77208, 0.31703 ], [ 36.77203, 0.31707 ], [ 36.77199, 0.3171 ], [ 36.77198, 0.31718 ], [ 36.77197, 0.31725 ], [ 36.77192, 0.31731 ], [ 36.77183, 0.31736 ], [ 36.77177, 0.31739 ], [ 36.77168, 0.31746 ], [ 36.77161, 0.31753 ], [ 36.77158, 0.31756 ], [ 36.77157, 0.31759 ], [ 36.77152, 0.31769 ], [ 36.77143, 0.3178 ], [ 36.77141, 0.31783 ], [ 36.77129, 0.31796 ], [ 36.77118, 0.31809 ], [ 36.77112, 0.31816 ], [ 36.77104, 0.31819 ], [ 36.77104, 0.31819 ], [ 36.77094, 0.31819 ], [ 36.77094, 0.31819 ], [ 36.77089, 0.31815 ], [ 36.77081, 0.318 ], [ 36.77081, 0.31793 ], [ 36.77081, 0.31785 ], [ 36.77081, 0.31784 ], [ 36.7708, 0.31778 ], [ 36.77079, 0.31774 ], [ 36.77078, 0.31772 ], [ 36.77076, 0.31768 ], [ 36.77074, 0.31765 ], [ 36.77066, 0.31754 ], [ 36.77062, 0.31749 ], [ 36.77058, 0.31742 ], [ 36.77054, 0.31739 ], [ 36.77051, 0.31737 ], [ 36.7705, 0.31733 ], [ 36.77049, 0.31729 ], [ 36.77046, 0.31699 ], [ 36.77044, 0.31693 ], [ 36.77043, 0.3169 ], [ 36.77042, 0.31686 ], [ 36.77039, 0.31685 ], [ 36.77036, 0.31684 ], [ 36.77036, 0.31684 ], [ 36.77025, 0.31684 ], [ 36.77025, 0.31684 ], [ 36.77012, 0.31686 ], [ 36.77002, 0.31687 ], [ 36.76992, 0.31687 ], [ 36.76985, 0.31687 ], [ 36.76982, 0.31683 ], [ 36.7698, 0.31681 ], [ 36.76979, 0.31679 ], [ 36.76975, 0.31675 ], [ 36.76966, 0.31669 ], [ 36.76963, 0.31668 ], [ 36.7695, 0.31655 ], [ 36.76946, 0.31651 ], [ 36.7694, 0.31645 ], [ 36.76929, 0.3164 ], [ 36.7692, 0.3164 ], [ 36.76914, 0.31639 ], [ 36.76902, 0.31638 ], [ 36.76893, 0.31639 ], [ 36.76886, 0.3164 ], [ 36.76872, 0.31644 ], [ 36.76867, 0.31644 ], [ 36.76862, 0.31646 ], [ 36.76851, 0.31647 ], [ 36.76851, 0.31647 ], [ 36.7684, 0.31646 ], [ 36.7684, 0.31646 ], [ 36.76838, 0.31646 ], [ 36.76832, 0.31645 ], [ 36.76832, 0.31645 ], [ 36.76826, 0.31639 ], [ 36.76819, 0.31634 ], [ 36.76814, 0.31632 ], [ 36.76809, 0.31631 ], [ 36.76809, 0.31631 ], [ 36.76807, 0.31629 ], [ 36.76803, 0.31628 ], [ 36.76797, 0.31627 ], [ 36.76793, 0.31626 ], [ 36.76782, 0.31622 ], [ 36.76779, 0.31618 ], [ 36.76772, 0.31609 ], [ 36.76768, 0.31603 ], [ 36.76761, 0.31592 ], [ 36.76751, 0.31583 ], [ 36.76742, 0.31577 ], [ 36.76738, 0.31575 ], [ 36.76732, 0.31572 ], [ 36.76724, 0.31568 ], [ 36.76716, 0.31559 ], [ 36.76715, 0.31556 ], [ 36.76713, 0.31552 ], [ 36.76713, 0.31544 ], [ 36.76713, 0.31536 ], [ 36.76713, 0.31531 ], [ 36.76714, 0.31529 ], [ 36.76714, 0.31519 ], [ 36.76712, 0.31511 ], [ 36.76711, 0.31501 ], [ 36.7671, 0.31495 ], [ 36.76707, 0.31492 ], [ 36.76706, 0.31491 ], [ 36.7669, 0.31479 ], [ 36.76676, 0.31476 ], [ 36.76666, 0.31475 ], [ 36.76666, 0.31475 ], [ 36.76656, 0.31478 ], [ 36.76654, 0.31481 ], [ 36.76649, 0.31489 ], [ 36.76649, 0.31497 ], [ 36.76647, 0.31509 ], [ 36.76647, 0.31509 ], [ 36.76644, 0.31515 ], [ 36.76644, 0.31519 ], [ 36.76643, 0.31521 ], [ 36.76636, 0.31524 ], [ 36.76628, 0.31525 ], [ 36.76628, 0.31525 ], [ 36.76623, 0.31526 ], [ 36.76617, 0.31526 ], [ 36.76611, 0.31525 ], [ 36.7661, 0.31524 ], [ 36.76603, 0.31517 ], [ 36.766, 0.31513 ], [ 36.76598, 0.3151 ], [ 36.76595, 0.31502 ], [ 36.76595, 0.31502 ], [ 36.76595, 0.3149 ], [ 36.76595, 0.3149 ], [ 36.76597, 0.31475 ], [ 36.76597, 0.31469 ], [ 36.76597, 0.31465 ], [ 36.76597, 0.31454 ], [ 36.76597, 0.31444 ], [ 36.76597, 0.31439 ], [ 36.76597, 0.31437 ], [ 36.76597, 0.31437 ], [ 36.76592, 0.31431 ], [ 36.76582, 0.31424 ], [ 36.76577, 0.31421 ], [ 36.76576, 0.31421 ], [ 36.76576, 0.31421 ], [ 36.76576, 0.3142 ], [ 36.76574, 0.31416 ], [ 36.76569, 0.3141 ], [ 36.76569, 0.3141 ], [ 36.76564, 0.31404 ], [ 36.76563, 0.31402 ], [ 36.76563, 0.314 ], [ 36.76565, 0.3139 ], [ 36.76567, 0.31385 ], [ 36.76569, 0.31382 ], [ 36.7657, 0.31379 ], [ 36.76572, 0.31373 ], [ 36.76573, 0.31363 ], [ 36.76573, 0.31359 ], [ 36.76572, 0.31354 ], [ 36.76571, 0.31346 ], [ 36.7657, 0.31343 ], [ 36.7657, 0.31343 ], [ 36.76559, 0.31333 ], [ 36.76545, 0.31316 ], [ 36.76541, 0.31313 ], [ 36.7654, 0.31311 ], [ 36.76532, 0.31309 ], [ 36.76532, 0.31309 ], [ 36.76521, 0.31306 ], [ 36.76512, 0.31302 ], [ 36.76509, 0.31302 ], [ 36.765, 0.31301 ], [ 36.76493, 0.31302 ], [ 36.76481, 0.31302 ], [ 36.76481, 0.31302 ], [ 36.76478, 0.313 ], [ 36.76474, 0.31299 ], [ 36.76473, 0.31296 ], [ 36.76469, 0.31289 ], [ 36.76468, 0.31283 ], [ 36.76468, 0.3128 ], [ 36.76468, 0.31277 ], [ 36.7647, 0.3127 ], [ 36.76473, 0.31265 ], [ 36.76475, 0.31263 ], [ 36.76479, 0.31259 ], [ 36.76483, 0.31257 ], [ 36.76489, 0.31253 ], [ 36.76495, 0.31248 ], [ 36.76499, 0.31239 ], [ 36.76502, 0.31229 ], [ 36.765, 0.31221 ], [ 36.76498, 0.31213 ], [ 36.76495, 0.31209 ], [ 36.76491, 0.31205 ], [ 36.76483, 0.31196 ], [ 36.76473, 0.31189 ], [ 36.76464, 0.3118 ], [ 36.76451, 0.31175 ], [ 36.76447, 0.31174 ], [ 36.76444, 0.31172 ], [ 36.76444, 0.31172 ], [ 36.76437, 0.31171 ], [ 36.76433, 0.31171 ], [ 36.76433, 0.31171 ], [ 36.76433, 0.31171 ], [ 36.76423, 0.31172 ], [ 36.76421, 0.31173 ], [ 36.76418, 0.31175 ], [ 36.76413, 0.31181 ], [ 36.76411, 0.31183 ], [ 36.76409, 0.31188 ], [ 36.76405, 0.31197 ], [ 36.76401, 0.31211 ], [ 36.76401, 0.31211 ], [ 36.76397, 0.31221 ], [ 36.76395, 0.31231 ], [ 36.76395, 0.31234 ], [ 36.76395, 0.31246 ], [ 36.76394, 0.31253 ], [ 36.76393, 0.31259 ], [ 36.76383, 0.31269 ], [ 36.76383, 0.31269 ], [ 36.76375, 0.31269 ], [ 36.76375, 0.31269 ], [ 36.76374, 0.31269 ], [ 36.76367, 0.31268 ], [ 36.76363, 0.31268 ], [ 36.76359, 0.31268 ], [ 36.76354, 0.31263 ], [ 36.76354, 0.31263 ], [ 36.76354, 0.31262 ], [ 36.76351, 0.31253 ], [ 36.76355, 0.31239 ], [ 36.76357, 0.31232 ], [ 36.76361, 0.31224 ], [ 36.76361, 0.31213 ], [ 36.76354, 0.31204 ], [ 36.7634, 0.31193 ], [ 36.76335, 0.3119 ], [ 36.76325, 0.31185 ], [ 36.76317, 0.31184 ], [ 36.76305, 0.31183 ], [ 36.76305, 0.31183 ], [ 36.76291, 0.31176 ], [ 36.76278, 0.31169 ], [ 36.76267, 0.31162 ], [ 36.7626, 0.31153 ], [ 36.76258, 0.3115 ], [ 36.76254, 0.31142 ], [ 36.76249, 0.31134 ], [ 36.7624, 0.31124 ], [ 36.76227, 0.31105 ], [ 36.76216, 0.31099 ], [ 36.76203, 0.31095 ], [ 36.76202, 0.31094 ], [ 36.76194, 0.3109 ], [ 36.76185, 0.31088 ], [ 36.76175, 0.31086 ], [ 36.76175, 0.31086 ], [ 36.76164, 0.31086 ], [ 36.76148, 0.31084 ], [ 36.76141, 0.31079 ], [ 36.76138, 0.31073 ], [ 36.76136, 0.31069 ], [ 36.76135, 0.31065 ], [ 36.76129, 0.31047 ], [ 36.76128, 0.31039 ], [ 36.76128, 0.31031 ], [ 36.76128, 0.31029 ], [ 36.76128, 0.31026 ], [ 36.76127, 0.31021 ], [ 36.76126, 0.31017 ], [ 36.76125, 0.31012 ], [ 36.76123, 0.31009 ], [ 36.76121, 0.31006 ], [ 36.76114, 0.31002 ], [ 36.76112, 0.31 ], [ 36.76097, 0.30993 ], [ 36.76088, 0.30992 ], [ 36.76081, 0.30989 ], [ 36.76081, 0.30989 ], [ 36.76068, 0.30991 ], [ 36.76062, 0.30997 ], [ 36.7606, 0.30998 ], [ 36.76057, 0.31 ], [ 36.76057, 0.31 ], [ 36.76038, 0.31002 ], [ 36.76029, 0.31001 ], [ 36.7601, 0.31 ], [ 36.76003, 0.30999 ], [ 36.75996, 0.30997 ], [ 36.75979, 0.30997 ], [ 36.75979, 0.30997 ], [ 36.75965, 0.30997 ], [ 36.75964, 0.30997 ], [ 36.75952, 0.30997 ], [ 36.75952, 0.30997 ], [ 36.75937, 0.30997 ], [ 36.75937, 0.30997 ], [ 36.75925, 0.30997 ], [ 36.75925, 0.30997 ], [ 36.75923, 0.30995 ], [ 36.7592, 0.30993 ], [ 36.75916, 0.3099 ], [ 36.75912, 0.30985 ], [ 36.75911, 0.30984 ], [ 36.75911, 0.30984 ], [ 36.7591, 0.30977 ], [ 36.75904, 0.30948 ], [ 36.75903, 0.30942 ], [ 36.75901, 0.30935 ], [ 36.75899, 0.30927 ], [ 36.75899, 0.30921 ], [ 36.75897, 0.30917 ], [ 36.75894, 0.30912 ], [ 36.75886, 0.30903 ], [ 36.75873, 0.30897 ], [ 36.75873, 0.30897 ], [ 36.75871, 0.30896 ], [ 36.75863, 0.30892 ], [ 36.75848, 0.30889 ], [ 36.75838, 0.30888 ], [ 36.75832, 0.30888 ], [ 36.75832, 0.30888 ], [ 36.7582, 0.30893 ], [ 36.7582, 0.30893 ], [ 36.75803, 0.30901 ], [ 36.75803, 0.30901 ], [ 36.75797, 0.30902 ], [ 36.7579, 0.30904 ], [ 36.75773, 0.3091 ], [ 36.75759, 0.30914 ], [ 36.75753, 0.30915 ], [ 36.75749, 0.30915 ], [ 36.75738, 0.30915 ], [ 36.75727, 0.30913 ], [ 36.75723, 0.30906 ], [ 36.75712, 0.30899 ], [ 36.757, 0.30878 ], [ 36.75689, 0.3086 ], [ 36.75682, 0.30854 ], [ 36.75678, 0.30852 ], [ 36.75676, 0.30851 ], [ 36.75668, 0.3085 ], [ 36.75662, 0.30849 ], [ 36.75654, 0.30848 ], [ 36.7565, 0.30848 ], [ 36.75645, 0.30845 ], [ 36.75641, 0.30843 ], [ 36.75629, 0.3084 ], [ 36.75615, 0.30836 ], [ 36.75599, 0.30832 ], [ 36.75594, 0.30826 ], [ 36.75593, 0.30823 ], [ 36.75591, 0.3082 ], [ 36.75587, 0.30815 ], [ 36.75586, 0.30809 ], [ 36.75585, 0.30806 ], [ 36.7558, 0.30796 ], [ 36.75578, 0.30772 ], [ 36.7558, 0.30764 ], [ 36.75583, 0.30758 ], [ 36.75585, 0.30756 ], [ 36.75589, 0.30753 ], [ 36.75593, 0.3075 ], [ 36.75603, 0.30745 ], [ 36.7561, 0.30743 ], [ 36.75614, 0.30743 ], [ 36.75618, 0.30742 ], [ 36.75623, 0.30741 ], [ 36.75629, 0.30739 ], [ 36.75636, 0.30738 ], [ 36.75647, 0.30734 ], [ 36.75652, 0.30731 ], [ 36.7566, 0.30727 ], [ 36.75666, 0.30725 ], [ 36.75669, 0.30724 ], [ 36.75678, 0.30717 ], [ 36.75682, 0.3071 ], [ 36.75687, 0.30704 ], [ 36.75687, 0.30699 ], [ 36.75688, 0.30698 ], [ 36.75688, 0.3068 ], [ 36.75685, 0.30674 ], [ 36.75668, 0.30667 ], [ 36.75662, 0.30665 ], [ 36.75662, 0.30665 ], [ 36.75655, 0.30665 ], [ 36.75655, 0.30665 ], [ 36.75646, 0.30667 ], [ 36.75636, 0.30672 ], [ 36.75628, 0.30676 ], [ 36.7562, 0.30679 ], [ 36.75581, 0.3069 ], [ 36.75577, 0.30691 ], [ 36.75572, 0.30691 ], [ 36.75553, 0.30692 ], [ 36.7555, 0.3069 ], [ 36.75547, 0.30688 ], [ 36.75544, 0.30683 ], [ 36.75543, 0.30681 ], [ 36.75538, 0.30673 ], [ 36.75532, 0.30667 ], [ 36.75533, 0.30657 ], [ 36.7553, 0.30635 ], [ 36.75529, 0.30626 ], [ 36.75528, 0.3062 ], [ 36.75528, 0.30618 ], [ 36.75527, 0.30617 ], [ 36.75523, 0.30612 ], [ 36.75515, 0.30604 ], [ 36.75512, 0.30601 ], [ 36.75504, 0.30598 ], [ 36.75496, 0.30597 ], [ 36.75496, 0.30597 ], [ 36.75489, 0.30593 ], [ 36.75489, 0.30593 ], [ 36.75483, 0.30588 ], [ 36.75478, 0.30583 ], [ 36.75477, 0.30578 ], [ 36.75476, 0.30573 ], [ 36.75476, 0.30566 ], [ 36.75476, 0.30563 ], [ 36.75476, 0.30552 ], [ 36.75475, 0.30547 ], [ 36.75475, 0.30538 ], [ 36.75475, 0.30521 ], [ 36.75476, 0.30509 ], [ 36.75474, 0.30502 ], [ 36.75473, 0.30498 ], [ 36.75472, 0.30495 ], [ 36.75472, 0.30492 ], [ 36.75469, 0.30488 ], [ 36.75467, 0.30485 ], [ 36.75457, 0.30483 ], [ 36.75455, 0.30483 ], [ 36.75448, 0.30484 ], [ 36.75436, 0.30485 ], [ 36.75427, 0.30485 ], [ 36.75406, 0.30485 ], [ 36.75398, 0.30485 ], [ 36.75398, 0.30485 ], [ 36.75387, 0.30483 ], [ 36.75381, 0.30476 ], [ 36.75377, 0.3047 ], [ 36.75376, 0.30469 ], [ 36.75375, 0.30463 ], [ 36.75373, 0.30452 ], [ 36.75373, 0.3045 ], [ 36.75372, 0.30446 ], [ 36.75371, 0.30438 ], [ 36.7537, 0.30433 ], [ 36.75366, 0.30424 ], [ 36.75364, 0.30422 ], [ 36.75363, 0.3042 ], [ 36.75358, 0.30412 ], [ 36.7535, 0.30394 ], [ 36.75343, 0.30378 ], [ 36.75342, 0.30371 ], [ 36.7534, 0.30363 ], [ 36.75338, 0.30355 ], [ 36.75335, 0.30347 ], [ 36.75335, 0.30346 ], [ 36.75328, 0.3033 ], [ 36.75318, 0.30319 ], [ 36.75314, 0.30315 ], [ 36.7531, 0.30311 ], [ 36.75301, 0.30301 ], [ 36.75288, 0.30294 ], [ 36.75284, 0.30292 ], [ 36.75279, 0.30289 ], [ 36.75273, 0.30288 ], [ 36.75269, 0.30287 ], [ 36.75265, 0.30284 ], [ 36.75262, 0.30283 ], [ 36.75243, 0.30281 ], [ 36.75243, 0.30281 ], [ 36.75188, 0.30275 ], [ 36.75181, 0.30274 ], [ 36.75171, 0.30273 ], [ 36.75152, 0.30272 ], [ 36.75152, 0.30272 ], [ 36.75133, 0.3027 ], [ 36.75118, 0.30266 ], [ 36.75118, 0.30266 ], [ 36.75104, 0.30261 ], [ 36.75104, 0.30261 ], [ 36.75093, 0.30256 ], [ 36.75093, 0.30256 ], [ 36.75082, 0.3025 ], [ 36.75073, 0.30243 ], [ 36.75071, 0.30242 ], [ 36.75065, 0.30237 ], [ 36.75059, 0.30229 ], [ 36.75058, 0.30228 ], [ 36.75051, 0.30217 ], [ 36.75047, 0.30206 ], [ 36.75043, 0.30197 ], [ 36.75043, 0.30188 ], [ 36.75043, 0.30182 ], [ 36.75043, 0.30173 ], [ 36.75042, 0.30166 ], [ 36.75042, 0.30161 ], [ 36.75038, 0.30152 ], [ 36.75037, 0.3015 ], [ 36.75034, 0.30147 ], [ 36.75024, 0.30136 ], [ 36.75019, 0.3013 ], [ 36.75015, 0.30128 ], [ 36.75013, 0.30128 ], [ 36.7501, 0.30128 ], [ 36.75006, 0.30128 ], [ 36.74997, 0.30125 ], [ 36.74982, 0.30124 ], [ 36.74982, 0.30124 ], [ 36.74967, 0.30124 ], [ 36.74967, 0.30124 ], [ 36.74955, 0.30126 ], [ 36.74941, 0.3013 ], [ 36.74941, 0.3013 ], [ 36.74927, 0.30133 ], [ 36.74924, 0.30134 ], [ 36.74917, 0.30135 ], [ 36.74905, 0.30135 ], [ 36.74896, 0.30135 ], [ 36.74889, 0.30133 ], [ 36.74889, 0.30133 ], [ 36.74886, 0.30131 ], [ 36.74883, 0.30129 ], [ 36.74875, 0.30123 ], [ 36.74875, 0.30123 ], [ 36.74865, 0.30114 ], [ 36.74846, 0.30094 ], [ 36.74817, 0.30077 ], [ 36.74795, 0.30061 ], [ 36.7478, 0.3005 ], [ 36.74716, 0.29996 ], [ 36.74663, 0.29944 ], [ 36.74629, 0.29923 ], [ 36.74619, 0.29915 ], [ 36.74609, 0.29912 ], [ 36.74602, 0.29909 ], [ 36.74592, 0.29909 ], [ 36.74582, 0.29909 ], [ 36.74571, 0.29909 ], [ 36.74562, 0.29911 ], [ 36.74557, 0.29914 ], [ 36.74551, 0.29916 ], [ 36.74551, 0.29916 ], [ 36.74544, 0.29918 ], [ 36.7453, 0.29927 ], [ 36.74518, 0.2993 ], [ 36.74504, 0.29929 ], [ 36.74487, 0.29929 ], [ 36.74472, 0.29927 ], [ 36.74472, 0.29927 ], [ 36.74465, 0.29923 ], [ 36.74465, 0.29923 ], [ 36.74455, 0.29919 ], [ 36.74451, 0.29917 ], [ 36.74446, 0.29914 ], [ 36.74435, 0.2991 ], [ 36.74429, 0.2991 ], [ 36.74422, 0.2991 ], [ 36.74409, 0.29909 ], [ 36.74404, 0.29909 ], [ 36.74387, 0.29908 ], [ 36.74377, 0.29906 ], [ 36.74369, 0.29905 ], [ 36.74352, 0.29905 ], [ 36.74344, 0.29904 ], [ 36.74335, 0.29904 ], [ 36.74335, 0.29904 ], [ 36.7432, 0.29904 ], [ 36.7432, 0.29904 ], [ 36.74304, 0.29904 ], [ 36.74291, 0.29907 ], [ 36.74291, 0.29907 ], [ 36.74288, 0.29907 ], [ 36.74283, 0.29908 ], [ 36.74283, 0.29908 ], [ 36.74275, 0.2991 ], [ 36.74266, 0.29913 ], [ 36.7426, 0.29916 ], [ 36.74255, 0.29918 ], [ 36.74251, 0.2992 ], [ 36.74247, 0.29923 ], [ 36.74239, 0.29928 ], [ 36.74235, 0.29931 ], [ 36.74227, 0.29933 ], [ 36.74212, 0.29936 ], [ 36.74212, 0.29936 ], [ 36.74205, 0.29936 ], [ 36.74198, 0.29937 ], [ 36.74189, 0.29938 ], [ 36.74172, 0.29936 ], [ 36.74162, 0.29933 ], [ 36.74158, 0.29932 ], [ 36.74144, 0.29923 ], [ 36.74138, 0.29919 ], [ 36.74125, 0.2991 ], [ 36.74114, 0.29898 ], [ 36.74113, 0.29897 ], [ 36.74046, 0.29819 ], [ 36.74037, 0.29811 ], [ 36.74028, 0.29802 ], [ 36.74024, 0.29798 ], [ 36.74021, 0.29796 ], [ 36.74014, 0.29789 ], [ 36.74012, 0.29787 ], [ 36.74009, 0.29786 ], [ 36.73998, 0.29783 ], [ 36.73985, 0.29783 ], [ 36.73972, 0.29785 ], [ 36.7396, 0.29788 ], [ 36.73942, 0.29793 ], [ 36.73921, 0.29804 ], [ 36.73921, 0.29804 ], [ 36.73908, 0.29806 ], [ 36.73886, 0.29811 ], [ 36.73886, 0.29811 ], [ 36.73873, 0.29809 ], [ 36.73859, 0.29808 ], [ 36.73851, 0.29808 ], [ 36.73851, 0.29808 ], [ 36.73839, 0.29808 ], [ 36.73839, 0.29808 ], [ 36.73838, 0.29807 ], [ 36.73834, 0.29806 ], [ 36.73802, 0.29809 ], [ 36.73781, 0.29818 ], [ 36.73759, 0.29824 ], [ 36.73759, 0.29824 ], [ 36.73737, 0.29831 ], [ 36.73724, 0.29835 ], [ 36.73716, 0.29837 ], [ 36.73716, 0.29837 ], [ 36.73716, 0.29837 ], [ 36.73662, 0.29839 ], [ 36.73644, 0.29839 ], [ 36.73644, 0.29839 ], [ 36.73623, 0.29835 ], [ 36.73586, 0.29826 ], [ 36.73564, 0.29821 ], [ 36.73558, 0.2982 ], [ 36.73555, 0.29819 ], [ 36.73555, 0.29819 ], [ 36.73529, 0.29802 ], [ 36.73522, 0.29795 ], [ 36.73514, 0.29788 ], [ 36.73503, 0.29779 ], [ 36.73493, 0.29772 ], [ 36.73486, 0.29769 ], [ 36.73475, 0.29763 ], [ 36.73461, 0.29751 ], [ 36.73444, 0.29736 ], [ 36.73431, 0.29728 ], [ 36.73431, 0.29728 ], [ 36.73421, 0.29729 ], [ 36.73415, 0.2973 ], [ 36.73409, 0.2973 ], [ 36.73402, 0.29731 ], [ 36.73389, 0.29735 ], [ 36.73372, 0.29748 ], [ 36.73372, 0.29748 ], [ 36.73372, 0.29748 ], [ 36.73349, 0.29756 ], [ 36.73322, 0.29763 ], [ 36.73322, 0.29763 ], [ 36.73297, 0.29774 ], [ 36.73291, 0.29776 ], [ 36.73281, 0.2978 ], [ 36.73262, 0.29778 ], [ 36.73241, 0.29772 ], [ 36.73231, 0.29763 ], [ 36.73226, 0.29748 ], [ 36.73211, 0.29726 ], [ 36.73204, 0.29713 ], [ 36.73184, 0.29681 ], [ 36.73159, 0.29647 ], [ 36.7314, 0.29622 ], [ 36.7314, 0.29622 ], [ 36.7311, 0.29584 ], [ 36.73088, 0.29557 ], [ 36.73068, 0.29533 ], [ 36.73062, 0.29525 ], [ 36.73024, 0.29501 ], [ 36.73014, 0.2949 ], [ 36.73005, 0.29487 ], [ 36.72994, 0.29482 ], [ 36.72973, 0.29471 ], [ 36.72953, 0.29462 ], [ 36.72953, 0.29462 ], [ 36.72932, 0.29449 ], [ 36.72925, 0.2944 ], [ 36.72921, 0.29436 ], [ 36.72908, 0.29412 ], [ 36.72886, 0.29367 ], [ 36.72871, 0.29334 ], [ 36.72867, 0.29319 ], [ 36.72855, 0.29266 ], [ 36.72854, 0.29259 ], [ 36.72848, 0.2923 ], [ 36.72843, 0.29202 ], [ 36.72842, 0.29167 ], [ 36.72841, 0.2914 ], [ 36.7284, 0.29134 ], [ 36.72839, 0.29129 ], [ 36.72838, 0.29121 ], [ 36.72837, 0.29115 ], [ 36.72835, 0.29109 ], [ 36.72833, 0.29104 ], [ 36.72828, 0.29095 ], [ 36.72825, 0.29089 ], [ 36.72824, 0.29086 ], [ 36.7282, 0.29083 ], [ 36.72815, 0.29079 ], [ 36.72807, 0.29075 ], [ 36.728, 0.29072 ], [ 36.72799, 0.29069 ], [ 36.72794, 0.29061 ], [ 36.72782, 0.29056 ], [ 36.72778, 0.29055 ], [ 36.72773, 0.29051 ], [ 36.7276, 0.29043 ], [ 36.72743, 0.2903 ], [ 36.72713, 0.28991 ], [ 36.72691, 0.28969 ], [ 36.72681, 0.2896 ], [ 36.7267, 0.28943 ], [ 36.72668, 0.28937 ], [ 36.72665, 0.28927 ], [ 36.72653, 0.28914 ], [ 36.7265, 0.28909 ], [ 36.72644, 0.28901 ], [ 36.72644, 0.28893 ], [ 36.72643, 0.28884 ], [ 36.72638, 0.28849 ], [ 36.72635, 0.28831 ], [ 36.72634, 0.28822 ], [ 36.72628, 0.28815 ], [ 36.7262, 0.28805 ], [ 36.72613, 0.28802 ], [ 36.72609, 0.28801 ], [ 36.72601, 0.28792 ], [ 36.72601, 0.28792 ], [ 36.72591, 0.28766 ], [ 36.72591, 0.28766 ], [ 36.72582, 0.2875 ], [ 36.72579, 0.28736 ], [ 36.72578, 0.28727 ], [ 36.72574, 0.28713 ], [ 36.72569, 0.28699 ], [ 36.72553, 0.28658 ], [ 36.72543, 0.28632 ], [ 36.72533, 0.28622 ], [ 36.72527, 0.28613 ], [ 36.72522, 0.28605 ], [ 36.72513, 0.28583 ], [ 36.72509, 0.28574 ], [ 36.72505, 0.28566 ], [ 36.72504, 0.28556 ], [ 36.72503, 0.28544 ], [ 36.72504, 0.2852 ], [ 36.72505, 0.28502 ], [ 36.72507, 0.28481 ], [ 36.72504, 0.28467 ], [ 36.72501, 0.28446 ], [ 36.72491, 0.28428 ], [ 36.72477, 0.28408 ], [ 36.72471, 0.28401 ], [ 36.72447, 0.28379 ], [ 36.7244, 0.28374 ], [ 36.72431, 0.28368 ], [ 36.72431, 0.28368 ], [ 36.72421, 0.28365 ], [ 36.7241, 0.28362 ], [ 36.72391, 0.28353 ], [ 36.72373, 0.28345 ], [ 36.72289, 0.28288 ], [ 36.72255, 0.28265 ], [ 36.72226, 0.28245 ], [ 36.72209, 0.28232 ], [ 36.72166, 0.2822 ], [ 36.72166, 0.2822 ], [ 36.72144, 0.28219 ], [ 36.7212, 0.28219 ], [ 36.72093, 0.28219 ], [ 36.72074, 0.28217 ], [ 36.72061, 0.28216 ], [ 36.72042, 0.28208 ], [ 36.72021, 0.282 ], [ 36.72016, 0.28198 ], [ 36.72016, 0.28198 ], [ 36.71949, 0.28155 ], [ 36.71927, 0.28149 ], [ 36.71927, 0.28149 ], [ 36.71899, 0.28141 ], [ 36.71875, 0.28141 ], [ 36.71845, 0.28141 ], [ 36.71845, 0.28141 ], [ 36.71821, 0.28142 ], [ 36.71769, 0.28151 ], [ 36.71739, 0.28154 ], [ 36.71739, 0.28154 ], [ 36.71712, 0.28154 ], [ 36.71685, 0.28159 ], [ 36.71665, 0.28172 ], [ 36.71651, 0.28188 ], [ 36.71651, 0.28188 ], [ 36.71633, 0.28194 ], [ 36.71633, 0.28194 ], [ 36.7162, 0.28194 ], [ 36.7162, 0.28194 ], [ 36.71596, 0.28193 ], [ 36.71581, 0.28187 ], [ 36.71576, 0.28185 ], [ 36.71565, 0.28178 ], [ 36.71553, 0.28167 ], [ 36.7155, 0.28164 ], [ 36.71538, 0.28154 ], [ 36.71532, 0.28145 ], [ 36.7153, 0.28141 ], [ 36.71517, 0.28124 ], [ 36.71503, 0.28087 ], [ 36.71491, 0.28054 ], [ 36.7149, 0.28051 ], [ 36.71487, 0.28038 ], [ 36.71479, 0.28029 ], [ 36.71474, 0.28024 ], [ 36.71472, 0.28021 ], [ 36.71461, 0.2802 ], [ 36.71455, 0.2802 ], [ 36.71444, 0.28021 ], [ 36.71439, 0.28021 ], [ 36.71414, 0.28021 ], [ 36.71395, 0.28022 ], [ 36.71379, 0.28022 ], [ 36.71355, 0.28025 ], [ 36.71342, 0.28034 ], [ 36.71333, 0.28042 ], [ 36.71322, 0.28052 ], [ 36.71317, 0.28056 ], [ 36.71313, 0.28059 ], [ 36.7131, 0.28062 ], [ 36.71307, 0.28066 ], [ 36.71305, 0.28069 ], [ 36.71299, 0.28071 ], [ 36.71297, 0.28072 ], [ 36.71297, 0.28072 ], [ 36.71286, 0.28072 ], [ 36.71282, 0.28071 ], [ 36.71278, 0.28071 ], [ 36.71275, 0.28069 ], [ 36.71264, 0.28063 ], [ 36.71257, 0.28058 ], [ 36.71253, 0.28054 ], [ 36.71247, 0.28048 ], [ 36.71238, 0.28034 ], [ 36.71226, 0.28018 ], [ 36.71217, 0.28004 ], [ 36.71207, 0.27989 ], [ 36.71172, 0.27938 ], [ 36.71142, 0.27894 ], [ 36.71139, 0.27887 ], [ 36.71137, 0.27883 ], [ 36.71135, 0.27879 ], [ 36.71133, 0.27877 ], [ 36.71127, 0.27872 ], [ 36.71124, 0.27865 ], [ 36.71123, 0.27861 ], [ 36.71122, 0.27858 ], [ 36.7112, 0.27852 ], [ 36.71119, 0.27848 ], [ 36.71118, 0.27836 ], [ 36.71117, 0.27831 ], [ 36.71114, 0.27821 ], [ 36.71113, 0.27807 ], [ 36.71114, 0.27788 ], [ 36.71117, 0.27758 ], [ 36.71118, 0.2775 ], [ 36.71119, 0.2774 ], [ 36.71117, 0.27739 ], [ 36.71102, 0.27722 ], [ 36.71089, 0.27717 ], [ 36.71089, 0.27716 ], [ 36.71085, 0.27708 ], [ 36.71083, 0.27703 ], [ 36.71083, 0.2769 ], [ 36.7108, 0.27678 ], [ 36.71071, 0.27673 ], [ 36.71071, 0.27673 ], [ 36.71071, 0.27673 ], [ 36.71064, 0.2767 ], [ 36.71061, 0.27669 ], [ 36.7105, 0.27667 ], [ 36.71041, 0.27665 ], [ 36.71034, 0.27658 ], [ 36.7102, 0.27647 ], [ 36.71006, 0.27631 ], [ 36.71002, 0.27627 ], [ 36.7098, 0.2761 ], [ 36.70944, 0.27601 ], [ 36.70929, 0.27595 ], [ 36.70916, 0.27592 ], [ 36.7091, 0.27586 ], [ 36.70907, 0.27574 ], [ 36.70906, 0.27558 ], [ 36.70906, 0.27547 ], [ 36.7091, 0.27467 ], [ 36.7091, 0.27467 ], [ 36.70908, 0.27458 ], [ 36.70905, 0.27446 ], [ 36.70898, 0.27441 ], [ 36.70883, 0.2744 ], [ 36.70882, 0.2744 ], [ 36.70875, 0.2744 ], [ 36.70866, 0.2744 ], [ 36.70866, 0.2744 ], [ 36.70859, 0.2744 ], [ 36.70859, 0.2744 ], [ 36.70857, 0.27437 ], [ 36.70855, 0.27435 ], [ 36.70855, 0.27426 ], [ 36.70854, 0.27396 ], [ 36.70855, 0.27385 ], [ 36.70854, 0.27362 ], [ 36.70853, 0.27314 ], [ 36.70853, 0.27301 ], [ 36.70851, 0.27289 ], [ 36.70851, 0.27288 ], [ 36.70846, 0.27279 ], [ 36.70845, 0.27276 ], [ 36.7084, 0.27264 ], [ 36.70836, 0.2725 ], [ 36.70836, 0.27236 ], [ 36.70836, 0.27222 ], [ 36.70835, 0.27214 ], [ 36.70833, 0.27205 ], [ 36.70823, 0.27188 ], [ 36.70808, 0.27163 ], [ 36.70795, 0.27144 ], [ 36.70792, 0.27137 ], [ 36.70789, 0.27129 ], [ 36.70788, 0.27122 ], [ 36.70786, 0.27114 ], [ 36.70786, 0.27095 ], [ 36.70786, 0.27089 ], [ 36.70786, 0.27085 ], [ 36.70787, 0.27079 ], [ 36.70788, 0.27072 ], [ 36.70799, 0.27038 ], [ 36.70799, 0.27025 ], [ 36.70799, 0.27015 ], [ 36.70799, 0.27007 ], [ 36.70799, 0.26995 ], [ 36.70798, 0.26987 ], [ 36.70797, 0.2698 ], [ 36.70796, 0.26979 ], [ 36.70786, 0.26965 ], [ 36.70781, 0.26955 ], [ 36.7078, 0.26954 ], [ 36.70778, 0.26951 ], [ 36.70774, 0.26946 ], [ 36.70772, 0.26943 ], [ 36.7077, 0.26939 ], [ 36.70767, 0.26934 ], [ 36.7076, 0.26929 ], [ 36.70758, 0.26928 ], [ 36.70746, 0.26921 ], [ 36.70736, 0.26921 ], [ 36.70736, 0.26921 ], [ 36.70733, 0.26921 ], [ 36.70728, 0.26919 ], [ 36.70721, 0.26917 ], [ 36.70707, 0.26903 ], [ 36.70704, 0.26897 ], [ 36.70702, 0.26893 ], [ 36.707, 0.26882 ], [ 36.707, 0.26872 ], [ 36.707, 0.2686 ], [ 36.707, 0.26859 ], [ 36.707, 0.26846 ], [ 36.70699, 0.26834 ], [ 36.70698, 0.26821 ], [ 36.70697, 0.26817 ], [ 36.70693, 0.26807 ], [ 36.7069, 0.26791 ], [ 36.70686, 0.26786 ], [ 36.70677, 0.26777 ], [ 36.70675, 0.26774 ], [ 36.70672, 0.2677 ], [ 36.70659, 0.26758 ], [ 36.70651, 0.26752 ], [ 36.70642, 0.26743 ], [ 36.70631, 0.26735 ], [ 36.70624, 0.2673 ], [ 36.70621, 0.26725 ], [ 36.70617, 0.2672 ], [ 36.7061, 0.26713 ], [ 36.7061, 0.26713 ], [ 36.70604, 0.26708 ], [ 36.70591, 0.26694 ], [ 36.70588, 0.26689 ], [ 36.70578, 0.26677 ], [ 36.70564, 0.26664 ], [ 36.70563, 0.26658 ], [ 36.70561, 0.26649 ], [ 36.7056, 0.26639 ], [ 36.7056, 0.26635 ], [ 36.7056, 0.26635 ], [ 36.70559, 0.26629 ], [ 36.70556, 0.26623 ], [ 36.70555, 0.2662 ], [ 36.70551, 0.26607 ], [ 36.70539, 0.26586 ], [ 36.70538, 0.26578 ], [ 36.70537, 0.26573 ], [ 36.70535, 0.26556 ], [ 36.70535, 0.26512 ], [ 36.70534, 0.26471 ], [ 36.70534, 0.26462 ], [ 36.70534, 0.26454 ], [ 36.70535, 0.26452 ], [ 36.70539, 0.26444 ], [ 36.70544, 0.26438 ], [ 36.7055, 0.26431 ], [ 36.70552, 0.26429 ], [ 36.70556, 0.26425 ], [ 36.70563, 0.26419 ], [ 36.70566, 0.2641 ], [ 36.70568, 0.26402 ], [ 36.70569, 0.26395 ], [ 36.70569, 0.26392 ], [ 36.70568, 0.26383 ], [ 36.70568, 0.26383 ], [ 36.70563, 0.26375 ], [ 36.70556, 0.26363 ], [ 36.70556, 0.26363 ], [ 36.70552, 0.2636 ], [ 36.70544, 0.26356 ], [ 36.7054, 0.2635 ], [ 36.70534, 0.2635 ], [ 36.70524, 0.26348 ], [ 36.70524, 0.26348 ], [ 36.70516, 0.26344 ], [ 36.70505, 0.26336 ], [ 36.70497, 0.26332 ], [ 36.7049, 0.26328 ], [ 36.70489, 0.26328 ], [ 36.70485, 0.26325 ], [ 36.70482, 0.26323 ], [ 36.70478, 0.26319 ], [ 36.70475, 0.26317 ], [ 36.70471, 0.26308 ], [ 36.70465, 0.26296 ], [ 36.70462, 0.2629 ], [ 36.70461, 0.26288 ], [ 36.7046, 0.26274 ], [ 36.70462, 0.26262 ], [ 36.70464, 0.26254 ], [ 36.70464, 0.26254 ], [ 36.70466, 0.26248 ], [ 36.70468, 0.26244 ], [ 36.70469, 0.26239 ], [ 36.70475, 0.26229 ], [ 36.70475, 0.26228 ], [ 36.70477, 0.26222 ], [ 36.70478, 0.26215 ], [ 36.70479, 0.2621 ], [ 36.70481, 0.26204 ], [ 36.70543, 0.25974 ], [ 36.7058, 0.2584 ], [ 36.70595, 0.25784 ], [ 36.70598, 0.25768 ], [ 36.706, 0.2576 ], [ 36.706, 0.25742 ], [ 36.706, 0.25728 ], [ 36.706, 0.2572 ], [ 36.70599, 0.25709 ], [ 36.70594, 0.25698 ], [ 36.70592, 0.25695 ], [ 36.70592, 0.25695 ], [ 36.70591, 0.2569 ], [ 36.7059, 0.25683 ], [ 36.70571, 0.25665 ], [ 36.70553, 0.25647 ], [ 36.70546, 0.25641 ], [ 36.70544, 0.25637 ], [ 36.70539, 0.25626 ], [ 36.70539, 0.25612 ], [ 36.70539, 0.25603 ], [ 36.70543, 0.25592 ], [ 36.70551, 0.25582 ], [ 36.70555, 0.25573 ], [ 36.70555, 0.25573 ], [ 36.70555, 0.25572 ], [ 36.70561, 0.25564 ], [ 36.70561, 0.25564 ], [ 36.70564, 0.25555 ], [ 36.70565, 0.25551 ], [ 36.70565, 0.25539 ], [ 36.70564, 0.25514 ], [ 36.70539, 0.2546 ], [ 36.70492, 0.25358 ], [ 36.70473, 0.2524 ], [ 36.70473, 0.25198 ], [ 36.70474, 0.25181 ], [ 36.70478, 0.25134 ], [ 36.70479, 0.25111 ], [ 36.70479, 0.2509 ], [ 36.70479, 0.25071 ], [ 36.70479, 0.25063 ], [ 36.70479, 0.25042 ], [ 36.70479, 0.25024 ], [ 36.70479, 0.25012 ], [ 36.70479, 0.24998 ], [ 36.70479, 0.24985 ], [ 36.70474, 0.24972 ], [ 36.70446, 0.24943 ], [ 36.70331, 0.24825 ], [ 36.70196, 0.24744 ], [ 36.70196, 0.24744 ], [ 36.70195, 0.24744 ], [ 36.70166, 0.24729 ], [ 36.70156, 0.24723 ], [ 36.70148, 0.24718 ], [ 36.70131, 0.24714 ], [ 36.70124, 0.24713 ], [ 36.70113, 0.24705 ], [ 36.70113, 0.24705 ], [ 36.70096, 0.24696 ], [ 36.70089, 0.24692 ], [ 36.70085, 0.24686 ], [ 36.7008, 0.2468 ], [ 36.70058, 0.24666 ], [ 36.70033, 0.2464 ], [ 36.70026, 0.24625 ], [ 36.70025, 0.24624 ], [ 36.70019, 0.24617 ], [ 36.69996, 0.24576 ], [ 36.69996, 0.24574 ], [ 36.69996, 0.24565 ], [ 36.69997, 0.24553 ], [ 36.69998, 0.24548 ], [ 36.69998, 0.24543 ], [ 36.70004, 0.24534 ], [ 36.70006, 0.2453 ], [ 36.70008, 0.24526 ], [ 36.70015, 0.24514 ], [ 36.70035, 0.24485 ], [ 36.70039, 0.24473 ], [ 36.7004, 0.2447 ], [ 36.70054, 0.24428 ], [ 36.70054, 0.24426 ], [ 36.70054, 0.24414 ], [ 36.70055, 0.24406 ], [ 36.70057, 0.24396 ], [ 36.70059, 0.24376 ], [ 36.7007, 0.24348 ], [ 36.70081, 0.24324 ], [ 36.70088, 0.2431 ], [ 36.7009, 0.24306 ], [ 36.70097, 0.24296 ], [ 36.70103, 0.24283 ], [ 36.70104, 0.24281 ], [ 36.70115, 0.24262 ], [ 36.7012, 0.2425 ], [ 36.70122, 0.24245 ], [ 36.70134, 0.24228 ], [ 36.70141, 0.2421 ], [ 36.70146, 0.24189 ], [ 36.70148, 0.24182 ], [ 36.70149, 0.24144 ], [ 36.70152, 0.2414 ], [ 36.7016, 0.24131 ], [ 36.7016, 0.24131 ], [ 36.70169, 0.24123 ], [ 36.70173, 0.2412 ], [ 36.7018, 0.24117 ], [ 36.70188, 0.24112 ], [ 36.70206, 0.24105 ], [ 36.70206, 0.24105 ], [ 36.70218, 0.24097 ], [ 36.70218, 0.24096 ], [ 36.70239, 0.2408 ], [ 36.70239, 0.2408 ], [ 36.70247, 0.24071 ], [ 36.70248, 0.24053 ], [ 36.70248, 0.24041 ], [ 36.70247, 0.24028 ], [ 36.70244, 0.24021 ], [ 36.70243, 0.24017 ], [ 36.70241, 0.24016 ], [ 36.70235, 0.24014 ], [ 36.70226, 0.2401 ], [ 36.70214, 0.23999 ], [ 36.70204, 0.23989 ], [ 36.70201, 0.23973 ], [ 36.70191, 0.23958 ], [ 36.70187, 0.2394 ], [ 36.70184, 0.23925 ], [ 36.70184, 0.23911 ], [ 36.70184, 0.23891 ], [ 36.70184, 0.23877 ], [ 36.70184, 0.23872 ], [ 36.70184, 0.23835 ], [ 36.70181, 0.23828 ], [ 36.70178, 0.23821 ], [ 36.70167, 0.23798 ], [ 36.70156, 0.23776 ], [ 36.70148, 0.2376 ], [ 36.70149, 0.23729 ], [ 36.70162, 0.23712 ], [ 36.70188, 0.23678 ], [ 36.70199, 0.23665 ], [ 36.70206, 0.23659 ], [ 36.70216, 0.23642 ], [ 36.70227, 0.23622 ], [ 36.70238, 0.23607 ], [ 36.7024, 0.23598 ], [ 36.70241, 0.23592 ], [ 36.70241, 0.23579 ], [ 36.70241, 0.2357 ], [ 36.70241, 0.23569 ], [ 36.70244, 0.23557 ], [ 36.70249, 0.23547 ], [ 36.70251, 0.23544 ], [ 36.70261, 0.2353 ], [ 36.70272, 0.23512 ], [ 36.70288, 0.23487 ], [ 36.70297, 0.23471 ], [ 36.70304, 0.23461 ], [ 36.70312, 0.23452 ], [ 36.70323, 0.23447 ], [ 36.70323, 0.23447 ], [ 36.7033, 0.23446 ], [ 36.70335, 0.23445 ], [ 36.70336, 0.23445 ], [ 36.70336, 0.23445 ], [ 36.70349, 0.23451 ], [ 36.70354, 0.23449 ], [ 36.70357, 0.23447 ], [ 36.70366, 0.23444 ], [ 36.70369, 0.23436 ], [ 36.70371, 0.2343 ], [ 36.70371, 0.23429 ], [ 36.70369, 0.23419 ], [ 36.70368, 0.23413 ], [ 36.70364, 0.23402 ], [ 36.70362, 0.23395 ], [ 36.70361, 0.23389 ], [ 36.7036, 0.23379 ], [ 36.7036, 0.23378 ], [ 36.7036, 0.23366 ], [ 36.7036, 0.2335 ], [ 36.70357, 0.23336 ], [ 36.70356, 0.23326 ], [ 36.70356, 0.23315 ], [ 36.70364, 0.23305 ], [ 36.70368, 0.23297 ], [ 36.70373, 0.23291 ], [ 36.70382, 0.23282 ], [ 36.70392, 0.23272 ], [ 36.70403, 0.23268 ], [ 36.70414, 0.23268 ], [ 36.70422, 0.23267 ], [ 36.70427, 0.23262 ], [ 36.70429, 0.23261 ], [ 36.70431, 0.23258 ], [ 36.70439, 0.23246 ], [ 36.70446, 0.23218 ], [ 36.70441, 0.23208 ], [ 36.7044, 0.23206 ], [ 36.7044, 0.23196 ], [ 36.70444, 0.23176 ], [ 36.70445, 0.23175 ], [ 36.70452, 0.23155 ], [ 36.70461, 0.23145 ], [ 36.70461, 0.23145 ], [ 36.70466, 0.23137 ], [ 36.70467, 0.23132 ], [ 36.70468, 0.23123 ], [ 36.7047, 0.2311 ], [ 36.70474, 0.23102 ], [ 36.70475, 0.23098 ], [ 36.70475, 0.23098 ], [ 36.70482, 0.2309 ], [ 36.70494, 0.23076 ], [ 36.70498, 0.2307 ], [ 36.70499, 0.2307 ], [ 36.705, 0.23062 ], [ 36.705, 0.2305 ], [ 36.70501, 0.23036 ], [ 36.70504, 0.23031 ], [ 36.70521, 0.23003 ], [ 36.70527, 0.22983 ], [ 36.70531, 0.22903 ], [ 36.7053, 0.22889 ], [ 36.7053, 0.22873 ], [ 36.70533, 0.22868 ], [ 36.70538, 0.2286 ], [ 36.70538, 0.22859 ], [ 36.70539, 0.22854 ], [ 36.70539, 0.22847 ], [ 36.70554, 0.22834 ], [ 36.70556, 0.22832 ], [ 36.70556, 0.22832 ], [ 36.70561, 0.22828 ], [ 36.70576, 0.22816 ], [ 36.70586, 0.22814 ], [ 36.70586, 0.22814 ], [ 36.70586, 0.22814 ], [ 36.70589, 0.22814 ], [ 36.70596, 0.22815 ], [ 36.70604, 0.22817 ], [ 36.70605, 0.22817 ], [ 36.7061, 0.22817 ], [ 36.70615, 0.22817 ], [ 36.70618, 0.22816 ], [ 36.70624, 0.22812 ], [ 36.70637, 0.22801 ], [ 36.70638, 0.22795 ], [ 36.7064, 0.22789 ], [ 36.70641, 0.22786 ], [ 36.70643, 0.22783 ], [ 36.70647, 0.22777 ], [ 36.7065, 0.22774 ], [ 36.70655, 0.22769 ], [ 36.70661, 0.22767 ], [ 36.70675, 0.22762 ], [ 36.70685, 0.22758 ], [ 36.70685, 0.22758 ], [ 36.70719, 0.22758 ], [ 36.7073, 0.22755 ], [ 36.70742, 0.22742 ], [ 36.70746, 0.22739 ], [ 36.70751, 0.22736 ], [ 36.70759, 0.22724 ], [ 36.70759, 0.22723 ], [ 36.70759, 0.22723 ], [ 36.70762, 0.22711 ], [ 36.70767, 0.22691 ], [ 36.70769, 0.2267 ], [ 36.7077, 0.22662 ], [ 36.70771, 0.2266 ], [ 36.70772, 0.22656 ], [ 36.70778, 0.22641 ], [ 36.7078, 0.2262 ], [ 36.70781, 0.22602 ], [ 36.70781, 0.22602 ], [ 36.70781, 0.22581 ], [ 36.7078, 0.22579 ], [ 36.70773, 0.22561 ], [ 36.70773, 0.22561 ], [ 36.70769, 0.22545 ], [ 36.70767, 0.22535 ], [ 36.70765, 0.2253 ], [ 36.70762, 0.22521 ], [ 36.70761, 0.22515 ], [ 36.7076, 0.22508 ], [ 36.7076, 0.22492 ], [ 36.70762, 0.22483 ], [ 36.70764, 0.22466 ], [ 36.70768, 0.22455 ], [ 36.70769, 0.2245 ], [ 36.70771, 0.22444 ], [ 36.70772, 0.22436 ], [ 36.70773, 0.2243 ], [ 36.7077, 0.22423 ], [ 36.70768, 0.2242 ], [ 36.70766, 0.22415 ], [ 36.70762, 0.22403 ], [ 36.70759, 0.22396 ], [ 36.70758, 0.22391 ], [ 36.70758, 0.22391 ], [ 36.70757, 0.2239 ], [ 36.70755, 0.22377 ], [ 36.70749, 0.22365 ], [ 36.70747, 0.22361 ], [ 36.70747, 0.22361 ], [ 36.70745, 0.22356 ], [ 36.70729, 0.22325 ], [ 36.70715, 0.22311 ], [ 36.70712, 0.22308 ], [ 36.70712, 0.22308 ], [ 36.7071, 0.22306 ], [ 36.70694, 0.22291 ], [ 36.70669, 0.22273 ], [ 36.70642, 0.22253 ], [ 36.70629, 0.22248 ], [ 36.70626, 0.22247 ], [ 36.70625, 0.22246 ], [ 36.7062, 0.22243 ], [ 36.7062, 0.22243 ], [ 36.70614, 0.22242 ], [ 36.70598, 0.22241 ], [ 36.70598, 0.22241 ], [ 36.70565, 0.22258 ], [ 36.70556, 0.22266 ], [ 36.70548, 0.2227 ], [ 36.7054, 0.22271 ], [ 36.70533, 0.22271 ], [ 36.70531, 0.22271 ], [ 36.70521, 0.22271 ], [ 36.70514, 0.22271 ], [ 36.70511, 0.2227 ], [ 36.70508, 0.2227 ], [ 36.70501, 0.22269 ], [ 36.7048, 0.2226 ], [ 36.70466, 0.22254 ], [ 36.70456, 0.22249 ], [ 36.70448, 0.22248 ], [ 36.70444, 0.22247 ], [ 36.70439, 0.22247 ], [ 36.70434, 0.22247 ], [ 36.7043, 0.22248 ], [ 36.70423, 0.22248 ], [ 36.70423, 0.22248 ], [ 36.7041, 0.22248 ], [ 36.7041, 0.22248 ], [ 36.7041, 0.22248 ], [ 36.70403, 0.2224 ], [ 36.70399, 0.22227 ], [ 36.7039, 0.22212 ], [ 36.70387, 0.22208 ], [ 36.70383, 0.22204 ], [ 36.7038, 0.22201 ], [ 36.70377, 0.22197 ], [ 36.70368, 0.2219 ], [ 36.70361, 0.22184 ], [ 36.70344, 0.22173 ], [ 36.70331, 0.22165 ], [ 36.70287, 0.22146 ], [ 36.70277, 0.22145 ], [ 36.70261, 0.22141 ], [ 36.70248, 0.22139 ], [ 36.70238, 0.22136 ], [ 36.70223, 0.22127 ], [ 36.70207, 0.22108 ], [ 36.70196, 0.22096 ], [ 36.70193, 0.22089 ], [ 36.70189, 0.2208 ], [ 36.70187, 0.22071 ], [ 36.70186, 0.22063 ], [ 36.70173, 0.22045 ], [ 36.7017, 0.2204 ], [ 36.70147, 0.22023 ], [ 36.70145, 0.22021 ], [ 36.70124, 0.22006 ], [ 36.70123, 0.22004 ], [ 36.70119, 0.22 ], [ 36.70118, 0.21995 ], [ 36.70117, 0.21988 ], [ 36.70117, 0.21981 ], [ 36.70117, 0.21977 ], [ 36.70119, 0.21967 ], [ 36.70121, 0.21962 ], [ 36.70119, 0.21954 ], [ 36.70115, 0.21942 ], [ 36.70102, 0.21922 ], [ 36.70102, 0.21911 ], [ 36.70102, 0.219 ], [ 36.70102, 0.21893 ], [ 36.70098, 0.21884 ], [ 36.70096, 0.2188 ], [ 36.70088, 0.21876 ], [ 36.70088, 0.21876 ], [ 36.70084, 0.21874 ], [ 36.70074, 0.21867 ], [ 36.70074, 0.21867 ], [ 36.7007, 0.21857 ], [ 36.70067, 0.2185 ], [ 36.70065, 0.21846 ], [ 36.70063, 0.21832 ], [ 36.70062, 0.21816 ], [ 36.70065, 0.21803 ], [ 36.70065, 0.21802 ], [ 36.70068, 0.21798 ], [ 36.70083, 0.21785 ], [ 36.70085, 0.21778 ], [ 36.70087, 0.21773 ], [ 36.70087, 0.2176 ], [ 36.70087, 0.21747 ], [ 36.70086, 0.21737 ], [ 36.7008, 0.21692 ], [ 36.7008, 0.21685 ], [ 36.70079, 0.21679 ], [ 36.70074, 0.21667 ], [ 36.70071, 0.21662 ], [ 36.70057, 0.2165 ], [ 36.70046, 0.2164 ], [ 36.70036, 0.21625 ], [ 36.70024, 0.21616 ], [ 36.70022, 0.21612 ], [ 36.70018, 0.21606 ], [ 36.70005, 0.21594 ], [ 36.69994, 0.21588 ], [ 36.6998, 0.21581 ], [ 36.69928, 0.21559 ], [ 36.69902, 0.21548 ], [ 36.69871, 0.21542 ], [ 36.69863, 0.21535 ], [ 36.69853, 0.21533 ], [ 36.69853, 0.21533 ], [ 36.69838, 0.21533 ], [ 36.69838, 0.21533 ], [ 36.69836, 0.21533 ], [ 36.69836, 0.21533 ], [ 36.69833, 0.21533 ], [ 36.69827, 0.21534 ], [ 36.69807, 0.21552 ], [ 36.69798, 0.21563 ], [ 36.69793, 0.21567 ], [ 36.69789, 0.21571 ], [ 36.69783, 0.21571 ], [ 36.69779, 0.21572 ], [ 36.69771, 0.21574 ], [ 36.69771, 0.21574 ], [ 36.69756, 0.21571 ], [ 36.69756, 0.21571 ], [ 36.69754, 0.21569 ], [ 36.69749, 0.21565 ], [ 36.69747, 0.21565 ], [ 36.69742, 0.21563 ], [ 36.69735, 0.21558 ], [ 36.69728, 0.21554 ], [ 36.69718, 0.21547 ], [ 36.69706, 0.21539 ], [ 36.69698, 0.21534 ], [ 36.69695, 0.21529 ], [ 36.69694, 0.21525 ], [ 36.69691, 0.21521 ], [ 36.69689, 0.21509 ], [ 36.69688, 0.2149 ], [ 36.69688, 0.2149 ], [ 36.69689, 0.21439 ], [ 36.69691, 0.21407 ], [ 36.69695, 0.21398 ], [ 36.69697, 0.21394 ], [ 36.69699, 0.21383 ], [ 36.69704, 0.21357 ], [ 36.69704, 0.21346 ], [ 36.69703, 0.21327 ], [ 36.69701, 0.21304 ], [ 36.69694, 0.21293 ], [ 36.69671, 0.21259 ], [ 36.69663, 0.21235 ], [ 36.69645, 0.21214 ], [ 36.6963, 0.21196 ], [ 36.69629, 0.2119 ], [ 36.69629, 0.2119 ], [ 36.69629, 0.21189 ], [ 36.69626, 0.21181 ], [ 36.69625, 0.21178 ], [ 36.69623, 0.21171 ], [ 36.69623, 0.2116 ], [ 36.69624, 0.2115 ], [ 36.69625, 0.21143 ], [ 36.69629, 0.21123 ], [ 36.6963, 0.21117 ], [ 36.69642, 0.21088 ], [ 36.69646, 0.21075 ], [ 36.69655, 0.21064 ], [ 36.69669, 0.2105 ], [ 36.69685, 0.21043 ], [ 36.69706, 0.21024 ], [ 36.69719, 0.2101 ], [ 36.69729, 0.21001 ], [ 36.69741, 0.20993 ], [ 36.69753, 0.20981 ], [ 36.69759, 0.20975 ], [ 36.69761, 0.20973 ], [ 36.69766, 0.20969 ], [ 36.6977, 0.20965 ], [ 36.69773, 0.20962 ], [ 36.69784, 0.20949 ], [ 36.69785, 0.20946 ], [ 36.69788, 0.20941 ], [ 36.6979, 0.20927 ], [ 36.69793, 0.20922 ], [ 36.69795, 0.20917 ], [ 36.69801, 0.20909 ], [ 36.69811, 0.20896 ], [ 36.69815, 0.20892 ], [ 36.6982, 0.20888 ], [ 36.69828, 0.20884 ], [ 36.69837, 0.20879 ], [ 36.69846, 0.20867 ], [ 36.69851, 0.20857 ], [ 36.69855, 0.20849 ], [ 36.69863, 0.20828 ], [ 36.6987, 0.2082 ], [ 36.69874, 0.20813 ], [ 36.6988, 0.20805 ], [ 36.69882, 0.20799 ], [ 36.69883, 0.20794 ], [ 36.69884, 0.20778 ], [ 36.69884, 0.20759 ], [ 36.69885, 0.207 ], [ 36.69878, 0.20654 ], [ 36.69855, 0.20515 ], [ 36.69842, 0.20455 ], [ 36.6984, 0.20386 ], [ 36.69838, 0.2035 ], [ 36.69837, 0.20338 ], [ 36.69832, 0.20306 ], [ 36.69829, 0.20263 ], [ 36.6984, 0.20151 ], [ 36.6984, 0.20151 ], [ 36.69844, 0.20134 ], [ 36.6985, 0.20125 ], [ 36.69851, 0.20122 ], [ 36.69851, 0.20108 ], [ 36.69851, 0.20108 ], [ 36.69851, 0.20107 ], [ 36.6985, 0.201 ], [ 36.69847, 0.20092 ], [ 36.69844, 0.20086 ], [ 36.69842, 0.20083 ], [ 36.69842, 0.20068 ], [ 36.6984, 0.20061 ], [ 36.69838, 0.20057 ], [ 36.69837, 0.2005 ], [ 36.69832, 0.20029 ], [ 36.69834, 0.20024 ], [ 36.69836, 0.20018 ], [ 36.69839, 0.20011 ], [ 36.69841, 0.20008 ], [ 36.69841, 0.19999 ], [ 36.69844, 0.19987 ], [ 36.69847, 0.19955 ], [ 36.69849, 0.19934 ], [ 36.69852, 0.19927 ], [ 36.69855, 0.19918 ], [ 36.69866, 0.19905 ], [ 36.69872, 0.19898 ], [ 36.69873, 0.19896 ], [ 36.69884, 0.19889 ], [ 36.69891, 0.19884 ], [ 36.69901, 0.19876 ], [ 36.69912, 0.1987 ], [ 36.69919, 0.19866 ], [ 36.69928, 0.19856 ], [ 36.69933, 0.19849 ], [ 36.69936, 0.19845 ], [ 36.69938, 0.19841 ], [ 36.69941, 0.19834 ], [ 36.69945, 0.19826 ], [ 36.69948, 0.19821 ], [ 36.69949, 0.19815 ], [ 36.69951, 0.19805 ], [ 36.69954, 0.19796 ], [ 36.69954, 0.1978 ], [ 36.69957, 0.19772 ], [ 36.69961, 0.19759 ], [ 36.6997, 0.19692 ], [ 36.69971, 0.19688 ], [ 36.69975, 0.19675 ], [ 36.6998, 0.19667 ], [ 36.6999, 0.19657 ], [ 36.6999, 0.19657 ], [ 36.7, 0.19646 ], [ 36.70015, 0.19615 ], [ 36.70015, 0.19598 ], [ 36.70015, 0.19598 ], [ 36.70018, 0.19576 ], [ 36.70009, 0.19533 ], [ 36.70016, 0.19384 ], [ 36.70016, 0.19375 ], [ 36.70019, 0.19366 ], [ 36.70021, 0.19362 ], [ 36.70023, 0.19358 ], [ 36.70027, 0.19352 ], [ 36.70028, 0.19351 ], [ 36.70029, 0.19345 ], [ 36.70031, 0.19334 ], [ 36.70028, 0.19324 ], [ 36.70028, 0.19316 ], [ 36.70023, 0.19308 ], [ 36.70011, 0.19288 ], [ 36.70002, 0.19275 ], [ 36.69994, 0.19263 ], [ 36.6998, 0.19246 ], [ 36.69962, 0.19208 ], [ 36.69962, 0.19198 ], [ 36.69958, 0.19176 ], [ 36.69951, 0.19147 ], [ 36.69944, 0.19116 ], [ 36.69941, 0.19106 ], [ 36.69939, 0.19099 ], [ 36.69937, 0.19093 ], [ 36.69935, 0.19082 ], [ 36.69938, 0.19055 ], [ 36.69938, 0.19047 ], [ 36.69938, 0.19038 ], [ 36.69935, 0.19025 ], [ 36.69923, 0.19008 ], [ 36.69923, 0.19008 ], [ 36.69902, 0.18978 ], [ 36.699, 0.18977 ], [ 36.69897, 0.18976 ], [ 36.69893, 0.18972 ], [ 36.69883, 0.18968 ], [ 36.69875, 0.18968 ], [ 36.6986, 0.18968 ], [ 36.69853, 0.18968 ], [ 36.69837, 0.18968 ], [ 36.69831, 0.18968 ], [ 36.6982, 0.1896 ], [ 36.69816, 0.18954 ], [ 36.69814, 0.18951 ], [ 36.69803, 0.18939 ], [ 36.698, 0.18935 ], [ 36.69795, 0.18929 ], [ 36.69793, 0.18927 ], [ 36.69788, 0.18921 ], [ 36.69784, 0.1891 ], [ 36.69782, 0.18907 ], [ 36.69786, 0.18892 ], [ 36.69788, 0.18886 ], [ 36.69789, 0.18881 ], [ 36.69792, 0.18873 ], [ 36.69793, 0.18866 ], [ 36.69801, 0.18856 ], [ 36.69803, 0.18843 ], [ 36.69805, 0.18836 ], [ 36.69806, 0.18829 ], [ 36.6981, 0.18812 ], [ 36.69815, 0.18796 ], [ 36.69815, 0.18784 ], [ 36.69812, 0.18775 ], [ 36.69801, 0.18741 ], [ 36.69795, 0.18732 ], [ 36.69794, 0.1873 ], [ 36.69793, 0.18726 ], [ 36.69792, 0.18721 ], [ 36.69788, 0.18702 ], [ 36.69767, 0.18634 ], [ 36.69765, 0.1862 ], [ 36.69762, 0.186 ], [ 36.69711, 0.18509 ], [ 36.69774, 0.18434 ], [ 36.69817, 0.18385 ], [ 36.6983, 0.1837 ], [ 36.70064, 0.18097 ], [ 36.70421, 0.1766 ], [ 36.70776, 0.17236 ], [ 36.71056, 0.169 ], [ 36.71084, 0.16867 ], [ 36.71341, 0.16561 ], [ 36.71455, 0.16418 ], [ 36.7162, 0.16212 ], [ 36.71625, 0.16206 ], [ 36.71628, 0.16202 ], [ 36.72259, 0.15421 ], [ 36.72406, 0.15267 ], [ 36.72412, 0.15248 ], [ 36.72431, 0.15226 ], [ 36.72437, 0.15217 ], [ 36.72443, 0.15207 ], [ 36.72447, 0.15193 ], [ 36.72452, 0.15168 ], [ 36.72452, 0.15165 ], [ 36.7245, 0.15148 ], [ 36.72431, 0.14922 ], [ 36.72431, 0.14921 ], [ 36.72421, 0.14837 ], [ 36.72417, 0.14799 ], [ 36.72399, 0.1473 ], [ 36.72371, 0.14679 ], [ 36.72362, 0.14659 ], [ 36.72341, 0.1461 ], [ 36.72291, 0.14501 ], [ 36.72282, 0.14467 ], [ 36.72261, 0.14395 ], [ 36.72231, 0.14323 ], [ 36.72224, 0.14306 ], [ 36.72194, 0.14253 ], [ 36.72142, 0.14159 ], [ 36.72134, 0.14145 ], [ 36.72127, 0.14136 ], [ 36.72105, 0.14106 ], [ 36.721, 0.14082 ], [ 36.72082, 0.14045 ], [ 36.72233, 0.14007 ], [ 36.72272, 0.13999 ], [ 36.72369, 0.13992 ], [ 36.72515, 0.13981 ], [ 36.72802, 0.13937 ], [ 36.73244, 0.13894 ], [ 36.73477, 0.13871 ], [ 36.73758, 0.13853 ], [ 36.74183, 0.13811 ], [ 36.74195, 0.1381 ], [ 36.74279, 0.13802 ], [ 36.74382, 0.13793 ], [ 36.74473, 0.13782 ], [ 36.74476, 0.13782 ], [ 36.74867, 0.13743 ], [ 36.75063, 0.1372 ], [ 36.75073, 0.13712 ], [ 36.75108, 0.137 ], [ 36.75177, 0.13684 ], [ 36.75398, 0.13657 ], [ 36.75448, 0.13652 ], [ 36.75617, 0.1363 ], [ 36.75677, 0.13623 ], [ 36.75942, 0.13598 ], [ 36.76164, 0.13572 ], [ 36.76346, 0.13548 ], [ 36.7643, 0.13541 ], [ 36.77157, 0.1345 ], [ 36.77179, 0.13447 ], [ 36.77557, 0.13403 ], [ 36.77566, 0.13402 ], [ 36.77638, 0.13392 ], [ 36.77961, 0.13355 ], [ 36.78269, 0.13321 ], [ 36.78664, 0.13278 ], [ 36.79483, 0.13176 ], [ 36.79659, 0.13155 ], [ 36.79988, 0.13115 ], [ 36.80649, 0.13045 ], [ 36.80651, 0.13037 ], [ 36.80651, 0.13036 ], [ 36.80658, 0.12996 ], [ 36.80662, 0.12974 ], [ 36.80793, 0.12256 ], [ 36.80895, 0.11376 ], [ 36.81041, 0.10625 ], [ 36.81094, 0.10355 ], [ 36.81097, 0.1034 ], [ 36.81101, 0.10318 ], [ 36.80575, 0.1014 ], [ 36.8054, 0.10129 ], [ 36.79303, 0.09681 ], [ 36.79002, 0.09556 ], [ 36.78251, 0.09277 ], [ 36.77902, 0.09134 ], [ 36.7736, 0.08901 ], [ 36.76589, 0.0856 ], [ 36.76329, 0.08455 ], [ 36.75769, 0.08209 ], [ 36.75641, 0.08153 ], [ 36.75592, 0.08164 ], [ 36.75592, 0.08164 ], [ 36.75419, 0.08157 ], [ 36.75419, 0.08157 ], [ 36.75049, 0.08157 ], [ 36.75049, 0.08157 ], [ 36.74568, 0.08151 ], [ 36.74051, 0.08144 ], [ 36.74051, 0.08144 ], [ 36.73699, 0.08132 ], [ 36.73067, 0.08119 ], [ 36.73067, 0.08119 ], [ 36.72075, 0.08104 ], [ 36.72075, 0.08104 ], [ 36.71992, 0.08106 ], [ 36.71944, 0.08096 ], [ 36.71906, 0.08093 ], [ 36.71906, 0.08093 ], [ 36.71861, 0.08067 ], [ 36.71861, 0.08067 ], [ 36.71728, 0.08004 ], [ 36.71641, 0.07953 ], [ 36.71528, 0.07886 ], [ 36.71418, 0.07835 ], [ 36.71319, 0.0779 ], [ 36.71221, 0.07739 ], [ 36.71159, 0.07707 ], [ 36.70929, 0.07597 ], [ 36.70812, 0.07542 ], [ 36.70637, 0.07459 ], [ 36.70333, 0.07316 ], [ 36.70247, 0.07282 ], [ 36.70112, 0.07227 ], [ 36.70047, 0.07201 ], [ 36.70002, 0.07182 ], [ 36.69915, 0.07148 ], [ 36.69883, 0.07135 ], [ 36.69883, 0.07135 ], [ 36.69812, 0.0712 ], [ 36.69708, 0.07107 ], [ 36.6965, 0.07102 ], [ 36.69512, 0.07089 ], [ 36.69335, 0.07068 ], [ 36.69295, 0.07063 ], [ 36.69295, 0.07063 ], [ 36.68998, 0.07022 ], [ 36.68856, 0.07005 ], [ 36.68714, 0.06988 ], [ 36.68674, 0.06984 ], [ 36.68583, 0.06977 ], [ 36.68471, 0.06956 ], [ 36.68444, 0.0695 ], [ 36.68384, 0.06936 ], [ 36.68334, 0.06932 ], [ 36.68334, 0.06932 ], [ 36.68265, 0.06926 ], [ 36.68211, 0.06914 ], [ 36.68147, 0.06897 ], [ 36.68147, 0.06897 ], [ 36.68079, 0.06875 ], [ 36.68079, 0.06875 ], [ 36.68051, 0.06876 ], [ 36.68036, 0.06876 ], [ 36.68006, 0.06876 ], [ 36.68006, 0.06876 ], [ 36.68006, 0.06876 ], [ 36.67994, 0.06879 ], [ 36.67968, 0.06887 ], [ 36.67941, 0.06887 ], [ 36.67941, 0.06887 ], [ 36.6793, 0.06885 ], [ 36.67891, 0.06879 ], [ 36.67826, 0.06849 ], [ 36.67787, 0.06811 ], [ 36.67763, 0.06762 ], [ 36.67759, 0.06746 ], [ 36.67751, 0.06713 ], [ 36.67753, 0.06666 ], [ 36.67754, 0.06642 ], [ 36.67761, 0.06613 ], [ 36.67767, 0.06584 ], [ 36.67764, 0.06534 ], [ 36.67746, 0.0649 ], [ 36.67716, 0.06455 ], [ 36.67695, 0.06428 ], [ 36.67695, 0.06428 ], [ 36.67647, 0.06418 ], [ 36.67647, 0.06418 ], [ 36.67593, 0.06422 ], [ 36.67552, 0.06446 ], [ 36.67514, 0.06466 ], [ 36.67514, 0.06466 ], [ 36.67467, 0.06505 ], [ 36.67392, 0.06616 ], [ 36.67392, 0.06616 ], [ 36.67391, 0.06616 ], [ 36.67391, 0.06616 ], [ 36.6739, 0.06616 ], [ 36.67371, 0.06603 ], [ 36.67355, 0.06592 ], [ 36.67349, 0.0658 ], [ 36.67344, 0.06566 ], [ 36.67335, 0.06545 ], [ 36.67323, 0.06495 ], [ 36.67311, 0.0649 ], [ 36.67302, 0.0649 ], [ 36.67297, 0.0649 ], [ 36.6729, 0.06489 ], [ 36.67282, 0.06483 ], [ 36.67278, 0.06481 ], [ 36.67273, 0.06463 ], [ 36.67267, 0.06452 ], [ 36.67259, 0.06444 ], [ 36.6725, 0.06444 ], [ 36.67242, 0.06443 ], [ 36.67218, 0.06433 ], [ 36.67203, 0.06425 ], [ 36.67187, 0.06417 ], [ 36.67172, 0.06408 ], [ 36.67162, 0.06399 ], [ 36.67161, 0.06394 ], [ 36.6716, 0.06386 ], [ 36.67156, 0.06381 ], [ 36.67148, 0.06376 ], [ 36.6714, 0.06376 ], [ 36.67128, 0.06378 ], [ 36.67115, 0.06381 ], [ 36.67101, 0.06383 ], [ 36.67084, 0.06384 ], [ 36.67072, 0.06384 ], [ 36.67053, 0.06384 ], [ 36.67042, 0.06377 ], [ 36.6703, 0.06367 ], [ 36.67018, 0.06361 ], [ 36.67008, 0.0636 ], [ 36.66999, 0.0636 ], [ 36.66992, 0.0636 ], [ 36.66986, 0.06361 ], [ 36.66972, 0.06364 ], [ 36.66964, 0.06364 ], [ 36.66957, 0.06363 ], [ 36.66946, 0.0636 ], [ 36.66935, 0.06352 ], [ 36.66912, 0.06324 ], [ 36.66885, 0.06292 ], [ 36.66881, 0.06284 ], [ 36.66876, 0.06275 ], [ 36.66862, 0.06268 ], [ 36.66853, 0.06265 ], [ 36.66843, 0.06263 ], [ 36.66833, 0.06253 ], [ 36.66829, 0.06241 ], [ 36.66827, 0.06219 ], [ 36.66827, 0.06212 ], [ 36.66825, 0.06203 ], [ 36.66819, 0.06197 ], [ 36.66814, 0.06189 ], [ 36.66805, 0.06172 ], [ 36.66799, 0.06164 ], [ 36.6679, 0.06156 ], [ 36.66778, 0.06143 ], [ 36.66771, 0.06133 ], [ 36.66765, 0.06121 ], [ 36.66759, 0.06112 ], [ 36.66747, 0.06092 ], [ 36.66738, 0.06081 ], [ 36.66736, 0.06075 ], [ 36.66734, 0.06068 ], [ 36.66733, 0.06058 ], [ 36.66733, 0.06057 ], [ 36.66735, 0.06039 ], [ 36.66735, 0.06039 ], [ 36.66732, 0.06035 ], [ 36.66731, 0.0603 ], [ 36.66723, 0.06029 ], [ 36.66701, 0.06027 ], [ 36.66685, 0.06027 ], [ 36.66666, 0.06025 ], [ 36.66648, 0.06018 ], [ 36.66628, 0.06011 ], [ 36.66614, 0.06 ], [ 36.6661, 0.05992 ], [ 36.66607, 0.05976 ], [ 36.66605, 0.05907 ], [ 36.66602, 0.05893 ], [ 36.666, 0.05882 ], [ 36.66596, 0.05873 ], [ 36.66593, 0.05867 ], [ 36.66593, 0.05855 ], [ 36.66593, 0.05855 ], [ 36.666, 0.05837 ], [ 36.666, 0.05829 ], [ 36.666, 0.05822 ], [ 36.666, 0.05822 ], [ 36.666, 0.05821 ], [ 36.66598, 0.05813 ], [ 36.66593, 0.05805 ], [ 36.66585, 0.05805 ], [ 36.6658, 0.05805 ], [ 36.66572, 0.05804 ], [ 36.66569, 0.05802 ], [ 36.66568, 0.05784 ], [ 36.66565, 0.05769 ], [ 36.66563, 0.05762 ], [ 36.66558, 0.05755 ], [ 36.66552, 0.05749 ], [ 36.66551, 0.0574 ], [ 36.66551, 0.05738 ], [ 36.66554, 0.05735 ], [ 36.66557, 0.05733 ], [ 36.66559, 0.0573 ], [ 36.66564, 0.0572 ], [ 36.66564, 0.05719 ], [ 36.66564, 0.05712 ], [ 36.66564, 0.0571 ], [ 36.66564, 0.05706 ], [ 36.66564, 0.05705 ], [ 36.6656, 0.05701 ], [ 36.66556, 0.05701 ], [ 36.66547, 0.05698 ], [ 36.66539, 0.05694 ], [ 36.6653, 0.05683 ], [ 36.66528, 0.05678 ], [ 36.66527, 0.05671 ], [ 36.66527, 0.05667 ], [ 36.66528, 0.05659 ], [ 36.66533, 0.0565 ], [ 36.66565, 0.05635 ], [ 36.66573, 0.05628 ], [ 36.6658, 0.05621 ], [ 36.66588, 0.056 ], [ 36.66588, 0.056 ], [ 36.66588, 0.05599 ], [ 36.66585, 0.05584 ], [ 36.66582, 0.05574 ], [ 36.66582, 0.0557 ], [ 36.66584, 0.05565 ], [ 36.66592, 0.05558 ], [ 36.66599, 0.05552 ], [ 36.66605, 0.05549 ], [ 36.66609, 0.05545 ], [ 36.66611, 0.05537 ], [ 36.66611, 0.05536 ], [ 36.66607, 0.0553 ], [ 36.66601, 0.05525 ], [ 36.66584, 0.05515 ], [ 36.66574, 0.05505 ], [ 36.66572, 0.05486 ], [ 36.66572, 0.05475 ], [ 36.66572, 0.05466 ], [ 36.66572, 0.05466 ], [ 36.66573, 0.05457 ], [ 36.66575, 0.05448 ], [ 36.66575, 0.05448 ], [ 36.66575, 0.05447 ], [ 36.66571, 0.0542 ], [ 36.66562, 0.05402 ], [ 36.66544, 0.05379 ], [ 36.66529, 0.0537 ], [ 36.66522, 0.05369 ], [ 36.66509, 0.05369 ], [ 36.66502, 0.05368 ], [ 36.66497, 0.05366 ], [ 36.66479, 0.05366 ], [ 36.66473, 0.05362 ], [ 36.66467, 0.05354 ], [ 36.66467, 0.0535 ], [ 36.66468, 0.05341 ], [ 36.66473, 0.05335 ], [ 36.66481, 0.05326 ], [ 36.66496, 0.05309 ], [ 36.665, 0.05303 ], [ 36.66501, 0.05298 ], [ 36.66501, 0.05297 ], [ 36.66501, 0.05297 ], [ 36.66501, 0.05282 ], [ 36.66493, 0.05268 ], [ 36.66488, 0.05258 ], [ 36.66481, 0.0525 ], [ 36.66467, 0.05248 ], [ 36.66456, 0.05248 ], [ 36.66432, 0.05248 ], [ 36.66428, 0.05244 ], [ 36.66424, 0.05238 ], [ 36.66421, 0.05213 ], [ 36.66416, 0.05203 ], [ 36.66409, 0.05197 ], [ 36.66402, 0.05194 ], [ 36.66392, 0.05194 ], [ 36.66375, 0.05194 ], [ 36.66364, 0.0519 ], [ 36.66347, 0.05177 ], [ 36.66345, 0.05168 ], [ 36.66343, 0.05158 ], [ 36.66338, 0.05142 ], [ 36.66328, 0.05125 ], [ 36.6632, 0.05114 ], [ 36.66308, 0.051 ], [ 36.663, 0.05089 ], [ 36.6629, 0.05076 ], [ 36.66278, 0.05068 ], [ 36.66264, 0.05045 ], [ 36.66264, 0.05039 ], [ 36.6627, 0.05032 ], [ 36.66273, 0.05028 ], [ 36.66278, 0.05019 ], [ 36.66278, 0.05004 ], [ 36.66278, 0.05004 ], [ 36.66278, 0.05003 ], [ 36.66275, 0.04993 ], [ 36.66265, 0.04982 ], [ 36.6626, 0.04971 ], [ 36.66255, 0.04954 ], [ 36.66253, 0.04934 ], [ 36.6625, 0.04922 ], [ 36.66242, 0.04912 ], [ 36.66232, 0.04905 ], [ 36.66228, 0.04902 ], [ 36.66224, 0.04897 ], [ 36.6622, 0.04893 ], [ 36.6622, 0.04885 ], [ 36.66232, 0.04866 ], [ 36.66233, 0.04852 ], [ 36.66233, 0.04852 ], [ 36.66233, 0.04851 ], [ 36.66231, 0.04844 ], [ 36.66223, 0.04843 ], [ 36.66217, 0.04841 ], [ 36.66212, 0.04837 ], [ 36.66207, 0.04829 ], [ 36.66195, 0.04803 ], [ 36.66166, 0.04754 ], [ 36.66135, 0.04705 ], [ 36.66117, 0.04672 ], [ 36.66102, 0.04662 ], [ 36.66073, 0.04639 ], [ 36.66059, 0.04633 ], [ 36.66049, 0.04625 ], [ 36.66035, 0.04613 ], [ 36.6603, 0.04603 ], [ 36.66022, 0.04592 ], [ 36.66011, 0.04584 ], [ 36.65993, 0.04582 ], [ 36.6596, 0.04583 ], [ 36.65946, 0.04584 ], [ 36.65928, 0.04583 ], [ 36.65903, 0.04579 ], [ 36.6589, 0.04569 ], [ 36.65882, 0.0456 ], [ 36.65864, 0.04539 ], [ 36.65763, 0.04466 ], [ 36.65748, 0.04458 ], [ 36.6574, 0.04455 ], [ 36.65718, 0.04443 ], [ 36.65704, 0.04438 ], [ 36.65688, 0.04435 ], [ 36.65678, 0.04433 ], [ 36.65668, 0.04428 ], [ 36.65661, 0.04421 ], [ 36.65659, 0.04392 ], [ 36.65655, 0.04379 ], [ 36.65649, 0.04365 ], [ 36.65642, 0.04356 ], [ 36.65636, 0.0435 ], [ 36.65626, 0.04346 ], [ 36.65614, 0.04343 ], [ 36.65606, 0.04339 ], [ 36.65601, 0.04335 ], [ 36.65597, 0.04326 ], [ 36.65596, 0.04317 ], [ 36.65594, 0.04305 ], [ 36.65592, 0.04292 ], [ 36.65578, 0.0427 ], [ 36.65552, 0.04237 ], [ 36.65544, 0.04224 ], [ 36.65534, 0.04214 ], [ 36.65528, 0.04202 ], [ 36.65521, 0.04192 ], [ 36.65507, 0.04172 ], [ 36.65507, 0.04163 ], [ 36.65508, 0.04143 ], [ 36.65509, 0.04084 ], [ 36.65509, 0.04084 ], [ 36.65509, 0.04083 ], [ 36.65499, 0.0407 ], [ 36.65495, 0.04067 ], [ 36.6549, 0.04063 ], [ 36.65478, 0.04061 ], [ 36.65466, 0.04061 ], [ 36.65463, 0.04061 ], [ 36.65458, 0.04058 ], [ 36.65453, 0.04053 ], [ 36.6545, 0.04025 ], [ 36.65443, 0.04015 ], [ 36.65433, 0.04007 ], [ 36.65424, 0.04 ], [ 36.65416, 0.03996 ], [ 36.65402, 0.03996 ], [ 36.65391, 0.03995 ], [ 36.65373, 0.03982 ], [ 36.65367, 0.03973 ], [ 36.65359, 0.03949 ], [ 36.65362, 0.03926 ], [ 36.65363, 0.03904 ], [ 36.65363, 0.03904 ], [ 36.65351, 0.03853 ], [ 36.65349, 0.03847 ], [ 36.65342, 0.03839 ], [ 36.65334, 0.03834 ], [ 36.65329, 0.03828 ], [ 36.65321, 0.03825 ], [ 36.65294, 0.0382 ], [ 36.65265, 0.03818 ], [ 36.6525, 0.03808 ], [ 36.6525, 0.03804 ], [ 36.6525, 0.03803 ], [ 36.6525, 0.03798 ], [ 36.65258, 0.03787 ], [ 36.65265, 0.03779 ], [ 36.65282, 0.03771 ], [ 36.65297, 0.03762 ], [ 36.65305, 0.03752 ], [ 36.65305, 0.03751 ], [ 36.65305, 0.03751 ], [ 36.65304, 0.03742 ], [ 36.65296, 0.03736 ], [ 36.65284, 0.03735 ], [ 36.65257, 0.03736 ], [ 36.65248, 0.03737 ], [ 36.65238, 0.03736 ], [ 36.6523, 0.03726 ], [ 36.65213, 0.03697 ], [ 36.65204, 0.03663 ], [ 36.65199, 0.0365 ], [ 36.65184, 0.03641 ], [ 36.65178, 0.03634 ], [ 36.6517, 0.03633 ], [ 36.65166, 0.03633 ], [ 36.65162, 0.03639 ], [ 36.65146, 0.03647 ], [ 36.65134, 0.03654 ], [ 36.65114, 0.03668 ], [ 36.65102, 0.0367 ], [ 36.65092, 0.03671 ], [ 36.65078, 0.03671 ], [ 36.65068, 0.03665 ], [ 36.65052, 0.03658 ], [ 36.65041, 0.03656 ], [ 36.65029, 0.03655 ], [ 36.65014, 0.03656 ], [ 36.64996, 0.03662 ], [ 36.6498, 0.03665 ], [ 36.64971, 0.03664 ], [ 36.64959, 0.03656 ], [ 36.64951, 0.03656 ], [ 36.64944, 0.03656 ], [ 36.64916, 0.03665 ], [ 36.649, 0.03665 ], [ 36.64885, 0.03667 ], [ 36.64871, 0.03667 ], [ 36.64851, 0.03669 ], [ 36.64837, 0.03673 ], [ 36.64818, 0.0368 ], [ 36.64812, 0.03687 ], [ 36.6479, 0.0371 ], [ 36.6478, 0.03714 ], [ 36.64772, 0.0371 ], [ 36.64759, 0.03709 ], [ 36.64748, 0.03716 ], [ 36.64729, 0.03724 ], [ 36.64709, 0.03729 ], [ 36.64698, 0.03729 ], [ 36.6468, 0.03729 ], [ 36.64669, 0.03728 ], [ 36.64653, 0.03727 ], [ 36.6464, 0.03726 ], [ 36.64624, 0.03726 ], [ 36.64607, 0.03726 ], [ 36.6459, 0.03726 ], [ 36.64574, 0.03725 ], [ 36.64562, 0.03725 ], [ 36.64544, 0.03729 ], [ 36.64535, 0.03734 ], [ 36.64527, 0.0374 ], [ 36.64523, 0.03745 ], [ 36.64513, 0.03745 ], [ 36.64507, 0.03745 ], [ 36.64503, 0.03742 ], [ 36.64492, 0.03735 ], [ 36.64481, 0.03721 ], [ 36.64477, 0.03707 ], [ 36.64473, 0.03699 ], [ 36.64468, 0.03694 ], [ 36.6446, 0.03688 ], [ 36.64456, 0.03685 ], [ 36.64449, 0.03684 ], [ 36.64446, 0.03685 ], [ 36.64441, 0.03696 ], [ 36.64441, 0.03708 ], [ 36.64441, 0.03716 ], [ 36.64441, 0.0372 ], [ 36.64441, 0.03725 ], [ 36.64435, 0.03729 ], [ 36.64428, 0.03731 ], [ 36.64426, 0.03731 ], [ 36.64419, 0.03724 ], [ 36.6441, 0.03715 ], [ 36.64404, 0.03715 ], [ 36.64384, 0.03714 ], [ 36.64379, 0.03709 ], [ 36.64373, 0.03702 ], [ 36.64368, 0.03697 ], [ 36.6436, 0.03689 ], [ 36.64347, 0.03684 ], [ 36.64343, 0.03681 ], [ 36.64337, 0.03682 ], [ 36.64329, 0.03686 ], [ 36.64322, 0.03694 ], [ 36.64313, 0.03702 ], [ 36.64307, 0.03704 ], [ 36.64296, 0.03702 ], [ 36.6429, 0.03697 ], [ 36.64284, 0.03688 ], [ 36.64278, 0.03682 ], [ 36.64272, 0.03672 ], [ 36.6426, 0.03654 ], [ 36.64254, 0.03643 ], [ 36.64247, 0.03633 ], [ 36.64241, 0.03629 ], [ 36.6423, 0.03621 ], [ 36.64224, 0.03616 ], [ 36.64215, 0.03611 ], [ 36.64192, 0.03616 ], [ 36.64166, 0.03635 ], [ 36.64154, 0.03641 ], [ 36.64139, 0.03641 ], [ 36.64133, 0.03636 ], [ 36.64125, 0.03632 ], [ 36.64117, 0.03629 ], [ 36.64109, 0.03628 ], [ 36.64098, 0.03628 ], [ 36.64085, 0.03645 ], [ 36.64079, 0.03659 ], [ 36.64073, 0.03665 ], [ 36.6404, 0.03672 ], [ 36.64018, 0.03681 ], [ 36.64008, 0.03683 ], [ 36.63991, 0.03683 ], [ 36.63981, 0.0368 ], [ 36.63973, 0.03676 ], [ 36.63966, 0.03671 ], [ 36.63951, 0.03661 ], [ 36.63943, 0.03656 ], [ 36.63936, 0.03655 ], [ 36.63928, 0.03656 ], [ 36.63918, 0.03658 ], [ 36.63909, 0.03661 ], [ 36.63902, 0.03663 ], [ 36.63896, 0.03663 ], [ 36.63884, 0.03658 ], [ 36.63881, 0.03652 ], [ 36.63875, 0.03641 ], [ 36.63867, 0.0363 ], [ 36.63864, 0.0362 ], [ 36.6386, 0.03611 ], [ 36.63852, 0.03597 ], [ 36.63828, 0.03578 ], [ 36.63784, 0.03548 ], [ 36.63688, 0.03483 ], [ 36.63674, 0.03464 ], [ 36.63671, 0.03453 ], [ 36.63672, 0.03446 ], [ 36.63674, 0.03438 ], [ 36.63674, 0.03437 ], [ 36.63674, 0.03437 ], [ 36.6367, 0.03425 ], [ 36.63656, 0.03419 ], [ 36.63643, 0.03414 ], [ 36.6363, 0.03407 ], [ 36.6362, 0.03407 ], [ 36.63589, 0.03416 ], [ 36.63583, 0.03429 ], [ 36.63582, 0.03447 ], [ 36.6358, 0.03454 ], [ 36.63575, 0.03461 ], [ 36.63569, 0.0346 ], [ 36.63559, 0.03464 ], [ 36.63547, 0.03463 ], [ 36.63543, 0.03462 ], [ 36.6354, 0.03459 ], [ 36.63524, 0.03448 ], [ 36.63494, 0.03424 ], [ 36.63474, 0.03403 ], [ 36.63447, 0.03375 ], [ 36.63419, 0.03351 ], [ 36.63392, 0.03325 ], [ 36.63371, 0.03317 ], [ 36.63355, 0.03301 ], [ 36.63352, 0.03293 ], [ 36.63351, 0.0328 ], [ 36.63349, 0.03267 ], [ 36.6335, 0.03252 ], [ 36.63354, 0.03238 ], [ 36.63366, 0.03227 ], [ 36.63376, 0.03215 ], [ 36.63393, 0.03193 ], [ 36.63414, 0.03169 ], [ 36.63422, 0.03162 ], [ 36.63432, 0.03142 ], [ 36.63433, 0.03134 ], [ 36.63433, 0.03119 ], [ 36.63435, 0.03111 ], [ 36.63441, 0.031 ], [ 36.63448, 0.03093 ], [ 36.63458, 0.03081 ], [ 36.63466, 0.03072 ], [ 36.6347, 0.03064 ], [ 36.63475, 0.03052 ], [ 36.63475, 0.03035 ], [ 36.63475, 0.03035 ], [ 36.63475, 0.03034 ], [ 36.63473, 0.0301 ], [ 36.63471, 0.02989 ], [ 36.63483, 0.02972 ], [ 36.63495, 0.02968 ], [ 36.63505, 0.02959 ], [ 36.63511, 0.02935 ], [ 36.63511, 0.02935 ], [ 36.63511, 0.02934 ], [ 36.63505, 0.02924 ], [ 36.63495, 0.02915 ], [ 36.63495, 0.02908 ], [ 36.63497, 0.029 ], [ 36.63504, 0.02893 ], [ 36.63506, 0.02892 ], [ 36.63513, 0.02884 ], [ 36.63513, 0.02883 ], [ 36.63513, 0.02883 ], [ 36.63513, 0.02874 ], [ 36.63507, 0.02868 ], [ 36.63498, 0.02864 ], [ 36.63481, 0.02862 ], [ 36.63469, 0.02862 ], [ 36.63461, 0.02863 ], [ 36.63455, 0.02863 ], [ 36.63449, 0.02862 ], [ 36.63443, 0.02853 ], [ 36.63442, 0.02849 ], [ 36.63442, 0.02838 ], [ 36.63449, 0.02821 ], [ 36.63451, 0.02811 ], [ 36.63451, 0.0281 ], [ 36.63451, 0.0281 ], [ 36.6345, 0.02801 ], [ 36.63445, 0.0279 ], [ 36.63426, 0.02784 ], [ 36.63413, 0.02785 ], [ 36.63392, 0.02793 ], [ 36.63385, 0.02792 ], [ 36.63372, 0.02791 ], [ 36.63363, 0.02786 ], [ 36.63361, 0.02776 ], [ 36.63361, 0.02766 ], [ 36.63363, 0.02755 ], [ 36.63369, 0.02753 ], [ 36.63376, 0.02746 ], [ 36.63383, 0.02744 ], [ 36.6339, 0.02737 ], [ 36.63396, 0.02728 ], [ 36.63398, 0.02718 ], [ 36.63399, 0.02706 ], [ 36.63409, 0.02696 ], [ 36.63417, 0.02686 ], [ 36.6342, 0.02678 ], [ 36.6342, 0.02677 ], [ 36.6342, 0.02677 ], [ 36.6342, 0.02668 ], [ 36.63419, 0.02661 ], [ 36.63418, 0.02653 ], [ 36.63415, 0.02645 ], [ 36.6341, 0.02637 ], [ 36.63367, 0.02586 ], [ 36.63305, 0.0253 ], [ 36.63254, 0.02484 ], [ 36.63253, 0.02483 ], [ 36.63209, 0.02437 ], [ 36.63209, 0.02437 ], [ 36.63199, 0.02423 ], [ 36.6318, 0.02397 ], [ 36.63172, 0.02382 ], [ 36.63157, 0.02358 ], [ 36.63138, 0.02316 ], [ 36.63133, 0.02297 ], [ 36.63127, 0.02277 ], [ 36.63122, 0.02211 ], [ 36.6312, 0.02162 ], [ 36.63115, 0.02149 ], [ 36.63113, 0.02145 ], [ 36.63112, 0.02134 ], [ 36.63109, 0.02129 ], [ 36.63103, 0.02116 ], [ 36.63103, 0.02105 ], [ 36.63103, 0.02076 ], [ 36.63109, 0.0205 ], [ 36.63111, 0.02041 ], [ 36.63116, 0.02025 ], [ 36.6312, 0.02014 ], [ 36.63125, 0.02001 ], [ 36.63132, 0.01959 ], [ 36.63132, 0.01959 ], [ 36.63134, 0.0194 ], [ 36.63139, 0.01932 ], [ 36.63144, 0.01922 ], [ 36.63146, 0.01915 ], [ 36.63148, 0.01909 ], [ 36.63153, 0.01895 ], [ 36.63149, 0.01882 ], [ 36.63147, 0.01874 ], [ 36.63144, 0.01864 ], [ 36.63136, 0.01855 ], [ 36.63135, 0.01854 ], [ 36.63106, 0.01818 ], [ 36.63089, 0.01774 ], [ 36.63089, 0.0175 ], [ 36.63089, 0.01749 ], [ 36.63103, 0.01728 ], [ 36.6314, 0.01704 ], [ 36.6314, 0.01704 ], [ 36.63161, 0.01677 ], [ 36.63182, 0.01645 ], [ 36.63182, 0.01624 ], [ 36.63182, 0.01624 ], [ 36.6318, 0.01584 ], [ 36.6315, 0.01546 ], [ 36.63101, 0.01494 ], [ 36.63057, 0.01485 ], [ 36.63025, 0.01485 ], [ 36.63025, 0.01485 ], [ 36.63002, 0.01481 ], [ 36.63002, 0.01481 ], [ 36.62991, 0.0146 ], [ 36.62984, 0.01444 ], [ 36.62979, 0.01442 ], [ 36.62976, 0.01441 ], [ 36.62976, 0.01441 ], [ 36.62963, 0.01441 ], [ 36.62953, 0.01442 ], [ 36.62946, 0.01448 ], [ 36.62931, 0.01453 ], [ 36.62931, 0.01453 ], [ 36.62931, 0.01453 ], [ 36.62914, 0.01453 ], [ 36.62914, 0.01453 ], [ 36.62893, 0.01435 ], [ 36.62883, 0.01417 ], [ 36.62878, 0.01409 ], [ 36.62852, 0.01359 ], [ 36.62787, 0.01276 ], [ 36.62743, 0.01229 ], [ 36.62734, 0.0122 ], [ 36.62693, 0.012 ], [ 36.62675, 0.01177 ], [ 36.62675, 0.01167 ], [ 36.62676, 0.0116 ], [ 36.62677, 0.01154 ], [ 36.62681, 0.01135 ], [ 36.62679, 0.01108 ], [ 36.62673, 0.01098 ], [ 36.62668, 0.01091 ], [ 36.62645, 0.01071 ], [ 36.62618, 0.0105 ], [ 36.62612, 0.01045 ], [ 36.62589, 0.0102 ], [ 36.62584, 0.01012 ], [ 36.62573, 0.00994 ], [ 36.62568, 0.00978 ], [ 36.62561, 0.00953 ], [ 36.62558, 0.00935 ], [ 36.62555, 0.00921 ], [ 36.62555, 0.0089 ], [ 36.62557, 0.00835 ], [ 36.62559, 0.00792 ], [ 36.61527, 0.004 ], [ 36.61133, 0.00262 ], [ 36.61029, 0.00212 ], [ 36.61, 0.00198 ], [ 36.60819, 0.00193 ], [ 36.60742, 0.00188 ], [ 36.6052, 0.00174 ], [ 36.60513, 0.00173 ], [ 36.60421, 0.00167 ], [ 36.60361, 0.00163 ], [ 36.60369, 0.00202 ], [ 36.60374, 0.00227 ], [ 36.60385, 0.00237 ], [ 36.60377, 0.00252 ], [ 36.60153, 0.0069 ], [ 36.5972, 0.01613 ], [ 36.5948, 0.02147 ], [ 36.59467, 0.02174 ], [ 36.59431, 0.0225 ], [ 36.5943, 0.02256 ], [ 36.59331, 0.02477 ], [ 36.5931, 0.02624 ], [ 36.59294, 0.02735 ], [ 36.59223, 0.03335 ], [ 36.59147, 0.03978 ], [ 36.59112, 0.0427 ], [ 36.59051, 0.0442 ], [ 36.5894, 0.04622 ], [ 36.58719, 0.05026 ], [ 36.58463, 0.05476 ], [ 36.58457, 0.05486 ], [ 36.58439, 0.05516 ], [ 36.58436, 0.05523 ], [ 36.58362, 0.05653 ], [ 36.58008, 0.06194 ], [ 36.578, 0.06514 ], [ 36.57762, 0.06572 ], [ 36.57718, 0.0664 ], [ 36.5771, 0.06652 ], [ 36.57414, 0.06539 ], [ 36.57035, 0.06394 ], [ 36.56423, 0.06161 ], [ 36.56418, 0.06159 ], [ 36.56368, 0.0614 ], [ 36.55563, 0.05833 ], [ 36.54786, 0.05527 ], [ 36.54446, 0.054 ], [ 36.53483, 0.05039 ], [ 36.52975, 0.04845 ], [ 36.52976, 0.04853 ], [ 36.52415, 0.04687 ], [ 36.52204, 0.05263 ], [ 36.52199, 0.05275 ], [ 36.51971, 0.05917 ], [ 36.51914, 0.06077 ], [ 36.51906, 0.06101 ], [ 36.51898, 0.06144 ], [ 36.51883, 0.06191 ], [ 36.51884, 0.06208 ], [ 36.51885, 0.06236 ], [ 36.51896, 0.06257 ], [ 36.51889, 0.06273 ], [ 36.51865, 0.06283 ], [ 36.51713, 0.06786 ], [ 36.51667, 0.06949 ], [ 36.51601, 0.07189 ], [ 36.51475, 0.07607 ], [ 36.51472, 0.07617 ], [ 36.51352, 0.08009 ], [ 36.51264, 0.08301 ], [ 36.51194, 0.08537 ], [ 36.50647, 0.0912 ], [ 36.50541, 0.09235 ], [ 36.50278, 0.0952 ], [ 36.49555, 0.10304 ], [ 36.49555, 0.10304 ], [ 36.49215, 0.10673 ], [ 36.48794, 0.11129 ], [ 36.48784, 0.1114 ], [ 36.48784, 0.1114 ], [ 36.48771, 0.11154 ], [ 36.48286, 0.1168 ], [ 36.48228, 0.11742 ], [ 36.48204, 0.11769 ], [ 36.48113, 0.11874 ], [ 36.47358, 0.12753 ], [ 36.47356, 0.12755 ], [ 36.47361, 0.12765 ], [ 36.47361, 0.12766 ], [ 36.46804, 0.13422 ], [ 36.46615, 0.13643 ], [ 36.46612, 0.13636 ], [ 36.46062, 0.12399 ], [ 36.45848, 0.11918 ], [ 36.45379, 0.10878 ], [ 36.45031, 0.10075 ], [ 36.4505, 0.10065 ], [ 36.44949, 0.09839 ], [ 36.44945, 0.0983 ], [ 36.44535, 0.08906 ], [ 36.4449, 0.08891 ], [ 36.44323, 0.08836 ], [ 36.44306, 0.08831 ], [ 36.4427, 0.08819 ], [ 36.44153, 0.08781 ], [ 36.44077, 0.08756 ], [ 36.43469, 0.08557 ], [ 36.42962, 0.0839 ], [ 36.42955, 0.08388 ], [ 36.42524, 0.08247 ], [ 36.42486, 0.08234 ], [ 36.42452, 0.08221 ], [ 36.42417, 0.08208 ], [ 36.42183, 0.07915 ], [ 36.4215, 0.07873 ], [ 36.42048, 0.07745 ], [ 36.41876, 0.07529 ], [ 36.41709, 0.0732 ], [ 36.41432, 0.06973 ], [ 36.40719, 0.06078 ], [ 36.40285, 0.05535 ], [ 36.40616, 0.05384 ], [ 36.41522, 0.0497 ], [ 36.41796, 0.04859 ], [ 36.41812, 0.04851 ], [ 36.42025, 0.0474 ], [ 36.42744, 0.04411 ], [ 36.42752, 0.04407 ], [ 36.42815, 0.04379 ], [ 36.42788, 0.04341 ], [ 36.42657, 0.04157 ], [ 36.41988, 0.03759 ], [ 36.41847, 0.03765 ], [ 36.41829, 0.03766 ], [ 36.41818, 0.03759 ], [ 36.41762, 0.03761 ], [ 36.41751, 0.03762 ], [ 36.4168, 0.03765 ], [ 36.41536, 0.03772 ], [ 36.41536, 0.03772 ], [ 36.41423, 0.03778 ], [ 36.41329, 0.03783 ], [ 36.41189, 0.0379 ], [ 36.41182, 0.0379 ], [ 36.40944, 0.03803 ], [ 36.40811, 0.03804 ], [ 36.40437, 0.03674 ], [ 36.40338, 0.0363 ], [ 36.40262, 0.03597 ], [ 36.40253, 0.03592 ], [ 36.40179, 0.03567 ], [ 36.40214, 0.03239 ], [ 36.40228, 0.03181 ], [ 36.40228, 0.0317 ], [ 36.40228, 0.03103 ], [ 36.4024, 0.02991 ], [ 36.40246, 0.02939 ], [ 36.40219, 0.02919 ], [ 36.40213, 0.02915 ], [ 36.40169, 0.02882 ], [ 36.40123, 0.02849 ], [ 36.40036, 0.02785 ], [ 36.40019, 0.02773 ], [ 36.40019, 0.02773 ], [ 36.40007, 0.02764 ], [ 36.39914, 0.02696 ], [ 36.39675, 0.02809 ], [ 36.39444, 0.0292 ], [ 36.39392, 0.02944 ], [ 36.39311, 0.03127 ], [ 36.39215, 0.03343 ], [ 36.39193, 0.03407 ], [ 36.3915, 0.03345 ], [ 36.39131, 0.03318 ], [ 36.39127, 0.03305 ], [ 36.39113, 0.03258 ], [ 36.39089, 0.03176 ], [ 36.39074, 0.03138 ], [ 36.39059, 0.03117 ], [ 36.39054, 0.03101 ], [ 36.39053, 0.03096 ], [ 36.39044, 0.03063 ], [ 36.39037, 0.03045 ], [ 36.39028, 0.03029 ], [ 36.39027, 0.03016 ], [ 36.39013, 0.02985 ], [ 36.39002, 0.02966 ], [ 36.38988, 0.02947 ], [ 36.38979, 0.02931 ], [ 36.38975, 0.02894 ], [ 36.38977, 0.02869 ], [ 36.38977, 0.0286 ], [ 36.38975, 0.02836 ], [ 36.38971, 0.02799 ], [ 36.38973, 0.02781 ], [ 36.38976, 0.02756 ], [ 36.38986, 0.0273 ], [ 36.38813, 0.0266 ], [ 36.38812, 0.0266 ], [ 36.38801, 0.02661 ], [ 36.38787, 0.0266 ], [ 36.38782, 0.02659 ], [ 36.38779, 0.02658 ], [ 36.38773, 0.02655 ], [ 36.38762, 0.0265 ], [ 36.38753, 0.02645 ], [ 36.38746, 0.02643 ], [ 36.38737, 0.02641 ], [ 36.38724, 0.02638 ], [ 36.38716, 0.02635 ], [ 36.38708, 0.02631 ], [ 36.38699, 0.02628 ], [ 36.38684, 0.02622 ], [ 36.3865, 0.02612 ], [ 36.38635, 0.02605 ], [ 36.38628, 0.02604 ], [ 36.38595, 0.02597 ], [ 36.38583, 0.02597 ], [ 36.38577, 0.02597 ], [ 36.38568, 0.02596 ], [ 36.38563, 0.02594 ], [ 36.38558, 0.02592 ], [ 36.38555, 0.02588 ], [ 36.38537, 0.02576 ], [ 36.38535, 0.02575 ], [ 36.38532, 0.02574 ], [ 36.3853, 0.02574 ], [ 36.38525, 0.02574 ], [ 36.38522, 0.02574 ], [ 36.38518, 0.02573 ], [ 36.38513, 0.0257 ], [ 36.38506, 0.02568 ], [ 36.38499, 0.02565 ], [ 36.38494, 0.02563 ], [ 36.38489, 0.0256 ], [ 36.38485, 0.02559 ], [ 36.38479, 0.02558 ], [ 36.38476, 0.02557 ], [ 36.38472, 0.02554 ], [ 36.38469, 0.02552 ], [ 36.38464, 0.02549 ], [ 36.38462, 0.02548 ], [ 36.3846, 0.02548 ], [ 36.38458, 0.02548 ], [ 36.38452, 0.02548 ], [ 36.3845, 0.02548 ], [ 36.38447, 0.02546 ], [ 36.38443, 0.02544 ], [ 36.38438, 0.02541 ], [ 36.38433, 0.02539 ], [ 36.38424, 0.02536 ], [ 36.38418, 0.02532 ], [ 36.38401, 0.02521 ], [ 36.38382, 0.02509 ], [ 36.38381, 0.02508 ], [ 36.38371, 0.02503 ], [ 36.38361, 0.02498 ], [ 36.38351, 0.02495 ], [ 36.38345, 0.02493 ], [ 36.38338, 0.02493 ], [ 36.38318, 0.02494 ], [ 36.3831, 0.02492 ], [ 36.38293, 0.02485 ], [ 36.38284, 0.02481 ], [ 36.38273, 0.02476 ], [ 36.38262, 0.02474 ], [ 36.3825, 0.0247 ], [ 36.38241, 0.02468 ], [ 36.38231, 0.02465 ], [ 36.38224, 0.02461 ], [ 36.38213, 0.02451 ], [ 36.38205, 0.02445 ], [ 36.38195, 0.02443 ], [ 36.38181, 0.02441 ], [ 36.38174, 0.02442 ], [ 36.38167, 0.02442 ], [ 36.38151, 0.0244 ], [ 36.38133, 0.02436 ], [ 36.38131, 0.02436 ], [ 36.38118, 0.0243 ], [ 36.381, 0.02422 ], [ 36.38091, 0.0242 ], [ 36.38065, 0.02412 ], [ 36.38061, 0.0241 ], [ 36.38057, 0.02408 ], [ 36.38051, 0.024 ], [ 36.38016, 0.02393 ], [ 36.37991, 0.02387 ], [ 36.37966, 0.0238 ], [ 36.37959, 0.02377 ], [ 36.37949, 0.02369 ], [ 36.37935, 0.02362 ], [ 36.37927, 0.02358 ], [ 36.37907, 0.0235 ], [ 36.37889, 0.02343 ], [ 36.37878, 0.02339 ], [ 36.37873, 0.02338 ], [ 36.37857, 0.02335 ], [ 36.37843, 0.02332 ], [ 36.37825, 0.02328 ], [ 36.37819, 0.02327 ], [ 36.37813, 0.02323 ], [ 36.37804, 0.02318 ], [ 36.37798, 0.02316 ], [ 36.37794, 0.02315 ], [ 36.37791, 0.02315 ], [ 36.37786, 0.02315 ], [ 36.37783, 0.02314 ], [ 36.37778, 0.02312 ], [ 36.3777, 0.02308 ], [ 36.37757, 0.02303 ], [ 36.37752, 0.023 ], [ 36.37744, 0.02298 ], [ 36.37741, 0.02297 ], [ 36.37733, 0.02297 ], [ 36.37729, 0.02295 ], [ 36.37722, 0.02292 ], [ 36.37718, 0.02291 ], [ 36.37715, 0.0229 ], [ 36.3771, 0.0229 ], [ 36.37707, 0.02289 ], [ 36.37704, 0.02288 ], [ 36.37694, 0.02284 ], [ 36.3768, 0.0228 ], [ 36.3765, 0.02269 ], [ 36.3762, 0.02261 ], [ 36.37606, 0.02256 ], [ 36.376, 0.02253 ], [ 36.37595, 0.02252 ], [ 36.37584, 0.0225 ], [ 36.37565, 0.02245 ], [ 36.37539, 0.02238 ], [ 36.37526, 0.02233 ], [ 36.37522, 0.02231 ], [ 36.37515, 0.02229 ], [ 36.37505, 0.02227 ], [ 36.37477, 0.0222 ], [ 36.37457, 0.02214 ], [ 36.37447, 0.0221 ], [ 36.37439, 0.02204 ], [ 36.37432, 0.02198 ], [ 36.37426, 0.02193 ], [ 36.37422, 0.02189 ], [ 36.37421, 0.02186 ], [ 36.3742, 0.02186 ], [ 36.3741, 0.02178 ], [ 36.37411, 0.02177 ], [ 36.37354, 0.02156 ], [ 36.37354, 0.02156 ], [ 36.37264, 0.02123 ], [ 36.3723, 0.02109 ], [ 36.37182, 0.02093 ], [ 36.37125, 0.02074 ], [ 36.37107, 0.0207 ], [ 36.37103, 0.02068 ], [ 36.37064, 0.02055 ], [ 36.37028, 0.02043 ], [ 36.3699, 0.02032 ], [ 36.36964, 0.02023 ], [ 36.36923, 0.02007 ], [ 36.36891, 0.01995 ], [ 36.36883, 0.01993 ], [ 36.36838, 0.01978 ], [ 36.36777, 0.01957 ], [ 36.3671, 0.01936 ], [ 36.36697, 0.01933 ], [ 36.36696, 0.01933 ], [ 36.36695, 0.01932 ], [ 36.36645, 0.01915 ], [ 36.36516, 0.0187 ], [ 36.36516, 0.0187 ], [ 36.36516, 0.01869 ], [ 36.36514, 0.01869 ], [ 36.36361, 0.01818 ], [ 36.36337, 0.01809 ], [ 36.36284, 0.01787 ], [ 36.36241, 0.0177 ], [ 36.36241, 0.0177 ], [ 36.36241, 0.0177 ], [ 36.36221, 0.01772 ], [ 36.36191, 0.01762 ], [ 36.36179, 0.01758 ], [ 36.36149, 0.01747 ], [ 36.36149, 0.01747 ], [ 36.36018, 0.017 ], [ 36.35986, 0.01693 ], [ 36.35985, 0.01693 ], [ 36.35977, 0.0169 ], [ 36.35972, 0.01689 ], [ 36.3597, 0.01689 ], [ 36.35964, 0.01687 ], [ 36.3596, 0.01686 ], [ 36.35946, 0.01683 ], [ 36.35932, 0.01679 ], [ 36.35924, 0.01677 ], [ 36.35917, 0.01676 ], [ 36.3591, 0.01675 ], [ 36.35906, 0.01674 ], [ 36.35899, 0.01672 ], [ 36.35879, 0.01665 ], [ 36.35867, 0.01661 ], [ 36.35847, 0.01654 ], [ 36.35833, 0.0165 ], [ 36.35815, 0.01643 ], [ 36.35809, 0.01641 ], [ 36.35797, 0.01637 ], [ 36.35783, 0.01632 ], [ 36.35768, 0.01627 ], [ 36.35751, 0.01621 ], [ 36.35733, 0.01615 ], [ 36.35714, 0.01608 ], [ 36.35691, 0.016 ], [ 36.3567, 0.01592 ], [ 36.35654, 0.01587 ], [ 36.35641, 0.01582 ], [ 36.35628, 0.01577 ], [ 36.35614, 0.01572 ], [ 36.35604, 0.01569 ], [ 36.35597, 0.01566 ], [ 36.3559, 0.01563 ], [ 36.35582, 0.01561 ], [ 36.3557, 0.01557 ], [ 36.35548, 0.01549 ], [ 36.35527, 0.01542 ], [ 36.35511, 0.01536 ], [ 36.35493, 0.01529 ], [ 36.35482, 0.01526 ], [ 36.35479, 0.01525 ], [ 36.35459, 0.01518 ], [ 36.35452, 0.01515 ], [ 36.35436, 0.01508 ], [ 36.35421, 0.01502 ], [ 36.354, 0.01494 ], [ 36.35391, 0.0149 ], [ 36.3538, 0.01485 ], [ 36.35374, 0.01482 ], [ 36.35365, 0.01508 ], [ 36.35359, 0.01523 ], [ 36.35351, 0.01545 ], [ 36.35341, 0.01574 ], [ 36.35339, 0.0158 ], [ 36.35339, 0.0158 ], [ 36.35336, 0.01591 ], [ 36.35323, 0.01624 ], [ 36.35312, 0.01657 ], [ 36.35304, 0.01683 ], [ 36.35295, 0.0171 ], [ 36.35283, 0.01743 ], [ 36.35278, 0.0176 ], [ 36.35269, 0.0178 ], [ 36.35249, 0.0183 ], [ 36.35236, 0.01867 ], [ 36.35201, 0.01975 ], [ 36.352, 0.01977 ], [ 36.35113, 0.02262 ], [ 36.35064, 0.0242 ], [ 36.35033, 0.02476 ], [ 36.35011, 0.02541 ], [ 36.35008, 0.02551 ], [ 36.34995, 0.02592 ], [ 36.34983, 0.02624 ], [ 36.34956, 0.02712 ], [ 36.34956, 0.02714 ], [ 36.34931, 0.02795 ], [ 36.34916, 0.02842 ], [ 36.34886, 0.02931 ], [ 36.34881, 0.02945 ], [ 36.34872, 0.02969 ], [ 36.34869, 0.02977 ], [ 36.34857, 0.03009 ], [ 36.34848, 0.03032 ], [ 36.34835, 0.03068 ], [ 36.34829, 0.03086 ], [ 36.34825, 0.03098 ], [ 36.34819, 0.03119 ], [ 36.34725, 0.03045 ], [ 36.34453, 0.02835 ], [ 36.34248, 0.02772 ], [ 36.34219, 0.02763 ], [ 36.34122, 0.02734 ], [ 36.33907, 0.02668 ], [ 36.33632, 0.02626 ], [ 36.33578, 0.02611 ], [ 36.33577, 0.0261 ], [ 36.33578, 0.02616 ], [ 36.33027, 0.02448 ], [ 36.33017, 0.02448 ], [ 36.33024, 0.02399 ], [ 36.32957, 0.02378 ], [ 36.33051, 0.01847 ], [ 36.32606, 0.01784 ], [ 36.31712, 0.01649 ], [ 36.30874, 0.01524 ], [ 36.30725, 0.01501 ], [ 36.30585, 0.0148 ], [ 36.30316, 0.00989 ], [ 36.30285, 0.00916 ], [ 36.30159, 0.00279 ], [ 36.29973, 0.00249 ], [ 36.2977, 0.00216 ], [ 36.29632, 0.00194 ], [ 36.29612, 0.00305 ], [ 36.29539, 0.00661 ], [ 36.29468, 0.01053 ], [ 36.29458, 0.01054 ], [ 36.29438, 0.01057 ], [ 36.29397, 0.01061 ], [ 36.29382, 0.01063 ], [ 36.29256, 0.00972 ], [ 36.29064, 0.00853 ], [ 36.28876, 0.00727 ], [ 36.28679, 0.00595 ], [ 36.28429, 0.00423 ], [ 36.28295, 0.00335 ], [ 36.28181, 0.00246 ], [ 36.28153, 0.00234 ], [ 36.28072, 0.00173 ], [ 36.28039, 0.0015 ], [ 36.27905, 0.0006 ], [ 36.2779, 0.00038 ], [ 36.27433, -0.00033 ], [ 36.27428, -0.00044 ], [ 36.274, -0.00049 ], [ 36.27356, -0.00202 ], [ 36.27335, -0.0025 ], [ 36.26257, -0.00265 ], [ 36.26241, -0.00271 ], [ 36.26308, 0.00151 ], [ 36.26337, 0.00334 ], [ 36.26365, 0.00482 ], [ 36.26455, 0.00959 ], [ 36.26465, 0.01019 ], [ 36.26617, 0.01877 ], [ 36.26628, 0.0188 ], [ 36.2684, 0.01918 ], [ 36.27006, 0.01947 ], [ 36.26924, 0.02109 ], [ 36.2677, 0.02411 ], [ 36.26747, 0.02459 ], [ 36.26515, 0.02964 ], [ 36.26515, 0.02965 ], [ 36.26341, 0.0332 ], [ 36.26339, 0.03326 ], [ 36.26332, 0.03344 ], [ 36.26217, 0.03714 ], [ 36.26147, 0.03955 ], [ 36.26107, 0.04091 ], [ 36.26019, 0.04428 ], [ 36.26003, 0.04487 ], [ 36.25925, 0.04753 ], [ 36.2589, 0.04891 ], [ 36.25795, 0.05185 ], [ 36.25774, 0.05262 ], [ 36.25772, 0.05633 ], [ 36.25991, 0.05915 ], [ 36.26016, 0.05946 ], [ 36.26452, 0.06873 ], [ 36.26524, 0.07025 ], [ 36.26528, 0.07037 ], [ 36.26571, 0.07143 ], [ 36.26641, 0.07321 ], [ 36.26679, 0.07421 ], [ 36.26692, 0.0745 ], [ 36.27067, 0.08402 ], [ 36.27082, 0.08443 ], [ 36.27101, 0.08486 ], [ 36.27167, 0.08654 ], [ 36.2719, 0.08716 ], [ 36.27316, 0.08893 ], [ 36.27367, 0.08958 ], [ 36.27434, 0.09048 ], [ 36.27539, 0.09173 ], [ 36.2779, 0.09505 ], [ 36.27791, 0.09506 ], [ 36.27905, 0.09665 ], [ 36.28024, 0.09814 ], [ 36.28046, 0.09844 ], [ 36.28148, 0.09988 ], [ 36.28201, 0.10058 ], [ 36.28215, 0.10075 ], [ 36.28269, 0.10144 ], [ 36.28322, 0.10217 ], [ 36.28395, 0.10305 ], [ 36.28405, 0.10319 ], [ 36.28453, 0.10384 ], [ 36.28464, 0.10396 ], [ 36.28868, 0.10932 ], [ 36.28868, 0.11134 ], [ 36.28761, 0.11764 ], [ 36.28759, 0.11773 ], [ 36.28676, 0.12266 ], [ 36.28706, 0.12352 ], [ 36.28777, 0.12553 ], [ 36.28782, 0.12553 ], [ 36.28811, 0.12555 ], [ 36.28887, 0.12555 ], [ 36.28908, 0.12554 ], [ 36.28923, 0.12552 ], [ 36.28952, 0.12546 ], [ 36.2897, 0.12544 ], [ 36.2899, 0.12544 ], [ 36.29016, 0.12544 ], [ 36.29038, 0.12543 ], [ 36.29051, 0.12541 ], [ 36.29068, 0.12541 ], [ 36.29078, 0.12539 ], [ 36.29094, 0.12537 ], [ 36.29104, 0.12532 ], [ 36.29115, 0.1253 ], [ 36.29124, 0.12527 ], [ 36.29133, 0.12522 ], [ 36.29146, 0.12513 ], [ 36.29155, 0.1251 ], [ 36.29161, 0.12508 ], [ 36.29178, 0.12497 ], [ 36.2921, 0.1249 ], [ 36.29221, 0.12486 ], [ 36.29237, 0.12482 ], [ 36.29247, 0.12478 ], [ 36.29254, 0.12474 ], [ 36.29275, 0.12471 ], [ 36.29292, 0.12463 ], [ 36.293, 0.12459 ], [ 36.2932, 0.12451 ], [ 36.29327, 0.12445 ], [ 36.29337, 0.12443 ], [ 36.29342, 0.12441 ], [ 36.29354, 0.12439 ], [ 36.29363, 0.12439 ], [ 36.29373, 0.12439 ], [ 36.29384, 0.12439 ], [ 36.29394, 0.12438 ], [ 36.29401, 0.12436 ], [ 36.29409, 0.12432 ], [ 36.29417, 0.12429 ], [ 36.29426, 0.12422 ], [ 36.29434, 0.12415 ], [ 36.29462, 0.12392 ], [ 36.29824, 0.12421 ], [ 36.29842, 0.12422 ], [ 36.30236, 0.12454 ], [ 36.30285, 0.12457 ], [ 36.30304, 0.12449 ], [ 36.30605, 0.12315 ], [ 36.30728, 0.12261 ], [ 36.31092, 0.11845 ], [ 36.31188, 0.11938 ], [ 36.31245, 0.11993 ], [ 36.31408, 0.1215 ], [ 36.31545, 0.12283 ], [ 36.31621, 0.12456 ], [ 36.31637, 0.12475 ], [ 36.31857, 0.13177 ], [ 36.31999, 0.13642 ], [ 36.32019, 0.13709 ], [ 36.32137, 0.14017 ], [ 36.32512, 0.14176 ], [ 36.32736, 0.14271 ], [ 36.32808, 0.14467 ], [ 36.32835, 0.14542 ], [ 36.32859, 0.14605 ], [ 36.3302, 0.15639 ], [ 36.33052, 0.15851 ], [ 36.33113, 0.15936 ], [ 36.33117, 0.15941 ], [ 36.33218, 0.16082 ], [ 36.334, 0.16648 ], [ 36.3343, 0.1682 ], [ 36.33474, 0.1727 ], [ 36.33494, 0.17464 ], [ 36.32805, 0.17691 ], [ 36.32701, 0.1783 ], [ 36.32695, 0.17837 ], [ 36.32683, 0.17854 ], [ 36.32683, 0.17871 ], [ 36.32689, 0.17922 ], [ 36.32685, 0.17955 ], [ 36.32667, 0.18003 ], [ 36.32626, 0.1805 ], [ 36.32575, 0.18109 ], [ 36.32508, 0.18176 ], [ 36.32474, 0.18225 ], [ 36.32437, 0.1828 ], [ 36.32392, 0.18349 ], [ 36.32355, 0.18392 ], [ 36.32331, 0.18441 ], [ 36.32307, 0.18484 ], [ 36.32296, 0.18529 ], [ 36.32266, 0.18567 ], [ 36.32242, 0.18598 ], [ 36.32221, 0.1862 ], [ 36.32168, 0.1871 ], [ 36.32115, 0.18783 ], [ 36.32083, 0.18854 ], [ 36.31999, 0.18936 ], [ 36.31969, 0.18982 ], [ 36.31934, 0.19035 ], [ 36.31904, 0.19082 ], [ 36.31887, 0.19113 ], [ 36.31861, 0.19153 ], [ 36.31826, 0.19206 ], [ 36.31825, 0.19206 ], [ 36.3179, 0.19237 ], [ 36.31723, 0.19337 ], [ 36.31649, 0.194 ], [ 36.31613, 0.19444 ], [ 36.31598, 0.19471 ], [ 36.3158, 0.19503 ], [ 36.31535, 0.19556 ], [ 36.31484, 0.19613 ], [ 36.31438, 0.1967 ], [ 36.3136, 0.19754 ], [ 36.31336, 0.19786 ], [ 36.31305, 0.19849 ], [ 36.31275, 0.19904 ], [ 36.3122, 0.19965 ], [ 36.31159, 0.20016 ], [ 36.31116, 0.20049 ], [ 36.3109, 0.20067 ], [ 36.31051, 0.20094 ], [ 36.31028, 0.20106 ], [ 36.30974, 0.20134 ], [ 36.30909, 0.20175 ], [ 36.30825, 0.20222 ], [ 36.30754, 0.20259 ], [ 36.30741, 0.20269 ], [ 36.30681, 0.20314 ], [ 36.30622, 0.20348 ], [ 36.30548, 0.20413 ], [ 36.30479, 0.20476 ], [ 36.3042, 0.20529 ], [ 36.30375, 0.20567 ], [ 36.30445, 0.2074 ], [ 36.30482, 0.20833 ], [ 36.29995, 0.2119 ], [ 36.30304, 0.21491 ], [ 36.30314, 0.21502 ], [ 36.3062, 0.21801 ], [ 36.30811, 0.21987 ], [ 36.31018, 0.2219 ], [ 36.30654, 0.22667 ], [ 36.31092, 0.23194 ], [ 36.31078, 0.23483 ], [ 36.31072, 0.23602 ], [ 36.30817, 0.23753 ], [ 36.30256, 0.24086 ], [ 36.30009, 0.24233 ], [ 36.29869, 0.24315 ], [ 36.29796, 0.24359 ], [ 36.29694, 0.24419 ], [ 36.29409, 0.24655 ], [ 36.29358, 0.24697 ], [ 36.29015, 0.24982 ], [ 36.28848, 0.25134 ], [ 36.28846, 0.25128 ], [ 36.28706, 0.25267 ], [ 36.2866, 0.25276 ], [ 36.28606, 0.25287 ], [ 36.27973, 0.25414 ], [ 36.28007, 0.25552 ], [ 36.28107, 0.25916 ], [ 36.28252, 0.26452 ], [ 36.28241, 0.26488 ], [ 36.28242, 0.2649 ], [ 36.28218, 0.26561 ], [ 36.28022, 0.27159 ], [ 36.2801, 0.27197 ], [ 36.28007, 0.27196 ], [ 36.27969, 0.27193 ], [ 36.26603, 0.27517 ], [ 36.2654, 0.27686 ], [ 36.26346, 0.28202 ], [ 36.26088, 0.28824 ], [ 36.26086, 0.2883 ], [ 36.26091, 0.2884 ], [ 36.26091, 0.2884 ], [ 36.26081, 0.28852 ], [ 36.26078, 0.2885 ], [ 36.2574, 0.2911 ], [ 36.25736, 0.29114 ], [ 36.25126, 0.29613 ], [ 36.25109, 0.29627 ], [ 36.25103, 0.29637 ], [ 36.251, 0.29641 ], [ 36.2509, 0.29657 ], [ 36.24907, 0.29948 ], [ 36.24619, 0.30407 ], [ 36.24534, 0.3054 ], [ 36.24546, 0.30541 ], [ 36.24529, 0.30569 ], [ 36.24439, 0.30698 ], [ 36.24344, 0.30847 ], [ 36.24506, 0.30993 ], [ 36.24868, 0.31327 ], [ 36.24883, 0.31363 ], [ 36.24899, 0.31437 ], [ 36.24958, 0.3154 ], [ 36.25005, 0.3165 ], [ 36.2506, 0.31697 ], [ 36.25108, 0.31729 ], [ 36.25155, 0.31733 ], [ 36.2519, 0.3176 ], [ 36.25226, 0.31788 ], [ 36.2527, 0.31823 ], [ 36.25326, 0.31839 ], [ 36.25384, 0.31863 ], [ 36.25467, 0.31896 ], [ 36.25536, 0.31934 ], [ 36.25546, 0.3194 ], [ 36.2559, 0.31986 ], [ 36.25644, 0.32021 ], [ 36.25693, 0.32036 ], [ 36.25738, 0.32102 ], [ 36.2577, 0.32131 ], [ 36.25812, 0.32139 ], [ 36.25858, 0.32136 ], [ 36.25922, 0.32188 ], [ 36.25967, 0.3221 ], [ 36.26021, 0.32247 ], [ 36.2605, 0.32274 ], [ 36.26124, 0.32323 ], [ 36.26186, 0.32358 ], [ 36.26215, 0.32365 ], [ 36.26257, 0.32365 ], [ 36.26296, 0.3238 ], [ 36.26343, 0.3238 ], [ 36.26358, 0.3238 ], [ 36.26387, 0.32378 ], [ 36.26409, 0.3238 ], [ 36.26427, 0.32382 ], [ 36.26451, 0.32397 ], [ 36.26523, 0.32442 ], [ 36.26684, 0.32523 ], [ 36.26693, 0.32579 ], [ 36.26691, 0.32647 ], [ 36.26669, 0.32675 ], [ 36.26665, 0.32679 ], [ 36.26661, 0.32684 ], [ 36.26654, 0.32692 ], [ 36.26614, 0.32715 ], [ 36.26579, 0.32718 ], [ 36.26533, 0.32713 ], [ 36.26459, 0.32695 ], [ 36.2641, 0.32697 ], [ 36.26352, 0.32726 ], [ 36.26321, 0.32744 ], [ 36.26314, 0.32765 ], [ 36.26343, 0.32809 ], [ 36.2638, 0.32858 ], [ 36.2637, 0.32902 ], [ 36.26319, 0.32947 ], [ 36.26284, 0.32979 ], [ 36.26282, 0.33008 ], [ 36.26291, 0.33049 ], [ 36.26304, 0.33066 ], [ 36.26314, 0.33105 ], [ 36.26314, 0.33145 ], [ 36.26299, 0.33167 ], [ 36.26279, 0.33174 ], [ 36.26257, 0.33179 ], [ 36.26237, 0.33196 ], [ 36.26223, 0.33211 ], [ 36.26207, 0.33237 ], [ 36.26203, 0.33245 ], [ 36.26203, 0.33277 ], [ 36.26203, 0.33307 ], [ 36.26203, 0.33368 ], [ 36.26204, 0.33438 ], [ 36.26205, 0.33541 ], [ 36.26213, 0.33602 ], [ 36.26213, 0.33656 ], [ 36.26218, 0.33708 ], [ 36.2622, 0.3374 ], [ 36.2621, 0.33774 ], [ 36.26194, 0.33799 ], [ 36.26169, 0.33835 ], [ 36.26168, 0.33836 ], [ 36.26156, 0.33861 ], [ 36.26141, 0.33888 ], [ 36.26142, 0.33892 ], [ 36.26146, 0.3392 ], [ 36.26159, 0.33934 ], [ 36.26165, 0.3394 ], [ 36.26173, 0.33947 ], [ 36.26197, 0.3397 ], [ 36.26207, 0.33991 ], [ 36.26207, 0.34002 ], [ 36.26207, 0.34021 ], [ 36.26195, 0.34028 ], [ 36.26187, 0.34032 ], [ 36.26182, 0.34033 ], [ 36.26168, 0.34038 ], [ 36.2615, 0.3405 ], [ 36.26145, 0.3406 ], [ 36.26145, 0.34085 ], [ 36.26154, 0.34102 ], [ 36.26157, 0.34118 ], [ 36.26146, 0.34134 ], [ 36.26135, 0.3415 ], [ 36.26134, 0.34167 ], [ 36.26139, 0.34183 ], [ 36.26143, 0.34195 ], [ 36.26154, 0.34225 ], [ 36.26157, 0.34252 ], [ 36.26155, 0.34267 ], [ 36.26155, 0.34267 ], [ 36.2615, 0.34272 ], [ 36.26141, 0.34299 ], [ 36.26146, 0.34312 ], [ 36.26152, 0.34318 ], [ 36.26161, 0.34328 ], [ 36.26161, 0.34348 ], [ 36.26157, 0.34362 ], [ 36.26146, 0.34366 ], [ 36.26135, 0.34375 ], [ 36.26124, 0.3439 ], [ 36.26122, 0.34411 ], [ 36.2612, 0.34424 ], [ 36.26123, 0.34465 ], [ 36.26124, 0.34476 ], [ 36.26128, 0.34513 ], [ 36.2613, 0.34549 ], [ 36.26129, 0.34569 ], [ 36.26119, 0.34603 ], [ 36.26115, 0.34645 ], [ 36.26121, 0.34688 ], [ 36.26143, 0.34738 ], [ 36.26149, 0.34758 ], [ 36.26147, 0.34775 ], [ 36.26147, 0.34812 ], [ 36.26141, 0.34841 ], [ 36.26144, 0.34869 ], [ 36.26142, 0.34971 ], [ 36.26141, 0.34992 ], [ 36.26137, 0.35011 ], [ 36.26113, 0.35124 ], [ 36.26091, 0.35289 ], [ 36.26103, 0.35386 ], [ 36.26117, 0.35405 ], [ 36.26136, 0.3544 ], [ 36.26137, 0.35451 ], [ 36.26133, 0.35498 ], [ 36.26126, 0.35525 ], [ 36.26109, 0.35551 ], [ 36.26098, 0.35577 ], [ 36.26098, 0.3561 ], [ 36.26097, 0.35618 ], [ 36.26092, 0.35669 ], [ 36.26082, 0.35806 ], [ 36.26081, 0.35868 ], [ 36.26079, 0.36015 ], [ 36.26081, 0.36041 ], [ 36.26081, 0.36041 ], [ 36.26081, 0.36046 ], [ 36.26089, 0.3607 ], [ 36.26107, 0.36088 ], [ 36.26131, 0.36108 ], [ 36.2614, 0.36133 ], [ 36.2614, 0.3614 ], [ 36.26136, 0.36155 ], [ 36.26131, 0.36165 ], [ 36.26117, 0.36186 ], [ 36.26104, 0.36194 ], [ 36.26088, 0.36199 ], [ 36.26075, 0.36218 ], [ 36.26056, 0.36248 ], [ 36.2605, 0.36269 ], [ 36.26038, 0.36315 ], [ 36.26038, 0.36332 ], [ 36.26039, 0.36354 ], [ 36.26045, 0.36376 ], [ 36.26046, 0.36397 ], [ 36.26039, 0.36409 ], [ 36.26028, 0.36427 ], [ 36.26021, 0.36449 ], [ 36.26021, 0.36476 ], [ 36.26028, 0.36496 ], [ 36.26055, 0.36527 ], [ 36.26061, 0.36565 ], [ 36.26068, 0.36649 ], [ 36.26076, 0.36727 ], [ 36.26077, 0.36733 ], [ 36.26077, 0.36778 ], [ 36.26068, 0.3682 ], [ 36.26068, 0.36851 ], [ 36.26043, 0.36905 ], [ 36.26023, 0.36939 ], [ 36.26019, 0.36949 ], [ 36.26012, 0.36959 ], [ 36.2599, 0.36991 ], [ 36.25972, 0.3702 ], [ 36.25971, 0.37022 ], [ 36.25959, 0.37046 ], [ 36.25955, 0.37062 ], [ 36.25952, 0.37068 ], [ 36.25955, 0.37086 ], [ 36.2597, 0.37108 ], [ 36.25986, 0.37126 ], [ 36.2599, 0.3714 ], [ 36.25992, 0.37155 ], [ 36.26012, 0.37175 ], [ 36.26038, 0.37189 ], [ 36.2605, 0.37195 ], [ 36.26079, 0.37211 ], [ 36.26079, 0.37212 ], [ 36.2608, 0.37221 ], [ 36.2608, 0.37226 ], [ 36.26081, 0.37237 ], [ 36.26075, 0.37286 ], [ 36.2607, 0.37315 ], [ 36.26046, 0.3735 ], [ 36.26024, 0.37373 ], [ 36.25997, 0.3737 ], [ 36.25968, 0.37364 ], [ 36.25926, 0.37346 ], [ 36.25908, 0.37357 ], [ 36.25881, 0.37379 ], [ 36.25866, 0.37402 ], [ 36.25853, 0.37437 ], [ 36.25853, 0.37475 ], [ 36.25855, 0.37537 ], [ 36.25841, 0.37599 ], [ 36.25835, 0.37632 ], [ 36.25821, 0.37675 ], [ 36.25808, 0.37716 ], [ 36.25804, 0.37728 ], [ 36.25799, 0.3774 ], [ 36.25793, 0.37754 ], [ 36.25786, 0.3777 ], [ 36.25766, 0.37819 ], [ 36.25759, 0.37857 ], [ 36.25759, 0.37864 ], [ 36.25759, 0.37903 ], [ 36.25759, 0.37905 ], [ 36.2577, 0.37914 ], [ 36.2578, 0.37925 ], [ 36.25791, 0.37936 ], [ 36.25799, 0.37943 ], [ 36.25815, 0.37957 ], [ 36.25823, 0.3797 ], [ 36.25824, 0.3797 ], [ 36.25832, 0.37976 ], [ 36.25841, 0.37983 ], [ 36.2585, 0.3799 ], [ 36.25864, 0.38025 ], [ 36.25865, 0.38057 ], [ 36.25866, 0.3807 ], [ 36.25884, 0.38108 ], [ 36.2589, 0.38117 ], [ 36.25908, 0.38143 ], [ 36.25913, 0.3819 ], [ 36.25906, 0.38223 ], [ 36.2587, 0.38245 ], [ 36.25839, 0.38259 ], [ 36.25799, 0.38292 ], [ 36.25784, 0.3833 ], [ 36.25764, 0.38354 ], [ 36.25735, 0.38372 ], [ 36.25715, 0.38394 ], [ 36.25693, 0.38416 ], [ 36.25681, 0.38432 ], [ 36.25675, 0.38441 ], [ 36.25676, 0.38463 ], [ 36.25677, 0.38474 ], [ 36.25678, 0.38491 ], [ 36.25679, 0.38507 ], [ 36.25686, 0.38517 ], [ 36.25702, 0.38543 ], [ 36.25706, 0.38565 ], [ 36.25706, 0.38605 ], [ 36.25688, 0.3864 ], [ 36.25682, 0.38671 ], [ 36.25672, 0.38688 ], [ 36.25674, 0.38781 ], [ 36.25675, 0.38787 ], [ 36.25675, 0.3882 ], [ 36.25679, 0.38851 ], [ 36.25681, 0.38861 ], [ 36.25674, 0.38872 ], [ 36.25674, 0.38881 ], [ 36.25674, 0.38892 ], [ 36.25674, 0.38908 ], [ 36.25674, 0.38922 ], [ 36.25674, 0.38934 ], [ 36.25669, 0.38947 ], [ 36.25662, 0.3896 ], [ 36.25651, 0.38973 ], [ 36.25642, 0.38983 ], [ 36.25626, 0.38994 ], [ 36.25611, 0.39002 ], [ 36.25597, 0.39013 ], [ 36.25591, 0.39026 ], [ 36.2559, 0.39038 ], [ 36.2559, 0.39053 ], [ 36.25591, 0.39069 ], [ 36.25602, 0.39098 ], [ 36.25602, 0.39108 ], [ 36.25602, 0.39121 ], [ 36.25602, 0.3913 ], [ 36.25602, 0.39137 ], [ 36.25602, 0.39148 ], [ 36.25604, 0.39166 ], [ 36.25604, 0.39178 ], [ 36.25597, 0.39198 ], [ 36.2558, 0.39216 ], [ 36.25563, 0.39221 ], [ 36.25558, 0.39221 ], [ 36.25548, 0.39227 ], [ 36.25545, 0.39232 ], [ 36.2554, 0.39245 ], [ 36.25538, 0.39256 ], [ 36.25541, 0.39288 ], [ 36.25541, 0.39292 ], [ 36.25541, 0.393 ], [ 36.25541, 0.39317 ], [ 36.24713, 0.40582 ], [ 36.24717, 0.40596 ], [ 36.24728, 0.40612 ], [ 36.24731, 0.40623 ], [ 36.24733, 0.40633 ], [ 36.24733, 0.40644 ], [ 36.24732, 0.40655 ], [ 36.24718, 0.40707 ], [ 36.24707, 0.4074 ], [ 36.24702, 0.40759 ], [ 36.24696, 0.40776 ], [ 36.24688, 0.40809 ], [ 36.24671, 0.4084 ], [ 36.24657, 0.40865 ], [ 36.24649, 0.40887 ], [ 36.24627, 0.40973 ], [ 36.24607, 0.40993 ], [ 36.24588, 0.41012 ], [ 36.24565, 0.41034 ], [ 36.24552, 0.41054 ], [ 36.24535, 0.4109 ], [ 36.24529, 0.41106 ], [ 36.24579, 0.4117 ], [ 36.24588, 0.41198 ], [ 36.24593, 0.41226 ], [ 36.24593, 0.41256 ], [ 36.2459, 0.41292 ], [ 36.24571, 0.41375 ], [ 36.24554, 0.41423 ], [ 36.24538, 0.41434 ], [ 36.24516, 0.41448 ], [ 36.2451, 0.41492 ], [ 36.24518, 0.41511 ], [ 36.24518, 0.41525 ], [ 36.24507, 0.41542 ], [ 36.24499, 0.41556 ], [ 36.24527, 0.41603 ], [ 36.24527, 0.41623 ], [ 36.2451, 0.4165 ], [ 36.24493, 0.41659 ], [ 36.24485, 0.4167 ], [ 36.24474, 0.41686 ], [ 36.24471, 0.417 ], [ 36.24471, 0.41717 ], [ 36.24471, 0.41745 ], [ 36.24468, 0.41763 ], [ 36.2447, 0.4178 ], [ 36.24466, 0.41791 ], [ 36.24452, 0.41809 ], [ 36.24442, 0.41818 ], [ 36.24434, 0.41826 ], [ 36.24427, 0.41834 ], [ 36.24423, 0.41844 ], [ 36.24423, 0.41849 ], [ 36.24425, 0.41865 ], [ 36.24428, 0.41873 ], [ 36.2445, 0.41899 ], [ 36.24466, 0.41916 ], [ 36.24466, 0.41924 ], [ 36.24459, 0.41934 ], [ 36.24449, 0.41942 ], [ 36.24439, 0.41947 ], [ 36.24432, 0.41952 ], [ 36.24423, 0.41956 ], [ 36.24414, 0.41965 ], [ 36.24403, 0.41972 ], [ 36.24395, 0.41988 ], [ 36.24395, 0.41995 ], [ 36.24407, 0.42016 ], [ 36.24418, 0.42019 ], [ 36.24429, 0.4203 ], [ 36.24431, 0.42042 ], [ 36.24432, 0.42052 ], [ 36.24432, 0.42066 ], [ 36.24427, 0.42073 ], [ 36.2442, 0.42083 ], [ 36.24393, 0.42087 ], [ 36.24375, 0.42087 ], [ 36.24357, 0.42088 ], [ 36.24339, 0.42095 ], [ 36.24332, 0.42105 ], [ 36.24332, 0.42119 ], [ 36.24335, 0.42133 ], [ 36.24339, 0.42149 ], [ 36.24348, 0.42162 ], [ 36.24359, 0.42185 ], [ 36.24368, 0.42202 ], [ 36.24368, 0.42221 ], [ 36.24357, 0.42241 ], [ 36.24339, 0.4226 ], [ 36.24316, 0.42274 ], [ 36.24298, 0.42274 ], [ 36.24273, 0.42277 ], [ 36.24252, 0.42277 ], [ 36.24237, 0.4228 ], [ 36.24214, 0.42287 ], [ 36.24198, 0.42295 ], [ 36.24182, 0.42311 ], [ 36.24174, 0.42323 ], [ 36.24169, 0.42334 ], [ 36.24169, 0.42348 ], [ 36.24175, 0.42374 ], [ 36.2418, 0.42393 ], [ 36.2418, 0.42406 ], [ 36.24182, 0.42424 ], [ 36.24171, 0.42448 ], [ 36.2416, 0.42457 ], [ 36.24152, 0.42463 ], [ 36.24135, 0.42466 ], [ 36.24121, 0.42468 ], [ 36.24106, 0.42472 ], [ 36.24091, 0.42488 ], [ 36.24087, 0.42507 ], [ 36.24087, 0.42514 ], [ 36.24089, 0.42518 ], [ 36.24089, 0.42522 ], [ 36.24098, 0.42529 ], [ 36.24105, 0.42543 ], [ 36.2411, 0.42564 ], [ 36.2411, 0.42577 ], [ 36.2411, 0.42595 ], [ 36.2411, 0.4261 ], [ 36.24103, 0.42633 ], [ 36.2408, 0.4266 ], [ 36.23913, 0.43187 ], [ 36.23796, 0.43559 ], [ 36.23792, 0.43572 ], [ 36.23875, 0.43756 ], [ 36.23954, 0.43931 ], [ 36.24295, 0.44686 ], [ 36.24355, 0.44819 ], [ 36.24427, 0.4498 ], [ 36.24737, 0.45666 ], [ 36.24752, 0.45705 ], [ 36.24791, 0.45798 ], [ 36.2483, 0.45874 ], [ 36.24836, 0.45886 ], [ 36.24861, 0.45943 ], [ 36.24964, 0.46172 ], [ 36.25011, 0.46274 ], [ 36.25068, 0.46401 ], [ 36.25081, 0.4643 ], [ 36.25092, 0.46454 ], [ 36.25129, 0.46581 ], [ 36.25158, 0.4665 ], [ 36.25211, 0.46778 ], [ 36.25319, 0.46975 ], [ 36.25411, 0.47182 ], [ 36.25433, 0.4721 ], [ 36.25549, 0.47467 ], [ 36.2567, 0.47735 ], [ 36.25766, 0.47949 ], [ 36.25913, 0.4825 ], [ 36.26163, 0.48796 ], [ 36.26391, 0.4928 ], [ 36.26529, 0.49583 ], [ 36.2658, 0.49697 ], [ 36.26587, 0.49712 ], [ 36.27306, 0.51287 ], [ 36.27802, 0.52367 ], [ 36.27912, 0.52605 ], [ 36.28196, 0.53223 ], [ 36.28273, 0.53426 ], [ 36.28356, 0.53615 ], [ 36.28391, 0.53694 ], [ 36.28957, 0.54981 ], [ 36.28992, 0.5506 ], [ 36.29052, 0.55197 ], [ 36.29147, 0.55417 ], [ 36.2916, 0.55449 ], [ 36.29202, 0.55555 ], [ 36.29296, 0.55795 ], [ 36.29501, 0.5635 ], [ 36.29488, 0.56396 ], [ 36.29458, 0.56503 ], [ 36.29337, 0.56935 ], [ 36.29275, 0.57156 ], [ 36.29201, 0.57434 ], [ 36.29025, 0.58096 ], [ 36.28998, 0.58196 ], [ 36.28968, 0.58313 ], [ 36.28834, 0.5888 ], [ 36.28744, 0.59277 ], [ 36.28636, 0.59723 ], [ 36.28605, 0.59853 ], [ 36.28409, 0.60714 ], [ 36.28285, 0.61213 ], [ 36.2818, 0.61636 ], [ 36.28065, 0.62112 ], [ 36.28065, 0.62113 ], [ 36.28064, 0.62118 ], [ 36.28041, 0.62213 ], [ 36.27858, 0.63031 ], [ 36.27969, 0.63172 ], [ 36.28028, 0.63241 ], [ 36.28154, 0.63396 ], [ 36.28345, 0.63627 ], [ 36.28391, 0.6368 ], [ 36.28479, 0.63781 ], [ 36.28554, 0.63874 ], [ 36.286, 0.63938 ], [ 36.28704, 0.64064 ], [ 36.28848, 0.6419 ], [ 36.28916, 0.64276 ], [ 36.2897, 0.64335 ], [ 36.29013, 0.64373 ], [ 36.29036, 0.644 ], [ 36.29045, 0.64402 ], [ 36.29234, 0.64453 ], [ 36.30702, 0.64848 ], [ 36.31145, 0.64966 ], [ 36.31849, 0.65155 ], [ 36.3487, 0.65967 ], [ 36.3496, 0.66059 ], [ 36.35107, 0.66207 ], [ 36.35544, 0.66632 ], [ 36.36213, 0.67294 ], [ 36.36323, 0.67412 ], [ 36.36497, 0.67582 ], [ 36.36593, 0.67682 ], [ 36.36649, 0.67726 ], [ 36.36748, 0.67829 ], [ 36.37052, 0.68144 ], [ 36.37218, 0.68306 ], [ 36.37367, 0.68445 ], [ 36.3748, 0.68559 ], [ 36.37822, 0.689 ], [ 36.37875, 0.68958 ], [ 36.38095, 0.69173 ], [ 36.38165, 0.69242 ], [ 36.38458, 0.6953 ], [ 36.38841, 0.69924 ], [ 36.39076, 0.70148 ], [ 36.39112, 0.70188 ], [ 36.39263, 0.70332 ], [ 36.3978, 0.70844 ], [ 36.40144, 0.7119 ], [ 36.40427, 0.71473 ], [ 36.40531, 0.71575 ], [ 36.40585, 0.71633 ] ] ] } }
]
}
