{
"type": "FeatureCollection",
"crs": { "type": "name", "properties": { "name": "urn:ogc:def:crs:OGC:1.3:CRS84" } },
"features": [
{ "type": "Feature", "properties": { "entity_id": 184, "p_entity": 23, "name": "Athi River Sub County" }, "geometry": { "type": "Polygon", "coordinates": [ [ [ 37.08434, -1.2833 ], [ 37.08434, -1.28329 ], [ 37.08436, -1.2832 ], [ 37.08477, -1.28334 ], [ 37.0851, -1.28346 ], [ 37.08509, -1.28347 ], [ 37.08598, -1.28355 ], [ 37.08802, -1.2837 ], [ 37.08903, -1.28385 ], [ 37.08968, -1.28394 ], [ 37.09041, -1.28399 ], [ 37.09127, -1.284 ], [ 37.0925, -1.28413 ], [ 37.0934, -1.28414 ], [ 37.09361, -1.28412 ], [ 37.09397, -1.28409 ], [ 37.09466, -1.28433 ], [ 37.09576, -1.28448 ], [ 37.09676, -1.28459 ], [ 37.09761, -1.28468 ], [ 37.09826, -1.28473 ], [ 37.09842, -1.28474 ], [ 37.09952, -1.28484 ], [ 37.09986, -1.28487 ], [ 37.10067, -1.28495 ], [ 37.1016, -1.28504 ], [ 37.10178, -1.28506 ], [ 37.10274, -1.28518 ], [ 37.10286, -1.28519 ], [ 37.10465, -1.28536 ], [ 37.10535, -1.28539 ], [ 37.10663, -1.28549 ], [ 37.10874, -1.28569 ], [ 37.11054, -1.28589 ], [ 37.11104, -1.28593 ], [ 37.11167, -1.286 ], [ 37.11167, -1.286 ], [ 37.11171, -1.28605 ], [ 37.11171, -1.28601 ], [ 37.112, -1.28605 ], [ 37.11346, -1.28616 ], [ 37.11383, -1.2862 ], [ 37.11383, -1.2862 ], [ 37.11512, -1.28632 ], [ 37.1162, -1.28644 ], [ 37.11621, -1.28645 ], [ 37.11674, -1.2865 ], [ 37.11857, -1.28672 ], [ 37.1203, -1.28681 ], [ 37.12163, -1.28695 ], [ 37.1228, -1.28703 ], [ 37.12395, -1.28715 ], [ 37.12605, -1.28736 ], [ 37.12693, -1.28746 ], [ 37.12858, -1.28764 ], [ 37.1294, -1.28769 ], [ 37.13143, -1.28791 ], [ 37.13383, -1.28815 ], [ 37.13605, -1.2883 ], [ 37.13662, -1.28837 ], [ 37.13695, -1.28841 ], [ 37.13846, -1.28856 ], [ 37.14028, -1.28872 ], [ 37.14125, -1.28882 ], [ 37.14127, -1.28882 ], [ 37.14135, -1.28912 ], [ 37.14137, -1.28938 ], [ 37.14138, -1.28947 ], [ 37.14158, -1.28973 ], [ 37.14208, -1.29057 ], [ 37.14235, -1.29106 ], [ 37.14272, -1.29189 ], [ 37.14295, -1.2923 ], [ 37.14308, -1.29258 ], [ 37.14336, -1.29309 ], [ 37.14362, -1.29364 ], [ 37.14392, -1.29426 ], [ 37.14417, -1.29472 ], [ 37.1446, -1.29559 ], [ 37.14489, -1.29621 ], [ 37.1451, -1.29664 ], [ 37.14537, -1.29713 ], [ 37.14564, -1.29762 ], [ 37.14571, -1.29775 ], [ 37.14604, -1.29842 ], [ 37.14608, -1.29866 ], [ 37.14653, -1.29955 ], [ 37.1469, -1.30022 ], [ 37.14727, -1.30099 ], [ 37.14787, -1.30217 ], [ 37.14855, -1.30343 ], [ 37.14906, -1.30455 ], [ 37.14923, -1.30499 ], [ 37.14936, -1.30523 ], [ 37.15016, -1.30675 ], [ 37.15037, -1.30713 ], [ 37.15056, -1.30748 ], [ 37.15084, -1.30792 ], [ 37.15115, -1.3083 ], [ 37.15157, -1.30867 ], [ 37.15204, -1.30891 ], [ 37.15255, -1.30919 ], [ 37.15276, -1.30935 ], [ 37.15294, -1.30944 ], [ 37.15332, -1.30958 ], [ 37.15372, -1.30972 ], [ 37.15394, -1.3098 ], [ 37.15419, -1.30992 ], [ 37.1544, -1.31008 ], [ 37.15464, -1.31028 ], [ 37.15487, -1.31052 ], [ 37.15508, -1.31065 ], [ 37.1553, -1.3107 ], [ 37.15542, -1.31069 ], [ 37.15561, -1.31075 ], [ 37.15579, -1.31095 ], [ 37.15589, -1.31121 ], [ 37.15594, -1.31156 ], [ 37.15603, -1.31212 ], [ 37.15604, -1.31247 ], [ 37.15617, -1.31275 ], [ 37.15632, -1.31305 ], [ 37.15667, -1.31355 ], [ 37.15717, -1.31416 ], [ 37.15742, -1.31458 ], [ 37.15771, -1.31495 ], [ 37.15797, -1.31534 ], [ 37.15813, -1.31577 ], [ 37.15831, -1.31613 ], [ 37.15849, -1.31648 ], [ 37.15884, -1.31747 ], [ 37.15899, -1.31806 ], [ 37.15919, -1.31862 ], [ 37.15957, -1.31989 ], [ 37.15975, -1.32037 ], [ 37.16, -1.3208 ], [ 37.1602, -1.32122 ], [ 37.16069, -1.3218 ], [ 37.16139, -1.32255 ], [ 37.16189, -1.32296 ], [ 37.16212, -1.32317 ], [ 37.16238, -1.32345 ], [ 37.16264, -1.32373 ], [ 37.16284, -1.32396 ], [ 37.16287, -1.32417 ], [ 37.16293, -1.32441 ], [ 37.16332, -1.32516 ], [ 37.1635, -1.32549 ], [ 37.1637, -1.32588 ], [ 37.16383, -1.32605 ], [ 37.16399, -1.32628 ], [ 37.16405, -1.32642 ], [ 37.16416, -1.32661 ], [ 37.16421, -1.32683 ], [ 37.16429, -1.3271 ], [ 37.16456, -1.32747 ], [ 37.16521, -1.32819 ], [ 37.16547, -1.32839 ], [ 37.16573, -1.32867 ], [ 37.1659, -1.32893 ], [ 37.16599, -1.3291 ], [ 37.16614, -1.32945 ], [ 37.16633, -1.32988 ], [ 37.16644, -1.33012 ], [ 37.1666, -1.33031 ], [ 37.16688, -1.33048 ], [ 37.16706, -1.33053 ], [ 37.16729, -1.33049 ], [ 37.1675, -1.33073 ], [ 37.16766, -1.33089 ], [ 37.16784, -1.33109 ], [ 37.168, -1.33124 ], [ 37.16815, -1.33141 ], [ 37.16832, -1.33165 ], [ 37.16845, -1.33205 ], [ 37.16873, -1.33262 ], [ 37.16886, -1.33286 ], [ 37.16897, -1.33309 ], [ 37.16921, -1.33346 ], [ 37.1693, -1.33372 ], [ 37.16936, -1.33395 ], [ 37.16936, -1.33416 ], [ 37.16933, -1.33456 ], [ 37.1691, -1.33494 ], [ 37.16905, -1.33508 ], [ 37.16894, -1.33534 ], [ 37.1688, -1.33568 ], [ 37.16875, -1.33604 ], [ 37.16873, -1.33635 ], [ 37.16872, -1.33674 ], [ 37.16874, -1.33733 ], [ 37.16876, -1.3376 ], [ 37.16886, -1.33781 ], [ 37.16893, -1.33809 ], [ 37.16906, -1.33825 ], [ 37.16922, -1.33845 ], [ 37.16939, -1.33862 ], [ 37.16953, -1.33878 ], [ 37.16986, -1.33923 ], [ 37.17012, -1.33962 ], [ 37.17031, -1.33986 ], [ 37.17071, -1.34031 ], [ 37.17089, -1.34051 ], [ 37.17115, -1.34078 ], [ 37.17132, -1.341 ], [ 37.17153, -1.34129 ], [ 37.17171, -1.34152 ], [ 37.17194, -1.34176 ], [ 37.17207, -1.34194 ], [ 37.17233, -1.34246 ], [ 37.17247, -1.34307 ], [ 37.17254, -1.34363 ], [ 37.1726, -1.34391 ], [ 37.17263, -1.34441 ], [ 37.17256, -1.34505 ], [ 37.17264, -1.34545 ], [ 37.17266, -1.34566 ], [ 37.17272, -1.34603 ], [ 37.17284, -1.34633 ], [ 37.17297, -1.34657 ], [ 37.1732, -1.34686 ], [ 37.17345, -1.34709 ], [ 37.17383, -1.34734 ], [ 37.17408, -1.34747 ], [ 37.17435, -1.34751 ], [ 37.17459, -1.34751 ], [ 37.17485, -1.34749 ], [ 37.17519, -1.34749 ], [ 37.17553, -1.3475 ], [ 37.17602, -1.34753 ], [ 37.17645, -1.3475 ], [ 37.17697, -1.34746 ], [ 37.17741, -1.34744 ], [ 37.17785, -1.34743 ], [ 37.17829, -1.34742 ], [ 37.17895, -1.34745 ], [ 37.18017, -1.34751 ], [ 37.18132, -1.34752 ], [ 37.18195, -1.34752 ], [ 37.18274, -1.34759 ], [ 37.18445, -1.34762 ], [ 37.18588, -1.34767 ], [ 37.18633, -1.34768 ], [ 37.18676, -1.34767 ], [ 37.18722, -1.34774 ], [ 37.18775, -1.34775 ], [ 37.18796, -1.34776 ], [ 37.18806, -1.34776 ], [ 37.18831, -1.34776 ], [ 37.18911, -1.34779 ], [ 37.18968, -1.34779 ], [ 37.19026, -1.34781 ], [ 37.191, -1.34781 ], [ 37.1922, -1.34784 ], [ 37.19343, -1.34792 ], [ 37.19423, -1.34795 ], [ 37.19703, -1.34795 ], [ 37.19775, -1.34804 ], [ 37.19796, -1.34804 ], [ 37.19863, -1.34807 ], [ 37.1998, -1.3481 ], [ 37.20143, -1.34822 ], [ 37.20196, -1.34821 ], [ 37.20325, -1.34833 ], [ 37.20527, -1.34837 ], [ 37.20574, -1.34841 ], [ 37.20647, -1.34844 ], [ 37.20793, -1.34851 ], [ 37.2095, -1.34856 ], [ 37.2142, -1.34868 ], [ 37.21605, -1.34873 ], [ 37.21691, -1.34873 ], [ 37.22, -1.34873 ], [ 37.21996, -1.3492 ], [ 37.22, -1.34991 ], [ 37.21981, -1.35104 ], [ 37.21982, -1.35137 ], [ 37.21982, -1.35152 ], [ 37.21987, -1.35194 ], [ 37.21987, -1.35201 ], [ 37.21995, -1.35247 ], [ 37.21998, -1.35264 ], [ 37.21995, -1.35306 ], [ 37.22005, -1.35366 ], [ 37.22005, -1.35444 ], [ 37.22005, -1.35487 ], [ 37.22009, -1.35566 ], [ 37.22009, -1.3562 ], [ 37.22008, -1.35695 ], [ 37.22008, -1.35765 ], [ 37.22012, -1.35848 ], [ 37.22013, -1.35937 ], [ 37.22015, -1.36036 ], [ 37.22019, -1.36094 ], [ 37.22019, -1.36162 ], [ 37.22023, -1.36215 ], [ 37.22023, -1.36262 ], [ 37.22021, -1.36301 ], [ 37.22026, -1.3636 ], [ 37.22028, -1.36502 ], [ 37.22031, -1.36544 ], [ 37.22035, -1.36599 ], [ 37.22036, -1.36655 ], [ 37.22036, -1.36701 ], [ 37.22035, -1.36741 ], [ 37.22035, -1.36787 ], [ 37.22018, -1.36797 ], [ 37.21992, -1.36797 ], [ 37.2195, -1.36799 ], [ 37.21898, -1.36801 ], [ 37.21829, -1.36806 ], [ 37.21738, -1.36832 ], [ 37.21697, -1.3684 ], [ 37.21673, -1.36847 ], [ 37.21638, -1.36864 ], [ 37.21598, -1.36872 ], [ 37.21556, -1.36862 ], [ 37.21542, -1.36858 ], [ 37.21472, -1.36858 ], [ 37.21432, -1.3686 ], [ 37.21398, -1.36869 ], [ 37.21366, -1.36878 ], [ 37.21313, -1.36897 ], [ 37.21275, -1.36918 ], [ 37.21213, -1.36942 ], [ 37.21173, -1.36963 ], [ 37.21133, -1.36981 ], [ 37.21086, -1.36994 ], [ 37.21043, -1.37007 ], [ 37.20967, -1.37043 ], [ 37.20939, -1.37069 ], [ 37.20908, -1.37107 ], [ 37.20874, -1.37156 ], [ 37.20858, -1.37179 ], [ 37.20842, -1.37214 ], [ 37.20798, -1.37255 ], [ 37.20774, -1.3728 ], [ 37.20757, -1.37311 ], [ 37.20733, -1.37351 ], [ 37.20713, -1.3738 ], [ 37.20692, -1.37417 ], [ 37.20652, -1.37456 ], [ 37.20609, -1.37487 ], [ 37.2055, -1.37515 ], [ 37.20523, -1.37535 ], [ 37.20477, -1.37575 ], [ 37.20417, -1.37619 ], [ 37.20383, -1.3765 ], [ 37.20323, -1.3771 ], [ 37.2029, -1.37754 ], [ 37.20264, -1.3779 ], [ 37.20228, -1.37838 ], [ 37.2019, -1.37892 ], [ 37.20153, -1.3794 ], [ 37.2012, -1.37981 ], [ 37.20076, -1.38024 ], [ 37.20059, -1.3804 ], [ 37.20025, -1.3807 ], [ 37.19998, -1.38115 ], [ 37.19954, -1.38178 ], [ 37.19946, -1.38201 ], [ 37.19942, -1.38216 ], [ 37.19939, -1.38223 ], [ 37.19927, -1.38246 ], [ 37.19926, -1.38256 ], [ 37.19913, -1.38291 ], [ 37.19907, -1.38328 ], [ 37.19899, -1.38364 ], [ 37.19897, -1.38398 ], [ 37.19896, -1.38451 ], [ 37.19894, -1.38497 ], [ 37.19895, -1.38589 ], [ 37.19882, -1.38667 ], [ 37.19874, -1.38696 ], [ 37.19862, -1.3874 ], [ 37.19844, -1.38777 ], [ 37.1982, -1.38822 ], [ 37.19799, -1.3886 ], [ 37.19777, -1.3889 ], [ 37.19757, -1.38923 ], [ 37.19737, -1.38966 ], [ 37.19681, -1.39082 ], [ 37.19668, -1.39111 ], [ 37.19638, -1.39168 ], [ 37.19633, -1.39188 ], [ 37.19606, -1.39244 ], [ 37.19584, -1.39292 ], [ 37.19573, -1.39326 ], [ 37.19562, -1.3937 ], [ 37.19534, -1.39415 ], [ 37.19517, -1.39435 ], [ 37.19463, -1.39502 ], [ 37.19443, -1.39531 ], [ 37.1942, -1.39564 ], [ 37.19388, -1.39601 ], [ 37.19366, -1.3963 ], [ 37.1934, -1.39655 ], [ 37.1931, -1.39672 ], [ 37.19261, -1.39696 ], [ 37.19218, -1.39722 ], [ 37.19152, -1.3977 ], [ 37.1912, -1.39812 ], [ 37.19096, -1.39839 ], [ 37.19076, -1.39866 ], [ 37.1906, -1.39885 ], [ 37.19025, -1.3993 ], [ 37.18991, -1.39975 ], [ 37.18974, -1.40002 ], [ 37.18939, -1.40038 ], [ 37.18916, -1.4006 ], [ 37.18873, -1.40098 ], [ 37.18833, -1.40137 ], [ 37.18805, -1.40168 ], [ 37.18805, -1.40179 ], [ 37.18811, -1.40202 ], [ 37.18825, -1.40235 ], [ 37.18848, -1.40262 ], [ 37.18865, -1.4028 ], [ 37.18897, -1.40322 ], [ 37.18912, -1.40352 ], [ 37.18931, -1.40394 ], [ 37.18952, -1.40429 ], [ 37.18966, -1.40451 ], [ 37.18979, -1.4048 ], [ 37.18996, -1.40526 ], [ 37.19005, -1.40545 ], [ 37.19015, -1.40562 ], [ 37.19025, -1.40575 ], [ 37.19045, -1.40602 ], [ 37.19059, -1.40627 ], [ 37.1907, -1.40645 ], [ 37.19087, -1.40672 ], [ 37.19086, -1.40672 ], [ 37.19113, -1.40722 ], [ 37.1917, -1.40762 ], [ 37.19189, -1.40782 ], [ 37.19215, -1.40805 ], [ 37.19237, -1.40823 ], [ 37.1928, -1.4086 ], [ 37.19321, -1.40891 ], [ 37.19367, -1.40908 ], [ 37.19394, -1.40922 ], [ 37.19427, -1.40935 ], [ 37.19465, -1.40955 ], [ 37.19509, -1.4097 ], [ 37.1954, -1.4098 ], [ 37.19558, -1.40988 ], [ 37.19581, -1.41009 ], [ 37.19602, -1.41042 ], [ 37.19621, -1.41069 ], [ 37.19642, -1.41114 ], [ 37.19661, -1.41148 ], [ 37.19679, -1.41184 ], [ 37.19698, -1.41236 ], [ 37.19705, -1.41247 ], [ 37.19712, -1.41266 ], [ 37.19718, -1.41294 ], [ 37.19724, -1.41317 ], [ 37.19726, -1.41341 ], [ 37.19734, -1.41362 ], [ 37.19753, -1.41386 ], [ 37.19772, -1.41422 ], [ 37.1979, -1.41469 ], [ 37.19806, -1.41509 ], [ 37.19832, -1.41549 ], [ 37.19847, -1.41568 ], [ 37.1987, -1.41589 ], [ 37.19883, -1.41602 ], [ 37.19901, -1.41611 ], [ 37.19932, -1.41634 ], [ 37.19948, -1.41645 ], [ 37.19965, -1.41661 ], [ 37.19982, -1.41683 ], [ 37.19982, -1.41683 ], [ 37.19998, -1.41705 ], [ 37.20013, -1.41731 ], [ 37.20034, -1.41771 ], [ 37.20072, -1.41815 ], [ 37.20092, -1.41842 ], [ 37.20107, -1.41865 ], [ 37.20127, -1.41898 ], [ 37.20147, -1.41922 ], [ 37.20165, -1.41955 ], [ 37.20174, -1.41976 ], [ 37.20176, -1.41998 ], [ 37.20176, -1.42026 ], [ 37.20179, -1.42047 ], [ 37.20186, -1.42096 ], [ 37.20203, -1.42126 ], [ 37.20213, -1.42139 ], [ 37.20241, -1.42176 ], [ 37.20238, -1.42199 ], [ 37.20228, -1.42217 ], [ 37.20213, -1.42231 ], [ 37.20196, -1.42246 ], [ 37.20185, -1.42259 ], [ 37.20142, -1.42267 ], [ 37.20095, -1.42288 ], [ 37.20021, -1.42312 ], [ 37.19954, -1.42319 ], [ 37.19909, -1.42326 ], [ 37.19861, -1.42322 ], [ 37.19834, -1.4229 ], [ 37.19816, -1.42256 ], [ 37.19791, -1.42213 ], [ 37.19773, -1.42166 ], [ 37.19742, -1.42114 ], [ 37.19718, -1.42055 ], [ 37.19706, -1.42018 ], [ 37.19684, -1.41962 ], [ 37.1966, -1.41939 ], [ 37.19628, -1.41939 ], [ 37.19584, -1.41959 ], [ 37.19552, -1.41994 ], [ 37.19527, -1.42038 ], [ 37.19492, -1.42082 ], [ 37.19453, -1.42131 ], [ 37.19427, -1.4219 ], [ 37.19401, -1.42247 ], [ 37.19361, -1.42296 ], [ 37.19285, -1.42378 ], [ 37.19216, -1.42431 ], [ 37.19189, -1.42468 ], [ 37.19155, -1.42505 ], [ 37.1912, -1.42534 ], [ 37.19065, -1.42595 ], [ 37.19035, -1.42633 ], [ 37.19021, -1.42659 ], [ 37.19015, -1.4272 ], [ 37.19064, -1.42753 ], [ 37.19129, -1.42813 ], [ 37.19241, -1.42919 ], [ 37.19308, -1.43 ], [ 37.19366, -1.43055 ], [ 37.19439, -1.43108 ], [ 37.19503, -1.43174 ], [ 37.19582, -1.43243 ], [ 37.19626, -1.43291 ], [ 37.19648, -1.43342 ], [ 37.19665, -1.43381 ], [ 37.19658, -1.43422 ], [ 37.1959, -1.43487 ], [ 37.19495, -1.4354 ], [ 37.19421, -1.43592 ], [ 37.19347, -1.43642 ], [ 37.19296, -1.437 ], [ 37.19212, -1.43773 ], [ 37.1917, -1.43877 ], [ 37.1917, -1.43981 ], [ 37.19189, -1.44049 ], [ 37.19247, -1.44138 ], [ 37.19268, -1.44163 ], [ 37.19349, -1.4426 ], [ 37.19424, -1.4435 ], [ 37.19475, -1.44415 ], [ 37.1952, -1.44463 ], [ 37.19551, -1.445 ], [ 37.19559, -1.44519 ], [ 37.19588, -1.44575 ], [ 37.19622, -1.44652 ], [ 37.19668, -1.44732 ], [ 37.19706, -1.44793 ], [ 37.19703, -1.44805 ], [ 37.19707, -1.44806 ], [ 37.19714, -1.44808 ], [ 37.1973, -1.44928 ], [ 37.19717, -1.45043 ], [ 37.19693, -1.45124 ], [ 37.19655, -1.45224 ], [ 37.1959, -1.45349 ], [ 37.19544, -1.45428 ], [ 37.19519, -1.45505 ], [ 37.194, -1.45558 ], [ 37.19329, -1.45558 ], [ 37.19194, -1.45623 ], [ 37.19102, -1.45645 ], [ 37.19053, -1.45669 ], [ 37.18996, -1.45693 ], [ 37.18936, -1.45683 ], [ 37.18896, -1.4568 ], [ 37.18888, -1.45726 ], [ 37.1895, -1.4581 ], [ 37.18999, -1.4588 ], [ 37.19023, -1.46005 ], [ 37.19015, -1.46087 ], [ 37.18963, -1.46146 ], [ 37.1892, -1.46157 ], [ 37.18836, -1.46149 ], [ 37.18793, -1.46114 ], [ 37.18766, -1.46043 ], [ 37.18747, -1.45986 ], [ 37.18717, -1.45932 ], [ 37.18652, -1.4588 ], [ 37.18535, -1.4587 ], [ 37.18421, -1.45908 ], [ 37.18337, -1.45943 ], [ 37.18229, -1.46011 ], [ 37.18147, -1.4607 ], [ 37.18099, -1.46138 ], [ 37.18066, -1.46219 ], [ 37.18031, -1.4632 ], [ 37.18031, -1.46385 ], [ 37.18031, -1.46455 ], [ 37.18034, -1.46528 ], [ 37.18052, -1.46591 ], [ 37.1808, -1.46648 ], [ 37.18137, -1.4671 ], [ 37.18248, -1.46713 ], [ 37.1831, -1.46705 ], [ 37.18383, -1.46672 ], [ 37.18435, -1.46645 ], [ 37.18505, -1.46615 ], [ 37.18554, -1.46599 ], [ 37.186, -1.46607 ], [ 37.18624, -1.46654 ], [ 37.18616, -1.46786 ], [ 37.18584, -1.46854 ], [ 37.18578, -1.46951 ], [ 37.18562, -1.47049 ], [ 37.18557, -1.47136 ], [ 37.18568, -1.47184 ], [ 37.18608, -1.47249 ], [ 37.1866, -1.4732 ], [ 37.18733, -1.47377 ], [ 37.18766, -1.47409 ], [ 37.18774, -1.47472 ], [ 37.18776, -1.4751 ], [ 37.18775, -1.4751 ], [ 37.18775, -1.4751 ], [ 37.18769, -1.47539 ], [ 37.18765, -1.47626 ], [ 37.18794, -1.47679 ], [ 37.18855, -1.47695 ], [ 37.1891, -1.47687 ], [ 37.18948, -1.47679 ], [ 37.18995, -1.47677 ], [ 37.19028, -1.47675 ], [ 37.19024, -1.47712 ], [ 37.19015, -1.47755 ], [ 37.18989, -1.47809 ], [ 37.18958, -1.47874 ], [ 37.18928, -1.4793 ], [ 37.1889, -1.47981 ], [ 37.18882, -1.48001 ], [ 37.18841, -1.48046 ], [ 37.18796, -1.48079 ], [ 37.18754, -1.481 ], [ 37.18706, -1.4813 ], [ 37.18675, -1.48148 ], [ 37.18636, -1.48165 ], [ 37.18566, -1.48193 ], [ 37.18512, -1.48214 ], [ 37.18487, -1.48226 ], [ 37.1845, -1.48241 ], [ 37.18409, -1.48262 ], [ 37.18382, -1.48274 ], [ 37.18324, -1.48299 ], [ 37.18301, -1.48302 ], [ 37.18278, -1.48305 ], [ 37.18245, -1.48307 ], [ 37.18208, -1.48307 ], [ 37.18176, -1.48304 ], [ 37.18114, -1.483 ], [ 37.18078, -1.48296 ], [ 37.18043, -1.48293 ], [ 37.18, -1.48291 ], [ 37.1797, -1.48291 ], [ 37.17948, -1.48302 ], [ 37.17931, -1.48324 ], [ 37.17908, -1.48375 ], [ 37.17898, -1.48395 ], [ 37.17876, -1.48426 ], [ 37.1786, -1.48448 ], [ 37.17829, -1.48473 ], [ 37.17798, -1.48499 ], [ 37.17766, -1.48529 ], [ 37.17738, -1.48557 ], [ 37.17685, -1.48574 ], [ 37.1765, -1.48562 ], [ 37.1761, -1.48538 ], [ 37.17568, -1.48509 ], [ 37.17512, -1.48484 ], [ 37.17458, -1.4848 ], [ 37.17424, -1.4848 ], [ 37.17376, -1.48473 ], [ 37.17329, -1.48469 ], [ 37.17275, -1.48465 ], [ 37.17234, -1.48463 ], [ 37.17163, -1.48471 ], [ 37.1712, -1.48473 ], [ 37.17084, -1.48488 ], [ 37.17051, -1.4851 ], [ 37.17025, -1.48532 ], [ 37.16987, -1.48559 ], [ 37.1696, -1.48589 ], [ 37.16957, -1.48612 ], [ 37.16957, -1.48644 ], [ 37.16956, -1.48684 ], [ 37.16956, -1.48725 ], [ 37.16942, -1.48836 ], [ 37.16937, -1.48874 ], [ 37.16929, -1.48911 ], [ 37.16915, -1.48951 ], [ 37.16903, -1.49006 ], [ 37.16886, -1.49061 ], [ 37.16866, -1.49101 ], [ 37.16841, -1.49129 ], [ 37.16811, -1.49162 ], [ 37.16754, -1.49215 ], [ 37.16673, -1.49285 ], [ 37.16639, -1.49311 ], [ 37.16606, -1.49344 ], [ 37.16575, -1.49368 ], [ 37.16554, -1.49385 ], [ 37.16508, -1.49427 ], [ 37.16453, -1.49486 ], [ 37.16399, -1.49528 ], [ 37.16373, -1.49559 ], [ 37.16333, -1.49604 ], [ 37.16303, -1.49636 ], [ 37.16273, -1.49669 ], [ 37.1625, -1.49699 ], [ 37.16228, -1.49737 ], [ 37.16195, -1.4979 ], [ 37.16174, -1.49811 ], [ 37.16148, -1.49843 ], [ 37.16125, -1.49875 ], [ 37.161, -1.49904 ], [ 37.16094, -1.49928 ], [ 37.16106, -1.49955 ], [ 37.16139, -1.49982 ], [ 37.16177, -1.50012 ], [ 37.16202, -1.50031 ], [ 37.16258, -1.5006 ], [ 37.16297, -1.50092 ], [ 37.16327, -1.5011 ], [ 37.1635, -1.50129 ], [ 37.16365, -1.50152 ], [ 37.16365, -1.50184 ], [ 37.16362, -1.50211 ], [ 37.16347, -1.50236 ], [ 37.16331, -1.50255 ], [ 37.16305, -1.50283 ], [ 37.16278, -1.50311 ], [ 37.16259, -1.50337 ], [ 37.16228, -1.50369 ], [ 37.16186, -1.50393 ], [ 37.16139, -1.50422 ], [ 37.16097, -1.50489 ], [ 37.16088, -1.50544 ], [ 37.16086, -1.50597 ], [ 37.16068, -1.50653 ], [ 37.16038, -1.50687 ], [ 37.16024, -1.50715 ], [ 37.15971, -1.5072 ], [ 37.15941, -1.50714 ], [ 37.15878, -1.50706 ], [ 37.15811, -1.50677 ], [ 37.15747, -1.50668 ], [ 37.15672, -1.50659 ], [ 37.1558, -1.50653 ], [ 37.15513, -1.50653 ], [ 37.1547, -1.50661 ], [ 37.15431, -1.50641 ], [ 37.15383, -1.5063 ], [ 37.15312, -1.50616 ], [ 37.1518, -1.50577 ], [ 37.15101, -1.50566 ], [ 37.15026, -1.50563 ], [ 37.14957, -1.50563 ], [ 37.14903, -1.50565 ], [ 37.14843, -1.50584 ], [ 37.14777, -1.50615 ], [ 37.14721, -1.50658 ], [ 37.14675, -1.50708 ], [ 37.14625, -1.50761 ], [ 37.14593, -1.5079 ], [ 37.14561, -1.50818 ], [ 37.14512, -1.50854 ], [ 37.14481, -1.50885 ], [ 37.1444, -1.50922 ], [ 37.14397, -1.50965 ], [ 37.14326, -1.51028 ], [ 37.14247, -1.51095 ], [ 37.14307, -1.51675 ], [ 37.14316, -1.51774 ], [ 37.14372, -1.52437 ], [ 37.1444, -1.53144 ], [ 37.14452, -1.53368 ], [ 37.14452, -1.53371 ], [ 37.14452, -1.53379 ], [ 37.14419, -1.53571 ], [ 37.14351, -1.54108 ], [ 37.14275, -1.54744 ], [ 37.14271, -1.54774 ], [ 37.14247, -1.54979 ], [ 37.14131, -1.55821 ], [ 37.14068, -1.5639 ], [ 37.12492, -1.5726 ], [ 37.11607, -1.57747 ], [ 37.11591, -1.57756 ], [ 37.11355, -1.57886 ], [ 37.10709, -1.5824 ], [ 37.10617, -1.5829 ], [ 37.10569, -1.58317 ], [ 37.10527, -1.5834 ], [ 37.10525, -1.58341 ], [ 37.10513, -1.58347 ], [ 37.10467, -1.58372 ], [ 37.09002, -1.59182 ], [ 37.07672, -1.59918 ], [ 37.05296, -1.6124 ], [ 37.03854, -1.62041 ], [ 37.03001, -1.62523 ], [ 37.02998, -1.62526 ], [ 37.02972, -1.62544 ], [ 37.02931, -1.62489 ], [ 37.02373, -1.6171 ], [ 37.01739, -1.60868 ], [ 37.01528, -1.60588 ], [ 37.00703, -1.59487 ], [ 37.00293, -1.59836 ], [ 37.00179, -1.59933 ], [ 37.00116, -1.59987 ], [ 37.00108, -1.59977 ], [ 36.99174, -1.58759 ], [ 36.99201, -1.58714 ], [ 36.99212, -1.58695 ], [ 36.99366, -1.58583 ], [ 36.99639, -1.58384 ], [ 36.99649, -1.58379 ], [ 36.9981, -1.58298 ], [ 36.9968, -1.58124 ], [ 36.99435, -1.57777 ], [ 36.98993, -1.57169 ], [ 36.98764, -1.56868 ], [ 36.98645, -1.56687 ], [ 36.98483, -1.56434 ], [ 36.98346, -1.5617 ], [ 36.98317, -1.56114 ], [ 36.98092, -1.55723 ], [ 36.98036, -1.55654 ], [ 36.98016, -1.55629 ], [ 36.97942, -1.55536 ], [ 36.97895, -1.55478 ], [ 36.97828, -1.55447 ], [ 36.97631, -1.5539 ], [ 36.97625, -1.55415 ], [ 36.97564, -1.554 ], [ 36.97424, -1.55376 ], [ 36.97264, -1.55349 ], [ 36.97264, -1.55337 ], [ 36.97262, -1.55338 ], [ 36.97247, -1.55367 ], [ 36.9725, -1.55404 ], [ 36.97251, -1.55433 ], [ 36.97251, -1.55469 ], [ 36.97249, -1.55513 ], [ 36.97241, -1.55552 ], [ 36.97235, -1.55593 ], [ 36.97289, -1.5564 ], [ 36.97332, -1.55679 ], [ 36.97273, -1.55692 ], [ 36.97239, -1.55699 ], [ 36.97058, -1.55664 ], [ 36.96837, -1.55599 ], [ 36.96573, -1.55456 ], [ 36.96422, -1.55338 ], [ 36.96326, -1.55206 ], [ 36.96238, -1.55077 ], [ 36.96141, -1.54893 ], [ 36.96068, -1.5478 ], [ 36.96025, -1.54714 ], [ 36.96019, -1.54704 ], [ 36.95942, -1.54619 ], [ 36.95901, -1.54574 ], [ 36.9581, -1.54465 ], [ 36.95808, -1.54459 ], [ 36.95788, -1.54393 ], [ 36.95768, -1.54358 ], [ 36.95734, -1.542 ], [ 36.95737, -1.54099 ], [ 36.95735, -1.54081 ], [ 36.95729, -1.54024 ], [ 36.95732, -1.54011 ], [ 36.95741, -1.53967 ], [ 36.95743, -1.5389 ], [ 36.95788, -1.53709 ], [ 36.95824, -1.53544 ], [ 36.95886, -1.53362 ], [ 36.9593, -1.53287 ], [ 36.95947, -1.53248 ], [ 36.95955, -1.53229 ], [ 36.9597, -1.5322 ], [ 36.9598, -1.53203 ], [ 36.95997, -1.53204 ], [ 36.96015, -1.53194 ], [ 36.9607, -1.53206 ], [ 36.96121, -1.53218 ], [ 36.9633, -1.53241 ], [ 36.96457, -1.52924 ], [ 36.96482, -1.52764 ], [ 36.96512, -1.52597 ], [ 36.96513, -1.52591 ], [ 36.96528, -1.52405 ], [ 36.96543, -1.52237 ], [ 36.96544, -1.52042 ], [ 36.96541, -1.51945 ], [ 36.96538, -1.5184 ], [ 36.96501, -1.51727 ], [ 36.96498, -1.51719 ], [ 36.96481, -1.51682 ], [ 36.96464, -1.51643 ], [ 36.96451, -1.51609 ], [ 36.96446, -1.51592 ], [ 36.96438, -1.51565 ], [ 36.96434, -1.51545 ], [ 36.96432, -1.51528 ], [ 36.96431, -1.51509 ], [ 36.96431, -1.51492 ], [ 36.96432, -1.51473 ], [ 36.96432, -1.51467 ], [ 36.96436, -1.51441 ], [ 36.9644, -1.51415 ], [ 36.96447, -1.51395 ], [ 36.96447, -1.51394 ], [ 36.96452, -1.51341 ], [ 36.9655, -1.51204 ], [ 36.96692, -1.51121 ], [ 36.96825, -1.5108 ], [ 36.96833, -1.51076 ], [ 36.96848, -1.51068 ], [ 36.96849, -1.51068 ], [ 36.96862, -1.5106 ], [ 36.96864, -1.51058 ], [ 36.96952, -1.50984 ], [ 36.96956, -1.50978 ], [ 36.96963, -1.5097 ], [ 36.96965, -1.50967 ], [ 36.96975, -1.50954 ], [ 36.97035, -1.50825 ], [ 36.97099, -1.50652 ], [ 36.97193, -1.50491 ], [ 36.97281, -1.50424 ], [ 36.97353, -1.50369 ], [ 36.97489, -1.50222 ], [ 36.97546, -1.50101 ], [ 36.97554, -1.50085 ], [ 36.97557, -1.50068 ], [ 36.97558, -1.50051 ], [ 36.97559, -1.50034 ], [ 36.97559, -1.50019 ], [ 36.97559, -1.50003 ], [ 36.97558, -1.49983 ], [ 36.97556, -1.49968 ], [ 36.97551, -1.49933 ], [ 36.97546, -1.49914 ], [ 36.97544, -1.49905 ], [ 36.97527, -1.4986 ], [ 36.97519, -1.49841 ], [ 36.97508, -1.49816 ], [ 36.97497, -1.49799 ], [ 36.9747, -1.49764 ], [ 36.9744, -1.49727 ], [ 36.97405, -1.49687 ], [ 36.97364, -1.49641 ], [ 36.97325, -1.49598 ], [ 36.97291, -1.49562 ], [ 36.97269, -1.49536 ], [ 36.97243, -1.49498 ], [ 36.97238, -1.49491 ], [ 36.97225, -1.49468 ], [ 36.97213, -1.49441 ], [ 36.97205, -1.49418 ], [ 36.97196, -1.4939 ], [ 36.9719, -1.49364 ], [ 36.97186, -1.49336 ], [ 36.97184, -1.49316 ], [ 36.97184, -1.49298 ], [ 36.97184, -1.4927 ], [ 36.97184, -1.49256 ], [ 36.97186, -1.49235 ], [ 36.97191, -1.49209 ], [ 36.97197, -1.49187 ], [ 36.97203, -1.49165 ], [ 36.9721, -1.49146 ], [ 36.97223, -1.4912 ], [ 36.97227, -1.49113 ], [ 36.97228, -1.49106 ], [ 36.97252, -1.49057 ], [ 36.97266, -1.49026 ], [ 36.97286, -1.48983 ], [ 36.97305, -1.48938 ], [ 36.97319, -1.48908 ], [ 36.97328, -1.48888 ], [ 36.97349, -1.48839 ], [ 36.97371, -1.48791 ], [ 36.97393, -1.48744 ], [ 36.97414, -1.48698 ], [ 36.97434, -1.48659 ], [ 36.97455, -1.48612 ], [ 36.97465, -1.48591 ], [ 36.97535, -1.4842 ], [ 36.97541, -1.4841 ], [ 36.97562, -1.48371 ], [ 36.97577, -1.48342 ], [ 36.97616, -1.48271 ], [ 36.97653, -1.4819 ], [ 36.97694, -1.481 ], [ 36.97758, -1.47954 ], [ 36.9778, -1.47905 ], [ 36.97821, -1.47849 ], [ 36.97883, -1.47766 ], [ 36.97883, -1.47766 ], [ 36.97883, -1.47766 ], [ 36.97884, -1.4776 ], [ 36.97855, -1.47751 ], [ 36.978, -1.47735 ], [ 36.97774, -1.47726 ], [ 36.97725, -1.47701 ], [ 36.97684, -1.47681 ], [ 36.97602, -1.47651 ], [ 36.97585, -1.47643 ], [ 36.97583, -1.47642 ], [ 36.97542, -1.47621 ], [ 36.9749, -1.47594 ], [ 36.97402, -1.4755 ], [ 36.97271, -1.47485 ], [ 36.97232, -1.47466 ], [ 36.97196, -1.47448 ], [ 36.97098, -1.474 ], [ 36.97066, -1.47384 ], [ 36.96933, -1.47315 ], [ 36.96931, -1.47313 ], [ 36.96922, -1.47309 ], [ 36.96917, -1.47306 ], [ 36.96883, -1.47289 ], [ 36.96875, -1.47285 ], [ 36.96777, -1.47234 ], [ 36.96735, -1.47213 ], [ 36.96727, -1.47209 ], [ 36.96726, -1.47209 ], [ 36.96722, -1.47206 ], [ 36.96578, -1.47136 ], [ 36.96559, -1.47127 ], [ 36.96463, -1.4708 ], [ 36.96437, -1.47065 ], [ 36.96425, -1.47058 ], [ 36.96392, -1.47041 ], [ 36.96276, -1.46979 ], [ 36.96265, -1.46974 ], [ 36.96252, -1.46967 ], [ 36.96204, -1.46944 ], [ 36.96137, -1.46913 ], [ 36.96127, -1.46908 ], [ 36.96122, -1.46905 ], [ 36.96085, -1.46886 ], [ 36.96085, -1.46886 ], [ 36.96082, -1.46884 ], [ 36.9608, -1.46893 ], [ 36.96076, -1.46908 ], [ 36.96058, -1.46898 ], [ 36.96028, -1.46882 ], [ 36.96005, -1.46864 ], [ 36.95974, -1.46852 ], [ 36.95939, -1.46835 ], [ 36.95895, -1.46805 ], [ 36.95847, -1.46784 ], [ 36.95826, -1.46775 ], [ 36.95787, -1.46755 ], [ 36.9576, -1.46742 ], [ 36.9574, -1.46731 ], [ 36.95719, -1.46719 ], [ 36.95657, -1.46691 ], [ 36.95623, -1.46669 ], [ 36.95587, -1.4665 ], [ 36.95585, -1.46649 ], [ 36.95559, -1.46636 ], [ 36.95523, -1.46618 ], [ 36.95497, -1.46606 ], [ 36.95461, -1.46588 ], [ 36.95441, -1.46579 ], [ 36.95419, -1.46571 ], [ 36.95353, -1.46541 ], [ 36.95332, -1.4653 ], [ 36.95306, -1.46517 ], [ 36.95263, -1.46494 ], [ 36.95241, -1.46485 ], [ 36.95199, -1.46466 ], [ 36.95135, -1.46435 ], [ 36.95092, -1.46414 ], [ 36.95065, -1.46397 ], [ 36.95029, -1.46378 ], [ 36.95023, -1.46374 ], [ 36.94998, -1.4636 ], [ 36.94955, -1.46337 ], [ 36.94922, -1.46314 ], [ 36.94894, -1.46299 ], [ 36.94889, -1.46297 ], [ 36.94852, -1.46275 ], [ 36.94825, -1.46261 ], [ 36.94842, -1.46241 ], [ 36.9485, -1.4623 ], [ 36.94851, -1.46219 ], [ 36.94859, -1.46187 ], [ 36.94877, -1.46144 ], [ 36.94906, -1.46092 ], [ 36.94911, -1.46086 ], [ 36.94995, -1.45878 ], [ 36.95034, -1.45782 ], [ 36.95014, -1.45776 ], [ 36.94972, -1.45754 ], [ 36.94943, -1.45742 ], [ 36.94933, -1.45738 ], [ 36.94866, -1.45722 ], [ 36.94693, -1.45665 ], [ 36.94598, -1.45621 ], [ 36.94489, -1.45587 ], [ 36.9441, -1.45579 ], [ 36.94285, -1.45594 ], [ 36.9409, -1.45628 ], [ 36.94025, -1.45634 ], [ 36.93898, -1.45646 ], [ 36.93741, -1.45646 ], [ 36.93612, -1.45634 ], [ 36.93565, -1.45636 ], [ 36.93565, -1.45636 ], [ 36.9354, -1.45654 ], [ 36.93514, -1.45654 ], [ 36.93481, -1.45652 ], [ 36.93457, -1.45658 ], [ 36.93431, -1.45669 ], [ 36.9342, -1.45674 ], [ 36.93398, -1.45691 ], [ 36.93378, -1.45714 ], [ 36.93367, -1.45731 ], [ 36.93349, -1.4576 ], [ 36.93304, -1.45795 ], [ 36.93288, -1.45813 ], [ 36.93275, -1.45828 ], [ 36.93258, -1.45838 ], [ 36.93246, -1.45846 ], [ 36.93239, -1.45853 ], [ 36.93213, -1.45888 ], [ 36.93213, -1.45888 ], [ 36.93199, -1.45898 ], [ 36.93189, -1.45906 ], [ 36.93153, -1.45931 ], [ 36.93131, -1.45937 ], [ 36.93109, -1.45936 ], [ 36.93073, -1.45916 ], [ 36.93039, -1.45899 ], [ 36.93003, -1.45882 ], [ 36.92925, -1.45863 ], [ 36.92899, -1.45857 ], [ 36.9288, -1.45835 ], [ 36.92852, -1.45786 ], [ 36.92839, -1.45777 ], [ 36.92813, -1.45775 ], [ 36.92776, -1.45784 ], [ 36.9277, -1.45787 ], [ 36.92729, -1.45806 ], [ 36.92682, -1.45842 ], [ 36.92643, -1.4587 ], [ 36.92611, -1.45884 ], [ 36.92578, -1.45897 ], [ 36.9254, -1.45914 ], [ 36.92493, -1.45931 ], [ 36.92462, -1.45943 ], [ 36.92447, -1.45943 ], [ 36.92424, -1.45933 ], [ 36.92409, -1.45914 ], [ 36.92397, -1.45893 ], [ 36.92387, -1.45897 ], [ 36.92361, -1.45894 ], [ 36.92322, -1.45905 ], [ 36.92295, -1.45936 ], [ 36.9228, -1.4597 ], [ 36.92258, -1.45998 ], [ 36.92242, -1.46026 ], [ 36.92232, -1.46053 ], [ 36.92222, -1.46071 ], [ 36.92198, -1.46087 ], [ 36.92165, -1.4612 ], [ 36.92157, -1.46135 ], [ 36.92127, -1.46167 ], [ 36.92125, -1.46179 ], [ 36.92125, -1.46191 ], [ 36.92125, -1.46191 ], [ 36.92125, -1.46198 ], [ 36.92127, -1.46212 ], [ 36.92128, -1.46213 ], [ 36.92131, -1.4622 ], [ 36.92133, -1.46232 ], [ 36.92134, -1.46237 ], [ 36.92146, -1.46255 ], [ 36.92146, -1.46293 ], [ 36.92143, -1.46306 ], [ 36.92142, -1.46323 ], [ 36.9214, -1.46358 ], [ 36.92139, -1.4636 ], [ 36.92128, -1.46387 ], [ 36.92115, -1.46411 ], [ 36.9211, -1.46412 ], [ 36.92109, -1.46413 ], [ 36.92087, -1.46427 ], [ 36.92064, -1.4643 ], [ 36.92048, -1.46428 ], [ 36.92018, -1.46428 ], [ 36.91969, -1.46424 ], [ 36.91907, -1.46428 ], [ 36.91904, -1.46431 ], [ 36.91897, -1.46436 ], [ 36.91891, -1.4644 ], [ 36.91864, -1.46465 ], [ 36.91837, -1.4649 ], [ 36.91819, -1.46502 ], [ 36.91771, -1.46515 ], [ 36.9172, -1.46523 ], [ 36.91677, -1.46541 ], [ 36.91653, -1.46562 ], [ 36.91636, -1.46582 ], [ 36.91621, -1.46598 ], [ 36.91594, -1.46629 ], [ 36.91574, -1.46645 ], [ 36.91548, -1.46661 ], [ 36.91521, -1.46673 ], [ 36.91493, -1.46681 ], [ 36.91483, -1.46687 ], [ 36.91441, -1.46707 ], [ 36.91418, -1.46718 ], [ 36.9139, -1.46723 ], [ 36.91377, -1.46729 ], [ 36.91353, -1.46732 ], [ 36.91316, -1.46738 ], [ 36.91277, -1.46752 ], [ 36.91235, -1.46759 ], [ 36.91205, -1.4677 ], [ 36.91166, -1.4678 ], [ 36.91113, -1.46803 ], [ 36.91103, -1.46806 ], [ 36.91099, -1.46808 ], [ 36.91049, -1.46837 ], [ 36.91005, -1.46885 ], [ 36.90995, -1.46901 ], [ 36.90985, -1.46918 ], [ 36.90959, -1.46948 ], [ 36.9092, -1.47013 ], [ 36.90898, -1.4704 ], [ 36.90892, -1.47065 ], [ 36.90885, -1.47092 ], [ 36.90869, -1.47104 ], [ 36.90851, -1.47105 ], [ 36.90826, -1.47106 ], [ 36.90804, -1.47105 ], [ 36.90763, -1.47089 ], [ 36.90739, -1.47085 ], [ 36.90735, -1.47089 ], [ 36.90717, -1.47109 ], [ 36.90695, -1.47159 ], [ 36.90688, -1.47196 ], [ 36.90675, -1.47222 ], [ 36.90657, -1.47242 ], [ 36.90633, -1.47261 ], [ 36.90606, -1.4728 ], [ 36.90581, -1.473 ], [ 36.9055, -1.47315 ], [ 36.90516, -1.47333 ], [ 36.90487, -1.47353 ], [ 36.9043, -1.4738 ], [ 36.90429, -1.47381 ], [ 36.90427, -1.47382 ], [ 36.90415, -1.47395 ], [ 36.90402, -1.47436 ], [ 36.90397, -1.47458 ], [ 36.90383, -1.47472 ], [ 36.90364, -1.47481 ], [ 36.90345, -1.47489 ], [ 36.90338, -1.47489 ], [ 36.9032, -1.47491 ], [ 36.90298, -1.47489 ], [ 36.90273, -1.47482 ], [ 36.9026, -1.47465 ], [ 36.90242, -1.47447 ], [ 36.9024, -1.47445 ], [ 36.90233, -1.47443 ], [ 36.90188, -1.47432 ], [ 36.90152, -1.47438 ], [ 36.90122, -1.47463 ], [ 36.90093, -1.47494 ], [ 36.90067, -1.47527 ], [ 36.90068, -1.47552 ], [ 36.90067, -1.47576 ], [ 36.90063, -1.47605 ], [ 36.90048, -1.47624 ], [ 36.90031, -1.4764 ], [ 36.90013, -1.47643 ], [ 36.89989, -1.4764 ], [ 36.89965, -1.47638 ], [ 36.89965, -1.47638 ], [ 36.89965, -1.47638 ], [ 36.89964, -1.47639 ], [ 36.89939, -1.47647 ], [ 36.89913, -1.47665 ], [ 36.89894, -1.47689 ], [ 36.89866, -1.4772 ], [ 36.89842, -1.47749 ], [ 36.89814, -1.47795 ], [ 36.89794, -1.47827 ], [ 36.89776, -1.4785 ], [ 36.89758, -1.47872 ], [ 36.8974, -1.47891 ], [ 36.89719, -1.47915 ], [ 36.89692, -1.47941 ], [ 36.8966, -1.47967 ], [ 36.89655, -1.47969 ], [ 36.89643, -1.4798 ], [ 36.89634, -1.47985 ], [ 36.89611, -1.47998 ], [ 36.89608, -1.48 ], [ 36.89596, -1.48007 ], [ 36.89594, -1.48008 ], [ 36.89593, -1.48008 ], [ 36.89593, -1.48009 ], [ 36.89568, -1.48022 ], [ 36.89528, -1.4804 ], [ 36.89485, -1.48067 ], [ 36.8945, -1.48079 ], [ 36.89411, -1.48094 ], [ 36.89358, -1.48132 ], [ 36.89315, -1.48154 ], [ 36.89298, -1.48172 ], [ 36.89272, -1.48197 ], [ 36.89259, -1.48217 ], [ 36.89221, -1.48284 ], [ 36.8921, -1.48299 ], [ 36.89182, -1.4834 ], [ 36.89174, -1.48353 ], [ 36.89147, -1.4837 ], [ 36.89133, -1.48376 ], [ 36.89133, -1.48376 ], [ 36.8912, -1.4839 ], [ 36.89093, -1.48402 ], [ 36.89068, -1.48414 ], [ 36.8905, -1.48427 ], [ 36.89044, -1.48434 ], [ 36.89031, -1.48449 ], [ 36.89014, -1.4847 ], [ 36.89003, -1.48493 ], [ 36.88995, -1.48503 ], [ 36.88986, -1.48558 ], [ 36.88985, -1.48561 ], [ 36.88976, -1.48608 ], [ 36.88968, -1.48616 ], [ 36.88954, -1.48623 ], [ 36.88939, -1.48634 ], [ 36.88917, -1.4864 ], [ 36.88881, -1.48646 ], [ 36.8885, -1.48648 ], [ 36.88847, -1.48648 ], [ 36.8879, -1.48659 ], [ 36.88748, -1.48668 ], [ 36.8871, -1.48669 ], [ 36.88674, -1.48669 ], [ 36.88645, -1.48669 ], [ 36.88631, -1.4867 ], [ 36.88599, -1.4867 ], [ 36.88572, -1.4867 ], [ 36.88545, -1.48672 ], [ 36.88537, -1.48676 ], [ 36.8852, -1.48688 ], [ 36.88487, -1.48709 ], [ 36.88481, -1.48704 ], [ 36.88473, -1.48708 ], [ 36.88462, -1.48691 ], [ 36.88458, -1.48685 ], [ 36.8844, -1.48669 ], [ 36.88386, -1.48596 ], [ 36.88337, -1.48524 ], [ 36.88325, -1.48507 ], [ 36.88282, -1.48445 ], [ 36.88204, -1.4832 ], [ 36.88137, -1.48224 ], [ 36.88067, -1.48106 ], [ 36.87965, -1.47975 ], [ 36.87913, -1.47882 ], [ 36.87867, -1.47781 ], [ 36.87854, -1.47692 ], [ 36.87875, -1.47596 ], [ 36.87914, -1.47475 ], [ 36.87958, -1.47357 ], [ 36.87984, -1.47158 ], [ 36.87995, -1.47059 ], [ 36.88039, -1.46903 ], [ 36.88109, -1.46548 ], [ 36.88161, -1.46273 ], [ 36.88178, -1.46199 ], [ 36.88207, -1.46013 ], [ 36.88282, -1.45667 ], [ 36.88347, -1.45315 ], [ 36.88412, -1.44972 ], [ 36.88413, -1.44969 ], [ 36.88421, -1.44926 ], [ 36.88448, -1.4478 ], [ 36.885, -1.44511 ], [ 36.88501, -1.4446 ], [ 36.88527, -1.44371 ], [ 36.88533, -1.44352 ], [ 36.88551, -1.44269 ], [ 36.88561, -1.44224 ], [ 36.88566, -1.44164 ], [ 36.88569, -1.44135 ], [ 36.88589, -1.44026 ], [ 36.88602, -1.43978 ], [ 36.8861, -1.43952 ], [ 36.88613, -1.4394 ], [ 36.88615, -1.4391 ], [ 36.88624, -1.43814 ], [ 36.88645, -1.43679 ], [ 36.8868, -1.43572 ], [ 36.88695, -1.43525 ], [ 36.8873, -1.43387 ], [ 36.88765, -1.43235 ], [ 36.88775, -1.43142 ], [ 36.88804, -1.42966 ], [ 36.88815, -1.42893 ], [ 36.88836, -1.42762 ], [ 36.88895, -1.42515 ], [ 36.88897, -1.42438 ], [ 36.88899, -1.42389 ], [ 36.88912, -1.42294 ], [ 36.88942, -1.42153 ], [ 36.88966, -1.4208 ], [ 36.88971, -1.42066 ], [ 36.88997, -1.4195 ], [ 36.89008, -1.41903 ], [ 36.89018, -1.41811 ], [ 36.89023, -1.41764 ], [ 36.89034, -1.41725 ], [ 36.89083, -1.41554 ], [ 36.89087, -1.41498 ], [ 36.89088, -1.41484 ], [ 36.89092, -1.41428 ], [ 36.891, -1.41421 ], [ 36.89116, -1.41407 ], [ 36.8921, -1.41454 ], [ 36.89376, -1.41539 ], [ 36.89676, -1.41689 ], [ 36.89973, -1.41812 ], [ 36.90276, -1.41944 ], [ 36.90524, -1.42053 ], [ 36.90827, -1.42192 ], [ 36.91107, -1.42322 ], [ 36.91428, -1.42454 ], [ 36.91775, -1.42606 ], [ 36.92081, -1.42738 ], [ 36.92476, -1.42918 ], [ 36.92745, -1.43033 ], [ 36.9294, -1.43124 ], [ 36.93116, -1.43207 ], [ 36.93228, -1.43248 ], [ 36.93619, -1.4325 ], [ 36.93736, -1.43257 ], [ 36.93796, -1.43253 ], [ 36.93876, -1.43248 ], [ 36.93877, -1.43247 ], [ 36.93879, -1.43247 ], [ 36.939, -1.43246 ], [ 36.93943, -1.43243 ], [ 36.9406, -1.43233 ], [ 36.94135, -1.43245 ], [ 36.94174, -1.43257 ], [ 36.94207, -1.43266 ], [ 36.94237, -1.43277 ], [ 36.94242, -1.43279 ], [ 36.94246, -1.43281 ], [ 36.94251, -1.43283 ], [ 36.94282, -1.43293 ], [ 36.94329, -1.43298 ], [ 36.94341, -1.43301 ], [ 36.94378, -1.43312 ], [ 36.94395, -1.43322 ], [ 36.94411, -1.43323 ], [ 36.94438, -1.43345 ], [ 36.94444, -1.43353 ], [ 36.94445, -1.43353 ], [ 36.94445, -1.43353 ], [ 36.94468, -1.43382 ], [ 36.94479, -1.43392 ], [ 36.94503, -1.43398 ], [ 36.94555, -1.43394 ], [ 36.94616, -1.43439 ], [ 36.94638, -1.43451 ], [ 36.94685, -1.43476 ], [ 36.94742, -1.43512 ], [ 36.94848, -1.43587 ], [ 36.94916, -1.4365 ], [ 36.94974, -1.4372 ], [ 36.95054, -1.43773 ], [ 36.95104, -1.43802 ], [ 36.95113, -1.43804 ], [ 36.95167, -1.43813 ], [ 36.95188, -1.43813 ], [ 36.9525, -1.43811 ], [ 36.95336, -1.43782 ], [ 36.95426, -1.43734 ], [ 36.95513, -1.43718 ], [ 36.95526, -1.43719 ], [ 36.95566, -1.43715 ], [ 36.95601, -1.43718 ], [ 36.95641, -1.43739 ], [ 36.95643, -1.4374 ], [ 36.95645, -1.4374 ], [ 36.95659, -1.43748 ], [ 36.95699, -1.4377 ], [ 36.95751, -1.43821 ], [ 36.9577, -1.43863 ], [ 36.95778, -1.43903 ], [ 36.95778, -1.43958 ], [ 36.95792, -1.44014 ], [ 36.95805, -1.44066 ], [ 36.95812, -1.44137 ], [ 36.95816, -1.44181 ], [ 36.9583, -1.44227 ], [ 36.95842, -1.44265 ], [ 36.95847, -1.44274 ], [ 36.95851, -1.44281 ], [ 36.95882, -1.44323 ], [ 36.95924, -1.4436 ], [ 36.95957, -1.44388 ], [ 36.95998, -1.44412 ], [ 36.96044, -1.4444 ], [ 36.96121, -1.44465 ], [ 36.96101, -1.44486 ], [ 36.96152, -1.44553 ], [ 36.96158, -1.44561 ], [ 36.96197, -1.44467 ], [ 36.96296, -1.43985 ], [ 36.96309, -1.43921 ], [ 36.96178, -1.43902 ], [ 36.96136, -1.43882 ], [ 36.96077, -1.43837 ], [ 36.95998, -1.43741 ], [ 36.95983, -1.43723 ], [ 36.95924, -1.43625 ], [ 36.95909, -1.4359 ], [ 36.95862, -1.43476 ], [ 36.95782, -1.43298 ], [ 36.95682, -1.43098 ], [ 36.9567, -1.43075 ], [ 36.95609, -1.42963 ], [ 36.95584, -1.42924 ], [ 36.95532, -1.42848 ], [ 36.95449, -1.42783 ], [ 36.9535, -1.42723 ], [ 36.95237, -1.42667 ], [ 36.95099, -1.42601 ], [ 36.94992, -1.42521 ], [ 36.94912, -1.42459 ], [ 36.94862, -1.42406 ], [ 36.94842, -1.42385 ], [ 36.94784, -1.42288 ], [ 36.94753, -1.42147 ], [ 36.94737, -1.4202 ], [ 36.94721, -1.41853 ], [ 36.94693, -1.41748 ], [ 36.94682, -1.41598 ], [ 36.94674, -1.41445 ], [ 36.94643, -1.41292 ], [ 36.94643, -1.41289 ], [ 36.94611, -1.41012 ], [ 36.94557, -1.40866 ], [ 36.94492, -1.40805 ], [ 36.9442, -1.4074 ], [ 36.94366, -1.40684 ], [ 36.94335, -1.40638 ], [ 36.94333, -1.40597 ], [ 36.94332, -1.40513 ], [ 36.94311, -1.40454 ], [ 36.94268, -1.40399 ], [ 36.94196, -1.4035 ], [ 36.94132, -1.4032 ], [ 36.94094, -1.40311 ], [ 36.94005, -1.40279 ], [ 36.93946, -1.40243 ], [ 36.93896, -1.40189 ], [ 36.93832, -1.40138 ], [ 36.93768, -1.40019 ], [ 36.93732, -1.3997 ], [ 36.937, -1.39948 ], [ 36.93645, -1.39918 ], [ 36.93613, -1.39908 ], [ 36.93564, -1.39902 ], [ 36.93516, -1.39904 ], [ 36.93449, -1.39915 ], [ 36.93334, -1.39927 ], [ 36.93246, -1.39915 ], [ 36.9319, -1.39885 ], [ 36.93153, -1.3984 ], [ 36.93112, -1.39794 ], [ 36.93067, -1.39717 ], [ 36.93037, -1.39671 ], [ 36.93015, -1.39637 ], [ 36.9296, -1.39567 ], [ 36.92917, -1.3951 ], [ 36.92887, -1.39482 ], [ 36.92796, -1.39441 ], [ 36.92783, -1.39443 ], [ 36.92726, -1.39449 ], [ 36.92677, -1.39468 ], [ 36.92614, -1.39507 ], [ 36.9254, -1.39533 ], [ 36.9249, -1.39543 ], [ 36.92427, -1.3953 ], [ 36.92359, -1.39491 ], [ 36.92333, -1.39402 ], [ 36.92273, -1.39202 ], [ 36.9225, -1.39118 ], [ 36.92169, -1.38815 ], [ 36.92129, -1.38664 ], [ 36.92113, -1.38603 ], [ 36.91883, -1.38194 ], [ 36.9178, -1.3801 ], [ 36.91477, -1.3747 ], [ 36.9141, -1.37351 ], [ 36.91445, -1.37351 ], [ 36.91352, -1.37213 ], [ 36.91155, -1.36918 ], [ 36.91149, -1.36915 ], [ 36.91135, -1.369 ], [ 36.91098, -1.3686 ], [ 36.91009, -1.36755 ], [ 36.90909, -1.36642 ], [ 36.90903, -1.36634 ], [ 36.90902, -1.3663 ], [ 36.90904, -1.36624 ], [ 36.91085, -1.36444 ], [ 36.91085, -1.36444 ], [ 36.91087, -1.36446 ], [ 36.9109, -1.36448 ], [ 36.91093, -1.36451 ], [ 36.91093, -1.36451 ], [ 36.91128, -1.36427 ], [ 36.91129, -1.36426 ], [ 36.91141, -1.36418 ], [ 36.91142, -1.36417 ], [ 36.91149, -1.36408 ], [ 36.91185, -1.36381 ], [ 36.91233, -1.36345 ], [ 36.91282, -1.36309 ], [ 36.91295, -1.36299 ], [ 36.9131, -1.36283 ], [ 36.9137, -1.36239 ], [ 36.91389, -1.36221 ], [ 36.91399, -1.36214 ], [ 36.91427, -1.36197 ], [ 36.91435, -1.36192 ], [ 36.9148, -1.36171 ], [ 36.9148, -1.36171 ], [ 36.91516, -1.36144 ], [ 36.91587, -1.3609 ], [ 36.91598, -1.36083 ], [ 36.91599, -1.36082 ], [ 36.91599, -1.36082 ], [ 36.91603, -1.3608 ], [ 36.9163, -1.36061 ], [ 36.91638, -1.36055 ], [ 36.91638, -1.36055 ], [ 36.91638, -1.36055 ], [ 36.91661, -1.36033 ], [ 36.91675, -1.36024 ], [ 36.91699, -1.36008 ], [ 36.91727, -1.35988 ], [ 36.91739, -1.35981 ], [ 36.91818, -1.35922 ], [ 36.91891, -1.35868 ], [ 36.9194, -1.35833 ], [ 36.92047, -1.35758 ], [ 36.92057, -1.35751 ], [ 36.92132, -1.35696 ], [ 36.92208, -1.35643 ], [ 36.92243, -1.35616 ], [ 36.9228, -1.35588 ], [ 36.92309, -1.35565 ], [ 36.92318, -1.35559 ], [ 36.9232, -1.35557 ], [ 36.92037, -1.35188 ], [ 36.92037, -1.35185 ], [ 36.92032, -1.3518 ], [ 36.92032, -1.35178 ], [ 36.92033, -1.35178 ], [ 36.92077, -1.35145 ], [ 36.92717, -1.34563 ], [ 36.93467, -1.3388 ], [ 36.93609, -1.33796 ], [ 36.93661, -1.33757 ], [ 36.93724, -1.33722 ], [ 36.94218, -1.33417 ], [ 36.94206, -1.33284 ], [ 36.94186, -1.33076 ], [ 36.94249, -1.32987 ], [ 36.94344, -1.32913 ], [ 36.94566, -1.32888 ], [ 36.94594, -1.32876 ], [ 36.94602, -1.32866 ], [ 36.9461, -1.32847 ], [ 36.94617, -1.32837 ], [ 36.94625, -1.32837 ], [ 36.94639, -1.32859 ], [ 36.94656, -1.32899 ], [ 36.94671, -1.32936 ], [ 36.94681, -1.32968 ], [ 36.9469, -1.32973 ], [ 36.94705, -1.32976 ], [ 36.94713, -1.32975 ], [ 36.9472, -1.32966 ], [ 36.94724, -1.32957 ], [ 36.94723, -1.32948 ], [ 36.94727, -1.32936 ], [ 36.94729, -1.32927 ], [ 36.94726, -1.32918 ], [ 36.94731, -1.32909 ], [ 36.94741, -1.329 ], [ 36.94751, -1.32893 ], [ 36.94767, -1.32886 ], [ 36.94773, -1.32885 ], [ 36.94778, -1.32889 ], [ 36.94783, -1.32888 ], [ 36.94787, -1.32883 ], [ 36.94791, -1.32881 ], [ 36.94794, -1.32882 ], [ 36.94799, -1.3288 ], [ 36.948, -1.32877 ], [ 36.94804, -1.32877 ], [ 36.94809, -1.32879 ], [ 36.94817, -1.32874 ], [ 36.94829, -1.32867 ], [ 36.94839, -1.32855 ], [ 36.94856, -1.32849 ], [ 36.94871, -1.32843 ], [ 36.94891, -1.32828 ], [ 36.94911, -1.32806 ], [ 36.94919, -1.3279 ], [ 36.94926, -1.32769 ], [ 36.94926, -1.32755 ], [ 36.94928, -1.32739 ], [ 36.94931, -1.32731 ], [ 36.94938, -1.32726 ], [ 36.94939, -1.32717 ], [ 36.94942, -1.32708 ], [ 36.94951, -1.32702 ], [ 36.94965, -1.32702 ], [ 36.94979, -1.32709 ], [ 36.95002, -1.32708 ], [ 36.95029, -1.32702 ], [ 36.95054, -1.32691 ], [ 36.95075, -1.32672 ], [ 36.9509, -1.32656 ], [ 36.95108, -1.32652 ], [ 36.95127, -1.32653 ], [ 36.95143, -1.32654 ], [ 36.95159, -1.32663 ], [ 36.95173, -1.32686 ], [ 36.95189, -1.32701 ], [ 36.95199, -1.32705 ], [ 36.95211, -1.32704 ], [ 36.95218, -1.32699 ], [ 36.95223, -1.3269 ], [ 36.95241, -1.32672 ], [ 36.95277, -1.32637 ], [ 36.95309, -1.32618 ], [ 36.95327, -1.32613 ], [ 36.95343, -1.32616 ], [ 36.95368, -1.32616 ], [ 36.95387, -1.32608 ], [ 36.95415, -1.32596 ], [ 36.95464, -1.32545 ], [ 36.95508, -1.32472 ], [ 36.95539, -1.32437 ], [ 36.95547, -1.32435 ], [ 36.95556, -1.32428 ], [ 36.95571, -1.32424 ], [ 36.95589, -1.32425 ], [ 36.95607, -1.32439 ], [ 36.95617, -1.32449 ], [ 36.9563, -1.32446 ], [ 36.95646, -1.32441 ], [ 36.95667, -1.32422 ], [ 36.95675, -1.32406 ], [ 36.95696, -1.3237 ], [ 36.95717, -1.3235 ], [ 36.95728, -1.32336 ], [ 36.95737, -1.3232 ], [ 36.95739, -1.32303 ], [ 36.95739, -1.32293 ], [ 36.95742, -1.32279 ], [ 36.95748, -1.32255 ], [ 36.95754, -1.32232 ], [ 36.95766, -1.32205 ], [ 36.95787, -1.32173 ], [ 36.95796, -1.32157 ], [ 36.95807, -1.3214 ], [ 36.95831, -1.32119 ], [ 36.95884, -1.32082 ], [ 36.95972, -1.32043 ], [ 36.96088, -1.32004 ], [ 36.96151, -1.31967 ], [ 36.96164, -1.31955 ], [ 36.96178, -1.31938 ], [ 36.96182, -1.31922 ], [ 36.96178, -1.31906 ], [ 36.96178, -1.31884 ], [ 36.96179, -1.31864 ], [ 36.9618, -1.31831 ], [ 36.9619, -1.31791 ], [ 36.96204, -1.31772 ], [ 36.96228, -1.31762 ], [ 36.96255, -1.31762 ], [ 36.9628, -1.31773 ], [ 36.96301, -1.31787 ], [ 36.9631, -1.31799 ], [ 36.96317, -1.31814 ], [ 36.96328, -1.31827 ], [ 36.96339, -1.31832 ], [ 36.96351, -1.31834 ], [ 36.96364, -1.31834 ], [ 36.96377, -1.31838 ], [ 36.96387, -1.31838 ], [ 36.96401, -1.31833 ], [ 36.96418, -1.31821 ], [ 36.9644, -1.31805 ], [ 36.96448, -1.31794 ], [ 36.9646, -1.31777 ], [ 36.96471, -1.31767 ], [ 36.96498, -1.31755 ], [ 36.9653, -1.3175 ], [ 36.96562, -1.31749 ], [ 36.96589, -1.3175 ], [ 36.96611, -1.31762 ], [ 36.9662, -1.3177 ], [ 36.96632, -1.3177 ], [ 36.96653, -1.3176 ], [ 36.9668, -1.31734 ], [ 36.96704, -1.31719 ], [ 36.96734, -1.31715 ], [ 36.96787, -1.31718 ], [ 36.96824, -1.3173 ], [ 36.96849, -1.31733 ], [ 36.96873, -1.31736 ], [ 36.96895, -1.31726 ], [ 36.96906, -1.31712 ], [ 36.96911, -1.31697 ], [ 36.96913, -1.31683 ], [ 36.96921, -1.31664 ], [ 36.9693, -1.31638 ], [ 36.96935, -1.31624 ], [ 36.96948, -1.31611 ], [ 36.96953, -1.31598 ], [ 36.96965, -1.3157 ], [ 36.96987, -1.31546 ], [ 36.96998, -1.31542 ], [ 36.97007, -1.31538 ], [ 36.97029, -1.31538 ], [ 36.9705, -1.31547 ], [ 36.97066, -1.31569 ], [ 36.97089, -1.31589 ], [ 36.97107, -1.31608 ], [ 36.97126, -1.31626 ], [ 36.9714, -1.31646 ], [ 36.97161, -1.3166 ], [ 36.97197, -1.31667 ], [ 36.97232, -1.31666 ], [ 36.97262, -1.31668 ], [ 36.97286, -1.31661 ], [ 36.97301, -1.31647 ], [ 36.97308, -1.31629 ], [ 36.97313, -1.31612 ], [ 36.97325, -1.31583 ], [ 36.97332, -1.31566 ], [ 36.97337, -1.31546 ], [ 36.97343, -1.31532 ], [ 36.97356, -1.3152 ], [ 36.97382, -1.31504 ], [ 36.97398, -1.31502 ], [ 36.97413, -1.31507 ], [ 36.97425, -1.31523 ], [ 36.97433, -1.31549 ], [ 36.97441, -1.31581 ], [ 36.97463, -1.31606 ], [ 36.97491, -1.31624 ], [ 36.97526, -1.31636 ], [ 36.97553, -1.31636 ], [ 36.97583, -1.31636 ], [ 36.97614, -1.31636 ], [ 36.9764, -1.31638 ], [ 36.97665, -1.31647 ], [ 36.97696, -1.3166 ], [ 36.97721, -1.31675 ], [ 36.97742, -1.31699 ], [ 36.97765, -1.31711 ], [ 36.97775, -1.31717 ], [ 36.9779, -1.31717 ], [ 36.97805, -1.31708 ], [ 36.97853, -1.31663 ], [ 36.97909, -1.31612 ], [ 36.97946, -1.31586 ], [ 36.97974, -1.31568 ], [ 36.98003, -1.31554 ], [ 36.98031, -1.3154 ], [ 36.98053, -1.31526 ], [ 36.98081, -1.31519 ], [ 36.98097, -1.31522 ], [ 36.98116, -1.31526 ], [ 36.98141, -1.31531 ], [ 36.98159, -1.31545 ], [ 36.98172, -1.31554 ], [ 36.98197, -1.31554 ], [ 36.98215, -1.31542 ], [ 36.98233, -1.31533 ], [ 36.98259, -1.31533 ], [ 36.98285, -1.31532 ], [ 36.98308, -1.31521 ], [ 36.98341, -1.31491 ], [ 36.98368, -1.31466 ], [ 36.984, -1.31459 ], [ 36.98404, -1.31458 ], [ 36.98417, -1.31458 ], [ 36.98361, -1.31296 ], [ 36.98353, -1.31269 ], [ 36.98244, -1.30982 ], [ 36.98241, -1.30975 ], [ 36.98198, -1.30863 ], [ 36.98143, -1.30723 ], [ 36.98049, -1.30474 ], [ 36.97895, -1.30079 ], [ 36.97887, -1.30057 ], [ 36.97887, -1.30047 ], [ 36.97884, -1.30033 ], [ 36.97865, -1.29985 ], [ 36.97845, -1.29936 ], [ 36.97826, -1.29889 ], [ 36.9781, -1.29841 ], [ 36.9779, -1.29792 ], [ 36.97769, -1.29742 ], [ 36.97758, -1.29726 ], [ 36.97742, -1.29701 ], [ 36.97631, -1.29416 ], [ 36.97619, -1.29385 ], [ 36.97517, -1.29126 ], [ 36.97477, -1.28991 ], [ 36.97467, -1.28967 ], [ 36.97467, -1.28967 ], [ 36.97478, -1.28956 ], [ 36.97478, -1.28956 ], [ 36.97478, -1.28956 ], [ 36.97478, -1.28956 ], [ 36.97488, -1.28952 ], [ 36.97512, -1.28941 ], [ 36.97527, -1.28934 ], [ 36.97565, -1.28918 ], [ 36.97565, -1.28918 ], [ 36.97579, -1.28912 ], [ 36.97639, -1.28891 ], [ 36.97654, -1.28884 ], [ 36.97688, -1.28871 ], [ 36.97735, -1.28853 ], [ 36.97737, -1.28852 ], [ 36.97747, -1.28848 ], [ 36.97788, -1.28831 ], [ 36.97818, -1.28821 ], [ 36.97827, -1.28817 ], [ 36.97886, -1.28798 ], [ 36.97915, -1.28787 ], [ 36.97943, -1.28776 ], [ 36.97947, -1.28774 ], [ 36.97972, -1.28764 ], [ 36.97985, -1.28759 ], [ 36.97985, -1.28759 ], [ 36.98019, -1.28745 ], [ 36.98081, -1.28718 ], [ 36.98086, -1.28717 ], [ 36.98139, -1.28697 ], [ 36.98152, -1.28692 ], [ 36.98169, -1.28687 ], [ 36.98181, -1.28682 ], [ 36.9822, -1.28668 ], [ 36.98287, -1.28642 ], [ 36.98355, -1.28615 ], [ 36.98369, -1.2861 ], [ 36.98407, -1.28596 ], [ 36.98408, -1.28596 ], [ 36.98411, -1.28595 ], [ 36.98412, -1.28594 ], [ 36.98415, -1.28593 ], [ 36.9846, -1.28575 ], [ 36.98467, -1.28573 ], [ 36.98471, -1.28572 ], [ 36.98476, -1.28569 ], [ 36.98589, -1.28525 ], [ 36.98623, -1.28512 ], [ 36.98624, -1.28512 ], [ 36.9867, -1.28495 ], [ 36.98705, -1.28481 ], [ 36.98732, -1.2847 ], [ 36.98777, -1.28452 ], [ 36.98782, -1.2845 ], [ 36.98799, -1.28443 ], [ 36.98888, -1.28409 ], [ 36.98944, -1.28388 ], [ 36.99018, -1.28359 ], [ 36.9906, -1.28345 ], [ 36.99071, -1.28341 ], [ 36.99082, -1.28337 ], [ 36.99083, -1.28337 ], [ 36.99089, -1.28334 ], [ 36.99098, -1.28331 ], [ 36.991, -1.2833 ], [ 36.99127, -1.28318 ], [ 36.99139, -1.28313 ], [ 36.99147, -1.2831 ], [ 36.99165, -1.28303 ], [ 36.99167, -1.28302 ], [ 36.99181, -1.28296 ], [ 36.99213, -1.28284 ], [ 36.9922, -1.28281 ], [ 36.9922, -1.28281 ], [ 36.99239, -1.28274 ], [ 36.99266, -1.28264 ], [ 36.993, -1.28251 ], [ 36.99328, -1.28237 ], [ 36.99353, -1.28225 ], [ 36.99353, -1.28225 ], [ 36.99394, -1.28205 ], [ 36.9941, -1.28201 ], [ 36.99487, -1.28173 ], [ 36.99533, -1.28156 ], [ 36.99559, -1.28147 ], [ 36.99566, -1.28141 ], [ 36.99576, -1.28135 ], [ 36.99576, -1.28135 ], [ 36.99576, -1.28135 ], [ 36.99576, -1.28135 ], [ 36.99589, -1.28184 ], [ 36.99607, -1.28238 ], [ 36.99628, -1.28293 ], [ 36.99649, -1.28345 ], [ 36.99652, -1.28354 ], [ 36.99674, -1.28424 ], [ 36.99677, -1.28431 ], [ 36.997, -1.28492 ], [ 36.99721, -1.28549 ], [ 36.99733, -1.28579 ], [ 36.99751, -1.28626 ], [ 36.99767, -1.28669 ], [ 36.99798, -1.28764 ], [ 36.99844, -1.28897 ], [ 36.9999, -1.2933 ], [ 37.00016, -1.29403 ], [ 37.00039, -1.29399 ], [ 37.00069, -1.29487 ], [ 37.00109, -1.29636 ], [ 37.00152, -1.29774 ], [ 37.00255, -1.29965 ], [ 37.00293, -1.30066 ], [ 37.00534, -1.29978 ], [ 37.00642, -1.2994 ], [ 37.00806, -1.29876 ], [ 37.009, -1.29844 ], [ 37.00966, -1.29822 ], [ 37.01003, -1.29806 ], [ 37.01011, -1.29802 ], [ 37.01049, -1.29784 ], [ 37.01126, -1.29759 ], [ 37.01154, -1.29751 ], [ 37.01205, -1.29723 ], [ 37.0127, -1.297 ], [ 37.01274, -1.29698 ], [ 37.01337, -1.29674 ], [ 37.0141, -1.29643 ], [ 37.01472, -1.2962 ], [ 37.01523, -1.29597 ], [ 37.01629, -1.29562 ], [ 37.01692, -1.2954 ], [ 37.01764, -1.29517 ], [ 37.01842, -1.29489 ], [ 37.01891, -1.29467 ], [ 37.01923, -1.2945 ], [ 37.01934, -1.29447 ], [ 37.01961, -1.29438 ], [ 37.01988, -1.29429 ], [ 37.02028, -1.29416 ], [ 37.02065, -1.29403 ], [ 37.02107, -1.29385 ], [ 37.02171, -1.29362 ], [ 37.02213, -1.29345 ], [ 37.02228, -1.29339 ], [ 37.02252, -1.29332 ], [ 37.02282, -1.29323 ], [ 37.02338, -1.29302 ], [ 37.02395, -1.29282 ], [ 37.02413, -1.29275 ], [ 37.02472, -1.29252 ], [ 37.025, -1.29241 ], [ 37.02531, -1.29229 ], [ 37.02569, -1.29218 ], [ 37.02592, -1.29212 ], [ 37.02604, -1.2921 ], [ 37.02613, -1.2921 ], [ 37.02621, -1.29211 ], [ 37.02626, -1.29214 ], [ 37.02638, -1.29218 ], [ 37.02645, -1.29219 ], [ 37.02658, -1.29216 ], [ 37.02668, -1.2921 ], [ 37.02682, -1.29203 ], [ 37.02682, -1.29203 ], [ 37.02682, -1.29203 ], [ 37.02691, -1.29196 ], [ 37.02692, -1.29196 ], [ 37.027, -1.29194 ], [ 37.02718, -1.29191 ], [ 37.02741, -1.29192 ], [ 37.028, -1.29203 ], [ 37.02815, -1.29207 ], [ 37.02831, -1.29216 ], [ 37.02846, -1.29224 ], [ 37.02862, -1.29227 ], [ 37.02884, -1.29229 ], [ 37.02895, -1.29232 ], [ 37.02912, -1.29236 ], [ 37.02947, -1.29243 ], [ 37.02981, -1.2925 ], [ 37.03053, -1.29266 ], [ 37.03075, -1.29271 ], [ 37.03133, -1.29283 ], [ 37.0319, -1.29297 ], [ 37.03229, -1.29307 ], [ 37.03305, -1.29327 ], [ 37.03311, -1.29328 ], [ 37.0332, -1.2933 ], [ 37.034, -1.2935 ], [ 37.03405, -1.29351 ], [ 37.03527, -1.29378 ], [ 37.03534, -1.29379 ], [ 37.03538, -1.2938 ], [ 37.03574, -1.29389 ], [ 37.03608, -1.29396 ], [ 37.03659, -1.29408 ], [ 37.03718, -1.29422 ], [ 37.03757, -1.29431 ], [ 37.03807, -1.29444 ], [ 37.03853, -1.29454 ], [ 37.03956, -1.29477 ], [ 37.03967, -1.2948 ], [ 37.03972, -1.29481 ], [ 37.04012, -1.29489 ], [ 37.04055, -1.295 ], [ 37.04157, -1.29525 ], [ 37.04174, -1.2953 ], [ 37.04212, -1.29539 ], [ 37.04222, -1.29542 ], [ 37.04301, -1.2956 ], [ 37.0431, -1.29562 ], [ 37.04329, -1.29569 ], [ 37.04346, -1.29573 ], [ 37.04411, -1.29588 ], [ 37.04469, -1.29602 ], [ 37.04487, -1.29607 ], [ 37.04521, -1.29615 ], [ 37.0455, -1.29625 ], [ 37.0461, -1.29638 ], [ 37.04692, -1.29657 ], [ 37.04695, -1.29658 ], [ 37.04996, -1.29721 ], [ 37.05076, -1.29743 ], [ 37.05183, -1.29769 ], [ 37.05268, -1.2979 ], [ 37.05482, -1.29832 ], [ 37.05545, -1.29847 ], [ 37.0557, -1.29853 ], [ 37.0559, -1.29858 ], [ 37.05634, -1.29874 ], [ 37.05706, -1.29892 ], [ 37.05889, -1.29934 ], [ 37.05939, -1.29945 ], [ 37.05955, -1.29942 ], [ 37.05963, -1.29941 ], [ 37.06052, -1.2997 ], [ 37.06079, -1.29978 ], [ 37.06175, -1.29998 ], [ 37.06228, -1.30011 ], [ 37.06267, -1.30021 ], [ 37.06292, -1.30027 ], [ 37.06329, -1.30035 ], [ 37.06334, -1.30036 ], [ 37.06362, -1.30041 ], [ 37.06395, -1.30048 ], [ 37.06406, -1.3005 ], [ 37.06476, -1.30063 ], [ 37.06543, -1.30079 ], [ 37.06568, -1.30086 ], [ 37.06782, -1.30145 ], [ 37.06873, -1.30164 ], [ 37.07022, -1.30196 ], [ 37.07107, -1.30215 ], [ 37.07223, -1.30242 ], [ 37.07345, -1.30264 ], [ 37.07668, -1.30329 ], [ 37.07674, -1.30319 ], [ 37.07687, -1.30284 ], [ 37.07692, -1.30245 ], [ 37.07691, -1.30182 ], [ 37.07687, -1.30178 ], [ 37.07671, -1.30172 ], [ 37.07657, -1.3018 ], [ 37.07646, -1.30187 ], [ 37.07628, -1.3019 ], [ 37.07609, -1.3018 ], [ 37.07592, -1.3017 ], [ 37.0758, -1.30154 ], [ 37.07565, -1.30134 ], [ 37.07538, -1.30117 ], [ 37.07506, -1.30105 ], [ 37.07491, -1.30103 ], [ 37.07469, -1.30114 ], [ 37.07453, -1.30117 ], [ 37.07428, -1.30109 ], [ 37.07398, -1.30099 ], [ 37.07381, -1.30089 ], [ 37.0737, -1.30084 ], [ 37.07361, -1.30084 ], [ 37.07355, -1.30083 ], [ 37.07338, -1.30073 ], [ 37.07318, -1.3006 ], [ 37.07297, -1.30035 ], [ 37.07277, -1.30009 ], [ 37.07264, -1.29981 ], [ 37.07253, -1.29923 ], [ 37.07252, -1.29908 ], [ 37.07255, -1.29861 ], [ 37.07257, -1.29828 ], [ 37.07261, -1.29806 ], [ 37.0727, -1.29788 ], [ 37.07275, -1.29778 ], [ 37.0729, -1.29764 ], [ 37.07314, -1.29755 ], [ 37.07328, -1.29739 ], [ 37.07334, -1.29728 ], [ 37.0734, -1.29716 ], [ 37.07341, -1.29699 ], [ 37.07337, -1.29675 ], [ 37.07328, -1.29653 ], [ 37.07316, -1.29628 ], [ 37.07309, -1.29606 ], [ 37.07308, -1.29585 ], [ 37.07308, -1.29566 ], [ 37.07295, -1.29532 ], [ 37.0729, -1.29521 ], [ 37.07293, -1.29493 ], [ 37.07295, -1.29474 ], [ 37.07302, -1.29459 ], [ 37.07321, -1.29435 ], [ 37.07329, -1.29424 ], [ 37.07333, -1.2942 ], [ 37.07363, -1.29398 ], [ 37.07408, -1.29372 ], [ 37.07446, -1.29347 ], [ 37.07556, -1.29279 ], [ 37.07605, -1.2924 ], [ 37.07615, -1.29234 ], [ 37.07651, -1.2921 ], [ 37.07665, -1.29181 ], [ 37.07673, -1.29143 ], [ 37.07673, -1.29134 ], [ 37.07675, -1.29087 ], [ 37.07676, -1.2904 ], [ 37.07677, -1.2901 ], [ 37.07684, -1.28963 ], [ 37.07685, -1.28947 ], [ 37.07687, -1.28926 ], [ 37.07689, -1.28885 ], [ 37.07688, -1.28808 ], [ 37.0769, -1.28754 ], [ 37.07696, -1.2873 ], [ 37.07706, -1.28684 ], [ 37.07709, -1.28646 ], [ 37.07709, -1.28617 ], [ 37.07715, -1.28588 ], [ 37.07738, -1.28515 ], [ 37.07751, -1.28486 ], [ 37.07763, -1.28473 ], [ 37.07805, -1.28418 ], [ 37.07844, -1.28392 ], [ 37.0788, -1.28378 ], [ 37.07905, -1.28374 ], [ 37.07931, -1.28373 ], [ 37.07949, -1.28377 ], [ 37.07989, -1.28392 ], [ 37.08034, -1.28405 ], [ 37.08073, -1.28424 ], [ 37.08137, -1.28466 ], [ 37.0817, -1.28486 ], [ 37.08184, -1.28494 ], [ 37.08198, -1.285 ], [ 37.08229, -1.28516 ], [ 37.08253, -1.28526 ], [ 37.08269, -1.28529 ], [ 37.08293, -1.28533 ], [ 37.08299, -1.28533 ], [ 37.0832, -1.28526 ], [ 37.08332, -1.28511 ], [ 37.08337, -1.28488 ], [ 37.08363, -1.28445 ], [ 37.08398, -1.28419 ], [ 37.08399, -1.28418 ], [ 37.08426, -1.28374 ], [ 37.08434, -1.2833 ] ] ] } },
{ "type": "Feature", "properties": { "entity_id": 186, "p_entity": 23, "name": "Kangundo Sub County" }, "geometry": { "type": "MultiPolygon", "coordinates": [ [ [ [ 37.28158, -1.33867 ], [ 37.28158, -1.33867 ], [ 37.28158, -1.33866 ], [ 37.28158, -1.33867 ] ] ], [ [ [ 37.37637, -1.26375 ], [ 37.37723, -1.26452 ], [ 37.37812, -1.26524 ], [ 37.37974, -1.26639 ], [ 37.38114, -1.26696 ], [ 37.38229, -1.2675 ], [ 37.38266, -1.26764 ], [ 37.38315, -1.26782 ], [ 37.38448, -1.26868 ], [ 37.38449, -1.26869 ], [ 37.38555, -1.26876 ], [ 37.38688, -1.26904 ], [ 37.38694, -1.2691 ], [ 37.38724, -1.26937 ], [ 37.38807, -1.27016 ], [ 37.3895, -1.2712 ], [ 37.39072, -1.2722 ], [ 37.3912, -1.2726 ], [ 37.39183, -1.27313 ], [ 37.3928, -1.27421 ], [ 37.39323, -1.27519 ], [ 37.39377, -1.27568 ], [ 37.39425, -1.27723 ], [ 37.39449, -1.27883 ], [ 37.39446, -1.27949 ], [ 37.39464, -1.27976 ], [ 37.39498, -1.28057 ], [ 37.39523, -1.28129 ], [ 37.39562, -1.28189 ], [ 37.396, -1.28228 ], [ 37.39677, -1.28258 ], [ 37.39754, -1.28258 ], [ 37.39822, -1.28275 ], [ 37.39869, -1.2833 ], [ 37.39869, -1.28432 ], [ 37.39869, -1.28539 ], [ 37.39873, -1.28658 ], [ 37.39899, -1.28735 ], [ 37.39972, -1.28791 ], [ 37.40022, -1.28829 ], [ 37.40024, -1.28831 ], [ 37.40095, -1.28902 ], [ 37.40189, -1.29004 ], [ 37.40249, -1.29072 ], [ 37.40296, -1.29153 ], [ 37.40347, -1.29251 ], [ 37.40402, -1.29367 ], [ 37.40432, -1.29443 ], [ 37.40444, -1.29465 ], [ 37.40463, -1.29499 ], [ 37.40535, -1.29552 ], [ 37.40569, -1.29583 ], [ 37.40597, -1.29611 ], [ 37.40631, -1.2966 ], [ 37.40674, -1.29715 ], [ 37.40704, -1.29749 ], [ 37.40744, -1.29795 ], [ 37.40781, -1.29856 ], [ 37.40815, -1.29905 ], [ 37.40864, -1.29958 ], [ 37.40901, -1.29998 ], [ 37.40965, -1.30031 ], [ 37.41011, -1.30047 ], [ 37.41048, -1.30071 ], [ 37.41097, -1.3012 ], [ 37.41134, -1.30157 ], [ 37.41171, -1.30209 ], [ 37.41213, -1.30271 ], [ 37.41254, -1.3032 ], [ 37.41304, -1.3035 ], [ 37.41377, -1.30391 ], [ 37.41424, -1.30429 ], [ 37.41438, -1.3044 ], [ 37.41481, -1.30483 ], [ 37.4153, -1.30535 ], [ 37.41579, -1.30596 ], [ 37.41625, -1.30664 ], [ 37.41656, -1.30719 ], [ 37.41662, -1.3077 ], [ 37.41678, -1.30857 ], [ 37.41689, -1.30931 ], [ 37.41696, -1.3098 ], [ 37.41699, -1.31032 ], [ 37.41699, -1.31103 ], [ 37.41702, -1.31207 ], [ 37.41699, -1.31272 ], [ 37.41697, -1.31335 ], [ 37.41678, -1.31387 ], [ 37.41656, -1.31443 ], [ 37.41607, -1.31511 ], [ 37.41564, -1.31585 ], [ 37.41527, -1.31634 ], [ 37.41475, -1.31692 ], [ 37.41398, -1.31778 ], [ 37.41345, -1.31816 ], [ 37.41343, -1.31818 ], [ 37.41291, -1.31855 ], [ 37.41239, -1.31889 ], [ 37.41186, -1.31913 ], [ 37.41117, -1.3195 ], [ 37.41157, -1.31999 ], [ 37.41215, -1.32077 ], [ 37.41267, -1.32167 ], [ 37.41291, -1.3221 ], [ 37.41302, -1.3223 ], [ 37.41318, -1.32286 ], [ 37.41372, -1.32348 ], [ 37.41398, -1.32398 ], [ 37.41429, -1.32453 ], [ 37.41448, -1.32502 ], [ 37.41452, -1.32557 ], [ 37.415, -1.32699 ], [ 37.41522, -1.32793 ], [ 37.41555, -1.32883 ], [ 37.41591, -1.32992 ], [ 37.41623, -1.33067 ], [ 37.41663, -1.33129 ], [ 37.41706, -1.3319 ], [ 37.41753, -1.33245 ], [ 37.41783, -1.33308 ], [ 37.41816, -1.3332 ], [ 37.41851, -1.33353 ], [ 37.41889, -1.33412 ], [ 37.41906, -1.3348 ], [ 37.41909, -1.33488 ], [ 37.41981, -1.33394 ], [ 37.42024, -1.33242 ], [ 37.42072, -1.33268 ], [ 37.42138, -1.33298 ], [ 37.42242, -1.33333 ], [ 37.42312, -1.3336 ], [ 37.42381, -1.33409 ], [ 37.42382, -1.33412 ], [ 37.42404, -1.33466 ], [ 37.42428, -1.33525 ], [ 37.42451, -1.33572 ], [ 37.42481, -1.33623 ], [ 37.42516, -1.33681 ], [ 37.42561, -1.33738 ], [ 37.42592, -1.33807 ], [ 37.42582, -1.3384 ], [ 37.4259, -1.33893 ], [ 37.42614, -1.33949 ], [ 37.42635, -1.34024 ], [ 37.42667, -1.34091 ], [ 37.42663, -1.34215 ], [ 37.42587, -1.34328 ], [ 37.42503, -1.34528 ], [ 37.42412, -1.34698 ], [ 37.42329, -1.34853 ], [ 37.42311, -1.34873 ], [ 37.42299, -1.34896 ], [ 37.42292, -1.34904 ], [ 37.4228, -1.34911 ], [ 37.42271, -1.34917 ], [ 37.42256, -1.34928 ], [ 37.42239, -1.3494 ], [ 37.42219, -1.34947 ], [ 37.42203, -1.34958 ], [ 37.4218, -1.34977 ], [ 37.42144, -1.34999 ], [ 37.42129, -1.35011 ], [ 37.42107, -1.35016 ], [ 37.42097, -1.3503 ], [ 37.42095, -1.35037 ], [ 37.42092, -1.35032 ], [ 37.4207, -1.35041 ], [ 37.42061, -1.35058 ], [ 37.42036, -1.3509 ], [ 37.4203, -1.35101 ], [ 37.4202, -1.35112 ], [ 37.42001, -1.35123 ], [ 37.41975, -1.35133 ], [ 37.41929, -1.3515 ], [ 37.41911, -1.35156 ], [ 37.41893, -1.35169 ], [ 37.4188, -1.35186 ], [ 37.41874, -1.35205 ], [ 37.41874, -1.35224 ], [ 37.41867, -1.35245 ], [ 37.41854, -1.35265 ], [ 37.4184, -1.35282 ], [ 37.41828, -1.35304 ], [ 37.41814, -1.35318 ], [ 37.41803, -1.35334 ], [ 37.41801, -1.35354 ], [ 37.41795, -1.35374 ], [ 37.41782, -1.35398 ], [ 37.41782, -1.354 ], [ 37.41773, -1.35423 ], [ 37.41773, -1.35444 ], [ 37.4178, -1.35467 ], [ 37.4179, -1.35482 ], [ 37.41781, -1.35486 ], [ 37.4177, -1.35492 ], [ 37.41757, -1.35492 ], [ 37.41746, -1.35492 ], [ 37.41728, -1.35493 ], [ 37.41715, -1.35493 ], [ 37.41711, -1.35494 ], [ 37.41661, -1.35497 ], [ 37.416, -1.35533 ], [ 37.41534, -1.35579 ], [ 37.41503, -1.356 ], [ 37.41366, -1.3567 ], [ 37.41359, -1.35674 ], [ 37.41354, -1.35721 ], [ 37.41343, -1.35768 ], [ 37.41378, -1.35835 ], [ 37.41382, -1.35918 ], [ 37.41386, -1.36012 ], [ 37.41386, -1.36111 ], [ 37.41374, -1.36202 ], [ 37.41354, -1.36292 ], [ 37.4132, -1.36309 ], [ 37.41322, -1.36312 ], [ 37.41332, -1.36324 ], [ 37.4134, -1.36338 ], [ 37.4135, -1.36356 ], [ 37.4135, -1.36357 ], [ 37.41341, -1.36361 ], [ 37.41322, -1.36381 ], [ 37.4131, -1.36393 ], [ 37.41302, -1.36405 ], [ 37.41289, -1.36419 ], [ 37.4127, -1.36432 ], [ 37.41257, -1.36439 ], [ 37.41239, -1.36449 ], [ 37.41219, -1.36459 ], [ 37.41193, -1.36469 ], [ 37.41155, -1.36478 ], [ 37.41097, -1.36497 ], [ 37.41071, -1.36498 ], [ 37.41043, -1.36499 ], [ 37.41012, -1.36497 ], [ 37.4098, -1.3649 ], [ 37.40958, -1.36488 ], [ 37.40961, -1.3649 ], [ 37.40971, -1.36498 ], [ 37.40983, -1.36511 ], [ 37.41, -1.36524 ], [ 37.41008, -1.36539 ], [ 37.41014, -1.36561 ], [ 37.41016, -1.36562 ], [ 37.41052, -1.36574 ], [ 37.41074, -1.36579 ], [ 37.41087, -1.36587 ], [ 37.41111, -1.36607 ], [ 37.41124, -1.36621 ], [ 37.41134, -1.36638 ], [ 37.41138, -1.36652 ], [ 37.41137, -1.36672 ], [ 37.41141, -1.36699 ], [ 37.41142, -1.367 ], [ 37.41137, -1.36701 ], [ 37.41118, -1.36702 ], [ 37.41102, -1.36702 ], [ 37.41073, -1.36702 ], [ 37.41061, -1.36704 ], [ 37.41047, -1.36712 ], [ 37.41027, -1.36722 ], [ 37.41006, -1.36736 ], [ 37.40973, -1.36754 ], [ 37.40967, -1.36757 ], [ 37.40955, -1.36762 ], [ 37.40935, -1.36769 ], [ 37.40932, -1.36769 ], [ 37.40912, -1.36774 ], [ 37.4089, -1.36771 ], [ 37.40889, -1.36771 ], [ 37.40889, -1.36771 ], [ 37.40862, -1.3678 ], [ 37.40857, -1.36789 ], [ 37.40847, -1.36811 ], [ 37.40844, -1.36838 ], [ 37.40843, -1.36853 ], [ 37.40844, -1.36873 ], [ 37.40845, -1.36881 ], [ 37.40848, -1.3689 ], [ 37.40851, -1.36902 ], [ 37.40851, -1.36914 ], [ 37.40851, -1.36933 ], [ 37.40851, -1.36944 ], [ 37.4085, -1.36954 ], [ 37.40847, -1.36966 ], [ 37.40834, -1.3698 ], [ 37.40819, -1.36987 ], [ 37.408, -1.36996 ], [ 37.40783, -1.37003 ], [ 37.40765, -1.37014 ], [ 37.40754, -1.37028 ], [ 37.40739, -1.37046 ], [ 37.4073, -1.37059 ], [ 37.40715, -1.3707 ], [ 37.40696, -1.37081 ], [ 37.40682, -1.37093 ], [ 37.40661, -1.37111 ], [ 37.40646, -1.37126 ], [ 37.40624, -1.37145 ], [ 37.406, -1.37164 ], [ 37.40591, -1.37176 ], [ 37.40568, -1.37188 ], [ 37.40566, -1.37192 ], [ 37.40561, -1.37203 ], [ 37.40552, -1.37235 ], [ 37.40552, -1.37251 ], [ 37.40544, -1.37268 ], [ 37.40531, -1.37279 ], [ 37.40522, -1.37294 ], [ 37.40515, -1.37306 ], [ 37.40517, -1.37308 ], [ 37.40515, -1.37308 ], [ 37.40479, -1.3735 ], [ 37.40475, -1.37413 ], [ 37.40465, -1.3749 ], [ 37.40455, -1.37498 ], [ 37.40388, -1.37548 ], [ 37.40347, -1.37611 ], [ 37.40344, -1.37672 ], [ 37.40344, -1.37674 ], [ 37.40384, -1.37703 ], [ 37.40385, -1.37703 ], [ 37.40459, -1.3777 ], [ 37.40472, -1.37777 ], [ 37.40513, -1.378 ], [ 37.40543, -1.37815 ], [ 37.40544, -1.37901 ], [ 37.40524, -1.37932 ], [ 37.40488, -1.3799 ], [ 37.40333, -1.38091 ], [ 37.40232, -1.38199 ], [ 37.40159, -1.38251 ], [ 37.40113, -1.38284 ], [ 37.40038, -1.38407 ], [ 37.40035, -1.38521 ], [ 37.40034, -1.38541 ], [ 37.40052, -1.38574 ], [ 37.40079, -1.38626 ], [ 37.40172, -1.3873 ], [ 37.40243, -1.38845 ], [ 37.40261, -1.3889 ], [ 37.40302, -1.38938 ], [ 37.40343, -1.39016 ], [ 37.40358, -1.39072 ], [ 37.40336, -1.39165 ], [ 37.40303, -1.39193 ], [ 37.40258, -1.39232 ], [ 37.40198, -1.39299 ], [ 37.40142, -1.39407 ], [ 37.40155, -1.39431 ], [ 37.40176, -1.3947 ], [ 37.40235, -1.39522 ], [ 37.40306, -1.39608 ], [ 37.40347, -1.39686 ], [ 37.40397, -1.39779 ], [ 37.4026, -1.39844 ], [ 37.40084, -1.39882 ], [ 37.39973, -1.39906 ], [ 37.39966, -1.39905 ], [ 37.39917, -1.39904 ], [ 37.39873, -1.39904 ], [ 37.3984, -1.39903 ], [ 37.39805, -1.39903 ], [ 37.39763, -1.39907 ], [ 37.39727, -1.39915 ], [ 37.39693, -1.3992 ], [ 37.39677, -1.39921 ], [ 37.39652, -1.39924 ], [ 37.39606, -1.39933 ], [ 37.39595, -1.39934 ], [ 37.39541, -1.39939 ], [ 37.39515, -1.39949 ], [ 37.39501, -1.39959 ], [ 37.39482, -1.39964 ], [ 37.3946, -1.39966 ], [ 37.39454, -1.39966 ], [ 37.39432, -1.39966 ], [ 37.39422, -1.39968 ], [ 37.39416, -1.39968 ], [ 37.39389, -1.39971 ], [ 37.39371, -1.39979 ], [ 37.39348, -1.39991 ], [ 37.39319, -1.39999 ], [ 37.39293, -1.39994 ], [ 37.39262, -1.39985 ], [ 37.39232, -1.39977 ], [ 37.39205, -1.39966 ], [ 37.392, -1.39971 ], [ 37.392, -1.39971 ], [ 37.392, -1.39972 ], [ 37.39199, -1.39972 ], [ 37.39187, -1.39983 ], [ 37.39174, -1.39995 ], [ 37.39159, -1.40007 ], [ 37.39144, -1.40016 ], [ 37.39128, -1.40021 ], [ 37.39112, -1.40031 ], [ 37.391, -1.40044 ], [ 37.39086, -1.40059 ], [ 37.39077, -1.40068 ], [ 37.39068, -1.40073 ], [ 37.39062, -1.40076 ], [ 37.39042, -1.40088 ], [ 37.39009, -1.40102 ], [ 37.38989, -1.40114 ], [ 37.38965, -1.40126 ], [ 37.38938, -1.40138 ], [ 37.38916, -1.40138 ], [ 37.38915, -1.40138 ], [ 37.38911, -1.40138 ], [ 37.38894, -1.40126 ], [ 37.38877, -1.40117 ], [ 37.3886, -1.4012 ], [ 37.38847, -1.40129 ], [ 37.3883, -1.40137 ], [ 37.38824, -1.40138 ], [ 37.38821, -1.40139 ], [ 37.3882, -1.40139 ], [ 37.38807, -1.40138 ], [ 37.38789, -1.40131 ], [ 37.38772, -1.4013 ], [ 37.38767, -1.40127 ], [ 37.38742, -1.40118 ], [ 37.38726, -1.40112 ], [ 37.38717, -1.40111 ], [ 37.38711, -1.40111 ], [ 37.38704, -1.40111 ], [ 37.38704, -1.40111 ], [ 37.38691, -1.40104 ], [ 37.38676, -1.40101 ], [ 37.38669, -1.40109 ], [ 37.38663, -1.40127 ], [ 37.38663, -1.40127 ], [ 37.38664, -1.40155 ], [ 37.38653, -1.40174 ], [ 37.38645, -1.40176 ], [ 37.38635, -1.4017 ], [ 37.38618, -1.40167 ], [ 37.38616, -1.40167 ], [ 37.38603, -1.40169 ], [ 37.38597, -1.40175 ], [ 37.38596, -1.4019 ], [ 37.38594, -1.40204 ], [ 37.3859, -1.40219 ], [ 37.38579, -1.40232 ], [ 37.38566, -1.40248 ], [ 37.38557, -1.40261 ], [ 37.38553, -1.40268 ], [ 37.38538, -1.40278 ], [ 37.38518, -1.40288 ], [ 37.38503, -1.40305 ], [ 37.38491, -1.40325 ], [ 37.38486, -1.40332 ], [ 37.38482, -1.40343 ], [ 37.38479, -1.4036 ], [ 37.38476, -1.40375 ], [ 37.38474, -1.40386 ], [ 37.38466, -1.40402 ], [ 37.38463, -1.40405 ], [ 37.38457, -1.40408 ], [ 37.38456, -1.40408 ], [ 37.38445, -1.40414 ], [ 37.38443, -1.40415 ], [ 37.38442, -1.40416 ], [ 37.38438, -1.40426 ], [ 37.3844, -1.40437 ], [ 37.38441, -1.40441 ], [ 37.38446, -1.40455 ], [ 37.38448, -1.40461 ], [ 37.38452, -1.40472 ], [ 37.38447, -1.40488 ], [ 37.3844, -1.40497 ], [ 37.38428, -1.40503 ], [ 37.38411, -1.40505 ], [ 37.38398, -1.40514 ], [ 37.3839, -1.40523 ], [ 37.38382, -1.40532 ], [ 37.38377, -1.40537 ], [ 37.38376, -1.40539 ], [ 37.38367, -1.40546 ], [ 37.38355, -1.40555 ], [ 37.38349, -1.40559 ], [ 37.38344, -1.40563 ], [ 37.38337, -1.40563 ], [ 37.38331, -1.40564 ], [ 37.3832, -1.40564 ], [ 37.38314, -1.40564 ], [ 37.38298, -1.40563 ], [ 37.38296, -1.40563 ], [ 37.38293, -1.40563 ], [ 37.38289, -1.40562 ], [ 37.38274, -1.40561 ], [ 37.38259, -1.4056 ], [ 37.38245, -1.40563 ], [ 37.38238, -1.40563 ], [ 37.38218, -1.40574 ], [ 37.38074, -1.40614 ], [ 37.3797, -1.40639 ], [ 37.37874, -1.40664 ], [ 37.37738, -1.40688 ], [ 37.37986, -1.40954 ], [ 37.37984, -1.40958 ], [ 37.37962, -1.40965 ], [ 37.37929, -1.40986 ], [ 37.37885, -1.41002 ], [ 37.37843, -1.41022 ], [ 37.37817, -1.41032 ], [ 37.37787, -1.41041 ], [ 37.37751, -1.41045 ], [ 37.37724, -1.41054 ], [ 37.37703, -1.41063 ], [ 37.37683, -1.41071 ], [ 37.37662, -1.41097 ], [ 37.3766, -1.411 ], [ 37.37648, -1.41096 ], [ 37.37647, -1.41073 ], [ 37.37646, -1.4107 ], [ 37.37636, -1.41068 ], [ 37.37623, -1.41068 ], [ 37.37606, -1.41069 ], [ 37.37591, -1.4107 ], [ 37.37574, -1.41071 ], [ 37.37552, -1.41073 ], [ 37.37532, -1.4108 ], [ 37.37513, -1.41088 ], [ 37.37497, -1.41096 ], [ 37.37479, -1.41105 ], [ 37.37452, -1.41115 ], [ 37.37452, -1.41115 ], [ 37.37451, -1.41115 ], [ 37.37416, -1.41132 ], [ 37.37394, -1.41145 ], [ 37.37374, -1.41149 ], [ 37.37342, -1.41161 ], [ 37.37327, -1.4117 ], [ 37.37314, -1.4118 ], [ 37.37306, -1.41192 ], [ 37.37296, -1.41206 ], [ 37.37287, -1.41217 ], [ 37.37276, -1.41228 ], [ 37.37262, -1.41241 ], [ 37.3725, -1.41246 ], [ 37.37234, -1.41247 ], [ 37.37219, -1.41246 ], [ 37.37201, -1.41239 ], [ 37.37187, -1.41229 ], [ 37.37167, -1.41214 ], [ 37.37148, -1.41201 ], [ 37.37132, -1.41192 ], [ 37.37119, -1.41186 ], [ 37.37095, -1.41178 ], [ 37.37078, -1.41177 ], [ 37.37051, -1.41176 ], [ 37.37029, -1.41176 ], [ 37.37009, -1.41174 ], [ 37.36987, -1.41173 ], [ 37.36962, -1.41172 ], [ 37.36831, -1.41189 ], [ 37.36705, -1.4125 ], [ 37.36575, -1.4131 ], [ 37.36463, -1.41337 ], [ 37.3644, -1.41342 ], [ 37.36328, -1.41402 ], [ 37.36239, -1.41454 ], [ 37.36164, -1.41529 ], [ 37.36144, -1.41558 ], [ 37.36107, -1.41612 ], [ 37.36089, -1.4171 ], [ 37.36085, -1.41718 ], [ 37.3608, -1.41729 ], [ 37.36076, -1.41738 ], [ 37.36071, -1.41741 ], [ 37.36057, -1.41749 ], [ 37.36042, -1.41763 ], [ 37.36027, -1.4178 ], [ 37.3601, -1.41803 ], [ 37.36005, -1.41817 ], [ 37.35998, -1.4184 ], [ 37.35991, -1.41855 ], [ 37.35974, -1.41882 ], [ 37.35959, -1.41906 ], [ 37.35947, -1.4192 ], [ 37.35946, -1.41921 ], [ 37.35938, -1.41927 ], [ 37.35935, -1.4193 ], [ 37.35932, -1.41931 ], [ 37.3592, -1.41937 ], [ 37.35904, -1.41947 ], [ 37.35888, -1.41957 ], [ 37.35878, -1.41966 ], [ 37.35868, -1.41976 ], [ 37.35845, -1.41998 ], [ 37.35829, -1.42022 ], [ 37.3582, -1.42039 ], [ 37.35808, -1.42069 ], [ 37.35808, -1.42084 ], [ 37.358, -1.42109 ], [ 37.35796, -1.42133 ], [ 37.35789, -1.42161 ], [ 37.35785, -1.42174 ], [ 37.35782, -1.42203 ], [ 37.35781, -1.42209 ], [ 37.35781, -1.42211 ], [ 37.35781, -1.42211 ], [ 37.3578, -1.42226 ], [ 37.35777, -1.42254 ], [ 37.35779, -1.42292 ], [ 37.35781, -1.42306 ], [ 37.35785, -1.42321 ], [ 37.35787, -1.42341 ], [ 37.35788, -1.42353 ], [ 37.35788, -1.42356 ], [ 37.35786, -1.42374 ], [ 37.35782, -1.42391 ], [ 37.35767, -1.42402 ], [ 37.35757, -1.4242 ], [ 37.35756, -1.42421 ], [ 37.35746, -1.42437 ], [ 37.35739, -1.4245 ], [ 37.35731, -1.42464 ], [ 37.35717, -1.42486 ], [ 37.35709, -1.42506 ], [ 37.35707, -1.42526 ], [ 37.35708, -1.42546 ], [ 37.35705, -1.42573 ], [ 37.35698, -1.42594 ], [ 37.35684, -1.42608 ], [ 37.35679, -1.4263 ], [ 37.35675, -1.42661 ], [ 37.35673, -1.42691 ], [ 37.35672, -1.42712 ], [ 37.35667, -1.42734 ], [ 37.35662, -1.42746 ], [ 37.35661, -1.42748 ], [ 37.3565, -1.42763 ], [ 37.35649, -1.42764 ], [ 37.35638, -1.42779 ], [ 37.35633, -1.42782 ], [ 37.35618, -1.42791 ], [ 37.35606, -1.42806 ], [ 37.35593, -1.4279 ], [ 37.35561, -1.42773 ], [ 37.35533, -1.42764 ], [ 37.35508, -1.42758 ], [ 37.3547, -1.42751 ], [ 37.35461, -1.42751 ], [ 37.35451, -1.42751 ], [ 37.35415, -1.42753 ], [ 37.35407, -1.42753 ], [ 37.35382, -1.42751 ], [ 37.3538, -1.42751 ], [ 37.35349, -1.42744 ], [ 37.35324, -1.42742 ], [ 37.35322, -1.42742 ], [ 37.35295, -1.42736 ], [ 37.35255, -1.42725 ], [ 37.35225, -1.42721 ], [ 37.35193, -1.42718 ], [ 37.3518, -1.42717 ], [ 37.35149, -1.42713 ], [ 37.35144, -1.42713 ], [ 37.35122, -1.42704 ], [ 37.35101, -1.42696 ], [ 37.35069, -1.42685 ], [ 37.35038, -1.42681 ], [ 37.35011, -1.4268 ], [ 37.34975, -1.42674 ], [ 37.34934, -1.42665 ], [ 37.34897, -1.42657 ], [ 37.34879, -1.42653 ], [ 37.34853, -1.42642 ], [ 37.34823, -1.42628 ], [ 37.34794, -1.42612 ], [ 37.34773, -1.42597 ], [ 37.34751, -1.42585 ], [ 37.34719, -1.42559 ], [ 37.34694, -1.42533 ], [ 37.34678, -1.42515 ], [ 37.3466, -1.42494 ], [ 37.3465, -1.42478 ], [ 37.34638, -1.4246 ], [ 37.34617, -1.42443 ], [ 37.34589, -1.42424 ], [ 37.34553, -1.42384 ], [ 37.34533, -1.42342 ], [ 37.3453, -1.42319 ], [ 37.34526, -1.42299 ], [ 37.34521, -1.42273 ], [ 37.34512, -1.42245 ], [ 37.34509, -1.4222 ], [ 37.345, -1.4219 ], [ 37.34487, -1.42163 ], [ 37.34479, -1.42147 ], [ 37.3446, -1.42139 ], [ 37.34438, -1.42138 ], [ 37.34419, -1.42138 ], [ 37.34399, -1.42137 ], [ 37.34382, -1.42136 ], [ 37.34375, -1.42134 ], [ 37.3437, -1.42134 ], [ 37.34366, -1.42134 ], [ 37.34366, -1.42133 ], [ 37.34364, -1.42131 ], [ 37.34361, -1.42129 ], [ 37.3435, -1.42114 ], [ 37.34337, -1.42092 ], [ 37.34324, -1.42066 ], [ 37.34312, -1.42049 ], [ 37.34314, -1.42043 ], [ 37.34311, -1.42022 ], [ 37.34308, -1.4199 ], [ 37.34306, -1.41969 ], [ 37.34301, -1.41954 ], [ 37.34298, -1.41943 ], [ 37.34293, -1.41927 ], [ 37.34293, -1.41926 ], [ 37.3428, -1.41898 ], [ 37.34277, -1.41891 ], [ 37.3427, -1.41874 ], [ 37.34265, -1.41864 ], [ 37.34253, -1.41841 ], [ 37.34235, -1.41816 ], [ 37.34225, -1.41796 ], [ 37.34221, -1.4179 ], [ 37.34218, -1.41786 ], [ 37.34213, -1.41776 ], [ 37.34207, -1.41759 ], [ 37.34196, -1.41727 ], [ 37.34194, -1.41723 ], [ 37.34188, -1.41696 ], [ 37.34187, -1.41684 ], [ 37.34186, -1.41681 ], [ 37.34185, -1.41666 ], [ 37.34179, -1.41636 ], [ 37.34178, -1.4163 ], [ 37.34178, -1.41599 ], [ 37.34179, -1.41564 ], [ 37.34179, -1.4153 ], [ 37.34179, -1.41528 ], [ 37.34181, -1.41516 ], [ 37.34186, -1.41489 ], [ 37.3419, -1.41479 ], [ 37.34196, -1.41464 ], [ 37.34205, -1.41449 ], [ 37.34217, -1.41429 ], [ 37.3422, -1.41425 ], [ 37.34221, -1.41424 ], [ 37.34225, -1.41418 ], [ 37.34237, -1.41405 ], [ 37.34256, -1.41388 ], [ 37.34274, -1.41368 ], [ 37.34286, -1.41357 ], [ 37.34323, -1.41331 ], [ 37.34326, -1.41328 ], [ 37.34355, -1.41302 ], [ 37.34358, -1.41299 ], [ 37.34358, -1.41299 ], [ 37.34362, -1.41297 ], [ 37.34367, -1.41293 ], [ 37.34373, -1.41289 ], [ 37.34375, -1.41287 ], [ 37.34387, -1.41279 ], [ 37.34397, -1.41273 ], [ 37.34405, -1.41264 ], [ 37.3441, -1.4126 ], [ 37.34413, -1.41258 ], [ 37.34413, -1.41257 ], [ 37.34414, -1.41252 ], [ 37.34421, -1.4124 ], [ 37.34425, -1.41216 ], [ 37.34427, -1.41189 ], [ 37.34412, -1.41156 ], [ 37.34392, -1.41123 ], [ 37.34376, -1.41106 ], [ 37.34367, -1.41094 ], [ 37.34354, -1.41081 ], [ 37.34352, -1.41079 ], [ 37.34348, -1.41078 ], [ 37.3434, -1.41075 ], [ 37.34338, -1.41073 ], [ 37.34313, -1.41072 ], [ 37.34299, -1.41075 ], [ 37.3428, -1.41085 ], [ 37.34272, -1.41096 ], [ 37.34264, -1.41109 ], [ 37.34262, -1.41116 ], [ 37.3425, -1.41146 ], [ 37.34243, -1.4118 ], [ 37.34236, -1.41195 ], [ 37.34224, -1.41215 ], [ 37.34208, -1.4124 ], [ 37.34202, -1.41256 ], [ 37.34194, -1.41267 ], [ 37.34182, -1.41286 ], [ 37.34166, -1.41299 ], [ 37.34164, -1.413 ], [ 37.34137, -1.41317 ], [ 37.34127, -1.41319 ], [ 37.34114, -1.41322 ], [ 37.34112, -1.41322 ], [ 37.34087, -1.41323 ], [ 37.34085, -1.41322 ], [ 37.34076, -1.41319 ], [ 37.34075, -1.41318 ], [ 37.34066, -1.41314 ], [ 37.34064, -1.41313 ], [ 37.34058, -1.41304 ], [ 37.34055, -1.41299 ], [ 37.34054, -1.41295 ], [ 37.34049, -1.41277 ], [ 37.34049, -1.4127 ], [ 37.3405, -1.41247 ], [ 37.34055, -1.41211 ], [ 37.34059, -1.41198 ], [ 37.34069, -1.41174 ], [ 37.34083, -1.41137 ], [ 37.34084, -1.41134 ], [ 37.34088, -1.41124 ], [ 37.34095, -1.41102 ], [ 37.34099, -1.41082 ], [ 37.341, -1.41077 ], [ 37.34103, -1.41051 ], [ 37.34103, -1.41029 ], [ 37.34096, -1.41008 ], [ 37.34088, -1.40999 ], [ 37.34086, -1.40991 ], [ 37.34071, -1.40983 ], [ 37.3407, -1.40983 ], [ 37.34068, -1.40982 ], [ 37.34054, -1.40982 ], [ 37.3405, -1.40982 ], [ 37.34038, -1.4098 ], [ 37.34036, -1.4098 ], [ 37.34021, -1.40982 ], [ 37.34003, -1.40984 ], [ 37.33981, -1.40985 ], [ 37.33976, -1.40985 ], [ 37.33958, -1.40985 ], [ 37.33947, -1.40985 ], [ 37.33947, -1.40985 ], [ 37.33919, -1.40985 ], [ 37.33911, -1.40985 ], [ 37.33882, -1.40983 ], [ 37.33855, -1.40976 ], [ 37.33852, -1.40976 ], [ 37.33839, -1.4097 ], [ 37.33821, -1.40963 ], [ 37.33818, -1.40961 ], [ 37.33783, -1.40943 ], [ 37.33762, -1.40927 ], [ 37.33723, -1.40897 ], [ 37.33703, -1.40881 ], [ 37.33697, -1.40876 ], [ 37.33697, -1.40876 ], [ 37.33694, -1.40872 ], [ 37.33683, -1.40858 ], [ 37.33675, -1.40848 ], [ 37.33673, -1.40845 ], [ 37.33669, -1.40841 ], [ 37.33668, -1.40836 ], [ 37.33662, -1.40811 ], [ 37.33657, -1.40787 ], [ 37.33654, -1.40775 ], [ 37.33653, -1.40769 ], [ 37.33651, -1.40744 ], [ 37.33643, -1.40715 ], [ 37.33639, -1.40673 ], [ 37.33634, -1.40648 ], [ 37.3363, -1.4063 ], [ 37.33627, -1.40616 ], [ 37.33627, -1.40616 ], [ 37.33627, -1.40616 ], [ 37.33619, -1.40598 ], [ 37.33608, -1.40582 ], [ 37.33606, -1.40579 ], [ 37.33591, -1.40563 ], [ 37.33582, -1.40556 ], [ 37.33574, -1.4055 ], [ 37.33571, -1.40549 ], [ 37.33568, -1.40547 ], [ 37.33551, -1.4054 ], [ 37.33527, -1.4054 ], [ 37.33515, -1.40549 ], [ 37.33496, -1.40558 ], [ 37.33489, -1.40562 ], [ 37.33473, -1.4057 ], [ 37.33446, -1.40578 ], [ 37.33422, -1.40575 ], [ 37.33421, -1.40574 ], [ 37.33409, -1.40555 ], [ 37.33403, -1.40548 ], [ 37.33396, -1.40524 ], [ 37.33396, -1.4052 ], [ 37.33395, -1.40502 ], [ 37.33394, -1.40498 ], [ 37.33392, -1.40483 ], [ 37.33392, -1.40482 ], [ 37.33395, -1.40474 ], [ 37.33408, -1.40442 ], [ 37.33414, -1.40423 ], [ 37.33423, -1.40405 ], [ 37.3342, -1.40385 ], [ 37.33421, -1.40364 ], [ 37.33427, -1.40334 ], [ 37.33438, -1.40312 ], [ 37.33448, -1.40282 ], [ 37.33451, -1.40264 ], [ 37.33457, -1.40246 ], [ 37.33462, -1.40231 ], [ 37.33471, -1.40207 ], [ 37.33475, -1.40185 ], [ 37.33476, -1.40173 ], [ 37.33479, -1.40164 ], [ 37.33486, -1.40106 ], [ 37.33486, -1.40102 ], [ 37.33487, -1.40083 ], [ 37.33487, -1.40064 ], [ 37.3349, -1.40024 ], [ 37.3349, -1.4002 ], [ 37.33491, -1.40017 ], [ 37.33495, -1.40001 ], [ 37.33511, -1.39975 ], [ 37.33524, -1.39954 ], [ 37.33534, -1.39921 ], [ 37.33536, -1.39906 ], [ 37.33537, -1.39903 ], [ 37.33539, -1.39887 ], [ 37.3354, -1.39885 ], [ 37.33541, -1.39875 ], [ 37.33539, -1.39863 ], [ 37.33539, -1.39852 ], [ 37.33534, -1.39827 ], [ 37.33524, -1.39816 ], [ 37.3352, -1.39812 ], [ 37.33513, -1.39795 ], [ 37.33512, -1.39794 ], [ 37.33512, -1.39794 ], [ 37.33509, -1.39785 ], [ 37.33506, -1.39763 ], [ 37.33502, -1.39747 ], [ 37.33504, -1.39725 ], [ 37.33503, -1.397 ], [ 37.335, -1.39681 ], [ 37.33493, -1.39671 ], [ 37.33478, -1.39654 ], [ 37.33468, -1.39648 ], [ 37.33459, -1.3964 ], [ 37.33425, -1.39614 ], [ 37.33416, -1.39607 ], [ 37.3341, -1.39604 ], [ 37.33374, -1.39578 ], [ 37.33357, -1.39564 ], [ 37.33351, -1.39559 ], [ 37.3334, -1.39541 ], [ 37.3334, -1.3954 ], [ 37.33339, -1.39539 ], [ 37.33331, -1.39522 ], [ 37.33331, -1.39495 ], [ 37.33329, -1.39459 ], [ 37.33326, -1.39437 ], [ 37.33321, -1.39427 ], [ 37.3332, -1.39417 ], [ 37.33305, -1.39393 ], [ 37.3329, -1.39381 ], [ 37.33259, -1.39366 ], [ 37.33226, -1.39353 ], [ 37.33216, -1.39349 ], [ 37.33214, -1.39348 ], [ 37.3319, -1.3934 ], [ 37.33166, -1.39328 ], [ 37.33144, -1.39311 ], [ 37.3312, -1.39293 ], [ 37.33108, -1.39282 ], [ 37.33106, -1.39279 ], [ 37.33096, -1.39263 ], [ 37.33089, -1.39248 ], [ 37.33081, -1.39234 ], [ 37.33078, -1.39229 ], [ 37.33075, -1.39213 ], [ 37.33075, -1.3921 ], [ 37.33073, -1.39208 ], [ 37.33067, -1.39199 ], [ 37.33063, -1.39183 ], [ 37.33057, -1.3918 ], [ 37.33055, -1.39176 ], [ 37.33053, -1.39172 ], [ 37.33038, -1.3916 ], [ 37.3303, -1.39157 ], [ 37.33021, -1.39153 ], [ 37.32988, -1.39152 ], [ 37.32975, -1.39151 ], [ 37.32946, -1.39148 ], [ 37.32924, -1.39146 ], [ 37.32908, -1.39145 ], [ 37.32862, -1.39133 ], [ 37.32849, -1.39126 ], [ 37.32845, -1.39122 ], [ 37.32827, -1.39104 ], [ 37.32815, -1.39091 ], [ 37.32789, -1.39054 ], [ 37.32784, -1.39045 ], [ 37.32776, -1.3902 ], [ 37.32773, -1.39013 ], [ 37.3277, -1.39003 ], [ 37.32761, -1.38977 ], [ 37.3276, -1.38974 ], [ 37.32759, -1.38972 ], [ 37.32758, -1.38971 ], [ 37.32744, -1.38939 ], [ 37.32744, -1.38939 ], [ 37.32742, -1.38937 ], [ 37.32722, -1.38913 ], [ 37.32715, -1.38907 ], [ 37.32708, -1.38899 ], [ 37.32691, -1.38888 ], [ 37.32688, -1.38887 ], [ 37.32669, -1.38873 ], [ 37.32639, -1.38865 ], [ 37.32607, -1.38865 ], [ 37.32596, -1.38865 ], [ 37.32585, -1.38865 ], [ 37.32568, -1.38865 ], [ 37.32544, -1.38865 ], [ 37.32526, -1.38862 ], [ 37.32514, -1.38848 ], [ 37.32512, -1.3882 ], [ 37.32512, -1.38769 ], [ 37.32512, -1.38768 ], [ 37.32512, -1.38757 ], [ 37.32511, -1.38746 ], [ 37.32511, -1.38744 ], [ 37.32509, -1.38732 ], [ 37.32508, -1.3873 ], [ 37.32508, -1.3873 ], [ 37.32507, -1.38726 ], [ 37.32502, -1.38721 ], [ 37.32499, -1.38716 ], [ 37.32496, -1.38716 ], [ 37.32495, -1.38715 ], [ 37.32493, -1.38714 ], [ 37.32483, -1.38709 ], [ 37.32469, -1.38708 ], [ 37.32457, -1.38712 ], [ 37.32456, -1.38713 ], [ 37.32444, -1.38716 ], [ 37.3244, -1.38719 ], [ 37.32438, -1.3872 ], [ 37.3243, -1.38726 ], [ 37.32425, -1.38728 ], [ 37.3242, -1.38731 ], [ 37.32418, -1.38733 ], [ 37.32394, -1.38744 ], [ 37.32373, -1.38756 ], [ 37.32348, -1.38766 ], [ 37.32326, -1.38777 ], [ 37.32313, -1.3879 ], [ 37.32294, -1.38814 ], [ 37.32294, -1.38814 ], [ 37.32291, -1.38821 ], [ 37.32285, -1.38837 ], [ 37.32285, -1.38859 ], [ 37.32285, -1.38891 ], [ 37.32283, -1.38929 ], [ 37.32282, -1.38965 ], [ 37.32281, -1.38996 ], [ 37.32276, -1.39011 ], [ 37.32266, -1.39016 ], [ 37.32249, -1.39008 ], [ 37.32238, -1.38995 ], [ 37.32227, -1.38982 ], [ 37.32216, -1.38972 ], [ 37.32204, -1.38961 ], [ 37.32192, -1.38953 ], [ 37.32179, -1.38944 ], [ 37.32174, -1.38941 ], [ 37.32164, -1.38931 ], [ 37.32148, -1.38915 ], [ 37.32129, -1.38907 ], [ 37.32095, -1.38893 ], [ 37.32093, -1.38892 ], [ 37.32092, -1.38891 ], [ 37.32061, -1.38881 ], [ 37.32042, -1.38869 ], [ 37.3203, -1.38858 ], [ 37.32025, -1.38851 ], [ 37.32022, -1.38846 ], [ 37.32022, -1.3883 ], [ 37.32033, -1.38813 ], [ 37.32047, -1.38797 ], [ 37.32057, -1.3878 ], [ 37.32069, -1.38764 ], [ 37.32081, -1.38755 ], [ 37.32101, -1.38737 ], [ 37.32123, -1.38715 ], [ 37.32124, -1.38713 ], [ 37.32136, -1.38697 ], [ 37.32147, -1.38685 ], [ 37.32159, -1.38668 ], [ 37.32168, -1.3865 ], [ 37.3217, -1.38638 ], [ 37.3217, -1.38621 ], [ 37.32167, -1.38612 ], [ 37.32167, -1.386 ], [ 37.32155, -1.38586 ], [ 37.32146, -1.38578 ], [ 37.32138, -1.38572 ], [ 37.32138, -1.38571 ], [ 37.32108, -1.38561 ], [ 37.32098, -1.38558 ], [ 37.32061, -1.38549 ], [ 37.32016, -1.38536 ], [ 37.31996, -1.38521 ], [ 37.31985, -1.3851 ], [ 37.31969, -1.38499 ], [ 37.31956, -1.38487 ], [ 37.31939, -1.38473 ], [ 37.31929, -1.38463 ], [ 37.3192, -1.38448 ], [ 37.31916, -1.38438 ], [ 37.31911, -1.38427 ], [ 37.31907, -1.38413 ], [ 37.31908, -1.38389 ], [ 37.31914, -1.38367 ], [ 37.31918, -1.38345 ], [ 37.31922, -1.38326 ], [ 37.31923, -1.38307 ], [ 37.31923, -1.38285 ], [ 37.31922, -1.38273 ], [ 37.31923, -1.38255 ], [ 37.31923, -1.38237 ], [ 37.31927, -1.38229 ], [ 37.3194, -1.38225 ], [ 37.3194, -1.38225 ], [ 37.31948, -1.38226 ], [ 37.31968, -1.38233 ], [ 37.31981, -1.38238 ], [ 37.3199, -1.38238 ], [ 37.32004, -1.38235 ], [ 37.32015, -1.38225 ], [ 37.32024, -1.38217 ], [ 37.32027, -1.38207 ], [ 37.3203, -1.38188 ], [ 37.3203, -1.38187 ], [ 37.32031, -1.38182 ], [ 37.32028, -1.38167 ], [ 37.32017, -1.38156 ], [ 37.31994, -1.38151 ], [ 37.31984, -1.38151 ], [ 37.3197, -1.38151 ], [ 37.31956, -1.38153 ], [ 37.31943, -1.38154 ], [ 37.31932, -1.38155 ], [ 37.31917, -1.38157 ], [ 37.31887, -1.38161 ], [ 37.31868, -1.38165 ], [ 37.31865, -1.38165 ], [ 37.31851, -1.38162 ], [ 37.31833, -1.38159 ], [ 37.31821, -1.38157 ], [ 37.31807, -1.38157 ], [ 37.31803, -1.38156 ], [ 37.31785, -1.38156 ], [ 37.31766, -1.38157 ], [ 37.31756, -1.38164 ], [ 37.31752, -1.38174 ], [ 37.31751, -1.38174 ], [ 37.31741, -1.38194 ], [ 37.31741, -1.38194 ], [ 37.31732, -1.38203 ], [ 37.31715, -1.38211 ], [ 37.31703, -1.38212 ], [ 37.31697, -1.38212 ], [ 37.31689, -1.38211 ], [ 37.31676, -1.38206 ], [ 37.31658, -1.38199 ], [ 37.31644, -1.38192 ], [ 37.31628, -1.38185 ], [ 37.31619, -1.38179 ], [ 37.31609, -1.38169 ], [ 37.316, -1.38154 ], [ 37.31592, -1.38138 ], [ 37.31573, -1.38105 ], [ 37.31565, -1.38097 ], [ 37.31562, -1.38088 ], [ 37.31546, -1.38066 ], [ 37.3154, -1.38062 ], [ 37.31529, -1.38054 ], [ 37.31522, -1.38049 ], [ 37.31495, -1.38032 ], [ 37.31477, -1.38016 ], [ 37.31476, -1.38006 ], [ 37.31477, -1.3799 ], [ 37.31483, -1.37975 ], [ 37.31504, -1.37951 ], [ 37.31519, -1.37939 ], [ 37.31537, -1.37931 ], [ 37.31546, -1.37925 ], [ 37.31555, -1.37919 ], [ 37.31568, -1.37915 ], [ 37.31582, -1.37914 ], [ 37.31589, -1.37914 ], [ 37.31596, -1.37916 ], [ 37.316, -1.37917 ], [ 37.3161, -1.37926 ], [ 37.31611, -1.37927 ], [ 37.31613, -1.37929 ], [ 37.31616, -1.37931 ], [ 37.31628, -1.37945 ], [ 37.31636, -1.37955 ], [ 37.31649, -1.37964 ], [ 37.31665, -1.37975 ], [ 37.31679, -1.37982 ], [ 37.31688, -1.37982 ], [ 37.31702, -1.37981 ], [ 37.31712, -1.37972 ], [ 37.31712, -1.37959 ], [ 37.31699, -1.37941 ], [ 37.31694, -1.37929 ], [ 37.31694, -1.37928 ], [ 37.31693, -1.37915 ], [ 37.31692, -1.37906 ], [ 37.31691, -1.37902 ], [ 37.3169, -1.37893 ], [ 37.3169, -1.37884 ], [ 37.31693, -1.37858 ], [ 37.31689, -1.37843 ], [ 37.3168, -1.37826 ], [ 37.31667, -1.37813 ], [ 37.3165, -1.37801 ], [ 37.31635, -1.37795 ], [ 37.31629, -1.37791 ], [ 37.31602, -1.37781 ], [ 37.3158, -1.37777 ], [ 37.31573, -1.37775 ], [ 37.31548, -1.3777 ], [ 37.31526, -1.37765 ], [ 37.31514, -1.3776 ], [ 37.31498, -1.37754 ], [ 37.31485, -1.37747 ], [ 37.31476, -1.37743 ], [ 37.31472, -1.3774 ], [ 37.3147, -1.37737 ], [ 37.31464, -1.37731 ], [ 37.31462, -1.37729 ], [ 37.31457, -1.37722 ], [ 37.31447, -1.37696 ], [ 37.31443, -1.37676 ], [ 37.3144, -1.37661 ], [ 37.3144, -1.37645 ], [ 37.31438, -1.37635 ], [ 37.3143, -1.37606 ], [ 37.31421, -1.37586 ], [ 37.31409, -1.37567 ], [ 37.31391, -1.37542 ], [ 37.31374, -1.37525 ], [ 37.31361, -1.37507 ], [ 37.31353, -1.37494 ], [ 37.31339, -1.37471 ], [ 37.31325, -1.37448 ], [ 37.31317, -1.37437 ], [ 37.3131, -1.37426 ], [ 37.3129, -1.37399 ], [ 37.3128, -1.3739 ], [ 37.31266, -1.37381 ], [ 37.31266, -1.3738 ], [ 37.31265, -1.37379 ], [ 37.31264, -1.37379 ], [ 37.31263, -1.37378 ], [ 37.31261, -1.37377 ], [ 37.31256, -1.37375 ], [ 37.31241, -1.37369 ], [ 37.31238, -1.37367 ], [ 37.31227, -1.37365 ], [ 37.31208, -1.37361 ], [ 37.31202, -1.37361 ], [ 37.31193, -1.37357 ], [ 37.31178, -1.37354 ], [ 37.31173, -1.37353 ], [ 37.31165, -1.3735 ], [ 37.31163, -1.37349 ], [ 37.31158, -1.37347 ], [ 37.31155, -1.37346 ], [ 37.31151, -1.37343 ], [ 37.31139, -1.37332 ], [ 37.31123, -1.37321 ], [ 37.31109, -1.37304 ], [ 37.31101, -1.37283 ], [ 37.31106, -1.37266 ], [ 37.3112, -1.37248 ], [ 37.31137, -1.37238 ], [ 37.31149, -1.37225 ], [ 37.31162, -1.37216 ], [ 37.31181, -1.37206 ], [ 37.31196, -1.37191 ], [ 37.31196, -1.37176 ], [ 37.31196, -1.37164 ], [ 37.31195, -1.3716 ], [ 37.31188, -1.37146 ], [ 37.31169, -1.37131 ], [ 37.31152, -1.3712 ], [ 37.31135, -1.37115 ], [ 37.3113, -1.37114 ], [ 37.31128, -1.37114 ], [ 37.31108, -1.37116 ], [ 37.31095, -1.37118 ], [ 37.31075, -1.3713 ], [ 37.31066, -1.37138 ], [ 37.31056, -1.37147 ], [ 37.3105, -1.37152 ], [ 37.31046, -1.37155 ], [ 37.31039, -1.37166 ], [ 37.31026, -1.37181 ], [ 37.31014, -1.37189 ], [ 37.30999, -1.3719 ], [ 37.30984, -1.37189 ], [ 37.30972, -1.37185 ], [ 37.30972, -1.37185 ], [ 37.30962, -1.37179 ], [ 37.30949, -1.37171 ], [ 37.30943, -1.3716 ], [ 37.30948, -1.37134 ], [ 37.30957, -1.37116 ], [ 37.30957, -1.37106 ], [ 37.3095, -1.37094 ], [ 37.30946, -1.37087 ], [ 37.30945, -1.37086 ], [ 37.30945, -1.37086 ], [ 37.30944, -1.37084 ], [ 37.30943, -1.37083 ], [ 37.30922, -1.37075 ], [ 37.30896, -1.37063 ], [ 37.30892, -1.37061 ], [ 37.3088, -1.37056 ], [ 37.30869, -1.37046 ], [ 37.30855, -1.3703 ], [ 37.30854, -1.37029 ], [ 37.30843, -1.37012 ], [ 37.30836, -1.36995 ], [ 37.30832, -1.36978 ], [ 37.30832, -1.36937 ], [ 37.30832, -1.3692 ], [ 37.30833, -1.36909 ], [ 37.30841, -1.36895 ], [ 37.30852, -1.36878 ], [ 37.30868, -1.36863 ], [ 37.30883, -1.3685 ], [ 37.30898, -1.36836 ], [ 37.30909, -1.36818 ], [ 37.30916, -1.36803 ], [ 37.30921, -1.36786 ], [ 37.30925, -1.36767 ], [ 37.30932, -1.36747 ], [ 37.30938, -1.3673 ], [ 37.30938, -1.3673 ], [ 37.30941, -1.36715 ], [ 37.30944, -1.36693 ], [ 37.30945, -1.36673 ], [ 37.30945, -1.36657 ], [ 37.30944, -1.36639 ], [ 37.3094, -1.36626 ], [ 37.30934, -1.36608 ], [ 37.30925, -1.36601 ], [ 37.30924, -1.366 ], [ 37.30919, -1.36594 ], [ 37.30902, -1.36588 ], [ 37.30887, -1.36587 ], [ 37.30873, -1.36588 ], [ 37.3086, -1.36597 ], [ 37.30852, -1.36608 ], [ 37.3085, -1.36626 ], [ 37.30852, -1.36654 ], [ 37.3085, -1.36692 ], [ 37.30844, -1.36703 ], [ 37.3084, -1.36708 ], [ 37.3084, -1.36709 ], [ 37.30831, -1.3672 ], [ 37.30813, -1.3673 ], [ 37.30787, -1.36733 ], [ 37.30768, -1.36733 ], [ 37.3074, -1.36731 ], [ 37.30727, -1.36723 ], [ 37.3072, -1.36716 ], [ 37.30712, -1.36703 ], [ 37.3071, -1.36696 ], [ 37.30706, -1.36685 ], [ 37.30706, -1.36663 ], [ 37.30703, -1.36628 ], [ 37.30699, -1.36608 ], [ 37.30691, -1.3659 ], [ 37.3068, -1.36587 ], [ 37.30668, -1.36587 ], [ 37.30663, -1.36583 ], [ 37.30647, -1.36583 ], [ 37.30639, -1.36586 ], [ 37.30632, -1.36587 ], [ 37.30628, -1.36588 ], [ 37.30613, -1.36598 ], [ 37.30598, -1.36608 ], [ 37.3059, -1.36608 ], [ 37.30571, -1.36608 ], [ 37.30556, -1.36608 ], [ 37.30542, -1.36605 ], [ 37.30524, -1.36597 ], [ 37.30513, -1.36592 ], [ 37.30505, -1.36587 ], [ 37.30505, -1.36587 ], [ 37.30501, -1.36584 ], [ 37.30496, -1.36579 ], [ 37.30484, -1.3657 ], [ 37.30473, -1.36561 ], [ 37.3046, -1.36545 ], [ 37.30451, -1.36536 ], [ 37.30443, -1.36522 ], [ 37.30444, -1.36507 ], [ 37.30448, -1.36496 ], [ 37.3046, -1.36483 ], [ 37.30467, -1.36476 ], [ 37.3048, -1.3646 ], [ 37.30491, -1.36446 ], [ 37.30514, -1.3643 ], [ 37.30526, -1.36422 ], [ 37.30537, -1.36414 ], [ 37.30545, -1.36409 ], [ 37.30559, -1.364 ], [ 37.30573, -1.36389 ], [ 37.30594, -1.36371 ], [ 37.30602, -1.36361 ], [ 37.30612, -1.3635 ], [ 37.30619, -1.36331 ], [ 37.30624, -1.3631 ], [ 37.30618, -1.36297 ], [ 37.30615, -1.36288 ], [ 37.30606, -1.36273 ], [ 37.3059, -1.36261 ], [ 37.30578, -1.36251 ], [ 37.30577, -1.3625 ], [ 37.30571, -1.36246 ], [ 37.30545, -1.36234 ], [ 37.30538, -1.36228 ], [ 37.30512, -1.36197 ], [ 37.30505, -1.36181 ], [ 37.30498, -1.36167 ], [ 37.30495, -1.36159 ], [ 37.30488, -1.36145 ], [ 37.30476, -1.36117 ], [ 37.30464, -1.36101 ], [ 37.30462, -1.36096 ], [ 37.30449, -1.36072 ], [ 37.30436, -1.36055 ], [ 37.30432, -1.36052 ], [ 37.3042, -1.36042 ], [ 37.30406, -1.36037 ], [ 37.30387, -1.36039 ], [ 37.30368, -1.36041 ], [ 37.30354, -1.36052 ], [ 37.30338, -1.36071 ], [ 37.30321, -1.36095 ], [ 37.30299, -1.36124 ], [ 37.30299, -1.36124 ], [ 37.30293, -1.36134 ], [ 37.30274, -1.36167 ], [ 37.30251, -1.36186 ], [ 37.30225, -1.36192 ], [ 37.30211, -1.36193 ], [ 37.30172, -1.36179 ], [ 37.30149, -1.36159 ], [ 37.30131, -1.36135 ], [ 37.30126, -1.3612 ], [ 37.30126, -1.3611 ], [ 37.30132, -1.36094 ], [ 37.3014, -1.36085 ], [ 37.30151, -1.36074 ], [ 37.30164, -1.36057 ], [ 37.30174, -1.36042 ], [ 37.30183, -1.36031 ], [ 37.30196, -1.36013 ], [ 37.30207, -1.35992 ], [ 37.30212, -1.3598 ], [ 37.30216, -1.35963 ], [ 37.30216, -1.35942 ], [ 37.30214, -1.35931 ], [ 37.30207, -1.35915 ], [ 37.30182, -1.35889 ], [ 37.30171, -1.3588 ], [ 37.30169, -1.35879 ], [ 37.30166, -1.35877 ], [ 37.30152, -1.35866 ], [ 37.30139, -1.35861 ], [ 37.30131, -1.35857 ], [ 37.30113, -1.35844 ], [ 37.30098, -1.3583 ], [ 37.30082, -1.35816 ], [ 37.30065, -1.35801 ], [ 37.30051, -1.35789 ], [ 37.30035, -1.35778 ], [ 37.30025, -1.35771 ], [ 37.30013, -1.35766 ], [ 37.29995, -1.35758 ], [ 37.2998, -1.35754 ], [ 37.29968, -1.35754 ], [ 37.29948, -1.35746 ], [ 37.29928, -1.35739 ], [ 37.29922, -1.35737 ], [ 37.29904, -1.35731 ], [ 37.29903, -1.35731 ], [ 37.29903, -1.35731 ], [ 37.29883, -1.35725 ], [ 37.29869, -1.35722 ], [ 37.29863, -1.35719 ], [ 37.29851, -1.35714 ], [ 37.29838, -1.35705 ], [ 37.29833, -1.35701 ], [ 37.29825, -1.35695 ], [ 37.29797, -1.35681 ], [ 37.29781, -1.35669 ], [ 37.29773, -1.35663 ], [ 37.29767, -1.35659 ], [ 37.29756, -1.3565 ], [ 37.29756, -1.3565 ], [ 37.29754, -1.35648 ], [ 37.29733, -1.35625 ], [ 37.29733, -1.35624 ], [ 37.29729, -1.35619 ], [ 37.29719, -1.35605 ], [ 37.29719, -1.35605 ], [ 37.29716, -1.35601 ], [ 37.29712, -1.35594 ], [ 37.29707, -1.35587 ], [ 37.29706, -1.35586 ], [ 37.29704, -1.35581 ], [ 37.29699, -1.3557 ], [ 37.2969, -1.35554 ], [ 37.29681, -1.3554 ], [ 37.29675, -1.35528 ], [ 37.29668, -1.35515 ], [ 37.2966, -1.35499 ], [ 37.29648, -1.3547 ], [ 37.29639, -1.35449 ], [ 37.29636, -1.35427 ], [ 37.2963, -1.35408 ], [ 37.29624, -1.35385 ], [ 37.29621, -1.35369 ], [ 37.29619, -1.35354 ], [ 37.29614, -1.35338 ], [ 37.2961, -1.35325 ], [ 37.29599, -1.35302 ], [ 37.29597, -1.35296 ], [ 37.29589, -1.35275 ], [ 37.2958, -1.35252 ], [ 37.29573, -1.3523 ], [ 37.29565, -1.35209 ], [ 37.29563, -1.35202 ], [ 37.29561, -1.35191 ], [ 37.29561, -1.35187 ], [ 37.29559, -1.35176 ], [ 37.29559, -1.3516 ], [ 37.29555, -1.35138 ], [ 37.29552, -1.35114 ], [ 37.29551, -1.35081 ], [ 37.29549, -1.35055 ], [ 37.29546, -1.35034 ], [ 37.29543, -1.35016 ], [ 37.29538, -1.34994 ], [ 37.29531, -1.34966 ], [ 37.29521, -1.34942 ], [ 37.29511, -1.34918 ], [ 37.29503, -1.34902 ], [ 37.29501, -1.34895 ], [ 37.295, -1.34893 ], [ 37.295, -1.34891 ], [ 37.29495, -1.34883 ], [ 37.2949, -1.3487 ], [ 37.29482, -1.34851 ], [ 37.29471, -1.34831 ], [ 37.29464, -1.34811 ], [ 37.29458, -1.34793 ], [ 37.29451, -1.34776 ], [ 37.29445, -1.34763 ], [ 37.29436, -1.34744 ], [ 37.29429, -1.34728 ], [ 37.29422, -1.34715 ], [ 37.29412, -1.34707 ], [ 37.2941, -1.34705 ], [ 37.29397, -1.34703 ], [ 37.29383, -1.34701 ], [ 37.29365, -1.34692 ], [ 37.29355, -1.34687 ], [ 37.29346, -1.34684 ], [ 37.29334, -1.34678 ], [ 37.29301, -1.3465 ], [ 37.29295, -1.3464 ], [ 37.29284, -1.34622 ], [ 37.29277, -1.34601 ], [ 37.29274, -1.3458 ], [ 37.29273, -1.3456 ], [ 37.29273, -1.34538 ], [ 37.29271, -1.34523 ], [ 37.29269, -1.3451 ], [ 37.29266, -1.34492 ], [ 37.29259, -1.34482 ], [ 37.29254, -1.3448 ], [ 37.29246, -1.34477 ], [ 37.29231, -1.34477 ], [ 37.29214, -1.34478 ], [ 37.29197, -1.34481 ], [ 37.29183, -1.34487 ], [ 37.29165, -1.34496 ], [ 37.29152, -1.34498 ], [ 37.29133, -1.34498 ], [ 37.29114, -1.34499 ], [ 37.291, -1.34498 ], [ 37.29083, -1.34497 ], [ 37.29071, -1.34495 ], [ 37.29063, -1.34491 ], [ 37.29053, -1.34479 ], [ 37.29042, -1.34464 ], [ 37.29037, -1.34454 ], [ 37.29028, -1.34427 ], [ 37.29018, -1.34417 ], [ 37.29005, -1.34404 ], [ 37.28989, -1.34393 ], [ 37.28971, -1.34387 ], [ 37.2894, -1.34383 ], [ 37.28923, -1.34383 ], [ 37.28904, -1.34376 ], [ 37.28886, -1.3436 ], [ 37.28871, -1.34353 ], [ 37.28858, -1.34353 ], [ 37.28848, -1.34354 ], [ 37.2884, -1.34354 ], [ 37.28826, -1.34356 ], [ 37.28809, -1.34361 ], [ 37.28794, -1.34369 ], [ 37.28781, -1.34374 ], [ 37.2877, -1.3438 ], [ 37.28768, -1.34381 ], [ 37.28762, -1.34384 ], [ 37.28754, -1.34389 ], [ 37.28742, -1.34395 ], [ 37.2872, -1.34405 ], [ 37.28685, -1.34412 ], [ 37.28664, -1.34411 ], [ 37.28642, -1.34407 ], [ 37.2862, -1.34396 ], [ 37.28598, -1.34387 ], [ 37.28595, -1.34384 ], [ 37.28565, -1.34365 ], [ 37.28546, -1.34347 ], [ 37.28516, -1.34326 ], [ 37.28498, -1.34311 ], [ 37.2849, -1.34304 ], [ 37.28476, -1.34297 ], [ 37.28467, -1.34293 ], [ 37.2846, -1.3429 ], [ 37.28459, -1.3429 ], [ 37.28451, -1.34284 ], [ 37.28447, -1.34281 ], [ 37.28417, -1.34266 ], [ 37.28415, -1.34266 ], [ 37.28392, -1.34248 ], [ 37.28377, -1.34237 ], [ 37.28377, -1.34237 ], [ 37.28364, -1.34225 ], [ 37.28354, -1.34209 ], [ 37.28349, -1.34199 ], [ 37.28346, -1.34183 ], [ 37.28346, -1.34182 ], [ 37.28346, -1.34164 ], [ 37.28347, -1.34149 ], [ 37.28348, -1.34135 ], [ 37.28351, -1.34118 ], [ 37.28358, -1.34103 ], [ 37.28371, -1.34082 ], [ 37.28381, -1.34071 ], [ 37.28389, -1.34051 ], [ 37.28392, -1.34039 ], [ 37.28395, -1.34025 ], [ 37.284, -1.3401 ], [ 37.28401, -1.33998 ], [ 37.28396, -1.33984 ], [ 37.28391, -1.3397 ], [ 37.28378, -1.33957 ], [ 37.28366, -1.33944 ], [ 37.28355, -1.33937 ], [ 37.28334, -1.33932 ], [ 37.28318, -1.3393 ], [ 37.28298, -1.33926 ], [ 37.2828, -1.33922 ], [ 37.28259, -1.3391 ], [ 37.28254, -1.33908 ], [ 37.28243, -1.33904 ], [ 37.28226, -1.33894 ], [ 37.28216, -1.33884 ], [ 37.28183, -1.33865 ], [ 37.28163, -1.33861 ], [ 37.28163, -1.33862 ], [ 37.28163, -1.33862 ], [ 37.28162, -1.33862 ], [ 37.28157, -1.33861 ], [ 37.28157, -1.3386 ], [ 37.28154, -1.3386 ], [ 37.28139, -1.33857 ], [ 37.28122, -1.3385 ], [ 37.28104, -1.33839 ], [ 37.28086, -1.33825 ], [ 37.2808, -1.33813 ], [ 37.28074, -1.33804 ], [ 37.28073, -1.33796 ], [ 37.28073, -1.33793 ], [ 37.28073, -1.3377 ], [ 37.28077, -1.33754 ], [ 37.28086, -1.33742 ], [ 37.28089, -1.33732 ], [ 37.28092, -1.33728 ], [ 37.28099, -1.33713 ], [ 37.28106, -1.33697 ], [ 37.28107, -1.33695 ], [ 37.28106, -1.33678 ], [ 37.28097, -1.33668 ], [ 37.2809, -1.33659 ], [ 37.28087, -1.33653 ], [ 37.28075, -1.33639 ], [ 37.28072, -1.33636 ], [ 37.2807, -1.33633 ], [ 37.28052, -1.33605 ], [ 37.28049, -1.336 ], [ 37.28045, -1.33593 ], [ 37.28036, -1.33579 ], [ 37.2803, -1.33567 ], [ 37.28024, -1.33544 ], [ 37.28024, -1.33522 ], [ 37.28025, -1.335 ], [ 37.28027, -1.33483 ], [ 37.28028, -1.3347 ], [ 37.28024, -1.33459 ], [ 37.28022, -1.33454 ], [ 37.28022, -1.33451 ], [ 37.28016, -1.33435 ], [ 37.28001, -1.33425 ], [ 37.27987, -1.33425 ], [ 37.27974, -1.33429 ], [ 37.27972, -1.33431 ], [ 37.27963, -1.33438 ], [ 37.27958, -1.3344 ], [ 37.27945, -1.33444 ], [ 37.27929, -1.33444 ], [ 37.27912, -1.33443 ], [ 37.27905, -1.33438 ], [ 37.279, -1.33432 ], [ 37.27887, -1.33417 ], [ 37.27879, -1.33407 ], [ 37.27862, -1.33382 ], [ 37.27853, -1.33365 ], [ 37.27842, -1.33338 ], [ 37.27834, -1.33324 ], [ 37.27825, -1.33307 ], [ 37.27804, -1.33262 ], [ 37.2779, -1.33235 ], [ 37.2778, -1.33221 ], [ 37.27774, -1.33216 ], [ 37.27768, -1.33209 ], [ 37.2775, -1.33194 ], [ 37.27729, -1.33187 ], [ 37.27708, -1.33186 ], [ 37.27684, -1.33186 ], [ 37.27663, -1.33191 ], [ 37.27656, -1.33193 ], [ 37.27615, -1.33214 ], [ 37.27615, -1.33214 ], [ 37.27587, -1.33228 ], [ 37.27557, -1.33243 ], [ 37.27556, -1.33243 ], [ 37.27528, -1.33258 ], [ 37.27493, -1.33278 ], [ 37.27459, -1.33293 ], [ 37.27428, -1.33306 ], [ 37.27401, -1.33305 ], [ 37.27374, -1.33287 ], [ 37.27369, -1.33277 ], [ 37.27364, -1.33266 ], [ 37.27357, -1.33244 ], [ 37.27353, -1.3321 ], [ 37.27355, -1.33178 ], [ 37.27357, -1.33123 ], [ 37.27355, -1.33056 ], [ 37.27355, -1.33 ], [ 37.27355, -1.32958 ], [ 37.27354, -1.32928 ], [ 37.27354, -1.329 ], [ 37.2736, -1.3288 ], [ 37.27377, -1.32864 ], [ 37.27405, -1.32862 ], [ 37.27445, -1.32866 ], [ 37.27484, -1.32877 ], [ 37.27502, -1.32884 ], [ 37.27512, -1.32884 ], [ 37.27522, -1.32879 ], [ 37.2753, -1.32864 ], [ 37.2753, -1.32847 ], [ 37.27521, -1.32828 ], [ 37.27496, -1.32795 ], [ 37.27471, -1.3277 ], [ 37.27443, -1.32748 ], [ 37.27405, -1.32726 ], [ 37.27377, -1.32712 ], [ 37.27377, -1.32686 ], [ 37.27377, -1.32662 ], [ 37.27375, -1.32621 ], [ 37.27375, -1.32601 ], [ 37.27377, -1.32583 ], [ 37.27385, -1.32564 ], [ 37.27399, -1.32547 ], [ 37.27418, -1.32528 ], [ 37.27442, -1.32505 ], [ 37.27461, -1.32494 ], [ 37.27488, -1.32489 ], [ 37.2752, -1.32486 ], [ 37.27535, -1.32481 ], [ 37.27557, -1.32474 ], [ 37.27576, -1.32467 ], [ 37.27592, -1.32453 ], [ 37.27605, -1.32438 ], [ 37.27618, -1.32428 ], [ 37.27642, -1.32419 ], [ 37.27664, -1.32414 ], [ 37.27684, -1.32413 ], [ 37.27703, -1.3241 ], [ 37.27727, -1.32397 ], [ 37.27745, -1.32376 ], [ 37.2776, -1.32362 ], [ 37.27764, -1.32343 ], [ 37.27766, -1.32333 ], [ 37.27776, -1.32321 ], [ 37.27793, -1.32312 ], [ 37.27808, -1.32299 ], [ 37.27819, -1.3228 ], [ 37.27829, -1.32251 ], [ 37.27836, -1.32231 ], [ 37.27849, -1.32211 ], [ 37.27861, -1.32199 ], [ 37.2787, -1.32189 ], [ 37.27877, -1.32177 ], [ 37.27885, -1.32158 ], [ 37.27898, -1.32137 ], [ 37.2792, -1.32116 ], [ 37.27944, -1.32103 ], [ 37.27955, -1.32096 ], [ 37.27972, -1.32082 ], [ 37.27985, -1.3207 ], [ 37.28004, -1.3205 ], [ 37.28018, -1.32031 ], [ 37.28037, -1.32015 ], [ 37.28049, -1.32007 ], [ 37.28065, -1.31988 ], [ 37.28097, -1.31978 ], [ 37.28129, -1.3194 ], [ 37.28145, -1.319 ], [ 37.28172, -1.31831 ], [ 37.28192, -1.3179 ], [ 37.28216, -1.31732 ], [ 37.28238, -1.31661 ], [ 37.28281, -1.31561 ], [ 37.28306, -1.315 ], [ 37.28335, -1.31409 ], [ 37.28384, -1.31264 ], [ 37.28411, -1.31152 ], [ 37.28433, -1.31083 ], [ 37.28446, -1.31041 ], [ 37.28471, -1.30963 ], [ 37.28504, -1.30902 ], [ 37.28547, -1.30844 ], [ 37.28605, -1.30791 ], [ 37.28667, -1.30737 ], [ 37.28725, -1.30706 ], [ 37.28776, -1.30677 ], [ 37.28814, -1.3066 ], [ 37.28825, -1.30652 ], [ 37.28833, -1.30642 ], [ 37.28844, -1.30633 ], [ 37.28856, -1.30628 ], [ 37.28862, -1.30626 ], [ 37.2888, -1.3062 ], [ 37.28896, -1.30619 ], [ 37.28911, -1.30616 ], [ 37.28921, -1.30614 ], [ 37.28928, -1.30607 ], [ 37.28932, -1.30598 ], [ 37.28936, -1.30591 ], [ 37.28944, -1.30581 ], [ 37.28951, -1.30571 ], [ 37.28955, -1.30562 ], [ 37.28962, -1.30556 ], [ 37.28978, -1.30553 ], [ 37.28988, -1.30555 ], [ 37.29005, -1.30568 ], [ 37.29018, -1.30576 ], [ 37.29028, -1.30583 ], [ 37.29045, -1.30583 ], [ 37.29058, -1.30577 ], [ 37.29062, -1.30567 ], [ 37.29066, -1.30552 ], [ 37.29069, -1.3054 ], [ 37.29069, -1.30528 ], [ 37.2907, -1.30512 ], [ 37.29085, -1.30496 ], [ 37.29097, -1.30487 ], [ 37.29104, -1.30478 ], [ 37.29108, -1.30469 ], [ 37.2911, -1.30459 ], [ 37.2911, -1.30449 ], [ 37.29108, -1.3044 ], [ 37.29101, -1.30431 ], [ 37.29089, -1.30428 ], [ 37.29071, -1.30428 ], [ 37.2906, -1.30428 ], [ 37.29052, -1.30423 ], [ 37.29051, -1.30415 ], [ 37.29051, -1.30403 ], [ 37.29051, -1.30389 ], [ 37.29053, -1.30367 ], [ 37.29056, -1.3035 ], [ 37.29056, -1.30334 ], [ 37.29058, -1.30322 ], [ 37.29066, -1.3031 ], [ 37.29075, -1.30297 ], [ 37.29089, -1.30292 ], [ 37.29096, -1.30297 ], [ 37.29103, -1.30306 ], [ 37.29111, -1.30317 ], [ 37.29115, -1.3033 ], [ 37.29119, -1.30342 ], [ 37.29127, -1.30355 ], [ 37.29133, -1.30366 ], [ 37.29141, -1.30367 ], [ 37.29155, -1.3036 ], [ 37.29162, -1.30349 ], [ 37.2917, -1.30335 ], [ 37.29178, -1.30322 ], [ 37.29186, -1.30308 ], [ 37.29197, -1.30291 ], [ 37.29226, -1.30275 ], [ 37.2925, -1.30263 ], [ 37.29268, -1.30257 ], [ 37.29281, -1.30252 ], [ 37.29288, -1.30251 ], [ 37.29302, -1.30239 ], [ 37.2931, -1.30228 ], [ 37.29311, -1.30215 ], [ 37.29309, -1.30201 ], [ 37.29303, -1.3019 ], [ 37.29289, -1.3018 ], [ 37.29281, -1.30174 ], [ 37.29272, -1.30169 ], [ 37.29249, -1.30155 ], [ 37.29267, -1.30148 ], [ 37.29282, -1.30136 ], [ 37.29302, -1.30126 ], [ 37.2932, -1.30119 ], [ 37.29345, -1.30117 ], [ 37.29366, -1.30116 ], [ 37.29395, -1.30116 ], [ 37.2942, -1.30121 ], [ 37.29435, -1.3013 ], [ 37.29448, -1.30134 ], [ 37.29471, -1.30159 ], [ 37.29519, -1.30185 ], [ 37.29578, -1.3021 ], [ 37.29631, -1.30242 ], [ 37.29719, -1.30289 ], [ 37.2978, -1.30328 ], [ 37.29845, -1.30378 ], [ 37.29908, -1.30431 ], [ 37.29973, -1.30474 ], [ 37.30068, -1.30539 ], [ 37.30196, -1.3062 ], [ 37.30357, -1.30746 ], [ 37.30404, -1.30775 ], [ 37.30475, -1.3082 ], [ 37.30507, -1.30869 ], [ 37.30522, -1.30865 ], [ 37.30583, -1.30854 ], [ 37.30657, -1.30839 ], [ 37.30732, -1.30827 ], [ 37.30796, -1.30812 ], [ 37.30806, -1.3081 ], [ 37.30845, -1.30806 ], [ 37.30879, -1.30804 ], [ 37.30926, -1.30805 ], [ 37.30971, -1.30812 ], [ 37.31058, -1.30823 ], [ 37.31115, -1.30831 ], [ 37.31163, -1.30837 ], [ 37.31269, -1.30852 ], [ 37.31387, -1.30873 ], [ 37.31478, -1.30885 ], [ 37.31566, -1.309 ], [ 37.31578, -1.30902 ], [ 37.31655, -1.30913 ], [ 37.31715, -1.30918 ], [ 37.31725, -1.30919 ], [ 37.31761, -1.30924 ], [ 37.3179, -1.30923 ], [ 37.31841, -1.30915 ], [ 37.31895, -1.309 ], [ 37.31956, -1.30877 ], [ 37.31998, -1.30851 ], [ 37.3206, -1.30795 ], [ 37.32124, -1.30744 ], [ 37.32165, -1.30721 ], [ 37.32219, -1.30697 ], [ 37.32252, -1.30684 ], [ 37.32306, -1.30662 ], [ 37.32418, -1.30616 ], [ 37.32501, -1.30588 ], [ 37.32616, -1.30539 ], [ 37.32648, -1.30525 ], [ 37.32719, -1.30499 ], [ 37.32713, -1.30493 ], [ 37.32686, -1.3046 ], [ 37.32665, -1.30432 ], [ 37.32657, -1.30412 ], [ 37.32648, -1.30397 ], [ 37.32599, -1.30305 ], [ 37.32528, -1.30248 ], [ 37.32504, -1.302 ], [ 37.32463, -1.30104 ], [ 37.32453, -1.30031 ], [ 37.32453, -1.29921 ], [ 37.32453, -1.29814 ], [ 37.32453, -1.29746 ], [ 37.32463, -1.29639 ], [ 37.32477, -1.29587 ], [ 37.32496, -1.29547 ], [ 37.32535, -1.29519 ], [ 37.32559, -1.29501 ], [ 37.32621, -1.29436 ], [ 37.3267, -1.29381 ], [ 37.32673, -1.29375 ], [ 37.32701, -1.29333 ], [ 37.32725, -1.29281 ], [ 37.32735, -1.29222 ], [ 37.32756, -1.2916 ], [ 37.32763, -1.29112 ], [ 37.32749, -1.2905 ], [ 37.32718, -1.29019 ], [ 37.32711, -1.28985 ], [ 37.32704, -1.28947 ], [ 37.32704, -1.28895 ], [ 37.32704, -1.28857 ], [ 37.32697, -1.28813 ], [ 37.32687, -1.28778 ], [ 37.32659, -1.28751 ], [ 37.32625, -1.28713 ], [ 37.32597, -1.28672 ], [ 37.32584, -1.2862 ], [ 37.3257, -1.28561 ], [ 37.32542, -1.2851 ], [ 37.32518, -1.28455 ], [ 37.32545, -1.28452 ], [ 37.3257, -1.28455 ], [ 37.32588, -1.28466 ], [ 37.326, -1.28477 ], [ 37.32615, -1.28477 ], [ 37.32631, -1.28477 ], [ 37.32654, -1.28477 ], [ 37.32683, -1.28484 ], [ 37.32704, -1.2849 ], [ 37.32728, -1.2849 ], [ 37.32744, -1.28481 ], [ 37.32753, -1.2847 ], [ 37.3277, -1.28455 ], [ 37.32783, -1.28437 ], [ 37.32807, -1.28434 ], [ 37.32835, -1.28379 ], [ 37.32862, -1.28328 ], [ 37.32884, -1.28294 ], [ 37.32905, -1.28264 ], [ 37.32912, -1.28242 ], [ 37.32912, -1.28219 ], [ 37.32912, -1.28179 ], [ 37.32912, -1.28153 ], [ 37.32912, -1.28125 ], [ 37.32906, -1.28109 ], [ 37.32913, -1.28071 ], [ 37.32949, -1.28028 ], [ 37.32994, -1.27993 ], [ 37.33094, -1.27931 ], [ 37.33141, -1.27913 ], [ 37.33181, -1.27891 ], [ 37.3323, -1.27891 ], [ 37.33291, -1.27894 ], [ 37.33374, -1.27904 ], [ 37.33462, -1.2793 ], [ 37.33544, -1.27955 ], [ 37.33606, -1.27971 ], [ 37.33651, -1.27974 ], [ 37.33692, -1.27967 ], [ 37.33713, -1.27938 ], [ 37.33732, -1.27909 ], [ 37.33749, -1.27849 ], [ 37.33749, -1.27783 ], [ 37.33749, -1.2772 ], [ 37.33732, -1.27639 ], [ 37.33718, -1.27575 ], [ 37.33701, -1.27522 ], [ 37.33691, -1.27477 ], [ 37.33689, -1.27429 ], [ 37.33691, -1.27391 ], [ 37.33691, -1.2735 ], [ 37.33708, -1.27303 ], [ 37.33737, -1.27264 ], [ 37.33777, -1.27229 ], [ 37.33831, -1.27218 ], [ 37.33861, -1.2721 ], [ 37.33891, -1.27207 ], [ 37.33925, -1.27202 ], [ 37.33988, -1.27192 ], [ 37.34058, -1.27176 ], [ 37.34091, -1.27167 ], [ 37.34126, -1.27156 ], [ 37.34201, -1.27132 ], [ 37.34288, -1.27101 ], [ 37.34399, -1.27066 ], [ 37.34447, -1.27046 ], [ 37.34506, -1.27021 ], [ 37.34543, -1.27008 ], [ 37.3457, -1.26996 ], [ 37.346, -1.2698 ], [ 37.34625, -1.26965 ], [ 37.34661, -1.2694 ], [ 37.34704, -1.26908 ], [ 37.34742, -1.26875 ], [ 37.3479, -1.26828 ], [ 37.34819, -1.26801 ], [ 37.3485, -1.26774 ], [ 37.34861, -1.26765 ], [ 37.34873, -1.26696 ], [ 37.34879, -1.26629 ], [ 37.34821, -1.26611 ], [ 37.34751, -1.26582 ], [ 37.34683, -1.26535 ], [ 37.34616, -1.26491 ], [ 37.34572, -1.26447 ], [ 37.34537, -1.26389 ], [ 37.34508, -1.26324 ], [ 37.34499, -1.26231 ], [ 37.34499, -1.26172 ], [ 37.34469, -1.26137 ], [ 37.3444, -1.26108 ], [ 37.34408, -1.26081 ], [ 37.34373, -1.26067 ], [ 37.3433, -1.2603 ], [ 37.3433, -1.26006 ], [ 37.3433, -1.25978 ], [ 37.3433, -1.25951 ], [ 37.34326, -1.25918 ], [ 37.34317, -1.25882 ], [ 37.34308, -1.25859 ], [ 37.34307, -1.25842 ], [ 37.34307, -1.25824 ], [ 37.34308, -1.25805 ], [ 37.34319, -1.25812 ], [ 37.34335, -1.25816 ], [ 37.34348, -1.25818 ], [ 37.34364, -1.25819 ], [ 37.34379, -1.25823 ], [ 37.34401, -1.25839 ], [ 37.34427, -1.25854 ], [ 37.34446, -1.25854 ], [ 37.3448, -1.25854 ], [ 37.34503, -1.25854 ], [ 37.34526, -1.25858 ], [ 37.3455, -1.25868 ], [ 37.34566, -1.25879 ], [ 37.34589, -1.25901 ], [ 37.34601, -1.25926 ], [ 37.3461, -1.25949 ], [ 37.34615, -1.25971 ], [ 37.34628, -1.25988 ], [ 37.34638, -1.25995 ], [ 37.34662, -1.26007 ], [ 37.34674, -1.26007 ], [ 37.3469, -1.26011 ], [ 37.34707, -1.26022 ], [ 37.34721, -1.26042 ], [ 37.34737, -1.2605 ], [ 37.34749, -1.26054 ], [ 37.34769, -1.26054 ], [ 37.34779, -1.26054 ], [ 37.34794, -1.26059 ], [ 37.34805, -1.26068 ], [ 37.34817, -1.26078 ], [ 37.34828, -1.26085 ], [ 37.34846, -1.2609 ], [ 37.34872, -1.26097 ], [ 37.34889, -1.26108 ], [ 37.34905, -1.2613 ], [ 37.34929, -1.2615 ], [ 37.34956, -1.26166 ], [ 37.34975, -1.26175 ], [ 37.35017, -1.26145 ], [ 37.35055, -1.26094 ], [ 37.3508, -1.26031 ], [ 37.35107, -1.2595 ], [ 37.35123, -1.25901 ], [ 37.35123, -1.25901 ], [ 37.35136, -1.2586 ], [ 37.35153, -1.25808 ], [ 37.35182, -1.25721 ], [ 37.35214, -1.25662 ], [ 37.35247, -1.25614 ], [ 37.35267, -1.25588 ], [ 37.35297, -1.25521 ], [ 37.35306, -1.25481 ], [ 37.35333, -1.25432 ], [ 37.35349, -1.25388 ], [ 37.35371, -1.25327 ], [ 37.35393, -1.25287 ], [ 37.35409, -1.25243 ], [ 37.35438, -1.25198 ], [ 37.35462, -1.25176 ], [ 37.35505, -1.25149 ], [ 37.35547, -1.25127 ], [ 37.35601, -1.25107 ], [ 37.35641, -1.25107 ], [ 37.35703, -1.25122 ], [ 37.35759, -1.25156 ], [ 37.3581, -1.25194 ], [ 37.35841, -1.25218 ], [ 37.35888, -1.25254 ], [ 37.35915, -1.25283 ], [ 37.35944, -1.25323 ], [ 37.35984, -1.25372 ], [ 37.3602, -1.2543 ], [ 37.36053, -1.25506 ], [ 37.36071, -1.25546 ], [ 37.3608, -1.25579 ], [ 37.36109, -1.25617 ], [ 37.36153, -1.25648 ], [ 37.36189, -1.25664 ], [ 37.36241, -1.25681 ], [ 37.36284, -1.25683 ], [ 37.36354, -1.25758 ], [ 37.36399, -1.25827 ], [ 37.36445, -1.25873 ], [ 37.36494, -1.25914 ], [ 37.36566, -1.25963 ], [ 37.36626, -1.26023 ], [ 37.36691, -1.26112 ], [ 37.36724, -1.26148 ], [ 37.36775, -1.26199 ], [ 37.36833, -1.26232 ], [ 37.36907, -1.26262 ], [ 37.36934, -1.26287 ], [ 37.3698, -1.26289 ], [ 37.37004, -1.26281 ], [ 37.37026, -1.26261 ], [ 37.37037, -1.26251 ], [ 37.37078, -1.26257 ], [ 37.37132, -1.26261 ], [ 37.37188, -1.26279 ], [ 37.3723, -1.26321 ], [ 37.37303, -1.26357 ], [ 37.37352, -1.26362 ], [ 37.37408, -1.26362 ], [ 37.3748, -1.26359 ], [ 37.37567, -1.26418 ], [ 37.37604, -1.26455 ], [ 37.37611, -1.26458 ], [ 37.37637, -1.26375 ] ] ] ] } },
{ "type": "Feature", "properties": { "entity_id": 187, "p_entity": 23, "name": "Kathiani Sub County" }, "geometry": { "type": "Polygon", "coordinates": [ [ [ 37.27369, -1.33277 ], [ 37.27374, -1.33287 ], [ 37.27401, -1.33305 ], [ 37.27428, -1.33306 ], [ 37.27459, -1.33293 ], [ 37.27493, -1.33278 ], [ 37.27528, -1.33258 ], [ 37.27556, -1.33243 ], [ 37.27557, -1.33243 ], [ 37.27587, -1.33228 ], [ 37.27615, -1.33214 ], [ 37.27615, -1.33214 ], [ 37.27656, -1.33193 ], [ 37.27663, -1.33191 ], [ 37.27684, -1.33186 ], [ 37.27708, -1.33186 ], [ 37.27729, -1.33187 ], [ 37.2775, -1.33194 ], [ 37.27768, -1.33209 ], [ 37.27774, -1.33216 ], [ 37.2778, -1.33221 ], [ 37.2779, -1.33235 ], [ 37.27804, -1.33262 ], [ 37.27825, -1.33307 ], [ 37.27834, -1.33324 ], [ 37.27842, -1.33338 ], [ 37.27853, -1.33365 ], [ 37.27862, -1.33382 ], [ 37.27879, -1.33407 ], [ 37.27887, -1.33417 ], [ 37.279, -1.33432 ], [ 37.27905, -1.33438 ], [ 37.27912, -1.33443 ], [ 37.27929, -1.33444 ], [ 37.27945, -1.33444 ], [ 37.27958, -1.3344 ], [ 37.27963, -1.33438 ], [ 37.27972, -1.33431 ], [ 37.27974, -1.33429 ], [ 37.27987, -1.33425 ], [ 37.28001, -1.33425 ], [ 37.28016, -1.33435 ], [ 37.28022, -1.33451 ], [ 37.28022, -1.33454 ], [ 37.28024, -1.33459 ], [ 37.28028, -1.3347 ], [ 37.28027, -1.33483 ], [ 37.28025, -1.335 ], [ 37.28024, -1.33522 ], [ 37.28024, -1.33544 ], [ 37.2803, -1.33567 ], [ 37.28036, -1.33579 ], [ 37.28045, -1.33593 ], [ 37.28049, -1.336 ], [ 37.28052, -1.33605 ], [ 37.2807, -1.33633 ], [ 37.28072, -1.33636 ], [ 37.28075, -1.33639 ], [ 37.28087, -1.33653 ], [ 37.2809, -1.33659 ], [ 37.28097, -1.33668 ], [ 37.28106, -1.33678 ], [ 37.28107, -1.33695 ], [ 37.28106, -1.33697 ], [ 37.28099, -1.33713 ], [ 37.28092, -1.33728 ], [ 37.28089, -1.33732 ], [ 37.28086, -1.33742 ], [ 37.28077, -1.33754 ], [ 37.28073, -1.3377 ], [ 37.28073, -1.33793 ], [ 37.28073, -1.33796 ], [ 37.28074, -1.33804 ], [ 37.2808, -1.33813 ], [ 37.28086, -1.33825 ], [ 37.28104, -1.33839 ], [ 37.28122, -1.3385 ], [ 37.28139, -1.33857 ], [ 37.28154, -1.3386 ], [ 37.28157, -1.3386 ], [ 37.28157, -1.33861 ], [ 37.28162, -1.33862 ], [ 37.28163, -1.33862 ], [ 37.28163, -1.33862 ], [ 37.28163, -1.33861 ], [ 37.28183, -1.33865 ], [ 37.28216, -1.33884 ], [ 37.28226, -1.33894 ], [ 37.28243, -1.33904 ], [ 37.28254, -1.33908 ], [ 37.28259, -1.3391 ], [ 37.2828, -1.33922 ], [ 37.28298, -1.33926 ], [ 37.28318, -1.3393 ], [ 37.28334, -1.33932 ], [ 37.28355, -1.33937 ], [ 37.28366, -1.33944 ], [ 37.28378, -1.33957 ], [ 37.28391, -1.3397 ], [ 37.28396, -1.33984 ], [ 37.28401, -1.33998 ], [ 37.284, -1.3401 ], [ 37.28395, -1.34025 ], [ 37.28392, -1.34039 ], [ 37.28389, -1.34051 ], [ 37.28381, -1.34071 ], [ 37.28371, -1.34082 ], [ 37.28358, -1.34103 ], [ 37.28351, -1.34118 ], [ 37.28348, -1.34135 ], [ 37.28347, -1.34149 ], [ 37.28346, -1.34164 ], [ 37.28346, -1.34182 ], [ 37.28346, -1.34183 ], [ 37.28349, -1.34199 ], [ 37.28354, -1.34209 ], [ 37.28364, -1.34225 ], [ 37.28377, -1.34237 ], [ 37.28377, -1.34237 ], [ 37.28392, -1.34248 ], [ 37.28415, -1.34266 ], [ 37.28417, -1.34266 ], [ 37.28447, -1.34281 ], [ 37.28451, -1.34284 ], [ 37.28459, -1.3429 ], [ 37.2846, -1.3429 ], [ 37.28467, -1.34293 ], [ 37.28476, -1.34297 ], [ 37.2849, -1.34304 ], [ 37.28498, -1.34311 ], [ 37.28516, -1.34326 ], [ 37.28546, -1.34347 ], [ 37.28565, -1.34365 ], [ 37.28595, -1.34384 ], [ 37.28598, -1.34387 ], [ 37.2862, -1.34396 ], [ 37.28642, -1.34407 ], [ 37.28664, -1.34411 ], [ 37.28685, -1.34412 ], [ 37.2872, -1.34405 ], [ 37.28742, -1.34395 ], [ 37.28754, -1.34389 ], [ 37.28762, -1.34384 ], [ 37.28768, -1.34381 ], [ 37.2877, -1.3438 ], [ 37.28781, -1.34374 ], [ 37.28794, -1.34369 ], [ 37.28809, -1.34361 ], [ 37.28826, -1.34356 ], [ 37.2884, -1.34354 ], [ 37.28848, -1.34354 ], [ 37.28858, -1.34353 ], [ 37.28871, -1.34353 ], [ 37.28886, -1.3436 ], [ 37.28904, -1.34376 ], [ 37.28923, -1.34383 ], [ 37.2894, -1.34383 ], [ 37.28971, -1.34387 ], [ 37.28989, -1.34393 ], [ 37.29005, -1.34404 ], [ 37.29018, -1.34417 ], [ 37.29028, -1.34427 ], [ 37.29037, -1.34454 ], [ 37.29042, -1.34464 ], [ 37.29053, -1.34479 ], [ 37.29063, -1.34491 ], [ 37.29071, -1.34495 ], [ 37.29083, -1.34497 ], [ 37.291, -1.34498 ], [ 37.29114, -1.34499 ], [ 37.29133, -1.34498 ], [ 37.29152, -1.34498 ], [ 37.29165, -1.34496 ], [ 37.29183, -1.34487 ], [ 37.29197, -1.34481 ], [ 37.29214, -1.34478 ], [ 37.29231, -1.34477 ], [ 37.29246, -1.34477 ], [ 37.29254, -1.3448 ], [ 37.29259, -1.34482 ], [ 37.29266, -1.34492 ], [ 37.29269, -1.3451 ], [ 37.29271, -1.34523 ], [ 37.29273, -1.34538 ], [ 37.29273, -1.3456 ], [ 37.29274, -1.3458 ], [ 37.29277, -1.34601 ], [ 37.29284, -1.34622 ], [ 37.29295, -1.3464 ], [ 37.29301, -1.3465 ], [ 37.29334, -1.34678 ], [ 37.29346, -1.34684 ], [ 37.29355, -1.34687 ], [ 37.29365, -1.34692 ], [ 37.29383, -1.34701 ], [ 37.29397, -1.34703 ], [ 37.2941, -1.34705 ], [ 37.29412, -1.34707 ], [ 37.29422, -1.34715 ], [ 37.29429, -1.34728 ], [ 37.29436, -1.34744 ], [ 37.29445, -1.34763 ], [ 37.29451, -1.34776 ], [ 37.29458, -1.34793 ], [ 37.29464, -1.34811 ], [ 37.29471, -1.34831 ], [ 37.29482, -1.34851 ], [ 37.2949, -1.3487 ], [ 37.29495, -1.34883 ], [ 37.295, -1.34891 ], [ 37.295, -1.34893 ], [ 37.29501, -1.34895 ], [ 37.29503, -1.34902 ], [ 37.29511, -1.34918 ], [ 37.29521, -1.34942 ], [ 37.29531, -1.34966 ], [ 37.29538, -1.34994 ], [ 37.29543, -1.35016 ], [ 37.29546, -1.35034 ], [ 37.29549, -1.35055 ], [ 37.29551, -1.35081 ], [ 37.29552, -1.35114 ], [ 37.29555, -1.35138 ], [ 37.29559, -1.3516 ], [ 37.29559, -1.35176 ], [ 37.29561, -1.35187 ], [ 37.29561, -1.35191 ], [ 37.29563, -1.35202 ], [ 37.29565, -1.35209 ], [ 37.29573, -1.3523 ], [ 37.2958, -1.35252 ], [ 37.29589, -1.35275 ], [ 37.29597, -1.35296 ], [ 37.29599, -1.35302 ], [ 37.2961, -1.35325 ], [ 37.29614, -1.35338 ], [ 37.29619, -1.35354 ], [ 37.29621, -1.35369 ], [ 37.29624, -1.35385 ], [ 37.2963, -1.35408 ], [ 37.29636, -1.35427 ], [ 37.29639, -1.35449 ], [ 37.29648, -1.3547 ], [ 37.2966, -1.35499 ], [ 37.29668, -1.35515 ], [ 37.29675, -1.35528 ], [ 37.29681, -1.3554 ], [ 37.2969, -1.35554 ], [ 37.29699, -1.3557 ], [ 37.29704, -1.35581 ], [ 37.29706, -1.35586 ], [ 37.29707, -1.35587 ], [ 37.29712, -1.35594 ], [ 37.29716, -1.35601 ], [ 37.29719, -1.35605 ], [ 37.29719, -1.35605 ], [ 37.29729, -1.35619 ], [ 37.29733, -1.35624 ], [ 37.29733, -1.35625 ], [ 37.29754, -1.35648 ], [ 37.29756, -1.3565 ], [ 37.29756, -1.3565 ], [ 37.29767, -1.35659 ], [ 37.29773, -1.35663 ], [ 37.29781, -1.35669 ], [ 37.29797, -1.35681 ], [ 37.29825, -1.35695 ], [ 37.29833, -1.35701 ], [ 37.29838, -1.35705 ], [ 37.29851, -1.35714 ], [ 37.29863, -1.35719 ], [ 37.29869, -1.35722 ], [ 37.29883, -1.35725 ], [ 37.29903, -1.35731 ], [ 37.29903, -1.35731 ], [ 37.29904, -1.35731 ], [ 37.29922, -1.35737 ], [ 37.29928, -1.35739 ], [ 37.29948, -1.35746 ], [ 37.29968, -1.35754 ], [ 37.2998, -1.35754 ], [ 37.29995, -1.35758 ], [ 37.30013, -1.35766 ], [ 37.30025, -1.35771 ], [ 37.30035, -1.35778 ], [ 37.30051, -1.35789 ], [ 37.30065, -1.35801 ], [ 37.30082, -1.35816 ], [ 37.30098, -1.3583 ], [ 37.30113, -1.35844 ], [ 37.30131, -1.35857 ], [ 37.30139, -1.35861 ], [ 37.30152, -1.35866 ], [ 37.30166, -1.35877 ], [ 37.30169, -1.35879 ], [ 37.30171, -1.3588 ], [ 37.30182, -1.35889 ], [ 37.30207, -1.35915 ], [ 37.30214, -1.35931 ], [ 37.30216, -1.35942 ], [ 37.30216, -1.35963 ], [ 37.30212, -1.3598 ], [ 37.30207, -1.35992 ], [ 37.30196, -1.36013 ], [ 37.30183, -1.36031 ], [ 37.30174, -1.36042 ], [ 37.30164, -1.36057 ], [ 37.30151, -1.36074 ], [ 37.3014, -1.36085 ], [ 37.30132, -1.36094 ], [ 37.30126, -1.3611 ], [ 37.30126, -1.3612 ], [ 37.30131, -1.36135 ], [ 37.30149, -1.36159 ], [ 37.30172, -1.36179 ], [ 37.30211, -1.36193 ], [ 37.30225, -1.36192 ], [ 37.30251, -1.36186 ], [ 37.30274, -1.36167 ], [ 37.30293, -1.36134 ], [ 37.30299, -1.36124 ], [ 37.30299, -1.36124 ], [ 37.30321, -1.36095 ], [ 37.30338, -1.36071 ], [ 37.30354, -1.36052 ], [ 37.30368, -1.36041 ], [ 37.30387, -1.36039 ], [ 37.30406, -1.36037 ], [ 37.3042, -1.36042 ], [ 37.30432, -1.36052 ], [ 37.30436, -1.36055 ], [ 37.30449, -1.36072 ], [ 37.30462, -1.36096 ], [ 37.30464, -1.36101 ], [ 37.30476, -1.36117 ], [ 37.30488, -1.36145 ], [ 37.30495, -1.36159 ], [ 37.30498, -1.36167 ], [ 37.30505, -1.36181 ], [ 37.30512, -1.36197 ], [ 37.30538, -1.36228 ], [ 37.30545, -1.36234 ], [ 37.30571, -1.36246 ], [ 37.30577, -1.3625 ], [ 37.30578, -1.36251 ], [ 37.3059, -1.36261 ], [ 37.30606, -1.36273 ], [ 37.30615, -1.36288 ], [ 37.30618, -1.36297 ], [ 37.30624, -1.3631 ], [ 37.30619, -1.36331 ], [ 37.30612, -1.3635 ], [ 37.30602, -1.36361 ], [ 37.30594, -1.36371 ], [ 37.30573, -1.36389 ], [ 37.30559, -1.364 ], [ 37.30545, -1.36409 ], [ 37.30537, -1.36414 ], [ 37.30526, -1.36422 ], [ 37.30514, -1.3643 ], [ 37.30491, -1.36446 ], [ 37.3048, -1.3646 ], [ 37.30467, -1.36476 ], [ 37.3046, -1.36483 ], [ 37.30448, -1.36496 ], [ 37.30444, -1.36507 ], [ 37.30443, -1.36522 ], [ 37.30451, -1.36536 ], [ 37.3046, -1.36545 ], [ 37.30473, -1.36561 ], [ 37.30484, -1.3657 ], [ 37.30496, -1.36579 ], [ 37.30501, -1.36584 ], [ 37.30505, -1.36587 ], [ 37.30505, -1.36587 ], [ 37.30513, -1.36592 ], [ 37.30524, -1.36597 ], [ 37.30542, -1.36605 ], [ 37.30556, -1.36608 ], [ 37.30571, -1.36608 ], [ 37.3059, -1.36608 ], [ 37.30598, -1.36608 ], [ 37.30613, -1.36598 ], [ 37.30628, -1.36588 ], [ 37.30632, -1.36587 ], [ 37.30639, -1.36586 ], [ 37.30647, -1.36583 ], [ 37.30663, -1.36583 ], [ 37.30668, -1.36587 ], [ 37.3068, -1.36587 ], [ 37.30691, -1.3659 ], [ 37.30699, -1.36608 ], [ 37.30703, -1.36628 ], [ 37.30706, -1.36663 ], [ 37.30706, -1.36685 ], [ 37.3071, -1.36696 ], [ 37.30712, -1.36703 ], [ 37.3072, -1.36716 ], [ 37.30727, -1.36723 ], [ 37.3074, -1.36731 ], [ 37.30768, -1.36733 ], [ 37.30787, -1.36733 ], [ 37.30813, -1.3673 ], [ 37.30831, -1.3672 ], [ 37.3084, -1.36709 ], [ 37.3084, -1.36708 ], [ 37.30844, -1.36703 ], [ 37.3085, -1.36692 ], [ 37.30852, -1.36654 ], [ 37.3085, -1.36626 ], [ 37.30852, -1.36608 ], [ 37.3086, -1.36597 ], [ 37.30873, -1.36588 ], [ 37.30887, -1.36587 ], [ 37.30902, -1.36588 ], [ 37.30919, -1.36594 ], [ 37.30924, -1.366 ], [ 37.30925, -1.36601 ], [ 37.30934, -1.36608 ], [ 37.3094, -1.36626 ], [ 37.30944, -1.36639 ], [ 37.30945, -1.36657 ], [ 37.30945, -1.36673 ], [ 37.30944, -1.36693 ], [ 37.30941, -1.36715 ], [ 37.30938, -1.3673 ], [ 37.30938, -1.3673 ], [ 37.30932, -1.36747 ], [ 37.30925, -1.36767 ], [ 37.30921, -1.36786 ], [ 37.30916, -1.36803 ], [ 37.30909, -1.36818 ], [ 37.30898, -1.36836 ], [ 37.30883, -1.3685 ], [ 37.30868, -1.36863 ], [ 37.30852, -1.36878 ], [ 37.30841, -1.36895 ], [ 37.30833, -1.36909 ], [ 37.30832, -1.3692 ], [ 37.30832, -1.36937 ], [ 37.30832, -1.36978 ], [ 37.30836, -1.36995 ], [ 37.30843, -1.37012 ], [ 37.30854, -1.37029 ], [ 37.30855, -1.3703 ], [ 37.30869, -1.37046 ], [ 37.3088, -1.37056 ], [ 37.30892, -1.37061 ], [ 37.30896, -1.37063 ], [ 37.30922, -1.37075 ], [ 37.30943, -1.37083 ], [ 37.30944, -1.37084 ], [ 37.30945, -1.37086 ], [ 37.30945, -1.37086 ], [ 37.30946, -1.37087 ], [ 37.3095, -1.37094 ], [ 37.30957, -1.37106 ], [ 37.30957, -1.37116 ], [ 37.30948, -1.37134 ], [ 37.30943, -1.3716 ], [ 37.30949, -1.37171 ], [ 37.30962, -1.37179 ], [ 37.30972, -1.37185 ], [ 37.30972, -1.37185 ], [ 37.30984, -1.37189 ], [ 37.30999, -1.3719 ], [ 37.31014, -1.37189 ], [ 37.31026, -1.37181 ], [ 37.31039, -1.37166 ], [ 37.31046, -1.37155 ], [ 37.3105, -1.37152 ], [ 37.31056, -1.37147 ], [ 37.31066, -1.37138 ], [ 37.31075, -1.3713 ], [ 37.31095, -1.37118 ], [ 37.31108, -1.37116 ], [ 37.31128, -1.37114 ], [ 37.3113, -1.37114 ], [ 37.31135, -1.37115 ], [ 37.31152, -1.3712 ], [ 37.31169, -1.37131 ], [ 37.31188, -1.37146 ], [ 37.31195, -1.3716 ], [ 37.31196, -1.37164 ], [ 37.31196, -1.37176 ], [ 37.31196, -1.37191 ], [ 37.31181, -1.37206 ], [ 37.31162, -1.37216 ], [ 37.31149, -1.37225 ], [ 37.31137, -1.37238 ], [ 37.3112, -1.37248 ], [ 37.31106, -1.37266 ], [ 37.31101, -1.37283 ], [ 37.31109, -1.37304 ], [ 37.31123, -1.37321 ], [ 37.31139, -1.37332 ], [ 37.31151, -1.37343 ], [ 37.31155, -1.37346 ], [ 37.31158, -1.37347 ], [ 37.31163, -1.37349 ], [ 37.31165, -1.3735 ], [ 37.31173, -1.37353 ], [ 37.31178, -1.37354 ], [ 37.31193, -1.37357 ], [ 37.31202, -1.37361 ], [ 37.31208, -1.37361 ], [ 37.31227, -1.37365 ], [ 37.31238, -1.37367 ], [ 37.31241, -1.37369 ], [ 37.31256, -1.37375 ], [ 37.31261, -1.37377 ], [ 37.31263, -1.37378 ], [ 37.31264, -1.37379 ], [ 37.31265, -1.37379 ], [ 37.31266, -1.3738 ], [ 37.31266, -1.37381 ], [ 37.3128, -1.3739 ], [ 37.3129, -1.37399 ], [ 37.3131, -1.37426 ], [ 37.31317, -1.37437 ], [ 37.31325, -1.37448 ], [ 37.31339, -1.37471 ], [ 37.31353, -1.37494 ], [ 37.31361, -1.37507 ], [ 37.31374, -1.37525 ], [ 37.31391, -1.37542 ], [ 37.31409, -1.37567 ], [ 37.31421, -1.37586 ], [ 37.3143, -1.37606 ], [ 37.31438, -1.37635 ], [ 37.3144, -1.37645 ], [ 37.3144, -1.37661 ], [ 37.31443, -1.37676 ], [ 37.31447, -1.37696 ], [ 37.31457, -1.37722 ], [ 37.31462, -1.37729 ], [ 37.31464, -1.37731 ], [ 37.3147, -1.37737 ], [ 37.31472, -1.3774 ], [ 37.31476, -1.37743 ], [ 37.31485, -1.37747 ], [ 37.31498, -1.37754 ], [ 37.31514, -1.3776 ], [ 37.31526, -1.37765 ], [ 37.31548, -1.3777 ], [ 37.31573, -1.37775 ], [ 37.3158, -1.37777 ], [ 37.31602, -1.37781 ], [ 37.31629, -1.37791 ], [ 37.31635, -1.37795 ], [ 37.3165, -1.37801 ], [ 37.31667, -1.37813 ], [ 37.3168, -1.37826 ], [ 37.31689, -1.37843 ], [ 37.31693, -1.37858 ], [ 37.3169, -1.37884 ], [ 37.3169, -1.37893 ], [ 37.31691, -1.37902 ], [ 37.31692, -1.37906 ], [ 37.31693, -1.37915 ], [ 37.31694, -1.37928 ], [ 37.31694, -1.37929 ], [ 37.31699, -1.37941 ], [ 37.31712, -1.37959 ], [ 37.31712, -1.37972 ], [ 37.31702, -1.37981 ], [ 37.31688, -1.37982 ], [ 37.31679, -1.37982 ], [ 37.31665, -1.37975 ], [ 37.31649, -1.37964 ], [ 37.31636, -1.37955 ], [ 37.31628, -1.37945 ], [ 37.31616, -1.37931 ], [ 37.31613, -1.37929 ], [ 37.31611, -1.37927 ], [ 37.3161, -1.37926 ], [ 37.316, -1.37917 ], [ 37.31596, -1.37916 ], [ 37.31589, -1.37914 ], [ 37.31582, -1.37914 ], [ 37.31568, -1.37915 ], [ 37.31555, -1.37919 ], [ 37.31546, -1.37925 ], [ 37.31537, -1.37931 ], [ 37.31519, -1.37939 ], [ 37.31504, -1.37951 ], [ 37.31483, -1.37975 ], [ 37.31477, -1.3799 ], [ 37.31476, -1.38006 ], [ 37.31477, -1.38016 ], [ 37.31495, -1.38032 ], [ 37.31522, -1.38049 ], [ 37.31529, -1.38054 ], [ 37.3154, -1.38062 ], [ 37.31546, -1.38066 ], [ 37.31562, -1.38088 ], [ 37.31565, -1.38097 ], [ 37.31573, -1.38105 ], [ 37.31592, -1.38138 ], [ 37.316, -1.38154 ], [ 37.31609, -1.38169 ], [ 37.31619, -1.38179 ], [ 37.31628, -1.38185 ], [ 37.31644, -1.38192 ], [ 37.31658, -1.38199 ], [ 37.31676, -1.38206 ], [ 37.31689, -1.38211 ], [ 37.31697, -1.38212 ], [ 37.31703, -1.38212 ], [ 37.31715, -1.38211 ], [ 37.31732, -1.38203 ], [ 37.31741, -1.38194 ], [ 37.31741, -1.38194 ], [ 37.31751, -1.38174 ], [ 37.31752, -1.38174 ], [ 37.31756, -1.38164 ], [ 37.31766, -1.38157 ], [ 37.31785, -1.38156 ], [ 37.31803, -1.38156 ], [ 37.31807, -1.38157 ], [ 37.31821, -1.38157 ], [ 37.31833, -1.38159 ], [ 37.31851, -1.38162 ], [ 37.31865, -1.38165 ], [ 37.31868, -1.38165 ], [ 37.31887, -1.38161 ], [ 37.31917, -1.38157 ], [ 37.31932, -1.38155 ], [ 37.31943, -1.38154 ], [ 37.31956, -1.38153 ], [ 37.3197, -1.38151 ], [ 37.31984, -1.38151 ], [ 37.31994, -1.38151 ], [ 37.32017, -1.38156 ], [ 37.32028, -1.38167 ], [ 37.32031, -1.38182 ], [ 37.3203, -1.38187 ], [ 37.3203, -1.38188 ], [ 37.32027, -1.38207 ], [ 37.32024, -1.38217 ], [ 37.32015, -1.38225 ], [ 37.32004, -1.38235 ], [ 37.3199, -1.38238 ], [ 37.31981, -1.38238 ], [ 37.31968, -1.38233 ], [ 37.31948, -1.38226 ], [ 37.3194, -1.38225 ], [ 37.3194, -1.38225 ], [ 37.31927, -1.38229 ], [ 37.31923, -1.38237 ], [ 37.31923, -1.38255 ], [ 37.31922, -1.38273 ], [ 37.31923, -1.38285 ], [ 37.31923, -1.38307 ], [ 37.31922, -1.38326 ], [ 37.31918, -1.38345 ], [ 37.31914, -1.38367 ], [ 37.31908, -1.38389 ], [ 37.31907, -1.38413 ], [ 37.31911, -1.38427 ], [ 37.31916, -1.38438 ], [ 37.3192, -1.38448 ], [ 37.31929, -1.38463 ], [ 37.31939, -1.38473 ], [ 37.31956, -1.38487 ], [ 37.31969, -1.38499 ], [ 37.31985, -1.3851 ], [ 37.31996, -1.38521 ], [ 37.32016, -1.38536 ], [ 37.32061, -1.38549 ], [ 37.32098, -1.38558 ], [ 37.32108, -1.38561 ], [ 37.32138, -1.38571 ], [ 37.32138, -1.38572 ], [ 37.32146, -1.38578 ], [ 37.32155, -1.38586 ], [ 37.32167, -1.386 ], [ 37.32167, -1.38612 ], [ 37.3217, -1.38621 ], [ 37.3217, -1.38638 ], [ 37.32168, -1.3865 ], [ 37.32159, -1.38668 ], [ 37.32147, -1.38685 ], [ 37.32136, -1.38697 ], [ 37.32124, -1.38713 ], [ 37.32123, -1.38715 ], [ 37.32101, -1.38737 ], [ 37.32081, -1.38755 ], [ 37.32069, -1.38764 ], [ 37.32057, -1.3878 ], [ 37.32047, -1.38797 ], [ 37.32033, -1.38813 ], [ 37.32022, -1.3883 ], [ 37.32022, -1.38846 ], [ 37.32025, -1.38851 ], [ 37.3203, -1.38858 ], [ 37.32042, -1.38869 ], [ 37.32061, -1.38881 ], [ 37.32092, -1.38891 ], [ 37.32093, -1.38892 ], [ 37.32095, -1.38893 ], [ 37.32129, -1.38907 ], [ 37.32148, -1.38915 ], [ 37.32164, -1.38931 ], [ 37.32174, -1.38941 ], [ 37.32179, -1.38944 ], [ 37.32192, -1.38953 ], [ 37.32204, -1.38961 ], [ 37.32216, -1.38972 ], [ 37.32227, -1.38982 ], [ 37.32238, -1.38995 ], [ 37.32249, -1.39008 ], [ 37.32266, -1.39016 ], [ 37.32276, -1.39011 ], [ 37.32281, -1.38996 ], [ 37.32282, -1.38965 ], [ 37.32283, -1.38929 ], [ 37.32285, -1.38891 ], [ 37.32285, -1.38859 ], [ 37.32285, -1.38837 ], [ 37.32291, -1.38821 ], [ 37.32294, -1.38814 ], [ 37.32294, -1.38814 ], [ 37.32313, -1.3879 ], [ 37.32326, -1.38777 ], [ 37.32348, -1.38766 ], [ 37.32373, -1.38756 ], [ 37.32394, -1.38744 ], [ 37.32418, -1.38733 ], [ 37.3242, -1.38731 ], [ 37.32425, -1.38728 ], [ 37.3243, -1.38726 ], [ 37.32438, -1.3872 ], [ 37.3244, -1.38719 ], [ 37.32444, -1.38716 ], [ 37.32456, -1.38713 ], [ 37.32457, -1.38712 ], [ 37.32469, -1.38708 ], [ 37.32483, -1.38709 ], [ 37.32493, -1.38714 ], [ 37.32495, -1.38715 ], [ 37.32496, -1.38716 ], [ 37.32499, -1.38716 ], [ 37.32502, -1.38721 ], [ 37.32507, -1.38726 ], [ 37.32508, -1.3873 ], [ 37.32508, -1.3873 ], [ 37.32509, -1.38732 ], [ 37.32511, -1.38744 ], [ 37.32511, -1.38746 ], [ 37.32512, -1.38757 ], [ 37.32512, -1.38768 ], [ 37.32512, -1.38769 ], [ 37.32512, -1.3882 ], [ 37.32514, -1.38848 ], [ 37.32526, -1.38862 ], [ 37.32544, -1.38865 ], [ 37.32568, -1.38865 ], [ 37.32585, -1.38865 ], [ 37.32596, -1.38865 ], [ 37.32607, -1.38865 ], [ 37.32639, -1.38865 ], [ 37.32669, -1.38873 ], [ 37.32688, -1.38887 ], [ 37.32691, -1.38888 ], [ 37.32708, -1.38899 ], [ 37.32715, -1.38907 ], [ 37.32722, -1.38913 ], [ 37.32742, -1.38937 ], [ 37.32744, -1.38939 ], [ 37.32744, -1.38939 ], [ 37.32758, -1.38971 ], [ 37.32759, -1.38972 ], [ 37.3276, -1.38974 ], [ 37.32761, -1.38977 ], [ 37.3277, -1.39003 ], [ 37.32773, -1.39013 ], [ 37.32776, -1.3902 ], [ 37.32784, -1.39045 ], [ 37.32789, -1.39054 ], [ 37.32815, -1.39091 ], [ 37.32827, -1.39104 ], [ 37.32845, -1.39122 ], [ 37.32849, -1.39126 ], [ 37.32862, -1.39133 ], [ 37.32908, -1.39145 ], [ 37.32924, -1.39146 ], [ 37.32946, -1.39148 ], [ 37.32975, -1.39151 ], [ 37.32988, -1.39152 ], [ 37.33021, -1.39153 ], [ 37.3303, -1.39157 ], [ 37.33038, -1.3916 ], [ 37.33053, -1.39172 ], [ 37.33055, -1.39176 ], [ 37.33057, -1.3918 ], [ 37.33063, -1.39183 ], [ 37.33067, -1.39199 ], [ 37.33073, -1.39208 ], [ 37.33075, -1.3921 ], [ 37.33075, -1.39213 ], [ 37.33078, -1.39229 ], [ 37.33081, -1.39234 ], [ 37.33089, -1.39248 ], [ 37.33096, -1.39263 ], [ 37.33106, -1.39279 ], [ 37.33108, -1.39282 ], [ 37.3312, -1.39293 ], [ 37.33144, -1.39311 ], [ 37.33166, -1.39328 ], [ 37.3319, -1.3934 ], [ 37.33214, -1.39348 ], [ 37.33216, -1.39349 ], [ 37.33226, -1.39353 ], [ 37.33259, -1.39366 ], [ 37.3329, -1.39381 ], [ 37.33305, -1.39393 ], [ 37.3332, -1.39417 ], [ 37.33321, -1.39427 ], [ 37.33326, -1.39437 ], [ 37.33329, -1.39459 ], [ 37.33331, -1.39495 ], [ 37.33331, -1.39522 ], [ 37.33339, -1.39539 ], [ 37.3334, -1.3954 ], [ 37.3334, -1.39541 ], [ 37.33351, -1.39559 ], [ 37.33357, -1.39564 ], [ 37.33374, -1.39578 ], [ 37.3341, -1.39604 ], [ 37.33416, -1.39607 ], [ 37.33425, -1.39614 ], [ 37.33459, -1.3964 ], [ 37.33468, -1.39648 ], [ 37.33478, -1.39654 ], [ 37.33493, -1.39671 ], [ 37.335, -1.39681 ], [ 37.33503, -1.397 ], [ 37.33504, -1.39725 ], [ 37.33502, -1.39747 ], [ 37.33506, -1.39763 ], [ 37.33509, -1.39785 ], [ 37.33512, -1.39794 ], [ 37.33512, -1.39794 ], [ 37.33513, -1.39795 ], [ 37.3352, -1.39812 ], [ 37.33524, -1.39816 ], [ 37.33534, -1.39827 ], [ 37.33539, -1.39852 ], [ 37.33539, -1.39863 ], [ 37.33541, -1.39875 ], [ 37.3354, -1.39885 ], [ 37.33539, -1.39887 ], [ 37.33537, -1.39903 ], [ 37.33536, -1.39906 ], [ 37.33534, -1.39921 ], [ 37.33524, -1.39954 ], [ 37.33511, -1.39975 ], [ 37.33495, -1.40001 ], [ 37.33491, -1.40017 ], [ 37.3349, -1.4002 ], [ 37.3349, -1.40024 ], [ 37.33487, -1.40064 ], [ 37.33487, -1.40083 ], [ 37.33486, -1.40102 ], [ 37.33486, -1.40106 ], [ 37.33479, -1.40164 ], [ 37.33476, -1.40173 ], [ 37.33475, -1.40185 ], [ 37.33471, -1.40207 ], [ 37.33462, -1.40231 ], [ 37.33457, -1.40246 ], [ 37.33451, -1.40264 ], [ 37.33448, -1.40282 ], [ 37.33438, -1.40312 ], [ 37.33427, -1.40334 ], [ 37.33421, -1.40364 ], [ 37.3342, -1.40385 ], [ 37.33423, -1.40405 ], [ 37.33414, -1.40423 ], [ 37.33408, -1.40442 ], [ 37.33395, -1.40474 ], [ 37.33392, -1.40482 ], [ 37.33392, -1.40483 ], [ 37.33394, -1.40498 ], [ 37.33395, -1.40502 ], [ 37.33396, -1.4052 ], [ 37.33396, -1.40524 ], [ 37.33403, -1.40548 ], [ 37.33409, -1.40555 ], [ 37.33421, -1.40574 ], [ 37.33422, -1.40575 ], [ 37.33446, -1.40578 ], [ 37.33473, -1.4057 ], [ 37.33489, -1.40562 ], [ 37.33496, -1.40558 ], [ 37.33515, -1.40549 ], [ 37.33527, -1.4054 ], [ 37.33551, -1.4054 ], [ 37.33568, -1.40547 ], [ 37.33571, -1.40549 ], [ 37.33574, -1.4055 ], [ 37.33582, -1.40556 ], [ 37.33591, -1.40563 ], [ 37.33606, -1.40579 ], [ 37.33608, -1.40582 ], [ 37.33619, -1.40598 ], [ 37.33627, -1.40616 ], [ 37.33627, -1.40616 ], [ 37.33627, -1.40616 ], [ 37.3363, -1.4063 ], [ 37.33634, -1.40648 ], [ 37.33639, -1.40673 ], [ 37.33643, -1.40715 ], [ 37.33651, -1.40744 ], [ 37.33653, -1.40769 ], [ 37.33654, -1.40775 ], [ 37.33657, -1.40787 ], [ 37.33662, -1.40811 ], [ 37.33668, -1.40836 ], [ 37.33669, -1.40841 ], [ 37.33673, -1.40845 ], [ 37.33675, -1.40848 ], [ 37.33683, -1.40858 ], [ 37.33694, -1.40872 ], [ 37.33697, -1.40876 ], [ 37.33697, -1.40876 ], [ 37.33703, -1.40881 ], [ 37.33723, -1.40897 ], [ 37.33762, -1.40927 ], [ 37.33783, -1.40943 ], [ 37.33818, -1.40961 ], [ 37.33821, -1.40963 ], [ 37.33839, -1.4097 ], [ 37.33852, -1.40976 ], [ 37.33855, -1.40976 ], [ 37.33882, -1.40983 ], [ 37.33911, -1.40985 ], [ 37.33919, -1.40985 ], [ 37.33947, -1.40985 ], [ 37.33947, -1.40985 ], [ 37.33958, -1.40985 ], [ 37.33976, -1.40985 ], [ 37.33981, -1.40985 ], [ 37.34003, -1.40984 ], [ 37.34021, -1.40982 ], [ 37.34036, -1.4098 ], [ 37.34038, -1.4098 ], [ 37.3405, -1.40982 ], [ 37.34054, -1.40982 ], [ 37.34068, -1.40982 ], [ 37.3407, -1.40983 ], [ 37.34071, -1.40983 ], [ 37.34086, -1.40991 ], [ 37.34088, -1.40999 ], [ 37.34096, -1.41008 ], [ 37.34103, -1.41029 ], [ 37.34103, -1.41051 ], [ 37.341, -1.41077 ], [ 37.34099, -1.41082 ], [ 37.34095, -1.41102 ], [ 37.34088, -1.41124 ], [ 37.34084, -1.41134 ], [ 37.34083, -1.41137 ], [ 37.34069, -1.41174 ], [ 37.34059, -1.41198 ], [ 37.34055, -1.41211 ], [ 37.3405, -1.41247 ], [ 37.34049, -1.4127 ], [ 37.34049, -1.41277 ], [ 37.34054, -1.41295 ], [ 37.34055, -1.41299 ], [ 37.34058, -1.41304 ], [ 37.34064, -1.41313 ], [ 37.34066, -1.41314 ], [ 37.34075, -1.41318 ], [ 37.34076, -1.41319 ], [ 37.34085, -1.41322 ], [ 37.34087, -1.41323 ], [ 37.34112, -1.41322 ], [ 37.34114, -1.41322 ], [ 37.34127, -1.41319 ], [ 37.34137, -1.41317 ], [ 37.34164, -1.413 ], [ 37.34166, -1.41299 ], [ 37.34182, -1.41286 ], [ 37.34194, -1.41267 ], [ 37.34202, -1.41256 ], [ 37.34208, -1.4124 ], [ 37.34224, -1.41215 ], [ 37.34236, -1.41195 ], [ 37.34243, -1.4118 ], [ 37.3425, -1.41146 ], [ 37.34262, -1.41116 ], [ 37.34264, -1.41109 ], [ 37.34272, -1.41096 ], [ 37.3428, -1.41085 ], [ 37.34299, -1.41075 ], [ 37.34313, -1.41072 ], [ 37.34338, -1.41073 ], [ 37.3434, -1.41075 ], [ 37.34348, -1.41078 ], [ 37.34352, -1.41079 ], [ 37.34354, -1.41081 ], [ 37.34367, -1.41094 ], [ 37.34376, -1.41106 ], [ 37.34392, -1.41123 ], [ 37.34412, -1.41156 ], [ 37.34427, -1.41189 ], [ 37.34425, -1.41216 ], [ 37.34421, -1.4124 ], [ 37.34414, -1.41252 ], [ 37.34413, -1.41257 ], [ 37.34413, -1.41258 ], [ 37.3441, -1.4126 ], [ 37.34405, -1.41264 ], [ 37.34397, -1.41273 ], [ 37.34387, -1.41279 ], [ 37.34375, -1.41287 ], [ 37.34373, -1.41289 ], [ 37.34367, -1.41293 ], [ 37.34362, -1.41297 ], [ 37.34358, -1.41299 ], [ 37.34358, -1.41299 ], [ 37.34355, -1.41302 ], [ 37.34326, -1.41328 ], [ 37.34323, -1.41331 ], [ 37.34286, -1.41357 ], [ 37.34274, -1.41368 ], [ 37.34256, -1.41388 ], [ 37.34237, -1.41405 ], [ 37.34225, -1.41418 ], [ 37.34221, -1.41424 ], [ 37.3422, -1.41425 ], [ 37.34217, -1.41429 ], [ 37.34205, -1.41449 ], [ 37.34196, -1.41464 ], [ 37.3419, -1.41479 ], [ 37.34186, -1.41489 ], [ 37.34181, -1.41516 ], [ 37.34179, -1.41528 ], [ 37.34179, -1.4153 ], [ 37.34179, -1.41564 ], [ 37.34178, -1.41599 ], [ 37.34178, -1.4163 ], [ 37.34179, -1.41636 ], [ 37.34185, -1.41666 ], [ 37.34186, -1.41681 ], [ 37.34187, -1.41684 ], [ 37.34188, -1.41696 ], [ 37.34194, -1.41723 ], [ 37.34196, -1.41727 ], [ 37.34207, -1.41759 ], [ 37.34213, -1.41776 ], [ 37.34218, -1.41786 ], [ 37.34221, -1.4179 ], [ 37.34225, -1.41796 ], [ 37.34235, -1.41816 ], [ 37.34253, -1.41841 ], [ 37.34265, -1.41864 ], [ 37.3427, -1.41874 ], [ 37.34277, -1.41891 ], [ 37.3428, -1.41898 ], [ 37.34293, -1.41926 ], [ 37.34293, -1.41927 ], [ 37.34298, -1.41943 ], [ 37.34301, -1.41954 ], [ 37.34306, -1.41969 ], [ 37.34308, -1.4199 ], [ 37.34311, -1.42022 ], [ 37.34314, -1.42043 ], [ 37.34312, -1.42049 ], [ 37.34324, -1.42066 ], [ 37.34337, -1.42092 ], [ 37.3435, -1.42114 ], [ 37.34361, -1.42129 ], [ 37.34364, -1.42131 ], [ 37.34366, -1.42133 ], [ 37.34366, -1.42134 ], [ 37.3437, -1.42134 ], [ 37.34375, -1.42134 ], [ 37.34382, -1.42136 ], [ 37.34399, -1.42137 ], [ 37.34419, -1.42138 ], [ 37.34438, -1.42138 ], [ 37.3446, -1.42139 ], [ 37.34479, -1.42147 ], [ 37.34487, -1.42163 ], [ 37.345, -1.4219 ], [ 37.34509, -1.4222 ], [ 37.34512, -1.42245 ], [ 37.34521, -1.42273 ], [ 37.34526, -1.42299 ], [ 37.3453, -1.42319 ], [ 37.34533, -1.42342 ], [ 37.34553, -1.42384 ], [ 37.34589, -1.42424 ], [ 37.34617, -1.42443 ], [ 37.34638, -1.4246 ], [ 37.3465, -1.42478 ], [ 37.3466, -1.42494 ], [ 37.34678, -1.42515 ], [ 37.34694, -1.42533 ], [ 37.34719, -1.42559 ], [ 37.34751, -1.42585 ], [ 37.34773, -1.42597 ], [ 37.34794, -1.42612 ], [ 37.34823, -1.42628 ], [ 37.34853, -1.42642 ], [ 37.34879, -1.42653 ], [ 37.34897, -1.42657 ], [ 37.34934, -1.42665 ], [ 37.34975, -1.42674 ], [ 37.35011, -1.4268 ], [ 37.35038, -1.42681 ], [ 37.35069, -1.42685 ], [ 37.35101, -1.42696 ], [ 37.35122, -1.42704 ], [ 37.35144, -1.42713 ], [ 37.35149, -1.42713 ], [ 37.3518, -1.42717 ], [ 37.35193, -1.42718 ], [ 37.35225, -1.42721 ], [ 37.35255, -1.42725 ], [ 37.35295, -1.42736 ], [ 37.35322, -1.42742 ], [ 37.35324, -1.42742 ], [ 37.35349, -1.42744 ], [ 37.3538, -1.42751 ], [ 37.35382, -1.42751 ], [ 37.35407, -1.42753 ], [ 37.35415, -1.42753 ], [ 37.35451, -1.42751 ], [ 37.35461, -1.42751 ], [ 37.3547, -1.42751 ], [ 37.35508, -1.42758 ], [ 37.35533, -1.42764 ], [ 37.35561, -1.42773 ], [ 37.35593, -1.4279 ], [ 37.35606, -1.42806 ], [ 37.35607, -1.42809 ], [ 37.35616, -1.42824 ], [ 37.35625, -1.42849 ], [ 37.35628, -1.42874 ], [ 37.35631, -1.42909 ], [ 37.35634, -1.42931 ], [ 37.35643, -1.42951 ], [ 37.35654, -1.4298 ], [ 37.35663, -1.42996 ], [ 37.3568, -1.43018 ], [ 37.35703, -1.43037 ], [ 37.35707, -1.43045 ], [ 37.35726, -1.43054 ], [ 37.35748, -1.43069 ], [ 37.35776, -1.43079 ], [ 37.35802, -1.43079 ], [ 37.35818, -1.43078 ], [ 37.35831, -1.43066 ], [ 37.3584, -1.43052 ], [ 37.35846, -1.4304 ], [ 37.35848, -1.43028 ], [ 37.35849, -1.43016 ], [ 37.3586, -1.42975 ], [ 37.35871, -1.42955 ], [ 37.35885, -1.42936 ], [ 37.35902, -1.42925 ], [ 37.35917, -1.42916 ], [ 37.35933, -1.42908 ], [ 37.35963, -1.42903 ], [ 37.3598, -1.42904 ], [ 37.35999, -1.42907 ], [ 37.36009, -1.42915 ], [ 37.36023, -1.42932 ], [ 37.36031, -1.42953 ], [ 37.36039, -1.42975 ], [ 37.36053, -1.43032 ], [ 37.36055, -1.43054 ], [ 37.36063, -1.43087 ], [ 37.36064, -1.43121 ], [ 37.36064, -1.43141 ], [ 37.36065, -1.43164 ], [ 37.36062, -1.43187 ], [ 37.36054, -1.43206 ], [ 37.36041, -1.43229 ], [ 37.3603, -1.43244 ], [ 37.36008, -1.43281 ], [ 37.35993, -1.43302 ], [ 37.35983, -1.43321 ], [ 37.35974, -1.43345 ], [ 37.3597, -1.43363 ], [ 37.35968, -1.43383 ], [ 37.35969, -1.43405 ], [ 37.35984, -1.43425 ], [ 37.35998, -1.43437 ], [ 37.36025, -1.43451 ], [ 37.36057, -1.43466 ], [ 37.36087, -1.43476 ], [ 37.36118, -1.43489 ], [ 37.36148, -1.43498 ], [ 37.36178, -1.43514 ], [ 37.36226, -1.43548 ], [ 37.36237, -1.43568 ], [ 37.36241, -1.43585 ], [ 37.36235, -1.43598 ], [ 37.36222, -1.43611 ], [ 37.36202, -1.43617 ], [ 37.36184, -1.43623 ], [ 37.36159, -1.43633 ], [ 37.36128, -1.43643 ], [ 37.36102, -1.43653 ], [ 37.36074, -1.43655 ], [ 37.36052, -1.43654 ], [ 37.36027, -1.43651 ], [ 37.3601, -1.43649 ], [ 37.35995, -1.43649 ], [ 37.35981, -1.43657 ], [ 37.35972, -1.43667 ], [ 37.35963, -1.43681 ], [ 37.35958, -1.43696 ], [ 37.35956, -1.43715 ], [ 37.35961, -1.43739 ], [ 37.35975, -1.4376 ], [ 37.35982, -1.43776 ], [ 37.35999, -1.43792 ], [ 37.36017, -1.43812 ], [ 37.36034, -1.43821 ], [ 37.36055, -1.43822 ], [ 37.36085, -1.43815 ], [ 37.36111, -1.43807 ], [ 37.36142, -1.43798 ], [ 37.36166, -1.43786 ], [ 37.36193, -1.43778 ], [ 37.36233, -1.43766 ], [ 37.36268, -1.43755 ], [ 37.36315, -1.43745 ], [ 37.36353, -1.43741 ], [ 37.36406, -1.43733 ], [ 37.3645, -1.43731 ], [ 37.36485, -1.43731 ], [ 37.36513, -1.43734 ], [ 37.36549, -1.43744 ], [ 37.36579, -1.43755 ], [ 37.36598, -1.43766 ], [ 37.36627, -1.43784 ], [ 37.36648, -1.43794 ], [ 37.3667, -1.43805 ], [ 37.36679, -1.43815 ], [ 37.3669, -1.43825 ], [ 37.36686, -1.43842 ], [ 37.36665, -1.43858 ], [ 37.36636, -1.43885 ], [ 37.36618, -1.43895 ], [ 37.36599, -1.43906 ], [ 37.36573, -1.4394 ], [ 37.36561, -1.4395 ], [ 37.3655, -1.43967 ], [ 37.36539, -1.43991 ], [ 37.36533, -1.4401 ], [ 37.36526, -1.44034 ], [ 37.36521, -1.44054 ], [ 37.36526, -1.44094 ], [ 37.36532, -1.44119 ], [ 37.3655, -1.4414 ], [ 37.36567, -1.44155 ], [ 37.36593, -1.44187 ], [ 37.36602, -1.44206 ], [ 37.36602, -1.44232 ], [ 37.36596, -1.44243 ], [ 37.36586, -1.44264 ], [ 37.36576, -1.44282 ], [ 37.36566, -1.44297 ], [ 37.36556, -1.4431 ], [ 37.36543, -1.44329 ], [ 37.36532, -1.44346 ], [ 37.36527, -1.44357 ], [ 37.36522, -1.44375 ], [ 37.36522, -1.44397 ], [ 37.36528, -1.44415 ], [ 37.36554, -1.44441 ], [ 37.36563, -1.44462 ], [ 37.36569, -1.44478 ], [ 37.36574, -1.44499 ], [ 37.36574, -1.44518 ], [ 37.36572, -1.44534 ], [ 37.36564, -1.44547 ], [ 37.36553, -1.44565 ], [ 37.36543, -1.44585 ], [ 37.3653, -1.44605 ], [ 37.36513, -1.44629 ], [ 37.36504, -1.44655 ], [ 37.36503, -1.44676 ], [ 37.36499, -1.44716 ], [ 37.36495, -1.44749 ], [ 37.36492, -1.44775 ], [ 37.36493, -1.44789 ], [ 37.36508, -1.44828 ], [ 37.36519, -1.44849 ], [ 37.3652, -1.44868 ], [ 37.36515, -1.44897 ], [ 37.36504, -1.44916 ], [ 37.36481, -1.44931 ], [ 37.36464, -1.44952 ], [ 37.36451, -1.44969 ], [ 37.36444, -1.44978 ], [ 37.36436, -1.44997 ], [ 37.36427, -1.45027 ], [ 37.36424, -1.45038 ], [ 37.36417, -1.45056 ], [ 37.36408, -1.45069 ], [ 37.36394, -1.45078 ], [ 37.36373, -1.45104 ], [ 37.36359, -1.45118 ], [ 37.36346, -1.45132 ], [ 37.36328, -1.45155 ], [ 37.36318, -1.45178 ], [ 37.36314, -1.45185 ], [ 37.36305, -1.45201 ], [ 37.363, -1.45227 ], [ 37.36293, -1.45258 ], [ 37.36293, -1.45284 ], [ 37.36302, -1.45311 ], [ 37.36313, -1.45327 ], [ 37.36318, -1.45339 ], [ 37.36329, -1.45354 ], [ 37.36348, -1.45372 ], [ 37.36365, -1.45395 ], [ 37.36387, -1.45414 ], [ 37.36402, -1.45434 ], [ 37.36409, -1.45443 ], [ 37.36429, -1.45457 ], [ 37.36449, -1.45474 ], [ 37.36467, -1.45485 ], [ 37.3651, -1.45506 ], [ 37.36533, -1.45512 ], [ 37.36554, -1.45517 ], [ 37.36579, -1.45517 ], [ 37.36599, -1.45514 ], [ 37.36614, -1.45507 ], [ 37.36638, -1.45497 ], [ 37.36653, -1.4549 ], [ 37.36677, -1.45483 ], [ 37.36701, -1.45479 ], [ 37.36729, -1.45483 ], [ 37.36754, -1.45487 ], [ 37.36771, -1.45492 ], [ 37.36786, -1.45498 ], [ 37.36815, -1.45505 ], [ 37.36838, -1.45515 ], [ 37.36863, -1.45527 ], [ 37.36887, -1.45541 ], [ 37.36911, -1.45561 ], [ 37.36923, -1.4558 ], [ 37.36933, -1.45598 ], [ 37.36944, -1.45631 ], [ 37.36947, -1.45657 ], [ 37.36948, -1.4568 ], [ 37.3694, -1.45697 ], [ 37.36925, -1.4572 ], [ 37.36914, -1.45734 ], [ 37.36901, -1.45763 ], [ 37.36897, -1.45779 ], [ 37.36899, -1.45798 ], [ 37.36919, -1.4582 ], [ 37.36924, -1.45842 ], [ 37.36935, -1.45864 ], [ 37.3694, -1.4589 ], [ 37.36951, -1.45938 ], [ 37.36953, -1.45963 ], [ 37.36949, -1.46006 ], [ 37.36953, -1.46019 ], [ 37.36947, -1.46049 ], [ 37.36934, -1.46064 ], [ 37.3692, -1.46073 ], [ 37.36899, -1.4607 ], [ 37.36885, -1.4606 ], [ 37.36865, -1.46052 ], [ 37.36845, -1.46043 ], [ 37.36832, -1.46035 ], [ 37.36818, -1.46027 ], [ 37.36803, -1.46024 ], [ 37.36788, -1.46024 ], [ 37.36779, -1.46029 ], [ 37.36778, -1.46042 ], [ 37.3678, -1.46058 ], [ 37.36794, -1.46079 ], [ 37.36803, -1.46112 ], [ 37.3681, -1.46129 ], [ 37.36826, -1.46158 ], [ 37.36836, -1.46179 ], [ 37.36835, -1.46195 ], [ 37.36833, -1.46221 ], [ 37.36831, -1.46241 ], [ 37.36823, -1.46258 ], [ 37.3682, -1.46262 ], [ 37.36815, -1.46268 ], [ 37.36794, -1.46278 ], [ 37.36768, -1.46276 ], [ 37.36717, -1.46263 ], [ 37.36688, -1.46253 ], [ 37.36657, -1.46244 ], [ 37.36629, -1.46234 ], [ 37.36604, -1.46227 ], [ 37.36587, -1.46225 ], [ 37.36563, -1.46225 ], [ 37.36534, -1.4623 ], [ 37.36513, -1.46242 ], [ 37.36496, -1.46252 ], [ 37.36488, -1.46262 ], [ 37.36484, -1.46278 ], [ 37.36484, -1.46303 ], [ 37.36493, -1.46319 ], [ 37.36509, -1.46341 ], [ 37.36548, -1.46377 ], [ 37.36571, -1.46406 ], [ 37.36592, -1.46426 ], [ 37.36608, -1.46441 ], [ 37.3663, -1.46455 ], [ 37.36654, -1.46469 ], [ 37.36712, -1.46502 ], [ 37.36732, -1.46516 ], [ 37.36749, -1.46533 ], [ 37.36751, -1.46546 ], [ 37.36747, -1.46582 ], [ 37.36746, -1.46608 ], [ 37.36745, -1.4663 ], [ 37.36748, -1.46659 ], [ 37.3675, -1.46679 ], [ 37.36755, -1.46706 ], [ 37.36762, -1.4672 ], [ 37.36772, -1.46733 ], [ 37.36784, -1.46749 ], [ 37.36787, -1.46765 ], [ 37.36791, -1.46786 ], [ 37.36788, -1.46801 ], [ 37.36779, -1.46813 ], [ 37.36766, -1.4682 ], [ 37.36753, -1.46826 ], [ 37.36733, -1.46835 ], [ 37.36709, -1.46853 ], [ 37.36699, -1.46868 ], [ 37.36691, -1.46888 ], [ 37.36684, -1.46899 ], [ 37.36686, -1.46921 ], [ 37.36693, -1.4694 ], [ 37.36712, -1.46972 ], [ 37.3673, -1.46994 ], [ 37.36752, -1.47012 ], [ 37.36775, -1.47029 ], [ 37.36807, -1.47041 ], [ 37.36828, -1.4705 ], [ 37.36845, -1.4706 ], [ 37.3686, -1.47068 ], [ 37.36894, -1.4709 ], [ 37.36896, -1.47096 ], [ 37.36896, -1.47124 ], [ 37.36887, -1.47147 ], [ 37.36879, -1.47165 ], [ 37.36867, -1.47185 ], [ 37.36853, -1.47217 ], [ 37.36842, -1.47239 ], [ 37.36834, -1.47257 ], [ 37.36833, -1.47276 ], [ 37.36849, -1.47295 ], [ 37.36859, -1.473 ], [ 37.36894, -1.47321 ], [ 37.36919, -1.47331 ], [ 37.36947, -1.47336 ], [ 37.36973, -1.47336 ], [ 37.37, -1.47334 ], [ 37.37026, -1.47332 ], [ 37.3705, -1.47331 ], [ 37.37075, -1.47333 ], [ 37.371, -1.47339 ], [ 37.37107, -1.47351 ], [ 37.371, -1.47374 ], [ 37.37091, -1.4739 ], [ 37.37076, -1.47406 ], [ 37.3706, -1.47423 ], [ 37.37038, -1.47433 ], [ 37.37017, -1.47445 ], [ 37.3699, -1.47458 ], [ 37.36975, -1.47467 ], [ 37.36953, -1.47482 ], [ 37.36934, -1.47495 ], [ 37.36926, -1.47506 ], [ 37.36928, -1.47532 ], [ 37.36936, -1.47538 ], [ 37.3696, -1.47547 ], [ 37.36975, -1.47556 ], [ 37.37036, -1.47582 ], [ 37.37059, -1.47592 ], [ 37.37064, -1.47602 ], [ 37.37072, -1.47617 ], [ 37.37076, -1.47637 ], [ 37.37071, -1.47657 ], [ 37.3706, -1.47672 ], [ 37.37047, -1.47684 ], [ 37.37031, -1.47702 ], [ 37.37015, -1.47719 ], [ 37.36995, -1.47745 ], [ 37.36982, -1.47765 ], [ 37.36972, -1.47785 ], [ 37.36967, -1.478 ], [ 37.36963, -1.47813 ], [ 37.36964, -1.47836 ], [ 37.3697, -1.47852 ], [ 37.36977, -1.47866 ], [ 37.36995, -1.47883 ], [ 37.37002, -1.47897 ], [ 37.37006, -1.47909 ], [ 37.37013, -1.47931 ], [ 37.37006, -1.47948 ], [ 37.36998, -1.47959 ], [ 37.36982, -1.47965 ], [ 37.36958, -1.4798 ], [ 37.36937, -1.4799 ], [ 37.36923, -1.47996 ], [ 37.36905, -1.48003 ], [ 37.36894, -1.48018 ], [ 37.3688, -1.48033 ], [ 37.36875, -1.48047 ], [ 37.36877, -1.48065 ], [ 37.36881, -1.48079 ], [ 37.36891, -1.48102 ], [ 37.36907, -1.48116 ], [ 37.36917, -1.48132 ], [ 37.36943, -1.48158 ], [ 37.3697, -1.48182 ], [ 37.36983, -1.48197 ], [ 37.37003, -1.48222 ], [ 37.37017, -1.48238 ], [ 37.37036, -1.48256 ], [ 37.37041, -1.4827 ], [ 37.37042, -1.48272 ], [ 37.37039, -1.48275 ], [ 37.37044, -1.48279 ], [ 37.37045, -1.48298 ], [ 37.37046, -1.48312 ], [ 37.37041, -1.48324 ], [ 37.37025, -1.48341 ], [ 37.37005, -1.4836 ], [ 37.36984, -1.48373 ], [ 37.36939, -1.48397 ], [ 37.36897, -1.48421 ], [ 37.36873, -1.48438 ], [ 37.36842, -1.48451 ], [ 37.36821, -1.48461 ], [ 37.368, -1.48475 ], [ 37.36773, -1.48487 ], [ 37.36746, -1.48492 ], [ 37.36732, -1.48497 ], [ 37.36685, -1.48513 ], [ 37.36665, -1.48517 ], [ 37.36647, -1.48524 ], [ 37.36623, -1.48545 ], [ 37.36615, -1.4855 ], [ 37.36598, -1.48571 ], [ 37.36588, -1.48589 ], [ 37.36581, -1.48612 ], [ 37.36575, -1.48634 ], [ 37.36576, -1.4865 ], [ 37.36603, -1.48679 ], [ 37.36634, -1.48693 ], [ 37.36663, -1.48707 ], [ 37.36706, -1.48733 ], [ 37.36723, -1.48745 ], [ 37.3673, -1.48765 ], [ 37.36728, -1.4879 ], [ 37.36727, -1.4881 ], [ 37.3672, -1.48828 ], [ 37.36711, -1.48851 ], [ 37.36704, -1.4887 ], [ 37.36692, -1.48895 ], [ 37.36685, -1.48912 ], [ 37.36673, -1.4893 ], [ 37.36663, -1.48951 ], [ 37.36661, -1.48967 ], [ 37.36672, -1.48981 ], [ 37.36703, -1.48997 ], [ 37.3673, -1.49006 ], [ 37.36774, -1.49012 ], [ 37.36811, -1.49013 ], [ 37.36842, -1.49013 ], [ 37.36875, -1.49004 ], [ 37.36901, -1.48999 ], [ 37.36948, -1.48994 ], [ 37.36981, -1.49003 ], [ 37.36987, -1.49017 ], [ 37.36983, -1.49039 ], [ 37.36973, -1.49059 ], [ 37.36964, -1.49072 ], [ 37.36952, -1.49087 ], [ 37.36939, -1.49104 ], [ 37.36929, -1.49113 ], [ 37.36914, -1.49132 ], [ 37.36905, -1.49143 ], [ 37.369, -1.49157 ], [ 37.369, -1.49172 ], [ 37.36904, -1.49191 ], [ 37.36919, -1.49215 ], [ 37.36935, -1.49238 ], [ 37.36956, -1.49261 ], [ 37.36965, -1.49283 ], [ 37.36966, -1.49292 ], [ 37.36965, -1.49307 ], [ 37.36964, -1.49326 ], [ 37.36957, -1.49341 ], [ 37.36948, -1.49353 ], [ 37.36941, -1.49367 ], [ 37.36933, -1.49382 ], [ 37.36924, -1.49393 ], [ 37.36909, -1.49407 ], [ 37.3689, -1.49415 ], [ 37.36871, -1.49425 ], [ 37.36855, -1.49433 ], [ 37.36845, -1.49438 ], [ 37.36844, -1.49446 ], [ 37.36842, -1.49462 ], [ 37.36853, -1.49478 ], [ 37.36869, -1.49489 ], [ 37.36886, -1.49496 ], [ 37.369, -1.49502 ], [ 37.36923, -1.49513 ], [ 37.36945, -1.49522 ], [ 37.36971, -1.49532 ], [ 37.36989, -1.49544 ], [ 37.37008, -1.49562 ], [ 37.37017, -1.49579 ], [ 37.37024, -1.49601 ], [ 37.37023, -1.49618 ], [ 37.37016, -1.49633 ], [ 37.37006, -1.49644 ], [ 37.3699, -1.49655 ], [ 37.36948, -1.4968 ], [ 37.36933, -1.49689 ], [ 37.36915, -1.49691 ], [ 37.36896, -1.49695 ], [ 37.36879, -1.49703 ], [ 37.3686, -1.49708 ], [ 37.36844, -1.49713 ], [ 37.36832, -1.4972 ], [ 37.36818, -1.4973 ], [ 37.36808, -1.4974 ], [ 37.36801, -1.49747 ], [ 37.36799, -1.4976 ], [ 37.36798, -1.49777 ], [ 37.368, -1.49789 ], [ 37.36808, -1.49807 ], [ 37.36819, -1.49827 ], [ 37.3683, -1.49849 ], [ 37.36849, -1.49867 ], [ 37.36871, -1.49879 ], [ 37.36893, -1.49889 ], [ 37.36917, -1.49892 ], [ 37.36939, -1.4989 ], [ 37.36961, -1.49878 ], [ 37.36993, -1.49858 ], [ 37.37014, -1.49845 ], [ 37.37034, -1.49834 ], [ 37.37054, -1.49822 ], [ 37.37073, -1.4981 ], [ 37.37091, -1.49802 ], [ 37.37105, -1.49795 ], [ 37.37114, -1.49791 ], [ 37.37122, -1.49788 ], [ 37.37141, -1.49783 ], [ 37.37142, -1.49797 ], [ 37.37146, -1.49809 ], [ 37.37149, -1.49827 ], [ 37.37152, -1.49842 ], [ 37.37162, -1.49864 ], [ 37.3717, -1.4988 ], [ 37.37191, -1.499 ], [ 37.37193, -1.49916 ], [ 37.37195, -1.49944 ], [ 37.37195, -1.49973 ], [ 37.37196, -1.49996 ], [ 37.37196, -1.50027 ], [ 37.37195, -1.50056 ], [ 37.37195, -1.50091 ], [ 37.37195, -1.50119 ], [ 37.37195, -1.50133 ], [ 37.37196, -1.50149 ], [ 37.37197, -1.50172 ], [ 37.37211, -1.50212 ], [ 37.37245, -1.50248 ], [ 37.37253, -1.50273 ], [ 37.37256, -1.50303 ], [ 37.37261, -1.50339 ], [ 37.37285, -1.5036 ], [ 37.37311, -1.50373 ], [ 37.37344, -1.50381 ], [ 37.37379, -1.50393 ], [ 37.37396, -1.50409 ], [ 37.37433, -1.50468 ], [ 37.37444, -1.50485 ], [ 37.37461, -1.50514 ], [ 37.37487, -1.50545 ], [ 37.3751, -1.50569 ], [ 37.3754, -1.50585 ], [ 37.3757, -1.50591 ], [ 37.37627, -1.50593 ], [ 37.37653, -1.50599 ], [ 37.37684, -1.50611 ], [ 37.37724, -1.50638 ], [ 37.3776, -1.50645 ], [ 37.37785, -1.50647 ], [ 37.37808, -1.5065 ], [ 37.37829, -1.50655 ], [ 37.37845, -1.50668 ], [ 37.37868, -1.50691 ], [ 37.37879, -1.50711 ], [ 37.37884, -1.50729 ], [ 37.3789, -1.5075 ], [ 37.37891, -1.50758 ], [ 37.37906, -1.50791 ], [ 37.3791, -1.50805 ], [ 37.37913, -1.50833 ], [ 37.37914, -1.50834 ], [ 37.37923, -1.50863 ], [ 37.37927, -1.50885 ], [ 37.37938, -1.5091 ], [ 37.37946, -1.50947 ], [ 37.37947, -1.50967 ], [ 37.37947, -1.50988 ], [ 37.37946, -1.51009 ], [ 37.37941, -1.51023 ], [ 37.3793, -1.51046 ], [ 37.37916, -1.5107 ], [ 37.37908, -1.51079 ], [ 37.37898, -1.51098 ], [ 37.37894, -1.51121 ], [ 37.37896, -1.51138 ], [ 37.37902, -1.51156 ], [ 37.37908, -1.51171 ], [ 37.37919, -1.51184 ], [ 37.37936, -1.51206 ], [ 37.37956, -1.51221 ], [ 37.37972, -1.51231 ], [ 37.38016, -1.51246 ], [ 37.38035, -1.51266 ], [ 37.38055, -1.51292 ], [ 37.38079, -1.51312 ], [ 37.38087, -1.5132 ], [ 37.38117, -1.5134 ], [ 37.38143, -1.51354 ], [ 37.38174, -1.51383 ], [ 37.38187, -1.514 ], [ 37.38209, -1.51427 ], [ 37.38216, -1.51441 ], [ 37.38235, -1.51469 ], [ 37.3827, -1.51507 ], [ 37.38295, -1.51534 ], [ 37.38307, -1.51552 ], [ 37.38308, -1.51556 ], [ 37.3832, -1.51604 ], [ 37.38342, -1.5164 ], [ 37.38358, -1.5166 ], [ 37.38376, -1.51685 ], [ 37.38395, -1.5171 ], [ 37.38409, -1.51724 ], [ 37.38422, -1.51743 ], [ 37.38431, -1.51759 ], [ 37.38437, -1.51775 ], [ 37.38437, -1.51792 ], [ 37.38425, -1.51818 ], [ 37.38428, -1.51844 ], [ 37.38447, -1.51869 ], [ 37.38476, -1.51888 ], [ 37.38496, -1.51903 ], [ 37.38523, -1.51917 ], [ 37.38546, -1.51927 ], [ 37.38569, -1.51932 ], [ 37.3861, -1.51946 ], [ 37.38643, -1.51951 ], [ 37.38686, -1.51956 ], [ 37.38709, -1.5196 ], [ 37.38744, -1.51972 ], [ 37.38747, -1.51976 ], [ 37.3877, -1.52005 ], [ 37.38771, -1.52022 ], [ 37.38773, -1.5205 ], [ 37.3877, -1.52077 ], [ 37.38764, -1.52098 ], [ 37.38762, -1.52102 ], [ 37.38754, -1.52126 ], [ 37.38745, -1.52144 ], [ 37.38718, -1.52205 ], [ 37.38715, -1.52213 ], [ 37.38703, -1.5224 ], [ 37.38703, -1.52233 ], [ 37.38692, -1.5223 ], [ 37.38674, -1.52232 ], [ 37.38654, -1.52235 ], [ 37.38629, -1.52239 ], [ 37.38592, -1.52242 ], [ 37.38547, -1.52244 ], [ 37.38526, -1.52247 ], [ 37.38502, -1.52246 ], [ 37.38476, -1.52242 ], [ 37.38447, -1.52234 ], [ 37.38428, -1.52226 ], [ 37.38407, -1.52204 ], [ 37.3839, -1.52186 ], [ 37.38369, -1.52162 ], [ 37.38357, -1.52146 ], [ 37.38352, -1.52122 ], [ 37.38344, -1.52099 ], [ 37.38328, -1.52085 ], [ 37.38316, -1.52087 ], [ 37.38308, -1.52097 ], [ 37.38301, -1.52107 ], [ 37.38298, -1.52112 ], [ 37.38293, -1.52122 ], [ 37.38283, -1.52139 ], [ 37.38272, -1.52159 ], [ 37.38265, -1.52173 ], [ 37.3825, -1.5219 ], [ 37.38237, -1.52204 ], [ 37.38224, -1.52217 ], [ 37.38198, -1.52223 ], [ 37.38164, -1.52225 ], [ 37.38146, -1.52222 ], [ 37.38121, -1.52216 ], [ 37.38097, -1.52205 ], [ 37.3808, -1.52195 ], [ 37.38066, -1.52187 ], [ 37.38034, -1.52169 ], [ 37.38012, -1.52154 ], [ 37.38003, -1.5215 ], [ 37.37997, -1.52157 ], [ 37.37993, -1.52161 ], [ 37.37986, -1.5217 ], [ 37.37979, -1.52175 ], [ 37.37963, -1.52193 ], [ 37.37952, -1.52208 ], [ 37.37943, -1.52218 ], [ 37.37936, -1.52227 ], [ 37.37928, -1.52237 ], [ 37.37922, -1.52246 ], [ 37.37919, -1.52257 ], [ 37.37912, -1.52266 ], [ 37.37903, -1.52279 ], [ 37.37895, -1.52289 ], [ 37.37888, -1.523 ], [ 37.37881, -1.52303 ], [ 37.37875, -1.52302 ], [ 37.37867, -1.52291 ], [ 37.37864, -1.52282 ], [ 37.37861, -1.52269 ], [ 37.37861, -1.52269 ], [ 37.37856, -1.52258 ], [ 37.37855, -1.52258 ], [ 37.37848, -1.52257 ], [ 37.37842, -1.52264 ], [ 37.37832, -1.52273 ], [ 37.37823, -1.52288 ], [ 37.37817, -1.52297 ], [ 37.37807, -1.52307 ], [ 37.37803, -1.52314 ], [ 37.37801, -1.5232 ], [ 37.37797, -1.52324 ], [ 37.37786, -1.52326 ], [ 37.37778, -1.52326 ], [ 37.3777, -1.52324 ], [ 37.3777, -1.52323 ], [ 37.37761, -1.52317 ], [ 37.3776, -1.52317 ], [ 37.37749, -1.52314 ], [ 37.37745, -1.52315 ], [ 37.37745, -1.52315 ], [ 37.37738, -1.52323 ], [ 37.37735, -1.5233 ], [ 37.37734, -1.52338 ], [ 37.37732, -1.52348 ], [ 37.37729, -1.52355 ], [ 37.37724, -1.52361 ], [ 37.3772, -1.52369 ], [ 37.37714, -1.52377 ], [ 37.37707, -1.52385 ], [ 37.37704, -1.52391 ], [ 37.37703, -1.524 ], [ 37.37703, -1.52405 ], [ 37.37708, -1.52411 ], [ 37.37711, -1.52422 ], [ 37.37727, -1.52438 ], [ 37.37732, -1.52445 ], [ 37.37737, -1.52454 ], [ 37.3774, -1.52462 ], [ 37.3774, -1.52472 ], [ 37.3774, -1.52481 ], [ 37.37739, -1.52492 ], [ 37.37736, -1.52501 ], [ 37.37729, -1.52511 ], [ 37.37721, -1.52523 ], [ 37.37715, -1.52533 ], [ 37.37711, -1.52541 ], [ 37.37705, -1.5255 ], [ 37.37692, -1.52561 ], [ 37.37684, -1.52567 ], [ 37.37667, -1.52575 ], [ 37.3765, -1.52585 ], [ 37.37632, -1.52596 ], [ 37.37609, -1.52615 ], [ 37.37595, -1.5262 ], [ 37.3759, -1.52624 ], [ 37.37582, -1.5263 ], [ 37.37571, -1.52637 ], [ 37.37556, -1.52643 ], [ 37.37545, -1.52648 ], [ 37.37533, -1.52655 ], [ 37.37521, -1.52657 ], [ 37.37509, -1.5266 ], [ 37.37498, -1.52666 ], [ 37.37485, -1.52675 ], [ 37.37475, -1.52686 ], [ 37.37463, -1.52698 ], [ 37.37452, -1.5271 ], [ 37.37445, -1.52721 ], [ 37.37435, -1.52737 ], [ 37.37426, -1.52747 ], [ 37.37418, -1.52758 ], [ 37.37411, -1.52765 ], [ 37.374, -1.52772 ], [ 37.37388, -1.5278 ], [ 37.37376, -1.52789 ], [ 37.37351, -1.5281 ], [ 37.37334, -1.52819 ], [ 37.3732, -1.52823 ], [ 37.37303, -1.52828 ], [ 37.37288, -1.52836 ], [ 37.37282, -1.52846 ], [ 37.37275, -1.52857 ], [ 37.37274, -1.52868 ], [ 37.37278, -1.52875 ], [ 37.37281, -1.52896 ], [ 37.37281, -1.52903 ], [ 37.37269, -1.52911 ], [ 37.37268, -1.52929 ], [ 37.37268, -1.52945 ], [ 37.37268, -1.52961 ], [ 37.37265, -1.52976 ], [ 37.3726, -1.52988 ], [ 37.37257, -1.53005 ], [ 37.37256, -1.53014 ], [ 37.37252, -1.53023 ], [ 37.37245, -1.53035 ], [ 37.37226, -1.53047 ], [ 37.37212, -1.53066 ], [ 37.37204, -1.5308 ], [ 37.37199, -1.53095 ], [ 37.37197, -1.53106 ], [ 37.37197, -1.53119 ], [ 37.37191, -1.53134 ], [ 37.37182, -1.53143 ], [ 37.37169, -1.53144 ], [ 37.37156, -1.53143 ], [ 37.37139, -1.53141 ], [ 37.37119, -1.53142 ], [ 37.37111, -1.53148 ], [ 37.37101, -1.53159 ], [ 37.37097, -1.53171 ], [ 37.37095, -1.53184 ], [ 37.37091, -1.53199 ], [ 37.37084, -1.53214 ], [ 37.37075, -1.53222 ], [ 37.37074, -1.53222 ], [ 37.37067, -1.53225 ], [ 37.37053, -1.53224 ], [ 37.37038, -1.53225 ], [ 37.37026, -1.53235 ], [ 37.37017, -1.53244 ], [ 37.37004, -1.53249 ], [ 37.36991, -1.53249 ], [ 37.3697, -1.53248 ], [ 37.36956, -1.5325 ], [ 37.36945, -1.53256 ], [ 37.36936, -1.53265 ], [ 37.36928, -1.53276 ], [ 37.36915, -1.53284 ], [ 37.36907, -1.53286 ], [ 37.36894, -1.53293 ], [ 37.36881, -1.53303 ], [ 37.36868, -1.53314 ], [ 37.3685, -1.53327 ], [ 37.36842, -1.5334 ], [ 37.36837, -1.5335 ], [ 37.36822, -1.53361 ], [ 37.36812, -1.53369 ], [ 37.36786, -1.53376 ], [ 37.36775, -1.53381 ], [ 37.3676, -1.53399 ], [ 37.36743, -1.53402 ], [ 37.36728, -1.53401 ], [ 37.36709, -1.534 ], [ 37.36692, -1.53404 ], [ 37.36682, -1.53412 ], [ 37.36673, -1.53419 ], [ 37.36657, -1.53427 ], [ 37.36644, -1.53431 ], [ 37.36636, -1.53435 ], [ 37.36619, -1.53441 ], [ 37.36602, -1.53449 ], [ 37.36591, -1.53457 ], [ 37.36571, -1.53465 ], [ 37.36547, -1.53478 ], [ 37.36529, -1.53481 ], [ 37.36528, -1.53498 ], [ 37.36527, -1.5351 ], [ 37.36525, -1.53523 ], [ 37.36524, -1.5353 ], [ 37.36524, -1.53543 ], [ 37.36524, -1.53558 ], [ 37.36524, -1.53571 ], [ 37.36524, -1.53584 ], [ 37.36526, -1.53593 ], [ 37.36533, -1.53605 ], [ 37.36541, -1.53614 ], [ 37.36549, -1.5363 ], [ 37.36553, -1.53647 ], [ 37.36552, -1.53658 ], [ 37.36553, -1.53679 ], [ 37.36558, -1.53699 ], [ 37.36562, -1.53714 ], [ 37.36566, -1.5374 ], [ 37.36569, -1.53759 ], [ 37.36571, -1.53771 ], [ 37.36568, -1.53774 ], [ 37.36557, -1.53781 ], [ 37.36548, -1.53785 ], [ 37.36538, -1.53789 ], [ 37.36525, -1.53795 ], [ 37.36516, -1.538 ], [ 37.36501, -1.53808 ], [ 37.3648, -1.53816 ], [ 37.36469, -1.53822 ], [ 37.36452, -1.53829 ], [ 37.3642, -1.53833 ], [ 37.36409, -1.5384 ], [ 37.36403, -1.53847 ], [ 37.36393, -1.53856 ], [ 37.36386, -1.53863 ], [ 37.36376, -1.53869 ], [ 37.36364, -1.53876 ], [ 37.36356, -1.53881 ], [ 37.36346, -1.53886 ], [ 37.36332, -1.53893 ], [ 37.36323, -1.53897 ], [ 37.36318, -1.53903 ], [ 37.36312, -1.53913 ], [ 37.36299, -1.53924 ], [ 37.36282, -1.53936 ], [ 37.36279, -1.53942 ], [ 37.36275, -1.53949 ], [ 37.36269, -1.53959 ], [ 37.36264, -1.53969 ], [ 37.3626, -1.53978 ], [ 37.36256, -1.53987 ], [ 37.36252, -1.53996 ], [ 37.36248, -1.54006 ], [ 37.36242, -1.5402 ], [ 37.36235, -1.54032 ], [ 37.36231, -1.54043 ], [ 37.36227, -1.54054 ], [ 37.3622, -1.54066 ], [ 37.36216, -1.54076 ], [ 37.36215, -1.54083 ], [ 37.36213, -1.54091 ], [ 37.36207, -1.54097 ], [ 37.36198, -1.54104 ], [ 37.36189, -1.54114 ], [ 37.36177, -1.54123 ], [ 37.36168, -1.5413 ], [ 37.36164, -1.54137 ], [ 37.36163, -1.54147 ], [ 37.36159, -1.5416 ], [ 37.36148, -1.54179 ], [ 37.3614, -1.54188 ], [ 37.36133, -1.54196 ], [ 37.36126, -1.54203 ], [ 37.36118, -1.54209 ], [ 37.36108, -1.54217 ], [ 37.36088, -1.54235 ], [ 37.36078, -1.54243 ], [ 37.36068, -1.5425 ], [ 37.36053, -1.54255 ], [ 37.36041, -1.54261 ], [ 37.36035, -1.54267 ], [ 37.36015, -1.54277 ], [ 37.36004, -1.54286 ], [ 37.35982, -1.54286 ], [ 37.35971, -1.54287 ], [ 37.35964, -1.54287 ], [ 37.35962, -1.54291 ], [ 37.35959, -1.54301 ], [ 37.35956, -1.54303 ], [ 37.35937, -1.54317 ], [ 37.35911, -1.54336 ], [ 37.35899, -1.54348 ], [ 37.35874, -1.54373 ], [ 37.35849, -1.54392 ], [ 37.35847, -1.54395 ], [ 37.35829, -1.54416 ], [ 37.35802, -1.54438 ], [ 37.35778, -1.54466 ], [ 37.35759, -1.54485 ], [ 37.35745, -1.5451 ], [ 37.35726, -1.5453 ], [ 37.35712, -1.54546 ], [ 37.3569, -1.54569 ], [ 37.35667, -1.54594 ], [ 37.35646, -1.54613 ], [ 37.35635, -1.54623 ], [ 37.3562, -1.54637 ], [ 37.35615, -1.5464 ], [ 37.35596, -1.54654 ], [ 37.35576, -1.54673 ], [ 37.35553, -1.54691 ], [ 37.35539, -1.54705 ], [ 37.35526, -1.54725 ], [ 37.35492, -1.54755 ], [ 37.35466, -1.54778 ], [ 37.35431, -1.54809 ], [ 37.35421, -1.54821 ], [ 37.35411, -1.54832 ], [ 37.35396, -1.54851 ], [ 37.35384, -1.54874 ], [ 37.35372, -1.54897 ], [ 37.35363, -1.54905 ], [ 37.35347, -1.54911 ], [ 37.35331, -1.54913 ], [ 37.35306, -1.54924 ], [ 37.35289, -1.54944 ], [ 37.3527, -1.54957 ], [ 37.35238, -1.54962 ], [ 37.35207, -1.5496 ], [ 37.35181, -1.54966 ], [ 37.35174, -1.54979 ], [ 37.35158, -1.54991 ], [ 37.35149, -1.55008 ], [ 37.35135, -1.55033 ], [ 37.35109, -1.55058 ], [ 37.35098, -1.55075 ], [ 37.35095, -1.55096 ], [ 37.35091, -1.55123 ], [ 37.35091, -1.55156 ], [ 37.35091, -1.55167 ], [ 37.35039, -1.54499 ], [ 37.35039, -1.54209 ], [ 37.3506, -1.54181 ], [ 37.35076, -1.54164 ], [ 37.35092, -1.54146 ], [ 37.35098, -1.54128 ], [ 37.35098, -1.54105 ], [ 37.35098, -1.54085 ], [ 37.35113, -1.54045 ], [ 37.35129, -1.54022 ], [ 37.35147, -1.54004 ], [ 37.35161, -1.53987 ], [ 37.3518, -1.53964 ], [ 37.35193, -1.53942 ], [ 37.35207, -1.53919 ], [ 37.35229, -1.5389 ], [ 37.35243, -1.53867 ], [ 37.35255, -1.53846 ], [ 37.35277, -1.53799 ], [ 37.35294, -1.53785 ], [ 37.35305, -1.5377 ], [ 37.35324, -1.53752 ], [ 37.35338, -1.53733 ], [ 37.35353, -1.53713 ], [ 37.35366, -1.5369 ], [ 37.3537, -1.53664 ], [ 37.35368, -1.53645 ], [ 37.35368, -1.53628 ], [ 37.35373, -1.53613 ], [ 37.35384, -1.53597 ], [ 37.354, -1.53559 ], [ 37.35408, -1.53542 ], [ 37.35412, -1.53521 ], [ 37.35418, -1.53505 ], [ 37.35432, -1.53488 ], [ 37.35441, -1.53477 ], [ 37.35446, -1.53467 ], [ 37.3545, -1.53449 ], [ 37.35453, -1.53429 ], [ 37.35454, -1.53409 ], [ 37.35457, -1.53388 ], [ 37.3546, -1.53369 ], [ 37.35451, -1.53326 ], [ 37.35451, -1.53298 ], [ 37.35453, -1.53277 ], [ 37.35454, -1.53257 ], [ 37.35454, -1.53239 ], [ 37.35454, -1.53221 ], [ 37.35455, -1.53202 ], [ 37.35456, -1.53185 ], [ 37.35476, -1.53141 ], [ 37.35491, -1.53123 ], [ 37.35511, -1.53102 ], [ 37.35522, -1.53085 ], [ 37.35537, -1.5306 ], [ 37.3555, -1.53035 ], [ 37.35564, -1.5301 ], [ 37.35578, -1.5299 ], [ 37.35592, -1.52975 ], [ 37.35609, -1.52958 ], [ 37.35631, -1.52943 ], [ 37.35652, -1.52937 ], [ 37.35686, -1.5292 ], [ 37.35706, -1.52905 ], [ 37.35717, -1.52896 ], [ 37.35726, -1.52883 ], [ 37.35735, -1.52864 ], [ 37.35742, -1.52849 ], [ 37.35748, -1.5283 ], [ 37.3575, -1.52816 ], [ 37.3576, -1.528 ], [ 37.35767, -1.52792 ], [ 37.35779, -1.52776 ], [ 37.35777, -1.52755 ], [ 37.35765, -1.52745 ], [ 37.35766, -1.52732 ], [ 37.35775, -1.52718 ], [ 37.35782, -1.52698 ], [ 37.35777, -1.5268 ], [ 37.35768, -1.52665 ], [ 37.35753, -1.52645 ], [ 37.35751, -1.52616 ], [ 37.35757, -1.52592 ], [ 37.35758, -1.5257 ], [ 37.35759, -1.52554 ], [ 37.35745, -1.52536 ], [ 37.35743, -1.52532 ], [ 37.35725, -1.52532 ], [ 37.3571, -1.52531 ], [ 37.35686, -1.52515 ], [ 37.35679, -1.52507 ], [ 37.35659, -1.52487 ], [ 37.3564, -1.52478 ], [ 37.35623, -1.52475 ], [ 37.35603, -1.52475 ], [ 37.35586, -1.52477 ], [ 37.35561, -1.52486 ], [ 37.35544, -1.52494 ], [ 37.3553, -1.52503 ], [ 37.35521, -1.52514 ], [ 37.35513, -1.52528 ], [ 37.35512, -1.52539 ], [ 37.355, -1.52562 ], [ 37.35495, -1.52579 ], [ 37.35487, -1.526 ], [ 37.35485, -1.52613 ], [ 37.35485, -1.52623 ], [ 37.35479, -1.52631 ], [ 37.35459, -1.52639 ], [ 37.35425, -1.52643 ], [ 37.35416, -1.5264 ], [ 37.35402, -1.52622 ], [ 37.35388, -1.52605 ], [ 37.35373, -1.52585 ], [ 37.35351, -1.52567 ], [ 37.35338, -1.52558 ], [ 37.35315, -1.52556 ], [ 37.3529, -1.52554 ], [ 37.35262, -1.52552 ], [ 37.35226, -1.52551 ], [ 37.35201, -1.52554 ], [ 37.35169, -1.52558 ], [ 37.35147, -1.52565 ], [ 37.35127, -1.52575 ], [ 37.35108, -1.52586 ], [ 37.35078, -1.52608 ], [ 37.3507, -1.52614 ], [ 37.35064, -1.5262 ], [ 37.35051, -1.52632 ], [ 37.35039, -1.52642 ], [ 37.35025, -1.52651 ], [ 37.3501, -1.52663 ], [ 37.35, -1.52676 ], [ 37.34987, -1.52698 ], [ 37.34967, -1.52717 ], [ 37.34948, -1.52731 ], [ 37.3493, -1.52744 ], [ 37.34902, -1.52755 ], [ 37.34874, -1.52758 ], [ 37.34855, -1.52758 ], [ 37.34822, -1.52735 ], [ 37.34802, -1.52686 ], [ 37.34785, -1.52668 ], [ 37.34773, -1.52658 ], [ 37.34736, -1.5264 ], [ 37.34709, -1.52627 ], [ 37.34666, -1.52617 ], [ 37.34639, -1.52613 ], [ 37.34612, -1.52603 ], [ 37.34594, -1.52606 ], [ 37.34577, -1.52614 ], [ 37.34575, -1.52635 ], [ 37.34577, -1.5265 ], [ 37.34584, -1.52664 ], [ 37.34594, -1.52682 ], [ 37.34604, -1.52696 ], [ 37.34614, -1.52709 ], [ 37.34624, -1.52726 ], [ 37.34637, -1.52748 ], [ 37.34655, -1.52764 ], [ 37.34664, -1.52779 ], [ 37.34674, -1.52793 ], [ 37.34688, -1.52813 ], [ 37.34699, -1.52835 ], [ 37.34709, -1.52849 ], [ 37.3472, -1.52879 ], [ 37.34729, -1.52909 ], [ 37.34737, -1.52934 ], [ 37.34749, -1.5299 ], [ 37.34749, -1.5301 ], [ 37.34746, -1.53037 ], [ 37.3473, -1.53064 ], [ 37.34717, -1.53082 ], [ 37.34701, -1.53094 ], [ 37.34668, -1.53109 ], [ 37.34649, -1.53101 ], [ 37.34616, -1.53072 ], [ 37.34597, -1.53048 ], [ 37.34568, -1.5303 ], [ 37.34562, -1.53016 ], [ 37.34552, -1.52991 ], [ 37.34539, -1.52973 ], [ 37.3453, -1.52958 ], [ 37.34512, -1.52935 ], [ 37.34493, -1.52914 ], [ 37.3446, -1.52884 ], [ 37.34432, -1.52857 ], [ 37.34408, -1.52839 ], [ 37.34386, -1.52829 ], [ 37.34358, -1.52829 ], [ 37.34335, -1.52831 ], [ 37.34314, -1.52838 ], [ 37.34296, -1.5285 ], [ 37.34289, -1.52864 ], [ 37.34282, -1.52875 ], [ 37.34278, -1.52891 ], [ 37.34279, -1.52913 ], [ 37.34289, -1.52933 ], [ 37.34297, -1.52944 ], [ 37.34309, -1.52956 ], [ 37.34321, -1.52968 ], [ 37.3435, -1.53 ], [ 37.34351, -1.53001 ], [ 37.34274, -1.53 ], [ 37.3426, -1.53007 ], [ 37.34246, -1.53017 ], [ 37.34237, -1.5302 ], [ 37.34216, -1.5302 ], [ 37.34198, -1.53016 ], [ 37.34188, -1.53012 ], [ 37.34171, -1.53013 ], [ 37.34155, -1.53017 ], [ 37.34137, -1.53021 ], [ 37.34122, -1.53023 ], [ 37.341, -1.53022 ], [ 37.3408, -1.53019 ], [ 37.34071, -1.53015 ], [ 37.34055, -1.53007 ], [ 37.34051, -1.52995 ], [ 37.34044, -1.52976 ], [ 37.34034, -1.52959 ], [ 37.34027, -1.52948 ], [ 37.34012, -1.52932 ], [ 37.34002, -1.52923 ], [ 37.33983, -1.52913 ], [ 37.33978, -1.52907 ], [ 37.33975, -1.52864 ], [ 37.33976, -1.52805 ], [ 37.33998, -1.5275 ], [ 37.34017, -1.52698 ], [ 37.3403, -1.52661 ], [ 37.34042, -1.52609 ], [ 37.34043, -1.52562 ], [ 37.34025, -1.52493 ], [ 37.33998, -1.52446 ], [ 37.33978, -1.52404 ], [ 37.33956, -1.52374 ], [ 37.33939, -1.52339 ], [ 37.33926, -1.52317 ], [ 37.33907, -1.52265 ], [ 37.33897, -1.52204 ], [ 37.33884, -1.52166 ], [ 37.3386, -1.5213 ], [ 37.33829, -1.52074 ], [ 37.33788, -1.52021 ], [ 37.3376, -1.51975 ], [ 37.33711, -1.51926 ], [ 37.33653, -1.51886 ], [ 37.33579, -1.51847 ], [ 37.33507, -1.51786 ], [ 37.33453, -1.51745 ], [ 37.33391, -1.51705 ], [ 37.33364, -1.51701 ], [ 37.33331, -1.51695 ], [ 37.33299, -1.51679 ], [ 37.3328, -1.51652 ], [ 37.33273, -1.51624 ], [ 37.33275, -1.51576 ], [ 37.33255, -1.51562 ], [ 37.3324, -1.51564 ], [ 37.33221, -1.51571 ], [ 37.33195, -1.51585 ], [ 37.33171, -1.51596 ], [ 37.33147, -1.51598 ], [ 37.33134, -1.51595 ], [ 37.33126, -1.51594 ], [ 37.33108, -1.51584 ], [ 37.33087, -1.5156 ], [ 37.3305, -1.51513 ], [ 37.33016, -1.51474 ], [ 37.32992, -1.51412 ], [ 37.32981, -1.51392 ], [ 37.32965, -1.5136 ], [ 37.32945, -1.51331 ], [ 37.32924, -1.51294 ], [ 37.32902, -1.51283 ], [ 37.32875, -1.51273 ], [ 37.32851, -1.5126 ], [ 37.32822, -1.51242 ], [ 37.32787, -1.51217 ], [ 37.32745, -1.5119 ], [ 37.3273, -1.5118 ], [ 37.32698, -1.51165 ], [ 37.32664, -1.51143 ], [ 37.32625, -1.51113 ], [ 37.32613, -1.51087 ], [ 37.32583, -1.51053 ], [ 37.32558, -1.51035 ], [ 37.32516, -1.51008 ], [ 37.32476, -1.50984 ], [ 37.32447, -1.50964 ], [ 37.32408, -1.50942 ], [ 37.32382, -1.50914 ], [ 37.32358, -1.50881 ], [ 37.32335, -1.50846 ], [ 37.32318, -1.50839 ], [ 37.32293, -1.50827 ], [ 37.32266, -1.50813 ], [ 37.32241, -1.50791 ], [ 37.3219, -1.50742 ], [ 37.32169, -1.50733 ], [ 37.32141, -1.50728 ], [ 37.32123, -1.50719 ], [ 37.32099, -1.50706 ], [ 37.32075, -1.50688 ], [ 37.32046, -1.50641 ], [ 37.32038, -1.50634 ], [ 37.31946, -1.50725 ], [ 37.31832, -1.50848 ], [ 37.31833, -1.50865 ], [ 37.31823, -1.50894 ], [ 37.31822, -1.50917 ], [ 37.31822, -1.50944 ], [ 37.31835, -1.50964 ], [ 37.31772, -1.51001 ], [ 37.31697, -1.51032 ], [ 37.31561, -1.51076 ], [ 37.31397, -1.51151 ], [ 37.31261, -1.51233 ], [ 37.3123, -1.51322 ], [ 37.31278, -1.5139 ], [ 37.31286, -1.514 ], [ 37.31342, -1.51468 ], [ 37.31421, -1.51591 ], [ 37.31468, -1.51686 ], [ 37.31447, -1.51717 ], [ 37.31426, -1.51748 ], [ 37.31383, -1.51777 ], [ 37.31334, -1.51802 ], [ 37.3124, -1.51839 ], [ 37.31138, -1.51887 ], [ 37.3104, -1.51923 ], [ 37.30986, -1.51931 ], [ 37.3091, -1.51938 ], [ 37.30867, -1.51955 ], [ 37.30818, -1.51935 ], [ 37.30747, -1.51946 ], [ 37.3069, -1.51951 ], [ 37.30656, -1.51953 ], [ 37.30506, -1.51961 ], [ 37.30427, -1.51953 ], [ 37.30354, -1.51953 ], [ 37.30354, -1.51937 ], [ 37.30354, -1.51925 ], [ 37.30341, -1.51913 ], [ 37.30324, -1.51899 ], [ 37.30311, -1.51885 ], [ 37.30299, -1.51867 ], [ 37.30287, -1.51851 ], [ 37.3028, -1.51814 ], [ 37.30273, -1.51787 ], [ 37.3025, -1.51764 ], [ 37.30242, -1.51739 ], [ 37.30237, -1.51713 ], [ 37.3023, -1.51695 ], [ 37.30216, -1.51674 ], [ 37.302, -1.51634 ], [ 37.30194, -1.51615 ], [ 37.30194, -1.5161 ], [ 37.30194, -1.51595 ], [ 37.30194, -1.51569 ], [ 37.30188, -1.51538 ], [ 37.30175, -1.51513 ], [ 37.30161, -1.51493 ], [ 37.30151, -1.51467 ], [ 37.30153, -1.51431 ], [ 37.30147, -1.51403 ], [ 37.30122, -1.51388 ], [ 37.30103, -1.51378 ], [ 37.30086, -1.51371 ], [ 37.30062, -1.51353 ], [ 37.30055, -1.51335 ], [ 37.30055, -1.51307 ], [ 37.30055, -1.51282 ], [ 37.30054, -1.51248 ], [ 37.30053, -1.51216 ], [ 37.30049, -1.51191 ], [ 37.30043, -1.51174 ], [ 37.30029, -1.51138 ], [ 37.30015, -1.51111 ], [ 37.2999, -1.51083 ], [ 37.29977, -1.51045 ], [ 37.29976, -1.51019 ], [ 37.29989, -1.51003 ], [ 37.30008, -1.50994 ], [ 37.30019, -1.5098 ], [ 37.30025, -1.50962 ], [ 37.30026, -1.50961 ], [ 37.30027, -1.50938 ], [ 37.30027, -1.50907 ], [ 37.30024, -1.50889 ], [ 37.30004, -1.5086 ], [ 37.29993, -1.50844 ], [ 37.29973, -1.50805 ], [ 37.29966, -1.50769 ], [ 37.29965, -1.50736 ], [ 37.29953, -1.50682 ], [ 37.29951, -1.50653 ], [ 37.29934, -1.50611 ], [ 37.29916, -1.50572 ], [ 37.29899, -1.5055 ], [ 37.29888, -1.5053 ], [ 37.29882, -1.50497 ], [ 37.29865, -1.50453 ], [ 37.29855, -1.50437 ], [ 37.29842, -1.5042 ], [ 37.29826, -1.50394 ], [ 37.29822, -1.50371 ], [ 37.29823, -1.50357 ], [ 37.29833, -1.50343 ], [ 37.29837, -1.5033 ], [ 37.29833, -1.50314 ], [ 37.29829, -1.50292 ], [ 37.29824, -1.50276 ], [ 37.29828, -1.50256 ], [ 37.2983, -1.50242 ], [ 37.2983, -1.50224 ], [ 37.29813, -1.50195 ], [ 37.29803, -1.50175 ], [ 37.29797, -1.50155 ], [ 37.29797, -1.50136 ], [ 37.29806, -1.50116 ], [ 37.29813, -1.501 ], [ 37.29816, -1.50089 ], [ 37.29821, -1.5007 ], [ 37.29821, -1.50053 ], [ 37.29827, -1.50016 ], [ 37.29834, -1.49997 ], [ 37.29843, -1.49978 ], [ 37.29849, -1.49926 ], [ 37.29816, -1.49925 ], [ 37.2978, -1.49925 ], [ 37.2975, -1.49925 ], [ 37.29717, -1.49931 ], [ 37.29688, -1.49933 ], [ 37.29646, -1.49935 ], [ 37.29625, -1.49934 ], [ 37.29604, -1.49925 ], [ 37.29583, -1.49909 ], [ 37.2957, -1.4989 ], [ 37.29557, -1.49864 ], [ 37.29548, -1.49841 ], [ 37.2954, -1.49823 ], [ 37.29519, -1.49789 ], [ 37.29492, -1.49749 ], [ 37.29472, -1.49729 ], [ 37.29448, -1.49706 ], [ 37.29431, -1.49693 ], [ 37.29403, -1.49679 ], [ 37.29368, -1.4967 ], [ 37.29328, -1.49659 ], [ 37.29328, -1.49648 ], [ 37.2932, -1.49631 ], [ 37.29309, -1.49603 ], [ 37.29298, -1.49582 ], [ 37.29286, -1.4956 ], [ 37.29274, -1.49539 ], [ 37.29263, -1.4952 ], [ 37.29245, -1.49458 ], [ 37.29245, -1.49425 ], [ 37.29243, -1.49389 ], [ 37.29241, -1.49352 ], [ 37.2924, -1.49315 ], [ 37.2924, -1.49272 ], [ 37.29236, -1.49241 ], [ 37.29231, -1.49215 ], [ 37.29227, -1.49191 ], [ 37.29216, -1.49142 ], [ 37.29213, -1.49111 ], [ 37.29205, -1.49077 ], [ 37.29201, -1.49055 ], [ 37.29198, -1.49043 ], [ 37.29195, -1.49004 ], [ 37.2919, -1.48981 ], [ 37.29187, -1.48945 ], [ 37.29187, -1.48933 ], [ 37.29187, -1.4891 ], [ 37.29186, -1.48866 ], [ 37.29178, -1.48844 ], [ 37.29165, -1.48828 ], [ 37.29154, -1.48805 ], [ 37.29143, -1.48778 ], [ 37.29135, -1.48749 ], [ 37.29123, -1.48714 ], [ 37.29111, -1.4868 ], [ 37.29096, -1.48648 ], [ 37.29082, -1.48623 ], [ 37.2907, -1.4861 ], [ 37.29037, -1.48581 ], [ 37.29008, -1.48553 ], [ 37.28997, -1.48535 ], [ 37.28988, -1.48508 ], [ 37.28978, -1.48466 ], [ 37.28972, -1.48436 ], [ 37.28965, -1.4841 ], [ 37.28961, -1.48394 ], [ 37.2896, -1.48392 ], [ 37.28932, -1.48357 ], [ 37.28912, -1.4834 ], [ 37.2888, -1.48302 ], [ 37.28862, -1.48258 ], [ 37.28853, -1.48242 ], [ 37.28836, -1.48224 ], [ 37.28824, -1.48216 ], [ 37.28803, -1.4821 ], [ 37.28783, -1.4821 ], [ 37.28769, -1.48205 ], [ 37.28757, -1.48186 ], [ 37.2875, -1.48155 ], [ 37.28755, -1.4812 ], [ 37.28784, -1.48091 ], [ 37.28816, -1.48082 ], [ 37.28863, -1.48076 ], [ 37.28884, -1.48071 ], [ 37.28918, -1.48078 ], [ 37.28957, -1.48099 ], [ 37.28989, -1.4811 ], [ 37.29021, -1.48111 ], [ 37.29051, -1.481 ], [ 37.29077, -1.48083 ], [ 37.2909, -1.48059 ], [ 37.29088, -1.48024 ], [ 37.29088, -1.47986 ], [ 37.29078, -1.47931 ], [ 37.29061, -1.47883 ], [ 37.29052, -1.47852 ], [ 37.29043, -1.47814 ], [ 37.29034, -1.47788 ], [ 37.29026, -1.47761 ], [ 37.29014, -1.47734 ], [ 37.29003, -1.47725 ], [ 37.28974, -1.47698 ], [ 37.28961, -1.47683 ], [ 37.28958, -1.47673 ], [ 37.28955, -1.47665 ], [ 37.2896, -1.47637 ], [ 37.28973, -1.47611 ], [ 37.28992, -1.47582 ], [ 37.29002, -1.47561 ], [ 37.29019, -1.47534 ], [ 37.29049, -1.47481 ], [ 37.29052, -1.47454 ], [ 37.29054, -1.47423 ], [ 37.29051, -1.47397 ], [ 37.29045, -1.47364 ], [ 37.29032, -1.47331 ], [ 37.29012, -1.47302 ], [ 37.28996, -1.47284 ], [ 37.28988, -1.4727 ], [ 37.28977, -1.47253 ], [ 37.28968, -1.4724 ], [ 37.28953, -1.47221 ], [ 37.28949, -1.47215 ], [ 37.28936, -1.47177 ], [ 37.28924, -1.4715 ], [ 37.28911, -1.4711 ], [ 37.28897, -1.47077 ], [ 37.28884, -1.4705 ], [ 37.2887, -1.47018 ], [ 37.28856, -1.46983 ], [ 37.28848, -1.46962 ], [ 37.28834, -1.46909 ], [ 37.28821, -1.46877 ], [ 37.28804, -1.46851 ], [ 37.28771, -1.46818 ], [ 37.28747, -1.46798 ], [ 37.28715, -1.46782 ], [ 37.28709, -1.4678 ], [ 37.28687, -1.46771 ], [ 37.28663, -1.46756 ], [ 37.28639, -1.46744 ], [ 37.28619, -1.46728 ], [ 37.28607, -1.46717 ], [ 37.28584, -1.46698 ], [ 37.28568, -1.46683 ], [ 37.28551, -1.46657 ], [ 37.28533, -1.4663 ], [ 37.28518, -1.46602 ], [ 37.28504, -1.46576 ], [ 37.28487, -1.46542 ], [ 37.28476, -1.46514 ], [ 37.28474, -1.46508 ], [ 37.28465, -1.46487 ], [ 37.28452, -1.46443 ], [ 37.28448, -1.4641 ], [ 37.28443, -1.46372 ], [ 37.28442, -1.46345 ], [ 37.28442, -1.463 ], [ 37.28442, -1.46259 ], [ 37.28438, -1.46225 ], [ 37.28434, -1.46198 ], [ 37.28431, -1.4615 ], [ 37.28423, -1.46114 ], [ 37.28412, -1.46086 ], [ 37.28391, -1.46021 ], [ 37.28377, -1.45988 ], [ 37.2836, -1.45951 ], [ 37.28348, -1.45931 ], [ 37.28327, -1.45902 ], [ 37.28316, -1.45884 ], [ 37.28288, -1.45846 ], [ 37.28262, -1.45813 ], [ 37.28238, -1.45784 ], [ 37.28213, -1.45754 ], [ 37.28197, -1.45723 ], [ 37.2818, -1.45683 ], [ 37.2816, -1.45644 ], [ 37.2815, -1.4562 ], [ 37.28137, -1.45589 ], [ 37.28129, -1.45551 ], [ 37.28132, -1.45531 ], [ 37.28135, -1.45511 ], [ 37.28136, -1.45472 ], [ 37.28136, -1.45466 ], [ 37.28136, -1.45421 ], [ 37.28135, -1.45378 ], [ 37.28136, -1.4534 ], [ 37.28136, -1.45321 ], [ 37.28138, -1.45271 ], [ 37.28132, -1.45241 ], [ 37.28118, -1.45218 ], [ 37.28108, -1.452 ], [ 37.28091, -1.4517 ], [ 37.28072, -1.45141 ], [ 37.2806, -1.45126 ], [ 37.28045, -1.45098 ], [ 37.28036, -1.45076 ], [ 37.28033, -1.45051 ], [ 37.28004, -1.4505 ], [ 37.27955, -1.45046 ], [ 37.27898, -1.45031 ], [ 37.27828, -1.45008 ], [ 37.2777, -1.45001 ], [ 37.27724, -1.45005 ], [ 37.27685, -1.45009 ], [ 37.27652, -1.45011 ], [ 37.2762, -1.45013 ], [ 37.27568, -1.4501 ], [ 37.27523, -1.45007 ], [ 37.27454, -1.44973 ], [ 37.27429, -1.44951 ], [ 37.27406, -1.44928 ], [ 37.27398, -1.4491 ], [ 37.27392, -1.44882 ], [ 37.27385, -1.44857 ], [ 37.27383, -1.44796 ], [ 37.27367, -1.44745 ], [ 37.27352, -1.44719 ], [ 37.27327, -1.4468 ], [ 37.27324, -1.44681 ], [ 37.27324, -1.44676 ], [ 37.27313, -1.44659 ], [ 37.27297, -1.4463 ], [ 37.27269, -1.44576 ], [ 37.27247, -1.44538 ], [ 37.27231, -1.44509 ], [ 37.27218, -1.44483 ], [ 37.27186, -1.44404 ], [ 37.27164, -1.44376 ], [ 37.27131, -1.44354 ], [ 37.27099, -1.44313 ], [ 37.27075, -1.44282 ], [ 37.27046, -1.44244 ], [ 37.27028, -1.44211 ], [ 37.2702, -1.44192 ], [ 37.27018, -1.44189 ], [ 37.27008, -1.44171 ], [ 37.26984, -1.4414 ], [ 37.26928, -1.44094 ], [ 37.26903, -1.44059 ], [ 37.26893, -1.44021 ], [ 37.26894, -1.43981 ], [ 37.26891, -1.4393 ], [ 37.26888, -1.43895 ], [ 37.26885, -1.43866 ], [ 37.26863, -1.43838 ], [ 37.2683, -1.43818 ], [ 37.26787, -1.43799 ], [ 37.26785, -1.43801 ], [ 37.26783, -1.43798 ], [ 37.26764, -1.43789 ], [ 37.26722, -1.43768 ], [ 37.26685, -1.43756 ], [ 37.26652, -1.43744 ], [ 37.26629, -1.43736 ], [ 37.26598, -1.43715 ], [ 37.26596, -1.43713 ], [ 37.2657, -1.43677 ], [ 37.2656, -1.43664 ], [ 37.2656, -1.43663 ], [ 37.26559, -1.43662 ], [ 37.26549, -1.43649 ], [ 37.26538, -1.43631 ], [ 37.26514, -1.43587 ], [ 37.26499, -1.43563 ], [ 37.26465, -1.43511 ], [ 37.26444, -1.43481 ], [ 37.26423, -1.43464 ], [ 37.26421, -1.43463 ], [ 37.26371, -1.43411 ], [ 37.2635, -1.43361 ], [ 37.26336, -1.43333 ], [ 37.26314, -1.43299 ], [ 37.26287, -1.43257 ], [ 37.26256, -1.43229 ], [ 37.26225, -1.43204 ], [ 37.26181, -1.43172 ], [ 37.26147, -1.43155 ], [ 37.26101, -1.43139 ], [ 37.26062, -1.43115 ], [ 37.26034, -1.43103 ], [ 37.26001, -1.43092 ], [ 37.25958, -1.43081 ], [ 37.25929, -1.43067 ], [ 37.2589, -1.43065 ], [ 37.25876, -1.43064 ], [ 37.25876, -1.43065 ], [ 37.25874, -1.43064 ], [ 37.25806, -1.43061 ], [ 37.25752, -1.43055 ], [ 37.25707, -1.43024 ], [ 37.25658, -1.42972 ], [ 37.25628, -1.42936 ], [ 37.25569, -1.42899 ], [ 37.25512, -1.42873 ], [ 37.25469, -1.42846 ], [ 37.25438, -1.42824 ], [ 37.2539, -1.42796 ], [ 37.25319, -1.42756 ], [ 37.25284, -1.42743 ], [ 37.25246, -1.42725 ], [ 37.25205, -1.42714 ], [ 37.25182, -1.42709 ], [ 37.25177, -1.42708 ], [ 37.25158, -1.42705 ], [ 37.25158, -1.42672 ], [ 37.25158, -1.42658 ], [ 37.25159, -1.42629 ], [ 37.25165, -1.42585 ], [ 37.25162, -1.42557 ], [ 37.25172, -1.42539 ], [ 37.25176, -1.4253 ], [ 37.25179, -1.42509 ], [ 37.2518, -1.4249 ], [ 37.25185, -1.42468 ], [ 37.25198, -1.42443 ], [ 37.25209, -1.42424 ], [ 37.25222, -1.42406 ], [ 37.25237, -1.42389 ], [ 37.25257, -1.4237 ], [ 37.2528, -1.42357 ], [ 37.25299, -1.42349 ], [ 37.25322, -1.4234 ], [ 37.25343, -1.42326 ], [ 37.25367, -1.42318 ], [ 37.25382, -1.42317 ], [ 37.25439, -1.42308 ], [ 37.25467, -1.42308 ], [ 37.25487, -1.42297 ], [ 37.25504, -1.42281 ], [ 37.25523, -1.42262 ], [ 37.25553, -1.42242 ], [ 37.2557, -1.42225 ], [ 37.25571, -1.42221 ], [ 37.25573, -1.42199 ], [ 37.25576, -1.42178 ], [ 37.25578, -1.42166 ], [ 37.25585, -1.42151 ], [ 37.25595, -1.42134 ], [ 37.25605, -1.4211 ], [ 37.25612, -1.42092 ], [ 37.25615, -1.42063 ], [ 37.25622, -1.42041 ], [ 37.25623, -1.42022 ], [ 37.25626, -1.42011 ], [ 37.25634, -1.41972 ], [ 37.25634, -1.41955 ], [ 37.25637, -1.4192 ], [ 37.2564, -1.41898 ], [ 37.25641, -1.41886 ], [ 37.25647, -1.41868 ], [ 37.25652, -1.41847 ], [ 37.25656, -1.41825 ], [ 37.25661, -1.41803 ], [ 37.25669, -1.41777 ], [ 37.25677, -1.41758 ], [ 37.25691, -1.4173 ], [ 37.25698, -1.41712 ], [ 37.25706, -1.41689 ], [ 37.25708, -1.41665 ], [ 37.25708, -1.4165 ], [ 37.25712, -1.41635 ], [ 37.25717, -1.4162 ], [ 37.25718, -1.41611 ], [ 37.25722, -1.41598 ], [ 37.25727, -1.41573 ], [ 37.2574, -1.41555 ], [ 37.25752, -1.41536 ], [ 37.25764, -1.41521 ], [ 37.25777, -1.41503 ], [ 37.25788, -1.41488 ], [ 37.25792, -1.41478 ], [ 37.25797, -1.41464 ], [ 37.25798, -1.41451 ], [ 37.25802, -1.41421 ], [ 37.25802, -1.41406 ], [ 37.25802, -1.41377 ], [ 37.258, -1.41366 ], [ 37.25798, -1.41357 ], [ 37.25791, -1.41343 ], [ 37.25771, -1.41335 ], [ 37.2576, -1.41328 ], [ 37.25749, -1.41322 ], [ 37.25741, -1.41316 ], [ 37.25734, -1.41313 ], [ 37.25721, -1.41308 ], [ 37.25719, -1.41297 ], [ 37.25719, -1.41283 ], [ 37.25724, -1.41256 ], [ 37.25727, -1.41246 ], [ 37.25731, -1.41232 ], [ 37.25736, -1.41204 ], [ 37.25739, -1.41189 ], [ 37.2574, -1.41179 ], [ 37.25745, -1.41163 ], [ 37.25746, -1.41148 ], [ 37.25745, -1.4112 ], [ 37.25731, -1.41087 ], [ 37.2573, -1.41084 ], [ 37.2572, -1.41061 ], [ 37.25714, -1.4105 ], [ 37.25708, -1.41041 ], [ 37.25704, -1.41032 ], [ 37.25701, -1.41021 ], [ 37.25696, -1.41003 ], [ 37.2569, -1.40992 ], [ 37.25684, -1.40985 ], [ 37.25675, -1.40973 ], [ 37.25645, -1.40952 ], [ 37.25633, -1.40943 ], [ 37.2562, -1.40932 ], [ 37.25605, -1.40922 ], [ 37.25579, -1.40911 ], [ 37.25563, -1.40899 ], [ 37.25547, -1.40887 ], [ 37.25536, -1.40875 ], [ 37.25526, -1.40861 ], [ 37.2552, -1.40848 ], [ 37.25507, -1.40813 ], [ 37.25496, -1.40783 ], [ 37.25488, -1.40759 ], [ 37.25489, -1.40747 ], [ 37.25489, -1.40729 ], [ 37.25486, -1.40712 ], [ 37.2548, -1.40694 ], [ 37.25476, -1.40675 ], [ 37.25474, -1.40641 ], [ 37.25472, -1.40619 ], [ 37.25469, -1.406 ], [ 37.25465, -1.40582 ], [ 37.25463, -1.40572 ], [ 37.2546, -1.40558 ], [ 37.2546, -1.40541 ], [ 37.2546, -1.40525 ], [ 37.25459, -1.40501 ], [ 37.25459, -1.40471 ], [ 37.25459, -1.40438 ], [ 37.2546, -1.4041 ], [ 37.25454, -1.40393 ], [ 37.25449, -1.40383 ], [ 37.25441, -1.4037 ], [ 37.25436, -1.40364 ], [ 37.25435, -1.40359 ], [ 37.2543, -1.40347 ], [ 37.25428, -1.40341 ], [ 37.25426, -1.40328 ], [ 37.25422, -1.40316 ], [ 37.2542, -1.40308 ], [ 37.25408, -1.40289 ], [ 37.25396, -1.40274 ], [ 37.25381, -1.40248 ], [ 37.25371, -1.40234 ], [ 37.2536, -1.40225 ], [ 37.25348, -1.40214 ], [ 37.25339, -1.40206 ], [ 37.25326, -1.40193 ], [ 37.25303, -1.40166 ], [ 37.25286, -1.40138 ], [ 37.25273, -1.40122 ], [ 37.25267, -1.4011 ], [ 37.25259, -1.40093 ], [ 37.25253, -1.40079 ], [ 37.25252, -1.40068 ], [ 37.25251, -1.40052 ], [ 37.25252, -1.40023 ], [ 37.25252, -1.40009 ], [ 37.25259, -1.39975 ], [ 37.25258, -1.39954 ], [ 37.25265, -1.39931 ], [ 37.25267, -1.39912 ], [ 37.2527, -1.39894 ], [ 37.25272, -1.39878 ], [ 37.25277, -1.39863 ], [ 37.2528, -1.39851 ], [ 37.25281, -1.39839 ], [ 37.25282, -1.3982 ], [ 37.25276, -1.3979 ], [ 37.25266, -1.39774 ], [ 37.25256, -1.39762 ], [ 37.25253, -1.39743 ], [ 37.25258, -1.39726 ], [ 37.25266, -1.39709 ], [ 37.25282, -1.39697 ], [ 37.25301, -1.39691 ], [ 37.2532, -1.39687 ], [ 37.25345, -1.39682 ], [ 37.25371, -1.39678 ], [ 37.25384, -1.39667 ], [ 37.25396, -1.39655 ], [ 37.25407, -1.39642 ], [ 37.25413, -1.39627 ], [ 37.25413, -1.39614 ], [ 37.25409, -1.39601 ], [ 37.25407, -1.39589 ], [ 37.25401, -1.39576 ], [ 37.25379, -1.39557 ], [ 37.25371, -1.39534 ], [ 37.25364, -1.39509 ], [ 37.25359, -1.395 ], [ 37.25358, -1.39484 ], [ 37.25356, -1.39467 ], [ 37.25354, -1.39449 ], [ 37.25352, -1.39434 ], [ 37.25347, -1.39424 ], [ 37.25342, -1.3941 ], [ 37.25335, -1.39399 ], [ 37.25335, -1.39383 ], [ 37.25335, -1.39363 ], [ 37.25338, -1.39342 ], [ 37.25341, -1.39324 ], [ 37.25352, -1.3931 ], [ 37.25365, -1.39296 ], [ 37.25371, -1.39287 ], [ 37.25381, -1.39275 ], [ 37.254, -1.39255 ], [ 37.25417, -1.39235 ], [ 37.25433, -1.39212 ], [ 37.25436, -1.39198 ], [ 37.25441, -1.39183 ], [ 37.25442, -1.39148 ], [ 37.25445, -1.39131 ], [ 37.25457, -1.39115 ], [ 37.25469, -1.39105 ], [ 37.25484, -1.39094 ], [ 37.255, -1.39083 ], [ 37.25524, -1.39071 ], [ 37.25539, -1.3906 ], [ 37.25562, -1.39047 ], [ 37.25578, -1.39035 ], [ 37.25589, -1.39023 ], [ 37.256, -1.39012 ], [ 37.25629, -1.38976 ], [ 37.2565, -1.38955 ], [ 37.2567, -1.38943 ], [ 37.2569, -1.38933 ], [ 37.25706, -1.38923 ], [ 37.25719, -1.38913 ], [ 37.25731, -1.38898 ], [ 37.25739, -1.38873 ], [ 37.25741, -1.38861 ], [ 37.25743, -1.38851 ], [ 37.25749, -1.38832 ], [ 37.25776, -1.38809 ], [ 37.25787, -1.38797 ], [ 37.25813, -1.38774 ], [ 37.25827, -1.38748 ], [ 37.2584, -1.38732 ], [ 37.25848, -1.38716 ], [ 37.25854, -1.38704 ], [ 37.25866, -1.38682 ], [ 37.25875, -1.38672 ], [ 37.25874, -1.38672 ], [ 37.25817, -1.3864 ], [ 37.25772, -1.38645 ], [ 37.25734, -1.38645 ], [ 37.25697, -1.38645 ], [ 37.25663, -1.38649 ], [ 37.25663, -1.38649 ], [ 37.25634, -1.38658 ], [ 37.25595, -1.3866 ], [ 37.25545, -1.3866 ], [ 37.25476, -1.38656 ], [ 37.25418, -1.38645 ], [ 37.25375, -1.38645 ], [ 37.25327, -1.38645 ], [ 37.25216, -1.3869 ], [ 37.25116, -1.3874 ], [ 37.25028, -1.38785 ], [ 37.24927, -1.38813 ], [ 37.24822, -1.38841 ], [ 37.24711, -1.38884 ], [ 37.2463, -1.38898 ], [ 37.24619, -1.38912 ], [ 37.24483, -1.3896 ], [ 37.24267, -1.38993 ], [ 37.24162, -1.38995 ], [ 37.24092, -1.38992 ], [ 37.23984, -1.38997 ], [ 37.23896, -1.38989 ], [ 37.23801, -1.38978 ], [ 37.23757, -1.38976 ], [ 37.2375, -1.38954 ], [ 37.23702, -1.38879 ], [ 37.23665, -1.38823 ], [ 37.23652, -1.38813 ], [ 37.23627, -1.38788 ], [ 37.23613, -1.38755 ], [ 37.23603, -1.38721 ], [ 37.23592, -1.38689 ], [ 37.23589, -1.3867 ], [ 37.23588, -1.38648 ], [ 37.2358, -1.38622 ], [ 37.23579, -1.38595 ], [ 37.23573, -1.38562 ], [ 37.23571, -1.38554 ], [ 37.23541, -1.38551 ], [ 37.23507, -1.38564 ], [ 37.23474, -1.38582 ], [ 37.23429, -1.38592 ], [ 37.2339, -1.38614 ], [ 37.23347, -1.38631 ], [ 37.23318, -1.38648 ], [ 37.23293, -1.38668 ], [ 37.23282, -1.38675 ], [ 37.23291, -1.38742 ], [ 37.23296, -1.38863 ], [ 37.23354, -1.38989 ], [ 37.23393, -1.39105 ], [ 37.23426, -1.39216 ], [ 37.23426, -1.39322 ], [ 37.23426, -1.39397 ], [ 37.2345, -1.39423 ], [ 37.2347, -1.39448 ], [ 37.23495, -1.39487 ], [ 37.23517, -1.39524 ], [ 37.23537, -1.39566 ], [ 37.23558, -1.39611 ], [ 37.23575, -1.39655 ], [ 37.23585, -1.39686 ], [ 37.23585, -1.39724 ], [ 37.23584, -1.3976 ], [ 37.23648, -1.39779 ], [ 37.23641, -1.39817 ], [ 37.23638, -1.39852 ], [ 37.23632, -1.39868 ], [ 37.23614, -1.39907 ], [ 37.23588, -1.39977 ], [ 37.23574, -1.40012 ], [ 37.23571, -1.40045 ], [ 37.2356, -1.40124 ], [ 37.23514, -1.40109 ], [ 37.23454, -1.40118 ], [ 37.23412, -1.40081 ], [ 37.23359, -1.4003 ], [ 37.23309, -1.39976 ], [ 37.23285, -1.39941 ], [ 37.23252, -1.39891 ], [ 37.23198, -1.39807 ], [ 37.23159, -1.39729 ], [ 37.23136, -1.39667 ], [ 37.23111, -1.39629 ], [ 37.23111, -1.39628 ], [ 37.23103, -1.39617 ], [ 37.23089, -1.39597 ], [ 37.23035, -1.39543 ], [ 37.23005, -1.39513 ], [ 37.22952, -1.39466 ], [ 37.22921, -1.39438 ], [ 37.22919, -1.39436 ], [ 37.22886, -1.39391 ], [ 37.22855, -1.39341 ], [ 37.22822, -1.39305 ], [ 37.22783, -1.39274 ], [ 37.22747, -1.3924 ], [ 37.22715, -1.39206 ], [ 37.22697, -1.39176 ], [ 37.22685, -1.39136 ], [ 37.22668, -1.39119 ], [ 37.22641, -1.39102 ], [ 37.22631, -1.39097 ], [ 37.22586, -1.39072 ], [ 37.22553, -1.39061 ], [ 37.22522, -1.39048 ], [ 37.22448, -1.39011 ], [ 37.22397, -1.38959 ], [ 37.22362, -1.38927 ], [ 37.22301, -1.38863 ], [ 37.22254, -1.38806 ], [ 37.2221, -1.38748 ], [ 37.22183, -1.38708 ], [ 37.22152, -1.38653 ], [ 37.22126, -1.38617 ], [ 37.22123, -1.38595 ], [ 37.22117, -1.38589 ], [ 37.22119, -1.38569 ], [ 37.22108, -1.38525 ], [ 37.22102, -1.38488 ], [ 37.22084, -1.38443 ], [ 37.22076, -1.38413 ], [ 37.22065, -1.38357 ], [ 37.22062, -1.38291 ], [ 37.22062, -1.38232 ], [ 37.22071, -1.38187 ], [ 37.2207, -1.37752 ], [ 37.22053, -1.377 ], [ 37.22049, -1.37653 ], [ 37.22045, -1.37544 ], [ 37.22041, -1.37453 ], [ 37.22041, -1.37393 ], [ 37.22041, -1.37386 ], [ 37.22041, -1.37321 ], [ 37.22043, -1.3723 ], [ 37.22043, -1.37152 ], [ 37.22041, -1.37052 ], [ 37.22042, -1.36995 ], [ 37.22042, -1.36934 ], [ 37.22042, -1.36885 ], [ 37.22033, -1.36823 ], [ 37.22035, -1.36787 ], [ 37.22035, -1.36741 ], [ 37.22036, -1.36701 ], [ 37.22036, -1.36655 ], [ 37.22035, -1.36599 ], [ 37.22031, -1.36544 ], [ 37.22028, -1.36502 ], [ 37.22026, -1.3636 ], [ 37.22021, -1.36301 ], [ 37.22023, -1.36262 ], [ 37.22023, -1.36215 ], [ 37.22019, -1.36162 ], [ 37.22019, -1.36094 ], [ 37.22015, -1.36036 ], [ 37.22013, -1.35937 ], [ 37.22012, -1.35848 ], [ 37.22008, -1.35765 ], [ 37.22008, -1.35695 ], [ 37.22009, -1.3562 ], [ 37.22009, -1.35566 ], [ 37.22005, -1.35487 ], [ 37.22005, -1.35444 ], [ 37.22005, -1.35366 ], [ 37.21995, -1.35306 ], [ 37.21998, -1.35264 ], [ 37.21995, -1.35247 ], [ 37.21987, -1.35201 ], [ 37.21987, -1.35194 ], [ 37.21982, -1.35152 ], [ 37.21982, -1.35137 ], [ 37.21981, -1.35104 ], [ 37.22, -1.34991 ], [ 37.21996, -1.3492 ], [ 37.22, -1.34873 ], [ 37.22001, -1.34865 ], [ 37.21997, -1.348 ], [ 37.21999, -1.34714 ], [ 37.21999, -1.34712 ], [ 37.22001, -1.34669 ], [ 37.21999, -1.34643 ], [ 37.21998, -1.346 ], [ 37.21996, -1.34564 ], [ 37.21994, -1.34468 ], [ 37.21988, -1.34352 ], [ 37.2199, -1.34296 ], [ 37.21977, -1.33907 ], [ 37.21976, -1.33816 ], [ 37.21963, -1.33236 ], [ 37.2195, -1.32665 ], [ 37.21949, -1.32629 ], [ 37.21948, -1.32598 ], [ 37.21948, -1.32593 ], [ 37.21948, -1.32592 ], [ 37.2194, -1.32224 ], [ 37.21938, -1.32127 ], [ 37.21937, -1.32071 ], [ 37.21934, -1.31957 ], [ 37.2193, -1.31811 ], [ 37.21921, -1.31573 ], [ 37.21907, -1.30998 ], [ 37.21887, -1.30389 ], [ 37.21878, -1.30281 ], [ 37.21876, -1.30266 ], [ 37.21886, -1.30263 ], [ 37.21896, -1.30261 ], [ 37.21927, -1.30253 ], [ 37.21954, -1.30238 ], [ 37.22003, -1.30229 ], [ 37.22026, -1.30224 ], [ 37.22095, -1.30199 ], [ 37.22123, -1.30189 ], [ 37.2218, -1.30169 ], [ 37.22204, -1.30155 ], [ 37.22283, -1.30179 ], [ 37.22357, -1.30196 ], [ 37.2252, -1.30247 ], [ 37.22685, -1.30301 ], [ 37.22717, -1.30314 ], [ 37.22827, -1.30358 ], [ 37.22929, -1.30409 ], [ 37.23081, -1.30487 ], [ 37.23216, -1.30527 ], [ 37.23225, -1.30524 ], [ 37.23268, -1.30524 ], [ 37.23315, -1.30527 ], [ 37.23351, -1.30533 ], [ 37.23385, -1.30544 ], [ 37.23395, -1.30548 ], [ 37.23403, -1.3055 ], [ 37.23447, -1.3056 ], [ 37.2347, -1.3056 ], [ 37.23491, -1.30559 ], [ 37.23505, -1.30556 ], [ 37.23519, -1.30547 ], [ 37.23528, -1.30536 ], [ 37.23528, -1.30536 ], [ 37.23533, -1.30529 ], [ 37.23537, -1.30523 ], [ 37.23548, -1.30467 ], [ 37.23538, -1.30446 ], [ 37.23522, -1.30417 ], [ 37.23522, -1.30416 ], [ 37.23519, -1.30412 ], [ 37.23501, -1.30387 ], [ 37.2349, -1.30361 ], [ 37.23488, -1.30351 ], [ 37.23491, -1.30341 ], [ 37.23492, -1.30333 ], [ 37.23495, -1.30325 ], [ 37.23507, -1.3032 ], [ 37.23526, -1.30303 ], [ 37.23544, -1.30286 ], [ 37.23554, -1.3027 ], [ 37.23559, -1.30251 ], [ 37.2356, -1.30246 ], [ 37.23564, -1.30216 ], [ 37.2357, -1.30195 ], [ 37.23583, -1.30176 ], [ 37.23607, -1.30157 ], [ 37.23623, -1.30144 ], [ 37.23648, -1.30129 ], [ 37.23667, -1.30113 ], [ 37.23667, -1.30113 ], [ 37.23702, -1.301 ], [ 37.23738, -1.30079 ], [ 37.23767, -1.30063 ], [ 37.23788, -1.30056 ], [ 37.2379, -1.30056 ], [ 37.2382, -1.30054 ], [ 37.23841, -1.30052 ], [ 37.23857, -1.30051 ], [ 37.23871, -1.30048 ], [ 37.23888, -1.30041 ], [ 37.23904, -1.30034 ], [ 37.23927, -1.30023 ], [ 37.23928, -1.30023 ], [ 37.23946, -1.30015 ], [ 37.23971, -1.30017 ], [ 37.23982, -1.30017 ], [ 37.24, -1.30023 ], [ 37.24006, -1.30023 ], [ 37.2402, -1.30023 ], [ 37.2404, -1.30021 ], [ 37.24042, -1.30021 ], [ 37.24054, -1.30006 ], [ 37.24056, -1.30003 ], [ 37.24065, -1.2999 ], [ 37.24066, -1.29989 ], [ 37.24067, -1.29988 ], [ 37.24091, -1.29963 ], [ 37.24112, -1.29947 ], [ 37.24121, -1.29934 ], [ 37.24124, -1.29928 ], [ 37.24137, -1.29912 ], [ 37.24146, -1.29901 ], [ 37.24171, -1.29881 ], [ 37.24194, -1.29874 ], [ 37.24209, -1.29869 ], [ 37.24222, -1.29865 ], [ 37.24248, -1.29865 ], [ 37.24263, -1.29865 ], [ 37.24288, -1.29878 ], [ 37.24304, -1.29889 ], [ 37.24321, -1.299 ], [ 37.24334, -1.29899 ], [ 37.24343, -1.29891 ], [ 37.24363, -1.29869 ], [ 37.24388, -1.2985 ], [ 37.2443, -1.29831 ], [ 37.24453, -1.29821 ], [ 37.24474, -1.2982 ], [ 37.2448, -1.2982 ], [ 37.24482, -1.29819 ], [ 37.24515, -1.29819 ], [ 37.24537, -1.2982 ], [ 37.2454, -1.29819 ], [ 37.24542, -1.29819 ], [ 37.24545, -1.29819 ], [ 37.24559, -1.29813 ], [ 37.2458, -1.29794 ], [ 37.24596, -1.29778 ], [ 37.24603, -1.29771 ], [ 37.24619, -1.2976 ], [ 37.24631, -1.29751 ], [ 37.24653, -1.29739 ], [ 37.24658, -1.29735 ], [ 37.24661, -1.29734 ], [ 37.24665, -1.29732 ], [ 37.24672, -1.29728 ], [ 37.24688, -1.29714 ], [ 37.24711, -1.29703 ], [ 37.24737, -1.29698 ], [ 37.24772, -1.29698 ], [ 37.24778, -1.29721 ], [ 37.2478, -1.2974 ], [ 37.24797, -1.29763 ], [ 37.2482, -1.2978 ], [ 37.24853, -1.29786 ], [ 37.24861, -1.29786 ], [ 37.24871, -1.29786 ], [ 37.24908, -1.29789 ], [ 37.24922, -1.29789 ], [ 37.24951, -1.29795 ], [ 37.24978, -1.29803 ], [ 37.24995, -1.29807 ], [ 37.25018, -1.29812 ], [ 37.25048, -1.29824 ], [ 37.25072, -1.29842 ], [ 37.25077, -1.29851 ], [ 37.25109, -1.29872 ], [ 37.25199, -1.2994 ], [ 37.25216, -1.2994 ], [ 37.25233, -1.29946 ], [ 37.25236, -1.29947 ], [ 37.25247, -1.29952 ], [ 37.25265, -1.29961 ], [ 37.25289, -1.29977 ], [ 37.25305, -1.29983 ], [ 37.25315, -1.29994 ], [ 37.25316, -1.29995 ], [ 37.25338, -1.30019 ], [ 37.25345, -1.30026 ], [ 37.2535, -1.30033 ], [ 37.25355, -1.30039 ], [ 37.25402, -1.30091 ], [ 37.2542, -1.30098 ], [ 37.2544, -1.30106 ], [ 37.25457, -1.30111 ], [ 37.25461, -1.30112 ], [ 37.25464, -1.30115 ], [ 37.25474, -1.30124 ], [ 37.25487, -1.30144 ], [ 37.25492, -1.30166 ], [ 37.25491, -1.30176 ], [ 37.25495, -1.30179 ], [ 37.25545, -1.30244 ], [ 37.2555, -1.30268 ], [ 37.25555, -1.30273 ], [ 37.2557, -1.30299 ], [ 37.2557, -1.303 ], [ 37.25573, -1.30312 ], [ 37.25578, -1.30331 ], [ 37.25573, -1.30361 ], [ 37.25567, -1.30371 ], [ 37.25589, -1.30477 ], [ 37.25589, -1.30477 ], [ 37.25589, -1.30478 ], [ 37.2559, -1.30478 ], [ 37.2559, -1.30479 ], [ 37.25593, -1.30494 ], [ 37.25592, -1.30494 ], [ 37.25594, -1.30506 ], [ 37.25594, -1.3051 ], [ 37.25595, -1.30534 ], [ 37.25595, -1.30539 ], [ 37.2557, -1.30543 ], [ 37.2557, -1.30543 ], [ 37.25569, -1.30541 ], [ 37.25539, -1.30541 ], [ 37.25539, -1.30541 ], [ 37.25403, -1.30571 ], [ 37.25221, -1.30639 ], [ 37.25082, -1.30664 ], [ 37.25068, -1.30668 ], [ 37.25045, -1.30677 ], [ 37.25019, -1.30692 ], [ 37.24965, -1.30707 ], [ 37.24955, -1.30716 ], [ 37.2493, -1.30725 ], [ 37.24912, -1.30738 ], [ 37.2489, -1.30752 ], [ 37.24871, -1.30763 ], [ 37.24851, -1.30776 ], [ 37.24832, -1.30794 ], [ 37.24801, -1.30822 ], [ 37.2476, -1.30856 ], [ 37.24748, -1.3087 ], [ 37.24728, -1.30885 ], [ 37.24702, -1.30899 ], [ 37.2468, -1.30912 ], [ 37.24653, -1.30928 ], [ 37.24629, -1.3094 ], [ 37.24593, -1.30959 ], [ 37.24551, -1.30987 ], [ 37.24531, -1.30999 ], [ 37.2451, -1.31012 ], [ 37.24491, -1.31026 ], [ 37.24477, -1.31038 ], [ 37.24469, -1.31045 ], [ 37.24425, -1.31087 ], [ 37.24411, -1.311 ], [ 37.24398, -1.31115 ], [ 37.24383, -1.31129 ], [ 37.24365, -1.31141 ], [ 37.24347, -1.31157 ], [ 37.24338, -1.31171 ], [ 37.24333, -1.31179 ], [ 37.24318, -1.31217 ], [ 37.24278, -1.31302 ], [ 37.24263, -1.31329 ], [ 37.24255, -1.31343 ], [ 37.2423, -1.31386 ], [ 37.24173, -1.31508 ], [ 37.24168, -1.31519 ], [ 37.24179, -1.31661 ], [ 37.24199, -1.31786 ], [ 37.24287, -1.31996 ], [ 37.24331, -1.32121 ], [ 37.24392, -1.32253 ], [ 37.24449, -1.32331 ], [ 37.24502, -1.3237 ], [ 37.24695, -1.32499 ], [ 37.24756, -1.32541 ], [ 37.24978, -1.3269 ], [ 37.25095, -1.32699 ], [ 37.25267, -1.32865 ], [ 37.25338, -1.32982 ], [ 37.25475, -1.33098 ], [ 37.25537, -1.33136 ], [ 37.25658, -1.33212 ], [ 37.25866, -1.33342 ], [ 37.25873, -1.33349 ], [ 37.25886, -1.33355 ], [ 37.26014, -1.33358 ], [ 37.26119, -1.33362 ], [ 37.26206, -1.33361 ], [ 37.26234, -1.33362 ], [ 37.26336, -1.33362 ], [ 37.26474, -1.33362 ], [ 37.26596, -1.33372 ], [ 37.26724, -1.33379 ], [ 37.26856, -1.33374 ], [ 37.26875, -1.33365 ], [ 37.26892, -1.33361 ], [ 37.26913, -1.33359 ], [ 37.26959, -1.33358 ], [ 37.27, -1.33362 ], [ 37.27015, -1.33364 ], [ 37.27034, -1.33366 ], [ 37.27049, -1.33366 ], [ 37.27067, -1.33367 ], [ 37.27086, -1.33371 ], [ 37.27111, -1.33373 ], [ 37.27117, -1.33376 ], [ 37.27126, -1.33372 ], [ 37.27145, -1.3336 ], [ 37.2717, -1.33347 ], [ 37.27191, -1.33332 ], [ 37.27215, -1.33326 ], [ 37.27247, -1.33303 ], [ 37.27267, -1.33273 ], [ 37.27287, -1.33261 ], [ 37.27299, -1.33255 ], [ 37.2731, -1.33254 ], [ 37.27323, -1.33254 ], [ 37.27335, -1.33254 ], [ 37.27345, -1.33253 ], [ 37.27342, -1.33286 ], [ 37.27343, -1.33289 ], [ 37.27352, -1.33285 ], [ 37.27369, -1.33277 ] ], [ [ 37.28158, -1.33867 ], [ 37.28158, -1.33866 ], [ 37.28158, -1.33867 ], [ 37.28158, -1.33867 ] ] ] } },
{ "type": "Feature", "properties": { "entity_id": 188, "p_entity": 23, "name": "Machakos Sub County" }, "geometry": { "type": "Polygon", "coordinates": [ [ [ 37.35091, -1.55167 ], [ 37.35091, -1.55188 ], [ 37.35091, -1.55218 ], [ 37.35088, -1.55249 ], [ 37.35086, -1.55251 ], [ 37.35076, -1.55264 ], [ 37.35044, -1.5528 ], [ 37.35037, -1.55283 ], [ 37.35016, -1.55293 ], [ 37.35014, -1.55294 ], [ 37.34984, -1.55308 ], [ 37.34961, -1.55317 ], [ 37.34952, -1.55321 ], [ 37.34915, -1.5534 ], [ 37.3488, -1.55358 ], [ 37.34843, -1.55377 ], [ 37.34831, -1.55386 ], [ 37.34816, -1.55394 ], [ 37.34788, -1.55409 ], [ 37.34786, -1.55409 ], [ 37.3474, -1.55407 ], [ 37.34704, -1.55407 ], [ 37.34696, -1.55407 ], [ 37.34658, -1.55405 ], [ 37.34645, -1.55407 ], [ 37.3461, -1.55411 ], [ 37.34596, -1.55416 ], [ 37.34573, -1.55422 ], [ 37.34543, -1.55432 ], [ 37.34516, -1.55444 ], [ 37.34488, -1.55457 ], [ 37.34469, -1.55472 ], [ 37.34446, -1.55493 ], [ 37.34421, -1.55507 ], [ 37.34398, -1.55528 ], [ 37.34371, -1.55547 ], [ 37.34345, -1.55567 ], [ 37.34314, -1.55584 ], [ 37.34284, -1.556 ], [ 37.34259, -1.55617 ], [ 37.3423, -1.55632 ], [ 37.34193, -1.55651 ], [ 37.34161, -1.55675 ], [ 37.34135, -1.55689 ], [ 37.34118, -1.55705 ], [ 37.34104, -1.55717 ], [ 37.34098, -1.55722 ], [ 37.34082, -1.55745 ], [ 37.34055, -1.55772 ], [ 37.34035, -1.55798 ], [ 37.34005, -1.55821 ], [ 37.33978, -1.5585 ], [ 37.33954, -1.55875 ], [ 37.33929, -1.55902 ], [ 37.33907, -1.55925 ], [ 37.33881, -1.5595 ], [ 37.33856, -1.55981 ], [ 37.33828, -1.56001 ], [ 37.33806, -1.56027 ], [ 37.33785, -1.56045 ], [ 37.33767, -1.56062 ], [ 37.33746, -1.56083 ], [ 37.33723, -1.56106 ], [ 37.33697, -1.5613 ], [ 37.33676, -1.56147 ], [ 37.33666, -1.5616 ], [ 37.33653, -1.56171 ], [ 37.3365, -1.56175 ], [ 37.33646, -1.56179 ], [ 37.33632, -1.5619 ], [ 37.33603, -1.56215 ], [ 37.33585, -1.56237 ], [ 37.33585, -1.56239 ], [ 37.33583, -1.56249 ], [ 37.33582, -1.56257 ], [ 37.33594, -1.56283 ], [ 37.33607, -1.56301 ], [ 37.33624, -1.56326 ], [ 37.33637, -1.56353 ], [ 37.33647, -1.56383 ], [ 37.33663, -1.56403 ], [ 37.33669, -1.56422 ], [ 37.33678, -1.56444 ], [ 37.33688, -1.56464 ], [ 37.33693, -1.56481 ], [ 37.33704, -1.56503 ], [ 37.33708, -1.56522 ], [ 37.33716, -1.56545 ], [ 37.33722, -1.56561 ], [ 37.33733, -1.56578 ], [ 37.33742, -1.56595 ], [ 37.33754, -1.56614 ], [ 37.33766, -1.5663 ], [ 37.33779, -1.56644 ], [ 37.33795, -1.56655 ], [ 37.33819, -1.56665 ], [ 37.33838, -1.56682 ], [ 37.33869, -1.56698 ], [ 37.33894, -1.56715 ], [ 37.33904, -1.56721 ], [ 37.33911, -1.56725 ], [ 37.33911, -1.56725 ], [ 37.33916, -1.56728 ], [ 37.33919, -1.5673 ], [ 37.33933, -1.56743 ], [ 37.33955, -1.56758 ], [ 37.33961, -1.56762 ], [ 37.33975, -1.56775 ], [ 37.33976, -1.56775 ], [ 37.33976, -1.56776 ], [ 37.33976, -1.56776 ], [ 37.33977, -1.56778 ], [ 37.33989, -1.56796 ], [ 37.34001, -1.5681 ], [ 37.34002, -1.56811 ], [ 37.34005, -1.56815 ], [ 37.34006, -1.56816 ], [ 37.34007, -1.56817 ], [ 37.34007, -1.56818 ], [ 37.34015, -1.56841 ], [ 37.34024, -1.5686 ], [ 37.34035, -1.56881 ], [ 37.34051, -1.56904 ], [ 37.3406, -1.56923 ], [ 37.3407, -1.56942 ], [ 37.34082, -1.5696 ], [ 37.34093, -1.56975 ], [ 37.34108, -1.56994 ], [ 37.34126, -1.57013 ], [ 37.34142, -1.57035 ], [ 37.34157, -1.57054 ], [ 37.34173, -1.57073 ], [ 37.34191, -1.57094 ], [ 37.34201, -1.57118 ], [ 37.34214, -1.57144 ], [ 37.34223, -1.57158 ], [ 37.34227, -1.57163 ], [ 37.34228, -1.57167 ], [ 37.34229, -1.5717 ], [ 37.34234, -1.57187 ], [ 37.34235, -1.57191 ], [ 37.34238, -1.57202 ], [ 37.3424, -1.57213 ], [ 37.34241, -1.57215 ], [ 37.34242, -1.57223 ], [ 37.34243, -1.57226 ], [ 37.34245, -1.5724 ], [ 37.34247, -1.57249 ], [ 37.34248, -1.57255 ], [ 37.3425, -1.57264 ], [ 37.34251, -1.57264 ], [ 37.34253, -1.57281 ], [ 37.34254, -1.57293 ], [ 37.34251, -1.57322 ], [ 37.34254, -1.5735 ], [ 37.34252, -1.57382 ], [ 37.34259, -1.5741 ], [ 37.34266, -1.57431 ], [ 37.34274, -1.57449 ], [ 37.34293, -1.5747 ], [ 37.34309, -1.57494 ], [ 37.34331, -1.57512 ], [ 37.34353, -1.57526 ], [ 37.34375, -1.57543 ], [ 37.34391, -1.57549 ], [ 37.34414, -1.57562 ], [ 37.3442, -1.57566 ], [ 37.3442, -1.57565 ], [ 37.34476, -1.57599 ], [ 37.3448, -1.57603 ], [ 37.34484, -1.57606 ], [ 37.34508, -1.57621 ], [ 37.3454, -1.57638 ], [ 37.34566, -1.57652 ], [ 37.34577, -1.5766 ], [ 37.34592, -1.57671 ], [ 37.3462, -1.57693 ], [ 37.34662, -1.57717 ], [ 37.34668, -1.57721 ], [ 37.34724, -1.57765 ], [ 37.34738, -1.57778 ], [ 37.34756, -1.57795 ], [ 37.34775, -1.57815 ], [ 37.34782, -1.57823 ], [ 37.34786, -1.57826 ], [ 37.34799, -1.57839 ], [ 37.34816, -1.57857 ], [ 37.34835, -1.57876 ], [ 37.34839, -1.57882 ], [ 37.34844, -1.5789 ], [ 37.34847, -1.57894 ], [ 37.34862, -1.57906 ], [ 37.34879, -1.57926 ], [ 37.34885, -1.57936 ], [ 37.34895, -1.57947 ], [ 37.34911, -1.57962 ], [ 37.34923, -1.57979 ], [ 37.34944, -1.58005 ], [ 37.34959, -1.58029 ], [ 37.34972, -1.58045 ], [ 37.34978, -1.58053 ], [ 37.34987, -1.58063 ], [ 37.34993, -1.58069 ], [ 37.35004, -1.58078 ], [ 37.35005, -1.5808 ], [ 37.35016, -1.58091 ], [ 37.35023, -1.58101 ], [ 37.35038, -1.5811 ], [ 37.35065, -1.58127 ], [ 37.35093, -1.58146 ], [ 37.35118, -1.58158 ], [ 37.3514, -1.58165 ], [ 37.35169, -1.58173 ], [ 37.35171, -1.58173 ], [ 37.35174, -1.58173 ], [ 37.35176, -1.58175 ], [ 37.35179, -1.58176 ], [ 37.35192, -1.5818 ], [ 37.35213, -1.58187 ], [ 37.35235, -1.5821 ], [ 37.35252, -1.58224 ], [ 37.35255, -1.5823 ], [ 37.35256, -1.58232 ], [ 37.35262, -1.58246 ], [ 37.35277, -1.58281 ], [ 37.35293, -1.58304 ], [ 37.35303, -1.58319 ], [ 37.35315, -1.58336 ], [ 37.35331, -1.58346 ], [ 37.35353, -1.58357 ], [ 37.35371, -1.58372 ], [ 37.35399, -1.58389 ], [ 37.3542, -1.58406 ], [ 37.35432, -1.58416 ], [ 37.35451, -1.58431 ], [ 37.35486, -1.58472 ], [ 37.35526, -1.58524 ], [ 37.35546, -1.58552 ], [ 37.35576, -1.58583 ], [ 37.35596, -1.58604 ], [ 37.35616, -1.58621 ], [ 37.35642, -1.58643 ], [ 37.35686, -1.58675 ], [ 37.35759, -1.58717 ], [ 37.35779, -1.58732 ], [ 37.35797, -1.58747 ], [ 37.35837, -1.58781 ], [ 37.35856, -1.58798 ], [ 37.35876, -1.58814 ], [ 37.35919, -1.58847 ], [ 37.35975, -1.58885 ], [ 37.36002, -1.58903 ], [ 37.36019, -1.58914 ], [ 37.36045, -1.58932 ], [ 37.36068, -1.58945 ], [ 37.36087, -1.58958 ], [ 37.36105, -1.58972 ], [ 37.36134, -1.5899 ], [ 37.36167, -1.59014 ], [ 37.36228, -1.59063 ], [ 37.36252, -1.5908 ], [ 37.36257, -1.59085 ], [ 37.36263, -1.59091 ], [ 37.36271, -1.59098 ], [ 37.3629, -1.59117 ], [ 37.36304, -1.59133 ], [ 37.36328, -1.59159 ], [ 37.36346, -1.59174 ], [ 37.36362, -1.59185 ], [ 37.36363, -1.59185 ], [ 37.36375, -1.59193 ], [ 37.36416, -1.59206 ], [ 37.36435, -1.59212 ], [ 37.36451, -1.59219 ], [ 37.3647, -1.59235 ], [ 37.36484, -1.59252 ], [ 37.3649, -1.59267 ], [ 37.36493, -1.59289 ], [ 37.36492, -1.59309 ], [ 37.36491, -1.59338 ], [ 37.36487, -1.59375 ], [ 37.36487, -1.59389 ], [ 37.36486, -1.59397 ], [ 37.36485, -1.5941 ], [ 37.36485, -1.59426 ], [ 37.36484, -1.59427 ], [ 37.36485, -1.59429 ], [ 37.36485, -1.59433 ], [ 37.36486, -1.59451 ], [ 37.36491, -1.59496 ], [ 37.3651, -1.59526 ], [ 37.36522, -1.59544 ], [ 37.36532, -1.59567 ], [ 37.36542, -1.59587 ], [ 37.36554, -1.59608 ], [ 37.36564, -1.5963 ], [ 37.36573, -1.59656 ], [ 37.36579, -1.5968 ], [ 37.36585, -1.59714 ], [ 37.36595, -1.59756 ], [ 37.36602, -1.59781 ], [ 37.36608, -1.59801 ], [ 37.36613, -1.59816 ], [ 37.36624, -1.59849 ], [ 37.36633, -1.59872 ], [ 37.36649, -1.59913 ], [ 37.36658, -1.59948 ], [ 37.36665, -1.59976 ], [ 37.36674, -1.59999 ], [ 37.36688, -1.60033 ], [ 37.36708, -1.60081 ], [ 37.36717, -1.60099 ], [ 37.36729, -1.6012 ], [ 37.36744, -1.60146 ], [ 37.36744, -1.60147 ], [ 37.36748, -1.60151 ], [ 37.36749, -1.60153 ], [ 37.36759, -1.60166 ], [ 37.36778, -1.60192 ], [ 37.36799, -1.6022 ], [ 37.3681, -1.60232 ], [ 37.36823, -1.60249 ], [ 37.36827, -1.60253 ], [ 37.36828, -1.60254 ], [ 37.36828, -1.60254 ], [ 37.36831, -1.60258 ], [ 37.36839, -1.60268 ], [ 37.36853, -1.60287 ], [ 37.36858, -1.60292 ], [ 37.36881, -1.60311 ], [ 37.36886, -1.60315 ], [ 37.36889, -1.60318 ], [ 37.36915, -1.60344 ], [ 37.36923, -1.60349 ], [ 37.36937, -1.60359 ], [ 37.36958, -1.6037 ], [ 37.3698, -1.60383 ], [ 37.36997, -1.60395 ], [ 37.37022, -1.60411 ], [ 37.37042, -1.60426 ], [ 37.37068, -1.60455 ], [ 37.3709, -1.60475 ], [ 37.37102, -1.6049 ], [ 37.3711, -1.60506 ], [ 37.37119, -1.60521 ], [ 37.37129, -1.60536 ], [ 37.37136, -1.60552 ], [ 37.37146, -1.60584 ], [ 37.37158, -1.60615 ], [ 37.37164, -1.60662 ], [ 37.37165, -1.60692 ], [ 37.37165, -1.60739 ], [ 37.37167, -1.60801 ], [ 37.37167, -1.60801 ], [ 37.37167, -1.60801 ], [ 37.37168, -1.6082 ], [ 37.37169, -1.60842 ], [ 37.37176, -1.60876 ], [ 37.37184, -1.60919 ], [ 37.37194, -1.60949 ], [ 37.37206, -1.60977 ], [ 37.37222, -1.61009 ], [ 37.37246, -1.61051 ], [ 37.37264, -1.61078 ], [ 37.37281, -1.61111 ], [ 37.37283, -1.61114 ], [ 37.37284, -1.61114 ], [ 37.37284, -1.61114 ], [ 37.37284, -1.61117 ], [ 37.37286, -1.61122 ], [ 37.37306, -1.61163 ], [ 37.37313, -1.61188 ], [ 37.37324, -1.61216 ], [ 37.37325, -1.61217 ], [ 37.37332, -1.61235 ], [ 37.37351, -1.61264 ], [ 37.37368, -1.6129 ], [ 37.37389, -1.61337 ], [ 37.37416, -1.61398 ], [ 37.37426, -1.61422 ], [ 37.37437, -1.61443 ], [ 37.37447, -1.61466 ], [ 37.37461, -1.61491 ], [ 37.37478, -1.61523 ], [ 37.37495, -1.61554 ], [ 37.37515, -1.6158 ], [ 37.37527, -1.61605 ], [ 37.37536, -1.61611 ], [ 37.37536, -1.61613 ], [ 37.37537, -1.61616 ], [ 37.3754, -1.61628 ], [ 37.3756, -1.61657 ], [ 37.37568, -1.61676 ], [ 37.37579, -1.61709 ], [ 37.3759, -1.61743 ], [ 37.37599, -1.61776 ], [ 37.37609, -1.61811 ], [ 37.37617, -1.61841 ], [ 37.37629, -1.6191 ], [ 37.37634, -1.61939 ], [ 37.37637, -1.6197 ], [ 37.37643, -1.62 ], [ 37.3765, -1.62028 ], [ 37.37659, -1.62062 ], [ 37.37657, -1.62119 ], [ 37.3766, -1.62138 ], [ 37.37662, -1.62167 ], [ 37.37664, -1.62198 ], [ 37.37669, -1.62223 ], [ 37.37674, -1.62236 ], [ 37.37686, -1.62254 ], [ 37.37706, -1.62286 ], [ 37.37715, -1.62302 ], [ 37.37726, -1.62328 ], [ 37.37732, -1.62347 ], [ 37.37735, -1.62359 ], [ 37.37738, -1.62359 ], [ 37.37738, -1.62363 ], [ 37.37738, -1.62363 ], [ 37.37738, -1.62369 ], [ 37.37738, -1.62385 ], [ 37.3774, -1.62422 ], [ 37.37743, -1.62454 ], [ 37.37746, -1.62493 ], [ 37.37754, -1.6253 ], [ 37.37759, -1.62575 ], [ 37.37769, -1.6261 ], [ 37.37779, -1.6261 ], [ 37.37793, -1.6261 ], [ 37.37812, -1.62607 ], [ 37.37836, -1.62604 ], [ 37.37862, -1.62596 ], [ 37.37862, -1.62596 ], [ 37.37862, -1.62597 ], [ 37.37875, -1.62607 ], [ 37.37899, -1.62633 ], [ 37.37923, -1.62655 ], [ 37.37947, -1.62684 ], [ 37.37947, -1.62685 ], [ 37.37949, -1.62723 ], [ 37.37962, -1.62758 ], [ 37.37976, -1.62797 ], [ 37.37989, -1.62834 ], [ 37.38015, -1.62871 ], [ 37.38026, -1.62882 ], [ 37.38031, -1.62887 ], [ 37.38033, -1.62889 ], [ 37.38039, -1.62895 ], [ 37.38042, -1.62898 ], [ 37.38068, -1.62922 ], [ 37.38103, -1.62948 ], [ 37.38126, -1.62969 ], [ 37.38128, -1.62971 ], [ 37.38129, -1.62972 ], [ 37.3813, -1.62973 ], [ 37.38131, -1.62976 ], [ 37.38145, -1.63009 ], [ 37.38155, -1.63043 ], [ 37.38166, -1.63075 ], [ 37.38195, -1.63117 ], [ 37.38203, -1.63157 ], [ 37.38216, -1.63204 ], [ 37.38224, -1.63247 ], [ 37.38231, -1.63259 ], [ 37.3824, -1.63278 ], [ 37.38269, -1.63313 ], [ 37.38301, -1.63327 ], [ 37.38304, -1.63329 ], [ 37.38305, -1.6333 ], [ 37.38307, -1.63332 ], [ 37.38318, -1.63342 ], [ 37.38327, -1.6335 ], [ 37.3834, -1.63355 ], [ 37.38349, -1.6336 ], [ 37.38353, -1.63362 ], [ 37.38356, -1.63363 ], [ 37.38362, -1.63366 ], [ 37.3838, -1.63379 ], [ 37.38393, -1.63381 ], [ 37.384, -1.63385 ], [ 37.38426, -1.6339 ], [ 37.3844, -1.6339 ], [ 37.38468, -1.63443 ], [ 37.38475, -1.63454 ], [ 37.38535, -1.63532 ], [ 37.38555, -1.63571 ], [ 37.38555, -1.63582 ], [ 37.38563, -1.63622 ], [ 37.38544, -1.6367 ], [ 37.38531, -1.63701 ], [ 37.38526, -1.63736 ], [ 37.38523, -1.63773 ], [ 37.38523, -1.63815 ], [ 37.38539, -1.6386 ], [ 37.38539, -1.63897 ], [ 37.38539, -1.63939 ], [ 37.38539, -1.63984 ], [ 37.38539, -1.64011 ], [ 37.38555, -1.64045 ], [ 37.38571, -1.64079 ], [ 37.386, -1.64111 ], [ 37.38621, -1.64148 ], [ 37.38638, -1.64171 ], [ 37.38642, -1.64169 ], [ 37.38665, -1.64206 ], [ 37.38674, -1.64241 ], [ 37.38685, -1.64264 ], [ 37.3869, -1.64287 ], [ 37.3869, -1.64312 ], [ 37.38682, -1.64333 ], [ 37.38676, -1.64359 ], [ 37.38681, -1.64374 ], [ 37.38686, -1.64383 ], [ 37.38697, -1.64391 ], [ 37.38706, -1.64402 ], [ 37.38721, -1.64412 ], [ 37.38727, -1.64422 ], [ 37.38735, -1.64441 ], [ 37.38739, -1.64454 ], [ 37.38742, -1.64474 ], [ 37.3875, -1.64494 ], [ 37.38766, -1.64506 ], [ 37.38766, -1.64506 ], [ 37.38774, -1.6452 ], [ 37.3878, -1.64537 ], [ 37.38785, -1.64568 ], [ 37.38793, -1.64593 ], [ 37.38809, -1.64622 ], [ 37.38814, -1.64634 ], [ 37.38825, -1.64655 ], [ 37.38833, -1.64675 ], [ 37.38837, -1.64686 ], [ 37.38839, -1.6469 ], [ 37.38843, -1.64698 ], [ 37.38846, -1.64709 ], [ 37.38849, -1.64715 ], [ 37.38856, -1.6473 ], [ 37.38868, -1.64741 ], [ 37.38868, -1.64744 ], [ 37.38876, -1.64755 ], [ 37.38878, -1.64756 ], [ 37.38883, -1.64763 ], [ 37.38886, -1.64766 ], [ 37.38899, -1.64776 ], [ 37.38904, -1.64782 ], [ 37.38913, -1.64794 ], [ 37.38921, -1.64808 ], [ 37.38924, -1.64826 ], [ 37.38924, -1.64828 ], [ 37.3894, -1.64843 ], [ 37.38949, -1.64857 ], [ 37.38959, -1.64872 ], [ 37.38971, -1.64888 ], [ 37.38976, -1.64899 ], [ 37.38975, -1.64913 ], [ 37.38977, -1.64927 ], [ 37.38977, -1.64928 ], [ 37.3898, -1.64947 ], [ 37.3899, -1.64963 ], [ 37.39001, -1.64978 ], [ 37.39012, -1.64994 ], [ 37.39021, -1.65006 ], [ 37.3903, -1.65013 ], [ 37.39037, -1.65022 ], [ 37.39042, -1.65029 ], [ 37.39051, -1.6504 ], [ 37.39056, -1.65057 ], [ 37.39064, -1.65071 ], [ 37.39076, -1.65084 ], [ 37.3909, -1.65096 ], [ 37.39102, -1.65114 ], [ 37.39113, -1.65129 ], [ 37.39127, -1.6515 ], [ 37.39133, -1.65155 ], [ 37.39135, -1.65153 ], [ 37.39142, -1.65161 ], [ 37.39154, -1.65176 ], [ 37.39169, -1.65191 ], [ 37.39181, -1.6521 ], [ 37.39183, -1.65229 ], [ 37.3918, -1.65242 ], [ 37.3918, -1.65256 ], [ 37.39179, -1.65277 ], [ 37.39181, -1.65286 ], [ 37.39188, -1.6529 ], [ 37.39202, -1.65303 ], [ 37.3921, -1.65308 ], [ 37.39218, -1.65314 ], [ 37.39224, -1.65317 ], [ 37.39224, -1.65321 ], [ 37.39244, -1.65334 ], [ 37.39249, -1.65338 ], [ 37.39259, -1.65347 ], [ 37.39269, -1.65357 ], [ 37.39273, -1.65359 ], [ 37.39288, -1.65376 ], [ 37.39289, -1.65396 ], [ 37.39289, -1.6542 ], [ 37.39291, -1.65432 ], [ 37.39298, -1.65448 ], [ 37.39306, -1.65456 ], [ 37.39308, -1.65456 ], [ 37.39327, -1.65461 ], [ 37.39332, -1.65462 ], [ 37.39336, -1.65465 ], [ 37.39351, -1.65472 ], [ 37.39353, -1.65475 ], [ 37.39365, -1.65482 ], [ 37.39379, -1.65495 ], [ 37.39386, -1.65508 ], [ 37.39389, -1.65527 ], [ 37.39395, -1.65543 ], [ 37.39407, -1.65568 ], [ 37.39413, -1.65579 ], [ 37.39417, -1.65586 ], [ 37.39423, -1.65584 ], [ 37.3943, -1.65591 ], [ 37.39445, -1.65607 ], [ 37.39449, -1.65623 ], [ 37.39454, -1.65641 ], [ 37.39459, -1.65653 ], [ 37.39466, -1.65671 ], [ 37.39468, -1.65685 ], [ 37.39472, -1.65702 ], [ 37.39473, -1.65716 ], [ 37.39475, -1.65738 ], [ 37.39477, -1.65755 ], [ 37.39479, -1.65768 ], [ 37.39481, -1.65787 ], [ 37.39493, -1.65817 ], [ 37.39502, -1.65856 ], [ 37.39502, -1.65873 ], [ 37.39501, -1.65892 ], [ 37.39501, -1.65911 ], [ 37.39505, -1.65924 ], [ 37.39508, -1.65934 ], [ 37.39514, -1.65944 ], [ 37.39521, -1.65952 ], [ 37.39537, -1.65967 ], [ 37.39546, -1.65974 ], [ 37.39561, -1.65983 ], [ 37.39561, -1.65983 ], [ 37.39569, -1.66016 ], [ 37.39569, -1.66028 ], [ 37.39569, -1.6604 ], [ 37.39565, -1.66057 ], [ 37.39563, -1.66071 ], [ 37.3956, -1.6609 ], [ 37.39559, -1.66122 ], [ 37.39562, -1.66133 ], [ 37.3957, -1.6615 ], [ 37.396, -1.66179 ], [ 37.39607, -1.66196 ], [ 37.39612, -1.66207 ], [ 37.39618, -1.66227 ], [ 37.39622, -1.66234 ], [ 37.39637, -1.66255 ], [ 37.3965, -1.66268 ], [ 37.39667, -1.66281 ], [ 37.3968, -1.66288 ], [ 37.39689, -1.66291 ], [ 37.39709, -1.66298 ], [ 37.39722, -1.66303 ], [ 37.3973, -1.66309 ], [ 37.39743, -1.66318 ], [ 37.39765, -1.66329 ], [ 37.39772, -1.66337 ], [ 37.39779, -1.66339 ], [ 37.39793, -1.66338 ], [ 37.39802, -1.66338 ], [ 37.39805, -1.66339 ], [ 37.3982, -1.6634 ], [ 37.3983, -1.66338 ], [ 37.39852, -1.66338 ], [ 37.39867, -1.66338 ], [ 37.39889, -1.66336 ], [ 37.39903, -1.66334 ], [ 37.39918, -1.66341 ], [ 37.39931, -1.66349 ], [ 37.39963, -1.66372 ], [ 37.39974, -1.6639 ], [ 37.39979, -1.66397 ], [ 37.3997, -1.66409 ], [ 37.39948, -1.66439 ], [ 37.39951, -1.66442 ], [ 37.39978, -1.66463 ], [ 37.39998, -1.66473 ], [ 37.40008, -1.66476 ], [ 37.4002, -1.66475 ], [ 37.40028, -1.66472 ], [ 37.40031, -1.66469 ], [ 37.40039, -1.66463 ], [ 37.40051, -1.66457 ], [ 37.40065, -1.66454 ], [ 37.40082, -1.66463 ], [ 37.4009, -1.66477 ], [ 37.40096, -1.66491 ], [ 37.40098, -1.66502 ], [ 37.40115, -1.66537 ], [ 37.40119, -1.66569 ], [ 37.40118, -1.66581 ], [ 37.40118, -1.66587 ], [ 37.40108, -1.66604 ], [ 37.40103, -1.66619 ], [ 37.40098, -1.66637 ], [ 37.40108, -1.66657 ], [ 37.4013, -1.66678 ], [ 37.40132, -1.66679 ], [ 37.40134, -1.66698 ], [ 37.40136, -1.66715 ], [ 37.40136, -1.66717 ], [ 37.40132, -1.66732 ], [ 37.40123, -1.66743 ], [ 37.40121, -1.66762 ], [ 37.40113, -1.66787 ], [ 37.40105, -1.6681 ], [ 37.40102, -1.6682 ], [ 37.40104, -1.66838 ], [ 37.401, -1.66862 ], [ 37.40101, -1.66883 ], [ 37.40085, -1.66909 ], [ 37.40077, -1.66922 ], [ 37.40077, -1.66924 ], [ 37.40077, -1.66926 ], [ 37.40077, -1.66928 ], [ 37.40077, -1.66929 ], [ 37.40077, -1.6693 ], [ 37.40076, -1.66937 ], [ 37.40076, -1.66947 ], [ 37.40076, -1.66954 ], [ 37.40082, -1.66961 ], [ 37.40091, -1.66975 ], [ 37.40117, -1.66976 ], [ 37.40123, -1.66977 ], [ 37.40133, -1.66977 ], [ 37.40142, -1.66977 ], [ 37.40156, -1.66978 ], [ 37.40172, -1.66998 ], [ 37.4017, -1.67009 ], [ 37.40173, -1.67013 ], [ 37.40173, -1.67041 ], [ 37.40173, -1.67057 ], [ 37.40169, -1.67076 ], [ 37.40169, -1.67082 ], [ 37.40169, -1.67116 ], [ 37.40165, -1.67139 ], [ 37.40165, -1.6716 ], [ 37.40172, -1.67176 ], [ 37.40194, -1.67199 ], [ 37.40202, -1.67226 ], [ 37.40199, -1.67248 ], [ 37.40197, -1.67266 ], [ 37.40195, -1.67286 ], [ 37.40201, -1.67306 ], [ 37.40206, -1.67326 ], [ 37.40226, -1.67351 ], [ 37.4026, -1.67374 ], [ 37.40279, -1.67386 ], [ 37.40297, -1.67407 ], [ 37.40314, -1.67427 ], [ 37.40327, -1.67443 ], [ 37.40331, -1.67447 ], [ 37.40334, -1.67472 ], [ 37.40335, -1.67474 ], [ 37.40346, -1.67496 ], [ 37.4036, -1.67513 ], [ 37.40368, -1.67539 ], [ 37.40377, -1.67549 ], [ 37.40397, -1.67559 ], [ 37.40427, -1.67571 ], [ 37.40452, -1.67584 ], [ 37.40472, -1.67595 ], [ 37.40481, -1.67608 ], [ 37.40492, -1.67623 ], [ 37.40506, -1.67633 ], [ 37.40517, -1.67644 ], [ 37.40534, -1.67657 ], [ 37.40554, -1.67673 ], [ 37.40578, -1.67688 ], [ 37.40589, -1.67695 ], [ 37.40614, -1.67703 ], [ 37.40619, -1.67696 ], [ 37.40638, -1.67705 ], [ 37.40651, -1.67712 ], [ 37.40664, -1.6773 ], [ 37.40664, -1.67757 ], [ 37.40667, -1.67774 ], [ 37.40647, -1.67797 ], [ 37.40623, -1.67806 ], [ 37.40605, -1.67819 ], [ 37.406, -1.67823 ], [ 37.40596, -1.67827 ], [ 37.40586, -1.6784 ], [ 37.40576, -1.67849 ], [ 37.40568, -1.67866 ], [ 37.40547, -1.67893 ], [ 37.40535, -1.67913 ], [ 37.40531, -1.67923 ], [ 37.40528, -1.67928 ], [ 37.40521, -1.67939 ], [ 37.40515, -1.67956 ], [ 37.40513, -1.67972 ], [ 37.40512, -1.67986 ], [ 37.40512, -1.68 ], [ 37.40516, -1.68016 ], [ 37.40525, -1.6803 ], [ 37.40545, -1.68051 ], [ 37.40559, -1.68062 ], [ 37.40596, -1.68087 ], [ 37.40617, -1.68107 ], [ 37.40638, -1.68123 ], [ 37.40656, -1.68129 ], [ 37.40669, -1.68134 ], [ 37.40686, -1.68145 ], [ 37.40705, -1.68166 ], [ 37.40712, -1.68175 ], [ 37.40719, -1.68195 ], [ 37.40721, -1.68212 ], [ 37.40721, -1.6822 ], [ 37.40722, -1.68242 ], [ 37.40722, -1.68269 ], [ 37.40722, -1.68289 ], [ 37.40721, -1.68302 ], [ 37.4072, -1.6832 ], [ 37.40726, -1.68349 ], [ 37.40737, -1.68363 ], [ 37.40754, -1.68381 ], [ 37.40789, -1.68419 ], [ 37.408, -1.68437 ], [ 37.4081, -1.68451 ], [ 37.40825, -1.68479 ], [ 37.40825, -1.68496 ], [ 37.40821, -1.68506 ], [ 37.40816, -1.68519 ], [ 37.40806, -1.68526 ], [ 37.40798, -1.68533 ], [ 37.40794, -1.68544 ], [ 37.40792, -1.6855 ], [ 37.4079, -1.68572 ], [ 37.40791, -1.68586 ], [ 37.40793, -1.68598 ], [ 37.40797, -1.68608 ], [ 37.40809, -1.68615 ], [ 37.40824, -1.68644 ], [ 37.40842, -1.68669 ], [ 37.4087, -1.68672 ], [ 37.40885, -1.68677 ], [ 37.4091, -1.68675 ], [ 37.40933, -1.68674 ], [ 37.40948, -1.68682 ], [ 37.40967, -1.68699 ], [ 37.40981, -1.68724 ], [ 37.40992, -1.68742 ], [ 37.40997, -1.68757 ], [ 37.41003, -1.68775 ], [ 37.41016, -1.68801 ], [ 37.4103, -1.68824 ], [ 37.41048, -1.68837 ], [ 37.41065, -1.68849 ], [ 37.41085, -1.68853 ], [ 37.41104, -1.6886 ], [ 37.4112, -1.68878 ], [ 37.41145, -1.68897 ], [ 37.41149, -1.689 ], [ 37.4116, -1.68909 ], [ 37.41181, -1.68925 ], [ 37.412, -1.68914 ], [ 37.41219, -1.68899 ], [ 37.41238, -1.68905 ], [ 37.41254, -1.68928 ], [ 37.4127, -1.68945 ], [ 37.41272, -1.68947 ], [ 37.41285, -1.68969 ], [ 37.41325, -1.68985 ], [ 37.41355, -1.68987 ], [ 37.41379, -1.68987 ], [ 37.41374, -1.68996 ], [ 37.41365, -1.69012 ], [ 37.41358, -1.69025 ], [ 37.41343, -1.69051 ], [ 37.41328, -1.69067 ], [ 37.41313, -1.69084 ], [ 37.41298, -1.69098 ], [ 37.4128, -1.69113 ], [ 37.41259, -1.69131 ], [ 37.41231, -1.69148 ], [ 37.4119, -1.6914 ], [ 37.41171, -1.69137 ], [ 37.41168, -1.6914 ], [ 37.4116, -1.69136 ], [ 37.41156, -1.69134 ], [ 37.41148, -1.69133 ], [ 37.4114, -1.69131 ], [ 37.41136, -1.69131 ], [ 37.41116, -1.69124 ], [ 37.41098, -1.69121 ], [ 37.41079, -1.69118 ], [ 37.41059, -1.6911 ], [ 37.41031, -1.69105 ], [ 37.41015, -1.69106 ], [ 37.41, -1.69108 ], [ 37.40979, -1.69108 ], [ 37.40963, -1.69112 ], [ 37.40939, -1.69131 ], [ 37.40926, -1.69138 ], [ 37.40906, -1.69144 ], [ 37.40892, -1.69148 ], [ 37.40878, -1.69148 ], [ 37.40865, -1.69153 ], [ 37.40854, -1.69167 ], [ 37.40856, -1.69179 ], [ 37.4086, -1.69183 ], [ 37.40862, -1.69186 ], [ 37.40877, -1.69192 ], [ 37.40885, -1.69196 ], [ 37.40888, -1.69198 ], [ 37.40893, -1.692 ], [ 37.409, -1.69202 ], [ 37.40908, -1.69209 ], [ 37.4091, -1.69223 ], [ 37.40905, -1.69236 ], [ 37.40896, -1.69248 ], [ 37.40886, -1.69261 ], [ 37.40873, -1.69273 ], [ 37.40861, -1.69286 ], [ 37.40845, -1.69297 ], [ 37.40831, -1.69305 ], [ 37.40818, -1.69314 ], [ 37.40792, -1.69316 ], [ 37.4077, -1.69322 ], [ 37.40753, -1.69325 ], [ 37.40736, -1.69325 ], [ 37.4071, -1.69323 ], [ 37.40689, -1.69314 ], [ 37.40665, -1.69297 ], [ 37.40648, -1.69284 ], [ 37.40641, -1.6928 ], [ 37.40638, -1.69278 ], [ 37.40634, -1.69275 ], [ 37.40629, -1.69272 ], [ 37.40624, -1.69268 ], [ 37.40623, -1.69267 ], [ 37.40622, -1.69266 ], [ 37.40616, -1.69261 ], [ 37.40605, -1.69248 ], [ 37.40584, -1.69236 ], [ 37.4057, -1.6924 ], [ 37.4056, -1.69249 ], [ 37.40551, -1.69263 ], [ 37.40547, -1.69278 ], [ 37.40546, -1.6929 ], [ 37.40547, -1.69305 ], [ 37.4054, -1.69327 ], [ 37.40539, -1.69337 ], [ 37.40539, -1.6935 ], [ 37.40532, -1.69364 ], [ 37.40525, -1.69371 ], [ 37.40512, -1.69374 ], [ 37.40496, -1.69375 ], [ 37.40483, -1.69376 ], [ 37.40469, -1.69376 ], [ 37.40447, -1.69376 ], [ 37.40428, -1.69378 ], [ 37.40416, -1.69381 ], [ 37.40408, -1.69388 ], [ 37.40404, -1.69397 ], [ 37.40391, -1.69416 ], [ 37.40382, -1.69429 ], [ 37.40369, -1.69459 ], [ 37.4036, -1.69469 ], [ 37.40348, -1.69481 ], [ 37.4034, -1.69494 ], [ 37.40328, -1.69512 ], [ 37.40311, -1.69538 ], [ 37.40302, -1.69552 ], [ 37.40289, -1.69567 ], [ 37.40278, -1.69582 ], [ 37.40266, -1.69596 ], [ 37.4025, -1.69604 ], [ 37.40239, -1.69603 ], [ 37.40225, -1.69591 ], [ 37.4022, -1.69581 ], [ 37.40214, -1.69567 ], [ 37.40203, -1.69544 ], [ 37.40201, -1.69541 ], [ 37.40199, -1.69523 ], [ 37.4019, -1.69508 ], [ 37.40174, -1.69502 ], [ 37.4017, -1.69501 ], [ 37.4015, -1.695 ], [ 37.40127, -1.69501 ], [ 37.40111, -1.69507 ], [ 37.40097, -1.69514 ], [ 37.40088, -1.69521 ], [ 37.40075, -1.69528 ], [ 37.40062, -1.6954 ], [ 37.40052, -1.69544 ], [ 37.40042, -1.6955 ], [ 37.40031, -1.6955 ], [ 37.40014, -1.69548 ], [ 37.39993, -1.6954 ], [ 37.39973, -1.69532 ], [ 37.39955, -1.69528 ], [ 37.39939, -1.69529 ], [ 37.3993, -1.69533 ], [ 37.39921, -1.69543 ], [ 37.39906, -1.69553 ], [ 37.39901, -1.69556 ], [ 37.39887, -1.69565 ], [ 37.39862, -1.69582 ], [ 37.39846, -1.69591 ], [ 37.39832, -1.69599 ], [ 37.39808, -1.69602 ], [ 37.39792, -1.69608 ], [ 37.39776, -1.69616 ], [ 37.39758, -1.69626 ], [ 37.39734, -1.69641 ], [ 37.39707, -1.69651 ], [ 37.39688, -1.6968 ], [ 37.39678, -1.69701 ], [ 37.39668, -1.69715 ], [ 37.39653, -1.69731 ], [ 37.39637, -1.69747 ], [ 37.39617, -1.69766 ], [ 37.3961, -1.69777 ], [ 37.39602, -1.69783 ], [ 37.39592, -1.69788 ], [ 37.39584, -1.69792 ], [ 37.39566, -1.69791 ], [ 37.39555, -1.69787 ], [ 37.39541, -1.69785 ], [ 37.39541, -1.69785 ], [ 37.39541, -1.69785 ], [ 37.39541, -1.69785 ], [ 37.39521, -1.69788 ], [ 37.39506, -1.69793 ], [ 37.39493, -1.69803 ], [ 37.39478, -1.69818 ], [ 37.39465, -1.69828 ], [ 37.39449, -1.69828 ], [ 37.39437, -1.6982 ], [ 37.39424, -1.69801 ], [ 37.39424, -1.698 ], [ 37.39419, -1.69785 ], [ 37.39418, -1.69762 ], [ 37.39418, -1.69757 ], [ 37.39405, -1.69732 ], [ 37.39399, -1.69731 ], [ 37.39383, -1.69728 ], [ 37.39359, -1.6973 ], [ 37.3934, -1.69734 ], [ 37.3934, -1.69734 ], [ 37.39326, -1.69744 ], [ 37.39311, -1.6976 ], [ 37.39306, -1.69765 ], [ 37.393, -1.69772 ], [ 37.39289, -1.69783 ], [ 37.39272, -1.69803 ], [ 37.39264, -1.69814 ], [ 37.39254, -1.6983 ], [ 37.39245, -1.69842 ], [ 37.39232, -1.69854 ], [ 37.39211, -1.6987 ], [ 37.39186, -1.69887 ], [ 37.39175, -1.69901 ], [ 37.39163, -1.69916 ], [ 37.39158, -1.6994 ], [ 37.39152, -1.69963 ], [ 37.39144, -1.69982 ], [ 37.39138, -1.69996 ], [ 37.39127, -1.70014 ], [ 37.39121, -1.70027 ], [ 37.39113, -1.70039 ], [ 37.391, -1.70041 ], [ 37.39086, -1.70041 ], [ 37.39072, -1.70035 ], [ 37.39053, -1.70029 ], [ 37.39036, -1.70019 ], [ 37.39006, -1.70017 ], [ 37.38963, -1.70017 ], [ 37.38904, -1.70018 ], [ 37.38885, -1.70018 ], [ 37.38861, -1.70018 ], [ 37.38838, -1.70017 ], [ 37.38824, -1.70026 ], [ 37.38805, -1.70036 ], [ 37.38789, -1.70059 ], [ 37.38782, -1.70065 ], [ 37.3877, -1.70078 ], [ 37.38758, -1.70091 ], [ 37.38745, -1.70102 ], [ 37.38734, -1.7011 ], [ 37.38724, -1.7012 ], [ 37.38715, -1.70134 ], [ 37.38705, -1.70152 ], [ 37.38699, -1.70167 ], [ 37.38688, -1.70185 ], [ 37.38674, -1.70209 ], [ 37.38651, -1.70244 ], [ 37.38646, -1.70257 ], [ 37.38638, -1.70272 ], [ 37.38629, -1.70285 ], [ 37.38611, -1.70308 ], [ 37.38585, -1.70345 ], [ 37.38579, -1.70355 ], [ 37.38574, -1.70361 ], [ 37.38567, -1.70369 ], [ 37.38566, -1.7037 ], [ 37.38558, -1.70378 ], [ 37.38553, -1.70385 ], [ 37.38544, -1.70392 ], [ 37.38536, -1.70391 ], [ 37.38535, -1.70391 ], [ 37.38534, -1.70389 ], [ 37.3852, -1.7037 ], [ 37.38514, -1.7036 ], [ 37.38507, -1.70347 ], [ 37.38496, -1.70327 ], [ 37.38483, -1.70316 ], [ 37.38473, -1.70315 ], [ 37.38468, -1.70314 ], [ 37.38453, -1.70318 ], [ 37.38442, -1.70328 ], [ 37.38429, -1.70338 ], [ 37.38424, -1.70343 ], [ 37.38419, -1.70348 ], [ 37.38405, -1.70358 ], [ 37.38395, -1.70363 ], [ 37.38383, -1.70366 ], [ 37.3837, -1.70363 ], [ 37.38348, -1.7036 ], [ 37.38334, -1.70366 ], [ 37.38317, -1.7038 ], [ 37.38305, -1.70394 ], [ 37.38298, -1.70408 ], [ 37.38284, -1.70414 ], [ 37.38274, -1.70425 ], [ 37.38261, -1.70422 ], [ 37.38247, -1.70416 ], [ 37.38241, -1.70406 ], [ 37.3824, -1.70405 ], [ 37.38235, -1.70383 ], [ 37.38229, -1.7038 ], [ 37.38221, -1.70376 ], [ 37.38213, -1.70377 ], [ 37.38208, -1.70378 ], [ 37.38196, -1.70383 ], [ 37.38184, -1.70394 ], [ 37.38165, -1.70405 ], [ 37.38151, -1.70413 ], [ 37.3813, -1.70415 ], [ 37.38119, -1.70415 ], [ 37.38108, -1.70416 ], [ 37.38091, -1.70416 ], [ 37.38067, -1.70413 ], [ 37.38048, -1.70421 ], [ 37.38035, -1.70434 ], [ 37.38025, -1.70445 ], [ 37.38013, -1.70455 ], [ 37.38, -1.70458 ], [ 37.37986, -1.70458 ], [ 37.3797, -1.70454 ], [ 37.37957, -1.70459 ], [ 37.37947, -1.7047 ], [ 37.3794, -1.70484 ], [ 37.37923, -1.70496 ], [ 37.37911, -1.70505 ], [ 37.37899, -1.70508 ], [ 37.37884, -1.70509 ], [ 37.37865, -1.70512 ], [ 37.37848, -1.70515 ], [ 37.37822, -1.70521 ], [ 37.37807, -1.7053 ], [ 37.37789, -1.70546 ], [ 37.3777, -1.7057 ], [ 37.3774, -1.70603 ], [ 37.37728, -1.70616 ], [ 37.37716, -1.70628 ], [ 37.37702, -1.70642 ], [ 37.37691, -1.70653 ], [ 37.37671, -1.7066 ], [ 37.3766, -1.70667 ], [ 37.3764, -1.7067 ], [ 37.37625, -1.70667 ], [ 37.37613, -1.70661 ], [ 37.37594, -1.70655 ], [ 37.37579, -1.70658 ], [ 37.3756, -1.70669 ], [ 37.37539, -1.70674 ], [ 37.37516, -1.70678 ], [ 37.37502, -1.70686 ], [ 37.37489, -1.70694 ], [ 37.37476, -1.70704 ], [ 37.37446, -1.70714 ], [ 37.37411, -1.70718 ], [ 37.37392, -1.70718 ], [ 37.37374, -1.70719 ], [ 37.37355, -1.70719 ], [ 37.37334, -1.70719 ], [ 37.37312, -1.70723 ], [ 37.37284, -1.70727 ], [ 37.37263, -1.70733 ], [ 37.37243, -1.70735 ], [ 37.37225, -1.70727 ], [ 37.37202, -1.70719 ], [ 37.37177, -1.70716 ], [ 37.37162, -1.70711 ], [ 37.3715, -1.70707 ], [ 37.37136, -1.70708 ], [ 37.3713, -1.70719 ], [ 37.37116, -1.70729 ], [ 37.37107, -1.70738 ], [ 37.37094, -1.70744 ], [ 37.37081, -1.70744 ], [ 37.37066, -1.70735 ], [ 37.37061, -1.70733 ], [ 37.37061, -1.70733 ], [ 37.37044, -1.70731 ], [ 37.37043, -1.7073 ], [ 37.37036, -1.70729 ], [ 37.37019, -1.70723 ], [ 37.37019, -1.70723 ], [ 37.37005, -1.70725 ], [ 37.37002, -1.70719 ], [ 37.3699, -1.70718 ], [ 37.36985, -1.70709 ], [ 37.36981, -1.70706 ], [ 37.36971, -1.70698 ], [ 37.36964, -1.70694 ], [ 37.36956, -1.70688 ], [ 37.36939, -1.70685 ], [ 37.36922, -1.70682 ], [ 37.36904, -1.70682 ], [ 37.36888, -1.70678 ], [ 37.36877, -1.70672 ], [ 37.36874, -1.70671 ], [ 37.36872, -1.7067 ], [ 37.36867, -1.70668 ], [ 37.36841, -1.70658 ], [ 37.36825, -1.70651 ], [ 37.3681, -1.70646 ], [ 37.36801, -1.70645 ], [ 37.36774, -1.70645 ], [ 37.3675, -1.70646 ], [ 37.3673, -1.70646 ], [ 37.3671, -1.70644 ], [ 37.36692, -1.70643 ], [ 37.36676, -1.70642 ], [ 37.36657, -1.70642 ], [ 37.36638, -1.70641 ], [ 37.36621, -1.70638 ], [ 37.36603, -1.70632 ], [ 37.36592, -1.70632 ], [ 37.36557, -1.70634 ], [ 37.36531, -1.7064 ], [ 37.36514, -1.70641 ], [ 37.3649, -1.70632 ], [ 37.36483, -1.70627 ], [ 37.36468, -1.70616 ], [ 37.36448, -1.70605 ], [ 37.36445, -1.70603 ], [ 37.36431, -1.70597 ], [ 37.36412, -1.70588 ], [ 37.36407, -1.70585 ], [ 37.36389, -1.70576 ], [ 37.36374, -1.70567 ], [ 37.36359, -1.70555 ], [ 37.36344, -1.70543 ], [ 37.36305, -1.70552 ], [ 37.36173, -1.70586 ], [ 37.36054, -1.70623 ], [ 37.35913, -1.70678 ], [ 37.35826, -1.70721 ], [ 37.35714, -1.7076 ], [ 37.356, -1.70795 ], [ 37.35597, -1.70802 ], [ 37.35576, -1.70783 ], [ 37.35572, -1.7078 ], [ 37.35542, -1.70754 ], [ 37.35522, -1.7074 ], [ 37.35498, -1.70715 ], [ 37.35471, -1.70707 ], [ 37.35436, -1.70707 ], [ 37.35404, -1.70712 ], [ 37.35395, -1.70708 ], [ 37.35386, -1.7071 ], [ 37.3538, -1.70711 ], [ 37.35356, -1.70714 ], [ 37.35336, -1.70714 ], [ 37.35327, -1.70714 ], [ 37.35322, -1.70714 ], [ 37.35293, -1.70716 ], [ 37.35261, -1.70719 ], [ 37.35221, -1.70729 ], [ 37.35217, -1.70729 ], [ 37.35216, -1.7073 ], [ 37.3519, -1.70738 ], [ 37.35153, -1.70744 ], [ 37.35134, -1.70744 ], [ 37.35102, -1.70747 ], [ 37.35089, -1.70741 ], [ 37.35064, -1.70738 ], [ 37.35035, -1.70725 ], [ 37.35022, -1.7071 ], [ 37.35013, -1.70699 ], [ 37.35008, -1.70692 ], [ 37.35005, -1.70687 ], [ 37.34998, -1.70666 ], [ 37.34991, -1.70636 ], [ 37.34988, -1.70622 ], [ 37.34986, -1.70612 ], [ 37.34971, -1.70586 ], [ 37.34962, -1.7058 ], [ 37.34956, -1.7058 ], [ 37.34939, -1.70595 ], [ 37.34913, -1.70619 ], [ 37.34903, -1.70629 ], [ 37.34886, -1.70646 ], [ 37.34878, -1.70654 ], [ 37.34857, -1.70673 ], [ 37.34836, -1.70682 ], [ 37.34807, -1.70685 ], [ 37.34768, -1.70678 ], [ 37.34768, -1.70678 ], [ 37.34744, -1.70682 ], [ 37.34732, -1.7068 ], [ 37.34728, -1.70679 ], [ 37.34728, -1.70681 ], [ 37.34717, -1.70677 ], [ 37.34716, -1.70677 ], [ 37.34706, -1.70673 ], [ 37.34706, -1.70673 ], [ 37.34469, -1.70708 ], [ 37.34467, -1.70705 ], [ 37.34404, -1.70721 ], [ 37.34307, -1.70736 ], [ 37.34182, -1.70759 ], [ 37.34057, -1.70778 ], [ 37.33983, -1.70783 ], [ 37.33905, -1.70796 ], [ 37.33832, -1.70817 ], [ 37.33675, -1.70854 ], [ 37.33579, -1.70877 ], [ 37.33502, -1.70887 ], [ 37.3341, -1.70892 ], [ 37.33296, -1.70926 ], [ 37.33187, -1.70947 ], [ 37.33042, -1.70974 ], [ 37.33036, -1.70975 ], [ 37.32967, -1.70986 ], [ 37.32895, -1.70979 ], [ 37.32841, -1.71 ], [ 37.32736, -1.71032 ], [ 37.32656, -1.7106 ], [ 37.32623, -1.71078 ], [ 37.32623, -1.71078 ], [ 37.32595, -1.71082 ], [ 37.32528, -1.71091 ], [ 37.32426, -1.71106 ], [ 37.32292, -1.71134 ], [ 37.32138, -1.71158 ], [ 37.31952, -1.71211 ], [ 37.31899, -1.71223 ], [ 37.31899, -1.71224 ], [ 37.31889, -1.71253 ], [ 37.3188, -1.7124 ], [ 37.31878, -1.71208 ], [ 37.31875, -1.71173 ], [ 37.31875, -1.71136 ], [ 37.31875, -1.71105 ], [ 37.31868, -1.71079 ], [ 37.31866, -1.71072 ], [ 37.31865, -1.71044 ], [ 37.31865, -1.71014 ], [ 37.31864, -1.70986 ], [ 37.31865, -1.70986 ], [ 37.31872, -1.70986 ], [ 37.31862, -1.70975 ], [ 37.31853, -1.70965 ], [ 37.3184, -1.70948 ], [ 37.31836, -1.70934 ], [ 37.31833, -1.70917 ], [ 37.3183, -1.70906 ], [ 37.31829, -1.709 ], [ 37.3182, -1.70882 ], [ 37.31811, -1.70868 ], [ 37.31797, -1.70864 ], [ 37.31784, -1.70858 ], [ 37.31773, -1.70854 ], [ 37.31771, -1.70854 ], [ 37.31764, -1.70851 ], [ 37.31747, -1.70845 ], [ 37.31741, -1.70842 ], [ 37.31725, -1.70836 ], [ 37.31723, -1.70835 ], [ 37.3171, -1.7083 ], [ 37.31706, -1.70829 ], [ 37.31688, -1.70824 ], [ 37.31671, -1.70821 ], [ 37.31656, -1.70815 ], [ 37.31641, -1.70806 ], [ 37.3164, -1.70805 ], [ 37.31625, -1.70787 ], [ 37.31617, -1.70777 ], [ 37.31609, -1.70761 ], [ 37.316, -1.70744 ], [ 37.31588, -1.70722 ], [ 37.31577, -1.70697 ], [ 37.3157, -1.70678 ], [ 37.31566, -1.70663 ], [ 37.31563, -1.70645 ], [ 37.31556, -1.7063 ], [ 37.3155, -1.70617 ], [ 37.31544, -1.70597 ], [ 37.31538, -1.7058 ], [ 37.31525, -1.70554 ], [ 37.31514, -1.70543 ], [ 37.31502, -1.70527 ], [ 37.31496, -1.70516 ], [ 37.31488, -1.70506 ], [ 37.31482, -1.70495 ], [ 37.3148, -1.70492 ], [ 37.31477, -1.70487 ], [ 37.31472, -1.7048 ], [ 37.31459, -1.70466 ], [ 37.31452, -1.70459 ], [ 37.31438, -1.70452 ], [ 37.31419, -1.70444 ], [ 37.3141, -1.70437 ], [ 37.31398, -1.70431 ], [ 37.31389, -1.70424 ], [ 37.31367, -1.70395 ], [ 37.31362, -1.70381 ], [ 37.31359, -1.70361 ], [ 37.31356, -1.70346 ], [ 37.31355, -1.70328 ], [ 37.31357, -1.70317 ], [ 37.31346, -1.70318 ], [ 37.31306, -1.70361 ], [ 37.31306, -1.70362 ], [ 37.3129, -1.70372 ], [ 37.3128, -1.70379 ], [ 37.31273, -1.70383 ], [ 37.31206, -1.70428 ], [ 37.30938, -1.70576 ], [ 37.30817, -1.70661 ], [ 37.30683, -1.70747 ], [ 37.30522, -1.70836 ], [ 37.30434, -1.70887 ], [ 37.30407, -1.70903 ], [ 37.3034, -1.70963 ], [ 37.30324, -1.70973 ], [ 37.29372, -1.71618 ], [ 37.28779, -1.72018 ], [ 37.28774, -1.72021 ], [ 37.28774, -1.72022 ], [ 37.28775, -1.72035 ], [ 37.28775, -1.7204 ], [ 37.28789, -1.7208 ], [ 37.28811, -1.72129 ], [ 37.28836, -1.72187 ], [ 37.28858, -1.72238 ], [ 37.2888, -1.7228 ], [ 37.28894, -1.7232 ], [ 37.28918, -1.7238 ], [ 37.28931, -1.72413 ], [ 37.28952, -1.72462 ], [ 37.28967, -1.72496 ], [ 37.2898, -1.72538 ], [ 37.28999, -1.72583 ], [ 37.29011, -1.72618 ], [ 37.29027, -1.72663 ], [ 37.29055, -1.72712 ], [ 37.29068, -1.72751 ], [ 37.29085, -1.72788 ], [ 37.29096, -1.72828 ], [ 37.29121, -1.72875 ], [ 37.2914, -1.72925 ], [ 37.29158, -1.72972 ], [ 37.29175, -1.73014 ], [ 37.29195, -1.73069 ], [ 37.29213, -1.73103 ], [ 37.29231, -1.73143 ], [ 37.2925, -1.73191 ], [ 37.2927, -1.73229 ], [ 37.29288, -1.73272 ], [ 37.29302, -1.7332 ], [ 37.29314, -1.73345 ], [ 37.29339, -1.73397 ], [ 37.29359, -1.73449 ], [ 37.29378, -1.73499 ], [ 37.29388, -1.73529 ], [ 37.294, -1.73557 ], [ 37.29404, -1.73555 ], [ 37.2941, -1.73573 ], [ 37.29421, -1.736 ], [ 37.29433, -1.73628 ], [ 37.29439, -1.7365 ], [ 37.29451, -1.73673 ], [ 37.2946, -1.73697 ], [ 37.2947, -1.7372 ], [ 37.29476, -1.73744 ], [ 37.29483, -1.73765 ], [ 37.29492, -1.73789 ], [ 37.29503, -1.73811 ], [ 37.2952, -1.73843 ], [ 37.29527, -1.73865 ], [ 37.29531, -1.73888 ], [ 37.29538, -1.73901 ], [ 37.29544, -1.73914 ], [ 37.29559, -1.7394 ], [ 37.29573, -1.73967 ], [ 37.29581, -1.7399 ], [ 37.29586, -1.74006 ], [ 37.29596, -1.74026 ], [ 37.29611, -1.74054 ], [ 37.29621, -1.74074 ], [ 37.29634, -1.74098 ], [ 37.29636, -1.74123 ], [ 37.29645, -1.74144 ], [ 37.2966, -1.74181 ], [ 37.29669, -1.74202 ], [ 37.29678, -1.74225 ], [ 37.29688, -1.74248 ], [ 37.29696, -1.74276 ], [ 37.29711, -1.74302 ], [ 37.2972, -1.7433 ], [ 37.29732, -1.74357 ], [ 37.29741, -1.74377 ], [ 37.2975, -1.74403 ], [ 37.29757, -1.74423 ], [ 37.29765, -1.74443 ], [ 37.29768, -1.74454 ], [ 37.29774, -1.74452 ], [ 37.29776, -1.74461 ], [ 37.29785, -1.74476 ], [ 37.29789, -1.74488 ], [ 37.29795, -1.74503 ], [ 37.29799, -1.7452 ], [ 37.29809, -1.74539 ], [ 37.29813, -1.74557 ], [ 37.2982, -1.7458 ], [ 37.29829, -1.74601 ], [ 37.29839, -1.74624 ], [ 37.29851, -1.74645 ], [ 37.29854, -1.74663 ], [ 37.29862, -1.74674 ], [ 37.29868, -1.74695 ], [ 37.29874, -1.7471 ], [ 37.29882, -1.74727 ], [ 37.29889, -1.74749 ], [ 37.29901, -1.74769 ], [ 37.29907, -1.74793 ], [ 37.29912, -1.74809 ], [ 37.29928, -1.74826 ], [ 37.29934, -1.74843 ], [ 37.2994, -1.74858 ], [ 37.29946, -1.74877 ], [ 37.29954, -1.74893 ], [ 37.29964, -1.74917 ], [ 37.29967, -1.74931 ], [ 37.2998, -1.74953 ], [ 37.29985, -1.74977 ], [ 37.29986, -1.74979 ], [ 37.29997, -1.75003 ], [ 37.30008, -1.75026 ], [ 37.30022, -1.75052 ], [ 37.30027, -1.75078 ], [ 37.30036, -1.75097 ], [ 37.30049, -1.75125 ], [ 37.30058, -1.75146 ], [ 37.30067, -1.75169 ], [ 37.30075, -1.75191 ], [ 37.30081, -1.75208 ], [ 37.30093, -1.75235 ], [ 37.30098, -1.75263 ], [ 37.30112, -1.75286 ], [ 37.30124, -1.75306 ], [ 37.30133, -1.75328 ], [ 37.30139, -1.75354 ], [ 37.30147, -1.75371 ], [ 37.30156, -1.75394 ], [ 37.30166, -1.75411 ], [ 37.30177, -1.75442 ], [ 37.3019, -1.75467 ], [ 37.30206, -1.75494 ], [ 37.30187, -1.75493 ], [ 37.30154, -1.75492 ], [ 37.30115, -1.75491 ], [ 37.30082, -1.75474 ], [ 37.30058, -1.75456 ], [ 37.30037, -1.75459 ], [ 37.30043, -1.75497 ], [ 37.30042, -1.75524 ], [ 37.30024, -1.75529 ], [ 37.30008, -1.75512 ], [ 37.29979, -1.75497 ], [ 37.29946, -1.75488 ], [ 37.29909, -1.75471 ], [ 37.29876, -1.75466 ], [ 37.29853, -1.75463 ], [ 37.29816, -1.75458 ], [ 37.29782, -1.75458 ], [ 37.29764, -1.75458 ], [ 37.29765, -1.75452 ], [ 37.29726, -1.75445 ], [ 37.29704, -1.75432 ], [ 37.29694, -1.75411 ], [ 37.29672, -1.75432 ], [ 37.29648, -1.75422 ], [ 37.29655, -1.75405 ], [ 37.29647, -1.75385 ], [ 37.29625, -1.75394 ], [ 37.29601, -1.75399 ], [ 37.29581, -1.75403 ], [ 37.29562, -1.75418 ], [ 37.29536, -1.7542 ], [ 37.29515, -1.75404 ], [ 37.29486, -1.75403 ], [ 37.2947, -1.7541 ], [ 37.29462, -1.75394 ], [ 37.29471, -1.75369 ], [ 37.29452, -1.75355 ], [ 37.2943, -1.75339 ], [ 37.29398, -1.7534 ], [ 37.29373, -1.75325 ], [ 37.29353, -1.75313 ], [ 37.29352, -1.75314 ], [ 37.2935, -1.75315 ], [ 37.29337, -1.75321 ], [ 37.29316, -1.75342 ], [ 37.29299, -1.75372 ], [ 37.29278, -1.75388 ], [ 37.29262, -1.75399 ], [ 37.29257, -1.7543 ], [ 37.29239, -1.75439 ], [ 37.29204, -1.75443 ], [ 37.29181, -1.75445 ], [ 37.2916, -1.75454 ], [ 37.2915, -1.75471 ], [ 37.29144, -1.75498 ], [ 37.29128, -1.75514 ], [ 37.29108, -1.75521 ], [ 37.29078, -1.7552 ], [ 37.29068, -1.75551 ], [ 37.29079, -1.75578 ], [ 37.29089, -1.756 ], [ 37.29081, -1.75641 ], [ 37.29081, -1.75677 ], [ 37.29059, -1.75677 ], [ 37.29036, -1.75677 ], [ 37.29015, -1.75719 ], [ 37.28981, -1.75742 ], [ 37.28954, -1.75749 ], [ 37.28929, -1.75748 ], [ 37.28913, -1.75735 ], [ 37.28908, -1.75721 ], [ 37.28892, -1.75734 ], [ 37.28892, -1.75737 ], [ 37.28892, -1.75742 ], [ 37.2889, -1.75762 ], [ 37.28888, -1.75788 ], [ 37.28871, -1.75794 ], [ 37.28842, -1.75793 ], [ 37.28841, -1.75814 ], [ 37.28819, -1.7583 ], [ 37.28806, -1.75839 ], [ 37.28797, -1.75865 ], [ 37.28812, -1.75881 ], [ 37.28828, -1.75889 ], [ 37.28838, -1.75867 ], [ 37.2885, -1.75856 ], [ 37.28858, -1.75848 ], [ 37.28877, -1.75868 ], [ 37.28864, -1.75881 ], [ 37.28855, -1.7589 ], [ 37.28853, -1.75903 ], [ 37.28862, -1.75912 ], [ 37.28863, -1.75924 ], [ 37.28853, -1.75939 ], [ 37.28852, -1.75956 ], [ 37.28865, -1.7597 ], [ 37.28852, -1.75981 ], [ 37.28843, -1.76002 ], [ 37.28836, -1.76019 ], [ 37.28819, -1.76019 ], [ 37.28793, -1.76018 ], [ 37.28784, -1.7603 ], [ 37.28777, -1.76039 ], [ 37.28767, -1.76053 ], [ 37.28764, -1.76051 ], [ 37.28753, -1.7607 ], [ 37.28729, -1.76082 ], [ 37.28711, -1.76091 ], [ 37.28691, -1.76108 ], [ 37.28663, -1.7612 ], [ 37.2863, -1.76132 ], [ 37.286, -1.76142 ], [ 37.28588, -1.76174 ], [ 37.28566, -1.76194 ], [ 37.28545, -1.76206 ], [ 37.28516, -1.76247 ], [ 37.28515, -1.76286 ], [ 37.28502, -1.76311 ], [ 37.28478, -1.76337 ], [ 37.2845, -1.76346 ], [ 37.28439, -1.76373 ], [ 37.28414, -1.76418 ], [ 37.28394, -1.76448 ], [ 37.28378, -1.76474 ], [ 37.28356, -1.76504 ], [ 37.28337, -1.76542 ], [ 37.28298, -1.76598 ], [ 37.28279, -1.76626 ], [ 37.28275, -1.76652 ], [ 37.28273, -1.76692 ], [ 37.28264, -1.76718 ], [ 37.28236, -1.76726 ], [ 37.28188, -1.76748 ], [ 37.2816, -1.76775 ], [ 37.28159, -1.76806 ], [ 37.28137, -1.76852 ], [ 37.28114, -1.76884 ], [ 37.28094, -1.76917 ], [ 37.28074, -1.76933 ], [ 37.28047, -1.76949 ], [ 37.28045, -1.76952 ], [ 37.28045, -1.76952 ], [ 37.28045, -1.76952 ], [ 37.28045, -1.76952 ], [ 37.28041, -1.76961 ], [ 37.28038, -1.76967 ], [ 37.28037, -1.76967 ], [ 37.28032, -1.76958 ], [ 37.28027, -1.76948 ], [ 37.28022, -1.76938 ], [ 37.28006, -1.76913 ], [ 37.28006, -1.76913 ], [ 37.27983, -1.76883 ], [ 37.27964, -1.76851 ], [ 37.2796, -1.76845 ], [ 37.27955, -1.76835 ], [ 37.27946, -1.76817 ], [ 37.27938, -1.76799 ], [ 37.27929, -1.76789 ], [ 37.27917, -1.76775 ], [ 37.27907, -1.76763 ], [ 37.27901, -1.76754 ], [ 37.27885, -1.76726 ], [ 37.27877, -1.76713 ], [ 37.27846, -1.76669 ], [ 37.27807, -1.76629 ], [ 37.27771, -1.76594 ], [ 37.27734, -1.76568 ], [ 37.277, -1.76562 ], [ 37.27667, -1.76558 ], [ 37.27621, -1.76536 ], [ 37.27567, -1.76528 ], [ 37.27512, -1.76518 ], [ 37.27459, -1.76518 ], [ 37.27411, -1.76523 ], [ 37.27375, -1.76535 ], [ 37.2734, -1.76551 ], [ 37.27289, -1.7658 ], [ 37.27269, -1.76594 ], [ 37.27248, -1.76573 ], [ 37.27217, -1.76533 ], [ 37.27185, -1.76509 ], [ 37.27162, -1.7648 ], [ 37.27114, -1.76434 ], [ 37.27088, -1.76403 ], [ 37.27036, -1.76342 ], [ 37.27003, -1.7631 ], [ 37.26934, -1.76251 ], [ 37.26919, -1.76228 ], [ 37.26918, -1.76227 ], [ 37.26915, -1.76223 ], [ 37.26903, -1.76225 ], [ 37.26893, -1.76229 ], [ 37.26863, -1.76222 ], [ 37.26836, -1.76221 ], [ 37.26817, -1.76225 ], [ 37.26804, -1.76237 ], [ 37.26734, -1.76232 ], [ 37.26624, -1.76214 ], [ 37.26212, -1.75739 ], [ 37.26027, -1.7551 ], [ 37.25879, -1.75344 ], [ 37.25153, -1.74527 ], [ 37.25152, -1.74525 ], [ 37.25133, -1.74504 ], [ 37.25034, -1.74379 ], [ 37.24955, -1.74299 ], [ 37.24796, -1.74135 ], [ 37.24789, -1.74126 ], [ 37.24786, -1.74121 ], [ 37.24735, -1.74037 ], [ 37.24655, -1.73945 ], [ 37.2457, -1.73835 ], [ 37.24545, -1.73814 ], [ 37.24491, -1.73768 ], [ 37.24411, -1.73835 ], [ 37.2435, -1.73927 ], [ 37.24241, -1.74059 ], [ 37.24159, -1.74038 ], [ 37.24133, -1.74031 ], [ 37.23286, -1.7381 ], [ 37.23271, -1.73797 ], [ 37.23275, -1.73807 ], [ 37.22865, -1.73701 ], [ 37.21541, -1.73355 ], [ 37.21239, -1.73283 ], [ 37.21091, -1.73237 ], [ 37.20951, -1.73207 ], [ 37.20853, -1.73176 ], [ 37.20774, -1.73146 ], [ 37.2067, -1.73079 ], [ 37.20572, -1.73018 ], [ 37.20498, -1.72975 ], [ 37.20413, -1.72926 ], [ 37.20273, -1.72828 ], [ 37.20133, -1.72755 ], [ 37.19956, -1.72645 ], [ 37.1987, -1.72609 ], [ 37.19762, -1.7254 ], [ 37.19754, -1.72535 ], [ 37.19764, -1.72598 ], [ 37.19906, -1.73534 ], [ 37.2009, -1.74739 ], [ 37.2009, -1.7477 ], [ 37.2009, -1.74776 ], [ 37.20074, -1.74784 ], [ 37.20061, -1.7479 ], [ 37.20067, -1.74795 ], [ 37.20084, -1.74807 ], [ 37.20084, -1.74807 ], [ 37.20086, -1.74821 ], [ 37.20095, -1.74842 ], [ 37.201, -1.74854 ], [ 37.20108, -1.74877 ], [ 37.20112, -1.74884 ], [ 37.20136, -1.74937 ], [ 37.20148, -1.74971 ], [ 37.20161, -1.7501 ], [ 37.20173, -1.75049 ], [ 37.20174, -1.75052 ], [ 37.2021, -1.75121 ], [ 37.20217, -1.75133 ], [ 37.2022, -1.75141 ], [ 37.20241, -1.75222 ], [ 37.20491, -1.76015 ], [ 37.20541, -1.76096 ], [ 37.20542, -1.76097 ], [ 37.20684, -1.76533 ], [ 37.20712, -1.76619 ], [ 37.2076, -1.76765 ], [ 37.20956, -1.77366 ], [ 37.21126, -1.77675 ], [ 37.21126, -1.77675 ], [ 37.20501, -1.77763 ], [ 37.20143, -1.77793 ], [ 37.19726, -1.77828 ], [ 37.1923, -1.77839 ], [ 37.18894, -1.77936 ], [ 37.18188, -1.78011 ], [ 37.17362, -1.78154 ], [ 37.16603, -1.78236 ], [ 37.16222, -1.78278 ], [ 37.16145, -1.78286 ], [ 37.16112, -1.78268 ], [ 37.16143, -1.78146 ], [ 37.16143, -1.78031 ], [ 37.16118, -1.77984 ], [ 37.16089, -1.77936 ], [ 37.16044, -1.77913 ], [ 37.15974, -1.77891 ], [ 37.1592, -1.77878 ], [ 37.15837, -1.77901 ], [ 37.15735, -1.77945 ], [ 37.1563, -1.7799 ], [ 37.15531, -1.77996 ], [ 37.15458, -1.77996 ], [ 37.15369, -1.77955 ], [ 37.1534, -1.77904 ], [ 37.15293, -1.77818 ], [ 37.15277, -1.77745 ], [ 37.15277, -1.7771 ], [ 37.15315, -1.77617 ], [ 37.15391, -1.77477 ], [ 37.15455, -1.77416 ], [ 37.15519, -1.77314 ], [ 37.15602, -1.77162 ], [ 37.15627, -1.77085 ], [ 37.15643, -1.77037 ], [ 37.15675, -1.77005 ], [ 37.157, -1.76967 ], [ 37.15751, -1.76919 ], [ 37.15786, -1.76888 ], [ 37.15847, -1.7684 ], [ 37.15895, -1.76802 ], [ 37.15927, -1.76754 ], [ 37.15943, -1.76687 ], [ 37.1592, -1.76556 ], [ 37.15888, -1.76505 ], [ 37.1585, -1.7647 ], [ 37.15774, -1.76432 ], [ 37.15716, -1.76403 ], [ 37.15633, -1.76387 ], [ 37.15541, -1.76371 ], [ 37.15468, -1.76349 ], [ 37.15401, -1.76333 ], [ 37.15315, -1.7633 ], [ 37.15248, -1.76327 ], [ 37.15127, -1.76292 ], [ 37.15069, -1.76257 ], [ 37.15022, -1.76212 ], [ 37.14964, -1.76126 ], [ 37.14945, -1.76018 ], [ 37.14917, -1.75871 ], [ 37.14866, -1.75645 ], [ 37.14795, -1.75428 ], [ 37.14815, -1.75237 ], [ 37.14897, -1.74928 ], [ 37.14974, -1.74543 ], [ 37.14987, -1.74377 ], [ 37.14959, -1.74224 ], [ 37.14942, -1.74132 ], [ 37.14901, -1.74068 ], [ 37.14872, -1.7402 ], [ 37.14871, -1.74019 ], [ 37.14867, -1.74012 ], [ 37.14824, -1.73959 ], [ 37.14813, -1.7395 ], [ 37.14757, -1.73899 ], [ 37.14717, -1.73876 ], [ 37.14644, -1.73832 ], [ 37.14544, -1.73807 ], [ 37.14452, -1.73792 ], [ 37.1443, -1.73792 ], [ 37.14389, -1.73786 ], [ 37.14378, -1.73784 ], [ 37.14298, -1.73788 ], [ 37.14293, -1.73789 ], [ 37.14274, -1.73789 ], [ 37.1421, -1.73789 ], [ 37.14116, -1.73813 ], [ 37.14056, -1.73852 ], [ 37.14013, -1.73878 ], [ 37.13987, -1.73894 ], [ 37.13921, -1.73937 ], [ 37.13868, -1.74001 ], [ 37.13733, -1.7411 ], [ 37.13699, -1.7413 ], [ 37.13682, -1.7414 ], [ 37.13598, -1.74187 ], [ 37.13589, -1.74191 ], [ 37.1353, -1.74217 ], [ 37.1347, -1.74223 ], [ 37.13436, -1.74222 ], [ 37.13369, -1.74226 ], [ 37.13282, -1.74219 ], [ 37.13194, -1.74187 ], [ 37.131, -1.74177 ], [ 37.13065, -1.74168 ], [ 37.12984, -1.74147 ], [ 37.1283, -1.74119 ], [ 37.12689, -1.74104 ], [ 37.125, -1.7406 ], [ 37.12464, -1.74051 ], [ 37.12251, -1.74012 ], [ 37.12203, -1.74003 ], [ 37.12203, -1.73959 ], [ 37.1212, -1.73988 ], [ 37.11992, -1.73958 ], [ 37.1188, -1.7392 ], [ 37.11791, -1.7389 ], [ 37.11652, -1.73837 ], [ 37.11634, -1.73828 ], [ 37.11501, -1.73747 ], [ 37.11355, -1.73648 ], [ 37.11185, -1.73474 ], [ 37.11086, -1.73348 ], [ 37.10821, -1.72992 ], [ 37.09731, -1.71523 ], [ 37.08254, -1.69565 ], [ 37.07381, -1.68415 ], [ 37.06955, -1.67837 ], [ 37.06738, -1.67543 ], [ 37.06106, -1.66709 ], [ 37.05294, -1.65628 ], [ 37.05221, -1.6553 ], [ 37.05148, -1.65434 ], [ 37.04431, -1.64478 ], [ 37.03673, -1.63459 ], [ 37.03414, -1.63122 ], [ 37.03055, -1.62656 ], [ 37.0299, -1.62568 ], [ 37.02991, -1.62563 ], [ 37.02998, -1.62526 ], [ 37.03001, -1.62523 ], [ 37.03854, -1.62041 ], [ 37.05296, -1.6124 ], [ 37.07672, -1.59918 ], [ 37.09002, -1.59182 ], [ 37.10467, -1.58372 ], [ 37.10513, -1.58347 ], [ 37.10525, -1.58341 ], [ 37.10527, -1.5834 ], [ 37.10569, -1.58317 ], [ 37.10617, -1.5829 ], [ 37.10709, -1.5824 ], [ 37.11355, -1.57886 ], [ 37.11591, -1.57756 ], [ 37.11607, -1.57747 ], [ 37.12492, -1.5726 ], [ 37.14068, -1.5639 ], [ 37.14131, -1.55821 ], [ 37.14247, -1.54979 ], [ 37.14271, -1.54774 ], [ 37.14275, -1.54744 ], [ 37.14351, -1.54108 ], [ 37.14419, -1.53571 ], [ 37.14452, -1.53379 ], [ 37.14452, -1.53371 ], [ 37.14452, -1.53368 ], [ 37.1444, -1.53144 ], [ 37.14372, -1.52437 ], [ 37.14316, -1.51774 ], [ 37.14307, -1.51675 ], [ 37.14247, -1.51095 ], [ 37.14326, -1.51028 ], [ 37.14397, -1.50965 ], [ 37.1444, -1.50922 ], [ 37.14481, -1.50885 ], [ 37.14512, -1.50854 ], [ 37.14561, -1.50818 ], [ 37.14593, -1.5079 ], [ 37.14625, -1.50761 ], [ 37.14675, -1.50708 ], [ 37.14721, -1.50658 ], [ 37.14777, -1.50615 ], [ 37.14843, -1.50584 ], [ 37.14903, -1.50565 ], [ 37.14957, -1.50563 ], [ 37.15026, -1.50563 ], [ 37.15101, -1.50566 ], [ 37.1518, -1.50577 ], [ 37.15312, -1.50616 ], [ 37.15383, -1.5063 ], [ 37.15431, -1.50641 ], [ 37.1547, -1.50661 ], [ 37.15513, -1.50653 ], [ 37.1558, -1.50653 ], [ 37.15672, -1.50659 ], [ 37.15747, -1.50668 ], [ 37.15811, -1.50677 ], [ 37.15878, -1.50706 ], [ 37.15941, -1.50714 ], [ 37.15971, -1.5072 ], [ 37.16024, -1.50715 ], [ 37.16038, -1.50687 ], [ 37.16068, -1.50653 ], [ 37.16086, -1.50597 ], [ 37.16088, -1.50544 ], [ 37.16097, -1.50489 ], [ 37.16139, -1.50422 ], [ 37.16186, -1.50393 ], [ 37.16228, -1.50369 ], [ 37.16259, -1.50337 ], [ 37.16278, -1.50311 ], [ 37.16305, -1.50283 ], [ 37.16331, -1.50255 ], [ 37.16347, -1.50236 ], [ 37.16362, -1.50211 ], [ 37.16365, -1.50184 ], [ 37.16365, -1.50152 ], [ 37.1635, -1.50129 ], [ 37.16327, -1.5011 ], [ 37.16297, -1.50092 ], [ 37.16258, -1.5006 ], [ 37.16202, -1.50031 ], [ 37.16177, -1.50012 ], [ 37.16139, -1.49982 ], [ 37.16106, -1.49955 ], [ 37.16094, -1.49928 ], [ 37.161, -1.49904 ], [ 37.16125, -1.49875 ], [ 37.16148, -1.49843 ], [ 37.16174, -1.49811 ], [ 37.16195, -1.4979 ], [ 37.16228, -1.49737 ], [ 37.1625, -1.49699 ], [ 37.16273, -1.49669 ], [ 37.16303, -1.49636 ], [ 37.16333, -1.49604 ], [ 37.16373, -1.49559 ], [ 37.16399, -1.49528 ], [ 37.16453, -1.49486 ], [ 37.16508, -1.49427 ], [ 37.16554, -1.49385 ], [ 37.16575, -1.49368 ], [ 37.16606, -1.49344 ], [ 37.16639, -1.49311 ], [ 37.16673, -1.49285 ], [ 37.16754, -1.49215 ], [ 37.16811, -1.49162 ], [ 37.16841, -1.49129 ], [ 37.16866, -1.49101 ], [ 37.16886, -1.49061 ], [ 37.16903, -1.49006 ], [ 37.16915, -1.48951 ], [ 37.16929, -1.48911 ], [ 37.16937, -1.48874 ], [ 37.16942, -1.48836 ], [ 37.16956, -1.48725 ], [ 37.16956, -1.48684 ], [ 37.16957, -1.48644 ], [ 37.16957, -1.48612 ], [ 37.1696, -1.48589 ], [ 37.16987, -1.48559 ], [ 37.17025, -1.48532 ], [ 37.17051, -1.4851 ], [ 37.17084, -1.48488 ], [ 37.1712, -1.48473 ], [ 37.17163, -1.48471 ], [ 37.17234, -1.48463 ], [ 37.17275, -1.48465 ], [ 37.17329, -1.48469 ], [ 37.17376, -1.48473 ], [ 37.17424, -1.4848 ], [ 37.17458, -1.4848 ], [ 37.17512, -1.48484 ], [ 37.17568, -1.48509 ], [ 37.1761, -1.48538 ], [ 37.1765, -1.48562 ], [ 37.17685, -1.48574 ], [ 37.17738, -1.48557 ], [ 37.17766, -1.48529 ], [ 37.17798, -1.48499 ], [ 37.17829, -1.48473 ], [ 37.1786, -1.48448 ], [ 37.17876, -1.48426 ], [ 37.17898, -1.48395 ], [ 37.17908, -1.48375 ], [ 37.17931, -1.48324 ], [ 37.17948, -1.48302 ], [ 37.1797, -1.48291 ], [ 37.18, -1.48291 ], [ 37.18043, -1.48293 ], [ 37.18078, -1.48296 ], [ 37.18114, -1.483 ], [ 37.18176, -1.48304 ], [ 37.18208, -1.48307 ], [ 37.18245, -1.48307 ], [ 37.18278, -1.48305 ], [ 37.18301, -1.48302 ], [ 37.18324, -1.48299 ], [ 37.18382, -1.48274 ], [ 37.18409, -1.48262 ], [ 37.1845, -1.48241 ], [ 37.18487, -1.48226 ], [ 37.18512, -1.48214 ], [ 37.18566, -1.48193 ], [ 37.18636, -1.48165 ], [ 37.18675, -1.48148 ], [ 37.18706, -1.4813 ], [ 37.18754, -1.481 ], [ 37.18796, -1.48079 ], [ 37.18841, -1.48046 ], [ 37.18882, -1.48001 ], [ 37.1889, -1.47981 ], [ 37.18928, -1.4793 ], [ 37.18958, -1.47874 ], [ 37.18989, -1.47809 ], [ 37.19015, -1.47755 ], [ 37.19024, -1.47712 ], [ 37.19028, -1.47675 ], [ 37.18995, -1.47677 ], [ 37.18948, -1.47679 ], [ 37.1891, -1.47687 ], [ 37.18855, -1.47695 ], [ 37.18794, -1.47679 ], [ 37.18765, -1.47626 ], [ 37.18769, -1.47539 ], [ 37.18775, -1.4751 ], [ 37.18775, -1.4751 ], [ 37.18776, -1.4751 ], [ 37.18774, -1.47472 ], [ 37.18766, -1.47409 ], [ 37.18733, -1.47377 ], [ 37.1866, -1.4732 ], [ 37.18608, -1.47249 ], [ 37.18568, -1.47184 ], [ 37.18557, -1.47136 ], [ 37.18562, -1.47049 ], [ 37.18578, -1.46951 ], [ 37.18584, -1.46854 ], [ 37.18616, -1.46786 ], [ 37.18624, -1.46654 ], [ 37.186, -1.46607 ], [ 37.18554, -1.46599 ], [ 37.18505, -1.46615 ], [ 37.18435, -1.46645 ], [ 37.18383, -1.46672 ], [ 37.1831, -1.46705 ], [ 37.18248, -1.46713 ], [ 37.18137, -1.4671 ], [ 37.1808, -1.46648 ], [ 37.18052, -1.46591 ], [ 37.18034, -1.46528 ], [ 37.18031, -1.46455 ], [ 37.18031, -1.46385 ], [ 37.18031, -1.4632 ], [ 37.18066, -1.46219 ], [ 37.18099, -1.46138 ], [ 37.18147, -1.4607 ], [ 37.18229, -1.46011 ], [ 37.18337, -1.45943 ], [ 37.18421, -1.45908 ], [ 37.18535, -1.4587 ], [ 37.18652, -1.4588 ], [ 37.18717, -1.45932 ], [ 37.18747, -1.45986 ], [ 37.18766, -1.46043 ], [ 37.18793, -1.46114 ], [ 37.18836, -1.46149 ], [ 37.1892, -1.46157 ], [ 37.18963, -1.46146 ], [ 37.19015, -1.46087 ], [ 37.19023, -1.46005 ], [ 37.18999, -1.4588 ], [ 37.1895, -1.4581 ], [ 37.18888, -1.45726 ], [ 37.18896, -1.4568 ], [ 37.18936, -1.45683 ], [ 37.18996, -1.45693 ], [ 37.19053, -1.45669 ], [ 37.19102, -1.45645 ], [ 37.19194, -1.45623 ], [ 37.19329, -1.45558 ], [ 37.194, -1.45558 ], [ 37.19519, -1.45505 ], [ 37.19544, -1.45428 ], [ 37.1959, -1.45349 ], [ 37.19655, -1.45224 ], [ 37.19693, -1.45124 ], [ 37.19717, -1.45043 ], [ 37.1973, -1.44928 ], [ 37.19714, -1.44808 ], [ 37.19707, -1.44806 ], [ 37.19703, -1.44805 ], [ 37.19706, -1.44793 ], [ 37.19668, -1.44732 ], [ 37.19622, -1.44652 ], [ 37.19588, -1.44575 ], [ 37.19559, -1.44519 ], [ 37.19551, -1.445 ], [ 37.1952, -1.44463 ], [ 37.19475, -1.44415 ], [ 37.19424, -1.4435 ], [ 37.19349, -1.4426 ], [ 37.19268, -1.44163 ], [ 37.19247, -1.44138 ], [ 37.19189, -1.44049 ], [ 37.1917, -1.43981 ], [ 37.1917, -1.43877 ], [ 37.19212, -1.43773 ], [ 37.19296, -1.437 ], [ 37.19347, -1.43642 ], [ 37.19421, -1.43592 ], [ 37.19495, -1.4354 ], [ 37.1959, -1.43487 ], [ 37.19658, -1.43422 ], [ 37.19665, -1.43381 ], [ 37.19648, -1.43342 ], [ 37.19626, -1.43291 ], [ 37.19582, -1.43243 ], [ 37.19503, -1.43174 ], [ 37.19439, -1.43108 ], [ 37.19366, -1.43055 ], [ 37.19308, -1.43 ], [ 37.19241, -1.42919 ], [ 37.19129, -1.42813 ], [ 37.19064, -1.42753 ], [ 37.19015, -1.4272 ], [ 37.19021, -1.42659 ], [ 37.19035, -1.42633 ], [ 37.19065, -1.42595 ], [ 37.1912, -1.42534 ], [ 37.19155, -1.42505 ], [ 37.19189, -1.42468 ], [ 37.19216, -1.42431 ], [ 37.19285, -1.42378 ], [ 37.19361, -1.42296 ], [ 37.19401, -1.42247 ], [ 37.19427, -1.4219 ], [ 37.19453, -1.42131 ], [ 37.19492, -1.42082 ], [ 37.19527, -1.42038 ], [ 37.19552, -1.41994 ], [ 37.19584, -1.41959 ], [ 37.19628, -1.41939 ], [ 37.1966, -1.41939 ], [ 37.19684, -1.41962 ], [ 37.19706, -1.42018 ], [ 37.19718, -1.42055 ], [ 37.19742, -1.42114 ], [ 37.19773, -1.42166 ], [ 37.19791, -1.42213 ], [ 37.19816, -1.42256 ], [ 37.19834, -1.4229 ], [ 37.19861, -1.42322 ], [ 37.19909, -1.42326 ], [ 37.19954, -1.42319 ], [ 37.20021, -1.42312 ], [ 37.20095, -1.42288 ], [ 37.20142, -1.42267 ], [ 37.20185, -1.42259 ], [ 37.20196, -1.42246 ], [ 37.20213, -1.42231 ], [ 37.20228, -1.42217 ], [ 37.20238, -1.42199 ], [ 37.20241, -1.42176 ], [ 37.20213, -1.42139 ], [ 37.20203, -1.42126 ], [ 37.20186, -1.42096 ], [ 37.20179, -1.42047 ], [ 37.20176, -1.42026 ], [ 37.20176, -1.41998 ], [ 37.20174, -1.41976 ], [ 37.20165, -1.41955 ], [ 37.20147, -1.41922 ], [ 37.20127, -1.41898 ], [ 37.20107, -1.41865 ], [ 37.20092, -1.41842 ], [ 37.20072, -1.41815 ], [ 37.20034, -1.41771 ], [ 37.20013, -1.41731 ], [ 37.19998, -1.41705 ], [ 37.19982, -1.41683 ], [ 37.19982, -1.41683 ], [ 37.19965, -1.41661 ], [ 37.19948, -1.41645 ], [ 37.19932, -1.41634 ], [ 37.19901, -1.41611 ], [ 37.19883, -1.41602 ], [ 37.1987, -1.41589 ], [ 37.19847, -1.41568 ], [ 37.19832, -1.41549 ], [ 37.19806, -1.41509 ], [ 37.1979, -1.41469 ], [ 37.19772, -1.41422 ], [ 37.19753, -1.41386 ], [ 37.19734, -1.41362 ], [ 37.19726, -1.41341 ], [ 37.19724, -1.41317 ], [ 37.19718, -1.41294 ], [ 37.19712, -1.41266 ], [ 37.19705, -1.41247 ], [ 37.19698, -1.41236 ], [ 37.19679, -1.41184 ], [ 37.19661, -1.41148 ], [ 37.19642, -1.41114 ], [ 37.19621, -1.41069 ], [ 37.19602, -1.41042 ], [ 37.19581, -1.41009 ], [ 37.19558, -1.40988 ], [ 37.1954, -1.4098 ], [ 37.19509, -1.4097 ], [ 37.19465, -1.40955 ], [ 37.19427, -1.40935 ], [ 37.19394, -1.40922 ], [ 37.19367, -1.40908 ], [ 37.19321, -1.40891 ], [ 37.1928, -1.4086 ], [ 37.19237, -1.40823 ], [ 37.19215, -1.40805 ], [ 37.19189, -1.40782 ], [ 37.1917, -1.40762 ], [ 37.19113, -1.40722 ], [ 37.19086, -1.40672 ], [ 37.19087, -1.40672 ], [ 37.1907, -1.40645 ], [ 37.19059, -1.40627 ], [ 37.19045, -1.40602 ], [ 37.19025, -1.40575 ], [ 37.19015, -1.40562 ], [ 37.19005, -1.40545 ], [ 37.18996, -1.40526 ], [ 37.18979, -1.4048 ], [ 37.18966, -1.40451 ], [ 37.18952, -1.40429 ], [ 37.18931, -1.40394 ], [ 37.18912, -1.40352 ], [ 37.18897, -1.40322 ], [ 37.18865, -1.4028 ], [ 37.18848, -1.40262 ], [ 37.18825, -1.40235 ], [ 37.18811, -1.40202 ], [ 37.18805, -1.40179 ], [ 37.18805, -1.40168 ], [ 37.18833, -1.40137 ], [ 37.18873, -1.40098 ], [ 37.18916, -1.4006 ], [ 37.18939, -1.40038 ], [ 37.18974, -1.40002 ], [ 37.18991, -1.39975 ], [ 37.19025, -1.3993 ], [ 37.1906, -1.39885 ], [ 37.19076, -1.39866 ], [ 37.19096, -1.39839 ], [ 37.1912, -1.39812 ], [ 37.19152, -1.3977 ], [ 37.19218, -1.39722 ], [ 37.19261, -1.39696 ], [ 37.1931, -1.39672 ], [ 37.1934, -1.39655 ], [ 37.19366, -1.3963 ], [ 37.19388, -1.39601 ], [ 37.1942, -1.39564 ], [ 37.19443, -1.39531 ], [ 37.19463, -1.39502 ], [ 37.19517, -1.39435 ], [ 37.19534, -1.39415 ], [ 37.19562, -1.3937 ], [ 37.19573, -1.39326 ], [ 37.19584, -1.39292 ], [ 37.19606, -1.39244 ], [ 37.19633, -1.39188 ], [ 37.19638, -1.39168 ], [ 37.19668, -1.39111 ], [ 37.19681, -1.39082 ], [ 37.19737, -1.38966 ], [ 37.19757, -1.38923 ], [ 37.19777, -1.3889 ], [ 37.19799, -1.3886 ], [ 37.1982, -1.38822 ], [ 37.19844, -1.38777 ], [ 37.19862, -1.3874 ], [ 37.19874, -1.38696 ], [ 37.19882, -1.38667 ], [ 37.19895, -1.38589 ], [ 37.19894, -1.38497 ], [ 37.19896, -1.38451 ], [ 37.19897, -1.38398 ], [ 37.19899, -1.38364 ], [ 37.19907, -1.38328 ], [ 37.19913, -1.38291 ], [ 37.19926, -1.38256 ], [ 37.19927, -1.38246 ], [ 37.19939, -1.38223 ], [ 37.19942, -1.38216 ], [ 37.19946, -1.38201 ], [ 37.19954, -1.38178 ], [ 37.19998, -1.38115 ], [ 37.20025, -1.3807 ], [ 37.20059, -1.3804 ], [ 37.20076, -1.38024 ], [ 37.2012, -1.37981 ], [ 37.20153, -1.3794 ], [ 37.2019, -1.37892 ], [ 37.20228, -1.37838 ], [ 37.20264, -1.3779 ], [ 37.2029, -1.37754 ], [ 37.20323, -1.3771 ], [ 37.20383, -1.3765 ], [ 37.20417, -1.37619 ], [ 37.20477, -1.37575 ], [ 37.20523, -1.37535 ], [ 37.2055, -1.37515 ], [ 37.20609, -1.37487 ], [ 37.20652, -1.37456 ], [ 37.20692, -1.37417 ], [ 37.20713, -1.3738 ], [ 37.20733, -1.37351 ], [ 37.20757, -1.37311 ], [ 37.20774, -1.3728 ], [ 37.20798, -1.37255 ], [ 37.20842, -1.37214 ], [ 37.20858, -1.37179 ], [ 37.20874, -1.37156 ], [ 37.20908, -1.37107 ], [ 37.20939, -1.37069 ], [ 37.20967, -1.37043 ], [ 37.21043, -1.37007 ], [ 37.21086, -1.36994 ], [ 37.21133, -1.36981 ], [ 37.21173, -1.36963 ], [ 37.21213, -1.36942 ], [ 37.21275, -1.36918 ], [ 37.21313, -1.36897 ], [ 37.21366, -1.36878 ], [ 37.21398, -1.36869 ], [ 37.21432, -1.3686 ], [ 37.21472, -1.36858 ], [ 37.21542, -1.36858 ], [ 37.21556, -1.36862 ], [ 37.21598, -1.36872 ], [ 37.21638, -1.36864 ], [ 37.21673, -1.36847 ], [ 37.21697, -1.3684 ], [ 37.21738, -1.36832 ], [ 37.21829, -1.36806 ], [ 37.21898, -1.36801 ], [ 37.2195, -1.36799 ], [ 37.21992, -1.36797 ], [ 37.22018, -1.36797 ], [ 37.22035, -1.36787 ], [ 37.22033, -1.36823 ], [ 37.22042, -1.36885 ], [ 37.22042, -1.36934 ], [ 37.22042, -1.36995 ], [ 37.22041, -1.37052 ], [ 37.22043, -1.37152 ], [ 37.22043, -1.3723 ], [ 37.22041, -1.37321 ], [ 37.22041, -1.37386 ], [ 37.22041, -1.37393 ], [ 37.22041, -1.37453 ], [ 37.22045, -1.37544 ], [ 37.22049, -1.37653 ], [ 37.22053, -1.377 ], [ 37.2207, -1.37752 ], [ 37.22071, -1.38187 ], [ 37.22062, -1.38232 ], [ 37.22062, -1.38291 ], [ 37.22065, -1.38357 ], [ 37.22076, -1.38413 ], [ 37.22084, -1.38443 ], [ 37.22102, -1.38488 ], [ 37.22108, -1.38525 ], [ 37.22119, -1.38569 ], [ 37.22117, -1.38589 ], [ 37.22123, -1.38595 ], [ 37.22126, -1.38617 ], [ 37.22152, -1.38653 ], [ 37.22183, -1.38708 ], [ 37.2221, -1.38748 ], [ 37.22254, -1.38806 ], [ 37.22301, -1.38863 ], [ 37.22362, -1.38927 ], [ 37.22397, -1.38959 ], [ 37.22448, -1.39011 ], [ 37.22522, -1.39048 ], [ 37.22553, -1.39061 ], [ 37.22586, -1.39072 ], [ 37.22631, -1.39097 ], [ 37.22641, -1.39102 ], [ 37.22668, -1.39119 ], [ 37.22685, -1.39136 ], [ 37.22697, -1.39176 ], [ 37.22715, -1.39206 ], [ 37.22747, -1.3924 ], [ 37.22783, -1.39274 ], [ 37.22822, -1.39305 ], [ 37.22855, -1.39341 ], [ 37.22886, -1.39391 ], [ 37.22919, -1.39436 ], [ 37.22921, -1.39438 ], [ 37.22952, -1.39466 ], [ 37.23005, -1.39513 ], [ 37.23035, -1.39543 ], [ 37.23089, -1.39597 ], [ 37.23103, -1.39617 ], [ 37.23111, -1.39628 ], [ 37.23111, -1.39629 ], [ 37.23136, -1.39667 ], [ 37.23159, -1.39729 ], [ 37.23198, -1.39807 ], [ 37.23252, -1.39891 ], [ 37.23285, -1.39941 ], [ 37.23309, -1.39976 ], [ 37.23359, -1.4003 ], [ 37.23412, -1.40081 ], [ 37.23454, -1.40118 ], [ 37.23514, -1.40109 ], [ 37.2356, -1.40124 ], [ 37.23571, -1.40045 ], [ 37.23574, -1.40012 ], [ 37.23588, -1.39977 ], [ 37.23614, -1.39907 ], [ 37.23632, -1.39868 ], [ 37.23638, -1.39852 ], [ 37.23641, -1.39817 ], [ 37.23648, -1.39779 ], [ 37.23584, -1.3976 ], [ 37.23585, -1.39724 ], [ 37.23585, -1.39686 ], [ 37.23575, -1.39655 ], [ 37.23558, -1.39611 ], [ 37.23537, -1.39566 ], [ 37.23517, -1.39524 ], [ 37.23495, -1.39487 ], [ 37.2347, -1.39448 ], [ 37.2345, -1.39423 ], [ 37.23426, -1.39397 ], [ 37.23426, -1.39322 ], [ 37.23426, -1.39216 ], [ 37.23393, -1.39105 ], [ 37.23354, -1.38989 ], [ 37.23296, -1.38863 ], [ 37.23291, -1.38742 ], [ 37.23282, -1.38675 ], [ 37.23293, -1.38668 ], [ 37.23318, -1.38648 ], [ 37.23347, -1.38631 ], [ 37.2339, -1.38614 ], [ 37.23429, -1.38592 ], [ 37.23474, -1.38582 ], [ 37.23507, -1.38564 ], [ 37.23541, -1.38551 ], [ 37.23571, -1.38554 ], [ 37.23573, -1.38562 ], [ 37.23579, -1.38595 ], [ 37.2358, -1.38622 ], [ 37.23588, -1.38648 ], [ 37.23589, -1.3867 ], [ 37.23592, -1.38689 ], [ 37.23603, -1.38721 ], [ 37.23613, -1.38755 ], [ 37.23627, -1.38788 ], [ 37.23652, -1.38813 ], [ 37.23665, -1.38823 ], [ 37.23702, -1.38879 ], [ 37.2375, -1.38954 ], [ 37.23757, -1.38976 ], [ 37.23801, -1.38978 ], [ 37.23896, -1.38989 ], [ 37.23984, -1.38997 ], [ 37.24092, -1.38992 ], [ 37.24162, -1.38995 ], [ 37.24267, -1.38993 ], [ 37.24483, -1.3896 ], [ 37.24619, -1.38912 ], [ 37.2463, -1.38898 ], [ 37.24711, -1.38884 ], [ 37.24822, -1.38841 ], [ 37.24927, -1.38813 ], [ 37.25028, -1.38785 ], [ 37.25116, -1.3874 ], [ 37.25216, -1.3869 ], [ 37.25327, -1.38645 ], [ 37.25375, -1.38645 ], [ 37.25418, -1.38645 ], [ 37.25476, -1.38656 ], [ 37.25545, -1.3866 ], [ 37.25595, -1.3866 ], [ 37.25634, -1.38658 ], [ 37.25663, -1.38649 ], [ 37.25663, -1.38649 ], [ 37.25697, -1.38645 ], [ 37.25734, -1.38645 ], [ 37.25772, -1.38645 ], [ 37.25817, -1.3864 ], [ 37.25874, -1.38672 ], [ 37.25875, -1.38672 ], [ 37.25866, -1.38682 ], [ 37.25854, -1.38704 ], [ 37.25848, -1.38716 ], [ 37.2584, -1.38732 ], [ 37.25827, -1.38748 ], [ 37.25813, -1.38774 ], [ 37.25787, -1.38797 ], [ 37.25776, -1.38809 ], [ 37.25749, -1.38832 ], [ 37.25743, -1.38851 ], [ 37.25741, -1.38861 ], [ 37.25739, -1.38873 ], [ 37.25731, -1.38898 ], [ 37.25719, -1.38913 ], [ 37.25706, -1.38923 ], [ 37.2569, -1.38933 ], [ 37.2567, -1.38943 ], [ 37.2565, -1.38955 ], [ 37.25629, -1.38976 ], [ 37.256, -1.39012 ], [ 37.25589, -1.39023 ], [ 37.25578, -1.39035 ], [ 37.25562, -1.39047 ], [ 37.25539, -1.3906 ], [ 37.25524, -1.39071 ], [ 37.255, -1.39083 ], [ 37.25484, -1.39094 ], [ 37.25469, -1.39105 ], [ 37.25457, -1.39115 ], [ 37.25445, -1.39131 ], [ 37.25442, -1.39148 ], [ 37.25441, -1.39183 ], [ 37.25436, -1.39198 ], [ 37.25433, -1.39212 ], [ 37.25417, -1.39235 ], [ 37.254, -1.39255 ], [ 37.25381, -1.39275 ], [ 37.25371, -1.39287 ], [ 37.25365, -1.39296 ], [ 37.25352, -1.3931 ], [ 37.25341, -1.39324 ], [ 37.25338, -1.39342 ], [ 37.25335, -1.39363 ], [ 37.25335, -1.39383 ], [ 37.25335, -1.39399 ], [ 37.25342, -1.3941 ], [ 37.25347, -1.39424 ], [ 37.25352, -1.39434 ], [ 37.25354, -1.39449 ], [ 37.25356, -1.39467 ], [ 37.25358, -1.39484 ], [ 37.25359, -1.395 ], [ 37.25364, -1.39509 ], [ 37.25371, -1.39534 ], [ 37.25379, -1.39557 ], [ 37.25401, -1.39576 ], [ 37.25407, -1.39589 ], [ 37.25409, -1.39601 ], [ 37.25413, -1.39614 ], [ 37.25413, -1.39627 ], [ 37.25407, -1.39642 ], [ 37.25396, -1.39655 ], [ 37.25384, -1.39667 ], [ 37.25371, -1.39678 ], [ 37.25345, -1.39682 ], [ 37.2532, -1.39687 ], [ 37.25301, -1.39691 ], [ 37.25282, -1.39697 ], [ 37.25266, -1.39709 ], [ 37.25258, -1.39726 ], [ 37.25253, -1.39743 ], [ 37.25256, -1.39762 ], [ 37.25266, -1.39774 ], [ 37.25276, -1.3979 ], [ 37.25282, -1.3982 ], [ 37.25281, -1.39839 ], [ 37.2528, -1.39851 ], [ 37.25277, -1.39863 ], [ 37.25272, -1.39878 ], [ 37.2527, -1.39894 ], [ 37.25267, -1.39912 ], [ 37.25265, -1.39931 ], [ 37.25258, -1.39954 ], [ 37.25259, -1.39975 ], [ 37.25252, -1.40009 ], [ 37.25252, -1.40023 ], [ 37.25251, -1.40052 ], [ 37.25252, -1.40068 ], [ 37.25253, -1.40079 ], [ 37.25259, -1.40093 ], [ 37.25267, -1.4011 ], [ 37.25273, -1.40122 ], [ 37.25286, -1.40138 ], [ 37.25303, -1.40166 ], [ 37.25326, -1.40193 ], [ 37.25339, -1.40206 ], [ 37.25348, -1.40214 ], [ 37.2536, -1.40225 ], [ 37.25371, -1.40234 ], [ 37.25381, -1.40248 ], [ 37.25396, -1.40274 ], [ 37.25408, -1.40289 ], [ 37.2542, -1.40308 ], [ 37.25422, -1.40316 ], [ 37.25426, -1.40328 ], [ 37.25428, -1.40341 ], [ 37.2543, -1.40347 ], [ 37.25435, -1.40359 ], [ 37.25436, -1.40364 ], [ 37.25441, -1.4037 ], [ 37.25449, -1.40383 ], [ 37.25454, -1.40393 ], [ 37.2546, -1.4041 ], [ 37.25459, -1.40438 ], [ 37.25459, -1.40471 ], [ 37.25459, -1.40501 ], [ 37.2546, -1.40525 ], [ 37.2546, -1.40541 ], [ 37.2546, -1.40558 ], [ 37.25463, -1.40572 ], [ 37.25465, -1.40582 ], [ 37.25469, -1.406 ], [ 37.25472, -1.40619 ], [ 37.25474, -1.40641 ], [ 37.25476, -1.40675 ], [ 37.2548, -1.40694 ], [ 37.25486, -1.40712 ], [ 37.25489, -1.40729 ], [ 37.25489, -1.40747 ], [ 37.25488, -1.40759 ], [ 37.25496, -1.40783 ], [ 37.25507, -1.40813 ], [ 37.2552, -1.40848 ], [ 37.25526, -1.40861 ], [ 37.25536, -1.40875 ], [ 37.25547, -1.40887 ], [ 37.25563, -1.40899 ], [ 37.25579, -1.40911 ], [ 37.25605, -1.40922 ], [ 37.2562, -1.40932 ], [ 37.25633, -1.40943 ], [ 37.25645, -1.40952 ], [ 37.25675, -1.40973 ], [ 37.25684, -1.40985 ], [ 37.2569, -1.40992 ], [ 37.25696, -1.41003 ], [ 37.25701, -1.41021 ], [ 37.25704, -1.41032 ], [ 37.25708, -1.41041 ], [ 37.25714, -1.4105 ], [ 37.2572, -1.41061 ], [ 37.2573, -1.41084 ], [ 37.25731, -1.41087 ], [ 37.25745, -1.4112 ], [ 37.25746, -1.41148 ], [ 37.25745, -1.41163 ], [ 37.2574, -1.41179 ], [ 37.25739, -1.41189 ], [ 37.25736, -1.41204 ], [ 37.25731, -1.41232 ], [ 37.25727, -1.41246 ], [ 37.25724, -1.41256 ], [ 37.25719, -1.41283 ], [ 37.25719, -1.41297 ], [ 37.25721, -1.41308 ], [ 37.25734, -1.41313 ], [ 37.25741, -1.41316 ], [ 37.25749, -1.41322 ], [ 37.2576, -1.41328 ], [ 37.25771, -1.41335 ], [ 37.25791, -1.41343 ], [ 37.25798, -1.41357 ], [ 37.258, -1.41366 ], [ 37.25802, -1.41377 ], [ 37.25802, -1.41406 ], [ 37.25802, -1.41421 ], [ 37.25798, -1.41451 ], [ 37.25797, -1.41464 ], [ 37.25792, -1.41478 ], [ 37.25788, -1.41488 ], [ 37.25777, -1.41503 ], [ 37.25764, -1.41521 ], [ 37.25752, -1.41536 ], [ 37.2574, -1.41555 ], [ 37.25727, -1.41573 ], [ 37.25722, -1.41598 ], [ 37.25718, -1.41611 ], [ 37.25717, -1.4162 ], [ 37.25712, -1.41635 ], [ 37.25708, -1.4165 ], [ 37.25708, -1.41665 ], [ 37.25706, -1.41689 ], [ 37.25698, -1.41712 ], [ 37.25691, -1.4173 ], [ 37.25677, -1.41758 ], [ 37.25669, -1.41777 ], [ 37.25661, -1.41803 ], [ 37.25656, -1.41825 ], [ 37.25652, -1.41847 ], [ 37.25647, -1.41868 ], [ 37.25641, -1.41886 ], [ 37.2564, -1.41898 ], [ 37.25637, -1.4192 ], [ 37.25634, -1.41955 ], [ 37.25634, -1.41972 ], [ 37.25626, -1.42011 ], [ 37.25623, -1.42022 ], [ 37.25622, -1.42041 ], [ 37.25615, -1.42063 ], [ 37.25612, -1.42092 ], [ 37.25605, -1.4211 ], [ 37.25595, -1.42134 ], [ 37.25585, -1.42151 ], [ 37.25578, -1.42166 ], [ 37.25576, -1.42178 ], [ 37.25573, -1.42199 ], [ 37.25571, -1.42221 ], [ 37.2557, -1.42225 ], [ 37.25553, -1.42242 ], [ 37.25523, -1.42262 ], [ 37.25504, -1.42281 ], [ 37.25487, -1.42297 ], [ 37.25467, -1.42308 ], [ 37.25439, -1.42308 ], [ 37.25382, -1.42317 ], [ 37.25367, -1.42318 ], [ 37.25343, -1.42326 ], [ 37.25322, -1.4234 ], [ 37.25299, -1.42349 ], [ 37.2528, -1.42357 ], [ 37.25257, -1.4237 ], [ 37.25237, -1.42389 ], [ 37.25222, -1.42406 ], [ 37.25209, -1.42424 ], [ 37.25198, -1.42443 ], [ 37.25185, -1.42468 ], [ 37.2518, -1.4249 ], [ 37.25179, -1.42509 ], [ 37.25176, -1.4253 ], [ 37.25172, -1.42539 ], [ 37.25162, -1.42557 ], [ 37.25165, -1.42585 ], [ 37.25159, -1.42629 ], [ 37.25158, -1.42658 ], [ 37.25158, -1.42672 ], [ 37.25158, -1.42705 ], [ 37.25177, -1.42708 ], [ 37.25182, -1.42709 ], [ 37.25205, -1.42714 ], [ 37.25246, -1.42725 ], [ 37.25284, -1.42743 ], [ 37.25319, -1.42756 ], [ 37.2539, -1.42796 ], [ 37.25438, -1.42824 ], [ 37.25469, -1.42846 ], [ 37.25512, -1.42873 ], [ 37.25569, -1.42899 ], [ 37.25628, -1.42936 ], [ 37.25658, -1.42972 ], [ 37.25707, -1.43024 ], [ 37.25752, -1.43055 ], [ 37.25806, -1.43061 ], [ 37.25874, -1.43064 ], [ 37.25876, -1.43065 ], [ 37.25876, -1.43064 ], [ 37.2589, -1.43065 ], [ 37.25929, -1.43067 ], [ 37.25958, -1.43081 ], [ 37.26001, -1.43092 ], [ 37.26034, -1.43103 ], [ 37.26062, -1.43115 ], [ 37.26101, -1.43139 ], [ 37.26147, -1.43155 ], [ 37.26181, -1.43172 ], [ 37.26225, -1.43204 ], [ 37.26256, -1.43229 ], [ 37.26287, -1.43257 ], [ 37.26314, -1.43299 ], [ 37.26336, -1.43333 ], [ 37.2635, -1.43361 ], [ 37.26371, -1.43411 ], [ 37.26421, -1.43463 ], [ 37.26423, -1.43464 ], [ 37.26444, -1.43481 ], [ 37.26465, -1.43511 ], [ 37.26499, -1.43563 ], [ 37.26514, -1.43587 ], [ 37.26538, -1.43631 ], [ 37.26549, -1.43649 ], [ 37.26559, -1.43662 ], [ 37.2656, -1.43663 ], [ 37.2656, -1.43664 ], [ 37.2657, -1.43677 ], [ 37.26596, -1.43713 ], [ 37.26598, -1.43715 ], [ 37.26629, -1.43736 ], [ 37.26652, -1.43744 ], [ 37.26685, -1.43756 ], [ 37.26722, -1.43768 ], [ 37.26764, -1.43789 ], [ 37.26783, -1.43798 ], [ 37.26785, -1.43801 ], [ 37.26787, -1.43799 ], [ 37.2683, -1.43818 ], [ 37.26863, -1.43838 ], [ 37.26885, -1.43866 ], [ 37.26888, -1.43895 ], [ 37.26891, -1.4393 ], [ 37.26894, -1.43981 ], [ 37.26893, -1.44021 ], [ 37.26903, -1.44059 ], [ 37.26928, -1.44094 ], [ 37.26984, -1.4414 ], [ 37.27008, -1.44171 ], [ 37.27018, -1.44189 ], [ 37.2702, -1.44192 ], [ 37.27028, -1.44211 ], [ 37.27046, -1.44244 ], [ 37.27075, -1.44282 ], [ 37.27099, -1.44313 ], [ 37.27131, -1.44354 ], [ 37.27164, -1.44376 ], [ 37.27186, -1.44404 ], [ 37.27218, -1.44483 ], [ 37.27231, -1.44509 ], [ 37.27247, -1.44538 ], [ 37.27269, -1.44576 ], [ 37.27297, -1.4463 ], [ 37.27313, -1.44659 ], [ 37.27324, -1.44676 ], [ 37.27324, -1.44681 ], [ 37.27327, -1.4468 ], [ 37.27352, -1.44719 ], [ 37.27367, -1.44745 ], [ 37.27383, -1.44796 ], [ 37.27385, -1.44857 ], [ 37.27392, -1.44882 ], [ 37.27398, -1.4491 ], [ 37.27406, -1.44928 ], [ 37.27429, -1.44951 ], [ 37.27454, -1.44973 ], [ 37.27523, -1.45007 ], [ 37.27568, -1.4501 ], [ 37.2762, -1.45013 ], [ 37.27652, -1.45011 ], [ 37.27685, -1.45009 ], [ 37.27724, -1.45005 ], [ 37.2777, -1.45001 ], [ 37.27828, -1.45008 ], [ 37.27898, -1.45031 ], [ 37.27955, -1.45046 ], [ 37.28004, -1.4505 ], [ 37.28033, -1.45051 ], [ 37.28036, -1.45076 ], [ 37.28045, -1.45098 ], [ 37.2806, -1.45126 ], [ 37.28072, -1.45141 ], [ 37.28091, -1.4517 ], [ 37.28108, -1.452 ], [ 37.28118, -1.45218 ], [ 37.28132, -1.45241 ], [ 37.28138, -1.45271 ], [ 37.28136, -1.45321 ], [ 37.28136, -1.4534 ], [ 37.28135, -1.45378 ], [ 37.28136, -1.45421 ], [ 37.28136, -1.45466 ], [ 37.28136, -1.45472 ], [ 37.28135, -1.45511 ], [ 37.28132, -1.45531 ], [ 37.28129, -1.45551 ], [ 37.28137, -1.45589 ], [ 37.2815, -1.4562 ], [ 37.2816, -1.45644 ], [ 37.2818, -1.45683 ], [ 37.28197, -1.45723 ], [ 37.28213, -1.45754 ], [ 37.28238, -1.45784 ], [ 37.28262, -1.45813 ], [ 37.28288, -1.45846 ], [ 37.28316, -1.45884 ], [ 37.28327, -1.45902 ], [ 37.28348, -1.45931 ], [ 37.2836, -1.45951 ], [ 37.28377, -1.45988 ], [ 37.28391, -1.46021 ], [ 37.28412, -1.46086 ], [ 37.28423, -1.46114 ], [ 37.28431, -1.4615 ], [ 37.28434, -1.46198 ], [ 37.28438, -1.46225 ], [ 37.28442, -1.46259 ], [ 37.28442, -1.463 ], [ 37.28442, -1.46345 ], [ 37.28443, -1.46372 ], [ 37.28448, -1.4641 ], [ 37.28452, -1.46443 ], [ 37.28465, -1.46487 ], [ 37.28474, -1.46508 ], [ 37.28476, -1.46514 ], [ 37.28487, -1.46542 ], [ 37.28504, -1.46576 ], [ 37.28518, -1.46602 ], [ 37.28533, -1.4663 ], [ 37.28551, -1.46657 ], [ 37.28568, -1.46683 ], [ 37.28584, -1.46698 ], [ 37.28607, -1.46717 ], [ 37.28619, -1.46728 ], [ 37.28639, -1.46744 ], [ 37.28663, -1.46756 ], [ 37.28687, -1.46771 ], [ 37.28709, -1.4678 ], [ 37.28715, -1.46782 ], [ 37.28747, -1.46798 ], [ 37.28771, -1.46818 ], [ 37.28804, -1.46851 ], [ 37.28821, -1.46877 ], [ 37.28834, -1.46909 ], [ 37.28848, -1.46962 ], [ 37.28856, -1.46983 ], [ 37.2887, -1.47018 ], [ 37.28884, -1.4705 ], [ 37.28897, -1.47077 ], [ 37.28911, -1.4711 ], [ 37.28924, -1.4715 ], [ 37.28936, -1.47177 ], [ 37.28949, -1.47215 ], [ 37.28953, -1.47221 ], [ 37.28968, -1.4724 ], [ 37.28977, -1.47253 ], [ 37.28988, -1.4727 ], [ 37.28996, -1.47284 ], [ 37.29012, -1.47302 ], [ 37.29032, -1.47331 ], [ 37.29045, -1.47364 ], [ 37.29051, -1.47397 ], [ 37.29054, -1.47423 ], [ 37.29052, -1.47454 ], [ 37.29049, -1.47481 ], [ 37.29019, -1.47534 ], [ 37.29002, -1.47561 ], [ 37.28992, -1.47582 ], [ 37.28973, -1.47611 ], [ 37.2896, -1.47637 ], [ 37.28955, -1.47665 ], [ 37.28958, -1.47673 ], [ 37.28961, -1.47683 ], [ 37.28974, -1.47698 ], [ 37.29003, -1.47725 ], [ 37.29014, -1.47734 ], [ 37.29026, -1.47761 ], [ 37.29034, -1.47788 ], [ 37.29043, -1.47814 ], [ 37.29052, -1.47852 ], [ 37.29061, -1.47883 ], [ 37.29078, -1.47931 ], [ 37.29088, -1.47986 ], [ 37.29088, -1.48024 ], [ 37.2909, -1.48059 ], [ 37.29077, -1.48083 ], [ 37.29051, -1.481 ], [ 37.29021, -1.48111 ], [ 37.28989, -1.4811 ], [ 37.28957, -1.48099 ], [ 37.28918, -1.48078 ], [ 37.28884, -1.48071 ], [ 37.28863, -1.48076 ], [ 37.28816, -1.48082 ], [ 37.28784, -1.48091 ], [ 37.28755, -1.4812 ], [ 37.2875, -1.48155 ], [ 37.28757, -1.48186 ], [ 37.28769, -1.48205 ], [ 37.28783, -1.4821 ], [ 37.28803, -1.4821 ], [ 37.28824, -1.48216 ], [ 37.28836, -1.48224 ], [ 37.28853, -1.48242 ], [ 37.28862, -1.48258 ], [ 37.2888, -1.48302 ], [ 37.28912, -1.4834 ], [ 37.28932, -1.48357 ], [ 37.2896, -1.48392 ], [ 37.28961, -1.48394 ], [ 37.28965, -1.4841 ], [ 37.28972, -1.48436 ], [ 37.28978, -1.48466 ], [ 37.28988, -1.48508 ], [ 37.28997, -1.48535 ], [ 37.29008, -1.48553 ], [ 37.29037, -1.48581 ], [ 37.2907, -1.4861 ], [ 37.29082, -1.48623 ], [ 37.29096, -1.48648 ], [ 37.29111, -1.4868 ], [ 37.29123, -1.48714 ], [ 37.29135, -1.48749 ], [ 37.29143, -1.48778 ], [ 37.29154, -1.48805 ], [ 37.29165, -1.48828 ], [ 37.29178, -1.48844 ], [ 37.29186, -1.48866 ], [ 37.29187, -1.4891 ], [ 37.29187, -1.48933 ], [ 37.29187, -1.48945 ], [ 37.2919, -1.48981 ], [ 37.29195, -1.49004 ], [ 37.29198, -1.49043 ], [ 37.29201, -1.49055 ], [ 37.29205, -1.49077 ], [ 37.29213, -1.49111 ], [ 37.29216, -1.49142 ], [ 37.29227, -1.49191 ], [ 37.29231, -1.49215 ], [ 37.29236, -1.49241 ], [ 37.2924, -1.49272 ], [ 37.2924, -1.49315 ], [ 37.29241, -1.49352 ], [ 37.29243, -1.49389 ], [ 37.29245, -1.49425 ], [ 37.29245, -1.49458 ], [ 37.29263, -1.4952 ], [ 37.29274, -1.49539 ], [ 37.29286, -1.4956 ], [ 37.29298, -1.49582 ], [ 37.29309, -1.49603 ], [ 37.2932, -1.49631 ], [ 37.29328, -1.49648 ], [ 37.29328, -1.49659 ], [ 37.29368, -1.4967 ], [ 37.29403, -1.49679 ], [ 37.29431, -1.49693 ], [ 37.29448, -1.49706 ], [ 37.29472, -1.49729 ], [ 37.29492, -1.49749 ], [ 37.29519, -1.49789 ], [ 37.2954, -1.49823 ], [ 37.29548, -1.49841 ], [ 37.29557, -1.49864 ], [ 37.2957, -1.4989 ], [ 37.29583, -1.49909 ], [ 37.29604, -1.49925 ], [ 37.29625, -1.49934 ], [ 37.29646, -1.49935 ], [ 37.29688, -1.49933 ], [ 37.29717, -1.49931 ], [ 37.2975, -1.49925 ], [ 37.2978, -1.49925 ], [ 37.29816, -1.49925 ], [ 37.29849, -1.49926 ], [ 37.29843, -1.49978 ], [ 37.29834, -1.49997 ], [ 37.29827, -1.50016 ], [ 37.29821, -1.50053 ], [ 37.29821, -1.5007 ], [ 37.29816, -1.50089 ], [ 37.29813, -1.501 ], [ 37.29806, -1.50116 ], [ 37.29797, -1.50136 ], [ 37.29797, -1.50155 ], [ 37.29803, -1.50175 ], [ 37.29813, -1.50195 ], [ 37.2983, -1.50224 ], [ 37.2983, -1.50242 ], [ 37.29828, -1.50256 ], [ 37.29824, -1.50276 ], [ 37.29829, -1.50292 ], [ 37.29833, -1.50314 ], [ 37.29837, -1.5033 ], [ 37.29833, -1.50343 ], [ 37.29823, -1.50357 ], [ 37.29822, -1.50371 ], [ 37.29826, -1.50394 ], [ 37.29842, -1.5042 ], [ 37.29855, -1.50437 ], [ 37.29865, -1.50453 ], [ 37.29882, -1.50497 ], [ 37.29888, -1.5053 ], [ 37.29899, -1.5055 ], [ 37.29916, -1.50572 ], [ 37.29934, -1.50611 ], [ 37.29951, -1.50653 ], [ 37.29953, -1.50682 ], [ 37.29965, -1.50736 ], [ 37.29966, -1.50769 ], [ 37.29973, -1.50805 ], [ 37.29993, -1.50844 ], [ 37.30004, -1.5086 ], [ 37.30024, -1.50889 ], [ 37.30027, -1.50907 ], [ 37.30027, -1.50938 ], [ 37.30026, -1.50961 ], [ 37.30025, -1.50962 ], [ 37.30019, -1.5098 ], [ 37.30008, -1.50994 ], [ 37.29989, -1.51003 ], [ 37.29976, -1.51019 ], [ 37.29977, -1.51045 ], [ 37.2999, -1.51083 ], [ 37.30015, -1.51111 ], [ 37.30029, -1.51138 ], [ 37.30043, -1.51174 ], [ 37.30049, -1.51191 ], [ 37.30053, -1.51216 ], [ 37.30054, -1.51248 ], [ 37.30055, -1.51282 ], [ 37.30055, -1.51307 ], [ 37.30055, -1.51335 ], [ 37.30062, -1.51353 ], [ 37.30086, -1.51371 ], [ 37.30103, -1.51378 ], [ 37.30122, -1.51388 ], [ 37.30147, -1.51403 ], [ 37.30153, -1.51431 ], [ 37.30151, -1.51467 ], [ 37.30161, -1.51493 ], [ 37.30175, -1.51513 ], [ 37.30188, -1.51538 ], [ 37.30194, -1.51569 ], [ 37.30194, -1.51595 ], [ 37.30194, -1.5161 ], [ 37.30194, -1.51615 ], [ 37.302, -1.51634 ], [ 37.30216, -1.51674 ], [ 37.3023, -1.51695 ], [ 37.30237, -1.51713 ], [ 37.30242, -1.51739 ], [ 37.3025, -1.51764 ], [ 37.30273, -1.51787 ], [ 37.3028, -1.51814 ], [ 37.30287, -1.51851 ], [ 37.30299, -1.51867 ], [ 37.30311, -1.51885 ], [ 37.30324, -1.51899 ], [ 37.30341, -1.51913 ], [ 37.30354, -1.51925 ], [ 37.30354, -1.51937 ], [ 37.30354, -1.51953 ], [ 37.30427, -1.51953 ], [ 37.30506, -1.51961 ], [ 37.30656, -1.51953 ], [ 37.3069, -1.51951 ], [ 37.30747, -1.51946 ], [ 37.30818, -1.51935 ], [ 37.30867, -1.51955 ], [ 37.3091, -1.51938 ], [ 37.30986, -1.51931 ], [ 37.3104, -1.51923 ], [ 37.31138, -1.51887 ], [ 37.3124, -1.51839 ], [ 37.31334, -1.51802 ], [ 37.31383, -1.51777 ], [ 37.31426, -1.51748 ], [ 37.31447, -1.51717 ], [ 37.31468, -1.51686 ], [ 37.31421, -1.51591 ], [ 37.31342, -1.51468 ], [ 37.31286, -1.514 ], [ 37.31278, -1.5139 ], [ 37.3123, -1.51322 ], [ 37.31261, -1.51233 ], [ 37.31397, -1.51151 ], [ 37.31561, -1.51076 ], [ 37.31697, -1.51032 ], [ 37.31772, -1.51001 ], [ 37.31835, -1.50964 ], [ 37.31822, -1.50944 ], [ 37.31822, -1.50917 ], [ 37.31823, -1.50894 ], [ 37.31833, -1.50865 ], [ 37.31832, -1.50848 ], [ 37.31946, -1.50725 ], [ 37.32038, -1.50634 ], [ 37.32046, -1.50641 ], [ 37.32075, -1.50688 ], [ 37.32099, -1.50706 ], [ 37.32123, -1.50719 ], [ 37.32141, -1.50728 ], [ 37.32169, -1.50733 ], [ 37.3219, -1.50742 ], [ 37.32241, -1.50791 ], [ 37.32266, -1.50813 ], [ 37.32293, -1.50827 ], [ 37.32318, -1.50839 ], [ 37.32335, -1.50846 ], [ 37.32358, -1.50881 ], [ 37.32382, -1.50914 ], [ 37.32408, -1.50942 ], [ 37.32447, -1.50964 ], [ 37.32476, -1.50984 ], [ 37.32516, -1.51008 ], [ 37.32558, -1.51035 ], [ 37.32583, -1.51053 ], [ 37.32613, -1.51087 ], [ 37.32625, -1.51113 ], [ 37.32664, -1.51143 ], [ 37.32698, -1.51165 ], [ 37.3273, -1.5118 ], [ 37.32745, -1.5119 ], [ 37.32787, -1.51217 ], [ 37.32822, -1.51242 ], [ 37.32851, -1.5126 ], [ 37.32875, -1.51273 ], [ 37.32902, -1.51283 ], [ 37.32924, -1.51294 ], [ 37.32945, -1.51331 ], [ 37.32965, -1.5136 ], [ 37.32981, -1.51392 ], [ 37.32992, -1.51412 ], [ 37.33016, -1.51474 ], [ 37.3305, -1.51513 ], [ 37.33087, -1.5156 ], [ 37.33108, -1.51584 ], [ 37.33126, -1.51594 ], [ 37.33134, -1.51595 ], [ 37.33147, -1.51598 ], [ 37.33171, -1.51596 ], [ 37.33195, -1.51585 ], [ 37.33221, -1.51571 ], [ 37.3324, -1.51564 ], [ 37.33255, -1.51562 ], [ 37.33275, -1.51576 ], [ 37.33273, -1.51624 ], [ 37.3328, -1.51652 ], [ 37.33299, -1.51679 ], [ 37.33331, -1.51695 ], [ 37.33364, -1.51701 ], [ 37.33391, -1.51705 ], [ 37.33453, -1.51745 ], [ 37.33507, -1.51786 ], [ 37.33579, -1.51847 ], [ 37.33653, -1.51886 ], [ 37.33711, -1.51926 ], [ 37.3376, -1.51975 ], [ 37.33788, -1.52021 ], [ 37.33829, -1.52074 ], [ 37.3386, -1.5213 ], [ 37.33884, -1.52166 ], [ 37.33897, -1.52204 ], [ 37.33907, -1.52265 ], [ 37.33926, -1.52317 ], [ 37.33939, -1.52339 ], [ 37.33956, -1.52374 ], [ 37.33978, -1.52404 ], [ 37.33998, -1.52446 ], [ 37.34025, -1.52493 ], [ 37.34043, -1.52562 ], [ 37.34042, -1.52609 ], [ 37.3403, -1.52661 ], [ 37.34017, -1.52698 ], [ 37.33998, -1.5275 ], [ 37.33976, -1.52805 ], [ 37.33975, -1.52864 ], [ 37.33978, -1.52907 ], [ 37.33983, -1.52913 ], [ 37.34002, -1.52923 ], [ 37.34012, -1.52932 ], [ 37.34027, -1.52948 ], [ 37.34034, -1.52959 ], [ 37.34044, -1.52976 ], [ 37.34051, -1.52995 ], [ 37.34055, -1.53007 ], [ 37.34071, -1.53015 ], [ 37.3408, -1.53019 ], [ 37.341, -1.53022 ], [ 37.34122, -1.53023 ], [ 37.34137, -1.53021 ], [ 37.34155, -1.53017 ], [ 37.34171, -1.53013 ], [ 37.34188, -1.53012 ], [ 37.34198, -1.53016 ], [ 37.34216, -1.5302 ], [ 37.34237, -1.5302 ], [ 37.34246, -1.53017 ], [ 37.3426, -1.53007 ], [ 37.34274, -1.53 ], [ 37.34351, -1.53001 ], [ 37.3435, -1.53 ], [ 37.34321, -1.52968 ], [ 37.34309, -1.52956 ], [ 37.34297, -1.52944 ], [ 37.34289, -1.52933 ], [ 37.34279, -1.52913 ], [ 37.34278, -1.52891 ], [ 37.34282, -1.52875 ], [ 37.34289, -1.52864 ], [ 37.34296, -1.5285 ], [ 37.34314, -1.52838 ], [ 37.34335, -1.52831 ], [ 37.34358, -1.52829 ], [ 37.34386, -1.52829 ], [ 37.34408, -1.52839 ], [ 37.34432, -1.52857 ], [ 37.3446, -1.52884 ], [ 37.34493, -1.52914 ], [ 37.34512, -1.52935 ], [ 37.3453, -1.52958 ], [ 37.34539, -1.52973 ], [ 37.34552, -1.52991 ], [ 37.34562, -1.53016 ], [ 37.34568, -1.5303 ], [ 37.34597, -1.53048 ], [ 37.34616, -1.53072 ], [ 37.34649, -1.53101 ], [ 37.34668, -1.53109 ], [ 37.34701, -1.53094 ], [ 37.34717, -1.53082 ], [ 37.3473, -1.53064 ], [ 37.34746, -1.53037 ], [ 37.34749, -1.5301 ], [ 37.34749, -1.5299 ], [ 37.34737, -1.52934 ], [ 37.34729, -1.52909 ], [ 37.3472, -1.52879 ], [ 37.34709, -1.52849 ], [ 37.34699, -1.52835 ], [ 37.34688, -1.52813 ], [ 37.34674, -1.52793 ], [ 37.34664, -1.52779 ], [ 37.34655, -1.52764 ], [ 37.34637, -1.52748 ], [ 37.34624, -1.52726 ], [ 37.34614, -1.52709 ], [ 37.34604, -1.52696 ], [ 37.34594, -1.52682 ], [ 37.34584, -1.52664 ], [ 37.34577, -1.5265 ], [ 37.34575, -1.52635 ], [ 37.34577, -1.52614 ], [ 37.34594, -1.52606 ], [ 37.34612, -1.52603 ], [ 37.34639, -1.52613 ], [ 37.34666, -1.52617 ], [ 37.34709, -1.52627 ], [ 37.34736, -1.5264 ], [ 37.34773, -1.52658 ], [ 37.34785, -1.52668 ], [ 37.34802, -1.52686 ], [ 37.34822, -1.52735 ], [ 37.34855, -1.52758 ], [ 37.34874, -1.52758 ], [ 37.34902, -1.52755 ], [ 37.3493, -1.52744 ], [ 37.34948, -1.52731 ], [ 37.34967, -1.52717 ], [ 37.34987, -1.52698 ], [ 37.35, -1.52676 ], [ 37.3501, -1.52663 ], [ 37.35025, -1.52651 ], [ 37.35039, -1.52642 ], [ 37.35051, -1.52632 ], [ 37.35064, -1.5262 ], [ 37.3507, -1.52614 ], [ 37.35078, -1.52608 ], [ 37.35108, -1.52586 ], [ 37.35127, -1.52575 ], [ 37.35147, -1.52565 ], [ 37.35169, -1.52558 ], [ 37.35201, -1.52554 ], [ 37.35226, -1.52551 ], [ 37.35262, -1.52552 ], [ 37.3529, -1.52554 ], [ 37.35315, -1.52556 ], [ 37.35338, -1.52558 ], [ 37.35351, -1.52567 ], [ 37.35373, -1.52585 ], [ 37.35388, -1.52605 ], [ 37.35402, -1.52622 ], [ 37.35416, -1.5264 ], [ 37.35425, -1.52643 ], [ 37.35459, -1.52639 ], [ 37.35479, -1.52631 ], [ 37.35485, -1.52623 ], [ 37.35485, -1.52613 ], [ 37.35487, -1.526 ], [ 37.35495, -1.52579 ], [ 37.355, -1.52562 ], [ 37.35512, -1.52539 ], [ 37.35513, -1.52528 ], [ 37.35521, -1.52514 ], [ 37.3553, -1.52503 ], [ 37.35544, -1.52494 ], [ 37.35561, -1.52486 ], [ 37.35586, -1.52477 ], [ 37.35603, -1.52475 ], [ 37.35623, -1.52475 ], [ 37.3564, -1.52478 ], [ 37.35659, -1.52487 ], [ 37.35679, -1.52507 ], [ 37.35686, -1.52515 ], [ 37.3571, -1.52531 ], [ 37.35725, -1.52532 ], [ 37.35743, -1.52532 ], [ 37.35745, -1.52536 ], [ 37.35759, -1.52554 ], [ 37.35758, -1.5257 ], [ 37.35757, -1.52592 ], [ 37.35751, -1.52616 ], [ 37.35753, -1.52645 ], [ 37.35768, -1.52665 ], [ 37.35777, -1.5268 ], [ 37.35782, -1.52698 ], [ 37.35775, -1.52718 ], [ 37.35766, -1.52732 ], [ 37.35765, -1.52745 ], [ 37.35777, -1.52755 ], [ 37.35779, -1.52776 ], [ 37.35767, -1.52792 ], [ 37.3576, -1.528 ], [ 37.3575, -1.52816 ], [ 37.35748, -1.5283 ], [ 37.35742, -1.52849 ], [ 37.35735, -1.52864 ], [ 37.35726, -1.52883 ], [ 37.35717, -1.52896 ], [ 37.35706, -1.52905 ], [ 37.35686, -1.5292 ], [ 37.35652, -1.52937 ], [ 37.35631, -1.52943 ], [ 37.35609, -1.52958 ], [ 37.35592, -1.52975 ], [ 37.35578, -1.5299 ], [ 37.35564, -1.5301 ], [ 37.3555, -1.53035 ], [ 37.35537, -1.5306 ], [ 37.35522, -1.53085 ], [ 37.35511, -1.53102 ], [ 37.35491, -1.53123 ], [ 37.35476, -1.53141 ], [ 37.35456, -1.53185 ], [ 37.35455, -1.53202 ], [ 37.35454, -1.53221 ], [ 37.35454, -1.53239 ], [ 37.35454, -1.53257 ], [ 37.35453, -1.53277 ], [ 37.35451, -1.53298 ], [ 37.35451, -1.53326 ], [ 37.3546, -1.53369 ], [ 37.35457, -1.53388 ], [ 37.35454, -1.53409 ], [ 37.35453, -1.53429 ], [ 37.3545, -1.53449 ], [ 37.35446, -1.53467 ], [ 37.35441, -1.53477 ], [ 37.35432, -1.53488 ], [ 37.35418, -1.53505 ], [ 37.35412, -1.53521 ], [ 37.35408, -1.53542 ], [ 37.354, -1.53559 ], [ 37.35384, -1.53597 ], [ 37.35373, -1.53613 ], [ 37.35368, -1.53628 ], [ 37.35368, -1.53645 ], [ 37.3537, -1.53664 ], [ 37.35366, -1.5369 ], [ 37.35353, -1.53713 ], [ 37.35338, -1.53733 ], [ 37.35324, -1.53752 ], [ 37.35305, -1.5377 ], [ 37.35294, -1.53785 ], [ 37.35277, -1.53799 ], [ 37.35255, -1.53846 ], [ 37.35243, -1.53867 ], [ 37.35229, -1.5389 ], [ 37.35207, -1.53919 ], [ 37.35193, -1.53942 ], [ 37.3518, -1.53964 ], [ 37.35161, -1.53987 ], [ 37.35147, -1.54004 ], [ 37.35129, -1.54022 ], [ 37.35113, -1.54045 ], [ 37.35098, -1.54085 ], [ 37.35098, -1.54105 ], [ 37.35098, -1.54128 ], [ 37.35092, -1.54146 ], [ 37.35076, -1.54164 ], [ 37.3506, -1.54181 ], [ 37.35039, -1.54209 ], [ 37.35039, -1.54499 ], [ 37.35091, -1.55167 ] ] ] } },
{ "type": "Feature", "properties": { "entity_id": 189, "p_entity": 23, "name": "Masinga Sub County" }, "geometry": { "type": "Polygon", "coordinates": [ [ [ 37.84656, -0.81354 ], [ 37.84658, -0.81354 ], [ 37.84688, -0.81447 ], [ 37.8471, -0.8149 ], [ 37.84734, -0.81536 ], [ 37.84762, -0.81581 ], [ 37.8477, -0.81608 ], [ 37.8477, -0.81639 ], [ 37.84754, -0.81669 ], [ 37.84734, -0.81687 ], [ 37.847, -0.81705 ], [ 37.84664, -0.81719 ], [ 37.84637, -0.81745 ], [ 37.84625, -0.81767 ], [ 37.84612, -0.81815 ], [ 37.84604, -0.81853 ], [ 37.84604, -0.81854 ], [ 37.84601, -0.8188 ], [ 37.84596, -0.81903 ], [ 37.84587, -0.81922 ], [ 37.84575, -0.81964 ], [ 37.84571, -0.81979 ], [ 37.84533, -0.82004 ], [ 37.84532, -0.82006 ], [ 37.84525, -0.82015 ], [ 37.8451, -0.82045 ], [ 37.84502, -0.82073 ], [ 37.84497, -0.82098 ], [ 37.84505, -0.82118 ], [ 37.84524, -0.82136 ], [ 37.84562, -0.82156 ], [ 37.84613, -0.8218 ], [ 37.84669, -0.82211 ], [ 37.84688, -0.82218 ], [ 37.84724, -0.82229 ], [ 37.84759, -0.82239 ], [ 37.84823, -0.82278 ], [ 37.84832, -0.82285 ], [ 37.84856, -0.82297 ], [ 37.84889, -0.82328 ], [ 37.84894, -0.82336 ], [ 37.84919, -0.8236 ], [ 37.84939, -0.82417 ], [ 37.8494, -0.82481 ], [ 37.84944, -0.82538 ], [ 37.84945, -0.82555 ], [ 37.84945, -0.82579 ], [ 37.84945, -0.82607 ], [ 37.84945, -0.82649 ], [ 37.84943, -0.82659 ], [ 37.84941, -0.8268 ], [ 37.84932, -0.82728 ], [ 37.84926, -0.82771 ], [ 37.84919, -0.82802 ], [ 37.8491, -0.82823 ], [ 37.84893, -0.8284 ], [ 37.84891, -0.82841 ], [ 37.8487, -0.82861 ], [ 37.84863, -0.82869 ], [ 37.84814, -0.82889 ], [ 37.8479, -0.82905 ], [ 37.84778, -0.82922 ], [ 37.84752, -0.82969 ], [ 37.84743, -0.82995 ], [ 37.84736, -0.83027 ], [ 37.84735, -0.83029 ], [ 37.84734, -0.83043 ], [ 37.84733, -0.8305 ], [ 37.84742, -0.83082 ], [ 37.84745, -0.83086 ], [ 37.84755, -0.831 ], [ 37.84771, -0.83118 ], [ 37.84794, -0.83126 ], [ 37.84804, -0.83129 ], [ 37.84805, -0.83129 ], [ 37.84833, -0.83132 ], [ 37.84869, -0.83134 ], [ 37.84876, -0.83135 ], [ 37.84903, -0.83134 ], [ 37.84907, -0.8314 ], [ 37.8492, -0.83158 ], [ 37.84919, -0.83176 ], [ 37.8492, -0.8318 ], [ 37.84918, -0.83203 ], [ 37.84918, -0.83214 ], [ 37.84918, -0.8322 ], [ 37.84918, -0.83234 ], [ 37.84922, -0.83253 ], [ 37.84935, -0.83283 ], [ 37.84963, -0.8332 ], [ 37.84978, -0.83335 ], [ 37.84992, -0.83348 ], [ 37.84993, -0.83348 ], [ 37.85023, -0.83382 ], [ 37.85038, -0.83399 ], [ 37.85043, -0.83407 ], [ 37.85056, -0.83424 ], [ 37.85056, -0.83424 ], [ 37.85063, -0.83438 ], [ 37.85067, -0.83445 ], [ 37.85076, -0.83468 ], [ 37.85079, -0.8349 ], [ 37.85078, -0.83513 ], [ 37.85065, -0.83538 ], [ 37.85052, -0.83552 ], [ 37.8503, -0.83562 ], [ 37.84993, -0.83576 ], [ 37.84928, -0.83589 ], [ 37.84882, -0.83598 ], [ 37.84837, -0.83613 ], [ 37.84794, -0.83633 ], [ 37.84706, -0.83654 ], [ 37.8465, -0.83661 ], [ 37.84576, -0.83672 ], [ 37.84479, -0.83684 ], [ 37.84474, -0.83685 ], [ 37.8447, -0.83686 ], [ 37.84393, -0.83704 ], [ 37.84299, -0.83742 ], [ 37.8426, -0.83765 ], [ 37.84238, -0.83782 ], [ 37.84237, -0.83783 ], [ 37.84231, -0.83807 ], [ 37.84232, -0.83833 ], [ 37.84243, -0.83863 ], [ 37.8427, -0.83892 ], [ 37.84305, -0.83912 ], [ 37.84338, -0.83936 ], [ 37.84368, -0.83971 ], [ 37.84367, -0.84013 ], [ 37.84367, -0.84024 ], [ 37.84359, -0.84069 ], [ 37.84346, -0.84115 ], [ 37.84329, -0.84169 ], [ 37.84323, -0.8421 ], [ 37.84319, -0.84235 ], [ 37.84321, -0.84274 ], [ 37.84334, -0.84303 ], [ 37.84359, -0.84328 ], [ 37.84392, -0.8435 ], [ 37.84433, -0.84358 ], [ 37.84488, -0.84358 ], [ 37.84528, -0.84361 ], [ 37.84574, -0.8437 ], [ 37.846, -0.8438 ], [ 37.84607, -0.84392 ], [ 37.84617, -0.84394 ], [ 37.84636, -0.84403 ], [ 37.84646, -0.84422 ], [ 37.84647, -0.84441 ], [ 37.84646, -0.84442 ], [ 37.8464, -0.8446 ], [ 37.84629, -0.84473 ], [ 37.84626, -0.84476 ], [ 37.84606, -0.84489 ], [ 37.84565, -0.84504 ], [ 37.84552, -0.84508 ], [ 37.84514, -0.84518 ], [ 37.84483, -0.84531 ], [ 37.84478, -0.84535 ], [ 37.84467, -0.84544 ], [ 37.84451, -0.84557 ], [ 37.84431, -0.84578 ], [ 37.84409, -0.84615 ], [ 37.84386, -0.84662 ], [ 37.84382, -0.84669 ], [ 37.84355, -0.84713 ], [ 37.84331, -0.8473 ], [ 37.84325, -0.84734 ], [ 37.84287, -0.8475 ], [ 37.84283, -0.84751 ], [ 37.8427, -0.84756 ], [ 37.84241, -0.84758 ], [ 37.84209, -0.84758 ], [ 37.84183, -0.84753 ], [ 37.84136, -0.84735 ], [ 37.84095, -0.8472 ], [ 37.84052, -0.84718 ], [ 37.84017, -0.84718 ], [ 37.8397, -0.84726 ], [ 37.83913, -0.84742 ], [ 37.83879, -0.84765 ], [ 37.83869, -0.84772 ], [ 37.83853, -0.84799 ], [ 37.83835, -0.84844 ], [ 37.83835, -0.84865 ], [ 37.83835, -0.84882 ], [ 37.83843, -0.84923 ], [ 37.83866, -0.8496 ], [ 37.83894, -0.84998 ], [ 37.83923, -0.85022 ], [ 37.8395, -0.85048 ], [ 37.83955, -0.85052 ], [ 37.83967, -0.85064 ], [ 37.83978, -0.8509 ], [ 37.83979, -0.85117 ], [ 37.83975, -0.85148 ], [ 37.83967, -0.85172 ], [ 37.83948, -0.85193 ], [ 37.83931, -0.8521 ], [ 37.83917, -0.85214 ], [ 37.83894, -0.85221 ], [ 37.83873, -0.85232 ], [ 37.83865, -0.85246 ], [ 37.83863, -0.85253 ], [ 37.83855, -0.85276 ], [ 37.83855, -0.85287 ], [ 37.83851, -0.85297 ], [ 37.83842, -0.85341 ], [ 37.83823, -0.85381 ], [ 37.83801, -0.85407 ], [ 37.83797, -0.8541 ], [ 37.83759, -0.85433 ], [ 37.83715, -0.85443 ], [ 37.83593, -0.85461 ], [ 37.83544, -0.85473 ], [ 37.83512, -0.85487 ], [ 37.83478, -0.855 ], [ 37.83457, -0.85497 ], [ 37.83402, -0.85524 ], [ 37.83358, -0.85548 ], [ 37.83329, -0.85566 ], [ 37.83317, -0.85579 ], [ 37.83298, -0.85587 ], [ 37.83275, -0.85605 ], [ 37.83265, -0.85627 ], [ 37.83265, -0.85656 ], [ 37.83272, -0.85677 ], [ 37.83285, -0.85689 ], [ 37.83292, -0.85692 ], [ 37.83317, -0.85703 ], [ 37.83331, -0.85706 ], [ 37.83337, -0.85709 ], [ 37.83343, -0.8571 ], [ 37.83356, -0.85713 ], [ 37.83369, -0.85715 ], [ 37.83401, -0.85718 ], [ 37.83408, -0.85719 ], [ 37.83417, -0.85723 ], [ 37.83436, -0.8573 ], [ 37.83453, -0.85743 ], [ 37.83468, -0.85759 ], [ 37.83478, -0.85774 ], [ 37.83481, -0.85783 ], [ 37.83482, -0.85783 ], [ 37.83482, -0.85783 ], [ 37.83474, -0.85836 ], [ 37.83455, -0.85889 ], [ 37.83457, -0.859 ], [ 37.83455, -0.85909 ], [ 37.83455, -0.85927 ], [ 37.83462, -0.85956 ], [ 37.83467, -0.85975 ], [ 37.83468, -0.8598 ], [ 37.8347, -0.85997 ], [ 37.8347, -0.86014 ], [ 37.83466, -0.86021 ], [ 37.83442, -0.86033 ], [ 37.83383, -0.86027 ], [ 37.83319, -0.86008 ], [ 37.83254, -0.85989 ], [ 37.8321, -0.85979 ], [ 37.83176, -0.85982 ], [ 37.83157, -0.85991 ], [ 37.83148, -0.85993 ], [ 37.83127, -0.86004 ], [ 37.83122, -0.86011 ], [ 37.83114, -0.86022 ], [ 37.83105, -0.86057 ], [ 37.83097, -0.86071 ], [ 37.83085, -0.86128 ], [ 37.8307, -0.86175 ], [ 37.83066, -0.86187 ], [ 37.83066, -0.86187 ], [ 37.83043, -0.86223 ], [ 37.83023, -0.86267 ], [ 37.83022, -0.86283 ], [ 37.83021, -0.86287 ], [ 37.83018, -0.86314 ], [ 37.83018, -0.86338 ], [ 37.83029, -0.86364 ], [ 37.83036, -0.86373 ], [ 37.83041, -0.86379 ], [ 37.8306, -0.8639 ], [ 37.83083, -0.86398 ], [ 37.83119, -0.86407 ], [ 37.83154, -0.86417 ], [ 37.83196, -0.86436 ], [ 37.83234, -0.86456 ], [ 37.8326, -0.86476 ], [ 37.83305, -0.86513 ], [ 37.83339, -0.86545 ], [ 37.8335, -0.86565 ], [ 37.83355, -0.86577 ], [ 37.83358, -0.86603 ], [ 37.83358, -0.86608 ], [ 37.83358, -0.86611 ], [ 37.83357, -0.86618 ], [ 37.83355, -0.86624 ], [ 37.83333, -0.86668 ], [ 37.83299, -0.86708 ], [ 37.83258, -0.8674 ], [ 37.83237, -0.8675 ], [ 37.83164, -0.86788 ], [ 37.83093, -0.86803 ], [ 37.83032, -0.86805 ], [ 37.8297, -0.86807 ], [ 37.82919, -0.86821 ], [ 37.82852, -0.86855 ], [ 37.82815, -0.86892 ], [ 37.82812, -0.86896 ], [ 37.82804, -0.86903 ], [ 37.828, -0.8691 ], [ 37.8279, -0.86928 ], [ 37.82766, -0.86963 ], [ 37.82769, -0.87002 ], [ 37.82769, -0.87006 ], [ 37.82773, -0.87048 ], [ 37.82781, -0.87083 ], [ 37.82814, -0.87154 ], [ 37.8283, -0.87193 ], [ 37.8286, -0.87244 ], [ 37.82867, -0.87255 ], [ 37.82884, -0.87295 ], [ 37.82898, -0.87329 ], [ 37.82915, -0.87374 ], [ 37.82919, -0.87406 ], [ 37.82919, -0.87432 ], [ 37.82917, -0.87455 ], [ 37.82916, -0.87462 ], [ 37.82895, -0.87507 ], [ 37.82867, -0.8754 ], [ 37.82834, -0.87558 ], [ 37.82799, -0.87563 ], [ 37.82769, -0.8755 ], [ 37.82744, -0.87524 ], [ 37.82716, -0.87518 ], [ 37.827, -0.87514 ], [ 37.82645, -0.87519 ], [ 37.82589, -0.87517 ], [ 37.82554, -0.87538 ], [ 37.82549, -0.87558 ], [ 37.82546, -0.87574 ], [ 37.82546, -0.87576 ], [ 37.82545, -0.87577 ], [ 37.82545, -0.87578 ], [ 37.82548, -0.8761 ], [ 37.82549, -0.87614 ], [ 37.82557, -0.87637 ], [ 37.82557, -0.87638 ], [ 37.82559, -0.87645 ], [ 37.82581, -0.8768 ], [ 37.82584, -0.87682 ], [ 37.82589, -0.8769 ], [ 37.82606, -0.87713 ], [ 37.82635, -0.87734 ], [ 37.82657, -0.87743 ], [ 37.82692, -0.87757 ], [ 37.82742, -0.87779 ], [ 37.82763, -0.87799 ], [ 37.82768, -0.87824 ], [ 37.82767, -0.87825 ], [ 37.82759, -0.8785 ], [ 37.82754, -0.87854 ], [ 37.8272, -0.8788 ], [ 37.8267, -0.8789 ], [ 37.82606, -0.87899 ], [ 37.82566, -0.87915 ], [ 37.82533, -0.87952 ], [ 37.82519, -0.87981 ], [ 37.82497, -0.88015 ], [ 37.82428, -0.88123 ], [ 37.82408, -0.88152 ], [ 37.8238, -0.88197 ], [ 37.82353, -0.88226 ], [ 37.82333, -0.88265 ], [ 37.82308, -0.88289 ], [ 37.82293, -0.88332 ], [ 37.82297, -0.88343 ], [ 37.82297, -0.8836 ], [ 37.82306, -0.8838 ], [ 37.82323, -0.88404 ], [ 37.82368, -0.88456 ], [ 37.82369, -0.88458 ], [ 37.82383, -0.8848 ], [ 37.82383, -0.88503 ], [ 37.82377, -0.8852 ], [ 37.82347, -0.88531 ], [ 37.82307, -0.88516 ], [ 37.82262, -0.88496 ], [ 37.82223, -0.88489 ], [ 37.82198, -0.8849 ], [ 37.82182, -0.88509 ], [ 37.82182, -0.8851 ], [ 37.82176, -0.88514 ], [ 37.82164, -0.88531 ], [ 37.82162, -0.88552 ], [ 37.82163, -0.88572 ], [ 37.82169, -0.88595 ], [ 37.82178, -0.88617 ], [ 37.82197, -0.88637 ], [ 37.82207, -0.88645 ], [ 37.82228, -0.88657 ], [ 37.82238, -0.88664 ], [ 37.82249, -0.8867 ], [ 37.82278, -0.88688 ], [ 37.82316, -0.88716 ], [ 37.82333, -0.88736 ], [ 37.82337, -0.88765 ], [ 37.82338, -0.88784 ], [ 37.8233, -0.8881 ], [ 37.82314, -0.88841 ], [ 37.82296, -0.8888 ], [ 37.82288, -0.88915 ], [ 37.82288, -0.88918 ], [ 37.82288, -0.88944 ], [ 37.82294, -0.88973 ], [ 37.82307, -0.89002 ], [ 37.82324, -0.89027 ], [ 37.8236, -0.89073 ], [ 37.82364, -0.89079 ], [ 37.82403, -0.89148 ], [ 37.82423, -0.89208 ], [ 37.82423, -0.89211 ], [ 37.82423, -0.89216 ], [ 37.82414, -0.89257 ], [ 37.82403, -0.89298 ], [ 37.824, -0.89334 ], [ 37.82405, -0.89371 ], [ 37.82418, -0.8938 ], [ 37.82421, -0.89381 ], [ 37.82424, -0.89385 ], [ 37.82429, -0.89385 ], [ 37.82429, -0.89385 ], [ 37.82435, -0.89388 ], [ 37.82464, -0.89387 ], [ 37.82504, -0.89368 ], [ 37.82535, -0.89348 ], [ 37.82559, -0.89331 ], [ 37.82581, -0.89323 ], [ 37.82597, -0.89326 ], [ 37.82605, -0.89361 ], [ 37.82597, -0.89388 ], [ 37.82589, -0.89411 ], [ 37.82571, -0.89447 ], [ 37.82545, -0.89488 ], [ 37.82483, -0.89582 ], [ 37.82482, -0.89584 ], [ 37.8246, -0.89623 ], [ 37.82455, -0.89635 ], [ 37.82452, -0.8964 ], [ 37.8244, -0.89679 ], [ 37.82436, -0.89711 ], [ 37.82436, -0.89743 ], [ 37.82426, -0.89774 ], [ 37.82404, -0.89795 ], [ 37.82366, -0.89798 ], [ 37.82329, -0.89788 ], [ 37.82281, -0.89772 ], [ 37.82224, -0.89763 ], [ 37.82164, -0.89766 ], [ 37.82127, -0.89783 ], [ 37.8209, -0.89805 ], [ 37.8206, -0.89834 ], [ 37.82055, -0.89844 ], [ 37.82035, -0.89866 ], [ 37.82023, -0.89888 ], [ 37.82015, -0.89913 ], [ 37.8201, -0.89948 ], [ 37.82009, -0.89954 ], [ 37.82008, -0.89998 ], [ 37.82008, -0.90041 ], [ 37.82003, -0.90072 ], [ 37.82002, -0.90125 ], [ 37.82005, -0.90161 ], [ 37.82005, -0.90165 ], [ 37.82004, -0.90202 ], [ 37.82005, -0.90233 ], [ 37.82008, -0.90257 ], [ 37.82021, -0.90271 ], [ 37.82035, -0.90279 ], [ 37.82057, -0.90283 ], [ 37.82082, -0.90285 ], [ 37.82125, -0.90289 ], [ 37.82186, -0.90303 ], [ 37.82226, -0.90301 ], [ 37.82309, -0.90303 ], [ 37.82391, -0.90303 ], [ 37.824, -0.90302 ], [ 37.82465, -0.90298 ], [ 37.82524, -0.90283 ], [ 37.82564, -0.90268 ], [ 37.82598, -0.90263 ], [ 37.82627, -0.90258 ], [ 37.82652, -0.90259 ], [ 37.82694, -0.90273 ], [ 37.82758, -0.90309 ], [ 37.82797, -0.90332 ], [ 37.82837, -0.90347 ], [ 37.82911, -0.90363 ], [ 37.82983, -0.90382 ], [ 37.83043, -0.9041 ], [ 37.83155, -0.90496 ], [ 37.832, -0.9055 ], [ 37.83218, -0.90581 ], [ 37.83228, -0.90618 ], [ 37.83228, -0.90633 ], [ 37.83228, -0.90641 ], [ 37.83221, -0.90675 ], [ 37.8321, -0.90709 ], [ 37.83204, -0.90742 ], [ 37.83215, -0.90764 ], [ 37.83253, -0.90792 ], [ 37.83309, -0.90823 ], [ 37.83346, -0.90834 ], [ 37.83394, -0.90841 ], [ 37.83441, -0.90839 ], [ 37.83519, -0.90834 ], [ 37.83567, -0.90822 ], [ 37.83593, -0.90815 ], [ 37.83624, -0.90811 ], [ 37.83647, -0.90799 ], [ 37.83657, -0.90797 ], [ 37.83737, -0.90769 ], [ 37.83772, -0.90765 ], [ 37.83805, -0.90766 ], [ 37.83828, -0.90775 ], [ 37.83844, -0.90787 ], [ 37.83861, -0.90799 ], [ 37.83874, -0.90836 ], [ 37.83881, -0.90877 ], [ 37.8389, -0.90916 ], [ 37.8389, -0.90926 ], [ 37.83888, -0.90954 ], [ 37.83868, -0.90978 ], [ 37.83829, -0.91 ], [ 37.83775, -0.91006 ], [ 37.83714, -0.91014 ], [ 37.83653, -0.91016 ], [ 37.83617, -0.91016 ], [ 37.83567, -0.91024 ], [ 37.83543, -0.91024 ], [ 37.83518, -0.91028 ], [ 37.835, -0.91037 ], [ 37.83486, -0.91051 ], [ 37.83474, -0.91068 ], [ 37.83472, -0.9107 ], [ 37.83464, -0.91086 ], [ 37.83463, -0.91113 ], [ 37.83463, -0.9114 ], [ 37.83462, -0.91162 ], [ 37.83451, -0.91189 ], [ 37.83445, -0.91221 ], [ 37.83451, -0.91242 ], [ 37.83451, -0.91263 ], [ 37.83461, -0.91277 ], [ 37.83487, -0.91285 ], [ 37.83506, -0.91287 ], [ 37.83518, -0.91288 ], [ 37.83538, -0.91291 ], [ 37.83552, -0.91296 ], [ 37.83568, -0.9132 ], [ 37.83572, -0.91387 ], [ 37.8357, -0.91393 ], [ 37.8357, -0.91393 ], [ 37.83546, -0.91434 ], [ 37.83516, -0.91458 ], [ 37.83498, -0.91477 ], [ 37.83491, -0.91492 ], [ 37.83491, -0.9151 ], [ 37.83501, -0.9153 ], [ 37.83522, -0.91554 ], [ 37.83569, -0.91551 ], [ 37.83573, -0.91549 ], [ 37.83582, -0.91547 ], [ 37.83621, -0.9152 ], [ 37.83627, -0.91514 ], [ 37.83656, -0.91482 ], [ 37.83696, -0.91423 ], [ 37.8376, -0.91363 ], [ 37.83783, -0.91342 ], [ 37.8381, -0.91316 ], [ 37.83837, -0.91297 ], [ 37.83894, -0.9127 ], [ 37.83898, -0.91269 ], [ 37.83958, -0.91242 ], [ 37.83976, -0.91236 ], [ 37.83994, -0.91237 ], [ 37.84002, -0.91237 ], [ 37.84037, -0.91257 ], [ 37.84047, -0.91276 ], [ 37.84047, -0.91281 ], [ 37.84047, -0.91289 ], [ 37.84042, -0.91318 ], [ 37.84034, -0.91349 ], [ 37.84028, -0.91373 ], [ 37.84026, -0.91384 ], [ 37.84019, -0.91411 ], [ 37.84019, -0.91434 ], [ 37.84021, -0.91458 ], [ 37.84022, -0.91478 ], [ 37.84025, -0.91493 ], [ 37.84027, -0.9152 ], [ 37.84029, -0.91574 ], [ 37.84032, -0.91586 ], [ 37.84031, -0.91597 ], [ 37.84031, -0.916 ], [ 37.84028, -0.91614 ], [ 37.84017, -0.91642 ], [ 37.84012, -0.91657 ], [ 37.83994, -0.91686 ], [ 37.83986, -0.91706 ], [ 37.83983, -0.91725 ], [ 37.83983, -0.91726 ], [ 37.83985, -0.91747 ], [ 37.83992, -0.91767 ], [ 37.83997, -0.91782 ], [ 37.83999, -0.91843 ], [ 37.84011, -0.91912 ], [ 37.84007, -0.91982 ], [ 37.84009, -0.92009 ], [ 37.84009, -0.92014 ], [ 37.84008, -0.92018 ], [ 37.8401, -0.92029 ], [ 37.84011, -0.92049 ], [ 37.84011, -0.92051 ], [ 37.84016, -0.92097 ], [ 37.84014, -0.92139 ], [ 37.83999, -0.92168 ], [ 37.83974, -0.92203 ], [ 37.83942, -0.92235 ], [ 37.83932, -0.9226 ], [ 37.83933, -0.92261 ], [ 37.83928, -0.92271 ], [ 37.83928, -0.92285 ], [ 37.83935, -0.92298 ], [ 37.8395, -0.92305 ], [ 37.83971, -0.92311 ], [ 37.84024, -0.92312 ], [ 37.84075, -0.92312 ], [ 37.84134, -0.92301 ], [ 37.84184, -0.92281 ], [ 37.84195, -0.92277 ], [ 37.84232, -0.92249 ], [ 37.84258, -0.92223 ], [ 37.84273, -0.92213 ], [ 37.84278, -0.92214 ], [ 37.84313, -0.92245 ], [ 37.84327, -0.9225 ], [ 37.84336, -0.92253 ], [ 37.84344, -0.92255 ], [ 37.84347, -0.92256 ], [ 37.84347, -0.92256 ], [ 37.84349, -0.92256 ], [ 37.84354, -0.92256 ], [ 37.84375, -0.92254 ], [ 37.84381, -0.92253 ], [ 37.84397, -0.92251 ], [ 37.84434, -0.92245 ], [ 37.84462, -0.92255 ], [ 37.84468, -0.92281 ], [ 37.8445, -0.92313 ], [ 37.84422, -0.92343 ], [ 37.84398, -0.92378 ], [ 37.84394, -0.92385 ], [ 37.84383, -0.92401 ], [ 37.84367, -0.92427 ], [ 37.84367, -0.92427 ], [ 37.84361, -0.92449 ], [ 37.84324, -0.92504 ], [ 37.84264, -0.92554 ], [ 37.84236, -0.92588 ], [ 37.84233, -0.92623 ], [ 37.84235, -0.92625 ], [ 37.84236, -0.9264 ], [ 37.84243, -0.92652 ], [ 37.84254, -0.92657 ], [ 37.84292, -0.92667 ], [ 37.84318, -0.92667 ], [ 37.8438, -0.92659 ], [ 37.84449, -0.92642 ], [ 37.84506, -0.9263 ], [ 37.84531, -0.9263 ], [ 37.84539, -0.9263 ], [ 37.84568, -0.92634 ], [ 37.84594, -0.92648 ], [ 37.84607, -0.92678 ], [ 37.84609, -0.92704 ], [ 37.84605, -0.92735 ], [ 37.84596, -0.92759 ], [ 37.8459, -0.92769 ], [ 37.8453, -0.92832 ], [ 37.84492, -0.92863 ], [ 37.84455, -0.92889 ], [ 37.84445, -0.92896 ], [ 37.84407, -0.92916 ], [ 37.84392, -0.92927 ], [ 37.84375, -0.92938 ], [ 37.84349, -0.92963 ], [ 37.84337, -0.92981 ], [ 37.8433, -0.93 ], [ 37.84337, -0.93024 ], [ 37.84344, -0.93029 ], [ 37.84348, -0.93037 ], [ 37.84353, -0.93039 ], [ 37.8436, -0.93042 ], [ 37.84378, -0.93038 ], [ 37.84385, -0.93038 ], [ 37.84413, -0.93029 ], [ 37.84426, -0.93029 ], [ 37.84433, -0.93028 ], [ 37.84454, -0.93029 ], [ 37.84462, -0.9303 ], [ 37.8447, -0.93031 ], [ 37.84478, -0.93034 ], [ 37.84502, -0.93044 ], [ 37.84513, -0.93048 ], [ 37.84542, -0.93059 ], [ 37.84547, -0.9306 ], [ 37.84559, -0.93064 ], [ 37.84605, -0.93075 ], [ 37.84654, -0.9307 ], [ 37.8468, -0.93067 ], [ 37.84714, -0.93067 ], [ 37.84741, -0.9307 ], [ 37.8478, -0.93073 ], [ 37.84817, -0.93083 ], [ 37.84848, -0.93096 ], [ 37.84856, -0.93101 ], [ 37.84863, -0.93106 ], [ 37.84866, -0.93108 ], [ 37.84885, -0.93131 ], [ 37.84896, -0.93154 ], [ 37.849, -0.9318 ], [ 37.84902, -0.93191 ], [ 37.84905, -0.93204 ], [ 37.84921, -0.93228 ], [ 37.84934, -0.93237 ], [ 37.84937, -0.93242 ], [ 37.84968, -0.93262 ], [ 37.85015, -0.93281 ], [ 37.85021, -0.93284 ], [ 37.85068, -0.93319 ], [ 37.85101, -0.9335 ], [ 37.85104, -0.93355 ], [ 37.85131, -0.93387 ], [ 37.85154, -0.93413 ], [ 37.85183, -0.93459 ], [ 37.85219, -0.93501 ], [ 37.85256, -0.93534 ], [ 37.8526, -0.93541 ], [ 37.85262, -0.93544 ], [ 37.85267, -0.93551 ], [ 37.85278, -0.9358 ], [ 37.85288, -0.93619 ], [ 37.85273, -0.93646 ], [ 37.85237, -0.93668 ], [ 37.85212, -0.93679 ], [ 37.85185, -0.93692 ], [ 37.85147, -0.937 ], [ 37.85103, -0.93708 ], [ 37.85061, -0.93729 ], [ 37.85041, -0.93767 ], [ 37.85042, -0.93831 ], [ 37.85051, -0.93886 ], [ 37.85055, -0.93894 ], [ 37.8506, -0.93917 ], [ 37.85079, -0.93942 ], [ 37.851, -0.93956 ], [ 37.85125, -0.93955 ], [ 37.85126, -0.93955 ], [ 37.85164, -0.93941 ], [ 37.85216, -0.939 ], [ 37.85237, -0.93855 ], [ 37.85248, -0.93807 ], [ 37.85263, -0.93787 ], [ 37.85283, -0.93778 ], [ 37.85287, -0.93778 ], [ 37.85295, -0.93777 ], [ 37.85295, -0.93778 ], [ 37.8531, -0.93784 ], [ 37.85331, -0.93811 ], [ 37.85341, -0.93846 ], [ 37.85357, -0.93904 ], [ 37.85378, -0.93981 ], [ 37.85389, -0.94019 ], [ 37.85401, -0.94096 ], [ 37.85406, -0.9412 ], [ 37.85408, -0.94147 ], [ 37.85406, -0.94155 ], [ 37.85403, -0.94168 ], [ 37.85393, -0.94194 ], [ 37.8537, -0.94227 ], [ 37.85344, -0.94249 ], [ 37.85315, -0.9429 ], [ 37.85313, -0.94293 ], [ 37.85313, -0.94293 ], [ 37.85281, -0.94342 ], [ 37.85264, -0.94367 ], [ 37.85259, -0.94377 ], [ 37.85248, -0.94392 ], [ 37.85216, -0.94431 ], [ 37.85189, -0.94434 ], [ 37.85155, -0.94431 ], [ 37.85123, -0.94417 ], [ 37.85079, -0.94398 ], [ 37.85019, -0.94346 ], [ 37.84988, -0.94312 ], [ 37.84949, -0.9427 ], [ 37.84927, -0.94266 ], [ 37.84918, -0.94267 ], [ 37.84918, -0.94267 ], [ 37.84896, -0.94265 ], [ 37.84886, -0.94272 ], [ 37.84874, -0.94281 ], [ 37.84871, -0.94286 ], [ 37.84863, -0.94292 ], [ 37.84843, -0.94317 ], [ 37.84813, -0.94357 ], [ 37.84786, -0.944 ], [ 37.8477, -0.94444 ], [ 37.84768, -0.9448 ], [ 37.84785, -0.94501 ], [ 37.84786, -0.94508 ], [ 37.84811, -0.94533 ], [ 37.84836, -0.94544 ], [ 37.84875, -0.94557 ], [ 37.84905, -0.94561 ], [ 37.84944, -0.94566 ], [ 37.84988, -0.94563 ], [ 37.85019, -0.94562 ], [ 37.85033, -0.94568 ], [ 37.8504, -0.94578 ], [ 37.85042, -0.94599 ], [ 37.85034, -0.94619 ], [ 37.85, -0.94671 ], [ 37.84954, -0.94715 ], [ 37.84936, -0.94733 ], [ 37.84891, -0.94774 ], [ 37.84854, -0.9481 ], [ 37.84848, -0.94828 ], [ 37.84831, -0.94855 ], [ 37.84817, -0.94889 ], [ 37.84815, -0.94903 ], [ 37.84812, -0.9493 ], [ 37.84805, -0.94972 ], [ 37.84808, -0.94993 ], [ 37.84807, -0.95013 ], [ 37.84827, -0.95045 ], [ 37.84858, -0.95048 ], [ 37.84863, -0.9505 ], [ 37.84899, -0.9505 ], [ 37.84958, -0.9505 ], [ 37.85011, -0.95049 ], [ 37.85028, -0.95048 ], [ 37.85067, -0.95052 ], [ 37.85093, -0.95062 ], [ 37.8513, -0.95099 ], [ 37.85184, -0.95156 ], [ 37.85186, -0.95158 ], [ 37.8521, -0.95191 ], [ 37.85253, -0.95232 ], [ 37.85288, -0.95255 ], [ 37.8532, -0.9528 ], [ 37.85329, -0.95299 ], [ 37.85321, -0.95324 ], [ 37.85319, -0.95326 ], [ 37.85306, -0.95344 ], [ 37.85256, -0.95372 ], [ 37.85191, -0.95403 ], [ 37.85138, -0.95436 ], [ 37.85128, -0.95448 ], [ 37.85115, -0.95458 ], [ 37.85112, -0.95466 ], [ 37.85104, -0.95475 ], [ 37.85093, -0.955 ], [ 37.85093, -0.95519 ], [ 37.85093, -0.95523 ], [ 37.85095, -0.95553 ], [ 37.85095, -0.95553 ], [ 37.85095, -0.95556 ], [ 37.85115, -0.95629 ], [ 37.85138, -0.95677 ], [ 37.85193, -0.95726 ], [ 37.85247, -0.95811 ], [ 37.85299, -0.95861 ], [ 37.85323, -0.95882 ], [ 37.85355, -0.95918 ], [ 37.85389, -0.9595 ], [ 37.85449, -0.96006 ], [ 37.85483, -0.96031 ], [ 37.85508, -0.96062 ], [ 37.85549, -0.96109 ], [ 37.85543, -0.96192 ], [ 37.85544, -0.9625 ], [ 37.85545, -0.96253 ], [ 37.85543, -0.96267 ], [ 37.85544, -0.96277 ], [ 37.85547, -0.96302 ], [ 37.85548, -0.96333 ], [ 37.85574, -0.96396 ], [ 37.85595, -0.96462 ], [ 37.85596, -0.96463 ], [ 37.85595, -0.96463 ], [ 37.8559, -0.96514 ], [ 37.85575, -0.96539 ], [ 37.8555, -0.96546 ], [ 37.85529, -0.96553 ], [ 37.85502, -0.96554 ], [ 37.85466, -0.96547 ], [ 37.85449, -0.96535 ], [ 37.85428, -0.96514 ], [ 37.85403, -0.96466 ], [ 37.85401, -0.96462 ], [ 37.85379, -0.96426 ], [ 37.85373, -0.96413 ], [ 37.85362, -0.96352 ], [ 37.85358, -0.9632 ], [ 37.85358, -0.96289 ], [ 37.85358, -0.96287 ], [ 37.85357, -0.96264 ], [ 37.85352, -0.96232 ], [ 37.85342, -0.9621 ], [ 37.85333, -0.96196 ], [ 37.85331, -0.9619 ], [ 37.85328, -0.96188 ], [ 37.85326, -0.96186 ], [ 37.85319, -0.96177 ], [ 37.85304, -0.96172 ], [ 37.85302, -0.96171 ], [ 37.853, -0.96171 ], [ 37.85298, -0.9617 ], [ 37.85298, -0.9617 ], [ 37.85295, -0.96171 ], [ 37.85276, -0.9617 ], [ 37.85257, -0.96186 ], [ 37.85257, -0.96186 ], [ 37.85257, -0.96186 ], [ 37.85257, -0.96186 ], [ 37.85257, -0.96186 ], [ 37.85249, -0.96193 ], [ 37.85249, -0.96202 ], [ 37.85247, -0.96206 ], [ 37.85245, -0.96226 ], [ 37.85245, -0.96226 ], [ 37.85246, -0.9623 ], [ 37.85246, -0.9623 ], [ 37.85249, -0.96247 ], [ 37.85249, -0.96248 ], [ 37.85248, -0.96298 ], [ 37.85247, -0.96317 ], [ 37.85221, -0.96375 ], [ 37.85195, -0.9639 ], [ 37.85192, -0.96391 ], [ 37.85157, -0.96397 ], [ 37.85108, -0.96406 ], [ 37.85072, -0.96413 ], [ 37.85062, -0.96415 ], [ 37.85057, -0.96417 ], [ 37.85038, -0.96421 ], [ 37.85016, -0.9643 ], [ 37.85013, -0.96431 ], [ 37.8501, -0.96432 ], [ 37.85003, -0.96435 ], [ 37.84978, -0.96447 ], [ 37.84976, -0.96448 ], [ 37.84969, -0.96454 ], [ 37.84966, -0.96455 ], [ 37.84965, -0.96457 ], [ 37.84964, -0.96458 ], [ 37.84953, -0.96467 ], [ 37.84941, -0.96482 ], [ 37.84932, -0.96493 ], [ 37.84922, -0.96505 ], [ 37.84872, -0.96549 ], [ 37.84828, -0.9657 ], [ 37.84822, -0.96572 ], [ 37.84818, -0.96573 ], [ 37.84807, -0.96575 ], [ 37.8476, -0.96574 ], [ 37.84759, -0.96574 ], [ 37.84747, -0.96573 ], [ 37.84719, -0.96572 ], [ 37.84695, -0.96572 ], [ 37.84672, -0.96578 ], [ 37.84653, -0.96588 ], [ 37.84653, -0.96588 ], [ 37.84641, -0.9661 ], [ 37.84639, -0.96611 ], [ 37.84639, -0.96614 ], [ 37.84638, -0.9662 ], [ 37.84633, -0.96639 ], [ 37.84634, -0.96667 ], [ 37.84651, -0.96701 ], [ 37.84677, -0.96734 ], [ 37.84681, -0.96738 ], [ 37.84691, -0.9675 ], [ 37.84727, -0.96777 ], [ 37.84737, -0.96782 ], [ 37.84741, -0.96785 ], [ 37.84771, -0.968 ], [ 37.84794, -0.96803 ], [ 37.84817, -0.96803 ], [ 37.84832, -0.96796 ], [ 37.84849, -0.96778 ], [ 37.84861, -0.9676 ], [ 37.84873, -0.96742 ], [ 37.84892, -0.9672 ], [ 37.84911, -0.96711 ], [ 37.8492, -0.96707 ], [ 37.84925, -0.96705 ], [ 37.84963, -0.96708 ], [ 37.85009, -0.9674 ], [ 37.85011, -0.96747 ], [ 37.85018, -0.96783 ], [ 37.8502, -0.96791 ], [ 37.85015, -0.96855 ], [ 37.85034, -0.96878 ], [ 37.85071, -0.96878 ], [ 37.85117, -0.96858 ], [ 37.85155, -0.96846 ], [ 37.85186, -0.96848 ], [ 37.85248, -0.96865 ], [ 37.8532, -0.96879 ], [ 37.85321, -0.96871 ], [ 37.85352, -0.96876 ], [ 37.85381, -0.96884 ], [ 37.85396, -0.96892 ], [ 37.854, -0.96894 ], [ 37.85418, -0.96906 ], [ 37.85457, -0.96935 ], [ 37.85477, -0.96942 ], [ 37.85491, -0.96942 ], [ 37.85505, -0.96942 ], [ 37.85548, -0.96926 ], [ 37.856, -0.96899 ], [ 37.8562, -0.96888 ], [ 37.85645, -0.96874 ], [ 37.85671, -0.96866 ], [ 37.85705, -0.96864 ], [ 37.85755, -0.96864 ], [ 37.85762, -0.96864 ], [ 37.85787, -0.96863 ], [ 37.85805, -0.96858 ], [ 37.85814, -0.96855 ], [ 37.85835, -0.96838 ], [ 37.8585, -0.96824 ], [ 37.85857, -0.96819 ], [ 37.85868, -0.96809 ], [ 37.85886, -0.96806 ], [ 37.8591, -0.96811 ], [ 37.85928, -0.96823 ], [ 37.85941, -0.96846 ], [ 37.85962, -0.96888 ], [ 37.85967, -0.96897 ], [ 37.85976, -0.96913 ], [ 37.86005, -0.96953 ], [ 37.86042, -0.96987 ], [ 37.86069, -0.97006 ], [ 37.8608, -0.97015 ], [ 37.861, -0.9703 ], [ 37.86117, -0.97039 ], [ 37.8613, -0.97045 ], [ 37.8616, -0.97055 ], [ 37.86188, -0.97059 ], [ 37.86199, -0.9706 ], [ 37.86227, -0.97064 ], [ 37.86251, -0.97073 ], [ 37.86286, -0.97096 ], [ 37.86313, -0.97113 ], [ 37.86327, -0.97117 ], [ 37.86358, -0.97117 ], [ 37.864, -0.9712 ], [ 37.86413, -0.97123 ], [ 37.86431, -0.97131 ], [ 37.86445, -0.97138 ], [ 37.86464, -0.97147 ], [ 37.86483, -0.97153 ], [ 37.86503, -0.97153 ], [ 37.86509, -0.97153 ], [ 37.86533, -0.97146 ], [ 37.86554, -0.97146 ], [ 37.86557, -0.97146 ], [ 37.86566, -0.97147 ], [ 37.86578, -0.97153 ], [ 37.86584, -0.9717 ], [ 37.86581, -0.97193 ], [ 37.86576, -0.97214 ], [ 37.86566, -0.97234 ], [ 37.86545, -0.97272 ], [ 37.86536, -0.9729 ], [ 37.86533, -0.97295 ], [ 37.86523, -0.97322 ], [ 37.8652, -0.97348 ], [ 37.8652, -0.97371 ], [ 37.8652, -0.97371 ], [ 37.86518, -0.97385 ], [ 37.86517, -0.97395 ], [ 37.86516, -0.97397 ], [ 37.86511, -0.97421 ], [ 37.86497, -0.97442 ], [ 37.86479, -0.97458 ], [ 37.86452, -0.97467 ], [ 37.86417, -0.97476 ], [ 37.86403, -0.97489 ], [ 37.86391, -0.97508 ], [ 37.86391, -0.97509 ], [ 37.86388, -0.97513 ], [ 37.86388, -0.97515 ], [ 37.86387, -0.97546 ], [ 37.86397, -0.97603 ], [ 37.86403, -0.97627 ], [ 37.86412, -0.97648 ], [ 37.86426, -0.97669 ], [ 37.86441, -0.97677 ], [ 37.86457, -0.97683 ], [ 37.86471, -0.97683 ], [ 37.86476, -0.97683 ], [ 37.86481, -0.9768 ], [ 37.86487, -0.97677 ], [ 37.865, -0.9767 ], [ 37.86528, -0.97651 ], [ 37.86581, -0.97613 ], [ 37.86584, -0.97611 ], [ 37.86611, -0.97596 ], [ 37.86636, -0.97589 ], [ 37.8665, -0.97585 ], [ 37.86668, -0.97579 ], [ 37.86694, -0.9757 ], [ 37.86742, -0.97553 ], [ 37.86765, -0.97549 ], [ 37.86791, -0.97546 ], [ 37.86814, -0.97547 ], [ 37.86832, -0.97551 ], [ 37.86845, -0.97556 ], [ 37.86872, -0.97575 ], [ 37.86873, -0.97576 ], [ 37.86881, -0.97581 ], [ 37.86893, -0.97589 ], [ 37.86898, -0.9759 ], [ 37.86918, -0.97597 ], [ 37.86942, -0.9761 ], [ 37.86962, -0.97622 ], [ 37.86981, -0.97641 ], [ 37.86995, -0.9767 ], [ 37.86994, -0.97698 ], [ 37.86991, -0.97787 ], [ 37.86991, -0.97817 ], [ 37.86991, -0.97843 ], [ 37.86991, -0.97869 ], [ 37.86992, -0.97896 ], [ 37.86992, -0.97926 ], [ 37.86986, -0.97962 ], [ 37.8698, -0.97977 ], [ 37.8698, -0.97979 ], [ 37.86968, -0.98011 ], [ 37.86963, -0.98017 ], [ 37.86953, -0.98027 ], [ 37.8695, -0.9803 ], [ 37.86941, -0.98038 ], [ 37.86934, -0.98044 ], [ 37.86912, -0.98051 ], [ 37.86893, -0.98049 ], [ 37.86875, -0.98043 ], [ 37.86866, -0.98042 ], [ 37.86816, -0.98024 ], [ 37.86814, -0.98024 ], [ 37.86779, -0.98014 ], [ 37.86754, -0.98011 ], [ 37.86723, -0.98011 ], [ 37.86678, -0.9802 ], [ 37.86674, -0.98022 ], [ 37.8666, -0.98029 ], [ 37.86626, -0.98058 ], [ 37.86574, -0.98083 ], [ 37.86513, -0.98096 ], [ 37.86466, -0.98102 ], [ 37.86455, -0.98104 ], [ 37.8642, -0.98111 ], [ 37.86403, -0.98129 ], [ 37.864, -0.98135 ], [ 37.86397, -0.98183 ], [ 37.864, -0.9824 ], [ 37.86406, -0.98269 ], [ 37.8642, -0.98291 ], [ 37.86436, -0.98297 ], [ 37.86448, -0.98295 ], [ 37.86488, -0.98286 ], [ 37.86488, -0.98286 ], [ 37.86526, -0.98281 ], [ 37.86533, -0.98282 ], [ 37.86542, -0.9828 ], [ 37.86558, -0.9828 ], [ 37.86576, -0.98285 ], [ 37.86597, -0.98295 ], [ 37.86617, -0.98312 ], [ 37.86636, -0.9835 ], [ 37.86657, -0.98372 ], [ 37.86676, -0.98391 ], [ 37.86702, -0.98409 ], [ 37.86737, -0.98436 ], [ 37.86753, -0.98456 ], [ 37.86759, -0.98473 ], [ 37.8676, -0.98475 ], [ 37.8676, -0.98492 ], [ 37.8675, -0.98509 ], [ 37.86736, -0.98526 ], [ 37.86718, -0.9854 ], [ 37.86697, -0.98545 ], [ 37.86694, -0.98545 ], [ 37.86665, -0.98555 ], [ 37.86609, -0.98555 ], [ 37.86548, -0.9854 ], [ 37.86525, -0.98534 ], [ 37.86466, -0.98519 ], [ 37.86445, -0.98519 ], [ 37.8639, -0.98517 ], [ 37.86381, -0.98517 ], [ 37.86315, -0.98518 ], [ 37.86285, -0.98524 ], [ 37.86264, -0.98532 ], [ 37.86229, -0.98551 ], [ 37.86143, -0.98617 ], [ 37.86112, -0.98645 ], [ 37.861, -0.98655 ], [ 37.86072, -0.98689 ], [ 37.86059, -0.98715 ], [ 37.86059, -0.98722 ], [ 37.86058, -0.98738 ], [ 37.86061, -0.98759 ], [ 37.86072, -0.9878 ], [ 37.86073, -0.98805 ], [ 37.86073, -0.98822 ], [ 37.86063, -0.98836 ], [ 37.86047, -0.98846 ], [ 37.86028, -0.98844 ], [ 37.86027, -0.98843 ], [ 37.86021, -0.98846 ], [ 37.85973, -0.98847 ], [ 37.85933, -0.9884 ], [ 37.85928, -0.98839 ], [ 37.85864, -0.98843 ], [ 37.85861, -0.98843 ], [ 37.85853, -0.98843 ], [ 37.85835, -0.98838 ], [ 37.8581, -0.98833 ], [ 37.85783, -0.98832 ], [ 37.85774, -0.98832 ], [ 37.85749, -0.98839 ], [ 37.85744, -0.98845 ], [ 37.85739, -0.98864 ], [ 37.85727, -0.98891 ], [ 37.85715, -0.98907 ], [ 37.85714, -0.98911 ], [ 37.8569, -0.98928 ], [ 37.85663, -0.9892 ], [ 37.85654, -0.98917 ], [ 37.85615, -0.9891 ], [ 37.85598, -0.98915 ], [ 37.8558, -0.98926 ], [ 37.85559, -0.98945 ], [ 37.8555, -0.98955 ], [ 37.85516, -0.98994 ], [ 37.85476, -0.99049 ], [ 37.85467, -0.99069 ], [ 37.85449, -0.99099 ], [ 37.85444, -0.99105 ], [ 37.85434, -0.99116 ], [ 37.85427, -0.9912 ], [ 37.85413, -0.9913 ], [ 37.85388, -0.9914 ], [ 37.85386, -0.9914 ], [ 37.8537, -0.99146 ], [ 37.85342, -0.99153 ], [ 37.85295, -0.99184 ], [ 37.85294, -0.99185 ], [ 37.85255, -0.99218 ], [ 37.85243, -0.99242 ], [ 37.85227, -0.99285 ], [ 37.85212, -0.99311 ], [ 37.85197, -0.99332 ], [ 37.85177, -0.99353 ], [ 37.85154, -0.99377 ], [ 37.85138, -0.99411 ], [ 37.85136, -0.99439 ], [ 37.85137, -0.99469 ], [ 37.85138, -0.99476 ], [ 37.85142, -0.99497 ], [ 37.85152, -0.99517 ], [ 37.85169, -0.99529 ], [ 37.85176, -0.99534 ], [ 37.85205, -0.99553 ], [ 37.85213, -0.99559 ], [ 37.85219, -0.99568 ], [ 37.85241, -0.99592 ], [ 37.85248, -0.99613 ], [ 37.85256, -0.99633 ], [ 37.85231, -0.99676 ], [ 37.85229, -0.99678 ], [ 37.85228, -0.99678 ], [ 37.85217, -0.99694 ], [ 37.85203, -0.99705 ], [ 37.85199, -0.99706 ], [ 37.85195, -0.99706 ], [ 37.85189, -0.99707 ], [ 37.85182, -0.99709 ], [ 37.85165, -0.99709 ], [ 37.85131, -0.99702 ], [ 37.85078, -0.99678 ], [ 37.85034, -0.99658 ], [ 37.85021, -0.99653 ], [ 37.85009, -0.99649 ], [ 37.84986, -0.99647 ], [ 37.84952, -0.99645 ], [ 37.84921, -0.99645 ], [ 37.84893, -0.9965 ], [ 37.84865, -0.99662 ], [ 37.84847, -0.99677 ], [ 37.8484, -0.99686 ], [ 37.84828, -0.99702 ], [ 37.84813, -0.99736 ], [ 37.84807, -0.99763 ], [ 37.84802, -0.9978 ], [ 37.84796, -0.99797 ], [ 37.84791, -0.99826 ], [ 37.84784, -0.99848 ], [ 37.84783, -0.99869 ], [ 37.84783, -0.9989 ], [ 37.84783, -0.99891 ], [ 37.84783, -0.99909 ], [ 37.84784, -0.99928 ], [ 37.84789, -0.99944 ], [ 37.84803, -0.9997 ], [ 37.84821, -0.99991 ], [ 37.84839, -1.00008 ], [ 37.84851, -1.00027 ], [ 37.84848, -1.00039 ], [ 37.84845, -1.0005 ], [ 37.84844, -1.00052 ], [ 37.84844, -1.00055 ], [ 37.84845, -1.00064 ], [ 37.84849, -1.00091 ], [ 37.84852, -1.0013 ], [ 37.84852, -1.00149 ], [ 37.84867, -1.00182 ], [ 37.84872, -1.00196 ], [ 37.84882, -1.00227 ], [ 37.84884, -1.00228 ], [ 37.84896, -1.00234 ], [ 37.84912, -1.00241 ], [ 37.84935, -1.0026 ], [ 37.84947, -1.00279 ], [ 37.84948, -1.00281 ], [ 37.84952, -1.00291 ], [ 37.84952, -1.00296 ], [ 37.84959, -1.00311 ], [ 37.8496, -1.00323 ], [ 37.84961, -1.00333 ], [ 37.84959, -1.00371 ], [ 37.8495, -1.00423 ], [ 37.84945, -1.00458 ], [ 37.84946, -1.00484 ], [ 37.8496, -1.00505 ], [ 37.84979, -1.00522 ], [ 37.84982, -1.00523 ], [ 37.84984, -1.00525 ], [ 37.85016, -1.00539 ], [ 37.8505, -1.00552 ], [ 37.85095, -1.00561 ], [ 37.8512, -1.00566 ], [ 37.85133, -1.00575 ], [ 37.85141, -1.00596 ], [ 37.85141, -1.00629 ], [ 37.85134, -1.00666 ], [ 37.8512, -1.00719 ], [ 37.85085, -1.00783 ], [ 37.85071, -1.0082 ], [ 37.85063, -1.00857 ], [ 37.85061, -1.00898 ], [ 37.85061, -1.00938 ], [ 37.85064, -1.00978 ], [ 37.85071, -1.0101 ], [ 37.85077, -1.01051 ], [ 37.85081, -1.01083 ], [ 37.85078, -1.01132 ], [ 37.85071, -1.01186 ], [ 37.85057, -1.01235 ], [ 37.85051, -1.01283 ], [ 37.85047, -1.01342 ], [ 37.85047, -1.01347 ], [ 37.85047, -1.01385 ], [ 37.85039, -1.01422 ], [ 37.85024, -1.01461 ], [ 37.8501, -1.01499 ], [ 37.8499, -1.01543 ], [ 37.84969, -1.01594 ], [ 37.84964, -1.01642 ], [ 37.84964, -1.01684 ], [ 37.84972, -1.01737 ], [ 37.84992, -1.01786 ], [ 37.85015, -1.01838 ], [ 37.85025, -1.01867 ], [ 37.85028, -1.01907 ], [ 37.85019, -1.01939 ], [ 37.85009, -1.01967 ], [ 37.84993, -1.02008 ], [ 37.8499, -1.02048 ], [ 37.8499, -1.02099 ], [ 37.84993, -1.02158 ], [ 37.84993, -1.02194 ], [ 37.84992, -1.02227 ], [ 37.84979, -1.02265 ], [ 37.84964, -1.02296 ], [ 37.84955, -1.02339 ], [ 37.84951, -1.02408 ], [ 37.84956, -1.02491 ], [ 37.84956, -1.02499 ], [ 37.84965, -1.02547 ], [ 37.84965, -1.02594 ], [ 37.84967, -1.02632 ], [ 37.8496, -1.02675 ], [ 37.84947, -1.02719 ], [ 37.84941, -1.02751 ], [ 37.8494, -1.02789 ], [ 37.84935, -1.02835 ], [ 37.84933, -1.02858 ], [ 37.8493, -1.02881 ], [ 37.84917, -1.0291 ], [ 37.84896, -1.02944 ], [ 37.84851, -1.02986 ], [ 37.84788, -1.03048 ], [ 37.84727, -1.03099 ], [ 37.84704, -1.03134 ], [ 37.8469, -1.03172 ], [ 37.84682, -1.03206 ], [ 37.84685, -1.03238 ], [ 37.84694, -1.0327 ], [ 37.84726, -1.03329 ], [ 37.84751, -1.03377 ], [ 37.84777, -1.03433 ], [ 37.84778, -1.03449 ], [ 37.84779, -1.03459 ], [ 37.84779, -1.03492 ], [ 37.84778, -1.03535 ], [ 37.84771, -1.03576 ], [ 37.84763, -1.03618 ], [ 37.8476, -1.03651 ], [ 37.8476, -1.03678 ], [ 37.84768, -1.03718 ], [ 37.84795, -1.03777 ], [ 37.84811, -1.03832 ], [ 37.84821, -1.03879 ], [ 37.84827, -1.03952 ], [ 37.84839, -1.04046 ], [ 37.84847, -1.04128 ], [ 37.84862, -1.0421 ], [ 37.84867, -1.04271 ], [ 37.84867, -1.04272 ], [ 37.84875, -1.0433 ], [ 37.84878, -1.04368 ], [ 37.84878, -1.04383 ], [ 37.84884, -1.04407 ], [ 37.84888, -1.04441 ], [ 37.84875, -1.04473 ], [ 37.84858, -1.04495 ], [ 37.84846, -1.04507 ], [ 37.84838, -1.04516 ], [ 37.84817, -1.04533 ], [ 37.84797, -1.04563 ], [ 37.84776, -1.04598 ], [ 37.8475, -1.04628 ], [ 37.84748, -1.04629 ], [ 37.84746, -1.04632 ], [ 37.84732, -1.04657 ], [ 37.84716, -1.04693 ], [ 37.84714, -1.04696 ], [ 37.84708, -1.04701 ], [ 37.84693, -1.04717 ], [ 37.84675, -1.04734 ], [ 37.84662, -1.04745 ], [ 37.8465, -1.04756 ], [ 37.84632, -1.04777 ], [ 37.84624, -1.04793 ], [ 37.84624, -1.04806 ], [ 37.84626, -1.04833 ], [ 37.84626, -1.04856 ], [ 37.84637, -1.04894 ], [ 37.8465, -1.04926 ], [ 37.84653, -1.04954 ], [ 37.84653, -1.04999 ], [ 37.8464, -1.05037 ], [ 37.84636, -1.05047 ], [ 37.84619, -1.0506 ], [ 37.84602, -1.05067 ], [ 37.8457, -1.05071 ], [ 37.84544, -1.05078 ], [ 37.84523, -1.05091 ], [ 37.84506, -1.05107 ], [ 37.845, -1.0512 ], [ 37.84506, -1.05156 ], [ 37.84506, -1.05175 ], [ 37.84499, -1.05192 ], [ 37.84486, -1.05219 ], [ 37.84486, -1.0522 ], [ 37.84477, -1.05255 ], [ 37.84461, -1.05284 ], [ 37.84456, -1.05304 ], [ 37.84443, -1.05327 ], [ 37.84439, -1.05334 ], [ 37.84438, -1.0534 ], [ 37.8443, -1.0536 ], [ 37.84416, -1.05379 ], [ 37.84388, -1.05391 ], [ 37.84363, -1.05396 ], [ 37.84354, -1.05398 ], [ 37.84306, -1.05414 ], [ 37.84281, -1.05422 ], [ 37.84268, -1.05426 ], [ 37.84252, -1.05439 ], [ 37.84232, -1.05448 ], [ 37.84219, -1.05448 ], [ 37.84206, -1.05448 ], [ 37.84183, -1.05448 ], [ 37.84162, -1.05443 ], [ 37.84157, -1.05442 ], [ 37.84147, -1.0544 ], [ 37.84134, -1.0544 ], [ 37.84118, -1.0544 ], [ 37.84107, -1.05443 ], [ 37.84097, -1.05448 ], [ 37.84087, -1.05464 ], [ 37.84074, -1.05485 ], [ 37.84058, -1.0551 ], [ 37.84052, -1.05556 ], [ 37.84052, -1.05569 ], [ 37.84051, -1.05596 ], [ 37.84048, -1.05657 ], [ 37.84048, -1.05658 ], [ 37.84049, -1.05686 ], [ 37.84044, -1.05716 ], [ 37.84036, -1.05737 ], [ 37.84019, -1.05752 ], [ 37.84, -1.05761 ], [ 37.83975, -1.05767 ], [ 37.83973, -1.05768 ], [ 37.83918, -1.05797 ], [ 37.83896, -1.05815 ], [ 37.83873, -1.05833 ], [ 37.83846, -1.0586 ], [ 37.83841, -1.05869 ], [ 37.83834, -1.05878 ], [ 37.83822, -1.05906 ], [ 37.83812, -1.05926 ], [ 37.83802, -1.05944 ], [ 37.83799, -1.0595 ], [ 37.83796, -1.05957 ], [ 37.83788, -1.05966 ], [ 37.8378, -1.05979 ], [ 37.83758, -1.06006 ], [ 37.83739, -1.06021 ], [ 37.83708, -1.06047 ], [ 37.83692, -1.06062 ], [ 37.83688, -1.06064 ], [ 37.83683, -1.0607 ], [ 37.83668, -1.06087 ], [ 37.83662, -1.06094 ], [ 37.83644, -1.06138 ], [ 37.83643, -1.06142 ], [ 37.83638, -1.06173 ], [ 37.83635, -1.06199 ], [ 37.83629, -1.0625 ], [ 37.83625, -1.06266 ], [ 37.83625, -1.0627 ], [ 37.83625, -1.06271 ], [ 37.83622, -1.06279 ], [ 37.83621, -1.06286 ], [ 37.83612, -1.06314 ], [ 37.8361, -1.06318 ], [ 37.83607, -1.06329 ], [ 37.83597, -1.06353 ], [ 37.83596, -1.06355 ], [ 37.8358, -1.06368 ], [ 37.83574, -1.06372 ], [ 37.83555, -1.06394 ], [ 37.83553, -1.06397 ], [ 37.83552, -1.0641 ], [ 37.83549, -1.06429 ], [ 37.83544, -1.0647 ], [ 37.83543, -1.06488 ], [ 37.83543, -1.06532 ], [ 37.83542, -1.0656 ], [ 37.83527, -1.06583 ], [ 37.83512, -1.06593 ], [ 37.8351, -1.06594 ], [ 37.83502, -1.06601 ], [ 37.83491, -1.06603 ], [ 37.83473, -1.06605 ], [ 37.8346, -1.06605 ], [ 37.83443, -1.06605 ], [ 37.8342, -1.06605 ], [ 37.83399, -1.06608 ], [ 37.83382, -1.06622 ], [ 37.83378, -1.06626 ], [ 37.83365, -1.06651 ], [ 37.83348, -1.0668 ], [ 37.83345, -1.06688 ], [ 37.83339, -1.06701 ], [ 37.83327, -1.06723 ], [ 37.8332, -1.06732 ], [ 37.83313, -1.06745 ], [ 37.83288, -1.06779 ], [ 37.83269, -1.06809 ], [ 37.83261, -1.06816 ], [ 37.83233, -1.06862 ], [ 37.83224, -1.06884 ], [ 37.83224, -1.06913 ], [ 37.83234, -1.06938 ], [ 37.83246, -1.0696 ], [ 37.83247, -1.06961 ], [ 37.83258, -1.06978 ], [ 37.83264, -1.06991 ], [ 37.83264, -1.07004 ], [ 37.83255, -1.07017 ], [ 37.83241, -1.07031 ], [ 37.8322, -1.07051 ], [ 37.83211, -1.07056 ], [ 37.83131, -1.07099 ], [ 37.83094, -1.07127 ], [ 37.83089, -1.0713 ], [ 37.8306, -1.07143 ], [ 37.83034, -1.0717 ], [ 37.83013, -1.07189 ], [ 37.83007, -1.07194 ], [ 37.82976, -1.07221 ], [ 37.82949, -1.07243 ], [ 37.8294, -1.07249 ], [ 37.82927, -1.07262 ], [ 37.82914, -1.0727 ], [ 37.82895, -1.07293 ], [ 37.82892, -1.07295 ], [ 37.82879, -1.07312 ], [ 37.82867, -1.07325 ], [ 37.82859, -1.07344 ], [ 37.82853, -1.07351 ], [ 37.82851, -1.07354 ], [ 37.8285, -1.07355 ], [ 37.82848, -1.07356 ], [ 37.8284, -1.07365 ], [ 37.82815, -1.07366 ], [ 37.82808, -1.07366 ], [ 37.82793, -1.07362 ], [ 37.8277, -1.07344 ], [ 37.82768, -1.07342 ], [ 37.82761, -1.07338 ], [ 37.82742, -1.07325 ], [ 37.82741, -1.07324 ], [ 37.82728, -1.0731 ], [ 37.8269, -1.07272 ], [ 37.82675, -1.07259 ], [ 37.82664, -1.07254 ], [ 37.82644, -1.07257 ], [ 37.82626, -1.07274 ], [ 37.82613, -1.07296 ], [ 37.82598, -1.07316 ], [ 37.82597, -1.07317 ], [ 37.82587, -1.07329 ], [ 37.82571, -1.07338 ], [ 37.82565, -1.07339 ], [ 37.82563, -1.0734 ], [ 37.82553, -1.0734 ], [ 37.82545, -1.0734 ], [ 37.82542, -1.0734 ], [ 37.82541, -1.0734 ], [ 37.82533, -1.0734 ], [ 37.82511, -1.07325 ], [ 37.82505, -1.07322 ], [ 37.82454, -1.07288 ], [ 37.8243, -1.0728 ], [ 37.82416, -1.07275 ], [ 37.82375, -1.07261 ], [ 37.82351, -1.0726 ], [ 37.82328, -1.07263 ], [ 37.82317, -1.07264 ], [ 37.82275, -1.07264 ], [ 37.82242, -1.07266 ], [ 37.82218, -1.0727 ], [ 37.82195, -1.0728 ], [ 37.8218, -1.07291 ], [ 37.82179, -1.07291 ], [ 37.8217, -1.07298 ], [ 37.82151, -1.07309 ], [ 37.82142, -1.07317 ], [ 37.82129, -1.07338 ], [ 37.82126, -1.07366 ], [ 37.82129, -1.0739 ], [ 37.82129, -1.0739 ], [ 37.82144, -1.07415 ], [ 37.82145, -1.07433 ], [ 37.82145, -1.07434 ], [ 37.8213, -1.07454 ], [ 37.82125, -1.07458 ], [ 37.82125, -1.07459 ], [ 37.82125, -1.07459 ], [ 37.82101, -1.07484 ], [ 37.82091, -1.07523 ], [ 37.82086, -1.07559 ], [ 37.82088, -1.07591 ], [ 37.82098, -1.07617 ], [ 37.82108, -1.07644 ], [ 37.82113, -1.07665 ], [ 37.82113, -1.07668 ], [ 37.82114, -1.07694 ], [ 37.82093, -1.07719 ], [ 37.82081, -1.07769 ], [ 37.82078, -1.07791 ], [ 37.82078, -1.07821 ], [ 37.82082, -1.07855 ], [ 37.82086, -1.07874 ], [ 37.82084, -1.07896 ], [ 37.82066, -1.07916 ], [ 37.82048, -1.07922 ], [ 37.82047, -1.07924 ], [ 37.82032, -1.07931 ], [ 37.82013, -1.07933 ], [ 37.82006, -1.07935 ], [ 37.81973, -1.07938 ], [ 37.81947, -1.07949 ], [ 37.81925, -1.0796 ], [ 37.8191, -1.07985 ], [ 37.8191, -1.07988 ], [ 37.81911, -1.08056 ], [ 37.81917, -1.08073 ], [ 37.81953, -1.08146 ], [ 37.81957, -1.08186 ], [ 37.81957, -1.08207 ], [ 37.81953, -1.08228 ], [ 37.81943, -1.08253 ], [ 37.81939, -1.08266 ], [ 37.81931, -1.08277 ], [ 37.81911, -1.08283 ], [ 37.819, -1.0829 ], [ 37.81869, -1.0832 ], [ 37.81835, -1.08358 ], [ 37.81833, -1.0836 ], [ 37.81793, -1.08404 ], [ 37.81779, -1.08423 ], [ 37.81772, -1.08435 ], [ 37.81758, -1.08454 ], [ 37.81753, -1.08461 ], [ 37.81749, -1.08466 ], [ 37.81747, -1.08468 ], [ 37.81743, -1.08473 ], [ 37.81742, -1.08475 ], [ 37.81742, -1.08475 ], [ 37.81738, -1.08479 ], [ 37.81711, -1.08517 ], [ 37.81683, -1.08536 ], [ 37.81665, -1.08554 ], [ 37.81658, -1.08573 ], [ 37.81654, -1.08581 ], [ 37.81632, -1.08608 ], [ 37.81612, -1.08639 ], [ 37.81589, -1.08666 ], [ 37.81581, -1.08681 ], [ 37.81573, -1.08708 ], [ 37.81565, -1.0875 ], [ 37.81545, -1.08792 ], [ 37.81541, -1.08798 ], [ 37.8154, -1.088 ], [ 37.81519, -1.08833 ], [ 37.81489, -1.08875 ], [ 37.8147, -1.08888 ], [ 37.81466, -1.08893 ], [ 37.81436, -1.08916 ], [ 37.81409, -1.08933 ], [ 37.81401, -1.08936 ], [ 37.8139, -1.08943 ], [ 37.81378, -1.08948 ], [ 37.81358, -1.08956 ], [ 37.8135, -1.0896 ], [ 37.81347, -1.08961 ], [ 37.81347, -1.08961 ], [ 37.81346, -1.08962 ], [ 37.81329, -1.08969 ], [ 37.81291, -1.0899 ], [ 37.81266, -1.09006 ], [ 37.81254, -1.09018 ], [ 37.81229, -1.0906 ], [ 37.81223, -1.0908 ], [ 37.81216, -1.09104 ], [ 37.81197, -1.09138 ], [ 37.81174, -1.09151 ], [ 37.81158, -1.09166 ], [ 37.81146, -1.0917 ], [ 37.81133, -1.09179 ], [ 37.81126, -1.09184 ], [ 37.81115, -1.09188 ], [ 37.81112, -1.09193 ], [ 37.81105, -1.09205 ], [ 37.81105, -1.09209 ], [ 37.81106, -1.0924 ], [ 37.81102, -1.09256 ], [ 37.81101, -1.09259 ], [ 37.81098, -1.09302 ], [ 37.81095, -1.09331 ], [ 37.81076, -1.0935 ], [ 37.81072, -1.09351 ], [ 37.81072, -1.09351 ], [ 37.81057, -1.09363 ], [ 37.81043, -1.09368 ], [ 37.81027, -1.09369 ], [ 37.81008, -1.0937 ], [ 37.80987, -1.09379 ], [ 37.80962, -1.09389 ], [ 37.80949, -1.09395 ], [ 37.80941, -1.09404 ], [ 37.80928, -1.09415 ], [ 37.80899, -1.09434 ], [ 37.80873, -1.09454 ], [ 37.80862, -1.09477 ], [ 37.80864, -1.09495 ], [ 37.80865, -1.09535 ], [ 37.80878, -1.0956 ], [ 37.80883, -1.09585 ], [ 37.80874, -1.09612 ], [ 37.8088, -1.0963 ], [ 37.80883, -1.09643 ], [ 37.80885, -1.09651 ], [ 37.80902, -1.09686 ], [ 37.80903, -1.09714 ], [ 37.80885, -1.09763 ], [ 37.80874, -1.09788 ], [ 37.80865, -1.09803 ], [ 37.80857, -1.09823 ], [ 37.80853, -1.09873 ], [ 37.8085, -1.09905 ], [ 37.80847, -1.09925 ], [ 37.80852, -1.09953 ], [ 37.80848, -1.0997 ], [ 37.80839, -1.09987 ], [ 37.80836, -1.0999 ], [ 37.80836, -1.10002 ], [ 37.80832, -1.1004 ], [ 37.80831, -1.10062 ], [ 37.80837, -1.10077 ], [ 37.80843, -1.10093 ], [ 37.80848, -1.10118 ], [ 37.80848, -1.10139 ], [ 37.80848, -1.10153 ], [ 37.80844, -1.10174 ], [ 37.80841, -1.10192 ], [ 37.80828, -1.10212 ], [ 37.80818, -1.10228 ], [ 37.80801, -1.10248 ], [ 37.80796, -1.10257 ], [ 37.80789, -1.10268 ], [ 37.8078, -1.10292 ], [ 37.80779, -1.10331 ], [ 37.8078, -1.1036 ], [ 37.80775, -1.10383 ], [ 37.80773, -1.10432 ], [ 37.80751, -1.10476 ], [ 37.80727, -1.10505 ], [ 37.80714, -1.10519 ], [ 37.80704, -1.10545 ], [ 37.80691, -1.10566 ], [ 37.80687, -1.10572 ], [ 37.80681, -1.10582 ], [ 37.8068, -1.10596 ], [ 37.80686, -1.10612 ], [ 37.80694, -1.1063 ], [ 37.80706, -1.10652 ], [ 37.80706, -1.10658 ], [ 37.80711, -1.10666 ], [ 37.80716, -1.10675 ], [ 37.80707, -1.1069 ], [ 37.80701, -1.10703 ], [ 37.80694, -1.10722 ], [ 37.80682, -1.10752 ], [ 37.80662, -1.10795 ], [ 37.8065, -1.10823 ], [ 37.80637, -1.10846 ], [ 37.80635, -1.10867 ], [ 37.80624, -1.10885 ], [ 37.80608, -1.10898 ], [ 37.80589, -1.10913 ], [ 37.80577, -1.10925 ], [ 37.80566, -1.10947 ], [ 37.80556, -1.10964 ], [ 37.80553, -1.10985 ], [ 37.80552, -1.10989 ], [ 37.80549, -1.11019 ], [ 37.80547, -1.11027 ], [ 37.8054, -1.11043 ], [ 37.80527, -1.11064 ], [ 37.80524, -1.11084 ], [ 37.80525, -1.11111 ], [ 37.80525, -1.11135 ], [ 37.80524, -1.11147 ], [ 37.80524, -1.11148 ], [ 37.80516, -1.11159 ], [ 37.80493, -1.11177 ], [ 37.80477, -1.11198 ], [ 37.80465, -1.1122 ], [ 37.80456, -1.11232 ], [ 37.80399, -1.11261 ], [ 37.80362, -1.11288 ], [ 37.80336, -1.11315 ], [ 37.80307, -1.11348 ], [ 37.80305, -1.11389 ], [ 37.80299, -1.11432 ], [ 37.80292, -1.1148 ], [ 37.80282, -1.11523 ], [ 37.80278, -1.11556 ], [ 37.80273, -1.11587 ], [ 37.80273, -1.11614 ], [ 37.8027, -1.11663 ], [ 37.8026, -1.11709 ], [ 37.80258, -1.11721 ], [ 37.80256, -1.11739 ], [ 37.80251, -1.11764 ], [ 37.80248, -1.11806 ], [ 37.80245, -1.11823 ], [ 37.80239, -1.11859 ], [ 37.80235, -1.11888 ], [ 37.80228, -1.11911 ], [ 37.80217, -1.1194 ], [ 37.80204, -1.11963 ], [ 37.80187, -1.1199 ], [ 37.8017, -1.12009 ], [ 37.80156, -1.12028 ], [ 37.80128, -1.12046 ], [ 37.80099, -1.12047 ], [ 37.80093, -1.12046 ], [ 37.80062, -1.1203 ], [ 37.80029, -1.12016 ], [ 37.79998, -1.12009 ], [ 37.79949, -1.12007 ], [ 37.79921, -1.1201 ], [ 37.79898, -1.12022 ], [ 37.79874, -1.12046 ], [ 37.79859, -1.12065 ], [ 37.79853, -1.12079 ], [ 37.79846, -1.12096 ], [ 37.79846, -1.1212 ], [ 37.79852, -1.12143 ], [ 37.79863, -1.12162 ], [ 37.79871, -1.12181 ], [ 37.79872, -1.1221 ], [ 37.79869, -1.1224 ], [ 37.79862, -1.12264 ], [ 37.79853, -1.12284 ], [ 37.79837, -1.12317 ], [ 37.79817, -1.1235 ], [ 37.79783, -1.12391 ], [ 37.79747, -1.12431 ], [ 37.79729, -1.12449 ], [ 37.79705, -1.12474 ], [ 37.79676, -1.125 ], [ 37.79651, -1.12523 ], [ 37.79624, -1.12541 ], [ 37.79602, -1.12553 ], [ 37.79577, -1.12566 ], [ 37.7956, -1.12578 ], [ 37.79552, -1.12584 ], [ 37.79539, -1.12598 ], [ 37.79533, -1.12606 ], [ 37.79526, -1.12622 ], [ 37.79514, -1.12644 ], [ 37.79502, -1.12661 ], [ 37.79482, -1.12682 ], [ 37.79467, -1.127 ], [ 37.79449, -1.12719 ], [ 37.7943, -1.12702 ], [ 37.77891, -1.11325 ], [ 37.77655, -1.11078 ], [ 37.7741, -1.10805 ], [ 37.7729, -1.10701 ], [ 37.77173, -1.10603 ], [ 37.77023, -1.10482 ], [ 37.76893, -1.10393 ], [ 37.76692, -1.10242 ], [ 37.76453, -1.10028 ], [ 37.76392, -1.09974 ], [ 37.76222, -1.09804 ], [ 37.75995, -1.09613 ], [ 37.75714, -1.09377 ], [ 37.755, -1.09167 ], [ 37.75309, -1.09 ], [ 37.75101, -1.08842 ], [ 37.75074, -1.08819 ], [ 37.75069, -1.08815 ], [ 37.74954, -1.08682 ], [ 37.74722, -1.08438 ], [ 37.74455, -1.0809 ], [ 37.74304, -1.07891 ], [ 37.73937, -1.07916 ], [ 37.73532, -1.07932 ], [ 37.73002, -1.07907 ], [ 37.72951, -1.07909 ], [ 37.72905, -1.07906 ], [ 37.7287, -1.07906 ], [ 37.72835, -1.07906 ], [ 37.72797, -1.07906 ], [ 37.72771, -1.07906 ], [ 37.72716, -1.07908 ], [ 37.72676, -1.07908 ], [ 37.72318, -1.07921 ], [ 37.71955, -1.07945 ], [ 37.71665, -1.07943 ], [ 37.71354, -1.07976 ], [ 37.71068, -1.07998 ], [ 37.70792, -1.08052 ], [ 37.70616, -1.08079 ], [ 37.70464, -1.08115 ], [ 37.70432, -1.08119 ], [ 37.70328, -1.08119 ], [ 37.70215, -1.08116 ], [ 37.70077, -1.08127 ], [ 37.70004, -1.08123 ], [ 37.69888, -1.08122 ], [ 37.69798, -1.08123 ], [ 37.69758, -1.08129 ], [ 37.69697, -1.08153 ], [ 37.69654, -1.0816 ], [ 37.696, -1.08162 ], [ 37.69537, -1.08165 ], [ 37.69477, -1.08189 ], [ 37.6941, -1.08222 ], [ 37.68685, -1.08249 ], [ 37.67603, -1.08337 ], [ 37.66179, -1.08454 ], [ 37.65414, -1.08544 ], [ 37.64158, -1.08664 ], [ 37.64157, -1.08666 ], [ 37.63737, -1.08682 ], [ 37.6286, -1.08727 ], [ 37.62469, -1.0876 ], [ 37.62189, -1.08783 ], [ 37.61228, -1.08864 ], [ 37.60182, -1.08895 ], [ 37.5961, -1.08879 ], [ 37.59638, -1.08847 ], [ 37.59665, -1.08809 ], [ 37.59695, -1.08768 ], [ 37.59734, -1.08721 ], [ 37.59776, -1.0866 ], [ 37.59815, -1.0861 ], [ 37.59854, -1.0856 ], [ 37.59904, -1.08503 ], [ 37.59913, -1.08493 ], [ 37.59901, -1.08481 ], [ 37.59877, -1.08474 ], [ 37.59868, -1.08446 ], [ 37.59862, -1.08423 ], [ 37.59865, -1.08406 ], [ 37.59861, -1.08397 ], [ 37.59847, -1.08396 ], [ 37.59821, -1.08384 ], [ 37.59792, -1.0835 ], [ 37.59772, -1.08324 ], [ 37.59741, -1.08307 ], [ 37.59694, -1.08302 ], [ 37.59667, -1.08302 ], [ 37.59637, -1.08307 ], [ 37.59608, -1.08293 ], [ 37.59607, -1.08272 ], [ 37.59597, -1.08266 ], [ 37.5959, -1.08267 ], [ 37.59574, -1.0827 ], [ 37.59553, -1.08266 ], [ 37.59541, -1.0825 ], [ 37.5954, -1.08235 ], [ 37.59543, -1.08219 ], [ 37.59547, -1.08203 ], [ 37.59538, -1.08192 ], [ 37.59527, -1.08196 ], [ 37.59505, -1.08212 ], [ 37.59494, -1.08215 ], [ 37.59443, -1.0819 ], [ 37.5943, -1.08167 ], [ 37.59421, -1.08135 ], [ 37.59414, -1.08129 ], [ 37.59387, -1.08127 ], [ 37.59354, -1.08126 ], [ 37.59331, -1.08116 ], [ 37.59313, -1.08089 ], [ 37.5931, -1.08063 ], [ 37.59297, -1.08043 ], [ 37.59278, -1.0804 ], [ 37.59266, -1.08048 ], [ 37.59246, -1.08045 ], [ 37.59228, -1.08042 ], [ 37.5921, -1.08035 ], [ 37.59186, -1.08012 ], [ 37.59161, -1.08 ], [ 37.59137, -1.07998 ], [ 37.59119, -1.07998 ], [ 37.5911, -1.0799 ], [ 37.59103, -1.07972 ], [ 37.59101, -1.07955 ], [ 37.59097, -1.07942 ], [ 37.59073, -1.07929 ], [ 37.59054, -1.07913 ], [ 37.59049, -1.07898 ], [ 37.59043, -1.07883 ], [ 37.59017, -1.07879 ], [ 37.59004, -1.07862 ], [ 37.59004, -1.07823 ], [ 37.59001, -1.07799 ], [ 37.58974, -1.07762 ], [ 37.58954, -1.07726 ], [ 37.58954, -1.07698 ], [ 37.5895, -1.07679 ], [ 37.58923, -1.07646 ], [ 37.58904, -1.07642 ], [ 37.58882, -1.07618 ], [ 37.58864, -1.07601 ], [ 37.58859, -1.07579 ], [ 37.58869, -1.07566 ], [ 37.58882, -1.07551 ], [ 37.5888, -1.07541 ], [ 37.5885, -1.07536 ], [ 37.58839, -1.07522 ], [ 37.58832, -1.07495 ], [ 37.58827, -1.07485 ], [ 37.58806, -1.07478 ], [ 37.58796, -1.07457 ], [ 37.58793, -1.07431 ], [ 37.58777, -1.07417 ], [ 37.58766, -1.07395 ], [ 37.5876, -1.07364 ], [ 37.58744, -1.07339 ], [ 37.58723, -1.07314 ], [ 37.58723, -1.07287 ], [ 37.58716, -1.07265 ], [ 37.58703, -1.07264 ], [ 37.58686, -1.07264 ], [ 37.58675, -1.07252 ], [ 37.58675, -1.07234 ], [ 37.58666, -1.07224 ], [ 37.58639, -1.07202 ], [ 37.5864, -1.07172 ], [ 37.5864, -1.07138 ], [ 37.58643, -1.07088 ], [ 37.58649, -1.07038 ], [ 37.5864, -1.07007 ], [ 37.58627, -1.0698 ], [ 37.58643, -1.06965 ], [ 37.58663, -1.06964 ], [ 37.58677, -1.06954 ], [ 37.58672, -1.06931 ], [ 37.58655, -1.06885 ], [ 37.58645, -1.06846 ], [ 37.58642, -1.06808 ], [ 37.58642, -1.06774 ], [ 37.58627, -1.06737 ], [ 37.58605, -1.06714 ], [ 37.58583, -1.067 ], [ 37.58559, -1.06688 ], [ 37.5852, -1.06676 ], [ 37.58487, -1.06669 ], [ 37.58452, -1.06651 ], [ 37.5842, -1.06624 ], [ 37.58398, -1.06596 ], [ 37.58373, -1.06566 ], [ 37.58356, -1.06531 ], [ 37.58343, -1.06517 ], [ 37.58322, -1.0651 ], [ 37.5831, -1.06496 ], [ 37.58305, -1.06476 ], [ 37.58305, -1.0645 ], [ 37.58305, -1.06423 ], [ 37.58292, -1.06402 ], [ 37.58279, -1.06394 ], [ 37.58272, -1.06382 ], [ 37.58272, -1.06363 ], [ 37.58273, -1.06334 ], [ 37.58263, -1.0631 ], [ 37.58235, -1.06283 ], [ 37.58198, -1.06257 ], [ 37.58171, -1.06253 ], [ 37.58152, -1.06263 ], [ 37.58132, -1.06266 ], [ 37.58105, -1.06259 ], [ 37.58098, -1.06233 ], [ 37.58103, -1.06212 ], [ 37.58113, -1.06173 ], [ 37.58113, -1.06135 ], [ 37.58116, -1.06112 ], [ 37.58132, -1.06096 ], [ 37.58152, -1.06079 ], [ 37.58165, -1.06053 ], [ 37.58168, -1.06029 ], [ 37.58168, -1.06 ], [ 37.58168, -1.05969 ], [ 37.58173, -1.05939 ], [ 37.58173, -1.05923 ], [ 37.58158, -1.05909 ], [ 37.58142, -1.05913 ], [ 37.58122, -1.05912 ], [ 37.58119, -1.05903 ], [ 37.58128, -1.05892 ], [ 37.58155, -1.05863 ], [ 37.58159, -1.05835 ], [ 37.58149, -1.05811 ], [ 37.58131, -1.05772 ], [ 37.58129, -1.05746 ], [ 37.58133, -1.05722 ], [ 37.58153, -1.05695 ], [ 37.58183, -1.05674 ], [ 37.58205, -1.05656 ], [ 37.58218, -1.05639 ], [ 37.58226, -1.05604 ], [ 37.58222, -1.05571 ], [ 37.58209, -1.05539 ], [ 37.58201, -1.05514 ], [ 37.58203, -1.05478 ], [ 37.58192, -1.05458 ], [ 37.58178, -1.05431 ], [ 37.58178, -1.05405 ], [ 37.58179, -1.05362 ], [ 37.58179, -1.05314 ], [ 37.58162, -1.05278 ], [ 37.58135, -1.05264 ], [ 37.58112, -1.05252 ], [ 37.58112, -1.05228 ], [ 37.58135, -1.05195 ], [ 37.58132, -1.05172 ], [ 37.58125, -1.05142 ], [ 37.58138, -1.05121 ], [ 37.58155, -1.05088 ], [ 37.58155, -1.05061 ], [ 37.58125, -1.05027 ], [ 37.58118, -1.05024 ], [ 37.58099, -1.05015 ], [ 37.58096, -1.04985 ], [ 37.58096, -1.04955 ], [ 37.58085, -1.04931 ], [ 37.58071, -1.04909 ], [ 37.58062, -1.04922 ], [ 37.58045, -1.04944 ], [ 37.58027, -1.04953 ], [ 37.58001, -1.04951 ], [ 37.57985, -1.04935 ], [ 37.57963, -1.04922 ], [ 37.57942, -1.04919 ], [ 37.57919, -1.0492 ], [ 37.57896, -1.04923 ], [ 37.5787, -1.04932 ], [ 37.57838, -1.04948 ], [ 37.57816, -1.04964 ], [ 37.57787, -1.04985 ], [ 37.57777, -1.05005 ], [ 37.5777, -1.05032 ], [ 37.57766, -1.05054 ], [ 37.57761, -1.05073 ], [ 37.57753, -1.05085 ], [ 37.57744, -1.05094 ], [ 37.57729, -1.05106 ], [ 37.5772, -1.0512 ], [ 37.57715, -1.05131 ], [ 37.57711, -1.05141 ], [ 37.57702, -1.05155 ], [ 37.57691, -1.05172 ], [ 37.57688, -1.05183 ], [ 37.57688, -1.052 ], [ 37.57694, -1.05208 ], [ 37.57702, -1.05212 ], [ 37.57716, -1.0522 ], [ 37.5773, -1.05237 ], [ 37.57734, -1.05254 ], [ 37.57736, -1.05259 ], [ 37.57736, -1.05275 ], [ 37.57731, -1.05298 ], [ 37.57721, -1.0533 ], [ 37.5772, -1.05362 ], [ 37.57721, -1.05389 ], [ 37.57722, -1.05414 ], [ 37.57729, -1.05431 ], [ 37.5773, -1.05441 ], [ 37.57728, -1.05456 ], [ 37.57715, -1.05461 ], [ 37.57701, -1.05462 ], [ 37.5769, -1.05463 ], [ 37.57682, -1.05472 ], [ 37.57685, -1.05482 ], [ 37.57698, -1.05488 ], [ 37.57708, -1.05496 ], [ 37.57713, -1.05511 ], [ 37.57713, -1.05536 ], [ 37.57713, -1.05551 ], [ 37.57709, -1.05569 ], [ 37.57704, -1.05577 ], [ 37.57699, -1.05591 ], [ 37.57689, -1.056 ], [ 37.57675, -1.05608 ], [ 37.57654, -1.05611 ], [ 37.57634, -1.05614 ], [ 37.57625, -1.05621 ], [ 37.57614, -1.05636 ], [ 37.57609, -1.05652 ], [ 37.57611, -1.05669 ], [ 37.57618, -1.05684 ], [ 37.57638, -1.05705 ], [ 37.57662, -1.05743 ], [ 37.57675, -1.05768 ], [ 37.5768, -1.05793 ], [ 37.5768, -1.05822 ], [ 37.57675, -1.05837 ], [ 37.57665, -1.0585 ], [ 37.57649, -1.05852 ], [ 37.57642, -1.0585 ], [ 37.57634, -1.05844 ], [ 37.57622, -1.05836 ], [ 37.57609, -1.05837 ], [ 37.57605, -1.05845 ], [ 37.57597, -1.05866 ], [ 37.57587, -1.0589 ], [ 37.57571, -1.05909 ], [ 37.57557, -1.05927 ], [ 37.57545, -1.05938 ], [ 37.57532, -1.05956 ], [ 37.57523, -1.05966 ], [ 37.57521, -1.05979 ], [ 37.57527, -1.05986 ], [ 37.57539, -1.05987 ], [ 37.57551, -1.0599 ], [ 37.57562, -1.05997 ], [ 37.57562, -1.06007 ], [ 37.57559, -1.06014 ], [ 37.57541, -1.06027 ], [ 37.57522, -1.06034 ], [ 37.57507, -1.06052 ], [ 37.57493, -1.06057 ], [ 37.57481, -1.06065 ], [ 37.57458, -1.0607 ], [ 37.57439, -1.06078 ], [ 37.57423, -1.06093 ], [ 37.57412, -1.06107 ], [ 37.57397, -1.06126 ], [ 37.57386, -1.06147 ], [ 37.57377, -1.06166 ], [ 37.57364, -1.06196 ], [ 37.57352, -1.06213 ], [ 37.57341, -1.06225 ], [ 37.57322, -1.06242 ], [ 37.57307, -1.0625 ], [ 37.57287, -1.06265 ], [ 37.57276, -1.06274 ], [ 37.57274, -1.06285 ], [ 37.57267, -1.06304 ], [ 37.57259, -1.06316 ], [ 37.5725, -1.06331 ], [ 37.57243, -1.06351 ], [ 37.57232, -1.06366 ], [ 37.57217, -1.0638 ], [ 37.57201, -1.06382 ], [ 37.57194, -1.06375 ], [ 37.57186, -1.06368 ], [ 37.57181, -1.06362 ], [ 37.5717, -1.06355 ], [ 37.57165, -1.06356 ], [ 37.5715, -1.06362 ], [ 37.57138, -1.06375 ], [ 37.57132, -1.06386 ], [ 37.57121, -1.06401 ], [ 37.57106, -1.06413 ], [ 37.57093, -1.06414 ], [ 37.57075, -1.06424 ], [ 37.57049, -1.06444 ], [ 37.57021, -1.06464 ], [ 37.57005, -1.06483 ], [ 37.56994, -1.06503 ], [ 37.56984, -1.06524 ], [ 37.56975, -1.06546 ], [ 37.56965, -1.06568 ], [ 37.5696, -1.06587 ], [ 37.5696, -1.06605 ], [ 37.5696, -1.06625 ], [ 37.56963, -1.06655 ], [ 37.56964, -1.06676 ], [ 37.56972, -1.06691 ], [ 37.56979, -1.06707 ], [ 37.56984, -1.06727 ], [ 37.56986, -1.06747 ], [ 37.56986, -1.06763 ], [ 37.56985, -1.06779 ], [ 37.5698, -1.06796 ], [ 37.56974, -1.06809 ], [ 37.56973, -1.06821 ], [ 37.56976, -1.06832 ], [ 37.56979, -1.06838 ], [ 37.56992, -1.06846 ], [ 37.57008, -1.06853 ], [ 37.57015, -1.06859 ], [ 37.57015, -1.06869 ], [ 37.5701, -1.0687 ], [ 37.56991, -1.06874 ], [ 37.56941, -1.06879 ], [ 37.56918, -1.06885 ], [ 37.56907, -1.06893 ], [ 37.56894, -1.06907 ], [ 37.56887, -1.06919 ], [ 37.56885, -1.06941 ], [ 37.56883, -1.06966 ], [ 37.56882, -1.06986 ], [ 37.56871, -1.07009 ], [ 37.5686, -1.07023 ], [ 37.5685, -1.07044 ], [ 37.56849, -1.07065 ], [ 37.5685, -1.07077 ], [ 37.56844, -1.07085 ], [ 37.56835, -1.07087 ], [ 37.56827, -1.07086 ], [ 37.56818, -1.07082 ], [ 37.5681, -1.07078 ], [ 37.56798, -1.07078 ], [ 37.56784, -1.07087 ], [ 37.56777, -1.071 ], [ 37.56773, -1.07112 ], [ 37.56763, -1.07122 ], [ 37.5675, -1.0713 ], [ 37.56736, -1.07137 ], [ 37.56713, -1.07141 ], [ 37.56677, -1.07143 ], [ 37.56664, -1.0715 ], [ 37.5665, -1.07163 ], [ 37.56648, -1.07177 ], [ 37.56648, -1.07187 ], [ 37.56653, -1.07205 ], [ 37.56667, -1.07223 ], [ 37.56679, -1.07242 ], [ 37.5668, -1.07251 ], [ 37.56681, -1.07269 ], [ 37.56675, -1.07282 ], [ 37.56665, -1.0729 ], [ 37.56655, -1.07302 ], [ 37.56647, -1.07314 ], [ 37.56642, -1.07329 ], [ 37.56638, -1.07341 ], [ 37.56629, -1.07349 ], [ 37.56611, -1.07355 ], [ 37.56596, -1.07359 ], [ 37.56579, -1.07369 ], [ 37.56575, -1.07386 ], [ 37.56575, -1.07402 ], [ 37.56575, -1.07423 ], [ 37.56576, -1.07438 ], [ 37.56576, -1.07454 ], [ 37.56569, -1.07471 ], [ 37.56558, -1.07483 ], [ 37.56543, -1.07492 ], [ 37.56531, -1.07502 ], [ 37.56517, -1.07515 ], [ 37.56502, -1.07531 ], [ 37.56491, -1.07551 ], [ 37.56491, -1.07568 ], [ 37.56497, -1.07604 ], [ 37.565, -1.0763 ], [ 37.56503, -1.07644 ], [ 37.56503, -1.07663 ], [ 37.56499, -1.07678 ], [ 37.56491, -1.07687 ], [ 37.56477, -1.07699 ], [ 37.56458, -1.07708 ], [ 37.56452, -1.07724 ], [ 37.56452, -1.07744 ], [ 37.56451, -1.07766 ], [ 37.56446, -1.07785 ], [ 37.56436, -1.07799 ], [ 37.56428, -1.07811 ], [ 37.56423, -1.0782 ], [ 37.56415, -1.07837 ], [ 37.56415, -1.07847 ], [ 37.56419, -1.07855 ], [ 37.56423, -1.07861 ], [ 37.56439, -1.07871 ], [ 37.56447, -1.07884 ], [ 37.56449, -1.07895 ], [ 37.56445, -1.07903 ], [ 37.56434, -1.07908 ], [ 37.56425, -1.07908 ], [ 37.56412, -1.07908 ], [ 37.56399, -1.07904 ], [ 37.5638, -1.07902 ], [ 37.56363, -1.07904 ], [ 37.56349, -1.07914 ], [ 37.56335, -1.07929 ], [ 37.56321, -1.07942 ], [ 37.5631, -1.07959 ], [ 37.56307, -1.07976 ], [ 37.56308, -1.07997 ], [ 37.56307, -1.0802 ], [ 37.56307, -1.08035 ], [ 37.56303, -1.08047 ], [ 37.563, -1.0806 ], [ 37.56299, -1.08075 ], [ 37.563, -1.0809 ], [ 37.56305, -1.08105 ], [ 37.56303, -1.08123 ], [ 37.56296, -1.08136 ], [ 37.5628, -1.08147 ], [ 37.56261, -1.08153 ], [ 37.56243, -1.08157 ], [ 37.56228, -1.08165 ], [ 37.56219, -1.08174 ], [ 37.56219, -1.08188 ], [ 37.56221, -1.08198 ], [ 37.56232, -1.08216 ], [ 37.56242, -1.08231 ], [ 37.56242, -1.08241 ], [ 37.56238, -1.08251 ], [ 37.56226, -1.08255 ], [ 37.5621, -1.08256 ], [ 37.56189, -1.08264 ], [ 37.56185, -1.08276 ], [ 37.56192, -1.08291 ], [ 37.56197, -1.08305 ], [ 37.56198, -1.08321 ], [ 37.56198, -1.08342 ], [ 37.56205, -1.08361 ], [ 37.56206, -1.08381 ], [ 37.56206, -1.08394 ], [ 37.56206, -1.08411 ], [ 37.56206, -1.08423 ], [ 37.56206, -1.08428 ], [ 37.56198, -1.08438 ], [ 37.56184, -1.08455 ], [ 37.56168, -1.08466 ], [ 37.5615, -1.08469 ], [ 37.56139, -1.08469 ], [ 37.56106, -1.08464 ], [ 37.56091, -1.08464 ], [ 37.56063, -1.08464 ], [ 37.5604, -1.08468 ], [ 37.56024, -1.08474 ], [ 37.56007, -1.08488 ], [ 37.55995, -1.08501 ], [ 37.55977, -1.08534 ], [ 37.55976, -1.08547 ], [ 37.55976, -1.08564 ], [ 37.55976, -1.08581 ], [ 37.55975, -1.086 ], [ 37.55973, -1.08607 ], [ 37.55967, -1.08617 ], [ 37.55956, -1.08626 ], [ 37.5594, -1.0863 ], [ 37.55917, -1.0863 ], [ 37.55901, -1.0863 ], [ 37.55888, -1.08632 ], [ 37.55872, -1.08643 ], [ 37.55865, -1.08661 ], [ 37.55859, -1.08675 ], [ 37.55855, -1.0869 ], [ 37.55851, -1.08707 ], [ 37.55844, -1.08722 ], [ 37.55841, -1.08734 ], [ 37.55835, -1.08745 ], [ 37.55822, -1.08756 ], [ 37.55811, -1.08762 ], [ 37.55792, -1.08765 ], [ 37.55773, -1.08765 ], [ 37.55764, -1.08762 ], [ 37.55745, -1.08754 ], [ 37.55733, -1.08749 ], [ 37.55716, -1.08748 ], [ 37.55698, -1.08748 ], [ 37.55682, -1.08751 ], [ 37.5567, -1.08764 ], [ 37.55661, -1.08776 ], [ 37.55656, -1.08789 ], [ 37.55643, -1.08806 ], [ 37.55631, -1.08822 ], [ 37.55621, -1.08833 ], [ 37.55618, -1.08848 ], [ 37.55602, -1.0886 ], [ 37.55587, -1.08872 ], [ 37.55578, -1.08886 ], [ 37.55573, -1.08901 ], [ 37.5557, -1.08916 ], [ 37.55561, -1.08931 ], [ 37.5555, -1.08945 ], [ 37.55531, -1.08957 ], [ 37.5551, -1.08966 ], [ 37.55483, -1.08969 ], [ 37.55461, -1.08969 ], [ 37.55428, -1.08968 ], [ 37.55409, -1.08965 ], [ 37.55393, -1.08958 ], [ 37.55385, -1.08953 ], [ 37.55375, -1.08945 ], [ 37.55363, -1.08937 ], [ 37.5535, -1.08941 ], [ 37.55342, -1.08956 ], [ 37.55338, -1.08973 ], [ 37.55337, -1.08988 ], [ 37.55337, -1.09005 ], [ 37.55337, -1.0902 ], [ 37.55327, -1.09029 ], [ 37.55316, -1.09032 ], [ 37.55303, -1.09038 ], [ 37.5529, -1.09047 ], [ 37.5529, -1.09062 ], [ 37.55296, -1.09077 ], [ 37.55304, -1.09091 ], [ 37.55304, -1.09106 ], [ 37.55296, -1.09124 ], [ 37.55284, -1.09141 ], [ 37.55269, -1.09155 ], [ 37.5525, -1.09164 ], [ 37.55234, -1.09168 ], [ 37.55216, -1.09172 ], [ 37.55199, -1.09183 ], [ 37.55181, -1.09196 ], [ 37.55166, -1.09213 ], [ 37.55153, -1.09229 ], [ 37.55137, -1.09253 ], [ 37.55118, -1.09276 ], [ 37.55102, -1.09295 ], [ 37.55082, -1.09318 ], [ 37.55066, -1.09335 ], [ 37.55056, -1.09349 ], [ 37.5504, -1.09365 ], [ 37.55021, -1.09378 ], [ 37.55005, -1.09387 ], [ 37.55002, -1.09405 ], [ 37.55003, -1.09423 ], [ 37.55007, -1.09442 ], [ 37.55014, -1.09461 ], [ 37.55014, -1.09481 ], [ 37.55008, -1.09497 ], [ 37.54992, -1.09516 ], [ 37.54975, -1.09546 ], [ 37.54966, -1.09567 ], [ 37.54947, -1.09589 ], [ 37.54917, -1.09612 ], [ 37.54893, -1.09639 ], [ 37.54867, -1.09667 ], [ 37.54844, -1.09696 ], [ 37.54811, -1.09731 ], [ 37.5478, -1.0976 ], [ 37.54731, -1.0977 ], [ 37.54697, -1.09773 ], [ 37.54653, -1.09779 ], [ 37.54619, -1.0979 ], [ 37.54574, -1.09793 ], [ 37.54546, -1.09791 ], [ 37.54512, -1.09781 ], [ 37.54456, -1.09787 ], [ 37.54409, -1.09813 ], [ 37.5439, -1.09866 ], [ 37.54343, -1.09927 ], [ 37.54317, -1.09973 ], [ 37.54287, -1.10007 ], [ 37.54239, -1.10037 ], [ 37.54189, -1.1007 ], [ 37.5411, -1.10095 ], [ 37.53996, -1.10143 ], [ 37.5393, -1.10153 ], [ 37.53861, -1.10171 ], [ 37.53755, -1.10191 ], [ 37.53674, -1.10197 ], [ 37.53614, -1.10201 ], [ 37.53506, -1.10193 ], [ 37.53394, -1.10158 ], [ 37.53352, -1.10135 ], [ 37.53288, -1.10109 ], [ 37.53211, -1.10023 ], [ 37.53173, -1.0994 ], [ 37.53171, -1.09937 ], [ 37.5315, -1.09889 ], [ 37.53118, -1.09816 ], [ 37.53057, -1.09739 ], [ 37.53013, -1.09695 ], [ 37.52952, -1.09668 ], [ 37.5292, -1.0966 ], [ 37.52887, -1.09662 ], [ 37.52851, -1.09684 ], [ 37.52809, -1.09709 ], [ 37.52775, -1.09725 ], [ 37.52751, -1.09745 ], [ 37.52715, -1.0976 ], [ 37.52695, -1.09762 ], [ 37.52666, -1.0976 ], [ 37.52632, -1.09775 ], [ 37.52604, -1.09799 ], [ 37.52581, -1.09826 ], [ 37.52558, -1.09857 ], [ 37.52542, -1.09882 ], [ 37.52521, -1.09914 ], [ 37.52505, -1.0993 ], [ 37.52488, -1.09946 ], [ 37.52465, -1.09963 ], [ 37.52442, -1.09972 ], [ 37.52425, -1.09984 ], [ 37.52402, -1.09992 ], [ 37.52388, -1.09992 ], [ 37.52365, -1.09992 ], [ 37.52338, -1.09993 ], [ 37.52302, -1.09987 ], [ 37.52278, -1.09977 ], [ 37.5224, -1.09976 ], [ 37.5224, -1.09989 ], [ 37.52225, -1.10002 ], [ 37.52197, -1.10012 ], [ 37.52168, -1.10012 ], [ 37.52147, -1.10007 ], [ 37.52114, -1.09997 ], [ 37.52088, -1.09997 ], [ 37.52057, -1.09999 ], [ 37.52035, -1.09993 ], [ 37.52025, -1.09983 ], [ 37.52007, -1.0997 ], [ 37.51984, -1.09976 ], [ 37.51971, -1.09987 ], [ 37.51957, -1.10012 ], [ 37.51925, -1.10039 ], [ 37.51885, -1.10044 ], [ 37.51848, -1.10044 ], [ 37.51808, -1.10034 ], [ 37.51787, -1.10026 ], [ 37.51748, -1.10026 ], [ 37.51724, -1.1003 ], [ 37.51663, -1.10044 ], [ 37.51603, -1.1006 ], [ 37.51556, -1.1007 ], [ 37.51536, -1.10083 ], [ 37.51509, -1.10103 ], [ 37.51476, -1.10139 ], [ 37.51424, -1.10199 ], [ 37.51384, -1.10238 ], [ 37.51341, -1.10259 ], [ 37.51329, -1.10259 ], [ 37.51318, -1.10259 ], [ 37.51303, -1.1026 ], [ 37.51279, -1.10264 ], [ 37.51247, -1.10276 ], [ 37.51556, -1.09018 ], [ 37.51716, -1.08402 ], [ 37.51839, -1.07928 ], [ 37.51854, -1.07867 ], [ 37.51899, -1.07695 ], [ 37.52087, -1.0697 ], [ 37.5206, -1.06933 ], [ 37.51871, -1.06666 ], [ 37.51918, -1.06319 ], [ 37.51945, -1.062 ], [ 37.51769, -1.05543 ], [ 37.51717, -1.05349 ], [ 37.51732, -1.05311 ], [ 37.51752, -1.0526 ], [ 37.51718, -1.05198 ], [ 37.51699, -1.05164 ], [ 37.51689, -1.05145 ], [ 37.5166, -1.05084 ], [ 37.51608, -1.04991 ], [ 37.51553, -1.04873 ], [ 37.51505, -1.04793 ], [ 37.51488, -1.04758 ], [ 37.51462, -1.04706 ], [ 37.51457, -1.04698 ], [ 37.5144, -1.04665 ], [ 37.51403, -1.04592 ], [ 37.51352, -1.04496 ], [ 37.51334, -1.04459 ], [ 37.52239, -1.03016 ], [ 37.52539, -1.02536 ], [ 37.52671, -1.02325 ], [ 37.53524, -1.00961 ], [ 37.53763, -1.00581 ], [ 37.54106, -1.00036 ], [ 37.54203, -0.99882 ], [ 37.5437, -0.99618 ], [ 37.54274, -0.99606 ], [ 37.53992, -0.99572 ], [ 37.53965, -0.9956 ], [ 37.53954, -0.99557 ], [ 37.53928, -0.99549 ], [ 37.53904, -0.99541 ], [ 37.53877, -0.9954 ], [ 37.53858, -0.99538 ], [ 37.53838, -0.99528 ], [ 37.53804, -0.9952 ], [ 37.53788, -0.99519 ], [ 37.53764, -0.99518 ], [ 37.53717, -0.99519 ], [ 37.53688, -0.99513 ], [ 37.53662, -0.99501 ], [ 37.53647, -0.99495 ], [ 37.53571, -0.99512 ], [ 37.53443, -0.99509 ], [ 37.53334, -0.99513 ], [ 37.53326, -0.99518 ], [ 37.53278, -0.9954 ], [ 37.53229, -0.99547 ], [ 37.53195, -0.99549 ], [ 37.53158, -0.99549 ], [ 37.5312, -0.99549 ], [ 37.53072, -0.99538 ], [ 37.53027, -0.99523 ], [ 37.52978, -0.99505 ], [ 37.52928, -0.9949 ], [ 37.52879, -0.99469 ], [ 37.52836, -0.99454 ], [ 37.52783, -0.99445 ], [ 37.52728, -0.99443 ], [ 37.52668, -0.99447 ], [ 37.52612, -0.99458 ], [ 37.52556, -0.99462 ], [ 37.52514, -0.99464 ], [ 37.52473, -0.99465 ], [ 37.52431, -0.99465 ], [ 37.52376, -0.99462 ], [ 37.52326, -0.99459 ], [ 37.52276, -0.99454 ], [ 37.52221, -0.99444 ], [ 37.52179, -0.99438 ], [ 37.52096, -0.99422 ], [ 37.52019, -0.99403 ], [ 37.51934, -0.99383 ], [ 37.51877, -0.99375 ], [ 37.51796, -0.99363 ], [ 37.51727, -0.9935 ], [ 37.5166, -0.99343 ], [ 37.51585, -0.99346 ], [ 37.51581, -0.99346 ], [ 37.51531, -0.99347 ], [ 37.51495, -0.99347 ], [ 37.51435, -0.99343 ], [ 37.51391, -0.99337 ], [ 37.51323, -0.99325 ], [ 37.51254, -0.99311 ], [ 37.51202, -0.99305 ], [ 37.51132, -0.99298 ], [ 37.51065, -0.9929 ], [ 37.51012, -0.99286 ], [ 37.50942, -0.99275 ], [ 37.50867, -0.99263 ], [ 37.50844, -0.9926 ], [ 37.50749, -0.99252 ], [ 37.50672, -0.99251 ], [ 37.50615, -0.9925 ], [ 37.50552, -0.99245 ], [ 37.5051, -0.99237 ], [ 37.50468, -0.99229 ], [ 37.5039, -0.9921 ], [ 37.5039, -0.9921 ], [ 37.50278, -0.99174 ], [ 37.50194, -0.99135 ], [ 37.50123, -0.99112 ], [ 37.50096, -0.99107 ], [ 37.5007, -0.99106 ], [ 37.50042, -0.99106 ], [ 37.49992, -0.99113 ], [ 37.49912, -0.99112 ], [ 37.49897, -0.99112 ], [ 37.49815, -0.99109 ], [ 37.49741, -0.99107 ], [ 37.49655, -0.99099 ], [ 37.4956, -0.99087 ], [ 37.49488, -0.99078 ], [ 37.49411, -0.99071 ], [ 37.49359, -0.99067 ], [ 37.49315, -0.99062 ], [ 37.49259, -0.99053 ], [ 37.49207, -0.99045 ], [ 37.49115, -0.99038 ], [ 37.49008, -0.99029 ], [ 37.48939, -0.99022 ], [ 37.48855, -0.99013 ], [ 37.48831, -0.99009 ], [ 37.48791, -0.99009 ], [ 37.48751, -0.9901 ], [ 37.47695, -0.98896 ], [ 37.47359, -0.98859 ], [ 37.4728, -0.99203 ], [ 37.47255, -0.99315 ], [ 37.47107, -0.99962 ], [ 37.47059, -0.99973 ], [ 37.46524, -1.00098 ], [ 37.46257, -1.00166 ], [ 37.45868, -1.00263 ], [ 37.45656, -1.00317 ], [ 37.45546, -1.00344 ], [ 37.45303, -1.00405 ], [ 37.45322, -1.00423 ], [ 37.45336, -1.00447 ], [ 37.45338, -1.00468 ], [ 37.45334, -1.00498 ], [ 37.45323, -1.00515 ], [ 37.45316, -1.00528 ], [ 37.45303, -1.00543 ], [ 37.45286, -1.00548 ], [ 37.45277, -1.00561 ], [ 37.45278, -1.00581 ], [ 37.45283, -1.00598 ], [ 37.45296, -1.00619 ], [ 37.453, -1.00634 ], [ 37.453, -1.00655 ], [ 37.45291, -1.0068 ], [ 37.45259, -1.00702 ], [ 37.45216, -1.00732 ], [ 37.45166, -1.00758 ], [ 37.45107, -1.00786 ], [ 37.45049, -1.00803 ], [ 37.44961, -1.00829 ], [ 37.44914, -1.00845 ], [ 37.44864, -1.00867 ], [ 37.44834, -1.00886 ], [ 37.44801, -1.00907 ], [ 37.44777, -1.00937 ], [ 37.44761, -1.00974 ], [ 37.44758, -1.00998 ], [ 37.44759, -1.0103 ], [ 37.44762, -1.01053 ], [ 37.44776, -1.01075 ], [ 37.44787, -1.01098 ], [ 37.44805, -1.01121 ], [ 37.44824, -1.01156 ], [ 37.44857, -1.01198 ], [ 37.44881, -1.01219 ], [ 37.44908, -1.01232 ], [ 37.44933, -1.01246 ], [ 37.44976, -1.01252 ], [ 37.45018, -1.01252 ], [ 37.45051, -1.01247 ], [ 37.45098, -1.01228 ], [ 37.45164, -1.01193 ], [ 37.45246, -1.0116 ], [ 37.45334, -1.01128 ], [ 37.45374, -1.01115 ], [ 37.45409, -1.01099 ], [ 37.45443, -1.01096 ], [ 37.4548, -1.01096 ], [ 37.45531, -1.01099 ], [ 37.45554, -1.01122 ], [ 37.4557, -1.01142 ], [ 37.45569, -1.01169 ], [ 37.45549, -1.01193 ], [ 37.45523, -1.01213 ], [ 37.45466, -1.01247 ], [ 37.45409, -1.01281 ], [ 37.45373, -1.01295 ], [ 37.45312, -1.0133 ], [ 37.45239, -1.0138 ], [ 37.45168, -1.01443 ], [ 37.45097, -1.01494 ], [ 37.45045, -1.01539 ], [ 37.45008, -1.01589 ], [ 37.44987, -1.01632 ], [ 37.44979, -1.01667 ], [ 37.44977, -1.01694 ], [ 37.44978, -1.01722 ], [ 37.44986, -1.0174 ], [ 37.45, -1.01758 ], [ 37.45019, -1.0177 ], [ 37.4505, -1.01772 ], [ 37.45087, -1.01772 ], [ 37.45102, -1.01772 ], [ 37.44465, -1.02099 ], [ 37.44444, -1.02109 ], [ 37.44374, -1.02145 ], [ 37.44328, -1.02169 ], [ 37.44092, -1.0229 ], [ 37.44045, -1.02314 ], [ 37.43599, -1.02532 ], [ 37.43561, -1.02551 ], [ 37.42833, -1.02912 ], [ 37.42778, -1.0294 ], [ 37.42005, -1.03338 ], [ 37.41426, -1.02502 ], [ 37.41417, -1.02488 ], [ 37.41407, -1.02473 ], [ 37.4102, -1.01899 ], [ 37.40953, -1.018 ], [ 37.40911, -1.01738 ], [ 37.40742, -1.01487 ], [ 37.407, -1.01448 ], [ 37.40641, -1.01414 ], [ 37.40254, -1.01192 ], [ 37.40252, -1.0119 ], [ 37.4012, -1.01118 ], [ 37.3999, -1.01047 ], [ 37.3981, -1.00948 ], [ 37.39758, -1.00919 ], [ 37.39701, -1.00888 ], [ 37.3968, -1.00876 ], [ 37.39415, -1.00728 ], [ 37.39318, -1.00673 ], [ 37.38874, -1.00421 ], [ 37.38525, -1.00223 ], [ 37.38432, -1.0017 ], [ 37.37804, -0.99816 ], [ 37.37579, -0.99694 ], [ 37.37014, -0.99388 ], [ 37.36326, -0.99011 ], [ 37.36324, -0.9901 ], [ 37.36326, -0.99007 ], [ 37.36317, -0.99006 ], [ 37.36315, -0.99006 ], [ 37.35591, -0.98931 ], [ 37.35228, -0.98893 ], [ 37.35041, -0.98585 ], [ 37.34967, -0.98385 ], [ 37.34856, -0.98241 ], [ 37.34812, -0.98185 ], [ 37.34674, -0.97998 ], [ 37.34679, -0.97991 ], [ 37.34688, -0.97973 ], [ 37.34692, -0.97965 ], [ 37.34693, -0.97951 ], [ 37.34721, -0.97951 ], [ 37.34742, -0.97913 ], [ 37.34741, -0.97912 ], [ 37.34729, -0.97899 ], [ 37.34719, -0.97878 ], [ 37.34791, -0.97835 ], [ 37.34819, -0.97818 ], [ 37.34826, -0.97814 ], [ 37.34912, -0.97762 ], [ 37.35354, -0.97498 ], [ 37.35477, -0.97424 ], [ 37.35679, -0.97303 ], [ 37.35081, -0.96522 ], [ 37.34677, -0.95993 ], [ 37.34408, -0.9632 ], [ 37.34352, -0.96365 ], [ 37.34228, -0.96433 ], [ 37.34223, -0.96434 ], [ 37.34228, -0.96424 ], [ 37.34229, -0.964 ], [ 37.34229, -0.96384 ], [ 37.34228, -0.96381 ], [ 37.34228, -0.96368 ], [ 37.34224, -0.96337 ], [ 37.34222, -0.96329 ], [ 37.34203, -0.96294 ], [ 37.34189, -0.96274 ], [ 37.3418, -0.96255 ], [ 37.34173, -0.96252 ], [ 37.3415, -0.96233 ], [ 37.34125, -0.9622 ], [ 37.3411, -0.96213 ], [ 37.34091, -0.96212 ], [ 37.3408, -0.96212 ], [ 37.34055, -0.96216 ], [ 37.34046, -0.96218 ], [ 37.34028, -0.96231 ], [ 37.34012, -0.96249 ], [ 37.34, -0.96258 ], [ 37.33974, -0.96261 ], [ 37.33952, -0.96263 ], [ 37.33939, -0.96263 ], [ 37.33924, -0.96263 ], [ 37.33911, -0.96258 ], [ 37.33895, -0.96253 ], [ 37.33879, -0.96221 ], [ 37.33877, -0.96216 ], [ 37.33868, -0.96206 ], [ 37.33851, -0.96197 ], [ 37.33849, -0.96197 ], [ 37.33833, -0.96191 ], [ 37.33829, -0.96187 ], [ 37.3382, -0.96178 ], [ 37.33816, -0.96162 ], [ 37.33814, -0.96156 ], [ 37.33812, -0.96147 ], [ 37.33804, -0.96134 ], [ 37.33802, -0.96131 ], [ 37.3379, -0.9612 ], [ 37.3377, -0.96121 ], [ 37.33749, -0.96118 ], [ 37.33746, -0.96118 ], [ 37.33716, -0.96116 ], [ 37.33704, -0.96117 ], [ 37.33697, -0.96117 ], [ 37.33685, -0.96123 ], [ 37.33678, -0.96132 ], [ 37.33663, -0.96148 ], [ 37.33653, -0.96164 ], [ 37.33653, -0.96164 ], [ 37.33646, -0.96179 ], [ 37.33637, -0.96192 ], [ 37.33636, -0.96193 ], [ 37.33629, -0.96205 ], [ 37.33628, -0.96207 ], [ 37.33627, -0.96207 ], [ 37.33618, -0.96216 ], [ 37.33611, -0.96221 ], [ 37.33597, -0.96215 ], [ 37.33593, -0.9619 ], [ 37.33589, -0.96174 ], [ 37.33584, -0.96152 ], [ 37.33584, -0.96122 ], [ 37.33584, -0.96104 ], [ 37.33585, -0.96084 ], [ 37.33585, -0.96083 ], [ 37.33576, -0.96052 ], [ 37.33566, -0.96029 ], [ 37.33553, -0.95999 ], [ 37.33539, -0.95951 ], [ 37.33502, -0.95864 ], [ 37.3349, -0.95846 ], [ 37.33456, -0.95793 ], [ 37.33448, -0.95782 ], [ 37.33434, -0.95763 ], [ 37.33413, -0.95744 ], [ 37.33359, -0.9571 ], [ 37.33329, -0.95692 ], [ 37.33293, -0.95682 ], [ 37.33256, -0.95664 ], [ 37.33237, -0.95655 ], [ 37.33207, -0.95638 ], [ 37.3315, -0.95579 ], [ 37.33137, -0.95564 ], [ 37.33107, -0.95517 ], [ 37.33105, -0.95515 ], [ 37.33073, -0.95481 ], [ 37.33043, -0.95456 ], [ 37.33018, -0.95448 ], [ 37.32992, -0.95445 ], [ 37.32967, -0.95446 ], [ 37.32964, -0.95446 ], [ 37.32938, -0.95444 ], [ 37.32915, -0.9544 ], [ 37.32893, -0.95428 ], [ 37.32877, -0.95405 ], [ 37.32871, -0.95384 ], [ 37.32859, -0.95341 ], [ 37.32858, -0.95336 ], [ 37.32854, -0.95315 ], [ 37.32849, -0.95293 ], [ 37.3285, -0.95285 ], [ 37.32852, -0.95267 ], [ 37.32855, -0.95243 ], [ 37.32861, -0.95226 ], [ 37.32878, -0.95224 ], [ 37.32892, -0.95222 ], [ 37.32906, -0.95222 ], [ 37.32925, -0.95224 ], [ 37.3295, -0.95231 ], [ 37.32958, -0.95238 ], [ 37.32971, -0.95245 ], [ 37.32989, -0.95244 ], [ 37.33, -0.95232 ], [ 37.33008, -0.95204 ], [ 37.33023, -0.95187 ], [ 37.33028, -0.95182 ], [ 37.33037, -0.95175 ], [ 37.33053, -0.95163 ], [ 37.33073, -0.95143 ], [ 37.33075, -0.95142 ], [ 37.33076, -0.95141 ], [ 37.33078, -0.95139 ], [ 37.33079, -0.95137 ], [ 37.33092, -0.95125 ], [ 37.33094, -0.95122 ], [ 37.33121, -0.95094 ], [ 37.33127, -0.95082 ], [ 37.33137, -0.95072 ], [ 37.33143, -0.95056 ], [ 37.33142, -0.95039 ], [ 37.33142, -0.95034 ], [ 37.33133, -0.95007 ], [ 37.33111, -0.94991 ], [ 37.33071, -0.94982 ], [ 37.33036, -0.94973 ], [ 37.33035, -0.94973 ], [ 37.33002, -0.94962 ], [ 37.32978, -0.94945 ], [ 37.32956, -0.94925 ], [ 37.32932, -0.94903 ], [ 37.32918, -0.94871 ], [ 37.32908, -0.94808 ], [ 37.32906, -0.94782 ], [ 37.32889, -0.94759 ], [ 37.32879, -0.94742 ], [ 37.32866, -0.94709 ], [ 37.32864, -0.94703 ], [ 37.32864, -0.94684 ], [ 37.32864, -0.94677 ], [ 37.32877, -0.94658 ], [ 37.32881, -0.94656 ], [ 37.32882, -0.94655 ], [ 37.32883, -0.94654 ], [ 37.32894, -0.9465 ], [ 37.32907, -0.94648 ], [ 37.32922, -0.94648 ], [ 37.32934, -0.94645 ], [ 37.32948, -0.94635 ], [ 37.32956, -0.9461 ], [ 37.32957, -0.94583 ], [ 37.32941, -0.94556 ], [ 37.32941, -0.94555 ], [ 37.3293, -0.94547 ], [ 37.32922, -0.94539 ], [ 37.3292, -0.94537 ], [ 37.32915, -0.94532 ], [ 37.32913, -0.94528 ], [ 37.32904, -0.94518 ], [ 37.32898, -0.94498 ], [ 37.32893, -0.94465 ], [ 37.32886, -0.94432 ], [ 37.32879, -0.94406 ], [ 37.32859, -0.94363 ], [ 37.32826, -0.94309 ], [ 37.32809, -0.94268 ], [ 37.32809, -0.94268 ], [ 37.32808, -0.94268 ], [ 37.32779, -0.94198 ], [ 37.32754, -0.94135 ], [ 37.32751, -0.94128 ], [ 37.32738, -0.94095 ], [ 37.32716, -0.94043 ], [ 37.3269, -0.9402 ], [ 37.32675, -0.94004 ], [ 37.32656, -0.93995 ], [ 37.32639, -0.93989 ], [ 37.32629, -0.93986 ], [ 37.32609, -0.93974 ], [ 37.32604, -0.93971 ], [ 37.32593, -0.93966 ], [ 37.32579, -0.93954 ], [ 37.3257, -0.93936 ], [ 37.32566, -0.93927 ], [ 37.32564, -0.93924 ], [ 37.32563, -0.93922 ], [ 37.32562, -0.93919 ], [ 37.32558, -0.93908 ], [ 37.32558, -0.93886 ], [ 37.3256, -0.93866 ], [ 37.32579, -0.9381 ], [ 37.32592, -0.93789 ], [ 37.32609, -0.93769 ], [ 37.32626, -0.93756 ], [ 37.32637, -0.93742 ], [ 37.32648, -0.93731 ], [ 37.32659, -0.93719 ], [ 37.32662, -0.9369 ], [ 37.32656, -0.93668 ], [ 37.32651, -0.9366 ], [ 37.32651, -0.9366 ], [ 37.32651, -0.9366 ], [ 37.32651, -0.9366 ], [ 37.32646, -0.93649 ], [ 37.32645, -0.93649 ], [ 37.32634, -0.93632 ], [ 37.32632, -0.93629 ], [ 37.32615, -0.93606 ], [ 37.32593, -0.9359 ], [ 37.32573, -0.93583 ], [ 37.32548, -0.93581 ], [ 37.32528, -0.93581 ], [ 37.32513, -0.93578 ], [ 37.32503, -0.93562 ], [ 37.32494, -0.93546 ], [ 37.32496, -0.93521 ], [ 37.32509, -0.9349 ], [ 37.32528, -0.9346 ], [ 37.32542, -0.93433 ], [ 37.32556, -0.93411 ], [ 37.32559, -0.9339 ], [ 37.32554, -0.93342 ], [ 37.32555, -0.93315 ], [ 37.3256, -0.93297 ], [ 37.32572, -0.93282 ], [ 37.32576, -0.93263 ], [ 37.32576, -0.93235 ], [ 37.32574, -0.9322 ], [ 37.32567, -0.93206 ], [ 37.32551, -0.93205 ], [ 37.32541, -0.93211 ], [ 37.32535, -0.9322 ], [ 37.32526, -0.93236 ], [ 37.32522, -0.93263 ], [ 37.32515, -0.93282 ], [ 37.32505, -0.9329 ], [ 37.32492, -0.93296 ], [ 37.32481, -0.93295 ], [ 37.32463, -0.93284 ], [ 37.3244, -0.93267 ], [ 37.32409, -0.93251 ], [ 37.32384, -0.9323 ], [ 37.32368, -0.93216 ], [ 37.32355, -0.93198 ], [ 37.32355, -0.93184 ], [ 37.32354, -0.93153 ], [ 37.3235, -0.93129 ], [ 37.32347, -0.93116 ], [ 37.32328, -0.93091 ], [ 37.32314, -0.93077 ], [ 37.32292, -0.93064 ], [ 37.32259, -0.93053 ], [ 37.32221, -0.93039 ], [ 37.32217, -0.93038 ], [ 37.3219, -0.93023 ], [ 37.32164, -0.93004 ], [ 37.32152, -0.9299 ], [ 37.32133, -0.92959 ], [ 37.32116, -0.92932 ], [ 37.32091, -0.92895 ], [ 37.32073, -0.92871 ], [ 37.32051, -0.92846 ], [ 37.32018, -0.92824 ], [ 37.31995, -0.9281 ], [ 37.31964, -0.92785 ], [ 37.31955, -0.92774 ], [ 37.31949, -0.92762 ], [ 37.3194, -0.92741 ], [ 37.31939, -0.92712 ], [ 37.31943, -0.92684 ], [ 37.31948, -0.92663 ], [ 37.31955, -0.92638 ], [ 37.31959, -0.92613 ], [ 37.31959, -0.92594 ], [ 37.31959, -0.92575 ], [ 37.31958, -0.92563 ], [ 37.31942, -0.92542 ], [ 37.31927, -0.92526 ], [ 37.31899, -0.9251 ], [ 37.31871, -0.92499 ], [ 37.31853, -0.92496 ], [ 37.3184, -0.92488 ], [ 37.31839, -0.92476 ], [ 37.31845, -0.92461 ], [ 37.31861, -0.92438 ], [ 37.3188, -0.92425 ], [ 37.31915, -0.92402 ], [ 37.31926, -0.92392 ], [ 37.31942, -0.92376 ], [ 37.31952, -0.92362 ], [ 37.31982, -0.92316 ], [ 37.32, -0.92279 ], [ 37.32019, -0.92238 ], [ 37.32029, -0.92213 ], [ 37.32036, -0.92182 ], [ 37.32031, -0.92177 ], [ 37.32035, -0.92173 ], [ 37.3197, -0.92108 ], [ 37.31928, -0.92084 ], [ 37.31902, -0.9206 ], [ 37.31826, -0.9201 ], [ 37.31509, -0.918 ], [ 37.31463, -0.91767 ], [ 37.31395, -0.91725 ], [ 37.3137, -0.91708 ], [ 37.31216, -0.91606 ], [ 37.31051, -0.91471 ], [ 37.31032, -0.91458 ], [ 37.30821, -0.91325 ], [ 37.307, -0.9124 ], [ 37.306, -0.9117 ], [ 37.3054, -0.91125 ], [ 37.30414, -0.91044 ], [ 37.30234, -0.90919 ], [ 37.30151, -0.9087 ], [ 37.30098, -0.90839 ], [ 37.29923, -0.90769 ], [ 37.29722, -0.90658 ], [ 37.29536, -0.90563 ], [ 37.29527, -0.90571 ], [ 37.28822, -0.90196 ], [ 37.2831, -0.89922 ], [ 37.27066, -0.88589 ], [ 37.27, -0.88515 ], [ 37.26462, -0.87907 ], [ 37.2646, -0.87906 ], [ 37.26458, -0.87903 ], [ 37.26458, -0.87903 ], [ 37.26461, -0.87902 ], [ 37.26478, -0.87892 ], [ 37.26491, -0.8788 ], [ 37.26497, -0.87875 ], [ 37.26399, -0.87763 ], [ 37.26259, -0.87603 ], [ 37.26257, -0.87601 ], [ 37.26145, -0.87495 ], [ 37.26115, -0.87467 ], [ 37.26112, -0.87463 ], [ 37.26096, -0.8744 ], [ 37.25968, -0.87262 ], [ 37.25823, -0.87104 ], [ 37.2574, -0.87004 ], [ 37.25677, -0.86888 ], [ 37.25653, -0.86845 ], [ 37.25637, -0.86807 ], [ 37.25625, -0.86779 ], [ 37.25569, -0.8665 ], [ 37.25498, -0.86475 ], [ 37.25427, -0.86389 ], [ 37.25384, -0.86336 ], [ 37.25389, -0.86332 ], [ 37.24701, -0.86348 ], [ 37.24478, -0.86344 ], [ 37.24445, -0.86341 ], [ 37.24435, -0.8634 ], [ 37.24387, -0.86317 ], [ 37.24338, -0.86295 ], [ 37.24312, -0.86279 ], [ 37.24312, -0.86278 ], [ 37.24282, -0.86227 ], [ 37.24264, -0.86182 ], [ 37.2425, -0.86141 ], [ 37.24245, -0.86134 ], [ 37.2424, -0.86112 ], [ 37.24215, -0.86066 ], [ 37.24171, -0.86048 ], [ 37.24111, -0.86006 ], [ 37.24036, -0.85978 ], [ 37.23929, -0.85922 ], [ 37.23811, -0.85862 ], [ 37.23811, -0.85862 ], [ 37.23717, -0.85824 ], [ 37.23463, -0.85719 ], [ 37.23458, -0.85707 ], [ 37.23457, -0.85707 ], [ 37.23404, -0.85694 ], [ 37.23354, -0.85681 ], [ 37.23222, -0.85635 ], [ 37.23033, -0.85569 ], [ 37.22955, -0.85542 ], [ 37.22954, -0.85542 ], [ 37.22944, -0.85538 ], [ 37.22842, -0.85503 ], [ 37.22771, -0.85479 ], [ 37.22737, -0.85464 ], [ 37.22823, -0.8529 ], [ 37.22883, -0.85191 ], [ 37.22936, -0.85067 ], [ 37.23021, -0.849 ], [ 37.23092, -0.84812 ], [ 37.23124, -0.84702 ], [ 37.2314, -0.84663 ], [ 37.2314, -0.8465 ], [ 37.2326, -0.84411 ], [ 37.23446, -0.84056 ], [ 37.23651, -0.84046 ], [ 37.23652, -0.84046 ], [ 37.24401, -0.84058 ], [ 37.24408, -0.84058 ], [ 37.248, -0.84041 ], [ 37.25025, -0.84031 ], [ 37.25146, -0.84031 ], [ 37.25421, -0.84031 ], [ 37.25609, -0.84023 ], [ 37.25664, -0.84024 ], [ 37.25826, -0.84027 ], [ 37.25948, -0.84027 ], [ 37.25953, -0.84011 ], [ 37.26048, -0.83341 ], [ 37.26061, -0.83353 ], [ 37.26072, -0.83284 ], [ 37.2608, -0.83068 ], [ 37.261, -0.82985 ], [ 37.26086, -0.82984 ], [ 37.26158, -0.82309 ], [ 37.26153, -0.82253 ], [ 37.26159, -0.82224 ], [ 37.26176, -0.82139 ], [ 37.2623, -0.81635 ], [ 37.26234, -0.81583 ], [ 37.26236, -0.8157 ], [ 37.26239, -0.81551 ], [ 37.26266, -0.81299 ], [ 37.26268, -0.8127 ], [ 37.2628, -0.81108 ], [ 37.26281, -0.81099 ], [ 37.26296, -0.80978 ], [ 37.26334, -0.80936 ], [ 37.26361, -0.809 ], [ 37.26361, -0.809 ], [ 37.26385, -0.80866 ], [ 37.26401, -0.80827 ], [ 37.26407, -0.80805 ], [ 37.26414, -0.8077 ], [ 37.26418, -0.80736 ], [ 37.26418, -0.80725 ], [ 37.26415, -0.80666 ], [ 37.26403, -0.80596 ], [ 37.26397, -0.80568 ], [ 37.26397, -0.80567 ], [ 37.26389, -0.80536 ], [ 37.26369, -0.80455 ], [ 37.26351, -0.80357 ], [ 37.26337, -0.80302 ], [ 37.26329, -0.80258 ], [ 37.26329, -0.80242 ], [ 37.26329, -0.80212 ], [ 37.26329, -0.80144 ], [ 37.2633, -0.80081 ], [ 37.26334, -0.80046 ], [ 37.26334, -0.80045 ], [ 37.26337, -0.80009 ], [ 37.26344, -0.79964 ], [ 37.26353, -0.79898 ], [ 37.26354, -0.7984 ], [ 37.2635, -0.79758 ], [ 37.26347, -0.79723 ], [ 37.26347, -0.79722 ], [ 37.26346, -0.79719 ], [ 37.26345, -0.79705 ], [ 37.26344, -0.79695 ], [ 37.26344, -0.79672 ], [ 37.26344, -0.79654 ], [ 37.26345, -0.79624 ], [ 37.26339, -0.79559 ], [ 37.26338, -0.79543 ], [ 37.26348, -0.79456 ], [ 37.26355, -0.79402 ], [ 37.26359, -0.79384 ], [ 37.26366, -0.79352 ], [ 37.26382, -0.79283 ], [ 37.26398, -0.7924 ], [ 37.264, -0.79238 ], [ 37.26409, -0.7922 ], [ 37.26435, -0.79177 ], [ 37.26475, -0.79126 ], [ 37.26525, -0.7908 ], [ 37.26561, -0.79042 ], [ 37.26604, -0.79006 ], [ 37.2665, -0.78975 ], [ 37.26686, -0.7894 ], [ 37.26728, -0.78894 ], [ 37.26783, -0.78837 ], [ 37.26821, -0.78795 ], [ 37.2683, -0.78782 ], [ 37.26833, -0.78782 ], [ 37.26869, -0.78788 ], [ 37.26872, -0.78788 ], [ 37.26949, -0.78792 ], [ 37.27018, -0.7879 ], [ 37.27067, -0.78792 ], [ 37.27113, -0.78798 ], [ 37.27178, -0.78795 ], [ 37.27241, -0.78795 ], [ 37.27418, -0.7868 ], [ 37.27521, -0.7864 ], [ 37.27522, -0.7864 ], [ 37.27619, -0.78617 ], [ 37.2771, -0.78543 ], [ 37.27728, -0.78531 ], [ 37.27733, -0.78523 ], [ 37.27758, -0.78505 ], [ 37.27793, -0.7849 ], [ 37.27829, -0.7848 ], [ 37.2783, -0.7848 ], [ 37.27874, -0.78485 ], [ 37.27914, -0.78502 ], [ 37.2794, -0.78513 ], [ 37.27973, -0.7852 ], [ 37.28045, -0.78536 ], [ 37.28056, -0.78537 ], [ 37.2808, -0.78537 ], [ 37.2818, -0.78537 ], [ 37.28253, -0.78537 ], [ 37.28278, -0.78532 ], [ 37.28339, -0.78487 ], [ 37.28363, -0.78468 ], [ 37.28395, -0.78444 ], [ 37.28398, -0.78441 ], [ 37.28412, -0.78425 ], [ 37.28445, -0.7839 ], [ 37.28476, -0.78368 ], [ 37.28501, -0.78352 ], [ 37.28534, -0.78343 ], [ 37.28572, -0.78343 ], [ 37.28615, -0.78348 ], [ 37.28652, -0.78361 ], [ 37.28672, -0.78368 ], [ 37.28681, -0.78373 ], [ 37.28686, -0.78375 ], [ 37.28696, -0.78377 ], [ 37.28743, -0.78405 ], [ 37.28745, -0.78407 ], [ 37.28754, -0.78411 ], [ 37.28756, -0.78413 ], [ 37.28779, -0.78427 ], [ 37.28782, -0.78428 ], [ 37.28796, -0.78444 ], [ 37.28812, -0.78457 ], [ 37.28858, -0.78492 ], [ 37.28893, -0.78528 ], [ 37.28925, -0.78569 ], [ 37.28943, -0.78609 ], [ 37.28956, -0.7867 ], [ 37.2896, -0.7871 ], [ 37.28983, -0.78754 ], [ 37.29009, -0.7879 ], [ 37.29043, -0.78827 ], [ 37.29083, -0.78861 ], [ 37.2911, -0.78893 ], [ 37.29157, -0.7892 ], [ 37.29188, -0.78943 ], [ 37.2921, -0.78975 ], [ 37.29237, -0.79011 ], [ 37.2927, -0.79067 ], [ 37.29295, -0.79106 ], [ 37.29308, -0.79132 ], [ 37.2934, -0.79176 ], [ 37.29364, -0.7922 ], [ 37.29389, -0.7927 ], [ 37.29414, -0.79326 ], [ 37.29428, -0.79366 ], [ 37.29446, -0.79396 ], [ 37.29463, -0.7942 ], [ 37.29491, -0.79438 ], [ 37.29506, -0.7945 ], [ 37.29538, -0.79467 ], [ 37.29564, -0.79481 ], [ 37.29605, -0.79501 ], [ 37.2964, -0.79516 ], [ 37.29666, -0.79526 ], [ 37.29691, -0.79536 ], [ 37.2976, -0.79549 ], [ 37.29806, -0.79551 ], [ 37.29817, -0.79551 ], [ 37.29827, -0.79552 ], [ 37.29836, -0.79553 ], [ 37.29895, -0.79558 ], [ 37.29943, -0.79571 ], [ 37.29984, -0.79593 ], [ 37.30033, -0.79624 ], [ 37.30062, -0.79647 ], [ 37.3009, -0.7968 ], [ 37.30111, -0.79713 ], [ 37.30132, -0.79759 ], [ 37.30147, -0.79824 ], [ 37.30157, -0.79875 ], [ 37.30166, -0.79923 ], [ 37.30176, -0.79968 ], [ 37.30177, -0.79975 ], [ 37.3019, -0.79995 ], [ 37.30195, -0.80003 ], [ 37.30204, -0.80014 ], [ 37.30211, -0.80022 ], [ 37.30212, -0.80023 ], [ 37.30216, -0.80028 ], [ 37.30259, -0.80044 ], [ 37.30274, -0.80044 ], [ 37.3029, -0.80043 ], [ 37.3032, -0.80041 ], [ 37.30381, -0.80029 ], [ 37.30411, -0.80028 ], [ 37.30438, -0.8003 ], [ 37.30466, -0.80042 ], [ 37.30489, -0.80052 ], [ 37.30496, -0.80055 ], [ 37.30507, -0.80065 ], [ 37.30525, -0.80084 ], [ 37.30536, -0.80095 ], [ 37.30621, -0.80194 ], [ 37.30658, -0.80232 ], [ 37.30681, -0.80254 ], [ 37.30676, -0.80261 ], [ 37.3063, -0.80273 ], [ 37.30539, -0.80726 ], [ 37.3048, -0.81025 ], [ 37.30435, -0.81248 ], [ 37.30518, -0.81302 ], [ 37.30625, -0.81371 ], [ 37.30615, -0.81436 ], [ 37.30629, -0.81449 ], [ 37.30655, -0.81476 ], [ 37.30701, -0.81499 ], [ 37.30901, -0.81579 ], [ 37.30982, -0.81604 ], [ 37.31008, -0.81609 ], [ 37.31063, -0.81621 ], [ 37.31108, -0.81626 ], [ 37.31118, -0.8163 ], [ 37.31119, -0.8163 ], [ 37.31127, -0.81634 ], [ 37.31132, -0.81637 ], [ 37.31134, -0.81638 ], [ 37.31134, -0.81638 ], [ 37.31165, -0.81653 ], [ 37.3117, -0.81673 ], [ 37.31186, -0.81734 ], [ 37.31188, -0.81739 ], [ 37.31195, -0.81774 ], [ 37.31201, -0.81795 ], [ 37.31207, -0.81805 ], [ 37.31227, -0.81827 ], [ 37.31258, -0.81861 ], [ 37.31282, -0.81875 ], [ 37.31321, -0.81896 ], [ 37.31384, -0.81923 ], [ 37.3141, -0.81948 ], [ 37.31423, -0.81971 ], [ 37.31435, -0.81999 ], [ 37.31435, -0.82028 ], [ 37.31437, -0.82075 ], [ 37.31434, -0.82111 ], [ 37.31428, -0.82143 ], [ 37.31415, -0.82178 ], [ 37.31388, -0.82222 ], [ 37.31364, -0.82279 ], [ 37.31356, -0.82308 ], [ 37.31348, -0.82335 ], [ 37.31343, -0.82361 ], [ 37.31343, -0.82371 ], [ 37.31349, -0.82402 ], [ 37.31367, -0.82421 ], [ 37.3139, -0.82433 ], [ 37.31402, -0.8244 ], [ 37.31476, -0.82456 ], [ 37.3152, -0.82469 ], [ 37.31561, -0.82484 ], [ 37.31602, -0.82513 ], [ 37.31629, -0.8255 ], [ 37.31669, -0.82613 ], [ 37.31688, -0.82659 ], [ 37.31695, -0.82703 ], [ 37.31697, -0.82751 ], [ 37.31703, -0.82781 ], [ 37.31704, -0.82808 ], [ 37.31705, -0.82836 ], [ 37.31707, -0.8287 ], [ 37.3171, -0.82905 ], [ 37.31714, -0.82947 ], [ 37.31722, -0.82984 ], [ 37.31724, -0.82996 ], [ 37.31738, -0.8304 ], [ 37.31776, -0.8311 ], [ 37.31819, -0.83189 ], [ 37.31869, -0.8329 ], [ 37.31896, -0.83351 ], [ 37.31918, -0.83391 ], [ 37.31936, -0.83428 ], [ 37.31953, -0.83473 ], [ 37.31984, -0.83535 ], [ 37.32008, -0.83589 ], [ 37.32051, -0.83657 ], [ 37.32084, -0.83708 ], [ 37.32117, -0.83732 ], [ 37.32152, -0.83737 ], [ 37.32186, -0.83733 ], [ 37.32215, -0.83725 ], [ 37.32232, -0.83719 ], [ 37.32291, -0.837 ], [ 37.32338, -0.83679 ], [ 37.32396, -0.83655 ], [ 37.32436, -0.83633 ], [ 37.32478, -0.8361 ], [ 37.32521, -0.83591 ], [ 37.32564, -0.83588 ], [ 37.32591, -0.8359 ], [ 37.32633, -0.83594 ], [ 37.3267, -0.83613 ], [ 37.32705, -0.83638 ], [ 37.32729, -0.83665 ], [ 37.32739, -0.83699 ], [ 37.32741, -0.83741 ], [ 37.32737, -0.83803 ], [ 37.32724, -0.83842 ], [ 37.32702, -0.83868 ], [ 37.327, -0.83869 ], [ 37.32664, -0.83888 ], [ 37.32627, -0.83897 ], [ 37.326, -0.83903 ], [ 37.32557, -0.83916 ], [ 37.32556, -0.83916 ], [ 37.32529, -0.83931 ], [ 37.32492, -0.83959 ], [ 37.32488, -0.83964 ], [ 37.32466, -0.8399 ], [ 37.32455, -0.84026 ], [ 37.32455, -0.84066 ], [ 37.3246, -0.84105 ], [ 37.32477, -0.84139 ], [ 37.32517, -0.84181 ], [ 37.32569, -0.84233 ], [ 37.32642, -0.84295 ], [ 37.32708, -0.84343 ], [ 37.32751, -0.84379 ], [ 37.32797, -0.84408 ], [ 37.32841, -0.84433 ], [ 37.32887, -0.84453 ], [ 37.32943, -0.84472 ], [ 37.32978, -0.84483 ], [ 37.3304, -0.84507 ], [ 37.33091, -0.84516 ], [ 37.331, -0.84517 ], [ 37.33135, -0.8452 ], [ 37.33137, -0.8452 ], [ 37.33163, -0.84513 ], [ 37.33192, -0.84507 ], [ 37.33205, -0.84504 ], [ 37.33264, -0.84495 ], [ 37.33289, -0.84493 ], [ 37.33322, -0.84492 ], [ 37.33358, -0.84489 ], [ 37.33397, -0.84484 ], [ 37.33434, -0.84481 ], [ 37.33482, -0.84479 ], [ 37.33512, -0.84482 ], [ 37.33546, -0.84503 ], [ 37.33579, -0.84536 ], [ 37.33627, -0.846 ], [ 37.33682, -0.84658 ], [ 37.33728, -0.84721 ], [ 37.33744, -0.84738 ], [ 37.3375, -0.84745 ], [ 37.33774, -0.84754 ], [ 37.33778, -0.84755 ], [ 37.33808, -0.84756 ], [ 37.33812, -0.84755 ], [ 37.33831, -0.84751 ], [ 37.33835, -0.8475 ], [ 37.33859, -0.84735 ], [ 37.33889, -0.84716 ], [ 37.33938, -0.84663 ], [ 37.33949, -0.84647 ], [ 37.33988, -0.84592 ], [ 37.34017, -0.84523 ], [ 37.34029, -0.8449 ], [ 37.34052, -0.84467 ], [ 37.34087, -0.84446 ], [ 37.34129, -0.84426 ], [ 37.3418, -0.84394 ], [ 37.34225, -0.84363 ], [ 37.34315, -0.84332 ], [ 37.34325, -0.84329 ], [ 37.34383, -0.84302 ], [ 37.34431, -0.84297 ], [ 37.34464, -0.84301 ], [ 37.34496, -0.84317 ], [ 37.3455, -0.84355 ], [ 37.34575, -0.84379 ], [ 37.34576, -0.8438 ], [ 37.346, -0.84403 ], [ 37.34614, -0.84417 ], [ 37.34641, -0.84446 ], [ 37.34689, -0.845 ], [ 37.34728, -0.8453 ], [ 37.34758, -0.84541 ], [ 37.34761, -0.84541 ], [ 37.34785, -0.84541 ], [ 37.34818, -0.84532 ], [ 37.34854, -0.84515 ], [ 37.34882, -0.84487 ], [ 37.34884, -0.84486 ], [ 37.3492, -0.84447 ], [ 37.34968, -0.84393 ], [ 37.34978, -0.84381 ], [ 37.35016, -0.84343 ], [ 37.35039, -0.84332 ], [ 37.35054, -0.84324 ], [ 37.35089, -0.8432 ], [ 37.35116, -0.84332 ], [ 37.35134, -0.84348 ], [ 37.35148, -0.84381 ], [ 37.35148, -0.84415 ], [ 37.35132, -0.8445 ], [ 37.35117, -0.84495 ], [ 37.35114, -0.84529 ], [ 37.35119, -0.8457 ], [ 37.35131, -0.84602 ], [ 37.35146, -0.84624 ], [ 37.35151, -0.84629 ], [ 37.35166, -0.84644 ], [ 37.35197, -0.84651 ], [ 37.35224, -0.84656 ], [ 37.35232, -0.84646 ], [ 37.35262, -0.84628 ], [ 37.3529, -0.84611 ], [ 37.35364, -0.84575 ], [ 37.35391, -0.8456 ], [ 37.35424, -0.84542 ], [ 37.35483, -0.84505 ], [ 37.35523, -0.84482 ], [ 37.35555, -0.84476 ], [ 37.35609, -0.84476 ], [ 37.35634, -0.84475 ], [ 37.35673, -0.84474 ], [ 37.35716, -0.84474 ], [ 37.35734, -0.84474 ], [ 37.35784, -0.84466 ], [ 37.35808, -0.84462 ], [ 37.35842, -0.84456 ], [ 37.35896, -0.84448 ], [ 37.35936, -0.8445 ], [ 37.35973, -0.84454 ], [ 37.36007, -0.84465 ], [ 37.36055, -0.84481 ], [ 37.36103, -0.84495 ], [ 37.36134, -0.84512 ], [ 37.36226, -0.84565 ], [ 37.36302, -0.84595 ], [ 37.3633, -0.84595 ], [ 37.36333, -0.84595 ], [ 37.36335, -0.84595 ], [ 37.36339, -0.84593 ], [ 37.3636, -0.84586 ], [ 37.36367, -0.84582 ], [ 37.36391, -0.84565 ], [ 37.36422, -0.84552 ], [ 37.36448, -0.84551 ], [ 37.36467, -0.84554 ], [ 37.36493, -0.84573 ], [ 37.36495, -0.84575 ], [ 37.36498, -0.84575 ], [ 37.36532, -0.84604 ], [ 37.36577, -0.84644 ], [ 37.36604, -0.84663 ], [ 37.36644, -0.84698 ], [ 37.36672, -0.84725 ], [ 37.3671, -0.84754 ], [ 37.36796, -0.84821 ], [ 37.36812, -0.84833 ], [ 37.36815, -0.84835 ], [ 37.36819, -0.84837 ], [ 37.36859, -0.84856 ], [ 37.36895, -0.84865 ], [ 37.36931, -0.84887 ], [ 37.36972, -0.84905 ], [ 37.37008, -0.84931 ], [ 37.37035, -0.84958 ], [ 37.37074, -0.84987 ], [ 37.37102, -0.85013 ], [ 37.37138, -0.85034 ], [ 37.37166, -0.85045 ], [ 37.37316, -0.85049 ], [ 37.37352, -0.8505 ], [ 37.37386, -0.85054 ], [ 37.37415, -0.85057 ], [ 37.37429, -0.85056 ], [ 37.37486, -0.85056 ], [ 37.37537, -0.8506 ], [ 37.3758, -0.85069 ], [ 37.37626, -0.85082 ], [ 37.3768, -0.85099 ], [ 37.37718, -0.85118 ], [ 37.3778, -0.85151 ], [ 37.37819, -0.85178 ], [ 37.37845, -0.8521 ], [ 37.37863, -0.8525 ], [ 37.37871, -0.85281 ], [ 37.37862, -0.85311 ], [ 37.37832, -0.85342 ], [ 37.37828, -0.85345 ], [ 37.37793, -0.85388 ], [ 37.37779, -0.85398 ], [ 37.37748, -0.8542 ], [ 37.37736, -0.85428 ], [ 37.3773, -0.8548 ], [ 37.3773, -0.8555 ], [ 37.37734, -0.85567 ], [ 37.37751, -0.85601 ], [ 37.37764, -0.85629 ], [ 37.37767, -0.85632 ], [ 37.37784, -0.85658 ], [ 37.37814, -0.85689 ], [ 37.37858, -0.85726 ], [ 37.37927, -0.85771 ], [ 37.37989, -0.85812 ], [ 37.38067, -0.85835 ], [ 37.38144, -0.85848 ], [ 37.3815, -0.85849 ], [ 37.38191, -0.85845 ], [ 37.38226, -0.85821 ], [ 37.38244, -0.85784 ], [ 37.38265, -0.85731 ], [ 37.38272, -0.85717 ], [ 37.38293, -0.85678 ], [ 37.38336, -0.85614 ], [ 37.38387, -0.85557 ], [ 37.38504, -0.85414 ], [ 37.38553, -0.85352 ], [ 37.3859, -0.85318 ], [ 37.38601, -0.85308 ], [ 37.38641, -0.85299 ], [ 37.3868, -0.85301 ], [ 37.38721, -0.85305 ], [ 37.3877, -0.85329 ], [ 37.38806, -0.85361 ], [ 37.38834, -0.854 ], [ 37.38869, -0.85465 ], [ 37.38883, -0.85511 ], [ 37.38906, -0.8554 ], [ 37.38926, -0.85557 ], [ 37.38962, -0.85561 ], [ 37.38997, -0.85561 ], [ 37.39034, -0.85566 ], [ 37.39061, -0.85579 ], [ 37.39097, -0.85605 ], [ 37.39108, -0.85612 ], [ 37.39121, -0.85616 ], [ 37.39145, -0.85623 ], [ 37.39156, -0.85623 ], [ 37.39181, -0.85624 ], [ 37.39188, -0.85623 ], [ 37.39223, -0.85619 ], [ 37.39231, -0.85617 ], [ 37.39278, -0.85605 ], [ 37.39325, -0.8559 ], [ 37.39334, -0.85587 ], [ 37.3939, -0.85567 ], [ 37.39436, -0.85554 ], [ 37.39487, -0.85552 ], [ 37.39538, -0.85558 ], [ 37.39576, -0.85569 ], [ 37.3962, -0.85598 ], [ 37.39662, -0.85629 ], [ 37.39723, -0.85674 ], [ 37.39778, -0.85708 ], [ 37.39822, -0.85728 ], [ 37.39865, -0.85739 ], [ 37.39899, -0.85739 ], [ 37.39915, -0.85735 ], [ 37.39927, -0.8573 ], [ 37.39938, -0.85726 ], [ 37.39962, -0.85713 ], [ 37.39996, -0.85693 ], [ 37.40026, -0.85673 ], [ 37.40081, -0.85628 ], [ 37.40141, -0.85558 ], [ 37.40193, -0.85497 ], [ 37.40197, -0.85494 ], [ 37.40297, -0.85399 ], [ 37.40328, -0.8537 ], [ 37.40345, -0.85351 ], [ 37.4036, -0.85339 ], [ 37.40387, -0.85313 ], [ 37.40411, -0.85291 ], [ 37.40435, -0.85279 ], [ 37.40441, -0.85274 ], [ 37.40465, -0.8526 ], [ 37.40494, -0.85248 ], [ 37.40516, -0.85241 ], [ 37.40543, -0.85228 ], [ 37.40632, -0.85206 ], [ 37.40709, -0.85188 ], [ 37.40812, -0.85188 ], [ 37.40885, -0.85171 ], [ 37.40933, -0.8516 ], [ 37.4094, -0.85157 ], [ 37.40977, -0.85125 ], [ 37.41013, -0.85101 ], [ 37.41053, -0.85094 ], [ 37.41098, -0.85088 ], [ 37.41147, -0.85086 ], [ 37.41225, -0.85094 ], [ 37.41301, -0.85103 ], [ 37.41357, -0.85113 ], [ 37.41389, -0.85128 ], [ 37.41416, -0.8515 ], [ 37.41446, -0.85182 ], [ 37.41485, -0.85243 ], [ 37.41531, -0.85329 ], [ 37.4157, -0.854 ], [ 37.41579, -0.85417 ], [ 37.41595, -0.85457 ], [ 37.41595, -0.85493 ], [ 37.41585, -0.85521 ], [ 37.41564, -0.85548 ], [ 37.41529, -0.85572 ], [ 37.41519, -0.85578 ], [ 37.415, -0.85592 ], [ 37.41447, -0.85632 ], [ 37.41437, -0.8564 ], [ 37.41363, -0.85677 ], [ 37.4134, -0.85708 ], [ 37.41308, -0.85766 ], [ 37.41285, -0.85807 ], [ 37.41255, -0.8585 ], [ 37.41242, -0.85875 ], [ 37.41231, -0.85909 ], [ 37.4121, -0.85973 ], [ 37.41206, -0.86011 ], [ 37.41214, -0.86053 ], [ 37.41227, -0.86084 ], [ 37.41254, -0.86118 ], [ 37.41288, -0.86153 ], [ 37.41345, -0.86196 ], [ 37.41394, -0.86232 ], [ 37.41442, -0.86255 ], [ 37.41445, -0.86256 ], [ 37.41537, -0.86263 ], [ 37.41557, -0.86264 ], [ 37.41564, -0.86265 ], [ 37.41618, -0.86266 ], [ 37.41648, -0.86265 ], [ 37.41707, -0.86262 ], [ 37.41778, -0.86262 ], [ 37.41838, -0.86264 ], [ 37.41886, -0.86265 ], [ 37.41936, -0.86273 ], [ 37.41986, -0.86286 ], [ 37.42018, -0.86295 ], [ 37.42061, -0.8631 ], [ 37.42105, -0.8633 ], [ 37.42153, -0.86356 ], [ 37.42196, -0.86373 ], [ 37.42229, -0.86389 ], [ 37.42264, -0.86405 ], [ 37.42307, -0.86417 ], [ 37.42339, -0.86432 ], [ 37.4236, -0.86447 ], [ 37.42387, -0.86475 ], [ 37.42405, -0.865 ], [ 37.42405, -0.865 ], [ 37.42408, -0.86504 ], [ 37.42432, -0.86529 ], [ 37.42456, -0.86545 ], [ 37.42487, -0.86559 ], [ 37.42519, -0.86575 ], [ 37.42545, -0.86588 ], [ 37.42568, -0.86605 ], [ 37.42589, -0.86625 ], [ 37.42613, -0.86658 ], [ 37.42634, -0.86681 ], [ 37.42654, -0.86699 ], [ 37.42663, -0.86705 ], [ 37.42714, -0.86723 ], [ 37.42714, -0.86723 ], [ 37.42766, -0.8674 ], [ 37.42796, -0.86743 ], [ 37.42802, -0.86743 ], [ 37.42856, -0.86745 ], [ 37.42881, -0.86741 ], [ 37.42915, -0.86723 ], [ 37.42954, -0.86688 ], [ 37.43012, -0.86637 ], [ 37.43043, -0.86594 ], [ 37.43048, -0.86583 ], [ 37.4308, -0.86522 ], [ 37.43099, -0.86482 ], [ 37.43125, -0.86461 ], [ 37.43162, -0.86442 ], [ 37.43198, -0.86422 ], [ 37.43201, -0.86419 ], [ 37.43213, -0.86413 ], [ 37.43222, -0.86408 ], [ 37.43258, -0.86379 ], [ 37.43295, -0.86346 ], [ 37.43321, -0.8633 ], [ 37.43356, -0.86318 ], [ 37.43392, -0.86319 ], [ 37.43413, -0.86322 ], [ 37.43453, -0.86322 ], [ 37.43465, -0.86324 ], [ 37.43496, -0.86328 ], [ 37.43569, -0.86325 ], [ 37.43621, -0.86325 ], [ 37.4368, -0.86342 ], [ 37.43731, -0.86374 ], [ 37.43794, -0.86407 ], [ 37.43832, -0.86422 ], [ 37.43878, -0.86426 ], [ 37.43901, -0.86426 ], [ 37.43949, -0.86409 ], [ 37.43986, -0.86396 ], [ 37.43993, -0.86395 ], [ 37.44021, -0.86382 ], [ 37.4407, -0.86365 ], [ 37.44108, -0.8636 ], [ 37.44152, -0.86358 ], [ 37.44167, -0.86358 ], [ 37.44175, -0.86356 ], [ 37.44183, -0.86357 ], [ 37.44186, -0.86358 ], [ 37.44218, -0.86358 ], [ 37.44318, -0.86368 ], [ 37.4438, -0.86374 ], [ 37.44426, -0.86387 ], [ 37.44463, -0.86405 ], [ 37.4449, -0.86436 ], [ 37.44506, -0.86485 ], [ 37.4452, -0.86545 ], [ 37.44539, -0.86649 ], [ 37.44545, -0.8673 ], [ 37.44564, -0.86803 ], [ 37.44602, -0.86901 ], [ 37.44642, -0.86971 ], [ 37.44705, -0.87063 ], [ 37.44757, -0.87116 ], [ 37.44797, -0.87147 ], [ 37.44839, -0.87164 ], [ 37.44879, -0.87167 ], [ 37.44888, -0.87166 ], [ 37.44911, -0.8716 ], [ 37.44923, -0.87156 ], [ 37.44937, -0.87152 ], [ 37.44955, -0.87146 ], [ 37.44975, -0.87135 ], [ 37.45003, -0.87125 ], [ 37.45042, -0.87122 ], [ 37.45075, -0.87129 ], [ 37.45083, -0.87131 ], [ 37.45113, -0.87137 ], [ 37.45168, -0.8716 ], [ 37.45214, -0.8719 ], [ 37.45238, -0.8721 ], [ 37.45251, -0.87218 ], [ 37.45275, -0.87232 ], [ 37.45332, -0.87265 ], [ 37.45342, -0.87269 ], [ 37.45397, -0.87282 ], [ 37.45465, -0.8729 ], [ 37.45474, -0.8729 ], [ 37.45556, -0.87273 ], [ 37.45586, -0.87269 ], [ 37.45647, -0.87261 ], [ 37.45684, -0.87235 ], [ 37.45723, -0.87206 ], [ 37.45755, -0.87185 ], [ 37.45804, -0.87165 ], [ 37.45825, -0.8716 ], [ 37.4587, -0.87148 ], [ 37.45921, -0.87148 ], [ 37.45956, -0.87154 ], [ 37.45996, -0.87178 ], [ 37.45992, -0.87185 ], [ 37.45988, -0.87189 ], [ 37.46031, -0.87221 ], [ 37.46057, -0.87275 ], [ 37.46129, -0.87422 ], [ 37.4618, -0.8753 ], [ 37.46249, -0.87633 ], [ 37.463, -0.87651 ], [ 37.46304, -0.87651 ], [ 37.46386, -0.87651 ], [ 37.46472, -0.87588 ], [ 37.46486, -0.87572 ], [ 37.46518, -0.87536 ], [ 37.46548, -0.87504 ], [ 37.46581, -0.87467 ], [ 37.46672, -0.87443 ], [ 37.46727, -0.87428 ], [ 37.46793, -0.8741 ], [ 37.468, -0.87416 ], [ 37.46873, -0.87485 ], [ 37.46884, -0.87499 ], [ 37.46925, -0.87552 ], [ 37.46931, -0.87559 ], [ 37.46953, -0.87587 ], [ 37.46999, -0.87645 ], [ 37.47074, -0.87702 ], [ 37.47165, -0.87742 ], [ 37.47246, -0.87754 ], [ 37.4726, -0.87746 ], [ 37.47352, -0.87696 ], [ 37.4736, -0.87691 ], [ 37.47417, -0.87667 ], [ 37.47429, -0.87662 ], [ 37.47433, -0.87663 ], [ 37.47509, -0.87679 ], [ 37.47511, -0.87685 ], [ 37.47532, -0.87765 ], [ 37.47515, -0.87857 ], [ 37.47505, -0.87888 ], [ 37.47486, -0.87943 ], [ 37.47458, -0.88046 ], [ 37.47451, -0.88106 ], [ 37.47441, -0.88206 ], [ 37.4744, -0.88206 ], [ 37.47418, -0.88288 ], [ 37.47412, -0.88309 ], [ 37.47402, -0.88386 ], [ 37.474, -0.88395 ], [ 37.4736, -0.88453 ], [ 37.4734, -0.88471 ], [ 37.4734, -0.88471 ], [ 37.47276, -0.88527 ], [ 37.47269, -0.88533 ], [ 37.47263, -0.88544 ], [ 37.47263, -0.88544 ], [ 37.47263, -0.88544 ], [ 37.47228, -0.88613 ], [ 37.47234, -0.88722 ], [ 37.47286, -0.88791 ], [ 37.47288, -0.88792 ], [ 37.47307, -0.88806 ], [ 37.47366, -0.88848 ], [ 37.4737, -0.88851 ], [ 37.47418, -0.88882 ], [ 37.47539, -0.88899 ], [ 37.47544, -0.88899 ], [ 37.47546, -0.88902 ], [ 37.47549, -0.88905 ], [ 37.47589, -0.88945 ], [ 37.47658, -0.89002 ], [ 37.4767, -0.89094 ], [ 37.47675, -0.89214 ], [ 37.47721, -0.89312 ], [ 37.47737, -0.89332 ], [ 37.47773, -0.89381 ], [ 37.47795, -0.89399 ], [ 37.47847, -0.89444 ], [ 37.47856, -0.89451 ], [ 37.47894, -0.89479 ], [ 37.47945, -0.89518 ], [ 37.47947, -0.89518 ], [ 37.47986, -0.89527 ], [ 37.48082, -0.89547 ], [ 37.4822, -0.89552 ], [ 37.48374, -0.89552 ], [ 37.48414, -0.89581 ], [ 37.48472, -0.8969 ], [ 37.48472, -0.89698 ], [ 37.48472, -0.89704 ], [ 37.48476, -0.89792 ], [ 37.48476, -0.89792 ], [ 37.48477, -0.89822 ], [ 37.48513, -0.89916 ], [ 37.48513, -0.89916 ], [ 37.48513, -0.89917 ], [ 37.4854, -0.89988 ], [ 37.48603, -0.90009 ], [ 37.48621, -0.90021 ], [ 37.48668, -0.90042 ], [ 37.48687, -0.90046 ], [ 37.48703, -0.90049 ], [ 37.48726, -0.90051 ], [ 37.48741, -0.90056 ], [ 37.48827, -0.90062 ], [ 37.48936, -0.90079 ], [ 37.49073, -0.90125 ], [ 37.49251, -0.90211 ], [ 37.4932, -0.90303 ], [ 37.49423, -0.90423 ], [ 37.4947, -0.9045 ], [ 37.4949, -0.90468 ], [ 37.49495, -0.90471 ], [ 37.49522, -0.9049 ], [ 37.49559, -0.90509 ], [ 37.49614, -0.90526 ], [ 37.49631, -0.9053 ], [ 37.49652, -0.90538 ], [ 37.49682, -0.90538 ], [ 37.49706, -0.90541 ], [ 37.4974, -0.90537 ], [ 37.49769, -0.90524 ], [ 37.49787, -0.90512 ], [ 37.498, -0.90503 ], [ 37.49869, -0.9044 ], [ 37.49885, -0.9045 ], [ 37.501, -0.90299 ], [ 37.50144, -0.90303 ], [ 37.50259, -0.90234 ], [ 37.50288, -0.90211 ], [ 37.50374, -0.90188 ], [ 37.50511, -0.90217 ], [ 37.50631, -0.90263 ], [ 37.507, -0.90297 ], [ 37.50748, -0.90353 ], [ 37.50763, -0.90372 ], [ 37.50809, -0.90412 ], [ 37.50875, -0.90429 ], [ 37.50918, -0.9044 ], [ 37.51055, -0.9044 ], [ 37.5117, -0.90406 ], [ 37.51279, -0.904 ], [ 37.51388, -0.90406 ], [ 37.51491, -0.90429 ], [ 37.51525, -0.90463 ], [ 37.51611, -0.90492 ], [ 37.51645, -0.90526 ], [ 37.51668, -0.90595 ], [ 37.51663, -0.9075 ], [ 37.51617, -0.9087 ], [ 37.51697, -0.90973 ], [ 37.5172, -0.91042 ], [ 37.51736, -0.91064 ], [ 37.51738, -0.91073 ], [ 37.5174, -0.91109 ], [ 37.51739, -0.91145 ], [ 37.51729, -0.91192 ], [ 37.51708, -0.91243 ], [ 37.51691, -0.91279 ], [ 37.51684, -0.91292 ], [ 37.51667, -0.9134 ], [ 37.51664, -0.91374 ], [ 37.51662, -0.91387 ], [ 37.51657, -0.91397 ], [ 37.51658, -0.91403 ], [ 37.51662, -0.91418 ], [ 37.51666, -0.91455 ], [ 37.51676, -0.91506 ], [ 37.5168, -0.9152 ], [ 37.51691, -0.9156 ], [ 37.51697, -0.91577 ], [ 37.51708, -0.91643 ], [ 37.51731, -0.91695 ], [ 37.51736, -0.91702 ], [ 37.51829, -0.91826 ], [ 37.51892, -0.91878 ], [ 37.51949, -0.91901 ], [ 37.52069, -0.91889 ], [ 37.52201, -0.91872 ], [ 37.52373, -0.91786 ], [ 37.52442, -0.91763 ], [ 37.52562, -0.91723 ], [ 37.52694, -0.91706 ], [ 37.52803, -0.9166 ], [ 37.52889, -0.9166 ], [ 37.53032, -0.91637 ], [ 37.53129, -0.91609 ], [ 37.53221, -0.91563 ], [ 37.5333, -0.91517 ], [ 37.53398, -0.91483 ], [ 37.53417, -0.91392 ], [ 37.53414, -0.91389 ], [ 37.53421, -0.91328 ], [ 37.53423, -0.91263 ], [ 37.53436, -0.9121 ], [ 37.53459, -0.91153 ], [ 37.53495, -0.91102 ], [ 37.5355, -0.91056 ], [ 37.53589, -0.91026 ], [ 37.53621, -0.90982 ], [ 37.53639, -0.90935 ], [ 37.53642, -0.90904 ], [ 37.53643, -0.9089 ], [ 37.53628, -0.90843 ], [ 37.53619, -0.90824 ], [ 37.53583, -0.9075 ], [ 37.53549, -0.90659 ], [ 37.53547, -0.90655 ], [ 37.53528, -0.90601 ], [ 37.53505, -0.90538 ], [ 37.53489, -0.90492 ], [ 37.53464, -0.90421 ], [ 37.53461, -0.90413 ], [ 37.53446, -0.90359 ], [ 37.5344, -0.90288 ], [ 37.5344, -0.90186 ], [ 37.5344, -0.90136 ], [ 37.5344, -0.90105 ], [ 37.53427, -0.9004 ], [ 37.53412, -0.89994 ], [ 37.53391, -0.89967 ], [ 37.53366, -0.89935 ], [ 37.5333, -0.89898 ], [ 37.53309, -0.89854 ], [ 37.53309, -0.89854 ], [ 37.53314, -0.89822 ], [ 37.53344, -0.89781 ], [ 37.53399, -0.89737 ], [ 37.53461, -0.89694 ], [ 37.53518, -0.89652 ], [ 37.53576, -0.89587 ], [ 37.53617, -0.89531 ], [ 37.53663, -0.89445 ], [ 37.53691, -0.89387 ], [ 37.53729, -0.89288 ], [ 37.53751, -0.89227 ], [ 37.53786, -0.89162 ], [ 37.53829, -0.89119 ], [ 37.53875, -0.89098 ], [ 37.53949, -0.89086 ], [ 37.54067, -0.89071 ], [ 37.54192, -0.89042 ], [ 37.54238, -0.89025 ], [ 37.54266, -0.89015 ], [ 37.54357, -0.88962 ], [ 37.54417, -0.88922 ], [ 37.54448, -0.8888 ], [ 37.54464, -0.88829 ], [ 37.54485, -0.88725 ], [ 37.54505, -0.88655 ], [ 37.54529, -0.88608 ], [ 37.54556, -0.88571 ], [ 37.54613, -0.88522 ], [ 37.54656, -0.88497 ], [ 37.54703, -0.88478 ], [ 37.5475, -0.88475 ], [ 37.54785, -0.88475 ], [ 37.54819, -0.88501 ], [ 37.54858, -0.88543 ], [ 37.54911, -0.8862 ], [ 37.54912, -0.8862 ], [ 37.54942, -0.88663 ], [ 37.54942, -0.88664 ], [ 37.54955, -0.8867 ], [ 37.55006, -0.88696 ], [ 37.55074, -0.88707 ], [ 37.55108, -0.88705 ], [ 37.55144, -0.88701 ], [ 37.55192, -0.88678 ], [ 37.55225, -0.88647 ], [ 37.55265, -0.8859 ], [ 37.55307, -0.88512 ], [ 37.55348, -0.88433 ], [ 37.55356, -0.88418 ], [ 37.55398, -0.88332 ], [ 37.55447, -0.88265 ], [ 37.555, -0.88224 ], [ 37.55567, -0.88197 ], [ 37.55632, -0.88175 ], [ 37.55676, -0.88155 ], [ 37.55714, -0.88129 ], [ 37.55751, -0.88088 ], [ 37.55785, -0.88034 ], [ 37.55819, -0.8796 ], [ 37.55838, -0.87903 ], [ 37.55859, -0.87869 ], [ 37.55872, -0.87846 ], [ 37.55922, -0.87803 ], [ 37.55967, -0.87773 ], [ 37.56013, -0.87755 ], [ 37.56057, -0.87743 ], [ 37.56106, -0.87737 ], [ 37.56162, -0.87738 ], [ 37.56199, -0.87752 ], [ 37.56229, -0.87781 ], [ 37.56255, -0.87822 ], [ 37.56275, -0.87874 ], [ 37.56286, -0.8793 ], [ 37.56308, -0.88003 ], [ 37.56363, -0.88132 ], [ 37.56409, -0.88224 ], [ 37.56409, -0.88224 ], [ 37.56409, -0.88224 ], [ 37.5641, -0.88225 ], [ 37.56455, -0.88276 ], [ 37.5651, -0.88313 ], [ 37.56538, -0.88326 ], [ 37.56582, -0.8833 ], [ 37.56625, -0.88328 ], [ 37.5666, -0.8831 ], [ 37.56685, -0.88294 ], [ 37.56731, -0.88249 ], [ 37.56777, -0.88201 ], [ 37.5681, -0.8816 ], [ 37.5685, -0.88147 ], [ 37.56893, -0.8814 ], [ 37.56941, -0.8814 ], [ 37.57012, -0.88141 ], [ 37.57077, -0.88136 ], [ 37.57119, -0.88128 ], [ 37.57149, -0.88127 ], [ 37.57179, -0.8811 ], [ 37.57205, -0.88094 ], [ 37.57244, -0.88071 ], [ 37.57322, -0.88028 ], [ 37.57328, -0.88029 ], [ 37.5734, -0.88017 ], [ 37.57345, -0.88016 ], [ 37.57418, -0.87994 ], [ 37.57418, -0.87991 ], [ 37.57446, -0.87983 ], [ 37.5759, -0.8796 ], [ 37.57699, -0.87983 ], [ 37.57813, -0.88 ], [ 37.57979, -0.88014 ], [ 37.58014, -0.88017 ], [ 37.5822, -0.88057 ], [ 37.58397, -0.88069 ], [ 37.58558, -0.88097 ], [ 37.58731, -0.88124 ], [ 37.58741, -0.88126 ], [ 37.58804, -0.88086 ], [ 37.5885, -0.88036 ], [ 37.58879, -0.88006 ], [ 37.58879, -0.87971 ], [ 37.58879, -0.87931 ], [ 37.58852, -0.87837 ], [ 37.58841, -0.87799 ], [ 37.58833, -0.87771 ], [ 37.5885, -0.87668 ], [ 37.58852, -0.87665 ], [ 37.58942, -0.87548 ], [ 37.59009, -0.8748 ], [ 37.5901, -0.87479 ], [ 37.59125, -0.8745 ], [ 37.59205, -0.87358 ], [ 37.59208, -0.87344 ], [ 37.59217, -0.87295 ], [ 37.5918, -0.8721 ], [ 37.59159, -0.87164 ], [ 37.59062, -0.87072 ], [ 37.58982, -0.87009 ], [ 37.5889, -0.86975 ], [ 37.58816, -0.86935 ], [ 37.58799, -0.86923 ], [ 37.58778, -0.86908 ], [ 37.58776, -0.86906 ], [ 37.58776, -0.86906 ], [ 37.58774, -0.86902 ], [ 37.58759, -0.86862 ], [ 37.58759, -0.86861 ], [ 37.58753, -0.86843 ], [ 37.58761, -0.86832 ], [ 37.58816, -0.86751 ], [ 37.58942, -0.86631 ], [ 37.59148, -0.86509 ], [ 37.59147, -0.86507 ], [ 37.59153, -0.86504 ], [ 37.59156, -0.86509 ], [ 37.59173, -0.86499 ], [ 37.59316, -0.86442 ], [ 37.59631, -0.8635 ], [ 37.5978, -0.86345 ], [ 37.59895, -0.86373 ], [ 37.59975, -0.86431 ], [ 37.60055, -0.86488 ], [ 37.60141, -0.86516 ], [ 37.6025, -0.86476 ], [ 37.60319, -0.86396 ], [ 37.60321, -0.86388 ], [ 37.6035, -0.86302 ], [ 37.60353, -0.86293 ], [ 37.60373, -0.86196 ], [ 37.60386, -0.86134 ], [ 37.60393, -0.86098 ], [ 37.60439, -0.85926 ], [ 37.6046, -0.85872 ], [ 37.60474, -0.85835 ], [ 37.60519, -0.85794 ], [ 37.60585, -0.85781 ], [ 37.60676, -0.85771 ], [ 37.60684, -0.8577 ], [ 37.60791, -0.85766 ], [ 37.60824, -0.85758 ], [ 37.60857, -0.8576 ], [ 37.61063, -0.85771 ], [ 37.61069, -0.85772 ], [ 37.61201, -0.85783 ], [ 37.61339, -0.85755 ], [ 37.6151, -0.8576 ], [ 37.61625, -0.8576 ], [ 37.61705, -0.85669 ], [ 37.61713, -0.85625 ], [ 37.61722, -0.85571 ], [ 37.61752, -0.85498 ], [ 37.61768, -0.85457 ], [ 37.61852, -0.85384 ], [ 37.61854, -0.85382 ], [ 37.61857, -0.85382 ], [ 37.62038, -0.85382 ], [ 37.62232, -0.85415 ], [ 37.62307, -0.85428 ], [ 37.62413, -0.85441 ], [ 37.62451, -0.85452 ], [ 37.62579, -0.85478 ], [ 37.62731, -0.85501 ], [ 37.62789, -0.85438 ], [ 37.62843, -0.85322 ], [ 37.62845, -0.85309 ], [ 37.62867, -0.8521 ], [ 37.62867, -0.85108 ], [ 37.62838, -0.84982 ], [ 37.62834, -0.84956 ], [ 37.62834, -0.84787 ], [ 37.6284, -0.84689 ], [ 37.6288, -0.84598 ], [ 37.62891, -0.84483 ], [ 37.62896, -0.84437 ], [ 37.6291, -0.84396 ], [ 37.62974, -0.84273 ], [ 37.62988, -0.84245 ], [ 37.63066, -0.84163 ], [ 37.63138, -0.84134 ], [ 37.63163, -0.84128 ], [ 37.63384, -0.84128 ], [ 37.63385, -0.84128 ], [ 37.63429, -0.84143 ], [ 37.63551, -0.84202 ], [ 37.6356, -0.84207 ], [ 37.63672, -0.84274 ], [ 37.63725, -0.84325 ], [ 37.63745, -0.84386 ], [ 37.63752, -0.84399 ], [ 37.63848, -0.84575 ], [ 37.63894, -0.84672 ], [ 37.63984, -0.84758 ], [ 37.64014, -0.84787 ], [ 37.64088, -0.84798 ], [ 37.64226, -0.84735 ], [ 37.64381, -0.84655 ], [ 37.64517, -0.8457 ], [ 37.64518, -0.84569 ], [ 37.64633, -0.8446 ], [ 37.64724, -0.84483 ], [ 37.64787, -0.84563 ], [ 37.64856, -0.84654 ], [ 37.64856, -0.84655 ], [ 37.64913, -0.84689 ], [ 37.65005, -0.84735 ], [ 37.65137, -0.84718 ], [ 37.65223, -0.84701 ], [ 37.65343, -0.84706 ], [ 37.65469, -0.84827 ], [ 37.65624, -0.84941 ], [ 37.65784, -0.85021 ], [ 37.65922, -0.85027 ], [ 37.66059, -0.84958 ], [ 37.66189, -0.84938 ], [ 37.66202, -0.84935 ], [ 37.66323, -0.84895 ], [ 37.66523, -0.84901 ], [ 37.66609, -0.84804 ], [ 37.66609, -0.84701 ], [ 37.6661, -0.84646 ], [ 37.6667, -0.84603 ], [ 37.66793, -0.84504 ], [ 37.66952, -0.84415 ], [ 37.67083, -0.84329 ], [ 37.67177, -0.84239 ], [ 37.67261, -0.84132 ], [ 37.67281, -0.83991 ], [ 37.67322, -0.83789 ], [ 37.67379, -0.8362 ], [ 37.67455, -0.83456 ], [ 37.67459, -0.83449 ], [ 37.67511, -0.83307 ], [ 37.67636, -0.83101 ], [ 37.6781, -0.82867 ], [ 37.67956, -0.82641 ], [ 37.67959, -0.82635 ], [ 37.68049, -0.82447 ], [ 37.68117, -0.82289 ], [ 37.68127, -0.82225 ], [ 37.68158, -0.8203 ], [ 37.68159, -0.82008 ], [ 37.68174, -0.81743 ], [ 37.68178, -0.81513 ], [ 37.68183, -0.81416 ], [ 37.6819, -0.81283 ], [ 37.68214, -0.81052 ], [ 37.68222, -0.80826 ], [ 37.68227, -0.80677 ], [ 37.68224, -0.80663 ], [ 37.68199, -0.80522 ], [ 37.68179, -0.8041 ], [ 37.68142, -0.80121 ], [ 37.68139, -0.80095 ], [ 37.6819, -0.79923 ], [ 37.68242, -0.79837 ], [ 37.68333, -0.79757 ], [ 37.68434, -0.7974 ], [ 37.68437, -0.79739 ], [ 37.68486, -0.79715 ], [ 37.68501, -0.79712 ], [ 37.68538, -0.79695 ], [ 37.6858, -0.79677 ], [ 37.68656, -0.79677 ], [ 37.68718, -0.79674 ], [ 37.68787, -0.79676 ], [ 37.68797, -0.79677 ], [ 37.68814, -0.79677 ], [ 37.68826, -0.79677 ], [ 37.68829, -0.79681 ], [ 37.68844, -0.79683 ], [ 37.68889, -0.79713 ], [ 37.68909, -0.79759 ], [ 37.68947, -0.7983 ], [ 37.6896, -0.79856 ], [ 37.69061, -0.79929 ], [ 37.69065, -0.79927 ], [ 37.69187, -0.79849 ], [ 37.69194, -0.79845 ], [ 37.69211, -0.79821 ], [ 37.69245, -0.79795 ], [ 37.69276, -0.7977 ], [ 37.69312, -0.79746 ], [ 37.6933, -0.79666 ], [ 37.69302, -0.79475 ], [ 37.69302, -0.79471 ], [ 37.69318, -0.79381 ], [ 37.69319, -0.79379 ], [ 37.69325, -0.79378 ], [ 37.69385, -0.79366 ], [ 37.69417, -0.79348 ], [ 37.69468, -0.79337 ], [ 37.695, -0.79342 ], [ 37.69511, -0.79345 ], [ 37.69514, -0.79345 ], [ 37.69634, -0.79339 ], [ 37.69719, -0.79269 ], [ 37.69731, -0.79259 ], [ 37.69869, -0.79202 ], [ 37.6996, -0.79139 ], [ 37.69955, -0.79035 ], [ 37.69955, -0.7903 ], [ 37.69951, -0.79017 ], [ 37.69949, -0.79001 ], [ 37.69932, -0.78938 ], [ 37.69932, -0.78795 ], [ 37.69909, -0.7872 ], [ 37.70001, -0.78657 ], [ 37.70161, -0.78623 ], [ 37.70251, -0.78581 ], [ 37.70333, -0.78543 ], [ 37.70476, -0.78497 ], [ 37.70591, -0.78457 ], [ 37.70688, -0.78417 ], [ 37.70701, -0.78412 ], [ 37.70706, -0.78409 ], [ 37.70746, -0.78383 ], [ 37.70774, -0.78369 ], [ 37.70808, -0.78362 ], [ 37.70842, -0.78359 ], [ 37.70907, -0.78357 ], [ 37.70992, -0.7835 ], [ 37.71042, -0.78347 ], [ 37.71066, -0.78347 ], [ 37.71146, -0.78331 ], [ 37.71185, -0.78298 ], [ 37.71255, -0.78239 ], [ 37.71307, -0.7822 ], [ 37.71347, -0.78205 ], [ 37.71384, -0.78205 ], [ 37.71502, -0.78205 ], [ 37.71504, -0.78206 ], [ 37.7162, -0.78246 ], [ 37.71633, -0.78251 ], [ 37.71719, -0.78274 ], [ 37.71817, -0.78239 ], [ 37.71856, -0.78231 ], [ 37.71899, -0.78214 ], [ 37.71944, -0.78203 ], [ 37.71993, -0.782 ], [ 37.7203, -0.78199 ], [ 37.7209, -0.78196 ], [ 37.72153, -0.78196 ], [ 37.72196, -0.78206 ], [ 37.72199, -0.78206 ], [ 37.72259, -0.78222 ], [ 37.72301, -0.78251 ], [ 37.72332, -0.78283 ], [ 37.72368, -0.783 ], [ 37.72394, -0.78304 ], [ 37.7242, -0.78304 ], [ 37.72449, -0.78304 ], [ 37.72544, -0.78256 ], [ 37.72716, -0.7813 ], [ 37.72788, -0.78073 ], [ 37.72831, -0.78039 ], [ 37.72882, -0.77979 ], [ 37.73037, -0.77798 ], [ 37.73037, -0.77798 ], [ 37.73126, -0.77765 ], [ 37.73133, -0.7776 ], [ 37.73167, -0.77738 ], [ 37.73207, -0.7772 ], [ 37.73281, -0.77704 ], [ 37.73336, -0.77704 ], [ 37.73426, -0.77718 ], [ 37.73552, -0.77756 ], [ 37.73614, -0.77772 ], [ 37.73698, -0.77782 ], [ 37.73781, -0.77797 ], [ 37.73821, -0.77809 ], [ 37.73871, -0.77834 ], [ 37.73933, -0.77865 ], [ 37.74025, -0.77923 ], [ 37.74099, -0.77956 ], [ 37.74176, -0.77997 ], [ 37.74178, -0.77999 ], [ 37.74248, -0.78036 ], [ 37.74365, -0.78094 ], [ 37.74425, -0.78128 ], [ 37.74479, -0.78184 ], [ 37.74559, -0.78303 ], [ 37.74635, -0.78421 ], [ 37.74704, -0.78583 ], [ 37.74758, -0.78716 ], [ 37.74799, -0.78867 ], [ 37.7482, -0.7899 ], [ 37.74833, -0.79093 ], [ 37.74835, -0.79127 ], [ 37.74839, -0.79182 ], [ 37.74841, -0.79288 ], [ 37.74842, -0.79319 ], [ 37.74842, -0.79432 ], [ 37.74841, -0.79517 ], [ 37.74845, -0.79572 ], [ 37.74867, -0.79623 ], [ 37.74898, -0.79702 ], [ 37.74924, -0.7977 ], [ 37.7494, -0.79835 ], [ 37.74947, -0.79903 ], [ 37.74949, -0.79917 ], [ 37.74974, -0.80022 ], [ 37.75007, -0.80093 ], [ 37.75041, -0.80191 ], [ 37.75066, -0.80283 ], [ 37.75081, -0.80356 ], [ 37.75079, -0.80433 ], [ 37.75078, -0.80519 ], [ 37.75082, -0.80581 ], [ 37.7509, -0.80605 ], [ 37.75139, -0.80657 ], [ 37.75177, -0.80695 ], [ 37.75256, -0.80773 ], [ 37.75279, -0.80787 ], [ 37.75308, -0.80808 ], [ 37.75339, -0.80851 ], [ 37.75364, -0.80901 ], [ 37.75373, -0.80953 ], [ 37.75376, -0.80997 ], [ 37.75388, -0.8105 ], [ 37.75395, -0.81074 ], [ 37.75397, -0.8108 ], [ 37.75433, -0.81157 ], [ 37.75495, -0.81287 ], [ 37.75504, -0.813 ], [ 37.75513, -0.81311 ], [ 37.7553, -0.81334 ], [ 37.75541, -0.81357 ], [ 37.75573, -0.81404 ], [ 37.75611, -0.81461 ], [ 37.75625, -0.81472 ], [ 37.7566, -0.81505 ], [ 37.75675, -0.81526 ], [ 37.7568, -0.81552 ], [ 37.75669, -0.81599 ], [ 37.75645, -0.81639 ], [ 37.75618, -0.81681 ], [ 37.75608, -0.81749 ], [ 37.75599, -0.81808 ], [ 37.756, -0.81812 ], [ 37.75615, -0.81833 ], [ 37.75672, -0.81877 ], [ 37.75703, -0.81911 ], [ 37.75794, -0.82013 ], [ 37.758, -0.82018 ], [ 37.75837, -0.82063 ], [ 37.75862, -0.82098 ], [ 37.75876, -0.82134 ], [ 37.7588, -0.82169 ], [ 37.75879, -0.82209 ], [ 37.75866, -0.82273 ], [ 37.75856, -0.8235 ], [ 37.75854, -0.82417 ], [ 37.75856, -0.82467 ], [ 37.75857, -0.82477 ], [ 37.75907, -0.82535 ], [ 37.75987, -0.82541 ], [ 37.76029, -0.82541 ], [ 37.76085, -0.82541 ], [ 37.76201, -0.82541 ], [ 37.76231, -0.8253 ], [ 37.76261, -0.82525 ], [ 37.76306, -0.82525 ], [ 37.76416, -0.82525 ], [ 37.76459, -0.8254 ], [ 37.76484, -0.82548 ], [ 37.76515, -0.82558 ], [ 37.76571, -0.82571 ], [ 37.7664, -0.82572 ], [ 37.76668, -0.82561 ], [ 37.76708, -0.82546 ], [ 37.76747, -0.82523 ], [ 37.76779, -0.82501 ], [ 37.76811, -0.82476 ], [ 37.76855, -0.82444 ], [ 37.76884, -0.82411 ], [ 37.76912, -0.82385 ], [ 37.76953, -0.82362 ], [ 37.77014, -0.82341 ], [ 37.77086, -0.82341 ], [ 37.77193, -0.82343 ], [ 37.7724, -0.82348 ], [ 37.7726, -0.82349 ], [ 37.77331, -0.8238 ], [ 37.77407, -0.82412 ], [ 37.77478, -0.82418 ], [ 37.77523, -0.82432 ], [ 37.77571, -0.82459 ], [ 37.77644, -0.82493 ], [ 37.77735, -0.82533 ], [ 37.77784, -0.82561 ], [ 37.77824, -0.82598 ], [ 37.77891, -0.82659 ], [ 37.77907, -0.82687 ], [ 37.77945, -0.82725 ], [ 37.78001, -0.82745 ], [ 37.78047, -0.82761 ], [ 37.78056, -0.82764 ], [ 37.78119, -0.82778 ], [ 37.78185, -0.82778 ], [ 37.7823, -0.82768 ], [ 37.78284, -0.82739 ], [ 37.78343, -0.82691 ], [ 37.78428, -0.82598 ], [ 37.7848, -0.82529 ], [ 37.78539, -0.82476 ], [ 37.78543, -0.82476 ], [ 37.78617, -0.82467 ], [ 37.78752, -0.82487 ], [ 37.78766, -0.8249 ], [ 37.78857, -0.8249 ], [ 37.7886, -0.82489 ], [ 37.78888, -0.8249 ], [ 37.78888, -0.8249 ], [ 37.78923, -0.8249 ], [ 37.78936, -0.82462 ], [ 37.78957, -0.82419 ], [ 37.79008, -0.82319 ], [ 37.79064, -0.82222 ], [ 37.791, -0.82145 ], [ 37.79146, -0.82073 ], [ 37.79181, -0.82047 ], [ 37.79231, -0.82009 ], [ 37.79343, -0.81976 ], [ 37.79515, -0.81933 ], [ 37.7966, -0.81856 ], [ 37.79735, -0.81756 ], [ 37.79796, -0.81641 ], [ 37.79847, -0.8151 ], [ 37.79903, -0.81431 ], [ 37.79904, -0.8143 ], [ 37.79967, -0.81342 ], [ 37.8006, -0.81262 ], [ 37.80081, -0.81242 ], [ 37.80136, -0.81191 ], [ 37.80226, -0.81081 ], [ 37.80251, -0.81035 ], [ 37.80277, -0.80989 ], [ 37.80336, -0.80861 ], [ 37.80377, -0.80756 ], [ 37.8042, -0.80651 ], [ 37.8047, -0.80597 ], [ 37.80482, -0.80584 ], [ 37.80558, -0.80561 ], [ 37.80628, -0.80561 ], [ 37.80684, -0.80561 ], [ 37.8069, -0.80565 ], [ 37.80743, -0.80592 ], [ 37.80781, -0.80648 ], [ 37.80789, -0.80753 ], [ 37.80791, -0.80845 ], [ 37.80794, -0.80909 ], [ 37.80808, -0.80934 ], [ 37.80822, -0.80958 ], [ 37.80863, -0.80983 ], [ 37.80954, -0.80992 ], [ 37.81013, -0.80996 ], [ 37.81061, -0.80999 ], [ 37.81117, -0.81005 ], [ 37.81166, -0.81012 ], [ 37.81203, -0.81014 ], [ 37.81235, -0.81017 ], [ 37.81285, -0.81017 ], [ 37.81324, -0.81019 ], [ 37.81362, -0.81026 ], [ 37.81396, -0.81035 ], [ 37.81444, -0.81055 ], [ 37.8148, -0.81068 ], [ 37.81502, -0.81076 ], [ 37.81542, -0.81086 ], [ 37.81589, -0.81086 ], [ 37.81651, -0.81073 ], [ 37.81687, -0.81053 ], [ 37.81703, -0.81045 ], [ 37.81732, -0.81017 ], [ 37.81765, -0.80979 ], [ 37.81812, -0.80923 ], [ 37.8184, -0.80895 ], [ 37.81895, -0.80841 ], [ 37.81949, -0.80782 ], [ 37.81986, -0.80756 ], [ 37.82002, -0.80745 ], [ 37.82043, -0.80721 ], [ 37.82102, -0.80696 ], [ 37.8214, -0.80692 ], [ 37.82189, -0.80693 ], [ 37.82246, -0.80698 ], [ 37.82283, -0.80712 ], [ 37.82302, -0.80723 ], [ 37.82321, -0.80735 ], [ 37.82359, -0.8075 ], [ 37.82396, -0.80767 ], [ 37.82478, -0.80785 ], [ 37.8259, -0.80808 ], [ 37.82689, -0.80806 ], [ 37.82789, -0.80796 ], [ 37.82871, -0.80788 ], [ 37.82876, -0.80788 ], [ 37.82887, -0.80787 ], [ 37.82905, -0.80788 ], [ 37.8291, -0.80789 ], [ 37.82911, -0.80789 ], [ 37.82972, -0.80794 ], [ 37.82984, -0.808 ], [ 37.83023, -0.80819 ], [ 37.83067, -0.80881 ], [ 37.8309, -0.80942 ], [ 37.83112, -0.81021 ], [ 37.83119, -0.81038 ], [ 37.8315, -0.81109 ], [ 37.83215, -0.8122 ], [ 37.83241, -0.81265 ], [ 37.83257, -0.81293 ], [ 37.83279, -0.81343 ], [ 37.833, -0.81403 ], [ 37.83315, -0.81475 ], [ 37.83316, -0.81477 ], [ 37.8334, -0.81523 ], [ 37.83374, -0.81562 ], [ 37.83402, -0.81587 ], [ 37.83436, -0.8161 ], [ 37.83479, -0.81622 ], [ 37.83509, -0.81623 ], [ 37.83543, -0.81623 ], [ 37.83591, -0.81617 ], [ 37.83623, -0.8161 ], [ 37.83652, -0.816 ], [ 37.8369, -0.81586 ], [ 37.83721, -0.8156 ], [ 37.83722, -0.81559 ], [ 37.8376, -0.81536 ], [ 37.83791, -0.81526 ], [ 37.83822, -0.81516 ], [ 37.83844, -0.81511 ], [ 37.83867, -0.81498 ], [ 37.8388, -0.81477 ], [ 37.8388, -0.81442 ], [ 37.8389, -0.81388 ], [ 37.83906, -0.81346 ], [ 37.83931, -0.81302 ], [ 37.83953, -0.81261 ], [ 37.83954, -0.81259 ], [ 37.83974, -0.81234 ], [ 37.83999, -0.81214 ], [ 37.84, -0.81214 ], [ 37.84002, -0.81214 ], [ 37.84009, -0.81214 ], [ 37.84033, -0.81214 ], [ 37.84075, -0.81226 ], [ 37.84136, -0.81249 ], [ 37.84179, -0.81267 ], [ 37.8422, -0.8129 ], [ 37.84238, -0.81304 ], [ 37.84259, -0.8132 ], [ 37.84294, -0.81348 ], [ 37.84306, -0.81351 ], [ 37.84334, -0.81358 ], [ 37.84385, -0.81366 ], [ 37.84433, -0.81368 ], [ 37.84487, -0.81371 ], [ 37.84563, -0.81363 ], [ 37.84656, -0.81354 ] ] ] } },
{ "type": "Feature", "properties": { "entity_id": 190, "p_entity": 23, "name": "Matungulu Sub County" }, "geometry": { "type": "Polygon", "coordinates": [ [ [ 37.3436, -1.11917 ], [ 37.34388, -1.11957 ], [ 37.34431, -1.12006 ], [ 37.34467, -1.12042 ], [ 37.34554, -1.12115 ], [ 37.34622, -1.1217 ], [ 37.34674, -1.12223 ], [ 37.34723, -1.12264 ], [ 37.34783, -1.12305 ], [ 37.34822, -1.12315 ], [ 37.3488, -1.12329 ], [ 37.34942, -1.12343 ], [ 37.3499, -1.12365 ], [ 37.35017, -1.12377 ], [ 37.35039, -1.12413 ], [ 37.35056, -1.12483 ], [ 37.35072, -1.12575 ], [ 37.35087, -1.12638 ], [ 37.35104, -1.12701 ], [ 37.35126, -1.12752 ], [ 37.35155, -1.12812 ], [ 37.35189, -1.12855 ], [ 37.35242, -1.12904 ], [ 37.35288, -1.12952 ], [ 37.35314, -1.12976 ], [ 37.35343, -1.13002 ], [ 37.35425, -1.13075 ], [ 37.35526, -1.13137 ], [ 37.35611, -1.13162 ], [ 37.35698, -1.13193 ], [ 37.35763, -1.1321 ], [ 37.35803, -1.13208 ], [ 37.35842, -1.13208 ], [ 37.35896, -1.13198 ], [ 37.35951, -1.13176 ], [ 37.36023, -1.13137 ], [ 37.36117, -1.13065 ], [ 37.36161, -1.13043 ], [ 37.36192, -1.13043 ], [ 37.36235, -1.13046 ], [ 37.36281, -1.13055 ], [ 37.36318, -1.13075 ], [ 37.36356, -1.13104 ], [ 37.36397, -1.13184 ], [ 37.3644, -1.13347 ], [ 37.36486, -1.13454 ], [ 37.3652, -1.13502 ], [ 37.36545, -1.13528 ], [ 37.36569, -1.13552 ], [ 37.36603, -1.13582 ], [ 37.36626, -1.13623 ], [ 37.36631, -1.13664 ], [ 37.36631, -1.13724 ], [ 37.36627, -1.13835 ], [ 37.36627, -1.13902 ], [ 37.36634, -1.1396 ], [ 37.36658, -1.14025 ], [ 37.36689, -1.14096 ], [ 37.36708, -1.14141 ], [ 37.36723, -1.14175 ], [ 37.36755, -1.14248 ], [ 37.36761, -1.14276 ], [ 37.36755, -1.14313 ], [ 37.36735, -1.14334 ], [ 37.36715, -1.14356 ], [ 37.36679, -1.14392 ], [ 37.36662, -1.14419 ], [ 37.36655, -1.14445 ], [ 37.36662, -1.14477 ], [ 37.36672, -1.14513 ], [ 37.36697, -1.14544 ], [ 37.36779, -1.14585 ], [ 37.36856, -1.14624 ], [ 37.36926, -1.14668 ], [ 37.36998, -1.14743 ], [ 37.37077, -1.14865 ], [ 37.37151, -1.14967 ], [ 37.37176, -1.15 ], [ 37.37251, -1.15104 ], [ 37.37319, -1.1517 ], [ 37.37389, -1.15237 ], [ 37.37452, -1.15302 ], [ 37.37556, -1.15401 ], [ 37.37615, -1.15466 ], [ 37.37674, -1.15517 ], [ 37.37722, -1.15575 ], [ 37.37753, -1.15628 ], [ 37.37784, -1.15688 ], [ 37.37816, -1.15748 ], [ 37.37847, -1.15795 ], [ 37.37891, -1.15836 ], [ 37.37936, -1.15869 ], [ 37.37916, -1.15907 ], [ 37.37894, -1.1591 ], [ 37.3786, -1.15916 ], [ 37.37827, -1.1592 ], [ 37.37791, -1.15932 ], [ 37.37789, -1.15933 ], [ 37.37756, -1.15953 ], [ 37.37732, -1.15973 ], [ 37.37713, -1.15995 ], [ 37.37695, -1.1601 ], [ 37.37676, -1.16022 ], [ 37.3766, -1.16028 ], [ 37.37652, -1.16031 ], [ 37.37648, -1.16032 ], [ 37.37632, -1.16035 ], [ 37.37589, -1.16042 ], [ 37.37535, -1.16045 ], [ 37.37518, -1.16046 ], [ 37.37471, -1.16049 ], [ 37.37439, -1.16074 ], [ 37.37384, -1.16106 ], [ 37.37364, -1.16132 ], [ 37.37342, -1.16155 ], [ 37.37335, -1.16158 ], [ 37.37331, -1.16163 ], [ 37.37324, -1.16163 ], [ 37.37314, -1.16167 ], [ 37.37299, -1.16166 ], [ 37.37292, -1.16165 ], [ 37.37276, -1.16156 ], [ 37.37254, -1.16152 ], [ 37.37231, -1.16153 ], [ 37.37218, -1.1616 ], [ 37.37209, -1.16164 ], [ 37.37184, -1.16181 ], [ 37.37159, -1.16195 ], [ 37.37142, -1.1621 ], [ 37.37121, -1.16226 ], [ 37.37091, -1.1626 ], [ 37.37068, -1.16273 ], [ 37.37066, -1.16274 ], [ 37.37054, -1.16279 ], [ 37.37032, -1.16281 ], [ 37.37023, -1.16277 ], [ 37.37019, -1.16276 ], [ 37.37013, -1.16253 ], [ 37.37018, -1.16231 ], [ 37.37018, -1.16215 ], [ 37.37014, -1.16185 ], [ 37.37009, -1.16174 ], [ 37.37008, -1.16173 ], [ 37.36994, -1.16158 ], [ 37.3698, -1.16146 ], [ 37.36966, -1.16142 ], [ 37.36945, -1.16142 ], [ 37.36933, -1.16142 ], [ 37.36922, -1.16142 ], [ 37.36911, -1.16154 ], [ 37.36898, -1.1617 ], [ 37.3688, -1.16186 ], [ 37.36858, -1.16201 ], [ 37.36839, -1.16216 ], [ 37.3682, -1.16235 ], [ 37.36804, -1.16251 ], [ 37.3679, -1.16265 ], [ 37.36773, -1.16284 ], [ 37.36755, -1.16301 ], [ 37.36739, -1.16322 ], [ 37.36721, -1.16339 ], [ 37.36706, -1.16345 ], [ 37.36698, -1.1635 ], [ 37.36685, -1.1636 ], [ 37.36666, -1.1637 ], [ 37.36642, -1.16384 ], [ 37.36622, -1.16401 ], [ 37.36607, -1.16415 ], [ 37.36593, -1.16431 ], [ 37.36587, -1.16458 ], [ 37.36592, -1.16487 ], [ 37.36607, -1.16497 ], [ 37.36625, -1.16499 ], [ 37.36641, -1.16499 ], [ 37.36648, -1.16501 ], [ 37.36662, -1.16521 ], [ 37.36667, -1.16541 ], [ 37.36668, -1.16544 ], [ 37.36667, -1.16547 ], [ 37.36664, -1.16555 ], [ 37.36661, -1.16564 ], [ 37.3666, -1.16567 ], [ 37.36648, -1.1658 ], [ 37.36642, -1.16582 ], [ 37.3663, -1.16597 ], [ 37.36619, -1.16611 ], [ 37.36604, -1.16638 ], [ 37.36598, -1.16649 ], [ 37.36595, -1.16664 ], [ 37.3659, -1.16682 ], [ 37.36569, -1.16696 ], [ 37.36556, -1.16713 ], [ 37.3654, -1.16737 ], [ 37.36528, -1.16756 ], [ 37.36519, -1.16773 ], [ 37.36513, -1.16798 ], [ 37.365, -1.16853 ], [ 37.36498, -1.16865 ], [ 37.36494, -1.16889 ], [ 37.36484, -1.16922 ], [ 37.36472, -1.16953 ], [ 37.36458, -1.16988 ], [ 37.3645, -1.17009 ], [ 37.36428, -1.17037 ], [ 37.36412, -1.17075 ], [ 37.36389, -1.17099 ], [ 37.36364, -1.17129 ], [ 37.36344, -1.17143 ], [ 37.36319, -1.17157 ], [ 37.36281, -1.17235 ], [ 37.36212, -1.17337 ], [ 37.36168, -1.17453 ], [ 37.36128, -1.17552 ], [ 37.36086, -1.17668 ], [ 37.36074, -1.17661 ], [ 37.36055, -1.17654 ], [ 37.36016, -1.1764 ], [ 37.35978, -1.17618 ], [ 37.35971, -1.17615 ], [ 37.35872, -1.17577 ], [ 37.35871, -1.17577 ], [ 37.35843, -1.17564 ], [ 37.35833, -1.1756 ], [ 37.35804, -1.1755 ], [ 37.35777, -1.17538 ], [ 37.35731, -1.17534 ], [ 37.35692, -1.17532 ], [ 37.35692, -1.17532 ], [ 37.35678, -1.1753 ], [ 37.35677, -1.1753 ], [ 37.35666, -1.17531 ], [ 37.35635, -1.1753 ], [ 37.35531, -1.17524 ], [ 37.35479, -1.17519 ], [ 37.35418, -1.17518 ], [ 37.35351, -1.17518 ], [ 37.35321, -1.17518 ], [ 37.3532, -1.17518 ], [ 37.35299, -1.17517 ], [ 37.35254, -1.17517 ], [ 37.35246, -1.17517 ], [ 37.35198, -1.17518 ], [ 37.35159, -1.17518 ], [ 37.35086, -1.17522 ], [ 37.35072, -1.17525 ], [ 37.35041, -1.17528 ], [ 37.35039, -1.17528 ], [ 37.35011, -1.17538 ], [ 37.35008, -1.17538 ], [ 37.3495, -1.17545 ], [ 37.349, -1.17599 ], [ 37.34867, -1.17638 ], [ 37.3484, -1.17672 ], [ 37.348, -1.17734 ], [ 37.34773, -1.178 ], [ 37.3477, -1.17859 ], [ 37.34772, -1.1791 ], [ 37.34789, -1.17969 ], [ 37.34775, -1.17992 ], [ 37.3473, -1.18062 ], [ 37.34725, -1.18071 ], [ 37.34681, -1.18202 ], [ 37.34672, -1.18244 ], [ 37.34648, -1.18348 ], [ 37.34612, -1.18453 ], [ 37.34585, -1.18558 ], [ 37.34572, -1.18609 ], [ 37.34546, -1.18729 ], [ 37.3451, -1.18904 ], [ 37.34459, -1.19089 ], [ 37.34441, -1.19235 ], [ 37.34441, -1.19308 ], [ 37.34433, -1.19356 ], [ 37.34426, -1.19395 ], [ 37.34454, -1.19482 ], [ 37.34456, -1.19489 ], [ 37.34477, -1.19573 ], [ 37.34566, -1.19644 ], [ 37.3461, -1.19696 ], [ 37.34611, -1.19696 ], [ 37.34635, -1.19722 ], [ 37.34663, -1.19765 ], [ 37.34712, -1.19826 ], [ 37.34767, -1.19892 ], [ 37.34825, -1.19962 ], [ 37.34868, -1.2005 ], [ 37.34881, -1.20106 ], [ 37.34896, -1.20142 ], [ 37.34915, -1.20223 ], [ 37.34919, -1.20296 ], [ 37.34919, -1.203 ], [ 37.34928, -1.20339 ], [ 37.34934, -1.20368 ], [ 37.34937, -1.20385 ], [ 37.34967, -1.20434 ], [ 37.35017, -1.20485 ], [ 37.35073, -1.20519 ], [ 37.35155, -1.20581 ], [ 37.35215, -1.20626 ], [ 37.35221, -1.20631 ], [ 37.35222, -1.20632 ], [ 37.35231, -1.20642 ], [ 37.35257, -1.20675 ], [ 37.35263, -1.20681 ], [ 37.35266, -1.20686 ], [ 37.3527, -1.20693 ], [ 37.35278, -1.20713 ], [ 37.35312, -1.20769 ], [ 37.35351, -1.20856 ], [ 37.35387, -1.20923 ], [ 37.35406, -1.20949 ], [ 37.35444, -1.21007 ], [ 37.35481, -1.21049 ], [ 37.3553, -1.21118 ], [ 37.35557, -1.21175 ], [ 37.35588, -1.21233 ], [ 37.35622, -1.21304 ], [ 37.35649, -1.21352 ], [ 37.35679, -1.21438 ], [ 37.35674, -1.21504 ], [ 37.35678, -1.21551 ], [ 37.35678, -1.21551 ], [ 37.3568, -1.21575 ], [ 37.3571, -1.21645 ], [ 37.35763, -1.21701 ], [ 37.35801, -1.21751 ], [ 37.35839, -1.21873 ], [ 37.35895, -1.21997 ], [ 37.35949, -1.22071 ], [ 37.35955, -1.22171 ], [ 37.36017, -1.22299 ], [ 37.36155, -1.22491 ], [ 37.36184, -1.22555 ], [ 37.36206, -1.22604 ], [ 37.36259, -1.22624 ], [ 37.36271, -1.22653 ], [ 37.36276, -1.22678 ], [ 37.36283, -1.22709 ], [ 37.3629, -1.22732 ], [ 37.36297, -1.2275 ], [ 37.36307, -1.22771 ], [ 37.36317, -1.22786 ], [ 37.36339, -1.2281 ], [ 37.36355, -1.22833 ], [ 37.36379, -1.22861 ], [ 37.36398, -1.22885 ], [ 37.36406, -1.22906 ], [ 37.36411, -1.22931 ], [ 37.36411, -1.22956 ], [ 37.36417, -1.22987 ], [ 37.36421, -1.2301 ], [ 37.36424, -1.23042 ], [ 37.36429, -1.2307 ], [ 37.36432, -1.23093 ], [ 37.36431, -1.23113 ], [ 37.36428, -1.23122 ], [ 37.36422, -1.23139 ], [ 37.36415, -1.23155 ], [ 37.36403, -1.23172 ], [ 37.36383, -1.2319 ], [ 37.36371, -1.23204 ], [ 37.36364, -1.23221 ], [ 37.36368, -1.23236 ], [ 37.36372, -1.23248 ], [ 37.3638, -1.23264 ], [ 37.36388, -1.23278 ], [ 37.36397, -1.23291 ], [ 37.36417, -1.23306 ], [ 37.36429, -1.23315 ], [ 37.36445, -1.23333 ], [ 37.3647, -1.2336 ], [ 37.36483, -1.23377 ], [ 37.36496, -1.23396 ], [ 37.36503, -1.23407 ], [ 37.36506, -1.23421 ], [ 37.36511, -1.23443 ], [ 37.36508, -1.23467 ], [ 37.365, -1.23486 ], [ 37.36599, -1.23594 ], [ 37.3661, -1.23608 ], [ 37.36611, -1.23609 ], [ 37.36612, -1.2361 ], [ 37.36612, -1.23611 ], [ 37.36618, -1.23628 ], [ 37.36636, -1.23674 ], [ 37.36647, -1.23702 ], [ 37.36652, -1.2373 ], [ 37.36656, -1.23757 ], [ 37.36657, -1.23769 ], [ 37.36658, -1.23786 ], [ 37.36659, -1.23817 ], [ 37.36659, -1.23841 ], [ 37.36667, -1.23871 ], [ 37.36669, -1.23904 ], [ 37.36672, -1.23948 ], [ 37.36688, -1.2398 ], [ 37.36704, -1.24006 ], [ 37.36745, -1.24035 ], [ 37.36756, -1.24044 ], [ 37.36782, -1.24062 ], [ 37.36805, -1.24072 ], [ 37.36807, -1.24073 ], [ 37.36816, -1.24078 ], [ 37.36818, -1.24079 ], [ 37.36824, -1.24101 ], [ 37.36825, -1.24104 ], [ 37.36836, -1.24137 ], [ 37.36845, -1.24156 ], [ 37.36847, -1.24161 ], [ 37.36849, -1.24169 ], [ 37.36854, -1.24189 ], [ 37.36855, -1.24193 ], [ 37.36857, -1.24213 ], [ 37.36858, -1.24219 ], [ 37.36861, -1.24241 ], [ 37.36865, -1.24265 ], [ 37.36868, -1.24278 ], [ 37.36869, -1.24307 ], [ 37.36872, -1.24334 ], [ 37.36877, -1.24351 ], [ 37.36891, -1.2437 ], [ 37.36898, -1.24393 ], [ 37.36901, -1.24411 ], [ 37.36902, -1.24432 ], [ 37.36902, -1.24453 ], [ 37.36902, -1.24466 ], [ 37.36903, -1.24485 ], [ 37.369, -1.24507 ], [ 37.36893, -1.24546 ], [ 37.36892, -1.2455 ], [ 37.3689, -1.24568 ], [ 37.36889, -1.24571 ], [ 37.36874, -1.24597 ], [ 37.36872, -1.246 ], [ 37.36875, -1.2461 ], [ 37.36878, -1.24626 ], [ 37.36881, -1.24633 ], [ 37.36885, -1.24648 ], [ 37.36887, -1.24654 ], [ 37.36894, -1.24661 ], [ 37.369, -1.24669 ], [ 37.36937, -1.24689 ], [ 37.3696, -1.24695 ], [ 37.36977, -1.24699 ], [ 37.36988, -1.24703 ], [ 37.37021, -1.24715 ], [ 37.37038, -1.24721 ], [ 37.37042, -1.24723 ], [ 37.37084, -1.24748 ], [ 37.37126, -1.24774 ], [ 37.3713, -1.24779 ], [ 37.37137, -1.24789 ], [ 37.37154, -1.24823 ], [ 37.37163, -1.24845 ], [ 37.37168, -1.24858 ], [ 37.37199, -1.24873 ], [ 37.3723, -1.24874 ], [ 37.37265, -1.24884 ], [ 37.37281, -1.24894 ], [ 37.37328, -1.24924 ], [ 37.3736, -1.24969 ], [ 37.37372, -1.24998 ], [ 37.37384, -1.25024 ], [ 37.37392, -1.25061 ], [ 37.37404, -1.25108 ], [ 37.37428, -1.25175 ], [ 37.37429, -1.25262 ], [ 37.3741, -1.2535 ], [ 37.37403, -1.25447 ], [ 37.37403, -1.25468 ], [ 37.374, -1.25569 ], [ 37.37406, -1.25674 ], [ 37.37407, -1.25688 ], [ 37.37414, -1.25759 ], [ 37.37418, -1.25878 ], [ 37.37457, -1.26036 ], [ 37.37507, -1.26165 ], [ 37.37622, -1.26362 ], [ 37.37637, -1.26375 ], [ 37.37611, -1.26458 ], [ 37.37604, -1.26455 ], [ 37.37567, -1.26418 ], [ 37.3748, -1.26359 ], [ 37.37408, -1.26362 ], [ 37.37352, -1.26362 ], [ 37.37303, -1.26357 ], [ 37.3723, -1.26321 ], [ 37.37188, -1.26279 ], [ 37.37132, -1.26261 ], [ 37.37078, -1.26257 ], [ 37.37037, -1.26251 ], [ 37.37026, -1.26261 ], [ 37.37004, -1.26281 ], [ 37.3698, -1.26289 ], [ 37.36934, -1.26287 ], [ 37.36907, -1.26262 ], [ 37.36833, -1.26232 ], [ 37.36775, -1.26199 ], [ 37.36724, -1.26148 ], [ 37.36691, -1.26112 ], [ 37.36626, -1.26023 ], [ 37.36566, -1.25963 ], [ 37.36494, -1.25914 ], [ 37.36445, -1.25873 ], [ 37.36399, -1.25827 ], [ 37.36354, -1.25758 ], [ 37.36284, -1.25683 ], [ 37.36241, -1.25681 ], [ 37.36189, -1.25664 ], [ 37.36153, -1.25648 ], [ 37.36109, -1.25617 ], [ 37.3608, -1.25579 ], [ 37.36071, -1.25546 ], [ 37.36053, -1.25506 ], [ 37.3602, -1.2543 ], [ 37.35984, -1.25372 ], [ 37.35944, -1.25323 ], [ 37.35915, -1.25283 ], [ 37.35888, -1.25254 ], [ 37.35841, -1.25218 ], [ 37.3581, -1.25194 ], [ 37.35759, -1.25156 ], [ 37.35703, -1.25122 ], [ 37.35641, -1.25107 ], [ 37.35601, -1.25107 ], [ 37.35547, -1.25127 ], [ 37.35505, -1.25149 ], [ 37.35462, -1.25176 ], [ 37.35438, -1.25198 ], [ 37.35409, -1.25243 ], [ 37.35393, -1.25287 ], [ 37.35371, -1.25327 ], [ 37.35349, -1.25388 ], [ 37.35333, -1.25432 ], [ 37.35306, -1.25481 ], [ 37.35297, -1.25521 ], [ 37.35267, -1.25588 ], [ 37.35247, -1.25614 ], [ 37.35214, -1.25662 ], [ 37.35182, -1.25721 ], [ 37.35153, -1.25808 ], [ 37.35136, -1.2586 ], [ 37.35123, -1.25901 ], [ 37.35123, -1.25901 ], [ 37.35107, -1.2595 ], [ 37.3508, -1.26031 ], [ 37.35055, -1.26094 ], [ 37.35017, -1.26145 ], [ 37.34975, -1.26175 ], [ 37.34956, -1.26166 ], [ 37.34929, -1.2615 ], [ 37.34905, -1.2613 ], [ 37.34889, -1.26108 ], [ 37.34872, -1.26097 ], [ 37.34846, -1.2609 ], [ 37.34828, -1.26085 ], [ 37.34817, -1.26078 ], [ 37.34805, -1.26068 ], [ 37.34794, -1.26059 ], [ 37.34779, -1.26054 ], [ 37.34769, -1.26054 ], [ 37.34749, -1.26054 ], [ 37.34737, -1.2605 ], [ 37.34721, -1.26042 ], [ 37.34707, -1.26022 ], [ 37.3469, -1.26011 ], [ 37.34674, -1.26007 ], [ 37.34662, -1.26007 ], [ 37.34638, -1.25995 ], [ 37.34628, -1.25988 ], [ 37.34615, -1.25971 ], [ 37.3461, -1.25949 ], [ 37.34601, -1.25926 ], [ 37.34589, -1.25901 ], [ 37.34566, -1.25879 ], [ 37.3455, -1.25868 ], [ 37.34526, -1.25858 ], [ 37.34503, -1.25854 ], [ 37.3448, -1.25854 ], [ 37.34446, -1.25854 ], [ 37.34427, -1.25854 ], [ 37.34401, -1.25839 ], [ 37.34379, -1.25823 ], [ 37.34364, -1.25819 ], [ 37.34348, -1.25818 ], [ 37.34335, -1.25816 ], [ 37.34319, -1.25812 ], [ 37.34308, -1.25805 ], [ 37.34307, -1.25824 ], [ 37.34307, -1.25842 ], [ 37.34308, -1.25859 ], [ 37.34317, -1.25882 ], [ 37.34326, -1.25918 ], [ 37.3433, -1.25951 ], [ 37.3433, -1.25978 ], [ 37.3433, -1.26006 ], [ 37.3433, -1.2603 ], [ 37.34373, -1.26067 ], [ 37.34408, -1.26081 ], [ 37.3444, -1.26108 ], [ 37.34469, -1.26137 ], [ 37.34499, -1.26172 ], [ 37.34499, -1.26231 ], [ 37.34508, -1.26324 ], [ 37.34537, -1.26389 ], [ 37.34572, -1.26447 ], [ 37.34616, -1.26491 ], [ 37.34683, -1.26535 ], [ 37.34751, -1.26582 ], [ 37.34821, -1.26611 ], [ 37.34879, -1.26629 ], [ 37.34873, -1.26696 ], [ 37.34861, -1.26765 ], [ 37.3485, -1.26774 ], [ 37.34819, -1.26801 ], [ 37.3479, -1.26828 ], [ 37.34742, -1.26875 ], [ 37.34704, -1.26908 ], [ 37.34661, -1.2694 ], [ 37.34625, -1.26965 ], [ 37.346, -1.2698 ], [ 37.3457, -1.26996 ], [ 37.34543, -1.27008 ], [ 37.34506, -1.27021 ], [ 37.34447, -1.27046 ], [ 37.34399, -1.27066 ], [ 37.34288, -1.27101 ], [ 37.34201, -1.27132 ], [ 37.34126, -1.27156 ], [ 37.34091, -1.27167 ], [ 37.34058, -1.27176 ], [ 37.33988, -1.27192 ], [ 37.33925, -1.27202 ], [ 37.33891, -1.27207 ], [ 37.33861, -1.2721 ], [ 37.33831, -1.27218 ], [ 37.33777, -1.27229 ], [ 37.33737, -1.27264 ], [ 37.33708, -1.27303 ], [ 37.33691, -1.2735 ], [ 37.33691, -1.27391 ], [ 37.33689, -1.27429 ], [ 37.33691, -1.27477 ], [ 37.33701, -1.27522 ], [ 37.33718, -1.27575 ], [ 37.33732, -1.27639 ], [ 37.33749, -1.2772 ], [ 37.33749, -1.27783 ], [ 37.33749, -1.27849 ], [ 37.33732, -1.27909 ], [ 37.33713, -1.27938 ], [ 37.33692, -1.27967 ], [ 37.33651, -1.27974 ], [ 37.33606, -1.27971 ], [ 37.33544, -1.27955 ], [ 37.33462, -1.2793 ], [ 37.33374, -1.27904 ], [ 37.33291, -1.27894 ], [ 37.3323, -1.27891 ], [ 37.33181, -1.27891 ], [ 37.33141, -1.27913 ], [ 37.33094, -1.27931 ], [ 37.32994, -1.27993 ], [ 37.32949, -1.28028 ], [ 37.32913, -1.28071 ], [ 37.32906, -1.28109 ], [ 37.32912, -1.28125 ], [ 37.32912, -1.28153 ], [ 37.32912, -1.28179 ], [ 37.32912, -1.28219 ], [ 37.32912, -1.28242 ], [ 37.32905, -1.28264 ], [ 37.32884, -1.28294 ], [ 37.32862, -1.28328 ], [ 37.32835, -1.28379 ], [ 37.32807, -1.28434 ], [ 37.32783, -1.28437 ], [ 37.3277, -1.28455 ], [ 37.32753, -1.2847 ], [ 37.32744, -1.28481 ], [ 37.32728, -1.2849 ], [ 37.32704, -1.2849 ], [ 37.32683, -1.28484 ], [ 37.32654, -1.28477 ], [ 37.32631, -1.28477 ], [ 37.32615, -1.28477 ], [ 37.326, -1.28477 ], [ 37.32588, -1.28466 ], [ 37.3257, -1.28455 ], [ 37.32545, -1.28452 ], [ 37.32518, -1.28455 ], [ 37.32542, -1.2851 ], [ 37.3257, -1.28561 ], [ 37.32584, -1.2862 ], [ 37.32597, -1.28672 ], [ 37.32625, -1.28713 ], [ 37.32659, -1.28751 ], [ 37.32687, -1.28778 ], [ 37.32697, -1.28813 ], [ 37.32704, -1.28857 ], [ 37.32704, -1.28895 ], [ 37.32704, -1.28947 ], [ 37.32711, -1.28985 ], [ 37.32718, -1.29019 ], [ 37.32749, -1.2905 ], [ 37.32763, -1.29112 ], [ 37.32756, -1.2916 ], [ 37.32735, -1.29222 ], [ 37.32725, -1.29281 ], [ 37.32701, -1.29333 ], [ 37.32673, -1.29375 ], [ 37.3267, -1.29381 ], [ 37.32621, -1.29436 ], [ 37.32559, -1.29501 ], [ 37.32535, -1.29519 ], [ 37.32496, -1.29547 ], [ 37.32477, -1.29587 ], [ 37.32463, -1.29639 ], [ 37.32453, -1.29746 ], [ 37.32453, -1.29814 ], [ 37.32453, -1.29921 ], [ 37.32453, -1.30031 ], [ 37.32463, -1.30104 ], [ 37.32504, -1.302 ], [ 37.32528, -1.30248 ], [ 37.32599, -1.30305 ], [ 37.32648, -1.30397 ], [ 37.32657, -1.30412 ], [ 37.32665, -1.30432 ], [ 37.32686, -1.3046 ], [ 37.32713, -1.30493 ], [ 37.32719, -1.30499 ], [ 37.32648, -1.30525 ], [ 37.32616, -1.30539 ], [ 37.32501, -1.30588 ], [ 37.32418, -1.30616 ], [ 37.32306, -1.30662 ], [ 37.32252, -1.30684 ], [ 37.32219, -1.30697 ], [ 37.32165, -1.30721 ], [ 37.32124, -1.30744 ], [ 37.3206, -1.30795 ], [ 37.31998, -1.30851 ], [ 37.31956, -1.30877 ], [ 37.31895, -1.309 ], [ 37.31841, -1.30915 ], [ 37.3179, -1.30923 ], [ 37.31761, -1.30924 ], [ 37.31725, -1.30919 ], [ 37.31715, -1.30918 ], [ 37.31655, -1.30913 ], [ 37.31578, -1.30902 ], [ 37.31566, -1.309 ], [ 37.31478, -1.30885 ], [ 37.31387, -1.30873 ], [ 37.31269, -1.30852 ], [ 37.31163, -1.30837 ], [ 37.31115, -1.30831 ], [ 37.31058, -1.30823 ], [ 37.30971, -1.30812 ], [ 37.30926, -1.30805 ], [ 37.30879, -1.30804 ], [ 37.30845, -1.30806 ], [ 37.30806, -1.3081 ], [ 37.30796, -1.30812 ], [ 37.30732, -1.30827 ], [ 37.30657, -1.30839 ], [ 37.30583, -1.30854 ], [ 37.30522, -1.30865 ], [ 37.30507, -1.30869 ], [ 37.30475, -1.3082 ], [ 37.30404, -1.30775 ], [ 37.30357, -1.30746 ], [ 37.30196, -1.3062 ], [ 37.30068, -1.30539 ], [ 37.29973, -1.30474 ], [ 37.29908, -1.30431 ], [ 37.29845, -1.30378 ], [ 37.2978, -1.30328 ], [ 37.29719, -1.30289 ], [ 37.29631, -1.30242 ], [ 37.29578, -1.3021 ], [ 37.29519, -1.30185 ], [ 37.29471, -1.30159 ], [ 37.29448, -1.30134 ], [ 37.29435, -1.3013 ], [ 37.2942, -1.30121 ], [ 37.29395, -1.30116 ], [ 37.29366, -1.30116 ], [ 37.29345, -1.30117 ], [ 37.2932, -1.30119 ], [ 37.29302, -1.30126 ], [ 37.29282, -1.30136 ], [ 37.29267, -1.30148 ], [ 37.29249, -1.30155 ], [ 37.29272, -1.30169 ], [ 37.29281, -1.30174 ], [ 37.29289, -1.3018 ], [ 37.29303, -1.3019 ], [ 37.29309, -1.30201 ], [ 37.29311, -1.30215 ], [ 37.2931, -1.30228 ], [ 37.29302, -1.30239 ], [ 37.29288, -1.30251 ], [ 37.29281, -1.30252 ], [ 37.29268, -1.30257 ], [ 37.2925, -1.30263 ], [ 37.29226, -1.30275 ], [ 37.29197, -1.30291 ], [ 37.29186, -1.30308 ], [ 37.29178, -1.30322 ], [ 37.2917, -1.30335 ], [ 37.29162, -1.30349 ], [ 37.29155, -1.3036 ], [ 37.29141, -1.30367 ], [ 37.29133, -1.30366 ], [ 37.29127, -1.30355 ], [ 37.29119, -1.30342 ], [ 37.29115, -1.3033 ], [ 37.29111, -1.30317 ], [ 37.29103, -1.30306 ], [ 37.29096, -1.30297 ], [ 37.29089, -1.30292 ], [ 37.29075, -1.30297 ], [ 37.29066, -1.3031 ], [ 37.29058, -1.30322 ], [ 37.29056, -1.30334 ], [ 37.29056, -1.3035 ], [ 37.29053, -1.30367 ], [ 37.29051, -1.30389 ], [ 37.29051, -1.30403 ], [ 37.29051, -1.30415 ], [ 37.29052, -1.30423 ], [ 37.2906, -1.30428 ], [ 37.29071, -1.30428 ], [ 37.29089, -1.30428 ], [ 37.29101, -1.30431 ], [ 37.29108, -1.3044 ], [ 37.2911, -1.30449 ], [ 37.2911, -1.30459 ], [ 37.29108, -1.30469 ], [ 37.29104, -1.30478 ], [ 37.29097, -1.30487 ], [ 37.29085, -1.30496 ], [ 37.2907, -1.30512 ], [ 37.29069, -1.30528 ], [ 37.29069, -1.3054 ], [ 37.29066, -1.30552 ], [ 37.29062, -1.30567 ], [ 37.29058, -1.30577 ], [ 37.29045, -1.30583 ], [ 37.29028, -1.30583 ], [ 37.29018, -1.30576 ], [ 37.29005, -1.30568 ], [ 37.28988, -1.30555 ], [ 37.28978, -1.30553 ], [ 37.28962, -1.30556 ], [ 37.28955, -1.30562 ], [ 37.28951, -1.30571 ], [ 37.28944, -1.30581 ], [ 37.28936, -1.30591 ], [ 37.28932, -1.30598 ], [ 37.28928, -1.30607 ], [ 37.28921, -1.30614 ], [ 37.28911, -1.30616 ], [ 37.28896, -1.30619 ], [ 37.2888, -1.3062 ], [ 37.28862, -1.30626 ], [ 37.28856, -1.30628 ], [ 37.28844, -1.30633 ], [ 37.28833, -1.30642 ], [ 37.28825, -1.30652 ], [ 37.28814, -1.3066 ], [ 37.28776, -1.30677 ], [ 37.28725, -1.30706 ], [ 37.28667, -1.30737 ], [ 37.28605, -1.30791 ], [ 37.28547, -1.30844 ], [ 37.28504, -1.30902 ], [ 37.28471, -1.30963 ], [ 37.28446, -1.31041 ], [ 37.28433, -1.31083 ], [ 37.28411, -1.31152 ], [ 37.28384, -1.31264 ], [ 37.28335, -1.31409 ], [ 37.28306, -1.315 ], [ 37.28281, -1.31561 ], [ 37.28238, -1.31661 ], [ 37.28216, -1.31732 ], [ 37.28192, -1.3179 ], [ 37.28172, -1.31831 ], [ 37.28145, -1.319 ], [ 37.28129, -1.3194 ], [ 37.28097, -1.31978 ], [ 37.28065, -1.31988 ], [ 37.28049, -1.32007 ], [ 37.28037, -1.32015 ], [ 37.28018, -1.32031 ], [ 37.28004, -1.3205 ], [ 37.27985, -1.3207 ], [ 37.27972, -1.32082 ], [ 37.27955, -1.32096 ], [ 37.27944, -1.32103 ], [ 37.2792, -1.32116 ], [ 37.27898, -1.32137 ], [ 37.27885, -1.32158 ], [ 37.27877, -1.32177 ], [ 37.2787, -1.32189 ], [ 37.27861, -1.32199 ], [ 37.27849, -1.32211 ], [ 37.27836, -1.32231 ], [ 37.27829, -1.32251 ], [ 37.27819, -1.3228 ], [ 37.27808, -1.32299 ], [ 37.27793, -1.32312 ], [ 37.27776, -1.32321 ], [ 37.27766, -1.32333 ], [ 37.27764, -1.32343 ], [ 37.2776, -1.32362 ], [ 37.27745, -1.32376 ], [ 37.27727, -1.32397 ], [ 37.27703, -1.3241 ], [ 37.27684, -1.32413 ], [ 37.27664, -1.32414 ], [ 37.27642, -1.32419 ], [ 37.27618, -1.32428 ], [ 37.27605, -1.32438 ], [ 37.27592, -1.32453 ], [ 37.27576, -1.32467 ], [ 37.27557, -1.32474 ], [ 37.27535, -1.32481 ], [ 37.2752, -1.32486 ], [ 37.27488, -1.32489 ], [ 37.27461, -1.32494 ], [ 37.27442, -1.32505 ], [ 37.27418, -1.32528 ], [ 37.27399, -1.32547 ], [ 37.27385, -1.32564 ], [ 37.27377, -1.32583 ], [ 37.27375, -1.32601 ], [ 37.27375, -1.32621 ], [ 37.27377, -1.32662 ], [ 37.27377, -1.32686 ], [ 37.27377, -1.32712 ], [ 37.27405, -1.32726 ], [ 37.27443, -1.32748 ], [ 37.27471, -1.3277 ], [ 37.27496, -1.32795 ], [ 37.27521, -1.32828 ], [ 37.2753, -1.32847 ], [ 37.2753, -1.32864 ], [ 37.27522, -1.32879 ], [ 37.27512, -1.32884 ], [ 37.27502, -1.32884 ], [ 37.27484, -1.32877 ], [ 37.27445, -1.32866 ], [ 37.27405, -1.32862 ], [ 37.27377, -1.32864 ], [ 37.2736, -1.3288 ], [ 37.27354, -1.329 ], [ 37.27354, -1.32928 ], [ 37.27355, -1.32958 ], [ 37.27355, -1.33 ], [ 37.27355, -1.33056 ], [ 37.27357, -1.33123 ], [ 37.27355, -1.33178 ], [ 37.27353, -1.3321 ], [ 37.27357, -1.33244 ], [ 37.27364, -1.33266 ], [ 37.27369, -1.33277 ], [ 37.27352, -1.33285 ], [ 37.27343, -1.33289 ], [ 37.27342, -1.33286 ], [ 37.27345, -1.33253 ], [ 37.27335, -1.33254 ], [ 37.27323, -1.33254 ], [ 37.2731, -1.33254 ], [ 37.27299, -1.33255 ], [ 37.27287, -1.33261 ], [ 37.27267, -1.33273 ], [ 37.27247, -1.33303 ], [ 37.27215, -1.33326 ], [ 37.27191, -1.33332 ], [ 37.2717, -1.33347 ], [ 37.27145, -1.3336 ], [ 37.27126, -1.33372 ], [ 37.27117, -1.33376 ], [ 37.27111, -1.33373 ], [ 37.27086, -1.33371 ], [ 37.27067, -1.33367 ], [ 37.27049, -1.33366 ], [ 37.27034, -1.33366 ], [ 37.27015, -1.33364 ], [ 37.27, -1.33362 ], [ 37.26959, -1.33358 ], [ 37.26913, -1.33359 ], [ 37.26892, -1.33361 ], [ 37.26875, -1.33365 ], [ 37.26856, -1.33374 ], [ 37.26724, -1.33379 ], [ 37.26596, -1.33372 ], [ 37.26474, -1.33362 ], [ 37.26336, -1.33362 ], [ 37.26234, -1.33362 ], [ 37.26206, -1.33361 ], [ 37.26119, -1.33362 ], [ 37.26014, -1.33358 ], [ 37.25886, -1.33355 ], [ 37.25873, -1.33349 ], [ 37.25866, -1.33342 ], [ 37.25658, -1.33212 ], [ 37.25537, -1.33136 ], [ 37.25475, -1.33098 ], [ 37.25338, -1.32982 ], [ 37.25267, -1.32865 ], [ 37.25095, -1.32699 ], [ 37.24978, -1.3269 ], [ 37.24756, -1.32541 ], [ 37.24695, -1.32499 ], [ 37.24502, -1.3237 ], [ 37.24449, -1.32331 ], [ 37.24392, -1.32253 ], [ 37.24331, -1.32121 ], [ 37.24287, -1.31996 ], [ 37.24199, -1.31786 ], [ 37.24179, -1.31661 ], [ 37.24168, -1.31519 ], [ 37.24173, -1.31508 ], [ 37.2423, -1.31386 ], [ 37.24255, -1.31343 ], [ 37.24263, -1.31329 ], [ 37.24278, -1.31302 ], [ 37.24318, -1.31217 ], [ 37.24333, -1.31179 ], [ 37.24338, -1.31171 ], [ 37.24347, -1.31157 ], [ 37.24365, -1.31141 ], [ 37.24383, -1.31129 ], [ 37.24398, -1.31115 ], [ 37.24411, -1.311 ], [ 37.24425, -1.31087 ], [ 37.24469, -1.31045 ], [ 37.24477, -1.31038 ], [ 37.24491, -1.31026 ], [ 37.2451, -1.31012 ], [ 37.24531, -1.30999 ], [ 37.24551, -1.30987 ], [ 37.24593, -1.30959 ], [ 37.24629, -1.3094 ], [ 37.24653, -1.30928 ], [ 37.2468, -1.30912 ], [ 37.24702, -1.30899 ], [ 37.24728, -1.30885 ], [ 37.24748, -1.3087 ], [ 37.2476, -1.30856 ], [ 37.24801, -1.30822 ], [ 37.24832, -1.30794 ], [ 37.24851, -1.30776 ], [ 37.24871, -1.30763 ], [ 37.2489, -1.30752 ], [ 37.24912, -1.30738 ], [ 37.2493, -1.30725 ], [ 37.24955, -1.30716 ], [ 37.24965, -1.30707 ], [ 37.25019, -1.30692 ], [ 37.25045, -1.30677 ], [ 37.25068, -1.30668 ], [ 37.25082, -1.30664 ], [ 37.25221, -1.30639 ], [ 37.25403, -1.30571 ], [ 37.25539, -1.30541 ], [ 37.25539, -1.30541 ], [ 37.25569, -1.30541 ], [ 37.2557, -1.30543 ], [ 37.2557, -1.30543 ], [ 37.25595, -1.30539 ], [ 37.25595, -1.30534 ], [ 37.25594, -1.3051 ], [ 37.25594, -1.30506 ], [ 37.25592, -1.30494 ], [ 37.25593, -1.30494 ], [ 37.2559, -1.30479 ], [ 37.2559, -1.30478 ], [ 37.25589, -1.30478 ], [ 37.25589, -1.30477 ], [ 37.25589, -1.30477 ], [ 37.25567, -1.30371 ], [ 37.25573, -1.30361 ], [ 37.25578, -1.30331 ], [ 37.25573, -1.30312 ], [ 37.2557, -1.303 ], [ 37.2557, -1.30299 ], [ 37.25555, -1.30273 ], [ 37.2555, -1.30268 ], [ 37.25545, -1.30244 ], [ 37.25495, -1.30179 ], [ 37.25491, -1.30176 ], [ 37.25492, -1.30166 ], [ 37.25487, -1.30144 ], [ 37.25474, -1.30124 ], [ 37.25464, -1.30115 ], [ 37.25461, -1.30112 ], [ 37.25457, -1.30111 ], [ 37.2544, -1.30106 ], [ 37.2542, -1.30098 ], [ 37.25402, -1.30091 ], [ 37.25355, -1.30039 ], [ 37.2535, -1.30033 ], [ 37.25345, -1.30026 ], [ 37.25338, -1.30019 ], [ 37.25316, -1.29995 ], [ 37.25315, -1.29994 ], [ 37.25305, -1.29983 ], [ 37.25289, -1.29977 ], [ 37.25265, -1.29961 ], [ 37.25247, -1.29952 ], [ 37.25236, -1.29947 ], [ 37.25233, -1.29946 ], [ 37.25216, -1.2994 ], [ 37.25199, -1.2994 ], [ 37.25109, -1.29872 ], [ 37.25077, -1.29851 ], [ 37.25072, -1.29842 ], [ 37.25048, -1.29824 ], [ 37.25018, -1.29812 ], [ 37.24995, -1.29807 ], [ 37.24978, -1.29803 ], [ 37.24951, -1.29795 ], [ 37.24922, -1.29789 ], [ 37.24908, -1.29789 ], [ 37.24871, -1.29786 ], [ 37.24861, -1.29786 ], [ 37.24853, -1.29786 ], [ 37.2482, -1.2978 ], [ 37.24797, -1.29763 ], [ 37.2478, -1.2974 ], [ 37.24778, -1.29721 ], [ 37.24772, -1.29698 ], [ 37.24737, -1.29698 ], [ 37.24711, -1.29703 ], [ 37.24688, -1.29714 ], [ 37.24672, -1.29728 ], [ 37.24665, -1.29732 ], [ 37.24661, -1.29734 ], [ 37.24658, -1.29735 ], [ 37.24653, -1.29739 ], [ 37.24631, -1.29751 ], [ 37.24619, -1.2976 ], [ 37.24603, -1.29771 ], [ 37.24596, -1.29778 ], [ 37.2458, -1.29794 ], [ 37.24559, -1.29813 ], [ 37.24545, -1.29819 ], [ 37.24542, -1.29819 ], [ 37.2454, -1.29819 ], [ 37.24537, -1.2982 ], [ 37.24515, -1.29819 ], [ 37.24482, -1.29819 ], [ 37.2448, -1.2982 ], [ 37.24474, -1.2982 ], [ 37.24453, -1.29821 ], [ 37.2443, -1.29831 ], [ 37.24388, -1.2985 ], [ 37.24363, -1.29869 ], [ 37.24343, -1.29891 ], [ 37.24334, -1.29899 ], [ 37.24321, -1.299 ], [ 37.24304, -1.29889 ], [ 37.24288, -1.29878 ], [ 37.24263, -1.29865 ], [ 37.24248, -1.29865 ], [ 37.24222, -1.29865 ], [ 37.24209, -1.29869 ], [ 37.24194, -1.29874 ], [ 37.24171, -1.29881 ], [ 37.24146, -1.29901 ], [ 37.24137, -1.29912 ], [ 37.24124, -1.29928 ], [ 37.24121, -1.29934 ], [ 37.24112, -1.29947 ], [ 37.24091, -1.29963 ], [ 37.24067, -1.29988 ], [ 37.24066, -1.29989 ], [ 37.24065, -1.2999 ], [ 37.24056, -1.30003 ], [ 37.24054, -1.30006 ], [ 37.24042, -1.30021 ], [ 37.2404, -1.30021 ], [ 37.2402, -1.30023 ], [ 37.24006, -1.30023 ], [ 37.24, -1.30023 ], [ 37.23982, -1.30017 ], [ 37.23971, -1.30017 ], [ 37.23946, -1.30015 ], [ 37.23928, -1.30023 ], [ 37.23927, -1.30023 ], [ 37.23904, -1.30034 ], [ 37.23888, -1.30041 ], [ 37.23871, -1.30048 ], [ 37.23857, -1.30051 ], [ 37.23841, -1.30052 ], [ 37.2382, -1.30054 ], [ 37.2379, -1.30056 ], [ 37.23788, -1.30056 ], [ 37.23767, -1.30063 ], [ 37.23738, -1.30079 ], [ 37.23702, -1.301 ], [ 37.23667, -1.30113 ], [ 37.23667, -1.30113 ], [ 37.23648, -1.30129 ], [ 37.23623, -1.30144 ], [ 37.23607, -1.30157 ], [ 37.23583, -1.30176 ], [ 37.2357, -1.30195 ], [ 37.23564, -1.30216 ], [ 37.2356, -1.30246 ], [ 37.23559, -1.30251 ], [ 37.23554, -1.3027 ], [ 37.23544, -1.30286 ], [ 37.23526, -1.30303 ], [ 37.23507, -1.3032 ], [ 37.23495, -1.30325 ], [ 37.23492, -1.30333 ], [ 37.23491, -1.30341 ], [ 37.23488, -1.30351 ], [ 37.2349, -1.30361 ], [ 37.23501, -1.30387 ], [ 37.23519, -1.30412 ], [ 37.23522, -1.30416 ], [ 37.23522, -1.30417 ], [ 37.23538, -1.30446 ], [ 37.23548, -1.30467 ], [ 37.23537, -1.30523 ], [ 37.23533, -1.30529 ], [ 37.23528, -1.30536 ], [ 37.23528, -1.30536 ], [ 37.23519, -1.30547 ], [ 37.23505, -1.30556 ], [ 37.23491, -1.30559 ], [ 37.2347, -1.3056 ], [ 37.23447, -1.3056 ], [ 37.23403, -1.3055 ], [ 37.23395, -1.30548 ], [ 37.23385, -1.30544 ], [ 37.23351, -1.30533 ], [ 37.23315, -1.30527 ], [ 37.23268, -1.30524 ], [ 37.23225, -1.30524 ], [ 37.23216, -1.30527 ], [ 37.23081, -1.30487 ], [ 37.22929, -1.30409 ], [ 37.22827, -1.30358 ], [ 37.22717, -1.30314 ], [ 37.22685, -1.30301 ], [ 37.2252, -1.30247 ], [ 37.22357, -1.30196 ], [ 37.22283, -1.30179 ], [ 37.22204, -1.30155 ], [ 37.2218, -1.30169 ], [ 37.22123, -1.30189 ], [ 37.22095, -1.30199 ], [ 37.22026, -1.30224 ], [ 37.22003, -1.30229 ], [ 37.21954, -1.30238 ], [ 37.21927, -1.30253 ], [ 37.21896, -1.30261 ], [ 37.21886, -1.30263 ], [ 37.21876, -1.30266 ], [ 37.21878, -1.30281 ], [ 37.21887, -1.30389 ], [ 37.21907, -1.30998 ], [ 37.21921, -1.31573 ], [ 37.2193, -1.31811 ], [ 37.21934, -1.31957 ], [ 37.21937, -1.32071 ], [ 37.21938, -1.32127 ], [ 37.2194, -1.32224 ], [ 37.21948, -1.32592 ], [ 37.21948, -1.32593 ], [ 37.21948, -1.32598 ], [ 37.21949, -1.32629 ], [ 37.2195, -1.32665 ], [ 37.21963, -1.33236 ], [ 37.21976, -1.33816 ], [ 37.21977, -1.33907 ], [ 37.2199, -1.34296 ], [ 37.21988, -1.34352 ], [ 37.21994, -1.34468 ], [ 37.21996, -1.34564 ], [ 37.21998, -1.346 ], [ 37.21999, -1.34643 ], [ 37.22001, -1.34669 ], [ 37.21999, -1.34712 ], [ 37.21999, -1.34714 ], [ 37.21997, -1.348 ], [ 37.22001, -1.34865 ], [ 37.22, -1.34873 ], [ 37.21691, -1.34873 ], [ 37.21605, -1.34873 ], [ 37.2142, -1.34868 ], [ 37.2095, -1.34856 ], [ 37.20793, -1.34851 ], [ 37.20647, -1.34844 ], [ 37.20574, -1.34841 ], [ 37.20527, -1.34837 ], [ 37.20325, -1.34833 ], [ 37.20196, -1.34821 ], [ 37.20143, -1.34822 ], [ 37.1998, -1.3481 ], [ 37.19863, -1.34807 ], [ 37.19796, -1.34804 ], [ 37.19775, -1.34804 ], [ 37.19703, -1.34795 ], [ 37.19423, -1.34795 ], [ 37.19343, -1.34792 ], [ 37.1922, -1.34784 ], [ 37.191, -1.34781 ], [ 37.19026, -1.34781 ], [ 37.18968, -1.34779 ], [ 37.18911, -1.34779 ], [ 37.18831, -1.34776 ], [ 37.18806, -1.34776 ], [ 37.18796, -1.34776 ], [ 37.18775, -1.34775 ], [ 37.18722, -1.34774 ], [ 37.18676, -1.34767 ], [ 37.18633, -1.34768 ], [ 37.18588, -1.34767 ], [ 37.18445, -1.34762 ], [ 37.18274, -1.34759 ], [ 37.18195, -1.34752 ], [ 37.18132, -1.34752 ], [ 37.18017, -1.34751 ], [ 37.17895, -1.34745 ], [ 37.17829, -1.34742 ], [ 37.17785, -1.34743 ], [ 37.17741, -1.34744 ], [ 37.17697, -1.34746 ], [ 37.17645, -1.3475 ], [ 37.17602, -1.34753 ], [ 37.17553, -1.3475 ], [ 37.17519, -1.34749 ], [ 37.17485, -1.34749 ], [ 37.17459, -1.34751 ], [ 37.17435, -1.34751 ], [ 37.17408, -1.34747 ], [ 37.17383, -1.34734 ], [ 37.17345, -1.34709 ], [ 37.1732, -1.34686 ], [ 37.17297, -1.34657 ], [ 37.17284, -1.34633 ], [ 37.17272, -1.34603 ], [ 37.17266, -1.34566 ], [ 37.17264, -1.34545 ], [ 37.17256, -1.34505 ], [ 37.17263, -1.34441 ], [ 37.1726, -1.34391 ], [ 37.17254, -1.34363 ], [ 37.17247, -1.34307 ], [ 37.17233, -1.34246 ], [ 37.17207, -1.34194 ], [ 37.17194, -1.34176 ], [ 37.17171, -1.34152 ], [ 37.17153, -1.34129 ], [ 37.17132, -1.341 ], [ 37.17115, -1.34078 ], [ 37.17089, -1.34051 ], [ 37.17071, -1.34031 ], [ 37.17031, -1.33986 ], [ 37.17012, -1.33962 ], [ 37.16986, -1.33923 ], [ 37.16953, -1.33878 ], [ 37.16939, -1.33862 ], [ 37.16922, -1.33845 ], [ 37.16906, -1.33825 ], [ 37.16893, -1.33809 ], [ 37.16886, -1.33781 ], [ 37.16876, -1.3376 ], [ 37.16874, -1.33733 ], [ 37.16872, -1.33674 ], [ 37.16873, -1.33635 ], [ 37.16875, -1.33604 ], [ 37.1688, -1.33568 ], [ 37.16894, -1.33534 ], [ 37.16905, -1.33508 ], [ 37.1691, -1.33494 ], [ 37.16933, -1.33456 ], [ 37.16936, -1.33416 ], [ 37.16936, -1.33395 ], [ 37.1693, -1.33372 ], [ 37.16921, -1.33346 ], [ 37.16897, -1.33309 ], [ 37.16886, -1.33286 ], [ 37.16873, -1.33262 ], [ 37.16845, -1.33205 ], [ 37.16832, -1.33165 ], [ 37.16815, -1.33141 ], [ 37.168, -1.33124 ], [ 37.16784, -1.33109 ], [ 37.16766, -1.33089 ], [ 37.1675, -1.33073 ], [ 37.16729, -1.33049 ], [ 37.16706, -1.33053 ], [ 37.16688, -1.33048 ], [ 37.1666, -1.33031 ], [ 37.16644, -1.33012 ], [ 37.16633, -1.32988 ], [ 37.16614, -1.32945 ], [ 37.16599, -1.3291 ], [ 37.1659, -1.32893 ], [ 37.16573, -1.32867 ], [ 37.16547, -1.32839 ], [ 37.16521, -1.32819 ], [ 37.16456, -1.32747 ], [ 37.16429, -1.3271 ], [ 37.16421, -1.32683 ], [ 37.16416, -1.32661 ], [ 37.16405, -1.32642 ], [ 37.16399, -1.32628 ], [ 37.16383, -1.32605 ], [ 37.1637, -1.32588 ], [ 37.1635, -1.32549 ], [ 37.16332, -1.32516 ], [ 37.16293, -1.32441 ], [ 37.16287, -1.32417 ], [ 37.16284, -1.32396 ], [ 37.16264, -1.32373 ], [ 37.16238, -1.32345 ], [ 37.16212, -1.32317 ], [ 37.16189, -1.32296 ], [ 37.16139, -1.32255 ], [ 37.16069, -1.3218 ], [ 37.1602, -1.32122 ], [ 37.16, -1.3208 ], [ 37.15975, -1.32037 ], [ 37.15957, -1.31989 ], [ 37.15919, -1.31862 ], [ 37.15899, -1.31806 ], [ 37.15884, -1.31747 ], [ 37.15849, -1.31648 ], [ 37.15831, -1.31613 ], [ 37.15813, -1.31577 ], [ 37.15797, -1.31534 ], [ 37.15771, -1.31495 ], [ 37.15742, -1.31458 ], [ 37.15717, -1.31416 ], [ 37.15667, -1.31355 ], [ 37.15632, -1.31305 ], [ 37.15617, -1.31275 ], [ 37.15604, -1.31247 ], [ 37.15603, -1.31212 ], [ 37.15594, -1.31156 ], [ 37.15589, -1.31121 ], [ 37.15579, -1.31095 ], [ 37.15561, -1.31075 ], [ 37.15542, -1.31069 ], [ 37.1553, -1.3107 ], [ 37.15508, -1.31065 ], [ 37.15487, -1.31052 ], [ 37.15464, -1.31028 ], [ 37.1544, -1.31008 ], [ 37.15419, -1.30992 ], [ 37.15394, -1.3098 ], [ 37.15372, -1.30972 ], [ 37.15332, -1.30958 ], [ 37.15294, -1.30944 ], [ 37.15276, -1.30935 ], [ 37.15255, -1.30919 ], [ 37.15204, -1.30891 ], [ 37.15157, -1.30867 ], [ 37.15115, -1.3083 ], [ 37.15084, -1.30792 ], [ 37.15056, -1.30748 ], [ 37.15037, -1.30713 ], [ 37.15016, -1.30675 ], [ 37.14936, -1.30523 ], [ 37.14923, -1.30499 ], [ 37.14906, -1.30455 ], [ 37.14855, -1.30343 ], [ 37.14787, -1.30217 ], [ 37.14727, -1.30099 ], [ 37.1469, -1.30022 ], [ 37.14653, -1.29955 ], [ 37.14608, -1.29866 ], [ 37.14604, -1.29842 ], [ 37.14571, -1.29775 ], [ 37.14564, -1.29762 ], [ 37.14537, -1.29713 ], [ 37.1451, -1.29664 ], [ 37.14489, -1.29621 ], [ 37.1446, -1.29559 ], [ 37.14417, -1.29472 ], [ 37.14392, -1.29426 ], [ 37.14362, -1.29364 ], [ 37.14336, -1.29309 ], [ 37.14308, -1.29258 ], [ 37.14295, -1.2923 ], [ 37.14272, -1.29189 ], [ 37.14235, -1.29106 ], [ 37.14208, -1.29057 ], [ 37.14158, -1.28973 ], [ 37.14138, -1.28947 ], [ 37.14137, -1.28938 ], [ 37.14135, -1.28912 ], [ 37.14127, -1.28882 ], [ 37.14125, -1.28882 ], [ 37.14028, -1.28872 ], [ 37.13846, -1.28856 ], [ 37.13695, -1.28841 ], [ 37.13662, -1.28837 ], [ 37.13605, -1.2883 ], [ 37.13383, -1.28815 ], [ 37.13143, -1.28791 ], [ 37.1294, -1.28769 ], [ 37.12858, -1.28764 ], [ 37.12693, -1.28746 ], [ 37.12605, -1.28736 ], [ 37.12395, -1.28715 ], [ 37.1228, -1.28703 ], [ 37.12163, -1.28695 ], [ 37.1203, -1.28681 ], [ 37.11857, -1.28672 ], [ 37.11674, -1.2865 ], [ 37.11621, -1.28645 ], [ 37.1162, -1.28644 ], [ 37.11512, -1.28632 ], [ 37.11383, -1.2862 ], [ 37.11383, -1.2862 ], [ 37.11346, -1.28616 ], [ 37.112, -1.28605 ], [ 37.11171, -1.28601 ], [ 37.11171, -1.28605 ], [ 37.11167, -1.286 ], [ 37.11167, -1.286 ], [ 37.11104, -1.28593 ], [ 37.11054, -1.28589 ], [ 37.10874, -1.28569 ], [ 37.10663, -1.28549 ], [ 37.10535, -1.28539 ], [ 37.10465, -1.28536 ], [ 37.10286, -1.28519 ], [ 37.10274, -1.28518 ], [ 37.10178, -1.28506 ], [ 37.1016, -1.28504 ], [ 37.10067, -1.28495 ], [ 37.09986, -1.28487 ], [ 37.09952, -1.28484 ], [ 37.09842, -1.28474 ], [ 37.09826, -1.28473 ], [ 37.09761, -1.28468 ], [ 37.09676, -1.28459 ], [ 37.09576, -1.28448 ], [ 37.09466, -1.28433 ], [ 37.09397, -1.28409 ], [ 37.09361, -1.28412 ], [ 37.0934, -1.28414 ], [ 37.0925, -1.28413 ], [ 37.09127, -1.284 ], [ 37.09041, -1.28399 ], [ 37.08968, -1.28394 ], [ 37.08903, -1.28385 ], [ 37.08802, -1.2837 ], [ 37.08598, -1.28355 ], [ 37.08509, -1.28347 ], [ 37.0851, -1.28346 ], [ 37.08477, -1.28334 ], [ 37.08436, -1.2832 ], [ 37.08434, -1.28329 ], [ 37.08434, -1.2833 ], [ 37.08426, -1.2833 ], [ 37.08426, -1.28329 ], [ 37.08419, -1.28329 ], [ 37.08419, -1.28326 ], [ 37.0842, -1.28317 ], [ 37.08424, -1.28282 ], [ 37.08425, -1.28269 ], [ 37.08434, -1.28251 ], [ 37.08441, -1.28233 ], [ 37.08444, -1.28226 ], [ 37.08452, -1.28192 ], [ 37.0846, -1.28159 ], [ 37.08473, -1.28132 ], [ 37.08476, -1.28119 ], [ 37.08473, -1.28103 ], [ 37.08469, -1.28091 ], [ 37.08468, -1.28085 ], [ 37.08468, -1.28078 ], [ 37.08469, -1.28068 ], [ 37.08471, -1.28058 ], [ 37.08475, -1.28041 ], [ 37.08486, -1.28018 ], [ 37.0849, -1.2801 ], [ 37.08494, -1.28002 ], [ 37.0851, -1.27988 ], [ 37.08524, -1.27968 ], [ 37.08543, -1.27947 ], [ 37.0856, -1.27932 ], [ 37.08596, -1.279 ], [ 37.08612, -1.27883 ], [ 37.08636, -1.27868 ], [ 37.08658, -1.27859 ], [ 37.08675, -1.2785 ], [ 37.08692, -1.27836 ], [ 37.08705, -1.27826 ], [ 37.0872, -1.27808 ], [ 37.08733, -1.27793 ], [ 37.08746, -1.27781 ], [ 37.08754, -1.27771 ], [ 37.08775, -1.27757 ], [ 37.08792, -1.27746 ], [ 37.08813, -1.27739 ], [ 37.08834, -1.27739 ], [ 37.08859, -1.27737 ], [ 37.08891, -1.2774 ], [ 37.08909, -1.2774 ], [ 37.0893, -1.27737 ], [ 37.08947, -1.27732 ], [ 37.08963, -1.27725 ], [ 37.08971, -1.27717 ], [ 37.08977, -1.27717 ], [ 37.08985, -1.27715 ], [ 37.09012, -1.27708 ], [ 37.09038, -1.27696 ], [ 37.09041, -1.27694 ], [ 37.09053, -1.27695 ], [ 37.09066, -1.27698 ], [ 37.09079, -1.27695 ], [ 37.09092, -1.27688 ], [ 37.09111, -1.27672 ], [ 37.0912, -1.27659 ], [ 37.09129, -1.27647 ], [ 37.09137, -1.27641 ], [ 37.09143, -1.27638 ], [ 37.09166, -1.27626 ], [ 37.09178, -1.27619 ], [ 37.09204, -1.27613 ], [ 37.09232, -1.27608 ], [ 37.09259, -1.276 ], [ 37.093, -1.27588 ], [ 37.09323, -1.27582 ], [ 37.09324, -1.27581 ], [ 37.09342, -1.27581 ], [ 37.09343, -1.27581 ], [ 37.09362, -1.27581 ], [ 37.09388, -1.27579 ], [ 37.09391, -1.27577 ], [ 37.09421, -1.27581 ], [ 37.0944, -1.27581 ], [ 37.09453, -1.27578 ], [ 37.09461, -1.27569 ], [ 37.09481, -1.2755 ], [ 37.09501, -1.27535 ], [ 37.09517, -1.2753 ], [ 37.09534, -1.27525 ], [ 37.0957, -1.27506 ], [ 37.09607, -1.27502 ], [ 37.09656, -1.27483 ], [ 37.09668, -1.27472 ], [ 37.09675, -1.27458 ], [ 37.0969, -1.27442 ], [ 37.09698, -1.27435 ], [ 37.097, -1.27433 ], [ 37.0972, -1.2741 ], [ 37.09728, -1.27399 ], [ 37.09734, -1.27394 ], [ 37.0975, -1.27383 ], [ 37.09765, -1.27371 ], [ 37.09779, -1.27359 ], [ 37.09793, -1.27348 ], [ 37.09811, -1.27338 ], [ 37.09822, -1.27332 ], [ 37.0983, -1.27328 ], [ 37.09839, -1.27325 ], [ 37.09848, -1.27323 ], [ 37.09853, -1.27323 ], [ 37.09859, -1.27323 ], [ 37.09865, -1.27325 ], [ 37.09874, -1.27331 ], [ 37.09882, -1.2734 ], [ 37.09894, -1.2735 ], [ 37.09907, -1.27363 ], [ 37.0992, -1.27378 ], [ 37.09927, -1.27385 ], [ 37.09933, -1.2739 ], [ 37.09946, -1.2741 ], [ 37.09948, -1.27412 ], [ 37.09951, -1.27416 ], [ 37.09956, -1.27424 ], [ 37.0998, -1.27458 ], [ 37.10009, -1.27493 ], [ 37.10033, -1.27523 ], [ 37.10056, -1.27547 ], [ 37.10081, -1.27564 ], [ 37.1009, -1.27566 ], [ 37.10094, -1.27569 ], [ 37.10113, -1.27581 ], [ 37.10133, -1.27582 ], [ 37.10144, -1.2758 ], [ 37.10149, -1.27579 ], [ 37.10152, -1.27575 ], [ 37.10161, -1.27574 ], [ 37.10174, -1.27559 ], [ 37.10185, -1.27537 ], [ 37.10194, -1.27509 ], [ 37.10204, -1.27481 ], [ 37.1021, -1.27444 ], [ 37.10217, -1.27414 ], [ 37.10225, -1.27395 ], [ 37.10225, -1.27393 ], [ 37.10225, -1.27387 ], [ 37.10226, -1.2738 ], [ 37.1023, -1.27375 ], [ 37.10231, -1.27367 ], [ 37.10234, -1.27359 ], [ 37.10233, -1.27353 ], [ 37.10233, -1.27347 ], [ 37.10234, -1.27342 ], [ 37.10235, -1.27336 ], [ 37.10237, -1.2733 ], [ 37.10246, -1.27299 ], [ 37.10261, -1.27264 ], [ 37.1027, -1.27243 ], [ 37.10272, -1.27235 ], [ 37.10274, -1.27228 ], [ 37.10276, -1.27212 ], [ 37.10277, -1.27205 ], [ 37.10277, -1.272 ], [ 37.10277, -1.27193 ], [ 37.10279, -1.27175 ], [ 37.10279, -1.27167 ], [ 37.1028, -1.27158 ], [ 37.10285, -1.27137 ], [ 37.1029, -1.27128 ], [ 37.10293, -1.27123 ], [ 37.103, -1.27115 ], [ 37.10312, -1.27102 ], [ 37.10319, -1.27091 ], [ 37.10322, -1.27087 ], [ 37.1034, -1.27056 ], [ 37.10341, -1.2705 ], [ 37.10343, -1.27041 ], [ 37.10343, -1.2703 ], [ 37.10344, -1.27018 ], [ 37.10345, -1.27014 ], [ 37.10347, -1.26989 ], [ 37.10347, -1.2698 ], [ 37.10344, -1.26963 ], [ 37.10343, -1.26955 ], [ 37.1034, -1.26946 ], [ 37.10339, -1.26943 ], [ 37.10335, -1.26924 ], [ 37.10334, -1.26917 ], [ 37.10333, -1.2691 ], [ 37.10328, -1.26891 ], [ 37.10327, -1.26879 ], [ 37.10327, -1.26875 ], [ 37.10325, -1.26863 ], [ 37.10325, -1.26857 ], [ 37.10327, -1.26852 ], [ 37.10329, -1.26848 ], [ 37.10331, -1.26845 ], [ 37.10332, -1.26839 ], [ 37.10337, -1.26825 ], [ 37.1034, -1.26815 ], [ 37.10341, -1.26809 ], [ 37.10342, -1.26808 ], [ 37.10343, -1.26806 ], [ 37.10346, -1.26802 ], [ 37.10349, -1.26798 ], [ 37.10357, -1.26787 ], [ 37.10364, -1.26777 ], [ 37.10368, -1.26771 ], [ 37.10375, -1.26757 ], [ 37.10384, -1.26746 ], [ 37.10395, -1.26733 ], [ 37.10409, -1.26717 ], [ 37.1043, -1.26683 ], [ 37.10451, -1.26642 ], [ 37.10452, -1.26632 ], [ 37.10455, -1.26628 ], [ 37.10467, -1.26615 ], [ 37.10476, -1.26605 ], [ 37.10485, -1.26597 ], [ 37.10489, -1.26593 ], [ 37.10495, -1.26582 ], [ 37.10498, -1.26575 ], [ 37.10497, -1.26569 ], [ 37.10498, -1.26559 ], [ 37.10498, -1.26545 ], [ 37.10495, -1.26535 ], [ 37.10493, -1.26527 ], [ 37.10492, -1.26523 ], [ 37.10486, -1.26511 ], [ 37.1048, -1.26506 ], [ 37.10473, -1.26496 ], [ 37.10467, -1.26488 ], [ 37.1045, -1.26462 ], [ 37.10445, -1.26453 ], [ 37.10432, -1.26434 ], [ 37.10423, -1.26419 ], [ 37.1042, -1.26415 ], [ 37.10414, -1.26411 ], [ 37.10409, -1.26407 ], [ 37.10392, -1.26396 ], [ 37.10382, -1.26391 ], [ 37.10379, -1.26385 ], [ 37.10376, -1.26382 ], [ 37.1036, -1.26369 ], [ 37.10354, -1.26362 ], [ 37.10347, -1.26356 ], [ 37.10339, -1.26348 ], [ 37.10331, -1.26343 ], [ 37.10322, -1.26337 ], [ 37.10314, -1.26329 ], [ 37.10304, -1.26323 ], [ 37.10296, -1.26317 ], [ 37.1029, -1.26312 ], [ 37.10283, -1.2631 ], [ 37.10278, -1.26308 ], [ 37.10271, -1.26304 ], [ 37.10267, -1.26301 ], [ 37.10254, -1.26269 ], [ 37.10252, -1.2624 ], [ 37.10254, -1.26198 ], [ 37.10259, -1.26175 ], [ 37.10261, -1.26169 ], [ 37.10264, -1.26162 ], [ 37.10265, -1.26162 ], [ 37.10267, -1.26158 ], [ 37.10272, -1.26147 ], [ 37.10282, -1.26132 ], [ 37.10285, -1.26126 ], [ 37.10299, -1.26097 ], [ 37.10304, -1.26085 ], [ 37.10314, -1.26066 ], [ 37.10331, -1.26047 ], [ 37.10331, -1.26047 ], [ 37.10338, -1.26039 ], [ 37.1035, -1.26031 ], [ 37.10388, -1.26029 ], [ 37.10422, -1.26027 ], [ 37.10441, -1.26034 ], [ 37.10468, -1.26042 ], [ 37.10492, -1.2605 ], [ 37.10496, -1.2605 ], [ 37.10518, -1.26052 ], [ 37.10538, -1.26048 ], [ 37.10568, -1.2604 ], [ 37.10594, -1.26036 ], [ 37.10627, -1.26036 ], [ 37.1067, -1.26036 ], [ 37.10706, -1.26036 ], [ 37.10742, -1.26038 ], [ 37.10803, -1.26041 ], [ 37.10857, -1.26046 ], [ 37.10898, -1.26046 ], [ 37.10938, -1.26043 ], [ 37.10956, -1.26038 ], [ 37.10974, -1.26034 ], [ 37.10994, -1.26023 ], [ 37.11016, -1.26013 ], [ 37.11042, -1.25992 ], [ 37.11062, -1.25968 ], [ 37.11079, -1.25939 ], [ 37.11091, -1.25904 ], [ 37.11096, -1.25877 ], [ 37.11098, -1.2582 ], [ 37.11098, -1.25752 ], [ 37.11093, -1.25685 ], [ 37.1108, -1.25574 ], [ 37.11073, -1.25512 ], [ 37.11062, -1.25443 ], [ 37.11043, -1.25381 ], [ 37.11042, -1.25377 ], [ 37.11031, -1.25335 ], [ 37.11015, -1.25297 ], [ 37.11006, -1.2526 ], [ 37.10997, -1.25227 ], [ 37.10989, -1.25188 ], [ 37.10983, -1.25157 ], [ 37.10974, -1.2511 ], [ 37.10969, -1.25039 ], [ 37.10969, -1.24984 ], [ 37.10972, -1.24941 ], [ 37.10978, -1.24909 ], [ 37.10982, -1.2488 ], [ 37.10983, -1.24877 ], [ 37.10989, -1.24856 ], [ 37.10997, -1.24833 ], [ 37.10997, -1.24805 ], [ 37.10996, -1.24783 ], [ 37.10996, -1.24763 ], [ 37.10997, -1.2476 ], [ 37.11005, -1.2474 ], [ 37.11017, -1.24728 ], [ 37.1102, -1.24725 ], [ 37.11029, -1.24722 ], [ 37.11057, -1.24718 ], [ 37.11057, -1.24718 ], [ 37.1108, -1.24717 ], [ 37.11107, -1.24719 ], [ 37.11137, -1.24724 ], [ 37.1118, -1.24737 ], [ 37.11234, -1.24758 ], [ 37.11298, -1.24788 ], [ 37.11331, -1.24802 ], [ 37.11354, -1.24811 ], [ 37.11399, -1.24824 ], [ 37.1145, -1.24835 ], [ 37.11466, -1.2484 ], [ 37.11514, -1.2486 ], [ 37.11557, -1.24874 ], [ 37.11624, -1.24893 ], [ 37.11656, -1.24902 ], [ 37.11682, -1.24912 ], [ 37.11706, -1.24916 ], [ 37.1173, -1.24912 ], [ 37.11745, -1.24909 ], [ 37.11762, -1.24901 ], [ 37.11782, -1.24892 ], [ 37.11803, -1.24876 ], [ 37.11825, -1.24862 ], [ 37.11857, -1.24849 ], [ 37.11886, -1.24842 ], [ 37.11904, -1.24838 ], [ 37.1193, -1.24833 ], [ 37.11951, -1.24829 ], [ 37.11974, -1.24821 ], [ 37.11985, -1.24809 ], [ 37.11999, -1.24791 ], [ 37.12006, -1.24776 ], [ 37.12006, -1.24775 ], [ 37.12011, -1.24752 ], [ 37.12003, -1.24723 ], [ 37.11981, -1.24692 ], [ 37.11967, -1.24673 ], [ 37.11946, -1.24598 ], [ 37.11945, -1.24584 ], [ 37.11947, -1.24556 ], [ 37.11952, -1.24527 ], [ 37.11966, -1.2447 ], [ 37.11976, -1.24435 ], [ 37.11976, -1.24432 ], [ 37.11985, -1.24389 ], [ 37.11987, -1.24353 ], [ 37.11987, -1.24312 ], [ 37.11988, -1.24271 ], [ 37.11985, -1.24231 ], [ 37.11979, -1.24186 ], [ 37.11973, -1.24142 ], [ 37.11967, -1.24096 ], [ 37.11956, -1.24037 ], [ 37.11946, -1.23998 ], [ 37.11937, -1.23961 ], [ 37.1193, -1.23927 ], [ 37.11928, -1.23911 ], [ 37.11925, -1.23887 ], [ 37.11926, -1.23859 ], [ 37.11933, -1.23831 ], [ 37.11942, -1.2381 ], [ 37.11958, -1.23781 ], [ 37.11975, -1.2375 ], [ 37.11995, -1.23713 ], [ 37.12019, -1.23679 ], [ 37.12051, -1.23649 ], [ 37.1207, -1.23634 ], [ 37.12084, -1.23618 ], [ 37.12096, -1.23597 ], [ 37.12098, -1.23575 ], [ 37.12097, -1.23563 ], [ 37.12125, -1.23527 ], [ 37.12141, -1.23514 ], [ 37.12154, -1.23514 ], [ 37.12203, -1.23518 ], [ 37.12243, -1.23524 ], [ 37.12313, -1.23535 ], [ 37.12352, -1.23542 ], [ 37.12385, -1.23542 ], [ 37.12417, -1.23541 ], [ 37.12436, -1.23538 ], [ 37.12457, -1.23527 ], [ 37.12472, -1.23513 ], [ 37.12529, -1.23464 ], [ 37.12542, -1.2345 ], [ 37.12576, -1.23412 ], [ 37.12626, -1.23374 ], [ 37.12664, -1.23357 ], [ 37.1269, -1.23345 ], [ 37.12719, -1.23339 ], [ 37.12753, -1.23339 ], [ 37.12801, -1.23343 ], [ 37.12847, -1.23352 ], [ 37.12876, -1.23363 ], [ 37.12907, -1.23377 ], [ 37.12986, -1.23392 ], [ 37.1303, -1.23403 ], [ 37.13068, -1.23412 ], [ 37.13095, -1.23422 ], [ 37.13122, -1.23436 ], [ 37.13148, -1.23449 ], [ 37.1319, -1.23462 ], [ 37.13234, -1.23466 ], [ 37.13278, -1.23466 ], [ 37.13311, -1.23466 ], [ 37.13362, -1.23462 ], [ 37.13387, -1.23452 ], [ 37.13412, -1.23439 ], [ 37.13452, -1.23422 ], [ 37.13486, -1.23412 ], [ 37.13487, -1.23412 ], [ 37.13529, -1.23412 ], [ 37.13587, -1.23407 ], [ 37.13618, -1.23404 ], [ 37.13667, -1.23392 ], [ 37.13692, -1.23382 ], [ 37.13719, -1.23362 ], [ 37.13734, -1.23344 ], [ 37.13742, -1.2333 ], [ 37.13757, -1.23309 ], [ 37.1377, -1.23287 ], [ 37.13782, -1.23256 ], [ 37.138, -1.23226 ], [ 37.13819, -1.23196 ], [ 37.13851, -1.23159 ], [ 37.13909, -1.23099 ], [ 37.13946, -1.23062 ], [ 37.13982, -1.23024 ], [ 37.14007, -1.22994 ], [ 37.14021, -1.2297 ], [ 37.14033, -1.22943 ], [ 37.14042, -1.22915 ], [ 37.14044, -1.22908 ], [ 37.14049, -1.22882 ], [ 37.14049, -1.22848 ], [ 37.14056, -1.22812 ], [ 37.14061, -1.22788 ], [ 37.14077, -1.22755 ], [ 37.14099, -1.22725 ], [ 37.14121, -1.22697 ], [ 37.1416, -1.22661 ], [ 37.14198, -1.22641 ], [ 37.14238, -1.22632 ], [ 37.14293, -1.22628 ], [ 37.1439, -1.22634 ], [ 37.14479, -1.22652 ], [ 37.14578, -1.22661 ], [ 37.147, -1.22672 ], [ 37.14729, -1.22674 ], [ 37.14786, -1.22676 ], [ 37.14866, -1.22676 ], [ 37.14956, -1.22668 ], [ 37.15084, -1.22659 ], [ 37.15162, -1.22648 ], [ 37.1523, -1.22623 ], [ 37.15261, -1.22599 ], [ 37.15299, -1.22562 ], [ 37.15339, -1.22517 ], [ 37.15378, -1.2246 ], [ 37.15427, -1.22396 ], [ 37.15447, -1.22366 ], [ 37.15483, -1.22315 ], [ 37.15485, -1.22312 ], [ 37.15528, -1.22243 ], [ 37.15562, -1.22193 ], [ 37.15594, -1.22117 ], [ 37.15604, -1.22064 ], [ 37.15604, -1.22012 ], [ 37.15596, -1.21956 ], [ 37.15582, -1.21869 ], [ 37.15577, -1.21834 ], [ 37.15574, -1.21809 ], [ 37.1558, -1.21729 ], [ 37.15602, -1.21642 ], [ 37.15628, -1.21558 ], [ 37.15652, -1.21497 ], [ 37.15672, -1.21439 ], [ 37.15678, -1.21397 ], [ 37.1568, -1.21353 ], [ 37.15666, -1.21306 ], [ 37.15624, -1.21266 ], [ 37.15622, -1.21265 ], [ 37.15594, -1.21238 ], [ 37.15568, -1.21211 ], [ 37.1554, -1.21185 ], [ 37.15497, -1.21165 ], [ 37.15474, -1.21169 ], [ 37.15451, -1.21178 ], [ 37.15406, -1.21183 ], [ 37.15373, -1.21165 ], [ 37.15361, -1.21144 ], [ 37.15349, -1.21109 ], [ 37.15349, -1.21061 ], [ 37.15363, -1.21023 ], [ 37.15383, -1.20993 ], [ 37.15457, -1.20924 ], [ 37.15466, -1.20915 ], [ 37.15507, -1.20872 ], [ 37.15568, -1.20816 ], [ 37.15624, -1.20774 ], [ 37.15672, -1.20747 ], [ 37.15769, -1.20719 ], [ 37.15841, -1.20703 ], [ 37.15895, -1.20701 ], [ 37.15984, -1.20695 ], [ 37.16018, -1.20683 ], [ 37.16048, -1.20673 ], [ 37.16066, -1.20635 ], [ 37.16066, -1.20601 ], [ 37.16051, -1.20565 ], [ 37.16046, -1.20554 ], [ 37.16004, -1.20502 ], [ 37.1594, -1.20426 ], [ 37.15929, -1.20415 ], [ 37.15903, -1.20378 ], [ 37.15867, -1.20328 ], [ 37.15838, -1.20274 ], [ 37.15825, -1.20239 ], [ 37.15805, -1.20183 ], [ 37.15793, -1.20138 ], [ 37.15769, -1.20092 ], [ 37.15731, -1.20042 ], [ 37.15705, -1.19996 ], [ 37.15704, -1.19994 ], [ 37.15682, -1.19917 ], [ 37.15671, -1.19887 ], [ 37.15659, -1.19846 ], [ 37.15655, -1.19836 ], [ 37.15636, -1.19756 ], [ 37.15633, -1.19742 ], [ 37.15621, -1.19648 ], [ 37.15667, -1.19582 ], [ 37.15715, -1.19527 ], [ 37.15779, -1.195 ], [ 37.15861, -1.19477 ], [ 37.15973, -1.19474 ], [ 37.16088, -1.19452 ], [ 37.162, -1.19435 ], [ 37.16305, -1.19317 ], [ 37.1639, -1.192 ], [ 37.1647, -1.1912 ], [ 37.16573, -1.19047 ], [ 37.16646, -1.18992 ], [ 37.1668, -1.1893 ], [ 37.16719, -1.18832 ], [ 37.16753, -1.18736 ], [ 37.16797, -1.18624 ], [ 37.16845, -1.1856 ], [ 37.16907, -1.185 ], [ 37.16966, -1.18438 ], [ 37.17007, -1.18388 ], [ 37.17046, -1.18315 ], [ 37.17055, -1.18235 ], [ 37.17076, -1.18136 ], [ 37.17124, -1.18027 ], [ 37.17236, -1.17851 ], [ 37.17394, -1.17588 ], [ 37.17395, -1.17586 ], [ 37.1743, -1.17587 ], [ 37.17431, -1.17586 ], [ 37.17487, -1.17495 ], [ 37.17546, -1.17414 ], [ 37.17632, -1.17318 ], [ 37.17713, -1.1724 ], [ 37.1777, -1.17195 ], [ 37.1789, -1.17134 ], [ 37.17969, -1.17085 ], [ 37.18035, -1.17019 ], [ 37.18099, -1.16965 ], [ 37.181, -1.16963 ], [ 37.18103, -1.16963 ], [ 37.18108, -1.16957 ], [ 37.18165, -1.16913 ], [ 37.18207, -1.16873 ], [ 37.18222, -1.16859 ], [ 37.18254, -1.16803 ], [ 37.1829, -1.16736 ], [ 37.18332, -1.16653 ], [ 37.18332, -1.16653 ], [ 37.18352, -1.16572 ], [ 37.18357, -1.16518 ], [ 37.18349, -1.16451 ], [ 37.18344, -1.16388 ], [ 37.18341, -1.16379 ], [ 37.18313, -1.16319 ], [ 37.18286, -1.16265 ], [ 37.18283, -1.16262 ], [ 37.18256, -1.16197 ], [ 37.18184, -1.16086 ], [ 37.18172, -1.16046 ], [ 37.18148, -1.15935 ], [ 37.18145, -1.15865 ], [ 37.18159, -1.15794 ], [ 37.18183, -1.15718 ], [ 37.18194, -1.15693 ], [ 37.18218, -1.15635 ], [ 37.18326, -1.15467 ], [ 37.18424, -1.15321 ], [ 37.18429, -1.15313 ], [ 37.18527, -1.15183 ], [ 37.18594, -1.1508 ], [ 37.18627, -1.15009 ], [ 37.18632, -1.14915 ], [ 37.18632, -1.14901 ], [ 37.18636, -1.14868 ], [ 37.18625, -1.14816 ], [ 37.1859, -1.14779 ], [ 37.18476, -1.14724 ], [ 37.18409, -1.14637 ], [ 37.18394, -1.14512 ], [ 37.18435, -1.14449 ], [ 37.18483, -1.14376 ], [ 37.18551, -1.14276 ], [ 37.18604, -1.14201 ], [ 37.18608, -1.14195 ], [ 37.18692, -1.14098 ], [ 37.1874, -1.14027 ], [ 37.18768, -1.13973 ], [ 37.18773, -1.13951 ], [ 37.18781, -1.13916 ], [ 37.18775, -1.13859 ], [ 37.18751, -1.13792 ], [ 37.18709, -1.13717 ], [ 37.18705, -1.13709 ], [ 37.18656, -1.13624 ], [ 37.18604, -1.13562 ], [ 37.18561, -1.13523 ], [ 37.18558, -1.13522 ], [ 37.18558, -1.13522 ], [ 37.18552, -1.13521 ], [ 37.18518, -1.13514 ], [ 37.18499, -1.13511 ], [ 37.18471, -1.13505 ], [ 37.18363, -1.13516 ], [ 37.18363, -1.13516 ], [ 37.18363, -1.13516 ], [ 37.18363, -1.13516 ], [ 37.1836, -1.13515 ], [ 37.18292, -1.13478 ], [ 37.18245, -1.13392 ], [ 37.18243, -1.13388 ], [ 37.18243, -1.1333 ], [ 37.1825, -1.13236 ], [ 37.18251, -1.13221 ], [ 37.18256, -1.1315 ], [ 37.18237, -1.13114 ], [ 37.18233, -1.1311 ], [ 37.18233, -1.13104 ], [ 37.18211, -1.13077 ], [ 37.18151, -1.13066 ], [ 37.18081, -1.13045 ], [ 37.18049, -1.1302 ], [ 37.18036, -1.13004 ], [ 37.17984, -1.12918 ], [ 37.17956, -1.12826 ], [ 37.17941, -1.12701 ], [ 37.17932, -1.12607 ], [ 37.17919, -1.12561 ], [ 37.17917, -1.12552 ], [ 37.17874, -1.12445 ], [ 37.17825, -1.12356 ], [ 37.17752, -1.12252 ], [ 37.17691, -1.1213 ], [ 37.17639, -1.12042 ], [ 37.17602, -1.11962 ], [ 37.17593, -1.11886 ], [ 37.1759, -1.11814 ], [ 37.1759, -1.11806 ], [ 37.17608, -1.11712 ], [ 37.1763, -1.11638 ], [ 37.17678, -1.11559 ], [ 37.1773, -1.1151 ], [ 37.17785, -1.11461 ], [ 37.17846, -1.11385 ], [ 37.17939, -1.11269 ], [ 37.17953, -1.1125 ], [ 37.18017, -1.11168 ], [ 37.18068, -1.11125 ], [ 37.18124, -1.11076 ], [ 37.18232, -1.11006 ], [ 37.18235, -1.11005 ], [ 37.18237, -1.11003 ], [ 37.18256, -1.10993 ], [ 37.18338, -1.10951 ], [ 37.18337, -1.10951 ], [ 37.18457, -1.10918 ], [ 37.18579, -1.10884 ], [ 37.18615, -1.10868 ], [ 37.18625, -1.10863 ], [ 37.18628, -1.1086 ], [ 37.18653, -1.10838 ], [ 37.18663, -1.1083 ], [ 37.18668, -1.10825 ], [ 37.18672, -1.10822 ], [ 37.18673, -1.10821 ], [ 37.18683, -1.10814 ], [ 37.18697, -1.10805 ], [ 37.18701, -1.10803 ], [ 37.18713, -1.10796 ], [ 37.18728, -1.10788 ], [ 37.18762, -1.10769 ], [ 37.18777, -1.1076 ], [ 37.18791, -1.10753 ], [ 37.18817, -1.10739 ], [ 37.1882, -1.10737 ], [ 37.18832, -1.10731 ], [ 37.1884, -1.10726 ], [ 37.18846, -1.10722 ], [ 37.18853, -1.10718 ], [ 37.18858, -1.10713 ], [ 37.18867, -1.10705 ], [ 37.18876, -1.10697 ], [ 37.18885, -1.10689 ], [ 37.18893, -1.10681 ], [ 37.189, -1.10672 ], [ 37.18907, -1.10663 ], [ 37.18913, -1.10654 ], [ 37.18919, -1.10646 ], [ 37.18924, -1.10636 ], [ 37.18926, -1.10633 ], [ 37.1893, -1.10626 ], [ 37.18934, -1.10617 ], [ 37.1894, -1.10611 ], [ 37.1896, -1.10568 ], [ 37.18981, -1.10513 ], [ 37.18981, -1.10513 ], [ 37.18987, -1.10459 ], [ 37.18989, -1.10409 ], [ 37.18973, -1.10353 ], [ 37.18973, -1.10308 ], [ 37.18974, -1.10297 ], [ 37.18975, -1.10281 ], [ 37.18977, -1.10265 ], [ 37.18979, -1.10251 ], [ 37.18984, -1.10218 ], [ 37.18998, -1.10162 ], [ 37.19015, -1.10093 ], [ 37.19021, -1.10073 ], [ 37.19025, -1.10063 ], [ 37.19028, -1.10053 ], [ 37.1903, -1.10045 ], [ 37.19032, -1.10036 ], [ 37.19034, -1.10028 ], [ 37.19046, -1.09984 ], [ 37.19062, -1.09945 ], [ 37.19075, -1.09913 ], [ 37.19084, -1.09899 ], [ 37.19091, -1.09887 ], [ 37.19114, -1.09847 ], [ 37.19133, -1.09813 ], [ 37.19139, -1.09801 ], [ 37.19156, -1.09768 ], [ 37.19158, -1.09764 ], [ 37.19216, -1.0969 ], [ 37.19256, -1.0964 ], [ 37.19278, -1.09612 ], [ 37.19342, -1.09546 ], [ 37.19362, -1.09526 ], [ 37.19365, -1.09524 ], [ 37.19374, -1.09517 ], [ 37.19384, -1.09511 ], [ 37.19407, -1.09495 ], [ 37.19419, -1.09487 ], [ 37.19428, -1.0948 ], [ 37.19434, -1.09477 ], [ 37.19514, -1.09428 ], [ 37.19594, -1.09387 ], [ 37.19614, -1.09377 ], [ 37.19725, -1.09321 ], [ 37.19755, -1.09309 ], [ 37.19791, -1.09295 ], [ 37.19837, -1.09277 ], [ 37.19843, -1.09275 ], [ 37.19846, -1.09274 ], [ 37.1985, -1.09272 ], [ 37.19852, -1.09272 ], [ 37.19862, -1.09268 ], [ 37.1987, -1.09266 ], [ 37.19879, -1.09263 ], [ 37.19915, -1.09254 ], [ 37.19927, -1.0925 ], [ 37.1993, -1.09249 ], [ 37.19948, -1.09244 ], [ 37.19983, -1.09232 ], [ 37.19998, -1.09227 ], [ 37.2001, -1.09223 ], [ 37.20023, -1.0922 ], [ 37.20037, -1.09216 ], [ 37.20074, -1.09208 ], [ 37.20086, -1.09205 ], [ 37.20096, -1.09202 ], [ 37.20107, -1.09198 ], [ 37.20118, -1.09195 ], [ 37.20125, -1.09192 ], [ 37.2013, -1.09191 ], [ 37.20163, -1.09176 ], [ 37.20185, -1.09164 ], [ 37.20199, -1.09156 ], [ 37.20224, -1.09134 ], [ 37.20229, -1.09131 ], [ 37.2024, -1.09123 ], [ 37.20251, -1.09115 ], [ 37.20258, -1.09108 ], [ 37.20266, -1.09101 ], [ 37.20275, -1.09092 ], [ 37.20289, -1.09079 ], [ 37.20302, -1.09065 ], [ 37.20325, -1.09041 ], [ 37.20333, -1.09032 ], [ 37.20352, -1.09013 ], [ 37.20361, -1.09004 ], [ 37.2037, -1.08993 ], [ 37.20378, -1.08984 ], [ 37.20383, -1.08977 ], [ 37.20388, -1.0897 ], [ 37.20393, -1.08962 ], [ 37.20398, -1.08955 ], [ 37.20409, -1.08938 ], [ 37.2042, -1.08919 ], [ 37.20423, -1.08913 ], [ 37.20427, -1.08906 ], [ 37.20437, -1.08881 ], [ 37.20441, -1.08872 ], [ 37.20446, -1.08864 ], [ 37.2045, -1.08857 ], [ 37.20453, -1.08852 ], [ 37.20456, -1.08848 ], [ 37.2046, -1.08843 ], [ 37.20464, -1.08838 ], [ 37.20473, -1.08829 ], [ 37.20489, -1.08812 ], [ 37.20496, -1.08805 ], [ 37.20503, -1.08797 ], [ 37.20509, -1.0879 ], [ 37.20513, -1.08785 ], [ 37.20517, -1.08778 ], [ 37.2053, -1.08756 ], [ 37.20536, -1.08748 ], [ 37.20541, -1.0874 ], [ 37.20544, -1.08736 ], [ 37.20547, -1.08733 ], [ 37.20552, -1.08728 ], [ 37.20559, -1.08722 ], [ 37.20566, -1.08716 ], [ 37.20584, -1.08702 ], [ 37.2059, -1.08698 ], [ 37.20594, -1.08693 ], [ 37.20601, -1.08687 ], [ 37.20607, -1.0868 ], [ 37.20614, -1.08672 ], [ 37.20628, -1.08656 ], [ 37.20634, -1.08648 ], [ 37.2064, -1.08642 ], [ 37.20646, -1.08636 ], [ 37.20652, -1.08631 ], [ 37.20659, -1.08625 ], [ 37.20668, -1.08618 ], [ 37.20687, -1.08604 ], [ 37.20695, -1.08598 ], [ 37.20703, -1.08591 ], [ 37.2071, -1.08585 ], [ 37.20715, -1.08581 ], [ 37.20719, -1.08576 ], [ 37.20735, -1.08558 ], [ 37.2074, -1.08552 ], [ 37.20746, -1.08546 ], [ 37.20752, -1.08541 ], [ 37.20758, -1.08537 ], [ 37.20766, -1.08532 ], [ 37.20773, -1.08527 ], [ 37.20792, -1.08516 ], [ 37.20801, -1.08509 ], [ 37.20816, -1.08499 ], [ 37.20827, -1.0849 ], [ 37.2083, -1.08489 ], [ 37.20838, -1.08483 ], [ 37.20847, -1.08475 ], [ 37.20856, -1.08467 ], [ 37.20866, -1.08458 ], [ 37.20874, -1.08449 ], [ 37.20898, -1.08426 ], [ 37.20927, -1.08397 ], [ 37.20947, -1.08376 ], [ 37.20958, -1.08365 ], [ 37.20982, -1.08339 ], [ 37.20993, -1.08327 ], [ 37.21002, -1.08318 ], [ 37.21012, -1.08308 ], [ 37.21046, -1.08276 ], [ 37.21064, -1.08258 ], [ 37.21066, -1.08256 ], [ 37.21104, -1.08217 ], [ 37.21114, -1.08208 ], [ 37.21123, -1.08199 ], [ 37.21135, -1.08188 ], [ 37.21146, -1.08179 ], [ 37.21157, -1.0817 ], [ 37.21168, -1.08162 ], [ 37.21175, -1.08157 ], [ 37.21183, -1.08151 ], [ 37.21215, -1.08131 ], [ 37.21228, -1.08122 ], [ 37.21236, -1.08116 ], [ 37.21251, -1.08105 ], [ 37.21257, -1.081 ], [ 37.21264, -1.08096 ], [ 37.2127, -1.08092 ], [ 37.21275, -1.08089 ], [ 37.2128, -1.08087 ], [ 37.21286, -1.08084 ], [ 37.21292, -1.08082 ], [ 37.21303, -1.08078 ], [ 37.21329, -1.08069 ], [ 37.2134, -1.08065 ], [ 37.21348, -1.08062 ], [ 37.21357, -1.08058 ], [ 37.21391, -1.08042 ], [ 37.21406, -1.08036 ], [ 37.21415, -1.08032 ], [ 37.21422, -1.0803 ], [ 37.2143, -1.08027 ], [ 37.21437, -1.08025 ], [ 37.21445, -1.08023 ], [ 37.21454, -1.08021 ], [ 37.21463, -1.0802 ], [ 37.21473, -1.08018 ], [ 37.21483, -1.08017 ], [ 37.21494, -1.08016 ], [ 37.21523, -1.08014 ], [ 37.21532, -1.08013 ], [ 37.21538, -1.08013 ], [ 37.21555, -1.08013 ], [ 37.21555, -1.08013 ], [ 37.21562, -1.08013 ], [ 37.21582, -1.08013 ], [ 37.21627, -1.08015 ], [ 37.21638, -1.08016 ], [ 37.21639, -1.08016 ], [ 37.21642, -1.08016 ], [ 37.21648, -1.08016 ], [ 37.21669, -1.08016 ], [ 37.21728, -1.08015 ], [ 37.21746, -1.08015 ], [ 37.21762, -1.08016 ], [ 37.21772, -1.08016 ], [ 37.21784, -1.08017 ], [ 37.21822, -1.0802 ], [ 37.21836, -1.08021 ], [ 37.2185, -1.08021 ], [ 37.21862, -1.08021 ], [ 37.21881, -1.08021 ], [ 37.21902, -1.08021 ], [ 37.21925, -1.0802 ], [ 37.21944, -1.08018 ], [ 37.21955, -1.08018 ], [ 37.2198, -1.08016 ], [ 37.22033, -1.0801 ], [ 37.22056, -1.08008 ], [ 37.22099, -1.08004 ], [ 37.22115, -1.08003 ], [ 37.22125, -1.08003 ], [ 37.22133, -1.08002 ], [ 37.22141, -1.08002 ], [ 37.22149, -1.08002 ], [ 37.22155, -1.08003 ], [ 37.22162, -1.08003 ], [ 37.22184, -1.08006 ], [ 37.22191, -1.08007 ], [ 37.22199, -1.08008 ], [ 37.22206, -1.08008 ], [ 37.2221, -1.08008 ], [ 37.22215, -1.08008 ], [ 37.22226, -1.08006 ], [ 37.22236, -1.08005 ], [ 37.22264, -1.07999 ], [ 37.22272, -1.07998 ], [ 37.2228, -1.07997 ], [ 37.22289, -1.07996 ], [ 37.22299, -1.07996 ], [ 37.22331, -1.07996 ], [ 37.22341, -1.07996 ], [ 37.22351, -1.07996 ], [ 37.2236, -1.07995 ], [ 37.22372, -1.07993 ], [ 37.22385, -1.07991 ], [ 37.22397, -1.07988 ], [ 37.22425, -1.07982 ], [ 37.22437, -1.0798 ], [ 37.22449, -1.07978 ], [ 37.22475, -1.07974 ], [ 37.22486, -1.07972 ], [ 37.22499, -1.07969 ], [ 37.2251, -1.07966 ], [ 37.22518, -1.07964 ], [ 37.22526, -1.07961 ], [ 37.22535, -1.07957 ], [ 37.22544, -1.07953 ], [ 37.22553, -1.07949 ], [ 37.22564, -1.07944 ], [ 37.22595, -1.07928 ], [ 37.22624, -1.07914 ], [ 37.22638, -1.07907 ], [ 37.22645, -1.07903 ], [ 37.22652, -1.07899 ], [ 37.22658, -1.07895 ], [ 37.22663, -1.0789 ], [ 37.22667, -1.07887 ], [ 37.22671, -1.07884 ], [ 37.22679, -1.07877 ], [ 37.22686, -1.07869 ], [ 37.22704, -1.07849 ], [ 37.2271, -1.07844 ], [ 37.22715, -1.07839 ], [ 37.22729, -1.07827 ], [ 37.22744, -1.07814 ], [ 37.2276, -1.078 ], [ 37.22777, -1.07786 ], [ 37.22794, -1.07773 ], [ 37.22836, -1.07742 ], [ 37.22845, -1.07736 ], [ 37.22865, -1.07719 ], [ 37.22874, -1.07711 ], [ 37.22879, -1.07708 ], [ 37.22884, -1.07704 ], [ 37.22886, -1.07703 ], [ 37.22888, -1.07701 ], [ 37.22893, -1.07699 ], [ 37.22901, -1.07695 ], [ 37.2291, -1.07691 ], [ 37.22918, -1.07688 ], [ 37.22919, -1.07688 ], [ 37.2293, -1.07685 ], [ 37.2294, -1.07682 ], [ 37.22941, -1.07682 ], [ 37.22952, -1.07679 ], [ 37.22964, -1.07677 ], [ 37.22988, -1.07672 ], [ 37.23, -1.0767 ], [ 37.23014, -1.07668 ], [ 37.23062, -1.07663 ], [ 37.23071, -1.07662 ], [ 37.23102, -1.07658 ], [ 37.23126, -1.07655 ], [ 37.23132, -1.07655 ], [ 37.23154, -1.07653 ], [ 37.23177, -1.07651 ], [ 37.23197, -1.07649 ], [ 37.23199, -1.07649 ], [ 37.23218, -1.07648 ], [ 37.23237, -1.07647 ], [ 37.23255, -1.07647 ], [ 37.23273, -1.07647 ], [ 37.2329, -1.07648 ], [ 37.23314, -1.07649 ], [ 37.23331, -1.0765 ], [ 37.23347, -1.07651 ], [ 37.23362, -1.07653 ], [ 37.23371, -1.07655 ], [ 37.2338, -1.07656 ], [ 37.23398, -1.0766 ], [ 37.23416, -1.07665 ], [ 37.23434, -1.0767 ], [ 37.23445, -1.07674 ], [ 37.23457, -1.07679 ], [ 37.23468, -1.07684 ], [ 37.23493, -1.07694 ], [ 37.23504, -1.07699 ], [ 37.23572, -1.07725 ], [ 37.23595, -1.07735 ], [ 37.2361, -1.07741 ], [ 37.23618, -1.07744 ], [ 37.2365, -1.07758 ], [ 37.23673, -1.07767 ], [ 37.23689, -1.07773 ], [ 37.23707, -1.07779 ], [ 37.23755, -1.07796 ], [ 37.2377, -1.078 ], [ 37.23803, -1.0781 ], [ 37.23817, -1.07814 ], [ 37.23831, -1.07819 ], [ 37.23844, -1.07824 ], [ 37.23853, -1.07828 ], [ 37.23862, -1.07833 ], [ 37.23872, -1.07838 ], [ 37.23899, -1.07854 ], [ 37.23908, -1.07858 ], [ 37.23916, -1.07862 ], [ 37.23924, -1.07866 ], [ 37.2393, -1.07863 ], [ 37.2393, -1.07868 ], [ 37.23933, -1.0787 ], [ 37.23941, -1.07873 ], [ 37.23957, -1.0788 ], [ 37.23965, -1.07883 ], [ 37.23972, -1.07886 ], [ 37.23979, -1.07888 ], [ 37.23986, -1.0789 ], [ 37.23992, -1.07892 ], [ 37.23998, -1.07893 ], [ 37.24024, -1.07898 ], [ 37.2403, -1.07899 ], [ 37.24036, -1.079 ], [ 37.2405, -1.07904 ], [ 37.24063, -1.07907 ], [ 37.24074, -1.07911 ], [ 37.24085, -1.07915 ], [ 37.24093, -1.07919 ], [ 37.24101, -1.07923 ], [ 37.2411, -1.07928 ], [ 37.24135, -1.07942 ], [ 37.24142, -1.07946 ], [ 37.2415, -1.07949 ], [ 37.24155, -1.07951 ], [ 37.2416, -1.07954 ], [ 37.24186, -1.07963 ], [ 37.24193, -1.07966 ], [ 37.24199, -1.07968 ], [ 37.24204, -1.07971 ], [ 37.2421, -1.07974 ], [ 37.24216, -1.07978 ], [ 37.24222, -1.07982 ], [ 37.24234, -1.0799 ], [ 37.24254, -1.08004 ], [ 37.24262, -1.08011 ], [ 37.24271, -1.08018 ], [ 37.24301, -1.08042 ], [ 37.24313, -1.08052 ], [ 37.24323, -1.0806 ], [ 37.24352, -1.08081 ], [ 37.2436, -1.08087 ], [ 37.24368, -1.08094 ], [ 37.24371, -1.08096 ], [ 37.24381, -1.08106 ], [ 37.24384, -1.08109 ], [ 37.24387, -1.08111 ], [ 37.2439, -1.08112 ], [ 37.24394, -1.08114 ], [ 37.24398, -1.08115 ], [ 37.24402, -1.08116 ], [ 37.24407, -1.08117 ], [ 37.24412, -1.08117 ], [ 37.24427, -1.08118 ], [ 37.24433, -1.08118 ], [ 37.2444, -1.08118 ], [ 37.24447, -1.08118 ], [ 37.24454, -1.08117 ], [ 37.24461, -1.08116 ], [ 37.24469, -1.08115 ], [ 37.2447, -1.08114 ], [ 37.24477, -1.08113 ], [ 37.24486, -1.08111 ], [ 37.245, -1.08107 ], [ 37.24509, -1.08104 ], [ 37.24512, -1.08103 ], [ 37.24516, -1.08101 ], [ 37.24519, -1.08099 ], [ 37.24522, -1.08097 ], [ 37.24524, -1.08095 ], [ 37.24526, -1.08093 ], [ 37.24528, -1.0809 ], [ 37.24531, -1.08087 ], [ 37.24534, -1.08081 ], [ 37.24542, -1.08066 ], [ 37.24544, -1.08063 ], [ 37.24546, -1.08059 ], [ 37.2455, -1.08054 ], [ 37.24555, -1.08049 ], [ 37.24575, -1.08026 ], [ 37.24579, -1.08021 ], [ 37.24582, -1.08016 ], [ 37.24585, -1.08012 ], [ 37.24587, -1.08008 ], [ 37.24596, -1.07992 ], [ 37.24599, -1.07986 ], [ 37.24603, -1.07981 ], [ 37.24605, -1.07978 ], [ 37.24607, -1.07976 ], [ 37.24612, -1.07971 ], [ 37.24617, -1.07967 ], [ 37.24622, -1.07963 ], [ 37.24628, -1.07959 ], [ 37.2463, -1.07957 ], [ 37.2463, -1.07957 ], [ 37.24631, -1.07958 ], [ 37.24634, -1.07956 ], [ 37.2464, -1.07953 ], [ 37.24646, -1.0795 ], [ 37.24653, -1.07947 ], [ 37.24658, -1.07946 ], [ 37.24665, -1.07944 ], [ 37.24669, -1.07943 ], [ 37.24671, -1.07943 ], [ 37.24678, -1.07942 ], [ 37.24685, -1.07941 ], [ 37.24692, -1.07941 ], [ 37.24699, -1.07941 ], [ 37.24706, -1.07942 ], [ 37.2471, -1.07942 ], [ 37.24713, -1.07943 ], [ 37.24717, -1.07944 ], [ 37.24721, -1.07945 ], [ 37.24725, -1.07947 ], [ 37.24729, -1.07948 ], [ 37.24733, -1.0795 ], [ 37.24737, -1.07953 ], [ 37.24745, -1.07957 ], [ 37.24752, -1.07962 ], [ 37.2476, -1.07968 ], [ 37.24777, -1.07981 ], [ 37.24786, -1.07987 ], [ 37.24795, -1.07992 ], [ 37.24803, -1.07997 ], [ 37.24825, -1.08008 ], [ 37.24841, -1.08016 ], [ 37.24857, -1.08023 ], [ 37.24871, -1.08029 ], [ 37.24891, -1.08037 ], [ 37.24906, -1.08042 ], [ 37.24919, -1.08047 ], [ 37.24926, -1.08048 ], [ 37.24932, -1.0805 ], [ 37.24957, -1.08056 ], [ 37.24965, -1.08057 ], [ 37.24973, -1.08058 ], [ 37.24974, -1.08059 ], [ 37.2498, -1.08059 ], [ 37.24986, -1.08059 ], [ 37.24992, -1.08059 ], [ 37.24998, -1.08057 ], [ 37.25004, -1.08056 ], [ 37.25011, -1.08053 ], [ 37.25017, -1.0805 ], [ 37.25024, -1.08046 ], [ 37.25031, -1.08041 ], [ 37.25038, -1.08036 ], [ 37.25045, -1.0803 ], [ 37.25045, -1.0803 ], [ 37.25051, -1.08023 ], [ 37.25055, -1.08019 ], [ 37.25059, -1.08014 ], [ 37.25062, -1.08009 ], [ 37.25072, -1.07993 ], [ 37.25075, -1.07989 ], [ 37.25078, -1.07985 ], [ 37.25083, -1.07979 ], [ 37.2509, -1.07972 ], [ 37.25097, -1.07966 ], [ 37.25104, -1.07959 ], [ 37.25111, -1.07954 ], [ 37.25119, -1.07948 ], [ 37.25151, -1.07924 ], [ 37.25152, -1.07923 ], [ 37.25159, -1.07918 ], [ 37.25165, -1.07913 ], [ 37.25211, -1.07874 ], [ 37.25233, -1.07856 ], [ 37.25261, -1.07834 ], [ 37.25276, -1.07823 ], [ 37.2529, -1.07812 ], [ 37.25304, -1.07803 ], [ 37.2531, -1.07799 ], [ 37.25317, -1.07795 ], [ 37.2535, -1.07778 ], [ 37.25358, -1.07773 ], [ 37.25364, -1.07769 ], [ 37.25377, -1.07761 ], [ 37.25384, -1.07755 ], [ 37.25389, -1.07752 ], [ 37.25401, -1.07742 ], [ 37.25415, -1.0773 ], [ 37.25426, -1.0772 ], [ 37.25438, -1.07709 ], [ 37.25478, -1.07669 ], [ 37.25492, -1.07655 ], [ 37.25507, -1.07642 ], [ 37.2552, -1.0763 ], [ 37.25537, -1.07616 ], [ 37.25581, -1.07581 ], [ 37.25593, -1.07571 ], [ 37.256, -1.07565 ], [ 37.25604, -1.07562 ], [ 37.25613, -1.07554 ], [ 37.25623, -1.07545 ], [ 37.25664, -1.07505 ], [ 37.2569, -1.07482 ], [ 37.25715, -1.07459 ], [ 37.25726, -1.07448 ], [ 37.25736, -1.07439 ], [ 37.25752, -1.07423 ], [ 37.25769, -1.07406 ], [ 37.25788, -1.07387 ], [ 37.2581, -1.07363 ], [ 37.25837, -1.07335 ], [ 37.2585, -1.07321 ], [ 37.25862, -1.07307 ], [ 37.25873, -1.07295 ], [ 37.2588, -1.07286 ], [ 37.25888, -1.07276 ], [ 37.25905, -1.0725 ], [ 37.25915, -1.07242 ], [ 37.25919, -1.07237 ], [ 37.2595, -1.072 ], [ 37.25971, -1.07175 ], [ 37.25981, -1.07166 ], [ 37.25996, -1.07152 ], [ 37.26034, -1.07119 ], [ 37.26035, -1.07117 ], [ 37.26052, -1.07089 ], [ 37.26052, -1.07089 ], [ 37.26059, -1.07081 ], [ 37.26066, -1.07072 ], [ 37.26064, -1.07069 ], [ 37.26087, -1.07032 ], [ 37.26122, -1.06928 ], [ 37.26171, -1.06825 ], [ 37.26221, -1.06764 ], [ 37.26301, -1.06734 ], [ 37.26389, -1.06734 ], [ 37.26442, -1.06736 ], [ 37.26479, -1.06735 ], [ 37.26496, -1.06735 ], [ 37.26505, -1.06734 ], [ 37.2653, -1.06734 ], [ 37.26553, -1.06735 ], [ 37.26565, -1.06735 ], [ 37.2658, -1.06736 ], [ 37.26588, -1.06737 ], [ 37.26599, -1.06729 ], [ 37.266, -1.06738 ], [ 37.26603, -1.06738 ], [ 37.26637, -1.06737 ], [ 37.2671, -1.06731 ], [ 37.26747, -1.06731 ], [ 37.26798, -1.06746 ], [ 37.26831, -1.06778 ], [ 37.26893, -1.06825 ], [ 37.26977, -1.0687 ], [ 37.27037, -1.06892 ], [ 37.27089, -1.06903 ], [ 37.27147, -1.06903 ], [ 37.272, -1.069 ], [ 37.27325, -1.06887 ], [ 37.27413, -1.06855 ], [ 37.27525, -1.06812 ], [ 37.27609, -1.06799 ], [ 37.27718, -1.06789 ], [ 37.27806, -1.06782 ], [ 37.27914, -1.06771 ], [ 37.28008, -1.06759 ], [ 37.28101, -1.06754 ], [ 37.28167, -1.0675 ], [ 37.28226, -1.06752 ], [ 37.28283, -1.06767 ], [ 37.28299, -1.06771 ], [ 37.28348, -1.06806 ], [ 37.28406, -1.06862 ], [ 37.28443, -1.06915 ], [ 37.28485, -1.06959 ], [ 37.2849, -1.06964 ], [ 37.285, -1.06972 ], [ 37.28501, -1.06973 ], [ 37.28508, -1.06979 ], [ 37.2853, -1.06999 ], [ 37.28537, -1.07005 ], [ 37.28544, -1.0701 ], [ 37.28557, -1.0702 ], [ 37.28566, -1.07026 ], [ 37.28591, -1.07038 ], [ 37.28681, -1.07062 ], [ 37.28793, -1.07109 ], [ 37.28837, -1.0714 ], [ 37.28832, -1.07143 ], [ 37.28851, -1.07151 ], [ 37.28876, -1.07162 ], [ 37.28894, -1.07169 ], [ 37.28923, -1.07184 ], [ 37.28931, -1.07188 ], [ 37.28956, -1.07199 ], [ 37.2896, -1.072 ], [ 37.28963, -1.07201 ], [ 37.28968, -1.07203 ], [ 37.28974, -1.07205 ], [ 37.2898, -1.07207 ], [ 37.28986, -1.07208 ], [ 37.29144, -1.07242 ], [ 37.29222, -1.07254 ], [ 37.29312, -1.07248 ], [ 37.29468, -1.07248 ], [ 37.29599, -1.07233 ], [ 37.29603, -1.07235 ], [ 37.29609, -1.07238 ], [ 37.29615, -1.0724 ], [ 37.29622, -1.07242 ], [ 37.29629, -1.07243 ], [ 37.29637, -1.07244 ], [ 37.29645, -1.07244 ], [ 37.29654, -1.07244 ], [ 37.29663, -1.07243 ], [ 37.2969, -1.07242 ], [ 37.2969, -1.07242 ], [ 37.29698, -1.07241 ], [ 37.29705, -1.07241 ], [ 37.29713, -1.07242 ], [ 37.29721, -1.07242 ], [ 37.29727, -1.07244 ], [ 37.29734, -1.07245 ], [ 37.29742, -1.07248 ], [ 37.2975, -1.07251 ], [ 37.29759, -1.07255 ], [ 37.29765, -1.07258 ], [ 37.29766, -1.07258 ], [ 37.29767, -1.07259 ], [ 37.29769, -1.0726 ], [ 37.29771, -1.07261 ], [ 37.29772, -1.07261 ], [ 37.29773, -1.07262 ], [ 37.29774, -1.07262 ], [ 37.29776, -1.07263 ], [ 37.29777, -1.07264 ], [ 37.29778, -1.07264 ], [ 37.29779, -1.07265 ], [ 37.29781, -1.07266 ], [ 37.29782, -1.07267 ], [ 37.29783, -1.07267 ], [ 37.29784, -1.07268 ], [ 37.29784, -1.07268 ], [ 37.29786, -1.07269 ], [ 37.29795, -1.07274 ], [ 37.29817, -1.07287 ], [ 37.29841, -1.07301 ], [ 37.29851, -1.07307 ], [ 37.2986, -1.07313 ], [ 37.29869, -1.07319 ], [ 37.29878, -1.07325 ], [ 37.29884, -1.07329 ], [ 37.29887, -1.07331 ], [ 37.29892, -1.07335 ], [ 37.29893, -1.07336 ], [ 37.29904, -1.07345 ], [ 37.29916, -1.07356 ], [ 37.29929, -1.07367 ], [ 37.29931, -1.07369 ], [ 37.29948, -1.07386 ], [ 37.29957, -1.07394 ], [ 37.29966, -1.07403 ], [ 37.29973, -1.07411 ], [ 37.29996, -1.07432 ], [ 37.3009, -1.07518 ], [ 37.30091, -1.07518 ], [ 37.30102, -1.07528 ], [ 37.30116, -1.07538 ], [ 37.3013, -1.07548 ], [ 37.30171, -1.07578 ], [ 37.30184, -1.07587 ], [ 37.30195, -1.07596 ], [ 37.30208, -1.07606 ], [ 37.30219, -1.07616 ], [ 37.30229, -1.07626 ], [ 37.30239, -1.07636 ], [ 37.30246, -1.07645 ], [ 37.30254, -1.07655 ], [ 37.30262, -1.07665 ], [ 37.3028, -1.07689 ], [ 37.3028, -1.0769 ], [ 37.3029, -1.07703 ], [ 37.30297, -1.0771 ], [ 37.30311, -1.07727 ], [ 37.30317, -1.07734 ], [ 37.30323, -1.07741 ], [ 37.30328, -1.07748 ], [ 37.30333, -1.07756 ], [ 37.30338, -1.07765 ], [ 37.30342, -1.07774 ], [ 37.30352, -1.07797 ], [ 37.30355, -1.07803 ], [ 37.30358, -1.07809 ], [ 37.30363, -1.07817 ], [ 37.30369, -1.07827 ], [ 37.30393, -1.07865 ], [ 37.30399, -1.07875 ], [ 37.30404, -1.07883 ], [ 37.30407, -1.07889 ], [ 37.3041, -1.07895 ], [ 37.30422, -1.07919 ], [ 37.30427, -1.07929 ], [ 37.30433, -1.07939 ], [ 37.30438, -1.07947 ], [ 37.30442, -1.07952 ], [ 37.30446, -1.07958 ], [ 37.3045, -1.07963 ], [ 37.30455, -1.07969 ], [ 37.30465, -1.07979 ], [ 37.30486, -1.08001 ], [ 37.30492, -1.08007 ], [ 37.30499, -1.08014 ], [ 37.30524, -1.08037 ], [ 37.30533, -1.08045 ], [ 37.30541, -1.08054 ], [ 37.30548, -1.08061 ], [ 37.30554, -1.08068 ], [ 37.30561, -1.08076 ], [ 37.30565, -1.08082 ], [ 37.30568, -1.08086 ], [ 37.30588, -1.08113 ], [ 37.30595, -1.08122 ], [ 37.30601, -1.0813 ], [ 37.30613, -1.08142 ], [ 37.30626, -1.08156 ], [ 37.30638, -1.08167 ], [ 37.30673, -1.08202 ], [ 37.30682, -1.0821 ], [ 37.30752, -1.08266 ], [ 37.30897, -1.0839 ], [ 37.30899, -1.08392 ], [ 37.3093, -1.08412 ], [ 37.30936, -1.08416 ], [ 37.30942, -1.08419 ], [ 37.30953, -1.08426 ], [ 37.30964, -1.08432 ], [ 37.30977, -1.08439 ], [ 37.30989, -1.08446 ], [ 37.31036, -1.08468 ], [ 37.31053, -1.08479 ], [ 37.31054, -1.0848 ], [ 37.31085, -1.08496 ], [ 37.31101, -1.08505 ], [ 37.3111, -1.08511 ], [ 37.31115, -1.08514 ], [ 37.31118, -1.08516 ], [ 37.31126, -1.08521 ], [ 37.31133, -1.08526 ], [ 37.31141, -1.08533 ], [ 37.3115, -1.08541 ], [ 37.31158, -1.08548 ], [ 37.31163, -1.08553 ], [ 37.31191, -1.0858 ], [ 37.31203, -1.0859 ], [ 37.31236, -1.08618 ], [ 37.31251, -1.08631 ], [ 37.31268, -1.08647 ], [ 37.31285, -1.08663 ], [ 37.31303, -1.08681 ], [ 37.31321, -1.08699 ], [ 37.31325, -1.08704 ], [ 37.31342, -1.08721 ], [ 37.31359, -1.0874 ], [ 37.31374, -1.08757 ], [ 37.31387, -1.08773 ], [ 37.31396, -1.08784 ], [ 37.31404, -1.08795 ], [ 37.3141, -1.08801 ], [ 37.31474, -1.08895 ], [ 37.31552, -1.09029 ], [ 37.31586, -1.09119 ], [ 37.31605, -1.09232 ], [ 37.31608, -1.0925 ], [ 37.31614, -1.09287 ], [ 37.31634, -1.09318 ], [ 37.31664, -1.09341 ], [ 37.31709, -1.0935 ], [ 37.31746, -1.09351 ], [ 37.31787, -1.09357 ], [ 37.31826, -1.09374 ], [ 37.31859, -1.09396 ], [ 37.31862, -1.09401 ], [ 37.31871, -1.09416 ], [ 37.3188, -1.0943 ], [ 37.31881, -1.09432 ], [ 37.31882, -1.09435 ], [ 37.31887, -1.09447 ], [ 37.31902, -1.09481 ], [ 37.31918, -1.09504 ], [ 37.31929, -1.0952 ], [ 37.31969, -1.09558 ], [ 37.32008, -1.09583 ], [ 37.32049, -1.09601 ], [ 37.32107, -1.09607 ], [ 37.32139, -1.09612 ], [ 37.32179, -1.09627 ], [ 37.3223, -1.0966 ], [ 37.32272, -1.09684 ], [ 37.32319, -1.09709 ], [ 37.32376, -1.09741 ], [ 37.32429, -1.09769 ], [ 37.32489, -1.09804 ], [ 37.32527, -1.0982 ], [ 37.32579, -1.09847 ], [ 37.32631, -1.09877 ], [ 37.3268, -1.09921 ], [ 37.32687, -1.09934 ], [ 37.32704, -1.09967 ], [ 37.32734, -1.10065 ], [ 37.32735, -1.10068 ], [ 37.32753, -1.10125 ], [ 37.32764, -1.10148 ], [ 37.32778, -1.10176 ], [ 37.3284, -1.10253 ], [ 37.32941, -1.10348 ], [ 37.33042, -1.10464 ], [ 37.33044, -1.10466 ], [ 37.33044, -1.10466 ], [ 37.33071, -1.10497 ], [ 37.33172, -1.10587 ], [ 37.33313, -1.10696 ], [ 37.33376, -1.1075 ], [ 37.33422, -1.10821 ], [ 37.33476, -1.10892 ], [ 37.33596, -1.11003 ], [ 37.33732, -1.11087 ], [ 37.33887, -1.11191 ], [ 37.33973, -1.11266 ], [ 37.33977, -1.1127 ], [ 37.34058, -1.11351 ], [ 37.34178, -1.11468 ], [ 37.34203, -1.11522 ], [ 37.34227, -1.11599 ], [ 37.3424, -1.11657 ], [ 37.34249, -1.11699 ], [ 37.34257, -1.1172 ], [ 37.34292, -1.11803 ], [ 37.34301, -1.11818 ], [ 37.34351, -1.11904 ], [ 37.3436, -1.11917 ] ] ] } },
{ "type": "Feature", "properties": { "entity_id": 191, "p_entity": 23, "name": "Mwala Sub County" }, "geometry": { "type": "Polygon", "coordinates": [ [ [ 37.69589, -1.50064 ], [ 37.69587, -1.50069 ], [ 37.69605, -1.50091 ], [ 37.69636, -1.50124 ], [ 37.69668, -1.50173 ], [ 37.697, -1.50245 ], [ 37.69729, -1.50299 ], [ 37.69745, -1.50335 ], [ 37.69763, -1.50383 ], [ 37.69782, -1.50418 ], [ 37.69798, -1.50452 ], [ 37.69841, -1.50533 ], [ 37.69886, -1.50607 ], [ 37.69971, -1.50683 ], [ 37.70003, -1.50715 ], [ 37.7003, -1.50747 ], [ 37.70031, -1.50748 ], [ 37.70069, -1.50811 ], [ 37.70081, -1.50852 ], [ 37.70085, -1.5088 ], [ 37.70078, -1.50893 ], [ 37.70059, -1.50895 ], [ 37.70105, -1.50905 ], [ 37.70139, -1.50939 ], [ 37.70165, -1.51002 ], [ 37.70186, -1.51047 ], [ 37.70245, -1.51093 ], [ 37.70293, -1.51106 ], [ 37.70313, -1.51124 ], [ 37.70338, -1.51139 ], [ 37.70368, -1.51151 ], [ 37.70398, -1.51151 ], [ 37.70428, -1.51148 ], [ 37.70446, -1.51118 ], [ 37.70464, -1.51097 ], [ 37.70464, -1.51055 ], [ 37.70513, -1.51019 ], [ 37.70613, -1.50982 ], [ 37.70714, -1.50982 ], [ 37.70733, -1.50988 ], [ 37.70815, -1.51011 ], [ 37.70922, -1.51055 ], [ 37.71012, -1.51094 ], [ 37.71076, -1.51123 ], [ 37.71114, -1.51132 ], [ 37.71145, -1.51141 ], [ 37.71158, -1.51145 ], [ 37.71183, -1.51157 ], [ 37.71339, -1.51202 ], [ 37.71445, -1.51238 ], [ 37.71474, -1.51251 ], [ 37.71493, -1.51281 ], [ 37.71499, -1.51313 ], [ 37.71504, -1.51359 ], [ 37.71519, -1.5142 ], [ 37.71546, -1.5149 ], [ 37.71557, -1.51535 ], [ 37.71574, -1.51566 ], [ 37.71623, -1.51631 ], [ 37.71651, -1.51684 ], [ 37.71698, -1.51735 ], [ 37.71733, -1.51802 ], [ 37.71779, -1.51869 ], [ 37.71818, -1.51916 ], [ 37.71866, -1.51963 ], [ 37.71929, -1.52038 ], [ 37.71941, -1.52056 ], [ 37.71975, -1.52107 ], [ 37.72006, -1.52173 ], [ 37.72031, -1.52227 ], [ 37.72033, -1.52285 ], [ 37.72042, -1.52347 ], [ 37.72062, -1.52417 ], [ 37.7211, -1.52496 ], [ 37.72146, -1.52548 ], [ 37.72204, -1.52592 ], [ 37.72256, -1.52608 ], [ 37.72307, -1.52617 ], [ 37.72309, -1.52617 ], [ 37.72332, -1.5264 ], [ 37.72356, -1.52649 ], [ 37.72413, -1.52649 ], [ 37.72477, -1.52664 ], [ 37.72517, -1.52682 ], [ 37.72531, -1.52688 ], [ 37.72582, -1.52709 ], [ 37.72639, -1.52736 ], [ 37.72663, -1.52793 ], [ 37.72666, -1.52826 ], [ 37.72666, -1.5289 ], [ 37.72663, -1.52947 ], [ 37.72658, -1.52973 ], [ 37.72651, -1.5301 ], [ 37.7266, -1.53055 ], [ 37.72672, -1.53106 ], [ 37.7269, -1.53163 ], [ 37.72714, -1.53227 ], [ 37.72747, -1.53263 ], [ 37.72789, -1.53311 ], [ 37.72895, -1.53407 ], [ 37.72919, -1.53479 ], [ 37.72946, -1.53551 ], [ 37.72997, -1.53672 ], [ 37.7306, -1.53777 ], [ 37.73114, -1.53891 ], [ 37.73168, -1.53964 ], [ 37.73205, -1.54033 ], [ 37.73232, -1.54093 ], [ 37.7325, -1.54159 ], [ 37.73268, -1.54213 ], [ 37.73289, -1.54249 ], [ 37.73331, -1.54309 ], [ 37.73379, -1.54385 ], [ 37.73436, -1.54427 ], [ 37.73473, -1.54459 ], [ 37.73425, -1.54491 ], [ 37.73458, -1.54548 ], [ 37.73495, -1.54591 ], [ 37.73523, -1.54633 ], [ 37.73557, -1.54692 ], [ 37.73579, -1.54736 ], [ 37.73619, -1.54773 ], [ 37.73663, -1.54831 ], [ 37.73695, -1.54862 ], [ 37.73736, -1.54916 ], [ 37.7377, -1.54958 ], [ 37.73813, -1.54988 ], [ 37.7385, -1.55047 ], [ 37.739, -1.55105 ], [ 37.73976, -1.5517 ], [ 37.74078, -1.55239 ], [ 37.74149, -1.55285 ], [ 37.74204, -1.55363 ], [ 37.74264, -1.55467 ], [ 37.74298, -1.55526 ], [ 37.7434, -1.55572 ], [ 37.74382, -1.55605 ], [ 37.74436, -1.55626 ], [ 37.74484, -1.55649 ], [ 37.74488, -1.5565 ], [ 37.74553, -1.55659 ], [ 37.74672, -1.55644 ], [ 37.74766, -1.55614 ], [ 37.7487, -1.55599 ], [ 37.74964, -1.55629 ], [ 37.7498, -1.55651 ], [ 37.75009, -1.55689 ], [ 37.75018, -1.55706 ], [ 37.75028, -1.55726 ], [ 37.75051, -1.5577 ], [ 37.75057, -1.55781 ], [ 37.75076, -1.55817 ], [ 37.7508, -1.55853 ], [ 37.75094, -1.55846 ], [ 37.75138, -1.55884 ], [ 37.75139, -1.55886 ], [ 37.75157, -1.55934 ], [ 37.75178, -1.56021 ], [ 37.75178, -1.56081 ], [ 37.75178, -1.56138 ], [ 37.75175, -1.56193 ], [ 37.75157, -1.56235 ], [ 37.75157, -1.56298 ], [ 37.75175, -1.56349 ], [ 37.75187, -1.56388 ], [ 37.75214, -1.56415 ], [ 37.75224, -1.56438 ], [ 37.75244, -1.56484 ], [ 37.75289, -1.56584 ], [ 37.75347, -1.56647 ], [ 37.7538, -1.56704 ], [ 37.75404, -1.56779 ], [ 37.75416, -1.56851 ], [ 37.75425, -1.5688 ], [ 37.75407, -1.56876 ], [ 37.75378, -1.56874 ], [ 37.75349, -1.56877 ], [ 37.75306, -1.56882 ], [ 37.75288, -1.56895 ], [ 37.75288, -1.56921 ], [ 37.75292, -1.56944 ], [ 37.75271, -1.56947 ], [ 37.75248, -1.56967 ], [ 37.75229, -1.56984 ], [ 37.75213, -1.57003 ], [ 37.75193, -1.57021 ], [ 37.75179, -1.57029 ], [ 37.75171, -1.57033 ], [ 37.75154, -1.57052 ], [ 37.75143, -1.57064 ], [ 37.75121, -1.57079 ], [ 37.75115, -1.57101 ], [ 37.75102, -1.57114 ], [ 37.75078, -1.57116 ], [ 37.75061, -1.57122 ], [ 37.75048, -1.57136 ], [ 37.75031, -1.57154 ], [ 37.75004, -1.57151 ], [ 37.74967, -1.57152 ], [ 37.74943, -1.57147 ], [ 37.74906, -1.57147 ], [ 37.74872, -1.57147 ], [ 37.74856, -1.57147 ], [ 37.74847, -1.57138 ], [ 37.74844, -1.57136 ], [ 37.74829, -1.57126 ], [ 37.74824, -1.57126 ], [ 37.74818, -1.57121 ], [ 37.74799, -1.57124 ], [ 37.74784, -1.57125 ], [ 37.74762, -1.5713 ], [ 37.7474, -1.57136 ], [ 37.7472, -1.57148 ], [ 37.74708, -1.57155 ], [ 37.74705, -1.57155 ], [ 37.74701, -1.57155 ], [ 37.74692, -1.57152 ], [ 37.74671, -1.57145 ], [ 37.74648, -1.57146 ], [ 37.74629, -1.57151 ], [ 37.74619, -1.57157 ], [ 37.74613, -1.57165 ], [ 37.74602, -1.57178 ], [ 37.74582, -1.57202 ], [ 37.74572, -1.57217 ], [ 37.74542, -1.57235 ], [ 37.74519, -1.57259 ], [ 37.74504, -1.5728 ], [ 37.74495, -1.57298 ], [ 37.74479, -1.57302 ], [ 37.74461, -1.57321 ], [ 37.74434, -1.5734 ], [ 37.74419, -1.57353 ], [ 37.74404, -1.57368 ], [ 37.74378, -1.57377 ], [ 37.74354, -1.57387 ], [ 37.74341, -1.57402 ], [ 37.74322, -1.57406 ], [ 37.74303, -1.57417 ], [ 37.74272, -1.57417 ], [ 37.74253, -1.57417 ], [ 37.74241, -1.57429 ], [ 37.74235, -1.57443 ], [ 37.74229, -1.57458 ], [ 37.74204, -1.57475 ], [ 37.74179, -1.57487 ], [ 37.7416, -1.57493 ], [ 37.74129, -1.57496 ], [ 37.74107, -1.57523 ], [ 37.7409, -1.57537 ], [ 37.7407, -1.57538 ], [ 37.74052, -1.57543 ], [ 37.74037, -1.57555 ], [ 37.74016, -1.57584 ], [ 37.7399, -1.57606 ], [ 37.73959, -1.57634 ], [ 37.73938, -1.57649 ], [ 37.73909, -1.57656 ], [ 37.73888, -1.57657 ], [ 37.73872, -1.57668 ], [ 37.73862, -1.57693 ], [ 37.73844, -1.57701 ], [ 37.73828, -1.5769 ], [ 37.73814, -1.57709 ], [ 37.73801, -1.57726 ], [ 37.73774, -1.57736 ], [ 37.73743, -1.5774 ], [ 37.73729, -1.57753 ], [ 37.73708, -1.5777 ], [ 37.73697, -1.57793 ], [ 37.73681, -1.57809 ], [ 37.73663, -1.57826 ], [ 37.73657, -1.5785 ], [ 37.73652, -1.5787 ], [ 37.73651, -1.57897 ], [ 37.73638, -1.57917 ], [ 37.73615, -1.57942 ], [ 37.73569, -1.57962 ], [ 37.73542, -1.57982 ], [ 37.73512, -1.58026 ], [ 37.73492, -1.58056 ], [ 37.73471, -1.58094 ], [ 37.7344, -1.58126 ], [ 37.73394, -1.58174 ], [ 37.73364, -1.58205 ], [ 37.73319, -1.58225 ], [ 37.73268, -1.58251 ], [ 37.73238, -1.58272 ], [ 37.73216, -1.58295 ], [ 37.73198, -1.58309 ], [ 37.73203, -1.58328 ], [ 37.73245, -1.58353 ], [ 37.73236, -1.58357 ], [ 37.73261, -1.58368 ], [ 37.7327, -1.58374 ], [ 37.73316, -1.58407 ], [ 37.73336, -1.5843 ], [ 37.73349, -1.58447 ], [ 37.73368, -1.58472 ], [ 37.7338, -1.5848 ], [ 37.73382, -1.58482 ], [ 37.73393, -1.58493 ], [ 37.73403, -1.58498 ], [ 37.73411, -1.58506 ], [ 37.73443, -1.5852 ], [ 37.73461, -1.58523 ], [ 37.73487, -1.58537 ], [ 37.73523, -1.58548 ], [ 37.7355, -1.58562 ], [ 37.73595, -1.58581 ], [ 37.73612, -1.58587 ], [ 37.73622, -1.58591 ], [ 37.73643, -1.5861 ], [ 37.73668, -1.58633 ], [ 37.73687, -1.58657 ], [ 37.73691, -1.5867 ], [ 37.73698, -1.58692 ], [ 37.73711, -1.58719 ], [ 37.73709, -1.58739 ], [ 37.73707, -1.58761 ], [ 37.73708, -1.58786 ], [ 37.73709, -1.58815 ], [ 37.737, -1.58833 ], [ 37.73698, -1.58838 ], [ 37.73698, -1.58873 ], [ 37.73698, -1.58897 ], [ 37.73698, -1.58905 ], [ 37.73694, -1.58911 ], [ 37.73677, -1.58929 ], [ 37.73673, -1.58947 ], [ 37.73667, -1.5897 ], [ 37.73666, -1.58975 ], [ 37.73664, -1.58993 ], [ 37.73649, -1.59017 ], [ 37.73643, -1.59029 ], [ 37.73636, -1.59042 ], [ 37.73623, -1.59059 ], [ 37.73619, -1.59063 ], [ 37.73595, -1.59092 ], [ 37.73585, -1.59122 ], [ 37.73576, -1.59147 ], [ 37.73575, -1.5915 ], [ 37.73574, -1.59152 ], [ 37.73574, -1.59153 ], [ 37.73573, -1.59156 ], [ 37.73569, -1.5917 ], [ 37.7357, -1.59194 ], [ 37.7357, -1.59198 ], [ 37.73573, -1.59236 ], [ 37.73573, -1.59243 ], [ 37.73573, -1.5928 ], [ 37.73574, -1.59301 ], [ 37.73575, -1.59312 ], [ 37.73577, -1.59319 ], [ 37.73585, -1.59346 ], [ 37.73586, -1.59372 ], [ 37.73595, -1.59409 ], [ 37.73595, -1.59443 ], [ 37.73593, -1.59464 ], [ 37.73593, -1.59492 ], [ 37.7358, -1.59527 ], [ 37.73563, -1.5955 ], [ 37.73557, -1.59558 ], [ 37.73541, -1.59579 ], [ 37.7352, -1.59607 ], [ 37.73506, -1.59625 ], [ 37.7348, -1.5966 ], [ 37.73448, -1.59677 ], [ 37.73426, -1.59696 ], [ 37.73405, -1.59711 ], [ 37.73384, -1.59714 ], [ 37.73379, -1.59715 ], [ 37.73357, -1.59717 ], [ 37.73347, -1.59718 ], [ 37.73303, -1.59721 ], [ 37.73262, -1.59728 ], [ 37.73249, -1.5973 ], [ 37.73204, -1.59743 ], [ 37.7319, -1.59746 ], [ 37.73166, -1.59751 ], [ 37.73149, -1.59765 ], [ 37.73136, -1.59776 ], [ 37.73131, -1.5978 ], [ 37.73121, -1.59784 ], [ 37.73097, -1.59794 ], [ 37.73067, -1.59817 ], [ 37.73043, -1.59834 ], [ 37.73009, -1.59844 ], [ 37.72987, -1.59858 ], [ 37.72959, -1.59873 ], [ 37.72953, -1.59876 ], [ 37.72928, -1.599 ], [ 37.72905, -1.59925 ], [ 37.72881, -1.59951 ], [ 37.72879, -1.59988 ], [ 37.72882, -1.60026 ], [ 37.72892, -1.60064 ], [ 37.729, -1.60093 ], [ 37.7291, -1.60117 ], [ 37.7291, -1.60117 ], [ 37.72907, -1.6016 ], [ 37.72935, -1.60234 ], [ 37.72947, -1.60265 ], [ 37.72948, -1.60324 ], [ 37.72934, -1.60331 ], [ 37.72922, -1.60351 ], [ 37.72915, -1.60368 ], [ 37.72914, -1.60387 ], [ 37.72918, -1.6041 ], [ 37.72932, -1.60426 ], [ 37.72932, -1.60426 ], [ 37.72939, -1.60445 ], [ 37.72947, -1.60464 ], [ 37.72949, -1.60485 ], [ 37.72944, -1.60505 ], [ 37.72928, -1.6051 ], [ 37.72911, -1.60503 ], [ 37.72897, -1.60512 ], [ 37.72883, -1.60521 ], [ 37.72878, -1.60524 ], [ 37.72871, -1.60541 ], [ 37.72871, -1.60545 ], [ 37.7287, -1.6056 ], [ 37.72868, -1.60577 ], [ 37.72871, -1.60595 ], [ 37.7287, -1.60612 ], [ 37.72861, -1.60616 ], [ 37.72857, -1.60618 ], [ 37.72851, -1.60612 ], [ 37.72847, -1.60607 ], [ 37.72842, -1.60601 ], [ 37.7284, -1.60599 ], [ 37.72837, -1.60595 ], [ 37.72818, -1.60592 ], [ 37.72792, -1.60594 ], [ 37.72775, -1.60604 ], [ 37.72752, -1.60611 ], [ 37.72727, -1.60624 ], [ 37.72704, -1.60631 ], [ 37.72679, -1.60639 ], [ 37.72658, -1.60648 ], [ 37.7264, -1.60657 ], [ 37.72624, -1.60664 ], [ 37.72603, -1.60668 ], [ 37.72591, -1.60679 ], [ 37.72578, -1.60688 ], [ 37.7257, -1.60699 ], [ 37.72552, -1.60706 ], [ 37.72538, -1.60721 ], [ 37.72522, -1.60738 ], [ 37.72507, -1.60747 ], [ 37.72488, -1.60757 ], [ 37.72472, -1.6077 ], [ 37.7245, -1.60778 ], [ 37.72428, -1.60785 ], [ 37.72403, -1.608 ], [ 37.72388, -1.60821 ], [ 37.72376, -1.60839 ], [ 37.72363, -1.60858 ], [ 37.72348, -1.60874 ], [ 37.7234, -1.60894 ], [ 37.72326, -1.60914 ], [ 37.72321, -1.60931 ], [ 37.72307, -1.60945 ], [ 37.72276, -1.60942 ], [ 37.72258, -1.60941 ], [ 37.72244, -1.60948 ], [ 37.72228, -1.60952 ], [ 37.72211, -1.60962 ], [ 37.72201, -1.60978 ], [ 37.72191, -1.60993 ], [ 37.72177, -1.6101 ], [ 37.72155, -1.61014 ], [ 37.72127, -1.61019 ], [ 37.72104, -1.61023 ], [ 37.72093, -1.61033 ], [ 37.72076, -1.61043 ], [ 37.72059, -1.61047 ], [ 37.72044, -1.61059 ], [ 37.72026, -1.61075 ], [ 37.7202, -1.61096 ], [ 37.72006, -1.61113 ], [ 37.7199, -1.61119 ], [ 37.71971, -1.61119 ], [ 37.71961, -1.61119 ], [ 37.71951, -1.61119 ], [ 37.71929, -1.61115 ], [ 37.71922, -1.61112 ], [ 37.7191, -1.61106 ], [ 37.71895, -1.61094 ], [ 37.7189, -1.6109 ], [ 37.71873, -1.61089 ], [ 37.71854, -1.61088 ], [ 37.7183, -1.61086 ], [ 37.71816, -1.61088 ], [ 37.71813, -1.61088 ], [ 37.71799, -1.61082 ], [ 37.71779, -1.61073 ], [ 37.71769, -1.61056 ], [ 37.71757, -1.61042 ], [ 37.7175, -1.61036 ], [ 37.7174, -1.61028 ], [ 37.71717, -1.61018 ], [ 37.71701, -1.61002 ], [ 37.71693, -1.60983 ], [ 37.71687, -1.60971 ], [ 37.71686, -1.60968 ], [ 37.71675, -1.60961 ], [ 37.71656, -1.60961 ], [ 37.71638, -1.60955 ], [ 37.71633, -1.60953 ], [ 37.71629, -1.60952 ], [ 37.71621, -1.60945 ], [ 37.71619, -1.60943 ], [ 37.71602, -1.60941 ], [ 37.71582, -1.60938 ], [ 37.71566, -1.6094 ], [ 37.71559, -1.60941 ], [ 37.71545, -1.60926 ], [ 37.71545, -1.60915 ], [ 37.71545, -1.60911 ], [ 37.71533, -1.60894 ], [ 37.71529, -1.60891 ], [ 37.71529, -1.60891 ], [ 37.71518, -1.60883 ], [ 37.71512, -1.60871 ], [ 37.71502, -1.60852 ], [ 37.71503, -1.60848 ], [ 37.71505, -1.60838 ], [ 37.71508, -1.60817 ], [ 37.71493, -1.60799 ], [ 37.71485, -1.60789 ], [ 37.71479, -1.60771 ], [ 37.71475, -1.60771 ], [ 37.7146, -1.60771 ], [ 37.71447, -1.60771 ], [ 37.71435, -1.60779 ], [ 37.71418, -1.60791 ], [ 37.71396, -1.60792 ], [ 37.71378, -1.60793 ], [ 37.71371, -1.60793 ], [ 37.71354, -1.60784 ], [ 37.71332, -1.60772 ], [ 37.71331, -1.60772 ], [ 37.71308, -1.60759 ], [ 37.71284, -1.6075 ], [ 37.71268, -1.60744 ], [ 37.7126, -1.60742 ], [ 37.71258, -1.60741 ], [ 37.71257, -1.6074 ], [ 37.71255, -1.60739 ], [ 37.71241, -1.60734 ], [ 37.71232, -1.60731 ], [ 37.71221, -1.60721 ], [ 37.71216, -1.60707 ], [ 37.71216, -1.60692 ], [ 37.7122, -1.60674 ], [ 37.71211, -1.60658 ], [ 37.71202, -1.60644 ], [ 37.71206, -1.60625 ], [ 37.71212, -1.60617 ], [ 37.71209, -1.60604 ], [ 37.71209, -1.60579 ], [ 37.71197, -1.60557 ], [ 37.71187, -1.60539 ], [ 37.71176, -1.6052 ], [ 37.71169, -1.60507 ], [ 37.71166, -1.60487 ], [ 37.71163, -1.60467 ], [ 37.71146, -1.60454 ], [ 37.71142, -1.60437 ], [ 37.71128, -1.60425 ], [ 37.71125, -1.60423 ], [ 37.71113, -1.60413 ], [ 37.71103, -1.60395 ], [ 37.71092, -1.60374 ], [ 37.71085, -1.6035 ], [ 37.71078, -1.60334 ], [ 37.71069, -1.60315 ], [ 37.71062, -1.60294 ], [ 37.71056, -1.60276 ], [ 37.71043, -1.6026 ], [ 37.71029, -1.60242 ], [ 37.71019, -1.60221 ], [ 37.71011, -1.60203 ], [ 37.70996, -1.60183 ], [ 37.70984, -1.60164 ], [ 37.70977, -1.6014 ], [ 37.70962, -1.60117 ], [ 37.70951, -1.60101 ], [ 37.70938, -1.60081 ], [ 37.70926, -1.60064 ], [ 37.70924, -1.6005 ], [ 37.70925, -1.60027 ], [ 37.70919, -1.60007 ], [ 37.70914, -1.59988 ], [ 37.70905, -1.59978 ], [ 37.70898, -1.59966 ], [ 37.70888, -1.59947 ], [ 37.70876, -1.59932 ], [ 37.70861, -1.59919 ], [ 37.70849, -1.59909 ], [ 37.70843, -1.59894 ], [ 37.70831, -1.5988 ], [ 37.70816, -1.59863 ], [ 37.70802, -1.59851 ], [ 37.70791, -1.59834 ], [ 37.70779, -1.59817 ], [ 37.70761, -1.59807 ], [ 37.70743, -1.59791 ], [ 37.70734, -1.5977 ], [ 37.70725, -1.59753 ], [ 37.70711, -1.5974 ], [ 37.70692, -1.59724 ], [ 37.70685, -1.59709 ], [ 37.70685, -1.59687 ], [ 37.70686, -1.59664 ], [ 37.70669, -1.59654 ], [ 37.70649, -1.59643 ], [ 37.70628, -1.5964 ], [ 37.70624, -1.59624 ], [ 37.70625, -1.59604 ], [ 37.70627, -1.59601 ], [ 37.70632, -1.59585 ], [ 37.70627, -1.59577 ], [ 37.70622, -1.5957 ], [ 37.70611, -1.59553 ], [ 37.70606, -1.59534 ], [ 37.70601, -1.59519 ], [ 37.70595, -1.595 ], [ 37.70595, -1.59497 ], [ 37.70598, -1.59497 ], [ 37.70605, -1.59473 ], [ 37.70604, -1.59445 ], [ 37.70595, -1.59426 ], [ 37.70592, -1.59409 ], [ 37.70592, -1.59389 ], [ 37.70602, -1.59363 ], [ 37.70602, -1.59362 ], [ 37.70599, -1.59345 ], [ 37.70589, -1.59332 ], [ 37.70582, -1.59316 ], [ 37.70575, -1.59299 ], [ 37.70574, -1.5928 ], [ 37.70573, -1.5926 ], [ 37.70564, -1.59245 ], [ 37.70551, -1.59223 ], [ 37.70535, -1.59203 ], [ 37.70522, -1.59187 ], [ 37.7051, -1.59165 ], [ 37.70505, -1.59142 ], [ 37.70505, -1.59119 ], [ 37.70497, -1.59099 ], [ 37.7049, -1.59072 ], [ 37.70481, -1.59052 ], [ 37.70477, -1.59042 ], [ 37.70469, -1.59024 ], [ 37.70457, -1.59012 ], [ 37.70442, -1.58986 ], [ 37.70434, -1.58971 ], [ 37.70427, -1.58949 ], [ 37.70418, -1.58924 ], [ 37.70412, -1.58905 ], [ 37.70397, -1.58888 ], [ 37.70384, -1.58858 ], [ 37.70364, -1.58828 ], [ 37.70349, -1.58806 ], [ 37.70321, -1.58775 ], [ 37.70295, -1.58754 ], [ 37.70271, -1.58749 ], [ 37.70243, -1.58761 ], [ 37.70225, -1.58778 ], [ 37.70224, -1.58779 ], [ 37.70205, -1.58799 ], [ 37.70185, -1.58822 ], [ 37.70171, -1.58846 ], [ 37.70148, -1.58871 ], [ 37.70131, -1.58889 ], [ 37.70098, -1.58906 ], [ 37.70078, -1.58925 ], [ 37.70055, -1.58939 ], [ 37.70038, -1.58959 ], [ 37.70006, -1.58968 ], [ 37.69974, -1.58976 ], [ 37.69951, -1.58968 ], [ 37.69927, -1.58952 ], [ 37.69893, -1.58935 ], [ 37.69861, -1.58914 ], [ 37.6984, -1.58895 ], [ 37.69821, -1.58878 ], [ 37.69799, -1.58859 ], [ 37.69774, -1.58852 ], [ 37.6976, -1.58838 ], [ 37.69741, -1.58819 ], [ 37.69727, -1.58798 ], [ 37.69704, -1.58777 ], [ 37.69677, -1.58751 ], [ 37.69667, -1.58724 ], [ 37.69667, -1.58702 ], [ 37.69673, -1.58685 ], [ 37.69677, -1.58649 ], [ 37.69663, -1.58629 ], [ 37.69643, -1.58619 ], [ 37.69619, -1.58619 ], [ 37.69587, -1.58592 ], [ 37.69577, -1.58572 ], [ 37.69568, -1.58555 ], [ 37.69558, -1.58533 ], [ 37.69554, -1.58515 ], [ 37.6954, -1.58494 ], [ 37.69524, -1.58514 ], [ 37.69502, -1.58517 ], [ 37.69474, -1.58532 ], [ 37.69451, -1.58546 ], [ 37.69427, -1.58567 ], [ 37.69404, -1.58582 ], [ 37.69387, -1.58598 ], [ 37.69362, -1.58605 ], [ 37.69342, -1.58615 ], [ 37.69317, -1.58627 ], [ 37.69296, -1.58644 ], [ 37.69292, -1.58645 ], [ 37.6928, -1.58651 ], [ 37.6926, -1.5866 ], [ 37.6924, -1.58669 ], [ 37.6922, -1.58678 ], [ 37.69207, -1.58691 ], [ 37.69177, -1.58701 ], [ 37.6916, -1.58715 ], [ 37.69139, -1.58733 ], [ 37.69127, -1.58743 ], [ 37.69102, -1.58757 ], [ 37.69076, -1.58762 ], [ 37.69048, -1.58772 ], [ 37.69012, -1.58788 ], [ 37.68985, -1.58796 ], [ 37.68973, -1.58814 ], [ 37.68948, -1.58831 ], [ 37.68922, -1.58839 ], [ 37.68909, -1.58855 ], [ 37.68883, -1.58864 ], [ 37.68865, -1.58874 ], [ 37.68842, -1.58881 ], [ 37.68816, -1.58889 ], [ 37.68796, -1.58902 ], [ 37.68772, -1.58914 ], [ 37.68751, -1.58923 ], [ 37.68738, -1.58934 ], [ 37.68711, -1.58946 ], [ 37.68694, -1.58954 ], [ 37.68675, -1.58974 ], [ 37.68656, -1.58982 ], [ 37.68635, -1.58992 ], [ 37.68634, -1.58994 ], [ 37.68618, -1.59018 ], [ 37.68602, -1.59028 ], [ 37.68581, -1.59041 ], [ 37.68556, -1.59051 ], [ 37.68544, -1.59062 ], [ 37.68525, -1.59066 ], [ 37.68509, -1.59082 ], [ 37.68485, -1.59098 ], [ 37.68459, -1.59131 ], [ 37.68436, -1.59153 ], [ 37.68424, -1.59175 ], [ 37.68414, -1.59202 ], [ 37.68404, -1.59219 ], [ 37.68397, -1.59243 ], [ 37.68397, -1.59263 ], [ 37.68385, -1.59283 ], [ 37.68373, -1.59305 ], [ 37.68357, -1.59332 ], [ 37.68347, -1.5936 ], [ 37.68338, -1.59384 ], [ 37.68319, -1.59416 ], [ 37.68309, -1.59455 ], [ 37.68303, -1.5948 ], [ 37.68301, -1.59502 ], [ 37.68288, -1.59523 ], [ 37.68274, -1.59547 ], [ 37.68257, -1.59566 ], [ 37.68249, -1.59584 ], [ 37.68237, -1.59606 ], [ 37.6822, -1.59634 ], [ 37.68209, -1.59653 ], [ 37.68199, -1.5968 ], [ 37.68191, -1.59706 ], [ 37.68187, -1.59729 ], [ 37.68181, -1.59746 ], [ 37.68177, -1.59757 ], [ 37.68175, -1.59777 ], [ 37.68173, -1.59805 ], [ 37.68167, -1.59829 ], [ 37.68165, -1.59857 ], [ 37.68154, -1.59883 ], [ 37.68147, -1.59911 ], [ 37.68137, -1.59939 ], [ 37.68134, -1.59969 ], [ 37.68128, -1.59994 ], [ 37.68122, -1.60023 ], [ 37.68105, -1.60057 ], [ 37.68104, -1.60084 ], [ 37.68105, -1.60114 ], [ 37.68107, -1.60145 ], [ 37.68119, -1.60183 ], [ 37.68107, -1.60194 ], [ 37.68101, -1.60214 ], [ 37.681, -1.6024 ], [ 37.68105, -1.60264 ], [ 37.68106, -1.60283 ], [ 37.68115, -1.603 ], [ 37.68122, -1.60315 ], [ 37.68135, -1.60341 ], [ 37.68136, -1.60344 ], [ 37.68137, -1.60353 ], [ 37.68137, -1.60353 ], [ 37.68127, -1.60368 ], [ 37.68118, -1.60381 ], [ 37.68112, -1.60404 ], [ 37.6811, -1.60427 ], [ 37.68107, -1.60455 ], [ 37.681, -1.60472 ], [ 37.6808, -1.60483 ], [ 37.68072, -1.60501 ], [ 37.68064, -1.60521 ], [ 37.68047, -1.60541 ], [ 37.68035, -1.60562 ], [ 37.68018, -1.60585 ], [ 37.6801, -1.60601 ], [ 37.68, -1.60619 ], [ 37.67984, -1.60631 ], [ 37.67971, -1.60644 ], [ 37.67948, -1.60654 ], [ 37.67928, -1.60659 ], [ 37.67908, -1.60672 ], [ 37.67903, -1.60684 ], [ 37.67905, -1.60709 ], [ 37.67906, -1.60732 ], [ 37.67908, -1.60761 ], [ 37.67909, -1.60784 ], [ 37.67911, -1.60809 ], [ 37.67913, -1.60832 ], [ 37.67914, -1.60855 ], [ 37.67915, -1.60878 ], [ 37.6792, -1.60899 ], [ 37.67917, -1.60918 ], [ 37.6791, -1.60934 ], [ 37.67905, -1.60954 ], [ 37.67916, -1.60969 ], [ 37.6792, -1.60985 ], [ 37.67924, -1.61002 ], [ 37.67934, -1.61019 ], [ 37.67934, -1.61035 ], [ 37.67942, -1.61059 ], [ 37.67945, -1.61081 ], [ 37.67944, -1.61101 ], [ 37.6795, -1.61126 ], [ 37.67957, -1.61142 ], [ 37.67957, -1.61169 ], [ 37.67957, -1.61192 ], [ 37.67943, -1.61212 ], [ 37.67944, -1.61228 ], [ 37.67945, -1.61249 ], [ 37.67954, -1.61269 ], [ 37.67965, -1.61293 ], [ 37.67976, -1.61316 ], [ 37.67988, -1.61325 ], [ 37.68001, -1.61335 ], [ 37.68012, -1.61343 ], [ 37.68021, -1.61359 ], [ 37.68038, -1.61369 ], [ 37.68048, -1.61375 ], [ 37.6806, -1.6139 ], [ 37.68077, -1.6141 ], [ 37.68088, -1.61425 ], [ 37.68094, -1.6144 ], [ 37.68107, -1.61453 ], [ 37.68112, -1.61465 ], [ 37.68125, -1.61478 ], [ 37.68131, -1.61495 ], [ 37.68136, -1.61509 ], [ 37.68142, -1.61527 ], [ 37.68149, -1.61546 ], [ 37.68152, -1.6157 ], [ 37.68155, -1.6159 ], [ 37.68159, -1.61614 ], [ 37.68162, -1.6164 ], [ 37.68167, -1.6167 ], [ 37.68177, -1.61697 ], [ 37.68189, -1.6171 ], [ 37.682, -1.61735 ], [ 37.68217, -1.61751 ], [ 37.68235, -1.61769 ], [ 37.6825, -1.61783 ], [ 37.68263, -1.61804 ], [ 37.68274, -1.61821 ], [ 37.68281, -1.61834 ], [ 37.68285, -1.6184 ], [ 37.68305, -1.61859 ], [ 37.68324, -1.61873 ], [ 37.68325, -1.61878 ], [ 37.68327, -1.61893 ], [ 37.68329, -1.61916 ], [ 37.68328, -1.61934 ], [ 37.6833, -1.6194 ], [ 37.68333, -1.61953 ], [ 37.68337, -1.61967 ], [ 37.68342, -1.6199 ], [ 37.68348, -1.62013 ], [ 37.68357, -1.62027 ], [ 37.68369, -1.62041 ], [ 37.68388, -1.62056 ], [ 37.68397, -1.62071 ], [ 37.68409, -1.62094 ], [ 37.68414, -1.62113 ], [ 37.68419, -1.62134 ], [ 37.68419, -1.62134 ], [ 37.68428, -1.62155 ], [ 37.68429, -1.62158 ], [ 37.68429, -1.62174 ], [ 37.68419, -1.62184 ], [ 37.68415, -1.62187 ], [ 37.68403, -1.62205 ], [ 37.68399, -1.62227 ], [ 37.68397, -1.62244 ], [ 37.68389, -1.62258 ], [ 37.68378, -1.6227 ], [ 37.68372, -1.62284 ], [ 37.68365, -1.62301 ], [ 37.68363, -1.62317 ], [ 37.68371, -1.62338 ], [ 37.68377, -1.62354 ], [ 37.68391, -1.62372 ], [ 37.68397, -1.62387 ], [ 37.68394, -1.62402 ], [ 37.68378, -1.62417 ], [ 37.68365, -1.62438 ], [ 37.68353, -1.62457 ], [ 37.68353, -1.62474 ], [ 37.68354, -1.62501 ], [ 37.68354, -1.62528 ], [ 37.68358, -1.62554 ], [ 37.68362, -1.62581 ], [ 37.68362, -1.62587 ], [ 37.68356, -1.62597 ], [ 37.68349, -1.62607 ], [ 37.68345, -1.62609 ], [ 37.68319, -1.62615 ], [ 37.68302, -1.62624 ], [ 37.68289, -1.62639 ], [ 37.68274, -1.62657 ], [ 37.68269, -1.62678 ], [ 37.68264, -1.62702 ], [ 37.68255, -1.62721 ], [ 37.68246, -1.62739 ], [ 37.68238, -1.62757 ], [ 37.68229, -1.62776 ], [ 37.68226, -1.62801 ], [ 37.68222, -1.62828 ], [ 37.68219, -1.62851 ], [ 37.68222, -1.62873 ], [ 37.68212, -1.62889 ], [ 37.68199, -1.62913 ], [ 37.68184, -1.62928 ], [ 37.68171, -1.62941 ], [ 37.68164, -1.62943 ], [ 37.68156, -1.62946 ], [ 37.68151, -1.62943 ], [ 37.6814, -1.62936 ], [ 37.68136, -1.62934 ], [ 37.68126, -1.62928 ], [ 37.68113, -1.62939 ], [ 37.68095, -1.62954 ], [ 37.68075, -1.62971 ], [ 37.68057, -1.62986 ], [ 37.68048, -1.62998 ], [ 37.68036, -1.63014 ], [ 37.68022, -1.63025 ], [ 37.68006, -1.63038 ], [ 37.67991, -1.63055 ], [ 37.6798, -1.63068 ], [ 37.67961, -1.63076 ], [ 37.67938, -1.63082 ], [ 37.67922, -1.63091 ], [ 37.67903, -1.63101 ], [ 37.67884, -1.63112 ], [ 37.67878, -1.63115 ], [ 37.67876, -1.6311 ], [ 37.67875, -1.6311 ], [ 37.67863, -1.63115 ], [ 37.67847, -1.63121 ], [ 37.67833, -1.63122 ], [ 37.67815, -1.63132 ], [ 37.67793, -1.63136 ], [ 37.67768, -1.63145 ], [ 37.67751, -1.6316 ], [ 37.67741, -1.63178 ], [ 37.67733, -1.63193 ], [ 37.67719, -1.63209 ], [ 37.67697, -1.63218 ], [ 37.67678, -1.63225 ], [ 37.67658, -1.63238 ], [ 37.67638, -1.63259 ], [ 37.67622, -1.63259 ], [ 37.67621, -1.63259 ], [ 37.67606, -1.63252 ], [ 37.67604, -1.6325 ], [ 37.67597, -1.63238 ], [ 37.67587, -1.6323 ], [ 37.67583, -1.63228 ], [ 37.67573, -1.63223 ], [ 37.67573, -1.63242 ], [ 37.67568, -1.63258 ], [ 37.67564, -1.63272 ], [ 37.67557, -1.6328 ], [ 37.6756, -1.63296 ], [ 37.67567, -1.63313 ], [ 37.67576, -1.63323 ], [ 37.67573, -1.63336 ], [ 37.6756, -1.63345 ], [ 37.6755, -1.63351 ], [ 37.67547, -1.63353 ], [ 37.67529, -1.63358 ], [ 37.67526, -1.63359 ], [ 37.67507, -1.63359 ], [ 37.67503, -1.63359 ], [ 37.67488, -1.6337 ], [ 37.67481, -1.63387 ], [ 37.6747, -1.63393 ], [ 37.67463, -1.63396 ], [ 37.6746, -1.63398 ], [ 37.67457, -1.63399 ], [ 37.6745, -1.63403 ], [ 37.67432, -1.63412 ], [ 37.67426, -1.63429 ], [ 37.67417, -1.6345 ], [ 37.67401, -1.63459 ], [ 37.67391, -1.63469 ], [ 37.67384, -1.63485 ], [ 37.67386, -1.63508 ], [ 37.67371, -1.63529 ], [ 37.67361, -1.63543 ], [ 37.6735, -1.63551 ], [ 37.67344, -1.63556 ], [ 37.67339, -1.63558 ], [ 37.67326, -1.63564 ], [ 37.67323, -1.63565 ], [ 37.67305, -1.63565 ], [ 37.67296, -1.63573 ], [ 37.67277, -1.6359 ], [ 37.67269, -1.6361 ], [ 37.67257, -1.63626 ], [ 37.6725, -1.63644 ], [ 37.67241, -1.63667 ], [ 37.67241, -1.63692 ], [ 37.67241, -1.63713 ], [ 37.67239, -1.6373 ], [ 37.67239, -1.63753 ], [ 37.6723, -1.63774 ], [ 37.67222, -1.63786 ], [ 37.67217, -1.63799 ], [ 37.67217, -1.63816 ], [ 37.67217, -1.63833 ], [ 37.67217, -1.63854 ], [ 37.67209, -1.63869 ], [ 37.67197, -1.63881 ], [ 37.67193, -1.639 ], [ 37.67196, -1.6391 ], [ 37.67203, -1.63917 ], [ 37.67207, -1.63918 ], [ 37.67207, -1.63919 ], [ 37.67208, -1.63921 ], [ 37.6721, -1.63923 ], [ 37.67219, -1.63937 ], [ 37.6723, -1.63945 ], [ 37.67236, -1.63956 ], [ 37.67243, -1.6397 ], [ 37.67236, -1.63983 ], [ 37.67218, -1.63992 ], [ 37.67217, -1.63992 ], [ 37.67217, -1.63992 ], [ 37.67216, -1.63992 ], [ 37.67203, -1.63993 ], [ 37.67189, -1.63995 ], [ 37.67169, -1.63996 ], [ 37.67146, -1.63998 ], [ 37.6713, -1.64 ], [ 37.67123, -1.64004 ], [ 37.67116, -1.64016 ], [ 37.67103, -1.64037 ], [ 37.67089, -1.6405 ], [ 37.67072, -1.64053 ], [ 37.6705, -1.64051 ], [ 37.67038, -1.64057 ], [ 37.6704, -1.6407 ], [ 37.67043, -1.64084 ], [ 37.67049, -1.64098 ], [ 37.67054, -1.64111 ], [ 37.67059, -1.64121 ], [ 37.67057, -1.64138 ], [ 37.67047, -1.64148 ], [ 37.67036, -1.6416 ], [ 37.67024, -1.64172 ], [ 37.67023, -1.64173 ], [ 37.67023, -1.64173 ], [ 37.67022, -1.64173 ], [ 37.67005, -1.64177 ], [ 37.66994, -1.64188 ], [ 37.6698, -1.64204 ], [ 37.66967, -1.64213 ], [ 37.66955, -1.64228 ], [ 37.66939, -1.6424 ], [ 37.66929, -1.64254 ], [ 37.66922, -1.64274 ], [ 37.66917, -1.64295 ], [ 37.66919, -1.64315 ], [ 37.6692, -1.64334 ], [ 37.66927, -1.64354 ], [ 37.66932, -1.64364 ], [ 37.66945, -1.6439 ], [ 37.66946, -1.64398 ], [ 37.66949, -1.64418 ], [ 37.66946, -1.6443 ], [ 37.66932, -1.64442 ], [ 37.66916, -1.6445 ], [ 37.66903, -1.64455 ], [ 37.66895, -1.64468 ], [ 37.66881, -1.64477 ], [ 37.6687, -1.64494 ], [ 37.66867, -1.64499 ], [ 37.66863, -1.64501 ], [ 37.66857, -1.64504 ], [ 37.66847, -1.64508 ], [ 37.6684, -1.64509 ], [ 37.66829, -1.6451 ], [ 37.66811, -1.64504 ], [ 37.66802, -1.64501 ], [ 37.66769, -1.645 ], [ 37.6674, -1.64498 ], [ 37.6672, -1.64507 ], [ 37.667, -1.64515 ], [ 37.6668, -1.64528 ], [ 37.66663, -1.64548 ], [ 37.66647, -1.64571 ], [ 37.66635, -1.64589 ], [ 37.66619, -1.64612 ], [ 37.66588, -1.64636 ], [ 37.66562, -1.64649 ], [ 37.66536, -1.64662 ], [ 37.66511, -1.64664 ], [ 37.66485, -1.64661 ], [ 37.66458, -1.64653 ], [ 37.66455, -1.64652 ], [ 37.66436, -1.64646 ], [ 37.66432, -1.64645 ], [ 37.6642, -1.64641 ], [ 37.66402, -1.64636 ], [ 37.66376, -1.64642 ], [ 37.66349, -1.64649 ], [ 37.66318, -1.64644 ], [ 37.66292, -1.64639 ], [ 37.66272, -1.64655 ], [ 37.66256, -1.64668 ], [ 37.66238, -1.64683 ], [ 37.66224, -1.64702 ], [ 37.6621, -1.64721 ], [ 37.66185, -1.64727 ], [ 37.6617, -1.6473 ], [ 37.66149, -1.64663 ], [ 37.66106, -1.64554 ], [ 37.66074, -1.64469 ], [ 37.66033, -1.6441 ], [ 37.65958, -1.64337 ], [ 37.65889, -1.64272 ], [ 37.65836, -1.6418 ], [ 37.65785, -1.64076 ], [ 37.65773, -1.64052 ], [ 37.65734, -1.63989 ], [ 37.65731, -1.6393 ], [ 37.65732, -1.6387 ], [ 37.65746, -1.63793 ], [ 37.65723, -1.63684 ], [ 37.65708, -1.63604 ], [ 37.65695, -1.63522 ], [ 37.65675, -1.63436 ], [ 37.65676, -1.63365 ], [ 37.65663, -1.63309 ], [ 37.65616, -1.63265 ], [ 37.65593, -1.63263 ], [ 37.65521, -1.63258 ], [ 37.65481, -1.63252 ], [ 37.6548, -1.63252 ], [ 37.65479, -1.63251 ], [ 37.65423, -1.63243 ], [ 37.65381, -1.63237 ], [ 37.65367, -1.63235 ], [ 37.65346, -1.63235 ], [ 37.65275, -1.63236 ], [ 37.65265, -1.63234 ], [ 37.65156, -1.63205 ], [ 37.65129, -1.63198 ], [ 37.65077, -1.63172 ], [ 37.65062, -1.63165 ], [ 37.6506, -1.63163 ], [ 37.65036, -1.63146 ], [ 37.65007, -1.63124 ], [ 37.65006, -1.63124 ], [ 37.65006, -1.63122 ], [ 37.65007, -1.63103 ], [ 37.65007, -1.63066 ], [ 37.65013, -1.63006 ], [ 37.65014, -1.62993 ], [ 37.65033, -1.62934 ], [ 37.6504, -1.62912 ], [ 37.65061, -1.62827 ], [ 37.6507, -1.62742 ], [ 37.65072, -1.62736 ], [ 37.65104, -1.62643 ], [ 37.65109, -1.62579 ], [ 37.65104, -1.62528 ], [ 37.65085, -1.62463 ], [ 37.65078, -1.62437 ], [ 37.65067, -1.62416 ], [ 37.65054, -1.62392 ], [ 37.65042, -1.62368 ], [ 37.65035, -1.62366 ], [ 37.64909, -1.62337 ], [ 37.64874, -1.62323 ], [ 37.64861, -1.6232 ], [ 37.64829, -1.62313 ], [ 37.64794, -1.62291 ], [ 37.64768, -1.62281 ], [ 37.64735, -1.6225 ], [ 37.6473, -1.62232 ], [ 37.64728, -1.62225 ], [ 37.64708, -1.6219 ], [ 37.6471, -1.62162 ], [ 37.64706, -1.62144 ], [ 37.64701, -1.62116 ], [ 37.64699, -1.62091 ], [ 37.64692, -1.62058 ], [ 37.64685, -1.62024 ], [ 37.64671, -1.62004 ], [ 37.64674, -1.61986 ], [ 37.6467, -1.6196 ], [ 37.64666, -1.61932 ], [ 37.64654, -1.6191 ], [ 37.6464, -1.61881 ], [ 37.64622, -1.61865 ], [ 37.64603, -1.61844 ], [ 37.64582, -1.61821 ], [ 37.64567, -1.61798 ], [ 37.64557, -1.61771 ], [ 37.64554, -1.61765 ], [ 37.64545, -1.61746 ], [ 37.64533, -1.61724 ], [ 37.64532, -1.61721 ], [ 37.64524, -1.61691 ], [ 37.64525, -1.61678 ], [ 37.64527, -1.61658 ], [ 37.64527, -1.6162 ], [ 37.64528, -1.61617 ], [ 37.64533, -1.61602 ], [ 37.64532, -1.61575 ], [ 37.64529, -1.61555 ], [ 37.64529, -1.61555 ], [ 37.64511, -1.61528 ], [ 37.6451, -1.61516 ], [ 37.6451, -1.61509 ], [ 37.64508, -1.61487 ], [ 37.64507, -1.61461 ], [ 37.64507, -1.61459 ], [ 37.64505, -1.61451 ], [ 37.64498, -1.61424 ], [ 37.64487, -1.61397 ], [ 37.6447, -1.61372 ], [ 37.64455, -1.61347 ], [ 37.64437, -1.61315 ], [ 37.6441, -1.61273 ], [ 37.64401, -1.61245 ], [ 37.64397, -1.61226 ], [ 37.64387, -1.61196 ], [ 37.64381, -1.61179 ], [ 37.64373, -1.61144 ], [ 37.64363, -1.61113 ], [ 37.64363, -1.6109 ], [ 37.64363, -1.61062 ], [ 37.64372, -1.61025 ], [ 37.64374, -1.61014 ], [ 37.64378, -1.60995 ], [ 37.64387, -1.60965 ], [ 37.64387, -1.60935 ], [ 37.64382, -1.60909 ], [ 37.64376, -1.60891 ], [ 37.64373, -1.60883 ], [ 37.64367, -1.60845 ], [ 37.64367, -1.60806 ], [ 37.6436, -1.60765 ], [ 37.64345, -1.60736 ], [ 37.64336, -1.60715 ], [ 37.64326, -1.60686 ], [ 37.64309, -1.60642 ], [ 37.6431, -1.60604 ], [ 37.64307, -1.60579 ], [ 37.64304, -1.60552 ], [ 37.64303, -1.60521 ], [ 37.64303, -1.60495 ], [ 37.64313, -1.60469 ], [ 37.64318, -1.60439 ], [ 37.6433, -1.60414 ], [ 37.64348, -1.60388 ], [ 37.64363, -1.60376 ], [ 37.64378, -1.60357 ], [ 37.64394, -1.60343 ], [ 37.64419, -1.60319 ], [ 37.64425, -1.60313 ], [ 37.64438, -1.60301 ], [ 37.64443, -1.60281 ], [ 37.64441, -1.60251 ], [ 37.64429, -1.60231 ], [ 37.64416, -1.60212 ], [ 37.64398, -1.60187 ], [ 37.6438, -1.6016 ], [ 37.64369, -1.60134 ], [ 37.64354, -1.60112 ], [ 37.64337, -1.60078 ], [ 37.64329, -1.60042 ], [ 37.64326, -1.60015 ], [ 37.64316, -1.5999 ], [ 37.64304, -1.59962 ], [ 37.64293, -1.59933 ], [ 37.64276, -1.59904 ], [ 37.64263, -1.59881 ], [ 37.64253, -1.59855 ], [ 37.64243, -1.59836 ], [ 37.64236, -1.59803 ], [ 37.64236, -1.59801 ], [ 37.64237, -1.59788 ], [ 37.64237, -1.59777 ], [ 37.64241, -1.59757 ], [ 37.6425, -1.5974 ], [ 37.6427, -1.59721 ], [ 37.64275, -1.5972 ], [ 37.64298, -1.59715 ], [ 37.64323, -1.59717 ], [ 37.6435, -1.59717 ], [ 37.6437, -1.59717 ], [ 37.6438, -1.59717 ], [ 37.64398, -1.59716 ], [ 37.6442, -1.59707 ], [ 37.64432, -1.59683 ], [ 37.6443, -1.59662 ], [ 37.6443, -1.59659 ], [ 37.64424, -1.59632 ], [ 37.64423, -1.59629 ], [ 37.64417, -1.59598 ], [ 37.64414, -1.59569 ], [ 37.64407, -1.59542 ], [ 37.64406, -1.59539 ], [ 37.64398, -1.59511 ], [ 37.64387, -1.5949 ], [ 37.64386, -1.59486 ], [ 37.64379, -1.59469 ], [ 37.64357, -1.59454 ], [ 37.64331, -1.59448 ], [ 37.64314, -1.5944 ], [ 37.64292, -1.59434 ], [ 37.64266, -1.59431 ], [ 37.64234, -1.59425 ], [ 37.64204, -1.59418 ], [ 37.64196, -1.59416 ], [ 37.64174, -1.59412 ], [ 37.64144, -1.59398 ], [ 37.64142, -1.59397 ], [ 37.64119, -1.59385 ], [ 37.64105, -1.5937 ], [ 37.641, -1.59364 ], [ 37.64086, -1.59345 ], [ 37.64075, -1.59296 ], [ 37.64073, -1.59232 ], [ 37.6408, -1.59202 ], [ 37.64085, -1.59177 ], [ 37.64132, -1.59137 ], [ 37.6417, -1.59115 ], [ 37.64187, -1.59112 ], [ 37.64217, -1.59099 ], [ 37.64241, -1.59081 ], [ 37.64255, -1.59071 ], [ 37.64261, -1.5905 ], [ 37.64267, -1.59032 ], [ 37.64267, -1.59026 ], [ 37.64267, -1.59001 ], [ 37.64267, -1.58996 ], [ 37.64267, -1.58973 ], [ 37.6426, -1.58944 ], [ 37.64249, -1.58924 ], [ 37.64236, -1.58902 ], [ 37.64206, -1.58881 ], [ 37.64178, -1.58869 ], [ 37.64176, -1.58869 ], [ 37.64154, -1.58867 ], [ 37.64153, -1.58867 ], [ 37.64136, -1.58868 ], [ 37.64123, -1.58869 ], [ 37.64097, -1.58881 ], [ 37.64075, -1.58899 ], [ 37.6405, -1.58919 ], [ 37.64017, -1.58952 ], [ 37.63992, -1.58969 ], [ 37.63966, -1.59 ], [ 37.63952, -1.5903 ], [ 37.63929, -1.59065 ], [ 37.63904, -1.59088 ], [ 37.63864, -1.59107 ], [ 37.63823, -1.59121 ], [ 37.63785, -1.59139 ], [ 37.63742, -1.59155 ], [ 37.63702, -1.59174 ], [ 37.63662, -1.59191 ], [ 37.63627, -1.59205 ], [ 37.6359, -1.59215 ], [ 37.63555, -1.59221 ], [ 37.63522, -1.59231 ], [ 37.63484, -1.59233 ], [ 37.63445, -1.59234 ], [ 37.63413, -1.5924 ], [ 37.63383, -1.59244 ], [ 37.63354, -1.59247 ], [ 37.63333, -1.59246 ], [ 37.63318, -1.59246 ], [ 37.63301, -1.59246 ], [ 37.63266, -1.59236 ], [ 37.63238, -1.59221 ], [ 37.63229, -1.59216 ], [ 37.63215, -1.59209 ], [ 37.63189, -1.5918 ], [ 37.63169, -1.59156 ], [ 37.6315, -1.5913 ], [ 37.6315, -1.5913 ], [ 37.63129, -1.59108 ], [ 37.63114, -1.59082 ], [ 37.63096, -1.59062 ], [ 37.63076, -1.59043 ], [ 37.63056, -1.59023 ], [ 37.63022, -1.59006 ], [ 37.62997, -1.58994 ], [ 37.62991, -1.58993 ], [ 37.62971, -1.58992 ], [ 37.62949, -1.58986 ], [ 37.62928, -1.58986 ], [ 37.62928, -1.58983 ], [ 37.62916, -1.58974 ], [ 37.62905, -1.58958 ], [ 37.62893, -1.58937 ], [ 37.62875, -1.58914 ], [ 37.62865, -1.589 ], [ 37.62849, -1.58885 ], [ 37.62833, -1.58861 ], [ 37.62823, -1.58848 ], [ 37.62821, -1.58845 ], [ 37.6281, -1.58813 ], [ 37.62804, -1.5878 ], [ 37.62802, -1.58748 ], [ 37.6279, -1.58705 ], [ 37.62777, -1.58675 ], [ 37.62748, -1.5865 ], [ 37.62722, -1.5863 ], [ 37.6269, -1.5861 ], [ 37.62664, -1.5859 ], [ 37.62637, -1.58571 ], [ 37.62607, -1.58548 ], [ 37.62584, -1.58528 ], [ 37.6257, -1.58514 ], [ 37.62568, -1.58513 ], [ 37.62565, -1.58511 ], [ 37.62547, -1.58497 ], [ 37.6251, -1.58478 ], [ 37.62488, -1.58454 ], [ 37.62465, -1.58429 ], [ 37.62446, -1.58406 ], [ 37.62439, -1.58393 ], [ 37.62428, -1.58375 ], [ 37.62405, -1.58339 ], [ 37.62394, -1.5831 ], [ 37.62378, -1.58274 ], [ 37.62363, -1.58237 ], [ 37.62348, -1.58205 ], [ 37.62333, -1.58173 ], [ 37.62322, -1.58143 ], [ 37.62301, -1.58114 ], [ 37.62289, -1.58086 ], [ 37.62262, -1.58057 ], [ 37.62246, -1.58036 ], [ 37.62238, -1.58023 ], [ 37.62226, -1.57996 ], [ 37.62214, -1.57971 ], [ 37.62204, -1.57945 ], [ 37.62194, -1.57925 ], [ 37.62185, -1.57894 ], [ 37.62172, -1.57871 ], [ 37.62152, -1.57846 ], [ 37.62139, -1.57823 ], [ 37.62124, -1.57795 ], [ 37.62116, -1.57775 ], [ 37.62109, -1.57747 ], [ 37.62097, -1.57722 ], [ 37.62084, -1.57696 ], [ 37.62074, -1.57669 ], [ 37.62066, -1.57646 ], [ 37.62058, -1.57618 ], [ 37.62051, -1.57597 ], [ 37.62045, -1.57576 ], [ 37.62035, -1.57553 ], [ 37.62035, -1.57537 ], [ 37.62035, -1.5753 ], [ 37.62035, -1.57518 ], [ 37.62034, -1.57495 ], [ 37.62034, -1.57464 ], [ 37.62034, -1.57434 ], [ 37.62038, -1.57402 ], [ 37.62038, -1.57377 ], [ 37.62039, -1.5735 ], [ 37.62038, -1.57312 ], [ 37.62046, -1.57285 ], [ 37.62045, -1.57254 ], [ 37.62045, -1.57225 ], [ 37.62045, -1.57196 ], [ 37.62045, -1.57189 ], [ 37.62045, -1.57157 ], [ 37.62045, -1.57148 ], [ 37.62045, -1.57133 ], [ 37.62039, -1.57106 ], [ 37.62037, -1.57081 ], [ 37.62035, -1.57072 ], [ 37.62033, -1.5706 ], [ 37.62021, -1.57038 ], [ 37.62007, -1.57007 ], [ 37.61995, -1.56974 ], [ 37.6198, -1.56954 ], [ 37.61962, -1.56928 ], [ 37.6194, -1.56908 ], [ 37.61937, -1.56905 ], [ 37.6193, -1.56896 ], [ 37.61919, -1.56882 ], [ 37.61913, -1.56874 ], [ 37.61904, -1.56864 ], [ 37.61886, -1.56843 ], [ 37.6185, -1.56809 ], [ 37.61816, -1.56781 ], [ 37.61814, -1.56779 ], [ 37.61783, -1.56754 ], [ 37.6175, -1.56734 ], [ 37.61718, -1.56719 ], [ 37.61704, -1.56709 ], [ 37.61679, -1.56694 ], [ 37.61652, -1.56681 ], [ 37.61619, -1.56655 ], [ 37.61591, -1.56641 ], [ 37.61581, -1.56638 ], [ 37.61576, -1.56635 ], [ 37.61576, -1.56635 ], [ 37.61573, -1.56634 ], [ 37.61569, -1.56634 ], [ 37.61566, -1.56633 ], [ 37.61532, -1.56629 ], [ 37.61495, -1.56629 ], [ 37.61472, -1.56631 ], [ 37.61442, -1.56641 ], [ 37.61419, -1.56649 ], [ 37.614, -1.56664 ], [ 37.61376, -1.56678 ], [ 37.61344, -1.56694 ], [ 37.61319, -1.56715 ], [ 37.61298, -1.56735 ], [ 37.61276, -1.56753 ], [ 37.61256, -1.56769 ], [ 37.61243, -1.56788 ], [ 37.61215, -1.56806 ], [ 37.61193, -1.56821 ], [ 37.61188, -1.56825 ], [ 37.61178, -1.56832 ], [ 37.61155, -1.56844 ], [ 37.61135, -1.56855 ], [ 37.61128, -1.56867 ], [ 37.611, -1.56865 ], [ 37.61074, -1.56863 ], [ 37.61031, -1.56868 ], [ 37.60996, -1.56868 ], [ 37.60965, -1.56871 ], [ 37.60947, -1.56872 ], [ 37.60921, -1.56868 ], [ 37.609, -1.56857 ], [ 37.6088, -1.56844 ], [ 37.60875, -1.56838 ], [ 37.6087, -1.56831 ], [ 37.60867, -1.56828 ], [ 37.60867, -1.56828 ], [ 37.60867, -1.56827 ], [ 37.60853, -1.56806 ], [ 37.60841, -1.56779 ], [ 37.60841, -1.56762 ], [ 37.60841, -1.56746 ], [ 37.60845, -1.56711 ], [ 37.60845, -1.56709 ], [ 37.60845, -1.56687 ], [ 37.60857, -1.56652 ], [ 37.6086, -1.56642 ], [ 37.60871, -1.5661 ], [ 37.60875, -1.56591 ], [ 37.60879, -1.56564 ], [ 37.60879, -1.56558 ], [ 37.60879, -1.56534 ], [ 37.60881, -1.56502 ], [ 37.60875, -1.56474 ], [ 37.60862, -1.56445 ], [ 37.6086, -1.56442 ], [ 37.6083, -1.56398 ], [ 37.6079, -1.56356 ], [ 37.60769, -1.56345 ], [ 37.60764, -1.56345 ], [ 37.60726, -1.56352 ], [ 37.60717, -1.56367 ], [ 37.60698, -1.56383 ], [ 37.60678, -1.56398 ], [ 37.60661, -1.56414 ], [ 37.60641, -1.56427 ], [ 37.60618, -1.56432 ], [ 37.60597, -1.56438 ], [ 37.60571, -1.56439 ], [ 37.6055, -1.56443 ], [ 37.60549, -1.56443 ], [ 37.60517, -1.56446 ], [ 37.60494, -1.56443 ], [ 37.60465, -1.56429 ], [ 37.60446, -1.56426 ], [ 37.60414, -1.5642 ], [ 37.6039, -1.5642 ], [ 37.60366, -1.5642 ], [ 37.60342, -1.56424 ], [ 37.60328, -1.56426 ], [ 37.60324, -1.56423 ], [ 37.6031, -1.5641 ], [ 37.60295, -1.56407 ], [ 37.60274, -1.56397 ], [ 37.60243, -1.56393 ], [ 37.60215, -1.56393 ], [ 37.60192, -1.56393 ], [ 37.60165, -1.56393 ], [ 37.6013, -1.56392 ], [ 37.60103, -1.5639 ], [ 37.60074, -1.56384 ], [ 37.60052, -1.56376 ], [ 37.60024, -1.5636 ], [ 37.60009, -1.56351 ], [ 37.59993, -1.56324 ], [ 37.59985, -1.563 ], [ 37.59985, -1.56266 ], [ 37.5999, -1.56239 ], [ 37.59993, -1.56233 ], [ 37.60006, -1.5621 ], [ 37.60028, -1.56191 ], [ 37.60046, -1.56173 ], [ 37.60061, -1.56165 ], [ 37.60073, -1.56154 ], [ 37.60091, -1.56146 ], [ 37.60107, -1.56134 ], [ 37.60135, -1.56118 ], [ 37.60155, -1.56109 ], [ 37.60161, -1.56087 ], [ 37.60162, -1.5606 ], [ 37.60157, -1.56039 ], [ 37.60155, -1.56033 ], [ 37.60148, -1.56016 ], [ 37.60141, -1.55996 ], [ 37.6013, -1.5598 ], [ 37.60117, -1.5596 ], [ 37.601, -1.5594 ], [ 37.60086, -1.55919 ], [ 37.60082, -1.55913 ], [ 37.60061, -1.55893 ], [ 37.60038, -1.55874 ], [ 37.60018, -1.55856 ], [ 37.59997, -1.55839 ], [ 37.59981, -1.55823 ], [ 37.59979, -1.55821 ], [ 37.59958, -1.55794 ], [ 37.59949, -1.55789 ], [ 37.59939, -1.55783 ], [ 37.59923, -1.55761 ], [ 37.5991, -1.55732 ], [ 37.59899, -1.55699 ], [ 37.59893, -1.55668 ], [ 37.59887, -1.55637 ], [ 37.59891, -1.55624 ], [ 37.59898, -1.55601 ], [ 37.59904, -1.55569 ], [ 37.5991, -1.55545 ], [ 37.59917, -1.5551 ], [ 37.59936, -1.55488 ], [ 37.5994, -1.5548 ], [ 37.59948, -1.55462 ], [ 37.59955, -1.55436 ], [ 37.5995, -1.55409 ], [ 37.5995, -1.55403 ], [ 37.59975, -1.55381 ], [ 37.59901, -1.55353 ], [ 37.59838, -1.55342 ], [ 37.5982, -1.55338 ], [ 37.59793, -1.55352 ], [ 37.59777, -1.55354 ], [ 37.59757, -1.55361 ], [ 37.5973, -1.5538 ], [ 37.59704, -1.55399 ], [ 37.59684, -1.55425 ], [ 37.59668, -1.55451 ], [ 37.59654, -1.55473 ], [ 37.59639, -1.55501 ], [ 37.59621, -1.55535 ], [ 37.59605, -1.55563 ], [ 37.5958, -1.55592 ], [ 37.59564, -1.55617 ], [ 37.59542, -1.55637 ], [ 37.59525, -1.55659 ], [ 37.59505, -1.55681 ], [ 37.59494, -1.557 ], [ 37.59484, -1.55712 ], [ 37.59463, -1.55738 ], [ 37.59435, -1.55759 ], [ 37.5943, -1.55765 ], [ 37.59419, -1.55777 ], [ 37.59394, -1.55801 ], [ 37.59376, -1.55817 ], [ 37.59369, -1.5583 ], [ 37.59347, -1.55846 ], [ 37.59321, -1.55869 ], [ 37.59305, -1.55884 ], [ 37.59296, -1.55891 ], [ 37.59292, -1.55895 ], [ 37.59281, -1.55902 ], [ 37.59263, -1.55913 ], [ 37.59241, -1.55928 ], [ 37.59225, -1.55946 ], [ 37.59222, -1.55949 ], [ 37.59203, -1.55967 ], [ 37.59202, -1.55968 ], [ 37.59201, -1.55969 ], [ 37.59199, -1.5597 ], [ 37.59178, -1.55982 ], [ 37.59178, -1.55982 ], [ 37.59156, -1.55999 ], [ 37.59132, -1.56013 ], [ 37.59103, -1.56027 ], [ 37.59076, -1.56035 ], [ 37.59055, -1.56047 ], [ 37.59032, -1.56055 ], [ 37.59026, -1.56057 ], [ 37.58995, -1.56062 ], [ 37.58962, -1.56071 ], [ 37.58934, -1.56071 ], [ 37.58892, -1.56076 ], [ 37.58866, -1.56083 ], [ 37.58851, -1.56088 ], [ 37.58823, -1.56096 ], [ 37.58808, -1.56098 ], [ 37.58777, -1.56109 ], [ 37.58762, -1.56113 ], [ 37.58746, -1.56116 ], [ 37.58707, -1.56128 ], [ 37.58686, -1.56144 ], [ 37.58668, -1.56156 ], [ 37.58668, -1.56156 ], [ 37.58667, -1.56157 ], [ 37.58666, -1.56157 ], [ 37.58642, -1.56165 ], [ 37.58613, -1.56177 ], [ 37.58587, -1.56191 ], [ 37.58552, -1.56197 ], [ 37.58526, -1.56211 ], [ 37.58494, -1.56222 ], [ 37.58461, -1.56238 ], [ 37.58436, -1.56254 ], [ 37.58413, -1.5626 ], [ 37.58398, -1.56276 ], [ 37.58397, -1.56277 ], [ 37.58381, -1.56286 ], [ 37.58368, -1.56292 ], [ 37.58359, -1.56297 ], [ 37.58344, -1.56305 ], [ 37.58338, -1.56312 ], [ 37.58337, -1.56313 ], [ 37.58336, -1.56313 ], [ 37.5832, -1.56329 ], [ 37.58304, -1.56345 ], [ 37.58298, -1.56361 ], [ 37.58288, -1.56388 ], [ 37.58282, -1.56418 ], [ 37.58281, -1.56427 ], [ 37.58278, -1.56447 ], [ 37.58269, -1.56473 ], [ 37.58266, -1.56476 ], [ 37.58251, -1.56492 ], [ 37.5824, -1.56496 ], [ 37.58232, -1.56498 ], [ 37.58215, -1.56512 ], [ 37.58198, -1.56523 ], [ 37.58187, -1.56539 ], [ 37.58168, -1.56555 ], [ 37.58153, -1.56573 ], [ 37.58132, -1.56596 ], [ 37.58117, -1.56612 ], [ 37.58099, -1.5663 ], [ 37.58074, -1.56643 ], [ 37.58058, -1.5666 ], [ 37.58044, -1.56674 ], [ 37.58029, -1.5669 ], [ 37.58025, -1.56695 ], [ 37.58019, -1.567 ], [ 37.57996, -1.56717 ], [ 37.57974, -1.56733 ], [ 37.57956, -1.56749 ], [ 37.57937, -1.56765 ], [ 37.57921, -1.56772 ], [ 37.57906, -1.56781 ], [ 37.57893, -1.56788 ], [ 37.57885, -1.56794 ], [ 37.57871, -1.56789 ], [ 37.57862, -1.5679 ], [ 37.57851, -1.56792 ], [ 37.57832, -1.56795 ], [ 37.57805, -1.568 ], [ 37.57788, -1.56799 ], [ 37.57767, -1.56798 ], [ 37.57742, -1.56798 ], [ 37.57715, -1.56797 ], [ 37.57689, -1.56796 ], [ 37.57669, -1.56795 ], [ 37.57643, -1.56789 ], [ 37.57624, -1.56784 ], [ 37.57615, -1.56782 ], [ 37.57601, -1.5678 ], [ 37.57589, -1.56776 ], [ 37.57573, -1.56775 ], [ 37.57561, -1.56769 ], [ 37.57538, -1.56765 ], [ 37.5752, -1.56762 ], [ 37.57499, -1.56759 ], [ 37.57475, -1.56756 ], [ 37.57466, -1.5675 ], [ 37.57458, -1.56744 ], [ 37.57442, -1.5673 ], [ 37.57423, -1.56714 ], [ 37.57412, -1.56689 ], [ 37.57411, -1.56685 ], [ 37.57408, -1.56681 ], [ 37.57409, -1.56677 ], [ 37.57407, -1.56671 ], [ 37.57407, -1.56647 ], [ 37.5741, -1.5662 ], [ 37.57425, -1.56598 ], [ 37.57441, -1.56579 ], [ 37.5745, -1.56568 ], [ 37.5746, -1.56552 ], [ 37.57473, -1.5653 ], [ 37.57487, -1.56508 ], [ 37.57501, -1.56491 ], [ 37.57503, -1.5649 ], [ 37.57516, -1.56478 ], [ 37.57523, -1.56463 ], [ 37.57539, -1.56448 ], [ 37.57545, -1.56429 ], [ 37.57557, -1.56417 ], [ 37.57573, -1.56401 ], [ 37.57589, -1.56392 ], [ 37.576, -1.56382 ], [ 37.57615, -1.56359 ], [ 37.57642, -1.56338 ], [ 37.57655, -1.56321 ], [ 37.57684, -1.56262 ], [ 37.57687, -1.5624 ], [ 37.57698, -1.5622 ], [ 37.57706, -1.56185 ], [ 37.57713, -1.56157 ], [ 37.57723, -1.56127 ], [ 37.57732, -1.56103 ], [ 37.57736, -1.56089 ], [ 37.57741, -1.56067 ], [ 37.57742, -1.56044 ], [ 37.57727, -1.56031 ], [ 37.57723, -1.56026 ], [ 37.57716, -1.5602 ], [ 37.57699, -1.56014 ], [ 37.57682, -1.56016 ], [ 37.57681, -1.56013 ], [ 37.57671, -1.56007 ], [ 37.57654, -1.56007 ], [ 37.57636, -1.56005 ], [ 37.57615, -1.56005 ], [ 37.57594, -1.56007 ], [ 37.57575, -1.56006 ], [ 37.57549, -1.56007 ], [ 37.5754, -1.56007 ], [ 37.57536, -1.56008 ], [ 37.57536, -1.56008 ], [ 37.57528, -1.56008 ], [ 37.5749, -1.56006 ], [ 37.5743, -1.56006 ], [ 37.57361, -1.56003 ], [ 37.57349, -1.56003 ], [ 37.57281, -1.56 ], [ 37.57205, -1.55997 ], [ 37.57127, -1.5599 ], [ 37.57056, -1.55984 ], [ 37.57007, -1.55984 ], [ 37.56948, -1.55988 ], [ 37.56938, -1.5599 ], [ 37.56908, -1.55999 ], [ 37.56897, -1.56002 ], [ 37.56832, -1.5602 ], [ 37.56765, -1.56042 ], [ 37.56762, -1.56043 ], [ 37.56692, -1.56069 ], [ 37.56668, -1.56083 ], [ 37.56644, -1.56097 ], [ 37.56602, -1.56125 ], [ 37.56547, -1.56156 ], [ 37.56507, -1.56191 ], [ 37.56465, -1.56218 ], [ 37.56419, -1.56234 ], [ 37.56394, -1.56235 ], [ 37.56392, -1.56235 ], [ 37.56378, -1.56237 ], [ 37.5636, -1.56243 ], [ 37.56344, -1.56242 ], [ 37.56321, -1.56241 ], [ 37.56301, -1.56238 ], [ 37.56298, -1.56238 ], [ 37.56284, -1.56238 ], [ 37.56275, -1.56235 ], [ 37.56261, -1.56234 ], [ 37.56261, -1.56231 ], [ 37.56252, -1.56219 ], [ 37.56241, -1.56205 ], [ 37.56233, -1.56186 ], [ 37.56231, -1.56182 ], [ 37.56209, -1.56158 ], [ 37.56184, -1.56099 ], [ 37.56161, -1.56064 ], [ 37.56138, -1.56036 ], [ 37.56133, -1.56032 ], [ 37.56127, -1.56026 ], [ 37.5612, -1.56019 ], [ 37.56095, -1.56012 ], [ 37.56031, -1.56012 ], [ 37.55947, -1.56019 ], [ 37.55943, -1.56019 ], [ 37.55935, -1.56023 ], [ 37.55916, -1.56027 ], [ 37.559, -1.56029 ], [ 37.5588, -1.5603 ], [ 37.55864, -1.56031 ], [ 37.55848, -1.5603 ], [ 37.55833, -1.56025 ], [ 37.55818, -1.5602 ], [ 37.55802, -1.56015 ], [ 37.55787, -1.56011 ], [ 37.55776, -1.56007 ], [ 37.55768, -1.56002 ], [ 37.55769, -1.56001 ], [ 37.55758, -1.5598 ], [ 37.55747, -1.55958 ], [ 37.5574, -1.55944 ], [ 37.5573, -1.55923 ], [ 37.55729, -1.55922 ], [ 37.55719, -1.55901 ], [ 37.55711, -1.55881 ], [ 37.55707, -1.5586 ], [ 37.55702, -1.55833 ], [ 37.55697, -1.55811 ], [ 37.55692, -1.55787 ], [ 37.5571, -1.55766 ], [ 37.55711, -1.55762 ], [ 37.55716, -1.55752 ], [ 37.55719, -1.55746 ], [ 37.55721, -1.5574 ], [ 37.55723, -1.55738 ], [ 37.55726, -1.55733 ], [ 37.55739, -1.55721 ], [ 37.55744, -1.55706 ], [ 37.55753, -1.55692 ], [ 37.55763, -1.55676 ], [ 37.55772, -1.55668 ], [ 37.55778, -1.55663 ], [ 37.55793, -1.55653 ], [ 37.55812, -1.55652 ], [ 37.55812, -1.55652 ], [ 37.55852, -1.55639 ], [ 37.55942, -1.55639 ], [ 37.56016, -1.55639 ], [ 37.56088, -1.55639 ], [ 37.56146, -1.55636 ], [ 37.56148, -1.55635 ], [ 37.56171, -1.55625 ], [ 37.56192, -1.55619 ], [ 37.56202, -1.55617 ], [ 37.56222, -1.55611 ], [ 37.56231, -1.55608 ], [ 37.56256, -1.55598 ], [ 37.56277, -1.5559 ], [ 37.56281, -1.55589 ], [ 37.56304, -1.5558 ], [ 37.56319, -1.55576 ], [ 37.56323, -1.55574 ], [ 37.56372, -1.55555 ], [ 37.56389, -1.55545 ], [ 37.56403, -1.55538 ], [ 37.56438, -1.55505 ], [ 37.56454, -1.55468 ], [ 37.56454, -1.55436 ], [ 37.56454, -1.55433 ], [ 37.56442, -1.55396 ], [ 37.56406, -1.55354 ], [ 37.56363, -1.55329 ], [ 37.56327, -1.55317 ], [ 37.56316, -1.55313 ], [ 37.56243, -1.55292 ], [ 37.56183, -1.55276 ], [ 37.56178, -1.55275 ], [ 37.56138, -1.55268 ], [ 37.56132, -1.55267 ], [ 37.56086, -1.55263 ], [ 37.56076, -1.55263 ], [ 37.56068, -1.55261 ], [ 37.56004, -1.55243 ], [ 37.5594, -1.55223 ], [ 37.55911, -1.55209 ], [ 37.55861, -1.55196 ], [ 37.55789, -1.55167 ], [ 37.5573, -1.5516 ], [ 37.55698, -1.55157 ], [ 37.5563, -1.55152 ], [ 37.55545, -1.55149 ], [ 37.55478, -1.55134 ], [ 37.55413, -1.55122 ], [ 37.55353, -1.55107 ], [ 37.55312, -1.55098 ], [ 37.55254, -1.55073 ], [ 37.55225, -1.55054 ], [ 37.552, -1.55036 ], [ 37.5516, -1.54985 ], [ 37.5514, -1.54951 ], [ 37.55117, -1.54915 ], [ 37.55096, -1.54881 ], [ 37.55081, -1.54845 ], [ 37.55078, -1.54823 ], [ 37.55077, -1.54813 ], [ 37.55077, -1.54805 ], [ 37.55077, -1.54803 ], [ 37.55077, -1.54801 ], [ 37.55078, -1.54774 ], [ 37.55079, -1.54772 ], [ 37.5508, -1.54754 ], [ 37.5509, -1.54734 ], [ 37.55105, -1.54707 ], [ 37.5511, -1.54699 ], [ 37.55123, -1.54683 ], [ 37.55142, -1.54667 ], [ 37.55152, -1.54661 ], [ 37.55157, -1.54656 ], [ 37.55188, -1.54625 ], [ 37.5524, -1.54587 ], [ 37.55284, -1.54558 ], [ 37.55336, -1.54547 ], [ 37.55407, -1.5452 ], [ 37.55452, -1.5451 ], [ 37.55477, -1.54505 ], [ 37.55483, -1.54503 ], [ 37.5549, -1.54501 ], [ 37.55525, -1.54487 ], [ 37.55535, -1.54483 ], [ 37.55538, -1.5448 ], [ 37.5555, -1.54469 ], [ 37.55553, -1.54466 ], [ 37.55557, -1.54462 ], [ 37.55571, -1.54449 ], [ 37.5558, -1.54433 ], [ 37.55586, -1.54421 ], [ 37.55587, -1.54419 ], [ 37.55609, -1.54392 ], [ 37.55626, -1.54353 ], [ 37.55627, -1.54335 ], [ 37.55627, -1.54322 ], [ 37.55627, -1.54294 ], [ 37.55614, -1.54265 ], [ 37.55588, -1.54241 ], [ 37.55562, -1.54229 ], [ 37.55541, -1.54226 ], [ 37.5553, -1.54225 ], [ 37.55515, -1.54219 ], [ 37.55499, -1.54214 ], [ 37.55484, -1.54206 ], [ 37.55484, -1.54205 ], [ 37.55484, -1.54204 ], [ 37.55485, -1.54204 ], [ 37.55484, -1.54204 ], [ 37.55467, -1.54196 ], [ 37.55448, -1.54182 ], [ 37.55421, -1.5416 ], [ 37.5541, -1.54149 ], [ 37.55384, -1.54125 ], [ 37.55335, -1.54073 ], [ 37.55294, -1.54034 ], [ 37.55259, -1.53993 ], [ 37.55249, -1.53985 ], [ 37.55247, -1.53981 ], [ 37.55233, -1.53967 ], [ 37.55213, -1.53946 ], [ 37.55193, -1.53931 ], [ 37.5519, -1.53929 ], [ 37.55174, -1.53902 ], [ 37.5515, -1.53898 ], [ 37.55116, -1.53888 ], [ 37.55099, -1.53884 ], [ 37.55038, -1.53879 ], [ 37.54988, -1.53882 ], [ 37.54958, -1.53883 ], [ 37.54951, -1.53882 ], [ 37.5493, -1.5388 ], [ 37.54907, -1.53878 ], [ 37.54874, -1.5387 ], [ 37.54846, -1.5387 ], [ 37.54819, -1.5387 ], [ 37.54787, -1.53875 ], [ 37.54763, -1.53886 ], [ 37.54753, -1.53892 ], [ 37.54726, -1.53893 ], [ 37.54713, -1.53893 ], [ 37.54679, -1.53893 ], [ 37.54642, -1.53906 ], [ 37.54638, -1.53906 ], [ 37.54632, -1.5391 ], [ 37.54622, -1.53913 ], [ 37.54618, -1.53915 ], [ 37.54616, -1.53919 ], [ 37.54597, -1.5393 ], [ 37.5458, -1.53945 ], [ 37.54573, -1.53968 ], [ 37.54567, -1.53987 ], [ 37.54562, -1.54011 ], [ 37.54567, -1.54032 ], [ 37.54572, -1.54053 ], [ 37.54577, -1.54079 ], [ 37.54584, -1.54107 ], [ 37.54585, -1.54132 ], [ 37.54586, -1.54159 ], [ 37.54582, -1.54188 ], [ 37.54575, -1.54216 ], [ 37.54561, -1.54244 ], [ 37.5455, -1.5427 ], [ 37.54535, -1.54288 ], [ 37.54514, -1.54304 ], [ 37.54482, -1.54296 ], [ 37.54422, -1.54262 ], [ 37.54413, -1.54258 ], [ 37.54366, -1.5424 ], [ 37.54293, -1.54229 ], [ 37.54291, -1.54228 ], [ 37.54271, -1.54224 ], [ 37.54269, -1.54223 ], [ 37.54219, -1.54206 ], [ 37.54197, -1.54206 ], [ 37.54131, -1.54206 ], [ 37.54097, -1.54201 ], [ 37.54077, -1.54205 ], [ 37.54049, -1.54207 ], [ 37.54024, -1.54212 ], [ 37.53991, -1.54214 ], [ 37.5396, -1.54219 ], [ 37.53927, -1.54224 ], [ 37.53898, -1.54228 ], [ 37.53869, -1.54233 ], [ 37.53844, -1.54234 ], [ 37.53817, -1.54236 ], [ 37.53786, -1.54237 ], [ 37.53754, -1.54233 ], [ 37.53735, -1.54234 ], [ 37.53727, -1.54234 ], [ 37.53698, -1.54233 ], [ 37.53663, -1.54232 ], [ 37.53635, -1.54226 ], [ 37.53604, -1.54214 ], [ 37.53597, -1.54213 ], [ 37.53578, -1.54209 ], [ 37.53567, -1.54207 ], [ 37.53546, -1.54209 ], [ 37.53542, -1.54205 ], [ 37.53541, -1.54204 ], [ 37.53537, -1.54201 ], [ 37.53518, -1.54177 ], [ 37.53518, -1.54176 ], [ 37.53518, -1.54195 ], [ 37.53495, -1.54192 ], [ 37.53448, -1.54165 ], [ 37.53396, -1.5413 ], [ 37.5333, -1.54092 ], [ 37.53286, -1.54068 ], [ 37.53221, -1.5403 ], [ 37.53162, -1.53995 ], [ 37.53144, -1.53989 ], [ 37.53133, -1.53993 ], [ 37.53127, -1.53996 ], [ 37.53102, -1.53999 ], [ 37.53085, -1.54002 ], [ 37.53077, -1.54004 ], [ 37.53044, -1.54012 ], [ 37.53033, -1.54015 ], [ 37.53026, -1.54018 ], [ 37.53007, -1.54026 ], [ 37.52987, -1.54027 ], [ 37.52965, -1.54037 ], [ 37.52943, -1.54042 ], [ 37.52924, -1.54051 ], [ 37.52908, -1.54055 ], [ 37.52899, -1.5405 ], [ 37.52873, -1.54045 ], [ 37.52856, -1.54036 ], [ 37.52845, -1.54029 ], [ 37.52829, -1.54017 ], [ 37.52812, -1.54004 ], [ 37.52805, -1.53998 ], [ 37.52801, -1.53995 ], [ 37.52789, -1.53986 ], [ 37.52781, -1.53965 ], [ 37.52772, -1.53951 ], [ 37.52761, -1.53935 ], [ 37.52756, -1.53928 ], [ 37.52748, -1.53916 ], [ 37.52735, -1.53906 ], [ 37.52729, -1.53894 ], [ 37.52713, -1.53882 ], [ 37.52696, -1.53872 ], [ 37.52695, -1.53871 ], [ 37.52695, -1.53871 ], [ 37.52667, -1.53864 ], [ 37.52604, -1.53862 ], [ 37.52604, -1.53862 ], [ 37.5254, -1.53884 ], [ 37.52517, -1.53896 ], [ 37.52497, -1.53899 ], [ 37.52478, -1.53917 ], [ 37.52457, -1.53936 ], [ 37.52444, -1.53954 ], [ 37.52429, -1.53967 ], [ 37.52416, -1.53986 ], [ 37.52405, -1.54002 ], [ 37.52394, -1.54018 ], [ 37.52384, -1.54025 ], [ 37.52378, -1.5403 ], [ 37.52372, -1.54031 ], [ 37.52355, -1.54034 ], [ 37.52333, -1.54036 ], [ 37.52319, -1.54033 ], [ 37.52308, -1.54031 ], [ 37.52296, -1.54021 ], [ 37.52288, -1.54015 ], [ 37.52281, -1.54012 ], [ 37.52278, -1.54011 ], [ 37.52275, -1.54019 ], [ 37.52265, -1.54014 ], [ 37.5222, -1.53959 ], [ 37.5222, -1.53959 ], [ 37.52215, -1.53956 ], [ 37.52207, -1.53945 ], [ 37.52192, -1.53933 ], [ 37.52189, -1.53928 ], [ 37.52169, -1.53909 ], [ 37.52156, -1.53893 ], [ 37.52148, -1.53878 ], [ 37.52135, -1.53864 ], [ 37.52128, -1.53849 ], [ 37.52122, -1.53839 ], [ 37.52121, -1.53823 ], [ 37.52115, -1.53805 ], [ 37.52111, -1.53786 ], [ 37.52111, -1.53784 ], [ 37.52111, -1.53776 ], [ 37.52111, -1.5375 ], [ 37.5211, -1.53728 ], [ 37.52112, -1.53707 ], [ 37.52114, -1.53692 ], [ 37.52124, -1.53666 ], [ 37.52133, -1.53644 ], [ 37.52141, -1.53626 ], [ 37.52151, -1.53604 ], [ 37.52164, -1.53584 ], [ 37.52175, -1.53574 ], [ 37.52178, -1.53567 ], [ 37.52211, -1.53523 ], [ 37.52237, -1.5348 ], [ 37.52235, -1.53474 ], [ 37.52229, -1.53457 ], [ 37.52219, -1.53445 ], [ 37.52197, -1.53441 ], [ 37.52171, -1.53441 ], [ 37.52146, -1.5344 ], [ 37.52124, -1.53445 ], [ 37.52102, -1.53447 ], [ 37.52077, -1.53449 ], [ 37.52057, -1.53458 ], [ 37.52034, -1.5346 ], [ 37.52006, -1.5346 ], [ 37.51987, -1.5346 ], [ 37.51969, -1.53461 ], [ 37.51949, -1.53461 ], [ 37.51929, -1.53448 ], [ 37.51916, -1.53435 ], [ 37.51897, -1.53426 ], [ 37.51894, -1.53411 ], [ 37.51887, -1.53393 ], [ 37.51881, -1.53381 ], [ 37.51881, -1.53365 ], [ 37.5188, -1.53346 ], [ 37.51876, -1.53328 ], [ 37.51876, -1.53327 ], [ 37.51886, -1.53302 ], [ 37.51894, -1.53284 ], [ 37.519, -1.53273 ], [ 37.51902, -1.53262 ], [ 37.51903, -1.53258 ], [ 37.51911, -1.53213 ], [ 37.51913, -1.53177 ], [ 37.51913, -1.53138 ], [ 37.51913, -1.53105 ], [ 37.51913, -1.53076 ], [ 37.51913, -1.53037 ], [ 37.51912, -1.53025 ], [ 37.51909, -1.53007 ], [ 37.51896, -1.52962 ], [ 37.51882, -1.52932 ], [ 37.5185, -1.52899 ], [ 37.51806, -1.52863 ], [ 37.51781, -1.52842 ], [ 37.51781, -1.52841 ], [ 37.51778, -1.52836 ], [ 37.5177, -1.52833 ], [ 37.51693, -1.52789 ], [ 37.51631, -1.52745 ], [ 37.51565, -1.52711 ], [ 37.51498, -1.52684 ], [ 37.51442, -1.52666 ], [ 37.51412, -1.52667 ], [ 37.51363, -1.52662 ], [ 37.51311, -1.52664 ], [ 37.51252, -1.5269 ], [ 37.51213, -1.52722 ], [ 37.51162, -1.52771 ], [ 37.51135, -1.52806 ], [ 37.51116, -1.52823 ], [ 37.51094, -1.52843 ], [ 37.51068, -1.52866 ], [ 37.51062, -1.52874 ], [ 37.51036, -1.52894 ], [ 37.51026, -1.52902 ], [ 37.51002, -1.52923 ], [ 37.50999, -1.52924 ], [ 37.50974, -1.52939 ], [ 37.50953, -1.52952 ], [ 37.50946, -1.52959 ], [ 37.50873, -1.52984 ], [ 37.50776, -1.52979 ], [ 37.50697, -1.52961 ], [ 37.50614, -1.5294 ], [ 37.5053, -1.52897 ], [ 37.50526, -1.52894 ], [ 37.50481, -1.52863 ], [ 37.50429, -1.52835 ], [ 37.5038, -1.52798 ], [ 37.50334, -1.52753 ], [ 37.50298, -1.52708 ], [ 37.50247, -1.52646 ], [ 37.50223, -1.52613 ], [ 37.50195, -1.52593 ], [ 37.50156, -1.52585 ], [ 37.50123, -1.52585 ], [ 37.501, -1.52603 ], [ 37.50096, -1.52603 ], [ 37.5008, -1.52615 ], [ 37.50057, -1.52632 ], [ 37.50035, -1.52648 ], [ 37.50018, -1.5266 ], [ 37.49998, -1.52675 ], [ 37.49976, -1.52679 ], [ 37.49955, -1.52683 ], [ 37.49924, -1.5269 ], [ 37.49898, -1.52688 ], [ 37.49882, -1.52692 ], [ 37.4986, -1.52697 ], [ 37.4984, -1.52691 ], [ 37.49817, -1.52683 ], [ 37.49799, -1.52678 ], [ 37.49797, -1.52673 ], [ 37.49795, -1.52671 ], [ 37.49781, -1.52649 ], [ 37.49771, -1.52634 ], [ 37.49772, -1.5261 ], [ 37.49773, -1.52588 ], [ 37.49754, -1.52612 ], [ 37.49738, -1.52597 ], [ 37.49734, -1.52588 ], [ 37.49734, -1.52579 ], [ 37.49728, -1.52558 ], [ 37.49716, -1.52527 ], [ 37.49716, -1.52526 ], [ 37.497, -1.52504 ], [ 37.49697, -1.52499 ], [ 37.49681, -1.52481 ], [ 37.49676, -1.52477 ], [ 37.49659, -1.52463 ], [ 37.49641, -1.52442 ], [ 37.49623, -1.52426 ], [ 37.496, -1.52407 ], [ 37.49577, -1.52386 ], [ 37.4955, -1.52364 ], [ 37.49535, -1.52344 ], [ 37.49513, -1.52325 ], [ 37.49492, -1.52309 ], [ 37.49474, -1.52292 ], [ 37.49458, -1.52279 ], [ 37.49435, -1.52262 ], [ 37.49415, -1.52249 ], [ 37.49393, -1.52236 ], [ 37.49373, -1.52226 ], [ 37.49352, -1.52215 ], [ 37.49327, -1.52199 ], [ 37.49299, -1.52181 ], [ 37.49276, -1.52163 ], [ 37.4924, -1.52143 ], [ 37.49208, -1.52118 ], [ 37.49176, -1.52096 ], [ 37.49152, -1.52073 ], [ 37.49127, -1.52056 ], [ 37.49103, -1.52035 ], [ 37.49078, -1.52015 ], [ 37.49057, -1.52 ], [ 37.49036, -1.51981 ], [ 37.4901, -1.51962 ], [ 37.48982, -1.51942 ], [ 37.4896, -1.51929 ], [ 37.48933, -1.51906 ], [ 37.48909, -1.51885 ], [ 37.48883, -1.51862 ], [ 37.48852, -1.51849 ], [ 37.48829, -1.51837 ], [ 37.48806, -1.51826 ], [ 37.48772, -1.51808 ], [ 37.48747, -1.51797 ], [ 37.48719, -1.51787 ], [ 37.48688, -1.51778 ], [ 37.48659, -1.51776 ], [ 37.48637, -1.51778 ], [ 37.48613, -1.51785 ], [ 37.4859, -1.51798 ], [ 37.48562, -1.51807 ], [ 37.48534, -1.51815 ], [ 37.48519, -1.51826 ], [ 37.48488, -1.5184 ], [ 37.48457, -1.51853 ], [ 37.48426, -1.51862 ], [ 37.48403, -1.51879 ], [ 37.48382, -1.51892 ], [ 37.48358, -1.51911 ], [ 37.48337, -1.51929 ], [ 37.48318, -1.51947 ], [ 37.48307, -1.51966 ], [ 37.48289, -1.51986 ], [ 37.48269, -1.52003 ], [ 37.48242, -1.52004 ], [ 37.48214, -1.52003 ], [ 37.48189, -1.52002 ], [ 37.48169, -1.51993 ], [ 37.48146, -1.51981 ], [ 37.48123, -1.51968 ], [ 37.48098, -1.51956 ], [ 37.48076, -1.51946 ], [ 37.4806, -1.51937 ], [ 37.48038, -1.51923 ], [ 37.48016, -1.5191 ], [ 37.47993, -1.51897 ], [ 37.47972, -1.51892 ], [ 37.4795, -1.51889 ], [ 37.47923, -1.51889 ], [ 37.47898, -1.51891 ], [ 37.47862, -1.5189 ], [ 37.47836, -1.51889 ], [ 37.47809, -1.51893 ], [ 37.4778, -1.51892 ], [ 37.47749, -1.51892 ], [ 37.47721, -1.51892 ], [ 37.47697, -1.51896 ], [ 37.47677, -1.51898 ], [ 37.47648, -1.519 ], [ 37.47622, -1.51902 ], [ 37.47608, -1.51909 ], [ 37.47588, -1.51918 ], [ 37.47583, -1.51928 ], [ 37.47577, -1.5194 ], [ 37.47562, -1.51959 ], [ 37.47558, -1.51968 ], [ 37.4755, -1.51983 ], [ 37.47543, -1.52009 ], [ 37.47535, -1.52038 ], [ 37.47525, -1.52063 ], [ 37.47524, -1.52063 ], [ 37.47516, -1.5209 ], [ 37.47512, -1.52115 ], [ 37.47513, -1.52118 ], [ 37.47516, -1.52142 ], [ 37.47516, -1.5216 ], [ 37.47516, -1.52161 ], [ 37.47512, -1.52162 ], [ 37.47504, -1.5218 ], [ 37.47502, -1.52185 ], [ 37.47497, -1.52201 ], [ 37.47493, -1.52231 ], [ 37.47483, -1.52263 ], [ 37.47479, -1.52273 ], [ 37.47474, -1.52299 ], [ 37.47467, -1.5232 ], [ 37.47466, -1.52336 ], [ 37.47459, -1.52346 ], [ 37.47458, -1.52347 ], [ 37.47457, -1.52346 ], [ 37.47447, -1.52335 ], [ 37.47422, -1.52336 ], [ 37.47396, -1.52338 ], [ 37.47379, -1.52321 ], [ 37.47365, -1.52297 ], [ 37.4735, -1.52273 ], [ 37.47341, -1.5225 ], [ 37.47331, -1.52223 ], [ 37.47322, -1.52202 ], [ 37.47313, -1.52179 ], [ 37.47311, -1.52163 ], [ 37.47303, -1.52144 ], [ 37.47297, -1.52123 ], [ 37.47285, -1.52114 ], [ 37.47269, -1.52101 ], [ 37.47245, -1.52089 ], [ 37.47217, -1.52081 ], [ 37.47195, -1.52071 ], [ 37.4717, -1.52069 ], [ 37.47134, -1.52076 ], [ 37.47098, -1.52077 ], [ 37.47075, -1.52083 ], [ 37.47039, -1.52088 ], [ 37.47005, -1.52092 ], [ 37.46982, -1.52095 ], [ 37.46962, -1.52109 ], [ 37.46939, -1.52109 ], [ 37.46924, -1.52109 ], [ 37.469, -1.52089 ], [ 37.46871, -1.52075 ], [ 37.46844, -1.52057 ], [ 37.46809, -1.52049 ], [ 37.46777, -1.52032 ], [ 37.4675, -1.52013 ], [ 37.46721, -1.52003 ], [ 37.46684, -1.51996 ], [ 37.46651, -1.5199 ], [ 37.46618, -1.51988 ], [ 37.46579, -1.51986 ], [ 37.46542, -1.51989 ], [ 37.4652, -1.51997 ], [ 37.46494, -1.52002 ], [ 37.46464, -1.52018 ], [ 37.46439, -1.52031 ], [ 37.46412, -1.5205 ], [ 37.46393, -1.52068 ], [ 37.46379, -1.52081 ], [ 37.46358, -1.52089 ], [ 37.46337, -1.52104 ], [ 37.46318, -1.52109 ], [ 37.46299, -1.52114 ], [ 37.46275, -1.52128 ], [ 37.46241, -1.52137 ], [ 37.4621, -1.52147 ], [ 37.46187, -1.52155 ], [ 37.46155, -1.52166 ], [ 37.46116, -1.52165 ], [ 37.46082, -1.52164 ], [ 37.46055, -1.5215 ], [ 37.46032, -1.52144 ], [ 37.46001, -1.52139 ], [ 37.4598, -1.52133 ], [ 37.45957, -1.52133 ], [ 37.45941, -1.5214 ], [ 37.45937, -1.52144 ], [ 37.45928, -1.52153 ], [ 37.45923, -1.52183 ], [ 37.45915, -1.52217 ], [ 37.4591, -1.5225 ], [ 37.45909, -1.52257 ], [ 37.45904, -1.5229 ], [ 37.45897, -1.52319 ], [ 37.45883, -1.52346 ], [ 37.45867, -1.52365 ], [ 37.45837, -1.52378 ], [ 37.45815, -1.5238 ], [ 37.45781, -1.5238 ], [ 37.45742, -1.52373 ], [ 37.45711, -1.52373 ], [ 37.45685, -1.52373 ], [ 37.45661, -1.52373 ], [ 37.4564, -1.52373 ], [ 37.45608, -1.52373 ], [ 37.45574, -1.52371 ], [ 37.45543, -1.52374 ], [ 37.45516, -1.52394 ], [ 37.45496, -1.52413 ], [ 37.45468, -1.52439 ], [ 37.45453, -1.52463 ], [ 37.45444, -1.52481 ], [ 37.45443, -1.52482 ], [ 37.4542, -1.52522 ], [ 37.45407, -1.52551 ], [ 37.45403, -1.5256 ], [ 37.45398, -1.52567 ], [ 37.45395, -1.52571 ], [ 37.45373, -1.52585 ], [ 37.45351, -1.526 ], [ 37.45308, -1.52598 ], [ 37.45277, -1.52591 ], [ 37.45244, -1.52591 ], [ 37.45215, -1.52605 ], [ 37.45198, -1.52636 ], [ 37.45192, -1.52648 ], [ 37.4519, -1.52651 ], [ 37.45186, -1.52655 ], [ 37.45185, -1.52661 ], [ 37.45163, -1.52692 ], [ 37.45148, -1.52717 ], [ 37.45138, -1.52746 ], [ 37.45129, -1.5277 ], [ 37.45118, -1.52797 ], [ 37.45109, -1.5283 ], [ 37.45094, -1.52857 ], [ 37.45081, -1.52875 ], [ 37.45073, -1.52904 ], [ 37.45073, -1.52922 ], [ 37.45073, -1.52929 ], [ 37.45073, -1.52953 ], [ 37.45069, -1.52975 ], [ 37.45067, -1.52979 ], [ 37.45058, -1.52998 ], [ 37.45047, -1.53021 ], [ 37.45039, -1.53033 ], [ 37.45025, -1.53054 ], [ 37.45003, -1.53068 ], [ 37.44968, -1.53084 ], [ 37.44941, -1.531 ], [ 37.44921, -1.53113 ], [ 37.44908, -1.53132 ], [ 37.44905, -1.53126 ], [ 37.44878, -1.53142 ], [ 37.44861, -1.53151 ], [ 37.44842, -1.5315 ], [ 37.44819, -1.53149 ], [ 37.44794, -1.53143 ], [ 37.44773, -1.53138 ], [ 37.44746, -1.53136 ], [ 37.44717, -1.53138 ], [ 37.44691, -1.53149 ], [ 37.44664, -1.53176 ], [ 37.44641, -1.53187 ], [ 37.44624, -1.53206 ], [ 37.4461, -1.53222 ], [ 37.44586, -1.53235 ], [ 37.44566, -1.53252 ], [ 37.44543, -1.53261 ], [ 37.44517, -1.53282 ], [ 37.44502, -1.5329 ], [ 37.44498, -1.53292 ], [ 37.44497, -1.53292 ], [ 37.44495, -1.53293 ], [ 37.44493, -1.53294 ], [ 37.44466, -1.53299 ], [ 37.4444, -1.53308 ], [ 37.44415, -1.53313 ], [ 37.44396, -1.53317 ], [ 37.44379, -1.5332 ], [ 37.44358, -1.53319 ], [ 37.44328, -1.53323 ], [ 37.44308, -1.53323 ], [ 37.44284, -1.53323 ], [ 37.44267, -1.53323 ], [ 37.44241, -1.53323 ], [ 37.44217, -1.53323 ], [ 37.44191, -1.53323 ], [ 37.44159, -1.53323 ], [ 37.44131, -1.53323 ], [ 37.44117, -1.53324 ], [ 37.44104, -1.53325 ], [ 37.44092, -1.5332 ], [ 37.44082, -1.53315 ], [ 37.44068, -1.53301 ], [ 37.44062, -1.53293 ], [ 37.44052, -1.53273 ], [ 37.44041, -1.53249 ], [ 37.44034, -1.53225 ], [ 37.44019, -1.53197 ], [ 37.44014, -1.53173 ], [ 37.44006, -1.5315 ], [ 37.43995, -1.53131 ], [ 37.43988, -1.53113 ], [ 37.4398, -1.53095 ], [ 37.43965, -1.53076 ], [ 37.43952, -1.5306 ], [ 37.4394, -1.53039 ], [ 37.43933, -1.53034 ], [ 37.43921, -1.53024 ], [ 37.43921, -1.53024 ], [ 37.43902, -1.53021 ], [ 37.43896, -1.5302 ], [ 37.4388, -1.53018 ], [ 37.43876, -1.53024 ], [ 37.43871, -1.5303 ], [ 37.4387, -1.53032 ], [ 37.43867, -1.53036 ], [ 37.43858, -1.5305 ], [ 37.43847, -1.53076 ], [ 37.43845, -1.53092 ], [ 37.43843, -1.53106 ], [ 37.43838, -1.53136 ], [ 37.43837, -1.53175 ], [ 37.43835, -1.53183 ], [ 37.43832, -1.532 ], [ 37.43825, -1.53223 ], [ 37.43818, -1.53244 ], [ 37.43816, -1.5325 ], [ 37.4381, -1.53271 ], [ 37.438, -1.533 ], [ 37.43786, -1.53331 ], [ 37.43764, -1.53358 ], [ 37.43732, -1.5338 ], [ 37.43709, -1.53395 ], [ 37.43683, -1.53406 ], [ 37.43657, -1.53411 ], [ 37.43651, -1.53412 ], [ 37.43618, -1.53414 ], [ 37.43577, -1.53417 ], [ 37.43542, -1.5342 ], [ 37.43518, -1.53425 ], [ 37.43486, -1.53425 ], [ 37.43461, -1.53409 ], [ 37.43439, -1.53393 ], [ 37.4342, -1.53373 ], [ 37.43401, -1.53352 ], [ 37.43384, -1.53334 ], [ 37.43372, -1.53322 ], [ 37.4337, -1.53319 ], [ 37.43368, -1.53316 ], [ 37.43364, -1.5331 ], [ 37.43357, -1.53298 ], [ 37.43343, -1.5328 ], [ 37.43331, -1.53265 ], [ 37.43307, -1.53256 ], [ 37.43282, -1.53256 ], [ 37.43266, -1.53268 ], [ 37.43255, -1.53282 ], [ 37.43243, -1.53304 ], [ 37.43236, -1.53315 ], [ 37.43219, -1.53335 ], [ 37.43211, -1.53351 ], [ 37.43192, -1.53365 ], [ 37.43167, -1.53384 ], [ 37.43145, -1.53389 ], [ 37.43124, -1.53394 ], [ 37.43109, -1.53388 ], [ 37.43091, -1.53377 ], [ 37.43068, -1.53364 ], [ 37.43059, -1.53351 ], [ 37.43046, -1.53343 ], [ 37.43029, -1.53325 ], [ 37.43017, -1.53312 ], [ 37.42999, -1.53299 ], [ 37.42982, -1.53282 ], [ 37.42965, -1.53274 ], [ 37.42944, -1.5326 ], [ 37.42927, -1.53257 ], [ 37.42913, -1.53252 ], [ 37.42889, -1.53252 ], [ 37.42874, -1.53256 ], [ 37.42866, -1.53268 ], [ 37.42864, -1.53288 ], [ 37.42861, -1.5331 ], [ 37.42858, -1.53331 ], [ 37.42849, -1.53355 ], [ 37.42842, -1.53374 ], [ 37.42842, -1.53374 ], [ 37.42841, -1.53374 ], [ 37.42818, -1.53387 ], [ 37.42796, -1.53389 ], [ 37.42762, -1.53389 ], [ 37.42729, -1.5338 ], [ 37.42703, -1.53372 ], [ 37.42673, -1.5337 ], [ 37.42643, -1.53368 ], [ 37.42608, -1.53354 ], [ 37.42595, -1.53354 ], [ 37.4259, -1.53354 ], [ 37.42587, -1.53353 ], [ 37.42573, -1.53347 ], [ 37.42572, -1.53346 ], [ 37.42552, -1.53338 ], [ 37.42538, -1.53336 ], [ 37.42529, -1.53335 ], [ 37.42527, -1.53335 ], [ 37.42516, -1.5333 ], [ 37.42508, -1.53326 ], [ 37.42491, -1.53319 ], [ 37.42464, -1.5331 ], [ 37.42441, -1.53305 ], [ 37.42421, -1.533 ], [ 37.42396, -1.53289 ], [ 37.42361, -1.53287 ], [ 37.42337, -1.53285 ], [ 37.42316, -1.53275 ], [ 37.42288, -1.53271 ], [ 37.42262, -1.53268 ], [ 37.42242, -1.53266 ], [ 37.42228, -1.53264 ], [ 37.42214, -1.53258 ], [ 37.42194, -1.53254 ], [ 37.42169, -1.53243 ], [ 37.42157, -1.53243 ], [ 37.42138, -1.53238 ], [ 37.42123, -1.53238 ], [ 37.42115, -1.53237 ], [ 37.42109, -1.53236 ], [ 37.42102, -1.53236 ], [ 37.42092, -1.53236 ], [ 37.42089, -1.53227 ], [ 37.42085, -1.53218 ], [ 37.42063, -1.5321 ], [ 37.42049, -1.53199 ], [ 37.42029, -1.53188 ], [ 37.41998, -1.53177 ], [ 37.41969, -1.5317 ], [ 37.41952, -1.5316 ], [ 37.41933, -1.53152 ], [ 37.4191, -1.53138 ], [ 37.41884, -1.53123 ], [ 37.41859, -1.53113 ], [ 37.4183, -1.53103 ], [ 37.41809, -1.53086 ], [ 37.41778, -1.53074 ], [ 37.41755, -1.53056 ], [ 37.41731, -1.53037 ], [ 37.41711, -1.5302 ], [ 37.41692, -1.53005 ], [ 37.41672, -1.52994 ], [ 37.41655, -1.5298 ], [ 37.41629, -1.52965 ], [ 37.41605, -1.52963 ], [ 37.41575, -1.52961 ], [ 37.41552, -1.52971 ], [ 37.41528, -1.5298 ], [ 37.41506, -1.52993 ], [ 37.41478, -1.5299 ], [ 37.41455, -1.52987 ], [ 37.41436, -1.5298 ], [ 37.41416, -1.52969 ], [ 37.41412, -1.52966 ], [ 37.414, -1.52956 ], [ 37.41393, -1.52948 ], [ 37.41393, -1.52947 ], [ 37.41391, -1.52944 ], [ 37.41385, -1.52922 ], [ 37.41378, -1.52905 ], [ 37.41379, -1.52899 ], [ 37.41375, -1.52894 ], [ 37.4137, -1.52886 ], [ 37.41367, -1.5288 ], [ 37.41352, -1.52855 ], [ 37.41335, -1.52834 ], [ 37.41319, -1.52828 ], [ 37.41296, -1.52832 ], [ 37.41277, -1.52836 ], [ 37.41247, -1.52842 ], [ 37.41221, -1.52841 ], [ 37.41189, -1.5284 ], [ 37.4117, -1.52836 ], [ 37.41146, -1.52823 ], [ 37.41132, -1.52806 ], [ 37.4111, -1.52798 ], [ 37.41085, -1.52792 ], [ 37.41068, -1.52786 ], [ 37.41038, -1.52775 ], [ 37.41019, -1.52753 ], [ 37.41009, -1.52727 ], [ 37.41, -1.527 ], [ 37.40982, -1.52675 ], [ 37.40968, -1.52656 ], [ 37.40953, -1.52639 ], [ 37.4094, -1.52627 ], [ 37.40933, -1.52614 ], [ 37.40916, -1.52608 ], [ 37.40902, -1.52602 ], [ 37.40886, -1.52612 ], [ 37.40858, -1.52622 ], [ 37.40838, -1.52627 ], [ 37.40819, -1.52636 ], [ 37.40802, -1.52645 ], [ 37.40784, -1.52646 ], [ 37.40767, -1.52647 ], [ 37.40759, -1.5265 ], [ 37.40757, -1.5265 ], [ 37.40756, -1.5265 ], [ 37.40756, -1.52649 ], [ 37.4074, -1.52646 ], [ 37.4072, -1.52642 ], [ 37.40697, -1.52637 ], [ 37.40697, -1.52637 ], [ 37.40696, -1.52636 ], [ 37.40676, -1.52628 ], [ 37.40676, -1.52628 ], [ 37.40675, -1.52628 ], [ 37.40657, -1.52616 ], [ 37.40646, -1.52605 ], [ 37.40627, -1.52591 ], [ 37.4061, -1.52578 ], [ 37.406, -1.52562 ], [ 37.4058, -1.52547 ], [ 37.40562, -1.52533 ], [ 37.40542, -1.52528 ], [ 37.40521, -1.52523 ], [ 37.40493, -1.52523 ], [ 37.40471, -1.52522 ], [ 37.40461, -1.52519 ], [ 37.40452, -1.52517 ], [ 37.40435, -1.52509 ], [ 37.40402, -1.52494 ], [ 37.40382, -1.52482 ], [ 37.40356, -1.52472 ], [ 37.40338, -1.52461 ], [ 37.40325, -1.52454 ], [ 37.40316, -1.52443 ], [ 37.40295, -1.52432 ], [ 37.40281, -1.52419 ], [ 37.40263, -1.52407 ], [ 37.40243, -1.52393 ], [ 37.40225, -1.52378 ], [ 37.40206, -1.52366 ], [ 37.40183, -1.52352 ], [ 37.40167, -1.52345 ], [ 37.40146, -1.52336 ], [ 37.40121, -1.52328 ], [ 37.40095, -1.5232 ], [ 37.40073, -1.52314 ], [ 37.40067, -1.52312 ], [ 37.40065, -1.52311 ], [ 37.40033, -1.52299 ], [ 37.4003, -1.52297 ], [ 37.39989, -1.52279 ], [ 37.39984, -1.52278 ], [ 37.39967, -1.52264 ], [ 37.39944, -1.5226 ], [ 37.39914, -1.5226 ], [ 37.39875, -1.52263 ], [ 37.39841, -1.52265 ], [ 37.39815, -1.52273 ], [ 37.3979, -1.52296 ], [ 37.39753, -1.52308 ], [ 37.39725, -1.52317 ], [ 37.39696, -1.52326 ], [ 37.39659, -1.52335 ], [ 37.39624, -1.52352 ], [ 37.39598, -1.52358 ], [ 37.39564, -1.52366 ], [ 37.39523, -1.52371 ], [ 37.39473, -1.52372 ], [ 37.39446, -1.52373 ], [ 37.39422, -1.52366 ], [ 37.39401, -1.52365 ], [ 37.39373, -1.52358 ], [ 37.39337, -1.52348 ], [ 37.39292, -1.52344 ], [ 37.39264, -1.52329 ], [ 37.39243, -1.52323 ], [ 37.39206, -1.5232 ], [ 37.39182, -1.52315 ], [ 37.39156, -1.52313 ], [ 37.39131, -1.52306 ], [ 37.391, -1.52301 ], [ 37.39063, -1.52301 ], [ 37.39034, -1.52294 ], [ 37.39027, -1.52296 ], [ 37.39017, -1.52299 ], [ 37.39009, -1.52292 ], [ 37.38991, -1.52288 ], [ 37.38972, -1.52286 ], [ 37.38961, -1.52282 ], [ 37.38957, -1.5228 ], [ 37.38948, -1.52276 ], [ 37.38945, -1.52271 ], [ 37.3894, -1.52265 ], [ 37.38911, -1.52266 ], [ 37.38887, -1.52279 ], [ 37.38859, -1.52291 ], [ 37.38839, -1.52292 ], [ 37.3882, -1.52294 ], [ 37.38811, -1.52292 ], [ 37.38798, -1.5229 ], [ 37.38771, -1.52278 ], [ 37.38759, -1.52269 ], [ 37.38754, -1.52265 ], [ 37.38737, -1.52238 ], [ 37.38721, -1.52216 ], [ 37.38715, -1.52213 ], [ 37.38718, -1.52205 ], [ 37.38745, -1.52144 ], [ 37.38754, -1.52126 ], [ 37.38762, -1.52102 ], [ 37.38764, -1.52098 ], [ 37.3877, -1.52077 ], [ 37.38773, -1.5205 ], [ 37.38771, -1.52022 ], [ 37.3877, -1.52005 ], [ 37.38747, -1.51976 ], [ 37.38744, -1.51972 ], [ 37.38709, -1.5196 ], [ 37.38686, -1.51956 ], [ 37.38643, -1.51951 ], [ 37.3861, -1.51946 ], [ 37.38569, -1.51932 ], [ 37.38546, -1.51927 ], [ 37.38523, -1.51917 ], [ 37.38496, -1.51903 ], [ 37.38476, -1.51888 ], [ 37.38447, -1.51869 ], [ 37.38428, -1.51844 ], [ 37.38425, -1.51818 ], [ 37.38437, -1.51792 ], [ 37.38437, -1.51775 ], [ 37.38431, -1.51759 ], [ 37.38422, -1.51743 ], [ 37.38409, -1.51724 ], [ 37.38395, -1.5171 ], [ 37.38376, -1.51685 ], [ 37.38358, -1.5166 ], [ 37.38342, -1.5164 ], [ 37.3832, -1.51604 ], [ 37.38308, -1.51556 ], [ 37.38307, -1.51552 ], [ 37.38295, -1.51534 ], [ 37.3827, -1.51507 ], [ 37.38235, -1.51469 ], [ 37.38216, -1.51441 ], [ 37.38209, -1.51427 ], [ 37.38187, -1.514 ], [ 37.38174, -1.51383 ], [ 37.38143, -1.51354 ], [ 37.38117, -1.5134 ], [ 37.38087, -1.5132 ], [ 37.38079, -1.51312 ], [ 37.38055, -1.51292 ], [ 37.38035, -1.51266 ], [ 37.38016, -1.51246 ], [ 37.37972, -1.51231 ], [ 37.37956, -1.51221 ], [ 37.37936, -1.51206 ], [ 37.37919, -1.51184 ], [ 37.37908, -1.51171 ], [ 37.37902, -1.51156 ], [ 37.37896, -1.51138 ], [ 37.37894, -1.51121 ], [ 37.37898, -1.51098 ], [ 37.37908, -1.51079 ], [ 37.37916, -1.5107 ], [ 37.3793, -1.51046 ], [ 37.37941, -1.51023 ], [ 37.37946, -1.51009 ], [ 37.37947, -1.50988 ], [ 37.37947, -1.50967 ], [ 37.37946, -1.50947 ], [ 37.37938, -1.5091 ], [ 37.37927, -1.50885 ], [ 37.37923, -1.50863 ], [ 37.37914, -1.50834 ], [ 37.37913, -1.50833 ], [ 37.3791, -1.50805 ], [ 37.37906, -1.50791 ], [ 37.37891, -1.50758 ], [ 37.3789, -1.5075 ], [ 37.37884, -1.50729 ], [ 37.37879, -1.50711 ], [ 37.37868, -1.50691 ], [ 37.37845, -1.50668 ], [ 37.37829, -1.50655 ], [ 37.37808, -1.5065 ], [ 37.37785, -1.50647 ], [ 37.3776, -1.50645 ], [ 37.37724, -1.50638 ], [ 37.37684, -1.50611 ], [ 37.37653, -1.50599 ], [ 37.37627, -1.50593 ], [ 37.3757, -1.50591 ], [ 37.3754, -1.50585 ], [ 37.3751, -1.50569 ], [ 37.37487, -1.50545 ], [ 37.37461, -1.50514 ], [ 37.37444, -1.50485 ], [ 37.37433, -1.50468 ], [ 37.37396, -1.50409 ], [ 37.37379, -1.50393 ], [ 37.37344, -1.50381 ], [ 37.37311, -1.50373 ], [ 37.37285, -1.5036 ], [ 37.37261, -1.50339 ], [ 37.37256, -1.50303 ], [ 37.37253, -1.50273 ], [ 37.37245, -1.50248 ], [ 37.37211, -1.50212 ], [ 37.37197, -1.50172 ], [ 37.37196, -1.50149 ], [ 37.37195, -1.50133 ], [ 37.37195, -1.50119 ], [ 37.37195, -1.50091 ], [ 37.37195, -1.50056 ], [ 37.37196, -1.50027 ], [ 37.37196, -1.49996 ], [ 37.37195, -1.49973 ], [ 37.37195, -1.49944 ], [ 37.37193, -1.49916 ], [ 37.37191, -1.499 ], [ 37.3717, -1.4988 ], [ 37.37162, -1.49864 ], [ 37.37152, -1.49842 ], [ 37.37149, -1.49827 ], [ 37.37146, -1.49809 ], [ 37.37142, -1.49797 ], [ 37.37141, -1.49783 ], [ 37.37122, -1.49788 ], [ 37.37114, -1.49791 ], [ 37.37105, -1.49795 ], [ 37.37091, -1.49802 ], [ 37.37073, -1.4981 ], [ 37.37054, -1.49822 ], [ 37.37034, -1.49834 ], [ 37.37014, -1.49845 ], [ 37.36993, -1.49858 ], [ 37.36961, -1.49878 ], [ 37.36939, -1.4989 ], [ 37.36917, -1.49892 ], [ 37.36893, -1.49889 ], [ 37.36871, -1.49879 ], [ 37.36849, -1.49867 ], [ 37.3683, -1.49849 ], [ 37.36819, -1.49827 ], [ 37.36808, -1.49807 ], [ 37.368, -1.49789 ], [ 37.36798, -1.49777 ], [ 37.36799, -1.4976 ], [ 37.36801, -1.49747 ], [ 37.36808, -1.4974 ], [ 37.36818, -1.4973 ], [ 37.36832, -1.4972 ], [ 37.36844, -1.49713 ], [ 37.3686, -1.49708 ], [ 37.36879, -1.49703 ], [ 37.36896, -1.49695 ], [ 37.36915, -1.49691 ], [ 37.36933, -1.49689 ], [ 37.36948, -1.4968 ], [ 37.3699, -1.49655 ], [ 37.37006, -1.49644 ], [ 37.37016, -1.49633 ], [ 37.37023, -1.49618 ], [ 37.37024, -1.49601 ], [ 37.37017, -1.49579 ], [ 37.37008, -1.49562 ], [ 37.36989, -1.49544 ], [ 37.36971, -1.49532 ], [ 37.36945, -1.49522 ], [ 37.36923, -1.49513 ], [ 37.369, -1.49502 ], [ 37.36886, -1.49496 ], [ 37.36869, -1.49489 ], [ 37.36853, -1.49478 ], [ 37.36842, -1.49462 ], [ 37.36844, -1.49446 ], [ 37.36845, -1.49438 ], [ 37.36855, -1.49433 ], [ 37.36871, -1.49425 ], [ 37.3689, -1.49415 ], [ 37.36909, -1.49407 ], [ 37.36924, -1.49393 ], [ 37.36933, -1.49382 ], [ 37.36941, -1.49367 ], [ 37.36948, -1.49353 ], [ 37.36957, -1.49341 ], [ 37.36964, -1.49326 ], [ 37.36965, -1.49307 ], [ 37.36966, -1.49292 ], [ 37.36965, -1.49283 ], [ 37.36956, -1.49261 ], [ 37.36935, -1.49238 ], [ 37.36919, -1.49215 ], [ 37.36904, -1.49191 ], [ 37.369, -1.49172 ], [ 37.369, -1.49157 ], [ 37.36905, -1.49143 ], [ 37.36914, -1.49132 ], [ 37.36929, -1.49113 ], [ 37.36939, -1.49104 ], [ 37.36952, -1.49087 ], [ 37.36964, -1.49072 ], [ 37.36973, -1.49059 ], [ 37.36983, -1.49039 ], [ 37.36987, -1.49017 ], [ 37.36981, -1.49003 ], [ 37.36948, -1.48994 ], [ 37.36901, -1.48999 ], [ 37.36875, -1.49004 ], [ 37.36842, -1.49013 ], [ 37.36811, -1.49013 ], [ 37.36774, -1.49012 ], [ 37.3673, -1.49006 ], [ 37.36703, -1.48997 ], [ 37.36672, -1.48981 ], [ 37.36661, -1.48967 ], [ 37.36663, -1.48951 ], [ 37.36673, -1.4893 ], [ 37.36685, -1.48912 ], [ 37.36692, -1.48895 ], [ 37.36704, -1.4887 ], [ 37.36711, -1.48851 ], [ 37.3672, -1.48828 ], [ 37.36727, -1.4881 ], [ 37.36728, -1.4879 ], [ 37.3673, -1.48765 ], [ 37.36723, -1.48745 ], [ 37.36706, -1.48733 ], [ 37.36663, -1.48707 ], [ 37.36634, -1.48693 ], [ 37.36603, -1.48679 ], [ 37.36576, -1.4865 ], [ 37.36575, -1.48634 ], [ 37.36581, -1.48612 ], [ 37.36588, -1.48589 ], [ 37.36598, -1.48571 ], [ 37.36615, -1.4855 ], [ 37.36623, -1.48545 ], [ 37.36647, -1.48524 ], [ 37.36665, -1.48517 ], [ 37.36685, -1.48513 ], [ 37.36732, -1.48497 ], [ 37.36746, -1.48492 ], [ 37.36773, -1.48487 ], [ 37.368, -1.48475 ], [ 37.36821, -1.48461 ], [ 37.36842, -1.48451 ], [ 37.36873, -1.48438 ], [ 37.36897, -1.48421 ], [ 37.36939, -1.48397 ], [ 37.36984, -1.48373 ], [ 37.37005, -1.4836 ], [ 37.37025, -1.48341 ], [ 37.37041, -1.48324 ], [ 37.37046, -1.48312 ], [ 37.37045, -1.48298 ], [ 37.37044, -1.48279 ], [ 37.37039, -1.48275 ], [ 37.37042, -1.48272 ], [ 37.37041, -1.4827 ], [ 37.37036, -1.48256 ], [ 37.37017, -1.48238 ], [ 37.37003, -1.48222 ], [ 37.36983, -1.48197 ], [ 37.3697, -1.48182 ], [ 37.36943, -1.48158 ], [ 37.36917, -1.48132 ], [ 37.36907, -1.48116 ], [ 37.36891, -1.48102 ], [ 37.36881, -1.48079 ], [ 37.36877, -1.48065 ], [ 37.36875, -1.48047 ], [ 37.3688, -1.48033 ], [ 37.36894, -1.48018 ], [ 37.36905, -1.48003 ], [ 37.36923, -1.47996 ], [ 37.36937, -1.4799 ], [ 37.36958, -1.4798 ], [ 37.36982, -1.47965 ], [ 37.36998, -1.47959 ], [ 37.37006, -1.47948 ], [ 37.37013, -1.47931 ], [ 37.37006, -1.47909 ], [ 37.37002, -1.47897 ], [ 37.36995, -1.47883 ], [ 37.36977, -1.47866 ], [ 37.3697, -1.47852 ], [ 37.36964, -1.47836 ], [ 37.36963, -1.47813 ], [ 37.36967, -1.478 ], [ 37.36972, -1.47785 ], [ 37.36982, -1.47765 ], [ 37.36995, -1.47745 ], [ 37.37015, -1.47719 ], [ 37.37031, -1.47702 ], [ 37.37047, -1.47684 ], [ 37.3706, -1.47672 ], [ 37.37071, -1.47657 ], [ 37.37076, -1.47637 ], [ 37.37072, -1.47617 ], [ 37.37064, -1.47602 ], [ 37.37059, -1.47592 ], [ 37.37036, -1.47582 ], [ 37.36975, -1.47556 ], [ 37.3696, -1.47547 ], [ 37.36936, -1.47538 ], [ 37.36928, -1.47532 ], [ 37.36926, -1.47506 ], [ 37.36934, -1.47495 ], [ 37.36953, -1.47482 ], [ 37.36975, -1.47467 ], [ 37.3699, -1.47458 ], [ 37.37017, -1.47445 ], [ 37.37038, -1.47433 ], [ 37.3706, -1.47423 ], [ 37.37076, -1.47406 ], [ 37.37091, -1.4739 ], [ 37.371, -1.47374 ], [ 37.37107, -1.47351 ], [ 37.371, -1.47339 ], [ 37.37075, -1.47333 ], [ 37.3705, -1.47331 ], [ 37.37026, -1.47332 ], [ 37.37, -1.47334 ], [ 37.36973, -1.47336 ], [ 37.36947, -1.47336 ], [ 37.36919, -1.47331 ], [ 37.36894, -1.47321 ], [ 37.36859, -1.473 ], [ 37.36849, -1.47295 ], [ 37.36833, -1.47276 ], [ 37.36834, -1.47257 ], [ 37.36842, -1.47239 ], [ 37.36853, -1.47217 ], [ 37.36867, -1.47185 ], [ 37.36879, -1.47165 ], [ 37.36887, -1.47147 ], [ 37.36896, -1.47124 ], [ 37.36896, -1.47096 ], [ 37.36894, -1.4709 ], [ 37.3686, -1.47068 ], [ 37.36845, -1.4706 ], [ 37.36828, -1.4705 ], [ 37.36807, -1.47041 ], [ 37.36775, -1.47029 ], [ 37.36752, -1.47012 ], [ 37.3673, -1.46994 ], [ 37.36712, -1.46972 ], [ 37.36693, -1.4694 ], [ 37.36686, -1.46921 ], [ 37.36684, -1.46899 ], [ 37.36691, -1.46888 ], [ 37.36699, -1.46868 ], [ 37.36709, -1.46853 ], [ 37.36733, -1.46835 ], [ 37.36753, -1.46826 ], [ 37.36766, -1.4682 ], [ 37.36779, -1.46813 ], [ 37.36788, -1.46801 ], [ 37.36791, -1.46786 ], [ 37.36787, -1.46765 ], [ 37.36784, -1.46749 ], [ 37.36772, -1.46733 ], [ 37.36762, -1.4672 ], [ 37.36755, -1.46706 ], [ 37.3675, -1.46679 ], [ 37.36748, -1.46659 ], [ 37.36745, -1.4663 ], [ 37.36746, -1.46608 ], [ 37.36747, -1.46582 ], [ 37.36751, -1.46546 ], [ 37.36749, -1.46533 ], [ 37.36732, -1.46516 ], [ 37.36712, -1.46502 ], [ 37.36654, -1.46469 ], [ 37.3663, -1.46455 ], [ 37.36608, -1.46441 ], [ 37.36592, -1.46426 ], [ 37.36571, -1.46406 ], [ 37.36548, -1.46377 ], [ 37.36509, -1.46341 ], [ 37.36493, -1.46319 ], [ 37.36484, -1.46303 ], [ 37.36484, -1.46278 ], [ 37.36488, -1.46262 ], [ 37.36496, -1.46252 ], [ 37.36513, -1.46242 ], [ 37.36534, -1.4623 ], [ 37.36563, -1.46225 ], [ 37.36587, -1.46225 ], [ 37.36604, -1.46227 ], [ 37.36629, -1.46234 ], [ 37.36657, -1.46244 ], [ 37.36688, -1.46253 ], [ 37.36717, -1.46263 ], [ 37.36768, -1.46276 ], [ 37.36794, -1.46278 ], [ 37.36815, -1.46268 ], [ 37.3682, -1.46262 ], [ 37.36823, -1.46258 ], [ 37.36831, -1.46241 ], [ 37.36833, -1.46221 ], [ 37.36835, -1.46195 ], [ 37.36836, -1.46179 ], [ 37.36826, -1.46158 ], [ 37.3681, -1.46129 ], [ 37.36803, -1.46112 ], [ 37.36794, -1.46079 ], [ 37.3678, -1.46058 ], [ 37.36778, -1.46042 ], [ 37.36779, -1.46029 ], [ 37.36788, -1.46024 ], [ 37.36803, -1.46024 ], [ 37.36818, -1.46027 ], [ 37.36832, -1.46035 ], [ 37.36845, -1.46043 ], [ 37.36865, -1.46052 ], [ 37.36885, -1.4606 ], [ 37.36899, -1.4607 ], [ 37.3692, -1.46073 ], [ 37.36934, -1.46064 ], [ 37.36947, -1.46049 ], [ 37.36953, -1.46019 ], [ 37.36949, -1.46006 ], [ 37.36953, -1.45963 ], [ 37.36951, -1.45938 ], [ 37.3694, -1.4589 ], [ 37.36935, -1.45864 ], [ 37.36924, -1.45842 ], [ 37.36919, -1.4582 ], [ 37.36899, -1.45798 ], [ 37.36897, -1.45779 ], [ 37.36901, -1.45763 ], [ 37.36914, -1.45734 ], [ 37.36925, -1.4572 ], [ 37.3694, -1.45697 ], [ 37.36948, -1.4568 ], [ 37.36947, -1.45657 ], [ 37.36944, -1.45631 ], [ 37.36933, -1.45598 ], [ 37.36923, -1.4558 ], [ 37.36911, -1.45561 ], [ 37.36887, -1.45541 ], [ 37.36863, -1.45527 ], [ 37.36838, -1.45515 ], [ 37.36815, -1.45505 ], [ 37.36786, -1.45498 ], [ 37.36771, -1.45492 ], [ 37.36754, -1.45487 ], [ 37.36729, -1.45483 ], [ 37.36701, -1.45479 ], [ 37.36677, -1.45483 ], [ 37.36653, -1.4549 ], [ 37.36638, -1.45497 ], [ 37.36614, -1.45507 ], [ 37.36599, -1.45514 ], [ 37.36579, -1.45517 ], [ 37.36554, -1.45517 ], [ 37.36533, -1.45512 ], [ 37.3651, -1.45506 ], [ 37.36467, -1.45485 ], [ 37.36449, -1.45474 ], [ 37.36429, -1.45457 ], [ 37.36409, -1.45443 ], [ 37.36402, -1.45434 ], [ 37.36387, -1.45414 ], [ 37.36365, -1.45395 ], [ 37.36348, -1.45372 ], [ 37.36329, -1.45354 ], [ 37.36318, -1.45339 ], [ 37.36313, -1.45327 ], [ 37.36302, -1.45311 ], [ 37.36293, -1.45284 ], [ 37.36293, -1.45258 ], [ 37.363, -1.45227 ], [ 37.36305, -1.45201 ], [ 37.36314, -1.45185 ], [ 37.36318, -1.45178 ], [ 37.36328, -1.45155 ], [ 37.36346, -1.45132 ], [ 37.36359, -1.45118 ], [ 37.36373, -1.45104 ], [ 37.36394, -1.45078 ], [ 37.36408, -1.45069 ], [ 37.36417, -1.45056 ], [ 37.36424, -1.45038 ], [ 37.36427, -1.45027 ], [ 37.36436, -1.44997 ], [ 37.36444, -1.44978 ], [ 37.36451, -1.44969 ], [ 37.36464, -1.44952 ], [ 37.36481, -1.44931 ], [ 37.36504, -1.44916 ], [ 37.36515, -1.44897 ], [ 37.3652, -1.44868 ], [ 37.36519, -1.44849 ], [ 37.36508, -1.44828 ], [ 37.36493, -1.44789 ], [ 37.36492, -1.44775 ], [ 37.36495, -1.44749 ], [ 37.36499, -1.44716 ], [ 37.36503, -1.44676 ], [ 37.36504, -1.44655 ], [ 37.36513, -1.44629 ], [ 37.3653, -1.44605 ], [ 37.36543, -1.44585 ], [ 37.36553, -1.44565 ], [ 37.36564, -1.44547 ], [ 37.36572, -1.44534 ], [ 37.36574, -1.44518 ], [ 37.36574, -1.44499 ], [ 37.36569, -1.44478 ], [ 37.36563, -1.44462 ], [ 37.36554, -1.44441 ], [ 37.36528, -1.44415 ], [ 37.36522, -1.44397 ], [ 37.36522, -1.44375 ], [ 37.36527, -1.44357 ], [ 37.36532, -1.44346 ], [ 37.36543, -1.44329 ], [ 37.36556, -1.4431 ], [ 37.36566, -1.44297 ], [ 37.36576, -1.44282 ], [ 37.36586, -1.44264 ], [ 37.36596, -1.44243 ], [ 37.36602, -1.44232 ], [ 37.36602, -1.44206 ], [ 37.36593, -1.44187 ], [ 37.36567, -1.44155 ], [ 37.3655, -1.4414 ], [ 37.36532, -1.44119 ], [ 37.36526, -1.44094 ], [ 37.36521, -1.44054 ], [ 37.36526, -1.44034 ], [ 37.36533, -1.4401 ], [ 37.36539, -1.43991 ], [ 37.3655, -1.43967 ], [ 37.36561, -1.4395 ], [ 37.36573, -1.4394 ], [ 37.36599, -1.43906 ], [ 37.36618, -1.43895 ], [ 37.36636, -1.43885 ], [ 37.36665, -1.43858 ], [ 37.36686, -1.43842 ], [ 37.3669, -1.43825 ], [ 37.36679, -1.43815 ], [ 37.3667, -1.43805 ], [ 37.36648, -1.43794 ], [ 37.36627, -1.43784 ], [ 37.36598, -1.43766 ], [ 37.36579, -1.43755 ], [ 37.36549, -1.43744 ], [ 37.36513, -1.43734 ], [ 37.36485, -1.43731 ], [ 37.3645, -1.43731 ], [ 37.36406, -1.43733 ], [ 37.36353, -1.43741 ], [ 37.36315, -1.43745 ], [ 37.36268, -1.43755 ], [ 37.36233, -1.43766 ], [ 37.36193, -1.43778 ], [ 37.36166, -1.43786 ], [ 37.36142, -1.43798 ], [ 37.36111, -1.43807 ], [ 37.36085, -1.43815 ], [ 37.36055, -1.43822 ], [ 37.36034, -1.43821 ], [ 37.36017, -1.43812 ], [ 37.35999, -1.43792 ], [ 37.35982, -1.43776 ], [ 37.35975, -1.4376 ], [ 37.35961, -1.43739 ], [ 37.35956, -1.43715 ], [ 37.35958, -1.43696 ], [ 37.35963, -1.43681 ], [ 37.35972, -1.43667 ], [ 37.35981, -1.43657 ], [ 37.35995, -1.43649 ], [ 37.3601, -1.43649 ], [ 37.36027, -1.43651 ], [ 37.36052, -1.43654 ], [ 37.36074, -1.43655 ], [ 37.36102, -1.43653 ], [ 37.36128, -1.43643 ], [ 37.36159, -1.43633 ], [ 37.36184, -1.43623 ], [ 37.36202, -1.43617 ], [ 37.36222, -1.43611 ], [ 37.36235, -1.43598 ], [ 37.36241, -1.43585 ], [ 37.36237, -1.43568 ], [ 37.36226, -1.43548 ], [ 37.36178, -1.43514 ], [ 37.36148, -1.43498 ], [ 37.36118, -1.43489 ], [ 37.36087, -1.43476 ], [ 37.36057, -1.43466 ], [ 37.36025, -1.43451 ], [ 37.35998, -1.43437 ], [ 37.35984, -1.43425 ], [ 37.35969, -1.43405 ], [ 37.35968, -1.43383 ], [ 37.3597, -1.43363 ], [ 37.35974, -1.43345 ], [ 37.35983, -1.43321 ], [ 37.35993, -1.43302 ], [ 37.36008, -1.43281 ], [ 37.3603, -1.43244 ], [ 37.36041, -1.43229 ], [ 37.36054, -1.43206 ], [ 37.36062, -1.43187 ], [ 37.36065, -1.43164 ], [ 37.36064, -1.43141 ], [ 37.36064, -1.43121 ], [ 37.36063, -1.43087 ], [ 37.36055, -1.43054 ], [ 37.36053, -1.43032 ], [ 37.36039, -1.42975 ], [ 37.36031, -1.42953 ], [ 37.36023, -1.42932 ], [ 37.36009, -1.42915 ], [ 37.35999, -1.42907 ], [ 37.3598, -1.42904 ], [ 37.35963, -1.42903 ], [ 37.35933, -1.42908 ], [ 37.35917, -1.42916 ], [ 37.35902, -1.42925 ], [ 37.35885, -1.42936 ], [ 37.35871, -1.42955 ], [ 37.3586, -1.42975 ], [ 37.35849, -1.43016 ], [ 37.35848, -1.43028 ], [ 37.35846, -1.4304 ], [ 37.3584, -1.43052 ], [ 37.35831, -1.43066 ], [ 37.35818, -1.43078 ], [ 37.35802, -1.43079 ], [ 37.35776, -1.43079 ], [ 37.35748, -1.43069 ], [ 37.35726, -1.43054 ], [ 37.35707, -1.43045 ], [ 37.35703, -1.43037 ], [ 37.3568, -1.43018 ], [ 37.35663, -1.42996 ], [ 37.35654, -1.4298 ], [ 37.35643, -1.42951 ], [ 37.35634, -1.42931 ], [ 37.35631, -1.42909 ], [ 37.35628, -1.42874 ], [ 37.35625, -1.42849 ], [ 37.35616, -1.42824 ], [ 37.35607, -1.42809 ], [ 37.35606, -1.42806 ], [ 37.35618, -1.42791 ], [ 37.35633, -1.42782 ], [ 37.35638, -1.42779 ], [ 37.35649, -1.42764 ], [ 37.3565, -1.42763 ], [ 37.35661, -1.42748 ], [ 37.35662, -1.42746 ], [ 37.35667, -1.42734 ], [ 37.35672, -1.42712 ], [ 37.35673, -1.42691 ], [ 37.35675, -1.42661 ], [ 37.35679, -1.4263 ], [ 37.35684, -1.42608 ], [ 37.35698, -1.42594 ], [ 37.35705, -1.42573 ], [ 37.35708, -1.42546 ], [ 37.35707, -1.42526 ], [ 37.35709, -1.42506 ], [ 37.35717, -1.42486 ], [ 37.35731, -1.42464 ], [ 37.35739, -1.4245 ], [ 37.35746, -1.42437 ], [ 37.35756, -1.42421 ], [ 37.35757, -1.4242 ], [ 37.35767, -1.42402 ], [ 37.35782, -1.42391 ], [ 37.35786, -1.42374 ], [ 37.35788, -1.42356 ], [ 37.35788, -1.42353 ], [ 37.35787, -1.42341 ], [ 37.35785, -1.42321 ], [ 37.35781, -1.42306 ], [ 37.35779, -1.42292 ], [ 37.35777, -1.42254 ], [ 37.3578, -1.42226 ], [ 37.35781, -1.42211 ], [ 37.35781, -1.42211 ], [ 37.35781, -1.42209 ], [ 37.35782, -1.42203 ], [ 37.35785, -1.42174 ], [ 37.35789, -1.42161 ], [ 37.35796, -1.42133 ], [ 37.358, -1.42109 ], [ 37.35808, -1.42084 ], [ 37.35808, -1.42069 ], [ 37.3582, -1.42039 ], [ 37.35829, -1.42022 ], [ 37.35845, -1.41998 ], [ 37.35868, -1.41976 ], [ 37.35878, -1.41966 ], [ 37.35888, -1.41957 ], [ 37.35904, -1.41947 ], [ 37.3592, -1.41937 ], [ 37.35932, -1.41931 ], [ 37.35935, -1.4193 ], [ 37.35938, -1.41927 ], [ 37.35946, -1.41921 ], [ 37.35947, -1.4192 ], [ 37.35959, -1.41906 ], [ 37.35974, -1.41882 ], [ 37.35991, -1.41855 ], [ 37.35998, -1.4184 ], [ 37.36005, -1.41817 ], [ 37.3601, -1.41803 ], [ 37.36027, -1.4178 ], [ 37.36042, -1.41763 ], [ 37.36057, -1.41749 ], [ 37.36071, -1.41741 ], [ 37.36076, -1.41738 ], [ 37.3608, -1.41729 ], [ 37.36085, -1.41718 ], [ 37.36089, -1.4171 ], [ 37.36107, -1.41612 ], [ 37.36144, -1.41558 ], [ 37.36164, -1.41529 ], [ 37.36239, -1.41454 ], [ 37.36328, -1.41402 ], [ 37.3644, -1.41342 ], [ 37.36463, -1.41337 ], [ 37.36575, -1.4131 ], [ 37.36705, -1.4125 ], [ 37.36831, -1.41189 ], [ 37.36962, -1.41172 ], [ 37.36987, -1.41173 ], [ 37.37009, -1.41174 ], [ 37.37029, -1.41176 ], [ 37.37051, -1.41176 ], [ 37.37078, -1.41177 ], [ 37.37095, -1.41178 ], [ 37.37119, -1.41186 ], [ 37.37132, -1.41192 ], [ 37.37148, -1.41201 ], [ 37.37167, -1.41214 ], [ 37.37187, -1.41229 ], [ 37.37201, -1.41239 ], [ 37.37219, -1.41246 ], [ 37.37234, -1.41247 ], [ 37.3725, -1.41246 ], [ 37.37262, -1.41241 ], [ 37.37276, -1.41228 ], [ 37.37287, -1.41217 ], [ 37.37296, -1.41206 ], [ 37.37306, -1.41192 ], [ 37.37314, -1.4118 ], [ 37.37327, -1.4117 ], [ 37.37342, -1.41161 ], [ 37.37374, -1.41149 ], [ 37.37394, -1.41145 ], [ 37.37416, -1.41132 ], [ 37.37451, -1.41115 ], [ 37.37452, -1.41115 ], [ 37.37452, -1.41115 ], [ 37.37479, -1.41105 ], [ 37.37497, -1.41096 ], [ 37.37513, -1.41088 ], [ 37.37532, -1.4108 ], [ 37.37552, -1.41073 ], [ 37.37574, -1.41071 ], [ 37.37591, -1.4107 ], [ 37.37606, -1.41069 ], [ 37.37623, -1.41068 ], [ 37.37636, -1.41068 ], [ 37.37646, -1.4107 ], [ 37.37647, -1.41073 ], [ 37.37648, -1.41096 ], [ 37.3766, -1.411 ], [ 37.37662, -1.41097 ], [ 37.37683, -1.41071 ], [ 37.37703, -1.41063 ], [ 37.37724, -1.41054 ], [ 37.37751, -1.41045 ], [ 37.37787, -1.41041 ], [ 37.37817, -1.41032 ], [ 37.37843, -1.41022 ], [ 37.37885, -1.41002 ], [ 37.37929, -1.40986 ], [ 37.37962, -1.40965 ], [ 37.37984, -1.40958 ], [ 37.37986, -1.40954 ], [ 37.37738, -1.40688 ], [ 37.37874, -1.40664 ], [ 37.3797, -1.40639 ], [ 37.38074, -1.40614 ], [ 37.38218, -1.40574 ], [ 37.38238, -1.40563 ], [ 37.38245, -1.40563 ], [ 37.38259, -1.4056 ], [ 37.38274, -1.40561 ], [ 37.38289, -1.40562 ], [ 37.38293, -1.40563 ], [ 37.38296, -1.40563 ], [ 37.38298, -1.40563 ], [ 37.38314, -1.40564 ], [ 37.3832, -1.40564 ], [ 37.38331, -1.40564 ], [ 37.38337, -1.40563 ], [ 37.38344, -1.40563 ], [ 37.38349, -1.40559 ], [ 37.38355, -1.40555 ], [ 37.38367, -1.40546 ], [ 37.38376, -1.40539 ], [ 37.38377, -1.40537 ], [ 37.38382, -1.40532 ], [ 37.3839, -1.40523 ], [ 37.38398, -1.40514 ], [ 37.38411, -1.40505 ], [ 37.38428, -1.40503 ], [ 37.3844, -1.40497 ], [ 37.38447, -1.40488 ], [ 37.38452, -1.40472 ], [ 37.38448, -1.40461 ], [ 37.38446, -1.40455 ], [ 37.38441, -1.40441 ], [ 37.3844, -1.40437 ], [ 37.38438, -1.40426 ], [ 37.38442, -1.40416 ], [ 37.38443, -1.40415 ], [ 37.38445, -1.40414 ], [ 37.38456, -1.40408 ], [ 37.38457, -1.40408 ], [ 37.38463, -1.40405 ], [ 37.38466, -1.40402 ], [ 37.38474, -1.40386 ], [ 37.38476, -1.40375 ], [ 37.38479, -1.4036 ], [ 37.38482, -1.40343 ], [ 37.38486, -1.40332 ], [ 37.38491, -1.40325 ], [ 37.38503, -1.40305 ], [ 37.38518, -1.40288 ], [ 37.38538, -1.40278 ], [ 37.38553, -1.40268 ], [ 37.38557, -1.40261 ], [ 37.38566, -1.40248 ], [ 37.38579, -1.40232 ], [ 37.3859, -1.40219 ], [ 37.38594, -1.40204 ], [ 37.38596, -1.4019 ], [ 37.38597, -1.40175 ], [ 37.38603, -1.40169 ], [ 37.38616, -1.40167 ], [ 37.38618, -1.40167 ], [ 37.38635, -1.4017 ], [ 37.38645, -1.40176 ], [ 37.38653, -1.40174 ], [ 37.38664, -1.40155 ], [ 37.38663, -1.40127 ], [ 37.38663, -1.40127 ], [ 37.38669, -1.40109 ], [ 37.38676, -1.40101 ], [ 37.38691, -1.40104 ], [ 37.38704, -1.40111 ], [ 37.38704, -1.40111 ], [ 37.38711, -1.40111 ], [ 37.38717, -1.40111 ], [ 37.38726, -1.40112 ], [ 37.38742, -1.40118 ], [ 37.38767, -1.40127 ], [ 37.38772, -1.4013 ], [ 37.38789, -1.40131 ], [ 37.38807, -1.40138 ], [ 37.3882, -1.40139 ], [ 37.38821, -1.40139 ], [ 37.38824, -1.40138 ], [ 37.3883, -1.40137 ], [ 37.38847, -1.40129 ], [ 37.3886, -1.4012 ], [ 37.38877, -1.40117 ], [ 37.38894, -1.40126 ], [ 37.38911, -1.40138 ], [ 37.38915, -1.40138 ], [ 37.38916, -1.40138 ], [ 37.38938, -1.40138 ], [ 37.38965, -1.40126 ], [ 37.38989, -1.40114 ], [ 37.39009, -1.40102 ], [ 37.39042, -1.40088 ], [ 37.39062, -1.40076 ], [ 37.39068, -1.40073 ], [ 37.39077, -1.40068 ], [ 37.39086, -1.40059 ], [ 37.391, -1.40044 ], [ 37.39112, -1.40031 ], [ 37.39128, -1.40021 ], [ 37.39144, -1.40016 ], [ 37.39159, -1.40007 ], [ 37.39174, -1.39995 ], [ 37.39187, -1.39983 ], [ 37.39199, -1.39972 ], [ 37.392, -1.39972 ], [ 37.392, -1.39971 ], [ 37.392, -1.39971 ], [ 37.39205, -1.39966 ], [ 37.39232, -1.39977 ], [ 37.39262, -1.39985 ], [ 37.39293, -1.39994 ], [ 37.39319, -1.39999 ], [ 37.39348, -1.39991 ], [ 37.39371, -1.39979 ], [ 37.39389, -1.39971 ], [ 37.39416, -1.39968 ], [ 37.39422, -1.39968 ], [ 37.39432, -1.39966 ], [ 37.39454, -1.39966 ], [ 37.3946, -1.39966 ], [ 37.39482, -1.39964 ], [ 37.39501, -1.39959 ], [ 37.39515, -1.39949 ], [ 37.39541, -1.39939 ], [ 37.39595, -1.39934 ], [ 37.39606, -1.39933 ], [ 37.39652, -1.39924 ], [ 37.39677, -1.39921 ], [ 37.39693, -1.3992 ], [ 37.39727, -1.39915 ], [ 37.39763, -1.39907 ], [ 37.39805, -1.39903 ], [ 37.3984, -1.39903 ], [ 37.39873, -1.39904 ], [ 37.39917, -1.39904 ], [ 37.39966, -1.39905 ], [ 37.39973, -1.39906 ], [ 37.40084, -1.39882 ], [ 37.4026, -1.39844 ], [ 37.40397, -1.39779 ], [ 37.40347, -1.39686 ], [ 37.40306, -1.39608 ], [ 37.40235, -1.39522 ], [ 37.40176, -1.3947 ], [ 37.40155, -1.39431 ], [ 37.40142, -1.39407 ], [ 37.40198, -1.39299 ], [ 37.40258, -1.39232 ], [ 37.40303, -1.39193 ], [ 37.40336, -1.39165 ], [ 37.40358, -1.39072 ], [ 37.40343, -1.39016 ], [ 37.40302, -1.38938 ], [ 37.40261, -1.3889 ], [ 37.40243, -1.38845 ], [ 37.40172, -1.3873 ], [ 37.40079, -1.38626 ], [ 37.40052, -1.38574 ], [ 37.40034, -1.38541 ], [ 37.40035, -1.38521 ], [ 37.40038, -1.38407 ], [ 37.40113, -1.38284 ], [ 37.40159, -1.38251 ], [ 37.40232, -1.38199 ], [ 37.40333, -1.38091 ], [ 37.40488, -1.3799 ], [ 37.40524, -1.37932 ], [ 37.40544, -1.37901 ], [ 37.40543, -1.37815 ], [ 37.40513, -1.378 ], [ 37.40472, -1.37777 ], [ 37.40459, -1.3777 ], [ 37.40385, -1.37703 ], [ 37.40384, -1.37703 ], [ 37.40344, -1.37674 ], [ 37.40344, -1.37672 ], [ 37.40347, -1.37611 ], [ 37.40388, -1.37548 ], [ 37.40455, -1.37498 ], [ 37.40465, -1.3749 ], [ 37.40475, -1.37413 ], [ 37.40479, -1.3735 ], [ 37.40515, -1.37308 ], [ 37.40517, -1.37308 ], [ 37.40515, -1.37306 ], [ 37.40522, -1.37294 ], [ 37.40531, -1.37279 ], [ 37.40544, -1.37268 ], [ 37.40552, -1.37251 ], [ 37.40552, -1.37235 ], [ 37.40561, -1.37203 ], [ 37.40566, -1.37192 ], [ 37.40568, -1.37188 ], [ 37.40591, -1.37176 ], [ 37.406, -1.37164 ], [ 37.40624, -1.37145 ], [ 37.40646, -1.37126 ], [ 37.40661, -1.37111 ], [ 37.40682, -1.37093 ], [ 37.40696, -1.37081 ], [ 37.40715, -1.3707 ], [ 37.4073, -1.37059 ], [ 37.40739, -1.37046 ], [ 37.40754, -1.37028 ], [ 37.40765, -1.37014 ], [ 37.40783, -1.37003 ], [ 37.408, -1.36996 ], [ 37.40819, -1.36987 ], [ 37.40834, -1.3698 ], [ 37.40847, -1.36966 ], [ 37.4085, -1.36954 ], [ 37.40851, -1.36944 ], [ 37.40851, -1.36933 ], [ 37.40851, -1.36914 ], [ 37.40851, -1.36902 ], [ 37.40848, -1.3689 ], [ 37.40845, -1.36881 ], [ 37.40844, -1.36873 ], [ 37.40843, -1.36853 ], [ 37.40844, -1.36838 ], [ 37.40847, -1.36811 ], [ 37.40857, -1.36789 ], [ 37.40862, -1.3678 ], [ 37.40889, -1.36771 ], [ 37.40889, -1.36771 ], [ 37.4089, -1.36771 ], [ 37.40912, -1.36774 ], [ 37.40932, -1.36769 ], [ 37.40935, -1.36769 ], [ 37.40955, -1.36762 ], [ 37.40967, -1.36757 ], [ 37.40973, -1.36754 ], [ 37.41006, -1.36736 ], [ 37.41027, -1.36722 ], [ 37.41047, -1.36712 ], [ 37.41061, -1.36704 ], [ 37.41073, -1.36702 ], [ 37.41102, -1.36702 ], [ 37.41118, -1.36702 ], [ 37.41137, -1.36701 ], [ 37.41142, -1.367 ], [ 37.41141, -1.36699 ], [ 37.41137, -1.36672 ], [ 37.41138, -1.36652 ], [ 37.41134, -1.36638 ], [ 37.41124, -1.36621 ], [ 37.41111, -1.36607 ], [ 37.41087, -1.36587 ], [ 37.41074, -1.36579 ], [ 37.41052, -1.36574 ], [ 37.41016, -1.36562 ], [ 37.41014, -1.36561 ], [ 37.41008, -1.36539 ], [ 37.41, -1.36524 ], [ 37.40983, -1.36511 ], [ 37.40971, -1.36498 ], [ 37.40961, -1.3649 ], [ 37.40958, -1.36488 ], [ 37.4098, -1.3649 ], [ 37.41012, -1.36497 ], [ 37.41043, -1.36499 ], [ 37.41071, -1.36498 ], [ 37.41097, -1.36497 ], [ 37.41155, -1.36478 ], [ 37.41193, -1.36469 ], [ 37.41219, -1.36459 ], [ 37.41239, -1.36449 ], [ 37.41257, -1.36439 ], [ 37.4127, -1.36432 ], [ 37.41289, -1.36419 ], [ 37.41302, -1.36405 ], [ 37.4131, -1.36393 ], [ 37.41322, -1.36381 ], [ 37.41341, -1.36361 ], [ 37.4135, -1.36357 ], [ 37.4135, -1.36356 ], [ 37.4134, -1.36338 ], [ 37.41332, -1.36324 ], [ 37.41322, -1.36312 ], [ 37.4132, -1.36309 ], [ 37.41354, -1.36292 ], [ 37.41374, -1.36202 ], [ 37.41386, -1.36111 ], [ 37.41386, -1.36012 ], [ 37.41382, -1.35918 ], [ 37.41378, -1.35835 ], [ 37.41343, -1.35768 ], [ 37.41354, -1.35721 ], [ 37.41359, -1.35674 ], [ 37.41366, -1.3567 ], [ 37.41503, -1.356 ], [ 37.41534, -1.35579 ], [ 37.416, -1.35533 ], [ 37.41661, -1.35497 ], [ 37.41711, -1.35494 ], [ 37.41715, -1.35493 ], [ 37.41728, -1.35493 ], [ 37.41746, -1.35492 ], [ 37.41757, -1.35492 ], [ 37.4177, -1.35492 ], [ 37.41781, -1.35486 ], [ 37.4179, -1.35482 ], [ 37.4178, -1.35467 ], [ 37.41773, -1.35444 ], [ 37.41773, -1.35423 ], [ 37.41782, -1.354 ], [ 37.41782, -1.35398 ], [ 37.41795, -1.35374 ], [ 37.41801, -1.35354 ], [ 37.41803, -1.35334 ], [ 37.41814, -1.35318 ], [ 37.41828, -1.35304 ], [ 37.4184, -1.35282 ], [ 37.41854, -1.35265 ], [ 37.41867, -1.35245 ], [ 37.41874, -1.35224 ], [ 37.41874, -1.35205 ], [ 37.4188, -1.35186 ], [ 37.41893, -1.35169 ], [ 37.41911, -1.35156 ], [ 37.41929, -1.3515 ], [ 37.41975, -1.35133 ], [ 37.42001, -1.35123 ], [ 37.4202, -1.35112 ], [ 37.4203, -1.35101 ], [ 37.42036, -1.3509 ], [ 37.42061, -1.35058 ], [ 37.4207, -1.35041 ], [ 37.42092, -1.35032 ], [ 37.42095, -1.35037 ], [ 37.42097, -1.3503 ], [ 37.42107, -1.35016 ], [ 37.42129, -1.35011 ], [ 37.42144, -1.34999 ], [ 37.4218, -1.34977 ], [ 37.42203, -1.34958 ], [ 37.42219, -1.34947 ], [ 37.42239, -1.3494 ], [ 37.42256, -1.34928 ], [ 37.42271, -1.34917 ], [ 37.4228, -1.34911 ], [ 37.42292, -1.34904 ], [ 37.42299, -1.34896 ], [ 37.42311, -1.34873 ], [ 37.42329, -1.34853 ], [ 37.42412, -1.34698 ], [ 37.42503, -1.34528 ], [ 37.42587, -1.34328 ], [ 37.42663, -1.34215 ], [ 37.42667, -1.34091 ], [ 37.42635, -1.34024 ], [ 37.42614, -1.33949 ], [ 37.4259, -1.33893 ], [ 37.42582, -1.3384 ], [ 37.42592, -1.33807 ], [ 37.42561, -1.33738 ], [ 37.42516, -1.33681 ], [ 37.42481, -1.33623 ], [ 37.42451, -1.33572 ], [ 37.42428, -1.33525 ], [ 37.42404, -1.33466 ], [ 37.42382, -1.33412 ], [ 37.42381, -1.33409 ], [ 37.42312, -1.3336 ], [ 37.42242, -1.33333 ], [ 37.42138, -1.33298 ], [ 37.42072, -1.33268 ], [ 37.42024, -1.33242 ], [ 37.41981, -1.33394 ], [ 37.41909, -1.33488 ], [ 37.41906, -1.3348 ], [ 37.41889, -1.33412 ], [ 37.41851, -1.33353 ], [ 37.41816, -1.3332 ], [ 37.41783, -1.33308 ], [ 37.41753, -1.33245 ], [ 37.41706, -1.3319 ], [ 37.41663, -1.33129 ], [ 37.41623, -1.33067 ], [ 37.41591, -1.32992 ], [ 37.41555, -1.32883 ], [ 37.41522, -1.32793 ], [ 37.415, -1.32699 ], [ 37.41452, -1.32557 ], [ 37.41448, -1.32502 ], [ 37.41429, -1.32453 ], [ 37.41398, -1.32398 ], [ 37.41372, -1.32348 ], [ 37.41318, -1.32286 ], [ 37.41302, -1.3223 ], [ 37.41291, -1.3221 ], [ 37.41267, -1.32167 ], [ 37.41215, -1.32077 ], [ 37.41157, -1.31999 ], [ 37.41117, -1.3195 ], [ 37.41186, -1.31913 ], [ 37.41239, -1.31889 ], [ 37.41291, -1.31855 ], [ 37.41343, -1.31818 ], [ 37.41345, -1.31816 ], [ 37.41398, -1.31778 ], [ 37.41475, -1.31692 ], [ 37.41527, -1.31634 ], [ 37.41564, -1.31585 ], [ 37.41607, -1.31511 ], [ 37.41656, -1.31443 ], [ 37.41678, -1.31387 ], [ 37.41697, -1.31335 ], [ 37.41699, -1.31272 ], [ 37.41702, -1.31207 ], [ 37.41699, -1.31103 ], [ 37.41699, -1.31032 ], [ 37.41696, -1.3098 ], [ 37.41689, -1.30931 ], [ 37.41678, -1.30857 ], [ 37.41662, -1.3077 ], [ 37.41656, -1.30719 ], [ 37.41625, -1.30664 ], [ 37.41579, -1.30596 ], [ 37.4153, -1.30535 ], [ 37.41481, -1.30483 ], [ 37.41438, -1.3044 ], [ 37.41424, -1.30429 ], [ 37.41377, -1.30391 ], [ 37.41304, -1.3035 ], [ 37.41254, -1.3032 ], [ 37.41213, -1.30271 ], [ 37.41171, -1.30209 ], [ 37.41134, -1.30157 ], [ 37.41097, -1.3012 ], [ 37.41048, -1.30071 ], [ 37.41011, -1.30047 ], [ 37.40965, -1.30031 ], [ 37.40901, -1.29998 ], [ 37.40864, -1.29958 ], [ 37.40815, -1.29905 ], [ 37.40781, -1.29856 ], [ 37.40744, -1.29795 ], [ 37.40704, -1.29749 ], [ 37.40674, -1.29715 ], [ 37.40631, -1.2966 ], [ 37.40597, -1.29611 ], [ 37.40569, -1.29583 ], [ 37.40535, -1.29552 ], [ 37.40463, -1.29499 ], [ 37.40444, -1.29465 ], [ 37.40432, -1.29443 ], [ 37.40402, -1.29367 ], [ 37.40347, -1.29251 ], [ 37.40296, -1.29153 ], [ 37.40249, -1.29072 ], [ 37.40189, -1.29004 ], [ 37.40095, -1.28902 ], [ 37.40024, -1.28831 ], [ 37.40022, -1.28829 ], [ 37.39972, -1.28791 ], [ 37.39899, -1.28735 ], [ 37.39873, -1.28658 ], [ 37.39869, -1.28539 ], [ 37.39869, -1.28432 ], [ 37.39869, -1.2833 ], [ 37.39822, -1.28275 ], [ 37.39754, -1.28258 ], [ 37.39677, -1.28258 ], [ 37.396, -1.28228 ], [ 37.39562, -1.28189 ], [ 37.39523, -1.28129 ], [ 37.39498, -1.28057 ], [ 37.39464, -1.27976 ], [ 37.39446, -1.27949 ], [ 37.39449, -1.27883 ], [ 37.39425, -1.27723 ], [ 37.39377, -1.27568 ], [ 37.39323, -1.27519 ], [ 37.3928, -1.27421 ], [ 37.39183, -1.27313 ], [ 37.3912, -1.2726 ], [ 37.39072, -1.2722 ], [ 37.3895, -1.2712 ], [ 37.38807, -1.27016 ], [ 37.38724, -1.26937 ], [ 37.38694, -1.2691 ], [ 37.38688, -1.26904 ], [ 37.38555, -1.26876 ], [ 37.38449, -1.26869 ], [ 37.38448, -1.26868 ], [ 37.38315, -1.26782 ], [ 37.38266, -1.26764 ], [ 37.38229, -1.2675 ], [ 37.38114, -1.26696 ], [ 37.37974, -1.26639 ], [ 37.37812, -1.26524 ], [ 37.37723, -1.26452 ], [ 37.37637, -1.26375 ], [ 37.37622, -1.26362 ], [ 37.37507, -1.26165 ], [ 37.37457, -1.26036 ], [ 37.37418, -1.25878 ], [ 37.37414, -1.25759 ], [ 37.37407, -1.25688 ], [ 37.37406, -1.25674 ], [ 37.374, -1.25569 ], [ 37.37403, -1.25468 ], [ 37.37403, -1.25447 ], [ 37.3741, -1.2535 ], [ 37.37429, -1.25262 ], [ 37.37428, -1.25175 ], [ 37.37404, -1.25108 ], [ 37.37392, -1.25061 ], [ 37.37384, -1.25024 ], [ 37.37372, -1.24998 ], [ 37.3736, -1.24969 ], [ 37.37328, -1.24924 ], [ 37.37281, -1.24894 ], [ 37.37265, -1.24884 ], [ 37.3723, -1.24874 ], [ 37.37199, -1.24873 ], [ 37.37168, -1.24858 ], [ 37.37163, -1.24845 ], [ 37.37154, -1.24823 ], [ 37.37137, -1.24789 ], [ 37.3713, -1.24779 ], [ 37.37126, -1.24774 ], [ 37.37084, -1.24748 ], [ 37.37042, -1.24723 ], [ 37.37038, -1.24721 ], [ 37.37021, -1.24715 ], [ 37.36988, -1.24703 ], [ 37.36977, -1.24699 ], [ 37.3696, -1.24695 ], [ 37.36937, -1.24689 ], [ 37.369, -1.24669 ], [ 37.36894, -1.24661 ], [ 37.36887, -1.24654 ], [ 37.36885, -1.24648 ], [ 37.36881, -1.24633 ], [ 37.36878, -1.24626 ], [ 37.36875, -1.2461 ], [ 37.36872, -1.246 ], [ 37.36874, -1.24597 ], [ 37.36889, -1.24571 ], [ 37.3689, -1.24568 ], [ 37.36892, -1.2455 ], [ 37.36893, -1.24546 ], [ 37.369, -1.24507 ], [ 37.36903, -1.24485 ], [ 37.36902, -1.24466 ], [ 37.36902, -1.24453 ], [ 37.36902, -1.24432 ], [ 37.36901, -1.24411 ], [ 37.36898, -1.24393 ], [ 37.36891, -1.2437 ], [ 37.36877, -1.24351 ], [ 37.36872, -1.24334 ], [ 37.36869, -1.24307 ], [ 37.36868, -1.24278 ], [ 37.36865, -1.24265 ], [ 37.36861, -1.24241 ], [ 37.36858, -1.24219 ], [ 37.36857, -1.24213 ], [ 37.36855, -1.24193 ], [ 37.36854, -1.24189 ], [ 37.36849, -1.24169 ], [ 37.36847, -1.24161 ], [ 37.36845, -1.24156 ], [ 37.36836, -1.24137 ], [ 37.36825, -1.24104 ], [ 37.36824, -1.24101 ], [ 37.36818, -1.24079 ], [ 37.36816, -1.24078 ], [ 37.36807, -1.24073 ], [ 37.36805, -1.24072 ], [ 37.36782, -1.24062 ], [ 37.36756, -1.24044 ], [ 37.36745, -1.24035 ], [ 37.36704, -1.24006 ], [ 37.36688, -1.2398 ], [ 37.36672, -1.23948 ], [ 37.36669, -1.23904 ], [ 37.36667, -1.23871 ], [ 37.36659, -1.23841 ], [ 37.36659, -1.23817 ], [ 37.36658, -1.23786 ], [ 37.36657, -1.23769 ], [ 37.36656, -1.23757 ], [ 37.36652, -1.2373 ], [ 37.36647, -1.23702 ], [ 37.36636, -1.23674 ], [ 37.36618, -1.23628 ], [ 37.36612, -1.23611 ], [ 37.36612, -1.2361 ], [ 37.36611, -1.23609 ], [ 37.3661, -1.23608 ], [ 37.36599, -1.23594 ], [ 37.365, -1.23486 ], [ 37.36508, -1.23467 ], [ 37.36511, -1.23443 ], [ 37.36506, -1.23421 ], [ 37.36503, -1.23407 ], [ 37.36496, -1.23396 ], [ 37.36483, -1.23377 ], [ 37.3647, -1.2336 ], [ 37.36445, -1.23333 ], [ 37.36429, -1.23315 ], [ 37.36417, -1.23306 ], [ 37.36397, -1.23291 ], [ 37.36388, -1.23278 ], [ 37.3638, -1.23264 ], [ 37.36372, -1.23248 ], [ 37.36368, -1.23236 ], [ 37.36364, -1.23221 ], [ 37.36371, -1.23204 ], [ 37.36383, -1.2319 ], [ 37.36403, -1.23172 ], [ 37.36415, -1.23155 ], [ 37.36422, -1.23139 ], [ 37.36428, -1.23122 ], [ 37.36431, -1.23113 ], [ 37.36432, -1.23093 ], [ 37.36429, -1.2307 ], [ 37.36424, -1.23042 ], [ 37.36421, -1.2301 ], [ 37.36417, -1.22987 ], [ 37.36411, -1.22956 ], [ 37.36411, -1.22931 ], [ 37.36406, -1.22906 ], [ 37.36398, -1.22885 ], [ 37.36379, -1.22861 ], [ 37.36355, -1.22833 ], [ 37.36339, -1.2281 ], [ 37.36317, -1.22786 ], [ 37.36307, -1.22771 ], [ 37.36297, -1.2275 ], [ 37.3629, -1.22732 ], [ 37.36283, -1.22709 ], [ 37.36276, -1.22678 ], [ 37.36271, -1.22653 ], [ 37.36259, -1.22624 ], [ 37.36206, -1.22604 ], [ 37.36184, -1.22555 ], [ 37.36155, -1.22491 ], [ 37.36017, -1.22299 ], [ 37.35955, -1.22171 ], [ 37.35949, -1.22071 ], [ 37.35895, -1.21997 ], [ 37.35839, -1.21873 ], [ 37.35801, -1.21751 ], [ 37.35763, -1.21701 ], [ 37.3571, -1.21645 ], [ 37.3568, -1.21575 ], [ 37.35678, -1.21551 ], [ 37.35678, -1.21551 ], [ 37.35674, -1.21504 ], [ 37.35679, -1.21438 ], [ 37.35649, -1.21352 ], [ 37.35622, -1.21304 ], [ 37.35588, -1.21233 ], [ 37.35557, -1.21175 ], [ 37.3553, -1.21118 ], [ 37.35481, -1.21049 ], [ 37.35444, -1.21007 ], [ 37.35406, -1.20949 ], [ 37.35387, -1.20923 ], [ 37.35351, -1.20856 ], [ 37.35312, -1.20769 ], [ 37.35278, -1.20713 ], [ 37.3527, -1.20693 ], [ 37.35266, -1.20686 ], [ 37.35263, -1.20681 ], [ 37.35257, -1.20675 ], [ 37.35231, -1.20642 ], [ 37.35222, -1.20632 ], [ 37.35221, -1.20631 ], [ 37.35215, -1.20626 ], [ 37.35155, -1.20581 ], [ 37.35073, -1.20519 ], [ 37.35017, -1.20485 ], [ 37.34967, -1.20434 ], [ 37.34937, -1.20385 ], [ 37.34934, -1.20368 ], [ 37.34928, -1.20339 ], [ 37.34919, -1.203 ], [ 37.34919, -1.20296 ], [ 37.34915, -1.20223 ], [ 37.34896, -1.20142 ], [ 37.34881, -1.20106 ], [ 37.34868, -1.2005 ], [ 37.34825, -1.19962 ], [ 37.34767, -1.19892 ], [ 37.34712, -1.19826 ], [ 37.34663, -1.19765 ], [ 37.34635, -1.19722 ], [ 37.34611, -1.19696 ], [ 37.3461, -1.19696 ], [ 37.34566, -1.19644 ], [ 37.34477, -1.19573 ], [ 37.34456, -1.19489 ], [ 37.34454, -1.19482 ], [ 37.34426, -1.19395 ], [ 37.34433, -1.19356 ], [ 37.34441, -1.19308 ], [ 37.34441, -1.19235 ], [ 37.34459, -1.19089 ], [ 37.3451, -1.18904 ], [ 37.34546, -1.18729 ], [ 37.34572, -1.18609 ], [ 37.34585, -1.18558 ], [ 37.34612, -1.18453 ], [ 37.34648, -1.18348 ], [ 37.34672, -1.18244 ], [ 37.34681, -1.18202 ], [ 37.34725, -1.18071 ], [ 37.3473, -1.18062 ], [ 37.34775, -1.17992 ], [ 37.34789, -1.17969 ], [ 37.34772, -1.1791 ], [ 37.3477, -1.17859 ], [ 37.34773, -1.178 ], [ 37.348, -1.17734 ], [ 37.3484, -1.17672 ], [ 37.34867, -1.17638 ], [ 37.349, -1.17599 ], [ 37.3495, -1.17545 ], [ 37.35008, -1.17538 ], [ 37.35011, -1.17538 ], [ 37.35039, -1.17528 ], [ 37.35041, -1.17528 ], [ 37.35072, -1.17525 ], [ 37.35086, -1.17522 ], [ 37.35159, -1.17518 ], [ 37.35198, -1.17518 ], [ 37.35246, -1.17517 ], [ 37.35254, -1.17517 ], [ 37.35299, -1.17517 ], [ 37.3532, -1.17518 ], [ 37.35321, -1.17518 ], [ 37.35351, -1.17518 ], [ 37.35418, -1.17518 ], [ 37.35479, -1.17519 ], [ 37.35531, -1.17524 ], [ 37.35635, -1.1753 ], [ 37.35666, -1.17531 ], [ 37.35677, -1.1753 ], [ 37.35678, -1.1753 ], [ 37.35692, -1.17532 ], [ 37.35692, -1.17532 ], [ 37.35731, -1.17534 ], [ 37.35777, -1.17538 ], [ 37.35804, -1.1755 ], [ 37.35833, -1.1756 ], [ 37.35843, -1.17564 ], [ 37.35871, -1.17577 ], [ 37.35872, -1.17577 ], [ 37.35971, -1.17615 ], [ 37.35978, -1.17618 ], [ 37.36016, -1.1764 ], [ 37.36055, -1.17654 ], [ 37.36074, -1.17661 ], [ 37.36086, -1.17668 ], [ 37.36128, -1.17552 ], [ 37.36168, -1.17453 ], [ 37.36212, -1.17337 ], [ 37.36281, -1.17235 ], [ 37.36319, -1.17157 ], [ 37.36344, -1.17143 ], [ 37.36364, -1.17129 ], [ 37.36389, -1.17099 ], [ 37.36412, -1.17075 ], [ 37.36428, -1.17037 ], [ 37.3645, -1.17009 ], [ 37.36458, -1.16988 ], [ 37.36472, -1.16953 ], [ 37.36484, -1.16922 ], [ 37.36494, -1.16889 ], [ 37.36498, -1.16865 ], [ 37.365, -1.16853 ], [ 37.36513, -1.16798 ], [ 37.36519, -1.16773 ], [ 37.36528, -1.16756 ], [ 37.3654, -1.16737 ], [ 37.36556, -1.16713 ], [ 37.36569, -1.16696 ], [ 37.3659, -1.16682 ], [ 37.36595, -1.16664 ], [ 37.36598, -1.16649 ], [ 37.36604, -1.16638 ], [ 37.36619, -1.16611 ], [ 37.3663, -1.16597 ], [ 37.36642, -1.16582 ], [ 37.36648, -1.1658 ], [ 37.3666, -1.16567 ], [ 37.36661, -1.16564 ], [ 37.36664, -1.16555 ], [ 37.36667, -1.16547 ], [ 37.36668, -1.16544 ], [ 37.36667, -1.16541 ], [ 37.36662, -1.16521 ], [ 37.36648, -1.16501 ], [ 37.36641, -1.16499 ], [ 37.36625, -1.16499 ], [ 37.36607, -1.16497 ], [ 37.36592, -1.16487 ], [ 37.36587, -1.16458 ], [ 37.36593, -1.16431 ], [ 37.36607, -1.16415 ], [ 37.36622, -1.16401 ], [ 37.36642, -1.16384 ], [ 37.36666, -1.1637 ], [ 37.36685, -1.1636 ], [ 37.36698, -1.1635 ], [ 37.36706, -1.16345 ], [ 37.36721, -1.16339 ], [ 37.36739, -1.16322 ], [ 37.36755, -1.16301 ], [ 37.36773, -1.16284 ], [ 37.3679, -1.16265 ], [ 37.36804, -1.16251 ], [ 37.3682, -1.16235 ], [ 37.36839, -1.16216 ], [ 37.36858, -1.16201 ], [ 37.3688, -1.16186 ], [ 37.36898, -1.1617 ], [ 37.36911, -1.16154 ], [ 37.36922, -1.16142 ], [ 37.36933, -1.16142 ], [ 37.36945, -1.16142 ], [ 37.36966, -1.16142 ], [ 37.3698, -1.16146 ], [ 37.36994, -1.16158 ], [ 37.37008, -1.16173 ], [ 37.37009, -1.16174 ], [ 37.37014, -1.16185 ], [ 37.37018, -1.16215 ], [ 37.37018, -1.16231 ], [ 37.37013, -1.16253 ], [ 37.37019, -1.16276 ], [ 37.37023, -1.16277 ], [ 37.37032, -1.16281 ], [ 37.37054, -1.16279 ], [ 37.37066, -1.16274 ], [ 37.37068, -1.16273 ], [ 37.37091, -1.1626 ], [ 37.37121, -1.16226 ], [ 37.37142, -1.1621 ], [ 37.37159, -1.16195 ], [ 37.37184, -1.16181 ], [ 37.37209, -1.16164 ], [ 37.37218, -1.1616 ], [ 37.37231, -1.16153 ], [ 37.37254, -1.16152 ], [ 37.37276, -1.16156 ], [ 37.37292, -1.16165 ], [ 37.37299, -1.16166 ], [ 37.37314, -1.16167 ], [ 37.37324, -1.16163 ], [ 37.37331, -1.16163 ], [ 37.37335, -1.16158 ], [ 37.37342, -1.16155 ], [ 37.37364, -1.16132 ], [ 37.37384, -1.16106 ], [ 37.37439, -1.16074 ], [ 37.37471, -1.16049 ], [ 37.37518, -1.16046 ], [ 37.37535, -1.16045 ], [ 37.37589, -1.16042 ], [ 37.37632, -1.16035 ], [ 37.37648, -1.16032 ], [ 37.37652, -1.16031 ], [ 37.3766, -1.16028 ], [ 37.37676, -1.16022 ], [ 37.37695, -1.1601 ], [ 37.37713, -1.15995 ], [ 37.37732, -1.15973 ], [ 37.37756, -1.15953 ], [ 37.37789, -1.15933 ], [ 37.37791, -1.15932 ], [ 37.37827, -1.1592 ], [ 37.3786, -1.15916 ], [ 37.37894, -1.1591 ], [ 37.37916, -1.15907 ], [ 37.37936, -1.15869 ], [ 37.3798, -1.15894 ], [ 37.3804, -1.1592 ], [ 37.38057, -1.15927 ], [ 37.38063, -1.15928 ], [ 37.38064, -1.1593 ], [ 37.38096, -1.15942 ], [ 37.38137, -1.15985 ], [ 37.38143, -1.15999 ], [ 37.38163, -1.16048 ], [ 37.38175, -1.16101 ], [ 37.38183, -1.1613 ], [ 37.38203, -1.16184 ], [ 37.38204, -1.16186 ], [ 37.38206, -1.16188 ], [ 37.38251, -1.16244 ], [ 37.38327, -1.16277 ], [ 37.38412, -1.16313 ], [ 37.38439, -1.16321 ], [ 37.38511, -1.16335 ], [ 37.38593, -1.16349 ], [ 37.38639, -1.16366 ], [ 37.38651, -1.16371 ], [ 37.38693, -1.16405 ], [ 37.38699, -1.16407 ], [ 37.38702, -1.16411 ], [ 37.38702, -1.16412 ], [ 37.38735, -1.16458 ], [ 37.38736, -1.16461 ], [ 37.3875, -1.16513 ], [ 37.3875, -1.16519 ], [ 37.38764, -1.16569 ], [ 37.38799, -1.16692 ], [ 37.38799, -1.16758 ], [ 37.38796, -1.1681 ], [ 37.3882, -1.16881 ], [ 37.38862, -1.16915 ], [ 37.38918, -1.1695 ], [ 37.38983, -1.17008 ], [ 37.39073, -1.17096 ], [ 37.39162, -1.17181 ], [ 37.39219, -1.17258 ], [ 37.39244, -1.17266 ], [ 37.39328, -1.17316 ], [ 37.39436, -1.17369 ], [ 37.3955, -1.17354 ], [ 37.39573, -1.17342 ], [ 37.39626, -1.17301 ], [ 37.3969, -1.17231 ], [ 37.39741, -1.1718 ], [ 37.39814, -1.17159 ], [ 37.39861, -1.17159 ], [ 37.399, -1.17172 ], [ 37.39951, -1.17196 ], [ 37.39988, -1.17229 ], [ 37.4003, -1.17273 ], [ 37.40086, -1.17326 ], [ 37.40177, -1.17369 ], [ 37.40203, -1.17384 ], [ 37.4025, -1.17397 ], [ 37.40251, -1.17397 ], [ 37.40252, -1.17397 ], [ 37.40255, -1.17398 ], [ 37.4026, -1.174 ], [ 37.40312, -1.17413 ], [ 37.40381, -1.17415 ], [ 37.40458, -1.17378 ], [ 37.40504, -1.17347 ], [ 37.40515, -1.1734 ], [ 37.40533, -1.17325 ], [ 37.40549, -1.17315 ], [ 37.40562, -1.17307 ], [ 37.40571, -1.173 ], [ 37.40614, -1.17258 ], [ 37.40665, -1.17211 ], [ 37.40705, -1.17157 ], [ 37.40746, -1.17113 ], [ 37.40748, -1.1711 ], [ 37.40783, -1.17064 ], [ 37.408, -1.17056 ], [ 37.40805, -1.17056 ], [ 37.40844, -1.17056 ], [ 37.4087, -1.17058 ], [ 37.40876, -1.17057 ], [ 37.40889, -1.17063 ], [ 37.40933, -1.17078 ], [ 37.40985, -1.17102 ], [ 37.40989, -1.17103 ], [ 37.41032, -1.17139 ], [ 37.41046, -1.17166 ], [ 37.4105, -1.17171 ], [ 37.41051, -1.17175 ], [ 37.41052, -1.17179 ], [ 37.41054, -1.17188 ], [ 37.41061, -1.17226 ], [ 37.41062, -1.17232 ], [ 37.41062, -1.17233 ], [ 37.41063, -1.17237 ], [ 37.41063, -1.17274 ], [ 37.41061, -1.17278 ], [ 37.4104, -1.17337 ], [ 37.41033, -1.17349 ], [ 37.41018, -1.17383 ], [ 37.40967, -1.17452 ], [ 37.40931, -1.17496 ], [ 37.409, -1.17549 ], [ 37.40887, -1.17616 ], [ 37.4089, -1.17665 ], [ 37.40892, -1.17698 ], [ 37.409, -1.17752 ], [ 37.40905, -1.1783 ], [ 37.40926, -1.17867 ], [ 37.40976, -1.17932 ], [ 37.40996, -1.17952 ], [ 37.41003, -1.17958 ], [ 37.41033, -1.17982 ], [ 37.41076, -1.1801 ], [ 37.41083, -1.18015 ], [ 37.41121, -1.18039 ], [ 37.41167, -1.18067 ], [ 37.41177, -1.18074 ], [ 37.41213, -1.18102 ], [ 37.41237, -1.18125 ], [ 37.41241, -1.18132 ], [ 37.41255, -1.18148 ], [ 37.41257, -1.18183 ], [ 37.41245, -1.18223 ], [ 37.41232, -1.18282 ], [ 37.41226, -1.18329 ], [ 37.4122, -1.18361 ], [ 37.41217, -1.18395 ], [ 37.41222, -1.1842 ], [ 37.41235, -1.18463 ], [ 37.41256, -1.18484 ], [ 37.41315, -1.18524 ], [ 37.41326, -1.1853 ], [ 37.41416, -1.18583 ], [ 37.41455, -1.18597 ], [ 37.41481, -1.18604 ], [ 37.41534, -1.18608 ], [ 37.41596, -1.18613 ], [ 37.41659, -1.18613 ], [ 37.4166, -1.18613 ], [ 37.41753, -1.18604 ], [ 37.41816, -1.18593 ], [ 37.41877, -1.18596 ], [ 37.41929, -1.1861 ], [ 37.4193, -1.18611 ], [ 37.41941, -1.18613 ], [ 37.41975, -1.1864 ], [ 37.41976, -1.1864 ], [ 37.42016, -1.1868 ], [ 37.42067, -1.18743 ], [ 37.42092, -1.18793 ], [ 37.42108, -1.18825 ], [ 37.42123, -1.18879 ], [ 37.42126, -1.18904 ], [ 37.42136, -1.18958 ], [ 37.42141, -1.19019 ], [ 37.42134, -1.19067 ], [ 37.42116, -1.1913 ], [ 37.42082, -1.19185 ], [ 37.42047, -1.19228 ], [ 37.42006, -1.19283 ], [ 37.41987, -1.19309 ], [ 37.41973, -1.19331 ], [ 37.41971, -1.19334 ], [ 37.41962, -1.19356 ], [ 37.41954, -1.19391 ], [ 37.41953, -1.19391 ], [ 37.41958, -1.19429 ], [ 37.41966, -1.19444 ], [ 37.4197, -1.1946 ], [ 37.41974, -1.19465 ], [ 37.41985, -1.19476 ], [ 37.42004, -1.19508 ], [ 37.42048, -1.19568 ], [ 37.42069, -1.19583 ], [ 37.42101, -1.19612 ], [ 37.4214, -1.19628 ], [ 37.42161, -1.1964 ], [ 37.42207, -1.19644 ], [ 37.42238, -1.19647 ], [ 37.42291, -1.19647 ], [ 37.42309, -1.19647 ], [ 37.42333, -1.19648 ], [ 37.4237, -1.19648 ], [ 37.42413, -1.19648 ], [ 37.42419, -1.19647 ], [ 37.42426, -1.19647 ], [ 37.42438, -1.19644 ], [ 37.42458, -1.1964 ], [ 37.42469, -1.19638 ], [ 37.42472, -1.19637 ], [ 37.42475, -1.19636 ], [ 37.42479, -1.19634 ], [ 37.42485, -1.19631 ], [ 37.4252, -1.19617 ], [ 37.42526, -1.19614 ], [ 37.42564, -1.19603 ], [ 37.42586, -1.19597 ], [ 37.42604, -1.19593 ], [ 37.4263, -1.19594 ], [ 37.4267, -1.19607 ], [ 37.42676, -1.1961 ], [ 37.42682, -1.19614 ], [ 37.42727, -1.19646 ], [ 37.4277, -1.19682 ], [ 37.42774, -1.19687 ], [ 37.42781, -1.19697 ], [ 37.42788, -1.19708 ], [ 37.42798, -1.19729 ], [ 37.42798, -1.19777 ], [ 37.4279, -1.19846 ], [ 37.42783, -1.19924 ], [ 37.42787, -1.19959 ], [ 37.42798, -1.19995 ], [ 37.42813, -1.20017 ], [ 37.42841, -1.20034 ], [ 37.42865, -1.20041 ], [ 37.42889, -1.20045 ], [ 37.42916, -1.20045 ], [ 37.42949, -1.20045 ], [ 37.42953, -1.20045 ], [ 37.42957, -1.20045 ], [ 37.42965, -1.20044 ], [ 37.42973, -1.20043 ], [ 37.43001, -1.20041 ], [ 37.43062, -1.20036 ], [ 37.43065, -1.20036 ], [ 37.43084, -1.20033 ], [ 37.43126, -1.20026 ], [ 37.43154, -1.20024 ], [ 37.43167, -1.20023 ], [ 37.43197, -1.20025 ], [ 37.43211, -1.20033 ], [ 37.43214, -1.20037 ], [ 37.43229, -1.20057 ], [ 37.43233, -1.20093 ], [ 37.43237, -1.20139 ], [ 37.43237, -1.2018 ], [ 37.43235, -1.20216 ], [ 37.43234, -1.20239 ], [ 37.43226, -1.20259 ], [ 37.43212, -1.20281 ], [ 37.43181, -1.20307 ], [ 37.43149, -1.20333 ], [ 37.43128, -1.20371 ], [ 37.43111, -1.20416 ], [ 37.43107, -1.20455 ], [ 37.43105, -1.20507 ], [ 37.43096, -1.20563 ], [ 37.43088, -1.20608 ], [ 37.43075, -1.20686 ], [ 37.43075, -1.20744 ], [ 37.4308, -1.2081 ], [ 37.4309, -1.20844 ], [ 37.43094, -1.20855 ], [ 37.43097, -1.20863 ], [ 37.43104, -1.20877 ], [ 37.43107, -1.20885 ], [ 37.43138, -1.20937 ], [ 37.43175, -1.2098 ], [ 37.43213, -1.21009 ], [ 37.43261, -1.21025 ], [ 37.43299, -1.21034 ], [ 37.43354, -1.21037 ], [ 37.43399, -1.21032 ], [ 37.434, -1.21032 ], [ 37.43462, -1.21041 ], [ 37.43466, -1.21042 ], [ 37.43515, -1.21035 ], [ 37.43566, -1.21034 ], [ 37.4361, -1.21044 ], [ 37.43643, -1.21069 ], [ 37.43682, -1.21104 ], [ 37.4373, -1.21156 ], [ 37.43765, -1.21218 ], [ 37.438, -1.21272 ], [ 37.4383, -1.21327 ], [ 37.43845, -1.21366 ], [ 37.43882, -1.21431 ], [ 37.43941, -1.21497 ], [ 37.43983, -1.21531 ], [ 37.44031, -1.21573 ], [ 37.44069, -1.21611 ], [ 37.44097, -1.2164 ], [ 37.44103, -1.21646 ], [ 37.44176, -1.21739 ], [ 37.44236, -1.21804 ], [ 37.44289, -1.21865 ], [ 37.44338, -1.21927 ], [ 37.44374, -1.2197 ], [ 37.44413, -1.22022 ], [ 37.44465, -1.22096 ], [ 37.44504, -1.22149 ], [ 37.4454, -1.22194 ], [ 37.44585, -1.22251 ], [ 37.44624, -1.22297 ], [ 37.44661, -1.22334 ], [ 37.44699, -1.22362 ], [ 37.44722, -1.22413 ], [ 37.44762, -1.22487 ], [ 37.44799, -1.22551 ], [ 37.44848, -1.22627 ], [ 37.4492, -1.2272 ], [ 37.44991, -1.22784 ], [ 37.45054, -1.22828 ], [ 37.45099, -1.22851 ], [ 37.45126, -1.22851 ], [ 37.45153, -1.22848 ], [ 37.45188, -1.22838 ], [ 37.45221, -1.22799 ], [ 37.45226, -1.22791 ], [ 37.45248, -1.22764 ], [ 37.45273, -1.22741 ], [ 37.45283, -1.22721 ], [ 37.45296, -1.22692 ], [ 37.45333, -1.22656 ], [ 37.45392, -1.22612 ], [ 37.45424, -1.22572 ], [ 37.45456, -1.22533 ], [ 37.45489, -1.22491 ], [ 37.45531, -1.22453 ], [ 37.45564, -1.22425 ], [ 37.45571, -1.22423 ], [ 37.45597, -1.22414 ], [ 37.45599, -1.22414 ], [ 37.45618, -1.22414 ], [ 37.45637, -1.22423 ], [ 37.45651, -1.2243 ], [ 37.45698, -1.2248 ], [ 37.45699, -1.22481 ], [ 37.45732, -1.22534 ], [ 37.45754, -1.22576 ], [ 37.45783, -1.22631 ], [ 37.45795, -1.22653 ], [ 37.45856, -1.2277 ], [ 37.45858, -1.22773 ], [ 37.45884, -1.22821 ], [ 37.45903, -1.22856 ], [ 37.45916, -1.22878 ], [ 37.45993, -1.23006 ], [ 37.46058, -1.23095 ], [ 37.46116, -1.23176 ], [ 37.4616, -1.2324 ], [ 37.46229, -1.23305 ], [ 37.46287, -1.23338 ], [ 37.46383, -1.23358 ], [ 37.465, -1.23373 ], [ 37.46539, -1.23371 ], [ 37.46546, -1.23371 ], [ 37.46613, -1.23373 ], [ 37.46614, -1.23373 ], [ 37.46672, -1.23364 ], [ 37.46701, -1.23354 ], [ 37.46723, -1.23346 ], [ 37.46762, -1.23319 ], [ 37.46794, -1.23311 ], [ 37.46835, -1.2331 ], [ 37.4687, -1.23316 ], [ 37.46939, -1.23332 ], [ 37.46965, -1.23342 ], [ 37.47022, -1.23366 ], [ 37.47069, -1.2339 ], [ 37.47105, -1.23401 ], [ 37.47163, -1.23406 ], [ 37.47198, -1.23399 ], [ 37.47201, -1.23392 ], [ 37.47207, -1.23392 ], [ 37.47225, -1.23393 ], [ 37.47303, -1.23396 ], [ 37.47316, -1.23392 ], [ 37.47428, -1.23359 ], [ 37.47447, -1.23353 ], [ 37.47474, -1.23351 ], [ 37.47512, -1.23353 ], [ 37.47549, -1.23365 ], [ 37.47594, -1.23392 ], [ 37.47626, -1.23422 ], [ 37.47659, -1.23474 ], [ 37.47708, -1.23546 ], [ 37.47764, -1.23623 ], [ 37.47812, -1.23686 ], [ 37.47842, -1.23737 ], [ 37.47866, -1.23782 ], [ 37.47889, -1.23826 ], [ 37.47944, -1.23938 ], [ 37.47962, -1.23977 ], [ 37.4798, -1.24041 ], [ 37.47999, -1.24094 ], [ 37.48004, -1.24128 ], [ 37.48008, -1.24143 ], [ 37.48015, -1.24173 ], [ 37.48027, -1.24206 ], [ 37.48038, -1.24252 ], [ 37.4805, -1.24302 ], [ 37.48075, -1.24353 ], [ 37.48106, -1.24396 ], [ 37.48127, -1.24429 ], [ 37.48191, -1.24486 ], [ 37.48226, -1.24523 ], [ 37.48289, -1.24559 ], [ 37.48325, -1.24584 ], [ 37.48392, -1.24623 ], [ 37.48446, -1.24661 ], [ 37.48499, -1.24684 ], [ 37.48526, -1.24726 ], [ 37.48585, -1.24816 ], [ 37.48615, -1.24877 ], [ 37.48629, -1.2492 ], [ 37.48649, -1.2499 ], [ 37.48653, -1.25005 ], [ 37.48676, -1.25082 ], [ 37.48701, -1.2517 ], [ 37.48706, -1.25215 ], [ 37.48713, -1.25268 ], [ 37.48717, -1.25298 ], [ 37.48701, -1.25303 ], [ 37.48761, -1.25344 ], [ 37.48773, -1.25351 ], [ 37.48836, -1.25389 ], [ 37.4894, -1.25414 ], [ 37.49049, -1.25432 ], [ 37.49056, -1.25434 ], [ 37.49164, -1.25434 ], [ 37.49317, -1.25445 ], [ 37.49389, -1.25445 ], [ 37.49443, -1.25445 ], [ 37.49603, -1.2546 ], [ 37.49729, -1.25463 ], [ 37.49815, -1.25444 ], [ 37.49826, -1.25441 ], [ 37.49923, -1.25444 ], [ 37.49961, -1.25435 ], [ 37.50047, -1.25461 ], [ 37.50123, -1.25491 ], [ 37.50174, -1.25526 ], [ 37.50236, -1.25579 ], [ 37.5025, -1.25597 ], [ 37.50298, -1.25659 ], [ 37.50347, -1.25723 ], [ 37.50377, -1.25784 ], [ 37.50392, -1.25819 ], [ 37.50408, -1.25852 ], [ 37.50452, -1.25937 ], [ 37.50506, -1.26031 ], [ 37.50521, -1.26058 ], [ 37.50582, -1.26171 ], [ 37.50611, -1.26225 ], [ 37.50626, -1.26252 ], [ 37.50664, -1.26314 ], [ 37.50691, -1.26354 ], [ 37.50721, -1.26397 ], [ 37.50733, -1.26415 ], [ 37.50767, -1.26456 ], [ 37.50818, -1.26484 ], [ 37.50869, -1.26531 ], [ 37.50918, -1.26561 ], [ 37.50963, -1.26583 ], [ 37.50987, -1.26617 ], [ 37.51014, -1.26634 ], [ 37.51095, -1.26639 ], [ 37.51177, -1.26632 ], [ 37.51238, -1.26609 ], [ 37.5128, -1.26595 ], [ 37.51286, -1.26596 ], [ 37.51355, -1.26611 ], [ 37.51424, -1.26639 ], [ 37.51468, -1.26674 ], [ 37.51497, -1.26768 ], [ 37.51549, -1.26877 ], [ 37.51589, -1.26923 ], [ 37.51652, -1.26988 ], [ 37.51701, -1.27058 ], [ 37.51718, -1.2709 ], [ 37.51734, -1.27111 ], [ 37.51745, -1.27113 ], [ 37.51798, -1.27174 ], [ 37.51836, -1.27224 ], [ 37.51888, -1.27299 ], [ 37.5189, -1.27303 ], [ 37.51893, -1.27306 ], [ 37.51893, -1.27306 ], [ 37.51896, -1.2731 ], [ 37.51919, -1.27341 ], [ 37.51934, -1.27358 ], [ 37.5195, -1.27381 ], [ 37.51976, -1.27411 ], [ 37.51993, -1.27431 ], [ 37.52031, -1.27472 ], [ 37.5208, -1.27539 ], [ 37.52101, -1.27574 ], [ 37.52153, -1.27644 ], [ 37.52177, -1.27674 ], [ 37.52202, -1.27706 ], [ 37.52217, -1.27731 ], [ 37.52239, -1.27776 ], [ 37.52254, -1.27819 ], [ 37.52275, -1.27854 ], [ 37.52291, -1.2788 ], [ 37.52334, -1.27929 ], [ 37.5237, -1.27961 ], [ 37.52415, -1.28011 ], [ 37.52465, -1.28088 ], [ 37.52503, -1.28156 ], [ 37.52533, -1.28217 ], [ 37.52543, -1.28208 ], [ 37.52585, -1.2827 ], [ 37.5263, -1.2834 ], [ 37.52669, -1.28386 ], [ 37.52721, -1.28458 ], [ 37.52779, -1.28533 ], [ 37.5284, -1.2862 ], [ 37.52856, -1.28651 ], [ 37.52873, -1.28685 ], [ 37.52882, -1.28704 ], [ 37.52891, -1.2872 ], [ 37.52903, -1.28745 ], [ 37.52911, -1.28764 ], [ 37.52925, -1.28794 ], [ 37.52932, -1.28808 ], [ 37.5297, -1.28886 ], [ 37.52985, -1.28918 ], [ 37.52997, -1.28938 ], [ 37.53049, -1.29045 ], [ 37.53099, -1.29151 ], [ 37.53135, -1.29231 ], [ 37.53179, -1.29313 ], [ 37.53253, -1.29412 ], [ 37.53323, -1.29504 ], [ 37.53334, -1.2952 ], [ 37.53354, -1.29551 ], [ 37.53372, -1.29579 ], [ 37.53388, -1.29603 ], [ 37.53432, -1.29672 ], [ 37.53469, -1.29746 ], [ 37.53507, -1.29841 ], [ 37.53535, -1.29898 ], [ 37.53556, -1.29957 ], [ 37.53565, -1.29981 ], [ 37.536, -1.30055 ], [ 37.53607, -1.30072 ], [ 37.53654, -1.30157 ], [ 37.53673, -1.30183 ], [ 37.53698, -1.30218 ], [ 37.53742, -1.30274 ], [ 37.53795, -1.30359 ], [ 37.53875, -1.30435 ], [ 37.53898, -1.30457 ], [ 37.53929, -1.30537 ], [ 37.53965, -1.3063 ], [ 37.53996, -1.30699 ], [ 37.54034, -1.30753 ], [ 37.54071, -1.30808 ], [ 37.54149, -1.30858 ], [ 37.54243, -1.30893 ], [ 37.54305, -1.309 ], [ 37.54368, -1.30887 ], [ 37.5446, -1.30833 ], [ 37.54569, -1.30785 ], [ 37.5471, -1.3073 ], [ 37.54766, -1.30749 ], [ 37.54774, -1.30748 ], [ 37.54801, -1.30741 ], [ 37.54807, -1.30739 ], [ 37.54827, -1.30739 ], [ 37.54864, -1.30732 ], [ 37.54931, -1.30732 ], [ 37.55006, -1.30747 ], [ 37.55062, -1.30789 ], [ 37.55134, -1.30814 ], [ 37.55177, -1.30825 ], [ 37.55282, -1.30845 ], [ 37.55362, -1.30849 ], [ 37.5538, -1.30848 ], [ 37.55383, -1.30847 ], [ 37.55431, -1.30837 ], [ 37.5545, -1.30836 ], [ 37.55495, -1.30835 ], [ 37.55534, -1.30842 ], [ 37.55567, -1.30843 ], [ 37.55657, -1.30889 ], [ 37.55675, -1.30905 ], [ 37.5569, -1.30914 ], [ 37.55698, -1.30922 ], [ 37.55713, -1.30937 ], [ 37.55723, -1.30946 ], [ 37.55733, -1.30956 ], [ 37.55733, -1.30957 ], [ 37.55734, -1.30958 ], [ 37.55735, -1.30959 ], [ 37.5583, -1.31071 ], [ 37.55903, -1.31205 ], [ 37.55954, -1.3133 ], [ 37.5606, -1.31491 ], [ 37.56071, -1.31506 ], [ 37.56082, -1.31551 ], [ 37.56083, -1.31556 ], [ 37.56084, -1.31556 ], [ 37.56087, -1.31558 ], [ 37.56101, -1.31563 ], [ 37.56114, -1.3158 ], [ 37.56147, -1.31626 ], [ 37.5619, -1.31683 ], [ 37.56245, -1.31745 ], [ 37.56278, -1.3178 ], [ 37.56312, -1.31805 ], [ 37.56314, -1.31806 ], [ 37.56318, -1.31809 ], [ 37.56371, -1.31834 ], [ 37.56421, -1.31848 ], [ 37.5647, -1.31861 ], [ 37.56588, -1.31893 ], [ 37.56689, -1.31915 ], [ 37.56787, -1.31922 ], [ 37.56905, -1.31912 ], [ 37.56993, -1.31907 ], [ 37.57066, -1.31892 ], [ 37.57169, -1.31837 ], [ 37.57224, -1.31823 ], [ 37.57271, -1.31836 ], [ 37.57304, -1.31875 ], [ 37.57319, -1.31893 ], [ 37.57369, -1.31943 ], [ 37.57436, -1.31998 ], [ 37.57497, -1.32061 ], [ 37.57505, -1.32073 ], [ 37.57512, -1.32062 ], [ 37.57551, -1.3206 ], [ 37.57626, -1.32062 ], [ 37.5767, -1.32057 ], [ 37.57726, -1.32058 ], [ 37.57796, -1.32054 ], [ 37.57854, -1.32038 ], [ 37.57907, -1.32013 ], [ 37.57997, -1.31993 ], [ 37.58073, -1.31994 ], [ 37.58138, -1.32011 ], [ 37.5821, -1.32068 ], [ 37.58236, -1.32126 ], [ 37.58255, -1.32169 ], [ 37.5826, -1.32227 ], [ 37.58278, -1.3229 ], [ 37.58314, -1.32343 ], [ 37.58354, -1.32392 ], [ 37.58361, -1.32401 ], [ 37.58375, -1.32414 ], [ 37.58417, -1.32452 ], [ 37.58421, -1.32455 ], [ 37.58452, -1.32506 ], [ 37.58491, -1.3257 ], [ 37.58527, -1.32636 ], [ 37.58565, -1.32704 ], [ 37.58587, -1.32755 ], [ 37.58619, -1.32838 ], [ 37.58644, -1.32913 ], [ 37.58687, -1.32996 ], [ 37.58687, -1.32996 ], [ 37.58695, -1.33016 ], [ 37.58716, -1.33053 ], [ 37.58742, -1.33087 ], [ 37.58796, -1.33159 ], [ 37.58867, -1.33225 ], [ 37.589, -1.33252 ], [ 37.58944, -1.33275 ], [ 37.58981, -1.33294 ], [ 37.59035, -1.33319 ], [ 37.59122, -1.33341 ], [ 37.59151, -1.33344 ], [ 37.592, -1.3335 ], [ 37.5925, -1.33347 ], [ 37.59311, -1.3335 ], [ 37.59369, -1.33354 ], [ 37.5943, -1.33356 ], [ 37.59481, -1.33361 ], [ 37.59537, -1.33364 ], [ 37.59592, -1.33365 ], [ 37.59634, -1.33365 ], [ 37.59668, -1.33366 ], [ 37.59713, -1.33376 ], [ 37.59725, -1.33393 ], [ 37.59753, -1.33459 ], [ 37.5979, -1.33548 ], [ 37.59825, -1.33635 ], [ 37.59851, -1.33703 ], [ 37.59859, -1.33718 ], [ 37.59884, -1.33764 ], [ 37.59886, -1.33767 ], [ 37.59924, -1.33833 ], [ 37.59951, -1.33861 ], [ 37.5999, -1.33911 ], [ 37.60017, -1.33946 ], [ 37.60042, -1.33972 ], [ 37.60063, -1.33995 ], [ 37.60093, -1.3402 ], [ 37.60146, -1.34054 ], [ 37.60196, -1.34088 ], [ 37.60238, -1.34111 ], [ 37.6028, -1.34142 ], [ 37.6031, -1.34167 ], [ 37.60324, -1.34177 ], [ 37.60326, -1.34179 ], [ 37.60331, -1.34188 ], [ 37.60358, -1.34215 ], [ 37.60378, -1.34241 ], [ 37.60403, -1.34282 ], [ 37.60448, -1.34326 ], [ 37.60496, -1.34374 ], [ 37.60513, -1.34391 ], [ 37.60559, -1.3443 ], [ 37.60578, -1.34455 ], [ 37.60579, -1.34456 ], [ 37.60584, -1.34462 ], [ 37.60588, -1.34468 ], [ 37.60595, -1.34477 ], [ 37.60596, -1.34479 ], [ 37.60599, -1.34484 ], [ 37.60623, -1.34524 ], [ 37.60642, -1.3457 ], [ 37.60652, -1.34606 ], [ 37.60659, -1.34654 ], [ 37.60664, -1.347 ], [ 37.60671, -1.34742 ], [ 37.60677, -1.34794 ], [ 37.60673, -1.34859 ], [ 37.6068, -1.34916 ], [ 37.60685, -1.34953 ], [ 37.60714, -1.3501 ], [ 37.60742, -1.3505 ], [ 37.60769, -1.35086 ], [ 37.608, -1.35124 ], [ 37.60822, -1.35151 ], [ 37.60849, -1.35171 ], [ 37.60874, -1.3519 ], [ 37.60875, -1.35191 ], [ 37.60875, -1.35192 ], [ 37.60908, -1.35232 ], [ 37.60922, -1.35259 ], [ 37.60927, -1.35265 ], [ 37.60946, -1.35285 ], [ 37.60965, -1.35311 ], [ 37.6098, -1.35339 ], [ 37.60991, -1.35365 ], [ 37.61006, -1.35418 ], [ 37.61014, -1.35457 ], [ 37.61021, -1.35514 ], [ 37.61022, -1.35541 ], [ 37.61025, -1.35566 ], [ 37.61029, -1.35594 ], [ 37.61033, -1.35625 ], [ 37.61038, -1.35656 ], [ 37.6104, -1.35692 ], [ 37.61049, -1.35735 ], [ 37.61059, -1.35787 ], [ 37.61072, -1.3583 ], [ 37.61087, -1.35856 ], [ 37.61101, -1.35883 ], [ 37.61116, -1.3591 ], [ 37.61133, -1.35932 ], [ 37.61141, -1.35941 ], [ 37.61167, -1.35959 ], [ 37.61192, -1.35972 ], [ 37.61214, -1.35981 ], [ 37.61216, -1.35982 ], [ 37.61292, -1.36003 ], [ 37.6135, -1.3604 ], [ 37.61373, -1.36056 ], [ 37.61434, -1.36144 ], [ 37.61505, -1.36225 ], [ 37.61549, -1.36296 ], [ 37.61564, -1.36316 ], [ 37.61579, -1.36336 ], [ 37.61587, -1.36351 ], [ 37.61608, -1.36382 ], [ 37.61618, -1.36437 ], [ 37.61616, -1.3648 ], [ 37.61598, -1.36533 ], [ 37.61591, -1.36611 ], [ 37.61603, -1.3671 ], [ 37.61606, -1.36814 ], [ 37.61616, -1.36894 ], [ 37.61635, -1.36965 ], [ 37.61646, -1.37008 ], [ 37.61639, -1.37122 ], [ 37.61603, -1.372 ], [ 37.61594, -1.37293 ], [ 37.616, -1.3736 ], [ 37.61621, -1.37412 ], [ 37.6166, -1.3747 ], [ 37.61715, -1.37499 ], [ 37.61787, -1.37542 ], [ 37.61872, -1.37584 ], [ 37.61938, -1.37645 ], [ 37.61987, -1.37671 ], [ 37.62039, -1.37693 ], [ 37.62094, -1.37706 ], [ 37.62139, -1.37717 ], [ 37.62199, -1.37724 ], [ 37.62247, -1.37736 ], [ 37.62299, -1.37751 ], [ 37.62332, -1.37761 ], [ 37.62335, -1.37762 ], [ 37.62378, -1.37775 ], [ 37.62456, -1.37794 ], [ 37.62497, -1.37804 ], [ 37.6253, -1.37819 ], [ 37.62538, -1.37826 ], [ 37.6255, -1.37832 ], [ 37.62577, -1.37845 ], [ 37.62579, -1.379 ], [ 37.62573, -1.37953 ], [ 37.62552, -1.38012 ], [ 37.62486, -1.38082 ], [ 37.62435, -1.38133 ], [ 37.6238, -1.38201 ], [ 37.62346, -1.38234 ], [ 37.62319, -1.38275 ], [ 37.62275, -1.38343 ], [ 37.62264, -1.38408 ], [ 37.62264, -1.38459 ], [ 37.6227, -1.38467 ], [ 37.62278, -1.38477 ], [ 37.62296, -1.38488 ], [ 37.62298, -1.38489 ], [ 37.6232, -1.38494 ], [ 37.6237, -1.38488 ], [ 37.62406, -1.38467 ], [ 37.62438, -1.38447 ], [ 37.62473, -1.38436 ], [ 37.62503, -1.38432 ], [ 37.62563, -1.38434 ], [ 37.62613, -1.38449 ], [ 37.62671, -1.38475 ], [ 37.62687, -1.38482 ], [ 37.62711, -1.385 ], [ 37.62721, -1.38504 ], [ 37.62728, -1.38513 ], [ 37.62737, -1.38519 ], [ 37.62768, -1.38549 ], [ 37.62802, -1.38599 ], [ 37.62803, -1.38601 ], [ 37.62813, -1.38642 ], [ 37.62814, -1.38666 ], [ 37.62829, -1.387 ], [ 37.62818, -1.38702 ], [ 37.62816, -1.3875 ], [ 37.62824, -1.38819 ], [ 37.62826, -1.38831 ], [ 37.62834, -1.38878 ], [ 37.62844, -1.38948 ], [ 37.6285, -1.38994 ], [ 37.62854, -1.3906 ], [ 37.62854, -1.39129 ], [ 37.62841, -1.39162 ], [ 37.62806, -1.39217 ], [ 37.62756, -1.39313 ], [ 37.62745, -1.39403 ], [ 37.62745, -1.39493 ], [ 37.62748, -1.39574 ], [ 37.62773, -1.39653 ], [ 37.62799, -1.39706 ], [ 37.62799, -1.39707 ], [ 37.62799, -1.39707 ], [ 37.628, -1.39708 ], [ 37.62804, -1.39717 ], [ 37.62835, -1.3976 ], [ 37.6285, -1.3978 ], [ 37.62901, -1.3985 ], [ 37.62949, -1.39916 ], [ 37.62993, -1.39984 ], [ 37.63029, -1.4004 ], [ 37.6309, -1.4009 ], [ 37.6312, -1.40094 ], [ 37.63146, -1.40108 ], [ 37.63209, -1.40106 ], [ 37.63269, -1.40106 ], [ 37.63329, -1.40107 ], [ 37.63351, -1.40109 ], [ 37.6337, -1.4011 ], [ 37.63423, -1.40124 ], [ 37.63452, -1.40142 ], [ 37.63488, -1.4016 ], [ 37.63518, -1.4017 ], [ 37.63549, -1.40184 ], [ 37.63579, -1.40196 ], [ 37.63626, -1.40222 ], [ 37.63734, -1.4029 ], [ 37.63794, -1.4033 ], [ 37.6384, -1.40375 ], [ 37.63868, -1.40426 ], [ 37.6389, -1.40492 ], [ 37.63915, -1.40546 ], [ 37.63949, -1.40592 ], [ 37.6404, -1.40651 ], [ 37.64104, -1.40682 ], [ 37.64183, -1.40721 ], [ 37.64189, -1.40723 ], [ 37.64249, -1.40741 ], [ 37.64267, -1.40761 ], [ 37.64288, -1.40783 ], [ 37.64308, -1.40804 ], [ 37.64361, -1.40873 ], [ 37.64395, -1.40944 ], [ 37.64423, -1.41031 ], [ 37.64444, -1.41114 ], [ 37.64464, -1.41176 ], [ 37.64486, -1.41227 ], [ 37.64518, -1.41273 ], [ 37.64571, -1.41314 ], [ 37.64632, -1.41373 ], [ 37.6467, -1.41429 ], [ 37.64678, -1.41488 ], [ 37.64678, -1.41518 ], [ 37.64661, -1.41565 ], [ 37.6467, -1.41573 ], [ 37.64667, -1.41586 ], [ 37.64663, -1.41601 ], [ 37.6466, -1.41613 ], [ 37.64645, -1.41632 ], [ 37.64603, -1.41682 ], [ 37.64587, -1.41797 ], [ 37.64584, -1.41905 ], [ 37.6458, -1.42027 ], [ 37.64618, -1.42123 ], [ 37.64664, -1.42223 ], [ 37.6466, -1.42322 ], [ 37.64622, -1.42472 ], [ 37.64626, -1.42656 ], [ 37.64637, -1.42752 ], [ 37.6466, -1.42836 ], [ 37.64702, -1.42938 ], [ 37.64717, -1.42954 ], [ 37.64727, -1.42969 ], [ 37.64743, -1.42994 ], [ 37.64745, -1.42997 ], [ 37.64793, -1.43071 ], [ 37.6483, -1.43154 ], [ 37.64865, -1.43236 ], [ 37.64901, -1.43321 ], [ 37.64927, -1.43387 ], [ 37.64944, -1.43435 ], [ 37.64942, -1.43484 ], [ 37.64945, -1.43557 ], [ 37.64966, -1.43622 ], [ 37.64974, -1.43633 ], [ 37.64998, -1.43666 ], [ 37.65068, -1.43736 ], [ 37.65149, -1.43791 ], [ 37.65171, -1.43806 ], [ 37.65182, -1.43818 ], [ 37.6519, -1.43827 ], [ 37.65198, -1.43835 ], [ 37.65225, -1.43864 ], [ 37.65229, -1.43868 ], [ 37.65276, -1.43929 ], [ 37.65283, -1.43946 ], [ 37.6529, -1.43961 ], [ 37.65304, -1.4402 ], [ 37.65315, -1.44068 ], [ 37.65315, -1.44114 ], [ 37.6531, -1.44202 ], [ 37.65287, -1.44285 ], [ 37.65273, -1.44376 ], [ 37.65261, -1.44484 ], [ 37.65261, -1.44604 ], [ 37.65261, -1.4471 ], [ 37.65261, -1.44791 ], [ 37.65261, -1.44805 ], [ 37.65261, -1.44814 ], [ 37.65261, -1.44818 ], [ 37.65261, -1.44929 ], [ 37.65273, -1.45 ], [ 37.65321, -1.45086 ], [ 37.65387, -1.45132 ], [ 37.65478, -1.45156 ], [ 37.65484, -1.45157 ], [ 37.65572, -1.45166 ], [ 37.65593, -1.45171 ], [ 37.65666, -1.45191 ], [ 37.65678, -1.45202 ], [ 37.65746, -1.45266 ], [ 37.65829, -1.45328 ], [ 37.65845, -1.45335 ], [ 37.65861, -1.45356 ], [ 37.659, -1.45406 ], [ 37.66106, -1.45454 ], [ 37.66198, -1.4546 ], [ 37.66286, -1.4546 ], [ 37.66299, -1.4546 ], [ 37.66388, -1.45456 ], [ 37.66523, -1.45411 ], [ 37.66532, -1.45408 ], [ 37.66551, -1.4541 ], [ 37.6659, -1.45408 ], [ 37.66602, -1.4541 ], [ 37.66626, -1.45414 ], [ 37.66661, -1.4542 ], [ 37.66665, -1.45422 ], [ 37.66668, -1.45423 ], [ 37.66675, -1.45427 ], [ 37.66689, -1.45434 ], [ 37.66717, -1.45451 ], [ 37.66745, -1.4547 ], [ 37.66748, -1.45472 ], [ 37.66773, -1.45495 ], [ 37.66799, -1.45524 ], [ 37.6681, -1.45549 ], [ 37.6681, -1.45595 ], [ 37.6681, -1.45598 ], [ 37.66815, -1.45642 ], [ 37.66834, -1.45711 ], [ 37.66877, -1.45738 ], [ 37.66923, -1.45753 ], [ 37.66956, -1.45758 ], [ 37.67001, -1.45769 ], [ 37.67063, -1.4578 ], [ 37.67126, -1.45786 ], [ 37.6718, -1.458 ], [ 37.67198, -1.45818 ], [ 37.67219, -1.45821 ], [ 37.67247, -1.45825 ], [ 37.67272, -1.45846 ], [ 37.67293, -1.45869 ], [ 37.67319, -1.45901 ], [ 37.67349, -1.45945 ], [ 37.67354, -1.45957 ], [ 37.67374, -1.46 ], [ 37.67392, -1.46054 ], [ 37.67392, -1.46055 ], [ 37.67401, -1.46071 ], [ 37.67419, -1.46127 ], [ 37.6744, -1.46191 ], [ 37.67446, -1.46257 ], [ 37.67442, -1.46299 ], [ 37.67439, -1.46346 ], [ 37.67412, -1.46404 ], [ 37.67374, -1.46463 ], [ 37.67371, -1.46468 ], [ 37.67337, -1.46529 ], [ 37.67324, -1.46585 ], [ 37.67323, -1.46589 ], [ 37.67325, -1.46592 ], [ 37.67332, -1.46603 ], [ 37.67339, -1.46616 ], [ 37.67348, -1.46631 ], [ 37.67387, -1.46651 ], [ 37.67427, -1.46663 ], [ 37.67435, -1.46665 ], [ 37.67506, -1.4668 ], [ 37.67569, -1.46673 ], [ 37.6757, -1.46673 ], [ 37.67571, -1.46673 ], [ 37.67637, -1.46676 ], [ 37.677, -1.46677 ], [ 37.6775, -1.46672 ], [ 37.6778, -1.46681 ], [ 37.67799, -1.46707 ], [ 37.67812, -1.46753 ], [ 37.67814, -1.46748 ], [ 37.67837, -1.46725 ], [ 37.67853, -1.46708 ], [ 37.67935, -1.46679 ], [ 37.68034, -1.46665 ], [ 37.68098, -1.46668 ], [ 37.68152, -1.46695 ], [ 37.68172, -1.46711 ], [ 37.68226, -1.4676 ], [ 37.68263, -1.46825 ], [ 37.68321, -1.46897 ], [ 37.68384, -1.46967 ], [ 37.68461, -1.47027 ], [ 37.68535, -1.4709 ], [ 37.68571, -1.47125 ], [ 37.68583, -1.47189 ], [ 37.68614, -1.47265 ], [ 37.68635, -1.47305 ], [ 37.68654, -1.47343 ], [ 37.68723, -1.47407 ], [ 37.68747, -1.47418 ], [ 37.68779, -1.47439 ], [ 37.68828, -1.47455 ], [ 37.68831, -1.47455 ], [ 37.68879, -1.47455 ], [ 37.68884, -1.47455 ], [ 37.68905, -1.47455 ], [ 37.68926, -1.47481 ], [ 37.68929, -1.47484 ], [ 37.6896, -1.47518 ], [ 37.68982, -1.47556 ], [ 37.68993, -1.47591 ], [ 37.68995, -1.47638 ], [ 37.69001, -1.47694 ], [ 37.69006, -1.47752 ], [ 37.69027, -1.47814 ], [ 37.69053, -1.47879 ], [ 37.69089, -1.47928 ], [ 37.69132, -1.47965 ], [ 37.6914, -1.47973 ], [ 37.69176, -1.48006 ], [ 37.6918, -1.4801 ], [ 37.69185, -1.48017 ], [ 37.69201, -1.48042 ], [ 37.69218, -1.48068 ], [ 37.69231, -1.48111 ], [ 37.6924, -1.48152 ], [ 37.69246, -1.48164 ], [ 37.69252, -1.48187 ], [ 37.69258, -1.48234 ], [ 37.69271, -1.48264 ], [ 37.6928, -1.4829 ], [ 37.69284, -1.48319 ], [ 37.69296, -1.48339 ], [ 37.69303, -1.48359 ], [ 37.69318, -1.48377 ], [ 37.69324, -1.4839 ], [ 37.6934, -1.48418 ], [ 37.69358, -1.48443 ], [ 37.69366, -1.48466 ], [ 37.69374, -1.48479 ], [ 37.69398, -1.48522 ], [ 37.69423, -1.48562 ], [ 37.69423, -1.48563 ], [ 37.69428, -1.48569 ], [ 37.69442, -1.48586 ], [ 37.69466, -1.48616 ], [ 37.69468, -1.48617 ], [ 37.69468, -1.48618 ], [ 37.69502, -1.48662 ], [ 37.69544, -1.48706 ], [ 37.69552, -1.48716 ], [ 37.69587, -1.48759 ], [ 37.69625, -1.48806 ], [ 37.69654, -1.48848 ], [ 37.69671, -1.48878 ], [ 37.69674, -1.48891 ], [ 37.69694, -1.48948 ], [ 37.69694, -1.49017 ], [ 37.69693, -1.49039 ], [ 37.69691, -1.49085 ], [ 37.69697, -1.49137 ], [ 37.69707, -1.4917 ], [ 37.69714, -1.49216 ], [ 37.69716, -1.49256 ], [ 37.69718, -1.49276 ], [ 37.6972, -1.49322 ], [ 37.69715, -1.49364 ], [ 37.69702, -1.49408 ], [ 37.6969, -1.49442 ], [ 37.69676, -1.49466 ], [ 37.69662, -1.49482 ], [ 37.69658, -1.49498 ], [ 37.6963, -1.49571 ], [ 37.69611, -1.49601 ], [ 37.6959, -1.49636 ], [ 37.69562, -1.49684 ], [ 37.69539, -1.49717 ], [ 37.69533, -1.49741 ], [ 37.69511, -1.49817 ], [ 37.69494, -1.49858 ], [ 37.69487, -1.49926 ], [ 37.69513, -1.49973 ], [ 37.69519, -1.49981 ], [ 37.69549, -1.50018 ], [ 37.69565, -1.50038 ], [ 37.69579, -1.50053 ], [ 37.69589, -1.50064 ] ] ] } },
{ "type": "Feature", "properties": { "entity_id": 192, "p_entity": 23, "name": "Yatta Sub County" }, "geometry": { "type": "Polygon", "coordinates": [ [ [ 37.5961, -1.08879 ], [ 37.59575, -1.08917 ], [ 37.59559, -1.08957 ], [ 37.59559, -1.08995 ], [ 37.59559, -1.09032 ], [ 37.59574, -1.09064 ], [ 37.59591, -1.09126 ], [ 37.59606, -1.09177 ], [ 37.59612, -1.09218 ], [ 37.59617, -1.09252 ], [ 37.59618, -1.09277 ], [ 37.59628, -1.09309 ], [ 37.59644, -1.09345 ], [ 37.59657, -1.0939 ], [ 37.59663, -1.09446 ], [ 37.59664, -1.09483 ], [ 37.59673, -1.09535 ], [ 37.59673, -1.09535 ], [ 37.59723, -1.10624 ], [ 37.59787, -1.12032 ], [ 37.59791, -1.12128 ], [ 37.59849, -1.1341 ], [ 37.59866, -1.13411 ], [ 37.60093, -1.13422 ], [ 37.60221, -1.13508 ], [ 37.60423, -1.13831 ], [ 37.60474, -1.14022 ], [ 37.60472, -1.14027 ], [ 37.6047, -1.14053 ], [ 37.60472, -1.14085 ], [ 37.60474, -1.14104 ], [ 37.60474, -1.14143 ], [ 37.60468, -1.14177 ], [ 37.60468, -1.14207 ], [ 37.60468, -1.14237 ], [ 37.60474, -1.14278 ], [ 37.60485, -1.14314 ], [ 37.60487, -1.14321 ], [ 37.60496, -1.14355 ], [ 37.60511, -1.14398 ], [ 37.60521, -1.14448 ], [ 37.60558, -1.14457 ], [ 37.60588, -1.14475 ], [ 37.60601, -1.14475 ], [ 37.60643, -1.14533 ], [ 37.60752, -1.14545 ], [ 37.60838, -1.14466 ], [ 37.60881, -1.14435 ], [ 37.60881, -1.14399 ], [ 37.60923, -1.14399 ], [ 37.6099, -1.14399 ], [ 37.61058, -1.1438 ], [ 37.61149, -1.14356 ], [ 37.61192, -1.14368 ], [ 37.61277, -1.14393 ], [ 37.61291, -1.14416 ], [ 37.6132, -1.14466 ], [ 37.61387, -1.14545 ], [ 37.61454, -1.1449 ], [ 37.61497, -1.14545 ], [ 37.61564, -1.14576 ], [ 37.61607, -1.14576 ], [ 37.6165, -1.14618 ], [ 37.61717, -1.14612 ], [ 37.6176, -1.146 ], [ 37.61808, -1.14643 ], [ 37.61851, -1.14643 ], [ 37.61869, -1.14588 ], [ 37.61918, -1.146 ], [ 37.61937, -1.14655 ], [ 37.62004, -1.14673 ], [ 37.62071, -1.14698 ], [ 37.62138, -1.14722 ], [ 37.62183, -1.14742 ], [ 37.62188, -1.14745 ], [ 37.62189, -1.14747 ], [ 37.62192, -1.14763 ], [ 37.62196, -1.14777 ], [ 37.62203, -1.14803 ], [ 37.62212, -1.14819 ], [ 37.62219, -1.14824 ], [ 37.62223, -1.1485 ], [ 37.62266, -1.14905 ], [ 37.62358, -1.1496 ], [ 37.62443, -1.14984 ], [ 37.62516, -1.15021 ], [ 37.62513, -1.1504 ], [ 37.62509, -1.15052 ], [ 37.62506, -1.15059 ], [ 37.6251, -1.15074 ], [ 37.62529, -1.1509 ], [ 37.6254, -1.15101 ], [ 37.62535, -1.15125 ], [ 37.6262, -1.1518 ], [ 37.62706, -1.15235 ], [ 37.62723, -1.1529 ], [ 37.6272, -1.15302 ], [ 37.6272, -1.15323 ], [ 37.62724, -1.15346 ], [ 37.62729, -1.15368 ], [ 37.62729, -1.15368 ], [ 37.62728, -1.15388 ], [ 37.62717, -1.15403 ], [ 37.62706, -1.15426 ], [ 37.62704, -1.1545 ], [ 37.62706, -1.15468 ], [ 37.62719, -1.1549 ], [ 37.6273, -1.15496 ], [ 37.6273, -1.15564 ], [ 37.62864, -1.15619 ], [ 37.62875, -1.15626 ], [ 37.6295, -1.15674 ], [ 37.62988, -1.15738 ], [ 37.62992, -1.15756 ], [ 37.62995, -1.1576 ], [ 37.63005, -1.15769 ], [ 37.63011, -1.15777 ], [ 37.63031, -1.15811 ], [ 37.63032, -1.15817 ], [ 37.63026, -1.15834 ], [ 37.63024, -1.15857 ], [ 37.63017, -1.15871 ], [ 37.63017, -1.15889 ], [ 37.63024, -1.15905 ], [ 37.63038, -1.15914 ], [ 37.63045, -1.15918 ], [ 37.63077, -1.15928 ], [ 37.631, -1.15931 ], [ 37.63103, -1.15932 ], [ 37.6315, -1.15998 ], [ 37.63152, -1.16015 ], [ 37.63164, -1.16028 ], [ 37.63165, -1.16029 ], [ 37.63175, -1.16033 ], [ 37.63256, -1.16147 ], [ 37.63256, -1.1615 ], [ 37.63263, -1.16172 ], [ 37.63275, -1.16195 ], [ 37.63288, -1.16212 ], [ 37.63304, -1.16222 ], [ 37.63305, -1.16222 ], [ 37.63321, -1.16231 ], [ 37.63327, -1.16232 ], [ 37.63382, -1.16292 ], [ 37.63384, -1.1632 ], [ 37.63397, -1.16353 ], [ 37.63398, -1.16353 ], [ 37.63421, -1.16365 ], [ 37.63445, -1.16371 ], [ 37.63456, -1.16372 ], [ 37.63566, -1.16492 ], [ 37.63601, -1.16567 ], [ 37.636, -1.16576 ], [ 37.63599, -1.16613 ], [ 37.63599, -1.16643 ], [ 37.63604, -1.1666 ], [ 37.63619, -1.16686 ], [ 37.6363, -1.16699 ], [ 37.63631, -1.16701 ], [ 37.63652, -1.16717 ], [ 37.63671, -1.16736 ], [ 37.63685, -1.16745 ], [ 37.637, -1.16779 ], [ 37.63879, -1.1704 ], [ 37.63881, -1.17059 ], [ 37.63897, -1.17079 ], [ 37.63917, -1.17098 ], [ 37.6393, -1.17123 ], [ 37.6394, -1.17142 ], [ 37.6394, -1.17145 ], [ 37.63941, -1.17159 ], [ 37.63958, -1.17193 ], [ 37.63973, -1.1723 ], [ 37.6399, -1.17269 ], [ 37.63994, -1.17277 ], [ 37.64096, -1.17551 ], [ 37.64096, -1.17559 ], [ 37.64089, -1.17596 ], [ 37.6409, -1.17604 ], [ 37.64092, -1.17614 ], [ 37.64101, -1.17638 ], [ 37.64127, -1.17683 ], [ 37.64161, -1.17728 ], [ 37.64183, -1.17786 ], [ 37.64213, -1.17862 ], [ 37.64214, -1.17882 ], [ 37.64217, -1.17912 ], [ 37.64223, -1.17941 ], [ 37.64231, -1.17972 ], [ 37.64241, -1.17992 ], [ 37.64242, -1.17995 ], [ 37.64259, -1.18019 ], [ 37.64284, -1.18038 ], [ 37.64291, -1.1804 ], [ 37.64317, -1.18085 ], [ 37.64353, -1.18108 ], [ 37.64353, -1.18116 ], [ 37.64358, -1.18136 ], [ 37.64374, -1.1817 ], [ 37.64376, -1.18177 ], [ 37.64383, -1.18198 ], [ 37.64384, -1.18226 ], [ 37.64383, -1.18259 ], [ 37.64384, -1.18282 ], [ 37.64397, -1.18296 ], [ 37.64424, -1.18317 ], [ 37.64427, -1.18321 ], [ 37.64427, -1.18359 ], [ 37.6447, -1.18402 ], [ 37.64478, -1.1842 ], [ 37.64484, -1.18443 ], [ 37.64488, -1.18475 ], [ 37.64488, -1.18478 ], [ 37.64488, -1.18505 ], [ 37.64478, -1.1853 ], [ 37.64469, -1.18546 ], [ 37.64463, -1.18573 ], [ 37.64463, -1.18593 ], [ 37.64468, -1.18612 ], [ 37.64494, -1.1864 ], [ 37.64513, -1.18652 ], [ 37.64517, -1.18653 ], [ 37.64512, -1.18671 ], [ 37.64555, -1.18726 ], [ 37.64622, -1.18744 ], [ 37.64638, -1.18764 ], [ 37.6464, -1.18769 ], [ 37.64647, -1.18798 ], [ 37.64647, -1.18828 ], [ 37.64643, -1.18856 ], [ 37.64642, -1.18864 ], [ 37.64641, -1.18881 ], [ 37.64644, -1.18901 ], [ 37.64656, -1.18918 ], [ 37.64684, -1.18936 ], [ 37.64689, -1.18938 ], [ 37.64689, -1.18976 ], [ 37.64732, -1.19012 ], [ 37.64754, -1.19037 ], [ 37.64756, -1.19048 ], [ 37.64757, -1.19048 ], [ 37.64768, -1.19063 ], [ 37.64785, -1.1908 ], [ 37.648, -1.19088 ], [ 37.64839, -1.19149 ], [ 37.64839, -1.1915 ], [ 37.64831, -1.19174 ], [ 37.64826, -1.19217 ], [ 37.64819, -1.19275 ], [ 37.64819, -1.19311 ], [ 37.64819, -1.19315 ], [ 37.64822, -1.1935 ], [ 37.64832, -1.19375 ], [ 37.64848, -1.19397 ], [ 37.6486, -1.19416 ], [ 37.64866, -1.1942 ], [ 37.64866, -1.19458 ], [ 37.64923, -1.19504 ], [ 37.64918, -1.19509 ], [ 37.64914, -1.19523 ], [ 37.64914, -1.19524 ], [ 37.64914, -1.19541 ], [ 37.64916, -1.1956 ], [ 37.64923, -1.19582 ], [ 37.64941, -1.19594 ], [ 37.64951, -1.19602 ], [ 37.64933, -1.19617 ], [ 37.64976, -1.19678 ], [ 37.65019, -1.19713 ], [ 37.65035, -1.19753 ], [ 37.65044, -1.19795 ], [ 37.65044, -1.19802 ], [ 37.65044, -1.19824 ], [ 37.65038, -1.19859 ], [ 37.65038, -1.19889 ], [ 37.65043, -1.19913 ], [ 37.65057, -1.19946 ], [ 37.65064, -1.19956 ], [ 37.65062, -1.19965 ], [ 37.65104, -1.20056 ], [ 37.65163, -1.2012 ], [ 37.65171, -1.20129 ], [ 37.65239, -1.20166 ], [ 37.65248, -1.20165 ], [ 37.65262, -1.20163 ], [ 37.65348, -1.20154 ], [ 37.65391, -1.20196 ], [ 37.65416, -1.20251 ], [ 37.65419, -1.20255 ], [ 37.65458, -1.20294 ], [ 37.65544, -1.20349 ], [ 37.65604, -1.20357 ], [ 37.65626, -1.20382 ], [ 37.65641, -1.20394 ], [ 37.65654, -1.20459 ], [ 37.65675, -1.2048 ], [ 37.65675, -1.20486 ], [ 37.65671, -1.20518 ], [ 37.65671, -1.20542 ], [ 37.6567, -1.20567 ], [ 37.65666, -1.20593 ], [ 37.65658, -1.20611 ], [ 37.6564, -1.20626 ], [ 37.65627, -1.20654 ], [ 37.65626, -1.20669 ], [ 37.65626, -1.2067 ], [ 37.65632, -1.20689 ], [ 37.6565, -1.20701 ], [ 37.65671, -1.20716 ], [ 37.65682, -1.20727 ], [ 37.65685, -1.20748 ], [ 37.65685, -1.2078 ], [ 37.65687, -1.208 ], [ 37.65709, -1.20826 ], [ 37.65731, -1.20829 ], [ 37.65732, -1.20829 ], [ 37.65745, -1.2088 ], [ 37.65812, -1.20978 ], [ 37.65855, -1.21045 ], [ 37.65922, -1.21112 ], [ 37.65989, -1.21167 ], [ 37.66067, -1.21219 ], [ 37.66071, -1.21228 ], [ 37.66079, -1.21243 ], [ 37.6608, -1.21245 ], [ 37.66105, -1.21255 ], [ 37.66118, -1.21289 ], [ 37.6616, -1.2135 ], [ 37.66257, -1.21371 ], [ 37.66258, -1.21375 ], [ 37.66258, -1.21396 ], [ 37.66253, -1.21408 ], [ 37.66248, -1.21421 ], [ 37.66245, -1.21438 ], [ 37.66245, -1.21446 ], [ 37.66256, -1.21463 ], [ 37.66282, -1.21471 ], [ 37.66283, -1.21471 ], [ 37.66304, -1.21486 ], [ 37.66309, -1.2149 ], [ 37.66295, -1.21539 ], [ 37.66337, -1.2157 ], [ 37.6635, -1.21577 ], [ 37.6635, -1.21599 ], [ 37.6635, -1.21618 ], [ 37.66351, -1.21626 ], [ 37.66352, -1.21636 ], [ 37.66359, -1.21652 ], [ 37.66377, -1.21665 ], [ 37.66389, -1.21669 ], [ 37.6638, -1.21704 ], [ 37.66429, -1.21759 ], [ 37.6643, -1.2176 ], [ 37.66428, -1.21784 ], [ 37.66429, -1.21806 ], [ 37.66432, -1.21813 ], [ 37.66434, -1.21819 ], [ 37.66452, -1.21828 ], [ 37.66467, -1.21831 ], [ 37.6648, -1.21831 ], [ 37.6649, -1.21833 ], [ 37.6649, -1.21893 ], [ 37.66557, -1.21936 ], [ 37.666, -1.22003 ], [ 37.66667, -1.21991 ], [ 37.66777, -1.21966 ], [ 37.66781, -1.21972 ], [ 37.66781, -1.21975 ], [ 37.6678, -1.21999 ], [ 37.66761, -1.22025 ], [ 37.66749, -1.22035 ], [ 37.66724, -1.22046 ], [ 37.667, -1.22056 ], [ 37.66692, -1.2206 ], [ 37.66656, -1.22072 ], [ 37.66628, -1.2209 ], [ 37.66618, -1.22113 ], [ 37.66628, -1.22124 ], [ 37.66641, -1.22135 ], [ 37.6667, -1.22149 ], [ 37.66693, -1.22169 ], [ 37.66705, -1.22181 ], [ 37.66691, -1.22223 ], [ 37.66777, -1.22296 ], [ 37.66838, -1.2238 ], [ 37.66838, -1.22396 ], [ 37.66845, -1.22423 ], [ 37.66854, -1.22436 ], [ 37.66871, -1.22447 ], [ 37.66877, -1.22451 ], [ 37.66887, -1.22452 ], [ 37.66887, -1.22509 ], [ 37.66935, -1.2254 ], [ 37.67021, -1.22552 ], [ 37.67088, -1.2265 ], [ 37.67109, -1.22667 ], [ 37.67127, -1.22681 ], [ 37.67129, -1.22683 ], [ 37.67155, -1.22705 ], [ 37.67155, -1.22707 ], [ 37.67155, -1.22772 ], [ 37.67241, -1.22784 ], [ 37.67279, -1.22809 ], [ 37.67272, -1.22822 ], [ 37.67262, -1.22849 ], [ 37.67251, -1.22868 ], [ 37.67249, -1.22873 ], [ 37.67245, -1.22884 ], [ 37.67244, -1.229 ], [ 37.67258, -1.22903 ], [ 37.67282, -1.229 ], [ 37.673, -1.22885 ], [ 37.67311, -1.22876 ], [ 37.67322, -1.22869 ], [ 37.67326, -1.22882 ], [ 37.67308, -1.22967 ], [ 37.67375, -1.22967 ], [ 37.67418, -1.22967 ], [ 37.67467, -1.23008 ], [ 37.67477, -1.23035 ], [ 37.67477, -1.23036 ], [ 37.67492, -1.23058 ], [ 37.67503, -1.23114 ], [ 37.67546, -1.23181 ], [ 37.67632, -1.23233 ], [ 37.6763, -1.23247 ], [ 37.67635, -1.2327 ], [ 37.67635, -1.23322 ], [ 37.67635, -1.23364 ], [ 37.67635, -1.2337 ], [ 37.67635, -1.23397 ], [ 37.67651, -1.23424 ], [ 37.67676, -1.23435 ], [ 37.67691, -1.23434 ], [ 37.6768, -1.23474 ], [ 37.67704, -1.23529 ], [ 37.67765, -1.23529 ], [ 37.67775, -1.23529 ], [ 37.67775, -1.23529 ], [ 37.67776, -1.23547 ], [ 37.67776, -1.23548 ], [ 37.67804, -1.23567 ], [ 37.67833, -1.23581 ], [ 37.67858, -1.23588 ], [ 37.67874, -1.23593 ], [ 37.67833, -1.23651 ], [ 37.679, -1.23693 ], [ 37.68052, -1.23718 ], [ 37.68187, -1.23761 ], [ 37.68297, -1.23736 ], [ 37.68406, -1.23761 ], [ 37.68516, -1.23761 ], [ 37.68583, -1.23773 ], [ 37.68612, -1.23796 ], [ 37.68619, -1.23823 ], [ 37.68622, -1.23856 ], [ 37.68628, -1.23887 ], [ 37.68641, -1.23897 ], [ 37.68656, -1.23906 ], [ 37.68675, -1.23918 ], [ 37.68694, -1.2394 ], [ 37.68698, -1.23945 ], [ 37.68698, -1.23969 ], [ 37.68698, -1.23988 ], [ 37.68699, -1.24017 ], [ 37.68711, -1.24029 ], [ 37.68726, -1.24031 ], [ 37.68751, -1.24037 ], [ 37.6876, -1.24047 ], [ 37.68803, -1.24133 ], [ 37.6887, -1.24157 ], [ 37.68913, -1.24184 ], [ 37.68937, -1.242 ], [ 37.68951, -1.24228 ], [ 37.6898, -1.24292 ], [ 37.68983, -1.243 ], [ 37.68998, -1.24346 ], [ 37.68989, -1.24395 ], [ 37.6898, -1.24444 ], [ 37.69023, -1.24487 ], [ 37.69031, -1.24489 ], [ 37.69014, -1.24512 ], [ 37.68994, -1.24545 ], [ 37.68973, -1.24577 ], [ 37.68955, -1.24613 ], [ 37.68954, -1.24615 ], [ 37.68933, -1.24656 ], [ 37.68911, -1.24698 ], [ 37.68893, -1.24744 ], [ 37.68882, -1.24785 ], [ 37.6888, -1.24819 ], [ 37.68885, -1.24848 ], [ 37.68908, -1.24872 ], [ 37.68943, -1.24884 ], [ 37.68956, -1.24886 ], [ 37.68956, -1.24896 ], [ 37.68956, -1.24969 ], [ 37.69066, -1.24993 ], [ 37.69115, -1.24999 ], [ 37.69079, -1.25009 ], [ 37.69018, -1.2502 ], [ 37.68988, -1.2504 ], [ 37.68982, -1.25064 ], [ 37.68981, -1.2509 ], [ 37.68988, -1.25122 ], [ 37.69005, -1.25142 ], [ 37.69033, -1.25167 ], [ 37.69059, -1.25177 ], [ 37.69069, -1.25181 ], [ 37.69066, -1.25183 ], [ 37.6909, -1.25268 ], [ 37.69175, -1.25299 ], [ 37.69285, -1.25311 ], [ 37.6942, -1.25213 ], [ 37.69437, -1.25229 ], [ 37.69438, -1.25253 ], [ 37.69438, -1.25303 ], [ 37.69438, -1.25344 ], [ 37.69438, -1.25387 ], [ 37.69433, -1.25423 ], [ 37.69428, -1.25437 ], [ 37.69421, -1.25454 ], [ 37.69416, -1.25475 ], [ 37.69418, -1.25511 ], [ 37.69426, -1.25542 ], [ 37.6944, -1.2557 ], [ 37.69463, -1.25613 ], [ 37.69483, -1.25641 ], [ 37.69489, -1.25662 ], [ 37.69489, -1.25686 ], [ 37.69476, -1.25706 ], [ 37.69468, -1.25724 ], [ 37.69457, -1.25743 ], [ 37.69458, -1.25764 ], [ 37.69466, -1.25783 ], [ 37.69468, -1.25785 ], [ 37.69485, -1.258 ], [ 37.69503, -1.25818 ], [ 37.69526, -1.25855 ], [ 37.69532, -1.25886 ], [ 37.69535, -1.25913 ], [ 37.69535, -1.25944 ], [ 37.69524, -1.25967 ], [ 37.69507, -1.25983 ], [ 37.69507, -1.25983 ], [ 37.69476, -1.25997 ], [ 37.69455, -1.26007 ], [ 37.6945, -1.26021 ], [ 37.69468, -1.26041 ], [ 37.69487, -1.26046 ], [ 37.69528, -1.26052 ], [ 37.69556, -1.26064 ], [ 37.69582, -1.26078 ], [ 37.69594, -1.26106 ], [ 37.696, -1.26127 ], [ 37.696, -1.26128 ], [ 37.69597, -1.26135 ], [ 37.69603, -1.26137 ], [ 37.69614, -1.26164 ], [ 37.69644, -1.26202 ], [ 37.6966, -1.26235 ], [ 37.69663, -1.26252 ], [ 37.69647, -1.26272 ], [ 37.69622, -1.26272 ], [ 37.69602, -1.2626 ], [ 37.69578, -1.2626 ], [ 37.69563, -1.26276 ], [ 37.69565, -1.26298 ], [ 37.69579, -1.26319 ], [ 37.6959, -1.26331 ], [ 37.69595, -1.26335 ], [ 37.69616, -1.26352 ], [ 37.69632, -1.26373 ], [ 37.69645, -1.26397 ], [ 37.69663, -1.26409 ], [ 37.69692, -1.26419 ], [ 37.69706, -1.2642 ], [ 37.69706, -1.26434 ], [ 37.69761, -1.26476 ], [ 37.69763, -1.26486 ], [ 37.69763, -1.26516 ], [ 37.69757, -1.2654 ], [ 37.69753, -1.26557 ], [ 37.69756, -1.26592 ], [ 37.69769, -1.26643 ], [ 37.69781, -1.2668 ], [ 37.69805, -1.26723 ], [ 37.69822, -1.26761 ], [ 37.69848, -1.26798 ], [ 37.6986, -1.26823 ], [ 37.69864, -1.26844 ], [ 37.69851, -1.26866 ], [ 37.69834, -1.26874 ], [ 37.69829, -1.26876 ], [ 37.69808, -1.26884 ], [ 37.69779, -1.26896 ], [ 37.6976, -1.26915 ], [ 37.69746, -1.26944 ], [ 37.69734, -1.2698 ], [ 37.69731, -1.27009 ], [ 37.69731, -1.27029 ], [ 37.69736, -1.2706 ], [ 37.69751, -1.27085 ], [ 37.6979, -1.27119 ], [ 37.69817, -1.2713 ], [ 37.69844, -1.2715 ], [ 37.69883, -1.27178 ], [ 37.69909, -1.27204 ], [ 37.69928, -1.27235 ], [ 37.69935, -1.27269 ], [ 37.69935, -1.27313 ], [ 37.69935, -1.27338 ], [ 37.69942, -1.27361 ], [ 37.69957, -1.2737 ], [ 37.69971, -1.2737 ], [ 37.70003, -1.27368 ], [ 37.70005, -1.27368 ], [ 37.70036, -1.27435 ], [ 37.70121, -1.27502 ], [ 37.70231, -1.27459 ], [ 37.70328, -1.27448 ], [ 37.70335, -1.27452 ], [ 37.70347, -1.27469 ], [ 37.70355, -1.27494 ], [ 37.7035, -1.27513 ], [ 37.70325, -1.27533 ], [ 37.70316, -1.27552 ], [ 37.70311, -1.27581 ], [ 37.70312, -1.27606 ], [ 37.70323, -1.27631 ], [ 37.70328, -1.2765 ], [ 37.70324, -1.2767 ], [ 37.70324, -1.27694 ], [ 37.70325, -1.27716 ], [ 37.70335, -1.27745 ], [ 37.70346, -1.27774 ], [ 37.70348, -1.27781 ], [ 37.70354, -1.27797 ], [ 37.70366, -1.27813 ], [ 37.70384, -1.27829 ], [ 37.70405, -1.27839 ], [ 37.70416, -1.2784 ], [ 37.70432, -1.27843 ], [ 37.70444, -1.27845 ], [ 37.70459, -1.27853 ], [ 37.70474, -1.27866 ], [ 37.70487, -1.27889 ], [ 37.70505, -1.27914 ], [ 37.70509, -1.27925 ], [ 37.70515, -1.27939 ], [ 37.70516, -1.27948 ], [ 37.70517, -1.27957 ], [ 37.70517, -1.27962 ], [ 37.70519, -1.2799 ], [ 37.70528, -1.2804 ], [ 37.70533, -1.28061 ], [ 37.70536, -1.28072 ], [ 37.70544, -1.28101 ], [ 37.70553, -1.28129 ], [ 37.70572, -1.28146 ], [ 37.70588, -1.28158 ], [ 37.70613, -1.28172 ], [ 37.70643, -1.28176 ], [ 37.7066, -1.28172 ], [ 37.70668, -1.28168 ], [ 37.70671, -1.28185 ], [ 37.70714, -1.28258 ], [ 37.70747, -1.2827 ], [ 37.70747, -1.28276 ], [ 37.70745, -1.28298 ], [ 37.70745, -1.28317 ], [ 37.70751, -1.28337 ], [ 37.70766, -1.2836 ], [ 37.70788, -1.28395 ], [ 37.70807, -1.28424 ], [ 37.7082, -1.28453 ], [ 37.70832, -1.28481 ], [ 37.70839, -1.28508 ], [ 37.70841, -1.28533 ], [ 37.70841, -1.28563 ], [ 37.70835, -1.28606 ], [ 37.70829, -1.28623 ], [ 37.70818, -1.2865 ], [ 37.70804, -1.28694 ], [ 37.70804, -1.28732 ], [ 37.70805, -1.28765 ], [ 37.70808, -1.28786 ], [ 37.70841, -1.28816 ], [ 37.70869, -1.28838 ], [ 37.70876, -1.28847 ], [ 37.70895, -1.2887 ], [ 37.70912, -1.28908 ], [ 37.70924, -1.28936 ], [ 37.70932, -1.28967 ], [ 37.70941, -1.2901 ], [ 37.70943, -1.29037 ], [ 37.70943, -1.29065 ], [ 37.70943, -1.29093 ], [ 37.70937, -1.29111 ], [ 37.70931, -1.29127 ], [ 37.70929, -1.2915 ], [ 37.7093, -1.2917 ], [ 37.70936, -1.29189 ], [ 37.70948, -1.29199 ], [ 37.70962, -1.29208 ], [ 37.7098, -1.29208 ], [ 37.70996, -1.29206 ], [ 37.71019, -1.29196 ], [ 37.71043, -1.29178 ], [ 37.71069, -1.29171 ], [ 37.7109, -1.2917 ], [ 37.71111, -1.29168 ], [ 37.71139, -1.29167 ], [ 37.71165, -1.29169 ], [ 37.71183, -1.29178 ], [ 37.71206, -1.29194 ], [ 37.71243, -1.2922 ], [ 37.71269, -1.29234 ], [ 37.71299, -1.29249 ], [ 37.71321, -1.29252 ], [ 37.7134, -1.29252 ], [ 37.71358, -1.29259 ], [ 37.71375, -1.29276 ], [ 37.71391, -1.29286 ], [ 37.71409, -1.29289 ], [ 37.71431, -1.29297 ], [ 37.71456, -1.29306 ], [ 37.71465, -1.29316 ], [ 37.71468, -1.29333 ], [ 37.71468, -1.29352 ], [ 37.71467, -1.29368 ], [ 37.71531, -1.29394 ], [ 37.71589, -1.29431 ], [ 37.71617, -1.29449 ], [ 37.71574, -1.29491 ], [ 37.71574, -1.29601 ], [ 37.7155, -1.2968 ], [ 37.71564, -1.29718 ], [ 37.71617, -1.29857 ], [ 37.7166, -1.29986 ], [ 37.71641, -1.30041 ], [ 37.7155, -1.30053 ], [ 37.7155, -1.30089 ], [ 37.7155, -1.30163 ], [ 37.71568, -1.30203 ], [ 37.71599, -1.30272 ], [ 37.71708, -1.30303 ], [ 37.718, -1.30303 ], [ 37.71795, -1.30313 ], [ 37.71789, -1.30341 ], [ 37.71789, -1.30373 ], [ 37.71788, -1.30403 ], [ 37.71785, -1.30432 ], [ 37.7178, -1.30464 ], [ 37.7178, -1.30491 ], [ 37.71783, -1.30523 ], [ 37.71791, -1.30545 ], [ 37.718, -1.30573 ], [ 37.71814, -1.30597 ], [ 37.71826, -1.3061 ], [ 37.71839, -1.30618 ], [ 37.71852, -1.30627 ], [ 37.7186, -1.30646 ], [ 37.71863, -1.30671 ], [ 37.71865, -1.30693 ], [ 37.71874, -1.30714 ], [ 37.71896, -1.30721 ], [ 37.71926, -1.30736 ], [ 37.71959, -1.30744 ], [ 37.71986, -1.30754 ], [ 37.72007, -1.30776 ], [ 37.72016, -1.30805 ], [ 37.72023, -1.30842 ], [ 37.72036, -1.30889 ], [ 37.72049, -1.30917 ], [ 37.72055, -1.30943 ], [ 37.7206, -1.30966 ], [ 37.72066, -1.30988 ], [ 37.7208, -1.31003 ], [ 37.72101, -1.31021 ], [ 37.72121, -1.31043 ], [ 37.72135, -1.3106 ], [ 37.72137, -1.31063 ], [ 37.72142, -1.31081 ], [ 37.72142, -1.3111 ], [ 37.72137, -1.31137 ], [ 37.72135, -1.31152 ], [ 37.72136, -1.31171 ], [ 37.72139, -1.31196 ], [ 37.72149, -1.31221 ], [ 37.72168, -1.3126 ], [ 37.72186, -1.31294 ], [ 37.72193, -1.31317 ], [ 37.72203, -1.31363 ], [ 37.7222, -1.314 ], [ 37.72231, -1.31436 ], [ 37.72252, -1.31479 ], [ 37.72271, -1.3151 ], [ 37.7229, -1.31521 ], [ 37.72309, -1.31522 ], [ 37.72325, -1.31523 ], [ 37.72347, -1.31528 ], [ 37.72363, -1.31532 ], [ 37.72366, -1.31532 ], [ 37.72368, -1.31536 ], [ 37.72453, -1.31603 ], [ 37.72562, -1.31657 ], [ 37.72587, -1.3167 ], [ 37.72673, -1.31682 ], [ 37.72716, -1.31749 ], [ 37.7263, -1.31865 ], [ 37.72606, -1.31957 ], [ 37.72606, -1.3203 ], [ 37.72606, -1.32068 ], [ 37.72606, -1.32085 ], [ 37.72655, -1.32152 ], [ 37.7274, -1.32219 ], [ 37.72783, -1.32329 ], [ 37.72764, -1.32384 ], [ 37.72673, -1.32439 ], [ 37.7263, -1.32482 ], [ 37.72606, -1.32549 ], [ 37.72606, -1.32551 ], [ 37.72624, -1.32554 ], [ 37.72654, -1.32572 ], [ 37.72674, -1.3259 ], [ 37.72701, -1.3263 ], [ 37.72708, -1.32641 ], [ 37.7274, -1.32646 ], [ 37.72807, -1.32671 ], [ 37.7285, -1.32756 ], [ 37.72893, -1.32836 ], [ 37.72904, -1.32859 ], [ 37.7296, -1.32976 ], [ 37.73027, -1.33135 ], [ 37.7307, -1.33275 ], [ 37.73112, -1.33397 ], [ 37.73179, -1.33464 ], [ 37.73204, -1.33562 ], [ 37.73204, -1.33602 ], [ 37.73204, -1.33644 ], [ 37.73204, -1.3366 ], [ 37.73216, -1.33666 ], [ 37.73223, -1.33682 ], [ 37.73247, -1.33724 ], [ 37.7328, -1.33771 ], [ 37.73306, -1.33819 ], [ 37.73323, -1.33847 ], [ 37.7333, -1.33869 ], [ 37.73335, -1.33901 ], [ 37.73334, -1.33932 ], [ 37.73322, -1.33962 ], [ 37.73302, -1.33996 ], [ 37.73302, -1.33997 ], [ 37.73277, -1.34031 ], [ 37.73258, -1.34064 ], [ 37.73251, -1.34091 ], [ 37.73248, -1.34105 ], [ 37.73255, -1.34128 ], [ 37.73265, -1.34146 ], [ 37.73283, -1.34171 ], [ 37.73301, -1.34189 ], [ 37.73305, -1.34211 ], [ 37.73305, -1.3424 ], [ 37.73302, -1.34268 ], [ 37.73307, -1.34298 ], [ 37.73315, -1.34319 ], [ 37.73319, -1.3435 ], [ 37.73332, -1.34383 ], [ 37.73354, -1.34414 ], [ 37.73379, -1.34438 ], [ 37.73411, -1.34457 ], [ 37.73448, -1.34464 ], [ 37.73471, -1.34464 ], [ 37.73491, -1.34508 ], [ 37.73576, -1.34563 ], [ 37.73643, -1.34538 ], [ 37.7371, -1.34453 ], [ 37.73718, -1.34453 ], [ 37.73722, -1.34453 ], [ 37.73732, -1.34453 ], [ 37.73742, -1.34453 ], [ 37.73753, -1.34453 ], [ 37.7382, -1.34508 ], [ 37.73858, -1.34546 ], [ 37.73845, -1.34574 ], [ 37.73843, -1.34597 ], [ 37.73846, -1.34623 ], [ 37.7386, -1.34644 ], [ 37.7386, -1.34644 ], [ 37.73893, -1.34677 ], [ 37.73937, -1.34712 ], [ 37.73995, -1.34761 ], [ 37.74013, -1.3478 ], [ 37.74027, -1.34801 ], [ 37.74031, -1.34827 ], [ 37.74032, -1.34849 ], [ 37.74032, -1.34882 ], [ 37.74035, -1.34924 ], [ 37.74035, -1.3495 ], [ 37.74037, -1.34973 ], [ 37.74044, -1.35007 ], [ 37.74057, -1.3503 ], [ 37.74072, -1.35049 ], [ 37.74094, -1.35062 ], [ 37.74123, -1.35075 ], [ 37.74142, -1.35079 ], [ 37.74162, -1.35083 ], [ 37.74168, -1.35085 ], [ 37.74168, -1.35088 ], [ 37.74235, -1.35143 ], [ 37.7437, -1.3521 ], [ 37.74455, -1.35277 ], [ 37.74541, -1.35296 ], [ 37.74569, -1.35335 ], [ 37.746, -1.35367 ], [ 37.74613, -1.35409 ], [ 37.74615, -1.35443 ], [ 37.7462, -1.35488 ], [ 37.7464, -1.35525 ], [ 37.74656, -1.35562 ], [ 37.74658, -1.35588 ], [ 37.74653, -1.35617 ], [ 37.74637, -1.35633 ], [ 37.74602, -1.35658 ], [ 37.74578, -1.35683 ], [ 37.74567, -1.35712 ], [ 37.74545, -1.35764 ], [ 37.74536, -1.35783 ], [ 37.74528, -1.35801 ], [ 37.74521, -1.35838 ], [ 37.7452, -1.35861 ], [ 37.74528, -1.35882 ], [ 37.74544, -1.35905 ], [ 37.74575, -1.35917 ], [ 37.746, -1.35917 ], [ 37.74633, -1.35906 ], [ 37.74669, -1.35882 ], [ 37.74679, -1.35878 ], [ 37.74675, -1.35893 ], [ 37.74657, -1.3596 ], [ 37.74699, -1.36003 ], [ 37.74834, -1.36003 ], [ 37.7489, -1.35981 ], [ 37.74891, -1.35989 ], [ 37.74893, -1.36005 ], [ 37.74898, -1.36018 ], [ 37.7492, -1.36038 ], [ 37.74926, -1.36037 ], [ 37.74952, -1.36031 ], [ 37.7499, -1.36022 ], [ 37.75053, -1.36113 ], [ 37.75114, -1.36125 ], [ 37.75206, -1.36058 ], [ 37.75291, -1.35973 ], [ 37.75288, -1.3596 ], [ 37.75297, -1.35959 ], [ 37.75326, -1.35947 ], [ 37.75344, -1.35934 ], [ 37.75352, -1.35907 ], [ 37.75352, -1.35886 ], [ 37.75352, -1.35886 ], [ 37.75346, -1.35853 ], [ 37.75344, -1.35828 ], [ 37.75344, -1.35808 ], [ 37.75347, -1.3579 ], [ 37.75359, -1.3578 ], [ 37.75383, -1.35771 ], [ 37.75468, -1.35783 ], [ 37.75481, -1.35819 ], [ 37.75511, -1.35905 ], [ 37.75511, -1.35991 ], [ 37.75554, -1.36034 ], [ 37.75621, -1.36003 ], [ 37.7568, -1.35976 ], [ 37.75695, -1.35974 ], [ 37.75724, -1.35964 ], [ 37.75727, -1.35962 ], [ 37.75756, -1.35952 ], [ 37.75841, -1.35936 ], [ 37.75852, -1.35921 ], [ 37.75853, -1.35921 ], [ 37.7589, -1.35914 ], [ 37.75917, -1.35901 ], [ 37.75923, -1.35893 ], [ 37.75938, -1.35874 ], [ 37.75955, -1.35844 ], [ 37.75969, -1.35814 ], [ 37.75982, -1.35796 ], [ 37.76018, -1.35783 ], [ 37.7617, -1.35783 ], [ 37.76262, -1.35814 ], [ 37.76439, -1.35838 ], [ 37.76483, -1.35789 ], [ 37.76497, -1.35785 ], [ 37.76507, -1.35782 ], [ 37.76522, -1.35777 ], [ 37.76559, -1.35748 ], [ 37.76575, -1.35737 ], [ 37.7661, -1.35771 ], [ 37.76567, -1.35863 ], [ 37.76558, -1.3592 ], [ 37.76623, -1.35885 ], [ 37.76622, -1.35892 ], [ 37.76621, -1.35924 ], [ 37.76618, -1.35956 ], [ 37.76625, -1.35986 ], [ 37.76639, -1.36007 ], [ 37.76655, -1.36017 ], [ 37.76655, -1.36017 ], [ 37.76658, -1.36015 ], [ 37.76701, -1.35997 ], [ 37.76761, -1.35972 ], [ 37.76787, -1.35947 ], [ 37.76816, -1.35933 ], [ 37.76842, -1.35933 ], [ 37.76868, -1.35947 ], [ 37.76931, -1.35993 ], [ 37.77006, -1.36052 ], [ 37.77068, -1.36103 ], [ 37.77126, -1.36157 ], [ 37.77176, -1.36193 ], [ 37.77209, -1.36217 ], [ 37.77275, -1.36257 ], [ 37.77331, -1.36288 ], [ 37.7738, -1.36307 ], [ 37.77429, -1.36324 ], [ 37.77474, -1.36333 ], [ 37.77508, -1.36333 ], [ 37.77547, -1.36324 ], [ 37.77567, -1.36313 ], [ 37.77577, -1.36305 ], [ 37.7758, -1.36302 ], [ 37.77587, -1.36302 ], [ 37.77601, -1.36294 ], [ 37.77642, -1.36281 ], [ 37.77671, -1.36276 ], [ 37.77687, -1.36278 ], [ 37.77699, -1.36286 ], [ 37.77702, -1.36307 ], [ 37.77702, -1.36341 ], [ 37.77702, -1.36385 ], [ 37.77707, -1.36436 ], [ 37.7772, -1.3648 ], [ 37.7775, -1.36524 ], [ 37.77777, -1.36566 ], [ 37.77799, -1.36598 ], [ 37.77819, -1.36636 ], [ 37.77825, -1.36646 ], [ 37.77839, -1.3667 ], [ 37.77854, -1.367 ], [ 37.7787, -1.36749 ], [ 37.77885, -1.36806 ], [ 37.77907, -1.36878 ], [ 37.77927, -1.36933 ], [ 37.77953, -1.36992 ], [ 37.77977, -1.37029 ], [ 37.77998, -1.37071 ], [ 37.78038, -1.37134 ], [ 37.78091, -1.372 ], [ 37.78128, -1.37253 ], [ 37.78158, -1.37312 ], [ 37.78184, -1.37367 ], [ 37.78198, -1.37416 ], [ 37.78217, -1.37447 ], [ 37.78238, -1.37474 ], [ 37.78263, -1.37496 ], [ 37.78281, -1.37507 ], [ 37.78307, -1.37501 ], [ 37.78318, -1.37495 ], [ 37.78331, -1.37486 ], [ 37.78374, -1.37413 ], [ 37.78397, -1.37394 ], [ 37.78441, -1.37358 ], [ 37.78443, -1.37366 ], [ 37.78459, -1.37351 ], [ 37.7848, -1.37347 ], [ 37.785, -1.37353 ], [ 37.78511, -1.37365 ], [ 37.78513, -1.37378 ], [ 37.78508, -1.37406 ], [ 37.78477, -1.3746 ], [ 37.78469, -1.37485 ], [ 37.78469, -1.37487 ], [ 37.78469, -1.3751 ], [ 37.78471, -1.37534 ], [ 37.78484, -1.37552 ], [ 37.78498, -1.37561 ], [ 37.78525, -1.37573 ], [ 37.78549, -1.3758 ], [ 37.78571, -1.3758 ], [ 37.78589, -1.37584 ], [ 37.786, -1.37598 ], [ 37.78608, -1.37618 ], [ 37.78608, -1.37646 ], [ 37.78605, -1.37705 ], [ 37.78602, -1.37763 ], [ 37.78602, -1.37788 ], [ 37.78605, -1.37803 ], [ 37.78611, -1.37818 ], [ 37.78629, -1.37823 ], [ 37.78651, -1.37821 ], [ 37.7868, -1.37813 ], [ 37.78737, -1.37798 ], [ 37.78791, -1.37785 ], [ 37.78835, -1.37782 ], [ 37.7884, -1.37782 ], [ 37.78879, -1.37776 ], [ 37.78924, -1.37768 ], [ 37.78965, -1.37768 ], [ 37.79017, -1.37774 ], [ 37.79041, -1.37781 ], [ 37.79082, -1.37806 ], [ 37.791, -1.37825 ], [ 37.79115, -1.37842 ], [ 37.79127, -1.37861 ], [ 37.79129, -1.37883 ], [ 37.79124, -1.37904 ], [ 37.79123, -1.3791 ], [ 37.79107, -1.37922 ], [ 37.79087, -1.37932 ], [ 37.79076, -1.37935 ], [ 37.79076, -1.37962 ], [ 37.79062, -1.37964 ], [ 37.79023, -1.37971 ], [ 37.79022, -1.3798 ], [ 37.79025, -1.38008 ], [ 37.79039, -1.3803 ], [ 37.79072, -1.38071 ], [ 37.79107, -1.3812 ], [ 37.79129, -1.38153 ], [ 37.79143, -1.38177 ], [ 37.79149, -1.38209 ], [ 37.79157, -1.38238 ], [ 37.79167, -1.38288 ], [ 37.79175, -1.3833 ], [ 37.79182, -1.38354 ], [ 37.79192, -1.38384 ], [ 37.792, -1.38413 ], [ 37.79213, -1.38442 ], [ 37.79231, -1.38463 ], [ 37.79252, -1.38477 ], [ 37.79272, -1.3848 ], [ 37.79296, -1.3848 ], [ 37.79316, -1.38475 ], [ 37.79342, -1.38464 ], [ 37.79362, -1.38458 ], [ 37.79382, -1.38459 ], [ 37.794, -1.38468 ], [ 37.79416, -1.38488 ], [ 37.79426, -1.3851 ], [ 37.79438, -1.38552 ], [ 37.79455, -1.38604 ], [ 37.79477, -1.38652 ], [ 37.79503, -1.38694 ], [ 37.79535, -1.38739 ], [ 37.79564, -1.38781 ], [ 37.79609, -1.38839 ], [ 37.79636, -1.38873 ], [ 37.79655, -1.38901 ], [ 37.79684, -1.38928 ], [ 37.7972, -1.38949 ], [ 37.79746, -1.38963 ], [ 37.79776, -1.38975 ], [ 37.79803, -1.38999 ], [ 37.79807, -1.3903 ], [ 37.79803, -1.3906 ], [ 37.79798, -1.39083 ], [ 37.798, -1.39139 ], [ 37.79807, -1.39175 ], [ 37.79831, -1.3922 ], [ 37.79864, -1.39284 ], [ 37.79898, -1.39336 ], [ 37.79919, -1.3937 ], [ 37.79947, -1.39406 ], [ 37.79977, -1.39429 ], [ 37.8, -1.39451 ], [ 37.80012, -1.3948 ], [ 37.80009, -1.3951 ], [ 37.79989, -1.39531 ], [ 37.79953, -1.39563 ], [ 37.79945, -1.39571 ], [ 37.79936, -1.39598 ], [ 37.79928, -1.39606 ], [ 37.79912, -1.39622 ], [ 37.7991, -1.39627 ], [ 37.79898, -1.39675 ], [ 37.79898, -1.39731 ], [ 37.79905, -1.39774 ], [ 37.7992, -1.39824 ], [ 37.79944, -1.3986 ], [ 37.79974, -1.39889 ], [ 37.80012, -1.39892 ], [ 37.80043, -1.39878 ], [ 37.80052, -1.39871 ], [ 37.80064, -1.39799 ], [ 37.8007, -1.39792 ], [ 37.80108, -1.3975 ], [ 37.80119, -1.39728 ], [ 37.80147, -1.39693 ], [ 37.80195, -1.39659 ], [ 37.80242, -1.39645 ], [ 37.80293, -1.39642 ], [ 37.80326, -1.39642 ], [ 37.8036, -1.39631 ], [ 37.80398, -1.39618 ], [ 37.80464, -1.39603 ], [ 37.80496, -1.39603 ], [ 37.80526, -1.39606 ], [ 37.80544, -1.39621 ], [ 37.80547, -1.3965 ], [ 37.80546, -1.3967 ], [ 37.80545, -1.3968 ], [ 37.8053, -1.39714 ], [ 37.80528, -1.3972 ], [ 37.80528, -1.3972 ], [ 37.80515, -1.39749 ], [ 37.80506, -1.39776 ], [ 37.80508, -1.39808 ], [ 37.80523, -1.39859 ], [ 37.80532, -1.39902 ], [ 37.80545, -1.39961 ], [ 37.80564, -1.40069 ], [ 37.8058, -1.40125 ], [ 37.80604, -1.40167 ], [ 37.80628, -1.40207 ], [ 37.80642, -1.40239 ], [ 37.80648, -1.40269 ], [ 37.80648, -1.40299 ], [ 37.80642, -1.40325 ], [ 37.80627, -1.40365 ], [ 37.8062, -1.40379 ], [ 37.8062, -1.40379 ], [ 37.80601, -1.40425 ], [ 37.80573, -1.40493 ], [ 37.8057, -1.40508 ], [ 37.80567, -1.40541 ], [ 37.80577, -1.4058 ], [ 37.80594, -1.40628 ], [ 37.80612, -1.40679 ], [ 37.80627, -1.40733 ], [ 37.80645, -1.40798 ], [ 37.80672, -1.40881 ], [ 37.80697, -1.40939 ], [ 37.80717, -1.4098 ], [ 37.80739, -1.41011 ], [ 37.80765, -1.41047 ], [ 37.8078, -1.41072 ], [ 37.80807, -1.41107 ], [ 37.80811, -1.41142 ], [ 37.808, -1.41177 ], [ 37.80779, -1.41212 ], [ 37.80775, -1.41218 ], [ 37.80756, -1.4125 ], [ 37.80749, -1.4128 ], [ 37.80749, -1.41301 ], [ 37.80753, -1.41321 ], [ 37.80774, -1.41352 ], [ 37.8079, -1.41375 ], [ 37.80804, -1.41406 ], [ 37.80819, -1.41455 ], [ 37.80843, -1.41529 ], [ 37.80858, -1.41598 ], [ 37.80882, -1.41687 ], [ 37.80892, -1.4176 ], [ 37.80902, -1.4181 ], [ 37.80916, -1.41849 ], [ 37.8093, -1.41891 ], [ 37.80932, -1.4193 ], [ 37.80932, -1.41962 ], [ 37.80923, -1.41982 ], [ 37.80902, -1.41997 ], [ 37.80878, -1.42013 ], [ 37.80858, -1.42039 ], [ 37.80857, -1.4204 ], [ 37.80844, -1.42061 ], [ 37.80846, -1.42084 ], [ 37.80865, -1.42112 ], [ 37.80896, -1.42147 ], [ 37.80928, -1.42173 ], [ 37.80958, -1.4219 ], [ 37.81001, -1.42205 ], [ 37.81053, -1.42224 ], [ 37.81079, -1.42233 ], [ 37.81108, -1.42264 ], [ 37.81124, -1.42294 ], [ 37.81128, -1.4233 ], [ 37.81124, -1.4238 ], [ 37.81106, -1.42461 ], [ 37.81089, -1.42528 ], [ 37.81075, -1.42586 ], [ 37.81075, -1.4264 ], [ 37.81093, -1.4269 ], [ 37.81121, -1.42724 ], [ 37.81149, -1.42752 ], [ 37.81198, -1.42783 ], [ 37.81236, -1.42808 ], [ 37.81272, -1.42834 ], [ 37.81311, -1.42865 ], [ 37.81343, -1.42901 ], [ 37.8136, -1.42924 ], [ 37.81365, -1.42948 ], [ 37.81321, -1.42955 ], [ 37.8134, -1.42985 ], [ 37.8134, -1.43073 ], [ 37.81337, -1.43077 ], [ 37.81334, -1.43081 ], [ 37.81279, -1.43119 ], [ 37.81269, -1.4314 ], [ 37.81266, -1.43142 ], [ 37.81266, -1.43144 ], [ 37.81265, -1.43147 ], [ 37.8123, -1.43217 ], [ 37.81239, -1.43268 ], [ 37.81255, -1.43351 ], [ 37.81266, -1.43373 ], [ 37.81322, -1.43485 ], [ 37.81342, -1.43525 ], [ 37.81389, -1.43613 ], [ 37.81407, -1.43705 ], [ 37.81389, -1.4379 ], [ 37.81407, -1.43876 ], [ 37.81428, -1.43978 ], [ 37.8142, -1.43992 ], [ 37.81411, -1.44007 ], [ 37.81404, -1.44021 ], [ 37.81297, -1.44108 ], [ 37.81389, -1.44187 ], [ 37.8145, -1.44187 ], [ 37.8148, -1.44182 ], [ 37.81493, -1.44182 ], [ 37.81516, -1.44182 ], [ 37.81523, -1.44183 ], [ 37.81584, -1.4426 ], [ 37.81568, -1.443 ], [ 37.81541, -1.44364 ], [ 37.81627, -1.4445 ], [ 37.81739, -1.4445 ], [ 37.81786, -1.4445 ], [ 37.81895, -1.44462 ], [ 37.81895, -1.44512 ], [ 37.81893, -1.44514 ], [ 37.81847, -1.44519 ], [ 37.81826, -1.44526 ], [ 37.81802, -1.44534 ], [ 37.81753, -1.44558 ], [ 37.81729, -1.4458 ], [ 37.81728, -1.44581 ], [ 37.81691, -1.44605 ], [ 37.81676, -1.44614 ], [ 37.81676, -1.44724 ], [ 37.81761, -1.44791 ], [ 37.81871, -1.44804 ], [ 37.81936, -1.44859 ], [ 37.81956, -1.44877 ], [ 37.81914, -1.44968 ], [ 37.81897, -1.44971 ], [ 37.81896, -1.44972 ], [ 37.81887, -1.44976 ], [ 37.81676, -1.45035 ], [ 37.81553, -1.45035 ], [ 37.81529, -1.4503 ], [ 37.81501, -1.4503 ], [ 37.81475, -1.4503 ], [ 37.81412, -1.45032 ], [ 37.81384, -1.45035 ], [ 37.81279, -1.45035 ], [ 37.80968, -1.45042 ], [ 37.80791, -1.45164 ], [ 37.80443, -1.45432 ], [ 37.80237, -1.45577 ], [ 37.8025, -1.45597 ], [ 37.8016, -1.4567 ], [ 37.80156, -1.45673 ], [ 37.80092, -1.45719 ], [ 37.79977, -1.45787 ], [ 37.79905, -1.45839 ], [ 37.79878, -1.4589 ], [ 37.79873, -1.45946 ], [ 37.79856, -1.46007 ], [ 37.79822, -1.46046 ], [ 37.7977, -1.46077 ], [ 37.79693, -1.46121 ], [ 37.79568, -1.4618 ], [ 37.79526, -1.46211 ], [ 37.79488, -1.46243 ], [ 37.79426, -1.46315 ], [ 37.79336, -1.46428 ], [ 37.79268, -1.46511 ], [ 37.79248, -1.46533 ], [ 37.79192, -1.46592 ], [ 37.79108, -1.46704 ], [ 37.79049, -1.46762 ], [ 37.79002, -1.46816 ], [ 37.78911, -1.46874 ], [ 37.7882, -1.46929 ], [ 37.78737, -1.46981 ], [ 37.78643, -1.47033 ], [ 37.78577, -1.47079 ], [ 37.78504, -1.47136 ], [ 37.78443, -1.47189 ], [ 37.78392, -1.47223 ], [ 37.78343, -1.47256 ], [ 37.7827, -1.47333 ], [ 37.78216, -1.47407 ], [ 37.78147, -1.47515 ], [ 37.78121, -1.47614 ], [ 37.78107, -1.47713 ], [ 37.78106, -1.4781 ], [ 37.78109, -1.47924 ], [ 37.78107, -1.48026 ], [ 37.78096, -1.48077 ], [ 37.78073, -1.4814 ], [ 37.78024, -1.48223 ], [ 37.77987, -1.48305 ], [ 37.77946, -1.48404 ], [ 37.7792, -1.48481 ], [ 37.77907, -1.48511 ], [ 37.77862, -1.48528 ], [ 37.77832, -1.48528 ], [ 37.77785, -1.48531 ], [ 37.77732, -1.48555 ], [ 37.77705, -1.48589 ], [ 37.7765, -1.48679 ], [ 37.77613, -1.48742 ], [ 37.77587, -1.48782 ], [ 37.7757, -1.48818 ], [ 37.77555, -1.48861 ], [ 37.7755, -1.48896 ], [ 37.77543, -1.48925 ], [ 37.77525, -1.48952 ], [ 37.77498, -1.48965 ], [ 37.77433, -1.48976 ], [ 37.7736, -1.48976 ], [ 37.77353, -1.48977 ], [ 37.77293, -1.49015 ], [ 37.77263, -1.49018 ], [ 37.77143, -1.49031 ], [ 37.77131, -1.49032 ], [ 37.77057, -1.4904 ], [ 37.76897, -1.49057 ], [ 37.76888, -1.49058 ], [ 37.76707, -1.49064 ], [ 37.76585, -1.49068 ], [ 37.76304, -1.49077 ], [ 37.7617, -1.49082 ], [ 37.75913, -1.49184 ], [ 37.75917, -1.49188 ], [ 37.75554, -1.49325 ], [ 37.75518, -1.49332 ], [ 37.75387, -1.49356 ], [ 37.75372, -1.49358 ], [ 37.75307, -1.49364 ], [ 37.75214, -1.49374 ], [ 37.75183, -1.49411 ], [ 37.7514, -1.49461 ], [ 37.74998, -1.49486 ], [ 37.74869, -1.49523 ], [ 37.74788, -1.49578 ], [ 37.74622, -1.49634 ], [ 37.74436, -1.49677 ], [ 37.74229, -1.49744 ], [ 37.74226, -1.49745 ], [ 37.74066, -1.498 ], [ 37.73991, -1.4983 ], [ 37.73942, -1.4985 ], [ 37.73782, -1.49899 ], [ 37.73572, -1.49912 ], [ 37.73417, -1.49912 ], [ 37.7331, -1.49889 ], [ 37.733, -1.49887 ], [ 37.73189, -1.49844 ], [ 37.73022, -1.49782 ], [ 37.72954, -1.49733 ], [ 37.72892, -1.49689 ], [ 37.72812, -1.49657 ], [ 37.7281, -1.49656 ], [ 37.72778, -1.49629 ], [ 37.72768, -1.49625 ], [ 37.72736, -1.49614 ], [ 37.72693, -1.49617 ], [ 37.72652, -1.49624 ], [ 37.72622, -1.49632 ], [ 37.72561, -1.49647 ], [ 37.72502, -1.49673 ], [ 37.72492, -1.49673 ], [ 37.72417, -1.49603 ], [ 37.7238, -1.4956 ], [ 37.7233, -1.49541 ], [ 37.72269, -1.49552 ], [ 37.72265, -1.4955 ], [ 37.72209, -1.49536 ], [ 37.72175, -1.49534 ], [ 37.72149, -1.49539 ], [ 37.72131, -1.49542 ], [ 37.72092, -1.49557 ], [ 37.72065, -1.49567 ], [ 37.72002, -1.49569 ], [ 37.71983, -1.49567 ], [ 37.71843, -1.49448 ], [ 37.71676, -1.49313 ], [ 37.71491, -1.49183 ], [ 37.71398, -1.49146 ], [ 37.71376, -1.49148 ], [ 37.71347, -1.49129 ], [ 37.7131, -1.49112 ], [ 37.71254, -1.49113 ], [ 37.71194, -1.49131 ], [ 37.71119, -1.49163 ], [ 37.71071, -1.4918 ], [ 37.7103, -1.4918 ], [ 37.70984, -1.49178 ], [ 37.7094, -1.49169 ], [ 37.70892, -1.49169 ], [ 37.70827, -1.49182 ], [ 37.70724, -1.49228 ], [ 37.70667, -1.4925 ], [ 37.70583, -1.49262 ], [ 37.7048, -1.49292 ], [ 37.70358, -1.49328 ], [ 37.70296, -1.49349 ], [ 37.70252, -1.49383 ], [ 37.70213, -1.49435 ], [ 37.70176, -1.49496 ], [ 37.70128, -1.49579 ], [ 37.7012, -1.49588 ], [ 37.70089, -1.49626 ], [ 37.70036, -1.49692 ], [ 37.69969, -1.49764 ], [ 37.69906, -1.49831 ], [ 37.69824, -1.49907 ], [ 37.69759, -1.49967 ], [ 37.69684, -1.50021 ], [ 37.69636, -1.50059 ], [ 37.69607, -1.50083 ], [ 37.69589, -1.50064 ], [ 37.69579, -1.50053 ], [ 37.69565, -1.50038 ], [ 37.69549, -1.50018 ], [ 37.69519, -1.49981 ], [ 37.69513, -1.49973 ], [ 37.69487, -1.49926 ], [ 37.69494, -1.49858 ], [ 37.69511, -1.49817 ], [ 37.69533, -1.49741 ], [ 37.69539, -1.49717 ], [ 37.69562, -1.49684 ], [ 37.6959, -1.49636 ], [ 37.69611, -1.49601 ], [ 37.6963, -1.49571 ], [ 37.69658, -1.49498 ], [ 37.69662, -1.49482 ], [ 37.69676, -1.49466 ], [ 37.6969, -1.49442 ], [ 37.69702, -1.49408 ], [ 37.69715, -1.49364 ], [ 37.6972, -1.49322 ], [ 37.69718, -1.49276 ], [ 37.69716, -1.49256 ], [ 37.69714, -1.49216 ], [ 37.69707, -1.4917 ], [ 37.69697, -1.49137 ], [ 37.69691, -1.49085 ], [ 37.69693, -1.49039 ], [ 37.69694, -1.49017 ], [ 37.69694, -1.48948 ], [ 37.69674, -1.48891 ], [ 37.69671, -1.48878 ], [ 37.69654, -1.48848 ], [ 37.69625, -1.48806 ], [ 37.69587, -1.48759 ], [ 37.69552, -1.48716 ], [ 37.69544, -1.48706 ], [ 37.69502, -1.48662 ], [ 37.69468, -1.48618 ], [ 37.69468, -1.48617 ], [ 37.69466, -1.48616 ], [ 37.69442, -1.48586 ], [ 37.69428, -1.48569 ], [ 37.69423, -1.48563 ], [ 37.69423, -1.48562 ], [ 37.69398, -1.48522 ], [ 37.69374, -1.48479 ], [ 37.69366, -1.48466 ], [ 37.69358, -1.48443 ], [ 37.6934, -1.48418 ], [ 37.69324, -1.4839 ], [ 37.69318, -1.48377 ], [ 37.69303, -1.48359 ], [ 37.69296, -1.48339 ], [ 37.69284, -1.48319 ], [ 37.6928, -1.4829 ], [ 37.69271, -1.48264 ], [ 37.69258, -1.48234 ], [ 37.69252, -1.48187 ], [ 37.69246, -1.48164 ], [ 37.6924, -1.48152 ], [ 37.69231, -1.48111 ], [ 37.69218, -1.48068 ], [ 37.69201, -1.48042 ], [ 37.69185, -1.48017 ], [ 37.6918, -1.4801 ], [ 37.69176, -1.48006 ], [ 37.6914, -1.47973 ], [ 37.69132, -1.47965 ], [ 37.69089, -1.47928 ], [ 37.69053, -1.47879 ], [ 37.69027, -1.47814 ], [ 37.69006, -1.47752 ], [ 37.69001, -1.47694 ], [ 37.68995, -1.47638 ], [ 37.68993, -1.47591 ], [ 37.68982, -1.47556 ], [ 37.6896, -1.47518 ], [ 37.68929, -1.47484 ], [ 37.68926, -1.47481 ], [ 37.68905, -1.47455 ], [ 37.68884, -1.47455 ], [ 37.68879, -1.47455 ], [ 37.68831, -1.47455 ], [ 37.68828, -1.47455 ], [ 37.68779, -1.47439 ], [ 37.68747, -1.47418 ], [ 37.68723, -1.47407 ], [ 37.68654, -1.47343 ], [ 37.68635, -1.47305 ], [ 37.68614, -1.47265 ], [ 37.68583, -1.47189 ], [ 37.68571, -1.47125 ], [ 37.68535, -1.4709 ], [ 37.68461, -1.47027 ], [ 37.68384, -1.46967 ], [ 37.68321, -1.46897 ], [ 37.68263, -1.46825 ], [ 37.68226, -1.4676 ], [ 37.68172, -1.46711 ], [ 37.68152, -1.46695 ], [ 37.68098, -1.46668 ], [ 37.68034, -1.46665 ], [ 37.67935, -1.46679 ], [ 37.67853, -1.46708 ], [ 37.67837, -1.46725 ], [ 37.67814, -1.46748 ], [ 37.67812, -1.46753 ], [ 37.67799, -1.46707 ], [ 37.6778, -1.46681 ], [ 37.6775, -1.46672 ], [ 37.677, -1.46677 ], [ 37.67637, -1.46676 ], [ 37.67571, -1.46673 ], [ 37.6757, -1.46673 ], [ 37.67569, -1.46673 ], [ 37.67506, -1.4668 ], [ 37.67435, -1.46665 ], [ 37.67427, -1.46663 ], [ 37.67387, -1.46651 ], [ 37.67348, -1.46631 ], [ 37.67339, -1.46616 ], [ 37.67332, -1.46603 ], [ 37.67325, -1.46592 ], [ 37.67323, -1.46589 ], [ 37.67324, -1.46585 ], [ 37.67337, -1.46529 ], [ 37.67371, -1.46468 ], [ 37.67374, -1.46463 ], [ 37.67412, -1.46404 ], [ 37.67439, -1.46346 ], [ 37.67442, -1.46299 ], [ 37.67446, -1.46257 ], [ 37.6744, -1.46191 ], [ 37.67419, -1.46127 ], [ 37.67401, -1.46071 ], [ 37.67392, -1.46055 ], [ 37.67392, -1.46054 ], [ 37.67374, -1.46 ], [ 37.67354, -1.45957 ], [ 37.67349, -1.45945 ], [ 37.67319, -1.45901 ], [ 37.67293, -1.45869 ], [ 37.67272, -1.45846 ], [ 37.67247, -1.45825 ], [ 37.67219, -1.45821 ], [ 37.67198, -1.45818 ], [ 37.6718, -1.458 ], [ 37.67126, -1.45786 ], [ 37.67063, -1.4578 ], [ 37.67001, -1.45769 ], [ 37.66956, -1.45758 ], [ 37.66923, -1.45753 ], [ 37.66877, -1.45738 ], [ 37.66834, -1.45711 ], [ 37.66815, -1.45642 ], [ 37.6681, -1.45598 ], [ 37.6681, -1.45595 ], [ 37.6681, -1.45549 ], [ 37.66799, -1.45524 ], [ 37.66773, -1.45495 ], [ 37.66748, -1.45472 ], [ 37.66745, -1.4547 ], [ 37.66717, -1.45451 ], [ 37.66689, -1.45434 ], [ 37.66675, -1.45427 ], [ 37.66668, -1.45423 ], [ 37.66665, -1.45422 ], [ 37.66661, -1.4542 ], [ 37.66626, -1.45414 ], [ 37.66602, -1.4541 ], [ 37.6659, -1.45408 ], [ 37.66551, -1.4541 ], [ 37.66532, -1.45408 ], [ 37.66523, -1.45411 ], [ 37.66388, -1.45456 ], [ 37.66299, -1.4546 ], [ 37.66286, -1.4546 ], [ 37.66198, -1.4546 ], [ 37.66106, -1.45454 ], [ 37.659, -1.45406 ], [ 37.65861, -1.45356 ], [ 37.65845, -1.45335 ], [ 37.65829, -1.45328 ], [ 37.65746, -1.45266 ], [ 37.65678, -1.45202 ], [ 37.65666, -1.45191 ], [ 37.65593, -1.45171 ], [ 37.65572, -1.45166 ], [ 37.65484, -1.45157 ], [ 37.65478, -1.45156 ], [ 37.65387, -1.45132 ], [ 37.65321, -1.45086 ], [ 37.65273, -1.45 ], [ 37.65261, -1.44929 ], [ 37.65261, -1.44818 ], [ 37.65261, -1.44814 ], [ 37.65261, -1.44805 ], [ 37.65261, -1.44791 ], [ 37.65261, -1.4471 ], [ 37.65261, -1.44604 ], [ 37.65261, -1.44484 ], [ 37.65273, -1.44376 ], [ 37.65287, -1.44285 ], [ 37.6531, -1.44202 ], [ 37.65315, -1.44114 ], [ 37.65315, -1.44068 ], [ 37.65304, -1.4402 ], [ 37.6529, -1.43961 ], [ 37.65283, -1.43946 ], [ 37.65276, -1.43929 ], [ 37.65229, -1.43868 ], [ 37.65225, -1.43864 ], [ 37.65198, -1.43835 ], [ 37.6519, -1.43827 ], [ 37.65182, -1.43818 ], [ 37.65171, -1.43806 ], [ 37.65149, -1.43791 ], [ 37.65068, -1.43736 ], [ 37.64998, -1.43666 ], [ 37.64974, -1.43633 ], [ 37.64966, -1.43622 ], [ 37.64945, -1.43557 ], [ 37.64942, -1.43484 ], [ 37.64944, -1.43435 ], [ 37.64927, -1.43387 ], [ 37.64901, -1.43321 ], [ 37.64865, -1.43236 ], [ 37.6483, -1.43154 ], [ 37.64793, -1.43071 ], [ 37.64745, -1.42997 ], [ 37.64743, -1.42994 ], [ 37.64727, -1.42969 ], [ 37.64717, -1.42954 ], [ 37.64702, -1.42938 ], [ 37.6466, -1.42836 ], [ 37.64637, -1.42752 ], [ 37.64626, -1.42656 ], [ 37.64622, -1.42472 ], [ 37.6466, -1.42322 ], [ 37.64664, -1.42223 ], [ 37.64618, -1.42123 ], [ 37.6458, -1.42027 ], [ 37.64584, -1.41905 ], [ 37.64587, -1.41797 ], [ 37.64603, -1.41682 ], [ 37.64645, -1.41632 ], [ 37.6466, -1.41613 ], [ 37.64663, -1.41601 ], [ 37.64667, -1.41586 ], [ 37.6467, -1.41573 ], [ 37.64661, -1.41565 ], [ 37.64678, -1.41518 ], [ 37.64678, -1.41488 ], [ 37.6467, -1.41429 ], [ 37.64632, -1.41373 ], [ 37.64571, -1.41314 ], [ 37.64518, -1.41273 ], [ 37.64486, -1.41227 ], [ 37.64464, -1.41176 ], [ 37.64444, -1.41114 ], [ 37.64423, -1.41031 ], [ 37.64395, -1.40944 ], [ 37.64361, -1.40873 ], [ 37.64308, -1.40804 ], [ 37.64288, -1.40783 ], [ 37.64267, -1.40761 ], [ 37.64249, -1.40741 ], [ 37.64189, -1.40723 ], [ 37.64183, -1.40721 ], [ 37.64104, -1.40682 ], [ 37.6404, -1.40651 ], [ 37.63949, -1.40592 ], [ 37.63915, -1.40546 ], [ 37.6389, -1.40492 ], [ 37.63868, -1.40426 ], [ 37.6384, -1.40375 ], [ 37.63794, -1.4033 ], [ 37.63734, -1.4029 ], [ 37.63626, -1.40222 ], [ 37.63579, -1.40196 ], [ 37.63549, -1.40184 ], [ 37.63518, -1.4017 ], [ 37.63488, -1.4016 ], [ 37.63452, -1.40142 ], [ 37.63423, -1.40124 ], [ 37.6337, -1.4011 ], [ 37.63351, -1.40109 ], [ 37.63329, -1.40107 ], [ 37.63269, -1.40106 ], [ 37.63209, -1.40106 ], [ 37.63146, -1.40108 ], [ 37.6312, -1.40094 ], [ 37.6309, -1.4009 ], [ 37.63029, -1.4004 ], [ 37.62993, -1.39984 ], [ 37.62949, -1.39916 ], [ 37.62901, -1.3985 ], [ 37.6285, -1.3978 ], [ 37.62835, -1.3976 ], [ 37.62804, -1.39717 ], [ 37.628, -1.39708 ], [ 37.62799, -1.39707 ], [ 37.62799, -1.39707 ], [ 37.62799, -1.39706 ], [ 37.62773, -1.39653 ], [ 37.62748, -1.39574 ], [ 37.62745, -1.39493 ], [ 37.62745, -1.39403 ], [ 37.62756, -1.39313 ], [ 37.62806, -1.39217 ], [ 37.62841, -1.39162 ], [ 37.62854, -1.39129 ], [ 37.62854, -1.3906 ], [ 37.6285, -1.38994 ], [ 37.62844, -1.38948 ], [ 37.62834, -1.38878 ], [ 37.62826, -1.38831 ], [ 37.62824, -1.38819 ], [ 37.62816, -1.3875 ], [ 37.62818, -1.38702 ], [ 37.62829, -1.387 ], [ 37.62814, -1.38666 ], [ 37.62813, -1.38642 ], [ 37.62803, -1.38601 ], [ 37.62802, -1.38599 ], [ 37.62768, -1.38549 ], [ 37.62737, -1.38519 ], [ 37.62728, -1.38513 ], [ 37.62721, -1.38504 ], [ 37.62711, -1.385 ], [ 37.62687, -1.38482 ], [ 37.62671, -1.38475 ], [ 37.62613, -1.38449 ], [ 37.62563, -1.38434 ], [ 37.62503, -1.38432 ], [ 37.62473, -1.38436 ], [ 37.62438, -1.38447 ], [ 37.62406, -1.38467 ], [ 37.6237, -1.38488 ], [ 37.6232, -1.38494 ], [ 37.62298, -1.38489 ], [ 37.62296, -1.38488 ], [ 37.62278, -1.38477 ], [ 37.6227, -1.38467 ], [ 37.62264, -1.38459 ], [ 37.62264, -1.38408 ], [ 37.62275, -1.38343 ], [ 37.62319, -1.38275 ], [ 37.62346, -1.38234 ], [ 37.6238, -1.38201 ], [ 37.62435, -1.38133 ], [ 37.62486, -1.38082 ], [ 37.62552, -1.38012 ], [ 37.62573, -1.37953 ], [ 37.62579, -1.379 ], [ 37.62577, -1.37845 ], [ 37.6255, -1.37832 ], [ 37.62538, -1.37826 ], [ 37.6253, -1.37819 ], [ 37.62497, -1.37804 ], [ 37.62456, -1.37794 ], [ 37.62378, -1.37775 ], [ 37.62335, -1.37762 ], [ 37.62332, -1.37761 ], [ 37.62299, -1.37751 ], [ 37.62247, -1.37736 ], [ 37.62199, -1.37724 ], [ 37.62139, -1.37717 ], [ 37.62094, -1.37706 ], [ 37.62039, -1.37693 ], [ 37.61987, -1.37671 ], [ 37.61938, -1.37645 ], [ 37.61872, -1.37584 ], [ 37.61787, -1.37542 ], [ 37.61715, -1.37499 ], [ 37.6166, -1.3747 ], [ 37.61621, -1.37412 ], [ 37.616, -1.3736 ], [ 37.61594, -1.37293 ], [ 37.61603, -1.372 ], [ 37.61639, -1.37122 ], [ 37.61646, -1.37008 ], [ 37.61635, -1.36965 ], [ 37.61616, -1.36894 ], [ 37.61606, -1.36814 ], [ 37.61603, -1.3671 ], [ 37.61591, -1.36611 ], [ 37.61598, -1.36533 ], [ 37.61616, -1.3648 ], [ 37.61618, -1.36437 ], [ 37.61608, -1.36382 ], [ 37.61587, -1.36351 ], [ 37.61579, -1.36336 ], [ 37.61564, -1.36316 ], [ 37.61549, -1.36296 ], [ 37.61505, -1.36225 ], [ 37.61434, -1.36144 ], [ 37.61373, -1.36056 ], [ 37.6135, -1.3604 ], [ 37.61292, -1.36003 ], [ 37.61216, -1.35982 ], [ 37.61214, -1.35981 ], [ 37.61192, -1.35972 ], [ 37.61167, -1.35959 ], [ 37.61141, -1.35941 ], [ 37.61133, -1.35932 ], [ 37.61116, -1.3591 ], [ 37.61101, -1.35883 ], [ 37.61087, -1.35856 ], [ 37.61072, -1.3583 ], [ 37.61059, -1.35787 ], [ 37.61049, -1.35735 ], [ 37.6104, -1.35692 ], [ 37.61038, -1.35656 ], [ 37.61033, -1.35625 ], [ 37.61029, -1.35594 ], [ 37.61025, -1.35566 ], [ 37.61022, -1.35541 ], [ 37.61021, -1.35514 ], [ 37.61014, -1.35457 ], [ 37.61006, -1.35418 ], [ 37.60991, -1.35365 ], [ 37.6098, -1.35339 ], [ 37.60965, -1.35311 ], [ 37.60946, -1.35285 ], [ 37.60927, -1.35265 ], [ 37.60922, -1.35259 ], [ 37.60908, -1.35232 ], [ 37.60875, -1.35192 ], [ 37.60875, -1.35191 ], [ 37.60874, -1.3519 ], [ 37.60849, -1.35171 ], [ 37.60822, -1.35151 ], [ 37.608, -1.35124 ], [ 37.60769, -1.35086 ], [ 37.60742, -1.3505 ], [ 37.60714, -1.3501 ], [ 37.60685, -1.34953 ], [ 37.6068, -1.34916 ], [ 37.60673, -1.34859 ], [ 37.60677, -1.34794 ], [ 37.60671, -1.34742 ], [ 37.60664, -1.347 ], [ 37.60659, -1.34654 ], [ 37.60652, -1.34606 ], [ 37.60642, -1.3457 ], [ 37.60623, -1.34524 ], [ 37.60599, -1.34484 ], [ 37.60596, -1.34479 ], [ 37.60595, -1.34477 ], [ 37.60588, -1.34468 ], [ 37.60584, -1.34462 ], [ 37.60579, -1.34456 ], [ 37.60578, -1.34455 ], [ 37.60559, -1.3443 ], [ 37.60513, -1.34391 ], [ 37.60496, -1.34374 ], [ 37.60448, -1.34326 ], [ 37.60403, -1.34282 ], [ 37.60378, -1.34241 ], [ 37.60358, -1.34215 ], [ 37.60331, -1.34188 ], [ 37.60326, -1.34179 ], [ 37.60324, -1.34177 ], [ 37.6031, -1.34167 ], [ 37.6028, -1.34142 ], [ 37.60238, -1.34111 ], [ 37.60196, -1.34088 ], [ 37.60146, -1.34054 ], [ 37.60093, -1.3402 ], [ 37.60063, -1.33995 ], [ 37.60042, -1.33972 ], [ 37.60017, -1.33946 ], [ 37.5999, -1.33911 ], [ 37.59951, -1.33861 ], [ 37.59924, -1.33833 ], [ 37.59886, -1.33767 ], [ 37.59884, -1.33764 ], [ 37.59859, -1.33718 ], [ 37.59851, -1.33703 ], [ 37.59825, -1.33635 ], [ 37.5979, -1.33548 ], [ 37.59753, -1.33459 ], [ 37.59725, -1.33393 ], [ 37.59713, -1.33376 ], [ 37.59668, -1.33366 ], [ 37.59634, -1.33365 ], [ 37.59592, -1.33365 ], [ 37.59537, -1.33364 ], [ 37.59481, -1.33361 ], [ 37.5943, -1.33356 ], [ 37.59369, -1.33354 ], [ 37.59311, -1.3335 ], [ 37.5925, -1.33347 ], [ 37.592, -1.3335 ], [ 37.59151, -1.33344 ], [ 37.59122, -1.33341 ], [ 37.59035, -1.33319 ], [ 37.58981, -1.33294 ], [ 37.58944, -1.33275 ], [ 37.589, -1.33252 ], [ 37.58867, -1.33225 ], [ 37.58796, -1.33159 ], [ 37.58742, -1.33087 ], [ 37.58716, -1.33053 ], [ 37.58695, -1.33016 ], [ 37.58687, -1.32996 ], [ 37.58687, -1.32996 ], [ 37.58644, -1.32913 ], [ 37.58619, -1.32838 ], [ 37.58587, -1.32755 ], [ 37.58565, -1.32704 ], [ 37.58527, -1.32636 ], [ 37.58491, -1.3257 ], [ 37.58452, -1.32506 ], [ 37.58421, -1.32455 ], [ 37.58417, -1.32452 ], [ 37.58375, -1.32414 ], [ 37.58361, -1.32401 ], [ 37.58354, -1.32392 ], [ 37.58314, -1.32343 ], [ 37.58278, -1.3229 ], [ 37.5826, -1.32227 ], [ 37.58255, -1.32169 ], [ 37.58236, -1.32126 ], [ 37.5821, -1.32068 ], [ 37.58138, -1.32011 ], [ 37.58073, -1.31994 ], [ 37.57997, -1.31993 ], [ 37.57907, -1.32013 ], [ 37.57854, -1.32038 ], [ 37.57796, -1.32054 ], [ 37.57726, -1.32058 ], [ 37.5767, -1.32057 ], [ 37.57626, -1.32062 ], [ 37.57551, -1.3206 ], [ 37.57512, -1.32062 ], [ 37.57505, -1.32073 ], [ 37.57497, -1.32061 ], [ 37.57436, -1.31998 ], [ 37.57369, -1.31943 ], [ 37.57319, -1.31893 ], [ 37.57304, -1.31875 ], [ 37.57271, -1.31836 ], [ 37.57224, -1.31823 ], [ 37.57169, -1.31837 ], [ 37.57066, -1.31892 ], [ 37.56993, -1.31907 ], [ 37.56905, -1.31912 ], [ 37.56787, -1.31922 ], [ 37.56689, -1.31915 ], [ 37.56588, -1.31893 ], [ 37.5647, -1.31861 ], [ 37.56421, -1.31848 ], [ 37.56371, -1.31834 ], [ 37.56318, -1.31809 ], [ 37.56314, -1.31806 ], [ 37.56312, -1.31805 ], [ 37.56278, -1.3178 ], [ 37.56245, -1.31745 ], [ 37.5619, -1.31683 ], [ 37.56147, -1.31626 ], [ 37.56114, -1.3158 ], [ 37.56101, -1.31563 ], [ 37.56087, -1.31558 ], [ 37.56084, -1.31556 ], [ 37.56083, -1.31556 ], [ 37.56082, -1.31551 ], [ 37.56071, -1.31506 ], [ 37.5606, -1.31491 ], [ 37.55954, -1.3133 ], [ 37.55903, -1.31205 ], [ 37.5583, -1.31071 ], [ 37.55735, -1.30959 ], [ 37.55734, -1.30958 ], [ 37.55733, -1.30957 ], [ 37.55733, -1.30956 ], [ 37.55723, -1.30946 ], [ 37.55713, -1.30937 ], [ 37.55698, -1.30922 ], [ 37.5569, -1.30914 ], [ 37.55675, -1.30905 ], [ 37.55657, -1.30889 ], [ 37.55567, -1.30843 ], [ 37.55534, -1.30842 ], [ 37.55495, -1.30835 ], [ 37.5545, -1.30836 ], [ 37.55431, -1.30837 ], [ 37.55383, -1.30847 ], [ 37.5538, -1.30848 ], [ 37.55362, -1.30849 ], [ 37.55282, -1.30845 ], [ 37.55177, -1.30825 ], [ 37.55134, -1.30814 ], [ 37.55062, -1.30789 ], [ 37.55006, -1.30747 ], [ 37.54931, -1.30732 ], [ 37.54864, -1.30732 ], [ 37.54827, -1.30739 ], [ 37.54807, -1.30739 ], [ 37.54801, -1.30741 ], [ 37.54774, -1.30748 ], [ 37.54766, -1.30749 ], [ 37.5471, -1.3073 ], [ 37.54569, -1.30785 ], [ 37.5446, -1.30833 ], [ 37.54368, -1.30887 ], [ 37.54305, -1.309 ], [ 37.54243, -1.30893 ], [ 37.54149, -1.30858 ], [ 37.54071, -1.30808 ], [ 37.54034, -1.30753 ], [ 37.53996, -1.30699 ], [ 37.53965, -1.3063 ], [ 37.53929, -1.30537 ], [ 37.53898, -1.30457 ], [ 37.53875, -1.30435 ], [ 37.53795, -1.30359 ], [ 37.53742, -1.30274 ], [ 37.53698, -1.30218 ], [ 37.53673, -1.30183 ], [ 37.53654, -1.30157 ], [ 37.53607, -1.30072 ], [ 37.536, -1.30055 ], [ 37.53565, -1.29981 ], [ 37.53556, -1.29957 ], [ 37.53535, -1.29898 ], [ 37.53507, -1.29841 ], [ 37.53469, -1.29746 ], [ 37.53432, -1.29672 ], [ 37.53388, -1.29603 ], [ 37.53372, -1.29579 ], [ 37.53354, -1.29551 ], [ 37.53334, -1.2952 ], [ 37.53323, -1.29504 ], [ 37.53253, -1.29412 ], [ 37.53179, -1.29313 ], [ 37.53135, -1.29231 ], [ 37.53099, -1.29151 ], [ 37.53049, -1.29045 ], [ 37.52997, -1.28938 ], [ 37.52985, -1.28918 ], [ 37.5297, -1.28886 ], [ 37.52932, -1.28808 ], [ 37.52925, -1.28794 ], [ 37.52911, -1.28764 ], [ 37.52903, -1.28745 ], [ 37.52891, -1.2872 ], [ 37.52882, -1.28704 ], [ 37.52873, -1.28685 ], [ 37.52856, -1.28651 ], [ 37.5284, -1.2862 ], [ 37.52779, -1.28533 ], [ 37.52721, -1.28458 ], [ 37.52669, -1.28386 ], [ 37.5263, -1.2834 ], [ 37.52585, -1.2827 ], [ 37.52543, -1.28208 ], [ 37.52533, -1.28217 ], [ 37.52503, -1.28156 ], [ 37.52465, -1.28088 ], [ 37.52415, -1.28011 ], [ 37.5237, -1.27961 ], [ 37.52334, -1.27929 ], [ 37.52291, -1.2788 ], [ 37.52275, -1.27854 ], [ 37.52254, -1.27819 ], [ 37.52239, -1.27776 ], [ 37.52217, -1.27731 ], [ 37.52202, -1.27706 ], [ 37.52177, -1.27674 ], [ 37.52153, -1.27644 ], [ 37.52101, -1.27574 ], [ 37.5208, -1.27539 ], [ 37.52031, -1.27472 ], [ 37.51993, -1.27431 ], [ 37.51976, -1.27411 ], [ 37.5195, -1.27381 ], [ 37.51934, -1.27358 ], [ 37.51919, -1.27341 ], [ 37.51896, -1.2731 ], [ 37.51893, -1.27306 ], [ 37.51893, -1.27306 ], [ 37.5189, -1.27303 ], [ 37.51888, -1.27299 ], [ 37.51836, -1.27224 ], [ 37.51798, -1.27174 ], [ 37.51745, -1.27113 ], [ 37.51734, -1.27111 ], [ 37.51718, -1.2709 ], [ 37.51701, -1.27058 ], [ 37.51652, -1.26988 ], [ 37.51589, -1.26923 ], [ 37.51549, -1.26877 ], [ 37.51497, -1.26768 ], [ 37.51468, -1.26674 ], [ 37.51424, -1.26639 ], [ 37.51355, -1.26611 ], [ 37.51286, -1.26596 ], [ 37.5128, -1.26595 ], [ 37.51238, -1.26609 ], [ 37.51177, -1.26632 ], [ 37.51095, -1.26639 ], [ 37.51014, -1.26634 ], [ 37.50987, -1.26617 ], [ 37.50963, -1.26583 ], [ 37.50918, -1.26561 ], [ 37.50869, -1.26531 ], [ 37.50818, -1.26484 ], [ 37.50767, -1.26456 ], [ 37.50733, -1.26415 ], [ 37.50721, -1.26397 ], [ 37.50691, -1.26354 ], [ 37.50664, -1.26314 ], [ 37.50626, -1.26252 ], [ 37.50611, -1.26225 ], [ 37.50582, -1.26171 ], [ 37.50521, -1.26058 ], [ 37.50506, -1.26031 ], [ 37.50452, -1.25937 ], [ 37.50408, -1.25852 ], [ 37.50392, -1.25819 ], [ 37.50377, -1.25784 ], [ 37.50347, -1.25723 ], [ 37.50298, -1.25659 ], [ 37.5025, -1.25597 ], [ 37.50236, -1.25579 ], [ 37.50174, -1.25526 ], [ 37.50123, -1.25491 ], [ 37.50047, -1.25461 ], [ 37.49961, -1.25435 ], [ 37.49923, -1.25444 ], [ 37.49826, -1.25441 ], [ 37.49815, -1.25444 ], [ 37.49729, -1.25463 ], [ 37.49603, -1.2546 ], [ 37.49443, -1.25445 ], [ 37.49389, -1.25445 ], [ 37.49317, -1.25445 ], [ 37.49164, -1.25434 ], [ 37.49056, -1.25434 ], [ 37.49049, -1.25432 ], [ 37.4894, -1.25414 ], [ 37.48836, -1.25389 ], [ 37.48773, -1.25351 ], [ 37.48761, -1.25344 ], [ 37.48701, -1.25303 ], [ 37.48717, -1.25298 ], [ 37.48713, -1.25268 ], [ 37.48706, -1.25215 ], [ 37.48701, -1.2517 ], [ 37.48676, -1.25082 ], [ 37.48653, -1.25005 ], [ 37.48649, -1.2499 ], [ 37.48629, -1.2492 ], [ 37.48615, -1.24877 ], [ 37.48585, -1.24816 ], [ 37.48526, -1.24726 ], [ 37.48499, -1.24684 ], [ 37.48446, -1.24661 ], [ 37.48392, -1.24623 ], [ 37.48325, -1.24584 ], [ 37.48289, -1.24559 ], [ 37.48226, -1.24523 ], [ 37.48191, -1.24486 ], [ 37.48127, -1.24429 ], [ 37.48106, -1.24396 ], [ 37.48075, -1.24353 ], [ 37.4805, -1.24302 ], [ 37.48038, -1.24252 ], [ 37.48027, -1.24206 ], [ 37.48015, -1.24173 ], [ 37.48008, -1.24143 ], [ 37.48004, -1.24128 ], [ 37.47999, -1.24094 ], [ 37.4798, -1.24041 ], [ 37.47962, -1.23977 ], [ 37.47944, -1.23938 ], [ 37.47889, -1.23826 ], [ 37.47866, -1.23782 ], [ 37.47842, -1.23737 ], [ 37.47812, -1.23686 ], [ 37.47764, -1.23623 ], [ 37.47708, -1.23546 ], [ 37.47659, -1.23474 ], [ 37.47626, -1.23422 ], [ 37.47594, -1.23392 ], [ 37.47549, -1.23365 ], [ 37.47512, -1.23353 ], [ 37.47474, -1.23351 ], [ 37.47447, -1.23353 ], [ 37.47428, -1.23359 ], [ 37.47316, -1.23392 ], [ 37.47303, -1.23396 ], [ 37.47225, -1.23393 ], [ 37.47207, -1.23392 ], [ 37.47201, -1.23392 ], [ 37.47198, -1.23399 ], [ 37.47163, -1.23406 ], [ 37.47105, -1.23401 ], [ 37.47069, -1.2339 ], [ 37.47022, -1.23366 ], [ 37.46965, -1.23342 ], [ 37.46939, -1.23332 ], [ 37.4687, -1.23316 ], [ 37.46835, -1.2331 ], [ 37.46794, -1.23311 ], [ 37.46762, -1.23319 ], [ 37.46723, -1.23346 ], [ 37.46701, -1.23354 ], [ 37.46672, -1.23364 ], [ 37.46614, -1.23373 ], [ 37.46613, -1.23373 ], [ 37.46546, -1.23371 ], [ 37.46539, -1.23371 ], [ 37.465, -1.23373 ], [ 37.46383, -1.23358 ], [ 37.46287, -1.23338 ], [ 37.46229, -1.23305 ], [ 37.4616, -1.2324 ], [ 37.46116, -1.23176 ], [ 37.46058, -1.23095 ], [ 37.45993, -1.23006 ], [ 37.45916, -1.22878 ], [ 37.45903, -1.22856 ], [ 37.45884, -1.22821 ], [ 37.45858, -1.22773 ], [ 37.45856, -1.2277 ], [ 37.45795, -1.22653 ], [ 37.45783, -1.22631 ], [ 37.45754, -1.22576 ], [ 37.45732, -1.22534 ], [ 37.45699, -1.22481 ], [ 37.45698, -1.2248 ], [ 37.45651, -1.2243 ], [ 37.45637, -1.22423 ], [ 37.45618, -1.22414 ], [ 37.45599, -1.22414 ], [ 37.45597, -1.22414 ], [ 37.45571, -1.22423 ], [ 37.45564, -1.22425 ], [ 37.45531, -1.22453 ], [ 37.45489, -1.22491 ], [ 37.45456, -1.22533 ], [ 37.45424, -1.22572 ], [ 37.45392, -1.22612 ], [ 37.45333, -1.22656 ], [ 37.45296, -1.22692 ], [ 37.45283, -1.22721 ], [ 37.45273, -1.22741 ], [ 37.45248, -1.22764 ], [ 37.45226, -1.22791 ], [ 37.45221, -1.22799 ], [ 37.45188, -1.22838 ], [ 37.45153, -1.22848 ], [ 37.45126, -1.22851 ], [ 37.45099, -1.22851 ], [ 37.45054, -1.22828 ], [ 37.44991, -1.22784 ], [ 37.4492, -1.2272 ], [ 37.44848, -1.22627 ], [ 37.44799, -1.22551 ], [ 37.44762, -1.22487 ], [ 37.44722, -1.22413 ], [ 37.44699, -1.22362 ], [ 37.44661, -1.22334 ], [ 37.44624, -1.22297 ], [ 37.44585, -1.22251 ], [ 37.4454, -1.22194 ], [ 37.44504, -1.22149 ], [ 37.44465, -1.22096 ], [ 37.44413, -1.22022 ], [ 37.44374, -1.2197 ], [ 37.44338, -1.21927 ], [ 37.44289, -1.21865 ], [ 37.44236, -1.21804 ], [ 37.44176, -1.21739 ], [ 37.44103, -1.21646 ], [ 37.44097, -1.2164 ], [ 37.44069, -1.21611 ], [ 37.44031, -1.21573 ], [ 37.43983, -1.21531 ], [ 37.43941, -1.21497 ], [ 37.43882, -1.21431 ], [ 37.43845, -1.21366 ], [ 37.4383, -1.21327 ], [ 37.438, -1.21272 ], [ 37.43765, -1.21218 ], [ 37.4373, -1.21156 ], [ 37.43682, -1.21104 ], [ 37.43643, -1.21069 ], [ 37.4361, -1.21044 ], [ 37.43566, -1.21034 ], [ 37.43515, -1.21035 ], [ 37.43466, -1.21042 ], [ 37.43462, -1.21041 ], [ 37.434, -1.21032 ], [ 37.43399, -1.21032 ], [ 37.43354, -1.21037 ], [ 37.43299, -1.21034 ], [ 37.43261, -1.21025 ], [ 37.43213, -1.21009 ], [ 37.43175, -1.2098 ], [ 37.43138, -1.20937 ], [ 37.43107, -1.20885 ], [ 37.43104, -1.20877 ], [ 37.43097, -1.20863 ], [ 37.43094, -1.20855 ], [ 37.4309, -1.20844 ], [ 37.4308, -1.2081 ], [ 37.43075, -1.20744 ], [ 37.43075, -1.20686 ], [ 37.43088, -1.20608 ], [ 37.43096, -1.20563 ], [ 37.43105, -1.20507 ], [ 37.43107, -1.20455 ], [ 37.43111, -1.20416 ], [ 37.43128, -1.20371 ], [ 37.43149, -1.20333 ], [ 37.43181, -1.20307 ], [ 37.43212, -1.20281 ], [ 37.43226, -1.20259 ], [ 37.43234, -1.20239 ], [ 37.43235, -1.20216 ], [ 37.43237, -1.2018 ], [ 37.43237, -1.20139 ], [ 37.43233, -1.20093 ], [ 37.43229, -1.20057 ], [ 37.43214, -1.20037 ], [ 37.43211, -1.20033 ], [ 37.43197, -1.20025 ], [ 37.43167, -1.20023 ], [ 37.43154, -1.20024 ], [ 37.43126, -1.20026 ], [ 37.43084, -1.20033 ], [ 37.43065, -1.20036 ], [ 37.43062, -1.20036 ], [ 37.43001, -1.20041 ], [ 37.42973, -1.20043 ], [ 37.42965, -1.20044 ], [ 37.42957, -1.20045 ], [ 37.42953, -1.20045 ], [ 37.42949, -1.20045 ], [ 37.42916, -1.20045 ], [ 37.42889, -1.20045 ], [ 37.42865, -1.20041 ], [ 37.42841, -1.20034 ], [ 37.42813, -1.20017 ], [ 37.42798, -1.19995 ], [ 37.42787, -1.19959 ], [ 37.42783, -1.19924 ], [ 37.4279, -1.19846 ], [ 37.42798, -1.19777 ], [ 37.42798, -1.19729 ], [ 37.42788, -1.19708 ], [ 37.42781, -1.19697 ], [ 37.42774, -1.19687 ], [ 37.4277, -1.19682 ], [ 37.42727, -1.19646 ], [ 37.42682, -1.19614 ], [ 37.42676, -1.1961 ], [ 37.4267, -1.19607 ], [ 37.4263, -1.19594 ], [ 37.42604, -1.19593 ], [ 37.42586, -1.19597 ], [ 37.42564, -1.19603 ], [ 37.42526, -1.19614 ], [ 37.4252, -1.19617 ], [ 37.42485, -1.19631 ], [ 37.42479, -1.19634 ], [ 37.42475, -1.19636 ], [ 37.42472, -1.19637 ], [ 37.42469, -1.19638 ], [ 37.42458, -1.1964 ], [ 37.42438, -1.19644 ], [ 37.42426, -1.19647 ], [ 37.42419, -1.19647 ], [ 37.42413, -1.19648 ], [ 37.4237, -1.19648 ], [ 37.42333, -1.19648 ], [ 37.42309, -1.19647 ], [ 37.42291, -1.19647 ], [ 37.42238, -1.19647 ], [ 37.42207, -1.19644 ], [ 37.42161, -1.1964 ], [ 37.4214, -1.19628 ], [ 37.42101, -1.19612 ], [ 37.42069, -1.19583 ], [ 37.42048, -1.19568 ], [ 37.42004, -1.19508 ], [ 37.41985, -1.19476 ], [ 37.41974, -1.19465 ], [ 37.4197, -1.1946 ], [ 37.41966, -1.19444 ], [ 37.41958, -1.19429 ], [ 37.41953, -1.19391 ], [ 37.41954, -1.19391 ], [ 37.41962, -1.19356 ], [ 37.41971, -1.19334 ], [ 37.41973, -1.19331 ], [ 37.41987, -1.19309 ], [ 37.42006, -1.19283 ], [ 37.42047, -1.19228 ], [ 37.42082, -1.19185 ], [ 37.42116, -1.1913 ], [ 37.42134, -1.19067 ], [ 37.42141, -1.19019 ], [ 37.42136, -1.18958 ], [ 37.42126, -1.18904 ], [ 37.42123, -1.18879 ], [ 37.42108, -1.18825 ], [ 37.42092, -1.18793 ], [ 37.42067, -1.18743 ], [ 37.42016, -1.1868 ], [ 37.41976, -1.1864 ], [ 37.41975, -1.1864 ], [ 37.41941, -1.18613 ], [ 37.4193, -1.18611 ], [ 37.41929, -1.1861 ], [ 37.41877, -1.18596 ], [ 37.41816, -1.18593 ], [ 37.41753, -1.18604 ], [ 37.4166, -1.18613 ], [ 37.41659, -1.18613 ], [ 37.41596, -1.18613 ], [ 37.41534, -1.18608 ], [ 37.41481, -1.18604 ], [ 37.41455, -1.18597 ], [ 37.41416, -1.18583 ], [ 37.41326, -1.1853 ], [ 37.41315, -1.18524 ], [ 37.41256, -1.18484 ], [ 37.41235, -1.18463 ], [ 37.41222, -1.1842 ], [ 37.41217, -1.18395 ], [ 37.4122, -1.18361 ], [ 37.41226, -1.18329 ], [ 37.41232, -1.18282 ], [ 37.41245, -1.18223 ], [ 37.41257, -1.18183 ], [ 37.41255, -1.18148 ], [ 37.41241, -1.18132 ], [ 37.41237, -1.18125 ], [ 37.41213, -1.18102 ], [ 37.41177, -1.18074 ], [ 37.41167, -1.18067 ], [ 37.41121, -1.18039 ], [ 37.41083, -1.18015 ], [ 37.41076, -1.1801 ], [ 37.41033, -1.17982 ], [ 37.41003, -1.17958 ], [ 37.40996, -1.17952 ], [ 37.40976, -1.17932 ], [ 37.40926, -1.17867 ], [ 37.40905, -1.1783 ], [ 37.409, -1.17752 ], [ 37.40892, -1.17698 ], [ 37.4089, -1.17665 ], [ 37.40887, -1.17616 ], [ 37.409, -1.17549 ], [ 37.40931, -1.17496 ], [ 37.40967, -1.17452 ], [ 37.41018, -1.17383 ], [ 37.41033, -1.17349 ], [ 37.4104, -1.17337 ], [ 37.41061, -1.17278 ], [ 37.41063, -1.17274 ], [ 37.41063, -1.17237 ], [ 37.41062, -1.17233 ], [ 37.41062, -1.17232 ], [ 37.41061, -1.17226 ], [ 37.41054, -1.17188 ], [ 37.41052, -1.17179 ], [ 37.41051, -1.17175 ], [ 37.4105, -1.17171 ], [ 37.41046, -1.17166 ], [ 37.41032, -1.17139 ], [ 37.40989, -1.17103 ], [ 37.40985, -1.17102 ], [ 37.40933, -1.17078 ], [ 37.40889, -1.17063 ], [ 37.40876, -1.17057 ], [ 37.4087, -1.17058 ], [ 37.40844, -1.17056 ], [ 37.40805, -1.17056 ], [ 37.408, -1.17056 ], [ 37.40783, -1.17064 ], [ 37.40748, -1.1711 ], [ 37.40746, -1.17113 ], [ 37.40705, -1.17157 ], [ 37.40665, -1.17211 ], [ 37.40614, -1.17258 ], [ 37.40571, -1.173 ], [ 37.40562, -1.17307 ], [ 37.40549, -1.17315 ], [ 37.40533, -1.17325 ], [ 37.40515, -1.1734 ], [ 37.40504, -1.17347 ], [ 37.40458, -1.17378 ], [ 37.40381, -1.17415 ], [ 37.40312, -1.17413 ], [ 37.4026, -1.174 ], [ 37.40255, -1.17398 ], [ 37.40252, -1.17397 ], [ 37.40251, -1.17397 ], [ 37.4025, -1.17397 ], [ 37.40203, -1.17384 ], [ 37.40177, -1.17369 ], [ 37.40086, -1.17326 ], [ 37.4003, -1.17273 ], [ 37.39988, -1.17229 ], [ 37.39951, -1.17196 ], [ 37.399, -1.17172 ], [ 37.39861, -1.17159 ], [ 37.39814, -1.17159 ], [ 37.39741, -1.1718 ], [ 37.3969, -1.17231 ], [ 37.39626, -1.17301 ], [ 37.39573, -1.17342 ], [ 37.3955, -1.17354 ], [ 37.39436, -1.17369 ], [ 37.39328, -1.17316 ], [ 37.39244, -1.17266 ], [ 37.39219, -1.17258 ], [ 37.39162, -1.17181 ], [ 37.39073, -1.17096 ], [ 37.38983, -1.17008 ], [ 37.38918, -1.1695 ], [ 37.38862, -1.16915 ], [ 37.3882, -1.16881 ], [ 37.38796, -1.1681 ], [ 37.38799, -1.16758 ], [ 37.38799, -1.16692 ], [ 37.38764, -1.16569 ], [ 37.3875, -1.16519 ], [ 37.3875, -1.16513 ], [ 37.38736, -1.16461 ], [ 37.38735, -1.16458 ], [ 37.38702, -1.16412 ], [ 37.38702, -1.16411 ], [ 37.38699, -1.16407 ], [ 37.38693, -1.16405 ], [ 37.38651, -1.16371 ], [ 37.38639, -1.16366 ], [ 37.38593, -1.16349 ], [ 37.38511, -1.16335 ], [ 37.38439, -1.16321 ], [ 37.38412, -1.16313 ], [ 37.38327, -1.16277 ], [ 37.38251, -1.16244 ], [ 37.38206, -1.16188 ], [ 37.38204, -1.16186 ], [ 37.38203, -1.16184 ], [ 37.38183, -1.1613 ], [ 37.38175, -1.16101 ], [ 37.38163, -1.16048 ], [ 37.38143, -1.15999 ], [ 37.38137, -1.15985 ], [ 37.38096, -1.15942 ], [ 37.38064, -1.1593 ], [ 37.38063, -1.15928 ], [ 37.38057, -1.15927 ], [ 37.3804, -1.1592 ], [ 37.3798, -1.15894 ], [ 37.37936, -1.15869 ], [ 37.37891, -1.15836 ], [ 37.37847, -1.15795 ], [ 37.37816, -1.15748 ], [ 37.37784, -1.15688 ], [ 37.37753, -1.15628 ], [ 37.37722, -1.15575 ], [ 37.37674, -1.15517 ], [ 37.37615, -1.15466 ], [ 37.37556, -1.15401 ], [ 37.37452, -1.15302 ], [ 37.37389, -1.15237 ], [ 37.37319, -1.1517 ], [ 37.37251, -1.15104 ], [ 37.37176, -1.15 ], [ 37.37151, -1.14967 ], [ 37.37077, -1.14865 ], [ 37.36998, -1.14743 ], [ 37.36926, -1.14668 ], [ 37.36856, -1.14624 ], [ 37.36779, -1.14585 ], [ 37.36697, -1.14544 ], [ 37.36672, -1.14513 ], [ 37.36662, -1.14477 ], [ 37.36655, -1.14445 ], [ 37.36662, -1.14419 ], [ 37.36679, -1.14392 ], [ 37.36715, -1.14356 ], [ 37.36735, -1.14334 ], [ 37.36755, -1.14313 ], [ 37.36761, -1.14276 ], [ 37.36755, -1.14248 ], [ 37.36723, -1.14175 ], [ 37.36708, -1.14141 ], [ 37.36689, -1.14096 ], [ 37.36658, -1.14025 ], [ 37.36634, -1.1396 ], [ 37.36627, -1.13902 ], [ 37.36627, -1.13835 ], [ 37.36631, -1.13724 ], [ 37.36631, -1.13664 ], [ 37.36626, -1.13623 ], [ 37.36603, -1.13582 ], [ 37.36569, -1.13552 ], [ 37.36545, -1.13528 ], [ 37.3652, -1.13502 ], [ 37.36486, -1.13454 ], [ 37.3644, -1.13347 ], [ 37.36397, -1.13184 ], [ 37.36356, -1.13104 ], [ 37.36318, -1.13075 ], [ 37.36281, -1.13055 ], [ 37.36235, -1.13046 ], [ 37.36192, -1.13043 ], [ 37.36161, -1.13043 ], [ 37.36117, -1.13065 ], [ 37.36023, -1.13137 ], [ 37.35951, -1.13176 ], [ 37.35896, -1.13198 ], [ 37.35842, -1.13208 ], [ 37.35803, -1.13208 ], [ 37.35763, -1.1321 ], [ 37.35698, -1.13193 ], [ 37.35611, -1.13162 ], [ 37.35526, -1.13137 ], [ 37.35425, -1.13075 ], [ 37.35343, -1.13002 ], [ 37.35314, -1.12976 ], [ 37.35288, -1.12952 ], [ 37.35242, -1.12904 ], [ 37.35189, -1.12855 ], [ 37.35155, -1.12812 ], [ 37.35126, -1.12752 ], [ 37.35104, -1.12701 ], [ 37.35087, -1.12638 ], [ 37.35072, -1.12575 ], [ 37.35056, -1.12483 ], [ 37.35039, -1.12413 ], [ 37.35017, -1.12377 ], [ 37.3499, -1.12365 ], [ 37.34942, -1.12343 ], [ 37.3488, -1.12329 ], [ 37.34822, -1.12315 ], [ 37.34783, -1.12305 ], [ 37.34723, -1.12264 ], [ 37.34674, -1.12223 ], [ 37.34622, -1.1217 ], [ 37.34554, -1.12115 ], [ 37.34467, -1.12042 ], [ 37.34431, -1.12006 ], [ 37.34388, -1.11957 ], [ 37.3436, -1.11917 ], [ 37.34437, -1.11829 ], [ 37.34509, -1.11733 ], [ 37.34635, -1.11595 ], [ 37.34761, -1.11451 ], [ 37.34899, -1.11319 ], [ 37.35055, -1.11115 ], [ 37.35199, -1.10965 ], [ 37.35361, -1.10767 ], [ 37.35533, -1.10576 ], [ 37.35577, -1.10533 ], [ 37.35589, -1.10521 ], [ 37.35787, -1.10275 ], [ 37.36027, -1.09999 ], [ 37.36201, -1.09801 ], [ 37.36374, -1.09578 ], [ 37.36377, -1.09573 ], [ 37.36489, -1.09415 ], [ 37.36628, -1.09212 ], [ 37.3677, -1.09002 ], [ 37.36853, -1.08885 ], [ 37.37027, -1.08624 ], [ 37.37223, -1.08333 ], [ 37.37418, -1.0806 ], [ 37.3743, -1.08043 ], [ 37.37567, -1.07844 ], [ 37.37656, -1.07708 ], [ 37.3767, -1.07688 ], [ 37.37699, -1.07647 ], [ 37.38047, -1.07129 ], [ 37.38286, -1.06804 ], [ 37.38554, -1.0642 ], [ 37.3887, -1.05966 ], [ 37.38963, -1.05893 ], [ 37.39227, -1.05685 ], [ 37.39725, -1.05347 ], [ 37.39742, -1.05335 ], [ 37.39887, -1.05237 ], [ 37.40392, -1.04894 ], [ 37.40395, -1.04892 ], [ 37.40524, -1.04803 ], [ 37.40684, -1.04691 ], [ 37.4119, -1.04334 ], [ 37.41476, -1.04129 ], [ 37.41489, -1.04119 ], [ 37.41494, -1.04127 ], [ 37.4196, -1.03801 ], [ 37.42022, -1.03759 ], [ 37.42201, -1.03647 ], [ 37.42173, -1.03604 ], [ 37.42005, -1.03338 ], [ 37.42778, -1.0294 ], [ 37.42833, -1.02912 ], [ 37.43561, -1.02551 ], [ 37.43599, -1.02532 ], [ 37.44045, -1.02314 ], [ 37.44092, -1.0229 ], [ 37.44328, -1.02169 ], [ 37.44374, -1.02145 ], [ 37.44444, -1.02109 ], [ 37.44465, -1.02099 ], [ 37.45102, -1.01772 ], [ 37.45087, -1.01772 ], [ 37.4505, -1.01772 ], [ 37.45019, -1.0177 ], [ 37.45, -1.01758 ], [ 37.44986, -1.0174 ], [ 37.44978, -1.01722 ], [ 37.44977, -1.01694 ], [ 37.44979, -1.01667 ], [ 37.44987, -1.01632 ], [ 37.45008, -1.01589 ], [ 37.45045, -1.01539 ], [ 37.45097, -1.01494 ], [ 37.45168, -1.01443 ], [ 37.45239, -1.0138 ], [ 37.45312, -1.0133 ], [ 37.45373, -1.01295 ], [ 37.45409, -1.01281 ], [ 37.45466, -1.01247 ], [ 37.45523, -1.01213 ], [ 37.45549, -1.01193 ], [ 37.45569, -1.01169 ], [ 37.4557, -1.01142 ], [ 37.45554, -1.01122 ], [ 37.45531, -1.01099 ], [ 37.4548, -1.01096 ], [ 37.45443, -1.01096 ], [ 37.45409, -1.01099 ], [ 37.45374, -1.01115 ], [ 37.45334, -1.01128 ], [ 37.45246, -1.0116 ], [ 37.45164, -1.01193 ], [ 37.45098, -1.01228 ], [ 37.45051, -1.01247 ], [ 37.45018, -1.01252 ], [ 37.44976, -1.01252 ], [ 37.44933, -1.01246 ], [ 37.44908, -1.01232 ], [ 37.44881, -1.01219 ], [ 37.44857, -1.01198 ], [ 37.44824, -1.01156 ], [ 37.44805, -1.01121 ], [ 37.44787, -1.01098 ], [ 37.44776, -1.01075 ], [ 37.44762, -1.01053 ], [ 37.44759, -1.0103 ], [ 37.44758, -1.00998 ], [ 37.44761, -1.00974 ], [ 37.44777, -1.00937 ], [ 37.44801, -1.00907 ], [ 37.44834, -1.00886 ], [ 37.44864, -1.00867 ], [ 37.44914, -1.00845 ], [ 37.44961, -1.00829 ], [ 37.45049, -1.00803 ], [ 37.45107, -1.00786 ], [ 37.45166, -1.00758 ], [ 37.45216, -1.00732 ], [ 37.45259, -1.00702 ], [ 37.45291, -1.0068 ], [ 37.453, -1.00655 ], [ 37.453, -1.00634 ], [ 37.45296, -1.00619 ], [ 37.45283, -1.00598 ], [ 37.45278, -1.00581 ], [ 37.45277, -1.00561 ], [ 37.45286, -1.00548 ], [ 37.45303, -1.00543 ], [ 37.45316, -1.00528 ], [ 37.45323, -1.00515 ], [ 37.45334, -1.00498 ], [ 37.45338, -1.00468 ], [ 37.45336, -1.00447 ], [ 37.45322, -1.00423 ], [ 37.45303, -1.00405 ], [ 37.45546, -1.00344 ], [ 37.45656, -1.00317 ], [ 37.45868, -1.00263 ], [ 37.46257, -1.00166 ], [ 37.46524, -1.00098 ], [ 37.47059, -0.99973 ], [ 37.47107, -0.99962 ], [ 37.47255, -0.99315 ], [ 37.4728, -0.99203 ], [ 37.47359, -0.98859 ], [ 37.47695, -0.98896 ], [ 37.48751, -0.9901 ], [ 37.48791, -0.99009 ], [ 37.48831, -0.99009 ], [ 37.48855, -0.99013 ], [ 37.48939, -0.99022 ], [ 37.49008, -0.99029 ], [ 37.49115, -0.99038 ], [ 37.49207, -0.99045 ], [ 37.49259, -0.99053 ], [ 37.49315, -0.99062 ], [ 37.49359, -0.99067 ], [ 37.49411, -0.99071 ], [ 37.49488, -0.99078 ], [ 37.4956, -0.99087 ], [ 37.49655, -0.99099 ], [ 37.49741, -0.99107 ], [ 37.49815, -0.99109 ], [ 37.49897, -0.99112 ], [ 37.49912, -0.99112 ], [ 37.49992, -0.99113 ], [ 37.50042, -0.99106 ], [ 37.5007, -0.99106 ], [ 37.50096, -0.99107 ], [ 37.50123, -0.99112 ], [ 37.50194, -0.99135 ], [ 37.50278, -0.99174 ], [ 37.5039, -0.9921 ], [ 37.5039, -0.9921 ], [ 37.50468, -0.99229 ], [ 37.5051, -0.99237 ], [ 37.50552, -0.99245 ], [ 37.50615, -0.9925 ], [ 37.50672, -0.99251 ], [ 37.50749, -0.99252 ], [ 37.50844, -0.9926 ], [ 37.50867, -0.99263 ], [ 37.50942, -0.99275 ], [ 37.51012, -0.99286 ], [ 37.51065, -0.9929 ], [ 37.51132, -0.99298 ], [ 37.51202, -0.99305 ], [ 37.51254, -0.99311 ], [ 37.51323, -0.99325 ], [ 37.51391, -0.99337 ], [ 37.51435, -0.99343 ], [ 37.51495, -0.99347 ], [ 37.51531, -0.99347 ], [ 37.51581, -0.99346 ], [ 37.51585, -0.99346 ], [ 37.5166, -0.99343 ], [ 37.51727, -0.9935 ], [ 37.51796, -0.99363 ], [ 37.51877, -0.99375 ], [ 37.51934, -0.99383 ], [ 37.52019, -0.99403 ], [ 37.52096, -0.99422 ], [ 37.52179, -0.99438 ], [ 37.52221, -0.99444 ], [ 37.52276, -0.99454 ], [ 37.52326, -0.99459 ], [ 37.52376, -0.99462 ], [ 37.52431, -0.99465 ], [ 37.52473, -0.99465 ], [ 37.52514, -0.99464 ], [ 37.52556, -0.99462 ], [ 37.52612, -0.99458 ], [ 37.52668, -0.99447 ], [ 37.52728, -0.99443 ], [ 37.52783, -0.99445 ], [ 37.52836, -0.99454 ], [ 37.52879, -0.99469 ], [ 37.52928, -0.9949 ], [ 37.52978, -0.99505 ], [ 37.53027, -0.99523 ], [ 37.53072, -0.99538 ], [ 37.5312, -0.99549 ], [ 37.53158, -0.99549 ], [ 37.53195, -0.99549 ], [ 37.53229, -0.99547 ], [ 37.53278, -0.9954 ], [ 37.53326, -0.99518 ], [ 37.53334, -0.99513 ], [ 37.53443, -0.99509 ], [ 37.53571, -0.99512 ], [ 37.53647, -0.99495 ], [ 37.53662, -0.99501 ], [ 37.53688, -0.99513 ], [ 37.53717, -0.99519 ], [ 37.53764, -0.99518 ], [ 37.53788, -0.99519 ], [ 37.53804, -0.9952 ], [ 37.53838, -0.99528 ], [ 37.53858, -0.99538 ], [ 37.53877, -0.9954 ], [ 37.53904, -0.99541 ], [ 37.53928, -0.99549 ], [ 37.53954, -0.99557 ], [ 37.53965, -0.9956 ], [ 37.53992, -0.99572 ], [ 37.54274, -0.99606 ], [ 37.5437, -0.99618 ], [ 37.54203, -0.99882 ], [ 37.54106, -1.00036 ], [ 37.53763, -1.00581 ], [ 37.53524, -1.00961 ], [ 37.52671, -1.02325 ], [ 37.52539, -1.02536 ], [ 37.52239, -1.03016 ], [ 37.51334, -1.04459 ], [ 37.51352, -1.04496 ], [ 37.51403, -1.04592 ], [ 37.5144, -1.04665 ], [ 37.51457, -1.04698 ], [ 37.51462, -1.04706 ], [ 37.51488, -1.04758 ], [ 37.51505, -1.04793 ], [ 37.51553, -1.04873 ], [ 37.51608, -1.04991 ], [ 37.5166, -1.05084 ], [ 37.51689, -1.05145 ], [ 37.51699, -1.05164 ], [ 37.51718, -1.05198 ], [ 37.51752, -1.0526 ], [ 37.51732, -1.05311 ], [ 37.51717, -1.05349 ], [ 37.51769, -1.05543 ], [ 37.51945, -1.062 ], [ 37.51918, -1.06319 ], [ 37.51871, -1.06666 ], [ 37.5206, -1.06933 ], [ 37.52087, -1.0697 ], [ 37.51899, -1.07695 ], [ 37.51854, -1.07867 ], [ 37.51839, -1.07928 ], [ 37.51716, -1.08402 ], [ 37.51556, -1.09018 ], [ 37.51247, -1.10276 ], [ 37.51279, -1.10264 ], [ 37.51303, -1.1026 ], [ 37.51318, -1.10259 ], [ 37.51329, -1.10259 ], [ 37.51341, -1.10259 ], [ 37.51384, -1.10238 ], [ 37.51424, -1.10199 ], [ 37.51476, -1.10139 ], [ 37.51509, -1.10103 ], [ 37.51536, -1.10083 ], [ 37.51556, -1.1007 ], [ 37.51603, -1.1006 ], [ 37.51663, -1.10044 ], [ 37.51724, -1.1003 ], [ 37.51748, -1.10026 ], [ 37.51787, -1.10026 ], [ 37.51808, -1.10034 ], [ 37.51848, -1.10044 ], [ 37.51885, -1.10044 ], [ 37.51925, -1.10039 ], [ 37.51957, -1.10012 ], [ 37.51971, -1.09987 ], [ 37.51984, -1.09976 ], [ 37.52007, -1.0997 ], [ 37.52025, -1.09983 ], [ 37.52035, -1.09993 ], [ 37.52057, -1.09999 ], [ 37.52088, -1.09997 ], [ 37.52114, -1.09997 ], [ 37.52147, -1.10007 ], [ 37.52168, -1.10012 ], [ 37.52197, -1.10012 ], [ 37.52225, -1.10002 ], [ 37.5224, -1.09989 ], [ 37.5224, -1.09976 ], [ 37.52278, -1.09977 ], [ 37.52302, -1.09987 ], [ 37.52338, -1.09993 ], [ 37.52365, -1.09992 ], [ 37.52388, -1.09992 ], [ 37.52402, -1.09992 ], [ 37.52425, -1.09984 ], [ 37.52442, -1.09972 ], [ 37.52465, -1.09963 ], [ 37.52488, -1.09946 ], [ 37.52505, -1.0993 ], [ 37.52521, -1.09914 ], [ 37.52542, -1.09882 ], [ 37.52558, -1.09857 ], [ 37.52581, -1.09826 ], [ 37.52604, -1.09799 ], [ 37.52632, -1.09775 ], [ 37.52666, -1.0976 ], [ 37.52695, -1.09762 ], [ 37.52715, -1.0976 ], [ 37.52751, -1.09745 ], [ 37.52775, -1.09725 ], [ 37.52809, -1.09709 ], [ 37.52851, -1.09684 ], [ 37.52887, -1.09662 ], [ 37.5292, -1.0966 ], [ 37.52952, -1.09668 ], [ 37.53013, -1.09695 ], [ 37.53057, -1.09739 ], [ 37.53118, -1.09816 ], [ 37.5315, -1.09889 ], [ 37.53171, -1.09937 ], [ 37.53173, -1.0994 ], [ 37.53211, -1.10023 ], [ 37.53288, -1.10109 ], [ 37.53352, -1.10135 ], [ 37.53394, -1.10158 ], [ 37.53506, -1.10193 ], [ 37.53614, -1.10201 ], [ 37.53674, -1.10197 ], [ 37.53755, -1.10191 ], [ 37.53861, -1.10171 ], [ 37.5393, -1.10153 ], [ 37.53996, -1.10143 ], [ 37.5411, -1.10095 ], [ 37.54189, -1.1007 ], [ 37.54239, -1.10037 ], [ 37.54287, -1.10007 ], [ 37.54317, -1.09973 ], [ 37.54343, -1.09927 ], [ 37.5439, -1.09866 ], [ 37.54409, -1.09813 ], [ 37.54456, -1.09787 ], [ 37.54512, -1.09781 ], [ 37.54546, -1.09791 ], [ 37.54574, -1.09793 ], [ 37.54619, -1.0979 ], [ 37.54653, -1.09779 ], [ 37.54697, -1.09773 ], [ 37.54731, -1.0977 ], [ 37.5478, -1.0976 ], [ 37.54811, -1.09731 ], [ 37.54844, -1.09696 ], [ 37.54867, -1.09667 ], [ 37.54893, -1.09639 ], [ 37.54917, -1.09612 ], [ 37.54947, -1.09589 ], [ 37.54966, -1.09567 ], [ 37.54975, -1.09546 ], [ 37.54992, -1.09516 ], [ 37.55008, -1.09497 ], [ 37.55014, -1.09481 ], [ 37.55014, -1.09461 ], [ 37.55007, -1.09442 ], [ 37.55003, -1.09423 ], [ 37.55002, -1.09405 ], [ 37.55005, -1.09387 ], [ 37.55021, -1.09378 ], [ 37.5504, -1.09365 ], [ 37.55056, -1.09349 ], [ 37.55066, -1.09335 ], [ 37.55082, -1.09318 ], [ 37.55102, -1.09295 ], [ 37.55118, -1.09276 ], [ 37.55137, -1.09253 ], [ 37.55153, -1.09229 ], [ 37.55166, -1.09213 ], [ 37.55181, -1.09196 ], [ 37.55199, -1.09183 ], [ 37.55216, -1.09172 ], [ 37.55234, -1.09168 ], [ 37.5525, -1.09164 ], [ 37.55269, -1.09155 ], [ 37.55284, -1.09141 ], [ 37.55296, -1.09124 ], [ 37.55304, -1.09106 ], [ 37.55304, -1.09091 ], [ 37.55296, -1.09077 ], [ 37.5529, -1.09062 ], [ 37.5529, -1.09047 ], [ 37.55303, -1.09038 ], [ 37.55316, -1.09032 ], [ 37.55327, -1.09029 ], [ 37.55337, -1.0902 ], [ 37.55337, -1.09005 ], [ 37.55337, -1.08988 ], [ 37.55338, -1.08973 ], [ 37.55342, -1.08956 ], [ 37.5535, -1.08941 ], [ 37.55363, -1.08937 ], [ 37.55375, -1.08945 ], [ 37.55385, -1.08953 ], [ 37.55393, -1.08958 ], [ 37.55409, -1.08965 ], [ 37.55428, -1.08968 ], [ 37.55461, -1.08969 ], [ 37.55483, -1.08969 ], [ 37.5551, -1.08966 ], [ 37.55531, -1.08957 ], [ 37.5555, -1.08945 ], [ 37.55561, -1.08931 ], [ 37.5557, -1.08916 ], [ 37.55573, -1.08901 ], [ 37.55578, -1.08886 ], [ 37.55587, -1.08872 ], [ 37.55602, -1.0886 ], [ 37.55618, -1.08848 ], [ 37.55621, -1.08833 ], [ 37.55631, -1.08822 ], [ 37.55643, -1.08806 ], [ 37.55656, -1.08789 ], [ 37.55661, -1.08776 ], [ 37.5567, -1.08764 ], [ 37.55682, -1.08751 ], [ 37.55698, -1.08748 ], [ 37.55716, -1.08748 ], [ 37.55733, -1.08749 ], [ 37.55745, -1.08754 ], [ 37.55764, -1.08762 ], [ 37.55773, -1.08765 ], [ 37.55792, -1.08765 ], [ 37.55811, -1.08762 ], [ 37.55822, -1.08756 ], [ 37.55835, -1.08745 ], [ 37.55841, -1.08734 ], [ 37.55844, -1.08722 ], [ 37.55851, -1.08707 ], [ 37.55855, -1.0869 ], [ 37.55859, -1.08675 ], [ 37.55865, -1.08661 ], [ 37.55872, -1.08643 ], [ 37.55888, -1.08632 ], [ 37.55901, -1.0863 ], [ 37.55917, -1.0863 ], [ 37.5594, -1.0863 ], [ 37.55956, -1.08626 ], [ 37.55967, -1.08617 ], [ 37.55973, -1.08607 ], [ 37.55975, -1.086 ], [ 37.55976, -1.08581 ], [ 37.55976, -1.08564 ], [ 37.55976, -1.08547 ], [ 37.55977, -1.08534 ], [ 37.55995, -1.08501 ], [ 37.56007, -1.08488 ], [ 37.56024, -1.08474 ], [ 37.5604, -1.08468 ], [ 37.56063, -1.08464 ], [ 37.56091, -1.08464 ], [ 37.56106, -1.08464 ], [ 37.56139, -1.08469 ], [ 37.5615, -1.08469 ], [ 37.56168, -1.08466 ], [ 37.56184, -1.08455 ], [ 37.56198, -1.08438 ], [ 37.56206, -1.08428 ], [ 37.56206, -1.08423 ], [ 37.56206, -1.08411 ], [ 37.56206, -1.08394 ], [ 37.56206, -1.08381 ], [ 37.56205, -1.08361 ], [ 37.56198, -1.08342 ], [ 37.56198, -1.08321 ], [ 37.56197, -1.08305 ], [ 37.56192, -1.08291 ], [ 37.56185, -1.08276 ], [ 37.56189, -1.08264 ], [ 37.5621, -1.08256 ], [ 37.56226, -1.08255 ], [ 37.56238, -1.08251 ], [ 37.56242, -1.08241 ], [ 37.56242, -1.08231 ], [ 37.56232, -1.08216 ], [ 37.56221, -1.08198 ], [ 37.56219, -1.08188 ], [ 37.56219, -1.08174 ], [ 37.56228, -1.08165 ], [ 37.56243, -1.08157 ], [ 37.56261, -1.08153 ], [ 37.5628, -1.08147 ], [ 37.56296, -1.08136 ], [ 37.56303, -1.08123 ], [ 37.56305, -1.08105 ], [ 37.563, -1.0809 ], [ 37.56299, -1.08075 ], [ 37.563, -1.0806 ], [ 37.56303, -1.08047 ], [ 37.56307, -1.08035 ], [ 37.56307, -1.0802 ], [ 37.56308, -1.07997 ], [ 37.56307, -1.07976 ], [ 37.5631, -1.07959 ], [ 37.56321, -1.07942 ], [ 37.56335, -1.07929 ], [ 37.56349, -1.07914 ], [ 37.56363, -1.07904 ], [ 37.5638, -1.07902 ], [ 37.56399, -1.07904 ], [ 37.56412, -1.07908 ], [ 37.56425, -1.07908 ], [ 37.56434, -1.07908 ], [ 37.56445, -1.07903 ], [ 37.56449, -1.07895 ], [ 37.56447, -1.07884 ], [ 37.56439, -1.07871 ], [ 37.56423, -1.07861 ], [ 37.56419, -1.07855 ], [ 37.56415, -1.07847 ], [ 37.56415, -1.07837 ], [ 37.56423, -1.0782 ], [ 37.56428, -1.07811 ], [ 37.56436, -1.07799 ], [ 37.56446, -1.07785 ], [ 37.56451, -1.07766 ], [ 37.56452, -1.07744 ], [ 37.56452, -1.07724 ], [ 37.56458, -1.07708 ], [ 37.56477, -1.07699 ], [ 37.56491, -1.07687 ], [ 37.56499, -1.07678 ], [ 37.56503, -1.07663 ], [ 37.56503, -1.07644 ], [ 37.565, -1.0763 ], [ 37.56497, -1.07604 ], [ 37.56491, -1.07568 ], [ 37.56491, -1.07551 ], [ 37.56502, -1.07531 ], [ 37.56517, -1.07515 ], [ 37.56531, -1.07502 ], [ 37.56543, -1.07492 ], [ 37.56558, -1.07483 ], [ 37.56569, -1.07471 ], [ 37.56576, -1.07454 ], [ 37.56576, -1.07438 ], [ 37.56575, -1.07423 ], [ 37.56575, -1.07402 ], [ 37.56575, -1.07386 ], [ 37.56579, -1.07369 ], [ 37.56596, -1.07359 ], [ 37.56611, -1.07355 ], [ 37.56629, -1.07349 ], [ 37.56638, -1.07341 ], [ 37.56642, -1.07329 ], [ 37.56647, -1.07314 ], [ 37.56655, -1.07302 ], [ 37.56665, -1.0729 ], [ 37.56675, -1.07282 ], [ 37.56681, -1.07269 ], [ 37.5668, -1.07251 ], [ 37.56679, -1.07242 ], [ 37.56667, -1.07223 ], [ 37.56653, -1.07205 ], [ 37.56648, -1.07187 ], [ 37.56648, -1.07177 ], [ 37.5665, -1.07163 ], [ 37.56664, -1.0715 ], [ 37.56677, -1.07143 ], [ 37.56713, -1.07141 ], [ 37.56736, -1.07137 ], [ 37.5675, -1.0713 ], [ 37.56763, -1.07122 ], [ 37.56773, -1.07112 ], [ 37.56777, -1.071 ], [ 37.56784, -1.07087 ], [ 37.56798, -1.07078 ], [ 37.5681, -1.07078 ], [ 37.56818, -1.07082 ], [ 37.56827, -1.07086 ], [ 37.56835, -1.07087 ], [ 37.56844, -1.07085 ], [ 37.5685, -1.07077 ], [ 37.56849, -1.07065 ], [ 37.5685, -1.07044 ], [ 37.5686, -1.07023 ], [ 37.56871, -1.07009 ], [ 37.56882, -1.06986 ], [ 37.56883, -1.06966 ], [ 37.56885, -1.06941 ], [ 37.56887, -1.06919 ], [ 37.56894, -1.06907 ], [ 37.56907, -1.06893 ], [ 37.56918, -1.06885 ], [ 37.56941, -1.06879 ], [ 37.56991, -1.06874 ], [ 37.5701, -1.0687 ], [ 37.57015, -1.06869 ], [ 37.57015, -1.06859 ], [ 37.57008, -1.06853 ], [ 37.56992, -1.06846 ], [ 37.56979, -1.06838 ], [ 37.56976, -1.06832 ], [ 37.56973, -1.06821 ], [ 37.56974, -1.06809 ], [ 37.5698, -1.06796 ], [ 37.56985, -1.06779 ], [ 37.56986, -1.06763 ], [ 37.56986, -1.06747 ], [ 37.56984, -1.06727 ], [ 37.56979, -1.06707 ], [ 37.56972, -1.06691 ], [ 37.56964, -1.06676 ], [ 37.56963, -1.06655 ], [ 37.5696, -1.06625 ], [ 37.5696, -1.06605 ], [ 37.5696, -1.06587 ], [ 37.56965, -1.06568 ], [ 37.56975, -1.06546 ], [ 37.56984, -1.06524 ], [ 37.56994, -1.06503 ], [ 37.57005, -1.06483 ], [ 37.57021, -1.06464 ], [ 37.57049, -1.06444 ], [ 37.57075, -1.06424 ], [ 37.57093, -1.06414 ], [ 37.57106, -1.06413 ], [ 37.57121, -1.06401 ], [ 37.57132, -1.06386 ], [ 37.57138, -1.06375 ], [ 37.5715, -1.06362 ], [ 37.57165, -1.06356 ], [ 37.5717, -1.06355 ], [ 37.57181, -1.06362 ], [ 37.57186, -1.06368 ], [ 37.57194, -1.06375 ], [ 37.57201, -1.06382 ], [ 37.57217, -1.0638 ], [ 37.57232, -1.06366 ], [ 37.57243, -1.06351 ], [ 37.5725, -1.06331 ], [ 37.57259, -1.06316 ], [ 37.57267, -1.06304 ], [ 37.57274, -1.06285 ], [ 37.57276, -1.06274 ], [ 37.57287, -1.06265 ], [ 37.57307, -1.0625 ], [ 37.57322, -1.06242 ], [ 37.57341, -1.06225 ], [ 37.57352, -1.06213 ], [ 37.57364, -1.06196 ], [ 37.57377, -1.06166 ], [ 37.57386, -1.06147 ], [ 37.57397, -1.06126 ], [ 37.57412, -1.06107 ], [ 37.57423, -1.06093 ], [ 37.57439, -1.06078 ], [ 37.57458, -1.0607 ], [ 37.57481, -1.06065 ], [ 37.57493, -1.06057 ], [ 37.57507, -1.06052 ], [ 37.57522, -1.06034 ], [ 37.57541, -1.06027 ], [ 37.57559, -1.06014 ], [ 37.57562, -1.06007 ], [ 37.57562, -1.05997 ], [ 37.57551, -1.0599 ], [ 37.57539, -1.05987 ], [ 37.57527, -1.05986 ], [ 37.57521, -1.05979 ], [ 37.57523, -1.05966 ], [ 37.57532, -1.05956 ], [ 37.57545, -1.05938 ], [ 37.57557, -1.05927 ], [ 37.57571, -1.05909 ], [ 37.57587, -1.0589 ], [ 37.57597, -1.05866 ], [ 37.57605, -1.05845 ], [ 37.57609, -1.05837 ], [ 37.57622, -1.05836 ], [ 37.57634, -1.05844 ], [ 37.57642, -1.0585 ], [ 37.57649, -1.05852 ], [ 37.57665, -1.0585 ], [ 37.57675, -1.05837 ], [ 37.5768, -1.05822 ], [ 37.5768, -1.05793 ], [ 37.57675, -1.05768 ], [ 37.57662, -1.05743 ], [ 37.57638, -1.05705 ], [ 37.57618, -1.05684 ], [ 37.57611, -1.05669 ], [ 37.57609, -1.05652 ], [ 37.57614, -1.05636 ], [ 37.57625, -1.05621 ], [ 37.57634, -1.05614 ], [ 37.57654, -1.05611 ], [ 37.57675, -1.05608 ], [ 37.57689, -1.056 ], [ 37.57699, -1.05591 ], [ 37.57704, -1.05577 ], [ 37.57709, -1.05569 ], [ 37.57713, -1.05551 ], [ 37.57713, -1.05536 ], [ 37.57713, -1.05511 ], [ 37.57708, -1.05496 ], [ 37.57698, -1.05488 ], [ 37.57685, -1.05482 ], [ 37.57682, -1.05472 ], [ 37.5769, -1.05463 ], [ 37.57701, -1.05462 ], [ 37.57715, -1.05461 ], [ 37.57728, -1.05456 ], [ 37.5773, -1.05441 ], [ 37.57729, -1.05431 ], [ 37.57722, -1.05414 ], [ 37.57721, -1.05389 ], [ 37.5772, -1.05362 ], [ 37.57721, -1.0533 ], [ 37.57731, -1.05298 ], [ 37.57736, -1.05275 ], [ 37.57736, -1.05259 ], [ 37.57734, -1.05254 ], [ 37.5773, -1.05237 ], [ 37.57716, -1.0522 ], [ 37.57702, -1.05212 ], [ 37.57694, -1.05208 ], [ 37.57688, -1.052 ], [ 37.57688, -1.05183 ], [ 37.57691, -1.05172 ], [ 37.57702, -1.05155 ], [ 37.57711, -1.05141 ], [ 37.57715, -1.05131 ], [ 37.5772, -1.0512 ], [ 37.57729, -1.05106 ], [ 37.57744, -1.05094 ], [ 37.57753, -1.05085 ], [ 37.57761, -1.05073 ], [ 37.57766, -1.05054 ], [ 37.5777, -1.05032 ], [ 37.57777, -1.05005 ], [ 37.57787, -1.04985 ], [ 37.57816, -1.04964 ], [ 37.57838, -1.04948 ], [ 37.5787, -1.04932 ], [ 37.57896, -1.04923 ], [ 37.57919, -1.0492 ], [ 37.57942, -1.04919 ], [ 37.57963, -1.04922 ], [ 37.57985, -1.04935 ], [ 37.58001, -1.04951 ], [ 37.58027, -1.04953 ], [ 37.58045, -1.04944 ], [ 37.58062, -1.04922 ], [ 37.58071, -1.04909 ], [ 37.58085, -1.04931 ], [ 37.58096, -1.04955 ], [ 37.58096, -1.04985 ], [ 37.58099, -1.05015 ], [ 37.58118, -1.05024 ], [ 37.58125, -1.05027 ], [ 37.58155, -1.05061 ], [ 37.58155, -1.05088 ], [ 37.58138, -1.05121 ], [ 37.58125, -1.05142 ], [ 37.58132, -1.05172 ], [ 37.58135, -1.05195 ], [ 37.58112, -1.05228 ], [ 37.58112, -1.05252 ], [ 37.58135, -1.05264 ], [ 37.58162, -1.05278 ], [ 37.58179, -1.05314 ], [ 37.58179, -1.05362 ], [ 37.58178, -1.05405 ], [ 37.58178, -1.05431 ], [ 37.58192, -1.05458 ], [ 37.58203, -1.05478 ], [ 37.58201, -1.05514 ], [ 37.58209, -1.05539 ], [ 37.58222, -1.05571 ], [ 37.58226, -1.05604 ], [ 37.58218, -1.05639 ], [ 37.58205, -1.05656 ], [ 37.58183, -1.05674 ], [ 37.58153, -1.05695 ], [ 37.58133, -1.05722 ], [ 37.58129, -1.05746 ], [ 37.58131, -1.05772 ], [ 37.58149, -1.05811 ], [ 37.58159, -1.05835 ], [ 37.58155, -1.05863 ], [ 37.58128, -1.05892 ], [ 37.58119, -1.05903 ], [ 37.58122, -1.05912 ], [ 37.58142, -1.05913 ], [ 37.58158, -1.05909 ], [ 37.58173, -1.05923 ], [ 37.58173, -1.05939 ], [ 37.58168, -1.05969 ], [ 37.58168, -1.06 ], [ 37.58168, -1.06029 ], [ 37.58165, -1.06053 ], [ 37.58152, -1.06079 ], [ 37.58132, -1.06096 ], [ 37.58116, -1.06112 ], [ 37.58113, -1.06135 ], [ 37.58113, -1.06173 ], [ 37.58103, -1.06212 ], [ 37.58098, -1.06233 ], [ 37.58105, -1.06259 ], [ 37.58132, -1.06266 ], [ 37.58152, -1.06263 ], [ 37.58171, -1.06253 ], [ 37.58198, -1.06257 ], [ 37.58235, -1.06283 ], [ 37.58263, -1.0631 ], [ 37.58273, -1.06334 ], [ 37.58272, -1.06363 ], [ 37.58272, -1.06382 ], [ 37.58279, -1.06394 ], [ 37.58292, -1.06402 ], [ 37.58305, -1.06423 ], [ 37.58305, -1.0645 ], [ 37.58305, -1.06476 ], [ 37.5831, -1.06496 ], [ 37.58322, -1.0651 ], [ 37.58343, -1.06517 ], [ 37.58356, -1.06531 ], [ 37.58373, -1.06566 ], [ 37.58398, -1.06596 ], [ 37.5842, -1.06624 ], [ 37.58452, -1.06651 ], [ 37.58487, -1.06669 ], [ 37.5852, -1.06676 ], [ 37.58559, -1.06688 ], [ 37.58583, -1.067 ], [ 37.58605, -1.06714 ], [ 37.58627, -1.06737 ], [ 37.58642, -1.06774 ], [ 37.58642, -1.06808 ], [ 37.58645, -1.06846 ], [ 37.58655, -1.06885 ], [ 37.58672, -1.06931 ], [ 37.58677, -1.06954 ], [ 37.58663, -1.06964 ], [ 37.58643, -1.06965 ], [ 37.58627, -1.0698 ], [ 37.5864, -1.07007 ], [ 37.58649, -1.07038 ], [ 37.58643, -1.07088 ], [ 37.5864, -1.07138 ], [ 37.5864, -1.07172 ], [ 37.58639, -1.07202 ], [ 37.58666, -1.07224 ], [ 37.58675, -1.07234 ], [ 37.58675, -1.07252 ], [ 37.58686, -1.07264 ], [ 37.58703, -1.07264 ], [ 37.58716, -1.07265 ], [ 37.58723, -1.07287 ], [ 37.58723, -1.07314 ], [ 37.58744, -1.07339 ], [ 37.5876, -1.07364 ], [ 37.58766, -1.07395 ], [ 37.58777, -1.07417 ], [ 37.58793, -1.07431 ], [ 37.58796, -1.07457 ], [ 37.58806, -1.07478 ], [ 37.58827, -1.07485 ], [ 37.58832, -1.07495 ], [ 37.58839, -1.07522 ], [ 37.5885, -1.07536 ], [ 37.5888, -1.07541 ], [ 37.58882, -1.07551 ], [ 37.58869, -1.07566 ], [ 37.58859, -1.07579 ], [ 37.58864, -1.07601 ], [ 37.58882, -1.07618 ], [ 37.58904, -1.07642 ], [ 37.58923, -1.07646 ], [ 37.5895, -1.07679 ], [ 37.58954, -1.07698 ], [ 37.58954, -1.07726 ], [ 37.58974, -1.07762 ], [ 37.59001, -1.07799 ], [ 37.59004, -1.07823 ], [ 37.59004, -1.07862 ], [ 37.59017, -1.07879 ], [ 37.59043, -1.07883 ], [ 37.59049, -1.07898 ], [ 37.59054, -1.07913 ], [ 37.59073, -1.07929 ], [ 37.59097, -1.07942 ], [ 37.59101, -1.07955 ], [ 37.59103, -1.07972 ], [ 37.5911, -1.0799 ], [ 37.59119, -1.07998 ], [ 37.59137, -1.07998 ], [ 37.59161, -1.08 ], [ 37.59186, -1.08012 ], [ 37.5921, -1.08035 ], [ 37.59228, -1.08042 ], [ 37.59246, -1.08045 ], [ 37.59266, -1.08048 ], [ 37.59278, -1.0804 ], [ 37.59297, -1.08043 ], [ 37.5931, -1.08063 ], [ 37.59313, -1.08089 ], [ 37.59331, -1.08116 ], [ 37.59354, -1.08126 ], [ 37.59387, -1.08127 ], [ 37.59414, -1.08129 ], [ 37.59421, -1.08135 ], [ 37.5943, -1.08167 ], [ 37.59443, -1.0819 ], [ 37.59494, -1.08215 ], [ 37.59505, -1.08212 ], [ 37.59527, -1.08196 ], [ 37.59538, -1.08192 ], [ 37.59547, -1.08203 ], [ 37.59543, -1.08219 ], [ 37.5954, -1.08235 ], [ 37.59541, -1.0825 ], [ 37.59553, -1.08266 ], [ 37.59574, -1.0827 ], [ 37.5959, -1.08267 ], [ 37.59597, -1.08266 ], [ 37.59607, -1.08272 ], [ 37.59608, -1.08293 ], [ 37.59637, -1.08307 ], [ 37.59667, -1.08302 ], [ 37.59694, -1.08302 ], [ 37.59741, -1.08307 ], [ 37.59772, -1.08324 ], [ 37.59792, -1.0835 ], [ 37.59821, -1.08384 ], [ 37.59847, -1.08396 ], [ 37.59861, -1.08397 ], [ 37.59865, -1.08406 ], [ 37.59862, -1.08423 ], [ 37.59868, -1.08446 ], [ 37.59877, -1.08474 ], [ 37.59901, -1.08481 ], [ 37.59913, -1.08493 ], [ 37.59904, -1.08503 ], [ 37.59854, -1.0856 ], [ 37.59815, -1.0861 ], [ 37.59776, -1.0866 ], [ 37.59734, -1.08721 ], [ 37.59695, -1.08768 ], [ 37.59665, -1.08809 ], [ 37.59638, -1.08847 ], [ 37.5961, -1.08879 ] ] ] } }
]
}
