{
"type": "FeatureCollection",
"crs": { "type": "name", "properties": { "name": "urn:ogc:def:crs:OGC:1.3:CRS84" } },
"features": [
{ "type": "Feature", "properties": { "entity_id": 219, "p_entity": 28, "name": "Awendo Sub County" }, "geometry": { "type": "Polygon", "coordinates": [ [ [ 34.58753, -0.83478 ], [ 34.58735, -0.83538 ], [ 34.58717, -0.83594 ], [ 34.58713, -0.83606 ], [ 34.58668, -0.83678 ], [ 34.58661, -0.83678 ], [ 34.58574, -0.83675 ], [ 34.58537, -0.83694 ], [ 34.58494, -0.83715 ], [ 34.58388, -0.83768 ], [ 34.58366, -0.83779 ], [ 34.58267, -0.83888 ], [ 34.58205, -0.83958 ], [ 34.58202, -0.83961 ], [ 34.58172, -0.83993 ], [ 34.5815, -0.84078 ], [ 34.58118, -0.84143 ], [ 34.58113, -0.84155 ], [ 34.58058, -0.84261 ], [ 34.58069, -0.84277 ], [ 34.58094, -0.84316 ], [ 34.58097, -0.84321 ], [ 34.58097, -0.84333 ], [ 34.58097, -0.84373 ], [ 34.58111, -0.84432 ], [ 34.58124, -0.84447 ], [ 34.58134, -0.84457 ], [ 34.58152, -0.84516 ], [ 34.58152, -0.84535 ], [ 34.58152, -0.84538 ], [ 34.58153, -0.84549 ], [ 34.58153, -0.84558 ], [ 34.58153, -0.84565 ], [ 34.58152, -0.84574 ], [ 34.58151, -0.84577 ], [ 34.5815, -0.84584 ], [ 34.58152, -0.84591 ], [ 34.58153, -0.84596 ], [ 34.58154, -0.846 ], [ 34.58155, -0.84603 ], [ 34.58156, -0.84606 ], [ 34.58157, -0.84608 ], [ 34.58162, -0.84629 ], [ 34.58182, -0.84648 ], [ 34.58194, -0.84651 ], [ 34.58197, -0.84653 ], [ 34.58201, -0.84654 ], [ 34.58205, -0.84655 ], [ 34.58208, -0.84655 ], [ 34.58218, -0.84659 ], [ 34.5824, -0.84659 ], [ 34.58266, -0.84674 ], [ 34.58295, -0.8468 ], [ 34.5832, -0.84692 ], [ 34.58324, -0.84697 ], [ 34.58327, -0.84701 ], [ 34.58331, -0.84705 ], [ 34.58334, -0.84711 ], [ 34.5835, -0.84729 ], [ 34.58368, -0.84774 ], [ 34.58381, -0.84817 ], [ 34.58381, -0.8483 ], [ 34.58382, -0.84834 ], [ 34.58382, -0.84839 ], [ 34.58382, -0.84844 ], [ 34.58383, -0.84849 ], [ 34.58383, -0.84853 ], [ 34.58382, -0.84858 ], [ 34.58382, -0.84885 ], [ 34.58379, -0.84913 ], [ 34.58375, -0.84935 ], [ 34.58376, -0.84944 ], [ 34.58374, -0.84955 ], [ 34.58373, -0.84963 ], [ 34.58388, -0.84991 ], [ 34.58406, -0.85034 ], [ 34.58417, -0.85062 ], [ 34.58423, -0.85088 ], [ 34.58422, -0.85128 ], [ 34.58419, -0.85152 ], [ 34.5842, -0.85179 ], [ 34.58427, -0.85189 ], [ 34.58429, -0.85192 ], [ 34.58431, -0.85195 ], [ 34.58433, -0.85199 ], [ 34.58439, -0.85206 ], [ 34.58443, -0.85212 ], [ 34.5847, -0.85254 ], [ 34.58471, -0.85257 ], [ 34.58475, -0.85266 ], [ 34.58479, -0.85275 ], [ 34.58487, -0.85291 ], [ 34.58487, -0.85301 ], [ 34.58487, -0.85314 ], [ 34.58486, -0.85348 ], [ 34.58481, -0.8536 ], [ 34.58475, -0.85375 ], [ 34.58473, -0.85381 ], [ 34.58471, -0.85388 ], [ 34.5847, -0.85392 ], [ 34.58469, -0.85396 ], [ 34.58469, -0.85399 ], [ 34.58469, -0.85403 ], [ 34.58468, -0.85407 ], [ 34.58469, -0.85412 ], [ 34.58468, -0.85419 ], [ 34.58468, -0.85427 ], [ 34.58467, -0.85441 ], [ 34.58467, -0.85453 ], [ 34.58466, -0.85463 ], [ 34.58466, -0.85476 ], [ 34.58466, -0.85481 ], [ 34.58466, -0.85483 ], [ 34.58467, -0.85486 ], [ 34.58468, -0.8549 ], [ 34.58471, -0.85501 ], [ 34.58473, -0.85511 ], [ 34.58475, -0.85517 ], [ 34.58487, -0.85532 ], [ 34.58499, -0.85546 ], [ 34.58519, -0.85566 ], [ 34.58522, -0.85569 ], [ 34.58525, -0.85572 ], [ 34.58527, -0.85574 ], [ 34.5854, -0.85612 ], [ 34.58541, -0.85615 ], [ 34.58543, -0.85625 ], [ 34.58543, -0.85632 ], [ 34.58544, -0.85639 ], [ 34.58548, -0.85656 ], [ 34.58543, -0.85674 ], [ 34.58542, -0.85679 ], [ 34.58542, -0.85683 ], [ 34.5854, -0.85688 ], [ 34.58539, -0.85691 ], [ 34.58535, -0.85705 ], [ 34.58533, -0.85713 ], [ 34.58532, -0.85718 ], [ 34.5853, -0.85731 ], [ 34.58529, -0.85736 ], [ 34.58527, -0.85742 ], [ 34.58526, -0.85748 ], [ 34.58522, -0.8576 ], [ 34.58519, -0.8577 ], [ 34.58505, -0.85801 ], [ 34.58493, -0.85833 ], [ 34.58493, -0.85851 ], [ 34.58493, -0.85858 ], [ 34.58491, -0.85916 ], [ 34.58484, -0.85927 ], [ 34.58482, -0.85935 ], [ 34.58478, -0.85941 ], [ 34.58476, -0.85964 ], [ 34.58476, -0.8597 ], [ 34.58476, -0.86017 ], [ 34.58484, -0.86052 ], [ 34.5849, -0.86073 ], [ 34.58507, -0.86117 ], [ 34.58528, -0.86142 ], [ 34.58529, -0.86143 ], [ 34.58532, -0.86247 ], [ 34.58532, -0.86309 ], [ 34.58508, -0.86434 ], [ 34.58499, -0.86455 ], [ 34.58453, -0.86556 ], [ 34.58446, -0.86638 ], [ 34.58434, -0.86675 ], [ 34.5839, -0.86821 ], [ 34.58352, -0.86911 ], [ 34.58344, -0.8693 ], [ 34.58301, -0.87033 ], [ 34.58285, -0.87111 ], [ 34.58281, -0.87165 ], [ 34.58281, -0.8723 ], [ 34.58281, -0.87251 ], [ 34.58297, -0.87353 ], [ 34.58318, -0.87396 ], [ 34.5834, -0.87443 ], [ 34.58354, -0.87475 ], [ 34.58387, -0.87552 ], [ 34.58496, -0.87662 ], [ 34.58554, -0.87708 ], [ 34.58561, -0.87715 ], [ 34.58586, -0.87736 ], [ 34.58615, -0.87773 ], [ 34.58666, -0.87838 ], [ 34.587, -0.87881 ], [ 34.58707, -0.87883 ], [ 34.58712, -0.87885 ], [ 34.58717, -0.87886 ], [ 34.58733, -0.87894 ], [ 34.58768, -0.8791 ], [ 34.58781, -0.87915 ], [ 34.58809, -0.87926 ], [ 34.58822, -0.87931 ], [ 34.58837, -0.87938 ], [ 34.58846, -0.87942 ], [ 34.58855, -0.87946 ], [ 34.58862, -0.8795 ], [ 34.58876, -0.87956 ], [ 34.58876, -0.87959 ], [ 34.58876, -0.8796 ], [ 34.58883, -0.87964 ], [ 34.5889, -0.87969 ], [ 34.58902, -0.87979 ], [ 34.58914, -0.87988 ], [ 34.58925, -0.87998 ], [ 34.58935, -0.88008 ], [ 34.5894, -0.88014 ], [ 34.58946, -0.88021 ], [ 34.58955, -0.88033 ], [ 34.58954, -0.88033 ], [ 34.58973, -0.88115 ], [ 34.58984, -0.88298 ], [ 34.58985, -0.88311 ], [ 34.59005, -0.88416 ], [ 34.59005, -0.88491 ], [ 34.58981, -0.88631 ], [ 34.58981, -0.88633 ], [ 34.5898, -0.88644 ], [ 34.58978, -0.88665 ], [ 34.58973, -0.88721 ], [ 34.58946, -0.88909 ], [ 34.58946, -0.88983 ], [ 34.58939, -0.89292 ], [ 34.58921, -0.89419 ], [ 34.58907, -0.89526 ], [ 34.58882, -0.8963 ], [ 34.58844, -0.8978 ], [ 34.5884, -0.89855 ], [ 34.58864, -0.89952 ], [ 34.58876, -0.90011 ], [ 34.58901, -0.90061 ], [ 34.58917, -0.90091 ], [ 34.58932, -0.9013 ], [ 34.58948, -0.90143 ], [ 34.58953, -0.90147 ], [ 34.58961, -0.90152 ], [ 34.5897, -0.90155 ], [ 34.58989, -0.90165 ], [ 34.59003, -0.90181 ], [ 34.59006, -0.90191 ], [ 34.59008, -0.9021 ], [ 34.59008, -0.90214 ], [ 34.59015, -0.90228 ], [ 34.59031, -0.90239 ], [ 34.59037, -0.90238 ], [ 34.5904, -0.9024 ], [ 34.59049, -0.9024 ], [ 34.5906, -0.9024 ], [ 34.59088, -0.90246 ], [ 34.59105, -0.9025 ], [ 34.59122, -0.90261 ], [ 34.59124, -0.90265 ], [ 34.59127, -0.90267 ], [ 34.5913, -0.9027 ], [ 34.59133, -0.90274 ], [ 34.59135, -0.90278 ], [ 34.5914, -0.90285 ], [ 34.5915, -0.90301 ], [ 34.59151, -0.90303 ], [ 34.59155, -0.90308 ], [ 34.59158, -0.90312 ], [ 34.59162, -0.90318 ], [ 34.59175, -0.90332 ], [ 34.59181, -0.90339 ], [ 34.59191, -0.9035 ], [ 34.59224, -0.90384 ], [ 34.59236, -0.90398 ], [ 34.59246, -0.9041 ], [ 34.59348, -0.90524 ], [ 34.59465, -0.9071 ], [ 34.59492, -0.90795 ], [ 34.59495, -0.90807 ], [ 34.59546, -0.91064 ], [ 34.59581, -0.9124 ], [ 34.59644, -0.91501 ], [ 34.59641, -0.91504 ], [ 34.59708, -0.91731 ], [ 34.59754, -0.91854 ], [ 34.59755, -0.91859 ], [ 34.59755, -0.91859 ], [ 34.59757, -0.91862 ], [ 34.5977, -0.91899 ], [ 34.59778, -0.91974 ], [ 34.59806, -0.92197 ], [ 34.59802, -0.92341 ], [ 34.5981, -0.92588 ], [ 34.59795, -0.92658 ], [ 34.59764, -0.92811 ], [ 34.59747, -0.92897 ], [ 34.59692, -0.93112 ], [ 34.59614, -0.93351 ], [ 34.59617, -0.93373 ], [ 34.59627, -0.9345 ], [ 34.59622, -0.93467 ], [ 34.59582, -0.9351 ], [ 34.59592, -0.93547 ], [ 34.59639, -0.9372 ], [ 34.5964, -0.93725 ], [ 34.59713, -0.93937 ], [ 34.59725, -0.93971 ], [ 34.59781, -0.94145 ], [ 34.59822, -0.94283 ], [ 34.59892, -0.94459 ], [ 34.59894, -0.94463 ], [ 34.60052, -0.94789 ], [ 34.60135, -0.94895 ], [ 34.6019, -0.94968 ], [ 34.60344, -0.95203 ], [ 34.60441, -0.95381 ], [ 34.60441, -0.95387 ], [ 34.60467, -0.95484 ], [ 34.60487, -0.95545 ], [ 34.60548, -0.95658 ], [ 34.60553, -0.95796 ], [ 34.60553, -0.95924 ], [ 34.60559, -0.9597 ], [ 34.60594, -0.96051 ], [ 34.60681, -0.96128 ], [ 34.60782, -0.9618 ], [ 34.6087, -0.96225 ], [ 34.60957, -0.96281 ], [ 34.61054, -0.96363 ], [ 34.61085, -0.96481 ], [ 34.61103, -0.96517 ], [ 34.61098, -0.96521 ], [ 34.61094, -0.96525 ], [ 34.61087, -0.96532 ], [ 34.61084, -0.96535 ], [ 34.61078, -0.96542 ], [ 34.61072, -0.96543 ], [ 34.61069, -0.96543 ], [ 34.61066, -0.96543 ], [ 34.61063, -0.96543 ], [ 34.61059, -0.96543 ], [ 34.61056, -0.96543 ], [ 34.61053, -0.96543 ], [ 34.61045, -0.96542 ], [ 34.61033, -0.96544 ], [ 34.61022, -0.96548 ], [ 34.61011, -0.96554 ], [ 34.60995, -0.96565 ], [ 34.60968, -0.96577 ], [ 34.60951, -0.96581 ], [ 34.60948, -0.96582 ], [ 34.60941, -0.96585 ], [ 34.6093, -0.96588 ], [ 34.60922, -0.96591 ], [ 34.60912, -0.96595 ], [ 34.60893, -0.96606 ], [ 34.60882, -0.9661 ], [ 34.60867, -0.96614 ], [ 34.60845, -0.96619 ], [ 34.60821, -0.96626 ], [ 34.60809, -0.9663 ], [ 34.60803, -0.9663 ], [ 34.60788, -0.96633 ], [ 34.60764, -0.96635 ], [ 34.60751, -0.96634 ], [ 34.60748, -0.96635 ], [ 34.60745, -0.96635 ], [ 34.60734, -0.96635 ], [ 34.60726, -0.96643 ], [ 34.60724, -0.96647 ], [ 34.60716, -0.96657 ], [ 34.60705, -0.96663 ], [ 34.60703, -0.96665 ], [ 34.60687, -0.96674 ], [ 34.60677, -0.9668 ], [ 34.60673, -0.96681 ], [ 34.6067, -0.96682 ], [ 34.60666, -0.96683 ], [ 34.60661, -0.96683 ], [ 34.60656, -0.96683 ], [ 34.60648, -0.96682 ], [ 34.60645, -0.96682 ], [ 34.60633, -0.96681 ], [ 34.60627, -0.9668 ], [ 34.60621, -0.9668 ], [ 34.60616, -0.96679 ], [ 34.60613, -0.96679 ], [ 34.60591, -0.96683 ], [ 34.6057, -0.96682 ], [ 34.60557, -0.96684 ], [ 34.60552, -0.96684 ], [ 34.60547, -0.96685 ], [ 34.60541, -0.96687 ], [ 34.60531, -0.96697 ], [ 34.60497, -0.96711 ], [ 34.60495, -0.96712 ], [ 34.60489, -0.96718 ], [ 34.60481, -0.96725 ], [ 34.60472, -0.96732 ], [ 34.60467, -0.96737 ], [ 34.60476, -0.96745 ], [ 34.60489, -0.96758 ], [ 34.60523, -0.96789 ], [ 34.60579, -0.96819 ], [ 34.60642, -0.96849 ], [ 34.60662, -0.96863 ], [ 34.60665, -0.96865 ], [ 34.6067, -0.96868 ], [ 34.60675, -0.96872 ], [ 34.60739, -0.96919 ], [ 34.60791, -0.97035 ], [ 34.60817, -0.97102 ], [ 34.6087, -0.9714 ], [ 34.60873, -0.97143 ], [ 34.60917, -0.97165 ], [ 34.6104, -0.9721 ], [ 34.61204, -0.97221 ], [ 34.61236, -0.9722 ], [ 34.61241, -0.97221 ], [ 34.61244, -0.97221 ], [ 34.6125, -0.97221 ], [ 34.61255, -0.97221 ], [ 34.61264, -0.97221 ], [ 34.6127, -0.97221 ], [ 34.61282, -0.97221 ], [ 34.61289, -0.9722 ], [ 34.613, -0.9722 ], [ 34.61304, -0.9722 ], [ 34.61375, -0.97277 ], [ 34.61424, -0.97288 ], [ 34.61487, -0.97307 ], [ 34.61514, -0.97313 ], [ 34.61554, -0.97322 ], [ 34.61576, -0.97329 ], [ 34.61599, -0.97381 ], [ 34.61636, -0.97437 ], [ 34.61643, -0.97493 ], [ 34.61688, -0.97545 ], [ 34.61691, -0.97559 ], [ 34.61693, -0.97563 ], [ 34.61694, -0.97566 ], [ 34.61699, -0.97586 ], [ 34.61729, -0.97657 ], [ 34.61737, -0.97727 ], [ 34.61741, -0.97735 ], [ 34.61759, -0.97769 ], [ 34.61761, -0.97773 ], [ 34.61766, -0.9778 ], [ 34.6177, -0.97788 ], [ 34.61774, -0.97797 ], [ 34.61789, -0.97824 ], [ 34.61822, -0.9788 ], [ 34.61889, -0.97928 ], [ 34.61895, -0.9794 ], [ 34.62058, -0.98238 ], [ 34.62182, -0.98545 ], [ 34.62291, -0.98855 ], [ 34.62135, -0.99019 ], [ 34.62101, -0.99054 ], [ 34.62087, -0.99068 ], [ 34.62069, -0.99084 ], [ 34.62056, -0.99095 ], [ 34.62015, -0.99129 ], [ 34.62005, -0.99137 ], [ 34.61909, -0.99233 ], [ 34.6188, -0.99263 ], [ 34.61561, -0.99563 ], [ 34.61462, -0.99657 ], [ 34.61372, -0.99715 ], [ 34.61349, -0.9973 ], [ 34.6132, -0.99761 ], [ 34.61152, -0.99938 ], [ 34.6113, -0.99961 ], [ 34.61083, -1.00015 ], [ 34.60868, -1.00218 ], [ 34.60823, -1.0026 ], [ 34.60515, -1.00516 ], [ 34.6021, -1.0081 ], [ 34.5997, -1.01046 ], [ 34.59584, -1.01425 ], [ 34.59103, -1.01897 ], [ 34.59101, -1.01887 ], [ 34.59094, -1.01867 ], [ 34.59078, -1.01837 ], [ 34.59068, -1.01819 ], [ 34.59061, -1.01782 ], [ 34.59043, -1.01739 ], [ 34.59021, -1.01709 ], [ 34.5902, -1.01699 ], [ 34.59017, -1.01674 ], [ 34.59017, -1.01669 ], [ 34.59013, -1.01655 ], [ 34.59003, -1.01595 ], [ 34.59002, -1.01561 ], [ 34.58984, -1.01421 ], [ 34.58957, -1.01242 ], [ 34.58936, -1.0108 ], [ 34.5892, -1.00964 ], [ 34.58832, -1.0094 ], [ 34.58825, -1.00938 ], [ 34.58647, -1.00893 ], [ 34.58565, -1.00876 ], [ 34.58403, -1.0085 ], [ 34.58403, -1.0085 ], [ 34.58299, -1.00834 ], [ 34.583, -1.00824 ], [ 34.58144, -1.0077 ], [ 34.58137, -1.00769 ], [ 34.57938, -1.00749 ], [ 34.57872, -1.00743 ], [ 34.57732, -1.00767 ], [ 34.57715, -1.0077 ], [ 34.57625, -1.00762 ], [ 34.5753, -1.00774 ], [ 34.57515, -1.00775 ], [ 34.57511, -1.00775 ], [ 34.57507, -1.00775 ], [ 34.57501, -1.00775 ], [ 34.57496, -1.00775 ], [ 34.57467, -1.00774 ], [ 34.5742, -1.00807 ], [ 34.57401, -1.00821 ], [ 34.5735, -1.00853 ], [ 34.57334, -1.00858 ], [ 34.57328, -1.0086 ], [ 34.57324, -1.00862 ], [ 34.57319, -1.00863 ], [ 34.57251, -1.00888 ], [ 34.57192, -1.00888 ], [ 34.57188, -1.00888 ], [ 34.57184, -1.00889 ], [ 34.57181, -1.00889 ], [ 34.57176, -1.00891 ], [ 34.57169, -1.00894 ], [ 34.57162, -1.00897 ], [ 34.57155, -1.009 ], [ 34.57146, -1.00904 ], [ 34.57133, -1.00911 ], [ 34.5713, -1.00912 ], [ 34.57119, -1.00919 ], [ 34.57109, -1.00925 ], [ 34.57073, -1.0095 ], [ 34.57067, -1.00955 ], [ 34.57065, -1.00958 ], [ 34.57057, -1.00967 ], [ 34.57054, -1.0097 ], [ 34.57016, -1.0101 ], [ 34.57004, -1.01039 ], [ 34.57, -1.01049 ], [ 34.56983, -1.01064 ], [ 34.56977, -1.01069 ], [ 34.56923, -1.01117 ], [ 34.56908, -1.01105 ], [ 34.56857, -1.01061 ], [ 34.56838, -1.01028 ], [ 34.56818, -1.00963 ], [ 34.56786, -1.00871 ], [ 34.56761, -1.00802 ], [ 34.56472, -1.00224 ], [ 34.56407, -1.00095 ], [ 34.56352, -1.00024 ], [ 34.56325, -0.99981 ], [ 34.56301, -0.99926 ], [ 34.56274, -0.99836 ], [ 34.56258, -0.99749 ], [ 34.56168, -0.99503 ], [ 34.56077, -0.99302 ], [ 34.56059, -0.99252 ], [ 34.56032, -0.9918 ], [ 34.5602, -0.99148 ], [ 34.56015, -0.99129 ], [ 34.56011, -0.99115 ], [ 34.55999, -0.99071 ], [ 34.55996, -0.99058 ], [ 34.55981, -0.99007 ], [ 34.55976, -0.98991 ], [ 34.5597, -0.98972 ], [ 34.55965, -0.98956 ], [ 34.55962, -0.98947 ], [ 34.55932, -0.98831 ], [ 34.55921, -0.98812 ], [ 34.55916, -0.98797 ], [ 34.5591, -0.98784 ], [ 34.55908, -0.98777 ], [ 34.55905, -0.98772 ], [ 34.559, -0.98762 ], [ 34.55894, -0.98751 ], [ 34.55887, -0.9874 ], [ 34.55874, -0.98722 ], [ 34.55871, -0.98717 ], [ 34.55866, -0.98711 ], [ 34.55851, -0.98691 ], [ 34.55844, -0.98684 ], [ 34.55839, -0.98675 ], [ 34.55836, -0.98671 ], [ 34.55834, -0.98667 ], [ 34.55832, -0.98662 ], [ 34.55829, -0.98658 ], [ 34.55823, -0.9864 ], [ 34.5582, -0.98633 ], [ 34.55815, -0.98621 ], [ 34.55799, -0.98591 ], [ 34.55796, -0.98583 ], [ 34.55792, -0.98574 ], [ 34.55777, -0.98538 ], [ 34.55771, -0.98525 ], [ 34.55752, -0.98478 ], [ 34.55692, -0.98372 ], [ 34.55625, -0.98281 ], [ 34.55554, -0.98203 ], [ 34.55449, -0.98083 ], [ 34.5541, -0.98018 ], [ 34.55411, -0.98014 ], [ 34.55412, -0.98011 ], [ 34.55413, -0.98007 ], [ 34.55413, -0.98002 ], [ 34.55413, -0.97999 ], [ 34.55414, -0.97987 ], [ 34.55414, -0.97984 ], [ 34.55414, -0.97971 ], [ 34.55415, -0.97952 ], [ 34.55411, -0.97936 ], [ 34.5541, -0.97931 ], [ 34.55406, -0.97916 ], [ 34.55401, -0.97881 ], [ 34.55401, -0.97876 ], [ 34.55393, -0.97849 ], [ 34.55392, -0.97844 ], [ 34.55392, -0.9784 ], [ 34.55391, -0.97834 ], [ 34.55391, -0.97826 ], [ 34.55391, -0.97814 ], [ 34.5539, -0.97809 ], [ 34.55391, -0.97804 ], [ 34.55392, -0.97797 ], [ 34.55393, -0.97778 ], [ 34.55396, -0.97758 ], [ 34.55396, -0.97753 ], [ 34.55397, -0.97747 ], [ 34.55401, -0.97733 ], [ 34.55397, -0.9772 ], [ 34.55391, -0.97709 ], [ 34.55378, -0.977 ], [ 34.55361, -0.97696 ], [ 34.55358, -0.97692 ], [ 34.55357, -0.97689 ], [ 34.55355, -0.97685 ], [ 34.55354, -0.97682 ], [ 34.55355, -0.97679 ], [ 34.55356, -0.97676 ], [ 34.55359, -0.97671 ], [ 34.55362, -0.97665 ], [ 34.55366, -0.97662 ], [ 34.55368, -0.9766 ], [ 34.5537, -0.97658 ], [ 34.55377, -0.97653 ], [ 34.55381, -0.97643 ], [ 34.55381, -0.97634 ], [ 34.55373, -0.97617 ], [ 34.55372, -0.97615 ], [ 34.55369, -0.97609 ], [ 34.55362, -0.97599 ], [ 34.55365, -0.97586 ], [ 34.55372, -0.97576 ], [ 34.55372, -0.97573 ], [ 34.55372, -0.97566 ], [ 34.55372, -0.97562 ], [ 34.55377, -0.97547 ], [ 34.55379, -0.97543 ], [ 34.55377, -0.97541 ], [ 34.55376, -0.97538 ], [ 34.55376, -0.97536 ], [ 34.55373, -0.97531 ], [ 34.55371, -0.97527 ], [ 34.5537, -0.97525 ], [ 34.55368, -0.97521 ], [ 34.55365, -0.97518 ], [ 34.55363, -0.97515 ], [ 34.5536, -0.97512 ], [ 34.55357, -0.9751 ], [ 34.55354, -0.97507 ], [ 34.5535, -0.97505 ], [ 34.55337, -0.975 ], [ 34.55321, -0.97494 ], [ 34.55318, -0.97494 ], [ 34.5531, -0.97493 ], [ 34.55305, -0.97493 ], [ 34.55291, -0.97486 ], [ 34.55287, -0.97484 ], [ 34.55282, -0.97478 ], [ 34.5526, -0.97462 ], [ 34.55228, -0.97431 ], [ 34.55217, -0.97416 ], [ 34.55211, -0.9741 ], [ 34.55199, -0.97395 ], [ 34.55194, -0.9739 ], [ 34.55188, -0.97384 ], [ 34.55182, -0.97381 ], [ 34.55179, -0.97378 ], [ 34.55175, -0.97376 ], [ 34.55159, -0.97365 ], [ 34.55153, -0.97361 ], [ 34.55143, -0.97355 ], [ 34.55134, -0.97349 ], [ 34.55129, -0.97345 ], [ 34.55123, -0.9734 ], [ 34.55118, -0.97335 ], [ 34.55114, -0.97331 ], [ 34.55111, -0.97328 ], [ 34.55108, -0.97323 ], [ 34.55097, -0.97309 ], [ 34.55085, -0.97291 ], [ 34.55068, -0.97267 ], [ 34.55066, -0.97264 ], [ 34.55057, -0.97245 ], [ 34.55007, -0.97163 ], [ 34.55005, -0.97158 ], [ 34.55001, -0.97152 ], [ 34.54997, -0.97145 ], [ 34.54993, -0.97138 ], [ 34.54985, -0.97126 ], [ 34.54982, -0.97123 ], [ 34.54977, -0.97115 ], [ 34.54972, -0.97109 ], [ 34.54923, -0.97046 ], [ 34.54915, -0.97031 ], [ 34.54886, -0.96977 ], [ 34.54837, -0.96943 ], [ 34.54828, -0.96936 ], [ 34.54817, -0.96915 ], [ 34.54781, -0.96842 ], [ 34.54722, -0.9674 ], [ 34.54715, -0.96729 ], [ 34.54708, -0.96678 ], [ 34.54672, -0.96484 ], [ 34.54653, -0.96459 ], [ 34.54617, -0.964 ], [ 34.54602, -0.96369 ], [ 34.54595, -0.96353 ], [ 34.54562, -0.96291 ], [ 34.54525, -0.96242 ], [ 34.54482, -0.96185 ], [ 34.54416, -0.9612 ], [ 34.54412, -0.96072 ], [ 34.54403, -0.96042 ], [ 34.54398, -0.96025 ], [ 34.54365, -0.95937 ], [ 34.54237, -0.95708 ], [ 34.54102, -0.95489 ], [ 34.54084, -0.95456 ], [ 34.54065, -0.95426 ], [ 34.53945, -0.95245 ], [ 34.53909, -0.9519 ], [ 34.53792, -0.94993 ], [ 34.53625, -0.94813 ], [ 34.53595, -0.94781 ], [ 34.53555, -0.94717 ], [ 34.53431, -0.94523 ], [ 34.53315, -0.94344 ], [ 34.53234, -0.94215 ], [ 34.53167, -0.94125 ], [ 34.53149, -0.94116 ], [ 34.53069, -0.94079 ], [ 34.53053, -0.94059 ], [ 34.52972, -0.93961 ], [ 34.5291, -0.93867 ], [ 34.52779, -0.93669 ], [ 34.52636, -0.93461 ], [ 34.52556, -0.93308 ], [ 34.52549, -0.93295 ], [ 34.52492, -0.93209 ], [ 34.5242, -0.9313 ], [ 34.52349, -0.93058 ], [ 34.52322, -0.93031 ], [ 34.52294, -0.93004 ], [ 34.52288, -0.92991 ], [ 34.52257, -0.92924 ], [ 34.52257, -0.92874 ], [ 34.52257, -0.9284 ], [ 34.52261, -0.92802 ], [ 34.5222, -0.92674 ], [ 34.52218, -0.92671 ], [ 34.52189, -0.92613 ], [ 34.52084, -0.92546 ], [ 34.52021, -0.92466 ], [ 34.51936, -0.924 ], [ 34.51946, -0.92402 ], [ 34.51956, -0.92404 ], [ 34.51908, -0.92336 ], [ 34.51879, -0.92277 ], [ 34.51879, -0.92202 ], [ 34.51866, -0.92151 ], [ 34.51824, -0.92063 ], [ 34.51786, -0.91992 ], [ 34.51744, -0.91879 ], [ 34.51711, -0.91824 ], [ 34.51673, -0.91757 ], [ 34.51627, -0.91698 ], [ 34.51564, -0.91597 ], [ 34.51513, -0.91543 ], [ 34.51482, -0.91541 ], [ 34.51417, -0.91538 ], [ 34.51438, -0.91547 ], [ 34.51245, -0.91476 ], [ 34.5111, -0.91476 ], [ 34.51056, -0.91476 ], [ 34.50942, -0.91471 ], [ 34.50868, -0.91465 ], [ 34.50868, -0.91461 ], [ 34.50707, -0.91301 ], [ 34.50611, -0.91215 ], [ 34.50563, -0.91158 ], [ 34.50521, -0.91099 ], [ 34.50477, -0.91038 ], [ 34.50396, -0.9089 ], [ 34.50319, -0.90808 ], [ 34.50287, -0.90789 ], [ 34.50209, -0.90741 ], [ 34.50113, -0.9066 ], [ 34.50109, -0.90627 ], [ 34.50109, -0.90622 ], [ 34.50051, -0.90507 ], [ 34.50089, -0.90468 ], [ 34.50043, -0.90412 ], [ 34.50036, -0.90253 ], [ 34.50024, -0.89963 ], [ 34.49972, -0.89905 ], [ 34.49929, -0.89865 ], [ 34.49879, -0.89825 ], [ 34.4986, -0.89793 ], [ 34.49719, -0.89707 ], [ 34.49702, -0.89684 ], [ 34.49635, -0.89632 ], [ 34.49549, -0.89564 ], [ 34.49458, -0.89482 ], [ 34.4939, -0.89421 ], [ 34.49345, -0.89382 ], [ 34.49264, -0.89313 ], [ 34.49193, -0.89252 ], [ 34.49127, -0.89196 ], [ 34.49032, -0.89113 ], [ 34.48935, -0.89029 ], [ 34.48851, -0.88956 ], [ 34.4879, -0.88904 ], [ 34.48726, -0.88849 ], [ 34.48673, -0.88802 ], [ 34.4863, -0.88765 ], [ 34.48525, -0.88646 ], [ 34.48437, -0.88546 ], [ 34.48352, -0.88449 ], [ 34.48264, -0.8835 ], [ 34.48176, -0.88249 ], [ 34.48089, -0.88151 ], [ 34.48074, -0.88154 ], [ 34.48045, -0.88128 ], [ 34.48016, -0.88103 ], [ 34.47906, -0.88006 ], [ 34.47826, -0.87937 ], [ 34.47744, -0.87865 ], [ 34.47642, -0.87764 ], [ 34.47547, -0.87671 ], [ 34.47478, -0.87603 ], [ 34.47424, -0.8755 ], [ 34.4739, -0.87516 ], [ 34.47335, -0.87463 ], [ 34.47278, -0.87408 ], [ 34.47214, -0.87347 ], [ 34.47141, -0.87277 ], [ 34.47095, -0.87245 ], [ 34.47021, -0.87194 ], [ 34.46926, -0.87128 ], [ 34.46869, -0.87083 ], [ 34.46823, -0.87047 ], [ 34.46818, -0.87042 ], [ 34.46741, -0.86981 ], [ 34.46734, -0.86976 ], [ 34.46722, -0.86944 ], [ 34.46678, -0.86925 ], [ 34.46622, -0.86902 ], [ 34.46615, -0.86899 ], [ 34.46609, -0.86895 ], [ 34.46607, -0.86893 ], [ 34.46603, -0.86889 ], [ 34.46606, -0.86882 ], [ 34.46619, -0.86849 ], [ 34.46727, -0.86554 ], [ 34.4673, -0.8655 ], [ 34.46862, -0.86304 ], [ 34.46871, -0.86288 ], [ 34.47023, -0.86027 ], [ 34.47144, -0.85818 ], [ 34.47446, -0.85356 ], [ 34.47603, -0.85146 ], [ 34.47677, -0.85011 ], [ 34.47726, -0.84709 ], [ 34.47731, -0.84682 ], [ 34.47721, -0.84667 ], [ 34.47681, -0.84596 ], [ 34.47646, -0.84522 ], [ 34.47624, -0.84457 ], [ 34.47602, -0.84409 ], [ 34.47587, -0.84344 ], [ 34.47584, -0.84278 ], [ 34.47574, -0.84141 ], [ 34.47569, -0.84044 ], [ 34.47574, -0.83997 ], [ 34.47588, -0.83933 ], [ 34.47604, -0.83862 ], [ 34.47606, -0.83856 ], [ 34.47634, -0.83741 ], [ 34.47669, -0.83645 ], [ 34.47707, -0.83544 ], [ 34.47741, -0.8345 ], [ 34.47753, -0.83338 ], [ 34.47745, -0.83295 ], [ 34.47741, -0.83271 ], [ 34.47751, -0.83226 ], [ 34.478, -0.83151 ], [ 34.47867, -0.83064 ], [ 34.47953, -0.82972 ], [ 34.4796, -0.82969 ], [ 34.47963, -0.82967 ], [ 34.47966, -0.82965 ], [ 34.47972, -0.82962 ], [ 34.47978, -0.82957 ], [ 34.47984, -0.82952 ], [ 34.47997, -0.8294 ], [ 34.48003, -0.82935 ], [ 34.48012, -0.82928 ], [ 34.48022, -0.8292 ], [ 34.48066, -0.82888 ], [ 34.48075, -0.82881 ], [ 34.48095, -0.82864 ], [ 34.48097, -0.82862 ], [ 34.48104, -0.82856 ], [ 34.48109, -0.82852 ], [ 34.48114, -0.82849 ], [ 34.48119, -0.82846 ], [ 34.48124, -0.82844 ], [ 34.48127, -0.82842 ], [ 34.48131, -0.82841 ], [ 34.48139, -0.82838 ], [ 34.48147, -0.82836 ], [ 34.48159, -0.8284 ], [ 34.48156, -0.82836 ], [ 34.48155, -0.82835 ], [ 34.48168, -0.82832 ], [ 34.48174, -0.8283 ], [ 34.48179, -0.82829 ], [ 34.4819, -0.82825 ], [ 34.48201, -0.82821 ], [ 34.48211, -0.82816 ], [ 34.48222, -0.82812 ], [ 34.48233, -0.82806 ], [ 34.48244, -0.82801 ], [ 34.48255, -0.82795 ], [ 34.48266, -0.82789 ], [ 34.48277, -0.82782 ], [ 34.48288, -0.82775 ], [ 34.48299, -0.82767 ], [ 34.4831, -0.82759 ], [ 34.48319, -0.82753 ], [ 34.48353, -0.82735 ], [ 34.48393, -0.82717 ], [ 34.48471, -0.82664 ], [ 34.48513, -0.8261 ], [ 34.48572, -0.82513 ], [ 34.48618, -0.8242 ], [ 34.48662, -0.82355 ], [ 34.48689, -0.82306 ], [ 34.48739, -0.82253 ], [ 34.48791, -0.82192 ], [ 34.48869, -0.82115 ], [ 34.48949, -0.82012 ], [ 34.48974, -0.8198 ], [ 34.49036, -0.81881 ], [ 34.49078, -0.81833 ], [ 34.49145, -0.818 ], [ 34.49197, -0.81772 ], [ 34.49256, -0.8174 ], [ 34.4929, -0.8171 ], [ 34.49313, -0.81683 ], [ 34.49343, -0.81667 ], [ 34.4939, -0.81642 ], [ 34.49445, -0.81615 ], [ 34.49512, -0.8159 ], [ 34.4954, -0.81568 ], [ 34.49551, -0.81548 ], [ 34.49582, -0.81515 ], [ 34.49587, -0.8151 ], [ 34.49593, -0.81499 ], [ 34.49588, -0.81486 ], [ 34.49595, -0.81461 ], [ 34.49631, -0.81461 ], [ 34.49657, -0.81458 ], [ 34.4968, -0.81441 ], [ 34.49706, -0.81407 ], [ 34.49735, -0.81383 ], [ 34.49748, -0.81364 ], [ 34.49789, -0.81364 ], [ 34.49805, -0.81368 ], [ 34.49819, -0.81351 ], [ 34.49834, -0.81311 ], [ 34.49829, -0.8128 ], [ 34.49818, -0.81251 ], [ 34.49807, -0.81242 ], [ 34.49772, -0.81239 ], [ 34.49771, -0.8123 ], [ 34.4977, -0.81224 ], [ 34.49769, -0.8122 ], [ 34.49767, -0.81216 ], [ 34.49766, -0.81212 ], [ 34.49764, -0.81208 ], [ 34.49762, -0.81204 ], [ 34.4976, -0.81201 ], [ 34.49758, -0.81197 ], [ 34.49755, -0.81194 ], [ 34.49753, -0.81191 ], [ 34.4975, -0.81189 ], [ 34.49747, -0.81186 ], [ 34.49744, -0.81183 ], [ 34.49741, -0.81181 ], [ 34.49737, -0.81178 ], [ 34.49733, -0.81176 ], [ 34.4973, -0.81174 ], [ 34.49729, -0.81174 ], [ 34.49725, -0.81172 ], [ 34.4972, -0.8117 ], [ 34.49715, -0.81168 ], [ 34.4971, -0.81167 ], [ 34.49704, -0.81165 ], [ 34.49698, -0.81164 ], [ 34.49692, -0.81163 ], [ 34.49684, -0.81163 ], [ 34.49677, -0.81162 ], [ 34.49666, -0.81162 ], [ 34.49662, -0.81162 ], [ 34.49654, -0.81162 ], [ 34.4965, -0.81162 ], [ 34.49646, -0.81162 ], [ 34.49643, -0.81162 ], [ 34.49639, -0.8116 ], [ 34.49635, -0.81159 ], [ 34.49634, -0.81158 ], [ 34.49635, -0.81144 ], [ 34.49647, -0.81109 ], [ 34.49685, -0.81082 ], [ 34.4971, -0.81067 ], [ 34.49699, -0.81043 ], [ 34.49661, -0.81039 ], [ 34.49666, -0.81017 ], [ 34.49697, -0.80977 ], [ 34.49707, -0.80947 ], [ 34.49719, -0.80929 ], [ 34.49724, -0.80915 ], [ 34.49742, -0.80893 ], [ 34.49756, -0.8086 ], [ 34.49747, -0.80825 ], [ 34.49727, -0.80779 ], [ 34.49702, -0.80756 ], [ 34.49673, -0.80737 ], [ 34.49668, -0.80726 ], [ 34.49666, -0.80722 ], [ 34.49663, -0.80718 ], [ 34.4966, -0.80714 ], [ 34.49658, -0.80712 ], [ 34.49656, -0.8071 ], [ 34.4965, -0.80705 ], [ 34.49644, -0.80701 ], [ 34.49634, -0.80694 ], [ 34.4963, -0.80692 ], [ 34.49624, -0.80687 ], [ 34.49615, -0.8068 ], [ 34.49606, -0.80672 ], [ 34.49598, -0.80665 ], [ 34.49593, -0.80661 ], [ 34.49586, -0.8064 ], [ 34.49572, -0.80616 ], [ 34.49571, -0.80615 ], [ 34.49541, -0.80591 ], [ 34.49517, -0.80584 ], [ 34.49511, -0.80577 ], [ 34.49496, -0.80559 ], [ 34.49496, -0.80559 ], [ 34.49495, -0.80559 ], [ 34.49485, -0.80546 ], [ 34.4948, -0.80541 ], [ 34.49475, -0.80535 ], [ 34.49466, -0.80525 ], [ 34.49457, -0.80516 ], [ 34.49452, -0.80511 ], [ 34.49446, -0.80506 ], [ 34.49441, -0.80501 ], [ 34.49435, -0.80497 ], [ 34.4943, -0.80493 ], [ 34.49424, -0.8049 ], [ 34.49419, -0.80487 ], [ 34.49413, -0.80484 ], [ 34.49409, -0.80482 ], [ 34.49404, -0.8048 ], [ 34.49383, -0.80473 ], [ 34.49377, -0.8047 ], [ 34.49358, -0.8045 ], [ 34.49327, -0.80417 ], [ 34.49292, -0.80377 ], [ 34.49261, -0.80353 ], [ 34.49219, -0.80336 ], [ 34.49186, -0.80325 ], [ 34.49171, -0.80325 ], [ 34.49142, -0.80324 ], [ 34.49142, -0.80313 ], [ 34.49143, -0.80301 ], [ 34.49156, -0.80277 ], [ 34.49174, -0.80273 ], [ 34.4919, -0.80254 ], [ 34.49172, -0.80238 ], [ 34.49158, -0.80202 ], [ 34.49162, -0.8016 ], [ 34.49159, -0.80126 ], [ 34.49145, -0.80107 ], [ 34.49128, -0.80104 ], [ 34.4912, -0.80103 ], [ 34.49095, -0.80116 ], [ 34.49076, -0.8014 ], [ 34.49047, -0.80156 ], [ 34.49021, -0.80168 ], [ 34.4898, -0.80181 ], [ 34.48948, -0.80171 ], [ 34.4892, -0.80148 ], [ 34.48915, -0.80144 ], [ 34.48866, -0.80098 ], [ 34.48822, -0.80075 ], [ 34.48819, -0.80075 ], [ 34.48815, -0.80073 ], [ 34.48809, -0.8007 ], [ 34.48804, -0.80067 ], [ 34.48801, -0.80066 ], [ 34.48798, -0.80065 ], [ 34.48797, -0.80065 ], [ 34.48784, -0.80062 ], [ 34.48778, -0.8006 ], [ 34.48774, -0.80059 ], [ 34.48769, -0.80057 ], [ 34.4876, -0.80052 ], [ 34.48758, -0.80051 ], [ 34.4873, -0.80004 ], [ 34.48709, -0.79994 ], [ 34.48701, -0.7999 ], [ 34.48686, -0.7999 ], [ 34.48681, -0.79985 ], [ 34.48675, -0.79981 ], [ 34.48662, -0.7997 ], [ 34.48651, -0.79962 ], [ 34.48646, -0.79959 ], [ 34.48641, -0.79956 ], [ 34.48636, -0.79953 ], [ 34.48631, -0.7995 ], [ 34.48622, -0.79946 ], [ 34.48613, -0.79942 ], [ 34.48613, -0.79942 ], [ 34.48605, -0.79939 ], [ 34.48597, -0.79936 ], [ 34.4859, -0.79935 ], [ 34.48583, -0.79933 ], [ 34.48575, -0.79932 ], [ 34.48567, -0.79931 ], [ 34.4856, -0.79931 ], [ 34.48547, -0.7993 ], [ 34.48527, -0.7993 ], [ 34.48513, -0.7993 ], [ 34.48501, -0.7993 ], [ 34.48474, -0.79931 ], [ 34.48462, -0.79931 ], [ 34.48449, -0.79931 ], [ 34.48439, -0.79931 ], [ 34.4842, -0.79931 ], [ 34.48414, -0.79931 ], [ 34.48412, -0.79929 ], [ 34.48411, -0.79931 ], [ 34.4841, -0.79931 ], [ 34.48406, -0.7993 ], [ 34.48401, -0.7993 ], [ 34.48397, -0.79929 ], [ 34.48393, -0.79928 ], [ 34.48389, -0.79927 ], [ 34.48386, -0.79925 ], [ 34.48372, -0.7992 ], [ 34.48367, -0.79918 ], [ 34.48357, -0.79914 ], [ 34.48355, -0.79913 ], [ 34.48346, -0.79911 ], [ 34.48336, -0.79907 ], [ 34.48325, -0.79905 ], [ 34.48315, -0.79902 ], [ 34.48304, -0.799 ], [ 34.48293, -0.79898 ], [ 34.48283, -0.79896 ], [ 34.48277, -0.79896 ], [ 34.48264, -0.79895 ], [ 34.48259, -0.79895 ], [ 34.48254, -0.79894 ], [ 34.48249, -0.79893 ], [ 34.48243, -0.7989 ], [ 34.48237, -0.79888 ], [ 34.48232, -0.79885 ], [ 34.4824, -0.79861 ], [ 34.48247, -0.79836 ], [ 34.48237, -0.79822 ], [ 34.48201, -0.79821 ], [ 34.48197, -0.7982 ], [ 34.48194, -0.79815 ], [ 34.4819, -0.7981 ], [ 34.48185, -0.79805 ], [ 34.48182, -0.79803 ], [ 34.48178, -0.798 ], [ 34.48175, -0.79798 ], [ 34.48171, -0.79796 ], [ 34.48167, -0.79794 ], [ 34.48166, -0.79793 ], [ 34.48164, -0.79792 ], [ 34.4816, -0.7979 ], [ 34.48156, -0.79789 ], [ 34.48152, -0.79788 ], [ 34.48142, -0.79788 ], [ 34.4814, -0.79787 ], [ 34.48138, -0.79787 ], [ 34.48138, -0.79787 ], [ 34.48115, -0.79768 ], [ 34.48108, -0.79769 ], [ 34.48099, -0.79769 ], [ 34.48096, -0.7977 ], [ 34.48099, -0.79764 ], [ 34.48099, -0.79764 ], [ 34.48138, -0.79697 ], [ 34.48187, -0.79652 ], [ 34.48222, -0.79623 ], [ 34.48292, -0.79624 ], [ 34.48349, -0.79624 ], [ 34.48447, -0.7963 ], [ 34.48533, -0.79629 ], [ 34.48595, -0.7962 ], [ 34.48638, -0.79606 ], [ 34.48672, -0.7959 ], [ 34.48728, -0.79558 ], [ 34.48786, -0.79535 ], [ 34.48772, -0.79509 ], [ 34.48718, -0.79402 ], [ 34.48708, -0.79372 ], [ 34.48605, -0.79055 ], [ 34.48601, -0.79042 ], [ 34.48601, -0.78936 ], [ 34.48654, -0.78886 ], [ 34.48764, -0.78782 ], [ 34.48899, -0.78702 ], [ 34.48927, -0.78702 ], [ 34.49023, -0.78679 ], [ 34.49089, -0.7865 ], [ 34.49143, -0.78626 ], [ 34.49265, -0.78563 ], [ 34.49338, -0.78539 ], [ 34.494, -0.78524 ], [ 34.49446, -0.7852 ], [ 34.49448, -0.78518 ], [ 34.49452, -0.78518 ], [ 34.49473, -0.78493 ], [ 34.49766, -0.78218 ], [ 34.49977, -0.77989 ], [ 34.50022, -0.77946 ], [ 34.50213, -0.77759 ], [ 34.50465, -0.77511 ], [ 34.50648, -0.77368 ], [ 34.50694, -0.77334 ], [ 34.50744, -0.77297 ], [ 34.5075, -0.77284 ], [ 34.50876, -0.77179 ], [ 34.50979, -0.77085 ], [ 34.50988, -0.77059 ], [ 34.51055, -0.76994 ], [ 34.51055, -0.76991 ], [ 34.51055, -0.76984 ], [ 34.51055, -0.76977 ], [ 34.51054, -0.7697 ], [ 34.51053, -0.76964 ], [ 34.51051, -0.76958 ], [ 34.51049, -0.76952 ], [ 34.51047, -0.76947 ], [ 34.51045, -0.76942 ], [ 34.51043, -0.76939 ], [ 34.51041, -0.76936 ], [ 34.51039, -0.76933 ], [ 34.51036, -0.7693 ], [ 34.51029, -0.76923 ], [ 34.5102, -0.76915 ], [ 34.51009, -0.76905 ], [ 34.51006, -0.76902 ], [ 34.51002, -0.769 ], [ 34.50999, -0.76897 ], [ 34.50995, -0.76895 ], [ 34.50992, -0.76894 ], [ 34.50989, -0.76893 ], [ 34.50985, -0.76892 ], [ 34.50981, -0.76891 ], [ 34.50977, -0.7689 ], [ 34.50973, -0.7689 ], [ 34.50969, -0.7689 ], [ 34.50965, -0.7689 ], [ 34.50961, -0.76891 ], [ 34.50958, -0.76891 ], [ 34.50953, -0.76893 ], [ 34.50949, -0.76895 ], [ 34.50944, -0.76897 ], [ 34.50938, -0.76901 ], [ 34.50936, -0.76902 ], [ 34.50933, -0.76904 ], [ 34.50923, -0.76913 ], [ 34.50921, -0.76915 ], [ 34.50918, -0.76916 ], [ 34.5091, -0.7692 ], [ 34.50907, -0.76922 ], [ 34.50904, -0.76923 ], [ 34.50902, -0.76924 ], [ 34.50899, -0.76924 ], [ 34.50897, -0.76924 ], [ 34.50895, -0.76924 ], [ 34.50892, -0.76923 ], [ 34.50889, -0.76922 ], [ 34.50886, -0.7692 ], [ 34.50883, -0.76917 ], [ 34.5088, -0.76915 ], [ 34.50878, -0.76912 ], [ 34.50876, -0.7691 ], [ 34.50875, -0.76907 ], [ 34.50875, -0.76905 ], [ 34.50875, -0.76902 ], [ 34.50877, -0.76891 ], [ 34.50878, -0.76871 ], [ 34.50879, -0.7687 ], [ 34.50879, -0.76861 ], [ 34.50879, -0.76856 ], [ 34.50879, -0.76851 ], [ 34.50879, -0.76847 ], [ 34.50878, -0.76843 ], [ 34.50877, -0.76838 ], [ 34.50875, -0.76833 ], [ 34.50872, -0.76828 ], [ 34.50866, -0.76816 ], [ 34.50864, -0.76811 ], [ 34.50862, -0.76806 ], [ 34.50861, -0.76801 ], [ 34.50861, -0.76796 ], [ 34.50861, -0.76791 ], [ 34.50862, -0.76785 ], [ 34.50864, -0.76773 ], [ 34.50864, -0.76768 ], [ 34.50865, -0.76763 ], [ 34.50865, -0.76758 ], [ 34.50864, -0.7674 ], [ 34.50864, -0.76734 ], [ 34.50863, -0.7673 ], [ 34.50862, -0.76725 ], [ 34.5086, -0.76721 ], [ 34.50858, -0.76718 ], [ 34.50856, -0.76715 ], [ 34.50853, -0.76713 ], [ 34.50851, -0.76711 ], [ 34.50848, -0.76709 ], [ 34.50846, -0.76708 ], [ 34.50843, -0.76707 ], [ 34.50841, -0.76706 ], [ 34.50838, -0.76705 ], [ 34.50836, -0.76705 ], [ 34.50833, -0.76705 ], [ 34.5083, -0.76705 ], [ 34.50827, -0.76706 ], [ 34.5082, -0.76709 ], [ 34.50817, -0.7671 ], [ 34.50814, -0.76711 ], [ 34.508, -0.76718 ], [ 34.50796, -0.76719 ], [ 34.50793, -0.7672 ], [ 34.50783, -0.76723 ], [ 34.50778, -0.76724 ], [ 34.50775, -0.76724 ], [ 34.50773, -0.76724 ], [ 34.5077, -0.76724 ], [ 34.50768, -0.76723 ], [ 34.50767, -0.76722 ], [ 34.50765, -0.76721 ], [ 34.50761, -0.76719 ], [ 34.50758, -0.76715 ], [ 34.50754, -0.76711 ], [ 34.50752, -0.76709 ], [ 34.50751, -0.76706 ], [ 34.50749, -0.76703 ], [ 34.50749, -0.76703 ], [ 34.50752, -0.76699 ], [ 34.50788, -0.76675 ], [ 34.50799, -0.76647 ], [ 34.5079, -0.76618 ], [ 34.50789, -0.76617 ], [ 34.50793, -0.76614 ], [ 34.50798, -0.76611 ], [ 34.50802, -0.76609 ], [ 34.5081, -0.76606 ], [ 34.50813, -0.76605 ], [ 34.50816, -0.76603 ], [ 34.50818, -0.76602 ], [ 34.5082, -0.766 ], [ 34.50822, -0.76597 ], [ 34.50824, -0.76595 ], [ 34.50826, -0.76592 ], [ 34.50827, -0.76589 ], [ 34.50829, -0.76587 ], [ 34.5083, -0.76584 ], [ 34.50831, -0.76581 ], [ 34.50832, -0.76578 ], [ 34.50832, -0.76574 ], [ 34.50832, -0.7657 ], [ 34.50832, -0.76567 ], [ 34.50831, -0.76563 ], [ 34.50831, -0.76559 ], [ 34.5083, -0.76555 ], [ 34.50828, -0.76551 ], [ 34.50827, -0.76548 ], [ 34.50826, -0.76546 ], [ 34.50823, -0.7654 ], [ 34.50818, -0.76535 ], [ 34.50813, -0.76529 ], [ 34.50807, -0.76523 ], [ 34.50802, -0.76518 ], [ 34.50797, -0.76514 ], [ 34.50794, -0.76513 ], [ 34.50792, -0.76512 ], [ 34.50789, -0.7651 ], [ 34.50786, -0.76509 ], [ 34.50783, -0.76509 ], [ 34.5078, -0.76508 ], [ 34.50772, -0.76507 ], [ 34.50762, -0.76506 ], [ 34.50756, -0.76506 ], [ 34.50749, -0.76507 ], [ 34.50724, -0.7651 ], [ 34.50693, -0.76514 ], [ 34.5068, -0.76515 ], [ 34.50665, -0.76517 ], [ 34.50655, -0.76517 ], [ 34.5065, -0.76517 ], [ 34.50645, -0.76516 ], [ 34.50629, -0.76514 ], [ 34.50624, -0.76513 ], [ 34.50619, -0.76513 ], [ 34.50614, -0.76513 ], [ 34.50608, -0.76513 ], [ 34.50601, -0.76515 ], [ 34.50594, -0.76516 ], [ 34.50579, -0.76519 ], [ 34.50572, -0.76521 ], [ 34.5055, -0.76524 ], [ 34.50541, -0.76526 ], [ 34.50537, -0.76527 ], [ 34.50526, -0.76531 ], [ 34.50521, -0.76532 ], [ 34.50519, -0.76533 ], [ 34.50516, -0.76533 ], [ 34.50514, -0.76533 ], [ 34.50513, -0.76533 ], [ 34.50512, -0.76532 ], [ 34.5051, -0.76532 ], [ 34.50508, -0.76531 ], [ 34.50506, -0.76529 ], [ 34.50503, -0.76527 ], [ 34.50501, -0.76525 ], [ 34.50498, -0.76523 ], [ 34.50492, -0.76515 ], [ 34.50489, -0.76513 ], [ 34.50487, -0.76509 ], [ 34.50481, -0.765 ], [ 34.50478, -0.76493 ], [ 34.50474, -0.76485 ], [ 34.50472, -0.76479 ], [ 34.50467, -0.76463 ], [ 34.50464, -0.76457 ], [ 34.5046, -0.76445 ], [ 34.50458, -0.76439 ], [ 34.50484, -0.76436 ], [ 34.50511, -0.76424 ], [ 34.50539, -0.76421 ], [ 34.50563, -0.76411 ], [ 34.50581, -0.76387 ], [ 34.50596, -0.76362 ], [ 34.50646, -0.76342 ], [ 34.50666, -0.76312 ], [ 34.50666, -0.76289 ], [ 34.50699, -0.76259 ], [ 34.50764, -0.76213 ], [ 34.50834, -0.76163 ], [ 34.50846, -0.76162 ], [ 34.5087, -0.76167 ], [ 34.50905, -0.76186 ], [ 34.50929, -0.76177 ], [ 34.51016, -0.76163 ], [ 34.51022, -0.76164 ], [ 34.51061, -0.76124 ], [ 34.51119, -0.76085 ], [ 34.51122, -0.76083 ], [ 34.51187, -0.76055 ], [ 34.51239, -0.76038 ], [ 34.51264, -0.76034 ], [ 34.51287, -0.76029 ], [ 34.51335, -0.76027 ], [ 34.51387, -0.76042 ], [ 34.51438, -0.76057 ], [ 34.51488, -0.76059 ], [ 34.51566, -0.76056 ], [ 34.51619, -0.76051 ], [ 34.51662, -0.76029 ], [ 34.51701, -0.75993 ], [ 34.51726, -0.75967 ], [ 34.51754, -0.75947 ], [ 34.51784, -0.75938 ], [ 34.5189, -0.75931 ], [ 34.51998, -0.75921 ], [ 34.52093, -0.7592 ], [ 34.52162, -0.75925 ], [ 34.52261, -0.75949 ], [ 34.52275, -0.75951 ], [ 34.52318, -0.75957 ], [ 34.52403, -0.75974 ], [ 34.52451, -0.75977 ], [ 34.52506, -0.75948 ], [ 34.52542, -0.75919 ], [ 34.52572, -0.75896 ], [ 34.52623, -0.75855 ], [ 34.52652, -0.7582 ], [ 34.52677, -0.75765 ], [ 34.5268, -0.75755 ], [ 34.52694, -0.75707 ], [ 34.52715, -0.75648 ], [ 34.52738, -0.75594 ], [ 34.52755, -0.75569 ], [ 34.52764, -0.75557 ], [ 34.52804, -0.75521 ], [ 34.52846, -0.75496 ], [ 34.52892, -0.75467 ], [ 34.52911, -0.75429 ], [ 34.52921, -0.75411 ], [ 34.52955, -0.75334 ], [ 34.52999, -0.75263 ], [ 34.52999, -0.75263 ], [ 34.53012, -0.75242 ], [ 34.53055, -0.75164 ], [ 34.53067, -0.75142 ], [ 34.53086, -0.75101 ], [ 34.53135, -0.75036 ], [ 34.53207, -0.74817 ], [ 34.53322, -0.746 ], [ 34.53327, -0.74591 ], [ 34.53354, -0.7454 ], [ 34.53506, -0.74171 ], [ 34.53509, -0.74163 ], [ 34.53633, -0.73863 ], [ 34.53769, -0.73523 ], [ 34.53776, -0.73328 ], [ 34.53781, -0.73181 ], [ 34.5378, -0.73135 ], [ 34.5378, -0.73135 ], [ 34.53782, -0.73138 ], [ 34.53784, -0.7314 ], [ 34.53788, -0.73145 ], [ 34.5379, -0.73148 ], [ 34.53802, -0.73164 ], [ 34.53806, -0.73169 ], [ 34.53813, -0.7318 ], [ 34.53814, -0.73181 ], [ 34.53819, -0.73189 ], [ 34.5382, -0.73191 ], [ 34.53828, -0.73204 ], [ 34.53832, -0.73212 ], [ 34.53837, -0.73224 ], [ 34.53839, -0.7323 ], [ 34.53842, -0.73237 ], [ 34.53845, -0.73244 ], [ 34.53849, -0.73249 ], [ 34.53851, -0.73252 ], [ 34.53854, -0.73256 ], [ 34.53865, -0.73267 ], [ 34.53869, -0.73271 ], [ 34.53871, -0.73274 ], [ 34.53872, -0.73276 ], [ 34.53873, -0.73277 ], [ 34.53873, -0.73278 ], [ 34.53875, -0.73281 ], [ 34.53876, -0.73284 ], [ 34.53877, -0.73291 ], [ 34.53877, -0.73297 ], [ 34.53878, -0.7331 ], [ 34.53878, -0.73316 ], [ 34.5388, -0.73329 ], [ 34.53882, -0.73338 ], [ 34.53883, -0.73344 ], [ 34.53885, -0.73357 ], [ 34.53887, -0.73365 ], [ 34.53889, -0.73374 ], [ 34.53891, -0.73382 ], [ 34.53893, -0.7339 ], [ 34.53895, -0.73397 ], [ 34.53898, -0.73403 ], [ 34.53901, -0.73411 ], [ 34.5391, -0.73433 ], [ 34.53913, -0.7344 ], [ 34.53915, -0.73447 ], [ 34.53917, -0.73455 ], [ 34.53921, -0.7347 ], [ 34.53922, -0.73474 ], [ 34.53922, -0.73476 ], [ 34.53924, -0.73481 ], [ 34.53925, -0.73485 ], [ 34.53926, -0.73488 ], [ 34.53928, -0.73491 ], [ 34.53929, -0.73494 ], [ 34.5393, -0.73496 ], [ 34.53932, -0.73499 ], [ 34.53935, -0.73504 ], [ 34.53938, -0.73509 ], [ 34.5394, -0.73513 ], [ 34.53943, -0.73516 ], [ 34.53945, -0.73519 ], [ 34.53946, -0.73522 ], [ 34.53948, -0.73524 ], [ 34.5395, -0.73526 ], [ 34.53952, -0.73529 ], [ 34.53954, -0.73531 ], [ 34.53956, -0.73534 ], [ 34.53959, -0.73537 ], [ 34.53962, -0.7354 ], [ 34.53965, -0.73543 ], [ 34.53968, -0.73545 ], [ 34.53971, -0.73548 ], [ 34.53985, -0.73559 ], [ 34.53989, -0.73563 ], [ 34.53993, -0.73567 ], [ 34.53998, -0.73574 ], [ 34.54004, -0.73581 ], [ 34.54009, -0.73589 ], [ 34.54014, -0.73597 ], [ 34.54018, -0.73606 ], [ 34.54021, -0.73612 ], [ 34.54023, -0.73616 ], [ 34.54024, -0.73618 ], [ 34.54025, -0.73622 ], [ 34.54027, -0.73626 ], [ 34.54029, -0.7363 ], [ 34.54031, -0.73634 ], [ 34.54032, -0.73636 ], [ 34.54033, -0.7364 ], [ 34.54035, -0.73643 ], [ 34.54037, -0.73647 ], [ 34.54038, -0.7365 ], [ 34.54039, -0.73653 ], [ 34.54041, -0.73657 ], [ 34.54043, -0.73661 ], [ 34.54044, -0.73664 ], [ 34.54047, -0.73671 ], [ 34.54054, -0.73689 ], [ 34.54056, -0.73694 ], [ 34.5406, -0.73704 ], [ 34.54063, -0.73713 ], [ 34.54065, -0.73717 ], [ 34.54068, -0.73724 ], [ 34.54069, -0.73726 ], [ 34.54072, -0.73732 ], [ 34.54087, -0.73763 ], [ 34.54094, -0.73777 ], [ 34.54097, -0.73785 ], [ 34.541, -0.73792 ], [ 34.54102, -0.73799 ], [ 34.54104, -0.73806 ], [ 34.54105, -0.73813 ], [ 34.54106, -0.73821 ], [ 34.54107, -0.73829 ], [ 34.54108, -0.73842 ], [ 34.54108, -0.73846 ], [ 34.54108, -0.73851 ], [ 34.54109, -0.73854 ], [ 34.54109, -0.73857 ], [ 34.5411, -0.73862 ], [ 34.5411, -0.73865 ], [ 34.54111, -0.7387 ], [ 34.54113, -0.73876 ], [ 34.54114, -0.73881 ], [ 34.54115, -0.73884 ], [ 34.54116, -0.73888 ], [ 34.54117, -0.73891 ], [ 34.54119, -0.73897 ], [ 34.54121, -0.739 ], [ 34.54122, -0.73904 ], [ 34.54124, -0.73907 ], [ 34.54126, -0.7391 ], [ 34.54127, -0.73913 ], [ 34.54129, -0.73915 ], [ 34.54138, -0.73926 ], [ 34.54141, -0.7393 ], [ 34.54143, -0.73933 ], [ 34.54146, -0.7394 ], [ 34.54149, -0.73948 ], [ 34.54152, -0.73957 ], [ 34.54155, -0.73968 ], [ 34.54157, -0.73973 ], [ 34.54158, -0.73979 ], [ 34.54159, -0.73985 ], [ 34.54159, -0.73991 ], [ 34.5416, -0.74003 ], [ 34.5416, -0.7403 ], [ 34.54161, -0.74042 ], [ 34.54163, -0.74064 ], [ 34.54164, -0.7407 ], [ 34.54166, -0.74087 ], [ 34.5417, -0.74121 ], [ 34.54171, -0.74127 ], [ 34.54172, -0.7414 ], [ 34.54173, -0.74151 ], [ 34.54176, -0.74178 ], [ 34.54179, -0.74199 ], [ 34.5418, -0.74217 ], [ 34.54181, -0.74222 ], [ 34.54181, -0.74232 ], [ 34.5419, -0.74246 ], [ 34.54202, -0.74264 ], [ 34.54219, -0.7429 ], [ 34.54233, -0.7431 ], [ 34.54245, -0.74328 ], [ 34.54251, -0.74338 ], [ 34.54258, -0.74349 ], [ 34.54264, -0.74358 ], [ 34.54269, -0.74366 ], [ 34.54275, -0.74375 ], [ 34.54283, -0.74385 ], [ 34.54291, -0.74395 ], [ 34.54299, -0.74406 ], [ 34.54308, -0.74417 ], [ 34.54317, -0.74428 ], [ 34.54328, -0.74442 ], [ 34.54337, -0.74454 ], [ 34.54345, -0.74465 ], [ 34.54351, -0.74471 ], [ 34.54356, -0.74479 ], [ 34.5437, -0.74493 ], [ 34.5438, -0.74504 ], [ 34.54394, -0.7452 ], [ 34.54406, -0.74532 ], [ 34.54424, -0.74553 ], [ 34.54437, -0.74566 ], [ 34.54447, -0.74578 ], [ 34.5446, -0.74592 ], [ 34.5447, -0.74602 ], [ 34.54484, -0.74616 ], [ 34.54503, -0.74637 ], [ 34.54517, -0.74652 ], [ 34.54532, -0.74667 ], [ 34.54552, -0.74688 ], [ 34.54575, -0.74713 ], [ 34.54589, -0.74727 ], [ 34.54606, -0.74745 ], [ 34.54622, -0.74762 ], [ 34.54632, -0.74772 ], [ 34.54636, -0.74777 ], [ 34.54649, -0.74781 ], [ 34.54665, -0.74787 ], [ 34.54682, -0.74793 ], [ 34.54699, -0.74799 ], [ 34.54718, -0.74805 ], [ 34.54738, -0.74813 ], [ 34.54756, -0.74819 ], [ 34.5479, -0.74831 ], [ 34.54813, -0.74839 ], [ 34.54821, -0.74842 ], [ 34.54843, -0.74853 ], [ 34.54863, -0.74863 ], [ 34.54881, -0.74872 ], [ 34.54897, -0.74879 ], [ 34.54914, -0.74887 ], [ 34.54934, -0.74897 ], [ 34.54953, -0.74906 ], [ 34.54967, -0.74911 ], [ 34.5498, -0.74916 ], [ 34.55, -0.74923 ], [ 34.55025, -0.74932 ], [ 34.55045, -0.74939 ], [ 34.55069, -0.74948 ], [ 34.55071, -0.74949 ], [ 34.55066, -0.74976 ], [ 34.55066, -0.74981 ], [ 34.55065, -0.7499 ], [ 34.55064, -0.74993 ], [ 34.55063, -0.7501 ], [ 34.55062, -0.75019 ], [ 34.55062, -0.75029 ], [ 34.5506, -0.75046 ], [ 34.5506, -0.75056 ], [ 34.5506, -0.75067 ], [ 34.55061, -0.75089 ], [ 34.55061, -0.75104 ], [ 34.55062, -0.75118 ], [ 34.55077, -0.75124 ], [ 34.55098, -0.75133 ], [ 34.5512, -0.75143 ], [ 34.5514, -0.75151 ], [ 34.55161, -0.7516 ], [ 34.5517, -0.75164 ], [ 34.55204, -0.75169 ], [ 34.5523, -0.75173 ], [ 34.5527, -0.7518 ], [ 34.55291, -0.75183 ], [ 34.55327, -0.75189 ], [ 34.55349, -0.75193 ], [ 34.55364, -0.75195 ], [ 34.55387, -0.7519 ], [ 34.55414, -0.75183 ], [ 34.55424, -0.75186 ], [ 34.55431, -0.75188 ], [ 34.55448, -0.75194 ], [ 34.55456, -0.75196 ], [ 34.55465, -0.752 ], [ 34.55472, -0.75202 ], [ 34.55479, -0.75205 ], [ 34.55486, -0.75207 ], [ 34.55493, -0.75209 ], [ 34.55498, -0.7521 ], [ 34.55504, -0.75211 ], [ 34.5551, -0.75211 ], [ 34.55516, -0.75211 ], [ 34.55527, -0.75211 ], [ 34.55533, -0.7521 ], [ 34.5555, -0.75209 ], [ 34.55561, -0.75209 ], [ 34.55578, -0.75209 ], [ 34.55594, -0.75209 ], [ 34.55606, -0.75209 ], [ 34.55619, -0.75208 ], [ 34.55626, -0.75208 ], [ 34.55631, -0.75207 ], [ 34.5564, -0.75205 ], [ 34.55647, -0.75204 ], [ 34.5566, -0.75201 ], [ 34.55665, -0.752 ], [ 34.55669, -0.752 ], [ 34.55674, -0.752 ], [ 34.5568, -0.752 ], [ 34.55685, -0.752 ], [ 34.55691, -0.752 ], [ 34.55697, -0.75201 ], [ 34.55703, -0.75203 ], [ 34.55717, -0.75206 ], [ 34.55727, -0.75208 ], [ 34.55737, -0.7521 ], [ 34.55742, -0.75211 ], [ 34.55747, -0.75211 ], [ 34.55752, -0.75211 ], [ 34.55757, -0.75212 ], [ 34.55764, -0.75211 ], [ 34.55771, -0.75211 ], [ 34.55779, -0.7521 ], [ 34.55788, -0.75209 ], [ 34.55801, -0.75207 ], [ 34.55828, -0.75202 ], [ 34.55834, -0.75201 ], [ 34.55849, -0.75199 ], [ 34.55861, -0.75197 ], [ 34.55881, -0.75193 ], [ 34.5589, -0.75191 ], [ 34.55904, -0.75189 ], [ 34.55911, -0.75188 ], [ 34.55918, -0.75188 ], [ 34.55925, -0.75187 ], [ 34.55931, -0.75188 ], [ 34.55935, -0.75188 ], [ 34.55939, -0.75188 ], [ 34.55954, -0.75191 ], [ 34.55959, -0.75192 ], [ 34.55965, -0.75192 ], [ 34.55969, -0.75192 ], [ 34.55974, -0.75192 ], [ 34.5598, -0.75191 ], [ 34.55986, -0.7519 ], [ 34.55997, -0.75187 ], [ 34.56002, -0.75186 ], [ 34.56014, -0.75182 ], [ 34.5602, -0.75181 ], [ 34.56025, -0.7518 ], [ 34.56038, -0.75179 ], [ 34.56042, -0.75179 ], [ 34.56044, -0.75178 ], [ 34.56049, -0.75177 ], [ 34.56054, -0.75175 ], [ 34.56058, -0.75173 ], [ 34.56069, -0.75168 ], [ 34.56074, -0.75165 ], [ 34.56079, -0.75163 ], [ 34.56094, -0.75158 ], [ 34.56102, -0.75155 ], [ 34.56106, -0.75152 ], [ 34.5611, -0.7515 ], [ 34.56123, -0.75141 ], [ 34.56128, -0.75138 ], [ 34.56133, -0.75135 ], [ 34.56138, -0.75134 ], [ 34.56142, -0.75132 ], [ 34.56147, -0.75131 ], [ 34.56153, -0.75131 ], [ 34.56158, -0.75131 ], [ 34.56164, -0.75131 ], [ 34.5617, -0.75131 ], [ 34.56176, -0.75131 ], [ 34.56195, -0.75133 ], [ 34.56208, -0.75134 ], [ 34.56219, -0.75135 ], [ 34.56228, -0.75137 ], [ 34.56236, -0.75139 ], [ 34.56243, -0.75141 ], [ 34.5625, -0.75143 ], [ 34.56258, -0.75145 ], [ 34.56265, -0.75149 ], [ 34.56273, -0.75152 ], [ 34.56281, -0.75156 ], [ 34.5629, -0.75161 ], [ 34.563, -0.75166 ], [ 34.56308, -0.75171 ], [ 34.56317, -0.75177 ], [ 34.56326, -0.75183 ], [ 34.56348, -0.75198 ], [ 34.56381, -0.75222 ], [ 34.56392, -0.7523 ], [ 34.56402, -0.75237 ], [ 34.56416, -0.75249 ], [ 34.56431, -0.75262 ], [ 34.56436, -0.75266 ], [ 34.56447, -0.75276 ], [ 34.56456, -0.75285 ], [ 34.56466, -0.75295 ], [ 34.56478, -0.75307 ], [ 34.56491, -0.75319 ], [ 34.56496, -0.75325 ], [ 34.56504, -0.75333 ], [ 34.5652, -0.7535 ], [ 34.56527, -0.75357 ], [ 34.56535, -0.75366 ], [ 34.56544, -0.75377 ], [ 34.56552, -0.75385 ], [ 34.56569, -0.75405 ], [ 34.56577, -0.75414 ], [ 34.5659, -0.75429 ], [ 34.56604, -0.75444 ], [ 34.56617, -0.75456 ], [ 34.56623, -0.75462 ], [ 34.56631, -0.7547 ], [ 34.56647, -0.75484 ], [ 34.56664, -0.75498 ], [ 34.56679, -0.75511 ], [ 34.56699, -0.75527 ], [ 34.56707, -0.75534 ], [ 34.56724, -0.75548 ], [ 34.5673, -0.75553 ], [ 34.56751, -0.7557 ], [ 34.56775, -0.75589 ], [ 34.56782, -0.75593 ], [ 34.56796, -0.75604 ], [ 34.56811, -0.75616 ], [ 34.56827, -0.7563 ], [ 34.56836, -0.75637 ], [ 34.56859, -0.75657 ], [ 34.5687, -0.75666 ], [ 34.5688, -0.75676 ], [ 34.56891, -0.75686 ], [ 34.56899, -0.75693 ], [ 34.56905, -0.75699 ], [ 34.56911, -0.75705 ], [ 34.56916, -0.75711 ], [ 34.56923, -0.75718 ], [ 34.56931, -0.75728 ], [ 34.56944, -0.75744 ], [ 34.56963, -0.75766 ], [ 34.56976, -0.75782 ], [ 34.56993, -0.75802 ], [ 34.56997, -0.75808 ], [ 34.57002, -0.75814 ], [ 34.5701, -0.75825 ], [ 34.57015, -0.75834 ], [ 34.5702, -0.75842 ], [ 34.57025, -0.75849 ], [ 34.57026, -0.75853 ], [ 34.57028, -0.75858 ], [ 34.57035, -0.75875 ], [ 34.57037, -0.75882 ], [ 34.57044, -0.75897 ], [ 34.57048, -0.75906 ], [ 34.57052, -0.75914 ], [ 34.57056, -0.75921 ], [ 34.57059, -0.75927 ], [ 34.57064, -0.75933 ], [ 34.57068, -0.75937 ], [ 34.5707, -0.75939 ], [ 34.57081, -0.75951 ], [ 34.57054, -0.76026 ], [ 34.57048, -0.76043 ], [ 34.5704, -0.76064 ], [ 34.57034, -0.7608 ], [ 34.57029, -0.7609 ], [ 34.57024, -0.76101 ], [ 34.57013, -0.76121 ], [ 34.57012, -0.76125 ], [ 34.57005, -0.7614 ], [ 34.56997, -0.76156 ], [ 34.5699, -0.76174 ], [ 34.56982, -0.76189 ], [ 34.56972, -0.76207 ], [ 34.56961, -0.76225 ], [ 34.56953, -0.76238 ], [ 34.56946, -0.7625 ], [ 34.56944, -0.76254 ], [ 34.56947, -0.76266 ], [ 34.56951, -0.7628 ], [ 34.56954, -0.76291 ], [ 34.56956, -0.76298 ], [ 34.56961, -0.76315 ], [ 34.5697, -0.76348 ], [ 34.56976, -0.76368 ], [ 34.56979, -0.7638 ], [ 34.56983, -0.76395 ], [ 34.56986, -0.76405 ], [ 34.56988, -0.76412 ], [ 34.56994, -0.76432 ], [ 34.56997, -0.76442 ], [ 34.57002, -0.7646 ], [ 34.57005, -0.76469 ], [ 34.57011, -0.76479 ], [ 34.57017, -0.76489 ], [ 34.5703, -0.76508 ], [ 34.57042, -0.76528 ], [ 34.57056, -0.7655 ], [ 34.5706, -0.76556 ], [ 34.57064, -0.76569 ], [ 34.57067, -0.7658 ], [ 34.57071, -0.76593 ], [ 34.57074, -0.76603 ], [ 34.5708, -0.76624 ], [ 34.57087, -0.76646 ], [ 34.57088, -0.76649 ], [ 34.5709, -0.76654 ], [ 34.57091, -0.7666 ], [ 34.57095, -0.76672 ], [ 34.57099, -0.76688 ], [ 34.57106, -0.76723 ], [ 34.57112, -0.76748 ], [ 34.57114, -0.76759 ], [ 34.57115, -0.76779 ], [ 34.57118, -0.76836 ], [ 34.5712, -0.7687 ], [ 34.57121, -0.76894 ], [ 34.57121, -0.76901 ], [ 34.57122, -0.76936 ], [ 34.57123, -0.76967 ], [ 34.57124, -0.76995 ], [ 34.57124, -0.77 ], [ 34.57123, -0.77006 ], [ 34.57121, -0.77027 ], [ 34.57118, -0.77054 ], [ 34.57114, -0.77087 ], [ 34.5711, -0.77114 ], [ 34.57108, -0.77132 ], [ 34.57108, -0.77148 ], [ 34.57109, -0.77174 ], [ 34.57109, -0.77191 ], [ 34.5711, -0.77211 ], [ 34.57109, -0.77218 ], [ 34.57107, -0.77219 ], [ 34.57103, -0.77222 ], [ 34.57101, -0.77225 ], [ 34.57098, -0.77229 ], [ 34.57092, -0.77237 ], [ 34.57089, -0.7724 ], [ 34.57087, -0.77243 ], [ 34.57085, -0.77245 ], [ 34.57084, -0.77248 ], [ 34.57082, -0.77251 ], [ 34.57079, -0.77257 ], [ 34.57075, -0.77264 ], [ 34.5707, -0.7727 ], [ 34.57067, -0.77274 ], [ 34.57064, -0.77278 ], [ 34.57066, -0.77287 ], [ 34.57069, -0.77304 ], [ 34.57074, -0.77327 ], [ 34.57077, -0.77338 ], [ 34.57078, -0.77342 ], [ 34.57078, -0.77364 ], [ 34.57078, -0.77384 ], [ 34.57078, -0.77409 ], [ 34.57078, -0.77416 ], [ 34.57078, -0.77445 ], [ 34.57078, -0.77472 ], [ 34.57084, -0.77488 ], [ 34.57105, -0.77545 ], [ 34.57121, -0.77585 ], [ 34.5713, -0.77609 ], [ 34.57133, -0.77619 ], [ 34.57143, -0.7765 ], [ 34.57154, -0.77682 ], [ 34.57163, -0.7771 ], [ 34.57171, -0.77736 ], [ 34.57178, -0.77755 ], [ 34.57185, -0.77778 ], [ 34.57194, -0.77805 ], [ 34.57206, -0.77841 ], [ 34.57216, -0.77872 ], [ 34.57225, -0.77901 ], [ 34.57232, -0.7792 ], [ 34.57238, -0.77939 ], [ 34.57246, -0.77962 ], [ 34.57255, -0.77991 ], [ 34.57262, -0.78012 ], [ 34.5727, -0.78036 ], [ 34.57278, -0.78062 ], [ 34.57285, -0.78083 ], [ 34.57291, -0.78104 ], [ 34.57296, -0.78124 ], [ 34.57303, -0.7815 ], [ 34.57311, -0.78179 ], [ 34.57317, -0.782 ], [ 34.57323, -0.78222 ], [ 34.57328, -0.7824 ], [ 34.57332, -0.78255 ], [ 34.57339, -0.7828 ], [ 34.57344, -0.78299 ], [ 34.5735, -0.7832 ], [ 34.57356, -0.78343 ], [ 34.57361, -0.78356 ], [ 34.57367, -0.78371 ], [ 34.57371, -0.7838 ], [ 34.57374, -0.78392 ], [ 34.57379, -0.78409 ], [ 34.57385, -0.78427 ], [ 34.5739, -0.78444 ], [ 34.57394, -0.78457 ], [ 34.57398, -0.78472 ], [ 34.57404, -0.78491 ], [ 34.57412, -0.78509 ], [ 34.57415, -0.78517 ], [ 34.57418, -0.78523 ], [ 34.57424, -0.78537 ], [ 34.5743, -0.7855 ], [ 34.57433, -0.78559 ], [ 34.57434, -0.78563 ], [ 34.57438, -0.78574 ], [ 34.57441, -0.78584 ], [ 34.57445, -0.78594 ], [ 34.57445, -0.78608 ], [ 34.57445, -0.7865 ], [ 34.57435, -0.78667 ], [ 34.57432, -0.78671 ], [ 34.57431, -0.78673 ], [ 34.5743, -0.78675 ], [ 34.57429, -0.78678 ], [ 34.57426, -0.78681 ], [ 34.57425, -0.78684 ], [ 34.57419, -0.78695 ], [ 34.57388, -0.78772 ], [ 34.57362, -0.78801 ], [ 34.57351, -0.78813 ], [ 34.57345, -0.7882 ], [ 34.5727, -0.7888 ], [ 34.57246, -0.78915 ], [ 34.57234, -0.78933 ], [ 34.57222, -0.7895 ], [ 34.57163, -0.79017 ], [ 34.57141, -0.79069 ], [ 34.57122, -0.7915 ], [ 34.57096, -0.79221 ], [ 34.57033, -0.79272 ], [ 34.56985, -0.79306 ], [ 34.56944, -0.79332 ], [ 34.56898, -0.79368 ], [ 34.56896, -0.7937 ], [ 34.56888, -0.79376 ], [ 34.56882, -0.7938 ], [ 34.56878, -0.79384 ], [ 34.56873, -0.7939 ], [ 34.56869, -0.79397 ], [ 34.56864, -0.79404 ], [ 34.56857, -0.79414 ], [ 34.56853, -0.79421 ], [ 34.56848, -0.79428 ], [ 34.56841, -0.79438 ], [ 34.56836, -0.79445 ], [ 34.56827, -0.79459 ], [ 34.56821, -0.79467 ], [ 34.56814, -0.79478 ], [ 34.56805, -0.79491 ], [ 34.568, -0.79498 ], [ 34.56799, -0.7951 ], [ 34.56798, -0.79526 ], [ 34.56794, -0.7957 ], [ 34.56793, -0.79589 ], [ 34.56793, -0.79595 ], [ 34.56796, -0.79616 ], [ 34.56799, -0.79635 ], [ 34.56801, -0.79647 ], [ 34.56804, -0.79665 ], [ 34.56811, -0.79677 ], [ 34.56814, -0.79683 ], [ 34.56844, -0.79736 ], [ 34.56848, -0.79743 ], [ 34.56853, -0.79751 ], [ 34.5686, -0.79764 ], [ 34.56866, -0.79776 ], [ 34.56873, -0.79789 ], [ 34.56879, -0.798 ], [ 34.56884, -0.79808 ], [ 34.56887, -0.79814 ], [ 34.56892, -0.79824 ], [ 34.56896, -0.79832 ], [ 34.56901, -0.79844 ], [ 34.56904, -0.79853 ], [ 34.56908, -0.79863 ], [ 34.56913, -0.79875 ], [ 34.56918, -0.79888 ], [ 34.56922, -0.79898 ], [ 34.56926, -0.79908 ], [ 34.5692, -0.79908 ], [ 34.56915, -0.79909 ], [ 34.56909, -0.7991 ], [ 34.56904, -0.79912 ], [ 34.56897, -0.79914 ], [ 34.56892, -0.79915 ], [ 34.56885, -0.79917 ], [ 34.56844, -0.79931 ], [ 34.56825, -0.79955 ], [ 34.5682, -0.79963 ], [ 34.56815, -0.79968 ], [ 34.56804, -0.79979 ], [ 34.56792, -0.79993 ], [ 34.56783, -0.80004 ], [ 34.56777, -0.8001 ], [ 34.56777, -0.80011 ], [ 34.56774, -0.80015 ], [ 34.5677, -0.80023 ], [ 34.56768, -0.80026 ], [ 34.56766, -0.80029 ], [ 34.56764, -0.8003 ], [ 34.5676, -0.80032 ], [ 34.56756, -0.80033 ], [ 34.5675, -0.80033 ], [ 34.5674, -0.80032 ], [ 34.56736, -0.80032 ], [ 34.56718, -0.80033 ], [ 34.56712, -0.80033 ], [ 34.56706, -0.80032 ], [ 34.56702, -0.80032 ], [ 34.56697, -0.80031 ], [ 34.56677, -0.80027 ], [ 34.56668, -0.80026 ], [ 34.56662, -0.80026 ], [ 34.56655, -0.80025 ], [ 34.56635, -0.80025 ], [ 34.56629, -0.80025 ], [ 34.56616, -0.80024 ], [ 34.56609, -0.80024 ], [ 34.56604, -0.80025 ], [ 34.5659, -0.80026 ], [ 34.5658, -0.80027 ], [ 34.56575, -0.80028 ], [ 34.56571, -0.8003 ], [ 34.56567, -0.80031 ], [ 34.56563, -0.80032 ], [ 34.56558, -0.80034 ], [ 34.56553, -0.80037 ], [ 34.56548, -0.80041 ], [ 34.56539, -0.80047 ], [ 34.56533, -0.80052 ], [ 34.56527, -0.80056 ], [ 34.56511, -0.8007 ], [ 34.56508, -0.80072 ], [ 34.56504, -0.80076 ], [ 34.56501, -0.80078 ], [ 34.56498, -0.8008 ], [ 34.56495, -0.80081 ], [ 34.56483, -0.80082 ], [ 34.5648, -0.80082 ], [ 34.5648, -0.80082 ], [ 34.56471, -0.80084 ], [ 34.56464, -0.80085 ], [ 34.56457, -0.80085 ], [ 34.56449, -0.80085 ], [ 34.5644, -0.80084 ], [ 34.56429, -0.80083 ], [ 34.56419, -0.80082 ], [ 34.56411, -0.80081 ], [ 34.56398, -0.80078 ], [ 34.56379, -0.80075 ], [ 34.56371, -0.80073 ], [ 34.56367, -0.80074 ], [ 34.56335, -0.8008 ], [ 34.56334, -0.8008 ], [ 34.56338, -0.80084 ], [ 34.56343, -0.80089 ], [ 34.56348, -0.80094 ], [ 34.56358, -0.80106 ], [ 34.56363, -0.80111 ], [ 34.56367, -0.80116 ], [ 34.56378, -0.80125 ], [ 34.56381, -0.80129 ], [ 34.56383, -0.80131 ], [ 34.56386, -0.80133 ], [ 34.56387, -0.80134 ], [ 34.5639, -0.80138 ], [ 34.56392, -0.80142 ], [ 34.56395, -0.80147 ], [ 34.56396, -0.80152 ], [ 34.56401, -0.80164 ], [ 34.56403, -0.80168 ], [ 34.56404, -0.80171 ], [ 34.56408, -0.80178 ], [ 34.56414, -0.80187 ], [ 34.56419, -0.80195 ], [ 34.56422, -0.80199 ], [ 34.56424, -0.80202 ], [ 34.56427, -0.8021 ], [ 34.56429, -0.80213 ], [ 34.56431, -0.80215 ], [ 34.56434, -0.80218 ], [ 34.56438, -0.8022 ], [ 34.56444, -0.80223 ], [ 34.56448, -0.80226 ], [ 34.56451, -0.80227 ], [ 34.56456, -0.8023 ], [ 34.56463, -0.80233 ], [ 34.56467, -0.80234 ], [ 34.56471, -0.80235 ], [ 34.56476, -0.80236 ], [ 34.56482, -0.80236 ], [ 34.56485, -0.80236 ], [ 34.56488, -0.80237 ], [ 34.56499, -0.80236 ], [ 34.56503, -0.80236 ], [ 34.56515, -0.80235 ], [ 34.56519, -0.80235 ], [ 34.56522, -0.80235 ], [ 34.56526, -0.80235 ], [ 34.56531, -0.80236 ], [ 34.56537, -0.80237 ], [ 34.56543, -0.80239 ], [ 34.56549, -0.80241 ], [ 34.56556, -0.80244 ], [ 34.56559, -0.80246 ], [ 34.56559, -0.80246 ], [ 34.56564, -0.80248 ], [ 34.56569, -0.80249 ], [ 34.56574, -0.80251 ], [ 34.56579, -0.80254 ], [ 34.56583, -0.80256 ], [ 34.56589, -0.8026 ], [ 34.56595, -0.80264 ], [ 34.56602, -0.80269 ], [ 34.56609, -0.80276 ], [ 34.56614, -0.8028 ], [ 34.56619, -0.80284 ], [ 34.56623, -0.80289 ], [ 34.56627, -0.80293 ], [ 34.56631, -0.80298 ], [ 34.56635, -0.80303 ], [ 34.56639, -0.80307 ], [ 34.56642, -0.80312 ], [ 34.5665, -0.80324 ], [ 34.56653, -0.80329 ], [ 34.56655, -0.80334 ], [ 34.56657, -0.80338 ], [ 34.56659, -0.80342 ], [ 34.5666, -0.80346 ], [ 34.56661, -0.8035 ], [ 34.56662, -0.80355 ], [ 34.56663, -0.80362 ], [ 34.56662, -0.80367 ], [ 34.56662, -0.80369 ], [ 34.56663, -0.8038 ], [ 34.56665, -0.80399 ], [ 34.56665, -0.80411 ], [ 34.56665, -0.80417 ], [ 34.56665, -0.80422 ], [ 34.56664, -0.80427 ], [ 34.56663, -0.80432 ], [ 34.56662, -0.80437 ], [ 34.5666, -0.80443 ], [ 34.56659, -0.80447 ], [ 34.56658, -0.80449 ], [ 34.56655, -0.80458 ], [ 34.56653, -0.80463 ], [ 34.56651, -0.80467 ], [ 34.56642, -0.80486 ], [ 34.5664, -0.80491 ], [ 34.56639, -0.80495 ], [ 34.56635, -0.80507 ], [ 34.56633, -0.80513 ], [ 34.56632, -0.80519 ], [ 34.56631, -0.80525 ], [ 34.56631, -0.80529 ], [ 34.56632, -0.80532 ], [ 34.56632, -0.80536 ], [ 34.56633, -0.8054 ], [ 34.56634, -0.80543 ], [ 34.56635, -0.80547 ], [ 34.56636, -0.8055 ], [ 34.56637, -0.80554 ], [ 34.5664, -0.80559 ], [ 34.56643, -0.80564 ], [ 34.56646, -0.80568 ], [ 34.56649, -0.80572 ], [ 34.56649, -0.80573 ], [ 34.56652, -0.80576 ], [ 34.56655, -0.80577 ], [ 34.5666, -0.80583 ], [ 34.56664, -0.80587 ], [ 34.56667, -0.80589 ], [ 34.56675, -0.80592 ], [ 34.56682, -0.80596 ], [ 34.56688, -0.806 ], [ 34.56694, -0.80602 ], [ 34.56699, -0.80603 ], [ 34.56705, -0.80604 ], [ 34.5671, -0.80604 ], [ 34.56716, -0.80604 ], [ 34.56731, -0.80604 ], [ 34.56745, -0.80604 ], [ 34.56757, -0.80604 ], [ 34.56768, -0.80604 ], [ 34.56778, -0.80603 ], [ 34.56785, -0.80603 ], [ 34.56801, -0.80601 ], [ 34.56808, -0.806 ], [ 34.56821, -0.80599 ], [ 34.56836, -0.80598 ], [ 34.56852, -0.80596 ], [ 34.56857, -0.80597 ], [ 34.56861, -0.80597 ], [ 34.56865, -0.80598 ], [ 34.56871, -0.80599 ], [ 34.56875, -0.80599 ], [ 34.56879, -0.806 ], [ 34.56883, -0.80601 ], [ 34.56887, -0.80603 ], [ 34.56896, -0.80606 ], [ 34.56905, -0.80611 ], [ 34.56912, -0.80615 ], [ 34.56919, -0.80619 ], [ 34.56926, -0.80624 ], [ 34.56934, -0.80631 ], [ 34.56939, -0.80635 ], [ 34.56944, -0.80639 ], [ 34.56962, -0.80658 ], [ 34.56969, -0.80665 ], [ 34.56984, -0.80681 ], [ 34.56992, -0.80689 ], [ 34.56997, -0.80694 ], [ 34.57001, -0.80696 ], [ 34.5701, -0.80705 ], [ 34.57015, -0.8071 ], [ 34.57019, -0.80714 ], [ 34.57029, -0.80728 ], [ 34.57033, -0.80733 ], [ 34.57042, -0.80741 ], [ 34.5705, -0.80748 ], [ 34.57054, -0.80752 ], [ 34.57058, -0.80755 ], [ 34.57063, -0.80758 ], [ 34.57067, -0.8076 ], [ 34.57071, -0.80763 ], [ 34.57076, -0.80765 ], [ 34.57081, -0.80766 ], [ 34.57088, -0.80768 ], [ 34.57092, -0.80771 ], [ 34.57098, -0.80772 ], [ 34.57103, -0.80775 ], [ 34.57108, -0.80777 ], [ 34.57111, -0.8078 ], [ 34.57114, -0.80783 ], [ 34.57123, -0.80792 ], [ 34.57127, -0.80796 ], [ 34.57131, -0.808 ], [ 34.57145, -0.80817 ], [ 34.57155, -0.80831 ], [ 34.57163, -0.8084 ], [ 34.57168, -0.80846 ], [ 34.57171, -0.80851 ], [ 34.57175, -0.80855 ], [ 34.57179, -0.80862 ], [ 34.57182, -0.80866 ], [ 34.57184, -0.80871 ], [ 34.57188, -0.80882 ], [ 34.57191, -0.80888 ], [ 34.57194, -0.80892 ], [ 34.57198, -0.80898 ], [ 34.57202, -0.80903 ], [ 34.57203, -0.80905 ], [ 34.57205, -0.80908 ], [ 34.57208, -0.80913 ], [ 34.5721, -0.8092 ], [ 34.57211, -0.80923 ], [ 34.57212, -0.80928 ], [ 34.57213, -0.80935 ], [ 34.57213, -0.8094 ], [ 34.57213, -0.80944 ], [ 34.57214, -0.80949 ], [ 34.57213, -0.80955 ], [ 34.57213, -0.80959 ], [ 34.57213, -0.80965 ], [ 34.57213, -0.8097 ], [ 34.57212, -0.80975 ], [ 34.5721, -0.8098 ], [ 34.57208, -0.80987 ], [ 34.57206, -0.80993 ], [ 34.57204, -0.80999 ], [ 34.57201, -0.81007 ], [ 34.57198, -0.81013 ], [ 34.57194, -0.81019 ], [ 34.5719, -0.81026 ], [ 34.57186, -0.81033 ], [ 34.57178, -0.81043 ], [ 34.57176, -0.81046 ], [ 34.57172, -0.81051 ], [ 34.57165, -0.81063 ], [ 34.57162, -0.81068 ], [ 34.57159, -0.81075 ], [ 34.57156, -0.81081 ], [ 34.57153, -0.81085 ], [ 34.57152, -0.81088 ], [ 34.5715, -0.81092 ], [ 34.57148, -0.81097 ], [ 34.57148, -0.81102 ], [ 34.57148, -0.81105 ], [ 34.57148, -0.81108 ], [ 34.57148, -0.81111 ], [ 34.57149, -0.81117 ], [ 34.57151, -0.81122 ], [ 34.57153, -0.81126 ], [ 34.57155, -0.81129 ], [ 34.57158, -0.81132 ], [ 34.57161, -0.81134 ], [ 34.57164, -0.81136 ], [ 34.57172, -0.81139 ], [ 34.57175, -0.81141 ], [ 34.57182, -0.81146 ], [ 34.57187, -0.8115 ], [ 34.57191, -0.81155 ], [ 34.57196, -0.81159 ], [ 34.572, -0.81165 ], [ 34.57203, -0.81169 ], [ 34.57206, -0.81173 ], [ 34.57208, -0.81178 ], [ 34.57209, -0.81183 ], [ 34.5721, -0.81187 ], [ 34.5721, -0.81193 ], [ 34.57209, -0.81204 ], [ 34.5721, -0.81209 ], [ 34.5721, -0.81214 ], [ 34.5721, -0.81218 ], [ 34.5721, -0.81222 ], [ 34.57209, -0.81226 ], [ 34.57207, -0.81237 ], [ 34.57206, -0.81241 ], [ 34.57205, -0.81245 ], [ 34.57204, -0.81249 ], [ 34.57202, -0.81253 ], [ 34.57201, -0.81256 ], [ 34.57199, -0.81258 ], [ 34.57193, -0.81274 ], [ 34.5719, -0.81279 ], [ 34.57189, -0.81285 ], [ 34.57187, -0.8129 ], [ 34.57186, -0.81297 ], [ 34.57186, -0.81306 ], [ 34.57186, -0.81315 ], [ 34.57186, -0.81325 ], [ 34.57185, -0.81335 ], [ 34.57188, -0.81345 ], [ 34.5719, -0.81356 ], [ 34.57193, -0.81366 ], [ 34.57194, -0.8137 ], [ 34.57198, -0.81381 ], [ 34.57199, -0.81384 ], [ 34.57199, -0.81387 ], [ 34.57199, -0.8139 ], [ 34.57199, -0.81393 ], [ 34.57199, -0.81397 ], [ 34.57197, -0.81401 ], [ 34.57197, -0.81403 ], [ 34.57196, -0.81406 ], [ 34.57195, -0.8141 ], [ 34.57193, -0.81414 ], [ 34.57192, -0.81417 ], [ 34.57189, -0.81418 ], [ 34.57187, -0.8142 ], [ 34.57183, -0.81423 ], [ 34.57174, -0.8143 ], [ 34.57171, -0.81433 ], [ 34.57167, -0.81436 ], [ 34.57159, -0.8144 ], [ 34.57155, -0.81444 ], [ 34.57152, -0.81447 ], [ 34.5715, -0.81449 ], [ 34.57148, -0.81451 ], [ 34.57147, -0.81455 ], [ 34.57146, -0.81458 ], [ 34.57144, -0.81461 ], [ 34.57143, -0.81464 ], [ 34.57143, -0.81468 ], [ 34.57144, -0.81472 ], [ 34.57146, -0.81475 ], [ 34.5715, -0.81479 ], [ 34.57153, -0.81481 ], [ 34.5716, -0.81484 ], [ 34.57164, -0.81487 ], [ 34.57168, -0.81489 ], [ 34.57172, -0.81491 ], [ 34.57187, -0.81493 ], [ 34.57221, -0.81501 ], [ 34.57229, -0.81503 ], [ 34.5724, -0.81507 ], [ 34.57249, -0.81509 ], [ 34.57256, -0.8151 ], [ 34.57261, -0.81511 ], [ 34.57267, -0.81512 ], [ 34.57271, -0.81513 ], [ 34.57278, -0.81514 ], [ 34.57282, -0.81515 ], [ 34.5729, -0.81519 ], [ 34.57299, -0.81524 ], [ 34.57308, -0.81528 ], [ 34.57312, -0.8153 ], [ 34.57315, -0.81532 ], [ 34.5732, -0.81536 ], [ 34.57326, -0.81541 ], [ 34.5733, -0.81544 ], [ 34.57335, -0.81549 ], [ 34.57339, -0.81552 ], [ 34.57342, -0.81555 ], [ 34.57345, -0.81556 ], [ 34.57347, -0.81559 ], [ 34.57348, -0.81564 ], [ 34.5735, -0.81568 ], [ 34.57351, -0.81571 ], [ 34.57351, -0.81575 ], [ 34.57352, -0.8158 ], [ 34.57353, -0.81587 ], [ 34.57354, -0.81592 ], [ 34.57355, -0.81601 ], [ 34.57355, -0.81604 ], [ 34.57356, -0.81616 ], [ 34.57356, -0.81629 ], [ 34.57356, -0.8164 ], [ 34.57355, -0.81645 ], [ 34.57353, -0.81658 ], [ 34.57353, -0.81662 ], [ 34.57353, -0.81665 ], [ 34.57353, -0.81669 ], [ 34.57353, -0.81676 ], [ 34.57354, -0.81689 ], [ 34.57355, -0.81693 ], [ 34.57356, -0.81697 ], [ 34.57357, -0.81702 ], [ 34.57358, -0.81706 ], [ 34.5736, -0.81709 ], [ 34.57362, -0.81713 ], [ 34.57365, -0.81718 ], [ 34.57369, -0.81724 ], [ 34.57374, -0.81729 ], [ 34.57379, -0.81735 ], [ 34.57384, -0.81739 ], [ 34.5739, -0.81744 ], [ 34.57397, -0.81749 ], [ 34.57405, -0.81755 ], [ 34.5741, -0.81757 ], [ 34.57418, -0.8176 ], [ 34.57422, -0.81761 ], [ 34.57426, -0.81764 ], [ 34.57429, -0.81766 ], [ 34.57433, -0.81768 ], [ 34.57438, -0.81772 ], [ 34.57443, -0.81777 ], [ 34.57448, -0.81782 ], [ 34.57452, -0.81787 ], [ 34.57455, -0.81791 ], [ 34.57458, -0.81796 ], [ 34.57461, -0.81801 ], [ 34.57464, -0.81806 ], [ 34.57465, -0.81811 ], [ 34.57467, -0.81816 ], [ 34.57468, -0.8182 ], [ 34.57468, -0.81824 ], [ 34.57468, -0.81828 ], [ 34.57468, -0.81831 ], [ 34.57467, -0.81835 ], [ 34.57466, -0.81839 ], [ 34.57464, -0.81843 ], [ 34.57463, -0.81847 ], [ 34.57456, -0.81863 ], [ 34.57455, -0.81868 ], [ 34.57452, -0.81872 ], [ 34.57448, -0.81877 ], [ 34.57445, -0.81881 ], [ 34.57442, -0.81886 ], [ 34.5744, -0.81889 ], [ 34.57436, -0.81892 ], [ 34.57434, -0.81895 ], [ 34.57432, -0.81899 ], [ 34.57431, -0.81902 ], [ 34.5743, -0.81905 ], [ 34.5743, -0.81909 ], [ 34.57429, -0.81913 ], [ 34.57429, -0.81918 ], [ 34.5743, -0.81922 ], [ 34.57431, -0.81928 ], [ 34.57431, -0.81931 ], [ 34.57432, -0.81935 ], [ 34.57434, -0.81939 ], [ 34.57436, -0.81942 ], [ 34.57438, -0.81945 ], [ 34.57441, -0.81949 ], [ 34.57453, -0.81961 ], [ 34.57461, -0.81969 ], [ 34.57464, -0.81975 ], [ 34.57467, -0.81978 ], [ 34.5747, -0.81981 ], [ 34.57473, -0.81985 ], [ 34.57476, -0.81988 ], [ 34.57482, -0.81995 ], [ 34.57485, -0.81997 ], [ 34.57489, -0.82002 ], [ 34.57494, -0.82007 ], [ 34.57497, -0.82009 ], [ 34.57513, -0.82032 ], [ 34.57521, -0.82042 ], [ 34.57528, -0.82049 ], [ 34.57534, -0.82056 ], [ 34.57542, -0.82063 ], [ 34.5755, -0.82071 ], [ 34.57565, -0.82084 ], [ 34.57568, -0.82086 ], [ 34.57583, -0.821 ], [ 34.57599, -0.82115 ], [ 34.57615, -0.82129 ], [ 34.57626, -0.82138 ], [ 34.57651, -0.82161 ], [ 34.5766, -0.82169 ], [ 34.57662, -0.82172 ], [ 34.57669, -0.82178 ], [ 34.57676, -0.82185 ], [ 34.57681, -0.8219 ], [ 34.57685, -0.82196 ], [ 34.57693, -0.82205 ], [ 34.57699, -0.82212 ], [ 34.57706, -0.82221 ], [ 34.57713, -0.8223 ], [ 34.57719, -0.82239 ], [ 34.57725, -0.82248 ], [ 34.5773, -0.82257 ], [ 34.57735, -0.82266 ], [ 34.57744, -0.8228 ], [ 34.57749, -0.82288 ], [ 34.57753, -0.82298 ], [ 34.57755, -0.82302 ], [ 34.57756, -0.82305 ], [ 34.57757, -0.82309 ], [ 34.57758, -0.82314 ], [ 34.5776, -0.82319 ], [ 34.57759, -0.82324 ], [ 34.5776, -0.82334 ], [ 34.57761, -0.82354 ], [ 34.57762, -0.82366 ], [ 34.57763, -0.82377 ], [ 34.57763, -0.82387 ], [ 34.57763, -0.82397 ], [ 34.57762, -0.8241 ], [ 34.57762, -0.82422 ], [ 34.57761, -0.82434 ], [ 34.57761, -0.82443 ], [ 34.57759, -0.82454 ], [ 34.57757, -0.82462 ], [ 34.57754, -0.82472 ], [ 34.57752, -0.82481 ], [ 34.57749, -0.82492 ], [ 34.57746, -0.82503 ], [ 34.57743, -0.82515 ], [ 34.57738, -0.82528 ], [ 34.57736, -0.82531 ], [ 34.57735, -0.82535 ], [ 34.57727, -0.82549 ], [ 34.57725, -0.82552 ], [ 34.57724, -0.82555 ], [ 34.57723, -0.82558 ], [ 34.57722, -0.82561 ], [ 34.57722, -0.82565 ], [ 34.57724, -0.82569 ], [ 34.57726, -0.82571 ], [ 34.57729, -0.82574 ], [ 34.57735, -0.82579 ], [ 34.57738, -0.82582 ], [ 34.57743, -0.82586 ], [ 34.57752, -0.82599 ], [ 34.57756, -0.82604 ], [ 34.57759, -0.82607 ], [ 34.57762, -0.8261 ], [ 34.57764, -0.82613 ], [ 34.57767, -0.82615 ], [ 34.57771, -0.82618 ], [ 34.57775, -0.8262 ], [ 34.57778, -0.82621 ], [ 34.57781, -0.82623 ], [ 34.57786, -0.82625 ], [ 34.5779, -0.82626 ], [ 34.57802, -0.82624 ], [ 34.57805, -0.82625 ], [ 34.57809, -0.82626 ], [ 34.57812, -0.82627 ], [ 34.57823, -0.82632 ], [ 34.57826, -0.82633 ], [ 34.5783, -0.82635 ], [ 34.57834, -0.82637 ], [ 34.57838, -0.82638 ], [ 34.57842, -0.8264 ], [ 34.57845, -0.82642 ], [ 34.57847, -0.82643 ], [ 34.5785, -0.82646 ], [ 34.57854, -0.82649 ], [ 34.57857, -0.82651 ], [ 34.5786, -0.82655 ], [ 34.57863, -0.82658 ], [ 34.57865, -0.82663 ], [ 34.57868, -0.82667 ], [ 34.57871, -0.82672 ], [ 34.57872, -0.82675 ], [ 34.57874, -0.82679 ], [ 34.57876, -0.82685 ], [ 34.57879, -0.82691 ], [ 34.57892, -0.82707 ], [ 34.57895, -0.82712 ], [ 34.57898, -0.82717 ], [ 34.57902, -0.82724 ], [ 34.57908, -0.82737 ], [ 34.57912, -0.82745 ], [ 34.57915, -0.82749 ], [ 34.57917, -0.82753 ], [ 34.5792, -0.82756 ], [ 34.57923, -0.82759 ], [ 34.57926, -0.82763 ], [ 34.57929, -0.82766 ], [ 34.57937, -0.82772 ], [ 34.57946, -0.82778 ], [ 34.57955, -0.82785 ], [ 34.57964, -0.8279 ], [ 34.57973, -0.82794 ], [ 34.57982, -0.82798 ], [ 34.5799, -0.82801 ], [ 34.57998, -0.82803 ], [ 34.58006, -0.82805 ], [ 34.58014, -0.82807 ], [ 34.58022, -0.82808 ], [ 34.58027, -0.82808 ], [ 34.58033, -0.82808 ], [ 34.58038, -0.82808 ], [ 34.58044, -0.82808 ], [ 34.58049, -0.82807 ], [ 34.58055, -0.82807 ], [ 34.58061, -0.82806 ], [ 34.58066, -0.82805 ], [ 34.58073, -0.82803 ], [ 34.5808, -0.82801 ], [ 34.58088, -0.82799 ], [ 34.58092, -0.82797 ], [ 34.58095, -0.82796 ], [ 34.58105, -0.82791 ], [ 34.58114, -0.82787 ], [ 34.58123, -0.82782 ], [ 34.58131, -0.82776 ], [ 34.58135, -0.82773 ], [ 34.5814, -0.82769 ], [ 34.58154, -0.82756 ], [ 34.58166, -0.82744 ], [ 34.58169, -0.82742 ], [ 34.58172, -0.82739 ], [ 34.58177, -0.82737 ], [ 34.58182, -0.82734 ], [ 34.58189, -0.8273 ], [ 34.58197, -0.82729 ], [ 34.58203, -0.82727 ], [ 34.58211, -0.82726 ], [ 34.58219, -0.82725 ], [ 34.58234, -0.82723 ], [ 34.58242, -0.82722 ], [ 34.58252, -0.82722 ], [ 34.58255, -0.82722 ], [ 34.58258, -0.82722 ], [ 34.58262, -0.82721 ], [ 34.58279, -0.8272 ], [ 34.58284, -0.8272 ], [ 34.58288, -0.82718 ], [ 34.58293, -0.82717 ], [ 34.58298, -0.82716 ], [ 34.58302, -0.82714 ], [ 34.58306, -0.82713 ], [ 34.58309, -0.8271 ], [ 34.58313, -0.82707 ], [ 34.58317, -0.82704 ], [ 34.58325, -0.82696 ], [ 34.58332, -0.82688 ], [ 34.58334, -0.82687 ], [ 34.5834, -0.82684 ], [ 34.58343, -0.82683 ], [ 34.58346, -0.82682 ], [ 34.5835, -0.82681 ], [ 34.58354, -0.82681 ], [ 34.58358, -0.82682 ], [ 34.58362, -0.82683 ], [ 34.58366, -0.82685 ], [ 34.5837, -0.82687 ], [ 34.58373, -0.8269 ], [ 34.58375, -0.82691 ], [ 34.58378, -0.82693 ], [ 34.5838, -0.82695 ], [ 34.58382, -0.82698 ], [ 34.58384, -0.82701 ], [ 34.58386, -0.82703 ], [ 34.58387, -0.82706 ], [ 34.58388, -0.82709 ], [ 34.5839, -0.82713 ], [ 34.5839, -0.82717 ], [ 34.58391, -0.82722 ], [ 34.58391, -0.82726 ], [ 34.5839, -0.82729 ], [ 34.58389, -0.82733 ], [ 34.58388, -0.82736 ], [ 34.58386, -0.8274 ], [ 34.58383, -0.82745 ], [ 34.58373, -0.82758 ], [ 34.5837, -0.82762 ], [ 34.58368, -0.82765 ], [ 34.58359, -0.82781 ], [ 34.58356, -0.82785 ], [ 34.58353, -0.82788 ], [ 34.58351, -0.82794 ], [ 34.58348, -0.828 ], [ 34.58345, -0.82806 ], [ 34.5834, -0.82821 ], [ 34.58338, -0.82826 ], [ 34.58336, -0.82829 ], [ 34.58332, -0.82835 ], [ 34.58327, -0.82841 ], [ 34.58322, -0.82847 ], [ 34.58311, -0.82859 ], [ 34.58306, -0.82864 ], [ 34.583, -0.8287 ], [ 34.58274, -0.82893 ], [ 34.58268, -0.82898 ], [ 34.58263, -0.82903 ], [ 34.58258, -0.82909 ], [ 34.58243, -0.82926 ], [ 34.58239, -0.82931 ], [ 34.58234, -0.82935 ], [ 34.58232, -0.82937 ], [ 34.58229, -0.82939 ], [ 34.58219, -0.82945 ], [ 34.58215, -0.82947 ], [ 34.58211, -0.8295 ], [ 34.58209, -0.82953 ], [ 34.58206, -0.82957 ], [ 34.58203, -0.82961 ], [ 34.58201, -0.82965 ], [ 34.582, -0.82968 ], [ 34.58198, -0.82973 ], [ 34.58197, -0.8298 ], [ 34.58196, -0.82983 ], [ 34.58196, -0.82987 ], [ 34.58196, -0.8299 ], [ 34.58196, -0.82994 ], [ 34.58197, -0.83002 ], [ 34.582, -0.83017 ], [ 34.58201, -0.83027 ], [ 34.58203, -0.83033 ], [ 34.58204, -0.83036 ], [ 34.58204, -0.83044 ], [ 34.58206, -0.83051 ], [ 34.58208, -0.83057 ], [ 34.5821, -0.83064 ], [ 34.58212, -0.83069 ], [ 34.58214, -0.83075 ], [ 34.58217, -0.8308 ], [ 34.5822, -0.83084 ], [ 34.58222, -0.83089 ], [ 34.58226, -0.83094 ], [ 34.58229, -0.83099 ], [ 34.58232, -0.83103 ], [ 34.58236, -0.83108 ], [ 34.5824, -0.83112 ], [ 34.58247, -0.8312 ], [ 34.58251, -0.83124 ], [ 34.58255, -0.83128 ], [ 34.58259, -0.8313 ], [ 34.58262, -0.83131 ], [ 34.58266, -0.83132 ], [ 34.5827, -0.83132 ], [ 34.58276, -0.83133 ], [ 34.58283, -0.83134 ], [ 34.58288, -0.83135 ], [ 34.58294, -0.83137 ], [ 34.58301, -0.8314 ], [ 34.58308, -0.83143 ], [ 34.58313, -0.83146 ], [ 34.58318, -0.83149 ], [ 34.58322, -0.83151 ], [ 34.58326, -0.83155 ], [ 34.58331, -0.83159 ], [ 34.58336, -0.83163 ], [ 34.58339, -0.83166 ], [ 34.58343, -0.8317 ], [ 34.58345, -0.83173 ], [ 34.58347, -0.83175 ], [ 34.5835, -0.83178 ], [ 34.58356, -0.83182 ], [ 34.58359, -0.83184 ], [ 34.58362, -0.83186 ], [ 34.58366, -0.83188 ], [ 34.58369, -0.8319 ], [ 34.58372, -0.8319 ], [ 34.58375, -0.83189 ], [ 34.58378, -0.83189 ], [ 34.58381, -0.83188 ], [ 34.58385, -0.83187 ], [ 34.58388, -0.83185 ], [ 34.58392, -0.83183 ], [ 34.58396, -0.83181 ], [ 34.58404, -0.83175 ], [ 34.58412, -0.8317 ], [ 34.5842, -0.83165 ], [ 34.58424, -0.83162 ], [ 34.58429, -0.83158 ], [ 34.58434, -0.83153 ], [ 34.58437, -0.8315 ], [ 34.58441, -0.83148 ], [ 34.58445, -0.83145 ], [ 34.58449, -0.83142 ], [ 34.58452, -0.83141 ], [ 34.58458, -0.8314 ], [ 34.58463, -0.83137 ], [ 34.58467, -0.83136 ], [ 34.58472, -0.83136 ], [ 34.58476, -0.83136 ], [ 34.5848, -0.83135 ], [ 34.58483, -0.83135 ], [ 34.58489, -0.83134 ], [ 34.58493, -0.83135 ], [ 34.58496, -0.83135 ], [ 34.58501, -0.83137 ], [ 34.58505, -0.83138 ], [ 34.58509, -0.83139 ], [ 34.58514, -0.8314 ], [ 34.58518, -0.83142 ], [ 34.58523, -0.83144 ], [ 34.58528, -0.83147 ], [ 34.58534, -0.8315 ], [ 34.58541, -0.83154 ], [ 34.58546, -0.83157 ], [ 34.58552, -0.83161 ], [ 34.58556, -0.83165 ], [ 34.58559, -0.83167 ], [ 34.58561, -0.83169 ], [ 34.58569, -0.8318 ], [ 34.58573, -0.83184 ], [ 34.58577, -0.83188 ], [ 34.58588, -0.83196 ], [ 34.58592, -0.832 ], [ 34.58595, -0.83203 ], [ 34.58597, -0.83206 ], [ 34.58605, -0.83218 ], [ 34.58608, -0.83222 ], [ 34.58619, -0.83234 ], [ 34.58623, -0.8324 ], [ 34.58628, -0.83247 ], [ 34.58631, -0.83251 ], [ 34.58633, -0.83255 ], [ 34.58634, -0.83258 ], [ 34.58635, -0.83262 ], [ 34.58635, -0.83266 ], [ 34.58635, -0.8327 ], [ 34.58636, -0.83274 ], [ 34.58635, -0.83278 ], [ 34.58635, -0.83281 ], [ 34.58633, -0.83286 ], [ 34.58631, -0.83288 ], [ 34.5863, -0.83291 ], [ 34.58627, -0.83292 ], [ 34.58625, -0.83295 ], [ 34.58618, -0.833 ], [ 34.58615, -0.83303 ], [ 34.58611, -0.83308 ], [ 34.58609, -0.83311 ], [ 34.58608, -0.83314 ], [ 34.58606, -0.83317 ], [ 34.58606, -0.83322 ], [ 34.58606, -0.83327 ], [ 34.58606, -0.83331 ], [ 34.58608, -0.83335 ], [ 34.5861, -0.83338 ], [ 34.58613, -0.8334 ], [ 34.58617, -0.83342 ], [ 34.58624, -0.83347 ], [ 34.58628, -0.83349 ], [ 34.58634, -0.83353 ], [ 34.5865, -0.83363 ], [ 34.58657, -0.83368 ], [ 34.58669, -0.83377 ], [ 34.58672, -0.83379 ], [ 34.58681, -0.83384 ], [ 34.58684, -0.83387 ], [ 34.58686, -0.8339 ], [ 34.58687, -0.83393 ], [ 34.58687, -0.83396 ], [ 34.58689, -0.83406 ], [ 34.5869, -0.8341 ], [ 34.58693, -0.83422 ], [ 34.58695, -0.83425 ], [ 34.58698, -0.8343 ], [ 34.587, -0.83435 ], [ 34.58703, -0.83438 ], [ 34.58705, -0.83442 ], [ 34.58708, -0.83445 ], [ 34.58711, -0.8345 ], [ 34.58716, -0.83455 ], [ 34.5872, -0.8346 ], [ 34.58721, -0.83462 ], [ 34.58725, -0.83464 ], [ 34.58729, -0.83468 ], [ 34.58734, -0.83471 ], [ 34.58738, -0.83473 ], [ 34.58743, -0.83475 ], [ 34.58746, -0.83476 ], [ 34.58749, -0.83477 ], [ 34.58753, -0.83478 ] ] ] } },
{ "type": "Feature", "properties": { "entity_id": 220, "p_entity": 28, "name": "Kuria East Sub County" }, "geometry": { "type": "Polygon", "coordinates": [ [ [ 34.73093, -1.38886 ], [ 34.73088, -1.38891 ], [ 34.72316, -1.38464 ], [ 34.72187, -1.38389 ], [ 34.71475, -1.3799 ], [ 34.71382, -1.37945 ], [ 34.70272, -1.37282 ], [ 34.70143, -1.37235 ], [ 34.69296, -1.36757 ], [ 34.68116, -1.36103 ], [ 34.67089, -1.35525 ], [ 34.66775, -1.35373 ], [ 34.66125, -1.34998 ], [ 34.65387, -1.34552 ], [ 34.65184, -1.34432 ], [ 34.63967, -1.33743 ], [ 34.63621, -1.33563 ], [ 34.6241, -1.32871 ], [ 34.62387, -1.32849 ], [ 34.62101, -1.32703 ], [ 34.61115, -1.32165 ], [ 34.59985, -1.31531 ], [ 34.59957, -1.3152 ], [ 34.59295, -1.31143 ], [ 34.58241, -1.30532 ], [ 34.58019, -1.30405 ], [ 34.57743, -1.30247 ], [ 34.57511, -1.30114 ], [ 34.57276, -1.29977 ], [ 34.57242, -1.29958 ], [ 34.57241, -1.29962 ], [ 34.56711, -1.29653 ], [ 34.56706, -1.29645 ], [ 34.56118, -1.29319 ], [ 34.55784, -1.29138 ], [ 34.55388, -1.28908 ], [ 34.55282, -1.28848 ], [ 34.54336, -1.28305 ], [ 34.5428, -1.28275 ], [ 34.5292, -1.27501 ], [ 34.52175, -1.27103 ], [ 34.52152, -1.27086 ], [ 34.52155, -1.27036 ], [ 34.52155, -1.27 ], [ 34.52149, -1.26948 ], [ 34.52144, -1.26909 ], [ 34.52137, -1.26861 ], [ 34.52123, -1.26806 ], [ 34.52108, -1.26754 ], [ 34.52098, -1.26706 ], [ 34.52089, -1.26654 ], [ 34.52089, -1.26624 ], [ 34.52089, -1.26591 ], [ 34.52096, -1.26545 ], [ 34.52105, -1.26502 ], [ 34.52114, -1.26474 ], [ 34.52123, -1.26438 ], [ 34.52135, -1.26404 ], [ 34.52149, -1.26351 ], [ 34.52164, -1.26288 ], [ 34.52175, -1.26249 ], [ 34.52185, -1.26209 ], [ 34.52214, -1.26188 ], [ 34.52253, -1.26176 ], [ 34.52283, -1.26165 ], [ 34.52323, -1.26158 ], [ 34.52365, -1.2614 ], [ 34.52389, -1.26128 ], [ 34.5241, -1.26104 ], [ 34.52428, -1.26072 ], [ 34.5244, -1.26045 ], [ 34.52458, -1.26017 ], [ 34.52497, -1.25971 ], [ 34.52522, -1.2594 ], [ 34.52551, -1.25915 ], [ 34.52582, -1.25894 ], [ 34.52644, -1.25846 ], [ 34.52694, -1.25801 ], [ 34.52729, -1.25751 ], [ 34.52751, -1.25703 ], [ 34.52765, -1.25664 ], [ 34.52787, -1.25631 ], [ 34.5281, -1.2559 ], [ 34.52813, -1.25546 ], [ 34.52813, -1.25503 ], [ 34.52813, -1.25473 ], [ 34.52813, -1.25441 ], [ 34.52815, -1.25408 ], [ 34.5282, -1.25371 ], [ 34.52835, -1.25346 ], [ 34.52854, -1.25328 ], [ 34.52869, -1.25303 ], [ 34.52874, -1.25278 ], [ 34.52876, -1.25242 ], [ 34.52874, -1.25207 ], [ 34.52858, -1.25184 ], [ 34.52844, -1.25162 ], [ 34.52824, -1.25137 ], [ 34.52804, -1.2511 ], [ 34.52797, -1.25071 ], [ 34.52806, -1.25035 ], [ 34.52828, -1.25012 ], [ 34.52844, -1.24978 ], [ 34.52849, -1.24943 ], [ 34.5286, -1.24914 ], [ 34.52863, -1.24887 ], [ 34.5287, -1.24852 ], [ 34.52869, -1.24812 ], [ 34.52871, -1.24774 ], [ 34.52876, -1.24727 ], [ 34.52885, -1.24691 ], [ 34.52899, -1.24664 ], [ 34.5292, -1.24636 ], [ 34.52944, -1.24605 ], [ 34.52961, -1.24563 ], [ 34.52986, -1.2453 ], [ 34.53017, -1.24509 ], [ 34.53026, -1.24479 ], [ 34.53031, -1.24431 ], [ 34.5302, -1.24393 ], [ 34.53004, -1.24363 ], [ 34.52995, -1.24318 ], [ 34.52994, -1.24288 ], [ 34.52997, -1.24254 ], [ 34.53011, -1.24216 ], [ 34.5303, -1.24177 ], [ 34.53052, -1.24138 ], [ 34.53074, -1.24116 ], [ 34.53114, -1.24087 ], [ 34.53136, -1.24068 ], [ 34.53151, -1.24039 ], [ 34.53162, -1.2401 ], [ 34.5318, -1.23981 ], [ 34.53195, -1.23948 ], [ 34.53213, -1.23907 ], [ 34.53261, -1.23856 ], [ 34.53305, -1.23818 ], [ 34.53348, -1.23794 ], [ 34.53381, -1.23765 ], [ 34.53403, -1.23735 ], [ 34.53439, -1.2369 ], [ 34.53468, -1.23641 ], [ 34.53514, -1.23581 ], [ 34.53569, -1.23518 ], [ 34.53603, -1.23466 ], [ 34.53635, -1.23405 ], [ 34.53664, -1.23348 ], [ 34.5369, -1.23276 ], [ 34.53692, -1.23219 ], [ 34.53701, -1.23127 ], [ 34.53704, -1.23052 ], [ 34.53704, -1.22951 ], [ 34.5371, -1.22874 ], [ 34.53704, -1.22799 ], [ 34.53704, -1.22738 ], [ 34.53713, -1.22681 ], [ 34.53727, -1.22612 ], [ 34.53743, -1.22566 ], [ 34.53745, -1.22526 ], [ 34.53784, -1.2248 ], [ 34.53795, -1.22446 ], [ 34.53843, -1.22411 ], [ 34.53891, -1.22389 ], [ 34.53928, -1.22381 ], [ 34.53966, -1.22381 ], [ 34.54007, -1.2238 ], [ 34.54046, -1.22377 ], [ 34.54093, -1.22371 ], [ 34.5412, -1.22358 ], [ 34.54117, -1.22313 ], [ 34.54119, -1.22272 ], [ 34.54153, -1.22268 ], [ 34.54194, -1.22276 ], [ 34.54241, -1.22279 ], [ 34.54256, -1.22233 ], [ 34.54251, -1.22199 ], [ 34.54237, -1.22172 ], [ 34.54225, -1.22146 ], [ 34.54213, -1.22123 ], [ 34.54216, -1.22091 ], [ 34.54895, -1.22295 ], [ 34.54936, -1.22308 ], [ 34.54979, -1.22323 ], [ 34.55099, -1.22352 ], [ 34.55231, -1.22392 ], [ 34.55399, -1.22438 ], [ 34.55527, -1.22475 ], [ 34.55648, -1.22511 ], [ 34.55751, -1.22547 ], [ 34.55895, -1.22595 ], [ 34.5598, -1.22621 ], [ 34.56036, -1.22639 ], [ 34.56913, -1.22867 ], [ 34.56953, -1.22877 ], [ 34.57025, -1.22895 ], [ 34.57063, -1.22905 ], [ 34.57098, -1.22922 ], [ 34.5713, -1.22935 ], [ 34.57154, -1.22945 ], [ 34.57186, -1.22964 ], [ 34.57274, -1.22994 ], [ 34.57416, -1.23033 ], [ 34.57527, -1.23069 ], [ 34.57634, -1.2311 ], [ 34.5773, -1.23141 ], [ 34.57798, -1.23165 ], [ 34.5784, -1.23177 ], [ 34.57887, -1.2319 ], [ 34.57933, -1.232 ], [ 34.57976, -1.23211 ], [ 34.58013, -1.23235 ], [ 34.58074, -1.23288 ], [ 34.58113, -1.23326 ], [ 34.58165, -1.23365 ], [ 34.582, -1.23403 ], [ 34.58249, -1.23442 ], [ 34.58286, -1.23477 ], [ 34.58326, -1.2351 ], [ 34.58375, -1.23539 ], [ 34.58411, -1.23552 ], [ 34.58459, -1.23571 ], [ 34.58501, -1.23592 ], [ 34.58541, -1.2362 ], [ 34.58576, -1.23653 ], [ 34.58604, -1.23699 ], [ 34.58634, -1.2376 ], [ 34.58651, -1.23797 ], [ 34.58674, -1.23821 ], [ 34.58736, -1.23867 ], [ 34.58812, -1.23912 ], [ 34.58886, -1.23949 ], [ 34.58933, -1.23961 ], [ 34.58975, -1.23973 ], [ 34.5902, -1.2398 ], [ 34.59045, -1.23996 ], [ 34.59071, -1.2401 ], [ 34.59128, -1.24048 ], [ 34.59171, -1.24066 ], [ 34.59223, -1.24078 ], [ 34.59258, -1.24078 ], [ 34.593, -1.24085 ], [ 34.5937, -1.24085 ], [ 34.59414, -1.24073 ], [ 34.59459, -1.24066 ], [ 34.59503, -1.24066 ], [ 34.59529, -1.24075 ], [ 34.59566, -1.24087 ], [ 34.59619, -1.24059 ], [ 34.59637, -1.24091 ], [ 34.5966, -1.24115 ], [ 34.59688, -1.2413 ], [ 34.59713, -1.24148 ], [ 34.59737, -1.2417 ], [ 34.5976, -1.24191 ], [ 34.59768, -1.24218 ], [ 34.59761, -1.24249 ], [ 34.59752, -1.24275 ], [ 34.59752, -1.24309 ], [ 34.59773, -1.24339 ], [ 34.59804, -1.24373 ], [ 34.59821, -1.24393 ], [ 34.59825, -1.24424 ], [ 34.5981, -1.24463 ], [ 34.59798, -1.24497 ], [ 34.59798, -1.24524 ], [ 34.59805, -1.24554 ], [ 34.59826, -1.24595 ], [ 34.59837, -1.24635 ], [ 34.59835, -1.24662 ], [ 34.59814, -1.24691 ], [ 34.59791, -1.24719 ], [ 34.59779, -1.24751 ], [ 34.59777, -1.24779 ], [ 34.5978, -1.24814 ], [ 34.59783, -1.24856 ], [ 34.59783, -1.24899 ], [ 34.59769, -1.24929 ], [ 34.5974, -1.24969 ], [ 34.59711, -1.24995 ], [ 34.59682, -1.2502 ], [ 34.5966, -1.25043 ], [ 34.59628, -1.25071 ], [ 34.59596, -1.25106 ], [ 34.59585, -1.25136 ], [ 34.59585, -1.25162 ], [ 34.596, -1.252 ], [ 34.59604, -1.25248 ], [ 34.59656, -1.25247 ], [ 34.59692, -1.25245 ], [ 34.59746, -1.2526 ], [ 34.59785, -1.25281 ], [ 34.5982, -1.25298 ], [ 34.59845, -1.25311 ], [ 34.59884, -1.2533 ], [ 34.59935, -1.25358 ], [ 34.59974, -1.2538 ], [ 34.59999, -1.25396 ], [ 34.60033, -1.25413 ], [ 34.60075, -1.25437 ], [ 34.60107, -1.25465 ], [ 34.60136, -1.25494 ], [ 34.60162, -1.25532 ], [ 34.60182, -1.25564 ], [ 34.60197, -1.25611 ], [ 34.60205, -1.25651 ], [ 34.6021, -1.25693 ], [ 34.60211, -1.2573 ], [ 34.6021, -1.25768 ], [ 34.6021, -1.25811 ], [ 34.60211, -1.25885 ], [ 34.60215, -1.25941 ], [ 34.6025, -1.25843 ], [ 34.6029, -1.25762 ], [ 34.60557, -1.25303 ], [ 34.60575, -1.25254 ], [ 34.60993, -1.24384 ], [ 34.61018, -1.24337 ], [ 34.61329, -1.23598 ], [ 34.61473, -1.23215 ], [ 34.61489, -1.23173 ], [ 34.6151, -1.23137 ], [ 34.61617, -1.22691 ], [ 34.61767, -1.22144 ], [ 34.61809, -1.22115 ], [ 34.61848, -1.22092 ], [ 34.61886, -1.22077 ], [ 34.61912, -1.22068 ], [ 34.6195, -1.22046 ], [ 34.6206, -1.21961 ], [ 34.62116, -1.21899 ], [ 34.6216, -1.2184 ], [ 34.62185, -1.21803 ], [ 34.62217, -1.21756 ], [ 34.62226, -1.21732 ], [ 34.62235, -1.21708 ], [ 34.62234, -1.21664 ], [ 34.62236, -1.2166 ], [ 34.62245, -1.21643 ], [ 34.62246, -1.21612 ], [ 34.62247, -1.2158 ], [ 34.62253, -1.2155 ], [ 34.62261, -1.21515 ], [ 34.62266, -1.21494 ], [ 34.6227, -1.21478 ], [ 34.62271, -1.21476 ], [ 34.62295, -1.21425 ], [ 34.62327, -1.21386 ], [ 34.62343, -1.21368 ], [ 34.62361, -1.21349 ], [ 34.6239, -1.21317 ], [ 34.62404, -1.21299 ], [ 34.62436, -1.2129 ], [ 34.62465, -1.21266 ], [ 34.6249, -1.2123 ], [ 34.62504, -1.21202 ], [ 34.62511, -1.2119 ], [ 34.62536, -1.21169 ], [ 34.62553, -1.21162 ], [ 34.62568, -1.21156 ], [ 34.6261, -1.21145 ], [ 34.62635, -1.21106 ], [ 34.62641, -1.21069 ], [ 34.62645, -1.21031 ], [ 34.62652, -1.21011 ], [ 34.62665, -1.21 ], [ 34.62704, -1.20963 ], [ 34.62714, -1.2095 ], [ 34.62739, -1.20918 ], [ 34.62768, -1.2087 ], [ 34.62773, -1.20864 ], [ 34.62794, -1.20841 ], [ 34.62818, -1.20818 ], [ 34.62837, -1.20791 ], [ 34.62863, -1.2077 ], [ 34.62883, -1.20759 ], [ 34.62895, -1.20751 ], [ 34.62898, -1.20751 ], [ 34.62914, -1.2075 ], [ 34.62934, -1.20749 ], [ 34.62963, -1.20738 ], [ 34.62986, -1.2072 ], [ 34.62987, -1.2072 ], [ 34.62988, -1.20719 ], [ 34.63003, -1.20707 ], [ 34.63004, -1.20694 ], [ 34.63006, -1.20665 ], [ 34.63006, -1.20664 ], [ 34.63014, -1.20644 ], [ 34.63022, -1.20625 ], [ 34.63028, -1.20609 ], [ 34.63035, -1.2059 ], [ 34.63051, -1.20561 ], [ 34.63069, -1.20537 ], [ 34.63082, -1.20519 ], [ 34.63096, -1.20495 ], [ 34.63118, -1.20467 ], [ 34.63119, -1.20466 ], [ 34.63119, -1.20463 ], [ 34.63122, -1.20452 ], [ 34.63122, -1.20437 ], [ 34.63121, -1.20416 ], [ 34.63119, -1.20405 ], [ 34.63119, -1.2039 ], [ 34.63114, -1.20374 ], [ 34.63111, -1.20366 ], [ 34.63104, -1.20349 ], [ 34.63103, -1.20347 ], [ 34.63111, -1.20334 ], [ 34.6312, -1.20332 ], [ 34.63133, -1.20329 ], [ 34.63154, -1.20326 ], [ 34.63168, -1.20316 ], [ 34.63172, -1.20313 ], [ 34.63185, -1.20294 ], [ 34.63188, -1.20257 ], [ 34.63192, -1.20249 ], [ 34.63204, -1.20226 ], [ 34.63228, -1.20186 ], [ 34.6323, -1.20167 ], [ 34.6323, -1.2016 ], [ 34.6323, -1.20139 ], [ 34.63224, -1.20125 ], [ 34.63214, -1.20107 ], [ 34.63214, -1.20081 ], [ 34.63214, -1.2008 ], [ 34.6323, -1.20049 ], [ 34.63246, -1.20017 ], [ 34.63259, -1.19996 ], [ 34.63275, -1.19969 ], [ 34.63291, -1.19953 ], [ 34.63294, -1.19952 ], [ 34.63323, -1.19916 ], [ 34.63357, -1.19898 ], [ 34.63379, -1.19859 ], [ 34.6338, -1.19856 ], [ 34.63394, -1.1983 ], [ 34.63394, -1.198 ], [ 34.63394, -1.19773 ], [ 34.63394, -1.19771 ], [ 34.63394, -1.1977 ], [ 34.63394, -1.19768 ], [ 34.63389, -1.19745 ], [ 34.63378, -1.19731 ], [ 34.63362, -1.1971 ], [ 34.63361, -1.19689 ], [ 34.6336, -1.19668 ], [ 34.63365, -1.19648 ], [ 34.63365, -1.19647 ], [ 34.63368, -1.19623 ], [ 34.6337, -1.19602 ], [ 34.6337, -1.19584 ], [ 34.6337, -1.19555 ], [ 34.63362, -1.19531 ], [ 34.6336, -1.19525 ], [ 34.63355, -1.19507 ], [ 34.63356, -1.19505 ], [ 34.63367, -1.1949 ], [ 34.6337, -1.19486 ], [ 34.63386, -1.1947 ], [ 34.63392, -1.19457 ], [ 34.63394, -1.19438 ], [ 34.63389, -1.1943 ], [ 34.63373, -1.19428 ], [ 34.63372, -1.19428 ], [ 34.63349, -1.19428 ], [ 34.63344, -1.19417 ], [ 34.63344, -1.19405 ], [ 34.63344, -1.19391 ], [ 34.6336, -1.19375 ], [ 34.63366, -1.19369 ], [ 34.63376, -1.19359 ], [ 34.63384, -1.19343 ], [ 34.63384, -1.19322 ], [ 34.63373, -1.19306 ], [ 34.63352, -1.19302 ], [ 34.63349, -1.19301 ], [ 34.63347, -1.19299 ], [ 34.63341, -1.19293 ], [ 34.63328, -1.1929 ], [ 34.63328, -1.19275 ], [ 34.63347, -1.19259 ], [ 34.63347, -1.19232 ], [ 34.63347, -1.19209 ], [ 34.63344, -1.19201 ], [ 34.63339, -1.1919 ], [ 34.63325, -1.19182 ], [ 34.63324, -1.19181 ], [ 34.6331, -1.19172 ], [ 34.63311, -1.1916 ], [ 34.63312, -1.1915 ], [ 34.6332, -1.19135 ], [ 34.6332, -1.19135 ], [ 34.6332, -1.19121 ], [ 34.63312, -1.19116 ], [ 34.63286, -1.19113 ], [ 34.63277, -1.19113 ], [ 34.63267, -1.19113 ], [ 34.63266, -1.19105 ], [ 34.63265, -1.191 ], [ 34.63275, -1.19094 ], [ 34.63291, -1.19084 ], [ 34.63315, -1.19071 ], [ 34.63315, -1.19063 ], [ 34.63315, -1.19047 ], [ 34.63315, -1.19037 ], [ 34.63302, -1.19026 ], [ 34.63281, -1.19029 ], [ 34.63265, -1.19037 ], [ 34.6326, -1.19039 ], [ 34.63251, -1.19042 ], [ 34.63233, -1.19039 ], [ 34.63224, -1.19028 ], [ 34.63222, -1.19026 ], [ 34.63228, -1.1901 ], [ 34.63242, -1.19001 ], [ 34.63254, -1.18992 ], [ 34.63257, -1.18981 ], [ 34.63259, -1.18965 ], [ 34.63259, -1.1896 ], [ 34.63262, -1.18955 ], [ 34.63266, -1.18931 ], [ 34.63267, -1.18922 ], [ 34.63266, -1.18911 ], [ 34.63273, -1.18905 ], [ 34.63273, -1.18891 ], [ 34.63261, -1.18873 ], [ 34.63252, -1.18861 ], [ 34.63251, -1.1886 ], [ 34.63251, -1.18836 ], [ 34.63251, -1.18832 ], [ 34.63251, -1.18828 ], [ 34.63249, -1.18815 ], [ 34.63239, -1.1881 ], [ 34.63238, -1.1881 ], [ 34.63237, -1.18807 ], [ 34.63233, -1.18801 ], [ 34.63236, -1.18791 ], [ 34.63242, -1.18776 ], [ 34.63242, -1.18775 ], [ 34.63247, -1.18772 ], [ 34.63249, -1.18768 ], [ 34.63253, -1.18764 ], [ 34.63259, -1.1876 ], [ 34.63265, -1.18757 ], [ 34.63267, -1.18754 ], [ 34.63272, -1.18751 ], [ 34.63273, -1.18748 ], [ 34.63271, -1.18746 ], [ 34.63268, -1.18744 ], [ 34.63268, -1.18741 ], [ 34.63268, -1.18738 ], [ 34.63269, -1.18734 ], [ 34.63272, -1.1873 ], [ 34.63275, -1.18724 ], [ 34.63277, -1.18718 ], [ 34.63279, -1.18713 ], [ 34.63282, -1.18709 ], [ 34.63285, -1.18705 ], [ 34.63292, -1.18705 ], [ 34.63299, -1.18704 ], [ 34.63304, -1.18702 ], [ 34.63307, -1.18698 ], [ 34.63312, -1.18696 ], [ 34.63317, -1.18692 ], [ 34.63317, -1.18688 ], [ 34.63317, -1.18683 ], [ 34.63315, -1.18681 ], [ 34.63315, -1.18677 ], [ 34.63313, -1.18669 ], [ 34.63312, -1.18662 ], [ 34.63312, -1.18654 ], [ 34.63309, -1.18648 ], [ 34.63306, -1.18642 ], [ 34.63302, -1.1864 ], [ 34.633, -1.18637 ], [ 34.63297, -1.18632 ], [ 34.63297, -1.18626 ], [ 34.63299, -1.18622 ], [ 34.63303, -1.18619 ], [ 34.63307, -1.18615 ], [ 34.63307, -1.18612 ], [ 34.63311, -1.18612 ], [ 34.63314, -1.18608 ], [ 34.63312, -1.18605 ], [ 34.63315, -1.18602 ], [ 34.6332, -1.18598 ], [ 34.63325, -1.18595 ], [ 34.63332, -1.18593 ], [ 34.63337, -1.1859 ], [ 34.63338, -1.18585 ], [ 34.63338, -1.1858 ], [ 34.63337, -1.18577 ], [ 34.63334, -1.18573 ], [ 34.63327, -1.18572 ], [ 34.63321, -1.18572 ], [ 34.63315, -1.18572 ], [ 34.63308, -1.1857 ], [ 34.63302, -1.18567 ], [ 34.63302, -1.18563 ], [ 34.63302, -1.18557 ], [ 34.633, -1.18552 ], [ 34.63297, -1.18548 ], [ 34.63296, -1.18543 ], [ 34.63296, -1.18537 ], [ 34.633, -1.18534 ], [ 34.63303, -1.1853 ], [ 34.63305, -1.18527 ], [ 34.63305, -1.18523 ], [ 34.63305, -1.18519 ], [ 34.63303, -1.18513 ], [ 34.63299, -1.1851 ], [ 34.63291, -1.18505 ], [ 34.63287, -1.18504 ], [ 34.63285, -1.18503 ], [ 34.63278, -1.18496 ], [ 34.63271, -1.18488 ], [ 34.63267, -1.18482 ], [ 34.63266, -1.18475 ], [ 34.63267, -1.18472 ], [ 34.63267, -1.18467 ], [ 34.63267, -1.18466 ], [ 34.63269, -1.18461 ], [ 34.63273, -1.18457 ], [ 34.63276, -1.18456 ], [ 34.63281, -1.18457 ], [ 34.63285, -1.18459 ], [ 34.6329, -1.18462 ], [ 34.63295, -1.18467 ], [ 34.63297, -1.18467 ], [ 34.633, -1.18469 ], [ 34.63305, -1.1847 ], [ 34.63311, -1.18474 ], [ 34.63314, -1.18477 ], [ 34.6332, -1.18479 ], [ 34.63325, -1.18478 ], [ 34.63329, -1.18474 ], [ 34.63334, -1.18471 ], [ 34.63338, -1.1847 ], [ 34.63341, -1.18464 ], [ 34.63342, -1.18457 ], [ 34.63342, -1.18453 ], [ 34.63341, -1.1845 ], [ 34.63334, -1.18445 ], [ 34.63331, -1.18443 ], [ 34.6333, -1.18437 ], [ 34.63328, -1.18432 ], [ 34.63325, -1.18429 ], [ 34.63322, -1.18424 ], [ 34.63319, -1.18421 ], [ 34.63318, -1.18416 ], [ 34.63319, -1.1841 ], [ 34.6332, -1.18409 ], [ 34.63353, -1.18394 ], [ 34.63366, -1.1839 ], [ 34.63386, -1.18383 ], [ 34.63392, -1.18354 ], [ 34.63394, -1.18354 ], [ 34.63402, -1.18354 ], [ 34.63406, -1.18353 ], [ 34.63411, -1.1835 ], [ 34.63413, -1.18344 ], [ 34.63417, -1.18342 ], [ 34.63423, -1.18337 ], [ 34.63426, -1.18333 ], [ 34.63427, -1.1833 ], [ 34.63426, -1.18325 ], [ 34.63424, -1.18319 ], [ 34.63428, -1.18313 ], [ 34.63429, -1.18311 ], [ 34.63429, -1.18307 ], [ 34.63427, -1.18302 ], [ 34.63422, -1.183 ], [ 34.63418, -1.18299 ], [ 34.63415, -1.18296 ], [ 34.63411, -1.18293 ], [ 34.63407, -1.18288 ], [ 34.63403, -1.18281 ], [ 34.63399, -1.18274 ], [ 34.63397, -1.18271 ], [ 34.63397, -1.18268 ], [ 34.63396, -1.18266 ], [ 34.63394, -1.18264 ], [ 34.63391, -1.18264 ], [ 34.63389, -1.18262 ], [ 34.63388, -1.1826 ], [ 34.63387, -1.18254 ], [ 34.63386, -1.1825 ], [ 34.63383, -1.18247 ], [ 34.63383, -1.18244 ], [ 34.63382, -1.18242 ], [ 34.63382, -1.18237 ], [ 34.63382, -1.18234 ], [ 34.63382, -1.18233 ], [ 34.63382, -1.1823 ], [ 34.63384, -1.18227 ], [ 34.63386, -1.18222 ], [ 34.63388, -1.18219 ], [ 34.63388, -1.18218 ], [ 34.63392, -1.18214 ], [ 34.63395, -1.1821 ], [ 34.63399, -1.18209 ], [ 34.63401, -1.18206 ], [ 34.63401, -1.18203 ], [ 34.63402, -1.182 ], [ 34.63404, -1.18198 ], [ 34.63408, -1.18198 ], [ 34.63413, -1.18197 ], [ 34.63416, -1.18195 ], [ 34.63418, -1.18193 ], [ 34.6342, -1.18189 ], [ 34.63421, -1.18185 ], [ 34.63421, -1.18181 ], [ 34.6342, -1.18175 ], [ 34.63421, -1.1817 ], [ 34.63423, -1.18164 ], [ 34.63428, -1.18161 ], [ 34.6343, -1.1816 ], [ 34.63432, -1.18156 ], [ 34.63434, -1.18153 ], [ 34.63436, -1.18147 ], [ 34.63437, -1.18144 ], [ 34.63437, -1.18141 ], [ 34.63456, -1.18112 ], [ 34.63473, -1.1805 ], [ 34.63521, -1.1799 ], [ 34.63561, -1.17959 ], [ 34.63563, -1.17957 ], [ 34.63604, -1.17923 ], [ 34.63626, -1.17905 ], [ 34.63632, -1.179 ], [ 34.63631, -1.179 ], [ 34.63653, -1.17889 ], [ 34.63679, -1.17877 ], [ 34.63682, -1.17876 ], [ 34.6371, -1.17867 ], [ 34.63714, -1.17866 ], [ 34.63715, -1.17867 ], [ 34.63715, -1.17867 ], [ 34.63737, -1.17831 ], [ 34.63776, -1.17803 ], [ 34.63796, -1.17778 ], [ 34.638, -1.17745 ], [ 34.63785, -1.17705 ], [ 34.63778, -1.1768 ], [ 34.63778, -1.17653 ], [ 34.63783, -1.17628 ], [ 34.638, -1.17606 ], [ 34.63826, -1.17597 ], [ 34.63858, -1.17585 ], [ 34.63899, -1.17561 ], [ 34.63903, -1.17517 ], [ 34.63901, -1.17489 ], [ 34.63891, -1.17447 ], [ 34.63888, -1.1742 ], [ 34.63904, -1.17393 ], [ 34.63923, -1.17351 ], [ 34.63919, -1.17325 ], [ 34.63908, -1.17284 ], [ 34.63899, -1.17231 ], [ 34.63863, -1.17211 ], [ 34.63843, -1.17194 ], [ 34.63846, -1.17165 ], [ 34.63869, -1.17135 ], [ 34.63903, -1.17112 ], [ 34.6393, -1.17102 ], [ 34.63972, -1.17079 ], [ 34.63997, -1.17039 ], [ 34.64003, -1.17014 ], [ 34.64004, -1.17009 ], [ 34.63994, -1.16985 ], [ 34.63985, -1.16961 ], [ 34.63977, -1.16956 ], [ 34.63943, -1.16934 ], [ 34.63911, -1.16905 ], [ 34.63879, -1.16904 ], [ 34.63853, -1.16907 ], [ 34.63816, -1.16898 ], [ 34.63802, -1.16852 ], [ 34.63807, -1.16802 ], [ 34.63807, -1.16799 ], [ 34.63805, -1.16791 ], [ 34.63796, -1.16754 ], [ 34.6378, -1.16712 ], [ 34.6378, -1.16675 ], [ 34.63794, -1.16638 ], [ 34.63809, -1.16612 ], [ 34.6382, -1.16589 ], [ 34.63787, -1.16577 ], [ 34.63761, -1.16555 ], [ 34.6375, -1.16509 ], [ 34.63749, -1.16502 ], [ 34.6374, -1.16473 ], [ 34.6375, -1.1646 ], [ 34.63764, -1.16438 ], [ 34.63779, -1.16421 ], [ 34.63787, -1.16413 ], [ 34.63803, -1.16409 ], [ 34.63811, -1.16406 ], [ 34.63829, -1.16405 ], [ 34.63841, -1.16406 ], [ 34.63859, -1.1642 ], [ 34.63871, -1.16432 ], [ 34.63878, -1.16442 ], [ 34.63878, -1.16442 ], [ 34.63879, -1.16445 ], [ 34.63879, -1.16445 ], [ 34.63883, -1.16461 ], [ 34.63885, -1.16475 ], [ 34.63888, -1.16488 ], [ 34.63894, -1.165 ], [ 34.63904, -1.16511 ], [ 34.63911, -1.16513 ], [ 34.63926, -1.16519 ], [ 34.63952, -1.16523 ], [ 34.63974, -1.16526 ], [ 34.63997, -1.16532 ], [ 34.64023, -1.16537 ], [ 34.64037, -1.16541 ], [ 34.64051, -1.16545 ], [ 34.64064, -1.16551 ], [ 34.64075, -1.16557 ], [ 34.64084, -1.16566 ], [ 34.6409, -1.16571 ], [ 34.64099, -1.16584 ], [ 34.64102, -1.16591 ], [ 34.64103, -1.16594 ], [ 34.64107, -1.16614 ], [ 34.64109, -1.1663 ], [ 34.64109, -1.1665 ], [ 34.6411, -1.16656 ], [ 34.64112, -1.16675 ], [ 34.64117, -1.16695 ], [ 34.64128, -1.16711 ], [ 34.64128, -1.16711 ], [ 34.64139, -1.16721 ], [ 34.64156, -1.16732 ], [ 34.64182, -1.16743 ], [ 34.64191, -1.16747 ], [ 34.64199, -1.1675 ], [ 34.64222, -1.16758 ], [ 34.64249, -1.16768 ], [ 34.64273, -1.16775 ], [ 34.64294, -1.16783 ], [ 34.64308, -1.16792 ], [ 34.64315, -1.16796 ], [ 34.64332, -1.16808 ], [ 34.64335, -1.16811 ], [ 34.64362, -1.16835 ], [ 34.64381, -1.16851 ], [ 34.64396, -1.16872 ], [ 34.64404, -1.16886 ], [ 34.64408, -1.16901 ], [ 34.64409, -1.16904 ], [ 34.64413, -1.1692 ], [ 34.64416, -1.16939 ], [ 34.64416, -1.16948 ], [ 34.64414, -1.16959 ], [ 34.64403, -1.16973 ], [ 34.64388, -1.16994 ], [ 34.64379, -1.17005 ], [ 34.64359, -1.17022 ], [ 34.64343, -1.17037 ], [ 34.6433, -1.17052 ], [ 34.64325, -1.17067 ], [ 34.64325, -1.17084 ], [ 34.64326, -1.17088 ], [ 34.6433, -1.17101 ], [ 34.64336, -1.17116 ], [ 34.64341, -1.1712 ], [ 34.64352, -1.17127 ], [ 34.64352, -1.17128 ], [ 34.64371, -1.17135 ], [ 34.64387, -1.17136 ], [ 34.64403, -1.17137 ], [ 34.64426, -1.17134 ], [ 34.64447, -1.17131 ], [ 34.64473, -1.17125 ], [ 34.64493, -1.17119 ], [ 34.64514, -1.17109 ], [ 34.64535, -1.17105 ], [ 34.64549, -1.17101 ], [ 34.64566, -1.17099 ], [ 34.64599, -1.17098 ], [ 34.64635, -1.17101 ], [ 34.6466, -1.17101 ], [ 34.64681, -1.17103 ], [ 34.64703, -1.17112 ], [ 34.64727, -1.17134 ], [ 34.64749, -1.17159 ], [ 34.64765, -1.17176 ], [ 34.64774, -1.17187 ], [ 34.64786, -1.17214 ], [ 34.64789, -1.17218 ], [ 34.64807, -1.1725 ], [ 34.64817, -1.1727 ], [ 34.64822, -1.1728 ], [ 34.64837, -1.1731 ], [ 34.64841, -1.17318 ], [ 34.64844, -1.17324 ], [ 34.64847, -1.17328 ], [ 34.64857, -1.17346 ], [ 34.64867, -1.17368 ], [ 34.64881, -1.17397 ], [ 34.649, -1.17427 ], [ 34.64915, -1.17449 ], [ 34.64931, -1.17475 ], [ 34.64933, -1.17477 ], [ 34.64951, -1.175 ], [ 34.64975, -1.1753 ], [ 34.65, -1.17555 ], [ 34.65024, -1.17579 ], [ 34.65041, -1.17596 ], [ 34.65044, -1.17599 ], [ 34.65073, -1.17618 ], [ 34.65134, -1.17654 ], [ 34.6515, -1.17662 ], [ 34.65169, -1.17672 ], [ 34.65191, -1.17688 ], [ 34.65206, -1.17699 ], [ 34.65224, -1.1771 ], [ 34.65247, -1.17727 ], [ 34.65263, -1.17742 ], [ 34.6528, -1.17757 ], [ 34.65288, -1.17768 ], [ 34.6529, -1.17771 ], [ 34.65299, -1.17783 ], [ 34.65305, -1.17795 ], [ 34.65305, -1.17796 ], [ 34.65317, -1.17816 ], [ 34.65327, -1.17836 ], [ 34.65331, -1.17843 ], [ 34.65346, -1.17859 ], [ 34.65361, -1.1787 ], [ 34.65376, -1.17874 ], [ 34.6538, -1.17875 ], [ 34.65396, -1.17875 ], [ 34.65414, -1.17873 ], [ 34.65432, -1.17866 ], [ 34.65449, -1.17859 ], [ 34.65469, -1.1785 ], [ 34.65476, -1.17852 ], [ 34.65487, -1.17854 ], [ 34.65499, -1.17865 ], [ 34.65509, -1.17873 ], [ 34.65517, -1.17887 ], [ 34.65519, -1.17896 ], [ 34.65521, -1.17906 ], [ 34.65522, -1.17925 ], [ 34.65522, -1.17948 ], [ 34.65518, -1.17971 ], [ 34.65516, -1.17977 ], [ 34.65511, -1.17992 ], [ 34.65505, -1.18007 ], [ 34.65489, -1.1802 ], [ 34.65473, -1.18025 ], [ 34.65449, -1.18031 ], [ 34.6542, -1.18035 ], [ 34.65399, -1.18037 ], [ 34.65379, -1.18044 ], [ 34.65365, -1.18057 ], [ 34.65359, -1.18076 ], [ 34.65359, -1.18083 ], [ 34.65359, -1.18089 ], [ 34.65362, -1.18109 ], [ 34.65366, -1.18124 ], [ 34.65374, -1.18141 ], [ 34.65378, -1.18157 ], [ 34.65394, -1.18189 ], [ 34.654, -1.18203 ], [ 34.6541, -1.18229 ], [ 34.65419, -1.1825 ], [ 34.65424, -1.18272 ], [ 34.65425, -1.18276 ], [ 34.65423, -1.18312 ], [ 34.6542, -1.18333 ], [ 34.65409, -1.18353 ], [ 34.65395, -1.1838 ], [ 34.65394, -1.18381 ], [ 34.65377, -1.1841 ], [ 34.65364, -1.18439 ], [ 34.65358, -1.18467 ], [ 34.65356, -1.18491 ], [ 34.65357, -1.18515 ], [ 34.6536, -1.18542 ], [ 34.65362, -1.18559 ], [ 34.65367, -1.18587 ], [ 34.65369, -1.18613 ], [ 34.65371, -1.18634 ], [ 34.65372, -1.1865 ], [ 34.65372, -1.18666 ], [ 34.65365, -1.18684 ], [ 34.65355, -1.18708 ], [ 34.65344, -1.18731 ], [ 34.6534, -1.18757 ], [ 34.65344, -1.1878 ], [ 34.65348, -1.18799 ], [ 34.65358, -1.18822 ], [ 34.65362, -1.18831 ], [ 34.65368, -1.18847 ], [ 34.654, -1.18858 ], [ 34.65448, -1.18878 ], [ 34.65455, -1.18881 ], [ 34.65492, -1.18894 ], [ 34.65521, -1.18903 ], [ 34.65555, -1.18909 ], [ 34.65559, -1.1891 ], [ 34.65636, -1.1894 ], [ 34.65705, -1.1897 ], [ 34.65784, -1.19002 ], [ 34.65856, -1.19043 ], [ 34.65897, -1.19075 ], [ 34.65929, -1.1909 ], [ 34.65959, -1.19105 ], [ 34.66018, -1.19105 ], [ 34.6604, -1.19106 ], [ 34.66074, -1.19109 ], [ 34.66129, -1.19115 ], [ 34.66178, -1.19152 ], [ 34.66217, -1.19196 ], [ 34.66231, -1.19214 ], [ 34.66235, -1.19221 ], [ 34.66243, -1.19232 ], [ 34.6626, -1.1925 ], [ 34.66295, -1.19294 ], [ 34.66312, -1.19318 ], [ 34.66314, -1.1932 ], [ 34.66339, -1.19374 ], [ 34.66371, -1.19437 ], [ 34.66435, -1.19504 ], [ 34.66488, -1.19561 ], [ 34.66593, -1.19651 ], [ 34.66706, -1.19734 ], [ 34.66786, -1.19796 ], [ 34.66786, -1.19779 ], [ 34.66787, -1.19771 ], [ 34.66822, -1.19807 ], [ 34.66851, -1.19842 ], [ 34.66886, -1.19875 ], [ 34.66924, -1.19912 ], [ 34.66956, -1.19936 ], [ 34.66997, -1.19958 ], [ 34.67024, -1.1997 ], [ 34.67057, -1.19975 ], [ 34.67092, -1.19976 ], [ 34.67116, -1.19975 ], [ 34.67145, -1.19973 ], [ 34.67168, -1.1998 ], [ 34.67179, -1.19997 ], [ 34.67186, -1.20008 ], [ 34.67191, -1.20011 ], [ 34.67209, -1.20023 ], [ 34.67244, -1.20083 ], [ 34.67246, -1.20156 ], [ 34.67255, -1.20213 ], [ 34.67225, -1.20242 ], [ 34.67224, -1.20243 ], [ 34.67218, -1.20278 ], [ 34.67218, -1.20294 ], [ 34.67217, -1.20353 ], [ 34.67212, -1.20388 ], [ 34.67208, -1.20413 ], [ 34.67222, -1.20485 ], [ 34.67229, -1.20577 ], [ 34.67235, -1.20633 ], [ 34.67235, -1.20633 ], [ 34.67235, -1.2072 ], [ 34.67235, -1.20757 ], [ 34.67234, -1.20803 ], [ 34.67227, -1.20849 ], [ 34.67222, -1.20877 ], [ 34.67216, -1.20903 ], [ 34.67213, -1.20919 ], [ 34.67211, -1.20938 ], [ 34.67211, -1.20951 ], [ 34.67217, -1.20967 ], [ 34.67234, -1.20989 ], [ 34.67249, -1.21013 ], [ 34.67253, -1.21023 ], [ 34.67263, -1.21047 ], [ 34.67272, -1.21071 ], [ 34.67278, -1.21096 ], [ 34.67282, -1.2112 ], [ 34.67285, -1.21139 ], [ 34.67287, -1.2116 ], [ 34.6729, -1.21181 ], [ 34.67293, -1.21202 ], [ 34.67298, -1.21217 ], [ 34.67308, -1.21227 ], [ 34.6731, -1.21238 ], [ 34.67331, -1.21265 ], [ 34.67414, -1.21276 ], [ 34.67472, -1.21287 ], [ 34.67483, -1.21291 ], [ 34.67487, -1.21292 ], [ 34.67493, -1.21293 ], [ 34.6754, -1.21319 ], [ 34.67606, -1.21342 ], [ 34.67713, -1.21366 ], [ 34.67794, -1.21389 ], [ 34.67854, -1.21421 ], [ 34.67903, -1.21453 ], [ 34.67954, -1.21487 ], [ 34.67997, -1.21498 ], [ 34.68051, -1.21496 ], [ 34.68055, -1.21496 ], [ 34.6811, -1.2147 ], [ 34.68183, -1.21447 ], [ 34.68245, -1.21417 ], [ 34.68306, -1.21391 ], [ 34.68424, -1.21344 ], [ 34.68464, -1.21343 ], [ 34.68495, -1.2134 ], [ 34.68526, -1.21336 ], [ 34.68547, -1.21321 ], [ 34.68565, -1.21296 ], [ 34.68588, -1.21258 ], [ 34.6861, -1.21229 ], [ 34.68624, -1.21225 ], [ 34.6866, -1.21214 ], [ 34.68729, -1.21219 ], [ 34.68801, -1.21242 ], [ 34.68839, -1.21263 ], [ 34.68853, -1.21279 ], [ 34.68854, -1.21297 ], [ 34.68841, -1.21319 ], [ 34.68796, -1.21348 ], [ 34.68796, -1.21406 ], [ 34.68799, -1.21406 ], [ 34.68784, -1.21419 ], [ 34.68824, -1.21596 ], [ 34.68839, -1.21665 ], [ 34.68858, -1.21724 ], [ 34.68862, -1.21747 ], [ 34.6887, -1.21786 ], [ 34.68882, -1.21817 ], [ 34.68885, -1.21851 ], [ 34.6891, -1.21961 ], [ 34.68992, -1.22316 ], [ 34.69067, -1.22639 ], [ 34.69077, -1.22685 ], [ 34.69143, -1.22997 ], [ 34.69244, -1.2347 ], [ 34.69303, -1.23744 ], [ 34.69326, -1.23852 ], [ 34.69381, -1.24127 ], [ 34.69393, -1.24187 ], [ 34.69413, -1.24287 ], [ 34.69419, -1.24318 ], [ 34.69444, -1.24361 ], [ 34.69455, -1.24394 ], [ 34.69469, -1.24436 ], [ 34.69474, -1.2445 ], [ 34.69488, -1.24511 ], [ 34.69497, -1.24552 ], [ 34.69497, -1.24599 ], [ 34.69508, -1.24676 ], [ 34.69512, -1.24704 ], [ 34.69545, -1.24932 ], [ 34.69558, -1.24985 ], [ 34.69571, -1.25038 ], [ 34.69582, -1.25091 ], [ 34.6959, -1.25142 ], [ 34.69594, -1.25177 ], [ 34.69596, -1.25185 ], [ 34.69598, -1.2519 ], [ 34.69606, -1.2522 ], [ 34.69637, -1.25274 ], [ 34.69648, -1.25288 ], [ 34.69665, -1.25309 ], [ 34.69679, -1.25332 ], [ 34.69686, -1.25376 ], [ 34.69686, -1.25422 ], [ 34.69686, -1.25454 ], [ 34.69692, -1.25488 ], [ 34.69704, -1.25525 ], [ 34.69716, -1.25552 ], [ 34.69725, -1.25573 ], [ 34.69752, -1.25597 ], [ 34.69764, -1.25637 ], [ 34.69764, -1.25641 ], [ 34.69768, -1.25673 ], [ 34.69785, -1.25698 ], [ 34.69801, -1.25709 ], [ 34.69817, -1.25719 ], [ 34.69822, -1.25729 ], [ 34.69843, -1.25753 ], [ 34.6985, -1.2579 ], [ 34.69855, -1.25828 ], [ 34.69859, -1.2587 ], [ 34.69878, -1.2589 ], [ 34.69883, -1.25925 ], [ 34.69883, -1.25974 ], [ 34.69885, -1.26023 ], [ 34.69888, -1.26105 ], [ 34.69883, -1.26174 ], [ 34.69874, -1.26218 ], [ 34.69855, -1.26274 ], [ 34.69831, -1.26342 ], [ 34.69822, -1.2639 ], [ 34.69829, -1.26427 ], [ 34.69862, -1.26474 ], [ 34.69897, -1.26525 ], [ 34.69934, -1.26599 ], [ 34.69952, -1.26663 ], [ 34.69962, -1.26697 ], [ 34.70006, -1.2679 ], [ 34.70048, -1.26869 ], [ 34.70071, -1.26909 ], [ 34.70068, -1.26922 ], [ 34.70068, -1.26922 ], [ 34.70084, -1.26962 ], [ 34.70084, -1.26981 ], [ 34.70084, -1.27005 ], [ 34.70098, -1.27039 ], [ 34.70104, -1.27046 ], [ 34.70125, -1.27069 ], [ 34.70149, -1.271 ], [ 34.70166, -1.27134 ], [ 34.70195, -1.27178 ], [ 34.70217, -1.27228 ], [ 34.7022, -1.27268 ], [ 34.7022, -1.27316 ], [ 34.7022, -1.27353 ], [ 34.70246, -1.27411 ], [ 34.70253, -1.2743 ], [ 34.70273, -1.27489 ], [ 34.703, -1.27562 ], [ 34.70324, -1.27642 ], [ 34.70346, -1.27715 ], [ 34.70373, -1.27802 ], [ 34.70399, -1.27923 ], [ 34.70421, -1.28052 ], [ 34.70436, -1.28157 ], [ 34.70447, -1.28242 ], [ 34.70401, -1.2825 ], [ 34.70474, -1.28479 ], [ 34.7048, -1.28501 ], [ 34.70483, -1.28508 ], [ 34.70511, -1.28644 ], [ 34.70552, -1.28834 ], [ 34.70561, -1.28877 ], [ 34.70599, -1.29056 ], [ 34.7061, -1.29111 ], [ 34.70642, -1.2926 ], [ 34.70671, -1.29396 ], [ 34.70681, -1.29446 ], [ 34.70706, -1.29463 ], [ 34.70716, -1.2949 ], [ 34.70732, -1.29524 ], [ 34.70747, -1.29576 ], [ 34.70762, -1.29622 ], [ 34.70764, -1.2963 ], [ 34.70777, -1.29666 ], [ 34.70788, -1.29698 ], [ 34.70791, -1.2973 ], [ 34.70791, -1.29731 ], [ 34.70801, -1.29731 ], [ 34.70808, -1.2976 ], [ 34.70816, -1.29787 ], [ 34.70826, -1.29824 ], [ 34.70841, -1.29853 ], [ 34.70857, -1.29887 ], [ 34.70863, -1.29899 ], [ 34.70889, -1.29957 ], [ 34.70883, -1.29995 ], [ 34.70878, -1.30027 ], [ 34.70871, -1.30066 ], [ 34.7086, -1.30115 ], [ 34.70857, -1.30125 ], [ 34.70848, -1.30161 ], [ 34.7084, -1.30189 ], [ 34.70836, -1.30203 ], [ 34.70829, -1.30235 ], [ 34.70828, -1.30242 ], [ 34.70827, -1.30244 ], [ 34.7079, -1.30412 ], [ 34.70754, -1.30645 ], [ 34.70749, -1.30788 ], [ 34.70748, -1.30837 ], [ 34.70776, -1.30966 ], [ 34.70793, -1.31043 ], [ 34.70904, -1.31223 ], [ 34.70995, -1.31357 ], [ 34.71003, -1.31368 ], [ 34.71064, -1.31489 ], [ 34.71066, -1.31507 ], [ 34.71076, -1.31593 ], [ 34.71105, -1.31678 ], [ 34.71113, -1.31702 ], [ 34.71122, -1.3173 ], [ 34.7113, -1.3176 ], [ 34.71136, -1.31784 ], [ 34.71161, -1.31881 ], [ 34.71182, -1.31956 ], [ 34.71221, -1.3209 ], [ 34.71252, -1.32203 ], [ 34.71256, -1.32222 ], [ 34.71293, -1.32384 ], [ 34.71298, -1.32407 ], [ 34.71337, -1.32576 ], [ 34.71398, -1.32898 ], [ 34.71461, -1.3315 ], [ 34.71463, -1.33305 ], [ 34.71517, -1.33549 ], [ 34.7156, -1.33776 ], [ 34.71581, -1.3389 ], [ 34.71582, -1.33895 ], [ 34.71618, -1.34015 ], [ 34.71695, -1.34239 ], [ 34.71723, -1.34307 ], [ 34.71734, -1.34339 ], [ 34.71777, -1.34458 ], [ 34.71856, -1.34725 ], [ 34.71864, -1.34759 ], [ 34.71883, -1.34835 ], [ 34.71899, -1.34898 ], [ 34.71917, -1.34971 ], [ 34.71961, -1.35139 ], [ 34.72023, -1.35364 ], [ 34.72053, -1.35415 ], [ 34.72062, -1.35459 ], [ 34.72084, -1.3557 ], [ 34.72114, -1.35724 ], [ 34.72149, -1.35842 ], [ 34.72383, -1.36599 ], [ 34.72427, -1.36716 ], [ 34.72565, -1.37079 ], [ 34.72703, -1.37508 ], [ 34.72729, -1.37589 ], [ 34.72862, -1.3807 ], [ 34.72886, -1.38155 ], [ 34.73063, -1.38748 ], [ 34.73093, -1.38886 ] ] ] } },
{ "type": "Feature", "properties": { "entity_id": 221, "p_entity": 28, "name": "Kuria West Sub County" }, "geometry": { "type": "Polygon", "coordinates": [ [ [ 34.62607, -1.15587 ], [ 34.62627, -1.15601 ], [ 34.62647, -1.15625 ], [ 34.62664, -1.15661 ], [ 34.62676, -1.15694 ], [ 34.62678, -1.15701 ], [ 34.62685, -1.15725 ], [ 34.62694, -1.15755 ], [ 34.62707, -1.15783 ], [ 34.62715, -1.15805 ], [ 34.62719, -1.15813 ], [ 34.62736, -1.15841 ], [ 34.62762, -1.15867 ], [ 34.62791, -1.15887 ], [ 34.62822, -1.15912 ], [ 34.62827, -1.15917 ], [ 34.62843, -1.15946 ], [ 34.62846, -1.15975 ], [ 34.62852, -1.16004 ], [ 34.62861, -1.16029 ], [ 34.62879, -1.16055 ], [ 34.6292, -1.16071 ], [ 34.62934, -1.16074 ], [ 34.62951, -1.16078 ], [ 34.62983, -1.1609 ], [ 34.63024, -1.16099 ], [ 34.63046, -1.16102 ], [ 34.63069, -1.16105 ], [ 34.63092, -1.1612 ], [ 34.63122, -1.1614 ], [ 34.6315, -1.16165 ], [ 34.63172, -1.16202 ], [ 34.63183, -1.16236 ], [ 34.63188, -1.16273 ], [ 34.63191, -1.16306 ], [ 34.63194, -1.16342 ], [ 34.63198, -1.16398 ], [ 34.63199, -1.16416 ], [ 34.632, -1.16439 ], [ 34.63206, -1.16432 ], [ 34.63212, -1.16432 ], [ 34.63223, -1.16434 ], [ 34.63228, -1.16435 ], [ 34.63238, -1.16437 ], [ 34.63255, -1.1644 ], [ 34.63283, -1.16442 ], [ 34.6331, -1.16442 ], [ 34.63337, -1.16443 ], [ 34.63369, -1.16443 ], [ 34.63394, -1.16443 ], [ 34.63449, -1.16447 ], [ 34.63496, -1.16453 ], [ 34.63521, -1.16456 ], [ 34.63525, -1.16457 ], [ 34.63538, -1.1646 ], [ 34.63555, -1.16465 ], [ 34.6356, -1.16467 ], [ 34.63572, -1.16471 ], [ 34.63589, -1.16478 ], [ 34.63606, -1.16483 ], [ 34.63612, -1.16484 ], [ 34.63621, -1.16487 ], [ 34.63631, -1.16489 ], [ 34.63641, -1.16493 ], [ 34.63652, -1.16494 ], [ 34.63666, -1.16495 ], [ 34.63678, -1.16495 ], [ 34.6369, -1.16495 ], [ 34.63704, -1.16493 ], [ 34.63713, -1.1649 ], [ 34.63723, -1.16488 ], [ 34.63737, -1.16484 ], [ 34.63743, -1.16484 ], [ 34.63749, -1.16502 ], [ 34.6375, -1.16509 ], [ 34.63761, -1.16555 ], [ 34.63787, -1.16577 ], [ 34.6382, -1.16589 ], [ 34.63809, -1.16612 ], [ 34.63794, -1.16638 ], [ 34.6378, -1.16675 ], [ 34.6378, -1.16712 ], [ 34.63796, -1.16754 ], [ 34.63805, -1.16791 ], [ 34.63807, -1.16799 ], [ 34.63807, -1.16802 ], [ 34.63802, -1.16852 ], [ 34.63816, -1.16898 ], [ 34.63853, -1.16907 ], [ 34.63879, -1.16904 ], [ 34.63911, -1.16905 ], [ 34.63943, -1.16934 ], [ 34.63977, -1.16956 ], [ 34.63985, -1.16961 ], [ 34.63994, -1.16985 ], [ 34.64004, -1.17009 ], [ 34.64003, -1.17014 ], [ 34.63997, -1.17039 ], [ 34.63972, -1.17079 ], [ 34.6393, -1.17102 ], [ 34.63903, -1.17112 ], [ 34.63869, -1.17135 ], [ 34.63846, -1.17165 ], [ 34.63843, -1.17194 ], [ 34.63863, -1.17211 ], [ 34.63899, -1.17231 ], [ 34.63908, -1.17284 ], [ 34.63919, -1.17325 ], [ 34.63923, -1.17351 ], [ 34.63904, -1.17393 ], [ 34.63888, -1.1742 ], [ 34.63891, -1.17447 ], [ 34.63901, -1.17489 ], [ 34.63903, -1.17517 ], [ 34.63899, -1.17561 ], [ 34.63858, -1.17585 ], [ 34.63826, -1.17597 ], [ 34.638, -1.17606 ], [ 34.63783, -1.17628 ], [ 34.63778, -1.17653 ], [ 34.63778, -1.1768 ], [ 34.63785, -1.17705 ], [ 34.638, -1.17745 ], [ 34.63796, -1.17778 ], [ 34.63776, -1.17803 ], [ 34.63737, -1.17831 ], [ 34.63715, -1.17867 ], [ 34.63715, -1.17867 ], [ 34.63714, -1.17866 ], [ 34.6371, -1.17867 ], [ 34.63682, -1.17876 ], [ 34.63679, -1.17877 ], [ 34.63653, -1.17889 ], [ 34.63631, -1.179 ], [ 34.63632, -1.179 ], [ 34.63626, -1.17905 ], [ 34.63604, -1.17923 ], [ 34.63563, -1.17957 ], [ 34.63561, -1.17959 ], [ 34.63521, -1.1799 ], [ 34.63473, -1.1805 ], [ 34.63456, -1.18112 ], [ 34.63437, -1.18141 ], [ 34.63437, -1.18144 ], [ 34.63436, -1.18147 ], [ 34.63434, -1.18153 ], [ 34.63432, -1.18156 ], [ 34.6343, -1.1816 ], [ 34.63428, -1.18161 ], [ 34.63423, -1.18164 ], [ 34.63421, -1.1817 ], [ 34.6342, -1.18175 ], [ 34.63421, -1.18181 ], [ 34.63421, -1.18185 ], [ 34.6342, -1.18189 ], [ 34.63418, -1.18193 ], [ 34.63416, -1.18195 ], [ 34.63413, -1.18197 ], [ 34.63408, -1.18198 ], [ 34.63404, -1.18198 ], [ 34.63402, -1.182 ], [ 34.63401, -1.18203 ], [ 34.63401, -1.18206 ], [ 34.63399, -1.18209 ], [ 34.63395, -1.1821 ], [ 34.63392, -1.18214 ], [ 34.63388, -1.18218 ], [ 34.63388, -1.18219 ], [ 34.63386, -1.18222 ], [ 34.63384, -1.18227 ], [ 34.63382, -1.1823 ], [ 34.63382, -1.18233 ], [ 34.63382, -1.18234 ], [ 34.63382, -1.18237 ], [ 34.63382, -1.18242 ], [ 34.63383, -1.18244 ], [ 34.63383, -1.18247 ], [ 34.63386, -1.1825 ], [ 34.63387, -1.18254 ], [ 34.63388, -1.1826 ], [ 34.63389, -1.18262 ], [ 34.63391, -1.18264 ], [ 34.63394, -1.18264 ], [ 34.63396, -1.18266 ], [ 34.63397, -1.18268 ], [ 34.63397, -1.18271 ], [ 34.63399, -1.18274 ], [ 34.63403, -1.18281 ], [ 34.63407, -1.18288 ], [ 34.63411, -1.18293 ], [ 34.63415, -1.18296 ], [ 34.63418, -1.18299 ], [ 34.63422, -1.183 ], [ 34.63427, -1.18302 ], [ 34.63429, -1.18307 ], [ 34.63429, -1.18311 ], [ 34.63428, -1.18313 ], [ 34.63424, -1.18319 ], [ 34.63426, -1.18325 ], [ 34.63427, -1.1833 ], [ 34.63426, -1.18333 ], [ 34.63423, -1.18337 ], [ 34.63417, -1.18342 ], [ 34.63413, -1.18344 ], [ 34.63411, -1.1835 ], [ 34.63406, -1.18353 ], [ 34.63402, -1.18354 ], [ 34.63394, -1.18354 ], [ 34.63392, -1.18354 ], [ 34.63386, -1.18383 ], [ 34.63366, -1.1839 ], [ 34.63353, -1.18394 ], [ 34.6332, -1.18409 ], [ 34.63319, -1.1841 ], [ 34.63318, -1.18416 ], [ 34.63319, -1.18421 ], [ 34.63322, -1.18424 ], [ 34.63325, -1.18429 ], [ 34.63328, -1.18432 ], [ 34.6333, -1.18437 ], [ 34.63331, -1.18443 ], [ 34.63334, -1.18445 ], [ 34.63341, -1.1845 ], [ 34.63342, -1.18453 ], [ 34.63342, -1.18457 ], [ 34.63341, -1.18464 ], [ 34.63338, -1.1847 ], [ 34.63334, -1.18471 ], [ 34.63329, -1.18474 ], [ 34.63325, -1.18478 ], [ 34.6332, -1.18479 ], [ 34.63314, -1.18477 ], [ 34.63311, -1.18474 ], [ 34.63305, -1.1847 ], [ 34.633, -1.18469 ], [ 34.63297, -1.18467 ], [ 34.63295, -1.18467 ], [ 34.6329, -1.18462 ], [ 34.63285, -1.18459 ], [ 34.63281, -1.18457 ], [ 34.63276, -1.18456 ], [ 34.63273, -1.18457 ], [ 34.63269, -1.18461 ], [ 34.63267, -1.18466 ], [ 34.63267, -1.18467 ], [ 34.63267, -1.18472 ], [ 34.63266, -1.18475 ], [ 34.63267, -1.18482 ], [ 34.63271, -1.18488 ], [ 34.63278, -1.18496 ], [ 34.63285, -1.18503 ], [ 34.63287, -1.18504 ], [ 34.63291, -1.18505 ], [ 34.63299, -1.1851 ], [ 34.63303, -1.18513 ], [ 34.63305, -1.18519 ], [ 34.63305, -1.18523 ], [ 34.63305, -1.18527 ], [ 34.63303, -1.1853 ], [ 34.633, -1.18534 ], [ 34.63296, -1.18537 ], [ 34.63296, -1.18543 ], [ 34.63297, -1.18548 ], [ 34.633, -1.18552 ], [ 34.63302, -1.18557 ], [ 34.63302, -1.18563 ], [ 34.63302, -1.18567 ], [ 34.63308, -1.1857 ], [ 34.63315, -1.18572 ], [ 34.63321, -1.18572 ], [ 34.63327, -1.18572 ], [ 34.63334, -1.18573 ], [ 34.63337, -1.18577 ], [ 34.63338, -1.1858 ], [ 34.63338, -1.18585 ], [ 34.63337, -1.1859 ], [ 34.63332, -1.18593 ], [ 34.63325, -1.18595 ], [ 34.6332, -1.18598 ], [ 34.63315, -1.18602 ], [ 34.63312, -1.18605 ], [ 34.63314, -1.18608 ], [ 34.63311, -1.18612 ], [ 34.63307, -1.18612 ], [ 34.63307, -1.18615 ], [ 34.63303, -1.18619 ], [ 34.63299, -1.18622 ], [ 34.63297, -1.18626 ], [ 34.63297, -1.18632 ], [ 34.633, -1.18637 ], [ 34.63302, -1.1864 ], [ 34.63306, -1.18642 ], [ 34.63309, -1.18648 ], [ 34.63312, -1.18654 ], [ 34.63312, -1.18662 ], [ 34.63313, -1.18669 ], [ 34.63315, -1.18677 ], [ 34.63315, -1.18681 ], [ 34.63317, -1.18683 ], [ 34.63317, -1.18688 ], [ 34.63317, -1.18692 ], [ 34.63312, -1.18696 ], [ 34.63307, -1.18698 ], [ 34.63304, -1.18702 ], [ 34.63299, -1.18704 ], [ 34.63292, -1.18705 ], [ 34.63285, -1.18705 ], [ 34.63282, -1.18709 ], [ 34.63279, -1.18713 ], [ 34.63277, -1.18718 ], [ 34.63275, -1.18724 ], [ 34.63272, -1.1873 ], [ 34.63269, -1.18734 ], [ 34.63268, -1.18738 ], [ 34.63268, -1.18741 ], [ 34.63268, -1.18744 ], [ 34.63271, -1.18746 ], [ 34.63273, -1.18748 ], [ 34.63272, -1.18751 ], [ 34.63267, -1.18754 ], [ 34.63265, -1.18757 ], [ 34.63259, -1.1876 ], [ 34.63253, -1.18764 ], [ 34.63249, -1.18768 ], [ 34.63247, -1.18772 ], [ 34.63242, -1.18775 ], [ 34.63242, -1.18776 ], [ 34.63236, -1.18791 ], [ 34.63233, -1.18801 ], [ 34.63237, -1.18807 ], [ 34.63238, -1.1881 ], [ 34.63239, -1.1881 ], [ 34.63249, -1.18815 ], [ 34.63251, -1.18828 ], [ 34.63251, -1.18832 ], [ 34.63251, -1.18836 ], [ 34.63251, -1.1886 ], [ 34.63252, -1.18861 ], [ 34.63261, -1.18873 ], [ 34.63273, -1.18891 ], [ 34.63273, -1.18905 ], [ 34.63266, -1.18911 ], [ 34.63267, -1.18922 ], [ 34.63266, -1.18931 ], [ 34.63262, -1.18955 ], [ 34.63259, -1.1896 ], [ 34.63259, -1.18965 ], [ 34.63257, -1.18981 ], [ 34.63254, -1.18992 ], [ 34.63242, -1.19001 ], [ 34.63228, -1.1901 ], [ 34.63222, -1.19026 ], [ 34.63224, -1.19028 ], [ 34.63233, -1.19039 ], [ 34.63251, -1.19042 ], [ 34.6326, -1.19039 ], [ 34.63265, -1.19037 ], [ 34.63281, -1.19029 ], [ 34.63302, -1.19026 ], [ 34.63315, -1.19037 ], [ 34.63315, -1.19047 ], [ 34.63315, -1.19063 ], [ 34.63315, -1.19071 ], [ 34.63291, -1.19084 ], [ 34.63275, -1.19094 ], [ 34.63265, -1.191 ], [ 34.63266, -1.19105 ], [ 34.63267, -1.19113 ], [ 34.63277, -1.19113 ], [ 34.63286, -1.19113 ], [ 34.63312, -1.19116 ], [ 34.6332, -1.19121 ], [ 34.6332, -1.19135 ], [ 34.6332, -1.19135 ], [ 34.63312, -1.1915 ], [ 34.63311, -1.1916 ], [ 34.6331, -1.19172 ], [ 34.63324, -1.19181 ], [ 34.63325, -1.19182 ], [ 34.63339, -1.1919 ], [ 34.63344, -1.19201 ], [ 34.63347, -1.19209 ], [ 34.63347, -1.19232 ], [ 34.63347, -1.19259 ], [ 34.63328, -1.19275 ], [ 34.63328, -1.1929 ], [ 34.63341, -1.19293 ], [ 34.63347, -1.19299 ], [ 34.63349, -1.19301 ], [ 34.63352, -1.19302 ], [ 34.63373, -1.19306 ], [ 34.63384, -1.19322 ], [ 34.63384, -1.19343 ], [ 34.63376, -1.19359 ], [ 34.63366, -1.19369 ], [ 34.6336, -1.19375 ], [ 34.63344, -1.19391 ], [ 34.63344, -1.19405 ], [ 34.63344, -1.19417 ], [ 34.63349, -1.19428 ], [ 34.63372, -1.19428 ], [ 34.63373, -1.19428 ], [ 34.63389, -1.1943 ], [ 34.63394, -1.19438 ], [ 34.63392, -1.19457 ], [ 34.63386, -1.1947 ], [ 34.6337, -1.19486 ], [ 34.63367, -1.1949 ], [ 34.63356, -1.19505 ], [ 34.63355, -1.19507 ], [ 34.6336, -1.19525 ], [ 34.63362, -1.19531 ], [ 34.6337, -1.19555 ], [ 34.6337, -1.19584 ], [ 34.6337, -1.19602 ], [ 34.63368, -1.19623 ], [ 34.63365, -1.19647 ], [ 34.63365, -1.19648 ], [ 34.6336, -1.19668 ], [ 34.63361, -1.19689 ], [ 34.63362, -1.1971 ], [ 34.63378, -1.19731 ], [ 34.63389, -1.19745 ], [ 34.63394, -1.19768 ], [ 34.63394, -1.1977 ], [ 34.63394, -1.19771 ], [ 34.63394, -1.19773 ], [ 34.63394, -1.198 ], [ 34.63394, -1.1983 ], [ 34.6338, -1.19856 ], [ 34.63379, -1.19859 ], [ 34.63357, -1.19898 ], [ 34.63323, -1.19916 ], [ 34.63294, -1.19952 ], [ 34.63291, -1.19953 ], [ 34.63275, -1.19969 ], [ 34.63259, -1.19996 ], [ 34.63246, -1.20017 ], [ 34.6323, -1.20049 ], [ 34.63214, -1.2008 ], [ 34.63214, -1.20081 ], [ 34.63214, -1.20107 ], [ 34.63224, -1.20125 ], [ 34.6323, -1.20139 ], [ 34.6323, -1.2016 ], [ 34.6323, -1.20167 ], [ 34.63228, -1.20186 ], [ 34.63204, -1.20226 ], [ 34.63192, -1.20249 ], [ 34.63188, -1.20257 ], [ 34.63185, -1.20294 ], [ 34.63172, -1.20313 ], [ 34.63168, -1.20316 ], [ 34.63154, -1.20326 ], [ 34.63133, -1.20329 ], [ 34.6312, -1.20332 ], [ 34.63111, -1.20334 ], [ 34.63103, -1.20347 ], [ 34.63104, -1.20349 ], [ 34.63111, -1.20366 ], [ 34.63114, -1.20374 ], [ 34.63119, -1.2039 ], [ 34.63119, -1.20405 ], [ 34.63121, -1.20416 ], [ 34.63122, -1.20437 ], [ 34.63122, -1.20452 ], [ 34.63119, -1.20463 ], [ 34.63119, -1.20466 ], [ 34.63118, -1.20467 ], [ 34.63096, -1.20495 ], [ 34.63082, -1.20519 ], [ 34.63069, -1.20537 ], [ 34.63051, -1.20561 ], [ 34.63035, -1.2059 ], [ 34.63028, -1.20609 ], [ 34.63022, -1.20625 ], [ 34.63014, -1.20644 ], [ 34.63006, -1.20664 ], [ 34.63006, -1.20665 ], [ 34.63004, -1.20694 ], [ 34.63003, -1.20707 ], [ 34.62988, -1.20719 ], [ 34.62987, -1.2072 ], [ 34.62986, -1.2072 ], [ 34.62963, -1.20738 ], [ 34.62934, -1.20749 ], [ 34.62914, -1.2075 ], [ 34.62898, -1.20751 ], [ 34.62895, -1.20751 ], [ 34.62883, -1.20759 ], [ 34.62863, -1.2077 ], [ 34.62837, -1.20791 ], [ 34.62818, -1.20818 ], [ 34.62794, -1.20841 ], [ 34.62773, -1.20864 ], [ 34.62768, -1.2087 ], [ 34.62739, -1.20918 ], [ 34.62714, -1.2095 ], [ 34.62704, -1.20963 ], [ 34.62665, -1.21 ], [ 34.62652, -1.21011 ], [ 34.62645, -1.21031 ], [ 34.62641, -1.21069 ], [ 34.62635, -1.21106 ], [ 34.6261, -1.21145 ], [ 34.62568, -1.21156 ], [ 34.62553, -1.21162 ], [ 34.62536, -1.21169 ], [ 34.62511, -1.2119 ], [ 34.62504, -1.21202 ], [ 34.6249, -1.2123 ], [ 34.62465, -1.21266 ], [ 34.62436, -1.2129 ], [ 34.62404, -1.21299 ], [ 34.6239, -1.21317 ], [ 34.62361, -1.21349 ], [ 34.62343, -1.21368 ], [ 34.62327, -1.21386 ], [ 34.62295, -1.21425 ], [ 34.62271, -1.21476 ], [ 34.6227, -1.21478 ], [ 34.62266, -1.21494 ], [ 34.62261, -1.21515 ], [ 34.62253, -1.2155 ], [ 34.62247, -1.2158 ], [ 34.62246, -1.21612 ], [ 34.62245, -1.21643 ], [ 34.62236, -1.2166 ], [ 34.62234, -1.21664 ], [ 34.62235, -1.21708 ], [ 34.62226, -1.21732 ], [ 34.62217, -1.21756 ], [ 34.62185, -1.21803 ], [ 34.6216, -1.2184 ], [ 34.62116, -1.21899 ], [ 34.6206, -1.21961 ], [ 34.6195, -1.22046 ], [ 34.61912, -1.22068 ], [ 34.61886, -1.22077 ], [ 34.61848, -1.22092 ], [ 34.61809, -1.22115 ], [ 34.61767, -1.22144 ], [ 34.61617, -1.22691 ], [ 34.6151, -1.23137 ], [ 34.61489, -1.23173 ], [ 34.61473, -1.23215 ], [ 34.61329, -1.23598 ], [ 34.61018, -1.24337 ], [ 34.60993, -1.24384 ], [ 34.60575, -1.25254 ], [ 34.60557, -1.25303 ], [ 34.6029, -1.25762 ], [ 34.6025, -1.25843 ], [ 34.60215, -1.25941 ], [ 34.60211, -1.25885 ], [ 34.6021, -1.25811 ], [ 34.6021, -1.25768 ], [ 34.60211, -1.2573 ], [ 34.6021, -1.25693 ], [ 34.60205, -1.25651 ], [ 34.60197, -1.25611 ], [ 34.60182, -1.25564 ], [ 34.60162, -1.25532 ], [ 34.60136, -1.25494 ], [ 34.60107, -1.25465 ], [ 34.60075, -1.25437 ], [ 34.60033, -1.25413 ], [ 34.59999, -1.25396 ], [ 34.59974, -1.2538 ], [ 34.59935, -1.25358 ], [ 34.59884, -1.2533 ], [ 34.59845, -1.25311 ], [ 34.5982, -1.25298 ], [ 34.59785, -1.25281 ], [ 34.59746, -1.2526 ], [ 34.59692, -1.25245 ], [ 34.59656, -1.25247 ], [ 34.59604, -1.25248 ], [ 34.596, -1.252 ], [ 34.59585, -1.25162 ], [ 34.59585, -1.25136 ], [ 34.59596, -1.25106 ], [ 34.59628, -1.25071 ], [ 34.5966, -1.25043 ], [ 34.59682, -1.2502 ], [ 34.59711, -1.24995 ], [ 34.5974, -1.24969 ], [ 34.59769, -1.24929 ], [ 34.59783, -1.24899 ], [ 34.59783, -1.24856 ], [ 34.5978, -1.24814 ], [ 34.59777, -1.24779 ], [ 34.59779, -1.24751 ], [ 34.59791, -1.24719 ], [ 34.59814, -1.24691 ], [ 34.59835, -1.24662 ], [ 34.59837, -1.24635 ], [ 34.59826, -1.24595 ], [ 34.59805, -1.24554 ], [ 34.59798, -1.24524 ], [ 34.59798, -1.24497 ], [ 34.5981, -1.24463 ], [ 34.59825, -1.24424 ], [ 34.59821, -1.24393 ], [ 34.59804, -1.24373 ], [ 34.59773, -1.24339 ], [ 34.59752, -1.24309 ], [ 34.59752, -1.24275 ], [ 34.59761, -1.24249 ], [ 34.59768, -1.24218 ], [ 34.5976, -1.24191 ], [ 34.59737, -1.2417 ], [ 34.59713, -1.24148 ], [ 34.59688, -1.2413 ], [ 34.5966, -1.24115 ], [ 34.59637, -1.24091 ], [ 34.59619, -1.24059 ], [ 34.59566, -1.24087 ], [ 34.59529, -1.24075 ], [ 34.59503, -1.24066 ], [ 34.59459, -1.24066 ], [ 34.59414, -1.24073 ], [ 34.5937, -1.24085 ], [ 34.593, -1.24085 ], [ 34.59258, -1.24078 ], [ 34.59223, -1.24078 ], [ 34.59171, -1.24066 ], [ 34.59128, -1.24048 ], [ 34.59071, -1.2401 ], [ 34.59045, -1.23996 ], [ 34.5902, -1.2398 ], [ 34.58975, -1.23973 ], [ 34.58933, -1.23961 ], [ 34.58886, -1.23949 ], [ 34.58812, -1.23912 ], [ 34.58736, -1.23867 ], [ 34.58674, -1.23821 ], [ 34.58651, -1.23797 ], [ 34.58634, -1.2376 ], [ 34.58604, -1.23699 ], [ 34.58576, -1.23653 ], [ 34.58541, -1.2362 ], [ 34.58501, -1.23592 ], [ 34.58459, -1.23571 ], [ 34.58411, -1.23552 ], [ 34.58375, -1.23539 ], [ 34.58326, -1.2351 ], [ 34.58286, -1.23477 ], [ 34.58249, -1.23442 ], [ 34.582, -1.23403 ], [ 34.58165, -1.23365 ], [ 34.58113, -1.23326 ], [ 34.58074, -1.23288 ], [ 34.58013, -1.23235 ], [ 34.57976, -1.23211 ], [ 34.57933, -1.232 ], [ 34.57887, -1.2319 ], [ 34.5784, -1.23177 ], [ 34.57798, -1.23165 ], [ 34.5773, -1.23141 ], [ 34.57634, -1.2311 ], [ 34.57527, -1.23069 ], [ 34.57416, -1.23033 ], [ 34.57274, -1.22994 ], [ 34.57186, -1.22964 ], [ 34.57154, -1.22945 ], [ 34.5713, -1.22935 ], [ 34.57098, -1.22922 ], [ 34.57063, -1.22905 ], [ 34.57025, -1.22895 ], [ 34.56953, -1.22877 ], [ 34.56913, -1.22867 ], [ 34.56036, -1.22639 ], [ 34.5598, -1.22621 ], [ 34.55895, -1.22595 ], [ 34.55751, -1.22547 ], [ 34.55648, -1.22511 ], [ 34.55527, -1.22475 ], [ 34.55399, -1.22438 ], [ 34.55231, -1.22392 ], [ 34.55099, -1.22352 ], [ 34.54979, -1.22323 ], [ 34.54936, -1.22308 ], [ 34.54895, -1.22295 ], [ 34.54216, -1.22091 ], [ 34.54213, -1.22123 ], [ 34.54225, -1.22146 ], [ 34.54237, -1.22172 ], [ 34.54251, -1.22199 ], [ 34.54256, -1.22233 ], [ 34.54241, -1.22279 ], [ 34.54194, -1.22276 ], [ 34.54153, -1.22268 ], [ 34.54119, -1.22272 ], [ 34.54117, -1.22313 ], [ 34.5412, -1.22358 ], [ 34.54093, -1.22371 ], [ 34.54046, -1.22377 ], [ 34.54007, -1.2238 ], [ 34.53966, -1.22381 ], [ 34.53928, -1.22381 ], [ 34.53891, -1.22389 ], [ 34.53843, -1.22411 ], [ 34.53795, -1.22446 ], [ 34.53784, -1.2248 ], [ 34.53745, -1.22526 ], [ 34.53743, -1.22566 ], [ 34.53727, -1.22612 ], [ 34.53713, -1.22681 ], [ 34.53704, -1.22738 ], [ 34.53704, -1.22799 ], [ 34.5371, -1.22874 ], [ 34.53704, -1.22951 ], [ 34.53704, -1.23052 ], [ 34.53701, -1.23127 ], [ 34.53692, -1.23219 ], [ 34.5369, -1.23276 ], [ 34.53664, -1.23348 ], [ 34.53635, -1.23405 ], [ 34.53603, -1.23466 ], [ 34.53569, -1.23518 ], [ 34.53514, -1.23581 ], [ 34.53468, -1.23641 ], [ 34.53439, -1.2369 ], [ 34.53403, -1.23735 ], [ 34.53381, -1.23765 ], [ 34.53348, -1.23794 ], [ 34.53305, -1.23818 ], [ 34.53261, -1.23856 ], [ 34.53213, -1.23907 ], [ 34.53195, -1.23948 ], [ 34.5318, -1.23981 ], [ 34.53162, -1.2401 ], [ 34.53151, -1.24039 ], [ 34.53136, -1.24068 ], [ 34.53114, -1.24087 ], [ 34.53074, -1.24116 ], [ 34.53052, -1.24138 ], [ 34.5303, -1.24177 ], [ 34.53011, -1.24216 ], [ 34.52997, -1.24254 ], [ 34.52994, -1.24288 ], [ 34.52995, -1.24318 ], [ 34.53004, -1.24363 ], [ 34.5302, -1.24393 ], [ 34.53031, -1.24431 ], [ 34.53026, -1.24479 ], [ 34.53017, -1.24509 ], [ 34.52986, -1.2453 ], [ 34.52961, -1.24563 ], [ 34.52944, -1.24605 ], [ 34.5292, -1.24636 ], [ 34.52899, -1.24664 ], [ 34.52885, -1.24691 ], [ 34.52876, -1.24727 ], [ 34.52871, -1.24774 ], [ 34.52869, -1.24812 ], [ 34.5287, -1.24852 ], [ 34.52863, -1.24887 ], [ 34.5286, -1.24914 ], [ 34.52849, -1.24943 ], [ 34.52844, -1.24978 ], [ 34.52828, -1.25012 ], [ 34.52806, -1.25035 ], [ 34.52797, -1.25071 ], [ 34.52804, -1.2511 ], [ 34.52824, -1.25137 ], [ 34.52844, -1.25162 ], [ 34.52858, -1.25184 ], [ 34.52874, -1.25207 ], [ 34.52876, -1.25242 ], [ 34.52874, -1.25278 ], [ 34.52869, -1.25303 ], [ 34.52854, -1.25328 ], [ 34.52835, -1.25346 ], [ 34.5282, -1.25371 ], [ 34.52815, -1.25408 ], [ 34.52813, -1.25441 ], [ 34.52813, -1.25473 ], [ 34.52813, -1.25503 ], [ 34.52813, -1.25546 ], [ 34.5281, -1.2559 ], [ 34.52787, -1.25631 ], [ 34.52765, -1.25664 ], [ 34.52751, -1.25703 ], [ 34.52729, -1.25751 ], [ 34.52694, -1.25801 ], [ 34.52644, -1.25846 ], [ 34.52582, -1.25894 ], [ 34.52551, -1.25915 ], [ 34.52522, -1.2594 ], [ 34.52497, -1.25971 ], [ 34.52458, -1.26017 ], [ 34.5244, -1.26045 ], [ 34.52428, -1.26072 ], [ 34.5241, -1.26104 ], [ 34.52389, -1.26128 ], [ 34.52365, -1.2614 ], [ 34.52323, -1.26158 ], [ 34.52283, -1.26165 ], [ 34.52253, -1.26176 ], [ 34.52214, -1.26188 ], [ 34.52185, -1.26209 ], [ 34.52175, -1.26249 ], [ 34.52164, -1.26288 ], [ 34.52149, -1.26351 ], [ 34.52135, -1.26404 ], [ 34.52123, -1.26438 ], [ 34.52114, -1.26474 ], [ 34.52105, -1.26502 ], [ 34.52096, -1.26545 ], [ 34.52089, -1.26591 ], [ 34.52089, -1.26624 ], [ 34.52089, -1.26654 ], [ 34.52098, -1.26706 ], [ 34.52108, -1.26754 ], [ 34.52123, -1.26806 ], [ 34.52137, -1.26861 ], [ 34.52144, -1.26909 ], [ 34.52149, -1.26948 ], [ 34.52155, -1.27 ], [ 34.52155, -1.27036 ], [ 34.52152, -1.27086 ], [ 34.51549, -1.26743 ], [ 34.51479, -1.26689 ], [ 34.51312, -1.26608 ], [ 34.51174, -1.26533 ], [ 34.51127, -1.26504 ], [ 34.51093, -1.26471 ], [ 34.50649, -1.26232 ], [ 34.50105, -1.25923 ], [ 34.48932, -1.25252 ], [ 34.48834, -1.252 ], [ 34.47881, -1.24692 ], [ 34.47881, -1.24692 ], [ 34.4759, -1.24516 ], [ 34.47523, -1.24479 ], [ 34.47131, -1.24264 ], [ 34.47108, -1.24251 ], [ 34.47082, -1.24238 ], [ 34.47077, -1.24242 ], [ 34.45812, -1.23503 ], [ 34.45804, -1.23499 ], [ 34.45322, -1.23244 ], [ 34.44815, -1.22958 ], [ 34.44257, -1.22643 ], [ 34.43536, -1.22241 ], [ 34.42895, -1.21875 ], [ 34.42545, -1.21683 ], [ 34.42518, -1.21669 ], [ 34.42103, -1.21431 ], [ 34.41733, -1.21214 ], [ 34.4168, -1.21185 ], [ 34.40084, -1.20289 ], [ 34.4004, -1.20267 ], [ 34.39115, -1.19742 ], [ 34.37807, -1.18997 ], [ 34.37502, -1.18825 ], [ 34.37543, -1.18685 ], [ 34.37945, -1.17471 ], [ 34.38176, -1.16773 ], [ 34.38276, -1.16472 ], [ 34.38277, -1.16468 ], [ 34.38282, -1.16473 ], [ 34.38289, -1.16479 ], [ 34.38404, -1.1631 ], [ 34.38368, -1.16242 ], [ 34.38628, -1.15942 ], [ 34.38908, -1.15619 ], [ 34.39024, -1.15317 ], [ 34.39062, -1.15198 ], [ 34.39071, -1.15175 ], [ 34.39125, -1.15036 ], [ 34.3914, -1.14879 ], [ 34.39137, -1.14844 ], [ 34.39176, -1.14763 ], [ 34.39194, -1.14725 ], [ 34.39205, -1.14695 ], [ 34.39265, -1.14569 ], [ 34.39282, -1.14578 ], [ 34.39285, -1.14581 ], [ 34.39726, -1.14185 ], [ 34.3973, -1.1419 ], [ 34.39741, -1.142 ], [ 34.3981, -1.14116 ], [ 34.40095, -1.1374 ], [ 34.4012, -1.13697 ], [ 34.4015, -1.13644 ], [ 34.4016, -1.13626 ], [ 34.40155, -1.1362 ], [ 34.40132, -1.13598 ], [ 34.40131, -1.13597 ], [ 34.40107, -1.13575 ], [ 34.40062, -1.13526 ], [ 34.4004, -1.13488 ], [ 34.40022, -1.1345 ], [ 34.40018, -1.13403 ], [ 34.40018, -1.13403 ], [ 34.40026, -1.13396 ], [ 34.40035, -1.13387 ], [ 34.40048, -1.13375 ], [ 34.4007, -1.13361 ], [ 34.40102, -1.13337 ], [ 34.4013, -1.13319 ], [ 34.40166, -1.13304 ], [ 34.40172, -1.13302 ], [ 34.40181, -1.13296 ], [ 34.40198, -1.13285 ], [ 34.40213, -1.13275 ], [ 34.40227, -1.13266 ], [ 34.40241, -1.13258 ], [ 34.40247, -1.13254 ], [ 34.40258, -1.13248 ], [ 34.40269, -1.13243 ], [ 34.40278, -1.13238 ], [ 34.40288, -1.13234 ], [ 34.40296, -1.13231 ], [ 34.40323, -1.13223 ], [ 34.4035, -1.13208 ], [ 34.40372, -1.13191 ], [ 34.40397, -1.1317 ], [ 34.4043, -1.13143 ], [ 34.40465, -1.13118 ], [ 34.40481, -1.1311 ], [ 34.40498, -1.13093 ], [ 34.40515, -1.13074 ], [ 34.40532, -1.13058 ], [ 34.40533, -1.13056 ], [ 34.40543, -1.13047 ], [ 34.40547, -1.13043 ], [ 34.40566, -1.13017 ], [ 34.4058, -1.12992 ], [ 34.40607, -1.12965 ], [ 34.40644, -1.12941 ], [ 34.40682, -1.12921 ], [ 34.4071, -1.12905 ], [ 34.40748, -1.12874 ], [ 34.40796, -1.12845 ], [ 34.40846, -1.1284 ], [ 34.40873, -1.12841 ], [ 34.40904, -1.12841 ], [ 34.40928, -1.12839 ], [ 34.40931, -1.12839 ], [ 34.40935, -1.12838 ], [ 34.40937, -1.12837 ], [ 34.40941, -1.12836 ], [ 34.40946, -1.12834 ], [ 34.40947, -1.12833 ], [ 34.40951, -1.12831 ], [ 34.40956, -1.12828 ], [ 34.40962, -1.12823 ], [ 34.40967, -1.12818 ], [ 34.40973, -1.12811 ], [ 34.4099, -1.12786 ], [ 34.40996, -1.12761 ], [ 34.41015, -1.12721 ], [ 34.41036, -1.12691 ], [ 34.41041, -1.12682 ], [ 34.41045, -1.12674 ], [ 34.4105, -1.12666 ], [ 34.41054, -1.12659 ], [ 34.41056, -1.12656 ], [ 34.41059, -1.12652 ], [ 34.41063, -1.12647 ], [ 34.41065, -1.12644 ], [ 34.41072, -1.12623 ], [ 34.41084, -1.12601 ], [ 34.41091, -1.12589 ], [ 34.41108, -1.12518 ], [ 34.41125, -1.1247 ], [ 34.41153, -1.12446 ], [ 34.4121, -1.12419 ], [ 34.41236, -1.12411 ], [ 34.41276, -1.12403 ], [ 34.41324, -1.12386 ], [ 34.41362, -1.12367 ], [ 34.4141, -1.12349 ], [ 34.41441, -1.12343 ], [ 34.41511, -1.12322 ], [ 34.41571, -1.12309 ], [ 34.41626, -1.12299 ], [ 34.41686, -1.12293 ], [ 34.41735, -1.12285 ], [ 34.41765, -1.12285 ], [ 34.41792, -1.12285 ], [ 34.41824, -1.12286 ], [ 34.41828, -1.12287 ], [ 34.41855, -1.12288 ], [ 34.41901, -1.1229 ], [ 34.41932, -1.12279 ], [ 34.41947, -1.12265 ], [ 34.41947, -1.12264 ], [ 34.41947, -1.12262 ], [ 34.41948, -1.1226 ], [ 34.41949, -1.12258 ], [ 34.4195, -1.12257 ], [ 34.41953, -1.12255 ], [ 34.41958, -1.12251 ], [ 34.41964, -1.12248 ], [ 34.41969, -1.12245 ], [ 34.41969, -1.12245 ], [ 34.41975, -1.12241 ], [ 34.41981, -1.12238 ], [ 34.41987, -1.12236 ], [ 34.41994, -1.12233 ], [ 34.41996, -1.12231 ], [ 34.42046, -1.12216 ], [ 34.42104, -1.12199 ], [ 34.42144, -1.12178 ], [ 34.42181, -1.12163 ], [ 34.4221, -1.12145 ], [ 34.42235, -1.12131 ], [ 34.42275, -1.12113 ], [ 34.42322, -1.12094 ], [ 34.42352, -1.12081 ], [ 34.4239, -1.12063 ], [ 34.42424, -1.1205 ], [ 34.42461, -1.12046 ], [ 34.42498, -1.12046 ], [ 34.42525, -1.12047 ], [ 34.42568, -1.12059 ], [ 34.42594, -1.12069 ], [ 34.42621, -1.12078 ], [ 34.42646, -1.12098 ], [ 34.42683, -1.1212 ], [ 34.42718, -1.1215 ], [ 34.42735, -1.12165 ], [ 34.42741, -1.1217 ], [ 34.42746, -1.12175 ], [ 34.42769, -1.12188 ], [ 34.42777, -1.12193 ], [ 34.42795, -1.12203 ], [ 34.42831, -1.12227 ], [ 34.42865, -1.1225 ], [ 34.42898, -1.12271 ], [ 34.42924, -1.12277 ], [ 34.42926, -1.12283 ], [ 34.42938, -1.12331 ], [ 34.42999, -1.1236 ], [ 34.43043, -1.12403 ], [ 34.43068, -1.12443 ], [ 34.43118, -1.125 ], [ 34.43168, -1.12554 ], [ 34.4323, -1.12601 ], [ 34.4324, -1.12613 ], [ 34.43269, -1.12648 ], [ 34.43326, -1.12668 ], [ 34.43392, -1.1268 ], [ 34.43447, -1.12687 ], [ 34.43509, -1.12689 ], [ 34.43554, -1.12684 ], [ 34.43621, -1.12672 ], [ 34.43685, -1.12651 ], [ 34.43745, -1.12618 ], [ 34.43785, -1.12589 ], [ 34.43809, -1.12569 ], [ 34.43902, -1.12548 ], [ 34.43941, -1.1254 ], [ 34.44072, -1.12511 ], [ 34.44215, -1.12476 ], [ 34.44261, -1.12465 ], [ 34.44262, -1.12685 ], [ 34.44262, -1.12791 ], [ 34.44303, -1.12869 ], [ 34.44311, -1.12877 ], [ 34.4435, -1.1291 ], [ 34.444, -1.1289 ], [ 34.44718, -1.12761 ], [ 34.44756, -1.12746 ], [ 34.44752, -1.12751 ], [ 34.4474, -1.1277 ], [ 34.44783, -1.12745 ], [ 34.44874, -1.12693 ], [ 34.44937, -1.12667 ], [ 34.45041, -1.12623 ], [ 34.45215, -1.1257 ], [ 34.45276, -1.12568 ], [ 34.45329, -1.12566 ], [ 34.45433, -1.12553 ], [ 34.45545, -1.12561 ], [ 34.45768, -1.12594 ], [ 34.45822, -1.12591 ], [ 34.45908, -1.12597 ], [ 34.45996, -1.12606 ], [ 34.46067, -1.1262 ], [ 34.46144, -1.12629 ], [ 34.46239, -1.1265 ], [ 34.46316, -1.1267 ], [ 34.46386, -1.12692 ], [ 34.46411, -1.12694 ], [ 34.46562, -1.12694 ], [ 34.46702, -1.12694 ], [ 34.46712, -1.12694 ], [ 34.46955, -1.12679 ], [ 34.47162, -1.12664 ], [ 34.47168, -1.12663 ], [ 34.47167, -1.12661 ], [ 34.47205, -1.12653 ], [ 34.47258, -1.12623 ], [ 34.47368, -1.12593 ], [ 34.47455, -1.1259 ], [ 34.47549, -1.12569 ], [ 34.47629, -1.12588 ], [ 34.47689, -1.12653 ], [ 34.47689, -1.12718 ], [ 34.47746, -1.12757 ], [ 34.47775, -1.12748 ], [ 34.47772, -1.1276 ], [ 34.47768, -1.12768 ], [ 34.47773, -1.12768 ], [ 34.4776, -1.12784 ], [ 34.47756, -1.12788 ], [ 34.47753, -1.12793 ], [ 34.47732, -1.12812 ], [ 34.47742, -1.12841 ], [ 34.47755, -1.12861 ], [ 34.47756, -1.12862 ], [ 34.47762, -1.12871 ], [ 34.4776, -1.12879 ], [ 34.47751, -1.12911 ], [ 34.4775, -1.12913 ], [ 34.47724, -1.12946 ], [ 34.47719, -1.12978 ], [ 34.47705, -1.13003 ], [ 34.47693, -1.13036 ], [ 34.47701, -1.13064 ], [ 34.47704, -1.13068 ], [ 34.47723, -1.13092 ], [ 34.47724, -1.13093 ], [ 34.47724, -1.13104 ], [ 34.47723, -1.13125 ], [ 34.47722, -1.13129 ], [ 34.47714, -1.13147 ], [ 34.47706, -1.13165 ], [ 34.47707, -1.13208 ], [ 34.47724, -1.13241 ], [ 34.47737, -1.13262 ], [ 34.47737, -1.13263 ], [ 34.47831, -1.13263 ], [ 34.48037, -1.13265 ], [ 34.48174, -1.13275 ], [ 34.48201, -1.13277 ], [ 34.48228, -1.13275 ], [ 34.48265, -1.13278 ], [ 34.4828, -1.13273 ], [ 34.48311, -1.13263 ], [ 34.48331, -1.13259 ], [ 34.48322, -1.13251 ], [ 34.48275, -1.13177 ], [ 34.48269, -1.13166 ], [ 34.48267, -1.13162 ], [ 34.4822, -1.13084 ], [ 34.48171, -1.13005 ], [ 34.4816, -1.12987 ], [ 34.48141, -1.12951 ], [ 34.48129, -1.12927 ], [ 34.48129, -1.12927 ], [ 34.48203, -1.12856 ], [ 34.48249, -1.12827 ], [ 34.48315, -1.12777 ], [ 34.48417, -1.12731 ], [ 34.48523, -1.12691 ], [ 34.4859, -1.12661 ], [ 34.4864, -1.12613 ], [ 34.4875, -1.12483 ], [ 34.48778, -1.12451 ], [ 34.48782, -1.12447 ], [ 34.48789, -1.12439 ], [ 34.48919, -1.12326 ], [ 34.49051, -1.12226 ], [ 34.49116, -1.1218 ], [ 34.49157, -1.12152 ], [ 34.49191, -1.12139 ], [ 34.49208, -1.12133 ], [ 34.49255, -1.12107 ], [ 34.49355, -1.12058 ], [ 34.49428, -1.12023 ], [ 34.49501, -1.11987 ], [ 34.49626, -1.11926 ], [ 34.49683, -1.11896 ], [ 34.49822, -1.11822 ], [ 34.49913, -1.11776 ], [ 34.49981, -1.11747 ], [ 34.50011, -1.11725 ], [ 34.50058, -1.11703 ], [ 34.50105, -1.11673 ], [ 34.50177, -1.11633 ], [ 34.50194, -1.11625 ], [ 34.50203, -1.11608 ], [ 34.5025, -1.1155 ], [ 34.50251, -1.11549 ], [ 34.50256, -1.11542 ], [ 34.50275, -1.11461 ], [ 34.50282, -1.11429 ], [ 34.50286, -1.11412 ], [ 34.50286, -1.11388 ], [ 34.50288, -1.1137 ], [ 34.50289, -1.11179 ], [ 34.50282, -1.11106 ], [ 34.50272, -1.11008 ], [ 34.5027, -1.1098 ], [ 34.50267, -1.10901 ], [ 34.50265, -1.10837 ], [ 34.50265, -1.10836 ], [ 34.50365, -1.10803 ], [ 34.5048, -1.1077 ], [ 34.50565, -1.10771 ], [ 34.50619, -1.10774 ], [ 34.5065, -1.10776 ], [ 34.50694, -1.10791 ], [ 34.50696, -1.10793 ], [ 34.50716, -1.10804 ], [ 34.5072, -1.10805 ], [ 34.50731, -1.10807 ], [ 34.50742, -1.10809 ], [ 34.50755, -1.10813 ], [ 34.5077, -1.10817 ], [ 34.50781, -1.10821 ], [ 34.50786, -1.10823 ], [ 34.5079, -1.10825 ], [ 34.50795, -1.10827 ], [ 34.50799, -1.10829 ], [ 34.50803, -1.10831 ], [ 34.50808, -1.10834 ], [ 34.50813, -1.10838 ], [ 34.50817, -1.10841 ], [ 34.50821, -1.10844 ], [ 34.50825, -1.10848 ], [ 34.50829, -1.10852 ], [ 34.50833, -1.10855 ], [ 34.50837, -1.1086 ], [ 34.5084, -1.10865 ], [ 34.50844, -1.1087 ], [ 34.50847, -1.10876 ], [ 34.50851, -1.10882 ], [ 34.50854, -1.10889 ], [ 34.50858, -1.10897 ], [ 34.50861, -1.10905 ], [ 34.50863, -1.10911 ], [ 34.50872, -1.10907 ], [ 34.50867, -1.10925 ], [ 34.50869, -1.1094 ], [ 34.50871, -1.10948 ], [ 34.50873, -1.10954 ], [ 34.50875, -1.1096 ], [ 34.50879, -1.10966 ], [ 34.50883, -1.10973 ], [ 34.50887, -1.10981 ], [ 34.50895, -1.10993 ], [ 34.50895, -1.10993 ], [ 34.50905, -1.11008 ], [ 34.50911, -1.11016 ], [ 34.50917, -1.11024 ], [ 34.50922, -1.1103 ], [ 34.50928, -1.11036 ], [ 34.50931, -1.11038 ], [ 34.50935, -1.11041 ], [ 34.50939, -1.11043 ], [ 34.50943, -1.11044 ], [ 34.50951, -1.11047 ], [ 34.50969, -1.11051 ], [ 34.50977, -1.11053 ], [ 34.50991, -1.11058 ], [ 34.50999, -1.11061 ], [ 34.51015, -1.11065 ], [ 34.51027, -1.11068 ], [ 34.51028, -1.11068 ], [ 34.5105, -1.11065 ], [ 34.51085, -1.11054 ], [ 34.51137, -1.11024 ], [ 34.51175, -1.1099 ], [ 34.51176, -1.10937 ], [ 34.51176, -1.10905 ], [ 34.51189, -1.10867 ], [ 34.5121, -1.10828 ], [ 34.51226, -1.10771 ], [ 34.51232, -1.10744 ], [ 34.51249, -1.10721 ], [ 34.5127, -1.10695 ], [ 34.5127, -1.10666 ], [ 34.51273, -1.10622 ], [ 34.51273, -1.10584 ], [ 34.51275, -1.10549 ], [ 34.51299, -1.10516 ], [ 34.51343, -1.10514 ], [ 34.51358, -1.10516 ], [ 34.51389, -1.10522 ], [ 34.51436, -1.10522 ], [ 34.51465, -1.10528 ], [ 34.515, -1.10537 ], [ 34.51502, -1.10537 ], [ 34.51508, -1.10537 ], [ 34.51521, -1.10537 ], [ 34.51527, -1.10537 ], [ 34.51532, -1.10538 ], [ 34.51537, -1.10539 ], [ 34.51541, -1.1054 ], [ 34.51545, -1.10541 ], [ 34.5155, -1.10543 ], [ 34.51554, -1.10545 ], [ 34.51562, -1.1055 ], [ 34.51577, -1.10559 ], [ 34.51583, -1.10563 ], [ 34.5159, -1.10567 ], [ 34.5159, -1.10567 ], [ 34.51598, -1.10572 ], [ 34.51622, -1.10588 ], [ 34.5163, -1.10593 ], [ 34.51638, -1.10598 ], [ 34.51646, -1.10602 ], [ 34.51661, -1.1061 ], [ 34.51663, -1.10611 ], [ 34.51691, -1.10619 ], [ 34.51713, -1.10625 ], [ 34.51716, -1.10625 ], [ 34.51732, -1.10626 ], [ 34.51737, -1.10626 ], [ 34.51743, -1.10625 ], [ 34.51748, -1.10625 ], [ 34.51754, -1.10624 ], [ 34.51766, -1.10622 ], [ 34.51792, -1.10617 ], [ 34.51804, -1.10616 ], [ 34.51813, -1.10614 ], [ 34.51835, -1.10611 ], [ 34.51846, -1.10609 ], [ 34.51852, -1.10609 ], [ 34.51858, -1.10608 ], [ 34.51863, -1.10609 ], [ 34.51868, -1.10609 ], [ 34.51874, -1.1061 ], [ 34.5188, -1.1061 ], [ 34.51886, -1.10612 ], [ 34.51892, -1.10613 ], [ 34.51903, -1.10616 ], [ 34.5191, -1.10618 ], [ 34.51916, -1.1062 ], [ 34.51922, -1.10623 ], [ 34.51927, -1.10627 ], [ 34.51933, -1.10631 ], [ 34.51938, -1.10636 ], [ 34.51943, -1.10641 ], [ 34.51947, -1.10646 ], [ 34.51951, -1.10652 ], [ 34.51955, -1.10659 ], [ 34.51959, -1.10668 ], [ 34.51962, -1.10675 ], [ 34.51967, -1.10689 ], [ 34.51969, -1.10695 ], [ 34.51972, -1.107 ], [ 34.51972, -1.10702 ], [ 34.51976, -1.10709 ], [ 34.5198, -1.10717 ], [ 34.51984, -1.10724 ], [ 34.51991, -1.10735 ], [ 34.51995, -1.10742 ], [ 34.52, -1.10749 ], [ 34.52004, -1.10754 ], [ 34.52009, -1.1076 ], [ 34.52014, -1.10765 ], [ 34.52019, -1.10769 ], [ 34.52024, -1.10773 ], [ 34.52028, -1.10777 ], [ 34.52033, -1.1078 ], [ 34.52037, -1.10783 ], [ 34.52042, -1.10785 ], [ 34.52047, -1.10787 ], [ 34.52052, -1.10789 ], [ 34.52057, -1.1079 ], [ 34.52063, -1.10791 ], [ 34.52069, -1.10792 ], [ 34.52075, -1.10793 ], [ 34.52082, -1.10793 ], [ 34.52089, -1.10794 ], [ 34.52093, -1.10793 ], [ 34.52096, -1.10793 ], [ 34.52126, -1.10777 ], [ 34.52171, -1.10777 ], [ 34.52176, -1.10777 ], [ 34.52187, -1.10775 ], [ 34.52213, -1.10771 ], [ 34.52223, -1.1077 ], [ 34.52234, -1.10769 ], [ 34.52239, -1.10769 ], [ 34.52239, -1.10769 ], [ 34.52243, -1.10769 ], [ 34.52253, -1.1077 ], [ 34.52263, -1.10771 ], [ 34.52274, -1.10774 ], [ 34.52288, -1.10777 ], [ 34.52301, -1.1078 ], [ 34.52314, -1.10784 ], [ 34.52327, -1.10788 ], [ 34.52342, -1.10794 ], [ 34.52346, -1.10795 ], [ 34.52349, -1.10797 ], [ 34.52351, -1.10798 ], [ 34.52369, -1.10801 ], [ 34.52421, -1.10791 ], [ 34.52452, -1.10771 ], [ 34.52495, -1.10737 ], [ 34.52538, -1.10697 ], [ 34.52585, -1.10674 ], [ 34.52627, -1.10655 ], [ 34.52677, -1.1064 ], [ 34.52721, -1.10628 ], [ 34.52752, -1.10627 ], [ 34.52779, -1.10627 ], [ 34.52788, -1.10628 ], [ 34.52812, -1.10631 ], [ 34.5285, -1.10645 ], [ 34.52855, -1.10647 ], [ 34.52884, -1.10658 ], [ 34.52917, -1.10688 ], [ 34.52943, -1.10723 ], [ 34.52945, -1.10724 ], [ 34.52975, -1.10748 ], [ 34.53006, -1.1076 ], [ 34.53022, -1.10758 ], [ 34.53032, -1.10757 ], [ 34.53075, -1.1075 ], [ 34.53104, -1.10731 ], [ 34.53134, -1.10724 ], [ 34.53163, -1.10724 ], [ 34.53169, -1.10723 ], [ 34.53172, -1.10722 ], [ 34.53177, -1.10721 ], [ 34.53182, -1.1072 ], [ 34.53187, -1.10719 ], [ 34.53191, -1.10719 ], [ 34.53196, -1.10718 ], [ 34.53205, -1.10718 ], [ 34.53215, -1.10719 ], [ 34.53225, -1.1072 ], [ 34.53236, -1.10722 ], [ 34.53246, -1.10725 ], [ 34.53257, -1.10729 ], [ 34.53267, -1.10733 ], [ 34.53272, -1.10735 ], [ 34.53277, -1.10737 ], [ 34.53282, -1.1074 ], [ 34.53287, -1.10743 ], [ 34.53298, -1.1075 ], [ 34.53311, -1.10759 ], [ 34.5332, -1.10766 ], [ 34.5333, -1.10774 ], [ 34.5333, -1.10775 ], [ 34.5334, -1.10784 ], [ 34.53358, -1.108 ], [ 34.53362, -1.10804 ], [ 34.53366, -1.10808 ], [ 34.53382, -1.10828 ], [ 34.53386, -1.10832 ], [ 34.53389, -1.10836 ], [ 34.53392, -1.10839 ], [ 34.53405, -1.10842 ], [ 34.53459, -1.10842 ], [ 34.53503, -1.10847 ], [ 34.53546, -1.1085 ], [ 34.53571, -1.10854 ], [ 34.53587, -1.10857 ], [ 34.53623, -1.10867 ], [ 34.53666, -1.10878 ], [ 34.53706, -1.10886 ], [ 34.5375, -1.1089 ], [ 34.5376, -1.10892 ], [ 34.53818, -1.10896 ], [ 34.5386, -1.10905 ], [ 34.53868, -1.10906 ], [ 34.53898, -1.10924 ], [ 34.53913, -1.10957 ], [ 34.53915, -1.10961 ], [ 34.5393, -1.10994 ], [ 34.53968, -1.10973 ], [ 34.54901, -1.10457 ], [ 34.549, -1.10453 ], [ 34.54922, -1.10449 ], [ 34.5566, -1.10287 ], [ 34.55659, -1.10289 ], [ 34.5565, -1.10316 ], [ 34.55652, -1.10334 ], [ 34.55972, -1.10257 ], [ 34.56198, -1.10202 ], [ 34.56203, -1.10219 ], [ 34.56204, -1.10225 ], [ 34.56388, -1.10161 ], [ 34.56389, -1.10131 ], [ 34.56389, -1.10131 ], [ 34.56433, -1.10193 ], [ 34.56473, -1.10266 ], [ 34.56541, -1.10372 ], [ 34.56571, -1.10418 ], [ 34.56578, -1.10415 ], [ 34.56593, -1.10408 ], [ 34.5672, -1.104 ], [ 34.56848, -1.10386 ], [ 34.57006, -1.10389 ], [ 34.57008, -1.10389 ], [ 34.57021, -1.10391 ], [ 34.57081, -1.10399 ], [ 34.57081, -1.10399 ], [ 34.57264, -1.10444 ], [ 34.57549, -1.10481 ], [ 34.5776, -1.10481 ], [ 34.57855, -1.10472 ], [ 34.57856, -1.10476 ], [ 34.57869, -1.10473 ], [ 34.58141, -1.10458 ], [ 34.58154, -1.10457 ], [ 34.58341, -1.1044 ], [ 34.58413, -1.10429 ], [ 34.58447, -1.1042 ], [ 34.58441, -1.1041 ], [ 34.58454, -1.10408 ], [ 34.58582, -1.10393 ], [ 34.58671, -1.10378 ], [ 34.5869, -1.10375 ], [ 34.58842, -1.10361 ], [ 34.5899, -1.10343 ], [ 34.59136, -1.10328 ], [ 34.59283, -1.10309 ], [ 34.59549, -1.10283 ], [ 34.5957, -1.1028 ], [ 34.59773, -1.10245 ], [ 34.59941, -1.10213 ], [ 34.60013, -1.10186 ], [ 34.60054, -1.10171 ], [ 34.60125, -1.10146 ], [ 34.60148, -1.1014 ], [ 34.60211, -1.10111 ], [ 34.60242, -1.10137 ], [ 34.60306, -1.1018 ], [ 34.60307, -1.10182 ], [ 34.60308, -1.10182 ], [ 34.60312, -1.10183 ], [ 34.60316, -1.10184 ], [ 34.60318, -1.10185 ], [ 34.6032, -1.10187 ], [ 34.60322, -1.10189 ], [ 34.60324, -1.10191 ], [ 34.60327, -1.10196 ], [ 34.60334, -1.10209 ], [ 34.60338, -1.10215 ], [ 34.6034, -1.1022 ], [ 34.60342, -1.10224 ], [ 34.60344, -1.10228 ], [ 34.60345, -1.10232 ], [ 34.60348, -1.10242 ], [ 34.60349, -1.10246 ], [ 34.60351, -1.10251 ], [ 34.60354, -1.10255 ], [ 34.60356, -1.10259 ], [ 34.60359, -1.10263 ], [ 34.60361, -1.10265 ], [ 34.60364, -1.10267 ], [ 34.60366, -1.1027 ], [ 34.60375, -1.10275 ], [ 34.60377, -1.10277 ], [ 34.60379, -1.10279 ], [ 34.60383, -1.10283 ], [ 34.60387, -1.10288 ], [ 34.60391, -1.10293 ], [ 34.60394, -1.10299 ], [ 34.60397, -1.10303 ], [ 34.60399, -1.10307 ], [ 34.60403, -1.10316 ], [ 34.60406, -1.10325 ], [ 34.60409, -1.10335 ], [ 34.6041, -1.10341 ], [ 34.60412, -1.10353 ], [ 34.60413, -1.10357 ], [ 34.60415, -1.10364 ], [ 34.60417, -1.10369 ], [ 34.60418, -1.10373 ], [ 34.6042, -1.10377 ], [ 34.60422, -1.1038 ], [ 34.60424, -1.10382 ], [ 34.60426, -1.10385 ], [ 34.60432, -1.10391 ], [ 34.60435, -1.10394 ], [ 34.60436, -1.10395 ], [ 34.60437, -1.10397 ], [ 34.60438, -1.10399 ], [ 34.60438, -1.104 ], [ 34.60438, -1.10402 ], [ 34.60438, -1.10404 ], [ 34.60437, -1.10413 ], [ 34.60437, -1.10415 ], [ 34.60437, -1.10416 ], [ 34.60438, -1.10419 ], [ 34.60439, -1.10421 ], [ 34.60443, -1.10428 ], [ 34.60446, -1.10433 ], [ 34.60446, -1.10433 ], [ 34.60452, -1.1044 ], [ 34.60454, -1.10443 ], [ 34.60461, -1.10453 ], [ 34.60465, -1.10459 ], [ 34.60468, -1.10465 ], [ 34.6047, -1.1047 ], [ 34.60473, -1.10477 ], [ 34.60475, -1.10485 ], [ 34.6051, -1.10491 ], [ 34.60531, -1.105 ], [ 34.6055, -1.10504 ], [ 34.60556, -1.10508 ], [ 34.6054, -1.10509 ], [ 34.60529, -1.10509 ], [ 34.60524, -1.1051 ], [ 34.60519, -1.10511 ], [ 34.60514, -1.10512 ], [ 34.60509, -1.10513 ], [ 34.60488, -1.1052 ], [ 34.60484, -1.10521 ], [ 34.60478, -1.10522 ], [ 34.60473, -1.10522 ], [ 34.60458, -1.10522 ], [ 34.60454, -1.10523 ], [ 34.6045, -1.10523 ], [ 34.60446, -1.10524 ], [ 34.60442, -1.10526 ], [ 34.60439, -1.10528 ], [ 34.60436, -1.1053 ], [ 34.60432, -1.10534 ], [ 34.60429, -1.10539 ], [ 34.60428, -1.10542 ], [ 34.60427, -1.10544 ], [ 34.60426, -1.10548 ], [ 34.60426, -1.10551 ], [ 34.60427, -1.10554 ], [ 34.60427, -1.10558 ], [ 34.60431, -1.10574 ], [ 34.60432, -1.1058 ], [ 34.60432, -1.10583 ], [ 34.60432, -1.10586 ], [ 34.60432, -1.10589 ], [ 34.60431, -1.10592 ], [ 34.6043, -1.10596 ], [ 34.60428, -1.106 ], [ 34.60426, -1.10603 ], [ 34.60424, -1.10607 ], [ 34.60422, -1.10611 ], [ 34.60419, -1.10615 ], [ 34.60416, -1.10618 ], [ 34.60413, -1.10622 ], [ 34.60409, -1.10626 ], [ 34.60407, -1.10628 ], [ 34.60405, -1.10629 ], [ 34.60402, -1.10629 ], [ 34.60399, -1.10629 ], [ 34.60391, -1.10628 ], [ 34.60389, -1.10629 ], [ 34.60387, -1.10629 ], [ 34.60385, -1.1063 ], [ 34.60383, -1.10631 ], [ 34.60391, -1.10706 ], [ 34.60395, -1.1072 ], [ 34.60477, -1.11431 ], [ 34.60478, -1.11436 ], [ 34.60499, -1.12133 ], [ 34.60501, -1.12217 ], [ 34.6048, -1.12268 ], [ 34.60424, -1.12406 ], [ 34.60373, -1.12529 ], [ 34.60381, -1.12538 ], [ 34.60386, -1.12544 ], [ 34.60388, -1.12546 ], [ 34.60193, -1.13047 ], [ 34.60144, -1.13174 ], [ 34.60021, -1.13491 ], [ 34.60021, -1.13504 ], [ 34.60021, -1.13548 ], [ 34.60029, -1.13573 ], [ 34.60052, -1.13596 ], [ 34.60081, -1.13621 ], [ 34.60113, -1.13648 ], [ 34.60148, -1.13665 ], [ 34.60184, -1.13677 ], [ 34.60224, -1.137 ], [ 34.60263, -1.13717 ], [ 34.60294, -1.1373 ], [ 34.60317, -1.13753 ], [ 34.6033, -1.13778 ], [ 34.60336, -1.13811 ], [ 34.60345, -1.13859 ], [ 34.6034, -1.13914 ], [ 34.60336, -1.13955 ], [ 34.6033, -1.14001 ], [ 34.60322, -1.14037 ], [ 34.60334, -1.1407 ], [ 34.60347, -1.14093 ], [ 34.60366, -1.14114 ], [ 34.60393, -1.14133 ], [ 34.60424, -1.1415 ], [ 34.60458, -1.14173 ], [ 34.60482, -1.14201 ], [ 34.60501, -1.14229 ], [ 34.60526, -1.1424 ], [ 34.60551, -1.1425 ], [ 34.60604, -1.14263 ], [ 34.60638, -1.14281 ], [ 34.60654, -1.14299 ], [ 34.60665, -1.14311 ], [ 34.60684, -1.14349 ], [ 34.60702, -1.1439 ], [ 34.60711, -1.14438 ], [ 34.60734, -1.14489 ], [ 34.60768, -1.14532 ], [ 34.60786, -1.14577 ], [ 34.60793, -1.14616 ], [ 34.60793, -1.14654 ], [ 34.60793, -1.14696 ], [ 34.60793, -1.14741 ], [ 34.60793, -1.14757 ], [ 34.60811, -1.14796 ], [ 34.60825, -1.1483 ], [ 34.60843, -1.14864 ], [ 34.60856, -1.14909 ], [ 34.60886, -1.14946 ], [ 34.60894, -1.14949 ], [ 34.60898, -1.14954 ], [ 34.60899, -1.14956 ], [ 34.60901, -1.14958 ], [ 34.60903, -1.1496 ], [ 34.60905, -1.14962 ], [ 34.60909, -1.14964 ], [ 34.60913, -1.14967 ], [ 34.60918, -1.14968 ], [ 34.6093, -1.14973 ], [ 34.60942, -1.14978 ], [ 34.60948, -1.1498 ], [ 34.60954, -1.14982 ], [ 34.60959, -1.14983 ], [ 34.60965, -1.14983 ], [ 34.60971, -1.14983 ], [ 34.60978, -1.14983 ], [ 34.60989, -1.14982 ], [ 34.60998, -1.14981 ], [ 34.61007, -1.14979 ], [ 34.61015, -1.14978 ], [ 34.61022, -1.14976 ], [ 34.61028, -1.14975 ], [ 34.61035, -1.14973 ], [ 34.6104, -1.1497 ], [ 34.61046, -1.14968 ], [ 34.61049, -1.14966 ], [ 34.61053, -1.14963 ], [ 34.61056, -1.14961 ], [ 34.6106, -1.14958 ], [ 34.61066, -1.14951 ], [ 34.61078, -1.14938 ], [ 34.61083, -1.14934 ], [ 34.61088, -1.14929 ], [ 34.61093, -1.14925 ], [ 34.61101, -1.14919 ], [ 34.6111, -1.14912 ], [ 34.61119, -1.14906 ], [ 34.61129, -1.149 ], [ 34.61142, -1.14892 ], [ 34.6115, -1.14888 ], [ 34.61157, -1.14884 ], [ 34.61164, -1.14881 ], [ 34.61175, -1.14877 ], [ 34.61181, -1.14875 ], [ 34.61184, -1.14874 ], [ 34.61187, -1.14873 ], [ 34.61188, -1.14873 ], [ 34.6119, -1.14873 ], [ 34.61218, -1.14887 ], [ 34.61234, -1.14911 ], [ 34.61239, -1.14949 ], [ 34.61247, -1.15009 ], [ 34.61254, -1.1503 ], [ 34.61258, -1.15047 ], [ 34.61285, -1.15088 ], [ 34.61326, -1.15129 ], [ 34.61364, -1.15148 ], [ 34.61419, -1.15175 ], [ 34.61465, -1.15197 ], [ 34.61518, -1.1522 ], [ 34.61519, -1.15221 ], [ 34.61519, -1.15221 ], [ 34.61545, -1.15245 ], [ 34.6156, -1.15259 ], [ 34.6159, -1.15294 ], [ 34.61614, -1.15351 ], [ 34.61622, -1.15411 ], [ 34.61644, -1.1546 ], [ 34.61685, -1.15498 ], [ 34.61744, -1.15536 ], [ 34.61788, -1.1556 ], [ 34.61815, -1.15602 ], [ 34.61823, -1.15658 ], [ 34.61823, -1.15704 ], [ 34.61834, -1.1575 ], [ 34.61842, -1.15791 ], [ 34.61879, -1.15812 ], [ 34.61881, -1.15811 ], [ 34.61884, -1.15815 ], [ 34.61889, -1.15821 ], [ 34.61894, -1.15825 ], [ 34.61899, -1.15828 ], [ 34.61903, -1.1583 ], [ 34.61907, -1.15832 ], [ 34.6191, -1.15833 ], [ 34.61914, -1.15833 ], [ 34.61919, -1.15834 ], [ 34.61923, -1.15834 ], [ 34.61928, -1.15834 ], [ 34.61933, -1.15833 ], [ 34.61937, -1.15832 ], [ 34.61941, -1.15831 ], [ 34.61945, -1.1583 ], [ 34.61946, -1.1583 ], [ 34.6195, -1.15828 ], [ 34.6196, -1.15823 ], [ 34.61964, -1.15821 ], [ 34.61975, -1.15816 ], [ 34.61978, -1.15815 ], [ 34.61981, -1.15813 ], [ 34.61987, -1.15812 ], [ 34.61993, -1.1581 ], [ 34.61998, -1.15809 ], [ 34.62003, -1.15808 ], [ 34.6201, -1.15808 ], [ 34.62013, -1.15803 ], [ 34.62017, -1.15798 ], [ 34.62017, -1.15805 ], [ 34.62017, -1.15808 ], [ 34.62024, -1.15809 ], [ 34.62024, -1.15809 ], [ 34.62032, -1.1581 ], [ 34.62038, -1.15812 ], [ 34.62044, -1.15813 ], [ 34.6205, -1.15815 ], [ 34.62055, -1.15817 ], [ 34.62059, -1.15819 ], [ 34.62063, -1.15821 ], [ 34.62074, -1.15828 ], [ 34.62079, -1.15832 ], [ 34.62085, -1.15836 ], [ 34.62103, -1.1585 ], [ 34.62109, -1.15854 ], [ 34.62115, -1.15859 ], [ 34.62127, -1.15869 ], [ 34.62127, -1.15869 ], [ 34.62132, -1.15873 ], [ 34.62136, -1.15875 ], [ 34.62139, -1.15877 ], [ 34.62143, -1.15879 ], [ 34.62146, -1.1588 ], [ 34.62149, -1.15881 ], [ 34.62153, -1.15882 ], [ 34.6216, -1.15884 ], [ 34.62169, -1.15885 ], [ 34.62178, -1.15885 ], [ 34.62182, -1.15885 ], [ 34.62187, -1.15885 ], [ 34.62192, -1.15884 ], [ 34.62197, -1.15883 ], [ 34.62203, -1.15882 ], [ 34.62209, -1.15881 ], [ 34.62223, -1.15876 ], [ 34.6223, -1.15874 ], [ 34.62237, -1.15871 ], [ 34.62244, -1.15868 ], [ 34.62251, -1.15865 ], [ 34.62258, -1.15861 ], [ 34.62265, -1.15857 ], [ 34.62272, -1.15853 ], [ 34.62278, -1.15848 ], [ 34.62282, -1.15845 ], [ 34.62287, -1.15842 ], [ 34.623, -1.1583 ], [ 34.62304, -1.15826 ], [ 34.62308, -1.15822 ], [ 34.62312, -1.15819 ], [ 34.62319, -1.15815 ], [ 34.62328, -1.15811 ], [ 34.62336, -1.15807 ], [ 34.62353, -1.158 ], [ 34.62371, -1.15791 ], [ 34.62377, -1.15789 ], [ 34.62381, -1.15788 ], [ 34.62382, -1.15788 ], [ 34.62387, -1.15786 ], [ 34.624, -1.15785 ], [ 34.62405, -1.15784 ], [ 34.62415, -1.15781 ], [ 34.62424, -1.15777 ], [ 34.62434, -1.15773 ], [ 34.62445, -1.15768 ], [ 34.62452, -1.15764 ], [ 34.62458, -1.1576 ], [ 34.62464, -1.15756 ], [ 34.6247, -1.15752 ], [ 34.62476, -1.15748 ], [ 34.62481, -1.15744 ], [ 34.62485, -1.1574 ], [ 34.6249, -1.15736 ], [ 34.62491, -1.15735 ], [ 34.62496, -1.15729 ], [ 34.62502, -1.15723 ], [ 34.62507, -1.15716 ], [ 34.62511, -1.1571 ], [ 34.62514, -1.15705 ], [ 34.62516, -1.15699 ], [ 34.62518, -1.15693 ], [ 34.62522, -1.1568 ], [ 34.62524, -1.15674 ], [ 34.62526, -1.15669 ], [ 34.62528, -1.15664 ], [ 34.62533, -1.15655 ], [ 34.62539, -1.15645 ], [ 34.62542, -1.15639 ], [ 34.62547, -1.15633 ], [ 34.6256, -1.15616 ], [ 34.62566, -1.15607 ], [ 34.62568, -1.15605 ], [ 34.6257, -1.15603 ], [ 34.62573, -1.156 ], [ 34.62576, -1.15598 ], [ 34.62579, -1.15596 ], [ 34.62582, -1.15594 ], [ 34.62586, -1.15592 ], [ 34.62589, -1.1559 ], [ 34.62593, -1.15589 ], [ 34.62597, -1.15588 ], [ 34.62602, -1.15587 ], [ 34.62607, -1.15587 ] ] ] } },
{ "type": "Feature", "properties": { "entity_id": 222, "p_entity": 28, "name": "Nyatike Sub County" }, "geometry": { "type": "MultiPolygon", "coordinates": [ [ [ [ 34.05673, -1.03193 ], [ 34.05669, -1.03219 ], [ 34.05644, -1.0321 ], [ 34.05623, -1.03214 ], [ 34.05623, -1.03244 ], [ 34.0559, -1.0326 ], [ 34.0556, -1.0326 ], [ 34.0556, -1.03235 ], [ 34.05539, -1.03239 ], [ 34.05539, -1.03252 ], [ 34.05506, -1.03244 ], [ 34.05506, -1.03256 ], [ 34.05477, -1.03277 ], [ 34.05464, -1.0326 ], [ 34.05456, -1.03231 ], [ 34.05464, -1.03223 ], [ 34.05464, -1.03206 ], [ 34.05489, -1.03202 ], [ 34.05493, -1.03185 ], [ 34.05502, -1.03185 ], [ 34.05539, -1.03185 ], [ 34.05539, -1.03168 ], [ 34.05707, -1.03101 ], [ 34.05682, -1.03122 ], [ 34.05682, -1.03152 ], [ 34.05682, -1.03168 ], [ 34.05673, -1.03193 ] ] ], [ [ [ 34.05786, -1.03101 ], [ 34.05757, -1.03106 ], [ 34.05745, -1.03085 ], [ 34.05724, -1.03064 ], [ 34.05757, -1.03034 ], [ 34.05774, -1.0303 ], [ 34.05795, -1.03055 ], [ 34.05795, -1.03068 ], [ 34.05791, -1.0308 ], [ 34.05786, -1.03101 ] ] ], [ [ [ 34.0536, -1.02888 ], [ 34.05322, -1.02888 ], [ 34.05314, -1.02875 ], [ 34.0533, -1.0285 ], [ 34.05347, -1.02838 ], [ 34.0538, -1.02838 ], [ 34.0538, -1.02855 ], [ 34.05372, -1.02867 ], [ 34.0536, -1.02888 ] ] ], [ [ [ 34.05288, -1.02733 ], [ 34.0528, -1.0275 ], [ 34.05284, -1.02775 ], [ 34.05288, -1.02792 ], [ 34.05255, -1.02804 ], [ 34.05234, -1.02809 ], [ 34.05213, -1.02792 ], [ 34.05209, -1.02762 ], [ 34.05209, -1.02733 ], [ 34.05205, -1.02708 ], [ 34.05234, -1.02704 ], [ 34.05234, -1.02721 ], [ 34.05263, -1.02746 ], [ 34.05263, -1.02725 ], [ 34.05267, -1.02691 ], [ 34.0528, -1.02691 ], [ 34.05288, -1.02704 ], [ 34.05288, -1.02733 ] ] ], [ [ [ 34.03981, -1.01021 ], [ 34.03948, -1.01021 ], [ 34.03858, -1.00996 ], [ 34.03891, -1.00939 ], [ 34.03875, -1.00906 ], [ 34.03875, -1.00849 ], [ 34.04095, -1.008 ], [ 34.04136, -1.00857 ], [ 34.04079, -1.00898 ], [ 34.04038, -1.00906 ], [ 34.04014, -1.00923 ], [ 34.04005, -1.00955 ], [ 34.04005, -1.00988 ], [ 34.03981, -1.01021 ] ] ], [ [ [ 33.94455, -0.88917 ], [ 33.94386, -0.88979 ], [ 33.94332, -0.89007 ], [ 33.94277, -0.88974 ], [ 33.9423, -0.88974 ], [ 33.94178, -0.88953 ], [ 33.94162, -0.88892 ], [ 33.94137, -0.88817 ], [ 33.94137, -0.88748 ], [ 33.94218, -0.88661 ], [ 33.94274, -0.88649 ], [ 33.94337, -0.88649 ], [ 33.9438, -0.88649 ], [ 33.94436, -0.88674 ], [ 33.94492, -0.88705 ], [ 33.94502, -0.88771 ], [ 33.94474, -0.88873 ], [ 33.94455, -0.88917 ] ] ], [ [ [ 34.32437, -0.86851 ], [ 34.32444, -0.87172 ], [ 34.32491, -0.87249 ], [ 34.32783, -0.87473 ], [ 34.33385, -0.87851 ], [ 34.33606, -0.87954 ], [ 34.3361, -0.87951 ], [ 34.3361, -0.87951 ], [ 34.33612, -0.87949 ], [ 34.3362, -0.87948 ], [ 34.33626, -0.87943 ], [ 34.33708, -0.87981 ], [ 34.3385, -0.88024 ], [ 34.33979, -0.88094 ], [ 34.3404, -0.88126 ], [ 34.34099, -0.88168 ], [ 34.34138, -0.88188 ], [ 34.34204, -0.88227 ], [ 34.34206, -0.88243 ], [ 34.34217, -0.88317 ], [ 34.34218, -0.88317 ], [ 34.34235, -0.88463 ], [ 34.34235, -0.88478 ], [ 34.34243, -0.88652 ], [ 34.34251, -0.88659 ], [ 34.34256, -0.88664 ], [ 34.34255, -0.88664 ], [ 34.34256, -0.88666 ], [ 34.34257, -0.88669 ], [ 34.34257, -0.88673 ], [ 34.34275, -0.88853 ], [ 34.34273, -0.89012 ], [ 34.34294, -0.89376 ], [ 34.34328, -0.89444 ], [ 34.34344, -0.89476 ], [ 34.34414, -0.89586 ], [ 34.34442, -0.89632 ], [ 34.34482, -0.89707 ], [ 34.34518, -0.89739 ], [ 34.34598, -0.89815 ], [ 34.34652, -0.89874 ], [ 34.34794, -0.90035 ], [ 34.348, -0.9004 ], [ 34.34873, -0.90095 ], [ 34.3495, -0.90142 ], [ 34.35033, -0.90178 ], [ 34.35059, -0.90185 ], [ 34.35107, -0.90211 ], [ 34.35153, -0.90271 ], [ 34.35171, -0.90354 ], [ 34.3517, -0.9048 ], [ 34.35174, -0.90532 ], [ 34.35162, -0.90573 ], [ 34.35155, -0.90597 ], [ 34.35147, -0.90673 ], [ 34.35129, -0.90684 ], [ 34.35086, -0.90706 ], [ 34.35051, -0.90741 ], [ 34.35006, -0.90783 ], [ 34.34923, -0.90812 ], [ 34.34897, -0.90826 ], [ 34.34859, -0.90858 ], [ 34.34816, -0.90885 ], [ 34.34766, -0.90936 ], [ 34.34757, -0.90944 ], [ 34.34756, -0.90947 ], [ 34.34754, -0.90956 ], [ 34.34751, -0.90965 ], [ 34.34744, -0.90997 ], [ 34.3474, -0.9101 ], [ 34.34737, -0.91026 ], [ 34.34733, -0.91044 ], [ 34.34729, -0.91061 ], [ 34.34722, -0.91101 ], [ 34.34718, -0.91121 ], [ 34.34713, -0.91141 ], [ 34.34709, -0.91158 ], [ 34.34706, -0.91167 ], [ 34.34702, -0.91177 ], [ 34.34691, -0.91209 ], [ 34.34687, -0.91221 ], [ 34.34683, -0.91232 ], [ 34.34681, -0.91242 ], [ 34.34678, -0.91251 ], [ 34.34676, -0.91259 ], [ 34.34676, -0.91262 ], [ 34.34668, -0.91304 ], [ 34.34665, -0.91321 ], [ 34.34662, -0.91333 ], [ 34.34658, -0.9136 ], [ 34.34656, -0.91366 ], [ 34.34655, -0.91372 ], [ 34.34653, -0.9138 ], [ 34.3465, -0.91386 ], [ 34.34648, -0.91392 ], [ 34.34645, -0.91397 ], [ 34.34643, -0.914 ], [ 34.34641, -0.91403 ], [ 34.34636, -0.91409 ], [ 34.3463, -0.91414 ], [ 34.34624, -0.9142 ], [ 34.34618, -0.91424 ], [ 34.34618, -0.91424 ], [ 34.34615, -0.91429 ], [ 34.34602, -0.91443 ], [ 34.34574, -0.91461 ], [ 34.34543, -0.9148 ], [ 34.3454, -0.91482 ], [ 34.34535, -0.91487 ], [ 34.34525, -0.91495 ], [ 34.34514, -0.91504 ], [ 34.34504, -0.91511 ], [ 34.34491, -0.9152 ], [ 34.34476, -0.91529 ], [ 34.3446, -0.91539 ], [ 34.34452, -0.91543 ], [ 34.34452, -0.91543 ], [ 34.34451, -0.91543 ], [ 34.34441, -0.91549 ], [ 34.34427, -0.91556 ], [ 34.34414, -0.91563 ], [ 34.34402, -0.91569 ], [ 34.3439, -0.91575 ], [ 34.34378, -0.9158 ], [ 34.34372, -0.91583 ], [ 34.34367, -0.91585 ], [ 34.34356, -0.91589 ], [ 34.34345, -0.91593 ], [ 34.34324, -0.916 ], [ 34.34314, -0.91603 ], [ 34.34305, -0.91606 ], [ 34.34297, -0.91608 ], [ 34.34289, -0.9161 ], [ 34.34287, -0.9161 ], [ 34.34277, -0.91615 ], [ 34.34229, -0.91624 ], [ 34.34178, -0.91633 ], [ 34.34149, -0.91628 ], [ 34.34125, -0.91615 ], [ 34.34104, -0.91598 ], [ 34.34078, -0.91594 ], [ 34.34075, -0.91593 ], [ 34.34072, -0.91594 ], [ 34.3404, -0.91609 ], [ 34.34008, -0.91644 ], [ 34.33999, -0.91671 ], [ 34.33996, -0.91682 ], [ 34.33985, -0.91698 ], [ 34.33984, -0.91699 ], [ 34.33983, -0.91703 ], [ 34.3398, -0.91711 ], [ 34.33979, -0.91715 ], [ 34.33977, -0.91719 ], [ 34.33975, -0.91722 ], [ 34.33974, -0.91725 ], [ 34.33971, -0.91729 ], [ 34.33968, -0.91733 ], [ 34.33965, -0.91736 ], [ 34.33961, -0.9174 ], [ 34.33958, -0.91744 ], [ 34.33954, -0.91748 ], [ 34.33949, -0.91751 ], [ 34.33944, -0.91755 ], [ 34.33936, -0.9176 ], [ 34.33934, -0.91762 ], [ 34.33923, -0.91769 ], [ 34.3391, -0.91776 ], [ 34.33886, -0.91789 ], [ 34.33877, -0.91793 ], [ 34.33867, -0.91798 ], [ 34.33857, -0.91801 ], [ 34.33837, -0.91818 ], [ 34.33837, -0.91818 ], [ 34.33836, -0.9182 ], [ 34.33836, -0.9182 ], [ 34.33837, -0.9182 ], [ 34.33838, -0.9182 ], [ 34.33855, -0.91823 ], [ 34.33863, -0.91833 ], [ 34.33875, -0.91856 ], [ 34.33897, -0.91883 ], [ 34.33913, -0.91911 ], [ 34.33925, -0.91948 ], [ 34.33927, -0.91986 ], [ 34.33927, -0.9201 ], [ 34.33948, -0.92049 ], [ 34.33993, -0.92125 ], [ 34.33992, -0.92127 ], [ 34.33991, -0.92135 ], [ 34.33996, -0.92139 ], [ 34.34043, -0.92159 ], [ 34.34088, -0.92184 ], [ 34.34128, -0.92207 ], [ 34.34122, -0.92248 ], [ 34.34108, -0.92301 ], [ 34.34105, -0.92345 ], [ 34.34102, -0.92417 ], [ 34.34052, -0.92439 ], [ 34.34007, -0.92462 ], [ 34.33981, -0.92491 ], [ 34.33966, -0.9253 ], [ 34.3396, -0.92555 ], [ 34.3396, -0.92569 ], [ 34.33959, -0.92581 ], [ 34.33959, -0.92584 ], [ 34.33958, -0.92601 ], [ 34.33956, -0.9262 ], [ 34.33956, -0.92628 ], [ 34.33955, -0.92707 ], [ 34.33958, -0.9279 ], [ 34.33963, -0.92871 ], [ 34.33966, -0.92902 ], [ 34.33969, -0.92912 ], [ 34.33971, -0.92919 ], [ 34.33973, -0.92925 ], [ 34.33974, -0.92931 ], [ 34.33975, -0.92938 ], [ 34.33976, -0.92946 ], [ 34.33976, -0.92958 ], [ 34.33977, -0.92966 ], [ 34.33977, -0.9297 ], [ 34.33978, -0.92973 ], [ 34.34001, -0.9302 ], [ 34.34002, -0.93022 ], [ 34.34034, -0.93047 ], [ 34.34045, -0.93055 ], [ 34.34081, -0.93067 ], [ 34.3411, -0.93067 ], [ 34.34124, -0.93071 ], [ 34.34121, -0.93105 ], [ 34.34127, -0.93147 ], [ 34.34137, -0.93185 ], [ 34.34148, -0.9323 ], [ 34.3415, -0.93248 ], [ 34.34151, -0.93254 ], [ 34.34155, -0.93272 ], [ 34.34155, -0.93319 ], [ 34.34157, -0.93392 ], [ 34.34168, -0.93456 ], [ 34.34168, -0.93495 ], [ 34.34174, -0.93513 ], [ 34.34187, -0.93532 ], [ 34.34201, -0.93558 ], [ 34.34226, -0.93597 ], [ 34.34239, -0.93625 ], [ 34.34245, -0.93657 ], [ 34.34258, -0.93701 ], [ 34.34276, -0.93767 ], [ 34.34294, -0.93815 ], [ 34.34297, -0.93871 ], [ 34.34296, -0.93892 ], [ 34.34292, -0.93918 ], [ 34.34277, -0.93954 ], [ 34.34245, -0.93997 ], [ 34.34239, -0.94001 ], [ 34.34234, -0.94004 ], [ 34.34228, -0.94008 ], [ 34.34224, -0.94012 ], [ 34.34219, -0.94017 ], [ 34.34214, -0.94022 ], [ 34.34209, -0.94028 ], [ 34.34204, -0.94035 ], [ 34.342, -0.9404 ], [ 34.34196, -0.94047 ], [ 34.34181, -0.94072 ], [ 34.34175, -0.94082 ], [ 34.3416, -0.94103 ], [ 34.3415, -0.94119 ], [ 34.34141, -0.94134 ], [ 34.34133, -0.94148 ], [ 34.34128, -0.94158 ], [ 34.34122, -0.94168 ], [ 34.34117, -0.9418 ], [ 34.34111, -0.94191 ], [ 34.34106, -0.94203 ], [ 34.341, -0.94217 ], [ 34.34088, -0.94246 ], [ 34.34081, -0.94266 ], [ 34.34073, -0.94287 ], [ 34.34065, -0.94311 ], [ 34.34058, -0.94332 ], [ 34.34044, -0.94368 ], [ 34.3402, -0.94443 ], [ 34.34001, -0.94513 ], [ 34.3397, -0.94648 ], [ 34.33969, -0.94651 ], [ 34.33966, -0.94661 ], [ 34.33961, -0.94679 ], [ 34.33956, -0.94695 ], [ 34.3395, -0.94721 ], [ 34.33936, -0.94781 ], [ 34.33931, -0.94801 ], [ 34.33921, -0.94847 ], [ 34.3392, -0.94851 ], [ 34.33916, -0.94868 ], [ 34.33913, -0.9488 ], [ 34.33909, -0.94892 ], [ 34.33908, -0.94896 ], [ 34.33906, -0.94903 ], [ 34.33903, -0.94913 ], [ 34.339, -0.94921 ], [ 34.33896, -0.94929 ], [ 34.33893, -0.94937 ], [ 34.33882, -0.94959 ], [ 34.33879, -0.94965 ], [ 34.33877, -0.94971 ], [ 34.33875, -0.94977 ], [ 34.33873, -0.94984 ], [ 34.33871, -0.9499 ], [ 34.3387, -0.94996 ], [ 34.33869, -0.95003 ], [ 34.33869, -0.95012 ], [ 34.33869, -0.95022 ], [ 34.3387, -0.95036 ], [ 34.3387, -0.95043 ], [ 34.3387, -0.95051 ], [ 34.3387, -0.95056 ], [ 34.3387, -0.95061 ], [ 34.33869, -0.9507 ], [ 34.33868, -0.95078 ], [ 34.33866, -0.95087 ], [ 34.33864, -0.95096 ], [ 34.33862, -0.95105 ], [ 34.3386, -0.95114 ], [ 34.33857, -0.95124 ], [ 34.33854, -0.95133 ], [ 34.33851, -0.95143 ], [ 34.33847, -0.95153 ], [ 34.33845, -0.95159 ], [ 34.33843, -0.95163 ], [ 34.33839, -0.95174 ], [ 34.33834, -0.95185 ], [ 34.33829, -0.95196 ], [ 34.33816, -0.95222 ], [ 34.33808, -0.95238 ], [ 34.33798, -0.95255 ], [ 34.33787, -0.95274 ], [ 34.33771, -0.953 ], [ 34.33772, -0.95311 ], [ 34.33765, -0.95321 ], [ 34.33726, -0.95364 ], [ 34.33695, -0.95392 ], [ 34.33705, -0.95454 ], [ 34.33705, -0.95467 ], [ 34.3371, -0.95474 ], [ 34.33715, -0.95481 ], [ 34.33753, -0.95505 ], [ 34.33786, -0.95509 ], [ 34.33786, -0.9551 ], [ 34.33838, -0.95587 ], [ 34.33926, -0.95703 ], [ 34.33984, -0.95788 ], [ 34.33987, -0.95791 ], [ 34.3399, -0.95795 ], [ 34.33989, -0.95791 ], [ 34.34045, -0.95789 ], [ 34.34064, -0.95788 ], [ 34.34115, -0.95786 ], [ 34.34195, -0.95784 ], [ 34.34224, -0.95793 ], [ 34.34228, -0.95807 ], [ 34.34249, -0.95883 ], [ 34.3424, -0.95927 ], [ 34.34231, -0.95965 ], [ 34.34256, -0.96005 ], [ 34.34303, -0.9606 ], [ 34.34352, -0.96133 ], [ 34.34405, -0.96258 ], [ 34.34477, -0.96366 ], [ 34.34516, -0.96428 ], [ 34.34567, -0.9647 ], [ 34.34628, -0.96515 ], [ 34.34688, -0.96557 ], [ 34.34722, -0.96583 ], [ 34.34781, -0.96627 ], [ 34.34785, -0.96633 ], [ 34.34795, -0.96634 ], [ 34.34913, -0.96706 ], [ 34.35108, -0.96819 ], [ 34.3521, -0.96906 ], [ 34.35318, -0.97035 ], [ 34.35349, -0.97117 ], [ 34.35372, -0.97152 ], [ 34.35388, -0.97223 ], [ 34.35529, -0.97346 ], [ 34.3572, -0.97582 ], [ 34.35723, -0.97543 ], [ 34.3578, -0.9763 ], [ 34.35779, -0.97639 ], [ 34.35765, -0.97758 ], [ 34.35734, -0.97963 ], [ 34.35708, -0.98066 ], [ 34.35706, -0.98189 ], [ 34.35688, -0.98189 ], [ 34.35674, -0.98191 ], [ 34.3566, -0.98203 ], [ 34.35632, -0.98242 ], [ 34.35605, -0.98278 ], [ 34.35579, -0.9831 ], [ 34.35549, -0.98357 ], [ 34.3551, -0.98417 ], [ 34.35473, -0.9846 ], [ 34.35453, -0.98481 ], [ 34.35436, -0.98498 ], [ 34.35432, -0.98515 ], [ 34.35421, -0.98531 ], [ 34.35405, -0.98549 ], [ 34.35378, -0.98571 ], [ 34.35367, -0.98588 ], [ 34.35349, -0.98626 ], [ 34.35332, -0.98663 ], [ 34.35322, -0.98676 ], [ 34.35309, -0.98692 ], [ 34.35301, -0.98699 ], [ 34.35274, -0.9871 ], [ 34.3525, -0.98705 ], [ 34.35231, -0.98703 ], [ 34.35196, -0.98696 ], [ 34.35169, -0.98694 ], [ 34.35143, -0.98689 ], [ 34.35116, -0.98685 ], [ 34.35092, -0.9868 ], [ 34.3507, -0.98674 ], [ 34.3505, -0.98667 ], [ 34.35, -0.98645 ], [ 34.34985, -0.98638 ], [ 34.34981, -0.98636 ], [ 34.34969, -0.98631 ], [ 34.34973, -0.9864 ], [ 34.3493, -0.98658 ], [ 34.34886, -0.98683 ], [ 34.34821, -0.9879 ], [ 34.34776, -0.98865 ], [ 34.34689, -0.98934 ], [ 34.34632, -0.99034 ], [ 34.34612, -0.9906 ], [ 34.34573, -0.99084 ], [ 34.34537, -0.99054 ], [ 34.34502, -0.99059 ], [ 34.34466, -0.99088 ], [ 34.34425, -0.99141 ], [ 34.34343, -0.99169 ], [ 34.34262, -0.99205 ], [ 34.34196, -0.99224 ], [ 34.34161, -0.99257 ], [ 34.34092, -0.99289 ], [ 34.34023, -0.99293 ], [ 34.33946, -0.99346 ], [ 34.33902, -0.99391 ], [ 34.33883, -0.99423 ], [ 34.33845, -0.99508 ], [ 34.33823, -0.99537 ], [ 34.33794, -0.99535 ], [ 34.33733, -0.99484 ], [ 34.33676, -0.99451 ], [ 34.33642, -0.99451 ], [ 34.33598, -0.99472 ], [ 34.33603, -0.99535 ], [ 34.33609, -0.99593 ], [ 34.336, -0.99683 ], [ 34.33566, -0.99766 ], [ 34.33515, -0.99819 ], [ 34.3345, -0.99857 ], [ 34.3339, -0.99882 ], [ 34.33369, -0.99916 ], [ 34.33373, -0.99949 ], [ 34.33351, -0.99956 ], [ 34.33234, -0.99949 ], [ 34.33187, -0.99944 ], [ 34.33157, -0.99934 ], [ 34.33122, -0.99932 ], [ 34.33078, -0.99946 ], [ 34.33014, -0.99972 ], [ 34.32881, -1.00076 ], [ 34.32821, -1.00119 ], [ 34.32736, -1.00201 ], [ 34.32692, -1.00247 ], [ 34.32614, -1.00255 ], [ 34.32548, -1.00263 ], [ 34.32439, -1.00309 ], [ 34.32339, -1.00358 ], [ 34.32245, -1.00418 ], [ 34.32219, -1.00446 ], [ 34.32219, -1.00446 ], [ 34.32189, -1.0048 ], [ 34.32146, -1.00535 ], [ 34.3211, -1.00613 ], [ 34.3207, -1.00677 ], [ 34.32048, -1.00763 ], [ 34.32033, -1.00826 ], [ 34.32019, -1.00885 ], [ 34.31992, -1.01022 ], [ 34.31976, -1.01072 ], [ 34.31976, -1.01073 ], [ 34.31955, -1.01143 ], [ 34.31931, -1.01213 ], [ 34.31911, -1.01242 ], [ 34.31892, -1.01308 ], [ 34.31818, -1.01394 ], [ 34.31779, -1.01429 ], [ 34.31738, -1.0146 ], [ 34.31666, -1.01466 ], [ 34.31625, -1.01466 ], [ 34.31575, -1.0146 ], [ 34.31507, -1.0145 ], [ 34.31427, -1.01454 ], [ 34.31361, -1.01454 ], [ 34.3132, -1.0144 ], [ 34.31317, -1.01441 ], [ 34.31317, -1.01441 ], [ 34.31316, -1.01442 ], [ 34.31306, -1.01447 ], [ 34.31289, -1.01452 ], [ 34.3124, -1.01463 ], [ 34.31163, -1.01462 ], [ 34.31086, -1.0147 ], [ 34.31021, -1.01466 ], [ 34.30944, -1.01484 ], [ 34.3089, -1.01499 ], [ 34.30848, -1.01519 ], [ 34.30811, -1.01537 ], [ 34.3079, -1.0155 ], [ 34.30776, -1.0156 ], [ 34.30762, -1.01576 ], [ 34.3076, -1.0159 ], [ 34.30765, -1.01612 ], [ 34.30798, -1.01639 ], [ 34.3082, -1.01653 ], [ 34.307, -1.01748 ], [ 34.30686, -1.01791 ], [ 34.30629, -1.01905 ], [ 34.30564, -1.01991 ], [ 34.30472, -1.02055 ], [ 34.30336, -1.02086 ], [ 34.30229, -1.02191 ], [ 34.30171, -1.02255 ], [ 34.30102, -1.02316 ], [ 34.30036, -1.02314 ], [ 34.29966, -1.02302 ], [ 34.29825, -1.02268 ], [ 34.29789, -1.0225 ], [ 34.29664, -1.02202 ], [ 34.29611, -1.0218 ], [ 34.29564, -1.0215 ], [ 34.29503, -1.02117 ], [ 34.29441, -1.02094 ], [ 34.29355, -1.02073 ], [ 34.29282, -1.02071 ], [ 34.29227, -1.02072 ], [ 34.29169, -1.02074 ], [ 34.29104, -1.02078 ], [ 34.29029, -1.02088 ], [ 34.28998, -1.021 ], [ 34.28957, -1.02118 ], [ 34.2892, -1.02153 ], [ 34.28898, -1.02184 ], [ 34.28875, -1.02198 ], [ 34.28837, -1.02195 ], [ 34.28813, -1.02192 ], [ 34.28818, -1.02419 ], [ 34.28797, -1.02537 ], [ 34.28747, -1.02747 ], [ 34.28642, -1.03025 ], [ 34.28569, -1.03225 ], [ 34.2853, -1.03331 ], [ 34.28466, -1.03487 ], [ 34.28431, -1.03604 ], [ 34.28431, -1.03606 ], [ 34.28418, -1.0365 ], [ 34.28352, -1.03842 ], [ 34.28267, -1.04136 ], [ 34.28224, -1.04436 ], [ 34.28175, -1.04693 ], [ 34.28169, -1.04791 ], [ 34.28138, -1.04944 ], [ 34.28083, -1.05177 ], [ 34.28045, -1.05261 ], [ 34.27971, -1.05493 ], [ 34.279, -1.05677 ], [ 34.27853, -1.05893 ], [ 34.27839, -1.05976 ], [ 34.27817, -1.06047 ], [ 34.27772, -1.06197 ], [ 34.27733, -1.0631 ], [ 34.27694, -1.06391 ], [ 34.27642, -1.06445 ], [ 34.27595, -1.06565 ], [ 34.27604, -1.06565 ], [ 34.27453, -1.06803 ], [ 34.27371, -1.07009 ], [ 34.27231, -1.07392 ], [ 34.2712, -1.07649 ], [ 34.27125, -1.07648 ], [ 34.27142, -1.07648 ], [ 34.27148, -1.07645 ], [ 34.27151, -1.07644 ], [ 34.27155, -1.07642 ], [ 34.27158, -1.07639 ], [ 34.27165, -1.07634 ], [ 34.27168, -1.07631 ], [ 34.27171, -1.07629 ], [ 34.27174, -1.07628 ], [ 34.2718, -1.07626 ], [ 34.27186, -1.07625 ], [ 34.27193, -1.07624 ], [ 34.272, -1.07623 ], [ 34.27205, -1.07623 ], [ 34.2721, -1.07624 ], [ 34.27216, -1.07625 ], [ 34.27222, -1.07626 ], [ 34.27228, -1.07628 ], [ 34.27234, -1.0763 ], [ 34.27253, -1.07638 ], [ 34.2726, -1.07641 ], [ 34.27266, -1.07644 ], [ 34.27273, -1.07647 ], [ 34.27296, -1.07659 ], [ 34.27305, -1.07663 ], [ 34.27313, -1.07666 ], [ 34.27321, -1.07669 ], [ 34.27329, -1.07671 ], [ 34.27336, -1.07673 ], [ 34.27342, -1.07674 ], [ 34.27348, -1.07675 ], [ 34.2735, -1.07675 ], [ 34.27354, -1.07675 ], [ 34.27368, -1.07675 ], [ 34.2735, -1.07831 ], [ 34.27302, -1.08017 ], [ 34.27232, -1.08178 ], [ 34.27136, -1.08421 ], [ 34.27051, -1.08579 ], [ 34.2704, -1.08634 ], [ 34.27042, -1.08636 ], [ 34.27043, -1.08638 ], [ 34.27044, -1.08641 ], [ 34.27045, -1.08644 ], [ 34.27046, -1.08648 ], [ 34.27046, -1.08651 ], [ 34.27047, -1.08655 ], [ 34.27047, -1.0866 ], [ 34.27047, -1.08664 ], [ 34.27046, -1.08676 ], [ 34.27045, -1.08679 ], [ 34.27044, -1.08683 ], [ 34.27043, -1.08686 ], [ 34.27042, -1.0869 ], [ 34.2704, -1.08694 ], [ 34.27038, -1.08698 ], [ 34.27029, -1.08714 ], [ 34.27025, -1.08721 ], [ 34.27024, -1.08725 ], [ 34.27022, -1.08729 ], [ 34.27021, -1.08732 ], [ 34.2702, -1.08736 ], [ 34.27018, -1.08747 ], [ 34.27017, -1.08756 ], [ 34.27017, -1.08761 ], [ 34.27017, -1.08765 ], [ 34.27017, -1.08769 ], [ 34.27018, -1.08772 ], [ 34.27018, -1.08776 ], [ 34.27019, -1.0878 ], [ 34.27023, -1.08792 ], [ 34.27024, -1.08796 ], [ 34.27026, -1.088 ], [ 34.27028, -1.08805 ], [ 34.2703, -1.08809 ], [ 34.27035, -1.08818 ], [ 34.27047, -1.08841 ], [ 34.27051, -1.08847 ], [ 34.27054, -1.08853 ], [ 34.27058, -1.08864 ], [ 34.27064, -1.08881 ], [ 34.27064, -1.08881 ], [ 34.27068, -1.08892 ], [ 34.27073, -1.08905 ], [ 34.27076, -1.0891 ], [ 34.27078, -1.08916 ], [ 34.27081, -1.08922 ], [ 34.27085, -1.08928 ], [ 34.27087, -1.08931 ], [ 34.27087, -1.08931 ], [ 34.27092, -1.08939 ], [ 34.27109, -1.08966 ], [ 34.27113, -1.08973 ], [ 34.27117, -1.0898 ], [ 34.27121, -1.08987 ], [ 34.27124, -1.08994 ], [ 34.27127, -1.09001 ], [ 34.2713, -1.09008 ], [ 34.27133, -1.09018 ], [ 34.27135, -1.09025 ], [ 34.27136, -1.09032 ], [ 34.27137, -1.09038 ], [ 34.27138, -1.0904 ], [ 34.27138, -1.09043 ], [ 34.27137, -1.09048 ], [ 34.27136, -1.09054 ], [ 34.27134, -1.09068 ], [ 34.27133, -1.09072 ], [ 34.27133, -1.09076 ], [ 34.27133, -1.09079 ], [ 34.27134, -1.09083 ], [ 34.27135, -1.09086 ], [ 34.27136, -1.09089 ], [ 34.27139, -1.09093 ], [ 34.2714, -1.09095 ], [ 34.27141, -1.09096 ], [ 34.27142, -1.09096 ], [ 34.27144, -1.09097 ], [ 34.27149, -1.09097 ], [ 34.27151, -1.09097 ], [ 34.27154, -1.09098 ], [ 34.27156, -1.09099 ], [ 34.27158, -1.091 ], [ 34.27161, -1.09102 ], [ 34.27166, -1.09105 ], [ 34.27173, -1.09112 ], [ 34.27183, -1.09121 ], [ 34.27186, -1.09123 ], [ 34.27188, -1.09126 ], [ 34.2719, -1.09129 ], [ 34.27191, -1.09131 ], [ 34.27192, -1.09134 ], [ 34.27193, -1.09137 ], [ 34.27193, -1.0914 ], [ 34.27192, -1.09143 ], [ 34.27191, -1.09147 ], [ 34.27189, -1.09152 ], [ 34.27188, -1.09154 ], [ 34.27187, -1.09156 ], [ 34.27186, -1.09158 ], [ 34.27184, -1.0916 ], [ 34.2718, -1.09163 ], [ 34.27171, -1.09171 ], [ 34.27168, -1.09173 ], [ 34.27167, -1.09175 ], [ 34.27165, -1.09177 ], [ 34.27164, -1.09179 ], [ 34.27163, -1.09181 ], [ 34.27163, -1.09184 ], [ 34.27163, -1.09188 ], [ 34.27164, -1.09193 ], [ 34.27165, -1.09197 ], [ 34.27166, -1.09202 ], [ 34.27167, -1.09206 ], [ 34.27169, -1.0921 ], [ 34.27171, -1.09214 ], [ 34.27174, -1.09219 ], [ 34.27176, -1.09223 ], [ 34.27179, -1.09228 ], [ 34.27182, -1.09231 ], [ 34.27189, -1.09239 ], [ 34.27191, -1.09241 ], [ 34.27192, -1.09242 ], [ 34.27194, -1.09245 ], [ 34.27195, -1.09248 ], [ 34.27196, -1.09251 ], [ 34.27197, -1.09254 ], [ 34.27198, -1.09257 ], [ 34.27199, -1.09261 ], [ 34.27199, -1.09264 ], [ 34.27199, -1.09268 ], [ 34.272, -1.09272 ], [ 34.272, -1.09276 ], [ 34.27199, -1.09284 ], [ 34.27197, -1.09293 ], [ 34.27195, -1.09301 ], [ 34.27194, -1.09306 ], [ 34.27192, -1.0931 ], [ 34.2719, -1.09314 ], [ 34.27188, -1.09318 ], [ 34.27187, -1.09321 ], [ 34.27184, -1.09324 ], [ 34.27179, -1.09331 ], [ 34.27177, -1.09333 ], [ 34.27174, -1.09335 ], [ 34.27171, -1.09338 ], [ 34.27168, -1.0934 ], [ 34.27161, -1.09344 ], [ 34.27146, -1.09351 ], [ 34.2714, -1.09354 ], [ 34.27134, -1.09358 ], [ 34.27131, -1.09359 ], [ 34.27129, -1.09361 ], [ 34.27125, -1.09365 ], [ 34.27121, -1.0937 ], [ 34.27118, -1.09375 ], [ 34.27114, -1.0938 ], [ 34.27095, -1.09485 ], [ 34.26981, -1.09575 ], [ 34.26872, -1.09703 ], [ 34.26754, -1.09874 ], [ 34.26626, -1.1002 ], [ 34.26531, -1.10115 ], [ 34.26379, -1.1021 ], [ 34.26217, -1.1036 ], [ 34.26105, -1.10442 ], [ 34.26052, -1.10532 ], [ 34.25986, -1.10646 ], [ 34.25943, -1.10798 ], [ 34.25952, -1.12279 ], [ 34.24474, -1.11445 ], [ 34.23897, -1.1111 ], [ 34.23355, -1.10817 ], [ 34.22866, -1.10549 ], [ 34.22433, -1.10329 ], [ 34.22431, -1.10301 ], [ 34.22161, -1.10144 ], [ 34.21468, -1.09747 ], [ 34.20828, -1.09388 ], [ 34.20644, -1.09291 ], [ 34.20411, -1.09142 ], [ 34.20151, -1.08997 ], [ 34.19771, -1.08782 ], [ 34.19395, -1.08605 ], [ 34.18878, -1.08287 ], [ 34.18583, -1.08117 ], [ 34.18406, -1.08011 ], [ 34.18099, -1.07852 ], [ 34.17792, -1.07675 ], [ 34.16335, -1.06849 ], [ 34.16115, -1.06735 ], [ 34.15637, -1.06451 ], [ 34.15061, -1.06132 ], [ 34.1478, -1.05987 ], [ 34.14448, -1.05789 ], [ 34.14093, -1.05594 ], [ 34.13634, -1.05335 ], [ 34.13191, -1.05081 ], [ 34.13096, -1.05021 ], [ 34.1266, -1.0478 ], [ 34.12281, -1.04567 ], [ 34.11876, -1.0435 ], [ 34.11638, -1.04214 ], [ 34.11166, -1.03931 ], [ 34.10924, -1.03808 ], [ 34.10796, -1.03736 ], [ 34.10608, -1.03624 ], [ 34.10392, -1.03504 ], [ 34.10239, -1.03406 ], [ 34.10157, -1.03361 ], [ 34.09903, -1.03226 ], [ 34.09342, -1.02927 ], [ 34.09363, -1.02915 ], [ 34.09382, -1.02907 ], [ 34.09402, -1.02905 ], [ 34.09402, -1.02905 ], [ 34.09402, -1.02905 ], [ 34.09415, -1.02906 ], [ 34.09419, -1.02906 ], [ 34.09423, -1.02906 ], [ 34.09426, -1.02906 ], [ 34.09434, -1.02905 ], [ 34.09438, -1.02904 ], [ 34.0944, -1.02904 ], [ 34.09441, -1.02903 ], [ 34.09442, -1.02902 ], [ 34.09443, -1.02901 ], [ 34.09445, -1.029 ], [ 34.09445, -1.02897 ], [ 34.09446, -1.02895 ], [ 34.09446, -1.02888 ], [ 34.09447, -1.02886 ], [ 34.09447, -1.02885 ], [ 34.09448, -1.02882 ], [ 34.0945, -1.0288 ], [ 34.09451, -1.02878 ], [ 34.09453, -1.02875 ], [ 34.09458, -1.02871 ], [ 34.09467, -1.02863 ], [ 34.0947, -1.02859 ], [ 34.09474, -1.02856 ], [ 34.09476, -1.02852 ], [ 34.09479, -1.02848 ], [ 34.09481, -1.02844 ], [ 34.09484, -1.02839 ], [ 34.09486, -1.02834 ], [ 34.0949, -1.02823 ], [ 34.09498, -1.02799 ], [ 34.095, -1.02792 ], [ 34.09506, -1.02774 ], [ 34.09508, -1.02769 ], [ 34.0951, -1.02765 ], [ 34.09515, -1.02752 ], [ 34.09518, -1.02746 ], [ 34.09522, -1.0274 ], [ 34.09524, -1.02737 ], [ 34.09525, -1.02735 ], [ 34.09531, -1.02729 ], [ 34.09536, -1.02724 ], [ 34.09538, -1.02722 ], [ 34.0954, -1.02721 ], [ 34.09542, -1.02719 ], [ 34.09545, -1.02718 ], [ 34.09547, -1.02718 ], [ 34.0955, -1.02717 ], [ 34.09561, -1.02716 ], [ 34.09565, -1.02716 ], [ 34.09571, -1.02714 ], [ 34.09577, -1.02713 ], [ 34.09583, -1.02711 ], [ 34.09587, -1.02709 ], [ 34.09591, -1.02707 ], [ 34.09595, -1.02705 ], [ 34.09598, -1.02702 ], [ 34.09606, -1.02696 ], [ 34.09611, -1.02693 ], [ 34.09614, -1.02691 ], [ 34.09618, -1.02689 ], [ 34.09622, -1.02688 ], [ 34.09625, -1.02688 ], [ 34.09629, -1.02688 ], [ 34.0964, -1.02687 ], [ 34.09644, -1.02687 ], [ 34.09646, -1.02686 ], [ 34.09649, -1.02686 ], [ 34.09651, -1.02685 ], [ 34.0966, -1.02681 ], [ 34.09663, -1.0268 ], [ 34.09665, -1.02679 ], [ 34.09667, -1.02679 ], [ 34.09669, -1.02679 ], [ 34.0967, -1.02679 ], [ 34.09672, -1.0268 ], [ 34.09673, -1.0268 ], [ 34.09676, -1.02682 ], [ 34.09679, -1.02684 ], [ 34.09687, -1.02691 ], [ 34.09692, -1.02694 ], [ 34.09696, -1.02698 ], [ 34.0971, -1.02711 ], [ 34.09714, -1.02715 ], [ 34.09719, -1.02719 ], [ 34.09723, -1.02722 ], [ 34.09729, -1.02726 ], [ 34.09736, -1.0273 ], [ 34.09743, -1.02734 ], [ 34.09751, -1.02737 ], [ 34.09765, -1.02742 ], [ 34.09797, -1.02753 ], [ 34.0981, -1.02758 ], [ 34.09836, -1.02769 ], [ 34.09843, -1.02772 ], [ 34.09849, -1.02774 ], [ 34.09869, -1.0278 ], [ 34.09875, -1.02782 ], [ 34.09881, -1.02783 ], [ 34.09887, -1.02784 ], [ 34.09893, -1.02785 ], [ 34.09898, -1.02786 ], [ 34.09903, -1.02786 ], [ 34.09909, -1.02785 ], [ 34.09916, -1.02785 ], [ 34.09924, -1.02783 ], [ 34.09934, -1.02781 ], [ 34.09942, -1.02779 ], [ 34.09952, -1.02777 ], [ 34.09967, -1.02773 ], [ 34.09974, -1.02771 ], [ 34.09982, -1.02768 ], [ 34.09988, -1.02766 ], [ 34.09992, -1.02764 ], [ 34.09996, -1.02761 ], [ 34.10012, -1.02751 ], [ 34.10019, -1.02747 ], [ 34.10032, -1.02741 ], [ 34.10045, -1.02735 ], [ 34.10059, -1.0273 ], [ 34.10073, -1.02725 ], [ 34.10078, -1.02723 ], [ 34.10085, -1.02721 ], [ 34.10107, -1.02717 ], [ 34.10115, -1.02715 ], [ 34.1012, -1.02714 ], [ 34.10124, -1.02713 ], [ 34.10127, -1.02712 ], [ 34.10131, -1.0271 ], [ 34.10134, -1.02708 ], [ 34.10138, -1.02706 ], [ 34.1015, -1.02697 ], [ 34.10155, -1.02694 ], [ 34.10159, -1.02692 ], [ 34.10163, -1.0269 ], [ 34.10167, -1.02689 ], [ 34.10171, -1.02687 ], [ 34.10176, -1.02687 ], [ 34.10182, -1.02686 ], [ 34.10187, -1.02685 ], [ 34.10193, -1.02685 ], [ 34.10213, -1.02685 ], [ 34.1022, -1.02685 ], [ 34.10237, -1.02686 ], [ 34.10241, -1.02686 ], [ 34.10245, -1.02686 ], [ 34.10255, -1.02685 ], [ 34.10261, -1.02684 ], [ 34.10267, -1.02682 ], [ 34.10269, -1.02681 ], [ 34.10271, -1.0268 ], [ 34.10273, -1.02679 ], [ 34.10276, -1.02677 ], [ 34.10278, -1.02674 ], [ 34.10284, -1.02667 ], [ 34.10286, -1.02665 ], [ 34.10288, -1.02664 ], [ 34.10293, -1.02661 ], [ 34.10298, -1.02658 ], [ 34.10303, -1.02656 ], [ 34.10309, -1.02654 ], [ 34.10313, -1.02653 ], [ 34.10317, -1.02652 ], [ 34.10327, -1.0265 ], [ 34.1033, -1.0265 ], [ 34.10334, -1.0265 ], [ 34.10347, -1.0265 ], [ 34.10352, -1.0265 ], [ 34.10356, -1.0265 ], [ 34.1036, -1.02649 ], [ 34.10365, -1.02647 ], [ 34.10373, -1.02643 ], [ 34.10377, -1.02642 ], [ 34.1038, -1.02641 ], [ 34.10383, -1.0264 ], [ 34.10386, -1.02639 ], [ 34.1039, -1.02639 ], [ 34.10397, -1.02638 ], [ 34.10414, -1.02637 ], [ 34.10422, -1.02636 ], [ 34.10425, -1.02635 ], [ 34.10429, -1.02634 ], [ 34.10432, -1.02633 ], [ 34.10435, -1.02632 ], [ 34.10439, -1.0263 ], [ 34.10449, -1.02623 ], [ 34.10451, -1.02622 ], [ 34.10454, -1.02621 ], [ 34.10458, -1.0262 ], [ 34.10462, -1.0262 ], [ 34.10467, -1.0262 ], [ 34.10478, -1.0262 ], [ 34.10492, -1.0262 ], [ 34.10497, -1.0262 ], [ 34.10501, -1.02621 ], [ 34.10504, -1.02621 ], [ 34.10508, -1.02622 ], [ 34.10518, -1.02626 ], [ 34.10522, -1.02627 ], [ 34.10526, -1.02628 ], [ 34.1053, -1.02628 ], [ 34.10533, -1.02628 ], [ 34.10536, -1.02628 ], [ 34.1054, -1.02627 ], [ 34.10544, -1.02627 ], [ 34.10552, -1.02624 ], [ 34.10561, -1.02621 ], [ 34.10566, -1.02619 ], [ 34.1057, -1.02617 ], [ 34.10575, -1.02614 ], [ 34.1058, -1.02611 ], [ 34.10588, -1.02604 ], [ 34.10609, -1.02587 ], [ 34.10618, -1.0258 ], [ 34.10626, -1.02573 ], [ 34.10635, -1.02566 ], [ 34.10643, -1.02558 ], [ 34.10658, -1.02545 ], [ 34.10671, -1.02532 ], [ 34.1068, -1.02522 ], [ 34.10698, -1.025 ], [ 34.10706, -1.02491 ], [ 34.10711, -1.02485 ], [ 34.10726, -1.02471 ], [ 34.1073, -1.02467 ], [ 34.10733, -1.02463 ], [ 34.1074, -1.02454 ], [ 34.10745, -1.02448 ], [ 34.10748, -1.02442 ], [ 34.10751, -1.02437 ], [ 34.10752, -1.02433 ], [ 34.10753, -1.02429 ], [ 34.10754, -1.02425 ], [ 34.10755, -1.02414 ], [ 34.10756, -1.0241 ], [ 34.10757, -1.02406 ], [ 34.10758, -1.02402 ], [ 34.10759, -1.024 ], [ 34.10761, -1.02398 ], [ 34.10767, -1.02388 ], [ 34.1077, -1.02384 ], [ 34.10773, -1.02378 ], [ 34.10773, -1.02377 ], [ 34.10774, -1.02375 ], [ 34.1078, -1.02385 ], [ 34.10781, -1.0239 ], [ 34.10788, -1.02397 ], [ 34.10794, -1.02399 ], [ 34.10786, -1.02367 ], [ 34.10788, -1.02345 ], [ 34.10816, -1.02315 ], [ 34.10876, -1.02289 ], [ 34.10885, -1.0227 ], [ 34.10887, -1.02227 ], [ 34.10913, -1.02174 ], [ 34.10919, -1.02142 ], [ 34.10938, -1.0211 ], [ 34.10941, -1.019 ], [ 34.10941, -1.01801 ], [ 34.10898, -1.01677 ], [ 34.1084, -1.01503 ], [ 34.10791, -1.01364 ], [ 34.10733, -1.0125 ], [ 34.10703, -1.01182 ], [ 34.10664, -1.01131 ], [ 34.10659, -1.01131 ], [ 34.10663, -1.01128 ], [ 34.10623, -1.01116 ], [ 34.10591, -1.01083 ], [ 34.10568, -1.01056 ], [ 34.10546, -1.0103 ], [ 34.10531, -1.01 ], [ 34.10508, -1.00972 ], [ 34.1048, -1.00936 ], [ 34.10471, -1.0091 ], [ 34.10461, -1.00869 ], [ 34.10443, -1.00846 ], [ 34.1042, -1.00818 ], [ 34.10409, -1.00792 ], [ 34.10386, -1.00781 ], [ 34.10362, -1.00781 ], [ 34.10334, -1.00766 ], [ 34.10319, -1.00715 ], [ 34.10311, -1.00683 ], [ 34.10287, -1.00657 ], [ 34.10257, -1.00636 ], [ 34.1024, -1.00612 ], [ 34.10229, -1.00608 ], [ 34.10227, -1.00608 ], [ 34.10224, -1.00594 ], [ 34.10224, -1.00593 ], [ 34.10223, -1.00593 ], [ 34.10193, -1.00569 ], [ 34.10169, -1.00552 ], [ 34.10156, -1.00531 ], [ 34.10156, -1.00515 ], [ 34.10156, -1.00515 ], [ 34.10144, -1.00479 ], [ 34.10107, -1.00432 ], [ 34.10101, -1.00383 ], [ 34.10096, -1.00368 ], [ 34.10073, -1.0034 ], [ 34.10054, -1.00321 ], [ 34.10054, -1.00321 ], [ 34.10038, -1.00305 ], [ 34.10025, -1.0029 ], [ 34.09989, -1.00287 ], [ 34.09953, -1.00287 ], [ 34.0992, -1.00292 ], [ 34.09884, -1.00296 ], [ 34.09882, -1.00298 ], [ 34.09884, -1.00304 ], [ 34.0988, -1.00304 ], [ 34.09826, -1.00304 ], [ 34.09766, -1.00306 ], [ 34.09724, -1.00306 ], [ 34.09672, -1.00301 ], [ 34.09625, -1.00301 ], [ 34.09574, -1.00301 ], [ 34.09522, -1.00301 ], [ 34.09481, -1.00297 ], [ 34.09463, -1.00294 ], [ 34.09463, -1.00293 ], [ 34.09449, -1.00293 ], [ 34.09411, -1.00297 ], [ 34.09366, -1.00297 ], [ 34.09332, -1.00297 ], [ 34.09311, -1.00297 ], [ 34.09311, -1.00295 ], [ 34.0931, -1.00291 ], [ 34.0931, -1.00291 ], [ 34.09254, -1.00308 ], [ 34.09235, -1.0031 ], [ 34.09201, -1.00331 ], [ 34.09201, -1.00333 ], [ 34.092, -1.00332 ], [ 34.09197, -1.00336 ], [ 34.09156, -1.0037 ], [ 34.09128, -1.004 ], [ 34.09128, -1.00424 ], [ 34.09122, -1.00451 ], [ 34.09102, -1.00462 ], [ 34.09038, -1.00484 ], [ 34.09023, -1.00496 ], [ 34.08942, -1.00494 ], [ 34.08888, -1.00509 ], [ 34.08802, -1.00516 ], [ 34.08785, -1.00529 ], [ 34.08742, -1.00531 ], [ 34.08702, -1.00524 ], [ 34.08667, -1.00503 ], [ 34.08635, -1.00496 ], [ 34.08599, -1.00499 ], [ 34.08567, -1.00499 ], [ 34.08528, -1.00507 ], [ 34.085, -1.00505 ], [ 34.08468, -1.00471 ], [ 34.08421, -1.00454 ], [ 34.08405, -1.00454 ], [ 34.08403, -1.00449 ], [ 34.08374, -1.00447 ], [ 34.08329, -1.00439 ], [ 34.08292, -1.00432 ], [ 34.08243, -1.00406 ], [ 34.08205, -1.00385 ], [ 34.08166, -1.00376 ], [ 34.08029, -1.00374 ], [ 34.07986, -1.00385 ], [ 34.07958, -1.00413 ], [ 34.0792, -1.00441 ], [ 34.07887, -1.00479 ], [ 34.07855, -1.00516 ], [ 34.0784, -1.00539 ], [ 34.0783, -1.00561 ], [ 34.07809, -1.00575 ], [ 34.07809, -1.00575 ], [ 34.07803, -1.00574 ], [ 34.07787, -1.00595 ], [ 34.07787, -1.00629 ], [ 34.07787, -1.00649 ], [ 34.07745, -1.0067 ], [ 34.07707, -1.00696 ], [ 34.07678, -1.00737 ], [ 34.07678, -1.00758 ], [ 34.07661, -1.00804 ], [ 34.07636, -1.00817 ], [ 34.07611, -1.0088 ], [ 34.07573, -1.00917 ], [ 34.0754, -1.0093 ], [ 34.0751, -1.00955 ], [ 34.07502, -1.00984 ], [ 34.07494, -1.01009 ], [ 34.07456, -1.01043 ], [ 34.07418, -1.01072 ], [ 34.07372, -1.01114 ], [ 34.07339, -1.01139 ], [ 34.07318, -1.01181 ], [ 34.07301, -1.01219 ], [ 34.07264, -1.01252 ], [ 34.07192, -1.01277 ], [ 34.07138, -1.01277 ], [ 34.07121, -1.01298 ], [ 34.07088, -1.01311 ], [ 34.07065, -1.01333 ], [ 34.07065, -1.01333 ], [ 34.0705, -1.01369 ], [ 34.06971, -1.01415 ], [ 34.06916, -1.0147 ], [ 34.06895, -1.01495 ], [ 34.06795, -1.01528 ], [ 34.06728, -1.01557 ], [ 34.06686, -1.01578 ], [ 34.0664, -1.01624 ], [ 34.06527, -1.01624 ], [ 34.06481, -1.01624 ], [ 34.06397, -1.0162 ], [ 34.06314, -1.01603 ], [ 34.06238, -1.01599 ], [ 34.06117, -1.01608 ], [ 34.06067, -1.01595 ], [ 34.06046, -1.01574 ], [ 34.05983, -1.0157 ], [ 34.05916, -1.01591 ], [ 34.05878, -1.01612 ], [ 34.05813, -1.01612 ], [ 34.05815, -1.01617 ], [ 34.05807, -1.01612 ], [ 34.0577, -1.01633 ], [ 34.05732, -1.01679 ], [ 34.0569, -1.01762 ], [ 34.05669, -1.01997 ], [ 34.05671, -1.02034 ], [ 34.0568, -1.02037 ], [ 34.05678, -1.02039 ], [ 34.05678, -1.02089 ], [ 34.05665, -1.02114 ], [ 34.05665, -1.02164 ], [ 34.05678, -1.02336 ], [ 34.05586, -1.02499 ], [ 34.05569, -1.02549 ], [ 34.0556, -1.02587 ], [ 34.05527, -1.02591 ], [ 34.05514, -1.0262 ], [ 34.05493, -1.02629 ], [ 34.05489, -1.02666 ], [ 34.05456, -1.027 ], [ 34.05439, -1.027 ], [ 34.05426, -1.02716 ], [ 34.05414, -1.02712 ], [ 34.05397, -1.02683 ], [ 34.05393, -1.02658 ], [ 34.05389, -1.02633 ], [ 34.05368, -1.02658 ], [ 34.05343, -1.02658 ], [ 34.05318, -1.02658 ], [ 34.05297, -1.02645 ], [ 34.05288, -1.02591 ], [ 34.05234, -1.02553 ], [ 34.05196, -1.02553 ], [ 34.05146, -1.02587 ], [ 34.05104, -1.02574 ], [ 34.05071, -1.02562 ], [ 34.05037, -1.02537 ], [ 34.05033, -1.02553 ], [ 34.05029, -1.02591 ], [ 34.05016, -1.02608 ], [ 34.0497, -1.0265 ], [ 34.04962, -1.02629 ], [ 34.04937, -1.02583 ], [ 34.04916, -1.02537 ], [ 34.04958, -1.02495 ], [ 34.04975, -1.02465 ], [ 34.04949, -1.02465 ], [ 34.04933, -1.02491 ], [ 34.0492, -1.02478 ], [ 34.04924, -1.02457 ], [ 34.04924, -1.02436 ], [ 34.04937, -1.02424 ], [ 34.04949, -1.02398 ], [ 34.04949, -1.0239 ], [ 34.04937, -1.02378 ], [ 34.04966, -1.02365 ], [ 34.05, -1.02336 ], [ 34.05037, -1.02327 ], [ 34.05037, -1.02306 ], [ 34.05054, -1.02265 ], [ 34.05071, -1.02265 ], [ 34.05075, -1.02252 ], [ 34.05088, -1.02202 ], [ 34.051, -1.02193 ], [ 34.05142, -1.02198 ], [ 34.05146, -1.02181 ], [ 34.05146, -1.02156 ], [ 34.05159, -1.02127 ], [ 34.05192, -1.02127 ], [ 34.05205, -1.02089 ], [ 34.05238, -1.02064 ], [ 34.05251, -1.02093 ], [ 34.0528, -1.02064 ], [ 34.05305, -1.02022 ], [ 34.05314, -1.01976 ], [ 34.05339, -1.01909 ], [ 34.05345, -1.01903 ], [ 34.05129, -1.01748 ], [ 34.05294, -1.01476 ], [ 34.05347, -1.01397 ], [ 34.05339, -1.01398 ], [ 34.05335, -1.01343 ], [ 34.05345, -1.01282 ], [ 34.05331, -1.01248 ], [ 34.05305, -1.01209 ], [ 34.05265, -1.01153 ], [ 34.05252, -1.01138 ], [ 34.05251, -1.01136 ], [ 34.0523, -1.01111 ], [ 34.05176, -1.01071 ], [ 34.05136, -1.01055 ], [ 34.05103, -1.01038 ], [ 34.0506, -1.01037 ], [ 34.05031, -1.01045 ], [ 34.04993, -1.01053 ], [ 34.0496, -1.01064 ], [ 34.04948, -1.01073 ], [ 34.04948, -1.01087 ], [ 34.04946, -1.01108 ], [ 34.04938, -1.01121 ], [ 34.04926, -1.01132 ], [ 34.04923, -1.0115 ], [ 34.04905, -1.01149 ], [ 34.04873, -1.01173 ], [ 34.04851, -1.01191 ], [ 34.04824, -1.01206 ], [ 34.04812, -1.01224 ], [ 34.04789, -1.01228 ], [ 34.04781, -1.01207 ], [ 34.04779, -1.01193 ], [ 34.04793, -1.01191 ], [ 34.04814, -1.01174 ], [ 34.04825, -1.01164 ], [ 34.04827, -1.01145 ], [ 34.04827, -1.01129 ], [ 34.04835, -1.01121 ], [ 34.04842, -1.01104 ], [ 34.0484, -1.01088 ], [ 34.04841, -1.01075 ], [ 34.04833, -1.01052 ], [ 34.04831, -1.01039 ], [ 34.04824, -1.01034 ], [ 34.04814, -1.01037 ], [ 34.04806, -1.01047 ], [ 34.04791, -1.01044 ], [ 34.04786, -1.01035 ], [ 34.04772, -1.01024 ], [ 34.04757, -1.01021 ], [ 34.04742, -1.01016 ], [ 34.04741, -1.01004 ], [ 34.04753, -1.01008 ], [ 34.04745, -1.00966 ], [ 34.04756, -1.0095 ], [ 34.04756, -1.00943 ], [ 34.04752, -1.00911 ], [ 34.04735, -1.00911 ], [ 34.04729, -1.00911 ], [ 34.04701, -1.00916 ], [ 34.04681, -1.0092 ], [ 34.04675, -1.0091 ], [ 34.04683, -1.00875 ], [ 34.04643, -1.00908 ], [ 34.0466, -1.00826 ], [ 34.04659, -1.0081 ], [ 34.04672, -1.00775 ], [ 34.04669, -1.00759 ], [ 34.04666, -1.00727 ], [ 34.04665, -1.00708 ], [ 34.04669, -1.00663 ], [ 34.04665, -1.00657 ], [ 34.04641, -1.00648 ], [ 34.04638, -1.00621 ], [ 34.04629, -1.00603 ], [ 34.04626, -1.00582 ], [ 34.0462, -1.00566 ], [ 34.04622, -1.00553 ], [ 34.04639, -1.00548 ], [ 34.04636, -1.00542 ], [ 34.04642, -1.00523 ], [ 34.04647, -1.00496 ], [ 34.04638, -1.00482 ], [ 34.0462, -1.00479 ], [ 34.04611, -1.00467 ], [ 34.04604, -1.0046 ], [ 34.04604, -1.00439 ], [ 34.04608, -1.00429 ], [ 34.0461, -1.00414 ], [ 34.04602, -1.00411 ], [ 34.04589, -1.00405 ], [ 34.04573, -1.0039 ], [ 34.04558, -1.00397 ], [ 34.04555, -1.00406 ], [ 34.04544, -1.0041 ], [ 34.04522, -1.0041 ], [ 34.04507, -1.00419 ], [ 34.04488, -1.0043 ], [ 34.04462, -1.00423 ], [ 34.04461, -1.004 ], [ 34.04459, -1.00381 ], [ 34.04446, -1.00374 ], [ 34.04422, -1.00389 ], [ 34.04402, -1.00405 ], [ 34.04382, -1.00406 ], [ 34.04375, -1.00387 ], [ 34.04367, -1.00381 ], [ 34.0438, -1.00366 ], [ 34.04381, -1.0034 ], [ 34.04388, -1.0031 ], [ 34.04398, -1.00303 ], [ 34.0441, -1.00283 ], [ 34.04411, -1.00265 ], [ 34.04382, -1.00274 ], [ 34.04353, -1.00291 ], [ 34.04315, -1.00294 ], [ 34.04289, -1.00279 ], [ 34.04257, -1.00279 ], [ 34.04223, -1.00279 ], [ 34.04189, -1.00279 ], [ 34.04169, -1.00288 ], [ 34.04144, -1.00301 ], [ 34.04118, -1.00306 ], [ 34.04109, -1.00299 ], [ 34.04104, -1.00285 ], [ 34.04071, -1.00249 ], [ 34.04086, -1.00227 ], [ 34.0411, -1.0019 ], [ 34.042, -1.00098 ], [ 34.04235, -1.00024 ], [ 34.04243, -0.99994 ], [ 34.04245, -0.99967 ], [ 34.04245, -0.99932 ], [ 34.04268, -0.99904 ], [ 34.04285, -0.99906 ], [ 34.04291, -0.99918 ], [ 34.04299, -0.99953 ], [ 34.04299, -0.99997 ], [ 34.04305, -1.00024 ], [ 34.04326, -1.00044 ], [ 34.04352, -1.00052 ], [ 34.04373, -1.00051 ], [ 34.04403, -1.00055 ], [ 34.04432, -1.0004 ], [ 34.04452, -1.00012 ], [ 34.04468, -0.99977 ], [ 34.04496, -0.99976 ], [ 34.04509, -0.99984 ], [ 34.04528, -1.00004 ], [ 34.04549, -1.00011 ], [ 34.04566, -1.00008 ], [ 34.04573, -1.00013 ], [ 34.04572, -1.00007 ], [ 34.04577, -1.00007 ], [ 34.0461, -1.00005 ], [ 34.04626, -1.00005 ], [ 34.04642, -1.00037 ], [ 34.04647, -1.00081 ], [ 34.04652, -1.00129 ], [ 34.04656, -1.00156 ], [ 34.04659, -1.00184 ], [ 34.04676, -1.0021 ], [ 34.04717, -1.00232 ], [ 34.04731, -1.0024 ], [ 34.04751, -1.00266 ], [ 34.04778, -1.0027 ], [ 34.04831, -1.0027 ], [ 34.04894, -1.00272 ], [ 34.04987, -1.0027 ], [ 34.05041, -1.00271 ], [ 34.05169, -1.00289 ], [ 34.05233, -1.00279 ], [ 34.05316, -1.00275 ], [ 34.05345, -1.00266 ], [ 34.05394, -1.00233 ], [ 34.05408, -1.00205 ], [ 34.0543, -1.00161 ], [ 34.05481, -1.00086 ], [ 34.05512, -1.00039 ], [ 34.0554, -1.00015 ], [ 34.05557, -0.99986 ], [ 34.0557, -0.99944 ], [ 34.05574, -0.99901 ], [ 34.05564, -0.99862 ], [ 34.05556, -0.99853 ], [ 34.05525, -0.99835 ], [ 34.05502, -0.99817 ], [ 34.05494, -0.99794 ], [ 34.05496, -0.99767 ], [ 34.05511, -0.9974 ], [ 34.0553, -0.99707 ], [ 34.05547, -0.99689 ], [ 34.05567, -0.99673 ], [ 34.05583, -0.99682 ], [ 34.05602, -0.99685 ], [ 34.05617, -0.99674 ], [ 34.05621, -0.99655 ], [ 34.05642, -0.99646 ], [ 34.05657, -0.99648 ], [ 34.05672, -0.99655 ], [ 34.05684, -0.99657 ], [ 34.05713, -0.99664 ], [ 34.05746, -0.99673 ], [ 34.05758, -0.99686 ], [ 34.0577, -0.99702 ], [ 34.05792, -0.9973 ], [ 34.05794, -0.99758 ], [ 34.0579, -0.9977 ], [ 34.05774, -0.99784 ], [ 34.05758, -0.99799 ], [ 34.05739, -0.99835 ], [ 34.05733, -0.99857 ], [ 34.05738, -0.99913 ], [ 34.05751, -0.99977 ], [ 34.05781, -1.0002 ], [ 34.05826, -1.00056 ], [ 34.05877, -1.00092 ], [ 34.05925, -1.00125 ], [ 34.05958, -1.00155 ], [ 34.06011, -1.00198 ], [ 34.06056, -1.00222 ], [ 34.06096, -1.00223 ], [ 34.06096, -1.00223 ], [ 34.06104, -1.00229 ], [ 34.06104, -1.00223 ], [ 34.06115, -1.00223 ], [ 34.0619, -1.00217 ], [ 34.06223, -1.00216 ], [ 34.0629, -1.00214 ], [ 34.06342, -1.00193 ], [ 34.06358, -1.00178 ], [ 34.06397, -1.00176 ], [ 34.06419, -1.00176 ], [ 34.06459, -1.0016 ], [ 34.06489, -1.00146 ], [ 34.0651, -1.0013 ], [ 34.06546, -1.00125 ], [ 34.06598, -1.00125 ], [ 34.06637, -1.00111 ], [ 34.06671, -1.00092 ], [ 34.06714, -1.00075 ], [ 34.06763, -1.00044 ], [ 34.06794, -1.0002 ], [ 34.0681, -1.00013 ], [ 34.06856, -0.99983 ], [ 34.06877, -0.99971 ], [ 34.06943, -0.99966 ], [ 34.06966, -0.99977 ], [ 34.06984, -0.9999 ], [ 34.07018, -1.00014 ], [ 34.07057, -1.00037 ], [ 34.0711, -1.00045 ], [ 34.07147, -1.00041 ], [ 34.07176, -1.00048 ], [ 34.07226, -1.00053 ], [ 34.07267, -1.00057 ], [ 34.07302, -1.00066 ], [ 34.07345, -1.00066 ], [ 34.07431, -1.00058 ], [ 34.07465, -1.00058 ], [ 34.07496, -1.00059 ], [ 34.0753, -1.00077 ], [ 34.07553, -1.00103 ], [ 34.07579, -1.00109 ], [ 34.07621, -1.00108 ], [ 34.07651, -1.00103 ], [ 34.07663, -1.00088 ], [ 34.0768, -1.00037 ], [ 34.07708, -0.99999 ], [ 34.07731, -0.99968 ], [ 34.07751, -0.99966 ], [ 34.07781, -0.99957 ], [ 34.07849, -0.99967 ], [ 34.07886, -0.99977 ], [ 34.07966, -0.99975 ], [ 34.08009, -0.99967 ], [ 34.08038, -0.99959 ], [ 34.08082, -0.99912 ], [ 34.081, -0.99877 ], [ 34.08113, -0.99856 ], [ 34.08122, -0.9983 ], [ 34.08129, -0.99817 ], [ 34.0819, -0.99936 ], [ 34.0819, -0.99937 ], [ 34.08212, -1.00005 ], [ 34.08219, -0.99933 ], [ 34.08214, -0.99934 ], [ 34.08213, -0.99923 ], [ 34.08212, -0.99899 ], [ 34.08214, -0.99888 ], [ 34.0822, -0.99861 ], [ 34.08221, -0.99849 ], [ 34.0823, -0.99779 ], [ 34.0821, -0.99777 ], [ 34.08177, -0.99771 ], [ 34.08154, -0.99764 ], [ 34.0815, -0.99764 ], [ 34.08144, -0.99759 ], [ 34.08137, -0.99753 ], [ 34.08131, -0.99747 ], [ 34.08125, -0.9974 ], [ 34.08118, -0.99732 ], [ 34.08108, -0.99719 ], [ 34.081, -0.99709 ], [ 34.08098, -0.99706 ], [ 34.08096, -0.99704 ], [ 34.08095, -0.99699 ], [ 34.08094, -0.99697 ], [ 34.08094, -0.99696 ], [ 34.08095, -0.99695 ], [ 34.08095, -0.99694 ], [ 34.08098, -0.9969 ], [ 34.08107, -0.99678 ], [ 34.08115, -0.99667 ], [ 34.08125, -0.99653 ], [ 34.08129, -0.99647 ], [ 34.08133, -0.99642 ], [ 34.0814, -0.99629 ], [ 34.08148, -0.99617 ], [ 34.0815, -0.99614 ], [ 34.08151, -0.99614 ], [ 34.08151, -0.99613 ], [ 34.08151, -0.99611 ], [ 34.08151, -0.99609 ], [ 34.0815, -0.99608 ], [ 34.08149, -0.99606 ], [ 34.08146, -0.99603 ], [ 34.08145, -0.99601 ], [ 34.08143, -0.99599 ], [ 34.0814, -0.99598 ], [ 34.08137, -0.99596 ], [ 34.08131, -0.99593 ], [ 34.08118, -0.99587 ], [ 34.08113, -0.99584 ], [ 34.08111, -0.99583 ], [ 34.0811, -0.99581 ], [ 34.08109, -0.9958 ], [ 34.08109, -0.99579 ], [ 34.08109, -0.99577 ], [ 34.08109, -0.99575 ], [ 34.0811, -0.99573 ], [ 34.08111, -0.99572 ], [ 34.08112, -0.9957 ], [ 34.08114, -0.99568 ], [ 34.08116, -0.99566 ], [ 34.08119, -0.99565 ], [ 34.08125, -0.99561 ], [ 34.08132, -0.99557 ], [ 34.08141, -0.99554 ], [ 34.08152, -0.9955 ], [ 34.08152, -0.9955 ], [ 34.08155, -0.99553 ], [ 34.0816, -0.99558 ], [ 34.08163, -0.9956 ], [ 34.08166, -0.99561 ], [ 34.08169, -0.99563 ], [ 34.08172, -0.99564 ], [ 34.08177, -0.99566 ], [ 34.08178, -0.99567 ], [ 34.0818, -0.99567 ], [ 34.08181, -0.99566 ], [ 34.08184, -0.99565 ], [ 34.08187, -0.99564 ], [ 34.0819, -0.99562 ], [ 34.08192, -0.9956 ], [ 34.08195, -0.99557 ], [ 34.08197, -0.99554 ], [ 34.08199, -0.99551 ], [ 34.08205, -0.9954 ], [ 34.08207, -0.99536 ], [ 34.0821, -0.99533 ], [ 34.08212, -0.9953 ], [ 34.08215, -0.99526 ], [ 34.08219, -0.99522 ], [ 34.08233, -0.99511 ], [ 34.08237, -0.99507 ], [ 34.08241, -0.99503 ], [ 34.08244, -0.995 ], [ 34.08247, -0.99496 ], [ 34.08249, -0.99493 ], [ 34.08251, -0.99489 ], [ 34.08253, -0.99485 ], [ 34.08257, -0.99477 ], [ 34.08265, -0.99457 ], [ 34.08267, -0.99452 ], [ 34.0827, -0.99448 ], [ 34.08272, -0.99444 ], [ 34.08275, -0.9944 ], [ 34.08278, -0.99436 ], [ 34.08281, -0.99433 ], [ 34.08284, -0.9943 ], [ 34.08286, -0.99429 ], [ 34.08288, -0.99428 ], [ 34.08289, -0.99427 ], [ 34.08291, -0.99427 ], [ 34.08292, -0.99427 ], [ 34.08294, -0.99427 ], [ 34.08296, -0.99427 ], [ 34.08298, -0.99428 ], [ 34.08298, -0.99428 ], [ 34.08332, -0.9937 ], [ 34.08349, -0.99343 ], [ 34.08351, -0.99338 ], [ 34.08355, -0.99322 ], [ 34.08357, -0.99315 ], [ 34.08358, -0.99308 ], [ 34.08359, -0.99301 ], [ 34.08359, -0.99295 ], [ 34.08359, -0.99288 ], [ 34.08358, -0.9928 ], [ 34.08356, -0.99272 ], [ 34.08354, -0.99262 ], [ 34.08352, -0.99254 ], [ 34.0835, -0.99248 ], [ 34.08348, -0.99241 ], [ 34.08344, -0.99232 ], [ 34.0834, -0.99226 ], [ 34.08339, -0.99224 ], [ 34.08337, -0.99221 ], [ 34.08335, -0.99219 ], [ 34.08333, -0.99217 ], [ 34.08331, -0.99216 ], [ 34.08327, -0.99213 ], [ 34.08325, -0.99212 ], [ 34.08322, -0.9921 ], [ 34.0832, -0.99207 ], [ 34.08318, -0.99205 ], [ 34.08315, -0.99202 ], [ 34.08314, -0.99199 ], [ 34.08312, -0.99196 ], [ 34.0831, -0.99194 ], [ 34.08309, -0.99191 ], [ 34.08308, -0.99187 ], [ 34.08307, -0.99182 ], [ 34.08307, -0.99177 ], [ 34.08306, -0.99167 ], [ 34.08306, -0.99156 ], [ 34.08306, -0.99146 ], [ 34.08307, -0.99143 ], [ 34.08307, -0.99138 ], [ 34.0831, -0.99124 ], [ 34.08311, -0.99118 ], [ 34.08312, -0.99111 ], [ 34.08313, -0.99092 ], [ 34.08314, -0.99088 ], [ 34.08315, -0.99083 ], [ 34.08316, -0.99079 ], [ 34.08317, -0.99074 ], [ 34.08322, -0.99058 ], [ 34.08324, -0.99053 ], [ 34.08325, -0.99048 ], [ 34.08326, -0.99044 ], [ 34.0833, -0.99024 ], [ 34.08331, -0.99018 ], [ 34.08331, -0.99014 ], [ 34.08331, -0.99009 ], [ 34.0833, -0.99005 ], [ 34.08329, -0.99004 ], [ 34.08329, -0.99002 ], [ 34.08328, -0.99 ], [ 34.08327, -0.98999 ], [ 34.08325, -0.98997 ], [ 34.08323, -0.98996 ], [ 34.08317, -0.98991 ], [ 34.08314, -0.98989 ], [ 34.0831, -0.98985 ], [ 34.08306, -0.9898 ], [ 34.08301, -0.98974 ], [ 34.08293, -0.98961 ], [ 34.08289, -0.98955 ], [ 34.08285, -0.9895 ], [ 34.0828, -0.98945 ], [ 34.08276, -0.98942 ], [ 34.08272, -0.98939 ], [ 34.08266, -0.98935 ], [ 34.08254, -0.98928 ], [ 34.08249, -0.98925 ], [ 34.08244, -0.98922 ], [ 34.0824, -0.98918 ], [ 34.08236, -0.98915 ], [ 34.08233, -0.98911 ], [ 34.0823, -0.98907 ], [ 34.08223, -0.98897 ], [ 34.08219, -0.98893 ], [ 34.08217, -0.9889 ], [ 34.08215, -0.98888 ], [ 34.08213, -0.98887 ], [ 34.08211, -0.98885 ], [ 34.08206, -0.98883 ], [ 34.08201, -0.9888 ], [ 34.08197, -0.98878 ], [ 34.08186, -0.98875 ], [ 34.08181, -0.98873 ], [ 34.08175, -0.98871 ], [ 34.08162, -0.98867 ], [ 34.08156, -0.98864 ], [ 34.0815, -0.98862 ], [ 34.08145, -0.98859 ], [ 34.08141, -0.98857 ], [ 34.08137, -0.98854 ], [ 34.08128, -0.98847 ], [ 34.08123, -0.98843 ], [ 34.08118, -0.98838 ], [ 34.08113, -0.98833 ], [ 34.08108, -0.98827 ], [ 34.08103, -0.98821 ], [ 34.08098, -0.98815 ], [ 34.08092, -0.98807 ], [ 34.08086, -0.98799 ], [ 34.0808, -0.9879 ], [ 34.08076, -0.98784 ], [ 34.08074, -0.98779 ], [ 34.08072, -0.98774 ], [ 34.0807, -0.98768 ], [ 34.08066, -0.98756 ], [ 34.08064, -0.98751 ], [ 34.08056, -0.98731 ], [ 34.08043, -0.98702 ], [ 34.0804, -0.98695 ], [ 34.08031, -0.98678 ], [ 34.08027, -0.98671 ], [ 34.08025, -0.98666 ], [ 34.08024, -0.98662 ], [ 34.08023, -0.98658 ], [ 34.08022, -0.98654 ], [ 34.08022, -0.9865 ], [ 34.08022, -0.98644 ], [ 34.08022, -0.98638 ], [ 34.08022, -0.98629 ], [ 34.08024, -0.98619 ], [ 34.08024, -0.98617 ], [ 34.08024, -0.98615 ], [ 34.08023, -0.98612 ], [ 34.08022, -0.98608 ], [ 34.0802, -0.98605 ], [ 34.08015, -0.98598 ], [ 34.08013, -0.98593 ], [ 34.08006, -0.98584 ], [ 34.08003, -0.9858 ], [ 34.07997, -0.98571 ], [ 34.07995, -0.98567 ], [ 34.07994, -0.98563 ], [ 34.07991, -0.98558 ], [ 34.0799, -0.98553 ], [ 34.07988, -0.98547 ], [ 34.07986, -0.98541 ], [ 34.07986, -0.98537 ], [ 34.07985, -0.98532 ], [ 34.07985, -0.98516 ], [ 34.07985, -0.98511 ], [ 34.07984, -0.98507 ], [ 34.07984, -0.98503 ], [ 34.07983, -0.985 ], [ 34.07982, -0.98497 ], [ 34.07976, -0.98483 ], [ 34.07975, -0.9848 ], [ 34.07975, -0.98477 ], [ 34.07974, -0.98472 ], [ 34.07973, -0.98465 ], [ 34.07973, -0.98459 ], [ 34.07974, -0.98442 ], [ 34.07973, -0.98424 ], [ 34.07973, -0.98417 ], [ 34.07974, -0.9841 ], [ 34.07975, -0.98404 ], [ 34.07976, -0.98399 ], [ 34.07977, -0.98394 ], [ 34.07979, -0.98389 ], [ 34.07983, -0.98377 ], [ 34.07985, -0.98372 ], [ 34.07986, -0.98368 ], [ 34.07987, -0.98364 ], [ 34.07988, -0.98361 ], [ 34.07988, -0.98357 ], [ 34.07987, -0.98346 ], [ 34.07987, -0.98341 ], [ 34.07988, -0.98337 ], [ 34.07989, -0.98333 ], [ 34.0799, -0.98331 ], [ 34.07991, -0.98328 ], [ 34.07997, -0.98321 ], [ 34.07998, -0.98319 ], [ 34.08, -0.98316 ], [ 34.08001, -0.98314 ], [ 34.08001, -0.98311 ], [ 34.08002, -0.98302 ], [ 34.08003, -0.98299 ], [ 34.08003, -0.98297 ], [ 34.08004, -0.98295 ], [ 34.08006, -0.98292 ], [ 34.08007, -0.9829 ], [ 34.08009, -0.98287 ], [ 34.08013, -0.98281 ], [ 34.0802, -0.98274 ], [ 34.08022, -0.98272 ], [ 34.08025, -0.9827 ], [ 34.08035, -0.98263 ], [ 34.08038, -0.98261 ], [ 34.08041, -0.98258 ], [ 34.08043, -0.98256 ], [ 34.08047, -0.9825 ], [ 34.08051, -0.98244 ], [ 34.08054, -0.98238 ], [ 34.08057, -0.98232 ], [ 34.08058, -0.98229 ], [ 34.08058, -0.98226 ], [ 34.0806, -0.98219 ], [ 34.0806, -0.98212 ], [ 34.0806, -0.98202 ], [ 34.0806, -0.98197 ], [ 34.0806, -0.98193 ], [ 34.08056, -0.98175 ], [ 34.08055, -0.98167 ], [ 34.08054, -0.98152 ], [ 34.08053, -0.98144 ], [ 34.08053, -0.9814 ], [ 34.08054, -0.98137 ], [ 34.08054, -0.98133 ], [ 34.08055, -0.9813 ], [ 34.08056, -0.98126 ], [ 34.08058, -0.98121 ], [ 34.08061, -0.98116 ], [ 34.08068, -0.98105 ], [ 34.0807, -0.98102 ], [ 34.08072, -0.98099 ], [ 34.08077, -0.98089 ], [ 34.08079, -0.98084 ], [ 34.0808, -0.98079 ], [ 34.08081, -0.98075 ], [ 34.08082, -0.98072 ], [ 34.08082, -0.98068 ], [ 34.08081, -0.98056 ], [ 34.08082, -0.98039 ], [ 34.08082, -0.98033 ], [ 34.08082, -0.98027 ], [ 34.08081, -0.98022 ], [ 34.08079, -0.98017 ], [ 34.08077, -0.98012 ], [ 34.08075, -0.98008 ], [ 34.08069, -0.97996 ], [ 34.08066, -0.9799 ], [ 34.08061, -0.97977 ], [ 34.08055, -0.97961 ], [ 34.08049, -0.97943 ], [ 34.08048, -0.97937 ], [ 34.08047, -0.97932 ], [ 34.08046, -0.97928 ], [ 34.08046, -0.97919 ], [ 34.08046, -0.97914 ], [ 34.08045, -0.97905 ], [ 34.08044, -0.97901 ], [ 34.08043, -0.97898 ], [ 34.08042, -0.97896 ], [ 34.08041, -0.97895 ], [ 34.0804, -0.97893 ], [ 34.08038, -0.97892 ], [ 34.08036, -0.9789 ], [ 34.0803, -0.97887 ], [ 34.08028, -0.97885 ], [ 34.08027, -0.97884 ], [ 34.08022, -0.97879 ], [ 34.0802, -0.97877 ], [ 34.08018, -0.97874 ], [ 34.08017, -0.97871 ], [ 34.08016, -0.97869 ], [ 34.08015, -0.97866 ], [ 34.08014, -0.97864 ], [ 34.08013, -0.97861 ], [ 34.08013, -0.97859 ], [ 34.08013, -0.97856 ], [ 34.08013, -0.97853 ], [ 34.08013, -0.9785 ], [ 34.08013, -0.97847 ], [ 34.08014, -0.97845 ], [ 34.08015, -0.97842 ], [ 34.08015, -0.9784 ], [ 34.08016, -0.97839 ], [ 34.08022, -0.9783 ], [ 34.08023, -0.97828 ], [ 34.08024, -0.97827 ], [ 34.08025, -0.97821 ], [ 34.08026, -0.97816 ], [ 34.08026, -0.97812 ], [ 34.08026, -0.97811 ], [ 34.08026, -0.97809 ], [ 34.08025, -0.97807 ], [ 34.08023, -0.97805 ], [ 34.08022, -0.97803 ], [ 34.08017, -0.97799 ], [ 34.08015, -0.97796 ], [ 34.08013, -0.97793 ], [ 34.08011, -0.97789 ], [ 34.08006, -0.97781 ], [ 34.08002, -0.97773 ], [ 34.07994, -0.97755 ], [ 34.07989, -0.97746 ], [ 34.07984, -0.97737 ], [ 34.07983, -0.97735 ], [ 34.07982, -0.97732 ], [ 34.07981, -0.97729 ], [ 34.0798, -0.97726 ], [ 34.07979, -0.97723 ], [ 34.07979, -0.9772 ], [ 34.07978, -0.97717 ], [ 34.07978, -0.97713 ], [ 34.07978, -0.9771 ], [ 34.07979, -0.97707 ], [ 34.0798, -0.97702 ], [ 34.07981, -0.97697 ], [ 34.07982, -0.97694 ], [ 34.07983, -0.97691 ], [ 34.07985, -0.97688 ], [ 34.07987, -0.97684 ], [ 34.07991, -0.97677 ], [ 34.07998, -0.97669 ], [ 34.08, -0.97667 ], [ 34.08002, -0.97665 ], [ 34.08012, -0.97656 ], [ 34.08014, -0.97653 ], [ 34.08016, -0.97651 ], [ 34.08018, -0.97647 ], [ 34.08021, -0.97643 ], [ 34.08023, -0.97638 ], [ 34.08026, -0.97631 ], [ 34.08027, -0.97628 ], [ 34.08029, -0.97621 ], [ 34.0803, -0.97618 ], [ 34.08031, -0.97615 ], [ 34.08032, -0.97613 ], [ 34.08035, -0.9761 ], [ 34.08038, -0.97608 ], [ 34.08042, -0.97606 ], [ 34.08046, -0.97604 ], [ 34.08049, -0.97604 ], [ 34.08053, -0.97604 ], [ 34.08057, -0.97604 ], [ 34.08061, -0.97604 ], [ 34.08063, -0.97605 ], [ 34.08065, -0.97606 ], [ 34.08068, -0.97607 ], [ 34.0807, -0.97609 ], [ 34.08073, -0.9761 ], [ 34.08075, -0.97612 ], [ 34.0808, -0.97617 ], [ 34.08082, -0.9762 ], [ 34.08084, -0.97623 ], [ 34.08086, -0.97627 ], [ 34.08091, -0.97639 ], [ 34.08092, -0.97642 ], [ 34.08094, -0.97645 ], [ 34.08098, -0.9765 ], [ 34.08103, -0.97655 ], [ 34.08109, -0.97661 ], [ 34.08117, -0.97668 ], [ 34.08125, -0.97674 ], [ 34.08128, -0.97676 ], [ 34.0813, -0.97678 ], [ 34.08133, -0.97679 ], [ 34.08137, -0.9768 ], [ 34.08141, -0.9768 ], [ 34.08147, -0.97681 ], [ 34.08152, -0.97681 ], [ 34.08157, -0.97681 ], [ 34.08163, -0.97681 ], [ 34.08169, -0.9768 ], [ 34.08176, -0.9768 ], [ 34.08178, -0.9768 ], [ 34.08181, -0.97679 ], [ 34.08183, -0.97678 ], [ 34.08185, -0.97677 ], [ 34.08187, -0.97675 ], [ 34.08188, -0.97672 ], [ 34.0819, -0.9767 ], [ 34.0819, -0.97668 ], [ 34.0819, -0.97666 ], [ 34.08189, -0.97659 ], [ 34.08189, -0.97656 ], [ 34.08189, -0.97648 ], [ 34.0819, -0.97643 ], [ 34.08191, -0.97641 ], [ 34.08191, -0.97639 ], [ 34.08192, -0.97637 ], [ 34.08193, -0.97636 ], [ 34.08195, -0.97635 ], [ 34.08196, -0.97634 ], [ 34.08199, -0.97633 ], [ 34.08201, -0.97633 ], [ 34.08204, -0.97632 ], [ 34.08207, -0.97632 ], [ 34.0821, -0.97632 ], [ 34.08212, -0.97633 ], [ 34.08214, -0.97633 ], [ 34.08217, -0.97635 ], [ 34.08225, -0.9764 ], [ 34.08227, -0.97641 ], [ 34.08238, -0.97648 ], [ 34.08241, -0.97649 ], [ 34.08244, -0.9765 ], [ 34.08247, -0.97651 ], [ 34.08251, -0.97651 ], [ 34.08255, -0.9765 ], [ 34.08263, -0.97649 ], [ 34.08267, -0.97649 ], [ 34.0827, -0.97649 ], [ 34.08272, -0.9765 ], [ 34.08273, -0.9765 ], [ 34.08276, -0.97652 ], [ 34.08279, -0.97654 ], [ 34.08282, -0.97657 ], [ 34.08286, -0.97661 ], [ 34.08289, -0.97665 ], [ 34.0829, -0.97666 ], [ 34.08291, -0.97668 ], [ 34.08292, -0.97669 ], [ 34.08291, -0.9767 ], [ 34.08291, -0.97672 ], [ 34.0829, -0.97673 ], [ 34.08288, -0.97675 ], [ 34.08287, -0.97676 ], [ 34.08286, -0.97677 ], [ 34.0828, -0.97681 ], [ 34.08279, -0.97682 ], [ 34.08278, -0.97682 ], [ 34.08277, -0.97684 ], [ 34.08277, -0.97686 ], [ 34.08276, -0.97688 ], [ 34.08275, -0.9769 ], [ 34.08275, -0.97692 ], [ 34.08275, -0.97694 ], [ 34.08275, -0.97696 ], [ 34.08275, -0.97699 ], [ 34.08276, -0.97701 ], [ 34.08277, -0.97704 ], [ 34.08278, -0.97707 ], [ 34.0828, -0.9771 ], [ 34.08282, -0.97712 ], [ 34.08283, -0.97713 ], [ 34.08285, -0.97715 ], [ 34.08288, -0.97717 ], [ 34.08292, -0.97719 ], [ 34.08301, -0.97724 ], [ 34.08306, -0.97726 ], [ 34.08314, -0.97731 ], [ 34.08324, -0.97736 ], [ 34.08364, -0.97758 ], [ 34.08372, -0.97762 ], [ 34.08379, -0.97767 ], [ 34.08387, -0.97772 ], [ 34.08401, -0.97782 ], [ 34.08406, -0.97786 ], [ 34.08413, -0.9779 ], [ 34.08419, -0.97793 ], [ 34.08423, -0.97794 ], [ 34.08427, -0.97796 ], [ 34.08442, -0.97799 ], [ 34.08448, -0.97801 ], [ 34.08453, -0.97803 ], [ 34.08457, -0.97805 ], [ 34.0846, -0.97807 ], [ 34.08462, -0.97809 ], [ 34.08466, -0.97811 ], [ 34.08475, -0.9782 ], [ 34.08478, -0.97822 ], [ 34.08481, -0.97824 ], [ 34.08484, -0.97826 ], [ 34.08487, -0.97828 ], [ 34.08492, -0.9783 ], [ 34.08505, -0.97834 ], [ 34.08509, -0.97836 ], [ 34.08512, -0.97838 ], [ 34.08515, -0.9784 ], [ 34.08518, -0.97842 ], [ 34.08528, -0.97851 ], [ 34.08532, -0.97854 ], [ 34.08535, -0.97856 ], [ 34.08539, -0.97858 ], [ 34.08542, -0.97859 ], [ 34.08546, -0.9786 ], [ 34.0855, -0.97861 ], [ 34.08554, -0.97862 ], [ 34.08559, -0.97862 ], [ 34.08563, -0.97862 ], [ 34.08579, -0.97862 ], [ 34.08589, -0.97862 ], [ 34.08597, -0.97862 ], [ 34.086, -0.97861 ], [ 34.08605, -0.9786 ], [ 34.08618, -0.97855 ], [ 34.08622, -0.97854 ], [ 34.08626, -0.97853 ], [ 34.08629, -0.97853 ], [ 34.08642, -0.97851 ], [ 34.08646, -0.97851 ], [ 34.0865, -0.97851 ], [ 34.08654, -0.97852 ], [ 34.08657, -0.97852 ], [ 34.0866, -0.97853 ], [ 34.08663, -0.97855 ], [ 34.08666, -0.97857 ], [ 34.0867, -0.9786 ], [ 34.08673, -0.97863 ], [ 34.08675, -0.97867 ], [ 34.08675, -0.97868 ], [ 34.08676, -0.9787 ], [ 34.08676, -0.97871 ], [ 34.08676, -0.97873 ], [ 34.08676, -0.97877 ], [ 34.08676, -0.97887 ], [ 34.08676, -0.9789 ], [ 34.08676, -0.97893 ], [ 34.08677, -0.97899 ], [ 34.08678, -0.97903 ], [ 34.0868, -0.97907 ], [ 34.08681, -0.9791 ], [ 34.08683, -0.97913 ], [ 34.08686, -0.97917 ], [ 34.08689, -0.9792 ], [ 34.08692, -0.97922 ], [ 34.08696, -0.97925 ], [ 34.08699, -0.97927 ], [ 34.08703, -0.97928 ], [ 34.08706, -0.97929 ], [ 34.08709, -0.97929 ], [ 34.08712, -0.97929 ], [ 34.08715, -0.97928 ], [ 34.08724, -0.97926 ], [ 34.08727, -0.97926 ], [ 34.08729, -0.97926 ], [ 34.08737, -0.97926 ], [ 34.08741, -0.97926 ], [ 34.08744, -0.97926 ], [ 34.08746, -0.97927 ], [ 34.08747, -0.97928 ], [ 34.08749, -0.9793 ], [ 34.08751, -0.97932 ], [ 34.08753, -0.97936 ], [ 34.08755, -0.9794 ], [ 34.08755, -0.97942 ], [ 34.08756, -0.97945 ], [ 34.08757, -0.97955 ], [ 34.08757, -0.97958 ], [ 34.08758, -0.9796 ], [ 34.08759, -0.97964 ], [ 34.08761, -0.97968 ], [ 34.08764, -0.97972 ], [ 34.08767, -0.97977 ], [ 34.0877, -0.9798 ], [ 34.08772, -0.97983 ], [ 34.08782, -0.97992 ], [ 34.08785, -0.97996 ], [ 34.08798, -0.98012 ], [ 34.08803, -0.98017 ], [ 34.08808, -0.98023 ], [ 34.08814, -0.98028 ], [ 34.0882, -0.98034 ], [ 34.08832, -0.98044 ], [ 34.08859, -0.98067 ], [ 34.08871, -0.98077 ], [ 34.08892, -0.98097 ], [ 34.08904, -0.98109 ], [ 34.08911, -0.98116 ], [ 34.08928, -0.98134 ], [ 34.08933, -0.98139 ], [ 34.08937, -0.98143 ], [ 34.08946, -0.98152 ], [ 34.08954, -0.98158 ], [ 34.08961, -0.98163 ], [ 34.08967, -0.98168 ], [ 34.08979, -0.98176 ], [ 34.08984, -0.98179 ], [ 34.08988, -0.98181 ], [ 34.08992, -0.98183 ], [ 34.08996, -0.98185 ], [ 34.09, -0.98187 ], [ 34.09004, -0.98188 ], [ 34.09007, -0.98189 ], [ 34.0901, -0.98189 ], [ 34.09022, -0.98191 ], [ 34.09026, -0.98191 ], [ 34.0903, -0.98191 ], [ 34.09046, -0.98191 ], [ 34.09052, -0.98192 ], [ 34.09058, -0.98192 ], [ 34.09063, -0.98193 ], [ 34.09067, -0.98194 ], [ 34.09071, -0.98196 ], [ 34.09084, -0.982 ], [ 34.09095, -0.98205 ], [ 34.09104, -0.98208 ], [ 34.09112, -0.98212 ], [ 34.09119, -0.98215 ], [ 34.09127, -0.9822 ], [ 34.09136, -0.98226 ], [ 34.09144, -0.98232 ], [ 34.09162, -0.98246 ], [ 34.09171, -0.98252 ], [ 34.09187, -0.98264 ], [ 34.09193, -0.98267 ], [ 34.09199, -0.98271 ], [ 34.09205, -0.98274 ], [ 34.0921, -0.98277 ], [ 34.09225, -0.98281 ], [ 34.09231, -0.98283 ], [ 34.09235, -0.98286 ], [ 34.0924, -0.98289 ], [ 34.09246, -0.98292 ], [ 34.0926, -0.98301 ], [ 34.09264, -0.98304 ], [ 34.09268, -0.98306 ], [ 34.09273, -0.98308 ], [ 34.09279, -0.98311 ], [ 34.09301, -0.9832 ], [ 34.09311, -0.98324 ], [ 34.09329, -0.98333 ], [ 34.0934, -0.98339 ], [ 34.09351, -0.98344 ], [ 34.09355, -0.98347 ], [ 34.09359, -0.9835 ], [ 34.09365, -0.98355 ], [ 34.09371, -0.98359 ], [ 34.09377, -0.98365 ], [ 34.09384, -0.98371 ], [ 34.09389, -0.98375 ], [ 34.09381, -0.9838 ], [ 34.09368, -0.98412 ], [ 34.0937, -0.98413 ], [ 34.09372, -0.98414 ], [ 34.09372, -0.98415 ], [ 34.09374, -0.98416 ], [ 34.09384, -0.9843 ], [ 34.09391, -0.9844 ], [ 34.09397, -0.98452 ], [ 34.09401, -0.98462 ], [ 34.09404, -0.9847 ], [ 34.09407, -0.98478 ], [ 34.09416, -0.98496 ], [ 34.09424, -0.98511 ], [ 34.0943, -0.9852 ], [ 34.09435, -0.98529 ], [ 34.09438, -0.98534 ], [ 34.09447, -0.98545 ], [ 34.09459, -0.98556 ], [ 34.09468, -0.98562 ], [ 34.09479, -0.9857 ], [ 34.09487, -0.98575 ], [ 34.095, -0.98585 ], [ 34.09518, -0.98601 ], [ 34.09526, -0.9861 ], [ 34.09531, -0.98613 ], [ 34.09534, -0.98617 ], [ 34.09538, -0.98618 ], [ 34.09544, -0.98622 ], [ 34.09554, -0.98632 ], [ 34.09561, -0.98642 ], [ 34.09568, -0.98657 ], [ 34.09578, -0.98674 ], [ 34.09585, -0.98686 ], [ 34.09587, -0.98691 ], [ 34.09591, -0.98696 ], [ 34.09597, -0.98703 ], [ 34.09608, -0.98716 ], [ 34.09614, -0.98726 ], [ 34.0962, -0.98739 ], [ 34.0963, -0.98758 ], [ 34.09635, -0.98766 ], [ 34.09636, -0.98767 ], [ 34.09639, -0.98772 ], [ 34.09639, -0.98773 ], [ 34.09645, -0.98781 ], [ 34.09653, -0.98792 ], [ 34.09657, -0.98798 ], [ 34.09668, -0.98812 ], [ 34.09676, -0.98824 ], [ 34.09683, -0.98839 ], [ 34.09689, -0.98853 ], [ 34.09692, -0.98867 ], [ 34.09692, -0.98873 ], [ 34.0969, -0.98879 ], [ 34.09688, -0.98888 ], [ 34.09685, -0.98896 ], [ 34.09682, -0.98902 ], [ 34.09676, -0.98907 ], [ 34.0968, -0.9891 ], [ 34.09683, -0.98912 ], [ 34.09687, -0.9891 ], [ 34.09691, -0.98907 ], [ 34.09697, -0.98904 ], [ 34.09705, -0.98902 ], [ 34.09708, -0.98901 ], [ 34.09716, -0.98899 ], [ 34.09721, -0.98897 ], [ 34.09729, -0.98896 ], [ 34.09737, -0.98897 ], [ 34.09745, -0.98897 ], [ 34.09754, -0.98899 ], [ 34.09766, -0.98902 ], [ 34.09773, -0.98903 ], [ 34.0978, -0.9891 ], [ 34.09783, -0.98913 ], [ 34.09794, -0.98922 ], [ 34.09804, -0.98931 ], [ 34.09809, -0.98933 ], [ 34.09817, -0.98937 ], [ 34.09827, -0.98943 ], [ 34.09836, -0.98947 ], [ 34.09838, -0.98948 ], [ 34.09838, -0.98948 ], [ 34.09842, -0.98949 ], [ 34.09848, -0.98951 ], [ 34.09856, -0.98955 ], [ 34.09862, -0.9896 ], [ 34.09866, -0.98962 ], [ 34.09873, -0.98964 ], [ 34.09878, -0.98967 ], [ 34.09884, -0.98972 ], [ 34.09887, -0.98977 ], [ 34.0989, -0.98982 ], [ 34.0989, -0.98987 ], [ 34.09891, -0.98991 ], [ 34.09891, -0.99005 ], [ 34.09891, -0.99011 ], [ 34.09892, -0.99013 ], [ 34.09894, -0.99018 ], [ 34.09897, -0.99022 ], [ 34.09898, -0.99026 ], [ 34.09899, -0.99032 ], [ 34.09901, -0.99037 ], [ 34.09905, -0.99039 ], [ 34.09909, -0.99041 ], [ 34.09918, -0.99048 ], [ 34.09927, -0.99054 ], [ 34.09931, -0.99059 ], [ 34.09934, -0.99067 ], [ 34.09937, -0.99075 ], [ 34.09938, -0.99084 ], [ 34.09939, -0.99093 ], [ 34.09938, -0.991 ], [ 34.09938, -0.99104 ], [ 34.09938, -0.99108 ], [ 34.09938, -0.99113 ], [ 34.09938, -0.99119 ], [ 34.09937, -0.99123 ], [ 34.09935, -0.99128 ], [ 34.09934, -0.99131 ], [ 34.09934, -0.99138 ], [ 34.09934, -0.99145 ], [ 34.09933, -0.99149 ], [ 34.09931, -0.99155 ], [ 34.09931, -0.99162 ], [ 34.0993, -0.99168 ], [ 34.09931, -0.99173 ], [ 34.09932, -0.99177 ], [ 34.09932, -0.9918 ], [ 34.09931, -0.99184 ], [ 34.09932, -0.99188 ], [ 34.09933, -0.99192 ], [ 34.09937, -0.99195 ], [ 34.0994, -0.992 ], [ 34.09941, -0.99206 ], [ 34.09944, -0.99213 ], [ 34.09949, -0.99217 ], [ 34.09952, -0.99221 ], [ 34.09957, -0.99226 ], [ 34.09967, -0.99232 ], [ 34.09975, -0.99238 ], [ 34.09987, -0.99247 ], [ 34.09993, -0.99253 ], [ 34.09999, -0.9926 ], [ 34.10007, -0.99271 ], [ 34.10014, -0.99278 ], [ 34.10023, -0.9929 ], [ 34.10027, -0.99298 ], [ 34.10027, -0.99298 ], [ 34.10028, -0.993 ], [ 34.10035, -0.9931 ], [ 34.10042, -0.9932 ], [ 34.10049, -0.99332 ], [ 34.10059, -0.99336 ], [ 34.10076, -0.99348 ], [ 34.10091, -0.9936 ], [ 34.10105, -0.99367 ], [ 34.10116, -0.99372 ], [ 34.10139, -0.9938 ], [ 34.10159, -0.99386 ], [ 34.10177, -0.99391 ], [ 34.10205, -0.99394 ], [ 34.10229, -0.99395 ], [ 34.1024, -0.99395 ], [ 34.10254, -0.99394 ], [ 34.10261, -0.99393 ], [ 34.10261, -0.99393 ], [ 34.10267, -0.99392 ], [ 34.10283, -0.99391 ], [ 34.10297, -0.99391 ], [ 34.1031, -0.99393 ], [ 34.10316, -0.99395 ], [ 34.10328, -0.99402 ], [ 34.1033, -0.99412 ], [ 34.10329, -0.99422 ], [ 34.10326, -0.99435 ], [ 34.10323, -0.99449 ], [ 34.10319, -0.99458 ], [ 34.10314, -0.99463 ], [ 34.10307, -0.99471 ], [ 34.10299, -0.99479 ], [ 34.10293, -0.99487 ], [ 34.1029, -0.99492 ], [ 34.10291, -0.99497 ], [ 34.10292, -0.99502 ], [ 34.10292, -0.99503 ], [ 34.10293, -0.99505 ], [ 34.10295, -0.9951 ], [ 34.10299, -0.99517 ], [ 34.10299, -0.9952 ], [ 34.10298, -0.99525 ], [ 34.10297, -0.9953 ], [ 34.10297, -0.99534 ], [ 34.103, -0.99538 ], [ 34.10303, -0.99546 ], [ 34.10304, -0.99556 ], [ 34.10305, -0.99567 ], [ 34.10303, -0.99582 ], [ 34.10299, -0.9959 ], [ 34.10296, -0.99598 ], [ 34.10292, -0.99607 ], [ 34.1029, -0.99617 ], [ 34.1029, -0.99621 ], [ 34.1029, -0.99627 ], [ 34.1029, -0.99633 ], [ 34.10293, -0.99639 ], [ 34.10295, -0.99643 ], [ 34.10299, -0.99649 ], [ 34.10303, -0.99652 ], [ 34.1031, -0.99658 ], [ 34.10318, -0.99665 ], [ 34.10321, -0.99669 ], [ 34.10321, -0.99674 ], [ 34.10318, -0.99681 ], [ 34.10317, -0.99687 ], [ 34.10315, -0.99689 ], [ 34.10316, -0.99691 ], [ 34.10317, -0.99695 ], [ 34.10318, -0.99699 ], [ 34.10319, -0.997 ], [ 34.10321, -0.99704 ], [ 34.10325, -0.99706 ], [ 34.10332, -0.99712 ], [ 34.10339, -0.99718 ], [ 34.10348, -0.99722 ], [ 34.10351, -0.99725 ], [ 34.10356, -0.99732 ], [ 34.10361, -0.99739 ], [ 34.10366, -0.99745 ], [ 34.10374, -0.99752 ], [ 34.10376, -0.99755 ], [ 34.1038, -0.9976 ], [ 34.10386, -0.99766 ], [ 34.10393, -0.99775 ], [ 34.10394, -0.99775 ], [ 34.10419, -0.99755 ], [ 34.10418, -0.99754 ], [ 34.10442, -0.99725 ], [ 34.10492, -0.99687 ], [ 34.105, -0.99688 ], [ 34.10507, -0.99689 ], [ 34.10516, -0.9969 ], [ 34.10526, -0.9969 ], [ 34.10535, -0.9969 ], [ 34.10546, -0.9969 ], [ 34.10557, -0.99689 ], [ 34.10569, -0.99688 ], [ 34.1058, -0.99686 ], [ 34.1059, -0.99684 ], [ 34.106, -0.99682 ], [ 34.10604, -0.99681 ], [ 34.10609, -0.99679 ], [ 34.1063, -0.9967 ], [ 34.10635, -0.99668 ], [ 34.1064, -0.99667 ], [ 34.10648, -0.99665 ], [ 34.10665, -0.99662 ], [ 34.10671, -0.9966 ], [ 34.10682, -0.99658 ], [ 34.10693, -0.99654 ], [ 34.10706, -0.99651 ], [ 34.10719, -0.99647 ], [ 34.1074, -0.99641 ], [ 34.10748, -0.99639 ], [ 34.10752, -0.99637 ], [ 34.10756, -0.99636 ], [ 34.1076, -0.99634 ], [ 34.10763, -0.99632 ], [ 34.10767, -0.99629 ], [ 34.10776, -0.99622 ], [ 34.10781, -0.99619 ], [ 34.10787, -0.99616 ], [ 34.10794, -0.99613 ], [ 34.10802, -0.9961 ], [ 34.10814, -0.99605 ], [ 34.1082, -0.99603 ], [ 34.10828, -0.99601 ], [ 34.10835, -0.996 ], [ 34.10853, -0.99597 ], [ 34.10861, -0.99595 ], [ 34.10869, -0.99593 ], [ 34.10875, -0.99591 ], [ 34.1088, -0.99589 ], [ 34.10885, -0.99586 ], [ 34.109, -0.99578 ], [ 34.10905, -0.99575 ], [ 34.10909, -0.99573 ], [ 34.10913, -0.99571 ], [ 34.10918, -0.99569 ], [ 34.10922, -0.99568 ], [ 34.10927, -0.99567 ], [ 34.10933, -0.99566 ], [ 34.10938, -0.99566 ], [ 34.10944, -0.99565 ], [ 34.10966, -0.99564 ], [ 34.10976, -0.99563 ], [ 34.10981, -0.99563 ], [ 34.10986, -0.99562 ], [ 34.1099, -0.99561 ], [ 34.10994, -0.9956 ], [ 34.11004, -0.99557 ], [ 34.11014, -0.99553 ], [ 34.11024, -0.99549 ], [ 34.11047, -0.99539 ], [ 34.11068, -0.9953 ], [ 34.11074, -0.99527 ], [ 34.11088, -0.9952 ], [ 34.11094, -0.99517 ], [ 34.11101, -0.99514 ], [ 34.11107, -0.99512 ], [ 34.11112, -0.99511 ], [ 34.11118, -0.9951 ], [ 34.11123, -0.99509 ], [ 34.11128, -0.99508 ], [ 34.11134, -0.99508 ], [ 34.11139, -0.99508 ], [ 34.11145, -0.99509 ], [ 34.11151, -0.9951 ], [ 34.11156, -0.99511 ], [ 34.11162, -0.99512 ], [ 34.11168, -0.99514 ], [ 34.11173, -0.99515 ], [ 34.11182, -0.99519 ], [ 34.1119, -0.99522 ], [ 34.11197, -0.99527 ], [ 34.11204, -0.99532 ], [ 34.11211, -0.99537 ], [ 34.11217, -0.99542 ], [ 34.11222, -0.99547 ], [ 34.11227, -0.99553 ], [ 34.11229, -0.99556 ], [ 34.11231, -0.99559 ], [ 34.11233, -0.99563 ], [ 34.11235, -0.99567 ], [ 34.11238, -0.99575 ], [ 34.11244, -0.99592 ], [ 34.11247, -0.996 ], [ 34.1125, -0.99606 ], [ 34.11259, -0.99626 ], [ 34.11262, -0.99633 ], [ 34.11264, -0.99639 ], [ 34.11266, -0.99644 ], [ 34.11267, -0.9965 ], [ 34.1127, -0.9967 ], [ 34.11272, -0.99677 ], [ 34.11274, -0.99685 ], [ 34.11279, -0.99704 ], [ 34.11281, -0.99709 ], [ 34.11282, -0.99714 ], [ 34.11282, -0.99718 ], [ 34.11283, -0.99723 ], [ 34.11283, -0.99741 ], [ 34.11284, -0.99745 ], [ 34.11285, -0.99749 ], [ 34.11287, -0.99762 ], [ 34.11288, -0.99766 ], [ 34.11289, -0.99771 ], [ 34.11291, -0.99775 ], [ 34.11292, -0.99778 ], [ 34.11294, -0.99782 ], [ 34.11296, -0.99785 ], [ 34.11299, -0.99789 ], [ 34.11302, -0.99793 ], [ 34.11306, -0.99797 ], [ 34.1131, -0.99801 ], [ 34.11313, -0.99803 ], [ 34.11316, -0.99805 ], [ 34.1132, -0.99807 ], [ 34.1133, -0.99812 ], [ 34.11336, -0.99816 ], [ 34.11341, -0.99819 ], [ 34.11346, -0.99823 ], [ 34.11361, -0.99836 ], [ 34.11371, -0.99845 ], [ 34.11375, -0.99849 ], [ 34.11381, -0.99853 ], [ 34.11392, -0.9986 ], [ 34.11396, -0.99863 ], [ 34.11402, -0.99868 ], [ 34.11415, -0.99879 ], [ 34.1142, -0.99883 ], [ 34.11428, -0.99888 ], [ 34.11442, -0.99896 ], [ 34.11447, -0.99899 ], [ 34.11452, -0.99903 ], [ 34.11456, -0.99907 ], [ 34.11461, -0.99911 ], [ 34.11465, -0.99917 ], [ 34.11469, -0.99922 ], [ 34.1148, -0.99937 ], [ 34.11483, -0.99941 ], [ 34.11486, -0.99945 ], [ 34.11495, -0.99954 ], [ 34.11511, -0.99972 ], [ 34.11516, -0.99977 ], [ 34.11521, -0.99983 ], [ 34.11542, -1.00008 ], [ 34.11546, -1.00014 ], [ 34.11551, -1.00019 ], [ 34.11557, -1.00024 ], [ 34.11563, -1.00029 ], [ 34.11569, -1.00034 ], [ 34.11575, -1.00037 ], [ 34.11578, -1.00039 ], [ 34.11581, -1.0004 ], [ 34.11584, -1.00041 ], [ 34.11588, -1.00042 ], [ 34.11595, -1.00044 ], [ 34.11612, -1.00047 ], [ 34.1162, -1.00049 ], [ 34.11624, -1.0005 ], [ 34.11627, -1.00051 ], [ 34.1163, -1.00053 ], [ 34.11633, -1.00054 ], [ 34.11636, -1.00056 ], [ 34.11639, -1.00059 ], [ 34.11652, -1.00069 ], [ 34.11657, -1.00073 ], [ 34.11668, -1.0008 ], [ 34.11678, -1.00086 ], [ 34.11688, -1.00091 ], [ 34.11698, -1.00096 ], [ 34.11707, -1.00099 ], [ 34.11716, -1.00102 ], [ 34.11726, -1.00104 ], [ 34.1173, -1.00105 ], [ 34.11734, -1.00106 ], [ 34.11739, -1.00106 ], [ 34.11743, -1.00106 ], [ 34.1176, -1.00106 ], [ 34.11767, -1.00106 ], [ 34.11777, -1.00106 ], [ 34.11787, -1.00108 ], [ 34.11797, -1.00109 ], [ 34.11809, -1.00111 ], [ 34.11818, -1.00113 ], [ 34.11828, -1.00116 ], [ 34.11868, -1.00126 ], [ 34.11885, -1.0013 ], [ 34.11895, -1.00132 ], [ 34.11916, -1.00136 ], [ 34.11925, -1.00137 ], [ 34.11931, -1.00139 ], [ 34.11936, -1.0014 ], [ 34.11941, -1.00142 ], [ 34.11945, -1.00144 ], [ 34.11957, -1.00148 ], [ 34.11963, -1.00151 ], [ 34.11969, -1.00154 ], [ 34.11974, -1.00157 ], [ 34.11979, -1.0016 ], [ 34.11983, -1.00163 ], [ 34.11987, -1.00166 ], [ 34.1199, -1.00169 ], [ 34.11992, -1.00172 ], [ 34.11994, -1.00175 ], [ 34.11996, -1.00179 ], [ 34.11997, -1.00183 ], [ 34.11999, -1.0019 ], [ 34.12004, -1.00207 ], [ 34.12005, -1.00214 ], [ 34.12007, -1.00218 ], [ 34.12011, -1.00226 ], [ 34.12012, -1.00229 ], [ 34.12013, -1.00231 ], [ 34.12013, -1.00233 ], [ 34.12013, -1.00235 ], [ 34.12012, -1.00236 ], [ 34.12011, -1.00238 ], [ 34.12009, -1.0024 ], [ 34.12007, -1.00243 ], [ 34.12002, -1.00247 ], [ 34.11998, -1.00249 ], [ 34.11993, -1.00252 ], [ 34.11988, -1.00254 ], [ 34.11974, -1.0026 ], [ 34.1197, -1.00262 ], [ 34.11966, -1.00264 ], [ 34.11953, -1.00272 ], [ 34.11947, -1.00276 ], [ 34.11942, -1.0028 ], [ 34.11937, -1.00284 ], [ 34.11933, -1.00288 ], [ 34.11932, -1.0029 ], [ 34.1193, -1.00292 ], [ 34.11929, -1.00294 ], [ 34.11928, -1.00296 ], [ 34.11927, -1.00298 ], [ 34.11927, -1.003 ], [ 34.11926, -1.00305 ], [ 34.11926, -1.00311 ], [ 34.11927, -1.00317 ], [ 34.11928, -1.00324 ], [ 34.11929, -1.0033 ], [ 34.11932, -1.00337 ], [ 34.11934, -1.00343 ], [ 34.11936, -1.00345 ], [ 34.11938, -1.00348 ], [ 34.1194, -1.00351 ], [ 34.11943, -1.00354 ], [ 34.11947, -1.00357 ], [ 34.11956, -1.00364 ], [ 34.11971, -1.00376 ], [ 34.11976, -1.0038 ], [ 34.11982, -1.00384 ], [ 34.11993, -1.00391 ], [ 34.12002, -1.00397 ], [ 34.12011, -1.00401 ], [ 34.12015, -1.00403 ], [ 34.12019, -1.00405 ], [ 34.12027, -1.00407 ], [ 34.12036, -1.0041 ], [ 34.12045, -1.00411 ], [ 34.12055, -1.00412 ], [ 34.12065, -1.00413 ], [ 34.12072, -1.00414 ], [ 34.12079, -1.00414 ], [ 34.12084, -1.00414 ], [ 34.1209, -1.00413 ], [ 34.12095, -1.00412 ], [ 34.12099, -1.00411 ], [ 34.12103, -1.00409 ], [ 34.12106, -1.00408 ], [ 34.12108, -1.00406 ], [ 34.12116, -1.004 ], [ 34.12119, -1.00398 ], [ 34.12121, -1.00396 ], [ 34.12123, -1.00395 ], [ 34.12126, -1.00394 ], [ 34.12129, -1.00393 ], [ 34.12132, -1.00392 ], [ 34.12136, -1.00392 ], [ 34.12143, -1.00391 ], [ 34.12154, -1.00391 ], [ 34.12163, -1.00391 ], [ 34.1217, -1.00391 ], [ 34.12177, -1.00392 ], [ 34.12184, -1.00394 ], [ 34.12188, -1.00396 ], [ 34.12194, -1.00398 ], [ 34.12199, -1.004 ], [ 34.12204, -1.00404 ], [ 34.12207, -1.00405 ], [ 34.12212, -1.0041 ], [ 34.12214, -1.00411 ], [ 34.12215, -1.00411 ], [ 34.12217, -1.00412 ], [ 34.12219, -1.00412 ], [ 34.12221, -1.00412 ], [ 34.12223, -1.00411 ], [ 34.12227, -1.00409 ], [ 34.12237, -1.00404 ], [ 34.1224, -1.00403 ], [ 34.12242, -1.00403 ], [ 34.12251, -1.00401 ], [ 34.1226, -1.00399 ], [ 34.12269, -1.00399 ], [ 34.12278, -1.00398 ], [ 34.12285, -1.00398 ], [ 34.12292, -1.00399 ], [ 34.12299, -1.004 ], [ 34.12315, -1.00403 ], [ 34.12322, -1.00404 ], [ 34.12333, -1.00405 ], [ 34.12359, -1.00407 ], [ 34.1237, -1.00408 ], [ 34.12374, -1.00408 ], [ 34.12383, -1.00409 ], [ 34.12387, -1.00409 ], [ 34.12392, -1.0041 ], [ 34.12396, -1.00411 ], [ 34.12399, -1.00413 ], [ 34.12401, -1.00414 ], [ 34.12404, -1.00417 ], [ 34.12407, -1.00419 ], [ 34.1241, -1.00422 ], [ 34.12413, -1.00425 ], [ 34.12416, -1.00428 ], [ 34.12419, -1.00431 ], [ 34.12422, -1.00436 ], [ 34.12425, -1.00442 ], [ 34.12427, -1.00445 ], [ 34.12428, -1.00448 ], [ 34.12433, -1.00462 ], [ 34.12435, -1.00467 ], [ 34.12437, -1.00471 ], [ 34.12443, -1.00479 ], [ 34.12444, -1.00481 ], [ 34.12445, -1.00483 ], [ 34.12446, -1.00486 ], [ 34.12448, -1.00494 ], [ 34.12448, -1.00496 ], [ 34.12449, -1.00498 ], [ 34.12451, -1.005 ], [ 34.12452, -1.00501 ], [ 34.12459, -1.00507 ], [ 34.12464, -1.00511 ], [ 34.12476, -1.0052 ], [ 34.12482, -1.00526 ], [ 34.1249, -1.00533 ], [ 34.12497, -1.00541 ], [ 34.12504, -1.0055 ], [ 34.1251, -1.00559 ], [ 34.12513, -1.00564 ], [ 34.12516, -1.00569 ], [ 34.12519, -1.00575 ], [ 34.12522, -1.00581 ], [ 34.12525, -1.00586 ], [ 34.12527, -1.00592 ], [ 34.12529, -1.00598 ], [ 34.12531, -1.00604 ], [ 34.12532, -1.00609 ], [ 34.12533, -1.00614 ], [ 34.12534, -1.0062 ], [ 34.12535, -1.00626 ], [ 34.12536, -1.00632 ], [ 34.12536, -1.0064 ], [ 34.12537, -1.00657 ], [ 34.12537, -1.00663 ], [ 34.12537, -1.00677 ], [ 34.12537, -1.00683 ], [ 34.12538, -1.00692 ], [ 34.12538, -1.00699 ], [ 34.12539, -1.00705 ], [ 34.12541, -1.0071 ], [ 34.12542, -1.00714 ], [ 34.12544, -1.00719 ], [ 34.12547, -1.00723 ], [ 34.12553, -1.00733 ], [ 34.12555, -1.00737 ], [ 34.12557, -1.00741 ], [ 34.12558, -1.00745 ], [ 34.12559, -1.00751 ], [ 34.1256, -1.00757 ], [ 34.1256, -1.00763 ], [ 34.12559, -1.00776 ], [ 34.12559, -1.00781 ], [ 34.1256, -1.00808 ], [ 34.1256, -1.00822 ], [ 34.1256, -1.00835 ], [ 34.12559, -1.00847 ], [ 34.12558, -1.00858 ], [ 34.12555, -1.00884 ], [ 34.12554, -1.00897 ], [ 34.12552, -1.00911 ], [ 34.12552, -1.00916 ], [ 34.12552, -1.00922 ], [ 34.12553, -1.00926 ], [ 34.12553, -1.0093 ], [ 34.12554, -1.00934 ], [ 34.12556, -1.00938 ], [ 34.12558, -1.00942 ], [ 34.1256, -1.00947 ], [ 34.12562, -1.00951 ], [ 34.12569, -1.00963 ], [ 34.12575, -1.00971 ], [ 34.12579, -1.00977 ], [ 34.12583, -1.00983 ], [ 34.12588, -1.00987 ], [ 34.12592, -1.0099 ], [ 34.12598, -1.00993 ], [ 34.12603, -1.00996 ], [ 34.12614, -1.01001 ], [ 34.12619, -1.01003 ], [ 34.12632, -1.0101 ], [ 34.1264, -1.01014 ], [ 34.12644, -1.01016 ], [ 34.12648, -1.01017 ], [ 34.12663, -1.01022 ], [ 34.12669, -1.01024 ], [ 34.12674, -1.01026 ], [ 34.12679, -1.01029 ], [ 34.12683, -1.01032 ], [ 34.12693, -1.01039 ], [ 34.12696, -1.01042 ], [ 34.12699, -1.01043 ], [ 34.12702, -1.01045 ], [ 34.12706, -1.01046 ], [ 34.12709, -1.01047 ], [ 34.12712, -1.01048 ], [ 34.12716, -1.01049 ], [ 34.12724, -1.0105 ], [ 34.1273, -1.01051 ], [ 34.12737, -1.01052 ], [ 34.12745, -1.01052 ], [ 34.12769, -1.01052 ], [ 34.12777, -1.01052 ], [ 34.12783, -1.01053 ], [ 34.12804, -1.01055 ], [ 34.12815, -1.01056 ], [ 34.12821, -1.01056 ], [ 34.12828, -1.01056 ], [ 34.12851, -1.01055 ], [ 34.12858, -1.01055 ], [ 34.12873, -1.01055 ], [ 34.1288, -1.01055 ], [ 34.12883, -1.01055 ], [ 34.12887, -1.01055 ], [ 34.1289, -1.01054 ], [ 34.12893, -1.01053 ], [ 34.12895, -1.01052 ], [ 34.12897, -1.0105 ], [ 34.12902, -1.01047 ], [ 34.12906, -1.01043 ], [ 34.12916, -1.01034 ], [ 34.12919, -1.01032 ], [ 34.12922, -1.0103 ], [ 34.12928, -1.01026 ], [ 34.12934, -1.01022 ], [ 34.1294, -1.01018 ], [ 34.12947, -1.01014 ], [ 34.12954, -1.0101 ], [ 34.12962, -1.01006 ], [ 34.12979, -1.00998 ], [ 34.1299, -1.00993 ], [ 34.12995, -1.0099 ], [ 34.13, -1.00988 ], [ 34.13005, -1.00987 ], [ 34.13011, -1.00986 ], [ 34.13017, -1.00985 ], [ 34.13023, -1.00984 ], [ 34.1303, -1.00984 ], [ 34.13035, -1.00983 ], [ 34.1304, -1.00984 ], [ 34.13051, -1.00985 ], [ 34.13055, -1.00985 ], [ 34.13066, -1.00987 ], [ 34.13069, -1.00988 ], [ 34.13072, -1.00988 ], [ 34.13075, -1.00988 ], [ 34.13078, -1.00987 ], [ 34.13089, -1.00983 ], [ 34.13094, -1.00982 ], [ 34.131, -1.00982 ], [ 34.13105, -1.00981 ], [ 34.13111, -1.00981 ], [ 34.13117, -1.00981 ], [ 34.13123, -1.00981 ], [ 34.13129, -1.00981 ], [ 34.13135, -1.00982 ], [ 34.13141, -1.00982 ], [ 34.13146, -1.00983 ], [ 34.13151, -1.00984 ], [ 34.13156, -1.00986 ], [ 34.13162, -1.00987 ], [ 34.13174, -1.00991 ], [ 34.13189, -1.00997 ], [ 34.132, -1.01001 ], [ 34.13211, -1.01007 ], [ 34.13222, -1.01012 ], [ 34.13234, -1.01019 ], [ 34.13237, -1.01021 ], [ 34.1324, -1.01023 ], [ 34.13252, -1.01032 ], [ 34.13256, -1.01035 ], [ 34.13262, -1.01038 ], [ 34.13266, -1.01041 ], [ 34.13271, -1.01042 ], [ 34.13276, -1.01043 ], [ 34.13282, -1.01044 ], [ 34.13293, -1.01045 ], [ 34.13298, -1.01046 ], [ 34.13314, -1.01049 ], [ 34.13318, -1.01049 ], [ 34.13321, -1.0105 ], [ 34.13327, -1.01053 ], [ 34.13333, -1.01055 ], [ 34.13339, -1.01059 ], [ 34.13349, -1.01065 ], [ 34.13358, -1.01071 ], [ 34.13368, -1.01077 ], [ 34.13377, -1.01085 ], [ 34.13386, -1.01092 ], [ 34.13391, -1.01096 ], [ 34.13396, -1.01101 ], [ 34.13411, -1.01117 ], [ 34.13418, -1.01124 ], [ 34.13435, -1.01143 ], [ 34.1344, -1.01149 ], [ 34.13446, -1.01154 ], [ 34.13455, -1.01162 ], [ 34.13463, -1.01168 ], [ 34.13471, -1.01174 ], [ 34.13478, -1.01178 ], [ 34.13487, -1.01182 ], [ 34.13491, -1.01184 ], [ 34.13495, -1.01186 ], [ 34.13498, -1.01187 ], [ 34.13502, -1.01187 ], [ 34.13506, -1.01186 ], [ 34.1351, -1.01185 ], [ 34.1352, -1.01181 ], [ 34.1353, -1.01178 ], [ 34.13539, -1.01175 ], [ 34.13548, -1.01171 ], [ 34.13556, -1.01167 ], [ 34.1356, -1.01165 ], [ 34.13564, -1.01163 ], [ 34.13582, -1.01151 ], [ 34.13586, -1.01148 ], [ 34.1359, -1.01146 ], [ 34.13595, -1.01144 ], [ 34.13605, -1.0114 ], [ 34.1361, -1.01137 ], [ 34.13613, -1.01135 ], [ 34.13616, -1.01133 ], [ 34.13619, -1.0113 ], [ 34.13622, -1.01127 ], [ 34.13627, -1.01121 ], [ 34.13635, -1.01109 ], [ 34.13639, -1.01105 ], [ 34.13643, -1.011 ], [ 34.13647, -1.01097 ], [ 34.13652, -1.01092 ], [ 34.13665, -1.01082 ], [ 34.13671, -1.01077 ], [ 34.13677, -1.01071 ], [ 34.13683, -1.01065 ], [ 34.1369, -1.01058 ], [ 34.13697, -1.0105 ], [ 34.13708, -1.01038 ], [ 34.13717, -1.01027 ], [ 34.13724, -1.01018 ], [ 34.13731, -1.01008 ], [ 34.13737, -1.00998 ], [ 34.13743, -1.00988 ], [ 34.13746, -1.00982 ], [ 34.13752, -1.00968 ], [ 34.13754, -1.00965 ], [ 34.13756, -1.00962 ], [ 34.13759, -1.00957 ], [ 34.13763, -1.00953 ], [ 34.13775, -1.00939 ], [ 34.13779, -1.00934 ], [ 34.13794, -1.00916 ], [ 34.13799, -1.0091 ], [ 34.13802, -1.00904 ], [ 34.13806, -1.00898 ], [ 34.1381, -1.00891 ], [ 34.13813, -1.00884 ], [ 34.13821, -1.00865 ], [ 34.13826, -1.00856 ], [ 34.13831, -1.00845 ], [ 34.13838, -1.00834 ], [ 34.13854, -1.00806 ], [ 34.13864, -1.00789 ], [ 34.13867, -1.00785 ], [ 34.13869, -1.0078 ], [ 34.13872, -1.00777 ], [ 34.13879, -1.00769 ], [ 34.13882, -1.00765 ], [ 34.13883, -1.00762 ], [ 34.1389, -1.00754 ], [ 34.13891, -1.00752 ], [ 34.13892, -1.0075 ], [ 34.13893, -1.00748 ], [ 34.13893, -1.00746 ], [ 34.13893, -1.00744 ], [ 34.13892, -1.00743 ], [ 34.13888, -1.0074 ], [ 34.13903, -1.00722 ], [ 34.13912, -1.007 ], [ 34.13924, -1.00689 ], [ 34.13936, -1.00677 ], [ 34.13956, -1.00644 ], [ 34.13971, -1.00614 ], [ 34.13984, -1.00589 ], [ 34.13976, -1.00566 ], [ 34.13963, -1.0053 ], [ 34.13949, -1.00515 ], [ 34.13936, -1.00498 ], [ 34.1391, -1.00474 ], [ 34.13892, -1.00461 ], [ 34.13869, -1.00456 ], [ 34.13847, -1.00442 ], [ 34.13838, -1.00425 ], [ 34.13827, -1.00418 ], [ 34.13814, -1.00413 ], [ 34.13795, -1.00403 ], [ 34.13777, -1.00393 ], [ 34.13776, -1.0038 ], [ 34.13769, -1.00361 ], [ 34.13763, -1.00329 ], [ 34.13761, -1.00319 ], [ 34.13758, -1.00294 ], [ 34.13758, -1.00275 ], [ 34.13767, -1.00257 ], [ 34.13767, -1.00248 ], [ 34.13764, -1.00235 ], [ 34.13754, -1.00206 ], [ 34.13764, -1.00173 ], [ 34.1376, -1.00132 ], [ 34.13757, -1.00113 ], [ 34.13743, -1.00081 ], [ 34.13725, -1.00062 ], [ 34.13689, -1.00037 ], [ 34.1366, -1.00011 ], [ 34.13622, -0.99988 ], [ 34.13597, -0.99966 ], [ 34.13568, -0.99947 ], [ 34.1355, -0.99927 ], [ 34.13527, -0.99906 ], [ 34.13514, -0.99889 ], [ 34.13497, -0.99876 ], [ 34.1347, -0.99865 ], [ 34.13446, -0.99848 ], [ 34.13422, -0.99823 ], [ 34.1341, -0.99798 ], [ 34.13406, -0.99768 ], [ 34.13405, -0.99728 ], [ 34.13419, -0.99702 ], [ 34.13446, -0.99681 ], [ 34.13464, -0.99668 ], [ 34.13475, -0.99647 ], [ 34.13488, -0.99625 ], [ 34.13501, -0.99603 ], [ 34.13505, -0.99566 ], [ 34.1351, -0.99531 ], [ 34.13508, -0.99481 ], [ 34.135, -0.99448 ], [ 34.13492, -0.99419 ], [ 34.13475, -0.99394 ], [ 34.13456, -0.99363 ], [ 34.13439, -0.99337 ], [ 34.13414, -0.99311 ], [ 34.13393, -0.99293 ], [ 34.13365, -0.99276 ], [ 34.13338, -0.99264 ], [ 34.13311, -0.99251 ], [ 34.13294, -0.99246 ], [ 34.13281, -0.9924 ], [ 34.13263, -0.99232 ], [ 34.13239, -0.99226 ], [ 34.13195, -0.99218 ], [ 34.13157, -0.99213 ], [ 34.13127, -0.99208 ], [ 34.13095, -0.99206 ], [ 34.13081, -0.99198 ], [ 34.13071, -0.99185 ], [ 34.13057, -0.99178 ], [ 34.13051, -0.99172 ], [ 34.13044, -0.99152 ], [ 34.13032, -0.99135 ], [ 34.13021, -0.99112 ], [ 34.13012, -0.991 ], [ 34.12996, -0.99083 ], [ 34.12971, -0.99064 ], [ 34.12955, -0.99044 ], [ 34.12946, -0.99028 ], [ 34.12944, -0.99019 ], [ 34.12924, -0.98989 ], [ 34.12909, -0.98958 ], [ 34.12887, -0.98927 ], [ 34.12878, -0.98901 ], [ 34.12866, -0.98886 ], [ 34.12866, -0.98864 ], [ 34.1286, -0.98839 ], [ 34.12846, -0.98803 ], [ 34.12837, -0.9877 ], [ 34.12818, -0.9874 ], [ 34.12802, -0.98694 ], [ 34.12793, -0.98667 ], [ 34.12777, -0.98646 ], [ 34.12754, -0.98625 ], [ 34.12724, -0.98604 ], [ 34.12698, -0.9859 ], [ 34.12682, -0.9858 ], [ 34.1267, -0.98564 ], [ 34.1265, -0.98532 ], [ 34.12627, -0.98512 ], [ 34.12605, -0.98496 ], [ 34.12594, -0.98479 ], [ 34.12571, -0.98461 ], [ 34.12538, -0.98434 ], [ 34.12517, -0.98417 ], [ 34.12503, -0.98397 ], [ 34.12484, -0.98358 ], [ 34.12457, -0.98322 ], [ 34.12433, -0.98282 ], [ 34.12432, -0.9825 ], [ 34.12434, -0.98222 ], [ 34.12425, -0.98205 ], [ 34.1241, -0.98184 ], [ 34.12399, -0.98158 ], [ 34.12384, -0.98141 ], [ 34.12377, -0.98126 ], [ 34.12374, -0.98095 ], [ 34.12385, -0.9803 ], [ 34.1239, -0.97981 ], [ 34.12393, -0.97941 ], [ 34.12389, -0.97902 ], [ 34.12384, -0.97868 ], [ 34.12373, -0.97844 ], [ 34.12361, -0.9781 ], [ 34.12351, -0.97779 ], [ 34.12341, -0.97761 ], [ 34.12321, -0.97738 ], [ 34.12315, -0.97723 ], [ 34.12315, -0.97701 ], [ 34.12323, -0.9768 ], [ 34.12334, -0.97672 ], [ 34.12353, -0.97671 ], [ 34.12374, -0.97672 ], [ 34.124, -0.97687 ], [ 34.12419, -0.97708 ], [ 34.12451, -0.97736 ], [ 34.12491, -0.97776 ], [ 34.12531, -0.97808 ], [ 34.1257, -0.97833 ], [ 34.1261, -0.97853 ], [ 34.12642, -0.97862 ], [ 34.12662, -0.97864 ], [ 34.12691, -0.97859 ], [ 34.12724, -0.97849 ], [ 34.12771, -0.97832 ], [ 34.12816, -0.97814 ], [ 34.12853, -0.97805 ], [ 34.12905, -0.97779 ], [ 34.12941, -0.97749 ], [ 34.12982, -0.97715 ], [ 34.13, -0.97696 ], [ 34.13012, -0.97661 ], [ 34.13025, -0.97599 ], [ 34.13038, -0.9753 ], [ 34.13044, -0.97518 ], [ 34.13058, -0.97515 ], [ 34.13072, -0.9752 ], [ 34.13085, -0.97527 ], [ 34.131, -0.97526 ], [ 34.13118, -0.97513 ], [ 34.13139, -0.97502 ], [ 34.13154, -0.97498 ], [ 34.13177, -0.97498 ], [ 34.13193, -0.975 ], [ 34.13217, -0.97514 ], [ 34.13233, -0.97523 ], [ 34.13255, -0.97531 ], [ 34.13302, -0.97525 ], [ 34.13324, -0.97533 ], [ 34.13354, -0.97543 ], [ 34.13383, -0.97548 ], [ 34.13412, -0.97548 ], [ 34.13438, -0.9754 ], [ 34.13471, -0.97527 ], [ 34.13503, -0.97508 ], [ 34.13526, -0.97492 ], [ 34.13548, -0.97476 ], [ 34.13572, -0.97441 ], [ 34.13608, -0.97405 ], [ 34.13636, -0.97343 ], [ 34.13666, -0.97271 ], [ 34.13705, -0.97184 ], [ 34.13719, -0.97135 ], [ 34.13748, -0.97052 ], [ 34.1377, -0.9698 ], [ 34.13792, -0.96911 ], [ 34.13805, -0.96829 ], [ 34.13808, -0.96767 ], [ 34.1381, -0.96722 ], [ 34.13811, -0.96722 ], [ 34.13806, -0.96707 ], [ 34.13805, -0.96657 ], [ 34.138, -0.96612 ], [ 34.13777, -0.96583 ], [ 34.13761, -0.96561 ], [ 34.13731, -0.9655 ], [ 34.13697, -0.96533 ], [ 34.13677, -0.96529 ], [ 34.13662, -0.9652 ], [ 34.13662, -0.96506 ], [ 34.13645, -0.96484 ], [ 34.13613, -0.96455 ], [ 34.13577, -0.9643 ], [ 34.13546, -0.96394 ], [ 34.13528, -0.96366 ], [ 34.13513, -0.96343 ], [ 34.13493, -0.96328 ], [ 34.1347, -0.963 ], [ 34.13445, -0.96292 ], [ 34.1342, -0.96292 ], [ 34.13404, -0.96299 ], [ 34.13372, -0.96304 ], [ 34.13347, -0.963 ], [ 34.13325, -0.96274 ], [ 34.13325, -0.96249 ], [ 34.1331, -0.96211 ], [ 34.13303, -0.96186 ], [ 34.13304, -0.96159 ], [ 34.13299, -0.96121 ], [ 34.13279, -0.96096 ], [ 34.13271, -0.96074 ], [ 34.13257, -0.96023 ], [ 34.13259, -0.96009 ], [ 34.1325, -0.95969 ], [ 34.13249, -0.95944 ], [ 34.1325, -0.95904 ], [ 34.1325, -0.95882 ], [ 34.13238, -0.95823 ], [ 34.13232, -0.95795 ], [ 34.13226, -0.95776 ], [ 34.13209, -0.95759 ], [ 34.13192, -0.95748 ], [ 34.13173, -0.95748 ], [ 34.13148, -0.95748 ], [ 34.13129, -0.95746 ], [ 34.13119, -0.95736 ], [ 34.13106, -0.95716 ], [ 34.13094, -0.957 ], [ 34.13084, -0.95696 ], [ 34.13058, -0.95688 ], [ 34.13032, -0.95682 ], [ 34.13009, -0.95676 ], [ 34.12998, -0.95664 ], [ 34.12983, -0.95641 ], [ 34.12976, -0.95613 ], [ 34.12976, -0.95592 ], [ 34.12977, -0.95563 ], [ 34.12974, -0.95506 ], [ 34.12983, -0.95491 ], [ 34.13008, -0.95464 ], [ 34.13028, -0.95447 ], [ 34.1304, -0.95418 ], [ 34.13056, -0.9536 ], [ 34.13064, -0.95319 ], [ 34.13077, -0.95295 ], [ 34.13087, -0.95246 ], [ 34.13092, -0.95216 ], [ 34.13104, -0.9516 ], [ 34.13102, -0.9513 ], [ 34.13102, -0.95101 ], [ 34.13101, -0.9507 ], [ 34.13096, -0.95054 ], [ 34.13089, -0.95039 ], [ 34.13078, -0.9502 ], [ 34.13066, -0.95005 ], [ 34.13065, -0.94986 ], [ 34.13068, -0.94969 ], [ 34.13083, -0.94949 ], [ 34.13093, -0.94934 ], [ 34.13097, -0.9492 ], [ 34.13102, -0.94901 ], [ 34.13107, -0.94866 ], [ 34.13113, -0.94824 ], [ 34.13118, -0.94802 ], [ 34.13118, -0.94792 ], [ 34.13128, -0.94786 ], [ 34.13142, -0.94793 ], [ 34.13151, -0.94802 ], [ 34.13162, -0.94814 ], [ 34.13173, -0.94814 ], [ 34.13183, -0.94809 ], [ 34.13189, -0.94805 ], [ 34.13196, -0.94798 ], [ 34.13191, -0.94798 ], [ 34.13203, -0.94783 ], [ 34.13207, -0.94772 ], [ 34.13219, -0.94752 ], [ 34.13239, -0.94732 ], [ 34.13256, -0.94717 ], [ 34.13266, -0.94704 ], [ 34.1329, -0.94675 ], [ 34.13313, -0.94624 ], [ 34.13352, -0.94566 ], [ 34.13374, -0.94534 ], [ 34.13394, -0.94493 ], [ 34.13418, -0.94462 ], [ 34.13434, -0.9444 ], [ 34.13447, -0.94425 ], [ 34.1347, -0.94409 ], [ 34.13474, -0.94408 ], [ 34.13478, -0.94407 ], [ 34.13483, -0.94406 ], [ 34.1349, -0.94404 ], [ 34.13492, -0.94404 ], [ 34.13495, -0.94404 ], [ 34.135, -0.94405 ], [ 34.13507, -0.94406 ], [ 34.13524, -0.94409 ], [ 34.13528, -0.94409 ], [ 34.13532, -0.94409 ], [ 34.13534, -0.94409 ], [ 34.13535, -0.94409 ], [ 34.13537, -0.94409 ], [ 34.13538, -0.94408 ], [ 34.13539, -0.94407 ], [ 34.1354, -0.94406 ], [ 34.1354, -0.94405 ], [ 34.13541, -0.94404 ], [ 34.13541, -0.94401 ], [ 34.1354, -0.94393 ], [ 34.1354, -0.94389 ], [ 34.13541, -0.94381 ], [ 34.13541, -0.94376 ], [ 34.13541, -0.9437 ], [ 34.1354, -0.94367 ], [ 34.1354, -0.94365 ], [ 34.13539, -0.94363 ], [ 34.13538, -0.9436 ], [ 34.13536, -0.94357 ], [ 34.13535, -0.94354 ], [ 34.13533, -0.94352 ], [ 34.1353, -0.9435 ], [ 34.13528, -0.94348 ], [ 34.13522, -0.94344 ], [ 34.1352, -0.94342 ], [ 34.135, -0.94324 ], [ 34.13493, -0.94317 ], [ 34.13488, -0.94314 ], [ 34.13487, -0.94313 ], [ 34.13482, -0.9431 ], [ 34.1348, -0.94309 ], [ 34.1348, -0.94308 ], [ 34.13479, -0.94307 ], [ 34.13479, -0.94305 ], [ 34.13479, -0.943 ], [ 34.13479, -0.94297 ], [ 34.1348, -0.94293 ], [ 34.13482, -0.94289 ], [ 34.13486, -0.94282 ], [ 34.13488, -0.94278 ], [ 34.13492, -0.94273 ], [ 34.13496, -0.94269 ], [ 34.13506, -0.94259 ], [ 34.1351, -0.94254 ], [ 34.13516, -0.94246 ], [ 34.13522, -0.94237 ], [ 34.13528, -0.94228 ], [ 34.13536, -0.94216 ], [ 34.1354, -0.94209 ], [ 34.13542, -0.94205 ], [ 34.13545, -0.94202 ], [ 34.13547, -0.942 ], [ 34.1355, -0.94197 ], [ 34.13553, -0.94195 ], [ 34.13556, -0.94193 ], [ 34.13559, -0.94192 ], [ 34.13562, -0.9419 ], [ 34.13564, -0.94189 ], [ 34.13568, -0.94188 ], [ 34.13572, -0.94187 ], [ 34.13576, -0.94187 ], [ 34.1358, -0.94187 ], [ 34.13582, -0.94188 ], [ 34.13584, -0.94189 ], [ 34.13586, -0.9419 ], [ 34.13589, -0.94191 ], [ 34.13593, -0.94195 ], [ 34.13601, -0.94203 ], [ 34.13605, -0.94206 ], [ 34.13609, -0.94209 ], [ 34.13623, -0.94218 ], [ 34.13627, -0.94221 ], [ 34.13631, -0.94224 ], [ 34.13632, -0.94226 ], [ 34.13637, -0.94232 ], [ 34.13638, -0.94233 ], [ 34.1364, -0.94234 ], [ 34.13641, -0.94235 ], [ 34.13643, -0.94235 ], [ 34.13649, -0.94237 ], [ 34.13659, -0.94239 ], [ 34.13662, -0.94239 ], [ 34.13664, -0.94239 ], [ 34.13667, -0.94239 ], [ 34.13669, -0.94239 ], [ 34.13671, -0.94238 ], [ 34.13673, -0.94237 ], [ 34.13675, -0.94236 ], [ 34.13676, -0.94235 ], [ 34.13682, -0.94227 ], [ 34.13688, -0.94221 ], [ 34.13699, -0.94205 ], [ 34.13704, -0.94198 ], [ 34.13708, -0.94194 ], [ 34.13719, -0.94183 ], [ 34.13722, -0.9418 ], [ 34.13724, -0.94177 ], [ 34.13727, -0.94173 ], [ 34.13729, -0.94168 ], [ 34.13732, -0.94163 ], [ 34.13734, -0.94157 ], [ 34.13735, -0.94152 ], [ 34.13737, -0.94146 ], [ 34.13743, -0.94119 ], [ 34.13745, -0.94113 ], [ 34.13747, -0.94107 ], [ 34.13751, -0.94097 ], [ 34.13759, -0.94079 ], [ 34.13762, -0.94071 ], [ 34.13765, -0.94063 ], [ 34.13768, -0.94055 ], [ 34.13769, -0.94051 ], [ 34.1377, -0.94046 ], [ 34.13774, -0.94024 ], [ 34.13775, -0.94019 ], [ 34.13776, -0.94014 ], [ 34.13778, -0.94007 ], [ 34.13782, -0.93999 ], [ 34.13785, -0.93991 ], [ 34.13794, -0.93974 ], [ 34.13798, -0.93965 ], [ 34.138, -0.9396 ], [ 34.13801, -0.93956 ], [ 34.13802, -0.93952 ], [ 34.13803, -0.93948 ], [ 34.13804, -0.93942 ], [ 34.13805, -0.93936 ], [ 34.13805, -0.93929 ], [ 34.13805, -0.93922 ], [ 34.13805, -0.93915 ], [ 34.13805, -0.93907 ], [ 34.13803, -0.93886 ], [ 34.13802, -0.93868 ], [ 34.138, -0.93858 ], [ 34.13799, -0.93848 ], [ 34.13798, -0.93844 ], [ 34.13797, -0.9384 ], [ 34.13796, -0.93837 ], [ 34.13794, -0.93834 ], [ 34.13791, -0.93827 ], [ 34.13787, -0.93821 ], [ 34.13779, -0.93808 ], [ 34.13776, -0.93802 ], [ 34.13772, -0.93796 ], [ 34.1377, -0.9379 ], [ 34.13765, -0.93779 ], [ 34.13763, -0.93775 ], [ 34.13762, -0.93772 ], [ 34.13762, -0.9377 ], [ 34.13762, -0.93768 ], [ 34.13762, -0.93766 ], [ 34.13762, -0.93763 ], [ 34.13762, -0.93761 ], [ 34.13763, -0.93758 ], [ 34.13764, -0.93755 ], [ 34.13765, -0.93753 ], [ 34.13767, -0.9375 ], [ 34.13768, -0.93747 ], [ 34.1377, -0.93745 ], [ 34.13772, -0.93742 ], [ 34.13776, -0.93739 ], [ 34.13779, -0.93737 ], [ 34.13788, -0.9373 ], [ 34.13793, -0.93728 ], [ 34.13804, -0.93722 ], [ 34.13808, -0.93719 ], [ 34.13811, -0.93717 ], [ 34.13812, -0.93715 ], [ 34.13814, -0.93714 ], [ 34.13815, -0.93712 ], [ 34.13817, -0.93709 ], [ 34.13818, -0.93706 ], [ 34.13819, -0.93703 ], [ 34.1382, -0.93695 ], [ 34.13822, -0.93691 ], [ 34.13823, -0.93687 ], [ 34.13826, -0.93682 ], [ 34.13834, -0.93667 ], [ 34.13836, -0.93662 ], [ 34.13839, -0.93657 ], [ 34.1384, -0.93652 ], [ 34.13844, -0.9364 ], [ 34.13845, -0.93633 ], [ 34.13847, -0.93627 ], [ 34.13847, -0.93622 ], [ 34.13848, -0.93617 ], [ 34.13847, -0.93612 ], [ 34.13846, -0.93608 ], [ 34.13845, -0.93606 ], [ 34.13844, -0.93604 ], [ 34.13842, -0.936 ], [ 34.1384, -0.93597 ], [ 34.13838, -0.93595 ], [ 34.13836, -0.93594 ], [ 34.13835, -0.93594 ], [ 34.13834, -0.93594 ], [ 34.13828, -0.93594 ], [ 34.13809, -0.93594 ], [ 34.13803, -0.93594 ], [ 34.13797, -0.93593 ], [ 34.13789, -0.93592 ], [ 34.13781, -0.93591 ], [ 34.13775, -0.93589 ], [ 34.13769, -0.93587 ], [ 34.13763, -0.93585 ], [ 34.13758, -0.93583 ], [ 34.13753, -0.93581 ], [ 34.13749, -0.93578 ], [ 34.13742, -0.93574 ], [ 34.13737, -0.9357 ], [ 34.13734, -0.93567 ], [ 34.13733, -0.93565 ], [ 34.13732, -0.93563 ], [ 34.1373, -0.93561 ], [ 34.13729, -0.93558 ], [ 34.13728, -0.93554 ], [ 34.13727, -0.9355 ], [ 34.13727, -0.93545 ], [ 34.13727, -0.93541 ], [ 34.13727, -0.93536 ], [ 34.13727, -0.93532 ], [ 34.13728, -0.93529 ], [ 34.13729, -0.93526 ], [ 34.1373, -0.93523 ], [ 34.13731, -0.9352 ], [ 34.13734, -0.93514 ], [ 34.13742, -0.935 ], [ 34.13749, -0.93488 ], [ 34.13755, -0.93477 ], [ 34.13762, -0.93467 ], [ 34.13769, -0.93457 ], [ 34.13773, -0.93452 ], [ 34.13785, -0.93439 ], [ 34.13788, -0.93436 ], [ 34.13791, -0.93432 ], [ 34.13795, -0.93425 ], [ 34.13799, -0.93419 ], [ 34.13801, -0.93413 ], [ 34.13803, -0.93408 ], [ 34.13803, -0.93403 ], [ 34.13804, -0.93397 ], [ 34.13804, -0.93391 ], [ 34.13804, -0.93384 ], [ 34.13803, -0.9338 ], [ 34.13801, -0.93375 ], [ 34.138, -0.93371 ], [ 34.13795, -0.93361 ], [ 34.13794, -0.93356 ], [ 34.13792, -0.93352 ], [ 34.13792, -0.93348 ], [ 34.13792, -0.93345 ], [ 34.13792, -0.93341 ], [ 34.13792, -0.93337 ], [ 34.13793, -0.93333 ], [ 34.13793, -0.93329 ], [ 34.13794, -0.93325 ], [ 34.13795, -0.93321 ], [ 34.13796, -0.93318 ], [ 34.13798, -0.93313 ], [ 34.13801, -0.93308 ], [ 34.13804, -0.93304 ], [ 34.13808, -0.93299 ], [ 34.13812, -0.93295 ], [ 34.13817, -0.9329 ], [ 34.13832, -0.93277 ], [ 34.13838, -0.93272 ], [ 34.13842, -0.93268 ], [ 34.13847, -0.93264 ], [ 34.13868, -0.93247 ], [ 34.13876, -0.9324 ], [ 34.13892, -0.93224 ], [ 34.13897, -0.9322 ], [ 34.13907, -0.93212 ], [ 34.13911, -0.93209 ], [ 34.13915, -0.93206 ], [ 34.13918, -0.93202 ], [ 34.13923, -0.93196 ], [ 34.13927, -0.93189 ], [ 34.1393, -0.93182 ], [ 34.13932, -0.93179 ], [ 34.13933, -0.93176 ], [ 34.13934, -0.93172 ], [ 34.13935, -0.93168 ], [ 34.13936, -0.93164 ], [ 34.13936, -0.9316 ], [ 34.13936, -0.93156 ], [ 34.13937, -0.93152 ], [ 34.13936, -0.93148 ], [ 34.13936, -0.93144 ], [ 34.13936, -0.9314 ], [ 34.13935, -0.93137 ], [ 34.13934, -0.93133 ], [ 34.13932, -0.93129 ], [ 34.13931, -0.93125 ], [ 34.13929, -0.93121 ], [ 34.13923, -0.93111 ], [ 34.13922, -0.93108 ], [ 34.1392, -0.93105 ], [ 34.1391, -0.93093 ], [ 34.13908, -0.93089 ], [ 34.13906, -0.93087 ], [ 34.13903, -0.93078 ], [ 34.139, -0.93072 ], [ 34.13899, -0.93069 ], [ 34.13899, -0.93066 ], [ 34.13898, -0.93064 ], [ 34.13898, -0.93061 ], [ 34.13898, -0.93058 ], [ 34.13899, -0.93055 ], [ 34.139, -0.93051 ], [ 34.13902, -0.93048 ], [ 34.13905, -0.93042 ], [ 34.13915, -0.93028 ], [ 34.13917, -0.93025 ], [ 34.13919, -0.93022 ], [ 34.13934, -0.92996 ], [ 34.13939, -0.92986 ], [ 34.13951, -0.92965 ], [ 34.13956, -0.92955 ], [ 34.1396, -0.92945 ], [ 34.13962, -0.92941 ], [ 34.13964, -0.92936 ], [ 34.13965, -0.9293 ], [ 34.13968, -0.92916 ], [ 34.1397, -0.9291 ], [ 34.13971, -0.92906 ], [ 34.13973, -0.92902 ], [ 34.1398, -0.92888 ], [ 34.13982, -0.92883 ], [ 34.13984, -0.92878 ], [ 34.13985, -0.92874 ], [ 34.13985, -0.92869 ], [ 34.13986, -0.92864 ], [ 34.13986, -0.92846 ], [ 34.13986, -0.9284 ], [ 34.13985, -0.92824 ], [ 34.13985, -0.92817 ], [ 34.13985, -0.92813 ], [ 34.13986, -0.9281 ], [ 34.13986, -0.92807 ], [ 34.13987, -0.92804 ], [ 34.13988, -0.928 ], [ 34.1399, -0.92797 ], [ 34.13996, -0.92785 ], [ 34.13999, -0.9278 ], [ 34.14, -0.92776 ], [ 34.14001, -0.92772 ], [ 34.14002, -0.92767 ], [ 34.14005, -0.92754 ], [ 34.14006, -0.92747 ], [ 34.14007, -0.92744 ], [ 34.14009, -0.92741 ], [ 34.14011, -0.92738 ], [ 34.14012, -0.92736 ], [ 34.14014, -0.92735 ], [ 34.14015, -0.92733 ], [ 34.14022, -0.92729 ], [ 34.14024, -0.92728 ], [ 34.14026, -0.92726 ], [ 34.14027, -0.92724 ], [ 34.14028, -0.92722 ], [ 34.14028, -0.9272 ], [ 34.14027, -0.92718 ], [ 34.14027, -0.92715 ], [ 34.14025, -0.92712 ], [ 34.14024, -0.92709 ], [ 34.14022, -0.92706 ], [ 34.1402, -0.92703 ], [ 34.14018, -0.92701 ], [ 34.14015, -0.92699 ], [ 34.14012, -0.92697 ], [ 34.14003, -0.92692 ], [ 34.14001, -0.9269 ], [ 34.13999, -0.92688 ], [ 34.13995, -0.92684 ], [ 34.13991, -0.92679 ], [ 34.13988, -0.92674 ], [ 34.13982, -0.92663 ], [ 34.13971, -0.92645 ], [ 34.13968, -0.9264 ], [ 34.13966, -0.92636 ], [ 34.13964, -0.92631 ], [ 34.13962, -0.92627 ], [ 34.13961, -0.92622 ], [ 34.1396, -0.92618 ], [ 34.1396, -0.92615 ], [ 34.1396, -0.92611 ], [ 34.1396, -0.926 ], [ 34.13961, -0.92589 ], [ 34.13962, -0.9258 ], [ 34.13963, -0.92572 ], [ 34.13965, -0.92564 ], [ 34.13966, -0.9256 ], [ 34.13968, -0.92555 ], [ 34.1397, -0.9255 ], [ 34.13976, -0.92536 ], [ 34.13978, -0.92531 ], [ 34.1398, -0.92527 ], [ 34.13981, -0.92523 ], [ 34.13982, -0.92519 ], [ 34.13983, -0.9251 ], [ 34.13984, -0.925 ], [ 34.13984, -0.9249 ], [ 34.13984, -0.9248 ], [ 34.13984, -0.9247 ], [ 34.13981, -0.92438 ], [ 34.1398, -0.92428 ], [ 34.1398, -0.92419 ], [ 34.1398, -0.92411 ], [ 34.13979, -0.92395 ], [ 34.13979, -0.92358 ], [ 34.13979, -0.92342 ], [ 34.1398, -0.92323 ], [ 34.13981, -0.92307 ], [ 34.13981, -0.923 ], [ 34.13984, -0.92287 ], [ 34.13984, -0.92281 ], [ 34.13985, -0.92275 ], [ 34.13985, -0.9227 ], [ 34.13984, -0.92258 ], [ 34.13983, -0.92253 ], [ 34.13983, -0.92249 ], [ 34.13982, -0.92245 ], [ 34.1398, -0.92242 ], [ 34.13979, -0.92239 ], [ 34.13977, -0.92236 ], [ 34.13974, -0.92231 ], [ 34.13971, -0.92227 ], [ 34.13966, -0.92223 ], [ 34.1396, -0.92219 ], [ 34.13957, -0.92216 ], [ 34.13948, -0.92211 ], [ 34.13944, -0.92209 ], [ 34.13935, -0.92202 ], [ 34.13931, -0.922 ], [ 34.13927, -0.92198 ], [ 34.13923, -0.92196 ], [ 34.13919, -0.92195 ], [ 34.13908, -0.92192 ], [ 34.13904, -0.92191 ], [ 34.13902, -0.9219 ], [ 34.13899, -0.92188 ], [ 34.13896, -0.92186 ], [ 34.13894, -0.92185 ], [ 34.13893, -0.92183 ], [ 34.13891, -0.92179 ], [ 34.13889, -0.92175 ], [ 34.13887, -0.92169 ], [ 34.13885, -0.92163 ], [ 34.13884, -0.92157 ], [ 34.13883, -0.92152 ], [ 34.13883, -0.92146 ], [ 34.13883, -0.9214 ], [ 34.13884, -0.92135 ], [ 34.13884, -0.92129 ], [ 34.13886, -0.92122 ], [ 34.13888, -0.92113 ], [ 34.13891, -0.92101 ], [ 34.13893, -0.92095 ], [ 34.13894, -0.92092 ], [ 34.13895, -0.92089 ], [ 34.13897, -0.92087 ], [ 34.13898, -0.92085 ], [ 34.13899, -0.92083 ], [ 34.13901, -0.92081 ], [ 34.13903, -0.9208 ], [ 34.13906, -0.92078 ], [ 34.1391, -0.92075 ], [ 34.1392, -0.9207 ], [ 34.13923, -0.92067 ], [ 34.13935, -0.92059 ], [ 34.13941, -0.92055 ], [ 34.13947, -0.92052 ], [ 34.13953, -0.92049 ], [ 34.13959, -0.92047 ], [ 34.1396, -0.92046 ], [ 34.13961, -0.92046 ], [ 34.13961, -0.92046 ], [ 34.13963, -0.92045 ], [ 34.13964, -0.92043 ], [ 34.13966, -0.92041 ], [ 34.13967, -0.92039 ], [ 34.1397, -0.92035 ], [ 34.13974, -0.92025 ], [ 34.13975, -0.92022 ], [ 34.13976, -0.92019 ], [ 34.13979, -0.9201 ], [ 34.1398, -0.92006 ], [ 34.13981, -0.92003 ], [ 34.13983, -0.92 ], [ 34.13985, -0.91997 ], [ 34.13987, -0.91994 ], [ 34.13989, -0.91991 ], [ 34.13992, -0.91989 ], [ 34.13994, -0.91987 ], [ 34.13996, -0.91985 ], [ 34.13998, -0.91984 ], [ 34.14001, -0.91982 ], [ 34.14004, -0.91981 ], [ 34.14008, -0.91981 ], [ 34.14012, -0.9198 ], [ 34.14019, -0.9198 ], [ 34.14022, -0.9198 ], [ 34.14025, -0.91981 ], [ 34.14033, -0.91982 ], [ 34.14041, -0.91984 ], [ 34.14051, -0.91987 ], [ 34.14055, -0.91988 ], [ 34.14059, -0.9199 ], [ 34.14072, -0.91997 ], [ 34.14077, -0.92 ], [ 34.14081, -0.92001 ], [ 34.14084, -0.92003 ], [ 34.14088, -0.92004 ], [ 34.14093, -0.92005 ], [ 34.14109, -0.92007 ], [ 34.14115, -0.92008 ], [ 34.14125, -0.9201 ], [ 34.14133, -0.92012 ], [ 34.14138, -0.92014 ], [ 34.14147, -0.92018 ], [ 34.14151, -0.92019 ], [ 34.14155, -0.9202 ], [ 34.14159, -0.92021 ], [ 34.14161, -0.9202 ], [ 34.14163, -0.9202 ], [ 34.14166, -0.9202 ], [ 34.14169, -0.92019 ], [ 34.14175, -0.92017 ], [ 34.14185, -0.92012 ], [ 34.14194, -0.92008 ], [ 34.14202, -0.92003 ], [ 34.14211, -0.91998 ], [ 34.1422, -0.91992 ], [ 34.14229, -0.91986 ], [ 34.14233, -0.91983 ], [ 34.14236, -0.9198 ], [ 34.14237, -0.91979 ], [ 34.14238, -0.91977 ], [ 34.14239, -0.91976 ], [ 34.14239, -0.91974 ], [ 34.14239, -0.91972 ], [ 34.14239, -0.9197 ], [ 34.14238, -0.91965 ], [ 34.14235, -0.91953 ], [ 34.14234, -0.9195 ], [ 34.14234, -0.91948 ], [ 34.14234, -0.91946 ], [ 34.14235, -0.91945 ], [ 34.14235, -0.91944 ], [ 34.14236, -0.91944 ], [ 34.14238, -0.91944 ], [ 34.14238, -0.91944 ], [ 34.1424, -0.91944 ], [ 34.14241, -0.91943 ], [ 34.14242, -0.91942 ], [ 34.14243, -0.91941 ], [ 34.14245, -0.91938 ], [ 34.14248, -0.9193 ], [ 34.14249, -0.91928 ], [ 34.14253, -0.9192 ], [ 34.14257, -0.91913 ], [ 34.1426, -0.91906 ], [ 34.14263, -0.91899 ], [ 34.14264, -0.91894 ], [ 34.14266, -0.91888 ], [ 34.14267, -0.91883 ], [ 34.14269, -0.91868 ], [ 34.1427, -0.91859 ], [ 34.14274, -0.91845 ], [ 34.14278, -0.91834 ], [ 34.14282, -0.91823 ], [ 34.14286, -0.91812 ], [ 34.14292, -0.91801 ], [ 34.14298, -0.9179 ], [ 34.14303, -0.91781 ], [ 34.1431, -0.91772 ], [ 34.14317, -0.91762 ], [ 34.14333, -0.91742 ], [ 34.14346, -0.91726 ], [ 34.14357, -0.91712 ], [ 34.14367, -0.91701 ], [ 34.14376, -0.9169 ], [ 34.14382, -0.91684 ], [ 34.144, -0.91665 ], [ 34.14417, -0.91646 ], [ 34.14424, -0.91639 ], [ 34.14442, -0.9162 ], [ 34.14451, -0.9161 ], [ 34.14458, -0.91602 ], [ 34.14474, -0.91582 ], [ 34.14481, -0.91573 ], [ 34.14486, -0.91567 ], [ 34.14492, -0.91561 ], [ 34.14519, -0.91533 ], [ 34.14524, -0.91527 ], [ 34.14529, -0.91521 ], [ 34.14536, -0.91513 ], [ 34.14543, -0.91504 ], [ 34.14566, -0.91472 ], [ 34.14575, -0.9146 ], [ 34.14583, -0.9145 ], [ 34.14603, -0.91424 ], [ 34.14613, -0.91411 ], [ 34.1462, -0.91401 ], [ 34.14635, -0.9138 ], [ 34.14642, -0.91371 ], [ 34.14648, -0.91362 ], [ 34.14661, -0.91348 ], [ 34.14666, -0.91341 ], [ 34.14671, -0.91335 ], [ 34.14675, -0.91329 ], [ 34.14679, -0.91323 ], [ 34.14682, -0.91316 ], [ 34.14686, -0.91308 ], [ 34.14695, -0.91286 ], [ 34.14698, -0.9128 ], [ 34.14701, -0.91274 ], [ 34.14704, -0.91269 ], [ 34.14707, -0.91265 ], [ 34.14718, -0.9125 ], [ 34.14721, -0.91244 ], [ 34.14725, -0.91238 ], [ 34.14728, -0.91233 ], [ 34.1473, -0.91228 ], [ 34.14733, -0.91221 ], [ 34.14739, -0.91205 ], [ 34.14742, -0.91195 ], [ 34.14748, -0.91172 ], [ 34.14749, -0.91167 ], [ 34.14751, -0.91162 ], [ 34.14755, -0.91151 ], [ 34.14761, -0.9114 ], [ 34.14766, -0.91128 ], [ 34.14773, -0.91117 ], [ 34.14777, -0.91112 ], [ 34.14777, -0.91112 ], [ 34.14777, -0.91111 ], [ 34.14777, -0.91111 ], [ 34.1478, -0.91107 ], [ 34.14787, -0.91096 ], [ 34.14795, -0.91086 ], [ 34.14803, -0.91076 ], [ 34.14809, -0.91071 ], [ 34.14814, -0.91065 ], [ 34.1482, -0.9106 ], [ 34.14826, -0.91054 ], [ 34.14832, -0.91049 ], [ 34.14839, -0.91043 ], [ 34.14846, -0.91038 ], [ 34.14853, -0.91032 ], [ 34.14861, -0.91027 ], [ 34.1487, -0.91022 ], [ 34.14879, -0.91016 ], [ 34.14888, -0.91011 ], [ 34.14901, -0.91004 ], [ 34.14906, -0.91002 ], [ 34.14912, -0.90998 ], [ 34.14918, -0.90993 ], [ 34.14924, -0.90987 ], [ 34.14932, -0.90979 ], [ 34.14936, -0.90975 ], [ 34.14941, -0.90969 ], [ 34.14954, -0.90953 ], [ 34.14967, -0.90935 ], [ 34.14971, -0.9093 ], [ 34.14975, -0.90924 ], [ 34.14977, -0.9092 ], [ 34.1498, -0.90915 ], [ 34.14988, -0.90897 ], [ 34.14992, -0.9089 ], [ 34.14998, -0.90878 ], [ 34.15001, -0.90872 ], [ 34.15005, -0.90867 ], [ 34.15008, -0.90862 ], [ 34.15013, -0.90858 ], [ 34.15017, -0.90853 ], [ 34.15023, -0.90848 ], [ 34.15029, -0.90844 ], [ 34.15033, -0.90841 ], [ 34.15037, -0.90838 ], [ 34.15042, -0.90836 ], [ 34.15046, -0.90833 ], [ 34.15051, -0.90831 ], [ 34.15057, -0.90829 ], [ 34.15062, -0.90827 ], [ 34.15067, -0.90825 ], [ 34.15074, -0.90824 ], [ 34.15082, -0.90822 ], [ 34.1509, -0.90821 ], [ 34.15105, -0.9082 ], [ 34.15114, -0.90819 ], [ 34.15125, -0.90819 ], [ 34.15136, -0.90818 ], [ 34.15149, -0.90818 ], [ 34.15156, -0.90819 ], [ 34.15158, -0.90818 ], [ 34.15159, -0.90818 ], [ 34.15161, -0.90817 ], [ 34.15162, -0.90816 ], [ 34.15166, -0.90813 ], [ 34.15168, -0.90811 ], [ 34.1517, -0.90808 ], [ 34.15171, -0.90805 ], [ 34.15174, -0.90799 ], [ 34.15176, -0.90794 ], [ 34.15178, -0.90789 ], [ 34.15179, -0.90783 ], [ 34.1518, -0.90777 ], [ 34.15181, -0.90767 ], [ 34.15182, -0.90744 ], [ 34.15183, -0.90734 ], [ 34.15186, -0.90706 ], [ 34.15187, -0.90686 ], [ 34.15188, -0.90669 ], [ 34.15189, -0.90653 ], [ 34.15189, -0.90649 ], [ 34.15189, -0.90645 ], [ 34.15186, -0.90626 ], [ 34.15185, -0.90622 ], [ 34.15185, -0.90618 ], [ 34.15185, -0.90614 ], [ 34.15186, -0.9061 ], [ 34.15187, -0.90607 ], [ 34.15188, -0.90604 ], [ 34.1519, -0.90601 ], [ 34.15193, -0.90597 ], [ 34.15196, -0.90594 ], [ 34.152, -0.9059 ], [ 34.15204, -0.90587 ], [ 34.15209, -0.90584 ], [ 34.15213, -0.90582 ], [ 34.15218, -0.9058 ], [ 34.15222, -0.90579 ], [ 34.15226, -0.90578 ], [ 34.15231, -0.90578 ], [ 34.15243, -0.90578 ], [ 34.15247, -0.90578 ], [ 34.1525, -0.90577 ], [ 34.15257, -0.90576 ], [ 34.15265, -0.90574 ], [ 34.15273, -0.90571 ], [ 34.15284, -0.90567 ], [ 34.15292, -0.90564 ], [ 34.1531, -0.90556 ], [ 34.15318, -0.90552 ], [ 34.15323, -0.90551 ], [ 34.15328, -0.90549 ], [ 34.15352, -0.90543 ], [ 34.15357, -0.90541 ], [ 34.15362, -0.9054 ], [ 34.15376, -0.90534 ], [ 34.15382, -0.90532 ], [ 34.15386, -0.9053 ], [ 34.15388, -0.90528 ], [ 34.15391, -0.90527 ], [ 34.15393, -0.90525 ], [ 34.15396, -0.90521 ], [ 34.154, -0.90516 ], [ 34.15403, -0.9051 ], [ 34.15407, -0.90503 ], [ 34.15408, -0.90499 ], [ 34.1541, -0.90494 ], [ 34.15414, -0.90479 ], [ 34.15416, -0.90472 ], [ 34.15421, -0.90457 ], [ 34.15424, -0.9045 ], [ 34.15426, -0.90446 ], [ 34.15428, -0.90443 ], [ 34.1543, -0.9044 ], [ 34.15432, -0.90437 ], [ 34.15434, -0.90434 ], [ 34.15438, -0.90431 ], [ 34.15449, -0.90422 ], [ 34.15453, -0.90419 ], [ 34.15457, -0.90415 ], [ 34.15466, -0.90405 ], [ 34.1547, -0.90401 ], [ 34.15472, -0.90399 ], [ 34.15474, -0.90397 ], [ 34.15476, -0.90396 ], [ 34.15479, -0.90395 ], [ 34.15483, -0.90393 ], [ 34.15488, -0.90391 ], [ 34.15493, -0.9039 ], [ 34.15499, -0.9039 ], [ 34.15504, -0.9039 ], [ 34.1551, -0.9039 ], [ 34.15515, -0.90391 ], [ 34.15519, -0.90392 ], [ 34.15522, -0.90393 ], [ 34.15524, -0.90394 ], [ 34.15527, -0.90395 ], [ 34.1553, -0.90397 ], [ 34.15536, -0.90401 ], [ 34.15544, -0.90408 ], [ 34.15547, -0.9041 ], [ 34.15549, -0.90412 ], [ 34.15561, -0.90425 ], [ 34.15564, -0.90427 ], [ 34.15566, -0.9043 ], [ 34.15571, -0.90433 ], [ 34.1558, -0.90439 ], [ 34.15584, -0.90442 ], [ 34.15587, -0.90444 ], [ 34.15596, -0.90453 ], [ 34.15599, -0.90455 ], [ 34.15602, -0.90456 ], [ 34.15605, -0.90458 ], [ 34.15613, -0.90461 ], [ 34.15617, -0.90462 ], [ 34.15619, -0.90463 ], [ 34.15624, -0.90467 ], [ 34.15627, -0.90468 ], [ 34.15629, -0.90469 ], [ 34.15632, -0.9047 ], [ 34.15635, -0.9047 ], [ 34.15637, -0.9047 ], [ 34.1564, -0.9047 ], [ 34.15642, -0.9047 ], [ 34.15645, -0.90469 ], [ 34.15647, -0.90468 ], [ 34.15648, -0.90468 ], [ 34.1565, -0.90467 ], [ 34.15651, -0.90465 ], [ 34.15653, -0.90463 ], [ 34.15655, -0.9046 ], [ 34.15659, -0.90452 ], [ 34.15661, -0.90448 ], [ 34.15664, -0.90444 ], [ 34.15671, -0.90433 ], [ 34.15673, -0.9043 ], [ 34.15675, -0.90427 ], [ 34.15679, -0.90424 ], [ 34.15682, -0.9042 ], [ 34.15686, -0.90417 ], [ 34.15691, -0.90414 ], [ 34.15695, -0.90411 ], [ 34.157, -0.90409 ], [ 34.15705, -0.90407 ], [ 34.1571, -0.90405 ], [ 34.15714, -0.90404 ], [ 34.15718, -0.90403 ], [ 34.15732, -0.904 ], [ 34.15736, -0.904 ], [ 34.15739, -0.904 ], [ 34.15755, -0.90401 ], [ 34.15759, -0.90401 ], [ 34.15762, -0.904 ], [ 34.15765, -0.904 ], [ 34.15768, -0.90399 ], [ 34.1577, -0.90397 ], [ 34.15772, -0.90396 ], [ 34.15774, -0.90393 ], [ 34.15776, -0.90388 ], [ 34.15778, -0.90386 ], [ 34.15777, -0.90386 ], [ 34.15785, -0.90377 ], [ 34.15791, -0.90366 ], [ 34.15801, -0.90358 ], [ 34.158, -0.90349 ], [ 34.15792, -0.90335 ], [ 34.15767, -0.90324 ], [ 34.15744, -0.90318 ], [ 34.15727, -0.9032 ], [ 34.15723, -0.90323 ], [ 34.15715, -0.9033 ], [ 34.15699, -0.90335 ], [ 34.15685, -0.90328 ], [ 34.15673, -0.90321 ], [ 34.15652, -0.90301 ], [ 34.15629, -0.90272 ], [ 34.15603, -0.90235 ], [ 34.15584, -0.90202 ], [ 34.15576, -0.90176 ], [ 34.15574, -0.9016 ], [ 34.15572, -0.90139 ], [ 34.15587, -0.90127 ], [ 34.15601, -0.90117 ], [ 34.15624, -0.90109 ], [ 34.15656, -0.90105 ], [ 34.15678, -0.90104 ], [ 34.15715, -0.90098 ], [ 34.15745, -0.90095 ], [ 34.15759, -0.90083 ], [ 34.15768, -0.90075 ], [ 34.15782, -0.90062 ], [ 34.15792, -0.90047 ], [ 34.15801, -0.90033 ], [ 34.15817, -0.90005 ], [ 34.1584, -0.89984 ], [ 34.15864, -0.89955 ], [ 34.15883, -0.89924 ], [ 34.15904, -0.89898 ], [ 34.1592, -0.89877 ], [ 34.15944, -0.89851 ], [ 34.15963, -0.8983 ], [ 34.15988, -0.89813 ], [ 34.16003, -0.89801 ], [ 34.16015, -0.89795 ], [ 34.1603, -0.89792 ], [ 34.16051, -0.89798 ], [ 34.16066, -0.89808 ], [ 34.16081, -0.89817 ], [ 34.16097, -0.89824 ], [ 34.1612, -0.89824 ], [ 34.16143, -0.89824 ], [ 34.16176, -0.89822 ], [ 34.1621, -0.89818 ], [ 34.16224, -0.89813 ], [ 34.16238, -0.89801 ], [ 34.16275, -0.89793 ], [ 34.16305, -0.89783 ], [ 34.16323, -0.89777 ], [ 34.16339, -0.8977 ], [ 34.16358, -0.89768 ], [ 34.1638, -0.89764 ], [ 34.16397, -0.89765 ], [ 34.16421, -0.89763 ], [ 34.16444, -0.89761 ], [ 34.16454, -0.89759 ], [ 34.16467, -0.89753 ], [ 34.16483, -0.89746 ], [ 34.16494, -0.89733 ], [ 34.16507, -0.89713 ], [ 34.16502, -0.89689 ], [ 34.16496, -0.89671 ], [ 34.16488, -0.89644 ], [ 34.1648, -0.89627 ], [ 34.1646, -0.8961 ], [ 34.16432, -0.89586 ], [ 34.16413, -0.89576 ], [ 34.16405, -0.8956 ], [ 34.16405, -0.89548 ], [ 34.16405, -0.89529 ], [ 34.16412, -0.89512 ], [ 34.16418, -0.89487 ], [ 34.16407, -0.89477 ], [ 34.16388, -0.89477 ], [ 34.16372, -0.89476 ], [ 34.16347, -0.89481 ], [ 34.16312, -0.89487 ], [ 34.16292, -0.89492 ], [ 34.1628, -0.8949 ], [ 34.16264, -0.89481 ], [ 34.16257, -0.89465 ], [ 34.16241, -0.89447 ], [ 34.16233, -0.89426 ], [ 34.16236, -0.89411 ], [ 34.16248, -0.89401 ], [ 34.16264, -0.89393 ], [ 34.16298, -0.89377 ], [ 34.16343, -0.89366 ], [ 34.16374, -0.89354 ], [ 34.16405, -0.89341 ], [ 34.16451, -0.8932 ], [ 34.1649, -0.89301 ], [ 34.16509, -0.89286 ], [ 34.16532, -0.89261 ], [ 34.16548, -0.89239 ], [ 34.16572, -0.89221 ], [ 34.16602, -0.89202 ], [ 34.16625, -0.89185 ], [ 34.16641, -0.89176 ], [ 34.16667, -0.89167 ], [ 34.16705, -0.89169 ], [ 34.16736, -0.89165 ], [ 34.16761, -0.89157 ], [ 34.16785, -0.89145 ], [ 34.16803, -0.89134 ], [ 34.16819, -0.89112 ], [ 34.16832, -0.891 ], [ 34.16838, -0.89083 ], [ 34.16851, -0.89071 ], [ 34.16861, -0.89065 ], [ 34.16871, -0.89053 ], [ 34.16872, -0.89054 ], [ 34.16884, -0.89044 ], [ 34.16884, -0.89043 ], [ 34.16886, -0.89042 ], [ 34.16889, -0.89042 ], [ 34.16891, -0.89041 ], [ 34.16894, -0.89041 ], [ 34.16901, -0.8904 ], [ 34.1691, -0.89041 ], [ 34.16914, -0.89041 ], [ 34.16918, -0.89042 ], [ 34.16931, -0.89045 ], [ 34.16936, -0.89046 ], [ 34.16948, -0.89048 ], [ 34.1696, -0.89049 ], [ 34.16974, -0.89051 ], [ 34.16989, -0.89052 ], [ 34.17002, -0.89052 ], [ 34.17015, -0.89052 ], [ 34.17028, -0.89052 ], [ 34.1704, -0.89052 ], [ 34.17054, -0.89051 ], [ 34.1706, -0.89051 ], [ 34.17066, -0.8905 ], [ 34.17072, -0.89049 ], [ 34.17077, -0.89047 ], [ 34.17084, -0.89045 ], [ 34.17089, -0.89042 ], [ 34.17103, -0.89036 ], [ 34.1711, -0.89033 ], [ 34.17124, -0.89027 ], [ 34.17129, -0.89025 ], [ 34.17134, -0.89023 ], [ 34.1714, -0.89022 ], [ 34.17143, -0.89021 ], [ 34.17147, -0.89021 ], [ 34.17155, -0.8902 ], [ 34.17164, -0.89021 ], [ 34.17174, -0.89022 ], [ 34.1718, -0.89023 ], [ 34.17187, -0.89024 ], [ 34.17195, -0.89027 ], [ 34.17209, -0.89031 ], [ 34.17221, -0.89035 ], [ 34.17226, -0.89037 ], [ 34.17232, -0.89039 ], [ 34.17236, -0.89041 ], [ 34.17241, -0.89044 ], [ 34.17247, -0.89047 ], [ 34.17252, -0.89051 ], [ 34.17259, -0.89057 ], [ 34.17266, -0.89063 ], [ 34.17273, -0.89069 ], [ 34.17278, -0.89075 ], [ 34.17282, -0.8908 ], [ 34.17286, -0.89086 ], [ 34.1729, -0.89091 ], [ 34.17293, -0.89096 ], [ 34.17296, -0.89101 ], [ 34.17298, -0.89107 ], [ 34.173, -0.89111 ], [ 34.17302, -0.89116 ], [ 34.17303, -0.89121 ], [ 34.17303, -0.89124 ], [ 34.17303, -0.89127 ], [ 34.17303, -0.8913 ], [ 34.17303, -0.89134 ], [ 34.17302, -0.8914 ], [ 34.17299, -0.89156 ], [ 34.17299, -0.89161 ], [ 34.17299, -0.89164 ], [ 34.17298, -0.89173 ], [ 34.17298, -0.89182 ], [ 34.17299, -0.89204 ], [ 34.17299, -0.8921 ], [ 34.17298, -0.89226 ], [ 34.17298, -0.89234 ], [ 34.17298, -0.89238 ], [ 34.17299, -0.89242 ], [ 34.173, -0.89245 ], [ 34.17301, -0.89249 ], [ 34.17303, -0.89252 ], [ 34.17305, -0.89256 ], [ 34.17308, -0.89259 ], [ 34.1731, -0.89262 ], [ 34.17312, -0.89265 ], [ 34.17314, -0.89267 ], [ 34.17317, -0.89269 ], [ 34.17319, -0.8927 ], [ 34.17321, -0.89271 ], [ 34.17324, -0.89272 ], [ 34.17329, -0.89274 ], [ 34.17331, -0.89274 ], [ 34.17334, -0.89274 ], [ 34.17336, -0.89275 ], [ 34.17338, -0.89274 ], [ 34.17341, -0.89274 ], [ 34.17343, -0.89273 ], [ 34.17346, -0.89271 ], [ 34.17349, -0.8927 ], [ 34.17352, -0.89267 ], [ 34.17355, -0.89265 ], [ 34.17358, -0.89262 ], [ 34.17361, -0.89258 ], [ 34.17363, -0.89255 ], [ 34.17365, -0.89252 ], [ 34.17367, -0.89248 ], [ 34.17369, -0.89244 ], [ 34.1737, -0.8924 ], [ 34.17371, -0.89236 ], [ 34.17374, -0.8922 ], [ 34.17375, -0.89215 ], [ 34.17376, -0.89208 ], [ 34.17378, -0.89194 ], [ 34.17379, -0.89188 ], [ 34.1738, -0.89183 ], [ 34.17382, -0.89178 ], [ 34.17383, -0.89175 ], [ 34.17385, -0.89172 ], [ 34.17387, -0.89169 ], [ 34.17389, -0.89165 ], [ 34.17394, -0.8916 ], [ 34.17406, -0.89147 ], [ 34.17411, -0.89141 ], [ 34.17416, -0.89135 ], [ 34.17429, -0.89118 ], [ 34.17436, -0.89109 ], [ 34.17441, -0.89103 ], [ 34.17447, -0.89097 ], [ 34.17454, -0.89091 ], [ 34.17468, -0.89078 ], [ 34.17474, -0.89072 ], [ 34.17481, -0.89066 ], [ 34.17486, -0.8906 ], [ 34.17492, -0.89053 ], [ 34.17498, -0.89045 ], [ 34.17517, -0.89019 ], [ 34.17523, -0.89011 ], [ 34.17529, -0.89003 ], [ 34.17543, -0.88986 ], [ 34.1755, -0.88978 ], [ 34.17556, -0.8897 ], [ 34.17561, -0.88962 ], [ 34.1757, -0.88948 ], [ 34.17574, -0.88941 ], [ 34.17576, -0.88938 ], [ 34.17577, -0.88934 ], [ 34.17578, -0.88931 ], [ 34.17579, -0.88928 ], [ 34.17579, -0.88924 ], [ 34.17578, -0.88914 ], [ 34.17579, -0.8891 ], [ 34.17579, -0.88906 ], [ 34.17583, -0.88897 ], [ 34.17583, -0.88895 ], [ 34.17583, -0.88892 ], [ 34.17583, -0.8889 ], [ 34.17582, -0.88887 ], [ 34.17582, -0.88884 ], [ 34.17581, -0.88882 ], [ 34.1758, -0.88879 ], [ 34.17578, -0.88877 ], [ 34.17577, -0.88874 ], [ 34.17575, -0.88872 ], [ 34.17574, -0.88871 ], [ 34.17572, -0.8887 ], [ 34.17564, -0.88866 ], [ 34.17561, -0.88864 ], [ 34.17559, -0.88862 ], [ 34.17553, -0.88856 ], [ 34.17552, -0.88855 ], [ 34.1755, -0.88854 ], [ 34.17547, -0.88852 ], [ 34.17544, -0.88851 ], [ 34.17541, -0.88849 ], [ 34.17537, -0.88848 ], [ 34.17535, -0.88848 ], [ 34.17532, -0.88847 ], [ 34.17529, -0.88847 ], [ 34.17526, -0.88847 ], [ 34.17522, -0.88847 ], [ 34.17519, -0.88848 ], [ 34.17516, -0.88848 ], [ 34.17513, -0.88849 ], [ 34.17507, -0.88851 ], [ 34.17504, -0.88852 ], [ 34.17502, -0.88853 ], [ 34.175, -0.88854 ], [ 34.17498, -0.88855 ], [ 34.17496, -0.88857 ], [ 34.17495, -0.88859 ], [ 34.17491, -0.88863 ], [ 34.17485, -0.88872 ], [ 34.1748, -0.88878 ], [ 34.17474, -0.88888 ], [ 34.17471, -0.88893 ], [ 34.17468, -0.88898 ], [ 34.17454, -0.88923 ], [ 34.17451, -0.88929 ], [ 34.17448, -0.88934 ], [ 34.17446, -0.88937 ], [ 34.17441, -0.88944 ], [ 34.17439, -0.88948 ], [ 34.17438, -0.88949 ], [ 34.17436, -0.88951 ], [ 34.17435, -0.88952 ], [ 34.17433, -0.88953 ], [ 34.17429, -0.88955 ], [ 34.17425, -0.88956 ], [ 34.17422, -0.88957 ], [ 34.1742, -0.88957 ], [ 34.17418, -0.88957 ], [ 34.17417, -0.88956 ], [ 34.17415, -0.88955 ], [ 34.17414, -0.88955 ], [ 34.17412, -0.88953 ], [ 34.17409, -0.8895 ], [ 34.17403, -0.88945 ], [ 34.17399, -0.8894 ], [ 34.17398, -0.88938 ], [ 34.17397, -0.88936 ], [ 34.17396, -0.88935 ], [ 34.17395, -0.88933 ], [ 34.17395, -0.88931 ], [ 34.17395, -0.88929 ], [ 34.17395, -0.88925 ], [ 34.17395, -0.88914 ], [ 34.17395, -0.88902 ], [ 34.17395, -0.88898 ], [ 34.17395, -0.88894 ], [ 34.17397, -0.88889 ], [ 34.17399, -0.88882 ], [ 34.17401, -0.88877 ], [ 34.17403, -0.88872 ], [ 34.17406, -0.88868 ], [ 34.17409, -0.88863 ], [ 34.17413, -0.88858 ], [ 34.17417, -0.88853 ], [ 34.17421, -0.88849 ], [ 34.17426, -0.88844 ], [ 34.17429, -0.88842 ], [ 34.17436, -0.88837 ], [ 34.17439, -0.88834 ], [ 34.17443, -0.8883 ], [ 34.17446, -0.88827 ], [ 34.17448, -0.88825 ], [ 34.17449, -0.88822 ], [ 34.1745, -0.88819 ], [ 34.17451, -0.88816 ], [ 34.17451, -0.88813 ], [ 34.17452, -0.88809 ], [ 34.17451, -0.88806 ], [ 34.17451, -0.88803 ], [ 34.1745, -0.888 ], [ 34.17449, -0.88796 ], [ 34.17448, -0.88794 ], [ 34.17446, -0.88792 ], [ 34.17441, -0.88784 ], [ 34.17439, -0.8878 ], [ 34.17432, -0.8877 ], [ 34.1743, -0.88767 ], [ 34.17428, -0.88764 ], [ 34.17424, -0.88756 ], [ 34.17422, -0.88752 ], [ 34.17422, -0.8875 ], [ 34.17421, -0.88748 ], [ 34.17421, -0.88746 ], [ 34.17421, -0.88745 ], [ 34.17421, -0.88743 ], [ 34.17422, -0.88742 ], [ 34.17423, -0.88738 ], [ 34.17425, -0.88735 ], [ 34.17431, -0.88728 ], [ 34.17434, -0.88723 ], [ 34.17437, -0.88719 ], [ 34.17446, -0.88708 ], [ 34.17453, -0.88699 ], [ 34.17455, -0.88696 ], [ 34.17458, -0.88693 ], [ 34.17461, -0.88691 ], [ 34.17464, -0.8869 ], [ 34.17467, -0.88688 ], [ 34.17471, -0.88687 ], [ 34.17476, -0.88686 ], [ 34.17481, -0.88685 ], [ 34.17487, -0.88685 ], [ 34.17492, -0.88685 ], [ 34.17504, -0.88685 ], [ 34.17509, -0.88685 ], [ 34.17533, -0.88685 ], [ 34.17548, -0.88685 ], [ 34.17553, -0.88685 ], [ 34.17556, -0.88684 ], [ 34.17559, -0.88683 ], [ 34.17562, -0.88682 ], [ 34.17566, -0.8868 ], [ 34.17569, -0.88678 ], [ 34.17574, -0.88675 ], [ 34.17579, -0.88672 ], [ 34.17583, -0.88667 ], [ 34.17593, -0.88657 ], [ 34.176, -0.8865 ], [ 34.17606, -0.88644 ], [ 34.1762, -0.88628 ], [ 34.17636, -0.8861 ], [ 34.17649, -0.88594 ], [ 34.17653, -0.8859 ], [ 34.17656, -0.88586 ], [ 34.17661, -0.88583 ], [ 34.17673, -0.88575 ], [ 34.17676, -0.88573 ], [ 34.17678, -0.88571 ], [ 34.1768, -0.88569 ], [ 34.17683, -0.88567 ], [ 34.1769, -0.88557 ], [ 34.17693, -0.88554 ], [ 34.17696, -0.88551 ], [ 34.17699, -0.88549 ], [ 34.17703, -0.88547 ], [ 34.17711, -0.88542 ], [ 34.17715, -0.88541 ], [ 34.17718, -0.88538 ], [ 34.17725, -0.88533 ], [ 34.17727, -0.88531 ], [ 34.1773, -0.88529 ], [ 34.17733, -0.88528 ], [ 34.17735, -0.88528 ], [ 34.17738, -0.88527 ], [ 34.17741, -0.88527 ], [ 34.17744, -0.88528 ], [ 34.17747, -0.88528 ], [ 34.17749, -0.88529 ], [ 34.17752, -0.8853 ], [ 34.17755, -0.88531 ], [ 34.17759, -0.88533 ], [ 34.17763, -0.88535 ], [ 34.17765, -0.88538 ], [ 34.17766, -0.88539 ], [ 34.17767, -0.8854 ], [ 34.17768, -0.88542 ], [ 34.17768, -0.88545 ], [ 34.17767, -0.88548 ], [ 34.17766, -0.88555 ], [ 34.17765, -0.88563 ], [ 34.17764, -0.88568 ], [ 34.17763, -0.88572 ], [ 34.17762, -0.88576 ], [ 34.17759, -0.8858 ], [ 34.17756, -0.88584 ], [ 34.17752, -0.88588 ], [ 34.17748, -0.88592 ], [ 34.17745, -0.88594 ], [ 34.17736, -0.88598 ], [ 34.17733, -0.886 ], [ 34.17725, -0.88606 ], [ 34.17722, -0.88608 ], [ 34.1772, -0.88611 ], [ 34.17717, -0.88613 ], [ 34.17715, -0.88616 ], [ 34.17714, -0.88618 ], [ 34.17712, -0.88621 ], [ 34.17712, -0.88623 ], [ 34.17711, -0.88625 ], [ 34.1771, -0.88629 ], [ 34.1771, -0.88635 ], [ 34.1771, -0.88644 ], [ 34.1771, -0.88652 ], [ 34.17711, -0.88655 ], [ 34.17711, -0.88658 ], [ 34.17713, -0.88661 ], [ 34.17714, -0.88665 ], [ 34.17717, -0.88669 ], [ 34.17721, -0.88674 ], [ 34.17726, -0.88681 ], [ 34.17729, -0.88685 ], [ 34.17733, -0.88688 ], [ 34.17736, -0.8869 ], [ 34.17739, -0.88692 ], [ 34.17743, -0.88694 ], [ 34.17746, -0.88695 ], [ 34.1775, -0.88696 ], [ 34.17755, -0.88697 ], [ 34.17759, -0.88697 ], [ 34.17763, -0.88697 ], [ 34.17767, -0.88697 ], [ 34.1777, -0.88696 ], [ 34.17773, -0.88695 ], [ 34.17775, -0.88694 ], [ 34.17778, -0.88693 ], [ 34.17784, -0.88689 ], [ 34.17793, -0.88683 ], [ 34.17796, -0.88681 ], [ 34.17798, -0.88679 ], [ 34.17807, -0.88671 ], [ 34.1781, -0.88668 ], [ 34.17813, -0.88665 ], [ 34.17815, -0.88664 ], [ 34.17821, -0.8866 ], [ 34.17827, -0.88658 ], [ 34.17831, -0.88656 ], [ 34.17836, -0.88655 ], [ 34.17839, -0.88655 ], [ 34.17842, -0.88654 ], [ 34.17845, -0.88655 ], [ 34.17849, -0.88655 ], [ 34.17852, -0.88656 ], [ 34.17856, -0.88656 ], [ 34.17866, -0.88659 ], [ 34.17874, -0.88662 ], [ 34.17881, -0.88664 ], [ 34.17887, -0.88667 ], [ 34.17893, -0.8867 ], [ 34.17897, -0.88674 ], [ 34.17902, -0.88678 ], [ 34.17905, -0.88681 ], [ 34.17908, -0.88685 ], [ 34.17911, -0.88689 ], [ 34.17913, -0.88693 ], [ 34.17915, -0.88697 ], [ 34.17916, -0.88702 ], [ 34.17918, -0.88707 ], [ 34.17918, -0.88714 ], [ 34.17919, -0.8872 ], [ 34.17918, -0.88728 ], [ 34.17918, -0.88735 ], [ 34.17917, -0.8874 ], [ 34.17916, -0.88746 ], [ 34.17914, -0.88751 ], [ 34.17912, -0.88755 ], [ 34.17909, -0.88759 ], [ 34.17906, -0.88764 ], [ 34.17902, -0.88768 ], [ 34.179, -0.8877 ], [ 34.17896, -0.88773 ], [ 34.17893, -0.88776 ], [ 34.17888, -0.8878 ], [ 34.17876, -0.88787 ], [ 34.1787, -0.88791 ], [ 34.17856, -0.88803 ], [ 34.17841, -0.88813 ], [ 34.17835, -0.88817 ], [ 34.17827, -0.88823 ], [ 34.17824, -0.88825 ], [ 34.17822, -0.88828 ], [ 34.17821, -0.88829 ], [ 34.1782, -0.88831 ], [ 34.17819, -0.88832 ], [ 34.17819, -0.88834 ], [ 34.17818, -0.88839 ], [ 34.17819, -0.88843 ], [ 34.17819, -0.88845 ], [ 34.17819, -0.88847 ], [ 34.1782, -0.88848 ], [ 34.17821, -0.8885 ], [ 34.17826, -0.88856 ], [ 34.1783, -0.88861 ], [ 34.17834, -0.88865 ], [ 34.17837, -0.88868 ], [ 34.1784, -0.8887 ], [ 34.17844, -0.88872 ], [ 34.17848, -0.88873 ], [ 34.17853, -0.88874 ], [ 34.1786, -0.88875 ], [ 34.17865, -0.88876 ], [ 34.17878, -0.88876 ], [ 34.1789, -0.88877 ], [ 34.179, -0.88878 ], [ 34.17913, -0.88879 ], [ 34.17934, -0.88883 ], [ 34.17957, -0.88887 ], [ 34.17963, -0.88888 ], [ 34.17968, -0.8889 ], [ 34.17974, -0.88892 ], [ 34.1798, -0.88894 ], [ 34.17987, -0.88896 ], [ 34.17993, -0.88899 ], [ 34.17997, -0.88902 ], [ 34.18008, -0.88908 ], [ 34.18013, -0.88911 ], [ 34.18016, -0.88912 ], [ 34.1802, -0.88912 ], [ 34.18024, -0.88913 ], [ 34.18035, -0.88913 ], [ 34.18038, -0.88913 ], [ 34.1804, -0.88914 ], [ 34.18043, -0.88914 ], [ 34.18045, -0.88915 ], [ 34.18046, -0.88917 ], [ 34.18047, -0.88918 ], [ 34.18048, -0.8892 ], [ 34.18049, -0.88922 ], [ 34.1805, -0.88929 ], [ 34.1805, -0.88932 ], [ 34.18051, -0.88935 ], [ 34.18052, -0.88938 ], [ 34.18054, -0.8894 ], [ 34.18056, -0.88943 ], [ 34.18058, -0.88945 ], [ 34.1806, -0.88948 ], [ 34.18063, -0.8895 ], [ 34.18066, -0.88952 ], [ 34.18072, -0.88956 ], [ 34.18078, -0.88959 ], [ 34.18085, -0.88963 ], [ 34.18102, -0.8897 ], [ 34.1811, -0.88975 ], [ 34.18114, -0.88977 ], [ 34.18117, -0.88979 ], [ 34.18121, -0.88981 ], [ 34.18124, -0.88984 ], [ 34.18132, -0.88991 ], [ 34.18139, -0.88997 ], [ 34.18145, -0.89003 ], [ 34.18151, -0.89008 ], [ 34.18157, -0.89015 ], [ 34.18169, -0.8903 ], [ 34.18175, -0.89037 ], [ 34.1818, -0.89042 ], [ 34.18185, -0.89047 ], [ 34.18209, -0.89068 ], [ 34.18214, -0.89073 ], [ 34.18219, -0.89077 ], [ 34.18233, -0.89093 ], [ 34.18249, -0.8911 ], [ 34.18254, -0.89117 ], [ 34.18265, -0.89131 ], [ 34.18269, -0.89136 ], [ 34.18274, -0.89142 ], [ 34.18278, -0.89147 ], [ 34.18283, -0.89151 ], [ 34.18296, -0.89161 ], [ 34.18302, -0.89166 ], [ 34.18304, -0.89169 ], [ 34.18308, -0.89172 ], [ 34.18321, -0.89188 ], [ 34.18325, -0.89192 ], [ 34.18328, -0.89195 ], [ 34.18334, -0.892 ], [ 34.1834, -0.89206 ], [ 34.18348, -0.89212 ], [ 34.1836, -0.89221 ], [ 34.18367, -0.89226 ], [ 34.18384, -0.89238 ], [ 34.18389, -0.89241 ], [ 34.18393, -0.89245 ], [ 34.18397, -0.89248 ], [ 34.18407, -0.89257 ], [ 34.18411, -0.89261 ], [ 34.18421, -0.8927 ], [ 34.18425, -0.89273 ], [ 34.18429, -0.89276 ], [ 34.18431, -0.89277 ], [ 34.18433, -0.89278 ], [ 34.18435, -0.89278 ], [ 34.18437, -0.89279 ], [ 34.18439, -0.89279 ], [ 34.18442, -0.89279 ], [ 34.18447, -0.89279 ], [ 34.18456, -0.89278 ], [ 34.1846, -0.89278 ], [ 34.18464, -0.89277 ], [ 34.18468, -0.89278 ], [ 34.18472, -0.89279 ], [ 34.18476, -0.8928 ], [ 34.1848, -0.89281 ], [ 34.18485, -0.89283 ], [ 34.18492, -0.89287 ], [ 34.18508, -0.89296 ], [ 34.18515, -0.89299 ], [ 34.18526, -0.89305 ], [ 34.18538, -0.89311 ], [ 34.18572, -0.89329 ], [ 34.18601, -0.89344 ], [ 34.18619, -0.89354 ], [ 34.1863, -0.89361 ], [ 34.18654, -0.89377 ], [ 34.18665, -0.89384 ], [ 34.18682, -0.89394 ], [ 34.18693, -0.89401 ], [ 34.18704, -0.89407 ], [ 34.18714, -0.89412 ], [ 34.18731, -0.8942 ], [ 34.18738, -0.89424 ], [ 34.18742, -0.89425 ], [ 34.18746, -0.89427 ], [ 34.18749, -0.89428 ], [ 34.18752, -0.89429 ], [ 34.18757, -0.89429 ], [ 34.18761, -0.8943 ], [ 34.18766, -0.8943 ], [ 34.18771, -0.8943 ], [ 34.18776, -0.8943 ], [ 34.18782, -0.8943 ], [ 34.18795, -0.89429 ], [ 34.18803, -0.89428 ], [ 34.18811, -0.89426 ], [ 34.18818, -0.89425 ], [ 34.18825, -0.89423 ], [ 34.18831, -0.89421 ], [ 34.18837, -0.89419 ], [ 34.18843, -0.89416 ], [ 34.18848, -0.89414 ], [ 34.18853, -0.8941 ], [ 34.18859, -0.89406 ], [ 34.18865, -0.89401 ], [ 34.18876, -0.89391 ], [ 34.18882, -0.89386 ], [ 34.1889, -0.89381 ], [ 34.18905, -0.8937 ], [ 34.18912, -0.89365 ], [ 34.18919, -0.89359 ], [ 34.18924, -0.89354 ], [ 34.18928, -0.8935 ], [ 34.18932, -0.89346 ], [ 34.18937, -0.89341 ], [ 34.18941, -0.89335 ], [ 34.18949, -0.89323 ], [ 34.18961, -0.89305 ], [ 34.18963, -0.89301 ], [ 34.18969, -0.8929 ], [ 34.18971, -0.89287 ], [ 34.18973, -0.89284 ], [ 34.18977, -0.8928 ], [ 34.18982, -0.89275 ], [ 34.18987, -0.89271 ], [ 34.19002, -0.89259 ], [ 34.19006, -0.89256 ], [ 34.1901, -0.89252 ], [ 34.19013, -0.89248 ], [ 34.19017, -0.89243 ], [ 34.19021, -0.89238 ], [ 34.19025, -0.89233 ], [ 34.19033, -0.89221 ], [ 34.19043, -0.89205 ], [ 34.19048, -0.89196 ], [ 34.19053, -0.89186 ], [ 34.19059, -0.89175 ], [ 34.19066, -0.8916 ], [ 34.19074, -0.89145 ], [ 34.19081, -0.89128 ], [ 34.19086, -0.89119 ], [ 34.1909, -0.89108 ], [ 34.19095, -0.89094 ], [ 34.19099, -0.89084 ], [ 34.19104, -0.89072 ], [ 34.19109, -0.89058 ], [ 34.1912, -0.89033 ], [ 34.19124, -0.89022 ], [ 34.19127, -0.89014 ], [ 34.1913, -0.89006 ], [ 34.19135, -0.88986 ], [ 34.19142, -0.88965 ], [ 34.19144, -0.88956 ], [ 34.19145, -0.88951 ], [ 34.19146, -0.88946 ], [ 34.19146, -0.88942 ], [ 34.19146, -0.88938 ], [ 34.19146, -0.88934 ], [ 34.19146, -0.88929 ], [ 34.19144, -0.88914 ], [ 34.19141, -0.88888 ], [ 34.19138, -0.88858 ], [ 34.19136, -0.88847 ], [ 34.19136, -0.8884 ], [ 34.19136, -0.88834 ], [ 34.19136, -0.88829 ], [ 34.19136, -0.88823 ], [ 34.19137, -0.88814 ], [ 34.19139, -0.88805 ], [ 34.1914, -0.88797 ], [ 34.19142, -0.88788 ], [ 34.19144, -0.88783 ], [ 34.19146, -0.88777 ], [ 34.19154, -0.88758 ], [ 34.19157, -0.8875 ], [ 34.19163, -0.88733 ], [ 34.19169, -0.88715 ], [ 34.19174, -0.88697 ], [ 34.19179, -0.88678 ], [ 34.19181, -0.88668 ], [ 34.19183, -0.88658 ], [ 34.19189, -0.88624 ], [ 34.19191, -0.88613 ], [ 34.19193, -0.88602 ], [ 34.19195, -0.88593 ], [ 34.19198, -0.88584 ], [ 34.19205, -0.88564 ], [ 34.19207, -0.88557 ], [ 34.19208, -0.88552 ], [ 34.19209, -0.88546 ], [ 34.1921, -0.88539 ], [ 34.19211, -0.88531 ], [ 34.19211, -0.88519 ], [ 34.19211, -0.88512 ], [ 34.19211, -0.88504 ], [ 34.1921, -0.88473 ], [ 34.1921, -0.88466 ], [ 34.1921, -0.88459 ], [ 34.19211, -0.88444 ], [ 34.19212, -0.88428 ], [ 34.19214, -0.88413 ], [ 34.19218, -0.88371 ], [ 34.19221, -0.88333 ], [ 34.19223, -0.88323 ], [ 34.19224, -0.88313 ], [ 34.19226, -0.88302 ], [ 34.19229, -0.88289 ], [ 34.19233, -0.88277 ], [ 34.19236, -0.88265 ], [ 34.19241, -0.88253 ], [ 34.19245, -0.8824 ], [ 34.1925, -0.88227 ], [ 34.19256, -0.88215 ], [ 34.1926, -0.88206 ], [ 34.19271, -0.88186 ], [ 34.19275, -0.88178 ], [ 34.19279, -0.88168 ], [ 34.19283, -0.88157 ], [ 34.19286, -0.88146 ], [ 34.19293, -0.88121 ], [ 34.19297, -0.88109 ], [ 34.19301, -0.88099 ], [ 34.1931, -0.88073 ], [ 34.19315, -0.88058 ], [ 34.19321, -0.88037 ], [ 34.19326, -0.88016 ], [ 34.19329, -0.88007 ], [ 34.19331, -0.87997 ], [ 34.19332, -0.87988 ], [ 34.19334, -0.87978 ], [ 34.19335, -0.87967 ], [ 34.19337, -0.87955 ], [ 34.19338, -0.87944 ], [ 34.19339, -0.87932 ], [ 34.19339, -0.87928 ], [ 34.19341, -0.87919 ], [ 34.19341, -0.87915 ], [ 34.19341, -0.87913 ], [ 34.19341, -0.87911 ], [ 34.1934, -0.87909 ], [ 34.1934, -0.87907 ], [ 34.19344, -0.87908 ], [ 34.19337, -0.87902 ], [ 34.19336, -0.879 ], [ 34.19333, -0.87897 ], [ 34.19326, -0.8789 ], [ 34.19323, -0.87886 ], [ 34.19317, -0.87878 ], [ 34.19314, -0.87875 ], [ 34.19312, -0.87873 ], [ 34.1931, -0.87872 ], [ 34.19309, -0.87871 ], [ 34.19307, -0.87871 ], [ 34.19305, -0.87871 ], [ 34.19304, -0.87871 ], [ 34.19302, -0.87871 ], [ 34.193, -0.87872 ], [ 34.19295, -0.87875 ], [ 34.19288, -0.8788 ], [ 34.19284, -0.87883 ], [ 34.19279, -0.87887 ], [ 34.19275, -0.87891 ], [ 34.19271, -0.87896 ], [ 34.19268, -0.87902 ], [ 34.19264, -0.87908 ], [ 34.1926, -0.87915 ], [ 34.19256, -0.87923 ], [ 34.19254, -0.87927 ], [ 34.19253, -0.87931 ], [ 34.1925, -0.8794 ], [ 34.19248, -0.8795 ], [ 34.19244, -0.87967 ], [ 34.19243, -0.87975 ], [ 34.1924, -0.87994 ], [ 34.19238, -0.88002 ], [ 34.19234, -0.88024 ], [ 34.19232, -0.88034 ], [ 34.19231, -0.88038 ], [ 34.19229, -0.88043 ], [ 34.19227, -0.88047 ], [ 34.19225, -0.8805 ], [ 34.1922, -0.88059 ], [ 34.19218, -0.88062 ], [ 34.19216, -0.88064 ], [ 34.19215, -0.88065 ], [ 34.19214, -0.88066 ], [ 34.19212, -0.88066 ], [ 34.1921, -0.88066 ], [ 34.19206, -0.88066 ], [ 34.19204, -0.88065 ], [ 34.19201, -0.88064 ], [ 34.192, -0.88063 ], [ 34.19199, -0.88062 ], [ 34.19198, -0.8806 ], [ 34.19198, -0.88058 ], [ 34.19197, -0.88053 ], [ 34.19197, -0.88041 ], [ 34.19197, -0.88035 ], [ 34.19197, -0.88028 ], [ 34.19198, -0.88021 ], [ 34.192, -0.88004 ], [ 34.19201, -0.87997 ], [ 34.19204, -0.87978 ], [ 34.19205, -0.87968 ], [ 34.19206, -0.87959 ], [ 34.19206, -0.87948 ], [ 34.19206, -0.87937 ], [ 34.19205, -0.87925 ], [ 34.19204, -0.87913 ], [ 34.19203, -0.879 ], [ 34.19201, -0.87887 ], [ 34.19198, -0.87873 ], [ 34.19197, -0.87866 ], [ 34.19193, -0.8785 ], [ 34.19191, -0.87842 ], [ 34.1919, -0.87836 ], [ 34.1919, -0.87829 ], [ 34.19189, -0.8781 ], [ 34.19189, -0.87805 ], [ 34.19188, -0.87794 ], [ 34.19188, -0.87789 ], [ 34.19188, -0.87786 ], [ 34.19188, -0.87783 ], [ 34.19189, -0.8778 ], [ 34.19189, -0.87778 ], [ 34.1919, -0.87775 ], [ 34.19192, -0.87772 ], [ 34.19199, -0.87762 ], [ 34.19201, -0.87758 ], [ 34.19205, -0.87751 ], [ 34.19208, -0.87743 ], [ 34.19219, -0.87715 ], [ 34.19222, -0.87708 ], [ 34.19229, -0.87688 ], [ 34.19232, -0.87682 ], [ 34.19234, -0.87676 ], [ 34.19236, -0.87672 ], [ 34.19239, -0.87667 ], [ 34.1925, -0.87649 ], [ 34.19255, -0.87641 ], [ 34.1926, -0.87632 ], [ 34.19264, -0.87621 ], [ 34.19268, -0.87611 ], [ 34.19279, -0.87584 ], [ 34.19287, -0.87565 ], [ 34.19289, -0.87559 ], [ 34.19291, -0.87554 ], [ 34.19293, -0.87546 ], [ 34.19295, -0.8754 ], [ 34.19296, -0.87534 ], [ 34.19296, -0.87528 ], [ 34.19296, -0.87523 ], [ 34.19296, -0.87518 ], [ 34.19296, -0.87514 ], [ 34.19295, -0.87509 ], [ 34.19293, -0.87505 ], [ 34.19289, -0.87496 ], [ 34.19287, -0.87492 ], [ 34.19285, -0.87485 ], [ 34.19284, -0.87478 ], [ 34.19283, -0.87471 ], [ 34.19282, -0.87458 ], [ 34.19282, -0.87451 ], [ 34.19281, -0.87445 ], [ 34.19281, -0.87425 ], [ 34.19281, -0.87406 ], [ 34.19282, -0.87374 ], [ 34.19283, -0.87316 ], [ 34.19284, -0.87297 ], [ 34.19285, -0.87281 ], [ 34.19287, -0.87252 ], [ 34.19289, -0.87228 ], [ 34.19291, -0.87207 ], [ 34.19294, -0.87187 ], [ 34.19296, -0.87168 ], [ 34.193, -0.8715 ], [ 34.19303, -0.87133 ], [ 34.19307, -0.87116 ], [ 34.1931, -0.87105 ], [ 34.19318, -0.8708 ], [ 34.19321, -0.87069 ], [ 34.19322, -0.87062 ], [ 34.19323, -0.87055 ], [ 34.19326, -0.8703 ], [ 34.19328, -0.87021 ], [ 34.19329, -0.87012 ], [ 34.19331, -0.87008 ], [ 34.19332, -0.87004 ], [ 34.19335, -0.86997 ], [ 34.19341, -0.86982 ], [ 34.19344, -0.86976 ], [ 34.19346, -0.86967 ], [ 34.19349, -0.86957 ], [ 34.19351, -0.86946 ], [ 34.19353, -0.86931 ], [ 34.19354, -0.86922 ], [ 34.19355, -0.86913 ], [ 34.19356, -0.86883 ], [ 34.19356, -0.8686 ], [ 34.19357, -0.86829 ], [ 34.19358, -0.8681 ], [ 34.19357, -0.86805 ], [ 34.19357, -0.868 ], [ 34.19356, -0.86797 ], [ 34.19355, -0.86794 ], [ 34.19354, -0.86791 ], [ 34.19352, -0.86788 ], [ 34.19349, -0.86781 ], [ 34.19341, -0.86768 ], [ 34.19335, -0.86759 ], [ 34.19331, -0.86752 ], [ 34.19327, -0.86747 ], [ 34.19322, -0.86742 ], [ 34.19317, -0.86737 ], [ 34.1931, -0.86729 ], [ 34.19299, -0.86719 ], [ 34.19293, -0.86713 ], [ 34.19289, -0.86711 ], [ 34.19286, -0.86708 ], [ 34.19283, -0.86706 ], [ 34.1928, -0.86705 ], [ 34.19276, -0.86703 ], [ 34.19271, -0.86701 ], [ 34.19266, -0.86699 ], [ 34.19254, -0.86696 ], [ 34.19249, -0.86695 ], [ 34.19236, -0.8669 ], [ 34.19222, -0.86685 ], [ 34.19205, -0.86678 ], [ 34.19199, -0.86676 ], [ 34.19192, -0.86673 ], [ 34.19186, -0.8667 ], [ 34.19177, -0.86664 ], [ 34.1917, -0.86659 ], [ 34.19167, -0.86656 ], [ 34.19164, -0.86654 ], [ 34.19161, -0.86651 ], [ 34.19159, -0.86649 ], [ 34.19156, -0.86644 ], [ 34.19153, -0.8664 ], [ 34.19151, -0.86636 ], [ 34.19149, -0.86632 ], [ 34.19148, -0.86628 ], [ 34.19147, -0.86623 ], [ 34.19147, -0.86619 ], [ 34.19147, -0.86609 ], [ 34.19146, -0.86604 ], [ 34.19145, -0.86595 ], [ 34.19142, -0.86577 ], [ 34.1914, -0.86569 ], [ 34.19139, -0.8656 ], [ 34.19138, -0.86551 ], [ 34.19138, -0.86541 ], [ 34.19137, -0.86531 ], [ 34.19137, -0.8652 ], [ 34.19137, -0.86509 ], [ 34.19137, -0.86484 ], [ 34.19138, -0.86468 ], [ 34.19138, -0.86461 ], [ 34.19138, -0.86454 ], [ 34.19139, -0.86447 ], [ 34.19141, -0.86441 ], [ 34.19142, -0.86434 ], [ 34.1915, -0.86409 ], [ 34.19151, -0.86405 ], [ 34.19153, -0.86394 ], [ 34.19154, -0.8639 ], [ 34.19155, -0.86388 ], [ 34.19156, -0.86386 ], [ 34.19157, -0.86385 ], [ 34.19158, -0.86383 ], [ 34.1916, -0.86382 ], [ 34.19162, -0.86381 ], [ 34.19164, -0.86381 ], [ 34.19167, -0.8638 ], [ 34.19172, -0.8638 ], [ 34.19186, -0.8638 ], [ 34.19198, -0.86379 ], [ 34.19202, -0.86379 ], [ 34.19204, -0.8638 ], [ 34.19207, -0.8638 ], [ 34.19208, -0.86381 ], [ 34.1921, -0.86381 ], [ 34.19212, -0.86383 ], [ 34.19215, -0.86385 ], [ 34.19217, -0.86388 ], [ 34.1922, -0.86391 ], [ 34.19221, -0.86393 ], [ 34.19222, -0.86395 ], [ 34.19225, -0.86402 ], [ 34.19226, -0.86405 ], [ 34.19227, -0.86407 ], [ 34.19228, -0.86408 ], [ 34.1923, -0.8641 ], [ 34.19232, -0.86411 ], [ 34.19234, -0.86413 ], [ 34.19236, -0.86414 ], [ 34.19238, -0.86415 ], [ 34.1924, -0.86415 ], [ 34.19242, -0.86415 ], [ 34.19243, -0.86415 ], [ 34.19244, -0.86415 ], [ 34.19245, -0.86414 ], [ 34.19246, -0.86412 ], [ 34.19247, -0.86411 ], [ 34.19248, -0.86406 ], [ 34.19251, -0.86396 ], [ 34.19252, -0.86392 ], [ 34.19253, -0.86387 ], [ 34.19254, -0.86381 ], [ 34.19255, -0.86376 ], [ 34.19255, -0.86371 ], [ 34.19255, -0.86365 ], [ 34.19255, -0.8636 ], [ 34.19254, -0.86354 ], [ 34.19253, -0.86348 ], [ 34.19251, -0.86342 ], [ 34.19249, -0.86335 ], [ 34.19245, -0.86322 ], [ 34.1924, -0.86307 ], [ 34.19234, -0.86294 ], [ 34.19229, -0.86282 ], [ 34.19226, -0.86276 ], [ 34.19223, -0.86271 ], [ 34.1922, -0.86265 ], [ 34.19215, -0.86258 ], [ 34.192, -0.86238 ], [ 34.19194, -0.8623 ], [ 34.19181, -0.86209 ], [ 34.19176, -0.86202 ], [ 34.19168, -0.8619 ], [ 34.19161, -0.8618 ], [ 34.19154, -0.86172 ], [ 34.19147, -0.86164 ], [ 34.19143, -0.8616 ], [ 34.19139, -0.86155 ], [ 34.1912, -0.86138 ], [ 34.19112, -0.8613 ], [ 34.19106, -0.86123 ], [ 34.191, -0.86116 ], [ 34.19078, -0.8609 ], [ 34.19055, -0.86061 ], [ 34.19047, -0.86053 ], [ 34.19028, -0.86033 ], [ 34.19023, -0.86027 ], [ 34.19019, -0.86021 ], [ 34.19012, -0.86013 ], [ 34.19005, -0.86003 ], [ 34.18998, -0.85992 ], [ 34.1899, -0.85978 ], [ 34.18981, -0.85964 ], [ 34.18972, -0.85947 ], [ 34.18967, -0.85938 ], [ 34.18955, -0.85915 ], [ 34.1895, -0.85905 ], [ 34.18943, -0.85893 ], [ 34.18938, -0.85885 ], [ 34.18934, -0.85878 ], [ 34.1893, -0.85873 ], [ 34.18924, -0.85865 ], [ 34.18917, -0.85858 ], [ 34.18909, -0.8585 ], [ 34.18894, -0.85837 ], [ 34.18887, -0.8583 ], [ 34.18879, -0.85823 ], [ 34.18859, -0.85807 ], [ 34.18849, -0.85799 ], [ 34.18826, -0.85781 ], [ 34.18815, -0.85773 ], [ 34.18808, -0.85767 ], [ 34.18791, -0.85751 ], [ 34.18787, -0.85747 ], [ 34.18782, -0.85743 ], [ 34.18772, -0.85736 ], [ 34.18762, -0.85729 ], [ 34.1875, -0.85722 ], [ 34.18737, -0.85715 ], [ 34.18732, -0.85713 ], [ 34.18727, -0.8571 ], [ 34.18707, -0.85703 ], [ 34.187, -0.857 ], [ 34.18694, -0.85697 ], [ 34.18688, -0.85694 ], [ 34.18675, -0.85686 ], [ 34.18667, -0.85681 ], [ 34.1866, -0.85676 ], [ 34.18654, -0.85671 ], [ 34.18649, -0.85666 ], [ 34.18647, -0.85663 ], [ 34.18645, -0.85661 ], [ 34.18643, -0.85658 ], [ 34.18641, -0.85656 ], [ 34.1864, -0.85653 ], [ 34.18639, -0.8565 ], [ 34.18637, -0.85644 ], [ 34.18635, -0.85638 ], [ 34.18634, -0.85631 ], [ 34.18634, -0.85623 ], [ 34.18633, -0.85615 ], [ 34.18634, -0.85607 ], [ 34.18635, -0.856 ], [ 34.18636, -0.85597 ], [ 34.18637, -0.85594 ], [ 34.18638, -0.85591 ], [ 34.1864, -0.85586 ], [ 34.18642, -0.85582 ], [ 34.18647, -0.85575 ], [ 34.1865, -0.8557 ], [ 34.18655, -0.85564 ], [ 34.18659, -0.85558 ], [ 34.18665, -0.85552 ], [ 34.18671, -0.85546 ], [ 34.18677, -0.8554 ], [ 34.18696, -0.85523 ], [ 34.18708, -0.85514 ], [ 34.18724, -0.85502 ], [ 34.1873, -0.85498 ], [ 34.18741, -0.85491 ], [ 34.18746, -0.85487 ], [ 34.18751, -0.85483 ], [ 34.18755, -0.8548 ], [ 34.18759, -0.85476 ], [ 34.18762, -0.85471 ], [ 34.18765, -0.85465 ], [ 34.1877, -0.85456 ], [ 34.18776, -0.85445 ], [ 34.18779, -0.85438 ], [ 34.18782, -0.85432 ], [ 34.18784, -0.85426 ], [ 34.18785, -0.85423 ], [ 34.18786, -0.85419 ], [ 34.18787, -0.85406 ], [ 34.18788, -0.85402 ], [ 34.18791, -0.85388 ], [ 34.18792, -0.85383 ], [ 34.18793, -0.85379 ], [ 34.18795, -0.85375 ], [ 34.18797, -0.8537 ], [ 34.18799, -0.85365 ], [ 34.18802, -0.8536 ], [ 34.18804, -0.85357 ], [ 34.18806, -0.85354 ], [ 34.18815, -0.85341 ], [ 34.18817, -0.85338 ], [ 34.18819, -0.85335 ], [ 34.18821, -0.8533 ], [ 34.18823, -0.85325 ], [ 34.18824, -0.85319 ], [ 34.18825, -0.85313 ], [ 34.18826, -0.85307 ], [ 34.18826, -0.85301 ], [ 34.18827, -0.85279 ], [ 34.18828, -0.8527 ], [ 34.1883, -0.85251 ], [ 34.18831, -0.85242 ], [ 34.18831, -0.85233 ], [ 34.18831, -0.85224 ], [ 34.1883, -0.85215 ], [ 34.18829, -0.85205 ], [ 34.18827, -0.85194 ], [ 34.18825, -0.85183 ], [ 34.18823, -0.85174 ], [ 34.18821, -0.85166 ], [ 34.18818, -0.8516 ], [ 34.18816, -0.85153 ], [ 34.18814, -0.85148 ], [ 34.18811, -0.85143 ], [ 34.188, -0.85124 ], [ 34.18788, -0.85102 ], [ 34.18784, -0.85096 ], [ 34.1878, -0.85091 ], [ 34.18777, -0.85087 ], [ 34.18774, -0.85083 ], [ 34.18767, -0.85076 ], [ 34.18759, -0.85068 ], [ 34.18746, -0.85057 ], [ 34.18738, -0.8505 ], [ 34.18721, -0.85037 ], [ 34.18713, -0.85031 ], [ 34.1871, -0.85027 ], [ 34.18699, -0.85018 ], [ 34.18696, -0.85015 ], [ 34.18693, -0.85013 ], [ 34.18689, -0.8501 ], [ 34.1868, -0.85005 ], [ 34.18675, -0.85001 ], [ 34.18662, -0.84992 ], [ 34.18658, -0.84989 ], [ 34.18654, -0.84987 ], [ 34.1865, -0.84984 ], [ 34.18645, -0.84982 ], [ 34.18628, -0.84974 ], [ 34.18601, -0.84962 ], [ 34.18592, -0.84958 ], [ 34.18582, -0.84953 ], [ 34.18552, -0.84936 ], [ 34.18541, -0.8493 ], [ 34.18531, -0.84925 ], [ 34.18522, -0.84921 ], [ 34.18506, -0.84914 ], [ 34.18497, -0.84911 ], [ 34.18489, -0.84907 ], [ 34.18481, -0.84905 ], [ 34.18476, -0.84904 ], [ 34.18471, -0.84903 ], [ 34.18449, -0.84899 ], [ 34.18425, -0.84894 ], [ 34.18419, -0.84893 ], [ 34.18414, -0.84892 ], [ 34.184, -0.8489 ], [ 34.18394, -0.8489 ], [ 34.18391, -0.8489 ], [ 34.18388, -0.84891 ], [ 34.18386, -0.84891 ], [ 34.18383, -0.84892 ], [ 34.18381, -0.84893 ], [ 34.18375, -0.84897 ], [ 34.18368, -0.84901 ], [ 34.18352, -0.84909 ], [ 34.18345, -0.84913 ], [ 34.18335, -0.8492 ], [ 34.18326, -0.84926 ], [ 34.18318, -0.84932 ], [ 34.1831, -0.84938 ], [ 34.18306, -0.84942 ], [ 34.18297, -0.84952 ], [ 34.18292, -0.84956 ], [ 34.1829, -0.84958 ], [ 34.18287, -0.8496 ], [ 34.18274, -0.84967 ], [ 34.18269, -0.84971 ], [ 34.18266, -0.84974 ], [ 34.18257, -0.84981 ], [ 34.18253, -0.84985 ], [ 34.18247, -0.84988 ], [ 34.1824, -0.84991 ], [ 34.18232, -0.84994 ], [ 34.18222, -0.84998 ], [ 34.18218, -0.84999 ], [ 34.18213, -0.85 ], [ 34.18203, -0.85002 ], [ 34.18194, -0.85003 ], [ 34.18171, -0.85006 ], [ 34.1816, -0.85008 ], [ 34.18149, -0.8501 ], [ 34.18118, -0.85018 ], [ 34.1811, -0.8502 ], [ 34.18102, -0.85021 ], [ 34.18093, -0.85022 ], [ 34.18084, -0.85023 ], [ 34.18075, -0.85023 ], [ 34.18065, -0.85024 ], [ 34.18055, -0.85024 ], [ 34.18045, -0.85024 ], [ 34.18034, -0.85024 ], [ 34.18022, -0.85024 ], [ 34.1799, -0.85023 ], [ 34.1798, -0.85022 ], [ 34.17972, -0.85021 ], [ 34.17963, -0.8502 ], [ 34.17955, -0.85018 ], [ 34.17947, -0.85017 ], [ 34.1794, -0.85014 ], [ 34.17929, -0.85011 ], [ 34.17921, -0.85007 ], [ 34.17914, -0.85004 ], [ 34.17908, -0.85 ], [ 34.17905, -0.84998 ], [ 34.17902, -0.84996 ], [ 34.17897, -0.84991 ], [ 34.17891, -0.84985 ], [ 34.1788, -0.84973 ], [ 34.17875, -0.84968 ], [ 34.17865, -0.84955 ], [ 34.1786, -0.84949 ], [ 34.17852, -0.84942 ], [ 34.17844, -0.84934 ], [ 34.17834, -0.84926 ], [ 34.17822, -0.84917 ], [ 34.17817, -0.84912 ], [ 34.17811, -0.84908 ], [ 34.17786, -0.84892 ], [ 34.17775, -0.84884 ], [ 34.17764, -0.84876 ], [ 34.17761, -0.84874 ], [ 34.17759, -0.84872 ], [ 34.17758, -0.8487 ], [ 34.17757, -0.84868 ], [ 34.17755, -0.84866 ], [ 34.17755, -0.84863 ], [ 34.17753, -0.84858 ], [ 34.17751, -0.84844 ], [ 34.1775, -0.84841 ], [ 34.17749, -0.84837 ], [ 34.17746, -0.8483 ], [ 34.1774, -0.8482 ], [ 34.17737, -0.84814 ], [ 34.17734, -0.84808 ], [ 34.17721, -0.84787 ], [ 34.17716, -0.84779 ], [ 34.17712, -0.84772 ], [ 34.17709, -0.84765 ], [ 34.17707, -0.84761 ], [ 34.17705, -0.84756 ], [ 34.17699, -0.84735 ], [ 34.17696, -0.84727 ], [ 34.17692, -0.84717 ], [ 34.17682, -0.84697 ], [ 34.17678, -0.84688 ], [ 34.17676, -0.84683 ], [ 34.17674, -0.84676 ], [ 34.17672, -0.8467 ], [ 34.1767, -0.84663 ], [ 34.17667, -0.84649 ], [ 34.1766, -0.84615 ], [ 34.17657, -0.84605 ], [ 34.17655, -0.84596 ], [ 34.17647, -0.8457 ], [ 34.17643, -0.8456 ], [ 34.1764, -0.8455 ], [ 34.17634, -0.84534 ], [ 34.1763, -0.84522 ], [ 34.17625, -0.84512 ], [ 34.17621, -0.84503 ], [ 34.17617, -0.84496 ], [ 34.17613, -0.84488 ], [ 34.17609, -0.8448 ], [ 34.17604, -0.84472 ], [ 34.17596, -0.84461 ], [ 34.17579, -0.84437 ], [ 34.17577, -0.84434 ], [ 34.17572, -0.84425 ], [ 34.17569, -0.84421 ], [ 34.17566, -0.84417 ], [ 34.17564, -0.84414 ], [ 34.17558, -0.84409 ], [ 34.17555, -0.84407 ], [ 34.17552, -0.84405 ], [ 34.17549, -0.84403 ], [ 34.17547, -0.84402 ], [ 34.17544, -0.84401 ], [ 34.17541, -0.844 ], [ 34.17538, -0.84399 ], [ 34.17534, -0.84399 ], [ 34.17529, -0.84399 ], [ 34.17521, -0.84399 ], [ 34.17514, -0.84399 ], [ 34.175, -0.84401 ], [ 34.17494, -0.84402 ], [ 34.17482, -0.84402 ], [ 34.17473, -0.84401 ], [ 34.17469, -0.84401 ], [ 34.17465, -0.844 ], [ 34.17462, -0.84399 ], [ 34.17458, -0.84398 ], [ 34.17452, -0.84396 ], [ 34.17447, -0.84393 ], [ 34.17443, -0.84391 ], [ 34.17439, -0.84387 ], [ 34.17435, -0.84383 ], [ 34.17431, -0.84378 ], [ 34.17428, -0.84374 ], [ 34.17424, -0.84366 ], [ 34.17422, -0.84363 ], [ 34.17417, -0.84355 ], [ 34.1741, -0.84347 ], [ 34.17406, -0.84342 ], [ 34.17401, -0.84338 ], [ 34.17396, -0.84333 ], [ 34.17389, -0.84326 ], [ 34.17381, -0.84319 ], [ 34.17372, -0.84312 ], [ 34.17441, -0.84223 ], [ 34.17421, -0.84218 ], [ 34.17376, -0.84216 ], [ 34.1733, -0.84218 ], [ 34.17234, -0.8421 ], [ 34.1715, -0.84203 ], [ 34.17071, -0.84201 ], [ 34.17019, -0.8421 ], [ 34.16961, -0.84219 ], [ 34.16924, -0.84229 ], [ 34.16912, -0.84236 ], [ 34.16889, -0.8427 ], [ 34.16889, -0.8428 ], [ 34.16889, -0.84281 ], [ 34.16888, -0.84288 ], [ 34.16881, -0.84294 ], [ 34.16873, -0.84297 ], [ 34.16873, -0.84297 ], [ 34.16873, -0.84297 ], [ 34.16865, -0.843 ], [ 34.16859, -0.84302 ], [ 34.16853, -0.84306 ], [ 34.1685, -0.84314 ], [ 34.16845, -0.84321 ], [ 34.16839, -0.84328 ], [ 34.16834, -0.84335 ], [ 34.16827, -0.84339 ], [ 34.16819, -0.84346 ], [ 34.16811, -0.84354 ], [ 34.16808, -0.8436 ], [ 34.16807, -0.84363 ], [ 34.16806, -0.84363 ], [ 34.16803, -0.84366 ], [ 34.16799, -0.84369 ], [ 34.16792, -0.84371 ], [ 34.16783, -0.84374 ], [ 34.16776, -0.84376 ], [ 34.16766, -0.84374 ], [ 34.16759, -0.84373 ], [ 34.16756, -0.84374 ], [ 34.16753, -0.84377 ], [ 34.16748, -0.84377 ], [ 34.16744, -0.84373 ], [ 34.16739, -0.84372 ], [ 34.16731, -0.84372 ], [ 34.16721, -0.84374 ], [ 34.16715, -0.84377 ], [ 34.16708, -0.8438 ], [ 34.16699, -0.84383 ], [ 34.16689, -0.84387 ], [ 34.16681, -0.84391 ], [ 34.16672, -0.84399 ], [ 34.1666, -0.84408 ], [ 34.16655, -0.84413 ], [ 34.16653, -0.84417 ], [ 34.16652, -0.8442 ], [ 34.16653, -0.84423 ], [ 34.16652, -0.84426 ], [ 34.1665, -0.84429 ], [ 34.16647, -0.84433 ], [ 34.16646, -0.84441 ], [ 34.16646, -0.84448 ], [ 34.16646, -0.84453 ], [ 34.16645, -0.84459 ], [ 34.16644, -0.84468 ], [ 34.16643, -0.84474 ], [ 34.1664, -0.84479 ], [ 34.16639, -0.84483 ], [ 34.16638, -0.84486 ], [ 34.16639, -0.8449 ], [ 34.1664, -0.84492 ], [ 34.16641, -0.84496 ], [ 34.16645, -0.84502 ], [ 34.16648, -0.8451 ], [ 34.1665, -0.84516 ], [ 34.16652, -0.84522 ], [ 34.16655, -0.84526 ], [ 34.16657, -0.84529 ], [ 34.16657, -0.84533 ], [ 34.16654, -0.84539 ], [ 34.16651, -0.8454 ], [ 34.16649, -0.84539 ], [ 34.16646, -0.84533 ], [ 34.16644, -0.84532 ], [ 34.16641, -0.84529 ], [ 34.16637, -0.84529 ], [ 34.16634, -0.84532 ], [ 34.16633, -0.84535 ], [ 34.16632, -0.84538 ], [ 34.1663, -0.84538 ], [ 34.16629, -0.84536 ], [ 34.16628, -0.84531 ], [ 34.16625, -0.84529 ], [ 34.16619, -0.84526 ], [ 34.16615, -0.84525 ], [ 34.16611, -0.84522 ], [ 34.16608, -0.84516 ], [ 34.16594, -0.84508 ], [ 34.16584, -0.84509 ], [ 34.16579, -0.84511 ], [ 34.16576, -0.84515 ], [ 34.16575, -0.8452 ], [ 34.16573, -0.84526 ], [ 34.16573, -0.84532 ], [ 34.16569, -0.84535 ], [ 34.16566, -0.8454 ], [ 34.16564, -0.84544 ], [ 34.16562, -0.84548 ], [ 34.16557, -0.84552 ], [ 34.16556, -0.84557 ], [ 34.16552, -0.8456 ], [ 34.16547, -0.84563 ], [ 34.16541, -0.84563 ], [ 34.16536, -0.84566 ], [ 34.16532, -0.84566 ], [ 34.1653, -0.84562 ], [ 34.16531, -0.84558 ], [ 34.16535, -0.84553 ], [ 34.16537, -0.84548 ], [ 34.16537, -0.84543 ], [ 34.16535, -0.84539 ], [ 34.16532, -0.84535 ], [ 34.1653, -0.84533 ], [ 34.1653, -0.8453 ], [ 34.16528, -0.84525 ], [ 34.16524, -0.84522 ], [ 34.16523, -0.84521 ], [ 34.16517, -0.84518 ], [ 34.16512, -0.84515 ], [ 34.16507, -0.84513 ], [ 34.16499, -0.84511 ], [ 34.16492, -0.84508 ], [ 34.16486, -0.84506 ], [ 34.16475, -0.84505 ], [ 34.16467, -0.84505 ], [ 34.16456, -0.84506 ], [ 34.1645, -0.84508 ], [ 34.16445, -0.84516 ], [ 34.16444, -0.8452 ], [ 34.16441, -0.8452 ], [ 34.16438, -0.84514 ], [ 34.16437, -0.84511 ], [ 34.1643, -0.84504 ], [ 34.16425, -0.84501 ], [ 34.16414, -0.84492 ], [ 34.16406, -0.84489 ], [ 34.164, -0.84485 ], [ 34.1639, -0.84483 ], [ 34.16381, -0.84481 ], [ 34.16371, -0.84481 ], [ 34.16365, -0.84481 ], [ 34.16355, -0.84483 ], [ 34.16348, -0.84487 ], [ 34.16344, -0.8449 ], [ 34.16337, -0.84493 ], [ 34.16334, -0.84494 ], [ 34.16331, -0.84494 ], [ 34.16326, -0.84491 ], [ 34.1632, -0.8449 ], [ 34.16315, -0.84488 ], [ 34.16311, -0.84488 ], [ 34.16305, -0.8449 ], [ 34.163, -0.84491 ], [ 34.16293, -0.84489 ], [ 34.16287, -0.8449 ], [ 34.16282, -0.84494 ], [ 34.16277, -0.845 ], [ 34.16271, -0.84502 ], [ 34.16261, -0.84499 ], [ 34.16252, -0.84491 ], [ 34.16244, -0.84487 ], [ 34.1624, -0.84486 ], [ 34.16236, -0.84486 ], [ 34.16234, -0.84484 ], [ 34.16233, -0.84483 ], [ 34.1623, -0.84482 ], [ 34.16225, -0.84482 ], [ 34.16221, -0.84482 ], [ 34.16216, -0.84485 ], [ 34.16209, -0.84484 ], [ 34.16201, -0.84483 ], [ 34.16196, -0.84483 ], [ 34.16193, -0.84487 ], [ 34.16193, -0.84491 ], [ 34.16192, -0.84494 ], [ 34.16185, -0.84495 ], [ 34.16179, -0.84492 ], [ 34.16179, -0.84488 ], [ 34.16177, -0.84481 ], [ 34.16172, -0.84476 ], [ 34.16165, -0.8447 ], [ 34.16158, -0.84463 ], [ 34.1615, -0.84459 ], [ 34.16145, -0.84455 ], [ 34.16135, -0.84453 ], [ 34.16131, -0.84453 ], [ 34.16125, -0.84454 ], [ 34.1612, -0.84453 ], [ 34.16117, -0.84453 ], [ 34.16113, -0.84452 ], [ 34.1611, -0.8445 ], [ 34.16105, -0.8445 ], [ 34.16101, -0.84453 ], [ 34.16098, -0.84454 ], [ 34.16092, -0.84452 ], [ 34.1609, -0.8445 ], [ 34.16083, -0.84449 ], [ 34.16077, -0.84449 ], [ 34.1607, -0.84451 ], [ 34.16065, -0.84454 ], [ 34.16058, -0.84456 ], [ 34.16049, -0.84457 ], [ 34.16046, -0.84457 ], [ 34.16042, -0.84457 ], [ 34.16038, -0.84457 ], [ 34.16033, -0.8446 ], [ 34.16028, -0.84462 ], [ 34.16023, -0.84462 ], [ 34.1602, -0.84461 ], [ 34.16017, -0.84455 ], [ 34.16015, -0.84454 ], [ 34.16005, -0.84455 ], [ 34.15998, -0.84457 ], [ 34.15989, -0.84459 ], [ 34.15982, -0.8446 ], [ 34.15976, -0.84464 ], [ 34.15963, -0.8447 ], [ 34.1595, -0.84475 ], [ 34.15945, -0.84478 ], [ 34.15938, -0.84483 ], [ 34.15931, -0.84487 ], [ 34.15921, -0.8449 ], [ 34.1591, -0.8449 ], [ 34.15902, -0.84492 ], [ 34.15897, -0.84495 ], [ 34.15893, -0.84496 ], [ 34.1589, -0.84498 ], [ 34.15879, -0.84501 ], [ 34.15867, -0.84506 ], [ 34.1585, -0.84515 ], [ 34.15839, -0.84522 ], [ 34.15832, -0.84529 ], [ 34.15823, -0.84538 ], [ 34.15812, -0.8455 ], [ 34.15805, -0.84564 ], [ 34.158, -0.84573 ], [ 34.15796, -0.84582 ], [ 34.15794, -0.8459 ], [ 34.15792, -0.84598 ], [ 34.1579, -0.84605 ], [ 34.15789, -0.84612 ], [ 34.15788, -0.84621 ], [ 34.15785, -0.84629 ], [ 34.15783, -0.84635 ], [ 34.15782, -0.84635 ], [ 34.15783, -0.84635 ], [ 34.1578, -0.84652 ], [ 34.15778, -0.84661 ], [ 34.15779, -0.84674 ], [ 34.1578, -0.84679 ], [ 34.15781, -0.84683 ], [ 34.15785, -0.84687 ], [ 34.1579, -0.84689 ], [ 34.15802, -0.84691 ], [ 34.15814, -0.84693 ], [ 34.15822, -0.84696 ], [ 34.15828, -0.84698 ], [ 34.15831, -0.847 ], [ 34.15832, -0.84702 ], [ 34.15831, -0.84708 ], [ 34.1583, -0.84711 ], [ 34.15821, -0.8471 ], [ 34.15821, -0.84709 ], [ 34.1582, -0.84708 ], [ 34.15814, -0.84706 ], [ 34.15808, -0.84704 ], [ 34.15802, -0.84702 ], [ 34.15796, -0.84701 ], [ 34.15792, -0.84703 ], [ 34.15791, -0.84704 ], [ 34.15789, -0.84707 ], [ 34.15785, -0.84711 ], [ 34.15778, -0.84716 ], [ 34.15773, -0.84723 ], [ 34.1577, -0.84729 ], [ 34.1577, -0.84731 ], [ 34.15769, -0.84735 ], [ 34.15763, -0.84743 ], [ 34.15761, -0.84751 ], [ 34.15758, -0.84759 ], [ 34.15758, -0.84764 ], [ 34.15758, -0.84769 ], [ 34.15754, -0.84774 ], [ 34.15749, -0.84779 ], [ 34.15745, -0.84783 ], [ 34.15745, -0.84787 ], [ 34.15745, -0.84791 ], [ 34.15745, -0.84794 ], [ 34.15743, -0.84797 ], [ 34.15743, -0.84802 ], [ 34.15736, -0.84815 ], [ 34.15734, -0.84822 ], [ 34.15731, -0.84827 ], [ 34.1573, -0.84833 ], [ 34.15727, -0.84841 ], [ 34.15724, -0.84847 ], [ 34.15724, -0.84852 ], [ 34.15724, -0.84854 ], [ 34.15726, -0.84855 ], [ 34.15728, -0.84857 ], [ 34.15728, -0.8486 ], [ 34.15726, -0.84861 ], [ 34.15723, -0.84862 ], [ 34.15723, -0.84865 ], [ 34.15722, -0.84868 ], [ 34.15719, -0.8487 ], [ 34.15716, -0.84875 ], [ 34.15714, -0.8488 ], [ 34.15713, -0.84884 ], [ 34.15711, -0.84888 ], [ 34.15708, -0.84889 ], [ 34.15706, -0.84892 ], [ 34.15706, -0.84897 ], [ 34.15707, -0.84904 ], [ 34.15706, -0.84908 ], [ 34.15703, -0.84912 ], [ 34.15702, -0.84917 ], [ 34.15701, -0.84924 ], [ 34.15699, -0.84929 ], [ 34.15694, -0.84935 ], [ 34.1569, -0.84937 ], [ 34.15689, -0.84941 ], [ 34.15689, -0.84946 ], [ 34.15688, -0.84949 ], [ 34.15687, -0.84953 ], [ 34.15686, -0.84956 ], [ 34.15681, -0.8496 ], [ 34.15678, -0.84963 ], [ 34.15674, -0.84968 ], [ 34.15671, -0.84973 ], [ 34.15669, -0.8498 ], [ 34.15666, -0.84985 ], [ 34.15666, -0.84988 ], [ 34.15654, -0.85005 ], [ 34.15651, -0.85008 ], [ 34.15647, -0.85011 ], [ 34.15643, -0.85011 ], [ 34.15639, -0.85011 ], [ 34.15637, -0.85011 ], [ 34.15634, -0.85013 ], [ 34.15634, -0.85015 ], [ 34.1563, -0.85017 ], [ 34.15626, -0.85016 ], [ 34.15622, -0.85016 ], [ 34.15614, -0.85015 ], [ 34.15607, -0.85015 ], [ 34.156, -0.85015 ], [ 34.15593, -0.85015 ], [ 34.15584, -0.85016 ], [ 34.15575, -0.85016 ], [ 34.15568, -0.85017 ], [ 34.15562, -0.85018 ], [ 34.15559, -0.85021 ], [ 34.15554, -0.85022 ], [ 34.15546, -0.85021 ], [ 34.15536, -0.85018 ], [ 34.15527, -0.85017 ], [ 34.15517, -0.85017 ], [ 34.15508, -0.85018 ], [ 34.15498, -0.85019 ], [ 34.15489, -0.85022 ], [ 34.15479, -0.85026 ], [ 34.15474, -0.85029 ], [ 34.15466, -0.85035 ], [ 34.15461, -0.85042 ], [ 34.15457, -0.85047 ], [ 34.15454, -0.85052 ], [ 34.15453, -0.85057 ], [ 34.15452, -0.85061 ], [ 34.15447, -0.85067 ], [ 34.15441, -0.85078 ], [ 34.15437, -0.85088 ], [ 34.15433, -0.85093 ], [ 34.15432, -0.85096 ], [ 34.15431, -0.85098 ], [ 34.15429, -0.85098 ], [ 34.15427, -0.85098 ], [ 34.15426, -0.85097 ], [ 34.15424, -0.85102 ], [ 34.1542, -0.85107 ], [ 34.15414, -0.85115 ], [ 34.15412, -0.85117 ], [ 34.15411, -0.85121 ], [ 34.15408, -0.85125 ], [ 34.15402, -0.8513 ], [ 34.15396, -0.85134 ], [ 34.15393, -0.85137 ], [ 34.15388, -0.85139 ], [ 34.15381, -0.85141 ], [ 34.1538, -0.85144 ], [ 34.15376, -0.85148 ], [ 34.15372, -0.85153 ], [ 34.15367, -0.85154 ], [ 34.15365, -0.85158 ], [ 34.15365, -0.8516 ], [ 34.15366, -0.85161 ], [ 34.15366, -0.85164 ], [ 34.15367, -0.85166 ], [ 34.15368, -0.85169 ], [ 34.15367, -0.85172 ], [ 34.15365, -0.85172 ], [ 34.15362, -0.85169 ], [ 34.15359, -0.85166 ], [ 34.15355, -0.85165 ], [ 34.15352, -0.85165 ], [ 34.1535, -0.85164 ], [ 34.15346, -0.8516 ], [ 34.15343, -0.85156 ], [ 34.15339, -0.85154 ], [ 34.15334, -0.85153 ], [ 34.15329, -0.8515 ], [ 34.15323, -0.85147 ], [ 34.15314, -0.85144 ], [ 34.15307, -0.85144 ], [ 34.15303, -0.85144 ], [ 34.15296, -0.85149 ], [ 34.15293, -0.8515 ], [ 34.15289, -0.85152 ], [ 34.15284, -0.85153 ], [ 34.15278, -0.85154 ], [ 34.15275, -0.85153 ], [ 34.1527, -0.85153 ], [ 34.15263, -0.85154 ], [ 34.15256, -0.85157 ], [ 34.15252, -0.8516 ], [ 34.15249, -0.85166 ], [ 34.15243, -0.85173 ], [ 34.15238, -0.85177 ], [ 34.15231, -0.85182 ], [ 34.15229, -0.85185 ], [ 34.15227, -0.85188 ], [ 34.15226, -0.85192 ], [ 34.15225, -0.85194 ], [ 34.15223, -0.85196 ], [ 34.1522, -0.85197 ], [ 34.15216, -0.85197 ], [ 34.15213, -0.85198 ], [ 34.15212, -0.85201 ], [ 34.1521, -0.85204 ], [ 34.15206, -0.85205 ], [ 34.15205, -0.85206 ], [ 34.15202, -0.85206 ], [ 34.152, -0.85205 ], [ 34.15197, -0.85207 ], [ 34.15194, -0.85209 ], [ 34.1519, -0.85213 ], [ 34.15186, -0.85216 ], [ 34.15181, -0.85217 ], [ 34.15178, -0.85216 ], [ 34.15176, -0.85214 ], [ 34.15177, -0.85211 ], [ 34.15175, -0.85209 ], [ 34.15172, -0.85207 ], [ 34.15171, -0.85207 ], [ 34.15169, -0.8521 ], [ 34.15166, -0.8521 ], [ 34.15164, -0.85209 ], [ 34.15163, -0.85205 ], [ 34.15163, -0.85202 ], [ 34.15162, -0.85201 ], [ 34.1516, -0.85203 ], [ 34.15158, -0.85204 ], [ 34.15156, -0.85203 ], [ 34.15156, -0.85202 ], [ 34.15154, -0.85202 ], [ 34.15153, -0.85202 ], [ 34.15151, -0.852 ], [ 34.15151, -0.85197 ], [ 34.15152, -0.85193 ], [ 34.15153, -0.85191 ], [ 34.15152, -0.85191 ], [ 34.15149, -0.85192 ], [ 34.15146, -0.85193 ], [ 34.15144, -0.85192 ], [ 34.15144, -0.85188 ], [ 34.15144, -0.85187 ], [ 34.15143, -0.85186 ], [ 34.15139, -0.85186 ], [ 34.15138, -0.85187 ], [ 34.15136, -0.8519 ], [ 34.15133, -0.85194 ], [ 34.1513, -0.85198 ], [ 34.15126, -0.85201 ], [ 34.1512, -0.85201 ], [ 34.15117, -0.852 ], [ 34.15115, -0.85196 ], [ 34.15118, -0.85191 ], [ 34.15119, -0.85188 ], [ 34.15119, -0.85186 ], [ 34.15117, -0.85186 ], [ 34.15114, -0.85184 ], [ 34.15114, -0.85183 ], [ 34.15114, -0.85181 ], [ 34.15115, -0.85178 ], [ 34.15116, -0.85176 ], [ 34.15114, -0.85176 ], [ 34.15112, -0.85179 ], [ 34.1511, -0.85181 ], [ 34.15108, -0.8518 ], [ 34.15107, -0.85176 ], [ 34.15109, -0.85172 ], [ 34.15109, -0.85166 ], [ 34.15106, -0.85161 ], [ 34.151, -0.85153 ], [ 34.151, -0.85152 ], [ 34.15099, -0.85148 ], [ 34.15103, -0.85144 ], [ 34.15103, -0.85139 ], [ 34.15102, -0.85138 ], [ 34.151, -0.85134 ], [ 34.15099, -0.8513 ], [ 34.15093, -0.8513 ], [ 34.15089, -0.8513 ], [ 34.15088, -0.85128 ], [ 34.15088, -0.85126 ], [ 34.15084, -0.85121 ], [ 34.15084, -0.85117 ], [ 34.15087, -0.85112 ], [ 34.15087, -0.85108 ], [ 34.15084, -0.85105 ], [ 34.15083, -0.85092 ], [ 34.15078, -0.85085 ], [ 34.15073, -0.85081 ], [ 34.15067, -0.85076 ], [ 34.15062, -0.85076 ], [ 34.15051, -0.85083 ], [ 34.15039, -0.85085 ], [ 34.15034, -0.85082 ], [ 34.15032, -0.85078 ], [ 34.15035, -0.85079 ], [ 34.15036, -0.85074 ], [ 34.15031, -0.85072 ], [ 34.15029, -0.85068 ], [ 34.15029, -0.85064 ], [ 34.15025, -0.8506 ], [ 34.15024, -0.85057 ], [ 34.1502, -0.85054 ], [ 34.15015, -0.8505 ], [ 34.15012, -0.85044 ], [ 34.15013, -0.85036 ], [ 34.15015, -0.85029 ], [ 34.15021, -0.85021 ], [ 34.15023, -0.85017 ], [ 34.15021, -0.85017 ], [ 34.15018, -0.8502 ], [ 34.15013, -0.85021 ], [ 34.15009, -0.85019 ], [ 34.15009, -0.85012 ], [ 34.15011, -0.85008 ], [ 34.15019, -0.85005 ], [ 34.15028, -0.85003 ], [ 34.15031, -0.85003 ], [ 34.15032, -0.84998 ], [ 34.15032, -0.84991 ], [ 34.15032, -0.84984 ], [ 34.15032, -0.84979 ], [ 34.15032, -0.84973 ], [ 34.15034, -0.84969 ], [ 34.15036, -0.84965 ], [ 34.15039, -0.84961 ], [ 34.15041, -0.84956 ], [ 34.1504, -0.8495 ], [ 34.15039, -0.84944 ], [ 34.15037, -0.84937 ], [ 34.15036, -0.84932 ], [ 34.15037, -0.84929 ], [ 34.15039, -0.84928 ], [ 34.15039, -0.84925 ], [ 34.15038, -0.84924 ], [ 34.15036, -0.84922 ], [ 34.15034, -0.84918 ], [ 34.15034, -0.84913 ], [ 34.15039, -0.84906 ], [ 34.15047, -0.84899 ], [ 34.15061, -0.84892 ], [ 34.15069, -0.84883 ], [ 34.15071, -0.84879 ], [ 34.15073, -0.84874 ], [ 34.15068, -0.84865 ], [ 34.15066, -0.84859 ], [ 34.15066, -0.84854 ], [ 34.1507, -0.84852 ], [ 34.1507, -0.84848 ], [ 34.15071, -0.84843 ], [ 34.15077, -0.84838 ], [ 34.1508, -0.84835 ], [ 34.15082, -0.84831 ], [ 34.15081, -0.84829 ], [ 34.15081, -0.84825 ], [ 34.15084, -0.84825 ], [ 34.15085, -0.84821 ], [ 34.15086, -0.84816 ], [ 34.15092, -0.84813 ], [ 34.15095, -0.84811 ], [ 34.15095, -0.84806 ], [ 34.15097, -0.84804 ], [ 34.15101, -0.84801 ], [ 34.151, -0.84796 ], [ 34.15099, -0.84792 ], [ 34.15102, -0.84789 ], [ 34.15109, -0.84785 ], [ 34.15116, -0.84779 ], [ 34.15122, -0.84775 ], [ 34.15122, -0.8477 ], [ 34.1512, -0.84769 ], [ 34.15117, -0.84767 ], [ 34.15118, -0.84762 ], [ 34.15122, -0.84758 ], [ 34.15126, -0.84758 ], [ 34.15133, -0.84758 ], [ 34.15143, -0.84755 ], [ 34.1515, -0.8475 ], [ 34.15164, -0.84742 ], [ 34.15183, -0.84724 ], [ 34.15195, -0.84713 ], [ 34.15212, -0.847 ], [ 34.15225, -0.84687 ], [ 34.1523, -0.84679 ], [ 34.15231, -0.84677 ], [ 34.15235, -0.8467 ], [ 34.15239, -0.84666 ], [ 34.15242, -0.84663 ], [ 34.15242, -0.84659 ], [ 34.15241, -0.84657 ], [ 34.15242, -0.84654 ], [ 34.15251, -0.84648 ], [ 34.1526, -0.84643 ], [ 34.15267, -0.84639 ], [ 34.15274, -0.84632 ], [ 34.15279, -0.84628 ], [ 34.15282, -0.84626 ], [ 34.15288, -0.84617 ], [ 34.1529, -0.84613 ], [ 34.15292, -0.84607 ], [ 34.15293, -0.84601 ], [ 34.15297, -0.84595 ], [ 34.15301, -0.8459 ], [ 34.15304, -0.84585 ], [ 34.15312, -0.84582 ], [ 34.15317, -0.84581 ], [ 34.15321, -0.84581 ], [ 34.15328, -0.84576 ], [ 34.15338, -0.84564 ], [ 34.15346, -0.8455 ], [ 34.15348, -0.84542 ], [ 34.15348, -0.84539 ], [ 34.1535, -0.84532 ], [ 34.15353, -0.84516 ], [ 34.15352, -0.84505 ], [ 34.1535, -0.84493 ], [ 34.15345, -0.84484 ], [ 34.15342, -0.8448 ], [ 34.15335, -0.84475 ], [ 34.15328, -0.84469 ], [ 34.15325, -0.84465 ], [ 34.15322, -0.84461 ], [ 34.15323, -0.8446 ], [ 34.15321, -0.8446 ], [ 34.15319, -0.84453 ], [ 34.15319, -0.8445 ], [ 34.15317, -0.84446 ], [ 34.15317, -0.84441 ], [ 34.1532, -0.84436 ], [ 34.15324, -0.84429 ], [ 34.15331, -0.84423 ], [ 34.15342, -0.8441 ], [ 34.15348, -0.84398 ], [ 34.15353, -0.84379 ], [ 34.15356, -0.84356 ], [ 34.15355, -0.84324 ], [ 34.15346, -0.84274 ], [ 34.15339, -0.84246 ], [ 34.15342, -0.84246 ], [ 34.15336, -0.84238 ], [ 34.15329, -0.8421 ], [ 34.15313, -0.84161 ], [ 34.15288, -0.84091 ], [ 34.15262, -0.84032 ], [ 34.15246, -0.83995 ], [ 34.15235, -0.8397 ], [ 34.15215, -0.83932 ], [ 34.15202, -0.83914 ], [ 34.15184, -0.83889 ], [ 34.15165, -0.83867 ], [ 34.15155, -0.83861 ], [ 34.1515, -0.83854 ], [ 34.15147, -0.83846 ], [ 34.15147, -0.83837 ], [ 34.15143, -0.83827 ], [ 34.15133, -0.83817 ], [ 34.15128, -0.83812 ], [ 34.1512, -0.83809 ], [ 34.15113, -0.83804 ], [ 34.15113, -0.83799 ], [ 34.15118, -0.8379 ], [ 34.15119, -0.83784 ], [ 34.15114, -0.83778 ], [ 34.15107, -0.83772 ], [ 34.151, -0.83764 ], [ 34.15089, -0.83758 ], [ 34.15079, -0.83757 ], [ 34.1507, -0.83759 ], [ 34.15057, -0.8376 ], [ 34.15044, -0.83759 ], [ 34.15035, -0.83754 ], [ 34.15032, -0.83748 ], [ 34.15033, -0.83739 ], [ 34.15039, -0.83733 ], [ 34.15043, -0.83727 ], [ 34.15045, -0.83719 ], [ 34.15045, -0.8371 ], [ 34.15044, -0.83705 ], [ 34.15041, -0.83701 ], [ 34.15036, -0.83695 ], [ 34.15031, -0.83689 ], [ 34.15029, -0.83685 ], [ 34.15027, -0.83677 ], [ 34.15023, -0.83674 ], [ 34.15026, -0.83675 ], [ 34.15024, -0.83673 ], [ 34.14998, -0.83653 ], [ 34.14995, -0.83654 ], [ 34.14991, -0.83648 ], [ 34.14985, -0.83641 ], [ 34.14979, -0.83634 ], [ 34.14971, -0.83625 ], [ 34.14958, -0.8361 ], [ 34.14952, -0.83604 ], [ 34.14947, -0.83599 ], [ 34.14942, -0.83594 ], [ 34.14936, -0.83589 ], [ 34.14916, -0.83573 ], [ 34.14895, -0.83556 ], [ 34.14889, -0.8355 ], [ 34.14883, -0.83546 ], [ 34.14873, -0.83539 ], [ 34.14865, -0.83535 ], [ 34.14859, -0.83531 ], [ 34.14852, -0.83528 ], [ 34.14847, -0.83526 ], [ 34.14836, -0.83522 ], [ 34.14831, -0.8352 ], [ 34.14827, -0.83518 ], [ 34.14823, -0.83516 ], [ 34.14806, -0.83506 ], [ 34.14802, -0.83504 ], [ 34.14798, -0.83502 ], [ 34.1479, -0.83499 ], [ 34.14781, -0.83496 ], [ 34.14771, -0.83493 ], [ 34.14755, -0.83488 ], [ 34.14746, -0.83486 ], [ 34.14735, -0.83483 ], [ 34.147, -0.83475 ], [ 34.14669, -0.83468 ], [ 34.1466, -0.83467 ], [ 34.14652, -0.83465 ], [ 34.14642, -0.83464 ], [ 34.14634, -0.83463 ], [ 34.14626, -0.83462 ], [ 34.14618, -0.83461 ], [ 34.14606, -0.83461 ], [ 34.14593, -0.83461 ], [ 34.14581, -0.83462 ], [ 34.1457, -0.83463 ], [ 34.14563, -0.83464 ], [ 34.14557, -0.83466 ], [ 34.14549, -0.83467 ], [ 34.14542, -0.83469 ], [ 34.14535, -0.83472 ], [ 34.14527, -0.83474 ], [ 34.14519, -0.83477 ], [ 34.1451, -0.8348 ], [ 34.14507, -0.83481 ], [ 34.14498, -0.83486 ], [ 34.14495, -0.83487 ], [ 34.14493, -0.83487 ], [ 34.14489, -0.83488 ], [ 34.14485, -0.83489 ], [ 34.14481, -0.83489 ], [ 34.14471, -0.83488 ], [ 34.14463, -0.83488 ], [ 34.14451, -0.83487 ], [ 34.14435, -0.83487 ], [ 34.14431, -0.83486 ], [ 34.14427, -0.83486 ], [ 34.14421, -0.83484 ], [ 34.14414, -0.83482 ], [ 34.14408, -0.8348 ], [ 34.14395, -0.83474 ], [ 34.1439, -0.83472 ], [ 34.14378, -0.83466 ], [ 34.14374, -0.83464 ], [ 34.1437, -0.83463 ], [ 34.14365, -0.83462 ], [ 34.1436, -0.83462 ], [ 34.14354, -0.83461 ], [ 34.14345, -0.83461 ], [ 34.14338, -0.83462 ], [ 34.14332, -0.83462 ], [ 34.14325, -0.83462 ], [ 34.14319, -0.83463 ], [ 34.14312, -0.83465 ], [ 34.14297, -0.83469 ], [ 34.14291, -0.8347 ], [ 34.14285, -0.8347 ], [ 34.14279, -0.83471 ], [ 34.14272, -0.83471 ], [ 34.14265, -0.83471 ], [ 34.14252, -0.8347 ], [ 34.14241, -0.83469 ], [ 34.1423, -0.83467 ], [ 34.14226, -0.83466 ], [ 34.14221, -0.83465 ], [ 34.1421, -0.83462 ], [ 34.14202, -0.83459 ], [ 34.14199, -0.83458 ], [ 34.14196, -0.83456 ], [ 34.14193, -0.83455 ], [ 34.1419, -0.83453 ], [ 34.14188, -0.83451 ], [ 34.14185, -0.83449 ], [ 34.14177, -0.8344 ], [ 34.14173, -0.83437 ], [ 34.14168, -0.83433 ], [ 34.14155, -0.83424 ], [ 34.14149, -0.8342 ], [ 34.14144, -0.83415 ], [ 34.14139, -0.8341 ], [ 34.14134, -0.83404 ], [ 34.14129, -0.83398 ], [ 34.14123, -0.83391 ], [ 34.14117, -0.83382 ], [ 34.14111, -0.83375 ], [ 34.14108, -0.83369 ], [ 34.14104, -0.83364 ], [ 34.14102, -0.83359 ], [ 34.14099, -0.83353 ], [ 34.14094, -0.83339 ], [ 34.14091, -0.83333 ], [ 34.14088, -0.83326 ], [ 34.14085, -0.8332 ], [ 34.14081, -0.83314 ], [ 34.14078, -0.83309 ], [ 34.14072, -0.83301 ], [ 34.14069, -0.83297 ], [ 34.14066, -0.83294 ], [ 34.14063, -0.83291 ], [ 34.1406, -0.8329 ], [ 34.14058, -0.83288 ], [ 34.14048, -0.83284 ], [ 34.14045, -0.83283 ], [ 34.14028, -0.83273 ], [ 34.14014, -0.83266 ], [ 34.14004, -0.83261 ], [ 34.13998, -0.83259 ], [ 34.13991, -0.83256 ], [ 34.13967, -0.83249 ], [ 34.13956, -0.83246 ], [ 34.13935, -0.83241 ], [ 34.13926, -0.83239 ], [ 34.13916, -0.83236 ], [ 34.13908, -0.83232 ], [ 34.13897, -0.83228 ], [ 34.13889, -0.83224 ], [ 34.13882, -0.8322 ], [ 34.13876, -0.83216 ], [ 34.13874, -0.83214 ], [ 34.13872, -0.83212 ], [ 34.13865, -0.83204 ], [ 34.13862, -0.83201 ], [ 34.13859, -0.83199 ], [ 34.13856, -0.83197 ], [ 34.13854, -0.83196 ], [ 34.13847, -0.83195 ], [ 34.13844, -0.83194 ], [ 34.13841, -0.83193 ], [ 34.13838, -0.8319 ], [ 34.13835, -0.83188 ], [ 34.13832, -0.83184 ], [ 34.13829, -0.8318 ], [ 34.13827, -0.83176 ], [ 34.13819, -0.83161 ], [ 34.13817, -0.83157 ], [ 34.13815, -0.83153 ], [ 34.13808, -0.83136 ], [ 34.13802, -0.8312 ], [ 34.138, -0.83116 ], [ 34.13798, -0.83112 ], [ 34.13797, -0.8311 ], [ 34.13792, -0.83104 ], [ 34.13791, -0.83101 ], [ 34.13789, -0.83098 ], [ 34.13788, -0.83095 ], [ 34.13787, -0.83091 ], [ 34.13787, -0.83087 ], [ 34.13786, -0.83079 ], [ 34.13786, -0.83062 ], [ 34.13786, -0.83057 ], [ 34.13785, -0.83054 ], [ 34.13783, -0.83038 ], [ 34.13782, -0.83031 ], [ 34.1378, -0.83024 ], [ 34.13779, -0.83018 ], [ 34.13777, -0.83013 ], [ 34.13774, -0.83007 ], [ 34.13771, -0.83002 ], [ 34.13768, -0.82996 ], [ 34.13764, -0.82989 ], [ 34.13757, -0.82979 ], [ 34.13746, -0.82962 ], [ 34.13742, -0.82958 ], [ 34.13739, -0.82954 ], [ 34.13735, -0.8295 ], [ 34.13732, -0.82947 ], [ 34.13728, -0.82944 ], [ 34.13725, -0.82941 ], [ 34.13719, -0.82937 ], [ 34.13713, -0.82934 ], [ 34.13706, -0.82932 ], [ 34.137, -0.8293 ], [ 34.13693, -0.82929 ], [ 34.13686, -0.82928 ], [ 34.13684, -0.82928 ], [ 34.13677, -0.82928 ], [ 34.13674, -0.82928 ], [ 34.13668, -0.82927 ], [ 34.13665, -0.82927 ], [ 34.13662, -0.82926 ], [ 34.1366, -0.82925 ], [ 34.13659, -0.82924 ], [ 34.13659, -0.82923 ], [ 34.13658, -0.82922 ], [ 34.13656, -0.82916 ], [ 34.13656, -0.82914 ], [ 34.13655, -0.82913 ], [ 34.13654, -0.82912 ], [ 34.13653, -0.82911 ], [ 34.13651, -0.82911 ], [ 34.13648, -0.82911 ], [ 34.13642, -0.82911 ], [ 34.1364, -0.82911 ], [ 34.13638, -0.82911 ], [ 34.13635, -0.8291 ], [ 34.13632, -0.82909 ], [ 34.13629, -0.82907 ], [ 34.13622, -0.82902 ], [ 34.13618, -0.829 ], [ 34.13611, -0.82897 ], [ 34.13607, -0.82896 ], [ 34.13603, -0.82894 ], [ 34.13599, -0.82894 ], [ 34.13593, -0.82893 ], [ 34.13589, -0.82893 ], [ 34.13583, -0.82893 ], [ 34.1358, -0.82894 ], [ 34.13578, -0.82894 ], [ 34.13576, -0.82895 ], [ 34.13575, -0.82896 ], [ 34.13574, -0.82897 ], [ 34.13573, -0.82898 ], [ 34.13572, -0.829 ], [ 34.13572, -0.82904 ], [ 34.13571, -0.82906 ], [ 34.1357, -0.82907 ], [ 34.13569, -0.82908 ], [ 34.13567, -0.82908 ], [ 34.13565, -0.82909 ], [ 34.13563, -0.82909 ], [ 34.1356, -0.82909 ], [ 34.13552, -0.82908 ], [ 34.13548, -0.82908 ], [ 34.13543, -0.82907 ], [ 34.13539, -0.82906 ], [ 34.13535, -0.82904 ], [ 34.13532, -0.82902 ], [ 34.1353, -0.829 ], [ 34.13527, -0.82898 ], [ 34.13525, -0.82896 ], [ 34.13521, -0.8289 ], [ 34.13512, -0.82877 ], [ 34.13509, -0.82871 ], [ 34.13507, -0.82868 ], [ 34.13504, -0.82866 ], [ 34.13499, -0.82863 ], [ 34.13497, -0.82861 ], [ 34.13494, -0.82858 ], [ 34.1349, -0.82852 ], [ 34.13488, -0.82851 ], [ 34.13487, -0.8285 ], [ 34.13484, -0.82848 ], [ 34.13479, -0.82845 ], [ 34.13472, -0.82843 ], [ 34.1347, -0.82841 ], [ 34.13467, -0.8284 ], [ 34.13465, -0.82837 ], [ 34.13458, -0.82828 ], [ 34.13452, -0.82821 ], [ 34.13449, -0.82816 ], [ 34.13447, -0.82813 ], [ 34.13445, -0.82808 ], [ 34.1344, -0.82795 ], [ 34.13438, -0.8279 ], [ 34.13435, -0.82784 ], [ 34.13432, -0.82778 ], [ 34.1342, -0.82756 ], [ 34.13415, -0.82747 ], [ 34.13411, -0.82739 ], [ 34.13408, -0.82731 ], [ 34.13406, -0.82723 ], [ 34.13405, -0.82722 ], [ 34.13404, -0.8272 ], [ 34.13403, -0.82719 ], [ 34.13401, -0.82718 ], [ 34.13395, -0.82714 ], [ 34.13393, -0.82713 ], [ 34.13388, -0.82708 ], [ 34.13381, -0.82702 ], [ 34.13376, -0.82696 ], [ 34.13371, -0.82691 ], [ 34.13362, -0.82679 ], [ 34.13358, -0.82675 ], [ 34.13348, -0.82664 ], [ 34.13333, -0.82646 ], [ 34.13326, -0.82639 ], [ 34.13318, -0.82631 ], [ 34.13312, -0.82626 ], [ 34.13307, -0.82621 ], [ 34.13302, -0.82617 ], [ 34.13297, -0.82614 ], [ 34.13292, -0.82611 ], [ 34.1328, -0.82603 ], [ 34.13275, -0.82601 ], [ 34.13271, -0.82599 ], [ 34.13266, -0.82597 ], [ 34.13253, -0.82593 ], [ 34.13246, -0.8259 ], [ 34.13242, -0.82589 ], [ 34.13239, -0.82587 ], [ 34.13236, -0.82585 ], [ 34.13234, -0.82583 ], [ 34.13231, -0.8258 ], [ 34.13229, -0.82576 ], [ 34.13227, -0.82572 ], [ 34.13223, -0.82563 ], [ 34.13221, -0.82559 ], [ 34.13219, -0.82555 ], [ 34.13216, -0.82552 ], [ 34.13214, -0.82549 ], [ 34.13211, -0.82546 ], [ 34.13208, -0.82543 ], [ 34.13204, -0.82541 ], [ 34.13197, -0.82535 ], [ 34.13184, -0.82527 ], [ 34.13174, -0.82521 ], [ 34.13154, -0.8251 ], [ 34.13134, -0.82498 ], [ 34.13125, -0.82493 ], [ 34.13116, -0.82488 ], [ 34.13112, -0.82486 ], [ 34.13108, -0.82485 ], [ 34.13105, -0.82484 ], [ 34.13102, -0.82483 ], [ 34.13099, -0.82483 ], [ 34.13088, -0.82484 ], [ 34.13084, -0.82484 ], [ 34.13076, -0.82483 ], [ 34.13069, -0.82483 ], [ 34.13063, -0.82481 ], [ 34.13057, -0.8248 ], [ 34.13052, -0.82478 ], [ 34.1304, -0.82473 ], [ 34.13037, -0.82472 ], [ 34.13034, -0.82472 ], [ 34.13031, -0.82471 ], [ 34.13029, -0.82471 ], [ 34.13015, -0.82471 ], [ 34.13012, -0.82471 ], [ 34.13009, -0.82471 ], [ 34.13004, -0.8247 ], [ 34.12999, -0.82468 ], [ 34.12993, -0.82466 ], [ 34.12985, -0.82462 ], [ 34.1298, -0.8246 ], [ 34.12974, -0.82456 ], [ 34.12957, -0.82445 ], [ 34.12952, -0.82442 ], [ 34.12944, -0.82438 ], [ 34.12926, -0.82428 ], [ 34.12917, -0.82424 ], [ 34.12913, -0.82421 ], [ 34.12909, -0.82418 ], [ 34.12906, -0.82416 ], [ 34.12902, -0.82413 ], [ 34.12897, -0.82408 ], [ 34.12888, -0.82398 ], [ 34.12884, -0.82394 ], [ 34.12873, -0.82384 ], [ 34.12869, -0.8238 ], [ 34.12864, -0.82374 ], [ 34.12859, -0.82366 ], [ 34.12854, -0.82358 ], [ 34.12851, -0.82354 ], [ 34.1285, -0.8235 ], [ 34.12849, -0.82347 ], [ 34.12848, -0.82343 ], [ 34.12847, -0.82339 ], [ 34.12846, -0.8233 ], [ 34.12845, -0.82314 ], [ 34.12844, -0.82305 ], [ 34.12844, -0.8229 ], [ 34.12844, -0.82286 ], [ 34.12844, -0.82281 ], [ 34.12846, -0.82259 ], [ 34.12847, -0.82254 ], [ 34.12847, -0.8225 ], [ 34.12847, -0.82245 ], [ 34.12846, -0.8224 ], [ 34.12845, -0.82236 ], [ 34.12844, -0.82232 ], [ 34.12842, -0.82228 ], [ 34.12837, -0.82219 ], [ 34.12835, -0.82216 ], [ 34.12832, -0.82207 ], [ 34.12831, -0.82204 ], [ 34.12828, -0.82199 ], [ 34.12825, -0.82195 ], [ 34.12821, -0.8219 ], [ 34.12815, -0.82184 ], [ 34.12809, -0.82179 ], [ 34.128, -0.82172 ], [ 34.12795, -0.82168 ], [ 34.12793, -0.82166 ], [ 34.1279, -0.82164 ], [ 34.12788, -0.82161 ], [ 34.12786, -0.82157 ], [ 34.12784, -0.82153 ], [ 34.12783, -0.82149 ], [ 34.12781, -0.82144 ], [ 34.1278, -0.82139 ], [ 34.12779, -0.8213 ], [ 34.12778, -0.82127 ], [ 34.12778, -0.82118 ], [ 34.12777, -0.82115 ], [ 34.12777, -0.82113 ], [ 34.12775, -0.8211 ], [ 34.12773, -0.82106 ], [ 34.12771, -0.82103 ], [ 34.12767, -0.82098 ], [ 34.12764, -0.82095 ], [ 34.1276, -0.82091 ], [ 34.12755, -0.82088 ], [ 34.12751, -0.82084 ], [ 34.12748, -0.82083 ], [ 34.12739, -0.8208 ], [ 34.12736, -0.82078 ], [ 34.12732, -0.82075 ], [ 34.12723, -0.82069 ], [ 34.12718, -0.82066 ], [ 34.12706, -0.82059 ], [ 34.127, -0.82055 ], [ 34.12697, -0.82052 ], [ 34.12689, -0.82044 ], [ 34.12686, -0.82042 ], [ 34.1268, -0.82038 ], [ 34.12677, -0.82035 ], [ 34.12674, -0.82034 ], [ 34.12671, -0.82032 ], [ 34.12667, -0.82031 ], [ 34.12664, -0.82031 ], [ 34.1266, -0.82031 ], [ 34.12651, -0.8203 ], [ 34.12641, -0.8203 ], [ 34.12638, -0.8203 ], [ 34.12635, -0.8203 ], [ 34.12633, -0.82031 ], [ 34.1263, -0.82032 ], [ 34.12621, -0.82037 ], [ 34.12615, -0.8204 ], [ 34.12611, -0.82043 ], [ 34.12607, -0.82046 ], [ 34.126, -0.82052 ], [ 34.12597, -0.82055 ], [ 34.12588, -0.82063 ], [ 34.12584, -0.82066 ], [ 34.12582, -0.82067 ], [ 34.1258, -0.82068 ], [ 34.12578, -0.82068 ], [ 34.12576, -0.82069 ], [ 34.12573, -0.82069 ], [ 34.1257, -0.82068 ], [ 34.12568, -0.82068 ], [ 34.12565, -0.82067 ], [ 34.12564, -0.82066 ], [ 34.12563, -0.82065 ], [ 34.12562, -0.82064 ], [ 34.12561, -0.82063 ], [ 34.1256, -0.8206 ], [ 34.12556, -0.82052 ], [ 34.12555, -0.8205 ], [ 34.12553, -0.82048 ], [ 34.1255, -0.82045 ], [ 34.12546, -0.82042 ], [ 34.12541, -0.82039 ], [ 34.12535, -0.82035 ], [ 34.12528, -0.82032 ], [ 34.12523, -0.8203 ], [ 34.12518, -0.82028 ], [ 34.12513, -0.82027 ], [ 34.12508, -0.82026 ], [ 34.12501, -0.82025 ], [ 34.12495, -0.82024 ], [ 34.12489, -0.82024 ], [ 34.12465, -0.82026 ], [ 34.12457, -0.82026 ], [ 34.12438, -0.82027 ], [ 34.1243, -0.82028 ], [ 34.12421, -0.82028 ], [ 34.12413, -0.82028 ], [ 34.12406, -0.82027 ], [ 34.12398, -0.82026 ], [ 34.12391, -0.82025 ], [ 34.12384, -0.82024 ], [ 34.12368, -0.82022 ], [ 34.12362, -0.8202 ], [ 34.12359, -0.82019 ], [ 34.12356, -0.82018 ], [ 34.12353, -0.82017 ], [ 34.12351, -0.82016 ], [ 34.12349, -0.82013 ], [ 34.12347, -0.8201 ], [ 34.12345, -0.82006 ], [ 34.12343, -0.82002 ], [ 34.12342, -0.81998 ], [ 34.12341, -0.81993 ], [ 34.12339, -0.81976 ], [ 34.12338, -0.8197 ], [ 34.12337, -0.81964 ], [ 34.12337, -0.81958 ], [ 34.12337, -0.81952 ], [ 34.12336, -0.81937 ], [ 34.12336, -0.81929 ], [ 34.12335, -0.81925 ], [ 34.12334, -0.81922 ], [ 34.12334, -0.81918 ], [ 34.12333, -0.81915 ], [ 34.12329, -0.81907 ], [ 34.12325, -0.81897 ], [ 34.1232, -0.81886 ], [ 34.12317, -0.8188 ], [ 34.12315, -0.81877 ], [ 34.12313, -0.81875 ], [ 34.12311, -0.81873 ], [ 34.12309, -0.81871 ], [ 34.12307, -0.8187 ], [ 34.12305, -0.81869 ], [ 34.12294, -0.81864 ], [ 34.12292, -0.81863 ], [ 34.1229, -0.81862 ], [ 34.12288, -0.8186 ], [ 34.12285, -0.81858 ], [ 34.12278, -0.8185 ], [ 34.12276, -0.81848 ], [ 34.12273, -0.81846 ], [ 34.12271, -0.81844 ], [ 34.12267, -0.81842 ], [ 34.12263, -0.81841 ], [ 34.12258, -0.8184 ], [ 34.12246, -0.81837 ], [ 34.12242, -0.81836 ], [ 34.12239, -0.81835 ], [ 34.12236, -0.81834 ], [ 34.12232, -0.81832 ], [ 34.12222, -0.81825 ], [ 34.12218, -0.81823 ], [ 34.12215, -0.81821 ], [ 34.12212, -0.8182 ], [ 34.12207, -0.81819 ], [ 34.12196, -0.81817 ], [ 34.12191, -0.81815 ], [ 34.12188, -0.81814 ], [ 34.12184, -0.81812 ], [ 34.12173, -0.81805 ], [ 34.12169, -0.81802 ], [ 34.12163, -0.818 ], [ 34.1215, -0.81794 ], [ 34.12145, -0.81791 ], [ 34.12139, -0.81788 ], [ 34.12126, -0.8178 ], [ 34.12121, -0.81778 ], [ 34.12118, -0.81776 ], [ 34.12114, -0.81775 ], [ 34.12109, -0.81774 ], [ 34.12105, -0.81772 ], [ 34.121, -0.81771 ], [ 34.12091, -0.8177 ], [ 34.1208, -0.81769 ], [ 34.12076, -0.81769 ], [ 34.12072, -0.81769 ], [ 34.12052, -0.8177 ], [ 34.12034, -0.8177 ], [ 34.12026, -0.8177 ], [ 34.1202, -0.8177 ], [ 34.12013, -0.81772 ], [ 34.11991, -0.81776 ], [ 34.11984, -0.81777 ], [ 34.11975, -0.81779 ], [ 34.11954, -0.81784 ], [ 34.11944, -0.81785 ], [ 34.11938, -0.81786 ], [ 34.11933, -0.81787 ], [ 34.11928, -0.81787 ], [ 34.11923, -0.81787 ], [ 34.11916, -0.81786 ], [ 34.1191, -0.81785 ], [ 34.11904, -0.81784 ], [ 34.11899, -0.81783 ], [ 34.11892, -0.81781 ], [ 34.11887, -0.81779 ], [ 34.11882, -0.81777 ], [ 34.11878, -0.81775 ], [ 34.11874, -0.81773 ], [ 34.1187, -0.8177 ], [ 34.11866, -0.81766 ], [ 34.11861, -0.8176 ], [ 34.11856, -0.81756 ], [ 34.11851, -0.81749 ], [ 34.11846, -0.81742 ], [ 34.11842, -0.81736 ], [ 34.11838, -0.81729 ], [ 34.11835, -0.81722 ], [ 34.11832, -0.81717 ], [ 34.1183, -0.81712 ], [ 34.11829, -0.81708 ], [ 34.11827, -0.81703 ], [ 34.11826, -0.81699 ], [ 34.11825, -0.81694 ], [ 34.11824, -0.8169 ], [ 34.11824, -0.81685 ], [ 34.11823, -0.81674 ], [ 34.11822, -0.81662 ], [ 34.11823, -0.81653 ], [ 34.11824, -0.81632 ], [ 34.11824, -0.81627 ], [ 34.11824, -0.81614 ], [ 34.11824, -0.81609 ], [ 34.11824, -0.81606 ], [ 34.11824, -0.81603 ], [ 34.11825, -0.81601 ], [ 34.11825, -0.81598 ], [ 34.11827, -0.81595 ], [ 34.11833, -0.81587 ], [ 34.11834, -0.81585 ], [ 34.11835, -0.81583 ], [ 34.11836, -0.8158 ], [ 34.11837, -0.81577 ], [ 34.11838, -0.81573 ], [ 34.11838, -0.8157 ], [ 34.11838, -0.81567 ], [ 34.11839, -0.81564 ], [ 34.11839, -0.8156 ], [ 34.11838, -0.81558 ], [ 34.11838, -0.81554 ], [ 34.11836, -0.81551 ], [ 34.11835, -0.81547 ], [ 34.11832, -0.8154 ], [ 34.11829, -0.81534 ], [ 34.11827, -0.81529 ], [ 34.11824, -0.81525 ], [ 34.11821, -0.8152 ], [ 34.11819, -0.81517 ], [ 34.11816, -0.81514 ], [ 34.11806, -0.81504 ], [ 34.11803, -0.815 ], [ 34.118, -0.81497 ], [ 34.11798, -0.81494 ], [ 34.11795, -0.81489 ], [ 34.11793, -0.81484 ], [ 34.1179, -0.81478 ], [ 34.11786, -0.81467 ], [ 34.11782, -0.81457 ], [ 34.1178, -0.81449 ], [ 34.11779, -0.81445 ], [ 34.11778, -0.81441 ], [ 34.11777, -0.81437 ], [ 34.11777, -0.81432 ], [ 34.11776, -0.81423 ], [ 34.11776, -0.81404 ], [ 34.11776, -0.81395 ], [ 34.11775, -0.81387 ], [ 34.11773, -0.81381 ], [ 34.1177, -0.81371 ], [ 34.11767, -0.81363 ], [ 34.11765, -0.81357 ], [ 34.11762, -0.81352 ], [ 34.1176, -0.81349 ], [ 34.11757, -0.81346 ], [ 34.11748, -0.81336 ], [ 34.11744, -0.81331 ], [ 34.1174, -0.81325 ], [ 34.1173, -0.81311 ], [ 34.11727, -0.81305 ], [ 34.11722, -0.813 ], [ 34.11717, -0.81294 ], [ 34.11711, -0.81287 ], [ 34.11702, -0.81278 ], [ 34.11692, -0.81268 ], [ 34.11682, -0.81258 ], [ 34.11671, -0.81248 ], [ 34.1166, -0.81239 ], [ 34.11655, -0.81234 ], [ 34.11648, -0.81229 ], [ 34.11618, -0.81207 ], [ 34.11592, -0.81187 ], [ 34.11564, -0.81164 ], [ 34.11533, -0.81138 ], [ 34.11493, -0.81104 ], [ 34.11467, -0.81082 ], [ 34.11456, -0.81074 ], [ 34.11454, -0.81072 ], [ 34.11452, -0.8107 ], [ 34.11451, -0.81068 ], [ 34.1145, -0.81066 ], [ 34.11449, -0.81064 ], [ 34.11449, -0.81061 ], [ 34.11448, -0.81057 ], [ 34.11448, -0.81046 ], [ 34.11447, -0.81042 ], [ 34.11444, -0.81019 ], [ 34.11443, -0.81009 ], [ 34.1144, -0.80998 ], [ 34.11438, -0.80987 ], [ 34.11435, -0.80976 ], [ 34.11432, -0.80965 ], [ 34.11428, -0.80953 ], [ 34.11424, -0.8094 ], [ 34.11419, -0.80927 ], [ 34.11416, -0.80918 ], [ 34.11412, -0.80909 ], [ 34.11402, -0.80884 ], [ 34.11396, -0.80872 ], [ 34.11393, -0.80866 ], [ 34.1139, -0.8086 ], [ 34.11385, -0.80852 ], [ 34.11376, -0.80837 ], [ 34.11373, -0.80831 ], [ 34.11368, -0.80826 ], [ 34.11366, -0.80823 ], [ 34.11364, -0.80821 ], [ 34.1136, -0.80817 ], [ 34.11354, -0.80813 ], [ 34.11347, -0.80809 ], [ 34.11337, -0.80804 ], [ 34.1133, -0.80801 ], [ 34.11323, -0.80798 ], [ 34.11317, -0.80795 ], [ 34.11312, -0.80793 ], [ 34.11307, -0.80791 ], [ 34.11301, -0.8079 ], [ 34.11296, -0.80789 ], [ 34.11292, -0.80789 ], [ 34.11289, -0.80788 ], [ 34.11285, -0.80788 ], [ 34.11272, -0.80789 ], [ 34.11267, -0.80789 ], [ 34.11262, -0.8079 ], [ 34.11248, -0.8079 ], [ 34.11244, -0.8079 ], [ 34.11241, -0.8079 ], [ 34.11237, -0.80789 ], [ 34.11234, -0.80788 ], [ 34.11231, -0.80787 ], [ 34.11228, -0.80786 ], [ 34.11227, -0.80784 ], [ 34.11225, -0.80783 ], [ 34.11222, -0.80779 ], [ 34.11218, -0.80774 ], [ 34.11214, -0.80766 ], [ 34.11212, -0.80762 ], [ 34.1121, -0.80756 ], [ 34.11209, -0.80751 ], [ 34.11205, -0.80738 ], [ 34.11203, -0.8073 ], [ 34.11199, -0.8071 ], [ 34.11197, -0.80705 ], [ 34.11196, -0.807 ], [ 34.11193, -0.80691 ], [ 34.11191, -0.80687 ], [ 34.11189, -0.80683 ], [ 34.11186, -0.8068 ], [ 34.11185, -0.80678 ], [ 34.11183, -0.80676 ], [ 34.11181, -0.80675 ], [ 34.11178, -0.80673 ], [ 34.11175, -0.80659 ], [ 34.11166, -0.80668 ], [ 34.11163, -0.80668 ], [ 34.11153, -0.80667 ], [ 34.11149, -0.80667 ], [ 34.11145, -0.80666 ], [ 34.11141, -0.80664 ], [ 34.11136, -0.80663 ], [ 34.11132, -0.80661 ], [ 34.11124, -0.80658 ], [ 34.1112, -0.80656 ], [ 34.11116, -0.80654 ], [ 34.11113, -0.80652 ], [ 34.11111, -0.8065 ], [ 34.11109, -0.80648 ], [ 34.11104, -0.80641 ], [ 34.111, -0.80637 ], [ 34.11097, -0.80631 ], [ 34.11094, -0.80625 ], [ 34.11089, -0.80614 ], [ 34.11087, -0.80609 ], [ 34.11083, -0.80598 ], [ 34.11082, -0.80594 ], [ 34.1108, -0.8059 ], [ 34.11078, -0.80587 ], [ 34.11076, -0.80584 ], [ 34.11074, -0.80582 ], [ 34.11067, -0.80575 ], [ 34.11062, -0.80571 ], [ 34.11053, -0.80563 ], [ 34.11049, -0.8056 ], [ 34.11043, -0.80554 ], [ 34.11029, -0.8054 ], [ 34.11024, -0.80534 ], [ 34.11018, -0.8053 ], [ 34.11006, -0.8052 ], [ 34.11, -0.80516 ], [ 34.10997, -0.80513 ], [ 34.10987, -0.80503 ], [ 34.10984, -0.805 ], [ 34.10981, -0.80498 ], [ 34.10977, -0.80496 ], [ 34.10973, -0.80493 ], [ 34.10969, -0.80492 ], [ 34.10966, -0.8049 ], [ 34.10962, -0.80489 ], [ 34.10959, -0.80488 ], [ 34.10956, -0.80487 ], [ 34.10953, -0.80487 ], [ 34.10946, -0.80487 ], [ 34.10939, -0.80487 ], [ 34.10926, -0.80489 ], [ 34.10921, -0.80489 ], [ 34.10915, -0.80489 ], [ 34.1091, -0.80489 ], [ 34.10907, -0.80488 ], [ 34.10903, -0.80487 ], [ 34.10896, -0.80485 ], [ 34.10889, -0.80482 ], [ 34.10876, -0.80476 ], [ 34.10866, -0.80471 ], [ 34.10859, -0.80466 ], [ 34.10854, -0.80463 ], [ 34.10845, -0.80456 ], [ 34.10842, -0.80454 ], [ 34.1084, -0.80452 ], [ 34.10837, -0.80451 ], [ 34.10834, -0.8045 ], [ 34.10821, -0.80446 ], [ 34.10817, -0.80444 ], [ 34.10812, -0.80442 ], [ 34.10807, -0.80439 ], [ 34.10789, -0.80429 ], [ 34.10783, -0.80425 ], [ 34.10776, -0.80422 ], [ 34.10772, -0.80421 ], [ 34.10769, -0.8042 ], [ 34.10764, -0.80419 ], [ 34.10759, -0.80418 ], [ 34.10753, -0.80418 ], [ 34.10747, -0.80417 ], [ 34.10736, -0.80418 ], [ 34.10712, -0.8042 ], [ 34.10701, -0.80421 ], [ 34.10683, -0.80421 ], [ 34.10678, -0.80421 ], [ 34.10673, -0.80422 ], [ 34.10667, -0.80423 ], [ 34.1066, -0.80425 ], [ 34.10653, -0.80427 ], [ 34.10638, -0.80433 ], [ 34.10631, -0.80436 ], [ 34.10622, -0.80438 ], [ 34.106, -0.80444 ], [ 34.10589, -0.80448 ], [ 34.10567, -0.80455 ], [ 34.10554, -0.8046 ], [ 34.10547, -0.80463 ], [ 34.10542, -0.80465 ], [ 34.10536, -0.80468 ], [ 34.10531, -0.80471 ], [ 34.10528, -0.80473 ], [ 34.10524, -0.80475 ], [ 34.1051, -0.80486 ], [ 34.10504, -0.80483 ], [ 34.10503, -0.80491 ], [ 34.10498, -0.80493 ], [ 34.10493, -0.80495 ], [ 34.10487, -0.80497 ], [ 34.10475, -0.805 ], [ 34.10469, -0.80502 ], [ 34.10464, -0.80504 ], [ 34.1046, -0.80506 ], [ 34.10457, -0.80509 ], [ 34.10453, -0.80511 ], [ 34.10446, -0.80517 ], [ 34.10438, -0.80523 ], [ 34.10424, -0.80536 ], [ 34.10419, -0.8054 ], [ 34.10415, -0.80545 ], [ 34.10395, -0.80566 ], [ 34.1039, -0.80571 ], [ 34.10386, -0.80574 ], [ 34.10378, -0.80581 ], [ 34.1037, -0.80588 ], [ 34.1036, -0.80595 ], [ 34.10344, -0.80607 ], [ 34.10317, -0.80627 ], [ 34.10306, -0.80635 ], [ 34.10293, -0.80645 ], [ 34.10281, -0.80656 ], [ 34.10256, -0.80677 ], [ 34.10231, -0.80697 ], [ 34.10223, -0.80705 ], [ 34.10213, -0.80714 ], [ 34.10205, -0.80722 ], [ 34.10199, -0.80728 ], [ 34.10193, -0.80735 ], [ 34.10173, -0.80761 ], [ 34.10155, -0.80783 ], [ 34.10147, -0.80792 ], [ 34.10144, -0.80796 ], [ 34.1014, -0.80801 ], [ 34.10125, -0.80815 ], [ 34.1012, -0.80821 ], [ 34.10114, -0.80827 ], [ 34.1011, -0.80832 ], [ 34.10106, -0.80838 ], [ 34.101, -0.80849 ], [ 34.10097, -0.80854 ], [ 34.10094, -0.80858 ], [ 34.10091, -0.80861 ], [ 34.10089, -0.80864 ], [ 34.10086, -0.80866 ], [ 34.10083, -0.80868 ], [ 34.1008, -0.8087 ], [ 34.10073, -0.80874 ], [ 34.10056, -0.80882 ], [ 34.10052, -0.80884 ], [ 34.10049, -0.80886 ], [ 34.10045, -0.80889 ], [ 34.10037, -0.80895 ], [ 34.10034, -0.80897 ], [ 34.1003, -0.809 ], [ 34.10026, -0.80901 ], [ 34.10023, -0.80902 ], [ 34.1002, -0.80903 ], [ 34.10016, -0.80903 ], [ 34.10012, -0.80903 ], [ 34.10005, -0.80903 ], [ 34.09988, -0.80901 ], [ 34.09983, -0.80901 ], [ 34.0998, -0.80901 ], [ 34.09969, -0.80902 ], [ 34.09962, -0.80902 ], [ 34.09954, -0.80903 ], [ 34.09949, -0.80904 ], [ 34.09946, -0.80905 ], [ 34.09944, -0.80906 ], [ 34.09941, -0.80907 ], [ 34.09938, -0.80909 ], [ 34.09933, -0.80913 ], [ 34.09921, -0.80922 ], [ 34.09918, -0.80925 ], [ 34.09916, -0.80926 ], [ 34.09908, -0.8093 ], [ 34.099, -0.80935 ], [ 34.09874, -0.80948 ], [ 34.09864, -0.80952 ], [ 34.09859, -0.80955 ], [ 34.09847, -0.80963 ], [ 34.09841, -0.80966 ], [ 34.09835, -0.80969 ], [ 34.0983, -0.80971 ], [ 34.09824, -0.80973 ], [ 34.09816, -0.80974 ], [ 34.09809, -0.80975 ], [ 34.09794, -0.80976 ], [ 34.09789, -0.80976 ], [ 34.09777, -0.80976 ], [ 34.09773, -0.80976 ], [ 34.09768, -0.80976 ], [ 34.09764, -0.80977 ], [ 34.09761, -0.80978 ], [ 34.09753, -0.8098 ], [ 34.09752, -0.80981 ], [ 34.0975, -0.80981 ], [ 34.09748, -0.80981 ], [ 34.09745, -0.80981 ], [ 34.09743, -0.80981 ], [ 34.09741, -0.8098 ], [ 34.09736, -0.80978 ], [ 34.09725, -0.80973 ], [ 34.09722, -0.80972 ], [ 34.09719, -0.80971 ], [ 34.09716, -0.8097 ], [ 34.09713, -0.8097 ], [ 34.09701, -0.80969 ], [ 34.09696, -0.80968 ], [ 34.09692, -0.80968 ], [ 34.09688, -0.80966 ], [ 34.09685, -0.80965 ], [ 34.09681, -0.80963 ], [ 34.0967, -0.80955 ], [ 34.09665, -0.80952 ], [ 34.09657, -0.80948 ], [ 34.09648, -0.80944 ], [ 34.09639, -0.80941 ], [ 34.09616, -0.80932 ], [ 34.09582, -0.80919 ], [ 34.09571, -0.80915 ], [ 34.09562, -0.80911 ], [ 34.09556, -0.8091 ], [ 34.09549, -0.80908 ], [ 34.09523, -0.80902 ], [ 34.09512, -0.80899 ], [ 34.09498, -0.80895 ], [ 34.09494, -0.80894 ], [ 34.0949, -0.80893 ], [ 34.09487, -0.80891 ], [ 34.09483, -0.8089 ], [ 34.0948, -0.80888 ], [ 34.09476, -0.80885 ], [ 34.09469, -0.8088 ], [ 34.09453, -0.80867 ], [ 34.09448, -0.80864 ], [ 34.09443, -0.80861 ], [ 34.0944, -0.80859 ], [ 34.09435, -0.80857 ], [ 34.09419, -0.8085 ], [ 34.09412, -0.80846 ], [ 34.09406, -0.80843 ], [ 34.09403, -0.80841 ], [ 34.09401, -0.80839 ], [ 34.09398, -0.80836 ], [ 34.09394, -0.80833 ], [ 34.09386, -0.80824 ], [ 34.0938, -0.80818 ], [ 34.09375, -0.80812 ], [ 34.0937, -0.80805 ], [ 34.09365, -0.80799 ], [ 34.0936, -0.80791 ], [ 34.09355, -0.80783 ], [ 34.0935, -0.80776 ], [ 34.09347, -0.80769 ], [ 34.09344, -0.80764 ], [ 34.09342, -0.80758 ], [ 34.09333, -0.80734 ], [ 34.09324, -0.80713 ], [ 34.09319, -0.807 ], [ 34.09316, -0.80694 ], [ 34.09308, -0.8068 ], [ 34.09305, -0.80672 ], [ 34.093, -0.80662 ], [ 34.09297, -0.80652 ], [ 34.09295, -0.80644 ], [ 34.09293, -0.80636 ], [ 34.09291, -0.80628 ], [ 34.0929, -0.80616 ], [ 34.09289, -0.80612 ], [ 34.09289, -0.80607 ], [ 34.0929, -0.8059 ], [ 34.09289, -0.80583 ], [ 34.09289, -0.80579 ], [ 34.09289, -0.80576 ], [ 34.09288, -0.80573 ], [ 34.09287, -0.8057 ], [ 34.09285, -0.80565 ], [ 34.09283, -0.8056 ], [ 34.0928, -0.80556 ], [ 34.09274, -0.80546 ], [ 34.09271, -0.80541 ], [ 34.09267, -0.80534 ], [ 34.09259, -0.80515 ], [ 34.09254, -0.80506 ], [ 34.09249, -0.80498 ], [ 34.09244, -0.8049 ], [ 34.09238, -0.80483 ], [ 34.09222, -0.8046 ], [ 34.09217, -0.80453 ], [ 34.09213, -0.80447 ], [ 34.09204, -0.80433 ], [ 34.092, -0.80427 ], [ 34.0919, -0.80414 ], [ 34.09188, -0.8041 ], [ 34.09186, -0.80407 ], [ 34.09182, -0.804 ], [ 34.09179, -0.80393 ], [ 34.09178, -0.80389 ], [ 34.09177, -0.80385 ], [ 34.09175, -0.80372 ], [ 34.09175, -0.80368 ], [ 34.09174, -0.80364 ], [ 34.09173, -0.80361 ], [ 34.0917, -0.80357 ], [ 34.09168, -0.80352 ], [ 34.09156, -0.80335 ], [ 34.09143, -0.80317 ], [ 34.0913, -0.80297 ], [ 34.09113, -0.80274 ], [ 34.091, -0.80256 ], [ 34.09087, -0.8024 ], [ 34.09073, -0.80222 ], [ 34.09059, -0.80206 ], [ 34.0905, -0.80195 ], [ 34.09041, -0.80186 ], [ 34.09034, -0.80179 ], [ 34.09027, -0.80174 ], [ 34.09021, -0.80168 ], [ 34.09013, -0.80163 ], [ 34.09007, -0.80159 ], [ 34.09, -0.80155 ], [ 34.08994, -0.80152 ], [ 34.08987, -0.80149 ], [ 34.0898, -0.80147 ], [ 34.08973, -0.80145 ], [ 34.08955, -0.80141 ], [ 34.08933, -0.80135 ], [ 34.08916, -0.80131 ], [ 34.08901, -0.80129 ], [ 34.08887, -0.80127 ], [ 34.08871, -0.80125 ], [ 34.08855, -0.80124 ], [ 34.08839, -0.80124 ], [ 34.08823, -0.80125 ], [ 34.08814, -0.80125 ], [ 34.08804, -0.80126 ], [ 34.08793, -0.80128 ], [ 34.0878, -0.80129 ], [ 34.08766, -0.80132 ], [ 34.08742, -0.80136 ], [ 34.08709, -0.80143 ], [ 34.087, -0.80144 ], [ 34.08693, -0.80145 ], [ 34.08679, -0.80146 ], [ 34.08673, -0.80147 ], [ 34.08664, -0.80149 ], [ 34.0866, -0.8015 ], [ 34.08655, -0.80152 ], [ 34.08651, -0.80153 ], [ 34.08648, -0.80155 ], [ 34.08644, -0.80156 ], [ 34.08641, -0.80158 ], [ 34.08637, -0.80161 ], [ 34.08633, -0.80164 ], [ 34.08629, -0.80167 ], [ 34.08621, -0.80176 ], [ 34.08617, -0.8018 ], [ 34.08599, -0.80195 ], [ 34.08591, -0.80201 ], [ 34.08586, -0.80205 ], [ 34.08582, -0.80207 ], [ 34.08578, -0.80209 ], [ 34.08574, -0.80211 ], [ 34.08567, -0.80214 ], [ 34.0856, -0.80216 ], [ 34.08552, -0.80218 ], [ 34.08543, -0.80219 ], [ 34.08536, -0.80219 ], [ 34.08529, -0.8022 ], [ 34.08521, -0.80219 ], [ 34.08511, -0.80219 ], [ 34.08504, -0.80218 ], [ 34.08496, -0.80217 ], [ 34.08488, -0.80216 ], [ 34.0848, -0.80214 ], [ 34.08467, -0.80211 ], [ 34.08452, -0.80207 ], [ 34.08441, -0.80203 ], [ 34.08417, -0.80195 ], [ 34.08394, -0.80186 ], [ 34.08387, -0.80184 ], [ 34.08381, -0.80182 ], [ 34.08373, -0.80181 ], [ 34.08364, -0.80179 ], [ 34.08354, -0.80177 ], [ 34.08337, -0.80175 ], [ 34.08314, -0.80172 ], [ 34.08304, -0.80171 ], [ 34.08307, -0.80168 ], [ 34.08463, -0.80026 ], [ 34.08718, -0.79711 ], [ 34.08909, -0.79548 ], [ 34.09078, -0.79404 ], [ 34.09108, -0.79378 ], [ 34.09301, -0.79181 ], [ 34.09404, -0.79044 ], [ 34.0979, -0.78635 ], [ 34.09799, -0.78626 ], [ 34.09863, -0.78525 ], [ 34.09959, -0.7845 ], [ 34.1003, -0.78435 ], [ 34.10088, -0.78458 ], [ 34.1019, -0.78524 ], [ 34.10279, -0.78524 ], [ 34.10326, -0.78513 ], [ 34.10358, -0.78513 ], [ 34.10379, -0.78508 ], [ 34.10513, -0.78528 ], [ 34.10793, -0.78508 ], [ 34.10953, -0.78466 ], [ 34.11149, -0.78394 ], [ 34.1129, -0.78354 ], [ 34.11293, -0.78353 ], [ 34.11511, -0.78223 ], [ 34.11635, -0.78125 ], [ 34.11713, -0.78068 ], [ 34.1178, -0.78037 ], [ 34.11847, -0.78037 ], [ 34.11878, -0.78115 ], [ 34.11919, -0.78176 ], [ 34.11951, -0.78223 ], [ 34.12039, -0.78337 ], [ 34.12101, -0.78379 ], [ 34.12173, -0.78415 ], [ 34.12266, -0.7841 ], [ 34.12401, -0.78384 ], [ 34.12473, -0.78358 ], [ 34.12585, -0.78286 ], [ 34.12939, -0.78209 ], [ 34.13093, -0.78171 ], [ 34.13352, -0.7812 ], [ 34.13528, -0.78074 ], [ 34.13632, -0.7806 ], [ 34.13766, -0.78054 ], [ 34.13848, -0.78048 ], [ 34.13894, -0.78037 ], [ 34.13906, -0.78033 ], [ 34.13946, -0.78019 ], [ 34.13993, -0.78037 ], [ 34.14034, -0.78095 ], [ 34.14057, -0.78147 ], [ 34.1411, -0.78153 ], [ 34.14203, -0.78136 ], [ 34.14348, -0.78031 ], [ 34.14459, -0.77944 ], [ 34.14517, -0.77868 ], [ 34.1461, -0.77699 ], [ 34.14727, -0.77513 ], [ 34.14802, -0.77385 ], [ 34.14866, -0.77239 ], [ 34.14944, -0.77106 ], [ 34.14983, -0.77041 ], [ 34.15088, -0.76878 ], [ 34.15216, -0.76791 ], [ 34.15344, -0.76762 ], [ 34.15507, -0.76773 ], [ 34.15664, -0.76849 ], [ 34.15833, -0.76907 ], [ 34.15984, -0.7696 ], [ 34.16066, -0.77047 ], [ 34.16118, -0.77099 ], [ 34.16229, -0.77175 ], [ 34.16421, -0.77245 ], [ 34.16543, -0.77297 ], [ 34.16753, -0.77385 ], [ 34.16793, -0.77408 ], [ 34.16911, -0.77403 ], [ 34.16995, -0.77323 ], [ 34.1718, -0.77243 ], [ 34.17323, -0.77172 ], [ 34.17475, -0.77076 ], [ 34.17533, -0.76989 ], [ 34.1757, -0.77015 ], [ 34.17533, -0.76989 ], [ 34.17533, -0.76989 ], [ 34.17533, -0.76989 ], [ 34.17561, -0.76891 ], [ 34.17597, -0.76782 ], [ 34.17609, -0.76748 ], [ 34.17652, -0.76618 ], [ 34.17695, -0.76466 ], [ 34.17734, -0.76305 ], [ 34.17778, -0.76197 ], [ 34.17808, -0.7614 ], [ 34.17843, -0.76114 ], [ 34.17895, -0.76114 ], [ 34.17956, -0.7614 ], [ 34.18047, -0.76227 ], [ 34.18108, -0.76288 ], [ 34.18208, -0.76353 ], [ 34.18255, -0.76403 ], [ 34.18264, -0.76407 ], [ 34.18422, -0.76496 ], [ 34.18578, -0.76559 ], [ 34.18693, -0.76578 ], [ 34.18753, -0.76602 ], [ 34.18758, -0.76604 ], [ 34.18924, -0.76641 ], [ 34.18969, -0.76651 ], [ 34.19102, -0.76646 ], [ 34.19116, -0.76645 ], [ 34.19196, -0.76643 ], [ 34.19404, -0.76583 ], [ 34.19407, -0.76583 ], [ 34.19531, -0.76491 ], [ 34.19687, -0.76304 ], [ 34.19735, -0.76229 ], [ 34.19873, -0.76012 ], [ 34.19963, -0.75762 ], [ 34.19998, -0.75663 ], [ 34.20208, -0.75495 ], [ 34.20347, -0.75395 ], [ 34.20397, -0.75443 ], [ 34.2041, -0.75461 ], [ 34.20591, -0.75625 ], [ 34.20615, -0.75649 ], [ 34.20651, -0.75697 ], [ 34.20681, -0.75726 ], [ 34.20709, -0.75752 ], [ 34.20759, -0.75791 ], [ 34.20762, -0.75793 ], [ 34.20883, -0.75903 ], [ 34.20891, -0.7591 ], [ 34.20895, -0.75915 ], [ 34.21011, -0.76046 ], [ 34.21049, -0.76111 ], [ 34.21065, -0.76139 ], [ 34.21081, -0.76165 ], [ 34.21121, -0.76226 ], [ 34.21154, -0.76275 ], [ 34.21162, -0.76301 ], [ 34.21165, -0.76317 ], [ 34.21168, -0.7637 ], [ 34.2117, -0.76377 ], [ 34.21173, -0.76416 ], [ 34.21195, -0.7647 ], [ 34.21214, -0.76514 ], [ 34.21237, -0.76551 ], [ 34.21247, -0.76561 ], [ 34.21266, -0.76583 ], [ 34.21272, -0.76594 ], [ 34.21292, -0.76607 ], [ 34.21308, -0.76606 ], [ 34.21309, -0.76614 ], [ 34.21301, -0.76711 ], [ 34.2134, -0.76808 ], [ 34.21353, -0.76851 ], [ 34.21358, -0.76876 ], [ 34.21362, -0.7692 ], [ 34.21383, -0.76965 ], [ 34.21408, -0.77015 ], [ 34.2144, -0.77046 ], [ 34.21461, -0.77059 ], [ 34.21479, -0.7707 ], [ 34.21518, -0.7709 ], [ 34.21558, -0.7711 ], [ 34.21603, -0.77127 ], [ 34.21662, -0.77161 ], [ 34.21738, -0.77197 ], [ 34.21754, -0.77204 ], [ 34.21804, -0.77228 ], [ 34.21849, -0.77238 ], [ 34.21899, -0.77257 ], [ 34.21955, -0.77286 ], [ 34.2199, -0.77309 ], [ 34.22014, -0.77331 ], [ 34.22048, -0.77379 ], [ 34.22049, -0.7738 ], [ 34.22052, -0.77384 ], [ 34.22056, -0.77388 ], [ 34.22083, -0.77422 ], [ 34.22102, -0.77441 ], [ 34.2213, -0.77456 ], [ 34.22151, -0.77466 ], [ 34.22175, -0.77478 ], [ 34.22183, -0.77483 ], [ 34.22218, -0.775 ], [ 34.22248, -0.77522 ], [ 34.22282, -0.77548 ], [ 34.22304, -0.77576 ], [ 34.22337, -0.77609 ], [ 34.22358, -0.77633 ], [ 34.22365, -0.77645 ], [ 34.22378, -0.7766 ], [ 34.22389, -0.77672 ], [ 34.22402, -0.77687 ], [ 34.22422, -0.77702 ], [ 34.22427, -0.77706 ], [ 34.22451, -0.77727 ], [ 34.22474, -0.7774 ], [ 34.22509, -0.77754 ], [ 34.22545, -0.77773 ], [ 34.22547, -0.77774 ], [ 34.22567, -0.77793 ], [ 34.22577, -0.77809 ], [ 34.22585, -0.77825 ], [ 34.22592, -0.77839 ], [ 34.22614, -0.7785 ], [ 34.22619, -0.77853 ], [ 34.22642, -0.77868 ], [ 34.22644, -0.77877 ], [ 34.22646, -0.7788 ], [ 34.22652, -0.77895 ], [ 34.2264, -0.77918 ], [ 34.22632, -0.77938 ], [ 34.22632, -0.77962 ], [ 34.22635, -0.7797 ], [ 34.22642, -0.77977 ], [ 34.22679, -0.78011 ], [ 34.22693, -0.78025 ], [ 34.22719, -0.78052 ], [ 34.2272, -0.78055 ], [ 34.22723, -0.78057 ], [ 34.22748, -0.78092 ], [ 34.22756, -0.78103 ], [ 34.22762, -0.7811 ], [ 34.22764, -0.78112 ], [ 34.22781, -0.78126 ], [ 34.22806, -0.78132 ], [ 34.22829, -0.78139 ], [ 34.22847, -0.78159 ], [ 34.22868, -0.78171 ], [ 34.22901, -0.78175 ], [ 34.22939, -0.78201 ], [ 34.22962, -0.78207 ], [ 34.22972, -0.78211 ], [ 34.22993, -0.78219 ], [ 34.23048, -0.78261 ], [ 34.23078, -0.78288 ], [ 34.23111, -0.78301 ], [ 34.23151, -0.7831 ], [ 34.23211, -0.78331 ], [ 34.23222, -0.78336 ], [ 34.23225, -0.78336 ], [ 34.23225, -0.78336 ], [ 34.23239, -0.78343 ], [ 34.23257, -0.78351 ], [ 34.23265, -0.78354 ], [ 34.233, -0.7838 ], [ 34.23325, -0.78407 ], [ 34.23347, -0.78438 ], [ 34.23361, -0.78458 ], [ 34.23362, -0.7846 ], [ 34.23363, -0.78461 ], [ 34.23392, -0.78493 ], [ 34.23397, -0.78502 ], [ 34.23438, -0.78581 ], [ 34.23471, -0.78634 ], [ 34.23482, -0.78648 ], [ 34.23493, -0.78663 ], [ 34.23501, -0.78675 ], [ 34.23515, -0.78691 ], [ 34.23521, -0.78697 ], [ 34.2353, -0.78716 ], [ 34.2354, -0.78737 ], [ 34.23552, -0.78766 ], [ 34.23562, -0.78787 ], [ 34.23569, -0.78803 ], [ 34.23592, -0.78836 ], [ 34.23612, -0.7888 ], [ 34.23621, -0.78898 ], [ 34.23623, -0.78934 ], [ 34.23633, -0.79007 ], [ 34.23648, -0.7904 ], [ 34.23651, -0.79068 ], [ 34.23654, -0.79098 ], [ 34.2365, -0.79125 ], [ 34.23645, -0.79153 ], [ 34.23643, -0.79222 ], [ 34.23654, -0.79291 ], [ 34.23671, -0.79326 ], [ 34.23692, -0.79361 ], [ 34.23714, -0.7939 ], [ 34.23734, -0.79405 ], [ 34.23738, -0.79408 ], [ 34.23756, -0.79413 ], [ 34.23775, -0.79416 ], [ 34.23794, -0.79416 ], [ 34.23808, -0.79416 ], [ 34.23815, -0.79417 ], [ 34.23833, -0.79425 ], [ 34.23835, -0.79426 ], [ 34.23848, -0.7944 ], [ 34.23853, -0.79459 ], [ 34.23862, -0.79489 ], [ 34.23863, -0.79517 ], [ 34.23864, -0.79519 ], [ 34.23873, -0.79544 ], [ 34.23891, -0.79557 ], [ 34.23909, -0.79583 ], [ 34.23909, -0.79584 ], [ 34.23922, -0.79601 ], [ 34.23932, -0.79621 ], [ 34.23935, -0.79645 ], [ 34.23921, -0.7967 ], [ 34.23921, -0.79688 ], [ 34.23923, -0.79707 ], [ 34.23923, -0.79713 ], [ 34.2394, -0.79732 ], [ 34.23944, -0.79736 ], [ 34.23946, -0.79738 ], [ 34.23979, -0.79755 ], [ 34.23985, -0.79758 ], [ 34.24035, -0.79787 ], [ 34.24038, -0.79791 ], [ 34.24048, -0.79797 ], [ 34.24065, -0.79822 ], [ 34.24078, -0.79842 ], [ 34.24085, -0.79856 ], [ 34.24085, -0.7987 ], [ 34.24085, -0.79879 ], [ 34.24096, -0.79902 ], [ 34.24103, -0.79907 ], [ 34.24114, -0.79915 ], [ 34.24129, -0.79937 ], [ 34.2413, -0.79939 ], [ 34.2414, -0.79952 ], [ 34.24145, -0.79958 ], [ 34.24159, -0.79984 ], [ 34.2418, -0.80034 ], [ 34.2418, -0.80034 ], [ 34.24198, -0.8007 ], [ 34.24198, -0.8007 ], [ 34.24209, -0.80099 ], [ 34.24212, -0.80111 ], [ 34.24217, -0.80134 ], [ 34.24236, -0.80168 ], [ 34.2426, -0.80197 ], [ 34.243, -0.80222 ], [ 34.24335, -0.80255 ], [ 34.2436, -0.80282 ], [ 34.24371, -0.803 ], [ 34.24378, -0.80312 ], [ 34.24416, -0.80349 ], [ 34.24443, -0.80368 ], [ 34.24475, -0.80383 ], [ 34.24492, -0.80384 ], [ 34.24529, -0.804 ], [ 34.24578, -0.80429 ], [ 34.24598, -0.80446 ], [ 34.24608, -0.80462 ], [ 34.24615, -0.80478 ], [ 34.2462, -0.80503 ], [ 34.24628, -0.80546 ], [ 34.24643, -0.80623 ], [ 34.2466, -0.80696 ], [ 34.24695, -0.80776 ], [ 34.24727, -0.8085 ], [ 34.24752, -0.80887 ], [ 34.24772, -0.80911 ], [ 34.24798, -0.8094 ], [ 34.24842, -0.8099 ], [ 34.24909, -0.8105 ], [ 34.24972, -0.81102 ], [ 34.25017, -0.81146 ], [ 34.25067, -0.81178 ], [ 34.25101, -0.81187 ], [ 34.25153, -0.81216 ], [ 34.25167, -0.8121 ], [ 34.25215, -0.8119 ], [ 34.25268, -0.81186 ], [ 34.25297, -0.812 ], [ 34.25351, -0.81224 ], [ 34.25422, -0.81284 ], [ 34.25564, -0.8138 ], [ 34.25635, -0.81379 ], [ 34.25822, -0.81392 ], [ 34.26086, -0.81464 ], [ 34.26489, -0.81567 ], [ 34.26538, -0.81579 ], [ 34.26664, -0.81604 ], [ 34.2682, -0.81696 ], [ 34.26957, -0.81785 ], [ 34.27066, -0.81877 ], [ 34.27092, -0.81899 ], [ 34.27229, -0.82018 ], [ 34.27281, -0.82062 ], [ 34.27368, -0.8216 ], [ 34.27393, -0.82188 ], [ 34.27439, -0.82239 ], [ 34.27527, -0.82324 ], [ 34.27531, -0.82328 ], [ 34.27712, -0.82502 ], [ 34.27813, -0.8256 ], [ 34.27876, -0.82596 ], [ 34.28054, -0.82666 ], [ 34.28396, -0.82738 ], [ 34.28501, -0.82759 ], [ 34.28502, -0.82759 ], [ 34.28633, -0.82785 ], [ 34.28644, -0.82797 ], [ 34.28644, -0.82797 ], [ 34.28694, -0.82849 ], [ 34.28753, -0.82958 ], [ 34.28797, -0.83039 ], [ 34.28828, -0.83079 ], [ 34.28853, -0.83098 ], [ 34.28871, -0.83116 ], [ 34.28891, -0.83159 ], [ 34.28909, -0.83193 ], [ 34.28937, -0.83214 ], [ 34.28943, -0.83216 ], [ 34.28923, -0.83227 ], [ 34.28949, -0.8323 ], [ 34.28981, -0.83233 ], [ 34.29008, -0.83235 ], [ 34.29042, -0.83239 ], [ 34.29074, -0.83276 ], [ 34.29099, -0.83305 ], [ 34.29127, -0.83353 ], [ 34.29165, -0.83392 ], [ 34.29199, -0.83419 ], [ 34.29255, -0.83462 ], [ 34.29294, -0.83493 ], [ 34.29344, -0.83531 ], [ 34.29383, -0.83586 ], [ 34.294, -0.83622 ], [ 34.29433, -0.83654 ], [ 34.29455, -0.83657 ], [ 34.29488, -0.83662 ], [ 34.29521, -0.83667 ], [ 34.29538, -0.83687 ], [ 34.2955, -0.83726 ], [ 34.2955, -0.83781 ], [ 34.29556, -0.83803 ], [ 34.29627, -0.83869 ], [ 34.2968, -0.83895 ], [ 34.29757, -0.83922 ], [ 34.2982, -0.83954 ], [ 34.29871, -0.83969 ], [ 34.2993, -0.84003 ], [ 34.29977, -0.8403 ], [ 34.30005, -0.84068 ], [ 34.3005, -0.84138 ], [ 34.3005, -0.8414 ], [ 34.30051, -0.8414 ], [ 34.30051, -0.84139 ], [ 34.30098, -0.84227 ], [ 34.30107, -0.84243 ], [ 34.30274, -0.84558 ], [ 34.3031, -0.84626 ], [ 34.30402, -0.84683 ], [ 34.30458, -0.8475 ], [ 34.30483, -0.84779 ], [ 34.30486, -0.84782 ], [ 34.30503, -0.84822 ], [ 34.30535, -0.84897 ], [ 34.30541, -0.8491 ], [ 34.30565, -0.84965 ], [ 34.30585, -0.85011 ], [ 34.30626, -0.85062 ], [ 34.30691, -0.85142 ], [ 34.3121, -0.85786 ], [ 34.3121, -0.85787 ], [ 34.31212, -0.85789 ], [ 34.31414, -0.86008 ], [ 34.31475, -0.86075 ], [ 34.3155, -0.86156 ], [ 34.31652, -0.86267 ], [ 34.31796, -0.86422 ], [ 34.32178, -0.86805 ], [ 34.32179, -0.86809 ], [ 34.32215, -0.86805 ], [ 34.32272, -0.86799 ], [ 34.32321, -0.86793 ], [ 34.32371, -0.86809 ], [ 34.32405, -0.86831 ], [ 34.32437, -0.86851 ] ], [ [ 34.17633, -0.77057 ], [ 34.17597, -0.77039 ], [ 34.17597, -0.77039 ], [ 34.17633, -0.77057 ], [ 34.17645, -0.77065 ], [ 34.17633, -0.77057 ] ] ] ] } },
{ "type": "Feature", "properties": { "entity_id": 223, "p_entity": 28, "name": "Rongo Sub County" }, "geometry": { "type": "MultiPolygon", "coordinates": [ [ [ [ 34.55633, -0.67035 ], [ 34.55637, -0.67055 ], [ 34.55634, -0.67046 ], [ 34.55633, -0.67041 ], [ 34.55633, -0.67038 ], [ 34.55633, -0.67035 ] ] ], [ [ [ 34.61751, -0.87293 ], [ 34.6175, -0.87294 ], [ 34.61756, -0.87297 ], [ 34.61751, -0.87293 ], [ 34.61759, -0.8728 ], [ 34.61773, -0.87277 ], [ 34.61783, -0.87282 ], [ 34.61791, -0.873 ], [ 34.61795, -0.87308 ], [ 34.61807, -0.87312 ], [ 34.61809, -0.87319 ], [ 34.61806, -0.87314 ], [ 34.61809, -0.8732 ], [ 34.61813, -0.87334 ], [ 34.61814, -0.87339 ], [ 34.61817, -0.87342 ], [ 34.61817, -0.87345 ], [ 34.61819, -0.87348 ], [ 34.61819, -0.87351 ], [ 34.61822, -0.87354 ], [ 34.61822, -0.87359 ], [ 34.61825, -0.87362 ], [ 34.61824, -0.87396 ], [ 34.61793, -0.87427 ], [ 34.6179, -0.87427 ], [ 34.61778, -0.87439 ], [ 34.61778, -0.87441 ], [ 34.61775, -0.87444 ], [ 34.61775, -0.87447 ], [ 34.61772, -0.8745 ], [ 34.61772, -0.87458 ], [ 34.61769, -0.87461 ], [ 34.61769, -0.87478 ], [ 34.61766, -0.87481 ], [ 34.61766, -0.87541 ], [ 34.61768, -0.87544 ], [ 34.61768, -0.87552 ], [ 34.61771, -0.87555 ], [ 34.61771, -0.87564 ], [ 34.61774, -0.87566 ], [ 34.61774, -0.87575 ], [ 34.61777, -0.87578 ], [ 34.61776, -0.87598 ], [ 34.61779, -0.87601 ], [ 34.61779, -0.87606 ], [ 34.61782, -0.87609 ], [ 34.61781, -0.87712 ], [ 34.61783, -0.87715 ], [ 34.61782, -0.87787 ], [ 34.61782, -0.87814 ], [ 34.61779, -0.87817 ], [ 34.61779, -0.87823 ], [ 34.61776, -0.87825 ], [ 34.61776, -0.87834 ], [ 34.61773, -0.87837 ], [ 34.61773, -0.8784 ], [ 34.6177, -0.87842 ], [ 34.6177, -0.87845 ], [ 34.61767, -0.87848 ], [ 34.61767, -0.87857 ], [ 34.61764, -0.87859 ], [ 34.61764, -0.87865 ], [ 34.61761, -0.87868 ], [ 34.61761, -0.87879 ], [ 34.61758, -0.87882 ], [ 34.61758, -0.87885 ], [ 34.61755, -0.87888 ], [ 34.61755, -0.87899 ], [ 34.61752, -0.87902 ], [ 34.61752, -0.87945 ], [ 34.61749, -0.87947 ], [ 34.61749, -0.8795 ], [ 34.61743, -0.87956 ], [ 34.61743, -0.87962 ], [ 34.6174, -0.87964 ], [ 34.61733, -0.87962 ], [ 34.61735, -0.87987 ], [ 34.61733, -0.87987 ], [ 34.61733, -0.87987 ], [ 34.61732, -0.87987 ], [ 34.61732, -0.87988 ], [ 34.61732, -0.87988 ], [ 34.61715, -0.88002 ], [ 34.61705, -0.88015 ], [ 34.61695, -0.88025 ], [ 34.61697, -0.88029 ], [ 34.61694, -0.88032 ], [ 34.61694, -0.88035 ], [ 34.61688, -0.88041 ], [ 34.61688, -0.88043 ], [ 34.61676, -0.88055 ], [ 34.61676, -0.88057 ], [ 34.61673, -0.8806 ], [ 34.61673, -0.88063 ], [ 34.6167, -0.88066 ], [ 34.6167, -0.88069 ], [ 34.61668, -0.88072 ], [ 34.61667, -0.8808 ], [ 34.61665, -0.88083 ], [ 34.61664, -0.88089 ], [ 34.61662, -0.88091 ], [ 34.61661, -0.88097 ], [ 34.61659, -0.881 ], [ 34.61659, -0.88103 ], [ 34.61656, -0.88106 ], [ 34.61656, -0.88108 ], [ 34.61653, -0.88111 ], [ 34.61653, -0.88114 ], [ 34.61647, -0.8812 ], [ 34.61647, -0.88123 ], [ 34.61638, -0.88131 ], [ 34.61638, -0.88134 ], [ 34.61629, -0.88142 ], [ 34.61629, -0.88145 ], [ 34.61624, -0.88151 ], [ 34.61624, -0.88154 ], [ 34.61615, -0.88162 ], [ 34.61615, -0.88165 ], [ 34.61612, -0.88168 ], [ 34.61612, -0.8817 ], [ 34.61609, -0.88173 ], [ 34.61609, -0.88176 ], [ 34.61603, -0.88182 ], [ 34.61603, -0.88185 ], [ 34.61597, -0.8819 ], [ 34.61597, -0.88193 ], [ 34.61595, -0.88196 ], [ 34.61595, -0.88199 ], [ 34.61592, -0.88202 ], [ 34.61592, -0.88204 ], [ 34.61586, -0.8821 ], [ 34.61586, -0.88213 ], [ 34.61583, -0.88216 ], [ 34.61583, -0.88218 ], [ 34.61574, -0.88227 ], [ 34.61574, -0.8823 ], [ 34.61571, -0.88233 ], [ 34.61568, -0.88235 ], [ 34.61568, -0.88238 ], [ 34.61565, -0.88241 ], [ 34.61565, -0.88244 ], [ 34.61563, -0.88247 ], [ 34.61562, -0.8825 ], [ 34.6156, -0.88252 ], [ 34.6156, -0.88255 ], [ 34.61557, -0.88258 ], [ 34.61557, -0.88261 ], [ 34.61554, -0.88264 ], [ 34.61554, -0.88266 ], [ 34.61551, -0.88269 ], [ 34.61551, -0.88275 ], [ 34.61548, -0.88278 ], [ 34.61548, -0.88303 ], [ 34.61545, -0.88306 ], [ 34.61544, -0.88329 ], [ 34.61541, -0.88332 ], [ 34.61541, -0.8834 ], [ 34.61538, -0.88343 ], [ 34.61538, -0.88352 ], [ 34.61535, -0.88354 ], [ 34.61535, -0.8836 ], [ 34.61532, -0.88363 ], [ 34.61532, -0.88374 ], [ 34.61529, -0.88377 ], [ 34.61528, -0.88488 ], [ 34.61525, -0.88491 ], [ 34.61525, -0.88497 ], [ 34.61522, -0.88499 ], [ 34.61522, -0.88505 ], [ 34.61519, -0.88508 ], [ 34.61519, -0.88514 ], [ 34.61516, -0.88516 ], [ 34.61515, -0.88582 ], [ 34.61518, -0.88585 ], [ 34.61518, -0.88596 ], [ 34.61521, -0.88599 ], [ 34.61521, -0.88605 ], [ 34.61524, -0.88608 ], [ 34.61523, -0.8863 ], [ 34.61529, -0.88636 ], [ 34.61555, -0.88712 ], [ 34.61534, -0.88708 ], [ 34.61544, -0.88726 ], [ 34.61544, -0.88726 ], [ 34.61545, -0.88727 ], [ 34.61545, -0.8873 ], [ 34.61548, -0.88733 ], [ 34.61548, -0.88736 ], [ 34.61551, -0.88739 ], [ 34.61551, -0.88742 ], [ 34.61553, -0.88744 ], [ 34.61553, -0.88747 ], [ 34.61556, -0.8875 ], [ 34.61556, -0.88756 ], [ 34.61559, -0.88759 ], [ 34.61559, -0.88784 ], [ 34.6156, -0.88785 ], [ 34.61561, -0.88787 ], [ 34.61561, -0.88833 ], [ 34.61558, -0.88836 ], [ 34.61558, -0.88844 ], [ 34.61555, -0.88847 ], [ 34.61555, -0.88851 ], [ 34.61555, -0.88855 ], [ 34.61552, -0.88858 ], [ 34.61552, -0.88867 ], [ 34.61549, -0.8887 ], [ 34.61549, -0.88881 ], [ 34.61546, -0.88884 ], [ 34.61546, -0.88892 ], [ 34.61543, -0.88895 ], [ 34.61543, -0.88912 ], [ 34.6154, -0.88915 ], [ 34.6154, -0.88924 ], [ 34.61537, -0.88926 ], [ 34.61537, -0.88946 ], [ 34.61534, -0.88949 ], [ 34.61532, -0.89051 ], [ 34.61535, -0.89054 ], [ 34.61535, -0.89063 ], [ 34.61538, -0.89066 ], [ 34.61538, -0.89071 ], [ 34.61541, -0.89074 ], [ 34.61541, -0.89083 ], [ 34.61543, -0.89086 ], [ 34.61543, -0.89097 ], [ 34.61546, -0.891 ], [ 34.61546, -0.89109 ], [ 34.61549, -0.89111 ], [ 34.61549, -0.8912 ], [ 34.61551, -0.89123 ], [ 34.61551, -0.89134 ], [ 34.61554, -0.89137 ], [ 34.61554, -0.89143 ], [ 34.61557, -0.89146 ], [ 34.61557, -0.89157 ], [ 34.6156, -0.8916 ], [ 34.61559, -0.89188 ], [ 34.61562, -0.89191 ], [ 34.61562, -0.89225 ], [ 34.61567, -0.89231 ], [ 34.61567, -0.89243 ], [ 34.6157, -0.89245 ], [ 34.6157, -0.89248 ], [ 34.61573, -0.89251 ], [ 34.61573, -0.89257 ], [ 34.61575, -0.8926 ], [ 34.61575, -0.89265 ], [ 34.61578, -0.89268 ], [ 34.61578, -0.89271 ], [ 34.61581, -0.89274 ], [ 34.61581, -0.89277 ], [ 34.61587, -0.89283 ], [ 34.61585, -0.89286 ], [ 34.61593, -0.89297 ], [ 34.61602, -0.89305 ], [ 34.61626, -0.89316 ], [ 34.61648, -0.89331 ], [ 34.61664, -0.89339 ], [ 34.61677, -0.89349 ], [ 34.6169, -0.8936 ], [ 34.61705, -0.89371 ], [ 34.61718, -0.89382 ], [ 34.61736, -0.89401 ], [ 34.6175, -0.89411 ], [ 34.61763, -0.89422 ], [ 34.61776, -0.89434 ], [ 34.61795, -0.89437 ], [ 34.61805, -0.89437 ], [ 34.61816, -0.89437 ], [ 34.61821, -0.89437 ], [ 34.61823, -0.89438 ], [ 34.61823, -0.89442 ], [ 34.61823, -0.89442 ], [ 34.61823, -0.89445 ], [ 34.61823, -0.8945 ], [ 34.61819, -0.89495 ], [ 34.61825, -0.89562 ], [ 34.61843, -0.89639 ], [ 34.61854, -0.89704 ], [ 34.61854, -0.90001 ], [ 34.6186, -0.90073 ], [ 34.61869, -0.90179 ], [ 34.61886, -0.90401 ], [ 34.61998, -0.90869 ], [ 34.62022, -0.90965 ], [ 34.62074, -0.9118 ], [ 34.62134, -0.91432 ], [ 34.62137, -0.91468 ], [ 34.62146, -0.91578 ], [ 34.62141, -0.91579 ], [ 34.62134, -0.91584 ], [ 34.62166, -0.91728 ], [ 34.62202, -0.91908 ], [ 34.62218, -0.91969 ], [ 34.6229, -0.92259 ], [ 34.62338, -0.92451 ], [ 34.62442, -0.92915 ], [ 34.62442, -0.92928 ], [ 34.62516, -0.93303 ], [ 34.6256, -0.93553 ], [ 34.62564, -0.93581 ], [ 34.62556, -0.93592 ], [ 34.62686, -0.94002 ], [ 34.62806, -0.94597 ], [ 34.62911, -0.95066 ], [ 34.62907, -0.95069 ], [ 34.62906, -0.95076 ], [ 34.62856, -0.95271 ], [ 34.62851, -0.95364 ], [ 34.62851, -0.95367 ], [ 34.62841, -0.95541 ], [ 34.62855, -0.9567 ], [ 34.62874, -0.95911 ], [ 34.62885, -0.96059 ], [ 34.62931, -0.96705 ], [ 34.62931, -0.96713 ], [ 34.62931, -0.96755 ], [ 34.62934, -0.96758 ], [ 34.6294, -0.96752 ], [ 34.62943, -0.96752 ], [ 34.6296, -0.96735 ], [ 34.62963, -0.96735 ], [ 34.62969, -0.9673 ], [ 34.62972, -0.9673 ], [ 34.6298, -0.96721 ], [ 34.62983, -0.96721 ], [ 34.62986, -0.96719 ], [ 34.62989, -0.96719 ], [ 34.62992, -0.96716 ], [ 34.62995, -0.96716 ], [ 34.62998, -0.96713 ], [ 34.63006, -0.96713 ], [ 34.63009, -0.9671 ], [ 34.63049, -0.96711 ], [ 34.63052, -0.96708 ], [ 34.63063, -0.96708 ], [ 34.63087, -0.96686 ], [ 34.63089, -0.96686 ], [ 34.63092, -0.96683 ], [ 34.63098, -0.96683 ], [ 34.63101, -0.9668 ], [ 34.63104, -0.9668 ], [ 34.63107, -0.96677 ], [ 34.63109, -0.96677 ], [ 34.63112, -0.96675 ], [ 34.63115, -0.96675 ], [ 34.63118, -0.96672 ], [ 34.63127, -0.96672 ], [ 34.6313, -0.96669 ], [ 34.63161, -0.9667 ], [ 34.63172, -0.96681 ], [ 34.63181, -0.96681 ], [ 34.63184, -0.96684 ], [ 34.63212, -0.96684 ], [ 34.63218, -0.96679 ], [ 34.63221, -0.96679 ], [ 34.63238, -0.96662 ], [ 34.63238, -0.96659 ], [ 34.63241, -0.96656 ], [ 34.6324, -0.96655 ], [ 34.63248, -0.96627 ], [ 34.63256, -0.96604 ], [ 34.63306, -0.96616 ], [ 34.63334, -0.96626 ], [ 34.63354, -0.96621 ], [ 34.63371, -0.96597 ], [ 34.63385, -0.96573 ], [ 34.63403, -0.96562 ], [ 34.63431, -0.96556 ], [ 34.63477, -0.96578 ], [ 34.63515, -0.96587 ], [ 34.63522, -0.96586 ], [ 34.63525, -0.96589 ], [ 34.63536, -0.96589 ], [ 34.63539, -0.96592 ], [ 34.63633, -0.96593 ], [ 34.63639, -0.96599 ], [ 34.63642, -0.96599 ], [ 34.63644, -0.96602 ], [ 34.63647, -0.96602 ], [ 34.6365, -0.96605 ], [ 34.63653, -0.96605 ], [ 34.63656, -0.96607 ], [ 34.63659, -0.96607 ], [ 34.63661, -0.9661 ], [ 34.63664, -0.9661 ], [ 34.63667, -0.96613 ], [ 34.6367, -0.96613 ], [ 34.63676, -0.96619 ], [ 34.63678, -0.96619 ], [ 34.63692, -0.96634 ], [ 34.63701, -0.96634 ], [ 34.63704, -0.96637 ], [ 34.63707, -0.96637 ], [ 34.6371, -0.96639 ], [ 34.63712, -0.96639 ], [ 34.63718, -0.96645 ], [ 34.63724, -0.96645 ], [ 34.63727, -0.96648 ], [ 34.63732, -0.96648 ], [ 34.63735, -0.96651 ], [ 34.63741, -0.96651 ], [ 34.63744, -0.96654 ], [ 34.63746, -0.96654 ], [ 34.63749, -0.96657 ], [ 34.63752, -0.96657 ], [ 34.63758, -0.96663 ], [ 34.63769, -0.96663 ], [ 34.63775, -0.96669 ], [ 34.63789, -0.96669 ], [ 34.63792, -0.96672 ], [ 34.63798, -0.96672 ], [ 34.63803, -0.96678 ], [ 34.6382, -0.96678 ], [ 34.63823, -0.96681 ], [ 34.63826, -0.96681 ], [ 34.63832, -0.96686 ], [ 34.63841, -0.96686 ], [ 34.63869, -0.96697 ], [ 34.63893, -0.96727 ], [ 34.63944, -0.96734 ], [ 34.6399, -0.96744 ], [ 34.63997, -0.96748 ], [ 34.64011, -0.96748 ], [ 34.64014, -0.96751 ], [ 34.64019, -0.96751 ], [ 34.64022, -0.96754 ], [ 34.64028, -0.96754 ], [ 34.64031, -0.96757 ], [ 34.64036, -0.96757 ], [ 34.64039, -0.9676 ], [ 34.64045, -0.9676 ], [ 34.64048, -0.96763 ], [ 34.64051, -0.96763 ], [ 34.64053, -0.96766 ], [ 34.64056, -0.96766 ], [ 34.64059, -0.96769 ], [ 34.64062, -0.96769 ], [ 34.64068, -0.96775 ], [ 34.6407, -0.96775 ], [ 34.64073, -0.96778 ], [ 34.64076, -0.96778 ], [ 34.64079, -0.96781 ], [ 34.64082, -0.96781 ], [ 34.64087, -0.96786 ], [ 34.6409, -0.96786 ], [ 34.64116, -0.96813 ], [ 34.64131, -0.96845 ], [ 34.6414, -0.96853 ], [ 34.64149, -0.96863 ], [ 34.64149, -0.96864 ], [ 34.64166, -0.96881 ], [ 34.64166, -0.96884 ], [ 34.64172, -0.9689 ], [ 34.64175, -0.9689 ], [ 34.64177, -0.96893 ], [ 34.6418, -0.96893 ], [ 34.64183, -0.96896 ], [ 34.64186, -0.96896 ], [ 34.64189, -0.96899 ], [ 34.64192, -0.96899 ], [ 34.64194, -0.96902 ], [ 34.64206, -0.96902 ], [ 34.64212, -0.96907 ], [ 34.6422, -0.96908 ], [ 34.64223, -0.9691 ], [ 34.64229, -0.9691 ], [ 34.64231, -0.96913 ], [ 34.64234, -0.96913 ], [ 34.64239, -0.96918 ], [ 34.6419, -0.96974 ], [ 34.64044, -0.9714 ], [ 34.63941, -0.9724 ], [ 34.63637, -0.97534 ], [ 34.63293, -0.97882 ], [ 34.63222, -0.97954 ], [ 34.63197, -0.97979 ], [ 34.63186, -0.9799 ], [ 34.62699, -0.98472 ], [ 34.62296, -0.9887 ], [ 34.62291, -0.98855 ], [ 34.62182, -0.98545 ], [ 34.62058, -0.98238 ], [ 34.61895, -0.9794 ], [ 34.61889, -0.97928 ], [ 34.61822, -0.9788 ], [ 34.61789, -0.97824 ], [ 34.61774, -0.97797 ], [ 34.6177, -0.97788 ], [ 34.61766, -0.9778 ], [ 34.61761, -0.97773 ], [ 34.61759, -0.97769 ], [ 34.61741, -0.97735 ], [ 34.61737, -0.97727 ], [ 34.61729, -0.97657 ], [ 34.61699, -0.97586 ], [ 34.61694, -0.97566 ], [ 34.61693, -0.97563 ], [ 34.61691, -0.97559 ], [ 34.61688, -0.97545 ], [ 34.61643, -0.97493 ], [ 34.61636, -0.97437 ], [ 34.61599, -0.97381 ], [ 34.61576, -0.97329 ], [ 34.61554, -0.97322 ], [ 34.61514, -0.97313 ], [ 34.61487, -0.97307 ], [ 34.61424, -0.97288 ], [ 34.61375, -0.97277 ], [ 34.61304, -0.9722 ], [ 34.613, -0.9722 ], [ 34.61289, -0.9722 ], [ 34.61282, -0.97221 ], [ 34.6127, -0.97221 ], [ 34.61264, -0.97221 ], [ 34.61255, -0.97221 ], [ 34.6125, -0.97221 ], [ 34.61244, -0.97221 ], [ 34.61241, -0.97221 ], [ 34.61236, -0.9722 ], [ 34.61204, -0.97221 ], [ 34.6104, -0.9721 ], [ 34.60917, -0.97165 ], [ 34.60873, -0.97143 ], [ 34.6087, -0.9714 ], [ 34.60817, -0.97102 ], [ 34.60791, -0.97035 ], [ 34.60739, -0.96919 ], [ 34.60675, -0.96872 ], [ 34.6067, -0.96868 ], [ 34.60665, -0.96865 ], [ 34.60662, -0.96863 ], [ 34.60642, -0.96849 ], [ 34.60579, -0.96819 ], [ 34.60523, -0.96789 ], [ 34.60489, -0.96758 ], [ 34.60476, -0.96745 ], [ 34.60467, -0.96737 ], [ 34.60472, -0.96732 ], [ 34.60481, -0.96725 ], [ 34.60489, -0.96718 ], [ 34.60495, -0.96712 ], [ 34.60497, -0.96711 ], [ 34.60531, -0.96697 ], [ 34.60541, -0.96687 ], [ 34.60547, -0.96685 ], [ 34.60552, -0.96684 ], [ 34.60557, -0.96684 ], [ 34.6057, -0.96682 ], [ 34.60591, -0.96683 ], [ 34.60613, -0.96679 ], [ 34.60616, -0.96679 ], [ 34.60621, -0.9668 ], [ 34.60627, -0.9668 ], [ 34.60633, -0.96681 ], [ 34.60645, -0.96682 ], [ 34.60648, -0.96682 ], [ 34.60656, -0.96683 ], [ 34.60661, -0.96683 ], [ 34.60666, -0.96683 ], [ 34.6067, -0.96682 ], [ 34.60673, -0.96681 ], [ 34.60677, -0.9668 ], [ 34.60687, -0.96674 ], [ 34.60703, -0.96665 ], [ 34.60705, -0.96663 ], [ 34.60716, -0.96657 ], [ 34.60724, -0.96647 ], [ 34.60726, -0.96643 ], [ 34.60734, -0.96635 ], [ 34.60745, -0.96635 ], [ 34.60748, -0.96635 ], [ 34.60751, -0.96634 ], [ 34.60764, -0.96635 ], [ 34.60788, -0.96633 ], [ 34.60803, -0.9663 ], [ 34.60809, -0.9663 ], [ 34.60821, -0.96626 ], [ 34.60845, -0.96619 ], [ 34.60867, -0.96614 ], [ 34.60882, -0.9661 ], [ 34.60893, -0.96606 ], [ 34.60912, -0.96595 ], [ 34.60922, -0.96591 ], [ 34.6093, -0.96588 ], [ 34.60941, -0.96585 ], [ 34.60948, -0.96582 ], [ 34.60951, -0.96581 ], [ 34.60968, -0.96577 ], [ 34.60995, -0.96565 ], [ 34.61011, -0.96554 ], [ 34.61022, -0.96548 ], [ 34.61033, -0.96544 ], [ 34.61045, -0.96542 ], [ 34.61053, -0.96543 ], [ 34.61056, -0.96543 ], [ 34.61059, -0.96543 ], [ 34.61063, -0.96543 ], [ 34.61066, -0.96543 ], [ 34.61069, -0.96543 ], [ 34.61072, -0.96543 ], [ 34.61078, -0.96542 ], [ 34.61084, -0.96535 ], [ 34.61087, -0.96532 ], [ 34.61094, -0.96525 ], [ 34.61098, -0.96521 ], [ 34.61103, -0.96517 ], [ 34.61085, -0.96481 ], [ 34.61054, -0.96363 ], [ 34.60957, -0.96281 ], [ 34.6087, -0.96225 ], [ 34.60782, -0.9618 ], [ 34.60681, -0.96128 ], [ 34.60594, -0.96051 ], [ 34.60559, -0.9597 ], [ 34.60553, -0.95924 ], [ 34.60553, -0.95796 ], [ 34.60548, -0.95658 ], [ 34.60487, -0.95545 ], [ 34.60467, -0.95484 ], [ 34.60441, -0.95387 ], [ 34.60441, -0.95381 ], [ 34.60344, -0.95203 ], [ 34.6019, -0.94968 ], [ 34.60135, -0.94895 ], [ 34.60052, -0.94789 ], [ 34.59894, -0.94463 ], [ 34.59892, -0.94459 ], [ 34.59822, -0.94283 ], [ 34.59781, -0.94145 ], [ 34.59725, -0.93971 ], [ 34.59713, -0.93937 ], [ 34.5964, -0.93725 ], [ 34.59639, -0.9372 ], [ 34.59592, -0.93547 ], [ 34.59582, -0.9351 ], [ 34.59622, -0.93467 ], [ 34.59627, -0.9345 ], [ 34.59617, -0.93373 ], [ 34.59614, -0.93351 ], [ 34.59692, -0.93112 ], [ 34.59747, -0.92897 ], [ 34.59764, -0.92811 ], [ 34.59795, -0.92658 ], [ 34.5981, -0.92588 ], [ 34.59802, -0.92341 ], [ 34.59806, -0.92197 ], [ 34.59778, -0.91974 ], [ 34.5977, -0.91899 ], [ 34.59757, -0.91862 ], [ 34.59755, -0.91859 ], [ 34.59755, -0.91859 ], [ 34.59754, -0.91854 ], [ 34.59708, -0.91731 ], [ 34.59641, -0.91504 ], [ 34.59644, -0.91501 ], [ 34.59581, -0.9124 ], [ 34.59546, -0.91064 ], [ 34.59495, -0.90807 ], [ 34.59492, -0.90795 ], [ 34.59465, -0.9071 ], [ 34.59348, -0.90524 ], [ 34.59246, -0.9041 ], [ 34.59236, -0.90398 ], [ 34.59224, -0.90384 ], [ 34.59191, -0.9035 ], [ 34.59181, -0.90339 ], [ 34.59175, -0.90332 ], [ 34.59162, -0.90318 ], [ 34.59158, -0.90312 ], [ 34.59155, -0.90308 ], [ 34.59151, -0.90303 ], [ 34.5915, -0.90301 ], [ 34.5914, -0.90285 ], [ 34.59135, -0.90278 ], [ 34.59133, -0.90274 ], [ 34.5913, -0.9027 ], [ 34.59127, -0.90267 ], [ 34.59124, -0.90265 ], [ 34.59122, -0.90261 ], [ 34.59105, -0.9025 ], [ 34.59088, -0.90246 ], [ 34.5906, -0.9024 ], [ 34.59049, -0.9024 ], [ 34.5904, -0.9024 ], [ 34.59037, -0.90238 ], [ 34.59031, -0.90239 ], [ 34.59015, -0.90228 ], [ 34.59008, -0.90214 ], [ 34.59008, -0.9021 ], [ 34.59006, -0.90191 ], [ 34.59003, -0.90181 ], [ 34.58989, -0.90165 ], [ 34.5897, -0.90155 ], [ 34.58961, -0.90152 ], [ 34.58953, -0.90147 ], [ 34.58948, -0.90143 ], [ 34.58932, -0.9013 ], [ 34.58917, -0.90091 ], [ 34.58901, -0.90061 ], [ 34.58876, -0.90011 ], [ 34.58864, -0.89952 ], [ 34.5884, -0.89855 ], [ 34.58844, -0.8978 ], [ 34.58882, -0.8963 ], [ 34.58907, -0.89526 ], [ 34.58921, -0.89419 ], [ 34.58939, -0.89292 ], [ 34.58946, -0.88983 ], [ 34.58946, -0.88909 ], [ 34.58973, -0.88721 ], [ 34.58978, -0.88665 ], [ 34.5898, -0.88644 ], [ 34.58981, -0.88633 ], [ 34.58981, -0.88631 ], [ 34.59005, -0.88491 ], [ 34.59005, -0.88416 ], [ 34.58985, -0.88311 ], [ 34.58984, -0.88298 ], [ 34.58973, -0.88115 ], [ 34.58954, -0.88033 ], [ 34.58955, -0.88033 ], [ 34.58946, -0.88021 ], [ 34.5894, -0.88014 ], [ 34.58935, -0.88008 ], [ 34.58925, -0.87998 ], [ 34.58914, -0.87988 ], [ 34.58902, -0.87979 ], [ 34.5889, -0.87969 ], [ 34.58883, -0.87964 ], [ 34.58876, -0.8796 ], [ 34.58876, -0.87959 ], [ 34.58876, -0.87956 ], [ 34.58862, -0.8795 ], [ 34.58855, -0.87946 ], [ 34.58846, -0.87942 ], [ 34.58837, -0.87938 ], [ 34.58822, -0.87931 ], [ 34.58809, -0.87926 ], [ 34.58781, -0.87915 ], [ 34.58768, -0.8791 ], [ 34.58733, -0.87894 ], [ 34.58717, -0.87886 ], [ 34.58712, -0.87885 ], [ 34.58707, -0.87883 ], [ 34.587, -0.87881 ], [ 34.58666, -0.87838 ], [ 34.58615, -0.87773 ], [ 34.58586, -0.87736 ], [ 34.58561, -0.87715 ], [ 34.58554, -0.87708 ], [ 34.58496, -0.87662 ], [ 34.58387, -0.87552 ], [ 34.58354, -0.87475 ], [ 34.5834, -0.87443 ], [ 34.58318, -0.87396 ], [ 34.58297, -0.87353 ], [ 34.58281, -0.87251 ], [ 34.58281, -0.8723 ], [ 34.58281, -0.87165 ], [ 34.58285, -0.87111 ], [ 34.58301, -0.87033 ], [ 34.58344, -0.8693 ], [ 34.58352, -0.86911 ], [ 34.5839, -0.86821 ], [ 34.58434, -0.86675 ], [ 34.58446, -0.86638 ], [ 34.58453, -0.86556 ], [ 34.58499, -0.86455 ], [ 34.58508, -0.86434 ], [ 34.58532, -0.86309 ], [ 34.58532, -0.86247 ], [ 34.58529, -0.86143 ], [ 34.58528, -0.86142 ], [ 34.58507, -0.86117 ], [ 34.5849, -0.86073 ], [ 34.58484, -0.86052 ], [ 34.58476, -0.86017 ], [ 34.58476, -0.8597 ], [ 34.58476, -0.85964 ], [ 34.58478, -0.85941 ], [ 34.58482, -0.85935 ], [ 34.58484, -0.85927 ], [ 34.58491, -0.85916 ], [ 34.58493, -0.85858 ], [ 34.58493, -0.85851 ], [ 34.58493, -0.85833 ], [ 34.58505, -0.85801 ], [ 34.58519, -0.8577 ], [ 34.58522, -0.8576 ], [ 34.58526, -0.85748 ], [ 34.58527, -0.85742 ], [ 34.58529, -0.85736 ], [ 34.5853, -0.85731 ], [ 34.58532, -0.85718 ], [ 34.58533, -0.85713 ], [ 34.58535, -0.85705 ], [ 34.58539, -0.85691 ], [ 34.5854, -0.85688 ], [ 34.58542, -0.85683 ], [ 34.58542, -0.85679 ], [ 34.58543, -0.85674 ], [ 34.58548, -0.85656 ], [ 34.58544, -0.85639 ], [ 34.58543, -0.85632 ], [ 34.58543, -0.85625 ], [ 34.58541, -0.85615 ], [ 34.5854, -0.85612 ], [ 34.58527, -0.85574 ], [ 34.58525, -0.85572 ], [ 34.58522, -0.85569 ], [ 34.58519, -0.85566 ], [ 34.58499, -0.85546 ], [ 34.58487, -0.85532 ], [ 34.58475, -0.85517 ], [ 34.58473, -0.85511 ], [ 34.58471, -0.85501 ], [ 34.58468, -0.8549 ], [ 34.58467, -0.85486 ], [ 34.58466, -0.85483 ], [ 34.58466, -0.85481 ], [ 34.58466, -0.85476 ], [ 34.58466, -0.85463 ], [ 34.58467, -0.85453 ], [ 34.58467, -0.85441 ], [ 34.58468, -0.85427 ], [ 34.58468, -0.85419 ], [ 34.58469, -0.85412 ], [ 34.58468, -0.85407 ], [ 34.58469, -0.85403 ], [ 34.58469, -0.85399 ], [ 34.58469, -0.85396 ], [ 34.5847, -0.85392 ], [ 34.58471, -0.85388 ], [ 34.58473, -0.85381 ], [ 34.58475, -0.85375 ], [ 34.58481, -0.8536 ], [ 34.58486, -0.85348 ], [ 34.58487, -0.85314 ], [ 34.58487, -0.85301 ], [ 34.58487, -0.85291 ], [ 34.58479, -0.85275 ], [ 34.58475, -0.85266 ], [ 34.58471, -0.85257 ], [ 34.5847, -0.85254 ], [ 34.58443, -0.85212 ], [ 34.58439, -0.85206 ], [ 34.58433, -0.85199 ], [ 34.58431, -0.85195 ], [ 34.58429, -0.85192 ], [ 34.58427, -0.85189 ], [ 34.5842, -0.85179 ], [ 34.58419, -0.85152 ], [ 34.58422, -0.85128 ], [ 34.58423, -0.85088 ], [ 34.58417, -0.85062 ], [ 34.58406, -0.85034 ], [ 34.58388, -0.84991 ], [ 34.58373, -0.84963 ], [ 34.58374, -0.84955 ], [ 34.58376, -0.84944 ], [ 34.58375, -0.84935 ], [ 34.58379, -0.84913 ], [ 34.58382, -0.84885 ], [ 34.58382, -0.84858 ], [ 34.58383, -0.84853 ], [ 34.58383, -0.84849 ], [ 34.58382, -0.84844 ], [ 34.58382, -0.84839 ], [ 34.58382, -0.84834 ], [ 34.58381, -0.8483 ], [ 34.58381, -0.84817 ], [ 34.58368, -0.84774 ], [ 34.5835, -0.84729 ], [ 34.58334, -0.84711 ], [ 34.58331, -0.84705 ], [ 34.58327, -0.84701 ], [ 34.58324, -0.84697 ], [ 34.5832, -0.84692 ], [ 34.58295, -0.8468 ], [ 34.58266, -0.84674 ], [ 34.5824, -0.84659 ], [ 34.58218, -0.84659 ], [ 34.58208, -0.84655 ], [ 34.58205, -0.84655 ], [ 34.58201, -0.84654 ], [ 34.58197, -0.84653 ], [ 34.58194, -0.84651 ], [ 34.58182, -0.84648 ], [ 34.58162, -0.84629 ], [ 34.58157, -0.84608 ], [ 34.58156, -0.84606 ], [ 34.58155, -0.84603 ], [ 34.58154, -0.846 ], [ 34.58153, -0.84596 ], [ 34.58152, -0.84591 ], [ 34.5815, -0.84584 ], [ 34.58151, -0.84577 ], [ 34.58152, -0.84574 ], [ 34.58153, -0.84565 ], [ 34.58153, -0.84558 ], [ 34.58153, -0.84549 ], [ 34.58152, -0.84538 ], [ 34.58152, -0.84535 ], [ 34.58152, -0.84516 ], [ 34.58134, -0.84457 ], [ 34.58124, -0.84447 ], [ 34.58111, -0.84432 ], [ 34.58097, -0.84373 ], [ 34.58097, -0.84333 ], [ 34.58097, -0.84321 ], [ 34.58094, -0.84316 ], [ 34.58069, -0.84277 ], [ 34.58058, -0.84261 ], [ 34.58113, -0.84155 ], [ 34.58118, -0.84143 ], [ 34.5815, -0.84078 ], [ 34.58172, -0.83993 ], [ 34.58202, -0.83961 ], [ 34.58205, -0.83958 ], [ 34.58267, -0.83888 ], [ 34.58366, -0.83779 ], [ 34.58388, -0.83768 ], [ 34.58494, -0.83715 ], [ 34.58537, -0.83694 ], [ 34.58574, -0.83675 ], [ 34.58661, -0.83678 ], [ 34.58668, -0.83678 ], [ 34.58713, -0.83606 ], [ 34.58717, -0.83594 ], [ 34.58735, -0.83538 ], [ 34.58752, -0.83481 ], [ 34.58753, -0.83478 ], [ 34.58749, -0.83477 ], [ 34.58746, -0.83476 ], [ 34.58743, -0.83475 ], [ 34.58738, -0.83473 ], [ 34.58734, -0.83471 ], [ 34.58729, -0.83468 ], [ 34.58725, -0.83464 ], [ 34.58721, -0.83462 ], [ 34.5872, -0.8346 ], [ 34.58716, -0.83455 ], [ 34.58711, -0.8345 ], [ 34.58708, -0.83445 ], [ 34.58705, -0.83442 ], [ 34.58703, -0.83438 ], [ 34.587, -0.83435 ], [ 34.58698, -0.8343 ], [ 34.58695, -0.83425 ], [ 34.58693, -0.83422 ], [ 34.5869, -0.8341 ], [ 34.58689, -0.83406 ], [ 34.58687, -0.83396 ], [ 34.58687, -0.83393 ], [ 34.58686, -0.8339 ], [ 34.58684, -0.83387 ], [ 34.58681, -0.83384 ], [ 34.58672, -0.83379 ], [ 34.58669, -0.83377 ], [ 34.58657, -0.83368 ], [ 34.5865, -0.83363 ], [ 34.58634, -0.83353 ], [ 34.58628, -0.83349 ], [ 34.58624, -0.83347 ], [ 34.58617, -0.83342 ], [ 34.58613, -0.8334 ], [ 34.5861, -0.83338 ], [ 34.58608, -0.83335 ], [ 34.58606, -0.83331 ], [ 34.58606, -0.83327 ], [ 34.58606, -0.83322 ], [ 34.58606, -0.83317 ], [ 34.58608, -0.83314 ], [ 34.58609, -0.83311 ], [ 34.58611, -0.83308 ], [ 34.58615, -0.83303 ], [ 34.58618, -0.833 ], [ 34.58625, -0.83295 ], [ 34.58627, -0.83292 ], [ 34.5863, -0.83291 ], [ 34.58631, -0.83288 ], [ 34.58633, -0.83286 ], [ 34.58635, -0.83281 ], [ 34.58635, -0.83278 ], [ 34.58636, -0.83274 ], [ 34.58635, -0.8327 ], [ 34.58635, -0.83266 ], [ 34.58635, -0.83262 ], [ 34.58634, -0.83258 ], [ 34.58633, -0.83255 ], [ 34.58631, -0.83251 ], [ 34.58628, -0.83247 ], [ 34.58623, -0.8324 ], [ 34.58619, -0.83234 ], [ 34.58608, -0.83222 ], [ 34.58605, -0.83218 ], [ 34.58597, -0.83206 ], [ 34.58595, -0.83203 ], [ 34.58592, -0.832 ], [ 34.58588, -0.83196 ], [ 34.58577, -0.83188 ], [ 34.58573, -0.83184 ], [ 34.58569, -0.8318 ], [ 34.58561, -0.83169 ], [ 34.58559, -0.83167 ], [ 34.58556, -0.83165 ], [ 34.58552, -0.83161 ], [ 34.58546, -0.83157 ], [ 34.58541, -0.83154 ], [ 34.58534, -0.8315 ], [ 34.58528, -0.83147 ], [ 34.58523, -0.83144 ], [ 34.58518, -0.83142 ], [ 34.58514, -0.8314 ], [ 34.58509, -0.83139 ], [ 34.58505, -0.83138 ], [ 34.58501, -0.83137 ], [ 34.58496, -0.83135 ], [ 34.58493, -0.83135 ], [ 34.58489, -0.83134 ], [ 34.58483, -0.83135 ], [ 34.5848, -0.83135 ], [ 34.58476, -0.83136 ], [ 34.58472, -0.83136 ], [ 34.58467, -0.83136 ], [ 34.58463, -0.83137 ], [ 34.58458, -0.8314 ], [ 34.58452, -0.83141 ], [ 34.58449, -0.83142 ], [ 34.58445, -0.83145 ], [ 34.58441, -0.83148 ], [ 34.58437, -0.8315 ], [ 34.58434, -0.83153 ], [ 34.58429, -0.83158 ], [ 34.58424, -0.83162 ], [ 34.5842, -0.83165 ], [ 34.58412, -0.8317 ], [ 34.58404, -0.83175 ], [ 34.58396, -0.83181 ], [ 34.58392, -0.83183 ], [ 34.58388, -0.83185 ], [ 34.58385, -0.83187 ], [ 34.58381, -0.83188 ], [ 34.58378, -0.83189 ], [ 34.58375, -0.83189 ], [ 34.58372, -0.8319 ], [ 34.58369, -0.8319 ], [ 34.58366, -0.83188 ], [ 34.58362, -0.83186 ], [ 34.58359, -0.83184 ], [ 34.58356, -0.83182 ], [ 34.5835, -0.83178 ], [ 34.58347, -0.83175 ], [ 34.58345, -0.83173 ], [ 34.58343, -0.8317 ], [ 34.58339, -0.83166 ], [ 34.58336, -0.83163 ], [ 34.58331, -0.83159 ], [ 34.58326, -0.83155 ], [ 34.58322, -0.83151 ], [ 34.58318, -0.83149 ], [ 34.58313, -0.83146 ], [ 34.58308, -0.83143 ], [ 34.58301, -0.8314 ], [ 34.58294, -0.83137 ], [ 34.58288, -0.83135 ], [ 34.58283, -0.83134 ], [ 34.58276, -0.83133 ], [ 34.5827, -0.83132 ], [ 34.58266, -0.83132 ], [ 34.58262, -0.83131 ], [ 34.58259, -0.8313 ], [ 34.58255, -0.83128 ], [ 34.58251, -0.83124 ], [ 34.58247, -0.8312 ], [ 34.5824, -0.83112 ], [ 34.58236, -0.83108 ], [ 34.58232, -0.83103 ], [ 34.58229, -0.83099 ], [ 34.58226, -0.83094 ], [ 34.58222, -0.83089 ], [ 34.5822, -0.83084 ], [ 34.58217, -0.8308 ], [ 34.58214, -0.83075 ], [ 34.58212, -0.83069 ], [ 34.5821, -0.83064 ], [ 34.58208, -0.83057 ], [ 34.58206, -0.83051 ], [ 34.58204, -0.83044 ], [ 34.58204, -0.83036 ], [ 34.58203, -0.83033 ], [ 34.58201, -0.83027 ], [ 34.582, -0.83017 ], [ 34.58197, -0.83002 ], [ 34.58196, -0.82994 ], [ 34.58196, -0.8299 ], [ 34.58196, -0.82987 ], [ 34.58196, -0.82983 ], [ 34.58197, -0.8298 ], [ 34.58198, -0.82973 ], [ 34.582, -0.82968 ], [ 34.58201, -0.82965 ], [ 34.58203, -0.82961 ], [ 34.58206, -0.82957 ], [ 34.58209, -0.82953 ], [ 34.58211, -0.8295 ], [ 34.58215, -0.82947 ], [ 34.58219, -0.82945 ], [ 34.58229, -0.82939 ], [ 34.58232, -0.82937 ], [ 34.58234, -0.82935 ], [ 34.58239, -0.82931 ], [ 34.58243, -0.82926 ], [ 34.58258, -0.82909 ], [ 34.58263, -0.82903 ], [ 34.58268, -0.82898 ], [ 34.58274, -0.82893 ], [ 34.583, -0.8287 ], [ 34.58306, -0.82864 ], [ 34.58311, -0.82859 ], [ 34.58322, -0.82847 ], [ 34.58327, -0.82841 ], [ 34.58332, -0.82835 ], [ 34.58336, -0.82829 ], [ 34.58338, -0.82826 ], [ 34.5834, -0.82821 ], [ 34.58345, -0.82806 ], [ 34.58348, -0.828 ], [ 34.58351, -0.82794 ], [ 34.58353, -0.82788 ], [ 34.58356, -0.82785 ], [ 34.58359, -0.82781 ], [ 34.58368, -0.82765 ], [ 34.5837, -0.82762 ], [ 34.58373, -0.82758 ], [ 34.58383, -0.82745 ], [ 34.58386, -0.8274 ], [ 34.58388, -0.82736 ], [ 34.58389, -0.82733 ], [ 34.5839, -0.82729 ], [ 34.58391, -0.82726 ], [ 34.58391, -0.82722 ], [ 34.5839, -0.82717 ], [ 34.5839, -0.82713 ], [ 34.58388, -0.82709 ], [ 34.58387, -0.82706 ], [ 34.58386, -0.82703 ], [ 34.58384, -0.82701 ], [ 34.58382, -0.82698 ], [ 34.5838, -0.82695 ], [ 34.58378, -0.82693 ], [ 34.58375, -0.82691 ], [ 34.58373, -0.8269 ], [ 34.5837, -0.82687 ], [ 34.58366, -0.82685 ], [ 34.58362, -0.82683 ], [ 34.58358, -0.82682 ], [ 34.58354, -0.82681 ], [ 34.5835, -0.82681 ], [ 34.58346, -0.82682 ], [ 34.58343, -0.82683 ], [ 34.5834, -0.82684 ], [ 34.58334, -0.82687 ], [ 34.58332, -0.82688 ], [ 34.58325, -0.82696 ], [ 34.58317, -0.82704 ], [ 34.58313, -0.82707 ], [ 34.58309, -0.8271 ], [ 34.58306, -0.82713 ], [ 34.58302, -0.82714 ], [ 34.58298, -0.82716 ], [ 34.58293, -0.82717 ], [ 34.58288, -0.82718 ], [ 34.58284, -0.8272 ], [ 34.58279, -0.8272 ], [ 34.58262, -0.82721 ], [ 34.58258, -0.82722 ], [ 34.58255, -0.82722 ], [ 34.58252, -0.82722 ], [ 34.58242, -0.82722 ], [ 34.58234, -0.82723 ], [ 34.58219, -0.82725 ], [ 34.58211, -0.82726 ], [ 34.58203, -0.82727 ], [ 34.58197, -0.82729 ], [ 34.58189, -0.8273 ], [ 34.58182, -0.82734 ], [ 34.58177, -0.82737 ], [ 34.58172, -0.82739 ], [ 34.58169, -0.82742 ], [ 34.58166, -0.82744 ], [ 34.58154, -0.82756 ], [ 34.5814, -0.82769 ], [ 34.58135, -0.82773 ], [ 34.58131, -0.82776 ], [ 34.58123, -0.82782 ], [ 34.58114, -0.82787 ], [ 34.58105, -0.82791 ], [ 34.58095, -0.82796 ], [ 34.58092, -0.82797 ], [ 34.58088, -0.82799 ], [ 34.5808, -0.82801 ], [ 34.58073, -0.82803 ], [ 34.58066, -0.82805 ], [ 34.58061, -0.82806 ], [ 34.58055, -0.82807 ], [ 34.58049, -0.82807 ], [ 34.58044, -0.82808 ], [ 34.58038, -0.82808 ], [ 34.58033, -0.82808 ], [ 34.58027, -0.82808 ], [ 34.58022, -0.82808 ], [ 34.58014, -0.82807 ], [ 34.58006, -0.82805 ], [ 34.57998, -0.82803 ], [ 34.5799, -0.82801 ], [ 34.57982, -0.82798 ], [ 34.57973, -0.82794 ], [ 34.57964, -0.8279 ], [ 34.57955, -0.82785 ], [ 34.57946, -0.82778 ], [ 34.57937, -0.82772 ], [ 34.57929, -0.82766 ], [ 34.57926, -0.82763 ], [ 34.57923, -0.82759 ], [ 34.5792, -0.82756 ], [ 34.57917, -0.82753 ], [ 34.57915, -0.82749 ], [ 34.57912, -0.82745 ], [ 34.57908, -0.82737 ], [ 34.57902, -0.82724 ], [ 34.57898, -0.82717 ], [ 34.57895, -0.82712 ], [ 34.57892, -0.82707 ], [ 34.57879, -0.82691 ], [ 34.57876, -0.82685 ], [ 34.57874, -0.82679 ], [ 34.57872, -0.82675 ], [ 34.57871, -0.82672 ], [ 34.57868, -0.82667 ], [ 34.57865, -0.82663 ], [ 34.57863, -0.82658 ], [ 34.5786, -0.82655 ], [ 34.57857, -0.82651 ], [ 34.57854, -0.82649 ], [ 34.5785, -0.82646 ], [ 34.57847, -0.82643 ], [ 34.57845, -0.82642 ], [ 34.57842, -0.8264 ], [ 34.57838, -0.82638 ], [ 34.57834, -0.82637 ], [ 34.5783, -0.82635 ], [ 34.57826, -0.82633 ], [ 34.57823, -0.82632 ], [ 34.57812, -0.82627 ], [ 34.57809, -0.82626 ], [ 34.57805, -0.82625 ], [ 34.57802, -0.82624 ], [ 34.5779, -0.82626 ], [ 34.57786, -0.82625 ], [ 34.57781, -0.82623 ], [ 34.57778, -0.82621 ], [ 34.57775, -0.8262 ], [ 34.57771, -0.82618 ], [ 34.57767, -0.82615 ], [ 34.57764, -0.82613 ], [ 34.57762, -0.8261 ], [ 34.57759, -0.82607 ], [ 34.57756, -0.82604 ], [ 34.57752, -0.82599 ], [ 34.57743, -0.82586 ], [ 34.57738, -0.82582 ], [ 34.57735, -0.82579 ], [ 34.57729, -0.82574 ], [ 34.57726, -0.82571 ], [ 34.57724, -0.82569 ], [ 34.57722, -0.82565 ], [ 34.57722, -0.82561 ], [ 34.57723, -0.82558 ], [ 34.57724, -0.82555 ], [ 34.57725, -0.82552 ], [ 34.57727, -0.82549 ], [ 34.57735, -0.82535 ], [ 34.57736, -0.82531 ], [ 34.57738, -0.82528 ], [ 34.57743, -0.82515 ], [ 34.57746, -0.82503 ], [ 34.57749, -0.82492 ], [ 34.57752, -0.82481 ], [ 34.57754, -0.82472 ], [ 34.57757, -0.82462 ], [ 34.57759, -0.82454 ], [ 34.57761, -0.82443 ], [ 34.57761, -0.82434 ], [ 34.57762, -0.82422 ], [ 34.57762, -0.8241 ], [ 34.57763, -0.82397 ], [ 34.57763, -0.82387 ], [ 34.57763, -0.82377 ], [ 34.57762, -0.82366 ], [ 34.57761, -0.82354 ], [ 34.5776, -0.82334 ], [ 34.57759, -0.82324 ], [ 34.5776, -0.82319 ], [ 34.57758, -0.82314 ], [ 34.57757, -0.82309 ], [ 34.57756, -0.82305 ], [ 34.57755, -0.82302 ], [ 34.57753, -0.82298 ], [ 34.57749, -0.82288 ], [ 34.57744, -0.8228 ], [ 34.57735, -0.82266 ], [ 34.5773, -0.82257 ], [ 34.57725, -0.82248 ], [ 34.57719, -0.82239 ], [ 34.57713, -0.8223 ], [ 34.57706, -0.82221 ], [ 34.57699, -0.82212 ], [ 34.57693, -0.82205 ], [ 34.57685, -0.82196 ], [ 34.57681, -0.8219 ], [ 34.57676, -0.82185 ], [ 34.57669, -0.82178 ], [ 34.57662, -0.82172 ], [ 34.5766, -0.82169 ], [ 34.57651, -0.82161 ], [ 34.57626, -0.82138 ], [ 34.57615, -0.82129 ], [ 34.57599, -0.82115 ], [ 34.57583, -0.821 ], [ 34.57568, -0.82086 ], [ 34.57565, -0.82084 ], [ 34.5755, -0.82071 ], [ 34.57542, -0.82063 ], [ 34.57534, -0.82056 ], [ 34.57528, -0.82049 ], [ 34.57521, -0.82042 ], [ 34.57513, -0.82032 ], [ 34.57497, -0.82009 ], [ 34.57494, -0.82007 ], [ 34.57489, -0.82002 ], [ 34.57485, -0.81997 ], [ 34.57482, -0.81995 ], [ 34.57476, -0.81988 ], [ 34.57473, -0.81985 ], [ 34.5747, -0.81981 ], [ 34.57467, -0.81978 ], [ 34.57464, -0.81975 ], [ 34.57461, -0.81969 ], [ 34.57453, -0.81961 ], [ 34.57441, -0.81949 ], [ 34.57438, -0.81945 ], [ 34.57436, -0.81942 ], [ 34.57434, -0.81939 ], [ 34.57432, -0.81935 ], [ 34.57431, -0.81931 ], [ 34.57431, -0.81928 ], [ 34.5743, -0.81922 ], [ 34.57429, -0.81918 ], [ 34.57429, -0.81913 ], [ 34.5743, -0.81909 ], [ 34.5743, -0.81905 ], [ 34.57431, -0.81902 ], [ 34.57432, -0.81899 ], [ 34.57434, -0.81895 ], [ 34.57436, -0.81892 ], [ 34.5744, -0.81889 ], [ 34.57442, -0.81886 ], [ 34.57445, -0.81881 ], [ 34.57448, -0.81877 ], [ 34.57452, -0.81872 ], [ 34.57455, -0.81868 ], [ 34.57456, -0.81863 ], [ 34.57463, -0.81847 ], [ 34.57464, -0.81843 ], [ 34.57466, -0.81839 ], [ 34.57467, -0.81835 ], [ 34.57468, -0.81831 ], [ 34.57468, -0.81828 ], [ 34.57468, -0.81824 ], [ 34.57468, -0.8182 ], [ 34.57467, -0.81816 ], [ 34.57465, -0.81811 ], [ 34.57464, -0.81806 ], [ 34.57461, -0.81801 ], [ 34.57458, -0.81796 ], [ 34.57455, -0.81791 ], [ 34.57452, -0.81787 ], [ 34.57448, -0.81782 ], [ 34.57443, -0.81777 ], [ 34.57438, -0.81772 ], [ 34.57433, -0.81768 ], [ 34.57429, -0.81766 ], [ 34.57426, -0.81764 ], [ 34.57422, -0.81761 ], [ 34.57418, -0.8176 ], [ 34.5741, -0.81757 ], [ 34.57405, -0.81755 ], [ 34.57397, -0.81749 ], [ 34.5739, -0.81744 ], [ 34.57384, -0.81739 ], [ 34.57379, -0.81735 ], [ 34.57374, -0.81729 ], [ 34.57369, -0.81724 ], [ 34.57365, -0.81718 ], [ 34.57362, -0.81713 ], [ 34.5736, -0.81709 ], [ 34.57358, -0.81706 ], [ 34.57357, -0.81702 ], [ 34.57356, -0.81697 ], [ 34.57355, -0.81693 ], [ 34.57354, -0.81689 ], [ 34.57353, -0.81676 ], [ 34.57353, -0.81669 ], [ 34.57353, -0.81665 ], [ 34.57353, -0.81662 ], [ 34.57353, -0.81658 ], [ 34.57355, -0.81645 ], [ 34.57356, -0.8164 ], [ 34.57356, -0.81629 ], [ 34.57356, -0.81616 ], [ 34.57355, -0.81604 ], [ 34.57355, -0.81601 ], [ 34.57354, -0.81592 ], [ 34.57353, -0.81587 ], [ 34.57352, -0.8158 ], [ 34.57351, -0.81575 ], [ 34.57351, -0.81571 ], [ 34.5735, -0.81568 ], [ 34.57348, -0.81564 ], [ 34.57347, -0.81559 ], [ 34.57345, -0.81556 ], [ 34.57342, -0.81555 ], [ 34.57339, -0.81552 ], [ 34.57335, -0.81549 ], [ 34.5733, -0.81544 ], [ 34.57326, -0.81541 ], [ 34.5732, -0.81536 ], [ 34.57315, -0.81532 ], [ 34.57312, -0.8153 ], [ 34.57308, -0.81528 ], [ 34.57299, -0.81524 ], [ 34.5729, -0.81519 ], [ 34.57282, -0.81515 ], [ 34.57278, -0.81514 ], [ 34.57271, -0.81513 ], [ 34.57267, -0.81512 ], [ 34.57261, -0.81511 ], [ 34.57256, -0.8151 ], [ 34.57249, -0.81509 ], [ 34.5724, -0.81507 ], [ 34.57229, -0.81503 ], [ 34.57221, -0.81501 ], [ 34.57187, -0.81493 ], [ 34.57172, -0.81491 ], [ 34.57168, -0.81489 ], [ 34.57164, -0.81487 ], [ 34.5716, -0.81484 ], [ 34.57153, -0.81481 ], [ 34.5715, -0.81479 ], [ 34.57146, -0.81475 ], [ 34.57144, -0.81472 ], [ 34.57143, -0.81468 ], [ 34.57143, -0.81464 ], [ 34.57144, -0.81461 ], [ 34.57146, -0.81458 ], [ 34.57147, -0.81455 ], [ 34.57148, -0.81451 ], [ 34.5715, -0.81449 ], [ 34.57152, -0.81447 ], [ 34.57155, -0.81444 ], [ 34.57159, -0.8144 ], [ 34.57167, -0.81436 ], [ 34.57171, -0.81433 ], [ 34.57174, -0.8143 ], [ 34.57183, -0.81423 ], [ 34.57187, -0.8142 ], [ 34.57189, -0.81418 ], [ 34.57192, -0.81417 ], [ 34.57193, -0.81414 ], [ 34.57195, -0.8141 ], [ 34.57196, -0.81406 ], [ 34.57197, -0.81403 ], [ 34.57197, -0.81401 ], [ 34.57199, -0.81397 ], [ 34.57199, -0.81393 ], [ 34.57199, -0.8139 ], [ 34.57199, -0.81387 ], [ 34.57199, -0.81384 ], [ 34.57198, -0.81381 ], [ 34.57194, -0.8137 ], [ 34.57193, -0.81366 ], [ 34.5719, -0.81356 ], [ 34.57188, -0.81345 ], [ 34.57185, -0.81335 ], [ 34.57186, -0.81325 ], [ 34.57186, -0.81315 ], [ 34.57186, -0.81306 ], [ 34.57186, -0.81297 ], [ 34.57187, -0.8129 ], [ 34.57189, -0.81285 ], [ 34.5719, -0.81279 ], [ 34.57193, -0.81274 ], [ 34.57199, -0.81258 ], [ 34.57201, -0.81256 ], [ 34.57202, -0.81253 ], [ 34.57204, -0.81249 ], [ 34.57205, -0.81245 ], [ 34.57206, -0.81241 ], [ 34.57207, -0.81237 ], [ 34.57209, -0.81226 ], [ 34.5721, -0.81222 ], [ 34.5721, -0.81218 ], [ 34.5721, -0.81214 ], [ 34.5721, -0.81209 ], [ 34.57209, -0.81204 ], [ 34.5721, -0.81193 ], [ 34.5721, -0.81187 ], [ 34.57209, -0.81183 ], [ 34.57208, -0.81178 ], [ 34.57206, -0.81173 ], [ 34.57203, -0.81169 ], [ 34.572, -0.81165 ], [ 34.57196, -0.81159 ], [ 34.57191, -0.81155 ], [ 34.57187, -0.8115 ], [ 34.57182, -0.81146 ], [ 34.57175, -0.81141 ], [ 34.57172, -0.81139 ], [ 34.57164, -0.81136 ], [ 34.57161, -0.81134 ], [ 34.57158, -0.81132 ], [ 34.57155, -0.81129 ], [ 34.57153, -0.81126 ], [ 34.57151, -0.81122 ], [ 34.57149, -0.81117 ], [ 34.57148, -0.81111 ], [ 34.57148, -0.81108 ], [ 34.57148, -0.81105 ], [ 34.57148, -0.81102 ], [ 34.57148, -0.81097 ], [ 34.5715, -0.81092 ], [ 34.57152, -0.81088 ], [ 34.57153, -0.81085 ], [ 34.57156, -0.81081 ], [ 34.57159, -0.81075 ], [ 34.57162, -0.81068 ], [ 34.57165, -0.81063 ], [ 34.57172, -0.81051 ], [ 34.57176, -0.81046 ], [ 34.57178, -0.81043 ], [ 34.57186, -0.81033 ], [ 34.5719, -0.81026 ], [ 34.57194, -0.81019 ], [ 34.57198, -0.81013 ], [ 34.57201, -0.81007 ], [ 34.57204, -0.80999 ], [ 34.57206, -0.80993 ], [ 34.57208, -0.80987 ], [ 34.5721, -0.8098 ], [ 34.57212, -0.80975 ], [ 34.57213, -0.8097 ], [ 34.57213, -0.80965 ], [ 34.57213, -0.80959 ], [ 34.57213, -0.80955 ], [ 34.57214, -0.80949 ], [ 34.57213, -0.80944 ], [ 34.57213, -0.8094 ], [ 34.57213, -0.80935 ], [ 34.57212, -0.80928 ], [ 34.57211, -0.80923 ], [ 34.5721, -0.8092 ], [ 34.57208, -0.80913 ], [ 34.57205, -0.80908 ], [ 34.57203, -0.80905 ], [ 34.57202, -0.80903 ], [ 34.57198, -0.80898 ], [ 34.57194, -0.80892 ], [ 34.57191, -0.80888 ], [ 34.57188, -0.80882 ], [ 34.57184, -0.80871 ], [ 34.57182, -0.80866 ], [ 34.57179, -0.80862 ], [ 34.57175, -0.80855 ], [ 34.57171, -0.80851 ], [ 34.57168, -0.80846 ], [ 34.57163, -0.8084 ], [ 34.57155, -0.80831 ], [ 34.57145, -0.80817 ], [ 34.57131, -0.808 ], [ 34.57127, -0.80796 ], [ 34.57123, -0.80792 ], [ 34.57114, -0.80783 ], [ 34.57111, -0.8078 ], [ 34.57108, -0.80777 ], [ 34.57103, -0.80775 ], [ 34.57098, -0.80772 ], [ 34.57092, -0.80771 ], [ 34.57088, -0.80768 ], [ 34.57081, -0.80766 ], [ 34.57076, -0.80765 ], [ 34.57071, -0.80763 ], [ 34.57067, -0.8076 ], [ 34.57063, -0.80758 ], [ 34.57058, -0.80755 ], [ 34.57054, -0.80752 ], [ 34.5705, -0.80748 ], [ 34.57042, -0.80741 ], [ 34.57033, -0.80733 ], [ 34.57029, -0.80728 ], [ 34.57019, -0.80714 ], [ 34.57015, -0.8071 ], [ 34.5701, -0.80705 ], [ 34.57001, -0.80696 ], [ 34.56997, -0.80694 ], [ 34.56992, -0.80689 ], [ 34.56984, -0.80681 ], [ 34.56969, -0.80665 ], [ 34.56962, -0.80658 ], [ 34.56944, -0.80639 ], [ 34.56939, -0.80635 ], [ 34.56934, -0.80631 ], [ 34.56926, -0.80624 ], [ 34.56919, -0.80619 ], [ 34.56912, -0.80615 ], [ 34.56905, -0.80611 ], [ 34.56896, -0.80606 ], [ 34.56887, -0.80603 ], [ 34.56883, -0.80601 ], [ 34.56879, -0.806 ], [ 34.56875, -0.80599 ], [ 34.56871, -0.80599 ], [ 34.56865, -0.80598 ], [ 34.56861, -0.80597 ], [ 34.56857, -0.80597 ], [ 34.56852, -0.80596 ], [ 34.56836, -0.80598 ], [ 34.56821, -0.80599 ], [ 34.56808, -0.806 ], [ 34.56801, -0.80601 ], [ 34.56785, -0.80603 ], [ 34.56778, -0.80603 ], [ 34.56768, -0.80604 ], [ 34.56757, -0.80604 ], [ 34.56745, -0.80604 ], [ 34.56731, -0.80604 ], [ 34.56716, -0.80604 ], [ 34.5671, -0.80604 ], [ 34.56705, -0.80604 ], [ 34.56699, -0.80603 ], [ 34.56694, -0.80602 ], [ 34.56688, -0.806 ], [ 34.56682, -0.80596 ], [ 34.56675, -0.80592 ], [ 34.56667, -0.80589 ], [ 34.56664, -0.80587 ], [ 34.5666, -0.80583 ], [ 34.56655, -0.80577 ], [ 34.56652, -0.80576 ], [ 34.56649, -0.80573 ], [ 34.56649, -0.80572 ], [ 34.56646, -0.80568 ], [ 34.56643, -0.80564 ], [ 34.5664, -0.80559 ], [ 34.56637, -0.80554 ], [ 34.56636, -0.8055 ], [ 34.56635, -0.80547 ], [ 34.56634, -0.80543 ], [ 34.56633, -0.8054 ], [ 34.56632, -0.80536 ], [ 34.56632, -0.80532 ], [ 34.56631, -0.80529 ], [ 34.56631, -0.80525 ], [ 34.56632, -0.80519 ], [ 34.56633, -0.80513 ], [ 34.56635, -0.80507 ], [ 34.56639, -0.80495 ], [ 34.5664, -0.80491 ], [ 34.56642, -0.80486 ], [ 34.56651, -0.80467 ], [ 34.56653, -0.80463 ], [ 34.56655, -0.80458 ], [ 34.56658, -0.80449 ], [ 34.56659, -0.80447 ], [ 34.5666, -0.80443 ], [ 34.56662, -0.80437 ], [ 34.56663, -0.80432 ], [ 34.56664, -0.80427 ], [ 34.56665, -0.80422 ], [ 34.56665, -0.80417 ], [ 34.56665, -0.80411 ], [ 34.56665, -0.80399 ], [ 34.56663, -0.8038 ], [ 34.56662, -0.80369 ], [ 34.56662, -0.80367 ], [ 34.56663, -0.80362 ], [ 34.56662, -0.80355 ], [ 34.56661, -0.8035 ], [ 34.5666, -0.80346 ], [ 34.56659, -0.80342 ], [ 34.56657, -0.80338 ], [ 34.56655, -0.80334 ], [ 34.56653, -0.80329 ], [ 34.5665, -0.80324 ], [ 34.56642, -0.80312 ], [ 34.56639, -0.80307 ], [ 34.56635, -0.80303 ], [ 34.56631, -0.80298 ], [ 34.56627, -0.80293 ], [ 34.56623, -0.80289 ], [ 34.56619, -0.80284 ], [ 34.56614, -0.8028 ], [ 34.56609, -0.80276 ], [ 34.56602, -0.80269 ], [ 34.56595, -0.80264 ], [ 34.56589, -0.8026 ], [ 34.56583, -0.80256 ], [ 34.56579, -0.80254 ], [ 34.56574, -0.80251 ], [ 34.56569, -0.80249 ], [ 34.56564, -0.80248 ], [ 34.56559, -0.80246 ], [ 34.56559, -0.80246 ], [ 34.56556, -0.80244 ], [ 34.56549, -0.80241 ], [ 34.56543, -0.80239 ], [ 34.56537, -0.80237 ], [ 34.56531, -0.80236 ], [ 34.56526, -0.80235 ], [ 34.56522, -0.80235 ], [ 34.56519, -0.80235 ], [ 34.56515, -0.80235 ], [ 34.56503, -0.80236 ], [ 34.56499, -0.80236 ], [ 34.56488, -0.80237 ], [ 34.56485, -0.80236 ], [ 34.56482, -0.80236 ], [ 34.56476, -0.80236 ], [ 34.56471, -0.80235 ], [ 34.56467, -0.80234 ], [ 34.56463, -0.80233 ], [ 34.56456, -0.8023 ], [ 34.56451, -0.80227 ], [ 34.56448, -0.80226 ], [ 34.56444, -0.80223 ], [ 34.56438, -0.8022 ], [ 34.56434, -0.80218 ], [ 34.56431, -0.80215 ], [ 34.56429, -0.80213 ], [ 34.56427, -0.8021 ], [ 34.56424, -0.80202 ], [ 34.56422, -0.80199 ], [ 34.56419, -0.80195 ], [ 34.56414, -0.80187 ], [ 34.56408, -0.80178 ], [ 34.56404, -0.80171 ], [ 34.56403, -0.80168 ], [ 34.56401, -0.80164 ], [ 34.56396, -0.80152 ], [ 34.56395, -0.80147 ], [ 34.56392, -0.80142 ], [ 34.5639, -0.80138 ], [ 34.56387, -0.80134 ], [ 34.56386, -0.80133 ], [ 34.56383, -0.80131 ], [ 34.56381, -0.80129 ], [ 34.56378, -0.80125 ], [ 34.56367, -0.80116 ], [ 34.56363, -0.80111 ], [ 34.56358, -0.80106 ], [ 34.56348, -0.80094 ], [ 34.56343, -0.80089 ], [ 34.56338, -0.80084 ], [ 34.56334, -0.8008 ], [ 34.56335, -0.8008 ], [ 34.56367, -0.80074 ], [ 34.56371, -0.80073 ], [ 34.56379, -0.80075 ], [ 34.56398, -0.80078 ], [ 34.56411, -0.80081 ], [ 34.56419, -0.80082 ], [ 34.56429, -0.80083 ], [ 34.5644, -0.80084 ], [ 34.56449, -0.80085 ], [ 34.56457, -0.80085 ], [ 34.56464, -0.80085 ], [ 34.56471, -0.80084 ], [ 34.5648, -0.80082 ], [ 34.5648, -0.80082 ], [ 34.56483, -0.80082 ], [ 34.56495, -0.80081 ], [ 34.56498, -0.8008 ], [ 34.56501, -0.80078 ], [ 34.56504, -0.80076 ], [ 34.56508, -0.80072 ], [ 34.56511, -0.8007 ], [ 34.56527, -0.80056 ], [ 34.56533, -0.80052 ], [ 34.56539, -0.80047 ], [ 34.56548, -0.80041 ], [ 34.56553, -0.80037 ], [ 34.56558, -0.80034 ], [ 34.56563, -0.80032 ], [ 34.56567, -0.80031 ], [ 34.56571, -0.8003 ], [ 34.56575, -0.80028 ], [ 34.5658, -0.80027 ], [ 34.5659, -0.80026 ], [ 34.56604, -0.80025 ], [ 34.56609, -0.80024 ], [ 34.56616, -0.80024 ], [ 34.56629, -0.80025 ], [ 34.56635, -0.80025 ], [ 34.56655, -0.80025 ], [ 34.56662, -0.80026 ], [ 34.56668, -0.80026 ], [ 34.56677, -0.80027 ], [ 34.56697, -0.80031 ], [ 34.56702, -0.80032 ], [ 34.56706, -0.80032 ], [ 34.56712, -0.80033 ], [ 34.56718, -0.80033 ], [ 34.56736, -0.80032 ], [ 34.5674, -0.80032 ], [ 34.5675, -0.80033 ], [ 34.56756, -0.80033 ], [ 34.5676, -0.80032 ], [ 34.56764, -0.8003 ], [ 34.56766, -0.80029 ], [ 34.56768, -0.80026 ], [ 34.5677, -0.80023 ], [ 34.56774, -0.80015 ], [ 34.56777, -0.80011 ], [ 34.56777, -0.8001 ], [ 34.56783, -0.80004 ], [ 34.56792, -0.79993 ], [ 34.56804, -0.79979 ], [ 34.56815, -0.79968 ], [ 34.5682, -0.79963 ], [ 34.56825, -0.79955 ], [ 34.56844, -0.79931 ], [ 34.56885, -0.79917 ], [ 34.56892, -0.79915 ], [ 34.56897, -0.79914 ], [ 34.56904, -0.79912 ], [ 34.56909, -0.7991 ], [ 34.56915, -0.79909 ], [ 34.5692, -0.79908 ], [ 34.56926, -0.79908 ], [ 34.56922, -0.79898 ], [ 34.56918, -0.79888 ], [ 34.56913, -0.79875 ], [ 34.56908, -0.79863 ], [ 34.56904, -0.79853 ], [ 34.56901, -0.79844 ], [ 34.56896, -0.79832 ], [ 34.56892, -0.79824 ], [ 34.56887, -0.79814 ], [ 34.56884, -0.79808 ], [ 34.56879, -0.798 ], [ 34.56873, -0.79789 ], [ 34.56866, -0.79776 ], [ 34.5686, -0.79764 ], [ 34.56853, -0.79751 ], [ 34.56848, -0.79743 ], [ 34.56844, -0.79736 ], [ 34.56814, -0.79683 ], [ 34.56811, -0.79677 ], [ 34.56804, -0.79665 ], [ 34.56801, -0.79647 ], [ 34.56799, -0.79635 ], [ 34.56796, -0.79616 ], [ 34.56793, -0.79595 ], [ 34.56793, -0.79589 ], [ 34.56794, -0.7957 ], [ 34.56798, -0.79526 ], [ 34.56799, -0.7951 ], [ 34.568, -0.79498 ], [ 34.56805, -0.79491 ], [ 34.56814, -0.79478 ], [ 34.56821, -0.79467 ], [ 34.56827, -0.79459 ], [ 34.56836, -0.79445 ], [ 34.56841, -0.79438 ], [ 34.56848, -0.79428 ], [ 34.56853, -0.79421 ], [ 34.56857, -0.79414 ], [ 34.56864, -0.79404 ], [ 34.56869, -0.79397 ], [ 34.56873, -0.7939 ], [ 34.56878, -0.79384 ], [ 34.56882, -0.7938 ], [ 34.56888, -0.79376 ], [ 34.56896, -0.7937 ], [ 34.56898, -0.79368 ], [ 34.56944, -0.79332 ], [ 34.56985, -0.79306 ], [ 34.57033, -0.79272 ], [ 34.57096, -0.79221 ], [ 34.57122, -0.7915 ], [ 34.57141, -0.79069 ], [ 34.57163, -0.79017 ], [ 34.57222, -0.7895 ], [ 34.57234, -0.78933 ], [ 34.57246, -0.78915 ], [ 34.5727, -0.7888 ], [ 34.57345, -0.7882 ], [ 34.57351, -0.78813 ], [ 34.57362, -0.78801 ], [ 34.57388, -0.78772 ], [ 34.57419, -0.78695 ], [ 34.57425, -0.78684 ], [ 34.57426, -0.78681 ], [ 34.57429, -0.78678 ], [ 34.5743, -0.78675 ], [ 34.57431, -0.78673 ], [ 34.57432, -0.78671 ], [ 34.57435, -0.78667 ], [ 34.57445, -0.7865 ], [ 34.57445, -0.78608 ], [ 34.57445, -0.78594 ], [ 34.57441, -0.78584 ], [ 34.57438, -0.78574 ], [ 34.57434, -0.78563 ], [ 34.57433, -0.78559 ], [ 34.5743, -0.7855 ], [ 34.57424, -0.78537 ], [ 34.57418, -0.78523 ], [ 34.57415, -0.78517 ], [ 34.57412, -0.78509 ], [ 34.57404, -0.78491 ], [ 34.57398, -0.78472 ], [ 34.57394, -0.78457 ], [ 34.5739, -0.78444 ], [ 34.57385, -0.78427 ], [ 34.57379, -0.78409 ], [ 34.57374, -0.78392 ], [ 34.57371, -0.7838 ], [ 34.57367, -0.78371 ], [ 34.57361, -0.78356 ], [ 34.57356, -0.78343 ], [ 34.5735, -0.7832 ], [ 34.57344, -0.78299 ], [ 34.57339, -0.7828 ], [ 34.57332, -0.78255 ], [ 34.57328, -0.7824 ], [ 34.57323, -0.78222 ], [ 34.57317, -0.782 ], [ 34.57311, -0.78179 ], [ 34.57303, -0.7815 ], [ 34.57296, -0.78124 ], [ 34.57291, -0.78104 ], [ 34.57285, -0.78083 ], [ 34.57278, -0.78062 ], [ 34.5727, -0.78036 ], [ 34.57262, -0.78012 ], [ 34.57255, -0.77991 ], [ 34.57246, -0.77962 ], [ 34.57238, -0.77939 ], [ 34.57232, -0.7792 ], [ 34.57225, -0.77901 ], [ 34.57216, -0.77872 ], [ 34.57206, -0.77841 ], [ 34.57194, -0.77805 ], [ 34.57185, -0.77778 ], [ 34.57178, -0.77755 ], [ 34.57171, -0.77736 ], [ 34.57163, -0.7771 ], [ 34.57154, -0.77682 ], [ 34.57143, -0.7765 ], [ 34.57133, -0.77619 ], [ 34.5713, -0.77609 ], [ 34.57121, -0.77585 ], [ 34.57105, -0.77545 ], [ 34.57084, -0.77488 ], [ 34.57078, -0.77472 ], [ 34.57078, -0.77445 ], [ 34.57078, -0.77416 ], [ 34.57078, -0.77409 ], [ 34.57078, -0.77384 ], [ 34.57078, -0.77364 ], [ 34.57078, -0.77342 ], [ 34.57077, -0.77338 ], [ 34.57074, -0.77327 ], [ 34.57069, -0.77304 ], [ 34.57066, -0.77287 ], [ 34.57064, -0.77278 ], [ 34.57067, -0.77274 ], [ 34.5707, -0.7727 ], [ 34.57075, -0.77264 ], [ 34.57079, -0.77257 ], [ 34.57082, -0.77251 ], [ 34.57084, -0.77248 ], [ 34.57085, -0.77245 ], [ 34.57087, -0.77243 ], [ 34.57089, -0.7724 ], [ 34.57092, -0.77237 ], [ 34.57098, -0.77229 ], [ 34.57101, -0.77225 ], [ 34.57103, -0.77222 ], [ 34.57107, -0.77219 ], [ 34.57109, -0.77218 ], [ 34.5711, -0.77211 ], [ 34.57109, -0.77191 ], [ 34.57109, -0.77174 ], [ 34.57108, -0.77148 ], [ 34.57108, -0.77132 ], [ 34.5711, -0.77114 ], [ 34.57114, -0.77087 ], [ 34.57118, -0.77054 ], [ 34.57121, -0.77027 ], [ 34.57123, -0.77006 ], [ 34.57124, -0.77 ], [ 34.57124, -0.76995 ], [ 34.57123, -0.76967 ], [ 34.57122, -0.76936 ], [ 34.57121, -0.76901 ], [ 34.57121, -0.76894 ], [ 34.5712, -0.7687 ], [ 34.57118, -0.76836 ], [ 34.57115, -0.76779 ], [ 34.57114, -0.76759 ], [ 34.57112, -0.76748 ], [ 34.57106, -0.76723 ], [ 34.57099, -0.76688 ], [ 34.57095, -0.76672 ], [ 34.57091, -0.7666 ], [ 34.5709, -0.76654 ], [ 34.57088, -0.76649 ], [ 34.57087, -0.76646 ], [ 34.5708, -0.76624 ], [ 34.57074, -0.76603 ], [ 34.57071, -0.76593 ], [ 34.57067, -0.7658 ], [ 34.57064, -0.76569 ], [ 34.5706, -0.76556 ], [ 34.57056, -0.7655 ], [ 34.57042, -0.76528 ], [ 34.5703, -0.76508 ], [ 34.57017, -0.76489 ], [ 34.57011, -0.76479 ], [ 34.57005, -0.76469 ], [ 34.57002, -0.7646 ], [ 34.56997, -0.76442 ], [ 34.56994, -0.76432 ], [ 34.56988, -0.76412 ], [ 34.56986, -0.76405 ], [ 34.56983, -0.76395 ], [ 34.56979, -0.7638 ], [ 34.56976, -0.76368 ], [ 34.5697, -0.76348 ], [ 34.56961, -0.76315 ], [ 34.56956, -0.76298 ], [ 34.56954, -0.76291 ], [ 34.56951, -0.7628 ], [ 34.56947, -0.76266 ], [ 34.56944, -0.76254 ], [ 34.56946, -0.7625 ], [ 34.56953, -0.76238 ], [ 34.56961, -0.76225 ], [ 34.56972, -0.76207 ], [ 34.56982, -0.76189 ], [ 34.5699, -0.76174 ], [ 34.56997, -0.76156 ], [ 34.57005, -0.7614 ], [ 34.57012, -0.76125 ], [ 34.57013, -0.76121 ], [ 34.57024, -0.76101 ], [ 34.57029, -0.7609 ], [ 34.57034, -0.7608 ], [ 34.5704, -0.76064 ], [ 34.57048, -0.76043 ], [ 34.57054, -0.76026 ], [ 34.57081, -0.75951 ], [ 34.5707, -0.75939 ], [ 34.57068, -0.75937 ], [ 34.57064, -0.75933 ], [ 34.57059, -0.75927 ], [ 34.57056, -0.75921 ], [ 34.57052, -0.75914 ], [ 34.57048, -0.75906 ], [ 34.57044, -0.75897 ], [ 34.57037, -0.75882 ], [ 34.57035, -0.75875 ], [ 34.57028, -0.75858 ], [ 34.57026, -0.75853 ], [ 34.57025, -0.75849 ], [ 34.5702, -0.75842 ], [ 34.57015, -0.75834 ], [ 34.5701, -0.75825 ], [ 34.57002, -0.75814 ], [ 34.56997, -0.75808 ], [ 34.56993, -0.75802 ], [ 34.56976, -0.75782 ], [ 34.56963, -0.75766 ], [ 34.56944, -0.75744 ], [ 34.56931, -0.75728 ], [ 34.56923, -0.75718 ], [ 34.56916, -0.75711 ], [ 34.56911, -0.75705 ], [ 34.56905, -0.75699 ], [ 34.56899, -0.75693 ], [ 34.56891, -0.75686 ], [ 34.5688, -0.75676 ], [ 34.5687, -0.75666 ], [ 34.56859, -0.75657 ], [ 34.56836, -0.75637 ], [ 34.56827, -0.7563 ], [ 34.56811, -0.75616 ], [ 34.56796, -0.75604 ], [ 34.56782, -0.75593 ], [ 34.56775, -0.75589 ], [ 34.56751, -0.7557 ], [ 34.5673, -0.75553 ], [ 34.56724, -0.75548 ], [ 34.56707, -0.75534 ], [ 34.56699, -0.75527 ], [ 34.56679, -0.75511 ], [ 34.56664, -0.75498 ], [ 34.56647, -0.75484 ], [ 34.56631, -0.7547 ], [ 34.56623, -0.75462 ], [ 34.56617, -0.75456 ], [ 34.56604, -0.75444 ], [ 34.5659, -0.75429 ], [ 34.56577, -0.75414 ], [ 34.56569, -0.75405 ], [ 34.56552, -0.75385 ], [ 34.56544, -0.75377 ], [ 34.56535, -0.75366 ], [ 34.56527, -0.75357 ], [ 34.5652, -0.7535 ], [ 34.56504, -0.75333 ], [ 34.56496, -0.75325 ], [ 34.56491, -0.75319 ], [ 34.56478, -0.75307 ], [ 34.56466, -0.75295 ], [ 34.56456, -0.75285 ], [ 34.56447, -0.75276 ], [ 34.56436, -0.75266 ], [ 34.56431, -0.75262 ], [ 34.56416, -0.75249 ], [ 34.56402, -0.75237 ], [ 34.56392, -0.7523 ], [ 34.56381, -0.75222 ], [ 34.56348, -0.75198 ], [ 34.56326, -0.75183 ], [ 34.56317, -0.75177 ], [ 34.56308, -0.75171 ], [ 34.563, -0.75166 ], [ 34.5629, -0.75161 ], [ 34.56281, -0.75156 ], [ 34.56273, -0.75152 ], [ 34.56265, -0.75149 ], [ 34.56258, -0.75145 ], [ 34.5625, -0.75143 ], [ 34.56243, -0.75141 ], [ 34.56236, -0.75139 ], [ 34.56228, -0.75137 ], [ 34.56219, -0.75135 ], [ 34.56208, -0.75134 ], [ 34.56195, -0.75133 ], [ 34.56176, -0.75131 ], [ 34.5617, -0.75131 ], [ 34.56164, -0.75131 ], [ 34.56158, -0.75131 ], [ 34.56153, -0.75131 ], [ 34.56147, -0.75131 ], [ 34.56142, -0.75132 ], [ 34.56138, -0.75134 ], [ 34.56133, -0.75135 ], [ 34.56128, -0.75138 ], [ 34.56123, -0.75141 ], [ 34.5611, -0.7515 ], [ 34.56106, -0.75152 ], [ 34.56102, -0.75155 ], [ 34.56094, -0.75158 ], [ 34.56079, -0.75163 ], [ 34.56074, -0.75165 ], [ 34.56069, -0.75168 ], [ 34.56058, -0.75173 ], [ 34.56054, -0.75175 ], [ 34.56049, -0.75177 ], [ 34.56044, -0.75178 ], [ 34.56042, -0.75179 ], [ 34.56038, -0.75179 ], [ 34.56025, -0.7518 ], [ 34.5602, -0.75181 ], [ 34.56014, -0.75182 ], [ 34.56002, -0.75186 ], [ 34.55997, -0.75187 ], [ 34.55986, -0.7519 ], [ 34.5598, -0.75191 ], [ 34.55974, -0.75192 ], [ 34.55969, -0.75192 ], [ 34.55965, -0.75192 ], [ 34.55959, -0.75192 ], [ 34.55954, -0.75191 ], [ 34.55939, -0.75188 ], [ 34.55935, -0.75188 ], [ 34.55931, -0.75188 ], [ 34.55925, -0.75187 ], [ 34.55918, -0.75188 ], [ 34.55911, -0.75188 ], [ 34.55904, -0.75189 ], [ 34.5589, -0.75191 ], [ 34.55881, -0.75193 ], [ 34.55861, -0.75197 ], [ 34.55849, -0.75199 ], [ 34.55834, -0.75201 ], [ 34.55828, -0.75202 ], [ 34.55801, -0.75207 ], [ 34.55788, -0.75209 ], [ 34.55779, -0.7521 ], [ 34.55771, -0.75211 ], [ 34.55764, -0.75211 ], [ 34.55757, -0.75212 ], [ 34.55752, -0.75211 ], [ 34.55747, -0.75211 ], [ 34.55742, -0.75211 ], [ 34.55737, -0.7521 ], [ 34.55727, -0.75208 ], [ 34.55717, -0.75206 ], [ 34.55703, -0.75203 ], [ 34.55697, -0.75201 ], [ 34.55691, -0.752 ], [ 34.55685, -0.752 ], [ 34.5568, -0.752 ], [ 34.55674, -0.752 ], [ 34.55669, -0.752 ], [ 34.55665, -0.752 ], [ 34.5566, -0.75201 ], [ 34.55647, -0.75204 ], [ 34.5564, -0.75205 ], [ 34.55631, -0.75207 ], [ 34.55626, -0.75208 ], [ 34.55619, -0.75208 ], [ 34.55606, -0.75209 ], [ 34.55594, -0.75209 ], [ 34.55578, -0.75209 ], [ 34.55561, -0.75209 ], [ 34.5555, -0.75209 ], [ 34.55533, -0.7521 ], [ 34.55527, -0.75211 ], [ 34.55516, -0.75211 ], [ 34.5551, -0.75211 ], [ 34.55504, -0.75211 ], [ 34.55498, -0.7521 ], [ 34.55493, -0.75209 ], [ 34.55486, -0.75207 ], [ 34.55479, -0.75205 ], [ 34.55472, -0.75202 ], [ 34.55465, -0.752 ], [ 34.55456, -0.75196 ], [ 34.55448, -0.75194 ], [ 34.55431, -0.75188 ], [ 34.55424, -0.75186 ], [ 34.55414, -0.75183 ], [ 34.55387, -0.7519 ], [ 34.55364, -0.75195 ], [ 34.55349, -0.75193 ], [ 34.55327, -0.75189 ], [ 34.55291, -0.75183 ], [ 34.5527, -0.7518 ], [ 34.5523, -0.75173 ], [ 34.55204, -0.75169 ], [ 34.5517, -0.75164 ], [ 34.55161, -0.7516 ], [ 34.5514, -0.75151 ], [ 34.5512, -0.75143 ], [ 34.55098, -0.75133 ], [ 34.55077, -0.75124 ], [ 34.55062, -0.75118 ], [ 34.55061, -0.75104 ], [ 34.55061, -0.75089 ], [ 34.5506, -0.75067 ], [ 34.5506, -0.75056 ], [ 34.5506, -0.75046 ], [ 34.55062, -0.75029 ], [ 34.55062, -0.75019 ], [ 34.55063, -0.7501 ], [ 34.55064, -0.74993 ], [ 34.55065, -0.7499 ], [ 34.55066, -0.74981 ], [ 34.55066, -0.74976 ], [ 34.55071, -0.74949 ], [ 34.55069, -0.74948 ], [ 34.55045, -0.74939 ], [ 34.55025, -0.74932 ], [ 34.55, -0.74923 ], [ 34.5498, -0.74916 ], [ 34.54967, -0.74911 ], [ 34.54953, -0.74906 ], [ 34.54934, -0.74897 ], [ 34.54914, -0.74887 ], [ 34.54897, -0.74879 ], [ 34.54881, -0.74872 ], [ 34.54863, -0.74863 ], [ 34.54843, -0.74853 ], [ 34.54821, -0.74842 ], [ 34.54813, -0.74839 ], [ 34.5479, -0.74831 ], [ 34.54756, -0.74819 ], [ 34.54738, -0.74813 ], [ 34.54718, -0.74805 ], [ 34.54699, -0.74799 ], [ 34.54682, -0.74793 ], [ 34.54665, -0.74787 ], [ 34.54649, -0.74781 ], [ 34.54636, -0.74777 ], [ 34.54632, -0.74772 ], [ 34.54622, -0.74762 ], [ 34.54606, -0.74745 ], [ 34.54589, -0.74727 ], [ 34.54575, -0.74713 ], [ 34.54552, -0.74688 ], [ 34.54532, -0.74667 ], [ 34.54517, -0.74652 ], [ 34.54503, -0.74637 ], [ 34.54484, -0.74616 ], [ 34.5447, -0.74602 ], [ 34.5446, -0.74592 ], [ 34.54447, -0.74578 ], [ 34.54437, -0.74566 ], [ 34.54424, -0.74553 ], [ 34.54406, -0.74532 ], [ 34.54394, -0.7452 ], [ 34.5438, -0.74504 ], [ 34.5437, -0.74493 ], [ 34.54356, -0.74479 ], [ 34.54351, -0.74471 ], [ 34.54345, -0.74465 ], [ 34.54337, -0.74454 ], [ 34.54328, -0.74442 ], [ 34.54317, -0.74428 ], [ 34.54308, -0.74417 ], [ 34.54299, -0.74406 ], [ 34.54291, -0.74395 ], [ 34.54283, -0.74385 ], [ 34.54275, -0.74375 ], [ 34.54269, -0.74366 ], [ 34.54264, -0.74358 ], [ 34.54258, -0.74349 ], [ 34.54251, -0.74338 ], [ 34.54245, -0.74328 ], [ 34.54233, -0.7431 ], [ 34.54219, -0.7429 ], [ 34.54202, -0.74264 ], [ 34.5419, -0.74246 ], [ 34.54181, -0.74232 ], [ 34.54181, -0.74222 ], [ 34.5418, -0.74217 ], [ 34.54179, -0.74199 ], [ 34.54176, -0.74178 ], [ 34.54173, -0.74151 ], [ 34.54172, -0.7414 ], [ 34.54171, -0.74127 ], [ 34.5417, -0.74121 ], [ 34.54166, -0.74087 ], [ 34.54164, -0.7407 ], [ 34.54163, -0.74064 ], [ 34.54161, -0.74042 ], [ 34.5416, -0.7403 ], [ 34.5416, -0.74003 ], [ 34.54159, -0.73991 ], [ 34.54159, -0.73985 ], [ 34.54158, -0.73979 ], [ 34.54157, -0.73973 ], [ 34.54155, -0.73968 ], [ 34.54152, -0.73957 ], [ 34.54149, -0.73948 ], [ 34.54146, -0.7394 ], [ 34.54143, -0.73933 ], [ 34.54141, -0.7393 ], [ 34.54138, -0.73926 ], [ 34.54129, -0.73915 ], [ 34.54127, -0.73913 ], [ 34.54126, -0.7391 ], [ 34.54124, -0.73907 ], [ 34.54122, -0.73904 ], [ 34.54121, -0.739 ], [ 34.54119, -0.73897 ], [ 34.54117, -0.73891 ], [ 34.54116, -0.73888 ], [ 34.54115, -0.73884 ], [ 34.54114, -0.73881 ], [ 34.54113, -0.73876 ], [ 34.54111, -0.7387 ], [ 34.5411, -0.73865 ], [ 34.5411, -0.73862 ], [ 34.54109, -0.73857 ], [ 34.54109, -0.73854 ], [ 34.54108, -0.73851 ], [ 34.54108, -0.73846 ], [ 34.54108, -0.73842 ], [ 34.54107, -0.73829 ], [ 34.54106, -0.73821 ], [ 34.54105, -0.73813 ], [ 34.54104, -0.73806 ], [ 34.54102, -0.73799 ], [ 34.541, -0.73792 ], [ 34.54097, -0.73785 ], [ 34.54094, -0.73777 ], [ 34.54087, -0.73763 ], [ 34.54072, -0.73732 ], [ 34.54069, -0.73726 ], [ 34.54068, -0.73724 ], [ 34.54065, -0.73717 ], [ 34.54063, -0.73713 ], [ 34.5406, -0.73704 ], [ 34.54056, -0.73694 ], [ 34.54054, -0.73689 ], [ 34.54047, -0.73671 ], [ 34.54044, -0.73664 ], [ 34.54043, -0.73661 ], [ 34.54041, -0.73657 ], [ 34.54039, -0.73653 ], [ 34.54038, -0.7365 ], [ 34.54037, -0.73647 ], [ 34.54035, -0.73643 ], [ 34.54033, -0.7364 ], [ 34.54032, -0.73636 ], [ 34.54031, -0.73634 ], [ 34.54029, -0.7363 ], [ 34.54027, -0.73626 ], [ 34.54025, -0.73622 ], [ 34.54024, -0.73618 ], [ 34.54023, -0.73616 ], [ 34.54021, -0.73612 ], [ 34.54018, -0.73606 ], [ 34.54014, -0.73597 ], [ 34.54009, -0.73589 ], [ 34.54004, -0.73581 ], [ 34.53998, -0.73574 ], [ 34.53993, -0.73567 ], [ 34.53989, -0.73563 ], [ 34.53985, -0.73559 ], [ 34.53971, -0.73548 ], [ 34.53968, -0.73545 ], [ 34.53965, -0.73543 ], [ 34.53962, -0.7354 ], [ 34.53959, -0.73537 ], [ 34.53956, -0.73534 ], [ 34.53954, -0.73531 ], [ 34.53952, -0.73529 ], [ 34.5395, -0.73526 ], [ 34.53948, -0.73524 ], [ 34.53946, -0.73522 ], [ 34.53945, -0.73519 ], [ 34.53943, -0.73516 ], [ 34.5394, -0.73513 ], [ 34.53938, -0.73509 ], [ 34.53935, -0.73504 ], [ 34.53932, -0.73499 ], [ 34.5393, -0.73496 ], [ 34.53929, -0.73494 ], [ 34.53928, -0.73491 ], [ 34.53926, -0.73488 ], [ 34.53925, -0.73485 ], [ 34.53924, -0.73481 ], [ 34.53922, -0.73476 ], [ 34.53922, -0.73474 ], [ 34.53921, -0.7347 ], [ 34.53917, -0.73455 ], [ 34.53915, -0.73447 ], [ 34.53913, -0.7344 ], [ 34.5391, -0.73433 ], [ 34.53901, -0.73411 ], [ 34.53898, -0.73403 ], [ 34.53895, -0.73397 ], [ 34.53893, -0.7339 ], [ 34.53891, -0.73382 ], [ 34.53889, -0.73374 ], [ 34.53887, -0.73365 ], [ 34.53885, -0.73357 ], [ 34.53883, -0.73344 ], [ 34.53882, -0.73338 ], [ 34.5388, -0.73329 ], [ 34.53878, -0.73316 ], [ 34.53878, -0.7331 ], [ 34.53877, -0.73297 ], [ 34.53877, -0.73291 ], [ 34.53876, -0.73284 ], [ 34.53875, -0.73283 ], [ 34.53875, -0.73281 ], [ 34.53873, -0.73278 ], [ 34.53873, -0.73277 ], [ 34.53872, -0.73276 ], [ 34.53871, -0.73274 ], [ 34.53869, -0.73271 ], [ 34.53865, -0.73267 ], [ 34.53854, -0.73256 ], [ 34.53851, -0.73252 ], [ 34.53849, -0.73249 ], [ 34.53845, -0.73244 ], [ 34.53842, -0.73237 ], [ 34.53839, -0.7323 ], [ 34.53837, -0.73224 ], [ 34.53832, -0.73212 ], [ 34.53828, -0.73204 ], [ 34.5382, -0.73191 ], [ 34.53819, -0.73189 ], [ 34.53814, -0.73181 ], [ 34.53813, -0.7318 ], [ 34.53806, -0.73169 ], [ 34.53802, -0.73164 ], [ 34.5379, -0.73148 ], [ 34.53788, -0.73145 ], [ 34.53784, -0.7314 ], [ 34.53782, -0.73138 ], [ 34.5378, -0.73135 ], [ 34.5378, -0.73135 ], [ 34.53776, -0.7313 ], [ 34.53774, -0.73128 ], [ 34.53771, -0.73124 ], [ 34.53766, -0.73119 ], [ 34.53764, -0.73117 ], [ 34.53758, -0.73111 ], [ 34.53755, -0.73107 ], [ 34.5375, -0.73102 ], [ 34.53746, -0.73098 ], [ 34.53744, -0.73096 ], [ 34.53738, -0.7309 ], [ 34.53734, -0.73087 ], [ 34.5373, -0.73084 ], [ 34.53727, -0.73082 ], [ 34.53723, -0.73079 ], [ 34.53722, -0.73078 ], [ 34.53717, -0.73076 ], [ 34.53716, -0.73075 ], [ 34.53711, -0.73073 ], [ 34.53739, -0.72754 ], [ 34.53765, -0.72514 ], [ 34.53766, -0.72505 ], [ 34.53769, -0.72505 ], [ 34.53771, -0.72505 ], [ 34.53766, -0.72505 ], [ 34.53794, -0.72195 ], [ 34.53847, -0.71943 ], [ 34.53861, -0.71877 ], [ 34.53871, -0.7184 ], [ 34.53921, -0.71399 ], [ 34.53926, -0.71369 ], [ 34.53935, -0.70915 ], [ 34.53949, -0.70784 ], [ 34.53958, -0.70694 ], [ 34.53961, -0.70669 ], [ 34.53993, -0.70431 ], [ 34.54008, -0.70392 ], [ 34.54008, -0.70392 ], [ 34.54059, -0.70259 ], [ 34.541, -0.69995 ], [ 34.54175, -0.69823 ], [ 34.54182, -0.69759 ], [ 34.54167, -0.69661 ], [ 34.54171, -0.69638 ], [ 34.54176, -0.696 ], [ 34.54251, -0.6947 ], [ 34.54335, -0.69338 ], [ 34.54416, -0.69271 ], [ 34.54538, -0.69163 ], [ 34.5453, -0.69165 ], [ 34.54596, -0.69075 ], [ 34.54619, -0.68971 ], [ 34.54619, -0.68955 ], [ 34.54615, -0.68935 ], [ 34.54617, -0.6892 ], [ 34.54627, -0.6891 ], [ 34.54636, -0.68905 ], [ 34.54646, -0.68912 ], [ 34.54647, -0.68912 ], [ 34.54672, -0.68921 ], [ 34.54687, -0.68921 ], [ 34.54694, -0.68911 ], [ 34.54715, -0.68906 ], [ 34.54729, -0.68905 ], [ 34.54736, -0.68943 ], [ 34.54738, -0.68967 ], [ 34.54738, -0.68992 ], [ 34.54739, -0.68995 ], [ 34.5474, -0.69002 ], [ 34.5474, -0.69002 ], [ 34.54741, -0.69005 ], [ 34.54742, -0.69008 ], [ 34.54742, -0.69008 ], [ 34.54743, -0.69011 ], [ 34.54745, -0.69013 ], [ 34.54746, -0.69014 ], [ 34.54748, -0.69016 ], [ 34.5475, -0.69017 ], [ 34.54752, -0.69018 ], [ 34.54753, -0.69018 ], [ 34.54754, -0.69018 ], [ 34.54756, -0.69017 ], [ 34.54759, -0.69016 ], [ 34.54762, -0.69014 ], [ 34.54763, -0.69013 ], [ 34.54765, -0.69012 ], [ 34.5477, -0.69005 ], [ 34.54774, -0.69 ], [ 34.54776, -0.68998 ], [ 34.54779, -0.68996 ], [ 34.54782, -0.68995 ], [ 34.54784, -0.68993 ], [ 34.54786, -0.68993 ], [ 34.5479, -0.68992 ], [ 34.54793, -0.68992 ], [ 34.54797, -0.68992 ], [ 34.54801, -0.68993 ], [ 34.54804, -0.68994 ], [ 34.54806, -0.68995 ], [ 34.5481, -0.68997 ], [ 34.54814, -0.68999 ], [ 34.54814, -0.68999 ], [ 34.54818, -0.69 ], [ 34.5482, -0.69 ], [ 34.54821, -0.69 ], [ 34.54822, -0.69 ], [ 34.54824, -0.69 ], [ 34.54825, -0.68999 ], [ 34.54827, -0.68998 ], [ 34.54832, -0.68993 ], [ 34.54837, -0.68988 ], [ 34.54839, -0.68986 ], [ 34.54842, -0.68985 ], [ 34.54844, -0.68983 ], [ 34.54846, -0.68983 ], [ 34.54848, -0.68983 ], [ 34.5485, -0.68983 ], [ 34.54852, -0.68983 ], [ 34.54853, -0.68984 ], [ 34.54855, -0.68985 ], [ 34.54857, -0.68986 ], [ 34.54859, -0.68988 ], [ 34.54861, -0.6899 ], [ 34.54862, -0.68992 ], [ 34.54862, -0.68992 ], [ 34.54862, -0.68993 ], [ 34.54863, -0.68995 ], [ 34.54864, -0.69002 ], [ 34.54864, -0.69005 ], [ 34.54866, -0.69009 ], [ 34.54867, -0.69012 ], [ 34.54869, -0.69015 ], [ 34.54871, -0.69017 ], [ 34.54871, -0.69017 ], [ 34.54873, -0.6902 ], [ 34.54876, -0.69022 ], [ 34.54878, -0.69024 ], [ 34.5488, -0.69025 ], [ 34.54883, -0.69026 ], [ 34.54887, -0.69027 ], [ 34.54889, -0.69027 ], [ 34.5489, -0.69027 ], [ 34.54893, -0.69027 ], [ 34.54895, -0.69027 ], [ 34.54897, -0.69026 ], [ 34.54899, -0.69025 ], [ 34.54901, -0.69024 ], [ 34.54903, -0.69023 ], [ 34.54905, -0.69021 ], [ 34.54906, -0.6902 ], [ 34.54907, -0.69019 ], [ 34.54908, -0.69017 ], [ 34.54909, -0.69016 ], [ 34.54909, -0.69014 ], [ 34.54909, -0.69011 ], [ 34.54909, -0.69006 ], [ 34.54908, -0.69 ], [ 34.54908, -0.68996 ], [ 34.54906, -0.68991 ], [ 34.54904, -0.68987 ], [ 34.54901, -0.6898 ], [ 34.54897, -0.68974 ], [ 34.54892, -0.68965 ], [ 34.54883, -0.68952 ], [ 34.54877, -0.68944 ], [ 34.54876, -0.68942 ], [ 34.54875, -0.68939 ], [ 34.54874, -0.68936 ], [ 34.54873, -0.68933 ], [ 34.54873, -0.6893 ], [ 34.54873, -0.68927 ], [ 34.54874, -0.68924 ], [ 34.54875, -0.68921 ], [ 34.54876, -0.68918 ], [ 34.54879, -0.68915 ], [ 34.54882, -0.68912 ], [ 34.54885, -0.6891 ], [ 34.54889, -0.68908 ], [ 34.54892, -0.68907 ], [ 34.54895, -0.68907 ], [ 34.54899, -0.68907 ], [ 34.54908, -0.68907 ], [ 34.5491, -0.68907 ], [ 34.54912, -0.68907 ], [ 34.54915, -0.68906 ], [ 34.54917, -0.68905 ], [ 34.5492, -0.68903 ], [ 34.54922, -0.68902 ], [ 34.54924, -0.68901 ], [ 34.54926, -0.68899 ], [ 34.54931, -0.68893 ], [ 34.54933, -0.68891 ], [ 34.5494, -0.68883 ], [ 34.54942, -0.68881 ], [ 34.54944, -0.68879 ], [ 34.54946, -0.68878 ], [ 34.54949, -0.68876 ], [ 34.54952, -0.68875 ], [ 34.54955, -0.68874 ], [ 34.5496, -0.68873 ], [ 34.54965, -0.68872 ], [ 34.55096, -0.68718 ], [ 34.55143, -0.68665 ], [ 34.55234, -0.68486 ], [ 34.55352, -0.68273 ], [ 34.55413, -0.68185 ], [ 34.55464, -0.68112 ], [ 34.55497, -0.68072 ], [ 34.55561, -0.67992 ], [ 34.55684, -0.6787 ], [ 34.55721, -0.6784 ], [ 34.55811, -0.67674 ], [ 34.55835, -0.67637 ], [ 34.55857, -0.67566 ], [ 34.55882, -0.6748 ], [ 34.55885, -0.67471 ], [ 34.55885, -0.67425 ], [ 34.55854, -0.67307 ], [ 34.5578, -0.67164 ], [ 34.55717, -0.67083 ], [ 34.55643, -0.6704 ], [ 34.55633, -0.67035 ], [ 34.55635, -0.67022 ], [ 34.55635, -0.67011 ], [ 34.55635, -0.67008 ], [ 34.55636, -0.67005 ], [ 34.55636, -0.67002 ], [ 34.55638, -0.66998 ], [ 34.55639, -0.66995 ], [ 34.5564, -0.66992 ], [ 34.55642, -0.66989 ], [ 34.55644, -0.66986 ], [ 34.55646, -0.66983 ], [ 34.55648, -0.66981 ], [ 34.5565, -0.66979 ], [ 34.55653, -0.66977 ], [ 34.55656, -0.66975 ], [ 34.55664, -0.66972 ], [ 34.55668, -0.6697 ], [ 34.55668, -0.6697 ], [ 34.55671, -0.66968 ], [ 34.55673, -0.66965 ], [ 34.55674, -0.66964 ], [ 34.55675, -0.66962 ], [ 34.55678, -0.66954 ], [ 34.55679, -0.66952 ], [ 34.5568, -0.6695 ], [ 34.55682, -0.66947 ], [ 34.55685, -0.66944 ], [ 34.55688, -0.66941 ], [ 34.55695, -0.66935 ], [ 34.557, -0.66931 ], [ 34.5571, -0.66923 ], [ 34.55715, -0.66919 ], [ 34.55725, -0.66911 ], [ 34.55729, -0.66907 ], [ 34.55731, -0.66905 ], [ 34.55733, -0.66903 ], [ 34.55735, -0.66901 ], [ 34.55736, -0.66899 ], [ 34.55737, -0.66897 ], [ 34.55739, -0.6689 ], [ 34.5574, -0.66887 ], [ 34.55742, -0.66883 ], [ 34.55745, -0.6688 ], [ 34.55747, -0.66877 ], [ 34.55749, -0.66874 ], [ 34.55752, -0.66872 ], [ 34.55755, -0.6687 ], [ 34.55759, -0.66868 ], [ 34.55767, -0.66865 ], [ 34.5577, -0.66863 ], [ 34.5578, -0.66857 ], [ 34.55783, -0.66855 ], [ 34.55785, -0.66854 ], [ 34.55788, -0.66854 ], [ 34.5579, -0.66853 ], [ 34.55801, -0.66851 ], [ 34.55803, -0.66851 ], [ 34.55805, -0.6685 ], [ 34.55809, -0.66848 ], [ 34.55813, -0.66846 ], [ 34.55817, -0.66843 ], [ 34.55821, -0.6684 ], [ 34.55823, -0.66838 ], [ 34.55826, -0.66835 ], [ 34.55834, -0.66826 ], [ 34.55836, -0.66823 ], [ 34.55839, -0.6682 ], [ 34.55847, -0.66807 ], [ 34.55851, -0.66802 ], [ 34.55855, -0.66797 ], [ 34.55857, -0.66795 ], [ 34.55859, -0.66794 ], [ 34.55862, -0.66792 ], [ 34.55865, -0.6679 ], [ 34.55878, -0.66783 ], [ 34.55894, -0.66773 ], [ 34.55901, -0.66768 ], [ 34.55906, -0.66766 ], [ 34.55918, -0.66761 ], [ 34.55924, -0.66758 ], [ 34.55929, -0.66756 ], [ 34.55935, -0.66753 ], [ 34.55946, -0.66745 ], [ 34.55957, -0.66738 ], [ 34.5596, -0.66736 ], [ 34.55963, -0.66733 ], [ 34.55964, -0.66731 ], [ 34.55966, -0.66729 ], [ 34.55971, -0.66721 ], [ 34.55974, -0.66718 ], [ 34.55976, -0.66715 ], [ 34.55978, -0.66713 ], [ 34.55988, -0.66704 ], [ 34.55992, -0.667 ], [ 34.55996, -0.66696 ], [ 34.56004, -0.66685 ], [ 34.56007, -0.66683 ], [ 34.56009, -0.6668 ], [ 34.56012, -0.66678 ], [ 34.56015, -0.66676 ], [ 34.56027, -0.6667 ], [ 34.5603, -0.66667 ], [ 34.56034, -0.66665 ], [ 34.56034, -0.66665 ], [ 34.56036, -0.66663 ], [ 34.56038, -0.66661 ], [ 34.5604, -0.66659 ], [ 34.56046, -0.66649 ], [ 34.56049, -0.66645 ], [ 34.56053, -0.6664 ], [ 34.56057, -0.66636 ], [ 34.56063, -0.66631 ], [ 34.56068, -0.66626 ], [ 34.56071, -0.66624 ], [ 34.56074, -0.66622 ], [ 34.56089, -0.66614 ], [ 34.56092, -0.66612 ], [ 34.56095, -0.6661 ], [ 34.56097, -0.66608 ], [ 34.56103, -0.66602 ], [ 34.56104, -0.666 ], [ 34.56106, -0.66599 ], [ 34.56108, -0.66598 ], [ 34.56111, -0.66597 ], [ 34.56114, -0.66596 ], [ 34.56124, -0.66594 ], [ 34.56126, -0.66593 ], [ 34.56129, -0.66592 ], [ 34.56132, -0.6659 ], [ 34.56138, -0.66584 ], [ 34.56141, -0.66582 ], [ 34.56143, -0.66581 ], [ 34.56146, -0.6658 ], [ 34.56149, -0.6658 ], [ 34.56152, -0.66579 ], [ 34.56157, -0.66579 ], [ 34.56168, -0.66579 ], [ 34.56173, -0.66579 ], [ 34.56177, -0.66579 ], [ 34.56181, -0.66579 ], [ 34.56197, -0.66581 ], [ 34.56204, -0.66581 ], [ 34.56208, -0.66581 ], [ 34.56211, -0.6658 ], [ 34.56214, -0.6658 ], [ 34.56217, -0.66579 ], [ 34.5622, -0.66578 ], [ 34.56228, -0.66574 ], [ 34.5623, -0.66573 ], [ 34.56231, -0.66572 ], [ 34.56233, -0.66572 ], [ 34.56236, -0.66572 ], [ 34.56238, -0.66572 ], [ 34.56241, -0.66573 ], [ 34.56246, -0.66574 ], [ 34.56258, -0.66578 ], [ 34.56263, -0.66579 ], [ 34.56266, -0.66579 ], [ 34.56272, -0.66579 ], [ 34.56275, -0.6658 ], [ 34.56278, -0.6658 ], [ 34.5628, -0.66581 ], [ 34.56281, -0.66582 ], [ 34.56281, -0.66583 ], [ 34.56282, -0.66584 ], [ 34.56282, -0.66586 ], [ 34.56283, -0.66589 ], [ 34.56284, -0.66593 ], [ 34.56284, -0.66597 ], [ 34.56285, -0.666 ], [ 34.56287, -0.66604 ], [ 34.56289, -0.66609 ], [ 34.56293, -0.66618 ], [ 34.56299, -0.66627 ], [ 34.563, -0.66629 ], [ 34.56306, -0.66638 ], [ 34.56316, -0.66654 ], [ 34.56319, -0.66658 ], [ 34.56322, -0.66662 ], [ 34.56325, -0.66665 ], [ 34.56328, -0.66669 ], [ 34.56332, -0.66671 ], [ 34.56335, -0.66674 ], [ 34.56337, -0.66675 ], [ 34.5634, -0.66677 ], [ 34.56345, -0.66679 ], [ 34.56351, -0.66682 ], [ 34.56357, -0.66684 ], [ 34.56362, -0.66685 ], [ 34.56368, -0.66686 ], [ 34.56375, -0.66687 ], [ 34.56383, -0.66687 ], [ 34.56389, -0.66687 ], [ 34.56394, -0.66687 ], [ 34.56399, -0.66686 ], [ 34.56404, -0.66686 ], [ 34.56413, -0.66684 ], [ 34.56419, -0.66683 ], [ 34.56425, -0.66681 ], [ 34.56431, -0.66679 ], [ 34.56435, -0.66677 ], [ 34.5644, -0.66674 ], [ 34.56444, -0.66671 ], [ 34.56447, -0.66668 ], [ 34.56449, -0.66666 ], [ 34.56452, -0.66663 ], [ 34.56454, -0.66659 ], [ 34.56457, -0.66655 ], [ 34.56459, -0.6665 ], [ 34.56465, -0.6664 ], [ 34.56469, -0.66631 ], [ 34.5647, -0.66629 ], [ 34.56471, -0.66627 ], [ 34.56473, -0.66626 ], [ 34.56475, -0.66625 ], [ 34.56477, -0.66625 ], [ 34.5648, -0.66624 ], [ 34.56485, -0.66624 ], [ 34.56498, -0.66625 ], [ 34.56504, -0.66625 ], [ 34.5651, -0.66626 ], [ 34.56516, -0.66627 ], [ 34.56521, -0.66627 ], [ 34.56526, -0.66629 ], [ 34.5653, -0.6663 ], [ 34.56535, -0.66631 ], [ 34.56538, -0.66633 ], [ 34.56541, -0.66635 ], [ 34.56548, -0.66638 ], [ 34.5656, -0.66645 ], [ 34.56563, -0.66646 ], [ 34.56566, -0.66647 ], [ 34.56571, -0.66648 ], [ 34.56574, -0.66649 ], [ 34.56576, -0.66649 ], [ 34.56578, -0.66648 ], [ 34.56579, -0.66647 ], [ 34.56581, -0.66646 ], [ 34.56585, -0.6664 ], [ 34.56586, -0.66637 ], [ 34.56588, -0.66633 ], [ 34.56593, -0.6662 ], [ 34.56595, -0.66615 ], [ 34.56596, -0.66613 ], [ 34.56598, -0.66611 ], [ 34.566, -0.66609 ], [ 34.56601, -0.66608 ], [ 34.56603, -0.66606 ], [ 34.56606, -0.66605 ], [ 34.56609, -0.66604 ], [ 34.56612, -0.66604 ], [ 34.56615, -0.66603 ], [ 34.56619, -0.66603 ], [ 34.56629, -0.66602 ], [ 34.56632, -0.66602 ], [ 34.56642, -0.66603 ], [ 34.56644, -0.66603 ], [ 34.56646, -0.66603 ], [ 34.5665, -0.66602 ], [ 34.56654, -0.66601 ], [ 34.56656, -0.666 ], [ 34.56662, -0.66597 ], [ 34.56666, -0.66595 ], [ 34.56675, -0.66592 ], [ 34.56679, -0.6659 ], [ 34.56681, -0.66589 ], [ 34.56682, -0.66588 ], [ 34.56684, -0.66587 ], [ 34.56685, -0.66586 ], [ 34.56686, -0.66584 ], [ 34.56687, -0.66582 ], [ 34.56689, -0.66573 ], [ 34.5669, -0.6657 ], [ 34.56692, -0.66567 ], [ 34.56695, -0.66563 ], [ 34.56698, -0.66559 ], [ 34.56701, -0.66554 ], [ 34.56705, -0.6655 ], [ 34.56708, -0.66546 ], [ 34.56718, -0.66536 ], [ 34.56721, -0.66533 ], [ 34.56728, -0.66528 ], [ 34.56731, -0.66526 ], [ 34.56733, -0.66523 ], [ 34.56736, -0.66521 ], [ 34.56738, -0.66518 ], [ 34.56739, -0.66515 ], [ 34.5674, -0.66513 ], [ 34.56741, -0.66511 ], [ 34.56741, -0.66509 ], [ 34.56742, -0.66507 ], [ 34.56741, -0.66498 ], [ 34.56741, -0.66496 ], [ 34.56741, -0.66494 ], [ 34.56742, -0.66491 ], [ 34.56743, -0.66488 ], [ 34.56745, -0.66486 ], [ 34.56749, -0.66479 ], [ 34.56751, -0.66476 ], [ 34.56752, -0.66473 ], [ 34.56754, -0.66466 ], [ 34.56755, -0.66464 ], [ 34.56756, -0.66462 ], [ 34.56758, -0.66461 ], [ 34.56759, -0.66461 ], [ 34.56761, -0.6646 ], [ 34.56763, -0.66459 ], [ 34.56767, -0.66458 ], [ 34.56774, -0.66458 ], [ 34.56777, -0.66458 ], [ 34.5678, -0.66458 ], [ 34.56783, -0.66459 ], [ 34.56786, -0.6646 ], [ 34.56791, -0.66462 ], [ 34.56805, -0.66469 ], [ 34.56808, -0.6647 ], [ 34.56812, -0.66471 ], [ 34.56821, -0.66474 ], [ 34.56824, -0.66475 ], [ 34.56834, -0.66477 ], [ 34.56841, -0.66478 ], [ 34.56845, -0.66479 ], [ 34.56849, -0.66479 ], [ 34.56849, -0.66479 ], [ 34.56852, -0.66479 ], [ 34.56856, -0.66478 ], [ 34.5686, -0.66478 ], [ 34.56865, -0.66477 ], [ 34.56869, -0.66476 ], [ 34.5687, -0.66475 ], [ 34.56871, -0.66475 ], [ 34.56874, -0.66473 ], [ 34.56884, -0.66468 ], [ 34.56895, -0.66463 ], [ 34.56904, -0.66459 ], [ 34.56912, -0.66455 ], [ 34.56919, -0.66452 ], [ 34.56922, -0.66452 ], [ 34.56924, -0.66451 ], [ 34.56935, -0.66449 ], [ 34.5694, -0.66448 ], [ 34.56942, -0.66447 ], [ 34.56944, -0.66446 ], [ 34.56946, -0.66445 ], [ 34.56947, -0.66444 ], [ 34.56948, -0.66442 ], [ 34.56948, -0.66441 ], [ 34.5695, -0.66435 ], [ 34.56951, -0.66433 ], [ 34.56954, -0.66429 ], [ 34.56961, -0.66419 ], [ 34.56962, -0.66417 ], [ 34.56963, -0.66415 ], [ 34.56965, -0.66411 ], [ 34.56966, -0.66407 ], [ 34.56967, -0.66402 ], [ 34.56968, -0.66391 ], [ 34.56969, -0.66386 ], [ 34.5697, -0.66382 ], [ 34.56971, -0.66378 ], [ 34.56974, -0.66371 ], [ 34.56977, -0.66367 ], [ 34.56979, -0.66363 ], [ 34.56981, -0.6636 ], [ 34.56983, -0.66358 ], [ 34.56983, -0.66358 ], [ 34.56985, -0.66356 ], [ 34.56988, -0.66354 ], [ 34.56991, -0.66352 ], [ 34.56994, -0.6635 ], [ 34.56997, -0.66348 ], [ 34.57001, -0.66347 ], [ 34.57005, -0.66346 ], [ 34.5701, -0.66345 ], [ 34.57015, -0.66343 ], [ 34.57019, -0.66343 ], [ 34.57022, -0.66343 ], [ 34.57026, -0.66343 ], [ 34.5703, -0.66343 ], [ 34.57037, -0.66344 ], [ 34.57057, -0.66348 ], [ 34.57062, -0.66349 ], [ 34.57065, -0.66349 ], [ 34.57067, -0.66349 ], [ 34.57075, -0.66349 ], [ 34.57083, -0.66349 ], [ 34.57084, -0.66349 ], [ 34.57091, -0.66348 ], [ 34.57099, -0.66348 ], [ 34.57109, -0.66347 ], [ 34.57114, -0.66347 ], [ 34.57118, -0.66346 ], [ 34.57122, -0.66345 ], [ 34.57125, -0.66343 ], [ 34.57125, -0.66343 ], [ 34.57128, -0.66342 ], [ 34.5714, -0.66335 ], [ 34.57157, -0.66324 ], [ 34.57167, -0.66318 ], [ 34.57178, -0.66313 ], [ 34.57189, -0.66308 ], [ 34.57213, -0.66298 ], [ 34.57221, -0.66295 ], [ 34.57238, -0.66287 ], [ 34.57247, -0.66283 ], [ 34.57252, -0.66281 ], [ 34.57257, -0.6628 ], [ 34.57262, -0.66278 ], [ 34.57266, -0.66277 ], [ 34.57272, -0.66277 ], [ 34.57278, -0.66276 ], [ 34.57297, -0.66275 ], [ 34.57305, -0.66275 ], [ 34.57325, -0.66276 ], [ 34.57331, -0.66275 ], [ 34.57336, -0.66275 ], [ 34.57341, -0.66275 ], [ 34.57354, -0.66273 ], [ 34.5736, -0.66272 ], [ 34.5737, -0.66271 ], [ 34.57378, -0.66271 ], [ 34.57384, -0.66271 ], [ 34.57391, -0.66271 ], [ 34.57397, -0.66271 ], [ 34.57401, -0.66272 ], [ 34.57404, -0.66273 ], [ 34.57407, -0.66274 ], [ 34.57411, -0.66276 ], [ 34.57417, -0.6628 ], [ 34.57421, -0.66282 ], [ 34.57426, -0.66286 ], [ 34.5744, -0.66297 ], [ 34.57444, -0.663 ], [ 34.57454, -0.6631 ], [ 34.57458, -0.66313 ], [ 34.57459, -0.66313 ], [ 34.57461, -0.66315 ], [ 34.57462, -0.66315 ], [ 34.57464, -0.66316 ], [ 34.57466, -0.66318 ], [ 34.57472, -0.6632 ], [ 34.57478, -0.66323 ], [ 34.57484, -0.66325 ], [ 34.57491, -0.66327 ], [ 34.57497, -0.66328 ], [ 34.57502, -0.66329 ], [ 34.57507, -0.66329 ], [ 34.5751, -0.66329 ], [ 34.57514, -0.66329 ], [ 34.57521, -0.66328 ], [ 34.57528, -0.66327 ], [ 34.5754, -0.66324 ], [ 34.57549, -0.66321 ], [ 34.57565, -0.66316 ], [ 34.57589, -0.66308 ], [ 34.57596, -0.66305 ], [ 34.57602, -0.66303 ], [ 34.57607, -0.663 ], [ 34.57613, -0.66297 ], [ 34.57624, -0.66291 ], [ 34.57627, -0.66288 ], [ 34.57633, -0.66283 ], [ 34.57636, -0.66281 ], [ 34.57639, -0.6628 ], [ 34.57642, -0.66278 ], [ 34.57645, -0.66278 ], [ 34.5765, -0.66277 ], [ 34.57655, -0.66277 ], [ 34.57664, -0.66277 ], [ 34.57675, -0.66278 ], [ 34.57678, -0.66278 ], [ 34.57684, -0.66278 ], [ 34.57691, -0.66278 ], [ 34.57697, -0.66277 ], [ 34.57702, -0.66276 ], [ 34.57711, -0.66274 ], [ 34.57718, -0.66272 ], [ 34.57721, -0.66271 ], [ 34.57724, -0.66269 ], [ 34.57726, -0.66268 ], [ 34.57729, -0.66266 ], [ 34.5773, -0.66265 ], [ 34.57734, -0.66261 ], [ 34.57736, -0.6626 ], [ 34.57738, -0.66259 ], [ 34.5774, -0.66258 ], [ 34.57742, -0.66258 ], [ 34.57744, -0.66258 ], [ 34.57749, -0.66258 ], [ 34.57761, -0.6626 ], [ 34.57764, -0.6626 ], [ 34.57774, -0.66262 ], [ 34.57777, -0.66262 ], [ 34.57779, -0.66262 ], [ 34.57785, -0.66262 ], [ 34.57791, -0.66261 ], [ 34.57797, -0.6626 ], [ 34.57802, -0.66258 ], [ 34.57806, -0.66256 ], [ 34.5781, -0.66254 ], [ 34.57814, -0.66251 ], [ 34.57815, -0.66251 ], [ 34.57817, -0.66249 ], [ 34.57819, -0.66246 ], [ 34.57821, -0.66242 ], [ 34.57823, -0.66237 ], [ 34.57824, -0.66236 ], [ 34.57827, -0.66228 ], [ 34.57828, -0.66225 ], [ 34.57829, -0.66219 ], [ 34.5783, -0.66217 ], [ 34.57831, -0.66214 ], [ 34.57832, -0.66212 ], [ 34.57833, -0.66211 ], [ 34.57835, -0.6621 ], [ 34.57838, -0.66208 ], [ 34.57842, -0.66206 ], [ 34.57849, -0.66204 ], [ 34.57853, -0.66202 ], [ 34.57861, -0.66201 ], [ 34.57864, -0.662 ], [ 34.57869, -0.66199 ], [ 34.57874, -0.66197 ], [ 34.57889, -0.66192 ], [ 34.57904, -0.66186 ], [ 34.57918, -0.66179 ], [ 34.57929, -0.66174 ], [ 34.57933, -0.66172 ], [ 34.57937, -0.66171 ], [ 34.57941, -0.6617 ], [ 34.57945, -0.66169 ], [ 34.57957, -0.66169 ], [ 34.57961, -0.66168 ], [ 34.57964, -0.66167 ], [ 34.57968, -0.66166 ], [ 34.57976, -0.66163 ], [ 34.5798, -0.66162 ], [ 34.57986, -0.6616 ], [ 34.57992, -0.66159 ], [ 34.57999, -0.66159 ], [ 34.58013, -0.66157 ], [ 34.5802, -0.66156 ], [ 34.58039, -0.66153 ], [ 34.58052, -0.66151 ], [ 34.58065, -0.66148 ], [ 34.5807, -0.66147 ], [ 34.58075, -0.66146 ], [ 34.58079, -0.66144 ], [ 34.58081, -0.66143 ], [ 34.58084, -0.66141 ], [ 34.58094, -0.66133 ], [ 34.58112, -0.66121 ], [ 34.58123, -0.66113 ], [ 34.58134, -0.66106 ], [ 34.58141, -0.66102 ], [ 34.58144, -0.661 ], [ 34.58148, -0.66098 ], [ 34.58159, -0.66092 ], [ 34.58166, -0.66088 ], [ 34.58169, -0.66086 ], [ 34.58172, -0.66083 ], [ 34.58184, -0.66073 ], [ 34.58196, -0.66063 ], [ 34.58202, -0.66058 ], [ 34.58207, -0.66055 ], [ 34.58213, -0.66051 ], [ 34.58219, -0.66047 ], [ 34.58226, -0.66044 ], [ 34.5824, -0.66037 ], [ 34.58268, -0.66025 ], [ 34.58282, -0.66019 ], [ 34.58314, -0.66008 ], [ 34.58326, -0.66002 ], [ 34.58338, -0.65996 ], [ 34.58366, -0.65982 ], [ 34.58373, -0.65979 ], [ 34.58379, -0.65976 ], [ 34.58395, -0.65969 ], [ 34.5841, -0.65964 ], [ 34.58423, -0.6596 ], [ 34.58429, -0.65958 ], [ 34.58435, -0.65957 ], [ 34.58441, -0.65956 ], [ 34.58447, -0.65955 ], [ 34.58453, -0.65955 ], [ 34.58468, -0.65954 ], [ 34.58476, -0.65954 ], [ 34.5848, -0.65953 ], [ 34.58484, -0.65952 ], [ 34.58487, -0.65951 ], [ 34.58491, -0.6595 ], [ 34.58494, -0.65949 ], [ 34.58498, -0.65947 ], [ 34.58502, -0.65945 ], [ 34.58514, -0.65937 ], [ 34.58519, -0.65934 ], [ 34.58522, -0.65933 ], [ 34.58527, -0.65931 ], [ 34.58531, -0.6593 ], [ 34.58536, -0.65929 ], [ 34.58541, -0.65927 ], [ 34.58553, -0.65925 ], [ 34.58565, -0.65924 ], [ 34.58617, -0.65658 ], [ 34.58665, -0.65367 ], [ 34.58692, -0.6515 ], [ 34.58791, -0.651 ], [ 34.58853, -0.65133 ], [ 34.58997, -0.65096 ], [ 34.59144, -0.65144 ], [ 34.59185, -0.65139 ], [ 34.59379, -0.65105 ], [ 34.59501, -0.65084 ], [ 34.59693, -0.65061 ], [ 34.59761, -0.65062 ], [ 34.59781, -0.65059 ], [ 34.59776, -0.65054 ], [ 34.59938, -0.65054 ], [ 34.60006, -0.65069 ], [ 34.60161, -0.65074 ], [ 34.60494, -0.6513 ], [ 34.60599, -0.65148 ], [ 34.60695, -0.65164 ], [ 34.60749, -0.65185 ], [ 34.60906, -0.65245 ], [ 34.60937, -0.65247 ], [ 34.61086, -0.65281 ], [ 34.61113, -0.65287 ], [ 34.61133, -0.65292 ], [ 34.61148, -0.65296 ], [ 34.61175, -0.65304 ], [ 34.61178, -0.65304 ], [ 34.61195, -0.65303 ], [ 34.61201, -0.65302 ], [ 34.61228, -0.65297 ], [ 34.61255, -0.65305 ], [ 34.61291, -0.65314 ], [ 34.61299, -0.65321 ], [ 34.61326, -0.65319 ], [ 34.61352, -0.65319 ], [ 34.61378, -0.65319 ], [ 34.61429, -0.65324 ], [ 34.6149, -0.65328 ], [ 34.61544, -0.65347 ], [ 34.61582, -0.65361 ], [ 34.61585, -0.65362 ], [ 34.61595, -0.65364 ], [ 34.61611, -0.65371 ], [ 34.61639, -0.65371 ], [ 34.61657, -0.65373 ], [ 34.61683, -0.65382 ], [ 34.61727, -0.65401 ], [ 34.61769, -0.65431 ], [ 34.61789, -0.6545 ], [ 34.61814, -0.65469 ], [ 34.61866, -0.65501 ], [ 34.61888, -0.65516 ], [ 34.61903, -0.65531 ], [ 34.61922, -0.6554 ], [ 34.61943, -0.65555 ], [ 34.6196, -0.65559 ], [ 34.61997, -0.65574 ], [ 34.62014, -0.65588 ], [ 34.62037, -0.65609 ], [ 34.62058, -0.65629 ], [ 34.62073, -0.65637 ], [ 34.62076, -0.65639 ], [ 34.62093, -0.65639 ], [ 34.62097, -0.65637 ], [ 34.62118, -0.65632 ], [ 34.62143, -0.65629 ], [ 34.62166, -0.65629 ], [ 34.62176, -0.65631 ], [ 34.62191, -0.65626 ], [ 34.62205, -0.65634 ], [ 34.62199, -0.65646 ], [ 34.62243, -0.6567 ], [ 34.62315, -0.65679 ], [ 34.62418, -0.65676 ], [ 34.62439, -0.65677 ], [ 34.62489, -0.6568 ], [ 34.62556, -0.65682 ], [ 34.62637, -0.65712 ], [ 34.62688, -0.65731 ], [ 34.62751, -0.65753 ], [ 34.62785, -0.6579 ], [ 34.62795, -0.65837 ], [ 34.62834, -0.65898 ], [ 34.6289, -0.65977 ], [ 34.62893, -0.6598 ], [ 34.62965, -0.66066 ], [ 34.63055, -0.6613 ], [ 34.63152, -0.66192 ], [ 34.63215, -0.66228 ], [ 34.63268, -0.66258 ], [ 34.63365, -0.66298 ], [ 34.63405, -0.66329 ], [ 34.63443, -0.6635 ], [ 34.63489, -0.6635 ], [ 34.63558, -0.66351 ], [ 34.63608, -0.66359 ], [ 34.63669, -0.66371 ], [ 34.63684, -0.66375 ], [ 34.63724, -0.66387 ], [ 34.63683, -0.66551 ], [ 34.63654, -0.66716 ], [ 34.63624, -0.66834 ], [ 34.63616, -0.66927 ], [ 34.63612, -0.6705 ], [ 34.63612, -0.6705 ], [ 34.63613, -0.67051 ], [ 34.63632, -0.6719 ], [ 34.6364, -0.67245 ], [ 34.6364, -0.67245 ], [ 34.63649, -0.67282 ], [ 34.63667, -0.67366 ], [ 34.63676, -0.67405 ], [ 34.63681, -0.6743 ], [ 34.63694, -0.67489 ], [ 34.63749, -0.67855 ], [ 34.63808, -0.68154 ], [ 34.63833, -0.68205 ], [ 34.63795, -0.68207 ], [ 34.63795, -0.68207 ], [ 34.63795, -0.68208 ], [ 34.63886, -0.68505 ], [ 34.63897, -0.68562 ], [ 34.63918, -0.68671 ], [ 34.63949, -0.68824 ], [ 34.63986, -0.69013 ], [ 34.6401, -0.69154 ], [ 34.64056, -0.69425 ], [ 34.64159, -0.70033 ], [ 34.64192, -0.7027 ], [ 34.64222, -0.70446 ], [ 34.6423, -0.70489 ], [ 34.64256, -0.70623 ], [ 34.64257, -0.70626 ], [ 34.64198, -0.70736 ], [ 34.64108, -0.7094 ], [ 34.64106, -0.70943 ], [ 34.63978, -0.71176 ], [ 34.63969, -0.71174 ], [ 34.63942, -0.71218 ], [ 34.63817, -0.71459 ], [ 34.6376, -0.71565 ], [ 34.63738, -0.71551 ], [ 34.63737, -0.7155 ], [ 34.63736, -0.7155 ], [ 34.63732, -0.71558 ], [ 34.63732, -0.71558 ], [ 34.63716, -0.71596 ], [ 34.63585, -0.71917 ], [ 34.63586, -0.71917 ], [ 34.63584, -0.71922 ], [ 34.63581, -0.71922 ], [ 34.63373, -0.72336 ], [ 34.63333, -0.72415 ], [ 34.63213, -0.72653 ], [ 34.63207, -0.7265 ], [ 34.63205, -0.72649 ], [ 34.63196, -0.72664 ], [ 34.63083, -0.72861 ], [ 34.63068, -0.72903 ], [ 34.63068, -0.72904 ], [ 34.63066, -0.7291 ], [ 34.63064, -0.72916 ], [ 34.63057, -0.72933 ], [ 34.63019, -0.72993 ], [ 34.62947, -0.73322 ], [ 34.62933, -0.7351 ], [ 34.62926, -0.736 ], [ 34.62926, -0.73657 ], [ 34.62926, -0.73745 ], [ 34.62926, -0.73822 ], [ 34.62926, -0.73915 ], [ 34.62926, -0.74029 ], [ 34.62906, -0.74267 ], [ 34.62878, -0.7439 ], [ 34.62851, -0.7451 ], [ 34.62836, -0.74576 ], [ 34.6282, -0.74646 ], [ 34.62824, -0.74646 ], [ 34.6283, -0.74647 ], [ 34.62803, -0.74746 ], [ 34.6278, -0.74831 ], [ 34.62765, -0.74887 ], [ 34.62726, -0.75096 ], [ 34.62676, -0.75369 ], [ 34.62674, -0.75599 ], [ 34.62673, -0.75716 ], [ 34.62673, -0.75719 ], [ 34.62651, -0.75771 ], [ 34.62638, -0.75827 ], [ 34.62643, -0.75855 ], [ 34.62643, -0.75859 ], [ 34.62643, -0.7591 ], [ 34.62658, -0.76042 ], [ 34.62659, -0.76041 ], [ 34.62662, -0.76047 ], [ 34.62633, -0.76142 ], [ 34.62616, -0.76195 ], [ 34.62614, -0.76198 ], [ 34.62617, -0.76195 ], [ 34.62622, -0.76195 ], [ 34.62619, -0.76211 ], [ 34.62562, -0.76637 ], [ 34.62546, -0.76959 ], [ 34.62536, -0.77193 ], [ 34.62518, -0.77487 ], [ 34.62515, -0.77534 ], [ 34.62515, -0.77534 ], [ 34.62515, -0.77539 ], [ 34.62514, -0.77535 ], [ 34.62471, -0.78179 ], [ 34.62426, -0.78868 ], [ 34.62393, -0.79132 ], [ 34.62382, -0.79141 ], [ 34.62378, -0.79317 ], [ 34.62367, -0.79736 ], [ 34.62362, -0.79947 ], [ 34.62353, -0.80198 ], [ 34.62353, -0.80215 ], [ 34.62343, -0.80215 ], [ 34.62343, -0.80215 ], [ 34.62352, -0.8022 ], [ 34.62307, -0.81101 ], [ 34.62289, -0.81451 ], [ 34.62271, -0.8174 ], [ 34.6227, -0.81756 ], [ 34.6227, -0.81756 ], [ 34.62267, -0.81753 ], [ 34.6226, -0.81753 ], [ 34.6227, -0.81759 ], [ 34.62274, -0.81764 ], [ 34.62246, -0.8229 ], [ 34.62222, -0.8274 ], [ 34.62214, -0.82832 ], [ 34.62213, -0.82859 ], [ 34.62211, -0.82941 ], [ 34.62196, -0.83209 ], [ 34.62196, -0.83215 ], [ 34.62196, -0.83224 ], [ 34.62157, -0.83766 ], [ 34.6211, -0.84328 ], [ 34.6211, -0.84329 ], [ 34.62106, -0.8433 ], [ 34.62103, -0.8433 ], [ 34.62097, -0.84331 ], [ 34.62093, -0.84331 ], [ 34.6209, -0.84331 ], [ 34.62083, -0.84331 ], [ 34.62074, -0.8433 ], [ 34.6207, -0.8433 ], [ 34.62069, -0.84329 ], [ 34.62063, -0.84328 ], [ 34.62058, -0.84327 ], [ 34.62052, -0.84325 ], [ 34.62046, -0.84322 ], [ 34.62039, -0.84319 ], [ 34.62032, -0.84316 ], [ 34.62025, -0.84312 ], [ 34.62012, -0.84299 ], [ 34.62009, -0.84299 ], [ 34.62006, -0.84296 ], [ 34.62, -0.84296 ], [ 34.61991, -0.8429 ], [ 34.61975, -0.84279 ], [ 34.61873, -0.84402 ], [ 34.61798, -0.84487 ], [ 34.61793, -0.84499 ], [ 34.61749, -0.84552 ], [ 34.61683, -0.84774 ], [ 34.61595, -0.85071 ], [ 34.61554, -0.85132 ], [ 34.61537, -0.85154 ], [ 34.61538, -0.85156 ], [ 34.61539, -0.85157 ], [ 34.61525, -0.85174 ], [ 34.61481, -0.85234 ], [ 34.6136, -0.85396 ], [ 34.61327, -0.85467 ], [ 34.61274, -0.85546 ], [ 34.61246, -0.85588 ], [ 34.61149, -0.85648 ], [ 34.61126, -0.85665 ], [ 34.61129, -0.85668 ], [ 34.61011, -0.85745 ], [ 34.61005, -0.8575 ], [ 34.60944, -0.85786 ], [ 34.60944, -0.85786 ], [ 34.60945, -0.85787 ], [ 34.60972, -0.85804 ], [ 34.60993, -0.85811 ], [ 34.60994, -0.85818 ], [ 34.61125, -0.85955 ], [ 34.61126, -0.85958 ], [ 34.61135, -0.85983 ], [ 34.61144, -0.8599 ], [ 34.61162, -0.86007 ], [ 34.6118, -0.8602 ], [ 34.61178, -0.86045 ], [ 34.6119, -0.86046 ], [ 34.61224, -0.86082 ], [ 34.61224, -0.86085 ], [ 34.61232, -0.86092 ], [ 34.61233, -0.86093 ], [ 34.61233, -0.86093 ], [ 34.61233, -0.86094 ], [ 34.61233, -0.86096 ], [ 34.61235, -0.86098 ], [ 34.61237, -0.86102 ], [ 34.61238, -0.86105 ], [ 34.61238, -0.86113 ], [ 34.61247, -0.86122 ], [ 34.61247, -0.86127 ], [ 34.61252, -0.86133 ], [ 34.61252, -0.86139 ], [ 34.61259, -0.86146 ], [ 34.61266, -0.86158 ], [ 34.61268, -0.86163 ], [ 34.61272, -0.86172 ], [ 34.61272, -0.86173 ], [ 34.61273, -0.86174 ], [ 34.61282, -0.86196 ], [ 34.61301, -0.86219 ], [ 34.61311, -0.86238 ], [ 34.61317, -0.86258 ], [ 34.6132, -0.86307 ], [ 34.6132, -0.86311 ], [ 34.61319, -0.86341 ], [ 34.61329, -0.86365 ], [ 34.6135, -0.86385 ], [ 34.61365, -0.86404 ], [ 34.61382, -0.86429 ], [ 34.6139, -0.86462 ], [ 34.61395, -0.86477 ], [ 34.61406, -0.86495 ], [ 34.61422, -0.86521 ], [ 34.6145, -0.86563 ], [ 34.61483, -0.86619 ], [ 34.61496, -0.86642 ], [ 34.6151, -0.86663 ], [ 34.61515, -0.8667 ], [ 34.61513, -0.86682 ], [ 34.61503, -0.86703 ], [ 34.61496, -0.8672 ], [ 34.61501, -0.86735 ], [ 34.61519, -0.8674 ], [ 34.61522, -0.8674 ], [ 34.61521, -0.86755 ], [ 34.61533, -0.86767 ], [ 34.61538, -0.86767 ], [ 34.61541, -0.8677 ], [ 34.61555, -0.8677 ], [ 34.61556, -0.8677 ], [ 34.61558, -0.86773 ], [ 34.61561, -0.86773 ], [ 34.61572, -0.86784 ], [ 34.61572, -0.86807 ], [ 34.61543, -0.86835 ], [ 34.61543, -0.86838 ], [ 34.6154, -0.86841 ], [ 34.6154, -0.86844 ], [ 34.61537, -0.86847 ], [ 34.61537, -0.86861 ], [ 34.6154, -0.86864 ], [ 34.6154, -0.86869 ], [ 34.61543, -0.86873 ], [ 34.6156, -0.8689 ], [ 34.61559, -0.86924 ], [ 34.61556, -0.86926 ], [ 34.61556, -0.86929 ], [ 34.61553, -0.86932 ], [ 34.61553, -0.86949 ], [ 34.61559, -0.86955 ], [ 34.61559, -0.86958 ], [ 34.61562, -0.86961 ], [ 34.61562, -0.86964 ], [ 34.61564, -0.86966 ], [ 34.61564, -0.86969 ], [ 34.61564, -0.86969 ], [ 34.61565, -0.8697 ], [ 34.61571, -0.86976 ], [ 34.61573, -0.86978 ], [ 34.61573, -0.8698 ], [ 34.61573, -0.86981 ], [ 34.61581, -0.86989 ], [ 34.61638, -0.87047 ], [ 34.61638, -0.8705 ], [ 34.61657, -0.87069 ], [ 34.61669, -0.87082 ], [ 34.61669, -0.87084 ], [ 34.61674, -0.8709 ], [ 34.61674, -0.87094 ], [ 34.61674, -0.87096 ], [ 34.61682, -0.87104 ], [ 34.61688, -0.8711 ], [ 34.61688, -0.87112 ], [ 34.61688, -0.87113 ], [ 34.61689, -0.87114 ], [ 34.61699, -0.87125 ], [ 34.61699, -0.87127 ], [ 34.61705, -0.87133 ], [ 34.61705, -0.87136 ], [ 34.61725, -0.87156 ], [ 34.61725, -0.87162 ], [ 34.6173, -0.87168 ], [ 34.6173, -0.8717 ], [ 34.61736, -0.87176 ], [ 34.61736, -0.87185 ], [ 34.61739, -0.87188 ], [ 34.61738, -0.87196 ], [ 34.61739, -0.87196 ], [ 34.61741, -0.87199 ], [ 34.61741, -0.87239 ], [ 34.61738, -0.87242 ], [ 34.61737, -0.87276 ], [ 34.6174, -0.87279 ], [ 34.6174, -0.87279 ], [ 34.6174, -0.87282 ], [ 34.61751, -0.87293 ] ] ] ] } },
{ "type": "Feature", "properties": { "entity_id": 224, "p_entity": 28, "name": "Suna East Sub County" }, "geometry": { "type": "Polygon", "coordinates": [ [ [ 34.59846, -1.05313 ], [ 34.59915, -1.05448 ], [ 34.59971, -1.05552 ], [ 34.59973, -1.05556 ], [ 34.60054, -1.05707 ], [ 34.60083, -1.05763 ], [ 34.60083, -1.05763 ], [ 34.601, -1.05787 ], [ 34.6012, -1.05816 ], [ 34.6013, -1.05844 ], [ 34.60139, -1.0587 ], [ 34.60147, -1.05886 ], [ 34.60157, -1.05903 ], [ 34.60174, -1.05921 ], [ 34.602, -1.05942 ], [ 34.60251, -1.0599 ], [ 34.60286, -1.06022 ], [ 34.60347, -1.0609 ], [ 34.6036, -1.06103 ], [ 34.60446, -1.06188 ], [ 34.60503, -1.06245 ], [ 34.60549, -1.06292 ], [ 34.60738, -1.06485 ], [ 34.60771, -1.06518 ], [ 34.60961, -1.06716 ], [ 34.6105, -1.06805 ], [ 34.61109, -1.06865 ], [ 34.61169, -1.06924 ], [ 34.61283, -1.07048 ], [ 34.61419, -1.0719 ], [ 34.61507, -1.07285 ], [ 34.61541, -1.07319 ], [ 34.61609, -1.07386 ], [ 34.61665, -1.0744 ], [ 34.61709, -1.07489 ], [ 34.61763, -1.07541 ], [ 34.61801, -1.0758 ], [ 34.61848, -1.07633 ], [ 34.6187, -1.07657 ], [ 34.61895, -1.07713 ], [ 34.61897, -1.07788 ], [ 34.61847, -1.07881 ], [ 34.61659, -1.08198 ], [ 34.61651, -1.08218 ], [ 34.61599, -1.08331 ], [ 34.61583, -1.08415 ], [ 34.6154, -1.08641 ], [ 34.61538, -1.08651 ], [ 34.615, -1.08874 ], [ 34.61499, -1.08922 ], [ 34.61497, -1.0897 ], [ 34.61506, -1.08987 ], [ 34.61506, -1.08994 ], [ 34.61515, -1.09018 ], [ 34.61525, -1.09031 ], [ 34.61526, -1.09033 ], [ 34.6154, -1.09051 ], [ 34.61549, -1.09065 ], [ 34.61557, -1.09077 ], [ 34.61567, -1.0909 ], [ 34.61582, -1.0911 ], [ 34.616, -1.09127 ], [ 34.61612, -1.09137 ], [ 34.61621, -1.09164 ], [ 34.61617, -1.09179 ], [ 34.61605, -1.09226 ], [ 34.61602, -1.09288 ], [ 34.61603, -1.0929 ], [ 34.61609, -1.09297 ], [ 34.61609, -1.09308 ], [ 34.61619, -1.09332 ], [ 34.61629, -1.09348 ], [ 34.6164, -1.09363 ], [ 34.61666, -1.09389 ], [ 34.61715, -1.09431 ], [ 34.61755, -1.09467 ], [ 34.61798, -1.0951 ], [ 34.61807, -1.09519 ], [ 34.61909, -1.09611 ], [ 34.61928, -1.0963 ], [ 34.6195, -1.09652 ], [ 34.61963, -1.09664 ], [ 34.61999, -1.09699 ], [ 34.62025, -1.09745 ], [ 34.62044, -1.09776 ], [ 34.62056, -1.09808 ], [ 34.62058, -1.09819 ], [ 34.62062, -1.09839 ], [ 34.62076, -1.09928 ], [ 34.62076, -1.0993 ], [ 34.62078, -1.09954 ], [ 34.62078, -1.09954 ], [ 34.62083, -1.09979 ], [ 34.62102, -1.10102 ], [ 34.62133, -1.10271 ], [ 34.62134, -1.10276 ], [ 34.62137, -1.10283 ], [ 34.62137, -1.10286 ], [ 34.62144, -1.10324 ], [ 34.62147, -1.10337 ], [ 34.62155, -1.10366 ], [ 34.62163, -1.10394 ], [ 34.62165, -1.10399 ], [ 34.62174, -1.10419 ], [ 34.62195, -1.10467 ], [ 34.62199, -1.10476 ], [ 34.6222, -1.10537 ], [ 34.62227, -1.10556 ], [ 34.6223, -1.10563 ], [ 34.6223, -1.10565 ], [ 34.62247, -1.10608 ], [ 34.6225, -1.10615 ], [ 34.62262, -1.10645 ], [ 34.62265, -1.10653 ], [ 34.62284, -1.10706 ], [ 34.62291, -1.10724 ], [ 34.62294, -1.10731 ], [ 34.62299, -1.10744 ], [ 34.62305, -1.10759 ], [ 34.62305, -1.10759 ], [ 34.62306, -1.10761 ], [ 34.6232, -1.10796 ], [ 34.6234, -1.10846 ], [ 34.6234, -1.10849 ], [ 34.62344, -1.10924 ], [ 34.62331, -1.11022 ], [ 34.62322, -1.11023 ], [ 34.62328, -1.11027 ], [ 34.6233, -1.11028 ], [ 34.62321, -1.11098 ], [ 34.62307, -1.112 ], [ 34.62281, -1.11346 ], [ 34.6228, -1.11352 ], [ 34.62279, -1.11362 ], [ 34.62276, -1.11396 ], [ 34.62288, -1.11428 ], [ 34.62288, -1.11433 ], [ 34.62289, -1.11446 ], [ 34.62296, -1.11461 ], [ 34.62304, -1.11475 ], [ 34.62315, -1.11492 ], [ 34.62332, -1.11514 ], [ 34.62353, -1.11542 ], [ 34.62372, -1.1157 ], [ 34.62374, -1.11573 ], [ 34.62421, -1.11631 ], [ 34.62451, -1.11668 ], [ 34.62572, -1.11817 ], [ 34.62588, -1.1184 ], [ 34.62649, -1.11925 ], [ 34.62682, -1.11965 ], [ 34.62739, -1.12034 ], [ 34.62829, -1.1215 ], [ 34.62889, -1.1223 ], [ 34.62897, -1.12242 ], [ 34.62966, -1.12332 ], [ 34.62983, -1.12354 ], [ 34.63027, -1.12408 ], [ 34.63064, -1.12455 ], [ 34.63069, -1.12462 ], [ 34.63078, -1.12487 ], [ 34.63078, -1.12504 ], [ 34.6307, -1.12534 ], [ 34.63066, -1.12553 ], [ 34.6305, -1.12601 ], [ 34.63036, -1.12651 ], [ 34.63022, -1.1269 ], [ 34.63021, -1.12715 ], [ 34.63024, -1.12754 ], [ 34.63026, -1.12798 ], [ 34.63037, -1.12866 ], [ 34.63061, -1.12962 ], [ 34.63076, -1.13029 ], [ 34.63077, -1.13034 ], [ 34.63075, -1.13035 ], [ 34.63087, -1.13091 ], [ 34.63106, -1.13175 ], [ 34.63163, -1.13424 ], [ 34.63166, -1.13436 ], [ 34.63239, -1.13746 ], [ 34.63248, -1.13752 ], [ 34.63271, -1.13768 ], [ 34.63335, -1.13813 ], [ 34.6334, -1.13827 ], [ 34.63342, -1.13831 ], [ 34.63379, -1.13928 ], [ 34.6336, -1.13939 ], [ 34.63345, -1.13948 ], [ 34.63315, -1.13964 ], [ 34.63288, -1.13999 ], [ 34.63266, -1.14026 ], [ 34.63221, -1.14085 ], [ 34.63204, -1.14107 ], [ 34.63153, -1.14193 ], [ 34.63093, -1.14344 ], [ 34.63075, -1.14437 ], [ 34.6307, -1.14464 ], [ 34.6302, -1.1459 ], [ 34.62969, -1.14701 ], [ 34.62903, -1.14846 ], [ 34.62875, -1.14961 ], [ 34.62871, -1.14991 ], [ 34.6287, -1.14995 ], [ 34.62869, -1.14997 ], [ 34.62868, -1.15 ], [ 34.62867, -1.15003 ], [ 34.62867, -1.15005 ], [ 34.62867, -1.15007 ], [ 34.62866, -1.15011 ], [ 34.62866, -1.15016 ], [ 34.62866, -1.1502 ], [ 34.62865, -1.15025 ], [ 34.62863, -1.15042 ], [ 34.62848, -1.15102 ], [ 34.62813, -1.15136 ], [ 34.62779, -1.15159 ], [ 34.62752, -1.15177 ], [ 34.62732, -1.15198 ], [ 34.62709, -1.15226 ], [ 34.62679, -1.15255 ], [ 34.62649, -1.15287 ], [ 34.62634, -1.1533 ], [ 34.62632, -1.15375 ], [ 34.62632, -1.15416 ], [ 34.62632, -1.15424 ], [ 34.62636, -1.15447 ], [ 34.62636, -1.15447 ], [ 34.62632, -1.15457 ], [ 34.6263, -1.15462 ], [ 34.62628, -1.15467 ], [ 34.62627, -1.15471 ], [ 34.62626, -1.15477 ], [ 34.62625, -1.1548 ], [ 34.62625, -1.1548 ], [ 34.62625, -1.15483 ], [ 34.62626, -1.15486 ], [ 34.62626, -1.15488 ], [ 34.62627, -1.1549 ], [ 34.6263, -1.15495 ], [ 34.62631, -1.15497 ], [ 34.62638, -1.15511 ], [ 34.62641, -1.15519 ], [ 34.62644, -1.15526 ], [ 34.62643, -1.1558 ], [ 34.62648, -1.15584 ], [ 34.62647, -1.15593 ], [ 34.62646, -1.15603 ], [ 34.62642, -1.15598 ], [ 34.6264, -1.15596 ], [ 34.62637, -1.15594 ], [ 34.62635, -1.15592 ], [ 34.62631, -1.1559 ], [ 34.62627, -1.15589 ], [ 34.62623, -1.15588 ], [ 34.62619, -1.15587 ], [ 34.62613, -1.15587 ], [ 34.62608, -1.15587 ], [ 34.62607, -1.15587 ], [ 34.62602, -1.15587 ], [ 34.62597, -1.15588 ], [ 34.62593, -1.15589 ], [ 34.62589, -1.1559 ], [ 34.62586, -1.15592 ], [ 34.62582, -1.15594 ], [ 34.62579, -1.15596 ], [ 34.62576, -1.15598 ], [ 34.62573, -1.156 ], [ 34.6257, -1.15603 ], [ 34.62568, -1.15605 ], [ 34.62566, -1.15607 ], [ 34.6256, -1.15616 ], [ 34.62547, -1.15633 ], [ 34.62542, -1.15639 ], [ 34.62539, -1.15645 ], [ 34.62533, -1.15655 ], [ 34.62528, -1.15664 ], [ 34.62526, -1.15669 ], [ 34.62524, -1.15674 ], [ 34.62522, -1.1568 ], [ 34.62518, -1.15693 ], [ 34.62516, -1.15699 ], [ 34.62514, -1.15705 ], [ 34.62511, -1.1571 ], [ 34.62507, -1.15716 ], [ 34.62502, -1.15723 ], [ 34.62496, -1.15729 ], [ 34.62491, -1.15735 ], [ 34.6249, -1.15736 ], [ 34.62485, -1.1574 ], [ 34.62481, -1.15744 ], [ 34.62476, -1.15748 ], [ 34.6247, -1.15752 ], [ 34.62464, -1.15756 ], [ 34.62458, -1.1576 ], [ 34.62452, -1.15764 ], [ 34.62445, -1.15768 ], [ 34.62434, -1.15773 ], [ 34.62424, -1.15777 ], [ 34.62415, -1.15781 ], [ 34.62405, -1.15784 ], [ 34.624, -1.15785 ], [ 34.62387, -1.15786 ], [ 34.62382, -1.15788 ], [ 34.62381, -1.15788 ], [ 34.62377, -1.15789 ], [ 34.62371, -1.15791 ], [ 34.62353, -1.158 ], [ 34.62336, -1.15807 ], [ 34.62328, -1.15811 ], [ 34.62319, -1.15815 ], [ 34.62312, -1.15819 ], [ 34.62308, -1.15822 ], [ 34.62304, -1.15826 ], [ 34.623, -1.1583 ], [ 34.62287, -1.15842 ], [ 34.62282, -1.15845 ], [ 34.62278, -1.15848 ], [ 34.62272, -1.15853 ], [ 34.62265, -1.15857 ], [ 34.62258, -1.15861 ], [ 34.62251, -1.15865 ], [ 34.62244, -1.15868 ], [ 34.62237, -1.15871 ], [ 34.6223, -1.15874 ], [ 34.62223, -1.15876 ], [ 34.62209, -1.15881 ], [ 34.62203, -1.15882 ], [ 34.62197, -1.15883 ], [ 34.62192, -1.15884 ], [ 34.62187, -1.15885 ], [ 34.62182, -1.15885 ], [ 34.62178, -1.15885 ], [ 34.62169, -1.15885 ], [ 34.6216, -1.15884 ], [ 34.62153, -1.15882 ], [ 34.62149, -1.15881 ], [ 34.62146, -1.1588 ], [ 34.62143, -1.15879 ], [ 34.62139, -1.15877 ], [ 34.62136, -1.15875 ], [ 34.62132, -1.15873 ], [ 34.62127, -1.15869 ], [ 34.62127, -1.15869 ], [ 34.62115, -1.15859 ], [ 34.62109, -1.15854 ], [ 34.62103, -1.1585 ], [ 34.62085, -1.15836 ], [ 34.62079, -1.15832 ], [ 34.62074, -1.15828 ], [ 34.62063, -1.15821 ], [ 34.62059, -1.15819 ], [ 34.62055, -1.15817 ], [ 34.6205, -1.15815 ], [ 34.62044, -1.15813 ], [ 34.62038, -1.15812 ], [ 34.62032, -1.1581 ], [ 34.62024, -1.15809 ], [ 34.62024, -1.15809 ], [ 34.62017, -1.15808 ], [ 34.62017, -1.15805 ], [ 34.62017, -1.15798 ], [ 34.62013, -1.15803 ], [ 34.6201, -1.15808 ], [ 34.62003, -1.15808 ], [ 34.61998, -1.15809 ], [ 34.61993, -1.1581 ], [ 34.61987, -1.15812 ], [ 34.61981, -1.15813 ], [ 34.61978, -1.15815 ], [ 34.61975, -1.15816 ], [ 34.61964, -1.15821 ], [ 34.6196, -1.15823 ], [ 34.6195, -1.15828 ], [ 34.61946, -1.1583 ], [ 34.61945, -1.1583 ], [ 34.61941, -1.15831 ], [ 34.61937, -1.15832 ], [ 34.61933, -1.15833 ], [ 34.61928, -1.15834 ], [ 34.61923, -1.15834 ], [ 34.61919, -1.15834 ], [ 34.61914, -1.15833 ], [ 34.6191, -1.15833 ], [ 34.61907, -1.15832 ], [ 34.61903, -1.1583 ], [ 34.61899, -1.15828 ], [ 34.61894, -1.15825 ], [ 34.61889, -1.15821 ], [ 34.61884, -1.15815 ], [ 34.61881, -1.15811 ], [ 34.61879, -1.15812 ], [ 34.61842, -1.15791 ], [ 34.61834, -1.1575 ], [ 34.61823, -1.15704 ], [ 34.61823, -1.15658 ], [ 34.61815, -1.15602 ], [ 34.61788, -1.1556 ], [ 34.61744, -1.15536 ], [ 34.61685, -1.15498 ], [ 34.61644, -1.1546 ], [ 34.61622, -1.15411 ], [ 34.61614, -1.15351 ], [ 34.6159, -1.15294 ], [ 34.6156, -1.15259 ], [ 34.61545, -1.15245 ], [ 34.61519, -1.15221 ], [ 34.61519, -1.15221 ], [ 34.61518, -1.1522 ], [ 34.61465, -1.15197 ], [ 34.61419, -1.15175 ], [ 34.61364, -1.15148 ], [ 34.61326, -1.15129 ], [ 34.61285, -1.15088 ], [ 34.61258, -1.15047 ], [ 34.61254, -1.1503 ], [ 34.61247, -1.15009 ], [ 34.61239, -1.14949 ], [ 34.61234, -1.14911 ], [ 34.61218, -1.14887 ], [ 34.6119, -1.14873 ], [ 34.61188, -1.14873 ], [ 34.61187, -1.14873 ], [ 34.61184, -1.14874 ], [ 34.61181, -1.14875 ], [ 34.61175, -1.14877 ], [ 34.61164, -1.14881 ], [ 34.61157, -1.14884 ], [ 34.6115, -1.14888 ], [ 34.61142, -1.14892 ], [ 34.61129, -1.149 ], [ 34.61119, -1.14906 ], [ 34.6111, -1.14912 ], [ 34.61101, -1.14919 ], [ 34.61093, -1.14925 ], [ 34.61088, -1.14929 ], [ 34.61083, -1.14934 ], [ 34.61078, -1.14938 ], [ 34.61066, -1.14951 ], [ 34.6106, -1.14958 ], [ 34.61056, -1.14961 ], [ 34.61053, -1.14963 ], [ 34.61049, -1.14966 ], [ 34.61046, -1.14968 ], [ 34.6104, -1.1497 ], [ 34.61035, -1.14973 ], [ 34.61028, -1.14975 ], [ 34.61022, -1.14976 ], [ 34.61015, -1.14978 ], [ 34.61007, -1.14979 ], [ 34.60998, -1.14981 ], [ 34.60989, -1.14982 ], [ 34.60978, -1.14983 ], [ 34.60971, -1.14983 ], [ 34.60965, -1.14983 ], [ 34.60959, -1.14983 ], [ 34.60954, -1.14982 ], [ 34.60948, -1.1498 ], [ 34.60942, -1.14978 ], [ 34.6093, -1.14973 ], [ 34.60918, -1.14968 ], [ 34.60913, -1.14967 ], [ 34.60909, -1.14964 ], [ 34.60905, -1.14962 ], [ 34.60903, -1.1496 ], [ 34.60901, -1.14958 ], [ 34.60899, -1.14956 ], [ 34.60898, -1.14954 ], [ 34.60894, -1.14949 ], [ 34.60886, -1.14946 ], [ 34.60856, -1.14909 ], [ 34.60843, -1.14864 ], [ 34.60825, -1.1483 ], [ 34.60811, -1.14796 ], [ 34.60793, -1.14757 ], [ 34.60793, -1.14741 ], [ 34.60793, -1.14696 ], [ 34.60793, -1.14654 ], [ 34.60793, -1.14616 ], [ 34.60786, -1.14577 ], [ 34.60768, -1.14532 ], [ 34.60734, -1.14489 ], [ 34.60711, -1.14438 ], [ 34.60702, -1.1439 ], [ 34.60684, -1.14349 ], [ 34.60665, -1.14311 ], [ 34.60654, -1.14299 ], [ 34.60638, -1.14281 ], [ 34.60604, -1.14263 ], [ 34.60551, -1.1425 ], [ 34.60526, -1.1424 ], [ 34.60501, -1.14229 ], [ 34.60482, -1.14201 ], [ 34.60458, -1.14173 ], [ 34.60424, -1.1415 ], [ 34.60393, -1.14133 ], [ 34.60366, -1.14114 ], [ 34.60347, -1.14093 ], [ 34.60334, -1.1407 ], [ 34.60322, -1.14037 ], [ 34.6033, -1.14001 ], [ 34.60336, -1.13955 ], [ 34.6034, -1.13914 ], [ 34.60345, -1.13859 ], [ 34.60336, -1.13811 ], [ 34.6033, -1.13778 ], [ 34.60317, -1.13753 ], [ 34.60294, -1.1373 ], [ 34.60263, -1.13717 ], [ 34.60224, -1.137 ], [ 34.60184, -1.13677 ], [ 34.60148, -1.13665 ], [ 34.60113, -1.13648 ], [ 34.60081, -1.13621 ], [ 34.60052, -1.13596 ], [ 34.60029, -1.13573 ], [ 34.60021, -1.13548 ], [ 34.60021, -1.13504 ], [ 34.60021, -1.13491 ], [ 34.60144, -1.13174 ], [ 34.60193, -1.13047 ], [ 34.60388, -1.12546 ], [ 34.60386, -1.12544 ], [ 34.60381, -1.12538 ], [ 34.60373, -1.12529 ], [ 34.60424, -1.12406 ], [ 34.6048, -1.12268 ], [ 34.60501, -1.12217 ], [ 34.60499, -1.12133 ], [ 34.60478, -1.11436 ], [ 34.60477, -1.11431 ], [ 34.60395, -1.1072 ], [ 34.60391, -1.10706 ], [ 34.60383, -1.10631 ], [ 34.60385, -1.1063 ], [ 34.60387, -1.10629 ], [ 34.60389, -1.10629 ], [ 34.60391, -1.10628 ], [ 34.60399, -1.10629 ], [ 34.60402, -1.10629 ], [ 34.60405, -1.10629 ], [ 34.60407, -1.10628 ], [ 34.60409, -1.10626 ], [ 34.60413, -1.10622 ], [ 34.60416, -1.10618 ], [ 34.60419, -1.10615 ], [ 34.60422, -1.10611 ], [ 34.60424, -1.10607 ], [ 34.60426, -1.10603 ], [ 34.60428, -1.106 ], [ 34.6043, -1.10596 ], [ 34.60431, -1.10592 ], [ 34.60432, -1.10589 ], [ 34.60432, -1.10586 ], [ 34.60432, -1.10583 ], [ 34.60432, -1.1058 ], [ 34.60431, -1.10574 ], [ 34.60427, -1.10558 ], [ 34.60427, -1.10554 ], [ 34.60426, -1.10551 ], [ 34.60426, -1.10548 ], [ 34.60427, -1.10544 ], [ 34.60428, -1.10542 ], [ 34.60429, -1.10539 ], [ 34.60432, -1.10534 ], [ 34.60436, -1.1053 ], [ 34.60439, -1.10528 ], [ 34.60442, -1.10526 ], [ 34.60446, -1.10524 ], [ 34.6045, -1.10523 ], [ 34.60454, -1.10523 ], [ 34.60458, -1.10522 ], [ 34.60473, -1.10522 ], [ 34.60478, -1.10522 ], [ 34.60484, -1.10521 ], [ 34.60488, -1.1052 ], [ 34.60509, -1.10513 ], [ 34.60514, -1.10512 ], [ 34.60519, -1.10511 ], [ 34.60524, -1.1051 ], [ 34.60529, -1.10509 ], [ 34.6054, -1.10509 ], [ 34.60556, -1.10508 ], [ 34.6055, -1.10504 ], [ 34.60531, -1.105 ], [ 34.6051, -1.10491 ], [ 34.60475, -1.10485 ], [ 34.60473, -1.10477 ], [ 34.6047, -1.1047 ], [ 34.60468, -1.10465 ], [ 34.60465, -1.10459 ], [ 34.60461, -1.10453 ], [ 34.60454, -1.10443 ], [ 34.60452, -1.1044 ], [ 34.60446, -1.10433 ], [ 34.60446, -1.10433 ], [ 34.60443, -1.10428 ], [ 34.60439, -1.10421 ], [ 34.60438, -1.10419 ], [ 34.60437, -1.10416 ], [ 34.60437, -1.10415 ], [ 34.60437, -1.10413 ], [ 34.60438, -1.10404 ], [ 34.60438, -1.10402 ], [ 34.60438, -1.104 ], [ 34.60438, -1.10399 ], [ 34.60437, -1.10397 ], [ 34.60436, -1.10395 ], [ 34.60435, -1.10394 ], [ 34.60432, -1.10391 ], [ 34.60426, -1.10385 ], [ 34.60424, -1.10382 ], [ 34.60422, -1.1038 ], [ 34.6042, -1.10377 ], [ 34.60418, -1.10373 ], [ 34.60417, -1.10369 ], [ 34.60415, -1.10364 ], [ 34.60413, -1.10357 ], [ 34.60412, -1.10353 ], [ 34.6041, -1.10341 ], [ 34.60409, -1.10335 ], [ 34.60406, -1.10325 ], [ 34.60403, -1.10316 ], [ 34.60399, -1.10307 ], [ 34.60397, -1.10303 ], [ 34.60394, -1.10299 ], [ 34.60391, -1.10293 ], [ 34.60387, -1.10288 ], [ 34.60383, -1.10283 ], [ 34.60379, -1.10279 ], [ 34.60377, -1.10277 ], [ 34.60375, -1.10275 ], [ 34.60366, -1.1027 ], [ 34.60364, -1.10267 ], [ 34.60361, -1.10265 ], [ 34.60359, -1.10263 ], [ 34.60356, -1.10259 ], [ 34.60354, -1.10255 ], [ 34.60351, -1.10251 ], [ 34.60349, -1.10246 ], [ 34.60348, -1.10242 ], [ 34.60345, -1.10232 ], [ 34.60344, -1.10228 ], [ 34.60342, -1.10224 ], [ 34.6034, -1.1022 ], [ 34.60338, -1.10215 ], [ 34.60334, -1.10209 ], [ 34.60327, -1.10196 ], [ 34.60324, -1.10191 ], [ 34.60322, -1.10189 ], [ 34.6032, -1.10187 ], [ 34.60318, -1.10185 ], [ 34.60316, -1.10184 ], [ 34.60312, -1.10183 ], [ 34.60308, -1.10182 ], [ 34.60307, -1.10182 ], [ 34.60306, -1.1018 ], [ 34.60242, -1.10137 ], [ 34.60211, -1.10111 ], [ 34.60148, -1.1014 ], [ 34.60125, -1.10146 ], [ 34.60054, -1.10171 ], [ 34.60013, -1.10186 ], [ 34.59941, -1.10213 ], [ 34.59773, -1.10245 ], [ 34.5957, -1.1028 ], [ 34.59549, -1.10283 ], [ 34.59283, -1.10309 ], [ 34.59136, -1.10328 ], [ 34.5899, -1.10343 ], [ 34.58842, -1.10361 ], [ 34.5869, -1.10375 ], [ 34.58671, -1.10378 ], [ 34.58582, -1.10393 ], [ 34.58454, -1.10408 ], [ 34.58441, -1.1041 ], [ 34.58447, -1.1042 ], [ 34.58413, -1.10429 ], [ 34.58341, -1.1044 ], [ 34.58154, -1.10457 ], [ 34.58141, -1.10458 ], [ 34.57869, -1.10473 ], [ 34.57856, -1.10476 ], [ 34.57855, -1.10472 ], [ 34.5776, -1.10481 ], [ 34.57549, -1.10481 ], [ 34.57264, -1.10444 ], [ 34.57081, -1.10399 ], [ 34.57081, -1.10399 ], [ 34.57021, -1.10391 ], [ 34.57008, -1.10389 ], [ 34.57006, -1.10389 ], [ 34.56848, -1.10386 ], [ 34.5672, -1.104 ], [ 34.56593, -1.10408 ], [ 34.56578, -1.10415 ], [ 34.56571, -1.10418 ], [ 34.56541, -1.10372 ], [ 34.56473, -1.10266 ], [ 34.56433, -1.10193 ], [ 34.56389, -1.10131 ], [ 34.56389, -1.10131 ], [ 34.56388, -1.10161 ], [ 34.56204, -1.10225 ], [ 34.56203, -1.10219 ], [ 34.56198, -1.10202 ], [ 34.55972, -1.10257 ], [ 34.55652, -1.10334 ], [ 34.5565, -1.10316 ], [ 34.55659, -1.10289 ], [ 34.5566, -1.10287 ], [ 34.54922, -1.10449 ], [ 34.549, -1.10453 ], [ 34.54901, -1.10457 ], [ 34.53968, -1.10973 ], [ 34.5393, -1.10994 ], [ 34.53915, -1.10961 ], [ 34.53913, -1.10957 ], [ 34.53898, -1.10924 ], [ 34.53868, -1.10906 ], [ 34.5386, -1.10905 ], [ 34.53818, -1.10896 ], [ 34.5376, -1.10892 ], [ 34.5375, -1.1089 ], [ 34.53706, -1.10886 ], [ 34.53666, -1.10878 ], [ 34.53623, -1.10867 ], [ 34.53587, -1.10857 ], [ 34.53571, -1.10854 ], [ 34.53546, -1.1085 ], [ 34.53503, -1.10847 ], [ 34.53459, -1.10842 ], [ 34.53405, -1.10842 ], [ 34.53392, -1.10839 ], [ 34.53389, -1.10836 ], [ 34.53386, -1.10832 ], [ 34.53382, -1.10828 ], [ 34.53366, -1.10808 ], [ 34.53362, -1.10804 ], [ 34.53358, -1.108 ], [ 34.5334, -1.10784 ], [ 34.5333, -1.10775 ], [ 34.5333, -1.10774 ], [ 34.5332, -1.10766 ], [ 34.53311, -1.10759 ], [ 34.53298, -1.1075 ], [ 34.53287, -1.10743 ], [ 34.53282, -1.1074 ], [ 34.53277, -1.10737 ], [ 34.53272, -1.10735 ], [ 34.53267, -1.10733 ], [ 34.53257, -1.10729 ], [ 34.53246, -1.10725 ], [ 34.53236, -1.10722 ], [ 34.53225, -1.1072 ], [ 34.53215, -1.10719 ], [ 34.53205, -1.10718 ], [ 34.53196, -1.10718 ], [ 34.53191, -1.10719 ], [ 34.53187, -1.10719 ], [ 34.53182, -1.1072 ], [ 34.53177, -1.10721 ], [ 34.53172, -1.10722 ], [ 34.53169, -1.10723 ], [ 34.53163, -1.10724 ], [ 34.53134, -1.10724 ], [ 34.53104, -1.10731 ], [ 34.53075, -1.1075 ], [ 34.53032, -1.10757 ], [ 34.53022, -1.10758 ], [ 34.53006, -1.1076 ], [ 34.52975, -1.10748 ], [ 34.52945, -1.10724 ], [ 34.52943, -1.10723 ], [ 34.52917, -1.10688 ], [ 34.52884, -1.10658 ], [ 34.52855, -1.10647 ], [ 34.5285, -1.10645 ], [ 34.52812, -1.10631 ], [ 34.52788, -1.10628 ], [ 34.52779, -1.10627 ], [ 34.52752, -1.10627 ], [ 34.52721, -1.10628 ], [ 34.52677, -1.1064 ], [ 34.52627, -1.10655 ], [ 34.52585, -1.10674 ], [ 34.52538, -1.10697 ], [ 34.52495, -1.10737 ], [ 34.52452, -1.10771 ], [ 34.52421, -1.10791 ], [ 34.52369, -1.10801 ], [ 34.52351, -1.10798 ], [ 34.52349, -1.10797 ], [ 34.52346, -1.10795 ], [ 34.52342, -1.10794 ], [ 34.52327, -1.10788 ], [ 34.52314, -1.10784 ], [ 34.52301, -1.1078 ], [ 34.52288, -1.10777 ], [ 34.52274, -1.10774 ], [ 34.52263, -1.10771 ], [ 34.52253, -1.1077 ], [ 34.52243, -1.10769 ], [ 34.52239, -1.10769 ], [ 34.52239, -1.10769 ], [ 34.52234, -1.10769 ], [ 34.52223, -1.1077 ], [ 34.52213, -1.10771 ], [ 34.52187, -1.10775 ], [ 34.52176, -1.10777 ], [ 34.52171, -1.10777 ], [ 34.52126, -1.10777 ], [ 34.52096, -1.10793 ], [ 34.52093, -1.10793 ], [ 34.52089, -1.10794 ], [ 34.52082, -1.10793 ], [ 34.52075, -1.10793 ], [ 34.52069, -1.10792 ], [ 34.52063, -1.10791 ], [ 34.52057, -1.1079 ], [ 34.52052, -1.10789 ], [ 34.52047, -1.10787 ], [ 34.52042, -1.10785 ], [ 34.52037, -1.10783 ], [ 34.52033, -1.1078 ], [ 34.52028, -1.10777 ], [ 34.52024, -1.10773 ], [ 34.52019, -1.10769 ], [ 34.52014, -1.10765 ], [ 34.52009, -1.1076 ], [ 34.52004, -1.10754 ], [ 34.52, -1.10749 ], [ 34.51995, -1.10742 ], [ 34.51991, -1.10735 ], [ 34.51984, -1.10724 ], [ 34.5198, -1.10717 ], [ 34.51976, -1.10709 ], [ 34.51972, -1.10702 ], [ 34.51972, -1.107 ], [ 34.51969, -1.10695 ], [ 34.51967, -1.10689 ], [ 34.51962, -1.10675 ], [ 34.51959, -1.10668 ], [ 34.51955, -1.10659 ], [ 34.51951, -1.10652 ], [ 34.51947, -1.10646 ], [ 34.51943, -1.10641 ], [ 34.51938, -1.10636 ], [ 34.51933, -1.10631 ], [ 34.51927, -1.10627 ], [ 34.51922, -1.10623 ], [ 34.51916, -1.1062 ], [ 34.5191, -1.10618 ], [ 34.51903, -1.10616 ], [ 34.51892, -1.10613 ], [ 34.51886, -1.10612 ], [ 34.5188, -1.1061 ], [ 34.51874, -1.1061 ], [ 34.51868, -1.10609 ], [ 34.51863, -1.10609 ], [ 34.51858, -1.10608 ], [ 34.51852, -1.10609 ], [ 34.51846, -1.10609 ], [ 34.51835, -1.10611 ], [ 34.51813, -1.10614 ], [ 34.51804, -1.10616 ], [ 34.51792, -1.10617 ], [ 34.51766, -1.10622 ], [ 34.51754, -1.10624 ], [ 34.51748, -1.10625 ], [ 34.51743, -1.10625 ], [ 34.51737, -1.10626 ], [ 34.51732, -1.10626 ], [ 34.51716, -1.10625 ], [ 34.51713, -1.10625 ], [ 34.51691, -1.10619 ], [ 34.51663, -1.10611 ], [ 34.51661, -1.1061 ], [ 34.51646, -1.10602 ], [ 34.51638, -1.10598 ], [ 34.5163, -1.10593 ], [ 34.51622, -1.10588 ], [ 34.51598, -1.10572 ], [ 34.5159, -1.10567 ], [ 34.5159, -1.10567 ], [ 34.51583, -1.10563 ], [ 34.51577, -1.10559 ], [ 34.51562, -1.1055 ], [ 34.51554, -1.10545 ], [ 34.5155, -1.10543 ], [ 34.51545, -1.10541 ], [ 34.51541, -1.1054 ], [ 34.51537, -1.10539 ], [ 34.51532, -1.10538 ], [ 34.51527, -1.10537 ], [ 34.51521, -1.10537 ], [ 34.51508, -1.10537 ], [ 34.51502, -1.10537 ], [ 34.515, -1.10537 ], [ 34.51465, -1.10528 ], [ 34.51436, -1.10522 ], [ 34.51389, -1.10522 ], [ 34.51358, -1.10516 ], [ 34.51343, -1.10514 ], [ 34.51299, -1.10516 ], [ 34.51275, -1.10549 ], [ 34.51273, -1.10584 ], [ 34.51273, -1.10622 ], [ 34.5127, -1.10666 ], [ 34.5127, -1.10695 ], [ 34.51249, -1.10721 ], [ 34.51232, -1.10744 ], [ 34.51226, -1.10771 ], [ 34.5121, -1.10828 ], [ 34.51189, -1.10867 ], [ 34.51176, -1.10905 ], [ 34.51176, -1.10937 ], [ 34.51175, -1.1099 ], [ 34.51137, -1.11024 ], [ 34.51085, -1.11054 ], [ 34.5105, -1.11065 ], [ 34.51028, -1.11068 ], [ 34.51027, -1.11068 ], [ 34.51015, -1.11065 ], [ 34.50999, -1.11061 ], [ 34.50991, -1.11058 ], [ 34.50977, -1.11053 ], [ 34.50969, -1.11051 ], [ 34.50951, -1.11047 ], [ 34.50943, -1.11044 ], [ 34.50939, -1.11043 ], [ 34.50935, -1.11041 ], [ 34.50931, -1.11038 ], [ 34.50928, -1.11036 ], [ 34.50922, -1.1103 ], [ 34.50917, -1.11024 ], [ 34.50911, -1.11016 ], [ 34.50905, -1.11008 ], [ 34.50895, -1.10993 ], [ 34.50895, -1.10993 ], [ 34.50887, -1.10981 ], [ 34.50883, -1.10973 ], [ 34.50879, -1.10966 ], [ 34.50875, -1.1096 ], [ 34.50873, -1.10954 ], [ 34.50871, -1.10948 ], [ 34.50869, -1.1094 ], [ 34.50867, -1.10925 ], [ 34.50872, -1.10907 ], [ 34.50863, -1.10911 ], [ 34.50861, -1.10905 ], [ 34.50858, -1.10897 ], [ 34.50854, -1.10889 ], [ 34.50851, -1.10882 ], [ 34.50847, -1.10876 ], [ 34.50844, -1.1087 ], [ 34.5084, -1.10865 ], [ 34.50837, -1.1086 ], [ 34.50833, -1.10855 ], [ 34.50829, -1.10852 ], [ 34.50825, -1.10848 ], [ 34.50821, -1.10844 ], [ 34.50817, -1.10841 ], [ 34.50813, -1.10838 ], [ 34.50808, -1.10834 ], [ 34.50803, -1.10831 ], [ 34.50799, -1.10829 ], [ 34.50795, -1.10827 ], [ 34.5079, -1.10825 ], [ 34.50786, -1.10823 ], [ 34.50781, -1.10821 ], [ 34.5077, -1.10817 ], [ 34.50755, -1.10813 ], [ 34.50742, -1.10809 ], [ 34.50731, -1.10807 ], [ 34.5072, -1.10805 ], [ 34.50716, -1.10804 ], [ 34.50696, -1.10793 ], [ 34.50694, -1.10791 ], [ 34.5065, -1.10776 ], [ 34.50619, -1.10774 ], [ 34.50565, -1.10771 ], [ 34.5048, -1.1077 ], [ 34.50365, -1.10803 ], [ 34.50265, -1.10836 ], [ 34.50265, -1.10837 ], [ 34.50263, -1.10836 ], [ 34.50258, -1.10834 ], [ 34.50253, -1.10831 ], [ 34.50249, -1.10828 ], [ 34.50241, -1.10822 ], [ 34.50235, -1.10819 ], [ 34.50231, -1.10816 ], [ 34.50231, -1.10816 ], [ 34.50231, -1.10816 ], [ 34.50216, -1.10807 ], [ 34.50209, -1.10802 ], [ 34.50201, -1.10797 ], [ 34.50194, -1.10792 ], [ 34.50184, -1.10784 ], [ 34.50179, -1.1078 ], [ 34.50179, -1.1078 ], [ 34.50179, -1.10779 ], [ 34.50179, -1.10779 ], [ 34.50173, -1.10774 ], [ 34.50168, -1.1077 ], [ 34.50168, -1.1077 ], [ 34.50167, -1.1077 ], [ 34.50167, -1.1077 ], [ 34.50167, -1.1077 ], [ 34.50163, -1.10768 ], [ 34.50158, -1.10765 ], [ 34.50158, -1.10765 ], [ 34.50158, -1.10765 ], [ 34.50158, -1.10765 ], [ 34.50152, -1.10762 ], [ 34.50146, -1.1076 ], [ 34.50145, -1.1076 ], [ 34.50136, -1.10758 ], [ 34.50128, -1.10755 ], [ 34.50116, -1.1075 ], [ 34.50116, -1.1075 ], [ 34.50116, -1.1075 ], [ 34.50116, -1.1075 ], [ 34.50116, -1.1075 ], [ 34.50114, -1.10749 ], [ 34.50113, -1.10748 ], [ 34.50111, -1.10747 ], [ 34.5011, -1.10746 ], [ 34.50108, -1.10745 ], [ 34.50107, -1.10743 ], [ 34.50105, -1.10742 ], [ 34.50104, -1.10741 ], [ 34.50102, -1.10739 ], [ 34.50099, -1.10737 ], [ 34.50092, -1.10729 ], [ 34.50083, -1.10718 ], [ 34.50077, -1.10708 ], [ 34.50071, -1.10698 ], [ 34.50066, -1.10693 ], [ 34.50055, -1.10687 ], [ 34.5005, -1.10684 ], [ 34.50043, -1.10683 ], [ 34.50037, -1.10681 ], [ 34.50037, -1.10681 ], [ 34.50037, -1.10681 ], [ 34.50036, -1.10681 ], [ 34.50036, -1.10681 ], [ 34.50029, -1.1068 ], [ 34.5002, -1.10678 ], [ 34.50016, -1.10678 ], [ 34.50016, -1.10678 ], [ 34.50016, -1.10678 ], [ 34.50015, -1.10678 ], [ 34.50015, -1.10678 ], [ 34.50011, -1.10678 ], [ 34.50007, -1.10677 ], [ 34.50002, -1.10678 ], [ 34.5, -1.10678 ], [ 34.5, -1.10678 ], [ 34.5, -1.10678 ], [ 34.5, -1.10678 ], [ 34.49999, -1.10678 ], [ 34.49999, -1.10678 ], [ 34.49998, -1.10678 ], [ 34.49997, -1.10678 ], [ 34.49997, -1.10678 ], [ 34.49996, -1.10678 ], [ 34.49995, -1.10678 ], [ 34.49994, -1.10678 ], [ 34.49993, -1.10678 ], [ 34.49991, -1.10678 ], [ 34.4999, -1.10678 ], [ 34.4999, -1.10678 ], [ 34.49938, -1.10696 ], [ 34.49879, -1.107 ], [ 34.49852, -1.10717 ], [ 34.49831, -1.10717 ], [ 34.49814, -1.10717 ], [ 34.4978, -1.10705 ], [ 34.49757, -1.10666 ], [ 34.49758, -1.1065 ], [ 34.49758, -1.10647 ], [ 34.49758, -1.10621 ], [ 34.49754, -1.10575 ], [ 34.49726, -1.10541 ], [ 34.49691, -1.10513 ], [ 34.49636, -1.10504 ], [ 34.49567, -1.10477 ], [ 34.49522, -1.10474 ], [ 34.4946, -1.10481 ], [ 34.49401, -1.10479 ], [ 34.49354, -1.10487 ], [ 34.49306, -1.10488 ], [ 34.49256, -1.10473 ], [ 34.49218, -1.10464 ], [ 34.49158, -1.10441 ], [ 34.49085, -1.10434 ], [ 34.49012, -1.10442 ], [ 34.48951, -1.10461 ], [ 34.48902, -1.1045 ], [ 34.48837, -1.10407 ], [ 34.48824, -1.10354 ], [ 34.48809, -1.10305 ], [ 34.48796, -1.10268 ], [ 34.48792, -1.10256 ], [ 34.48785, -1.10234 ], [ 34.48761, -1.10214 ], [ 34.48729, -1.10206 ], [ 34.48675, -1.10197 ], [ 34.48649, -1.10179 ], [ 34.48598, -1.10153 ], [ 34.48573, -1.10143 ], [ 34.48534, -1.10131 ], [ 34.48505, -1.10111 ], [ 34.48496, -1.10071 ], [ 34.48477, -1.10022 ], [ 34.48467, -1.09975 ], [ 34.48443, -1.09903 ], [ 34.48436, -1.09893 ], [ 34.48401, -1.09859 ], [ 34.48352, -1.09821 ], [ 34.48333, -1.09797 ], [ 34.48313, -1.09767 ], [ 34.48299, -1.09756 ], [ 34.48296, -1.09754 ], [ 34.48284, -1.09744 ], [ 34.48265, -1.09741 ], [ 34.48231, -1.09735 ], [ 34.48184, -1.09728 ], [ 34.48137, -1.09728 ], [ 34.48091, -1.0974 ], [ 34.48053, -1.0973 ], [ 34.48002, -1.09716 ], [ 34.47974, -1.09707 ], [ 34.47943, -1.09682 ], [ 34.47927, -1.0966 ], [ 34.47931, -1.09629 ], [ 34.47969, -1.09595 ], [ 34.47995, -1.09553 ], [ 34.4802, -1.09502 ], [ 34.47993, -1.09477 ], [ 34.47958, -1.09462 ], [ 34.47925, -1.09462 ], [ 34.47918, -1.09462 ], [ 34.47914, -1.09462 ], [ 34.47896, -1.09462 ], [ 34.47869, -1.09485 ], [ 34.47851, -1.09516 ], [ 34.47818, -1.09554 ], [ 34.47752, -1.09573 ], [ 34.4771, -1.09603 ], [ 34.47674, -1.0961 ], [ 34.4762, -1.09627 ], [ 34.47571, -1.09637 ], [ 34.47542, -1.09639 ], [ 34.47541, -1.09639 ], [ 34.47512, -1.09645 ], [ 34.47484, -1.09656 ], [ 34.47459, -1.09669 ], [ 34.47445, -1.09676 ], [ 34.47432, -1.09685 ], [ 34.47403, -1.09706 ], [ 34.47381, -1.09724 ], [ 34.47363, -1.09736 ], [ 34.47348, -1.0974 ], [ 34.47334, -1.09741 ], [ 34.47333, -1.0974 ], [ 34.47312, -1.09735 ], [ 34.47295, -1.09729 ], [ 34.47292, -1.09728 ], [ 34.4729, -1.0969 ], [ 34.47282, -1.09683 ], [ 34.47286, -1.09659 ], [ 34.47287, -1.09657 ], [ 34.47291, -1.09635 ], [ 34.47299, -1.09597 ], [ 34.47313, -1.09553 ], [ 34.47361, -1.0948 ], [ 34.47381, -1.09444 ], [ 34.47399, -1.09399 ], [ 34.47415, -1.09368 ], [ 34.47449, -1.09286 ], [ 34.4745, -1.0926 ], [ 34.47436, -1.09222 ], [ 34.47399, -1.09215 ], [ 34.47373, -1.09221 ], [ 34.47335, -1.09244 ], [ 34.47319, -1.09262 ], [ 34.47302, -1.09278 ], [ 34.47279, -1.09271 ], [ 34.47245, -1.09249 ], [ 34.47222, -1.09231 ], [ 34.47166, -1.09179 ], [ 34.47091, -1.09101 ], [ 34.47059, -1.09064 ], [ 34.47052, -1.09029 ], [ 34.47056, -1.09002 ], [ 34.47068, -1.08985 ], [ 34.47065, -1.08982 ], [ 34.47068, -1.08981 ], [ 34.47086, -1.08966 ], [ 34.47098, -1.08947 ], [ 34.47106, -1.08927 ], [ 34.47112, -1.08912 ], [ 34.47127, -1.08887 ], [ 34.47136, -1.08871 ], [ 34.47141, -1.08861 ], [ 34.47162, -1.08834 ], [ 34.47178, -1.08811 ], [ 34.47195, -1.08794 ], [ 34.47214, -1.08779 ], [ 34.47234, -1.08776 ], [ 34.47256, -1.08765 ], [ 34.47292, -1.08756 ], [ 34.4732, -1.08754 ], [ 34.47341, -1.08752 ], [ 34.47391, -1.08737 ], [ 34.47422, -1.08727 ], [ 34.47446, -1.08718 ], [ 34.47481, -1.08707 ], [ 34.47506, -1.08705 ], [ 34.47525, -1.08703 ], [ 34.47538, -1.08716 ], [ 34.47547, -1.08726 ], [ 34.47555, -1.08744 ], [ 34.4756, -1.08763 ], [ 34.47564, -1.08785 ], [ 34.47571, -1.08799 ], [ 34.47581, -1.08813 ], [ 34.47594, -1.08821 ], [ 34.47604, -1.08824 ], [ 34.47619, -1.0883 ], [ 34.47639, -1.08828 ], [ 34.47653, -1.0882 ], [ 34.47666, -1.08809 ], [ 34.47675, -1.08794 ], [ 34.47687, -1.08768 ], [ 34.47696, -1.08747 ], [ 34.47703, -1.08715 ], [ 34.47709, -1.08696 ], [ 34.47717, -1.08676 ], [ 34.47722, -1.08662 ], [ 34.47725, -1.08652 ], [ 34.47728, -1.08641 ], [ 34.47731, -1.08618 ], [ 34.47731, -1.08617 ], [ 34.47732, -1.08599 ], [ 34.47737, -1.08576 ], [ 34.47742, -1.08551 ], [ 34.47742, -1.08537 ], [ 34.47745, -1.08524 ], [ 34.47748, -1.08514 ], [ 34.47748, -1.08505 ], [ 34.47741, -1.08494 ], [ 34.47737, -1.08485 ], [ 34.47732, -1.08469 ], [ 34.4773, -1.08457 ], [ 34.4773, -1.0844 ], [ 34.47719, -1.08412 ], [ 34.47708, -1.08396 ], [ 34.47701, -1.08381 ], [ 34.47689, -1.08372 ], [ 34.47672, -1.0837 ], [ 34.47653, -1.08368 ], [ 34.47633, -1.08371 ], [ 34.47617, -1.0838 ], [ 34.47588, -1.08391 ], [ 34.47575, -1.08399 ], [ 34.4756, -1.08404 ], [ 34.47542, -1.08415 ], [ 34.47514, -1.08426 ], [ 34.47489, -1.08431 ], [ 34.47474, -1.08432 ], [ 34.47458, -1.08432 ], [ 34.47445, -1.08424 ], [ 34.47438, -1.08416 ], [ 34.47431, -1.08404 ], [ 34.47425, -1.08392 ], [ 34.47426, -1.08376 ], [ 34.47426, -1.08366 ], [ 34.47428, -1.08345 ], [ 34.47428, -1.08337 ], [ 34.47428, -1.08337 ], [ 34.47428, -1.08335 ], [ 34.47425, -1.08323 ], [ 34.47423, -1.08293 ], [ 34.47425, -1.08261 ], [ 34.47426, -1.08252 ], [ 34.47426, -1.08248 ], [ 34.4743, -1.08215 ], [ 34.47434, -1.08169 ], [ 34.47431, -1.0814 ], [ 34.47427, -1.08117 ], [ 34.4742, -1.08093 ], [ 34.47408, -1.08078 ], [ 34.47402, -1.08066 ], [ 34.47382, -1.08043 ], [ 34.47367, -1.08019 ], [ 34.47357, -1.08005 ], [ 34.47348, -1.07994 ], [ 34.47336, -1.07982 ], [ 34.47315, -1.07965 ], [ 34.47298, -1.0795 ], [ 34.47296, -1.07949 ], [ 34.47296, -1.07949 ], [ 34.4728, -1.07951 ], [ 34.47262, -1.07952 ], [ 34.47228, -1.0796 ], [ 34.47205, -1.07962 ], [ 34.47188, -1.07962 ], [ 34.47168, -1.07961 ], [ 34.47147, -1.07956 ], [ 34.47129, -1.07949 ], [ 34.47115, -1.07938 ], [ 34.47112, -1.07927 ], [ 34.47109, -1.07918 ], [ 34.47104, -1.07906 ], [ 34.47101, -1.079 ], [ 34.471, -1.07901 ], [ 34.47086, -1.07867 ], [ 34.47075, -1.07827 ], [ 34.47059, -1.07778 ], [ 34.47058, -1.07738 ], [ 34.47059, -1.07715 ], [ 34.47062, -1.07683 ], [ 34.47071, -1.07642 ], [ 34.4708, -1.07605 ], [ 34.4708, -1.07605 ], [ 34.47094, -1.07559 ], [ 34.47121, -1.07472 ], [ 34.4713, -1.07431 ], [ 34.47139, -1.07403 ], [ 34.47148, -1.07377 ], [ 34.47154, -1.07361 ], [ 34.47157, -1.07361 ], [ 34.47161, -1.0735 ], [ 34.47168, -1.0733 ], [ 34.47177, -1.0731 ], [ 34.47184, -1.07293 ], [ 34.47198, -1.07254 ], [ 34.47211, -1.07228 ], [ 34.47225, -1.07188 ], [ 34.47232, -1.07167 ], [ 34.47235, -1.07154 ], [ 34.47235, -1.0712 ], [ 34.47235, -1.07092 ], [ 34.47235, -1.07091 ], [ 34.4724, -1.07073 ], [ 34.47246, -1.07047 ], [ 34.47254, -1.07021 ], [ 34.47263, -1.06981 ], [ 34.47266, -1.06965 ], [ 34.4727, -1.06948 ], [ 34.47273, -1.06937 ], [ 34.47273, -1.06937 ], [ 34.47274, -1.06933 ], [ 34.47284, -1.06908 ], [ 34.47292, -1.0688 ], [ 34.47295, -1.06854 ], [ 34.47293, -1.06819 ], [ 34.47286, -1.06791 ], [ 34.47281, -1.06781 ], [ 34.47262, -1.06763 ], [ 34.47247, -1.06748 ], [ 34.47247, -1.06747 ], [ 34.47229, -1.06726 ], [ 34.47192, -1.06693 ], [ 34.47169, -1.06677 ], [ 34.47154, -1.06667 ], [ 34.47154, -1.06667 ], [ 34.47136, -1.06659 ], [ 34.47116, -1.06651 ], [ 34.471, -1.06646 ], [ 34.47081, -1.06643 ], [ 34.47065, -1.06645 ], [ 34.47054, -1.0665 ], [ 34.47039, -1.06656 ], [ 34.47015, -1.06666 ], [ 34.4699, -1.06678 ], [ 34.46971, -1.06684 ], [ 34.46954, -1.06688 ], [ 34.46935, -1.06686 ], [ 34.46916, -1.0668 ], [ 34.46906, -1.0667 ], [ 34.46894, -1.06652 ], [ 34.46882, -1.06635 ], [ 34.46874, -1.06619 ], [ 34.46871, -1.06615 ], [ 34.46864, -1.06595 ], [ 34.4686, -1.06585 ], [ 34.46856, -1.06556 ], [ 34.46854, -1.0654 ], [ 34.46853, -1.06531 ], [ 34.46849, -1.0651 ], [ 34.46845, -1.06485 ], [ 34.46831, -1.06443 ], [ 34.4682, -1.06408 ], [ 34.46806, -1.06389 ], [ 34.46791, -1.06371 ], [ 34.46774, -1.06363 ], [ 34.46745, -1.06351 ], [ 34.4672, -1.06343 ], [ 34.46697, -1.06335 ], [ 34.46676, -1.06332 ], [ 34.46659, -1.06331 ], [ 34.46642, -1.06331 ], [ 34.46628, -1.06325 ], [ 34.46611, -1.0632 ], [ 34.46596, -1.06314 ], [ 34.4659, -1.0631 ], [ 34.46586, -1.06308 ], [ 34.46587, -1.06307 ], [ 34.46577, -1.06298 ], [ 34.4655, -1.0628 ], [ 34.46544, -1.06263 ], [ 34.46548, -1.06227 ], [ 34.4656, -1.0619 ], [ 34.46556, -1.06156 ], [ 34.46535, -1.06121 ], [ 34.46501, -1.06076 ], [ 34.46485, -1.06032 ], [ 34.46477, -1.0602 ], [ 34.46467, -1.05989 ], [ 34.4646, -1.05971 ], [ 34.46453, -1.05953 ], [ 34.46446, -1.05936 ], [ 34.46447, -1.05914 ], [ 34.46448, -1.05892 ], [ 34.46452, -1.05875 ], [ 34.46463, -1.05868 ], [ 34.46478, -1.05857 ], [ 34.46496, -1.05846 ], [ 34.46511, -1.05833 ], [ 34.46528, -1.05817 ], [ 34.46539, -1.058 ], [ 34.46545, -1.05784 ], [ 34.4655, -1.05763 ], [ 34.46549, -1.05752 ], [ 34.46549, -1.05733 ], [ 34.46546, -1.05719 ], [ 34.46542, -1.05699 ], [ 34.46537, -1.05682 ], [ 34.46531, -1.05663 ], [ 34.4652, -1.05632 ], [ 34.46508, -1.05603 ], [ 34.46491, -1.05564 ], [ 34.4648, -1.05549 ], [ 34.4647, -1.05536 ], [ 34.46458, -1.0552 ], [ 34.46443, -1.0551 ], [ 34.46408, -1.05504 ], [ 34.46377, -1.05491 ], [ 34.46348, -1.05476 ], [ 34.4632, -1.05455 ], [ 34.46292, -1.0543 ], [ 34.4626, -1.05401 ], [ 34.4625, -1.05381 ], [ 34.46237, -1.05354 ], [ 34.46211, -1.05316 ], [ 34.4618, -1.05276 ], [ 34.46146, -1.05248 ], [ 34.46125, -1.05233 ], [ 34.46107, -1.05225 ], [ 34.46086, -1.05226 ], [ 34.46073, -1.05233 ], [ 34.46072, -1.0525 ], [ 34.46079, -1.05273 ], [ 34.46082, -1.05306 ], [ 34.46082, -1.05338 ], [ 34.46081, -1.05362 ], [ 34.4608, -1.05385 ], [ 34.46085, -1.05401 ], [ 34.4609, -1.05429 ], [ 34.46094, -1.0548 ], [ 34.46103, -1.05507 ], [ 34.46117, -1.05574 ], [ 34.46122, -1.05599 ], [ 34.46121, -1.05625 ], [ 34.46112, -1.05643 ], [ 34.46097, -1.05649 ], [ 34.46067, -1.0565 ], [ 34.46042, -1.05643 ], [ 34.46018, -1.05632 ], [ 34.45989, -1.05626 ], [ 34.45968, -1.05622 ], [ 34.45946, -1.05624 ], [ 34.45938, -1.05628 ], [ 34.45914, -1.05634 ], [ 34.45884, -1.05658 ], [ 34.45879, -1.05677 ], [ 34.45872, -1.05692 ], [ 34.4587, -1.05719 ], [ 34.45873, -1.05733 ], [ 34.45876, -1.05751 ], [ 34.45876, -1.05771 ], [ 34.45872, -1.05787 ], [ 34.45862, -1.05802 ], [ 34.45843, -1.05823 ], [ 34.45834, -1.0583 ], [ 34.45805, -1.05824 ], [ 34.45788, -1.05812 ], [ 34.45778, -1.05799 ], [ 34.45761, -1.05779 ], [ 34.45744, -1.05766 ], [ 34.45719, -1.05748 ], [ 34.45691, -1.05729 ], [ 34.45649, -1.05711 ], [ 34.45631, -1.05699 ], [ 34.45617, -1.05684 ], [ 34.45598, -1.05666 ], [ 34.45586, -1.05648 ], [ 34.45557, -1.05597 ], [ 34.45536, -1.05565 ], [ 34.45524, -1.05536 ], [ 34.45508, -1.05522 ], [ 34.45487, -1.05509 ], [ 34.45436, -1.0549 ], [ 34.45399, -1.05483 ], [ 34.45351, -1.05467 ], [ 34.45312, -1.05449 ], [ 34.45257, -1.05419 ], [ 34.45215, -1.05386 ], [ 34.45175, -1.05361 ], [ 34.45153, -1.05338 ], [ 34.45133, -1.05324 ], [ 34.45119, -1.05322 ], [ 34.45119, -1.05321 ], [ 34.45089, -1.05313 ], [ 34.45066, -1.05312 ], [ 34.45032, -1.05322 ], [ 34.45014, -1.05347 ], [ 34.44989, -1.05389 ], [ 34.4496, -1.05412 ], [ 34.44933, -1.05421 ], [ 34.44911, -1.0542 ], [ 34.44884, -1.05412 ], [ 34.44859, -1.0539 ], [ 34.44847, -1.05354 ], [ 34.4484, -1.05303 ], [ 34.44826, -1.05244 ], [ 34.44816, -1.05215 ], [ 34.44808, -1.05179 ], [ 34.44801, -1.05152 ], [ 34.44793, -1.05113 ], [ 34.44776, -1.05091 ], [ 34.44743, -1.05055 ], [ 34.44712, -1.05036 ], [ 34.44638, -1.0501 ], [ 34.44598, -1.05 ], [ 34.44598, -1.05 ], [ 34.44588, -1.04998 ], [ 34.44565, -1.04993 ], [ 34.4451, -1.0498 ], [ 34.44467, -1.04958 ], [ 34.44423, -1.04946 ], [ 34.44371, -1.04933 ], [ 34.44345, -1.04927 ], [ 34.44308, -1.0492 ], [ 34.44272, -1.04924 ], [ 34.44272, -1.04925 ], [ 34.44272, -1.04925 ], [ 34.44272, -1.04925 ], [ 34.44272, -1.04927 ], [ 34.44272, -1.0494 ], [ 34.44269, -1.04989 ], [ 34.44265, -1.0503 ], [ 34.4426, -1.0504 ], [ 34.44257, -1.05052 ], [ 34.44256, -1.0511 ], [ 34.44256, -1.0514 ], [ 34.44256, -1.05171 ], [ 34.44256, -1.05196 ], [ 34.44256, -1.05225 ], [ 34.4426, -1.05266 ], [ 34.44263, -1.05307 ], [ 34.44259, -1.05364 ], [ 34.44263, -1.0546 ], [ 34.44266, -1.05485 ], [ 34.44273, -1.05505 ], [ 34.44275, -1.05517 ], [ 34.44272, -1.05532 ], [ 34.44272, -1.05534 ], [ 34.44271, -1.05539 ], [ 34.44269, -1.05542 ], [ 34.44264, -1.05547 ], [ 34.44261, -1.05551 ], [ 34.44257, -1.05556 ], [ 34.44256, -1.05559 ], [ 34.44255, -1.05562 ], [ 34.44252, -1.05571 ], [ 34.44252, -1.05573 ], [ 34.44252, -1.05578 ], [ 34.44252, -1.05581 ], [ 34.44252, -1.05584 ], [ 34.44252, -1.05596 ], [ 34.44252, -1.0561 ], [ 34.44236, -1.05653 ], [ 34.44229, -1.05684 ], [ 34.44217, -1.0572 ], [ 34.44202, -1.05744 ], [ 34.442, -1.05771 ], [ 34.44187, -1.05813 ], [ 34.44183, -1.05838 ], [ 34.4417, -1.05865 ], [ 34.44153, -1.05896 ], [ 34.4413, -1.05935 ], [ 34.44112, -1.05954 ], [ 34.441, -1.0596 ], [ 34.44096, -1.05969 ], [ 34.44107, -1.06003 ], [ 34.44105, -1.06037 ], [ 34.44093, -1.06069 ], [ 34.4408, -1.06087 ], [ 34.44069, -1.061 ], [ 34.44068, -1.06108 ], [ 34.44065, -1.06141 ], [ 34.44073, -1.06141 ], [ 34.44074, -1.0628 ], [ 34.44069, -1.06467 ], [ 34.44068, -1.06507 ], [ 34.44063, -1.06672 ], [ 34.44037, -1.06893 ], [ 34.44034, -1.06908 ], [ 34.44032, -1.06916 ], [ 34.4403, -1.06927 ], [ 34.44029, -1.06934 ], [ 34.44027, -1.06947 ], [ 34.44026, -1.06952 ], [ 34.44025, -1.06956 ], [ 34.44023, -1.06967 ], [ 34.44021, -1.06975 ], [ 34.4402, -1.06981 ], [ 34.44018, -1.0699 ], [ 34.44016, -1.07002 ], [ 34.44015, -1.07008 ], [ 34.44013, -1.07019 ], [ 34.44012, -1.07026 ], [ 34.4401, -1.07034 ], [ 34.44009, -1.07039 ], [ 34.44008, -1.07045 ], [ 34.44007, -1.07051 ], [ 34.44006, -1.07056 ], [ 34.44005, -1.07062 ], [ 34.44004, -1.07067 ], [ 34.44004, -1.0707 ], [ 34.44003, -1.07072 ], [ 34.44003, -1.07077 ], [ 34.44002, -1.07083 ], [ 34.44001, -1.07087 ], [ 34.43978, -1.0723 ], [ 34.43977, -1.07241 ], [ 34.4397, -1.07283 ], [ 34.43934, -1.07449 ], [ 34.43932, -1.07459 ], [ 34.43927, -1.07477 ], [ 34.4392, -1.07506 ], [ 34.4392, -1.0751 ], [ 34.43916, -1.07523 ], [ 34.43913, -1.07535 ], [ 34.43911, -1.07547 ], [ 34.43908, -1.07556 ], [ 34.43905, -1.07569 ], [ 34.43902, -1.0758 ], [ 34.43901, -1.07585 ], [ 34.43899, -1.07595 ], [ 34.43896, -1.07606 ], [ 34.43895, -1.07612 ], [ 34.43893, -1.07618 ], [ 34.43891, -1.07626 ], [ 34.43888, -1.07641 ], [ 34.43886, -1.0765 ], [ 34.43884, -1.07656 ], [ 34.43839, -1.07644 ], [ 34.4371, -1.07614 ], [ 34.43644, -1.07595 ], [ 34.43503, -1.07545 ], [ 34.43363, -1.07498 ], [ 34.43342, -1.07491 ], [ 34.43336, -1.07489 ], [ 34.43334, -1.07488 ], [ 34.43193, -1.07441 ], [ 34.43049, -1.07406 ], [ 34.42907, -1.07384 ], [ 34.42768, -1.0736 ], [ 34.42699, -1.07354 ], [ 34.42656, -1.07351 ], [ 34.4258, -1.0733 ], [ 34.4252, -1.07315 ], [ 34.42501, -1.07301 ], [ 34.42481, -1.07287 ], [ 34.42471, -1.07269 ], [ 34.4246, -1.07243 ], [ 34.42454, -1.07217 ], [ 34.42452, -1.07172 ], [ 34.42452, -1.07163 ], [ 34.42443, -1.07167 ], [ 34.42435, -1.07171 ], [ 34.42435, -1.07171 ], [ 34.42435, -1.07171 ], [ 34.42435, -1.07171 ], [ 34.42435, -1.07171 ], [ 34.42435, -1.0718 ], [ 34.42431, -1.07182 ], [ 34.42416, -1.07188 ], [ 34.424, -1.07194 ], [ 34.42391, -1.07197 ], [ 34.42381, -1.072 ], [ 34.42369, -1.07204 ], [ 34.42343, -1.07211 ], [ 34.42331, -1.07214 ], [ 34.4232, -1.07217 ], [ 34.42309, -1.07221 ], [ 34.42298, -1.07225 ], [ 34.42286, -1.0723 ], [ 34.42273, -1.07236 ], [ 34.4226, -1.07242 ], [ 34.42247, -1.07248 ], [ 34.42232, -1.07255 ], [ 34.42196, -1.07274 ], [ 34.42187, -1.0728 ], [ 34.42176, -1.07286 ], [ 34.42142, -1.07308 ], [ 34.42129, -1.07315 ], [ 34.42117, -1.07322 ], [ 34.42105, -1.07328 ], [ 34.42092, -1.07335 ], [ 34.4208, -1.0734 ], [ 34.42068, -1.07346 ], [ 34.42056, -1.0735 ], [ 34.42045, -1.07355 ], [ 34.42035, -1.07359 ], [ 34.42024, -1.07362 ], [ 34.42014, -1.07366 ], [ 34.42002, -1.07369 ], [ 34.41988, -1.07372 ], [ 34.41974, -1.07375 ], [ 34.4196, -1.07378 ], [ 34.41944, -1.0738 ], [ 34.41928, -1.07382 ], [ 34.41909, -1.07384 ], [ 34.4188, -1.07387 ], [ 34.41869, -1.07388 ], [ 34.41857, -1.07388 ], [ 34.41845, -1.07388 ], [ 34.41832, -1.07388 ], [ 34.41832, -1.07388 ], [ 34.4182, -1.07387 ], [ 34.41807, -1.07386 ], [ 34.41761, -1.07381 ], [ 34.41743, -1.0738 ], [ 34.41724, -1.07379 ], [ 34.41718, -1.07378 ], [ 34.4171, -1.07378 ], [ 34.41707, -1.07378 ], [ 34.41691, -1.07378 ], [ 34.41682, -1.07378 ], [ 34.41673, -1.07378 ], [ 34.41665, -1.07379 ], [ 34.41656, -1.0738 ], [ 34.41649, -1.07381 ], [ 34.41641, -1.07383 ], [ 34.41634, -1.07385 ], [ 34.41626, -1.07387 ], [ 34.41618, -1.0739 ], [ 34.41609, -1.07393 ], [ 34.41599, -1.07397 ], [ 34.41589, -1.07402 ], [ 34.41579, -1.07406 ], [ 34.41569, -1.07412 ], [ 34.41535, -1.0743 ], [ 34.41517, -1.0744 ], [ 34.41498, -1.07451 ], [ 34.41478, -1.07463 ], [ 34.41458, -1.07476 ], [ 34.41438, -1.0749 ], [ 34.41415, -1.07506 ], [ 34.41391, -1.07523 ], [ 34.41358, -1.07548 ], [ 34.41323, -1.07574 ], [ 34.41298, -1.07593 ], [ 34.41286, -1.07602 ], [ 34.41276, -1.07611 ], [ 34.41266, -1.0762 ], [ 34.41256, -1.07628 ], [ 34.4125, -1.07633 ], [ 34.41244, -1.07638 ], [ 34.4122, -1.07657 ], [ 34.41211, -1.07664 ], [ 34.41203, -1.07671 ], [ 34.41196, -1.07678 ], [ 34.41192, -1.07682 ], [ 34.41188, -1.07686 ], [ 34.41185, -1.0769 ], [ 34.41183, -1.07693 ], [ 34.4118, -1.07697 ], [ 34.41178, -1.07701 ], [ 34.41177, -1.07705 ], [ 34.41175, -1.07709 ], [ 34.41174, -1.07715 ], [ 34.41173, -1.07722 ], [ 34.41172, -1.07728 ], [ 34.41172, -1.07735 ], [ 34.41173, -1.07742 ], [ 34.41174, -1.07749 ], [ 34.41175, -1.07756 ], [ 34.41177, -1.07763 ], [ 34.4118, -1.0777 ], [ 34.41183, -1.07778 ], [ 34.41186, -1.07786 ], [ 34.4119, -1.07793 ], [ 34.41194, -1.07801 ], [ 34.41199, -1.07809 ], [ 34.41179, -1.07797 ], [ 34.41157, -1.07778 ], [ 34.41137, -1.07754 ], [ 34.41122, -1.07731 ], [ 34.41103, -1.0771 ], [ 34.41063, -1.0768 ], [ 34.41053, -1.0767 ], [ 34.41051, -1.07668 ], [ 34.4103, -1.07657 ], [ 34.41013, -1.07637 ], [ 34.40986, -1.07613 ], [ 34.40971, -1.07589 ], [ 34.40948, -1.07571 ], [ 34.40943, -1.07566 ], [ 34.40941, -1.07565 ], [ 34.40941, -1.07564 ], [ 34.40919, -1.07546 ], [ 34.40914, -1.07533 ], [ 34.40913, -1.07533 ], [ 34.40913, -1.07531 ], [ 34.40901, -1.07517 ], [ 34.40888, -1.07505 ], [ 34.40883, -1.0749 ], [ 34.40881, -1.07485 ], [ 34.40876, -1.07477 ], [ 34.40865, -1.07474 ], [ 34.4085, -1.07474 ], [ 34.4085, -1.07474 ], [ 34.40834, -1.07474 ], [ 34.40825, -1.07467 ], [ 34.40819, -1.07456 ], [ 34.40816, -1.07439 ], [ 34.40809, -1.07416 ], [ 34.40794, -1.07395 ], [ 34.40773, -1.07381 ], [ 34.40762, -1.07362 ], [ 34.40755, -1.07353 ], [ 34.40745, -1.0735 ], [ 34.40745, -1.0735 ], [ 34.40727, -1.07352 ], [ 34.40727, -1.07352 ], [ 34.40727, -1.07352 ], [ 34.40713, -1.07351 ], [ 34.40703, -1.07344 ], [ 34.40696, -1.07333 ], [ 34.40685, -1.07311 ], [ 34.40677, -1.07276 ], [ 34.40667, -1.07263 ], [ 34.40652, -1.07256 ], [ 34.40634, -1.07247 ], [ 34.40616, -1.0723 ], [ 34.40607, -1.07205 ], [ 34.40597, -1.07194 ], [ 34.40587, -1.07184 ], [ 34.40577, -1.07178 ], [ 34.40551, -1.07173 ], [ 34.40536, -1.07164 ], [ 34.40525, -1.0715 ], [ 34.40511, -1.07118 ], [ 34.4048, -1.07084 ], [ 34.40448, -1.07037 ], [ 34.40426, -1.07004 ], [ 34.40377, -1.06965 ], [ 34.40339, -1.06946 ], [ 34.4031, -1.06925 ], [ 34.40276, -1.06879 ], [ 34.4022, -1.06814 ], [ 34.40198, -1.06758 ], [ 34.40193, -1.06733 ], [ 34.40172, -1.06695 ], [ 34.40163, -1.06688 ], [ 34.40154, -1.06681 ], [ 34.40148, -1.06677 ], [ 34.40141, -1.06673 ], [ 34.40134, -1.06669 ], [ 34.40119, -1.06662 ], [ 34.40112, -1.06658 ], [ 34.40106, -1.06654 ], [ 34.40101, -1.06651 ], [ 34.40092, -1.06644 ], [ 34.40084, -1.06638 ], [ 34.40078, -1.06631 ], [ 34.40071, -1.06625 ], [ 34.40067, -1.06621 ], [ 34.4006, -1.06611 ], [ 34.40056, -1.06606 ], [ 34.40054, -1.06604 ], [ 34.40051, -1.06602 ], [ 34.40048, -1.066 ], [ 34.40045, -1.06597 ], [ 34.40038, -1.06594 ], [ 34.40023, -1.06585 ], [ 34.40019, -1.06583 ], [ 34.40015, -1.0658 ], [ 34.40012, -1.06578 ], [ 34.40009, -1.06576 ], [ 34.40007, -1.06573 ], [ 34.40004, -1.0657 ], [ 34.40003, -1.06568 ], [ 34.39999, -1.06562 ], [ 34.39997, -1.06559 ], [ 34.39995, -1.06558 ], [ 34.39993, -1.06556 ], [ 34.39991, -1.06555 ], [ 34.39988, -1.06553 ], [ 34.39983, -1.06551 ], [ 34.3997, -1.06547 ], [ 34.39966, -1.06545 ], [ 34.39963, -1.06544 ], [ 34.39949, -1.06535 ], [ 34.39945, -1.06532 ], [ 34.39941, -1.0653 ], [ 34.39938, -1.06527 ], [ 34.39935, -1.06524 ], [ 34.39932, -1.06521 ], [ 34.3993, -1.06518 ], [ 34.39929, -1.06516 ], [ 34.39928, -1.06513 ], [ 34.39928, -1.06509 ], [ 34.39927, -1.06502 ], [ 34.39926, -1.06498 ], [ 34.39925, -1.06495 ], [ 34.39923, -1.06492 ], [ 34.39921, -1.06491 ], [ 34.3992, -1.06489 ], [ 34.39918, -1.06488 ], [ 34.39916, -1.06486 ], [ 34.3991, -1.06484 ], [ 34.39904, -1.06481 ], [ 34.399, -1.06479 ], [ 34.39895, -1.06478 ], [ 34.39889, -1.06478 ], [ 34.3988, -1.06477 ], [ 34.39877, -1.06477 ], [ 34.39877, -1.06477 ], [ 34.39874, -1.06477 ], [ 34.39861, -1.06478 ], [ 34.39856, -1.06478 ], [ 34.39856, -1.06478 ], [ 34.39853, -1.06478 ], [ 34.39851, -1.06477 ], [ 34.39848, -1.06477 ], [ 34.39846, -1.06476 ], [ 34.39845, -1.06475 ], [ 34.39843, -1.06474 ], [ 34.3984, -1.06471 ], [ 34.39838, -1.06468 ], [ 34.39832, -1.0646 ], [ 34.39829, -1.06456 ], [ 34.39824, -1.06452 ], [ 34.39819, -1.06447 ], [ 34.39813, -1.06443 ], [ 34.39807, -1.06438 ], [ 34.398, -1.06434 ], [ 34.39793, -1.06429 ], [ 34.39763, -1.06412 ], [ 34.39751, -1.06404 ], [ 34.39744, -1.06399 ], [ 34.39738, -1.06395 ], [ 34.39733, -1.0639 ], [ 34.39728, -1.06386 ], [ 34.39724, -1.06382 ], [ 34.39724, -1.06382 ], [ 34.39724, -1.06382 ], [ 34.39722, -1.06381 ], [ 34.39722, -1.06381 ], [ 34.39721, -1.0638 ], [ 34.39715, -1.06373 ], [ 34.39715, -1.06373 ], [ 34.39708, -1.06365 ], [ 34.39702, -1.06359 ], [ 34.39696, -1.06354 ], [ 34.3969, -1.06349 ], [ 34.39683, -1.06345 ], [ 34.39668, -1.06334 ], [ 34.39661, -1.06329 ], [ 34.39654, -1.06324 ], [ 34.39648, -1.06318 ], [ 34.39645, -1.06315 ], [ 34.39637, -1.06305 ], [ 34.39635, -1.06303 ], [ 34.39633, -1.063 ], [ 34.39627, -1.06296 ], [ 34.39622, -1.06292 ], [ 34.39615, -1.06288 ], [ 34.39608, -1.06285 ], [ 34.39605, -1.06284 ], [ 34.39602, -1.06282 ], [ 34.39586, -1.06278 ], [ 34.39582, -1.06277 ], [ 34.39579, -1.06275 ], [ 34.39571, -1.06272 ], [ 34.39568, -1.0627 ], [ 34.39565, -1.06268 ], [ 34.39563, -1.06266 ], [ 34.39562, -1.06265 ], [ 34.39561, -1.06264 ], [ 34.39561, -1.06261 ], [ 34.3956, -1.06257 ], [ 34.39559, -1.06248 ], [ 34.39559, -1.06245 ], [ 34.39558, -1.06243 ], [ 34.39557, -1.0624 ], [ 34.39555, -1.06237 ], [ 34.39553, -1.06233 ], [ 34.39551, -1.0623 ], [ 34.39549, -1.06227 ], [ 34.39546, -1.06223 ], [ 34.3954, -1.06216 ], [ 34.39534, -1.0621 ], [ 34.3953, -1.06206 ], [ 34.39526, -1.06203 ], [ 34.39523, -1.06201 ], [ 34.3952, -1.06198 ], [ 34.39516, -1.06197 ], [ 34.39513, -1.06196 ], [ 34.3951, -1.06195 ], [ 34.39509, -1.06195 ], [ 34.39508, -1.06196 ], [ 34.39505, -1.06197 ], [ 34.39502, -1.06198 ], [ 34.39495, -1.06202 ], [ 34.39491, -1.06204 ], [ 34.39489, -1.06204 ], [ 34.39488, -1.06204 ], [ 34.39486, -1.06204 ], [ 34.39485, -1.06204 ], [ 34.39483, -1.06203 ], [ 34.3948, -1.06202 ], [ 34.39477, -1.062 ], [ 34.39473, -1.06197 ], [ 34.3947, -1.06195 ], [ 34.39467, -1.06192 ], [ 34.39464, -1.06188 ], [ 34.39461, -1.06184 ], [ 34.3946, -1.06183 ], [ 34.39459, -1.0618 ], [ 34.39458, -1.06178 ], [ 34.39457, -1.06175 ], [ 34.39456, -1.0617 ], [ 34.39453, -1.06158 ], [ 34.39452, -1.06155 ], [ 34.39452, -1.06152 ], [ 34.3945, -1.0615 ], [ 34.39449, -1.06147 ], [ 34.39448, -1.06146 ], [ 34.39446, -1.06144 ], [ 34.39444, -1.06143 ], [ 34.39441, -1.06141 ], [ 34.39438, -1.0614 ], [ 34.39435, -1.06139 ], [ 34.39431, -1.06138 ], [ 34.39427, -1.06137 ], [ 34.39417, -1.06135 ], [ 34.39414, -1.06135 ], [ 34.39411, -1.06135 ], [ 34.394, -1.06137 ], [ 34.39396, -1.06137 ], [ 34.39394, -1.06137 ], [ 34.39392, -1.06137 ], [ 34.39391, -1.06136 ], [ 34.39389, -1.06135 ], [ 34.39388, -1.06134 ], [ 34.39386, -1.06132 ], [ 34.39385, -1.0613 ], [ 34.39384, -1.06127 ], [ 34.39383, -1.06124 ], [ 34.39382, -1.06122 ], [ 34.39381, -1.0612 ], [ 34.39381, -1.06117 ], [ 34.39382, -1.06116 ], [ 34.39382, -1.06114 ], [ 34.39386, -1.06108 ], [ 34.39387, -1.06106 ], [ 34.39388, -1.06104 ], [ 34.39388, -1.06102 ], [ 34.39387, -1.061 ], [ 34.39386, -1.06098 ], [ 34.39384, -1.06096 ], [ 34.39379, -1.06091 ], [ 34.39375, -1.06088 ], [ 34.39371, -1.06085 ], [ 34.39365, -1.06082 ], [ 34.39359, -1.06079 ], [ 34.39355, -1.06078 ], [ 34.39346, -1.06076 ], [ 34.39343, -1.06074 ], [ 34.39338, -1.06072 ], [ 34.39333, -1.06069 ], [ 34.39327, -1.06065 ], [ 34.39321, -1.0606 ], [ 34.39318, -1.06057 ], [ 34.39316, -1.06054 ], [ 34.39307, -1.06043 ], [ 34.39305, -1.0604 ], [ 34.39302, -1.06037 ], [ 34.39299, -1.06034 ], [ 34.39293, -1.0603 ], [ 34.39288, -1.06027 ], [ 34.39283, -1.06025 ], [ 34.39279, -1.06023 ], [ 34.39275, -1.06022 ], [ 34.39271, -1.06021 ], [ 34.39267, -1.06021 ], [ 34.39264, -1.06021 ], [ 34.39262, -1.06022 ], [ 34.39261, -1.06022 ], [ 34.39254, -1.06026 ], [ 34.39252, -1.06027 ], [ 34.39251, -1.06027 ], [ 34.39249, -1.06028 ], [ 34.39247, -1.06028 ], [ 34.39244, -1.06027 ], [ 34.39242, -1.06027 ], [ 34.39237, -1.06025 ], [ 34.39226, -1.06021 ], [ 34.39221, -1.06019 ], [ 34.39215, -1.06016 ], [ 34.39209, -1.06013 ], [ 34.39203, -1.0601 ], [ 34.39197, -1.06006 ], [ 34.39191, -1.06001 ], [ 34.39183, -1.05996 ], [ 34.39174, -1.05988 ], [ 34.39171, -1.05985 ], [ 34.39167, -1.05982 ], [ 34.39155, -1.0597 ], [ 34.39151, -1.05966 ], [ 34.39147, -1.05962 ], [ 34.39143, -1.05959 ], [ 34.39139, -1.05956 ], [ 34.39134, -1.05953 ], [ 34.39129, -1.05951 ], [ 34.39124, -1.05948 ], [ 34.39113, -1.05943 ], [ 34.391, -1.05938 ], [ 34.39089, -1.05934 ], [ 34.39073, -1.0593 ], [ 34.39058, -1.05925 ], [ 34.39054, -1.05924 ], [ 34.3905, -1.05923 ], [ 34.39048, -1.05923 ], [ 34.39045, -1.05923 ], [ 34.39036, -1.05924 ], [ 34.39033, -1.05924 ], [ 34.39029, -1.05924 ], [ 34.39027, -1.05923 ], [ 34.39025, -1.05923 ], [ 34.39022, -1.05922 ], [ 34.3902, -1.0592 ], [ 34.39018, -1.05919 ], [ 34.39013, -1.05915 ], [ 34.39007, -1.05908 ], [ 34.39005, -1.05907 ], [ 34.39003, -1.05904 ], [ 34.38996, -1.05894 ], [ 34.38993, -1.05891 ], [ 34.38989, -1.05887 ], [ 34.38985, -1.05883 ], [ 34.38981, -1.0588 ], [ 34.38976, -1.05878 ], [ 34.38974, -1.05877 ], [ 34.38972, -1.05876 ], [ 34.38964, -1.05874 ], [ 34.38961, -1.05873 ], [ 34.38958, -1.05872 ], [ 34.38956, -1.0587 ], [ 34.38954, -1.05868 ], [ 34.38952, -1.05865 ], [ 34.3895, -1.05861 ], [ 34.38949, -1.05857 ], [ 34.38948, -1.05854 ], [ 34.38948, -1.05852 ], [ 34.38949, -1.05843 ], [ 34.38949, -1.0584 ], [ 34.38948, -1.05838 ], [ 34.38947, -1.05835 ], [ 34.38946, -1.05833 ], [ 34.38943, -1.0583 ], [ 34.38941, -1.05827 ], [ 34.38934, -1.05822 ], [ 34.38932, -1.0582 ], [ 34.3893, -1.05819 ], [ 34.38927, -1.05817 ], [ 34.38924, -1.05815 ], [ 34.38916, -1.05812 ], [ 34.389, -1.05806 ], [ 34.38894, -1.05803 ], [ 34.3889, -1.05801 ], [ 34.38887, -1.05799 ], [ 34.38884, -1.05797 ], [ 34.38881, -1.05795 ], [ 34.38872, -1.05787 ], [ 34.38869, -1.05784 ], [ 34.38866, -1.05781 ], [ 34.38863, -1.05778 ], [ 34.38861, -1.05775 ], [ 34.38859, -1.05772 ], [ 34.38857, -1.05769 ], [ 34.38856, -1.05766 ], [ 34.38854, -1.05762 ], [ 34.38853, -1.05757 ], [ 34.38852, -1.05752 ], [ 34.38851, -1.05748 ], [ 34.38851, -1.05744 ], [ 34.38851, -1.05739 ], [ 34.38852, -1.05729 ], [ 34.38852, -1.05725 ], [ 34.38851, -1.0572 ], [ 34.3885, -1.05716 ], [ 34.3885, -1.05714 ], [ 34.38849, -1.05712 ], [ 34.38847, -1.0571 ], [ 34.38846, -1.05707 ], [ 34.38842, -1.05703 ], [ 34.38834, -1.05694 ], [ 34.38831, -1.0569 ], [ 34.38828, -1.05686 ], [ 34.38826, -1.05682 ], [ 34.38821, -1.05673 ], [ 34.38819, -1.05669 ], [ 34.38819, -1.05667 ], [ 34.38818, -1.05665 ], [ 34.38818, -1.05664 ], [ 34.38818, -1.05662 ], [ 34.38819, -1.0566 ], [ 34.38821, -1.05655 ], [ 34.38822, -1.05653 ], [ 34.38823, -1.05648 ], [ 34.38823, -1.05643 ], [ 34.38823, -1.05638 ], [ 34.38822, -1.05633 ], [ 34.38821, -1.0563 ], [ 34.3882, -1.05627 ], [ 34.38818, -1.05625 ], [ 34.38815, -1.05622 ], [ 34.38813, -1.05619 ], [ 34.3881, -1.05617 ], [ 34.388, -1.05609 ], [ 34.38796, -1.05606 ], [ 34.38792, -1.05603 ], [ 34.3879, -1.056 ], [ 34.38787, -1.05596 ], [ 34.3878, -1.05587 ], [ 34.38778, -1.05584 ], [ 34.38776, -1.05582 ], [ 34.38774, -1.0558 ], [ 34.38772, -1.05578 ], [ 34.38769, -1.05576 ], [ 34.38766, -1.05575 ], [ 34.3876, -1.05572 ], [ 34.38748, -1.05568 ], [ 34.38743, -1.05566 ], [ 34.38738, -1.05564 ], [ 34.38734, -1.05561 ], [ 34.38726, -1.05555 ], [ 34.38718, -1.05548 ], [ 34.3871, -1.05541 ], [ 34.38703, -1.05533 ], [ 34.38697, -1.05526 ], [ 34.38694, -1.05521 ], [ 34.3869, -1.05517 ], [ 34.38688, -1.05512 ], [ 34.38686, -1.05508 ], [ 34.38685, -1.05503 ], [ 34.38683, -1.05499 ], [ 34.38683, -1.05496 ], [ 34.38682, -1.05493 ], [ 34.38682, -1.0549 ], [ 34.38683, -1.05477 ], [ 34.38683, -1.05472 ], [ 34.38683, -1.0547 ], [ 34.38682, -1.05467 ], [ 34.38681, -1.05461 ], [ 34.38678, -1.05454 ], [ 34.38673, -1.05441 ], [ 34.3867, -1.05435 ], [ 34.38669, -1.05429 ], [ 34.38667, -1.05423 ], [ 34.38667, -1.0542 ], [ 34.38667, -1.05416 ], [ 34.38667, -1.054 ], [ 34.38667, -1.05396 ], [ 34.38667, -1.05393 ], [ 34.38665, -1.05385 ], [ 34.38663, -1.05377 ], [ 34.38661, -1.0537 ], [ 34.38659, -1.05364 ], [ 34.38656, -1.05359 ], [ 34.38654, -1.05355 ], [ 34.3865, -1.05351 ], [ 34.38646, -1.05346 ], [ 34.38642, -1.05342 ], [ 34.38637, -1.05337 ], [ 34.3862, -1.05322 ], [ 34.38614, -1.05317 ], [ 34.38608, -1.05311 ], [ 34.38601, -1.05306 ], [ 34.38592, -1.053 ], [ 34.38582, -1.05292 ], [ 34.3857, -1.05284 ], [ 34.38556, -1.05276 ], [ 34.3854, -1.05267 ], [ 34.3852, -1.05256 ], [ 34.3851, -1.05251 ], [ 34.38501, -1.05246 ], [ 34.38492, -1.05241 ], [ 34.38483, -1.05237 ], [ 34.38473, -1.05233 ], [ 34.38465, -1.0523 ], [ 34.38451, -1.05225 ], [ 34.38442, -1.05222 ], [ 34.38435, -1.0522 ], [ 34.38427, -1.05218 ], [ 34.38418, -1.05217 ], [ 34.38405, -1.05216 ], [ 34.38399, -1.05215 ], [ 34.38392, -1.05215 ], [ 34.38385, -1.05215 ], [ 34.38377, -1.05216 ], [ 34.3837, -1.05216 ], [ 34.38363, -1.05217 ], [ 34.38329, -1.05223 ], [ 34.3832, -1.05224 ], [ 34.38312, -1.05224 ], [ 34.38304, -1.05225 ], [ 34.38296, -1.05224 ], [ 34.38289, -1.05224 ], [ 34.38282, -1.05222 ], [ 34.38271, -1.0522 ], [ 34.38266, -1.05219 ], [ 34.38262, -1.05218 ], [ 34.38258, -1.05216 ], [ 34.38254, -1.05213 ], [ 34.38251, -1.0521 ], [ 34.38247, -1.05207 ], [ 34.38243, -1.05202 ], [ 34.38241, -1.05198 ], [ 34.38238, -1.05194 ], [ 34.38236, -1.05192 ], [ 34.38235, -1.0519 ], [ 34.38234, -1.05187 ], [ 34.38233, -1.05184 ], [ 34.38232, -1.05178 ], [ 34.3823, -1.05165 ], [ 34.38228, -1.05158 ], [ 34.38227, -1.05155 ], [ 34.38226, -1.05153 ], [ 34.38225, -1.05151 ], [ 34.38223, -1.05149 ], [ 34.3822, -1.05145 ], [ 34.38217, -1.05141 ], [ 34.38213, -1.05138 ], [ 34.3821, -1.05136 ], [ 34.38205, -1.05133 ], [ 34.382, -1.0513 ], [ 34.38194, -1.05128 ], [ 34.38184, -1.05125 ], [ 34.38178, -1.05124 ], [ 34.38173, -1.05123 ], [ 34.38167, -1.05121 ], [ 34.38161, -1.05121 ], [ 34.38152, -1.0512 ], [ 34.38144, -1.05119 ], [ 34.38136, -1.05119 ], [ 34.38129, -1.0512 ], [ 34.3812, -1.05121 ], [ 34.38112, -1.05123 ], [ 34.38104, -1.05125 ], [ 34.38098, -1.05128 ], [ 34.38095, -1.05129 ], [ 34.38093, -1.05131 ], [ 34.38084, -1.05138 ], [ 34.38081, -1.0514 ], [ 34.38079, -1.05141 ], [ 34.38084, -1.0492 ], [ 34.38075, -1.04827 ], [ 34.38075, -1.04771 ], [ 34.38079, -1.04604 ], [ 34.38103, -1.04553 ], [ 34.38091, -1.04455 ], [ 34.38079, -1.04283 ], [ 34.38079, -1.04227 ], [ 34.38079, -1.04111 ], [ 34.38107, -1.04005 ], [ 34.38191, -1.03897 ], [ 34.38233, -1.03785 ], [ 34.38238, -1.03683 ], [ 34.38238, -1.03599 ], [ 34.38177, -1.03488 ], [ 34.3815, -1.03398 ], [ 34.38079, -1.03283 ], [ 34.38014, -1.0319 ], [ 34.37959, -1.03074 ], [ 34.37903, -1.02953 ], [ 34.37888, -1.02836 ], [ 34.37888, -1.02837 ], [ 34.37887, -1.02789 ], [ 34.37892, -1.02736 ], [ 34.37917, -1.02709 ], [ 34.37945, -1.02685 ], [ 34.37978, -1.02657 ], [ 34.37996, -1.02643 ], [ 34.38037, -1.02612 ], [ 34.38077, -1.0258 ], [ 34.3812, -1.02542 ], [ 34.38165, -1.02498 ], [ 34.38196, -1.0246 ], [ 34.38223, -1.02417 ], [ 34.38237, -1.02384 ], [ 34.3825, -1.02344 ], [ 34.38265, -1.02293 ], [ 34.3827, -1.0226 ], [ 34.38279, -1.0223 ], [ 34.38291, -1.02212 ], [ 34.3833, -1.02153 ], [ 34.38353, -1.02112 ], [ 34.38367, -1.02085 ], [ 34.38371, -1.02052 ], [ 34.38387, -1.02022 ], [ 34.38395, -1.01996 ], [ 34.38404, -1.01971 ], [ 34.38425, -1.01924 ], [ 34.38447, -1.01883 ], [ 34.38463, -1.01844 ], [ 34.38466, -1.01821 ], [ 34.3847, -1.01752 ], [ 34.38475, -1.01616 ], [ 34.38484, -1.01515 ], [ 34.38486, -1.01483 ], [ 34.38498, -1.01455 ], [ 34.3851, -1.01437 ], [ 34.38517, -1.01418 ], [ 34.38522, -1.01395 ], [ 34.38522, -1.01371 ], [ 34.38518, -1.01344 ], [ 34.38511, -1.01326 ], [ 34.38495, -1.01308 ], [ 34.38477, -1.01286 ], [ 34.38465, -1.01272 ], [ 34.38445, -1.0125 ], [ 34.38428, -1.01227 ], [ 34.38428, -1.01227 ], [ 34.38428, -1.01226 ], [ 34.38412, -1.01225 ], [ 34.38399, -1.01218 ], [ 34.38389, -1.01212 ], [ 34.38367, -1.012 ], [ 34.38345, -1.01185 ], [ 34.38312, -1.01164 ], [ 34.38286, -1.0114 ], [ 34.38259, -1.01121 ], [ 34.38254, -1.01118 ], [ 34.38254, -1.01118 ], [ 34.38239, -1.0111 ], [ 34.382, -1.01088 ], [ 34.38136, -1.01045 ], [ 34.38026, -1.00981 ], [ 34.3798, -1.00957 ], [ 34.37945, -1.00948 ], [ 34.3792, -1.00947 ], [ 34.37885, -1.00951 ], [ 34.37832, -1.00982 ], [ 34.37813, -1.01007 ], [ 34.37807, -1.01039 ], [ 34.37808, -1.01086 ], [ 34.37816, -1.01124 ], [ 34.37825, -1.01143 ], [ 34.3784, -1.01181 ], [ 34.37869, -1.01237 ], [ 34.37876, -1.01273 ], [ 34.37874, -1.01294 ], [ 34.37867, -1.01315 ], [ 34.37839, -1.01333 ], [ 34.37817, -1.01348 ], [ 34.37764, -1.01359 ], [ 34.37743, -1.01358 ], [ 34.37703, -1.01344 ], [ 34.37674, -1.01324 ], [ 34.37637, -1.01311 ], [ 34.376, -1.01286 ], [ 34.37573, -1.01255 ], [ 34.37558, -1.01226 ], [ 34.37543, -1.012 ], [ 34.37526, -1.01168 ], [ 34.37509, -1.01132 ], [ 34.37485, -1.01092 ], [ 34.37454, -1.01073 ], [ 34.37416, -1.01066 ], [ 34.37395, -1.01067 ], [ 34.37372, -1.01082 ], [ 34.37354, -1.0111 ], [ 34.37337, -1.01146 ], [ 34.37324, -1.01186 ], [ 34.37312, -1.0123 ], [ 34.37297, -1.01279 ], [ 34.37286, -1.01348 ], [ 34.37279, -1.01386 ], [ 34.37266, -1.01413 ], [ 34.3726, -1.01441 ], [ 34.37246, -1.01454 ], [ 34.37215, -1.01469 ], [ 34.372, -1.01472 ], [ 34.37179, -1.01466 ], [ 34.37164, -1.01454 ], [ 34.37145, -1.01434 ], [ 34.37137, -1.01417 ], [ 34.37116, -1.01394 ], [ 34.37095, -1.01353 ], [ 34.37089, -1.01335 ], [ 34.37081, -1.01304 ], [ 34.37075, -1.01268 ], [ 34.37067, -1.01234 ], [ 34.37064, -1.01149 ], [ 34.37062, -1.01096 ], [ 34.3706, -1.01016 ], [ 34.37054, -1.00962 ], [ 34.37042, -1.00941 ], [ 34.37017, -1.00932 ], [ 34.36993, -1.00939 ], [ 34.36985, -1.00942 ], [ 34.36943, -1.00961 ], [ 34.36909, -1.00978 ], [ 34.36866, -1.00995 ], [ 34.36816, -1.01019 ], [ 34.36786, -1.01036 ], [ 34.36767, -1.01054 ], [ 34.36743, -1.01084 ], [ 34.36729, -1.01115 ], [ 34.36705, -1.01144 ], [ 34.36684, -1.01158 ], [ 34.3667, -1.0116 ], [ 34.3667, -1.0116 ], [ 34.3667, -1.0116 ], [ 34.3667, -1.0116 ], [ 34.36654, -1.01163 ], [ 34.36628, -1.01158 ], [ 34.36602, -1.01148 ], [ 34.36576, -1.01122 ], [ 34.36561, -1.01107 ], [ 34.36531, -1.01064 ], [ 34.36502, -1.01026 ], [ 34.36473, -1.00982 ], [ 34.36449, -1.00955 ], [ 34.36418, -1.00925 ], [ 34.36395, -1.00912 ], [ 34.36375, -1.00912 ], [ 34.36361, -1.0091 ], [ 34.36346, -1.00903 ], [ 34.36316, -1.00879 ], [ 34.36291, -1.0086 ], [ 34.36231, -1.00821 ], [ 34.36214, -1.00814 ], [ 34.36195, -1.00805 ], [ 34.36166, -1.00802 ], [ 34.36141, -1.00802 ], [ 34.36106, -1.00818 ], [ 34.36078, -1.0084 ], [ 34.36049, -1.00867 ], [ 34.36029, -1.00894 ], [ 34.36005, -1.00928 ], [ 34.35989, -1.0096 ], [ 34.35976, -1.00988 ], [ 34.35964, -1.01023 ], [ 34.35965, -1.01064 ], [ 34.35969, -1.01102 ], [ 34.35983, -1.01134 ], [ 34.35995, -1.01164 ], [ 34.36006, -1.012 ], [ 34.36008, -1.01225 ], [ 34.36004, -1.01236 ], [ 34.35978, -1.01243 ], [ 34.35939, -1.0125 ], [ 34.35909, -1.01241 ], [ 34.35887, -1.01232 ], [ 34.35877, -1.01213 ], [ 34.35869, -1.01176 ], [ 34.35863, -1.01149 ], [ 34.35848, -1.01123 ], [ 34.35827, -1.01108 ], [ 34.35801, -1.011 ], [ 34.35776, -1.01098 ], [ 34.35747, -1.01096 ], [ 34.35728, -1.01093 ], [ 34.35708, -1.01088 ], [ 34.35689, -1.01081 ], [ 34.35675, -1.01072 ], [ 34.35667, -1.01064 ], [ 34.3566, -1.01051 ], [ 34.35656, -1.0104 ], [ 34.35646, -1.01009 ], [ 34.35631, -1.00976 ], [ 34.35623, -1.00951 ], [ 34.35616, -1.00932 ], [ 34.35608, -1.00892 ], [ 34.3559, -1.00856 ], [ 34.35573, -1.00834 ], [ 34.35553, -1.00817 ], [ 34.35517, -1.00799 ], [ 34.35485, -1.00798 ], [ 34.35441, -1.00792 ], [ 34.35389, -1.00794 ], [ 34.3536, -1.00793 ], [ 34.3533, -1.00796 ], [ 34.35311, -1.00801 ], [ 34.35273, -1.00814 ], [ 34.35202, -1.0084 ], [ 34.35165, -1.00853 ], [ 34.35139, -1.00864 ], [ 34.35077, -1.0089 ], [ 34.35031, -1.00914 ], [ 34.35004, -1.00934 ], [ 34.3498, -1.00962 ], [ 34.34952, -1.00986 ], [ 34.34935, -1.00996 ], [ 34.34911, -1.00988 ], [ 34.34891, -1.00973 ], [ 34.34872, -1.00951 ], [ 34.34846, -1.00902 ], [ 34.34843, -1.00903 ], [ 34.34838, -1.00887 ], [ 34.34827, -1.00846 ], [ 34.34816, -1.00817 ], [ 34.34796, -1.00767 ], [ 34.34774, -1.00711 ], [ 34.34766, -1.00684 ], [ 34.34762, -1.00658 ], [ 34.34762, -1.00658 ], [ 34.34763, -1.00657 ], [ 34.34762, -1.00649 ], [ 34.34762, -1.00642 ], [ 34.34761, -1.00605 ], [ 34.34761, -1.00596 ], [ 34.34761, -1.00584 ], [ 34.34761, -1.00574 ], [ 34.34742, -1.00552 ], [ 34.34716, -1.0054 ], [ 34.34694, -1.00528 ], [ 34.34672, -1.00519 ], [ 34.34641, -1.00508 ], [ 34.34601, -1.00495 ], [ 34.34571, -1.00485 ], [ 34.34536, -1.00478 ], [ 34.34507, -1.00469 ], [ 34.34456, -1.00459 ], [ 34.34415, -1.00443 ], [ 34.34375, -1.00433 ], [ 34.3434, -1.00423 ], [ 34.34309, -1.00412 ], [ 34.34283, -1.00403 ], [ 34.34241, -1.00387 ], [ 34.34213, -1.00382 ], [ 34.34198, -1.00378 ], [ 34.34177, -1.00375 ], [ 34.34161, -1.00372 ], [ 34.34144, -1.00358 ], [ 34.34123, -1.00337 ], [ 34.3411, -1.00323 ], [ 34.34108, -1.00308 ], [ 34.34108, -1.00305 ], [ 34.3411, -1.00296 ], [ 34.34111, -1.00291 ], [ 34.34115, -1.00271 ], [ 34.34115, -1.00264 ], [ 34.34115, -1.00263 ], [ 34.34115, -1.00262 ], [ 34.34114, -1.00191 ], [ 34.34113, -1.00138 ], [ 34.34108, -1.00089 ], [ 34.34067, -1.00057 ], [ 34.33997, -1.00029 ], [ 34.33892, -0.99995 ], [ 34.33822, -0.99976 ], [ 34.33713, -0.9996 ], [ 34.3366, -0.99956 ], [ 34.33621, -0.9997 ], [ 34.33582, -1.00015 ], [ 34.33558, -1.00056 ], [ 34.33553, -1.00065 ], [ 34.33553, -1.00066 ], [ 34.33552, -1.00068 ], [ 34.33547, -1.00076 ], [ 34.33482, -1.00129 ], [ 34.33441, -1.00115 ], [ 34.33419, -1.00087 ], [ 34.33394, -1.00041 ], [ 34.33387, -1.00022 ], [ 34.33376, -0.9999 ], [ 34.33373, -0.99949 ], [ 34.33369, -0.99916 ], [ 34.3339, -0.99882 ], [ 34.3345, -0.99857 ], [ 34.33515, -0.99819 ], [ 34.33566, -0.99766 ], [ 34.336, -0.99683 ], [ 34.33609, -0.99593 ], [ 34.33603, -0.99535 ], [ 34.33598, -0.99472 ], [ 34.33642, -0.99451 ], [ 34.33676, -0.99451 ], [ 34.33733, -0.99484 ], [ 34.33794, -0.99535 ], [ 34.33823, -0.99537 ], [ 34.33845, -0.99508 ], [ 34.33883, -0.99423 ], [ 34.33902, -0.99391 ], [ 34.33946, -0.99346 ], [ 34.34023, -0.99293 ], [ 34.34092, -0.99289 ], [ 34.34161, -0.99257 ], [ 34.34196, -0.99224 ], [ 34.34262, -0.99205 ], [ 34.34343, -0.99169 ], [ 34.34425, -0.99141 ], [ 34.34466, -0.99088 ], [ 34.34502, -0.99059 ], [ 34.34537, -0.99054 ], [ 34.34573, -0.99084 ], [ 34.34612, -0.9906 ], [ 34.34632, -0.99034 ], [ 34.34689, -0.98934 ], [ 34.34776, -0.98865 ], [ 34.34821, -0.9879 ], [ 34.34886, -0.98683 ], [ 34.3493, -0.98658 ], [ 34.34973, -0.9864 ], [ 34.34969, -0.98631 ], [ 34.34981, -0.98636 ], [ 34.34985, -0.98638 ], [ 34.35, -0.98645 ], [ 34.3505, -0.98667 ], [ 34.3507, -0.98674 ], [ 34.35092, -0.9868 ], [ 34.35116, -0.98685 ], [ 34.35143, -0.98689 ], [ 34.35169, -0.98694 ], [ 34.35196, -0.98696 ], [ 34.35231, -0.98703 ], [ 34.3525, -0.98705 ], [ 34.35274, -0.9871 ], [ 34.35301, -0.98699 ], [ 34.35309, -0.98692 ], [ 34.35322, -0.98676 ], [ 34.35332, -0.98663 ], [ 34.35349, -0.98626 ], [ 34.35367, -0.98588 ], [ 34.35378, -0.98571 ], [ 34.35405, -0.98549 ], [ 34.35421, -0.98531 ], [ 34.35432, -0.98515 ], [ 34.35436, -0.98498 ], [ 34.35453, -0.98481 ], [ 34.35473, -0.9846 ], [ 34.3551, -0.98417 ], [ 34.35549, -0.98357 ], [ 34.35579, -0.9831 ], [ 34.35605, -0.98278 ], [ 34.35632, -0.98242 ], [ 34.3566, -0.98203 ], [ 34.35674, -0.98191 ], [ 34.35688, -0.98189 ], [ 34.35706, -0.98189 ], [ 34.35708, -0.98066 ], [ 34.35734, -0.97963 ], [ 34.35765, -0.97758 ], [ 34.35779, -0.97639 ], [ 34.3578, -0.9763 ], [ 34.35835, -0.97691 ], [ 34.35914, -0.97766 ], [ 34.36244, -0.97981 ], [ 34.36522, -0.98149 ], [ 34.36653, -0.98228 ], [ 34.36656, -0.9823 ], [ 34.36737, -0.98285 ], [ 34.36884, -0.98474 ], [ 34.37053, -0.98638 ], [ 34.37175, -0.98733 ], [ 34.37195, -0.98825 ], [ 34.37306, -0.98995 ], [ 34.37302, -0.99007 ], [ 34.37314, -0.99025 ], [ 34.37339, -0.99051 ], [ 34.37372, -0.99087 ], [ 34.37397, -0.99067 ], [ 34.37482, -0.99067 ], [ 34.37534, -0.99119 ], [ 34.376, -0.99191 ], [ 34.37621, -0.9921 ], [ 34.37671, -0.99214 ], [ 34.37797, -0.9924 ], [ 34.37874, -0.99321 ], [ 34.37907, -0.99355 ], [ 34.37956, -0.99431 ], [ 34.38038, -0.99472 ], [ 34.38077, -0.99479 ], [ 34.38136, -0.99479 ], [ 34.38175, -0.99459 ], [ 34.38182, -0.99409 ], [ 34.38192, -0.99345 ], [ 34.38213, -0.9931 ], [ 34.38251, -0.99247 ], [ 34.38305, -0.99198 ], [ 34.38339, -0.99159 ], [ 34.38376, -0.99155 ], [ 34.38515, -0.99149 ], [ 34.38557, -0.99231 ], [ 34.38686, -0.99321 ], [ 34.38774, -0.99419 ], [ 34.38858, -0.99472 ], [ 34.38911, -0.99516 ], [ 34.38934, -0.99519 ], [ 34.38954, -0.99579 ], [ 34.38966, -0.99648 ], [ 34.38972, -0.99664 ], [ 34.39102, -0.99742 ], [ 34.39318, -0.99913 ], [ 34.39383, -0.9996 ], [ 34.39602, -1.00118 ], [ 34.39763, -1.00192 ], [ 34.39905, -1.0027 ], [ 34.3995, -1.00318 ], [ 34.40013, -1.00383 ], [ 34.4014, -1.0052 ], [ 34.40252, -1.00618 ], [ 34.40273, -1.00633 ], [ 34.40292, -1.00647 ], [ 34.40328, -1.00663 ], [ 34.40404, -1.00696 ], [ 34.40439, -1.00703 ], [ 34.40439, -1.00703 ], [ 34.40507, -1.00715 ], [ 34.40615, -1.00711 ], [ 34.40635, -1.00703 ], [ 34.40766, -1.00652 ], [ 34.40815, -1.00578 ], [ 34.40845, -1.00505 ], [ 34.40864, -1.00397 ], [ 34.40862, -1.00392 ], [ 34.4083, -1.00299 ], [ 34.40766, -1.00187 ], [ 34.40742, -1.0005 ], [ 34.40703, -1.00001 ], [ 34.40673, -0.99957 ], [ 34.40668, -0.99893 ], [ 34.40698, -0.998 ], [ 34.40776, -0.998 ], [ 34.40854, -0.99805 ], [ 34.40962, -0.99792 ], [ 34.41011, -0.99786 ], [ 34.41089, -0.99791 ], [ 34.41168, -0.99791 ], [ 34.41232, -0.99791 ], [ 34.41232, -0.99791 ], [ 34.41241, -0.99791 ], [ 34.41241, -0.99821 ], [ 34.4132, -0.99785 ], [ 34.41344, -0.99774 ], [ 34.41529, -0.99769 ], [ 34.4173, -0.99728 ], [ 34.4183, -0.99728 ], [ 34.41957, -0.99728 ], [ 34.42132, -0.99728 ], [ 34.42302, -0.99687 ], [ 34.42426, -0.9964 ], [ 34.42444, -0.99635 ], [ 34.42529, -0.99609 ], [ 34.42684, -0.9962 ], [ 34.42811, -0.99633 ], [ 34.42895, -0.99619 ], [ 34.43106, -0.99644 ], [ 34.43355, -0.99693 ], [ 34.43527, -0.99717 ], [ 34.43634, -0.99751 ], [ 34.43713, -0.99776 ], [ 34.43762, -0.99815 ], [ 34.4385, -0.99859 ], [ 34.43932, -0.99896 ], [ 34.43938, -0.99898 ], [ 34.4408, -0.99952 ], [ 34.44187, -0.99981 ], [ 34.44329, -1.00013 ], [ 34.44428, -1.00021 ], [ 34.44521, -1.00031 ], [ 34.44639, -1.00066 ], [ 34.44687, -1.00094 ], [ 34.44697, -1.00098 ], [ 34.44895, -1.0014 ], [ 34.44918, -1.00146 ], [ 34.44952, -1.00156 ], [ 34.44964, -1.00179 ], [ 34.45075, -1.00284 ], [ 34.45196, -1.00398 ], [ 34.45313, -1.0046 ], [ 34.45421, -1.00509 ], [ 34.4544, -1.0051 ], [ 34.45483, -1.00512 ], [ 34.45583, -1.00491 ], [ 34.45668, -1.00485 ], [ 34.45673, -1.00485 ], [ 34.45673, -1.00481 ], [ 34.45726, -1.00476 ], [ 34.45751, -1.0046 ], [ 34.45802, -1.00451 ], [ 34.45844, -1.00444 ], [ 34.4595, -1.00402 ], [ 34.46109, -1.00353 ], [ 34.46143, -1.00347 ], [ 34.46201, -1.00337 ], [ 34.46224, -1.00332 ], [ 34.46327, -1.00305 ], [ 34.46393, -1.00294 ], [ 34.46386, -1.00315 ], [ 34.46388, -1.00315 ], [ 34.46318, -1.00524 ], [ 34.46311, -1.00539 ], [ 34.46274, -1.00617 ], [ 34.46227, -1.00744 ], [ 34.46386, -1.00775 ], [ 34.4649, -1.00806 ], [ 34.46537, -1.00812 ], [ 34.46584, -1.00817 ], [ 34.46604, -1.00841 ], [ 34.46916, -1.00914 ], [ 34.47518, -1.01086 ], [ 34.47544, -1.01093 ], [ 34.47604, -1.01105 ], [ 34.47705, -1.01127 ], [ 34.47803, -1.01142 ], [ 34.47854, -1.01149 ], [ 34.48006, -1.01187 ], [ 34.48286, -1.01263 ], [ 34.48432, -1.01272 ], [ 34.48435, -1.01272 ], [ 34.48726, -1.01405 ], [ 34.48836, -1.01429 ], [ 34.48861, -1.01426 ], [ 34.48938, -1.01448 ], [ 34.48962, -1.01454 ], [ 34.49307, -1.0154 ], [ 34.49443, -1.01584 ], [ 34.4959, -1.01625 ], [ 34.49599, -1.01627 ], [ 34.49692, -1.01666 ], [ 34.49816, -1.01709 ], [ 34.49977, -1.01741 ], [ 34.50014, -1.01779 ], [ 34.50078, -1.01842 ], [ 34.501, -1.01862 ], [ 34.50228, -1.01972 ], [ 34.5038, -1.02059 ], [ 34.50447, -1.02075 ], [ 34.50461, -1.02078 ], [ 34.50465, -1.0208 ], [ 34.5048, -1.02085 ], [ 34.50485, -1.02087 ], [ 34.5049, -1.02089 ], [ 34.50495, -1.02091 ], [ 34.50498, -1.02093 ], [ 34.50502, -1.02096 ], [ 34.50504, -1.02099 ], [ 34.50506, -1.02102 ], [ 34.50508, -1.02106 ], [ 34.50509, -1.0211 ], [ 34.50511, -1.02113 ], [ 34.50512, -1.02117 ], [ 34.50512, -1.02121 ], [ 34.50512, -1.02125 ], [ 34.50512, -1.0213 ], [ 34.50512, -1.02134 ], [ 34.50511, -1.02139 ], [ 34.5051, -1.02144 ], [ 34.50508, -1.0215 ], [ 34.50506, -1.02155 ], [ 34.50504, -1.0216 ], [ 34.50501, -1.02165 ], [ 34.50498, -1.02169 ], [ 34.5049, -1.02178 ], [ 34.50487, -1.02182 ], [ 34.50484, -1.02187 ], [ 34.50482, -1.0219 ], [ 34.50482, -1.02191 ], [ 34.50477, -1.02199 ], [ 34.50476, -1.02202 ], [ 34.50474, -1.02206 ], [ 34.50474, -1.0221 ], [ 34.50474, -1.02213 ], [ 34.50474, -1.02217 ], [ 34.50476, -1.02221 ], [ 34.50478, -1.02228 ], [ 34.50479, -1.0223 ], [ 34.50481, -1.02233 ], [ 34.50488, -1.02245 ], [ 34.5049, -1.02248 ], [ 34.50491, -1.0225 ], [ 34.50493, -1.02255 ], [ 34.50494, -1.02261 ], [ 34.50494, -1.02261 ], [ 34.50586, -1.02334 ], [ 34.50588, -1.02335 ], [ 34.50661, -1.02381 ], [ 34.50674, -1.02393 ], [ 34.50734, -1.02428 ], [ 34.50898, -1.02532 ], [ 34.51014, -1.02606 ], [ 34.51019, -1.0261 ], [ 34.51024, -1.02614 ], [ 34.51029, -1.02618 ], [ 34.51034, -1.02622 ], [ 34.51039, -1.02625 ], [ 34.51044, -1.02628 ], [ 34.51048, -1.0263 ], [ 34.51053, -1.02633 ], [ 34.51057, -1.02634 ], [ 34.51061, -1.02635 ], [ 34.51074, -1.02639 ], [ 34.51079, -1.0264 ], [ 34.51083, -1.02641 ], [ 34.51086, -1.02642 ], [ 34.51091, -1.02645 ], [ 34.51096, -1.02649 ], [ 34.51101, -1.02653 ], [ 34.51112, -1.02662 ], [ 34.51117, -1.02665 ], [ 34.51137, -1.0268 ], [ 34.51152, -1.02689 ], [ 34.51168, -1.027 ], [ 34.51223, -1.02734 ], [ 34.51243, -1.02747 ], [ 34.51251, -1.02752 ], [ 34.51269, -1.02763 ], [ 34.51296, -1.02782 ], [ 34.51381, -1.02839 ], [ 34.51477, -1.02903 ], [ 34.51496, -1.02917 ], [ 34.51517, -1.02931 ], [ 34.51594, -1.02986 ], [ 34.51625, -1.03008 ], [ 34.51657, -1.0303 ], [ 34.51686, -1.03049 ], [ 34.51719, -1.0307 ], [ 34.51761, -1.03096 ], [ 34.51929, -1.03213 ], [ 34.52082, -1.0331 ], [ 34.52094, -1.03318 ], [ 34.5214, -1.03349 ], [ 34.5221, -1.03395 ], [ 34.52225, -1.03404 ], [ 34.52247, -1.03418 ], [ 34.52263, -1.03429 ], [ 34.52282, -1.03442 ], [ 34.52303, -1.03457 ], [ 34.52322, -1.03472 ], [ 34.52366, -1.03506 ], [ 34.52387, -1.03522 ], [ 34.52406, -1.03535 ], [ 34.52424, -1.03548 ], [ 34.5244, -1.03557 ], [ 34.52475, -1.03579 ], [ 34.5249, -1.03589 ], [ 34.52494, -1.03591 ], [ 34.52499, -1.03595 ], [ 34.5252, -1.03607 ], [ 34.52529, -1.03612 ], [ 34.52534, -1.03616 ], [ 34.52539, -1.0362 ], [ 34.52543, -1.03623 ], [ 34.52547, -1.03627 ], [ 34.5255, -1.0363 ], [ 34.52555, -1.03637 ], [ 34.52557, -1.0364 ], [ 34.5256, -1.03642 ], [ 34.52562, -1.03644 ], [ 34.52842, -1.03823 ], [ 34.52957, -1.03895 ], [ 34.53, -1.03921 ], [ 34.53222, -1.04053 ], [ 34.5328, -1.04084 ], [ 34.53379, -1.04136 ], [ 34.53511, -1.04206 ], [ 34.53542, -1.04222 ], [ 34.53545, -1.04225 ], [ 34.5355, -1.0423 ], [ 34.53595, -1.04271 ], [ 34.5362, -1.04326 ], [ 34.53646, -1.0435 ], [ 34.53681, -1.04383 ], [ 34.53715, -1.04369 ], [ 34.53725, -1.04348 ], [ 34.53733, -1.04314 ], [ 34.53737, -1.04298 ], [ 34.53754, -1.04299 ], [ 34.53809, -1.04236 ], [ 34.5381, -1.04236 ], [ 34.53849, -1.04176 ], [ 34.53848, -1.04186 ], [ 34.53848, -1.04188 ], [ 34.53848, -1.0419 ], [ 34.53848, -1.04192 ], [ 34.53849, -1.04194 ], [ 34.5385, -1.04196 ], [ 34.53855, -1.04204 ], [ 34.53856, -1.04206 ], [ 34.53857, -1.04209 ], [ 34.53859, -1.04215 ], [ 34.5386, -1.04218 ], [ 34.53862, -1.0422 ], [ 34.53863, -1.04222 ], [ 34.53865, -1.04223 ], [ 34.53866, -1.04224 ], [ 34.53867, -1.04224 ], [ 34.53868, -1.04225 ], [ 34.53871, -1.04225 ], [ 34.53876, -1.04226 ], [ 34.53883, -1.04226 ], [ 34.53886, -1.04226 ], [ 34.53889, -1.04227 ], [ 34.53894, -1.04227 ], [ 34.53899, -1.04227 ], [ 34.53917, -1.04228 ], [ 34.53923, -1.04228 ], [ 34.53945, -1.0423 ], [ 34.53953, -1.0423 ], [ 34.53959, -1.04231 ], [ 34.5396, -1.04231 ], [ 34.53966, -1.04232 ], [ 34.53973, -1.04233 ], [ 34.53973, -1.04233 ], [ 34.53974, -1.04233 ], [ 34.53974, -1.04233 ], [ 34.53974, -1.04233 ], [ 34.53978, -1.04234 ], [ 34.53982, -1.04235 ], [ 34.53986, -1.04237 ], [ 34.53992, -1.04239 ], [ 34.53997, -1.04241 ], [ 34.54007, -1.04247 ], [ 34.5402, -1.04254 ], [ 34.54025, -1.04257 ], [ 34.54029, -1.04259 ], [ 34.54031, -1.04262 ], [ 34.54036, -1.04267 ], [ 34.54039, -1.04268 ], [ 34.54041, -1.0427 ], [ 34.54043, -1.04271 ], [ 34.54044, -1.04271 ], [ 34.54046, -1.04272 ], [ 34.54049, -1.04272 ], [ 34.54052, -1.04273 ], [ 34.54056, -1.04273 ], [ 34.54058, -1.04272 ], [ 34.5406, -1.04272 ], [ 34.54063, -1.04271 ], [ 34.54065, -1.0427 ], [ 34.54067, -1.04269 ], [ 34.5407, -1.04268 ], [ 34.54082, -1.04261 ], [ 34.54086, -1.04259 ], [ 34.54086, -1.04259 ], [ 34.54088, -1.04257 ], [ 34.54091, -1.04255 ], [ 34.54094, -1.04253 ], [ 34.54096, -1.04252 ], [ 34.54102, -1.0425 ], [ 34.54108, -1.04249 ], [ 34.54114, -1.04248 ], [ 34.54119, -1.04248 ], [ 34.54122, -1.04248 ], [ 34.54126, -1.04249 ], [ 34.54129, -1.0425 ], [ 34.54133, -1.04251 ], [ 34.54137, -1.04252 ], [ 34.54141, -1.04254 ], [ 34.54145, -1.04256 ], [ 34.5415, -1.04259 ], [ 34.54155, -1.04263 ], [ 34.54161, -1.04267 ], [ 34.54167, -1.04273 ], [ 34.5417, -1.04275 ], [ 34.54173, -1.04279 ], [ 34.54176, -1.04283 ], [ 34.5418, -1.04288 ], [ 34.54183, -1.04293 ], [ 34.54188, -1.04301 ], [ 34.54192, -1.04307 ], [ 34.54196, -1.04312 ], [ 34.54202, -1.0432 ], [ 34.54217, -1.04341 ], [ 34.54221, -1.04347 ], [ 34.54225, -1.04351 ], [ 34.54226, -1.04352 ], [ 34.54229, -1.04356 ], [ 34.54231, -1.04359 ], [ 34.54233, -1.0436 ], [ 34.54236, -1.04361 ], [ 34.54236, -1.04361 ], [ 34.54243, -1.04364 ], [ 34.54246, -1.04366 ], [ 34.5425, -1.04366 ], [ 34.54253, -1.04367 ], [ 34.54257, -1.04367 ], [ 34.54265, -1.04367 ], [ 34.54283, -1.04367 ], [ 34.54287, -1.04367 ], [ 34.54291, -1.04367 ], [ 34.54295, -1.04368 ], [ 34.54298, -1.04368 ], [ 34.54301, -1.04369 ], [ 34.54304, -1.04371 ], [ 34.54309, -1.04373 ], [ 34.54313, -1.04376 ], [ 34.54316, -1.04378 ], [ 34.54318, -1.04381 ], [ 34.5432, -1.04382 ], [ 34.54321, -1.04384 ], [ 34.54325, -1.04391 ], [ 34.54326, -1.04393 ], [ 34.54327, -1.04395 ], [ 34.54329, -1.04396 ], [ 34.54332, -1.04399 ], [ 34.54336, -1.04401 ], [ 34.54341, -1.04402 ], [ 34.54347, -1.04404 ], [ 34.54351, -1.04405 ], [ 34.54355, -1.04406 ], [ 34.54359, -1.04407 ], [ 34.54364, -1.04407 ], [ 34.54369, -1.04408 ], [ 34.54373, -1.04408 ], [ 34.54384, -1.04407 ], [ 34.54391, -1.04407 ], [ 34.54393, -1.04406 ], [ 34.54405, -1.04404 ], [ 34.54411, -1.04404 ], [ 34.54425, -1.04402 ], [ 34.54432, -1.04402 ], [ 34.54441, -1.044 ], [ 34.5445, -1.04399 ], [ 34.54459, -1.04398 ], [ 34.54468, -1.04396 ], [ 34.54543, -1.04403 ], [ 34.54582, -1.0441 ], [ 34.54675, -1.04444 ], [ 34.54692, -1.04467 ], [ 34.54718, -1.04503 ], [ 34.54766, -1.04524 ], [ 34.54782, -1.04531 ], [ 34.5482, -1.04549 ], [ 34.54839, -1.04558 ], [ 34.5485, -1.04562 ], [ 34.54861, -1.04566 ], [ 34.54871, -1.0457 ], [ 34.5488, -1.04572 ], [ 34.5489, -1.04575 ], [ 34.54893, -1.04575 ], [ 34.549, -1.04577 ], [ 34.54912, -1.04579 ], [ 34.54938, -1.04582 ], [ 34.54949, -1.04584 ], [ 34.54961, -1.04586 ], [ 34.54971, -1.04588 ], [ 34.54979, -1.0459 ], [ 34.54987, -1.04593 ], [ 34.54997, -1.04597 ], [ 34.55018, -1.04605 ], [ 34.55028, -1.04608 ], [ 34.55037, -1.04612 ], [ 34.55046, -1.04614 ], [ 34.55054, -1.04616 ], [ 34.55063, -1.04618 ], [ 34.55101, -1.04626 ], [ 34.5514, -1.04634 ], [ 34.55156, -1.04638 ], [ 34.55173, -1.04642 ], [ 34.55188, -1.04646 ], [ 34.55196, -1.04648 ], [ 34.5522, -1.04655 ], [ 34.55227, -1.04657 ], [ 34.55234, -1.04659 ], [ 34.55239, -1.04661 ], [ 34.55259, -1.04674 ], [ 34.55261, -1.04676 ], [ 34.55269, -1.04685 ], [ 34.55273, -1.04688 ], [ 34.55286, -1.047 ], [ 34.55294, -1.04707 ], [ 34.55298, -1.0471 ], [ 34.55302, -1.04713 ], [ 34.55305, -1.04715 ], [ 34.55306, -1.04716 ], [ 34.5531, -1.04718 ], [ 34.55316, -1.04721 ], [ 34.55322, -1.04723 ], [ 34.55329, -1.04725 ], [ 34.55347, -1.04729 ], [ 34.55352, -1.04731 ], [ 34.55356, -1.04732 ], [ 34.55366, -1.04736 ], [ 34.55375, -1.04741 ], [ 34.55385, -1.04746 ], [ 34.55395, -1.04751 ], [ 34.55406, -1.04757 ], [ 34.55418, -1.04765 ], [ 34.5543, -1.04773 ], [ 34.55446, -1.04784 ], [ 34.55456, -1.04792 ], [ 34.55466, -1.04799 ], [ 34.55475, -1.04806 ], [ 34.55483, -1.04813 ], [ 34.5549, -1.04819 ], [ 34.55506, -1.04834 ], [ 34.55514, -1.04841 ], [ 34.55528, -1.04843 ], [ 34.55541, -1.04847 ], [ 34.55555, -1.04851 ], [ 34.55568, -1.04855 ], [ 34.55573, -1.04857 ], [ 34.55579, -1.04859 ], [ 34.556, -1.0487 ], [ 34.5561, -1.04874 ], [ 34.55619, -1.04877 ], [ 34.55643, -1.04884 ], [ 34.55653, -1.04888 ], [ 34.55659, -1.0489 ], [ 34.55718, -1.04922 ], [ 34.55734, -1.04934 ], [ 34.5574, -1.04938 ], [ 34.55746, -1.04942 ], [ 34.55752, -1.04945 ], [ 34.5576, -1.04949 ], [ 34.55768, -1.04953 ], [ 34.55793, -1.04963 ], [ 34.55801, -1.04967 ], [ 34.55808, -1.0497 ], [ 34.55814, -1.04974 ], [ 34.55822, -1.04979 ], [ 34.55828, -1.04984 ], [ 34.55843, -1.04995 ], [ 34.55844, -1.04996 ], [ 34.55852, -1.05002 ], [ 34.55861, -1.05007 ], [ 34.55868, -1.05011 ], [ 34.55874, -1.05013 ], [ 34.55879, -1.05015 ], [ 34.55885, -1.05018 ], [ 34.55892, -1.0502 ], [ 34.55903, -1.05023 ], [ 34.5592, -1.05028 ], [ 34.55949, -1.05046 ], [ 34.55957, -1.05041 ], [ 34.55966, -1.05041 ], [ 34.55966, -1.05041 ], [ 34.55977, -1.05045 ], [ 34.55988, -1.05048 ], [ 34.55998, -1.0505 ], [ 34.56012, -1.05052 ], [ 34.56031, -1.05054 ], [ 34.56041, -1.05055 ], [ 34.56059, -1.05057 ], [ 34.5607, -1.05058 ], [ 34.56074, -1.05058 ], [ 34.56098, -1.05066 ], [ 34.56135, -1.0507 ], [ 34.56205, -1.05079 ], [ 34.56352, -1.05082 ], [ 34.56453, -1.0513 ], [ 34.56525, -1.05134 ], [ 34.56611, -1.05141 ], [ 34.56725, -1.05184 ], [ 34.56809, -1.05191 ], [ 34.56817, -1.05192 ], [ 34.56846, -1.05198 ], [ 34.56853, -1.05208 ], [ 34.56866, -1.05226 ], [ 34.56864, -1.05274 ], [ 34.56863, -1.05286 ], [ 34.56861, -1.05297 ], [ 34.56856, -1.05336 ], [ 34.56847, -1.05354 ], [ 34.56788, -1.05478 ], [ 34.56751, -1.05555 ], [ 34.5674, -1.05577 ], [ 34.5669, -1.05681 ], [ 34.56664, -1.05827 ], [ 34.56645, -1.05889 ], [ 34.56605, -1.06017 ], [ 34.56599, -1.0603 ], [ 34.56535, -1.06162 ], [ 34.56509, -1.06182 ], [ 34.56486, -1.06244 ], [ 34.56486, -1.06334 ], [ 34.56503, -1.06372 ], [ 34.56505, -1.06375 ], [ 34.56509, -1.06384 ], [ 34.56509, -1.06384 ], [ 34.56546, -1.06376 ], [ 34.56593, -1.06367 ], [ 34.56727, -1.06306 ], [ 34.5687, -1.06268 ], [ 34.56965, -1.06251 ], [ 34.57033, -1.06238 ], [ 34.57187, -1.06243 ], [ 34.57242, -1.06255 ], [ 34.57244, -1.06255 ], [ 34.57275, -1.06281 ], [ 34.57391, -1.06347 ], [ 34.57466, -1.06389 ], [ 34.5766, -1.06539 ], [ 34.57735, -1.06623 ], [ 34.57761, -1.0666 ], [ 34.57801, -1.0672 ], [ 34.57847, -1.06766 ], [ 34.57878, -1.06796 ], [ 34.57878, -1.06797 ], [ 34.57957, -1.06904 ], [ 34.57985, -1.06948 ], [ 34.58013, -1.06971 ], [ 34.58046, -1.06996 ], [ 34.58085, -1.07027 ], [ 34.58099, -1.07028 ], [ 34.58166, -1.07067 ], [ 34.58215, -1.07073 ], [ 34.58253, -1.07068 ], [ 34.58277, -1.07064 ], [ 34.58317, -1.07048 ], [ 34.58351, -1.07038 ], [ 34.58393, -1.07038 ], [ 34.58521, -1.07043 ], [ 34.58639, -1.07089 ], [ 34.58655, -1.07098 ], [ 34.58671, -1.07105 ], [ 34.58728, -1.07161 ], [ 34.58829, -1.07166 ], [ 34.58909, -1.07128 ], [ 34.5891, -1.0712 ], [ 34.58935, -1.07116 ], [ 34.58952, -1.07113 ], [ 34.58956, -1.07111 ], [ 34.58973, -1.071 ], [ 34.58998, -1.07082 ], [ 34.59019, -1.07074 ], [ 34.59079, -1.07048 ], [ 34.59184, -1.06993 ], [ 34.59249, -1.06971 ], [ 34.59274, -1.0697 ], [ 34.59351, -1.06965 ], [ 34.59432, -1.06965 ], [ 34.59451, -1.06967 ], [ 34.59493, -1.06971 ], [ 34.59596, -1.0698 ], [ 34.5964, -1.07011 ], [ 34.59676, -1.07036 ], [ 34.59746, -1.07059 ], [ 34.59763, -1.07064 ], [ 34.59814, -1.07066 ], [ 34.59825, -1.07067 ], [ 34.59825, -1.07067 ], [ 34.59827, -1.07067 ], [ 34.5983, -1.07067 ], [ 34.59831, -1.07068 ], [ 34.59844, -1.07067 ], [ 34.59859, -1.07067 ], [ 34.59898, -1.07067 ], [ 34.59927, -1.07067 ], [ 34.59992, -1.07058 ], [ 34.60008, -1.07031 ], [ 34.60009, -1.0703 ], [ 34.60072, -1.0695 ], [ 34.6009, -1.06922 ], [ 34.60115, -1.0688 ], [ 34.60124, -1.06866 ], [ 34.60123, -1.06823 ], [ 34.60122, -1.06821 ], [ 34.60119, -1.06746 ], [ 34.60075, -1.06641 ], [ 34.60049, -1.06578 ], [ 34.60023, -1.06516 ], [ 34.60008, -1.06478 ], [ 34.59988, -1.06431 ], [ 34.59948, -1.0629 ], [ 34.5995, -1.06285 ], [ 34.59964, -1.06248 ], [ 34.59964, -1.06218 ], [ 34.59985, -1.06186 ], [ 34.59992, -1.06175 ], [ 34.59983, -1.0616 ], [ 34.59979, -1.06154 ], [ 34.59974, -1.06145 ], [ 34.59959, -1.06118 ], [ 34.59958, -1.06116 ], [ 34.59957, -1.06105 ], [ 34.59931, -1.06046 ], [ 34.59897, -1.05951 ], [ 34.59838, -1.05833 ], [ 34.59781, -1.05772 ], [ 34.59776, -1.05754 ], [ 34.59775, -1.05751 ], [ 34.59773, -1.05742 ], [ 34.59771, -1.05735 ], [ 34.5977, -1.05729 ], [ 34.59769, -1.05723 ], [ 34.59769, -1.05718 ], [ 34.59769, -1.05712 ], [ 34.59769, -1.05696 ], [ 34.59771, -1.05679 ], [ 34.59771, -1.05674 ], [ 34.59771, -1.05666 ], [ 34.59771, -1.05664 ], [ 34.5977, -1.05657 ], [ 34.59769, -1.05648 ], [ 34.59766, -1.05623 ], [ 34.59766, -1.05616 ], [ 34.59765, -1.05609 ], [ 34.59765, -1.05598 ], [ 34.59765, -1.05583 ], [ 34.59765, -1.05578 ], [ 34.59765, -1.05566 ], [ 34.59765, -1.05563 ], [ 34.59765, -1.05561 ], [ 34.59765, -1.05559 ], [ 34.59769, -1.05549 ], [ 34.59781, -1.05521 ], [ 34.59782, -1.05518 ], [ 34.59799, -1.05491 ], [ 34.59805, -1.05481 ], [ 34.59811, -1.0547 ], [ 34.59814, -1.05464 ], [ 34.59817, -1.05457 ], [ 34.5982, -1.0545 ], [ 34.59822, -1.05444 ], [ 34.59823, -1.05442 ], [ 34.59824, -1.05438 ], [ 34.59825, -1.05434 ], [ 34.59826, -1.05429 ], [ 34.59826, -1.05424 ], [ 34.59826, -1.05418 ], [ 34.59826, -1.05409 ], [ 34.59826, -1.05389 ], [ 34.59825, -1.0538 ], [ 34.59825, -1.05362 ], [ 34.59846, -1.05313 ] ] ] } },
{ "type": "Feature", "properties": { "entity_id": 225, "p_entity": 28, "name": "Suna West Sub County" }, "geometry": { "type": "Polygon", "coordinates": [ [ [ 34.33373, -0.99949 ], [ 34.33376, -0.9999 ], [ 34.33387, -1.00022 ], [ 34.33394, -1.00041 ], [ 34.33419, -1.00087 ], [ 34.33441, -1.00115 ], [ 34.33482, -1.00129 ], [ 34.33547, -1.00076 ], [ 34.33552, -1.00068 ], [ 34.33553, -1.00066 ], [ 34.33553, -1.00065 ], [ 34.33558, -1.00056 ], [ 34.33582, -1.00015 ], [ 34.33621, -0.9997 ], [ 34.3366, -0.99956 ], [ 34.33713, -0.9996 ], [ 34.33822, -0.99976 ], [ 34.33892, -0.99995 ], [ 34.33997, -1.00029 ], [ 34.34067, -1.00057 ], [ 34.34108, -1.00089 ], [ 34.34113, -1.00138 ], [ 34.34114, -1.00191 ], [ 34.34115, -1.00262 ], [ 34.34115, -1.00263 ], [ 34.34115, -1.00264 ], [ 34.34115, -1.00271 ], [ 34.34111, -1.00291 ], [ 34.3411, -1.00296 ], [ 34.34108, -1.00305 ], [ 34.34108, -1.00308 ], [ 34.3411, -1.00323 ], [ 34.34123, -1.00337 ], [ 34.34144, -1.00358 ], [ 34.34161, -1.00372 ], [ 34.34177, -1.00375 ], [ 34.34198, -1.00378 ], [ 34.34213, -1.00382 ], [ 34.34241, -1.00387 ], [ 34.34283, -1.00403 ], [ 34.34309, -1.00412 ], [ 34.3434, -1.00423 ], [ 34.34375, -1.00433 ], [ 34.34415, -1.00443 ], [ 34.34456, -1.00459 ], [ 34.34507, -1.00469 ], [ 34.34536, -1.00478 ], [ 34.34571, -1.00485 ], [ 34.34601, -1.00495 ], [ 34.34641, -1.00508 ], [ 34.34672, -1.00519 ], [ 34.34694, -1.00528 ], [ 34.34716, -1.0054 ], [ 34.34742, -1.00552 ], [ 34.34761, -1.00574 ], [ 34.34761, -1.00584 ], [ 34.34761, -1.00596 ], [ 34.34761, -1.00605 ], [ 34.34762, -1.00642 ], [ 34.34762, -1.00649 ], [ 34.34763, -1.00657 ], [ 34.34762, -1.00658 ], [ 34.34762, -1.00658 ], [ 34.34766, -1.00684 ], [ 34.34774, -1.00711 ], [ 34.34796, -1.00767 ], [ 34.34816, -1.00817 ], [ 34.34827, -1.00846 ], [ 34.34838, -1.00887 ], [ 34.34843, -1.00903 ], [ 34.34846, -1.00902 ], [ 34.34872, -1.00951 ], [ 34.34891, -1.00973 ], [ 34.34911, -1.00988 ], [ 34.34935, -1.00996 ], [ 34.34952, -1.00986 ], [ 34.3498, -1.00962 ], [ 34.35004, -1.00934 ], [ 34.35031, -1.00914 ], [ 34.35077, -1.0089 ], [ 34.35139, -1.00864 ], [ 34.35165, -1.00853 ], [ 34.35202, -1.0084 ], [ 34.35273, -1.00814 ], [ 34.35311, -1.00801 ], [ 34.3533, -1.00796 ], [ 34.3536, -1.00793 ], [ 34.35389, -1.00794 ], [ 34.35441, -1.00792 ], [ 34.35485, -1.00798 ], [ 34.35517, -1.00799 ], [ 34.35553, -1.00817 ], [ 34.35573, -1.00834 ], [ 34.3559, -1.00856 ], [ 34.35608, -1.00892 ], [ 34.35616, -1.00932 ], [ 34.35623, -1.00951 ], [ 34.35631, -1.00976 ], [ 34.35646, -1.01009 ], [ 34.35656, -1.0104 ], [ 34.3566, -1.01051 ], [ 34.35667, -1.01064 ], [ 34.35675, -1.01072 ], [ 34.35689, -1.01081 ], [ 34.35708, -1.01088 ], [ 34.35728, -1.01093 ], [ 34.35747, -1.01096 ], [ 34.35776, -1.01098 ], [ 34.35801, -1.011 ], [ 34.35827, -1.01108 ], [ 34.35848, -1.01123 ], [ 34.35863, -1.01149 ], [ 34.35869, -1.01176 ], [ 34.35877, -1.01213 ], [ 34.35887, -1.01232 ], [ 34.35909, -1.01241 ], [ 34.35939, -1.0125 ], [ 34.35978, -1.01243 ], [ 34.36004, -1.01236 ], [ 34.36008, -1.01225 ], [ 34.36006, -1.012 ], [ 34.35995, -1.01164 ], [ 34.35983, -1.01134 ], [ 34.35969, -1.01102 ], [ 34.35965, -1.01064 ], [ 34.35964, -1.01023 ], [ 34.35976, -1.00988 ], [ 34.35989, -1.0096 ], [ 34.36005, -1.00928 ], [ 34.36029, -1.00894 ], [ 34.36049, -1.00867 ], [ 34.36078, -1.0084 ], [ 34.36106, -1.00818 ], [ 34.36141, -1.00802 ], [ 34.36166, -1.00802 ], [ 34.36195, -1.00805 ], [ 34.36214, -1.00814 ], [ 34.36231, -1.00821 ], [ 34.36291, -1.0086 ], [ 34.36316, -1.00879 ], [ 34.36346, -1.00903 ], [ 34.36361, -1.0091 ], [ 34.36375, -1.00912 ], [ 34.36395, -1.00912 ], [ 34.36418, -1.00925 ], [ 34.36449, -1.00955 ], [ 34.36473, -1.00982 ], [ 34.36502, -1.01026 ], [ 34.36531, -1.01064 ], [ 34.36561, -1.01107 ], [ 34.36576, -1.01122 ], [ 34.36602, -1.01148 ], [ 34.36628, -1.01158 ], [ 34.36654, -1.01163 ], [ 34.3667, -1.0116 ], [ 34.3667, -1.0116 ], [ 34.3667, -1.0116 ], [ 34.3667, -1.0116 ], [ 34.36684, -1.01158 ], [ 34.36705, -1.01144 ], [ 34.36729, -1.01115 ], [ 34.36743, -1.01084 ], [ 34.36767, -1.01054 ], [ 34.36786, -1.01036 ], [ 34.36816, -1.01019 ], [ 34.36866, -1.00995 ], [ 34.36909, -1.00978 ], [ 34.36943, -1.00961 ], [ 34.36985, -1.00942 ], [ 34.36993, -1.00939 ], [ 34.37017, -1.00932 ], [ 34.37042, -1.00941 ], [ 34.37054, -1.00962 ], [ 34.3706, -1.01016 ], [ 34.37062, -1.01096 ], [ 34.37064, -1.01149 ], [ 34.37067, -1.01234 ], [ 34.37075, -1.01268 ], [ 34.37081, -1.01304 ], [ 34.37089, -1.01335 ], [ 34.37095, -1.01353 ], [ 34.37116, -1.01394 ], [ 34.37137, -1.01417 ], [ 34.37145, -1.01434 ], [ 34.37164, -1.01454 ], [ 34.37179, -1.01466 ], [ 34.372, -1.01472 ], [ 34.37215, -1.01469 ], [ 34.37246, -1.01454 ], [ 34.3726, -1.01441 ], [ 34.37266, -1.01413 ], [ 34.37279, -1.01386 ], [ 34.37286, -1.01348 ], [ 34.37297, -1.01279 ], [ 34.37312, -1.0123 ], [ 34.37324, -1.01186 ], [ 34.37337, -1.01146 ], [ 34.37354, -1.0111 ], [ 34.37372, -1.01082 ], [ 34.37395, -1.01067 ], [ 34.37416, -1.01066 ], [ 34.37454, -1.01073 ], [ 34.37485, -1.01092 ], [ 34.37509, -1.01132 ], [ 34.37526, -1.01168 ], [ 34.37543, -1.012 ], [ 34.37558, -1.01226 ], [ 34.37573, -1.01255 ], [ 34.376, -1.01286 ], [ 34.37637, -1.01311 ], [ 34.37674, -1.01324 ], [ 34.37703, -1.01344 ], [ 34.37743, -1.01358 ], [ 34.37764, -1.01359 ], [ 34.37817, -1.01348 ], [ 34.37839, -1.01333 ], [ 34.37867, -1.01315 ], [ 34.37874, -1.01294 ], [ 34.37876, -1.01273 ], [ 34.37869, -1.01237 ], [ 34.3784, -1.01181 ], [ 34.37825, -1.01143 ], [ 34.37816, -1.01124 ], [ 34.37808, -1.01086 ], [ 34.37807, -1.01039 ], [ 34.37813, -1.01007 ], [ 34.37832, -1.00982 ], [ 34.37885, -1.00951 ], [ 34.3792, -1.00947 ], [ 34.37945, -1.00948 ], [ 34.3798, -1.00957 ], [ 34.38026, -1.00981 ], [ 34.38136, -1.01045 ], [ 34.382, -1.01088 ], [ 34.38239, -1.0111 ], [ 34.38254, -1.01118 ], [ 34.38254, -1.01118 ], [ 34.38259, -1.01121 ], [ 34.38286, -1.0114 ], [ 34.38312, -1.01164 ], [ 34.38345, -1.01185 ], [ 34.38367, -1.012 ], [ 34.38389, -1.01212 ], [ 34.38399, -1.01218 ], [ 34.38412, -1.01225 ], [ 34.38428, -1.01226 ], [ 34.38428, -1.01227 ], [ 34.38428, -1.01227 ], [ 34.38445, -1.0125 ], [ 34.38465, -1.01272 ], [ 34.38477, -1.01286 ], [ 34.38495, -1.01308 ], [ 34.38511, -1.01326 ], [ 34.38518, -1.01344 ], [ 34.38522, -1.01371 ], [ 34.38522, -1.01395 ], [ 34.38517, -1.01418 ], [ 34.3851, -1.01437 ], [ 34.38498, -1.01455 ], [ 34.38486, -1.01483 ], [ 34.38484, -1.01515 ], [ 34.38475, -1.01616 ], [ 34.3847, -1.01752 ], [ 34.38466, -1.01821 ], [ 34.38463, -1.01844 ], [ 34.38447, -1.01883 ], [ 34.38425, -1.01924 ], [ 34.38404, -1.01971 ], [ 34.38395, -1.01996 ], [ 34.38387, -1.02022 ], [ 34.38371, -1.02052 ], [ 34.38367, -1.02085 ], [ 34.38353, -1.02112 ], [ 34.3833, -1.02153 ], [ 34.38291, -1.02212 ], [ 34.38279, -1.0223 ], [ 34.3827, -1.0226 ], [ 34.38265, -1.02293 ], [ 34.3825, -1.02344 ], [ 34.38237, -1.02384 ], [ 34.38223, -1.02417 ], [ 34.38196, -1.0246 ], [ 34.38165, -1.02498 ], [ 34.3812, -1.02542 ], [ 34.38077, -1.0258 ], [ 34.38037, -1.02612 ], [ 34.37996, -1.02643 ], [ 34.37978, -1.02657 ], [ 34.37945, -1.02685 ], [ 34.37917, -1.02709 ], [ 34.37892, -1.02736 ], [ 34.37887, -1.02789 ], [ 34.37888, -1.02837 ], [ 34.37888, -1.02836 ], [ 34.37903, -1.02953 ], [ 34.37959, -1.03074 ], [ 34.38014, -1.0319 ], [ 34.38079, -1.03283 ], [ 34.3815, -1.03398 ], [ 34.38177, -1.03488 ], [ 34.38238, -1.03599 ], [ 34.38238, -1.03683 ], [ 34.38233, -1.03785 ], [ 34.38191, -1.03897 ], [ 34.38107, -1.04005 ], [ 34.38079, -1.04111 ], [ 34.38079, -1.04227 ], [ 34.38079, -1.04283 ], [ 34.38091, -1.04455 ], [ 34.38103, -1.04553 ], [ 34.38079, -1.04604 ], [ 34.38075, -1.04771 ], [ 34.38075, -1.04827 ], [ 34.38084, -1.0492 ], [ 34.38079, -1.05141 ], [ 34.38081, -1.0514 ], [ 34.38084, -1.05138 ], [ 34.38093, -1.05131 ], [ 34.38095, -1.05129 ], [ 34.38098, -1.05128 ], [ 34.38104, -1.05125 ], [ 34.38112, -1.05123 ], [ 34.3812, -1.05121 ], [ 34.38129, -1.0512 ], [ 34.38136, -1.05119 ], [ 34.38144, -1.05119 ], [ 34.38152, -1.0512 ], [ 34.38161, -1.05121 ], [ 34.38167, -1.05121 ], [ 34.38173, -1.05123 ], [ 34.38178, -1.05124 ], [ 34.38184, -1.05125 ], [ 34.38194, -1.05128 ], [ 34.382, -1.0513 ], [ 34.38205, -1.05133 ], [ 34.3821, -1.05136 ], [ 34.38213, -1.05138 ], [ 34.38217, -1.05141 ], [ 34.3822, -1.05145 ], [ 34.38223, -1.05149 ], [ 34.38225, -1.05151 ], [ 34.38226, -1.05153 ], [ 34.38227, -1.05155 ], [ 34.38228, -1.05158 ], [ 34.3823, -1.05165 ], [ 34.38232, -1.05178 ], [ 34.38233, -1.05184 ], [ 34.38234, -1.05187 ], [ 34.38235, -1.0519 ], [ 34.38236, -1.05192 ], [ 34.38238, -1.05194 ], [ 34.38241, -1.05198 ], [ 34.38243, -1.05202 ], [ 34.38247, -1.05207 ], [ 34.38251, -1.0521 ], [ 34.38254, -1.05213 ], [ 34.38258, -1.05216 ], [ 34.38262, -1.05218 ], [ 34.38266, -1.05219 ], [ 34.38271, -1.0522 ], [ 34.38282, -1.05222 ], [ 34.38289, -1.05224 ], [ 34.38296, -1.05224 ], [ 34.38304, -1.05225 ], [ 34.38312, -1.05224 ], [ 34.3832, -1.05224 ], [ 34.38329, -1.05223 ], [ 34.38363, -1.05217 ], [ 34.3837, -1.05216 ], [ 34.38377, -1.05216 ], [ 34.38385, -1.05215 ], [ 34.38392, -1.05215 ], [ 34.38399, -1.05215 ], [ 34.38405, -1.05216 ], [ 34.38418, -1.05217 ], [ 34.38427, -1.05218 ], [ 34.38435, -1.0522 ], [ 34.38442, -1.05222 ], [ 34.38451, -1.05225 ], [ 34.38465, -1.0523 ], [ 34.38473, -1.05233 ], [ 34.38483, -1.05237 ], [ 34.38492, -1.05241 ], [ 34.38501, -1.05246 ], [ 34.3851, -1.05251 ], [ 34.3852, -1.05256 ], [ 34.3854, -1.05267 ], [ 34.38556, -1.05276 ], [ 34.3857, -1.05284 ], [ 34.38582, -1.05292 ], [ 34.38592, -1.053 ], [ 34.38601, -1.05306 ], [ 34.38608, -1.05311 ], [ 34.38614, -1.05317 ], [ 34.3862, -1.05322 ], [ 34.38637, -1.05337 ], [ 34.38642, -1.05342 ], [ 34.38646, -1.05346 ], [ 34.3865, -1.05351 ], [ 34.38654, -1.05355 ], [ 34.38656, -1.05359 ], [ 34.38659, -1.05364 ], [ 34.38661, -1.0537 ], [ 34.38663, -1.05377 ], [ 34.38665, -1.05385 ], [ 34.38667, -1.05393 ], [ 34.38667, -1.05396 ], [ 34.38667, -1.054 ], [ 34.38667, -1.05416 ], [ 34.38667, -1.0542 ], [ 34.38667, -1.05423 ], [ 34.38669, -1.05429 ], [ 34.3867, -1.05435 ], [ 34.38673, -1.05441 ], [ 34.38678, -1.05454 ], [ 34.38681, -1.05461 ], [ 34.38682, -1.05467 ], [ 34.38683, -1.0547 ], [ 34.38683, -1.05472 ], [ 34.38683, -1.05477 ], [ 34.38682, -1.0549 ], [ 34.38682, -1.05493 ], [ 34.38683, -1.05496 ], [ 34.38683, -1.05499 ], [ 34.38685, -1.05503 ], [ 34.38686, -1.05508 ], [ 34.38688, -1.05512 ], [ 34.3869, -1.05517 ], [ 34.38694, -1.05521 ], [ 34.38697, -1.05526 ], [ 34.38703, -1.05533 ], [ 34.3871, -1.05541 ], [ 34.38718, -1.05548 ], [ 34.38726, -1.05555 ], [ 34.38734, -1.05561 ], [ 34.38738, -1.05564 ], [ 34.38743, -1.05566 ], [ 34.38748, -1.05568 ], [ 34.3876, -1.05572 ], [ 34.38766, -1.05575 ], [ 34.38769, -1.05576 ], [ 34.38772, -1.05578 ], [ 34.38774, -1.0558 ], [ 34.38776, -1.05582 ], [ 34.38778, -1.05584 ], [ 34.3878, -1.05587 ], [ 34.38787, -1.05596 ], [ 34.3879, -1.056 ], [ 34.38792, -1.05603 ], [ 34.38796, -1.05606 ], [ 34.388, -1.05609 ], [ 34.3881, -1.05617 ], [ 34.38813, -1.05619 ], [ 34.38815, -1.05622 ], [ 34.38818, -1.05625 ], [ 34.3882, -1.05627 ], [ 34.38821, -1.0563 ], [ 34.38822, -1.05633 ], [ 34.38823, -1.05638 ], [ 34.38823, -1.05643 ], [ 34.38823, -1.05648 ], [ 34.38822, -1.05653 ], [ 34.38821, -1.05655 ], [ 34.38819, -1.0566 ], [ 34.38818, -1.05662 ], [ 34.38818, -1.05664 ], [ 34.38818, -1.05665 ], [ 34.38819, -1.05667 ], [ 34.38819, -1.05669 ], [ 34.38821, -1.05673 ], [ 34.38826, -1.05682 ], [ 34.38828, -1.05686 ], [ 34.38831, -1.0569 ], [ 34.38834, -1.05694 ], [ 34.38842, -1.05703 ], [ 34.38846, -1.05707 ], [ 34.38847, -1.0571 ], [ 34.38849, -1.05712 ], [ 34.3885, -1.05714 ], [ 34.3885, -1.05716 ], [ 34.38851, -1.0572 ], [ 34.38852, -1.05725 ], [ 34.38852, -1.05729 ], [ 34.38851, -1.05739 ], [ 34.38851, -1.05744 ], [ 34.38851, -1.05748 ], [ 34.38852, -1.05752 ], [ 34.38853, -1.05757 ], [ 34.38854, -1.05762 ], [ 34.38856, -1.05766 ], [ 34.38857, -1.05769 ], [ 34.38859, -1.05772 ], [ 34.38861, -1.05775 ], [ 34.38863, -1.05778 ], [ 34.38866, -1.05781 ], [ 34.38869, -1.05784 ], [ 34.38872, -1.05787 ], [ 34.38881, -1.05795 ], [ 34.38884, -1.05797 ], [ 34.38887, -1.05799 ], [ 34.3889, -1.05801 ], [ 34.38894, -1.05803 ], [ 34.389, -1.05806 ], [ 34.38916, -1.05812 ], [ 34.38924, -1.05815 ], [ 34.38927, -1.05817 ], [ 34.3893, -1.05819 ], [ 34.38932, -1.0582 ], [ 34.38934, -1.05822 ], [ 34.38941, -1.05827 ], [ 34.38943, -1.0583 ], [ 34.38946, -1.05833 ], [ 34.38947, -1.05835 ], [ 34.38948, -1.05838 ], [ 34.38949, -1.0584 ], [ 34.38949, -1.05843 ], [ 34.38948, -1.05852 ], [ 34.38948, -1.05854 ], [ 34.38949, -1.05857 ], [ 34.3895, -1.05861 ], [ 34.38952, -1.05865 ], [ 34.38954, -1.05868 ], [ 34.38956, -1.0587 ], [ 34.38958, -1.05872 ], [ 34.38961, -1.05873 ], [ 34.38964, -1.05874 ], [ 34.38972, -1.05876 ], [ 34.38974, -1.05877 ], [ 34.38976, -1.05878 ], [ 34.38981, -1.0588 ], [ 34.38985, -1.05883 ], [ 34.38989, -1.05887 ], [ 34.38993, -1.05891 ], [ 34.38996, -1.05894 ], [ 34.39003, -1.05904 ], [ 34.39005, -1.05907 ], [ 34.39007, -1.05908 ], [ 34.39013, -1.05915 ], [ 34.39018, -1.05919 ], [ 34.3902, -1.0592 ], [ 34.39022, -1.05922 ], [ 34.39025, -1.05923 ], [ 34.39027, -1.05923 ], [ 34.39029, -1.05924 ], [ 34.39033, -1.05924 ], [ 34.39036, -1.05924 ], [ 34.39045, -1.05923 ], [ 34.39048, -1.05923 ], [ 34.3905, -1.05923 ], [ 34.39054, -1.05924 ], [ 34.39058, -1.05925 ], [ 34.39073, -1.0593 ], [ 34.39089, -1.05934 ], [ 34.391, -1.05938 ], [ 34.39113, -1.05943 ], [ 34.39124, -1.05948 ], [ 34.39129, -1.05951 ], [ 34.39134, -1.05953 ], [ 34.39139, -1.05956 ], [ 34.39143, -1.05959 ], [ 34.39147, -1.05962 ], [ 34.39151, -1.05966 ], [ 34.39155, -1.0597 ], [ 34.39167, -1.05982 ], [ 34.39171, -1.05985 ], [ 34.39174, -1.05988 ], [ 34.39183, -1.05996 ], [ 34.39191, -1.06001 ], [ 34.39197, -1.06006 ], [ 34.39203, -1.0601 ], [ 34.39209, -1.06013 ], [ 34.39215, -1.06016 ], [ 34.39221, -1.06019 ], [ 34.39226, -1.06021 ], [ 34.39237, -1.06025 ], [ 34.39242, -1.06027 ], [ 34.39244, -1.06027 ], [ 34.39247, -1.06028 ], [ 34.39249, -1.06028 ], [ 34.39251, -1.06027 ], [ 34.39252, -1.06027 ], [ 34.39254, -1.06026 ], [ 34.39261, -1.06022 ], [ 34.39262, -1.06022 ], [ 34.39264, -1.06021 ], [ 34.39267, -1.06021 ], [ 34.39271, -1.06021 ], [ 34.39275, -1.06022 ], [ 34.39279, -1.06023 ], [ 34.39283, -1.06025 ], [ 34.39288, -1.06027 ], [ 34.39293, -1.0603 ], [ 34.39299, -1.06034 ], [ 34.39302, -1.06037 ], [ 34.39305, -1.0604 ], [ 34.39307, -1.06043 ], [ 34.39316, -1.06054 ], [ 34.39318, -1.06057 ], [ 34.39321, -1.0606 ], [ 34.39327, -1.06065 ], [ 34.39333, -1.06069 ], [ 34.39338, -1.06072 ], [ 34.39343, -1.06074 ], [ 34.39346, -1.06076 ], [ 34.39355, -1.06078 ], [ 34.39359, -1.06079 ], [ 34.39365, -1.06082 ], [ 34.39371, -1.06085 ], [ 34.39375, -1.06088 ], [ 34.39379, -1.06091 ], [ 34.39384, -1.06096 ], [ 34.39386, -1.06098 ], [ 34.39387, -1.061 ], [ 34.39388, -1.06102 ], [ 34.39388, -1.06104 ], [ 34.39387, -1.06106 ], [ 34.39386, -1.06108 ], [ 34.39382, -1.06114 ], [ 34.39382, -1.06116 ], [ 34.39381, -1.06117 ], [ 34.39381, -1.0612 ], [ 34.39382, -1.06122 ], [ 34.39383, -1.06124 ], [ 34.39384, -1.06127 ], [ 34.39385, -1.0613 ], [ 34.39386, -1.06132 ], [ 34.39388, -1.06134 ], [ 34.39389, -1.06135 ], [ 34.39391, -1.06136 ], [ 34.39392, -1.06137 ], [ 34.39394, -1.06137 ], [ 34.39396, -1.06137 ], [ 34.394, -1.06137 ], [ 34.39411, -1.06135 ], [ 34.39414, -1.06135 ], [ 34.39417, -1.06135 ], [ 34.39427, -1.06137 ], [ 34.39431, -1.06138 ], [ 34.39435, -1.06139 ], [ 34.39438, -1.0614 ], [ 34.39441, -1.06141 ], [ 34.39444, -1.06143 ], [ 34.39446, -1.06144 ], [ 34.39448, -1.06146 ], [ 34.39449, -1.06147 ], [ 34.3945, -1.0615 ], [ 34.39452, -1.06152 ], [ 34.39452, -1.06155 ], [ 34.39453, -1.06158 ], [ 34.39456, -1.0617 ], [ 34.39457, -1.06175 ], [ 34.39458, -1.06178 ], [ 34.39459, -1.0618 ], [ 34.3946, -1.06183 ], [ 34.39461, -1.06184 ], [ 34.39464, -1.06188 ], [ 34.39467, -1.06192 ], [ 34.3947, -1.06195 ], [ 34.39473, -1.06197 ], [ 34.39477, -1.062 ], [ 34.3948, -1.06202 ], [ 34.39483, -1.06203 ], [ 34.39485, -1.06204 ], [ 34.39486, -1.06204 ], [ 34.39488, -1.06204 ], [ 34.39489, -1.06204 ], [ 34.39491, -1.06204 ], [ 34.39495, -1.06202 ], [ 34.39502, -1.06198 ], [ 34.39505, -1.06197 ], [ 34.39508, -1.06196 ], [ 34.39509, -1.06195 ], [ 34.3951, -1.06195 ], [ 34.39513, -1.06196 ], [ 34.39516, -1.06197 ], [ 34.3952, -1.06198 ], [ 34.39523, -1.06201 ], [ 34.39526, -1.06203 ], [ 34.3953, -1.06206 ], [ 34.39534, -1.0621 ], [ 34.3954, -1.06216 ], [ 34.39546, -1.06223 ], [ 34.39549, -1.06227 ], [ 34.39551, -1.0623 ], [ 34.39553, -1.06233 ], [ 34.39555, -1.06237 ], [ 34.39557, -1.0624 ], [ 34.39558, -1.06243 ], [ 34.39559, -1.06245 ], [ 34.39559, -1.06248 ], [ 34.3956, -1.06257 ], [ 34.39561, -1.06261 ], [ 34.39561, -1.06264 ], [ 34.39562, -1.06265 ], [ 34.39563, -1.06266 ], [ 34.39565, -1.06268 ], [ 34.39568, -1.0627 ], [ 34.39571, -1.06272 ], [ 34.39579, -1.06275 ], [ 34.39582, -1.06277 ], [ 34.39586, -1.06278 ], [ 34.39602, -1.06282 ], [ 34.39605, -1.06284 ], [ 34.39608, -1.06285 ], [ 34.39615, -1.06288 ], [ 34.39622, -1.06292 ], [ 34.39627, -1.06296 ], [ 34.39633, -1.063 ], [ 34.39635, -1.06303 ], [ 34.39637, -1.06305 ], [ 34.39645, -1.06315 ], [ 34.39648, -1.06318 ], [ 34.39654, -1.06324 ], [ 34.39661, -1.06329 ], [ 34.39668, -1.06334 ], [ 34.39683, -1.06345 ], [ 34.3969, -1.06349 ], [ 34.39696, -1.06354 ], [ 34.39702, -1.06359 ], [ 34.39708, -1.06365 ], [ 34.39715, -1.06373 ], [ 34.39715, -1.06373 ], [ 34.39721, -1.0638 ], [ 34.39722, -1.06381 ], [ 34.39722, -1.06381 ], [ 34.39724, -1.06382 ], [ 34.39724, -1.06382 ], [ 34.39724, -1.06382 ], [ 34.39728, -1.06386 ], [ 34.39733, -1.0639 ], [ 34.39738, -1.06395 ], [ 34.39744, -1.06399 ], [ 34.39751, -1.06404 ], [ 34.39763, -1.06412 ], [ 34.39793, -1.06429 ], [ 34.398, -1.06434 ], [ 34.39807, -1.06438 ], [ 34.39813, -1.06443 ], [ 34.39819, -1.06447 ], [ 34.39824, -1.06452 ], [ 34.39829, -1.06456 ], [ 34.39832, -1.0646 ], [ 34.39838, -1.06468 ], [ 34.3984, -1.06471 ], [ 34.39843, -1.06474 ], [ 34.39845, -1.06475 ], [ 34.39846, -1.06476 ], [ 34.39848, -1.06477 ], [ 34.39851, -1.06477 ], [ 34.39853, -1.06478 ], [ 34.39856, -1.06478 ], [ 34.39856, -1.06478 ], [ 34.39861, -1.06478 ], [ 34.39874, -1.06477 ], [ 34.39877, -1.06477 ], [ 34.39877, -1.06477 ], [ 34.3988, -1.06477 ], [ 34.39889, -1.06478 ], [ 34.39895, -1.06478 ], [ 34.399, -1.06479 ], [ 34.39904, -1.06481 ], [ 34.3991, -1.06484 ], [ 34.39916, -1.06486 ], [ 34.39918, -1.06488 ], [ 34.3992, -1.06489 ], [ 34.39921, -1.06491 ], [ 34.39923, -1.06492 ], [ 34.39925, -1.06495 ], [ 34.39926, -1.06498 ], [ 34.39927, -1.06502 ], [ 34.39928, -1.06509 ], [ 34.39928, -1.06513 ], [ 34.39929, -1.06516 ], [ 34.3993, -1.06518 ], [ 34.39932, -1.06521 ], [ 34.39935, -1.06524 ], [ 34.39938, -1.06527 ], [ 34.39941, -1.0653 ], [ 34.39945, -1.06532 ], [ 34.39949, -1.06535 ], [ 34.39963, -1.06544 ], [ 34.39966, -1.06545 ], [ 34.3997, -1.06547 ], [ 34.39983, -1.06551 ], [ 34.39988, -1.06553 ], [ 34.39991, -1.06555 ], [ 34.39993, -1.06556 ], [ 34.39995, -1.06558 ], [ 34.39997, -1.06559 ], [ 34.39999, -1.06562 ], [ 34.40003, -1.06568 ], [ 34.40004, -1.0657 ], [ 34.40007, -1.06573 ], [ 34.40009, -1.06576 ], [ 34.40012, -1.06578 ], [ 34.40015, -1.0658 ], [ 34.40019, -1.06583 ], [ 34.40023, -1.06585 ], [ 34.40038, -1.06594 ], [ 34.40045, -1.06597 ], [ 34.40048, -1.066 ], [ 34.40051, -1.06602 ], [ 34.40054, -1.06604 ], [ 34.40056, -1.06606 ], [ 34.4006, -1.06611 ], [ 34.40067, -1.06621 ], [ 34.40071, -1.06625 ], [ 34.40078, -1.06631 ], [ 34.40084, -1.06638 ], [ 34.40092, -1.06644 ], [ 34.40101, -1.06651 ], [ 34.40106, -1.06654 ], [ 34.40112, -1.06658 ], [ 34.40119, -1.06662 ], [ 34.40134, -1.06669 ], [ 34.40141, -1.06673 ], [ 34.40148, -1.06677 ], [ 34.40154, -1.06681 ], [ 34.40163, -1.06688 ], [ 34.40172, -1.06695 ], [ 34.40193, -1.06733 ], [ 34.40198, -1.06758 ], [ 34.4022, -1.06814 ], [ 34.40276, -1.06879 ], [ 34.4031, -1.06925 ], [ 34.40339, -1.06946 ], [ 34.40377, -1.06965 ], [ 34.40426, -1.07004 ], [ 34.40448, -1.07037 ], [ 34.4048, -1.07084 ], [ 34.40511, -1.07118 ], [ 34.40525, -1.0715 ], [ 34.40536, -1.07164 ], [ 34.40551, -1.07173 ], [ 34.40577, -1.07178 ], [ 34.40587, -1.07184 ], [ 34.40597, -1.07194 ], [ 34.40607, -1.07205 ], [ 34.40616, -1.0723 ], [ 34.40634, -1.07247 ], [ 34.40652, -1.07256 ], [ 34.40667, -1.07263 ], [ 34.40677, -1.07276 ], [ 34.40685, -1.07311 ], [ 34.40696, -1.07333 ], [ 34.40703, -1.07344 ], [ 34.40713, -1.07351 ], [ 34.40727, -1.07352 ], [ 34.40727, -1.07352 ], [ 34.40727, -1.07352 ], [ 34.40745, -1.0735 ], [ 34.40745, -1.0735 ], [ 34.40755, -1.07353 ], [ 34.40762, -1.07362 ], [ 34.40773, -1.07381 ], [ 34.40794, -1.07395 ], [ 34.40809, -1.07416 ], [ 34.40816, -1.07439 ], [ 34.40819, -1.07456 ], [ 34.40825, -1.07467 ], [ 34.40834, -1.07474 ], [ 34.4085, -1.07474 ], [ 34.4085, -1.07474 ], [ 34.40865, -1.07474 ], [ 34.40876, -1.07477 ], [ 34.40881, -1.07485 ], [ 34.40883, -1.0749 ], [ 34.40888, -1.07505 ], [ 34.40901, -1.07517 ], [ 34.40913, -1.07531 ], [ 34.40913, -1.07533 ], [ 34.40914, -1.07533 ], [ 34.40919, -1.07546 ], [ 34.40941, -1.07564 ], [ 34.40941, -1.07565 ], [ 34.40943, -1.07566 ], [ 34.40948, -1.07571 ], [ 34.40971, -1.07589 ], [ 34.40986, -1.07613 ], [ 34.41013, -1.07637 ], [ 34.4103, -1.07657 ], [ 34.41051, -1.07668 ], [ 34.41053, -1.0767 ], [ 34.41063, -1.0768 ], [ 34.41103, -1.0771 ], [ 34.41122, -1.07731 ], [ 34.41137, -1.07754 ], [ 34.41157, -1.07778 ], [ 34.41179, -1.07797 ], [ 34.41199, -1.07809 ], [ 34.41194, -1.07801 ], [ 34.4119, -1.07793 ], [ 34.41186, -1.07786 ], [ 34.41183, -1.07778 ], [ 34.4118, -1.0777 ], [ 34.41177, -1.07763 ], [ 34.41175, -1.07756 ], [ 34.41174, -1.07749 ], [ 34.41173, -1.07742 ], [ 34.41172, -1.07735 ], [ 34.41172, -1.07728 ], [ 34.41173, -1.07722 ], [ 34.41174, -1.07715 ], [ 34.41175, -1.07709 ], [ 34.41177, -1.07705 ], [ 34.41178, -1.07701 ], [ 34.4118, -1.07697 ], [ 34.41183, -1.07693 ], [ 34.41185, -1.0769 ], [ 34.41188, -1.07686 ], [ 34.41192, -1.07682 ], [ 34.41196, -1.07678 ], [ 34.41203, -1.07671 ], [ 34.41211, -1.07664 ], [ 34.4122, -1.07657 ], [ 34.41244, -1.07638 ], [ 34.4125, -1.07633 ], [ 34.41256, -1.07628 ], [ 34.41266, -1.0762 ], [ 34.41276, -1.07611 ], [ 34.41286, -1.07602 ], [ 34.41298, -1.07593 ], [ 34.41323, -1.07574 ], [ 34.41358, -1.07548 ], [ 34.41391, -1.07523 ], [ 34.41415, -1.07506 ], [ 34.41438, -1.0749 ], [ 34.41458, -1.07476 ], [ 34.41478, -1.07463 ], [ 34.41498, -1.07451 ], [ 34.41517, -1.0744 ], [ 34.41535, -1.0743 ], [ 34.41569, -1.07412 ], [ 34.41579, -1.07406 ], [ 34.41589, -1.07402 ], [ 34.41599, -1.07397 ], [ 34.41609, -1.07393 ], [ 34.41618, -1.0739 ], [ 34.41626, -1.07387 ], [ 34.41634, -1.07385 ], [ 34.41641, -1.07383 ], [ 34.41649, -1.07381 ], [ 34.41656, -1.0738 ], [ 34.41665, -1.07379 ], [ 34.41673, -1.07378 ], [ 34.41682, -1.07378 ], [ 34.41691, -1.07378 ], [ 34.41707, -1.07378 ], [ 34.4171, -1.07378 ], [ 34.41718, -1.07378 ], [ 34.41724, -1.07379 ], [ 34.41743, -1.0738 ], [ 34.41761, -1.07381 ], [ 34.41807, -1.07386 ], [ 34.4182, -1.07387 ], [ 34.41832, -1.07388 ], [ 34.41832, -1.07388 ], [ 34.41845, -1.07388 ], [ 34.41857, -1.07388 ], [ 34.41869, -1.07388 ], [ 34.4188, -1.07387 ], [ 34.41909, -1.07384 ], [ 34.41928, -1.07382 ], [ 34.41944, -1.0738 ], [ 34.4196, -1.07378 ], [ 34.41974, -1.07375 ], [ 34.41988, -1.07372 ], [ 34.42002, -1.07369 ], [ 34.42014, -1.07366 ], [ 34.42024, -1.07362 ], [ 34.42035, -1.07359 ], [ 34.42045, -1.07355 ], [ 34.42056, -1.0735 ], [ 34.42068, -1.07346 ], [ 34.4208, -1.0734 ], [ 34.42092, -1.07335 ], [ 34.42105, -1.07328 ], [ 34.42117, -1.07322 ], [ 34.42129, -1.07315 ], [ 34.42142, -1.07308 ], [ 34.42176, -1.07286 ], [ 34.42187, -1.0728 ], [ 34.42196, -1.07274 ], [ 34.42232, -1.07255 ], [ 34.42247, -1.07248 ], [ 34.4226, -1.07242 ], [ 34.42273, -1.07236 ], [ 34.42286, -1.0723 ], [ 34.42298, -1.07225 ], [ 34.42309, -1.07221 ], [ 34.4232, -1.07217 ], [ 34.42331, -1.07214 ], [ 34.42343, -1.07211 ], [ 34.42369, -1.07204 ], [ 34.42381, -1.072 ], [ 34.42391, -1.07197 ], [ 34.424, -1.07194 ], [ 34.42416, -1.07188 ], [ 34.42431, -1.07182 ], [ 34.42435, -1.0718 ], [ 34.42435, -1.07171 ], [ 34.42435, -1.07171 ], [ 34.42435, -1.07171 ], [ 34.42435, -1.07171 ], [ 34.42435, -1.07171 ], [ 34.42443, -1.07167 ], [ 34.42452, -1.07163 ], [ 34.42452, -1.07172 ], [ 34.42454, -1.07217 ], [ 34.4246, -1.07243 ], [ 34.42471, -1.07269 ], [ 34.42481, -1.07287 ], [ 34.42501, -1.07301 ], [ 34.4252, -1.07315 ], [ 34.4258, -1.0733 ], [ 34.42656, -1.07351 ], [ 34.42699, -1.07354 ], [ 34.42768, -1.0736 ], [ 34.42907, -1.07384 ], [ 34.43049, -1.07406 ], [ 34.43193, -1.07441 ], [ 34.43334, -1.07488 ], [ 34.43336, -1.07489 ], [ 34.43342, -1.07491 ], [ 34.43363, -1.07498 ], [ 34.43503, -1.07545 ], [ 34.43644, -1.07595 ], [ 34.4371, -1.07614 ], [ 34.43839, -1.07644 ], [ 34.43884, -1.07656 ], [ 34.43886, -1.0765 ], [ 34.43888, -1.07641 ], [ 34.43891, -1.07626 ], [ 34.43893, -1.07618 ], [ 34.43895, -1.07612 ], [ 34.43896, -1.07606 ], [ 34.43899, -1.07595 ], [ 34.43901, -1.07585 ], [ 34.43902, -1.0758 ], [ 34.43905, -1.07569 ], [ 34.43908, -1.07556 ], [ 34.43911, -1.07547 ], [ 34.43913, -1.07535 ], [ 34.43916, -1.07523 ], [ 34.4392, -1.0751 ], [ 34.4392, -1.07506 ], [ 34.43927, -1.07477 ], [ 34.43932, -1.07459 ], [ 34.43934, -1.07449 ], [ 34.4397, -1.07283 ], [ 34.43977, -1.07241 ], [ 34.43978, -1.0723 ], [ 34.44001, -1.07087 ], [ 34.44002, -1.07083 ], [ 34.44003, -1.07077 ], [ 34.44003, -1.07072 ], [ 34.44004, -1.0707 ], [ 34.44004, -1.07067 ], [ 34.44005, -1.07062 ], [ 34.44006, -1.07056 ], [ 34.44007, -1.07051 ], [ 34.44008, -1.07045 ], [ 34.44009, -1.07039 ], [ 34.4401, -1.07034 ], [ 34.44012, -1.07026 ], [ 34.44013, -1.07019 ], [ 34.44015, -1.07008 ], [ 34.44016, -1.07002 ], [ 34.44018, -1.0699 ], [ 34.4402, -1.06981 ], [ 34.44021, -1.06975 ], [ 34.44023, -1.06967 ], [ 34.44025, -1.06956 ], [ 34.44026, -1.06952 ], [ 34.44027, -1.06947 ], [ 34.44029, -1.06934 ], [ 34.4403, -1.06927 ], [ 34.44032, -1.06916 ], [ 34.44034, -1.06908 ], [ 34.44037, -1.06893 ], [ 34.44063, -1.06672 ], [ 34.44068, -1.06507 ], [ 34.44069, -1.06467 ], [ 34.44074, -1.0628 ], [ 34.44073, -1.06141 ], [ 34.44065, -1.06141 ], [ 34.44068, -1.06108 ], [ 34.44069, -1.061 ], [ 34.4408, -1.06087 ], [ 34.44093, -1.06069 ], [ 34.44105, -1.06037 ], [ 34.44107, -1.06003 ], [ 34.44096, -1.05969 ], [ 34.441, -1.0596 ], [ 34.44112, -1.05954 ], [ 34.4413, -1.05935 ], [ 34.44153, -1.05896 ], [ 34.4417, -1.05865 ], [ 34.44183, -1.05838 ], [ 34.44187, -1.05813 ], [ 34.442, -1.05771 ], [ 34.44202, -1.05744 ], [ 34.44217, -1.0572 ], [ 34.44229, -1.05684 ], [ 34.44236, -1.05653 ], [ 34.44252, -1.0561 ], [ 34.44252, -1.05596 ], [ 34.44252, -1.05584 ], [ 34.44252, -1.05581 ], [ 34.44252, -1.05578 ], [ 34.44252, -1.05573 ], [ 34.44252, -1.05571 ], [ 34.44255, -1.05562 ], [ 34.44256, -1.05559 ], [ 34.44257, -1.05556 ], [ 34.44261, -1.05551 ], [ 34.44264, -1.05547 ], [ 34.44269, -1.05542 ], [ 34.44271, -1.05539 ], [ 34.44272, -1.05534 ], [ 34.44272, -1.05532 ], [ 34.44275, -1.05517 ], [ 34.44273, -1.05505 ], [ 34.44266, -1.05485 ], [ 34.44263, -1.0546 ], [ 34.44259, -1.05364 ], [ 34.44263, -1.05307 ], [ 34.4426, -1.05266 ], [ 34.44256, -1.05225 ], [ 34.44256, -1.05196 ], [ 34.44256, -1.05171 ], [ 34.44256, -1.0514 ], [ 34.44256, -1.0511 ], [ 34.44257, -1.05052 ], [ 34.4426, -1.0504 ], [ 34.44265, -1.0503 ], [ 34.44269, -1.04989 ], [ 34.44272, -1.0494 ], [ 34.44272, -1.04927 ], [ 34.44272, -1.04925 ], [ 34.44272, -1.04925 ], [ 34.44272, -1.04925 ], [ 34.44272, -1.04924 ], [ 34.44308, -1.0492 ], [ 34.44345, -1.04927 ], [ 34.44371, -1.04933 ], [ 34.44423, -1.04946 ], [ 34.44467, -1.04958 ], [ 34.4451, -1.0498 ], [ 34.44565, -1.04993 ], [ 34.44588, -1.04998 ], [ 34.44598, -1.05 ], [ 34.44598, -1.05 ], [ 34.44638, -1.0501 ], [ 34.44712, -1.05036 ], [ 34.44743, -1.05055 ], [ 34.44776, -1.05091 ], [ 34.44793, -1.05113 ], [ 34.44801, -1.05152 ], [ 34.44808, -1.05179 ], [ 34.44816, -1.05215 ], [ 34.44826, -1.05244 ], [ 34.4484, -1.05303 ], [ 34.44847, -1.05354 ], [ 34.44859, -1.0539 ], [ 34.44884, -1.05412 ], [ 34.44911, -1.0542 ], [ 34.44933, -1.05421 ], [ 34.4496, -1.05412 ], [ 34.44989, -1.05389 ], [ 34.45014, -1.05347 ], [ 34.45032, -1.05322 ], [ 34.45066, -1.05312 ], [ 34.45089, -1.05313 ], [ 34.45119, -1.05321 ], [ 34.45119, -1.05322 ], [ 34.45133, -1.05324 ], [ 34.45153, -1.05338 ], [ 34.45175, -1.05361 ], [ 34.45215, -1.05386 ], [ 34.45257, -1.05419 ], [ 34.45312, -1.05449 ], [ 34.45351, -1.05467 ], [ 34.45399, -1.05483 ], [ 34.45436, -1.0549 ], [ 34.45487, -1.05509 ], [ 34.45508, -1.05522 ], [ 34.45524, -1.05536 ], [ 34.45536, -1.05565 ], [ 34.45557, -1.05597 ], [ 34.45586, -1.05648 ], [ 34.45598, -1.05666 ], [ 34.45617, -1.05684 ], [ 34.45631, -1.05699 ], [ 34.45649, -1.05711 ], [ 34.45691, -1.05729 ], [ 34.45719, -1.05748 ], [ 34.45744, -1.05766 ], [ 34.45761, -1.05779 ], [ 34.45778, -1.05799 ], [ 34.45788, -1.05812 ], [ 34.45805, -1.05824 ], [ 34.45834, -1.0583 ], [ 34.45843, -1.05823 ], [ 34.45862, -1.05802 ], [ 34.45872, -1.05787 ], [ 34.45876, -1.05771 ], [ 34.45876, -1.05751 ], [ 34.45873, -1.05733 ], [ 34.4587, -1.05719 ], [ 34.45872, -1.05692 ], [ 34.45879, -1.05677 ], [ 34.45884, -1.05658 ], [ 34.45914, -1.05634 ], [ 34.45938, -1.05628 ], [ 34.45946, -1.05624 ], [ 34.45968, -1.05622 ], [ 34.45989, -1.05626 ], [ 34.46018, -1.05632 ], [ 34.46042, -1.05643 ], [ 34.46067, -1.0565 ], [ 34.46097, -1.05649 ], [ 34.46112, -1.05643 ], [ 34.46121, -1.05625 ], [ 34.46122, -1.05599 ], [ 34.46117, -1.05574 ], [ 34.46103, -1.05507 ], [ 34.46094, -1.0548 ], [ 34.4609, -1.05429 ], [ 34.46085, -1.05401 ], [ 34.4608, -1.05385 ], [ 34.46081, -1.05362 ], [ 34.46082, -1.05338 ], [ 34.46082, -1.05306 ], [ 34.46079, -1.05273 ], [ 34.46072, -1.0525 ], [ 34.46073, -1.05233 ], [ 34.46086, -1.05226 ], [ 34.46107, -1.05225 ], [ 34.46125, -1.05233 ], [ 34.46146, -1.05248 ], [ 34.4618, -1.05276 ], [ 34.46211, -1.05316 ], [ 34.46237, -1.05354 ], [ 34.4625, -1.05381 ], [ 34.4626, -1.05401 ], [ 34.46292, -1.0543 ], [ 34.4632, -1.05455 ], [ 34.46348, -1.05476 ], [ 34.46377, -1.05491 ], [ 34.46408, -1.05504 ], [ 34.46443, -1.0551 ], [ 34.46458, -1.0552 ], [ 34.4647, -1.05536 ], [ 34.4648, -1.05549 ], [ 34.46491, -1.05564 ], [ 34.46508, -1.05603 ], [ 34.4652, -1.05632 ], [ 34.46531, -1.05663 ], [ 34.46537, -1.05682 ], [ 34.46542, -1.05699 ], [ 34.46546, -1.05719 ], [ 34.46549, -1.05733 ], [ 34.46549, -1.05752 ], [ 34.4655, -1.05763 ], [ 34.46545, -1.05784 ], [ 34.46539, -1.058 ], [ 34.46528, -1.05817 ], [ 34.46511, -1.05833 ], [ 34.46496, -1.05846 ], [ 34.46478, -1.05857 ], [ 34.46463, -1.05868 ], [ 34.46452, -1.05875 ], [ 34.46448, -1.05892 ], [ 34.46447, -1.05914 ], [ 34.46446, -1.05936 ], [ 34.46453, -1.05953 ], [ 34.4646, -1.05971 ], [ 34.46467, -1.05989 ], [ 34.46477, -1.0602 ], [ 34.46485, -1.06032 ], [ 34.46501, -1.06076 ], [ 34.46535, -1.06121 ], [ 34.46556, -1.06156 ], [ 34.4656, -1.0619 ], [ 34.46548, -1.06227 ], [ 34.46544, -1.06263 ], [ 34.4655, -1.0628 ], [ 34.46577, -1.06298 ], [ 34.46587, -1.06307 ], [ 34.46586, -1.06308 ], [ 34.4659, -1.0631 ], [ 34.46596, -1.06314 ], [ 34.46611, -1.0632 ], [ 34.46628, -1.06325 ], [ 34.46642, -1.06331 ], [ 34.46659, -1.06331 ], [ 34.46676, -1.06332 ], [ 34.46697, -1.06335 ], [ 34.4672, -1.06343 ], [ 34.46745, -1.06351 ], [ 34.46774, -1.06363 ], [ 34.46791, -1.06371 ], [ 34.46806, -1.06389 ], [ 34.4682, -1.06408 ], [ 34.46831, -1.06443 ], [ 34.46845, -1.06485 ], [ 34.46849, -1.0651 ], [ 34.46853, -1.06531 ], [ 34.46854, -1.0654 ], [ 34.46856, -1.06556 ], [ 34.4686, -1.06585 ], [ 34.46864, -1.06595 ], [ 34.46871, -1.06615 ], [ 34.46874, -1.06619 ], [ 34.46882, -1.06635 ], [ 34.46894, -1.06652 ], [ 34.46906, -1.0667 ], [ 34.46916, -1.0668 ], [ 34.46935, -1.06686 ], [ 34.46954, -1.06688 ], [ 34.46971, -1.06684 ], [ 34.4699, -1.06678 ], [ 34.47015, -1.06666 ], [ 34.47039, -1.06656 ], [ 34.47054, -1.0665 ], [ 34.47065, -1.06645 ], [ 34.47081, -1.06643 ], [ 34.471, -1.06646 ], [ 34.47116, -1.06651 ], [ 34.47136, -1.06659 ], [ 34.47154, -1.06667 ], [ 34.47154, -1.06667 ], [ 34.47169, -1.06677 ], [ 34.47192, -1.06693 ], [ 34.47229, -1.06726 ], [ 34.47247, -1.06747 ], [ 34.47247, -1.06748 ], [ 34.47262, -1.06763 ], [ 34.47281, -1.06781 ], [ 34.47286, -1.06791 ], [ 34.47293, -1.06819 ], [ 34.47295, -1.06854 ], [ 34.47292, -1.0688 ], [ 34.47284, -1.06908 ], [ 34.47274, -1.06933 ], [ 34.47273, -1.06937 ], [ 34.47273, -1.06937 ], [ 34.4727, -1.06948 ], [ 34.47266, -1.06965 ], [ 34.47263, -1.06981 ], [ 34.47254, -1.07021 ], [ 34.47246, -1.07047 ], [ 34.4724, -1.07073 ], [ 34.47235, -1.07091 ], [ 34.47235, -1.07092 ], [ 34.47235, -1.0712 ], [ 34.47235, -1.07154 ], [ 34.47232, -1.07167 ], [ 34.47225, -1.07188 ], [ 34.47211, -1.07228 ], [ 34.47198, -1.07254 ], [ 34.47184, -1.07293 ], [ 34.47177, -1.0731 ], [ 34.47168, -1.0733 ], [ 34.47161, -1.0735 ], [ 34.47157, -1.07361 ], [ 34.47154, -1.07361 ], [ 34.47148, -1.07377 ], [ 34.47139, -1.07403 ], [ 34.4713, -1.07431 ], [ 34.47121, -1.07472 ], [ 34.47094, -1.07559 ], [ 34.4708, -1.07605 ], [ 34.4708, -1.07605 ], [ 34.47071, -1.07642 ], [ 34.47062, -1.07683 ], [ 34.47059, -1.07715 ], [ 34.47058, -1.07738 ], [ 34.47059, -1.07778 ], [ 34.47075, -1.07827 ], [ 34.47086, -1.07867 ], [ 34.471, -1.07901 ], [ 34.47101, -1.079 ], [ 34.47104, -1.07906 ], [ 34.47109, -1.07918 ], [ 34.47112, -1.07927 ], [ 34.47115, -1.07938 ], [ 34.47129, -1.07949 ], [ 34.47147, -1.07956 ], [ 34.47168, -1.07961 ], [ 34.47188, -1.07962 ], [ 34.47205, -1.07962 ], [ 34.47228, -1.0796 ], [ 34.47262, -1.07952 ], [ 34.4728, -1.07951 ], [ 34.47296, -1.07949 ], [ 34.47296, -1.07949 ], [ 34.47298, -1.0795 ], [ 34.47315, -1.07965 ], [ 34.47336, -1.07982 ], [ 34.47348, -1.07994 ], [ 34.47357, -1.08005 ], [ 34.47367, -1.08019 ], [ 34.47382, -1.08043 ], [ 34.47402, -1.08066 ], [ 34.47408, -1.08078 ], [ 34.4742, -1.08093 ], [ 34.47427, -1.08117 ], [ 34.47431, -1.0814 ], [ 34.47434, -1.08169 ], [ 34.4743, -1.08215 ], [ 34.47426, -1.08248 ], [ 34.47426, -1.08252 ], [ 34.47425, -1.08261 ], [ 34.47423, -1.08293 ], [ 34.47425, -1.08323 ], [ 34.47428, -1.08335 ], [ 34.47428, -1.08337 ], [ 34.47428, -1.08337 ], [ 34.47428, -1.08345 ], [ 34.47426, -1.08366 ], [ 34.47426, -1.08376 ], [ 34.47425, -1.08392 ], [ 34.47431, -1.08404 ], [ 34.47438, -1.08416 ], [ 34.47445, -1.08424 ], [ 34.47458, -1.08432 ], [ 34.47474, -1.08432 ], [ 34.47489, -1.08431 ], [ 34.47514, -1.08426 ], [ 34.47542, -1.08415 ], [ 34.4756, -1.08404 ], [ 34.47575, -1.08399 ], [ 34.47588, -1.08391 ], [ 34.47617, -1.0838 ], [ 34.47633, -1.08371 ], [ 34.47653, -1.08368 ], [ 34.47672, -1.0837 ], [ 34.47689, -1.08372 ], [ 34.47701, -1.08381 ], [ 34.47708, -1.08396 ], [ 34.47719, -1.08412 ], [ 34.4773, -1.0844 ], [ 34.4773, -1.08457 ], [ 34.47732, -1.08469 ], [ 34.47737, -1.08485 ], [ 34.47741, -1.08494 ], [ 34.47748, -1.08505 ], [ 34.47748, -1.08514 ], [ 34.47745, -1.08524 ], [ 34.47742, -1.08537 ], [ 34.47742, -1.08551 ], [ 34.47737, -1.08576 ], [ 34.47732, -1.08599 ], [ 34.47731, -1.08617 ], [ 34.47731, -1.08618 ], [ 34.47728, -1.08641 ], [ 34.47725, -1.08652 ], [ 34.47722, -1.08662 ], [ 34.47717, -1.08676 ], [ 34.47709, -1.08696 ], [ 34.47703, -1.08715 ], [ 34.47696, -1.08747 ], [ 34.47687, -1.08768 ], [ 34.47675, -1.08794 ], [ 34.47666, -1.08809 ], [ 34.47653, -1.0882 ], [ 34.47639, -1.08828 ], [ 34.47619, -1.0883 ], [ 34.47604, -1.08824 ], [ 34.47594, -1.08821 ], [ 34.47581, -1.08813 ], [ 34.47571, -1.08799 ], [ 34.47564, -1.08785 ], [ 34.4756, -1.08763 ], [ 34.47555, -1.08744 ], [ 34.47547, -1.08726 ], [ 34.47538, -1.08716 ], [ 34.47525, -1.08703 ], [ 34.47506, -1.08705 ], [ 34.47481, -1.08707 ], [ 34.47446, -1.08718 ], [ 34.47422, -1.08727 ], [ 34.47391, -1.08737 ], [ 34.47341, -1.08752 ], [ 34.4732, -1.08754 ], [ 34.47292, -1.08756 ], [ 34.47256, -1.08765 ], [ 34.47234, -1.08776 ], [ 34.47214, -1.08779 ], [ 34.47195, -1.08794 ], [ 34.47178, -1.08811 ], [ 34.47162, -1.08834 ], [ 34.47141, -1.08861 ], [ 34.47136, -1.08871 ], [ 34.47127, -1.08887 ], [ 34.47112, -1.08912 ], [ 34.47106, -1.08927 ], [ 34.47098, -1.08947 ], [ 34.47086, -1.08966 ], [ 34.47068, -1.08981 ], [ 34.47065, -1.08982 ], [ 34.47068, -1.08985 ], [ 34.47056, -1.09002 ], [ 34.47052, -1.09029 ], [ 34.47059, -1.09064 ], [ 34.47091, -1.09101 ], [ 34.47166, -1.09179 ], [ 34.47222, -1.09231 ], [ 34.47245, -1.09249 ], [ 34.47279, -1.09271 ], [ 34.47302, -1.09278 ], [ 34.47319, -1.09262 ], [ 34.47335, -1.09244 ], [ 34.47373, -1.09221 ], [ 34.47399, -1.09215 ], [ 34.47436, -1.09222 ], [ 34.4745, -1.0926 ], [ 34.47449, -1.09286 ], [ 34.47415, -1.09368 ], [ 34.47399, -1.09399 ], [ 34.47381, -1.09444 ], [ 34.47361, -1.0948 ], [ 34.47313, -1.09553 ], [ 34.47299, -1.09597 ], [ 34.47291, -1.09635 ], [ 34.47287, -1.09657 ], [ 34.47286, -1.09659 ], [ 34.47282, -1.09683 ], [ 34.4729, -1.0969 ], [ 34.47292, -1.09728 ], [ 34.47295, -1.09729 ], [ 34.47312, -1.09735 ], [ 34.47333, -1.0974 ], [ 34.47334, -1.09741 ], [ 34.47348, -1.0974 ], [ 34.47363, -1.09736 ], [ 34.47381, -1.09724 ], [ 34.47403, -1.09706 ], [ 34.47432, -1.09685 ], [ 34.47445, -1.09676 ], [ 34.47459, -1.09669 ], [ 34.47484, -1.09656 ], [ 34.47512, -1.09645 ], [ 34.47541, -1.09639 ], [ 34.47542, -1.09639 ], [ 34.47571, -1.09637 ], [ 34.4762, -1.09627 ], [ 34.47674, -1.0961 ], [ 34.4771, -1.09603 ], [ 34.47752, -1.09573 ], [ 34.47818, -1.09554 ], [ 34.47851, -1.09516 ], [ 34.47869, -1.09485 ], [ 34.47896, -1.09462 ], [ 34.47914, -1.09462 ], [ 34.47918, -1.09462 ], [ 34.47925, -1.09462 ], [ 34.47958, -1.09462 ], [ 34.47993, -1.09477 ], [ 34.4802, -1.09502 ], [ 34.47995, -1.09553 ], [ 34.47969, -1.09595 ], [ 34.47931, -1.09629 ], [ 34.47927, -1.0966 ], [ 34.47943, -1.09682 ], [ 34.47974, -1.09707 ], [ 34.48002, -1.09716 ], [ 34.48053, -1.0973 ], [ 34.48091, -1.0974 ], [ 34.48137, -1.09728 ], [ 34.48184, -1.09728 ], [ 34.48231, -1.09735 ], [ 34.48265, -1.09741 ], [ 34.48284, -1.09744 ], [ 34.48296, -1.09754 ], [ 34.48299, -1.09756 ], [ 34.48313, -1.09767 ], [ 34.48333, -1.09797 ], [ 34.48352, -1.09821 ], [ 34.48401, -1.09859 ], [ 34.48436, -1.09893 ], [ 34.48443, -1.09903 ], [ 34.48467, -1.09975 ], [ 34.48477, -1.10022 ], [ 34.48496, -1.10071 ], [ 34.48505, -1.10111 ], [ 34.48534, -1.10131 ], [ 34.48573, -1.10143 ], [ 34.48598, -1.10153 ], [ 34.48649, -1.10179 ], [ 34.48675, -1.10197 ], [ 34.48729, -1.10206 ], [ 34.48761, -1.10214 ], [ 34.48785, -1.10234 ], [ 34.48792, -1.10256 ], [ 34.48796, -1.10268 ], [ 34.48809, -1.10305 ], [ 34.48824, -1.10354 ], [ 34.48837, -1.10407 ], [ 34.48902, -1.1045 ], [ 34.48951, -1.10461 ], [ 34.49012, -1.10442 ], [ 34.49085, -1.10434 ], [ 34.49158, -1.10441 ], [ 34.49218, -1.10464 ], [ 34.49256, -1.10473 ], [ 34.49306, -1.10488 ], [ 34.49354, -1.10487 ], [ 34.49401, -1.10479 ], [ 34.4946, -1.10481 ], [ 34.49522, -1.10474 ], [ 34.49567, -1.10477 ], [ 34.49636, -1.10504 ], [ 34.49691, -1.10513 ], [ 34.49726, -1.10541 ], [ 34.49754, -1.10575 ], [ 34.49758, -1.10621 ], [ 34.49758, -1.10647 ], [ 34.49758, -1.1065 ], [ 34.49757, -1.10666 ], [ 34.4978, -1.10705 ], [ 34.49814, -1.10717 ], [ 34.49831, -1.10717 ], [ 34.49852, -1.10717 ], [ 34.49879, -1.107 ], [ 34.49938, -1.10696 ], [ 34.4999, -1.10678 ], [ 34.4999, -1.10678 ], [ 34.49991, -1.10678 ], [ 34.49993, -1.10678 ], [ 34.49994, -1.10678 ], [ 34.49995, -1.10678 ], [ 34.49996, -1.10678 ], [ 34.49997, -1.10678 ], [ 34.49997, -1.10678 ], [ 34.49998, -1.10678 ], [ 34.49999, -1.10678 ], [ 34.49999, -1.10678 ], [ 34.5, -1.10678 ], [ 34.5, -1.10678 ], [ 34.5, -1.10678 ], [ 34.5, -1.10678 ], [ 34.50002, -1.10678 ], [ 34.50007, -1.10677 ], [ 34.50011, -1.10678 ], [ 34.50015, -1.10678 ], [ 34.50015, -1.10678 ], [ 34.50016, -1.10678 ], [ 34.50016, -1.10678 ], [ 34.50016, -1.10678 ], [ 34.5002, -1.10678 ], [ 34.50029, -1.1068 ], [ 34.50036, -1.10681 ], [ 34.50036, -1.10681 ], [ 34.50037, -1.10681 ], [ 34.50037, -1.10681 ], [ 34.50037, -1.10681 ], [ 34.50043, -1.10683 ], [ 34.5005, -1.10684 ], [ 34.50055, -1.10687 ], [ 34.50066, -1.10693 ], [ 34.50071, -1.10698 ], [ 34.50077, -1.10708 ], [ 34.50083, -1.10718 ], [ 34.50092, -1.10729 ], [ 34.50099, -1.10737 ], [ 34.50102, -1.10739 ], [ 34.50104, -1.10741 ], [ 34.50105, -1.10742 ], [ 34.50107, -1.10743 ], [ 34.50108, -1.10745 ], [ 34.5011, -1.10746 ], [ 34.50111, -1.10747 ], [ 34.50113, -1.10748 ], [ 34.50114, -1.10749 ], [ 34.50116, -1.1075 ], [ 34.50116, -1.1075 ], [ 34.50116, -1.1075 ], [ 34.50116, -1.1075 ], [ 34.50116, -1.1075 ], [ 34.50128, -1.10755 ], [ 34.50136, -1.10758 ], [ 34.50145, -1.1076 ], [ 34.50146, -1.1076 ], [ 34.50152, -1.10762 ], [ 34.50158, -1.10765 ], [ 34.50158, -1.10765 ], [ 34.50158, -1.10765 ], [ 34.50158, -1.10765 ], [ 34.50163, -1.10768 ], [ 34.50167, -1.1077 ], [ 34.50167, -1.1077 ], [ 34.50167, -1.1077 ], [ 34.50168, -1.1077 ], [ 34.50168, -1.1077 ], [ 34.50173, -1.10774 ], [ 34.50179, -1.10779 ], [ 34.50179, -1.10779 ], [ 34.50179, -1.1078 ], [ 34.50179, -1.1078 ], [ 34.50184, -1.10784 ], [ 34.50194, -1.10792 ], [ 34.50201, -1.10797 ], [ 34.50209, -1.10802 ], [ 34.50216, -1.10807 ], [ 34.50231, -1.10816 ], [ 34.50231, -1.10816 ], [ 34.50231, -1.10816 ], [ 34.50235, -1.10819 ], [ 34.50241, -1.10822 ], [ 34.50249, -1.10828 ], [ 34.50253, -1.10831 ], [ 34.50258, -1.10834 ], [ 34.50263, -1.10836 ], [ 34.50265, -1.10837 ], [ 34.50267, -1.10901 ], [ 34.5027, -1.1098 ], [ 34.50272, -1.11008 ], [ 34.50282, -1.11106 ], [ 34.50289, -1.11179 ], [ 34.50288, -1.1137 ], [ 34.50286, -1.11388 ], [ 34.50286, -1.11412 ], [ 34.50282, -1.11429 ], [ 34.50275, -1.11461 ], [ 34.50256, -1.11542 ], [ 34.50251, -1.11549 ], [ 34.5025, -1.1155 ], [ 34.50203, -1.11608 ], [ 34.50194, -1.11625 ], [ 34.50177, -1.11633 ], [ 34.50105, -1.11673 ], [ 34.50058, -1.11703 ], [ 34.50011, -1.11725 ], [ 34.49981, -1.11747 ], [ 34.49913, -1.11776 ], [ 34.49822, -1.11822 ], [ 34.49683, -1.11896 ], [ 34.49626, -1.11926 ], [ 34.49501, -1.11987 ], [ 34.49428, -1.12023 ], [ 34.49355, -1.12058 ], [ 34.49255, -1.12107 ], [ 34.49208, -1.12133 ], [ 34.49191, -1.12139 ], [ 34.49157, -1.12152 ], [ 34.49116, -1.1218 ], [ 34.49051, -1.12226 ], [ 34.48919, -1.12326 ], [ 34.48789, -1.12439 ], [ 34.48782, -1.12447 ], [ 34.48778, -1.12451 ], [ 34.4875, -1.12483 ], [ 34.4864, -1.12613 ], [ 34.4859, -1.12661 ], [ 34.48523, -1.12691 ], [ 34.48417, -1.12731 ], [ 34.48315, -1.12777 ], [ 34.48249, -1.12827 ], [ 34.48203, -1.12856 ], [ 34.48129, -1.12927 ], [ 34.48129, -1.12927 ], [ 34.48141, -1.12951 ], [ 34.4816, -1.12987 ], [ 34.48171, -1.13005 ], [ 34.4822, -1.13084 ], [ 34.48267, -1.13162 ], [ 34.48269, -1.13166 ], [ 34.48275, -1.13177 ], [ 34.48322, -1.13251 ], [ 34.48331, -1.13259 ], [ 34.48311, -1.13263 ], [ 34.4828, -1.13273 ], [ 34.48265, -1.13278 ], [ 34.48228, -1.13275 ], [ 34.48201, -1.13277 ], [ 34.48174, -1.13275 ], [ 34.48037, -1.13265 ], [ 34.47831, -1.13263 ], [ 34.47737, -1.13263 ], [ 34.47737, -1.13262 ], [ 34.47724, -1.13241 ], [ 34.47707, -1.13208 ], [ 34.47706, -1.13165 ], [ 34.47714, -1.13147 ], [ 34.47722, -1.13129 ], [ 34.47723, -1.13125 ], [ 34.47724, -1.13104 ], [ 34.47724, -1.13093 ], [ 34.47723, -1.13092 ], [ 34.47704, -1.13068 ], [ 34.47701, -1.13064 ], [ 34.47693, -1.13036 ], [ 34.47705, -1.13003 ], [ 34.47719, -1.12978 ], [ 34.47724, -1.12946 ], [ 34.4775, -1.12913 ], [ 34.47751, -1.12911 ], [ 34.4776, -1.12879 ], [ 34.47762, -1.12871 ], [ 34.47756, -1.12862 ], [ 34.47755, -1.12861 ], [ 34.47742, -1.12841 ], [ 34.47732, -1.12812 ], [ 34.47753, -1.12793 ], [ 34.47756, -1.12788 ], [ 34.4776, -1.12784 ], [ 34.47773, -1.12768 ], [ 34.47768, -1.12768 ], [ 34.47772, -1.1276 ], [ 34.47775, -1.12748 ], [ 34.47746, -1.12757 ], [ 34.47689, -1.12718 ], [ 34.47689, -1.12653 ], [ 34.47629, -1.12588 ], [ 34.47549, -1.12569 ], [ 34.47455, -1.1259 ], [ 34.47368, -1.12593 ], [ 34.47258, -1.12623 ], [ 34.47205, -1.12653 ], [ 34.47167, -1.12661 ], [ 34.47168, -1.12663 ], [ 34.47162, -1.12664 ], [ 34.46955, -1.12679 ], [ 34.46712, -1.12694 ], [ 34.46702, -1.12694 ], [ 34.46562, -1.12694 ], [ 34.46411, -1.12694 ], [ 34.46386, -1.12692 ], [ 34.46316, -1.1267 ], [ 34.46239, -1.1265 ], [ 34.46144, -1.12629 ], [ 34.46067, -1.1262 ], [ 34.45996, -1.12606 ], [ 34.45908, -1.12597 ], [ 34.45822, -1.12591 ], [ 34.45768, -1.12594 ], [ 34.45545, -1.12561 ], [ 34.45433, -1.12553 ], [ 34.45329, -1.12566 ], [ 34.45276, -1.12568 ], [ 34.45215, -1.1257 ], [ 34.45041, -1.12623 ], [ 34.44937, -1.12667 ], [ 34.44874, -1.12693 ], [ 34.44783, -1.12745 ], [ 34.4474, -1.1277 ], [ 34.44752, -1.12751 ], [ 34.44756, -1.12746 ], [ 34.44718, -1.12761 ], [ 34.444, -1.1289 ], [ 34.4435, -1.1291 ], [ 34.44311, -1.12877 ], [ 34.44303, -1.12869 ], [ 34.44262, -1.12791 ], [ 34.44262, -1.12685 ], [ 34.44261, -1.12465 ], [ 34.44215, -1.12476 ], [ 34.44072, -1.12511 ], [ 34.43941, -1.1254 ], [ 34.43902, -1.12548 ], [ 34.43809, -1.12569 ], [ 34.43785, -1.12589 ], [ 34.43745, -1.12618 ], [ 34.43685, -1.12651 ], [ 34.43621, -1.12672 ], [ 34.43554, -1.12684 ], [ 34.43509, -1.12689 ], [ 34.43447, -1.12687 ], [ 34.43392, -1.1268 ], [ 34.43326, -1.12668 ], [ 34.43269, -1.12648 ], [ 34.4324, -1.12613 ], [ 34.4323, -1.12601 ], [ 34.43168, -1.12554 ], [ 34.43118, -1.125 ], [ 34.43068, -1.12443 ], [ 34.43043, -1.12403 ], [ 34.42999, -1.1236 ], [ 34.42938, -1.12331 ], [ 34.42926, -1.12283 ], [ 34.42924, -1.12277 ], [ 34.42898, -1.12271 ], [ 34.42865, -1.1225 ], [ 34.42831, -1.12227 ], [ 34.42795, -1.12203 ], [ 34.42777, -1.12193 ], [ 34.42769, -1.12188 ], [ 34.42746, -1.12175 ], [ 34.42741, -1.1217 ], [ 34.42735, -1.12165 ], [ 34.42718, -1.1215 ], [ 34.42683, -1.1212 ], [ 34.42646, -1.12098 ], [ 34.42621, -1.12078 ], [ 34.42594, -1.12069 ], [ 34.42568, -1.12059 ], [ 34.42525, -1.12047 ], [ 34.42498, -1.12046 ], [ 34.42461, -1.12046 ], [ 34.42424, -1.1205 ], [ 34.4239, -1.12063 ], [ 34.42352, -1.12081 ], [ 34.42322, -1.12094 ], [ 34.42275, -1.12113 ], [ 34.42235, -1.12131 ], [ 34.4221, -1.12145 ], [ 34.42181, -1.12163 ], [ 34.42144, -1.12178 ], [ 34.42104, -1.12199 ], [ 34.42046, -1.12216 ], [ 34.41996, -1.12231 ], [ 34.41994, -1.12233 ], [ 34.41987, -1.12236 ], [ 34.41981, -1.12238 ], [ 34.41975, -1.12241 ], [ 34.41969, -1.12245 ], [ 34.41969, -1.12245 ], [ 34.41964, -1.12248 ], [ 34.41958, -1.12251 ], [ 34.41953, -1.12255 ], [ 34.4195, -1.12257 ], [ 34.41949, -1.12258 ], [ 34.41948, -1.1226 ], [ 34.41947, -1.12262 ], [ 34.41947, -1.12264 ], [ 34.41947, -1.12265 ], [ 34.41932, -1.12279 ], [ 34.41901, -1.1229 ], [ 34.41855, -1.12288 ], [ 34.41828, -1.12287 ], [ 34.41824, -1.12286 ], [ 34.41792, -1.12285 ], [ 34.41765, -1.12285 ], [ 34.41735, -1.12285 ], [ 34.41686, -1.12293 ], [ 34.41626, -1.12299 ], [ 34.41571, -1.12309 ], [ 34.41511, -1.12322 ], [ 34.41441, -1.12343 ], [ 34.4141, -1.12349 ], [ 34.41362, -1.12367 ], [ 34.41324, -1.12386 ], [ 34.41276, -1.12403 ], [ 34.41236, -1.12411 ], [ 34.4121, -1.12419 ], [ 34.41153, -1.12446 ], [ 34.41125, -1.1247 ], [ 34.41108, -1.12518 ], [ 34.41091, -1.12589 ], [ 34.41084, -1.12601 ], [ 34.41072, -1.12623 ], [ 34.41065, -1.12644 ], [ 34.41063, -1.12647 ], [ 34.41059, -1.12652 ], [ 34.41056, -1.12656 ], [ 34.41054, -1.12659 ], [ 34.4105, -1.12666 ], [ 34.41045, -1.12674 ], [ 34.41041, -1.12682 ], [ 34.41036, -1.12691 ], [ 34.41015, -1.12721 ], [ 34.40996, -1.12761 ], [ 34.4099, -1.12786 ], [ 34.40973, -1.12811 ], [ 34.40967, -1.12818 ], [ 34.40962, -1.12823 ], [ 34.40956, -1.12828 ], [ 34.40951, -1.12831 ], [ 34.40947, -1.12833 ], [ 34.40946, -1.12834 ], [ 34.40941, -1.12836 ], [ 34.40937, -1.12837 ], [ 34.40935, -1.12838 ], [ 34.40931, -1.12839 ], [ 34.40928, -1.12839 ], [ 34.40904, -1.12841 ], [ 34.40873, -1.12841 ], [ 34.40846, -1.1284 ], [ 34.40796, -1.12845 ], [ 34.40748, -1.12874 ], [ 34.4071, -1.12905 ], [ 34.40682, -1.12921 ], [ 34.40644, -1.12941 ], [ 34.40607, -1.12965 ], [ 34.4058, -1.12992 ], [ 34.40566, -1.13017 ], [ 34.40547, -1.13043 ], [ 34.40543, -1.13047 ], [ 34.40533, -1.13056 ], [ 34.40532, -1.13058 ], [ 34.40515, -1.13074 ], [ 34.40498, -1.13093 ], [ 34.40481, -1.1311 ], [ 34.40465, -1.13118 ], [ 34.4043, -1.13143 ], [ 34.40397, -1.1317 ], [ 34.40372, -1.13191 ], [ 34.4035, -1.13208 ], [ 34.40323, -1.13223 ], [ 34.40296, -1.13231 ], [ 34.40288, -1.13234 ], [ 34.40278, -1.13238 ], [ 34.40269, -1.13243 ], [ 34.40258, -1.13248 ], [ 34.40247, -1.13254 ], [ 34.40241, -1.13258 ], [ 34.40227, -1.13266 ], [ 34.40213, -1.13275 ], [ 34.40198, -1.13285 ], [ 34.40181, -1.13296 ], [ 34.40172, -1.13302 ], [ 34.40166, -1.13304 ], [ 34.4013, -1.13319 ], [ 34.40102, -1.13337 ], [ 34.4007, -1.13361 ], [ 34.40048, -1.13375 ], [ 34.40035, -1.13387 ], [ 34.40026, -1.13396 ], [ 34.40018, -1.13403 ], [ 34.40018, -1.13403 ], [ 34.40022, -1.1345 ], [ 34.4004, -1.13488 ], [ 34.40062, -1.13526 ], [ 34.40107, -1.13575 ], [ 34.40131, -1.13597 ], [ 34.40132, -1.13598 ], [ 34.40155, -1.1362 ], [ 34.4016, -1.13626 ], [ 34.4015, -1.13644 ], [ 34.4012, -1.13697 ], [ 34.40095, -1.1374 ], [ 34.3981, -1.14116 ], [ 34.39741, -1.142 ], [ 34.3973, -1.1419 ], [ 34.39726, -1.14185 ], [ 34.39285, -1.14581 ], [ 34.39282, -1.14578 ], [ 34.39265, -1.14569 ], [ 34.39205, -1.14695 ], [ 34.39194, -1.14725 ], [ 34.39176, -1.14763 ], [ 34.39137, -1.14844 ], [ 34.3914, -1.14879 ], [ 34.39125, -1.15036 ], [ 34.39071, -1.15175 ], [ 34.39062, -1.15198 ], [ 34.39024, -1.15317 ], [ 34.38908, -1.15619 ], [ 34.38628, -1.15942 ], [ 34.38368, -1.16242 ], [ 34.38404, -1.1631 ], [ 34.38289, -1.16479 ], [ 34.38282, -1.16473 ], [ 34.38277, -1.16468 ], [ 34.38276, -1.16472 ], [ 34.38176, -1.16773 ], [ 34.37945, -1.17471 ], [ 34.37543, -1.18685 ], [ 34.37494, -1.18832 ], [ 34.37412, -1.18794 ], [ 34.3685, -1.18482 ], [ 34.36815, -1.18446 ], [ 34.36205, -1.18098 ], [ 34.35425, -1.17664 ], [ 34.34993, -1.1743 ], [ 34.34491, -1.17154 ], [ 34.33952, -1.16808 ], [ 34.33523, -1.16605 ], [ 34.33023, -1.16297 ], [ 34.32334, -1.15917 ], [ 34.31786, -1.15627 ], [ 34.31775, -1.15627 ], [ 34.31594, -1.15509 ], [ 34.30992, -1.15152 ], [ 34.30989, -1.15144 ], [ 34.29845, -1.14489 ], [ 34.29128, -1.14092 ], [ 34.28656, -1.13836 ], [ 34.27868, -1.13376 ], [ 34.27601, -1.13226 ], [ 34.2725, -1.13023 ], [ 34.26486, -1.12593 ], [ 34.25952, -1.12279 ], [ 34.25943, -1.10798 ], [ 34.25986, -1.10646 ], [ 34.26052, -1.10532 ], [ 34.26105, -1.10442 ], [ 34.26217, -1.1036 ], [ 34.26379, -1.1021 ], [ 34.26531, -1.10115 ], [ 34.26626, -1.1002 ], [ 34.26754, -1.09874 ], [ 34.26872, -1.09703 ], [ 34.26981, -1.09575 ], [ 34.27095, -1.09485 ], [ 34.27114, -1.0938 ], [ 34.27118, -1.09375 ], [ 34.27121, -1.0937 ], [ 34.27125, -1.09365 ], [ 34.27129, -1.09361 ], [ 34.27131, -1.09359 ], [ 34.27134, -1.09358 ], [ 34.2714, -1.09354 ], [ 34.27146, -1.09351 ], [ 34.27161, -1.09344 ], [ 34.27168, -1.0934 ], [ 34.27171, -1.09338 ], [ 34.27174, -1.09335 ], [ 34.27177, -1.09333 ], [ 34.27179, -1.09331 ], [ 34.27184, -1.09324 ], [ 34.27187, -1.09321 ], [ 34.27188, -1.09318 ], [ 34.2719, -1.09314 ], [ 34.27192, -1.0931 ], [ 34.27194, -1.09306 ], [ 34.27195, -1.09301 ], [ 34.27197, -1.09293 ], [ 34.27199, -1.09284 ], [ 34.272, -1.09276 ], [ 34.272, -1.09272 ], [ 34.27199, -1.09268 ], [ 34.27199, -1.09264 ], [ 34.27199, -1.09261 ], [ 34.27198, -1.09257 ], [ 34.27197, -1.09254 ], [ 34.27196, -1.09251 ], [ 34.27195, -1.09248 ], [ 34.27194, -1.09245 ], [ 34.27192, -1.09242 ], [ 34.27191, -1.09241 ], [ 34.27189, -1.09239 ], [ 34.27182, -1.09231 ], [ 34.27179, -1.09228 ], [ 34.27176, -1.09223 ], [ 34.27174, -1.09219 ], [ 34.27171, -1.09214 ], [ 34.27169, -1.0921 ], [ 34.27167, -1.09206 ], [ 34.27166, -1.09202 ], [ 34.27165, -1.09197 ], [ 34.27164, -1.09193 ], [ 34.27163, -1.09188 ], [ 34.27163, -1.09184 ], [ 34.27163, -1.09181 ], [ 34.27164, -1.09179 ], [ 34.27165, -1.09177 ], [ 34.27167, -1.09175 ], [ 34.27168, -1.09173 ], [ 34.27171, -1.09171 ], [ 34.2718, -1.09163 ], [ 34.27184, -1.0916 ], [ 34.27186, -1.09158 ], [ 34.27187, -1.09156 ], [ 34.27188, -1.09154 ], [ 34.27189, -1.09152 ], [ 34.27191, -1.09147 ], [ 34.27192, -1.09143 ], [ 34.27193, -1.0914 ], [ 34.27193, -1.09137 ], [ 34.27192, -1.09134 ], [ 34.27191, -1.09131 ], [ 34.2719, -1.09129 ], [ 34.27188, -1.09126 ], [ 34.27186, -1.09123 ], [ 34.27183, -1.09121 ], [ 34.27173, -1.09112 ], [ 34.27166, -1.09105 ], [ 34.27161, -1.09102 ], [ 34.27158, -1.091 ], [ 34.27156, -1.09099 ], [ 34.27154, -1.09098 ], [ 34.27151, -1.09097 ], [ 34.27149, -1.09097 ], [ 34.27144, -1.09097 ], [ 34.27142, -1.09096 ], [ 34.27141, -1.09096 ], [ 34.2714, -1.09095 ], [ 34.27139, -1.09093 ], [ 34.27136, -1.09089 ], [ 34.27135, -1.09086 ], [ 34.27134, -1.09083 ], [ 34.27133, -1.09079 ], [ 34.27133, -1.09076 ], [ 34.27133, -1.09072 ], [ 34.27134, -1.09068 ], [ 34.27136, -1.09054 ], [ 34.27137, -1.09048 ], [ 34.27138, -1.09043 ], [ 34.27138, -1.0904 ], [ 34.27137, -1.09038 ], [ 34.27136, -1.09032 ], [ 34.27135, -1.09025 ], [ 34.27133, -1.09018 ], [ 34.2713, -1.09008 ], [ 34.27127, -1.09001 ], [ 34.27124, -1.08994 ], [ 34.27121, -1.08987 ], [ 34.27117, -1.0898 ], [ 34.27113, -1.08973 ], [ 34.27109, -1.08966 ], [ 34.27092, -1.08939 ], [ 34.27087, -1.08931 ], [ 34.27087, -1.08931 ], [ 34.27085, -1.08928 ], [ 34.27081, -1.08922 ], [ 34.27078, -1.08916 ], [ 34.27076, -1.0891 ], [ 34.27073, -1.08905 ], [ 34.27068, -1.08892 ], [ 34.27064, -1.08881 ], [ 34.27064, -1.08881 ], [ 34.27058, -1.08864 ], [ 34.27054, -1.08853 ], [ 34.27051, -1.08847 ], [ 34.27047, -1.08841 ], [ 34.27035, -1.08818 ], [ 34.2703, -1.08809 ], [ 34.27028, -1.08805 ], [ 34.27026, -1.088 ], [ 34.27024, -1.08796 ], [ 34.27023, -1.08792 ], [ 34.27019, -1.0878 ], [ 34.27018, -1.08776 ], [ 34.27018, -1.08772 ], [ 34.27017, -1.08769 ], [ 34.27017, -1.08765 ], [ 34.27017, -1.08761 ], [ 34.27017, -1.08756 ], [ 34.27018, -1.08747 ], [ 34.2702, -1.08736 ], [ 34.27021, -1.08732 ], [ 34.27022, -1.08729 ], [ 34.27024, -1.08725 ], [ 34.27025, -1.08721 ], [ 34.27029, -1.08714 ], [ 34.27038, -1.08698 ], [ 34.2704, -1.08694 ], [ 34.27042, -1.0869 ], [ 34.27043, -1.08686 ], [ 34.27044, -1.08683 ], [ 34.27045, -1.08679 ], [ 34.27046, -1.08676 ], [ 34.27047, -1.08664 ], [ 34.27047, -1.0866 ], [ 34.27047, -1.08655 ], [ 34.27046, -1.08651 ], [ 34.27046, -1.08648 ], [ 34.27045, -1.08644 ], [ 34.27044, -1.08641 ], [ 34.27043, -1.08638 ], [ 34.27042, -1.08636 ], [ 34.2704, -1.08634 ], [ 34.27051, -1.08579 ], [ 34.27136, -1.08421 ], [ 34.27232, -1.08178 ], [ 34.27302, -1.08017 ], [ 34.2735, -1.07831 ], [ 34.27368, -1.07675 ], [ 34.27354, -1.07675 ], [ 34.2735, -1.07675 ], [ 34.27348, -1.07675 ], [ 34.27342, -1.07674 ], [ 34.27336, -1.07673 ], [ 34.27329, -1.07671 ], [ 34.27321, -1.07669 ], [ 34.27313, -1.07666 ], [ 34.27305, -1.07663 ], [ 34.27296, -1.07659 ], [ 34.27273, -1.07647 ], [ 34.27266, -1.07644 ], [ 34.2726, -1.07641 ], [ 34.27253, -1.07638 ], [ 34.27234, -1.0763 ], [ 34.27228, -1.07628 ], [ 34.27222, -1.07626 ], [ 34.27216, -1.07625 ], [ 34.2721, -1.07624 ], [ 34.27205, -1.07623 ], [ 34.272, -1.07623 ], [ 34.27193, -1.07624 ], [ 34.27186, -1.07625 ], [ 34.2718, -1.07626 ], [ 34.27174, -1.07628 ], [ 34.27171, -1.07629 ], [ 34.27168, -1.07631 ], [ 34.27165, -1.07634 ], [ 34.27158, -1.07639 ], [ 34.27155, -1.07642 ], [ 34.27151, -1.07644 ], [ 34.27148, -1.07645 ], [ 34.27142, -1.07648 ], [ 34.27125, -1.07648 ], [ 34.2712, -1.07649 ], [ 34.27231, -1.07392 ], [ 34.27371, -1.07009 ], [ 34.27453, -1.06803 ], [ 34.27604, -1.06565 ], [ 34.27595, -1.06565 ], [ 34.27642, -1.06445 ], [ 34.27694, -1.06391 ], [ 34.27733, -1.0631 ], [ 34.27772, -1.06197 ], [ 34.27817, -1.06047 ], [ 34.27839, -1.05976 ], [ 34.27853, -1.05893 ], [ 34.279, -1.05677 ], [ 34.27971, -1.05493 ], [ 34.28045, -1.05261 ], [ 34.28083, -1.05177 ], [ 34.28138, -1.04944 ], [ 34.28169, -1.04791 ], [ 34.28175, -1.04693 ], [ 34.28224, -1.04436 ], [ 34.28267, -1.04136 ], [ 34.28352, -1.03842 ], [ 34.28418, -1.0365 ], [ 34.28431, -1.03606 ], [ 34.28431, -1.03604 ], [ 34.28466, -1.03487 ], [ 34.2853, -1.03331 ], [ 34.28569, -1.03225 ], [ 34.28642, -1.03025 ], [ 34.28747, -1.02747 ], [ 34.28797, -1.02537 ], [ 34.28818, -1.02419 ], [ 34.28813, -1.02192 ], [ 34.28837, -1.02195 ], [ 34.28875, -1.02198 ], [ 34.28898, -1.02184 ], [ 34.2892, -1.02153 ], [ 34.28957, -1.02118 ], [ 34.28998, -1.021 ], [ 34.29029, -1.02088 ], [ 34.29104, -1.02078 ], [ 34.29169, -1.02074 ], [ 34.29227, -1.02072 ], [ 34.29282, -1.02071 ], [ 34.29355, -1.02073 ], [ 34.29441, -1.02094 ], [ 34.29503, -1.02117 ], [ 34.29564, -1.0215 ], [ 34.29611, -1.0218 ], [ 34.29664, -1.02202 ], [ 34.29789, -1.0225 ], [ 34.29825, -1.02268 ], [ 34.29966, -1.02302 ], [ 34.30036, -1.02314 ], [ 34.30102, -1.02316 ], [ 34.30171, -1.02255 ], [ 34.30229, -1.02191 ], [ 34.30336, -1.02086 ], [ 34.30472, -1.02055 ], [ 34.30564, -1.01991 ], [ 34.30629, -1.01905 ], [ 34.30686, -1.01791 ], [ 34.307, -1.01748 ], [ 34.3082, -1.01653 ], [ 34.30798, -1.01639 ], [ 34.30765, -1.01612 ], [ 34.3076, -1.0159 ], [ 34.30762, -1.01576 ], [ 34.30776, -1.0156 ], [ 34.3079, -1.0155 ], [ 34.30811, -1.01537 ], [ 34.30848, -1.01519 ], [ 34.3089, -1.01499 ], [ 34.30944, -1.01484 ], [ 34.31021, -1.01466 ], [ 34.31086, -1.0147 ], [ 34.31163, -1.01462 ], [ 34.3124, -1.01463 ], [ 34.31289, -1.01452 ], [ 34.31306, -1.01447 ], [ 34.31316, -1.01442 ], [ 34.31317, -1.01441 ], [ 34.31317, -1.01441 ], [ 34.3132, -1.0144 ], [ 34.31361, -1.01454 ], [ 34.31427, -1.01454 ], [ 34.31507, -1.0145 ], [ 34.31575, -1.0146 ], [ 34.31625, -1.01466 ], [ 34.31666, -1.01466 ], [ 34.31738, -1.0146 ], [ 34.31779, -1.01429 ], [ 34.31818, -1.01394 ], [ 34.31892, -1.01308 ], [ 34.31911, -1.01242 ], [ 34.31931, -1.01213 ], [ 34.31955, -1.01143 ], [ 34.31976, -1.01073 ], [ 34.31976, -1.01072 ], [ 34.31992, -1.01022 ], [ 34.32019, -1.00885 ], [ 34.32033, -1.00826 ], [ 34.32048, -1.00763 ], [ 34.3207, -1.00677 ], [ 34.3211, -1.00613 ], [ 34.32146, -1.00535 ], [ 34.32189, -1.0048 ], [ 34.32219, -1.00446 ], [ 34.32219, -1.00446 ], [ 34.32245, -1.00418 ], [ 34.32339, -1.00358 ], [ 34.32439, -1.00309 ], [ 34.32548, -1.00263 ], [ 34.32614, -1.00255 ], [ 34.32692, -1.00247 ], [ 34.32736, -1.00201 ], [ 34.32821, -1.00119 ], [ 34.32881, -1.00076 ], [ 34.33014, -0.99972 ], [ 34.33078, -0.99946 ], [ 34.33122, -0.99932 ], [ 34.33157, -0.99934 ], [ 34.33187, -0.99944 ], [ 34.33234, -0.99949 ], [ 34.33351, -0.99956 ], [ 34.33373, -0.99949 ] ] ] } },
{ "type": "Feature", "properties": { "entity_id": 226, "p_entity": 28, "name": "Uriri Sub County" }, "geometry": { "type": "Polygon", "coordinates": [ [ [ 34.46603, -0.86889 ], [ 34.46607, -0.86893 ], [ 34.46609, -0.86895 ], [ 34.46615, -0.86899 ], [ 34.46622, -0.86902 ], [ 34.46678, -0.86925 ], [ 34.46722, -0.86944 ], [ 34.46734, -0.86976 ], [ 34.46741, -0.86981 ], [ 34.46818, -0.87042 ], [ 34.46823, -0.87047 ], [ 34.46869, -0.87083 ], [ 34.46926, -0.87128 ], [ 34.47021, -0.87194 ], [ 34.47095, -0.87245 ], [ 34.47141, -0.87277 ], [ 34.47214, -0.87347 ], [ 34.47278, -0.87408 ], [ 34.47335, -0.87463 ], [ 34.4739, -0.87516 ], [ 34.47424, -0.8755 ], [ 34.47478, -0.87603 ], [ 34.47547, -0.87671 ], [ 34.47642, -0.87764 ], [ 34.47744, -0.87865 ], [ 34.47826, -0.87937 ], [ 34.47906, -0.88006 ], [ 34.48016, -0.88103 ], [ 34.48045, -0.88128 ], [ 34.48074, -0.88154 ], [ 34.48089, -0.88151 ], [ 34.48176, -0.88249 ], [ 34.48264, -0.8835 ], [ 34.48352, -0.88449 ], [ 34.48437, -0.88546 ], [ 34.48525, -0.88646 ], [ 34.4863, -0.88765 ], [ 34.48673, -0.88802 ], [ 34.48726, -0.88849 ], [ 34.4879, -0.88904 ], [ 34.48851, -0.88956 ], [ 34.48935, -0.89029 ], [ 34.49032, -0.89113 ], [ 34.49127, -0.89196 ], [ 34.49193, -0.89252 ], [ 34.49264, -0.89313 ], [ 34.49345, -0.89382 ], [ 34.4939, -0.89421 ], [ 34.49458, -0.89482 ], [ 34.49549, -0.89564 ], [ 34.49635, -0.89632 ], [ 34.49702, -0.89684 ], [ 34.49719, -0.89707 ], [ 34.4986, -0.89793 ], [ 34.49879, -0.89825 ], [ 34.49929, -0.89865 ], [ 34.49972, -0.89905 ], [ 34.50024, -0.89963 ], [ 34.50036, -0.90253 ], [ 34.50043, -0.90412 ], [ 34.50089, -0.90468 ], [ 34.50051, -0.90507 ], [ 34.50109, -0.90622 ], [ 34.50109, -0.90627 ], [ 34.50113, -0.9066 ], [ 34.50209, -0.90741 ], [ 34.50287, -0.90789 ], [ 34.50319, -0.90808 ], [ 34.50396, -0.9089 ], [ 34.50477, -0.91038 ], [ 34.50521, -0.91099 ], [ 34.50563, -0.91158 ], [ 34.50611, -0.91215 ], [ 34.50707, -0.91301 ], [ 34.50868, -0.91461 ], [ 34.50868, -0.91465 ], [ 34.50942, -0.91471 ], [ 34.51056, -0.91476 ], [ 34.5111, -0.91476 ], [ 34.51245, -0.91476 ], [ 34.51438, -0.91547 ], [ 34.51417, -0.91538 ], [ 34.51482, -0.91541 ], [ 34.51513, -0.91543 ], [ 34.51564, -0.91597 ], [ 34.51627, -0.91698 ], [ 34.51673, -0.91757 ], [ 34.51711, -0.91824 ], [ 34.51744, -0.91879 ], [ 34.51786, -0.91992 ], [ 34.51824, -0.92063 ], [ 34.51866, -0.92151 ], [ 34.51879, -0.92202 ], [ 34.51879, -0.92277 ], [ 34.51908, -0.92336 ], [ 34.51956, -0.92404 ], [ 34.51946, -0.92402 ], [ 34.51936, -0.924 ], [ 34.52021, -0.92466 ], [ 34.52084, -0.92546 ], [ 34.52189, -0.92613 ], [ 34.52218, -0.92671 ], [ 34.5222, -0.92674 ], [ 34.52261, -0.92802 ], [ 34.52257, -0.9284 ], [ 34.52257, -0.92874 ], [ 34.52257, -0.92924 ], [ 34.52288, -0.92991 ], [ 34.52294, -0.93004 ], [ 34.52322, -0.93031 ], [ 34.52349, -0.93058 ], [ 34.5242, -0.9313 ], [ 34.52492, -0.93209 ], [ 34.52549, -0.93295 ], [ 34.52556, -0.93308 ], [ 34.52636, -0.93461 ], [ 34.52779, -0.93669 ], [ 34.5291, -0.93867 ], [ 34.52972, -0.93961 ], [ 34.53053, -0.94059 ], [ 34.53069, -0.94079 ], [ 34.53149, -0.94116 ], [ 34.53167, -0.94125 ], [ 34.53234, -0.94215 ], [ 34.53315, -0.94344 ], [ 34.53431, -0.94523 ], [ 34.53555, -0.94717 ], [ 34.53595, -0.94781 ], [ 34.53625, -0.94813 ], [ 34.53792, -0.94993 ], [ 34.53909, -0.9519 ], [ 34.53945, -0.95245 ], [ 34.54065, -0.95426 ], [ 34.54084, -0.95456 ], [ 34.54102, -0.95489 ], [ 34.54237, -0.95708 ], [ 34.54365, -0.95937 ], [ 34.54398, -0.96025 ], [ 34.54403, -0.96042 ], [ 34.54412, -0.96072 ], [ 34.54416, -0.9612 ], [ 34.54482, -0.96185 ], [ 34.54525, -0.96242 ], [ 34.54562, -0.96291 ], [ 34.54595, -0.96353 ], [ 34.54602, -0.96369 ], [ 34.54617, -0.964 ], [ 34.54653, -0.96459 ], [ 34.54672, -0.96484 ], [ 34.54708, -0.96678 ], [ 34.54715, -0.96729 ], [ 34.54722, -0.9674 ], [ 34.54781, -0.96842 ], [ 34.54817, -0.96915 ], [ 34.54828, -0.96936 ], [ 34.54837, -0.96943 ], [ 34.54886, -0.96977 ], [ 34.54915, -0.97031 ], [ 34.54923, -0.97046 ], [ 34.54972, -0.97109 ], [ 34.54977, -0.97115 ], [ 34.54982, -0.97123 ], [ 34.54985, -0.97126 ], [ 34.54993, -0.97138 ], [ 34.54997, -0.97145 ], [ 34.55001, -0.97152 ], [ 34.55005, -0.97158 ], [ 34.55007, -0.97163 ], [ 34.55057, -0.97245 ], [ 34.55066, -0.97264 ], [ 34.55068, -0.97267 ], [ 34.55085, -0.97291 ], [ 34.55097, -0.97309 ], [ 34.55108, -0.97323 ], [ 34.55111, -0.97328 ], [ 34.55114, -0.97331 ], [ 34.55118, -0.97335 ], [ 34.55123, -0.9734 ], [ 34.55129, -0.97345 ], [ 34.55134, -0.97349 ], [ 34.55143, -0.97355 ], [ 34.55153, -0.97361 ], [ 34.55159, -0.97365 ], [ 34.55175, -0.97376 ], [ 34.55179, -0.97378 ], [ 34.55182, -0.97381 ], [ 34.55188, -0.97384 ], [ 34.55194, -0.9739 ], [ 34.55199, -0.97395 ], [ 34.55211, -0.9741 ], [ 34.55217, -0.97416 ], [ 34.55228, -0.97431 ], [ 34.5526, -0.97462 ], [ 34.55282, -0.97478 ], [ 34.55287, -0.97484 ], [ 34.55291, -0.97486 ], [ 34.55305, -0.97493 ], [ 34.5531, -0.97493 ], [ 34.55318, -0.97494 ], [ 34.55321, -0.97494 ], [ 34.55337, -0.975 ], [ 34.5535, -0.97505 ], [ 34.55354, -0.97507 ], [ 34.55357, -0.9751 ], [ 34.5536, -0.97512 ], [ 34.55363, -0.97515 ], [ 34.55365, -0.97518 ], [ 34.55368, -0.97521 ], [ 34.5537, -0.97525 ], [ 34.55371, -0.97527 ], [ 34.55373, -0.97531 ], [ 34.55376, -0.97536 ], [ 34.55376, -0.97538 ], [ 34.55377, -0.97541 ], [ 34.55379, -0.97543 ], [ 34.55377, -0.97547 ], [ 34.55372, -0.97562 ], [ 34.55372, -0.97566 ], [ 34.55372, -0.97573 ], [ 34.55372, -0.97576 ], [ 34.55365, -0.97586 ], [ 34.55362, -0.97599 ], [ 34.55369, -0.97609 ], [ 34.55372, -0.97615 ], [ 34.55373, -0.97617 ], [ 34.55381, -0.97634 ], [ 34.55381, -0.97643 ], [ 34.55377, -0.97653 ], [ 34.5537, -0.97658 ], [ 34.55368, -0.9766 ], [ 34.55366, -0.97662 ], [ 34.55362, -0.97665 ], [ 34.55359, -0.97671 ], [ 34.55356, -0.97676 ], [ 34.55355, -0.97679 ], [ 34.55354, -0.97682 ], [ 34.55355, -0.97685 ], [ 34.55357, -0.97689 ], [ 34.55358, -0.97692 ], [ 34.55361, -0.97696 ], [ 34.55378, -0.977 ], [ 34.55391, -0.97709 ], [ 34.55397, -0.9772 ], [ 34.55401, -0.97733 ], [ 34.55397, -0.97747 ], [ 34.55396, -0.97753 ], [ 34.55396, -0.97758 ], [ 34.55393, -0.97778 ], [ 34.55392, -0.97797 ], [ 34.55391, -0.97804 ], [ 34.5539, -0.97809 ], [ 34.55391, -0.97814 ], [ 34.55391, -0.97826 ], [ 34.55391, -0.97834 ], [ 34.55392, -0.9784 ], [ 34.55392, -0.97844 ], [ 34.55393, -0.97849 ], [ 34.55401, -0.97876 ], [ 34.55401, -0.97881 ], [ 34.55406, -0.97916 ], [ 34.5541, -0.97931 ], [ 34.55411, -0.97936 ], [ 34.55415, -0.97952 ], [ 34.55414, -0.97971 ], [ 34.55414, -0.97984 ], [ 34.55414, -0.97987 ], [ 34.55413, -0.97999 ], [ 34.55413, -0.98002 ], [ 34.55413, -0.98007 ], [ 34.55412, -0.98011 ], [ 34.55411, -0.98014 ], [ 34.5541, -0.98018 ], [ 34.55449, -0.98083 ], [ 34.55554, -0.98203 ], [ 34.55625, -0.98281 ], [ 34.55692, -0.98372 ], [ 34.55752, -0.98478 ], [ 34.55771, -0.98525 ], [ 34.55777, -0.98538 ], [ 34.55792, -0.98574 ], [ 34.55796, -0.98583 ], [ 34.55799, -0.98591 ], [ 34.55815, -0.98621 ], [ 34.5582, -0.98633 ], [ 34.55823, -0.9864 ], [ 34.55829, -0.98658 ], [ 34.55832, -0.98662 ], [ 34.55834, -0.98667 ], [ 34.55836, -0.98671 ], [ 34.55839, -0.98675 ], [ 34.55844, -0.98684 ], [ 34.55851, -0.98691 ], [ 34.55866, -0.98711 ], [ 34.55871, -0.98717 ], [ 34.55874, -0.98722 ], [ 34.55887, -0.9874 ], [ 34.55894, -0.98751 ], [ 34.559, -0.98762 ], [ 34.55905, -0.98772 ], [ 34.55908, -0.98777 ], [ 34.5591, -0.98784 ], [ 34.55916, -0.98797 ], [ 34.55921, -0.98812 ], [ 34.55932, -0.98831 ], [ 34.55962, -0.98947 ], [ 34.55965, -0.98956 ], [ 34.5597, -0.98972 ], [ 34.55976, -0.98991 ], [ 34.55981, -0.99007 ], [ 34.55996, -0.99058 ], [ 34.55999, -0.99071 ], [ 34.56011, -0.99115 ], [ 34.56015, -0.99129 ], [ 34.5602, -0.99148 ], [ 34.56032, -0.9918 ], [ 34.56059, -0.99252 ], [ 34.56077, -0.99302 ], [ 34.56168, -0.99503 ], [ 34.56258, -0.99749 ], [ 34.56274, -0.99836 ], [ 34.56301, -0.99926 ], [ 34.56325, -0.99981 ], [ 34.56352, -1.00024 ], [ 34.56407, -1.00095 ], [ 34.56472, -1.00224 ], [ 34.56761, -1.00802 ], [ 34.56786, -1.00871 ], [ 34.56818, -1.00963 ], [ 34.56838, -1.01028 ], [ 34.56857, -1.01061 ], [ 34.56908, -1.01105 ], [ 34.56923, -1.01117 ], [ 34.56977, -1.01069 ], [ 34.56983, -1.01064 ], [ 34.57, -1.01049 ], [ 34.57004, -1.01039 ], [ 34.57016, -1.0101 ], [ 34.57054, -1.0097 ], [ 34.57057, -1.00967 ], [ 34.57065, -1.00958 ], [ 34.57067, -1.00955 ], [ 34.57073, -1.0095 ], [ 34.57109, -1.00925 ], [ 34.57119, -1.00919 ], [ 34.5713, -1.00912 ], [ 34.57133, -1.00911 ], [ 34.57146, -1.00904 ], [ 34.57155, -1.009 ], [ 34.57162, -1.00897 ], [ 34.57169, -1.00894 ], [ 34.57176, -1.00891 ], [ 34.57181, -1.00889 ], [ 34.57184, -1.00889 ], [ 34.57188, -1.00888 ], [ 34.57192, -1.00888 ], [ 34.57251, -1.00888 ], [ 34.57319, -1.00863 ], [ 34.57324, -1.00862 ], [ 34.57328, -1.0086 ], [ 34.57334, -1.00858 ], [ 34.5735, -1.00853 ], [ 34.57401, -1.00821 ], [ 34.5742, -1.00807 ], [ 34.57467, -1.00774 ], [ 34.57496, -1.00775 ], [ 34.57501, -1.00775 ], [ 34.57507, -1.00775 ], [ 34.57511, -1.00775 ], [ 34.57515, -1.00775 ], [ 34.5753, -1.00774 ], [ 34.57625, -1.00762 ], [ 34.57715, -1.0077 ], [ 34.57732, -1.00767 ], [ 34.57872, -1.00743 ], [ 34.57938, -1.00749 ], [ 34.58137, -1.00769 ], [ 34.58144, -1.0077 ], [ 34.583, -1.00824 ], [ 34.58299, -1.00834 ], [ 34.58403, -1.0085 ], [ 34.58403, -1.0085 ], [ 34.58565, -1.00876 ], [ 34.58647, -1.00893 ], [ 34.58825, -1.00938 ], [ 34.58832, -1.0094 ], [ 34.5892, -1.00964 ], [ 34.58936, -1.0108 ], [ 34.58957, -1.01242 ], [ 34.58984, -1.01421 ], [ 34.59002, -1.01561 ], [ 34.59003, -1.01595 ], [ 34.59013, -1.01655 ], [ 34.59017, -1.01669 ], [ 34.59017, -1.01674 ], [ 34.5902, -1.01699 ], [ 34.59021, -1.01709 ], [ 34.59043, -1.01739 ], [ 34.59061, -1.01782 ], [ 34.59068, -1.01819 ], [ 34.59078, -1.01837 ], [ 34.59094, -1.01867 ], [ 34.59101, -1.01887 ], [ 34.59103, -1.01897 ], [ 34.59095, -1.01904 ], [ 34.59207, -1.02958 ], [ 34.59257, -1.03329 ], [ 34.5926, -1.0336 ], [ 34.59264, -1.03407 ], [ 34.59273, -1.03506 ], [ 34.59279, -1.03567 ], [ 34.5929, -1.03566 ], [ 34.5929, -1.03571 ], [ 34.59308, -1.037 ], [ 34.59309, -1.03714 ], [ 34.59313, -1.03756 ], [ 34.59317, -1.03798 ], [ 34.59321, -1.0384 ], [ 34.59328, -1.03914 ], [ 34.59373, -1.04388 ], [ 34.59379, -1.04415 ], [ 34.59413, -1.04478 ], [ 34.59445, -1.04539 ], [ 34.59445, -1.04539 ], [ 34.59446, -1.0454 ], [ 34.59674, -1.04965 ], [ 34.59706, -1.0503 ], [ 34.59771, -1.05159 ], [ 34.5979, -1.05197 ], [ 34.59847, -1.05309 ], [ 34.59846, -1.05313 ], [ 34.59825, -1.05362 ], [ 34.59825, -1.0538 ], [ 34.59826, -1.05389 ], [ 34.59826, -1.05409 ], [ 34.59826, -1.05418 ], [ 34.59826, -1.05424 ], [ 34.59826, -1.05429 ], [ 34.59825, -1.05434 ], [ 34.59824, -1.05438 ], [ 34.59823, -1.05442 ], [ 34.59822, -1.05444 ], [ 34.5982, -1.0545 ], [ 34.59817, -1.05457 ], [ 34.59814, -1.05464 ], [ 34.59811, -1.0547 ], [ 34.59805, -1.05481 ], [ 34.59799, -1.05491 ], [ 34.59782, -1.05518 ], [ 34.59781, -1.05521 ], [ 34.59769, -1.05549 ], [ 34.59765, -1.05559 ], [ 34.59765, -1.05561 ], [ 34.59765, -1.05563 ], [ 34.59765, -1.05566 ], [ 34.59765, -1.05578 ], [ 34.59765, -1.05583 ], [ 34.59765, -1.05598 ], [ 34.59765, -1.05609 ], [ 34.59766, -1.05616 ], [ 34.59766, -1.05623 ], [ 34.59769, -1.05648 ], [ 34.5977, -1.05657 ], [ 34.59771, -1.05664 ], [ 34.59771, -1.05666 ], [ 34.59771, -1.05674 ], [ 34.59771, -1.05679 ], [ 34.59769, -1.05696 ], [ 34.59769, -1.05712 ], [ 34.59769, -1.05718 ], [ 34.59769, -1.05723 ], [ 34.5977, -1.05729 ], [ 34.59771, -1.05735 ], [ 34.59773, -1.05742 ], [ 34.59775, -1.05751 ], [ 34.59776, -1.05754 ], [ 34.59781, -1.05772 ], [ 34.59838, -1.05833 ], [ 34.59897, -1.05951 ], [ 34.59931, -1.06046 ], [ 34.59957, -1.06105 ], [ 34.59958, -1.06116 ], [ 34.59959, -1.06118 ], [ 34.59974, -1.06145 ], [ 34.59979, -1.06154 ], [ 34.59983, -1.0616 ], [ 34.59992, -1.06175 ], [ 34.59985, -1.06186 ], [ 34.59964, -1.06218 ], [ 34.59964, -1.06248 ], [ 34.5995, -1.06285 ], [ 34.59948, -1.0629 ], [ 34.59988, -1.06431 ], [ 34.60008, -1.06478 ], [ 34.60023, -1.06516 ], [ 34.60049, -1.06578 ], [ 34.60075, -1.06641 ], [ 34.60119, -1.06746 ], [ 34.60122, -1.06821 ], [ 34.60123, -1.06823 ], [ 34.60124, -1.06866 ], [ 34.60115, -1.0688 ], [ 34.6009, -1.06922 ], [ 34.60072, -1.0695 ], [ 34.60009, -1.0703 ], [ 34.60008, -1.07031 ], [ 34.59992, -1.07058 ], [ 34.59927, -1.07067 ], [ 34.59898, -1.07067 ], [ 34.59859, -1.07067 ], [ 34.59844, -1.07067 ], [ 34.59831, -1.07068 ], [ 34.5983, -1.07067 ], [ 34.59827, -1.07067 ], [ 34.59825, -1.07067 ], [ 34.59825, -1.07067 ], [ 34.59814, -1.07066 ], [ 34.59763, -1.07064 ], [ 34.59746, -1.07059 ], [ 34.59676, -1.07036 ], [ 34.5964, -1.07011 ], [ 34.59596, -1.0698 ], [ 34.59493, -1.06971 ], [ 34.59451, -1.06967 ], [ 34.59432, -1.06965 ], [ 34.59351, -1.06965 ], [ 34.59274, -1.0697 ], [ 34.59249, -1.06971 ], [ 34.59184, -1.06993 ], [ 34.59079, -1.07048 ], [ 34.59019, -1.07074 ], [ 34.58998, -1.07082 ], [ 34.58973, -1.071 ], [ 34.58956, -1.07111 ], [ 34.58952, -1.07113 ], [ 34.58935, -1.07116 ], [ 34.5891, -1.0712 ], [ 34.58909, -1.07128 ], [ 34.58829, -1.07166 ], [ 34.58728, -1.07161 ], [ 34.58671, -1.07105 ], [ 34.58655, -1.07098 ], [ 34.58639, -1.07089 ], [ 34.58521, -1.07043 ], [ 34.58393, -1.07038 ], [ 34.58351, -1.07038 ], [ 34.58317, -1.07048 ], [ 34.58277, -1.07064 ], [ 34.58253, -1.07068 ], [ 34.58215, -1.07073 ], [ 34.58166, -1.07067 ], [ 34.58099, -1.07028 ], [ 34.58085, -1.07027 ], [ 34.58046, -1.06996 ], [ 34.58013, -1.06971 ], [ 34.57985, -1.06948 ], [ 34.57957, -1.06904 ], [ 34.57878, -1.06797 ], [ 34.57878, -1.06796 ], [ 34.57847, -1.06766 ], [ 34.57801, -1.0672 ], [ 34.57761, -1.0666 ], [ 34.57735, -1.06623 ], [ 34.5766, -1.06539 ], [ 34.57466, -1.06389 ], [ 34.57391, -1.06347 ], [ 34.57275, -1.06281 ], [ 34.57244, -1.06255 ], [ 34.57242, -1.06255 ], [ 34.57187, -1.06243 ], [ 34.57033, -1.06238 ], [ 34.56965, -1.06251 ], [ 34.5687, -1.06268 ], [ 34.56727, -1.06306 ], [ 34.56593, -1.06367 ], [ 34.56546, -1.06376 ], [ 34.56509, -1.06384 ], [ 34.56509, -1.06384 ], [ 34.56505, -1.06375 ], [ 34.56503, -1.06372 ], [ 34.56486, -1.06334 ], [ 34.56486, -1.06244 ], [ 34.56509, -1.06182 ], [ 34.56535, -1.06162 ], [ 34.56599, -1.0603 ], [ 34.56605, -1.06017 ], [ 34.56645, -1.05889 ], [ 34.56664, -1.05827 ], [ 34.5669, -1.05681 ], [ 34.5674, -1.05577 ], [ 34.56751, -1.05555 ], [ 34.56788, -1.05478 ], [ 34.56847, -1.05354 ], [ 34.56856, -1.05336 ], [ 34.56861, -1.05297 ], [ 34.56863, -1.05286 ], [ 34.56864, -1.05274 ], [ 34.56866, -1.05226 ], [ 34.56853, -1.05208 ], [ 34.56846, -1.05198 ], [ 34.56817, -1.05192 ], [ 34.56809, -1.05191 ], [ 34.56725, -1.05184 ], [ 34.56611, -1.05141 ], [ 34.56525, -1.05134 ], [ 34.56453, -1.0513 ], [ 34.56352, -1.05082 ], [ 34.56205, -1.05079 ], [ 34.56135, -1.0507 ], [ 34.56098, -1.05066 ], [ 34.56074, -1.05058 ], [ 34.5607, -1.05058 ], [ 34.56059, -1.05057 ], [ 34.56041, -1.05055 ], [ 34.56031, -1.05054 ], [ 34.56012, -1.05052 ], [ 34.55998, -1.0505 ], [ 34.55988, -1.05048 ], [ 34.55977, -1.05045 ], [ 34.55966, -1.05041 ], [ 34.55966, -1.05041 ], [ 34.55957, -1.05041 ], [ 34.55949, -1.05046 ], [ 34.5592, -1.05028 ], [ 34.55903, -1.05023 ], [ 34.55892, -1.0502 ], [ 34.55885, -1.05018 ], [ 34.55879, -1.05015 ], [ 34.55874, -1.05013 ], [ 34.55868, -1.05011 ], [ 34.55861, -1.05007 ], [ 34.55852, -1.05002 ], [ 34.55844, -1.04996 ], [ 34.55843, -1.04995 ], [ 34.55828, -1.04984 ], [ 34.55822, -1.04979 ], [ 34.55814, -1.04974 ], [ 34.55808, -1.0497 ], [ 34.55801, -1.04967 ], [ 34.55793, -1.04963 ], [ 34.55768, -1.04953 ], [ 34.5576, -1.04949 ], [ 34.55752, -1.04945 ], [ 34.55746, -1.04942 ], [ 34.5574, -1.04938 ], [ 34.55734, -1.04934 ], [ 34.55718, -1.04922 ], [ 34.55659, -1.0489 ], [ 34.55653, -1.04888 ], [ 34.55643, -1.04884 ], [ 34.55619, -1.04877 ], [ 34.5561, -1.04874 ], [ 34.556, -1.0487 ], [ 34.55579, -1.04859 ], [ 34.55573, -1.04857 ], [ 34.55568, -1.04855 ], [ 34.55555, -1.04851 ], [ 34.55541, -1.04847 ], [ 34.55528, -1.04843 ], [ 34.55514, -1.04841 ], [ 34.55506, -1.04834 ], [ 34.5549, -1.04819 ], [ 34.55483, -1.04813 ], [ 34.55475, -1.04806 ], [ 34.55466, -1.04799 ], [ 34.55456, -1.04792 ], [ 34.55446, -1.04784 ], [ 34.5543, -1.04773 ], [ 34.55418, -1.04765 ], [ 34.55406, -1.04757 ], [ 34.55395, -1.04751 ], [ 34.55385, -1.04746 ], [ 34.55375, -1.04741 ], [ 34.55366, -1.04736 ], [ 34.55356, -1.04732 ], [ 34.55352, -1.04731 ], [ 34.55347, -1.04729 ], [ 34.55329, -1.04725 ], [ 34.55322, -1.04723 ], [ 34.55316, -1.04721 ], [ 34.5531, -1.04718 ], [ 34.55306, -1.04716 ], [ 34.55305, -1.04715 ], [ 34.55302, -1.04713 ], [ 34.55298, -1.0471 ], [ 34.55294, -1.04707 ], [ 34.55286, -1.047 ], [ 34.55273, -1.04688 ], [ 34.55269, -1.04685 ], [ 34.55261, -1.04676 ], [ 34.55259, -1.04674 ], [ 34.55239, -1.04661 ], [ 34.55234, -1.04659 ], [ 34.55227, -1.04657 ], [ 34.5522, -1.04655 ], [ 34.55196, -1.04648 ], [ 34.55188, -1.04646 ], [ 34.55173, -1.04642 ], [ 34.55156, -1.04638 ], [ 34.5514, -1.04634 ], [ 34.55101, -1.04626 ], [ 34.55063, -1.04618 ], [ 34.55054, -1.04616 ], [ 34.55046, -1.04614 ], [ 34.55037, -1.04612 ], [ 34.55028, -1.04608 ], [ 34.55018, -1.04605 ], [ 34.54997, -1.04597 ], [ 34.54987, -1.04593 ], [ 34.54979, -1.0459 ], [ 34.54971, -1.04588 ], [ 34.54961, -1.04586 ], [ 34.54949, -1.04584 ], [ 34.54938, -1.04582 ], [ 34.54912, -1.04579 ], [ 34.549, -1.04577 ], [ 34.54893, -1.04575 ], [ 34.5489, -1.04575 ], [ 34.5488, -1.04572 ], [ 34.54871, -1.0457 ], [ 34.54861, -1.04566 ], [ 34.5485, -1.04562 ], [ 34.54839, -1.04558 ], [ 34.5482, -1.04549 ], [ 34.54782, -1.04531 ], [ 34.54766, -1.04524 ], [ 34.54718, -1.04503 ], [ 34.54692, -1.04467 ], [ 34.54675, -1.04444 ], [ 34.54582, -1.0441 ], [ 34.54543, -1.04403 ], [ 34.54468, -1.04396 ], [ 34.54459, -1.04398 ], [ 34.5445, -1.04399 ], [ 34.54441, -1.044 ], [ 34.54432, -1.04402 ], [ 34.54425, -1.04402 ], [ 34.54411, -1.04404 ], [ 34.54405, -1.04404 ], [ 34.54393, -1.04406 ], [ 34.54391, -1.04407 ], [ 34.54384, -1.04407 ], [ 34.54373, -1.04408 ], [ 34.54369, -1.04408 ], [ 34.54364, -1.04407 ], [ 34.54359, -1.04407 ], [ 34.54355, -1.04406 ], [ 34.54351, -1.04405 ], [ 34.54347, -1.04404 ], [ 34.54341, -1.04402 ], [ 34.54336, -1.04401 ], [ 34.54332, -1.04399 ], [ 34.54329, -1.04396 ], [ 34.54327, -1.04395 ], [ 34.54326, -1.04393 ], [ 34.54325, -1.04391 ], [ 34.54321, -1.04384 ], [ 34.5432, -1.04382 ], [ 34.54318, -1.04381 ], [ 34.54316, -1.04378 ], [ 34.54313, -1.04376 ], [ 34.54309, -1.04373 ], [ 34.54304, -1.04371 ], [ 34.54301, -1.04369 ], [ 34.54298, -1.04368 ], [ 34.54295, -1.04368 ], [ 34.54291, -1.04367 ], [ 34.54287, -1.04367 ], [ 34.54283, -1.04367 ], [ 34.54265, -1.04367 ], [ 34.54257, -1.04367 ], [ 34.54253, -1.04367 ], [ 34.5425, -1.04366 ], [ 34.54246, -1.04366 ], [ 34.54243, -1.04364 ], [ 34.54236, -1.04361 ], [ 34.54236, -1.04361 ], [ 34.54233, -1.0436 ], [ 34.54231, -1.04359 ], [ 34.54229, -1.04356 ], [ 34.54226, -1.04352 ], [ 34.54225, -1.04351 ], [ 34.54221, -1.04347 ], [ 34.54217, -1.04341 ], [ 34.54202, -1.0432 ], [ 34.54196, -1.04312 ], [ 34.54192, -1.04307 ], [ 34.54188, -1.04301 ], [ 34.54183, -1.04293 ], [ 34.5418, -1.04288 ], [ 34.54176, -1.04283 ], [ 34.54173, -1.04279 ], [ 34.5417, -1.04275 ], [ 34.54167, -1.04273 ], [ 34.54161, -1.04267 ], [ 34.54155, -1.04263 ], [ 34.5415, -1.04259 ], [ 34.54145, -1.04256 ], [ 34.54141, -1.04254 ], [ 34.54137, -1.04252 ], [ 34.54133, -1.04251 ], [ 34.54129, -1.0425 ], [ 34.54126, -1.04249 ], [ 34.54122, -1.04248 ], [ 34.54119, -1.04248 ], [ 34.54114, -1.04248 ], [ 34.54108, -1.04249 ], [ 34.54102, -1.0425 ], [ 34.54096, -1.04252 ], [ 34.54094, -1.04253 ], [ 34.54091, -1.04255 ], [ 34.54088, -1.04257 ], [ 34.54086, -1.04259 ], [ 34.54086, -1.04259 ], [ 34.54082, -1.04261 ], [ 34.5407, -1.04268 ], [ 34.54067, -1.04269 ], [ 34.54065, -1.0427 ], [ 34.54063, -1.04271 ], [ 34.5406, -1.04272 ], [ 34.54058, -1.04272 ], [ 34.54056, -1.04273 ], [ 34.54052, -1.04273 ], [ 34.54049, -1.04272 ], [ 34.54046, -1.04272 ], [ 34.54044, -1.04271 ], [ 34.54043, -1.04271 ], [ 34.54041, -1.0427 ], [ 34.54039, -1.04268 ], [ 34.54036, -1.04267 ], [ 34.54031, -1.04262 ], [ 34.54029, -1.04259 ], [ 34.54025, -1.04257 ], [ 34.5402, -1.04254 ], [ 34.54007, -1.04247 ], [ 34.53997, -1.04241 ], [ 34.53992, -1.04239 ], [ 34.53986, -1.04237 ], [ 34.53982, -1.04235 ], [ 34.53978, -1.04234 ], [ 34.53974, -1.04233 ], [ 34.53974, -1.04233 ], [ 34.53974, -1.04233 ], [ 34.53973, -1.04233 ], [ 34.53973, -1.04233 ], [ 34.53966, -1.04232 ], [ 34.5396, -1.04231 ], [ 34.53959, -1.04231 ], [ 34.53953, -1.0423 ], [ 34.53945, -1.0423 ], [ 34.53923, -1.04228 ], [ 34.53917, -1.04228 ], [ 34.53899, -1.04227 ], [ 34.53894, -1.04227 ], [ 34.53889, -1.04227 ], [ 34.53886, -1.04226 ], [ 34.53883, -1.04226 ], [ 34.53876, -1.04226 ], [ 34.53871, -1.04225 ], [ 34.53868, -1.04225 ], [ 34.53867, -1.04224 ], [ 34.53866, -1.04224 ], [ 34.53865, -1.04223 ], [ 34.53863, -1.04222 ], [ 34.53862, -1.0422 ], [ 34.5386, -1.04218 ], [ 34.53859, -1.04215 ], [ 34.53857, -1.04209 ], [ 34.53856, -1.04206 ], [ 34.53855, -1.04204 ], [ 34.5385, -1.04196 ], [ 34.53849, -1.04194 ], [ 34.53848, -1.04192 ], [ 34.53848, -1.0419 ], [ 34.53848, -1.04188 ], [ 34.53848, -1.04186 ], [ 34.53849, -1.04176 ], [ 34.5381, -1.04236 ], [ 34.53809, -1.04236 ], [ 34.53754, -1.04299 ], [ 34.53737, -1.04298 ], [ 34.53733, -1.04314 ], [ 34.53725, -1.04348 ], [ 34.53715, -1.04369 ], [ 34.53681, -1.04383 ], [ 34.53646, -1.0435 ], [ 34.5362, -1.04326 ], [ 34.53595, -1.04271 ], [ 34.5355, -1.0423 ], [ 34.53545, -1.04225 ], [ 34.53542, -1.04222 ], [ 34.53511, -1.04206 ], [ 34.53379, -1.04136 ], [ 34.5328, -1.04084 ], [ 34.53222, -1.04053 ], [ 34.53, -1.03921 ], [ 34.52957, -1.03895 ], [ 34.52842, -1.03823 ], [ 34.52562, -1.03644 ], [ 34.5256, -1.03642 ], [ 34.52557, -1.0364 ], [ 34.52555, -1.03637 ], [ 34.5255, -1.0363 ], [ 34.52547, -1.03627 ], [ 34.52543, -1.03623 ], [ 34.52539, -1.0362 ], [ 34.52534, -1.03616 ], [ 34.52529, -1.03612 ], [ 34.5252, -1.03607 ], [ 34.52499, -1.03595 ], [ 34.52494, -1.03591 ], [ 34.5249, -1.03589 ], [ 34.52475, -1.03579 ], [ 34.5244, -1.03557 ], [ 34.52424, -1.03548 ], [ 34.52406, -1.03535 ], [ 34.52387, -1.03522 ], [ 34.52366, -1.03506 ], [ 34.52322, -1.03472 ], [ 34.52303, -1.03457 ], [ 34.52282, -1.03442 ], [ 34.52263, -1.03429 ], [ 34.52247, -1.03418 ], [ 34.52225, -1.03404 ], [ 34.5221, -1.03395 ], [ 34.5214, -1.03349 ], [ 34.52094, -1.03318 ], [ 34.52082, -1.0331 ], [ 34.51929, -1.03213 ], [ 34.51761, -1.03096 ], [ 34.51719, -1.0307 ], [ 34.51686, -1.03049 ], [ 34.51657, -1.0303 ], [ 34.51625, -1.03008 ], [ 34.51594, -1.02986 ], [ 34.51517, -1.02931 ], [ 34.51496, -1.02917 ], [ 34.51477, -1.02903 ], [ 34.51381, -1.02839 ], [ 34.51296, -1.02782 ], [ 34.51269, -1.02763 ], [ 34.51251, -1.02752 ], [ 34.51243, -1.02747 ], [ 34.51223, -1.02734 ], [ 34.51168, -1.027 ], [ 34.51152, -1.02689 ], [ 34.51137, -1.0268 ], [ 34.51117, -1.02665 ], [ 34.51112, -1.02662 ], [ 34.51101, -1.02653 ], [ 34.51096, -1.02649 ], [ 34.51091, -1.02645 ], [ 34.51086, -1.02642 ], [ 34.51083, -1.02641 ], [ 34.51079, -1.0264 ], [ 34.51074, -1.02639 ], [ 34.51061, -1.02635 ], [ 34.51057, -1.02634 ], [ 34.51053, -1.02633 ], [ 34.51048, -1.0263 ], [ 34.51044, -1.02628 ], [ 34.51039, -1.02625 ], [ 34.51034, -1.02622 ], [ 34.51029, -1.02618 ], [ 34.51024, -1.02614 ], [ 34.51019, -1.0261 ], [ 34.51014, -1.02606 ], [ 34.50898, -1.02532 ], [ 34.50734, -1.02428 ], [ 34.50674, -1.02393 ], [ 34.50661, -1.02381 ], [ 34.50588, -1.02335 ], [ 34.50586, -1.02334 ], [ 34.50494, -1.02261 ], [ 34.50494, -1.02261 ], [ 34.50493, -1.02255 ], [ 34.50491, -1.0225 ], [ 34.5049, -1.02248 ], [ 34.50488, -1.02245 ], [ 34.50481, -1.02233 ], [ 34.50479, -1.0223 ], [ 34.50478, -1.02228 ], [ 34.50476, -1.02221 ], [ 34.50474, -1.02217 ], [ 34.50474, -1.02213 ], [ 34.50474, -1.0221 ], [ 34.50474, -1.02206 ], [ 34.50476, -1.02202 ], [ 34.50477, -1.02199 ], [ 34.50482, -1.02191 ], [ 34.50482, -1.0219 ], [ 34.50484, -1.02187 ], [ 34.50487, -1.02182 ], [ 34.5049, -1.02178 ], [ 34.50498, -1.02169 ], [ 34.50501, -1.02165 ], [ 34.50504, -1.0216 ], [ 34.50506, -1.02155 ], [ 34.50508, -1.0215 ], [ 34.5051, -1.02144 ], [ 34.50511, -1.02139 ], [ 34.50512, -1.02134 ], [ 34.50512, -1.0213 ], [ 34.50512, -1.02125 ], [ 34.50512, -1.02121 ], [ 34.50512, -1.02117 ], [ 34.50511, -1.02113 ], [ 34.50509, -1.0211 ], [ 34.50508, -1.02106 ], [ 34.50506, -1.02102 ], [ 34.50504, -1.02099 ], [ 34.50502, -1.02096 ], [ 34.50498, -1.02093 ], [ 34.50495, -1.02091 ], [ 34.5049, -1.02089 ], [ 34.50485, -1.02087 ], [ 34.5048, -1.02085 ], [ 34.50465, -1.0208 ], [ 34.50461, -1.02078 ], [ 34.50447, -1.02075 ], [ 34.5038, -1.02059 ], [ 34.50228, -1.01972 ], [ 34.501, -1.01862 ], [ 34.50078, -1.01842 ], [ 34.50014, -1.01779 ], [ 34.49977, -1.01741 ], [ 34.49816, -1.01709 ], [ 34.49692, -1.01666 ], [ 34.49599, -1.01627 ], [ 34.4959, -1.01625 ], [ 34.49443, -1.01584 ], [ 34.49307, -1.0154 ], [ 34.48962, -1.01454 ], [ 34.48938, -1.01448 ], [ 34.48861, -1.01426 ], [ 34.48836, -1.01429 ], [ 34.48726, -1.01405 ], [ 34.48435, -1.01272 ], [ 34.48432, -1.01272 ], [ 34.48286, -1.01263 ], [ 34.48006, -1.01187 ], [ 34.47854, -1.01149 ], [ 34.47803, -1.01142 ], [ 34.47705, -1.01127 ], [ 34.47604, -1.01105 ], [ 34.47544, -1.01093 ], [ 34.47518, -1.01086 ], [ 34.46916, -1.00914 ], [ 34.46604, -1.00841 ], [ 34.46584, -1.00817 ], [ 34.46537, -1.00812 ], [ 34.4649, -1.00806 ], [ 34.46386, -1.00775 ], [ 34.46227, -1.00744 ], [ 34.46274, -1.00617 ], [ 34.46311, -1.00539 ], [ 34.46318, -1.00524 ], [ 34.46388, -1.00315 ], [ 34.46386, -1.00315 ], [ 34.46393, -1.00294 ], [ 34.46327, -1.00305 ], [ 34.46224, -1.00332 ], [ 34.46201, -1.00337 ], [ 34.46143, -1.00347 ], [ 34.46109, -1.00353 ], [ 34.4595, -1.00402 ], [ 34.45844, -1.00444 ], [ 34.45802, -1.00451 ], [ 34.45751, -1.0046 ], [ 34.45726, -1.00476 ], [ 34.45673, -1.00481 ], [ 34.45673, -1.00485 ], [ 34.45668, -1.00485 ], [ 34.45583, -1.00491 ], [ 34.45483, -1.00512 ], [ 34.4544, -1.0051 ], [ 34.45421, -1.00509 ], [ 34.45313, -1.0046 ], [ 34.45196, -1.00398 ], [ 34.45075, -1.00284 ], [ 34.44964, -1.00179 ], [ 34.44952, -1.00156 ], [ 34.44918, -1.00146 ], [ 34.44895, -1.0014 ], [ 34.44697, -1.00098 ], [ 34.44687, -1.00094 ], [ 34.44639, -1.00066 ], [ 34.44521, -1.00031 ], [ 34.44428, -1.00021 ], [ 34.44329, -1.00013 ], [ 34.44187, -0.99981 ], [ 34.4408, -0.99952 ], [ 34.43938, -0.99898 ], [ 34.43932, -0.99896 ], [ 34.4385, -0.99859 ], [ 34.43762, -0.99815 ], [ 34.43713, -0.99776 ], [ 34.43634, -0.99751 ], [ 34.43527, -0.99717 ], [ 34.43355, -0.99693 ], [ 34.43106, -0.99644 ], [ 34.42895, -0.99619 ], [ 34.42811, -0.99633 ], [ 34.42684, -0.9962 ], [ 34.42529, -0.99609 ], [ 34.42444, -0.99635 ], [ 34.42426, -0.9964 ], [ 34.42302, -0.99687 ], [ 34.42132, -0.99728 ], [ 34.41957, -0.99728 ], [ 34.4183, -0.99728 ], [ 34.4173, -0.99728 ], [ 34.41529, -0.99769 ], [ 34.41344, -0.99774 ], [ 34.4132, -0.99785 ], [ 34.41241, -0.99821 ], [ 34.41241, -0.99791 ], [ 34.41232, -0.99791 ], [ 34.41232, -0.99791 ], [ 34.41168, -0.99791 ], [ 34.41089, -0.99791 ], [ 34.41011, -0.99786 ], [ 34.40962, -0.99792 ], [ 34.40854, -0.99805 ], [ 34.40776, -0.998 ], [ 34.40698, -0.998 ], [ 34.40668, -0.99893 ], [ 34.40673, -0.99957 ], [ 34.40703, -1.00001 ], [ 34.40742, -1.0005 ], [ 34.40766, -1.00187 ], [ 34.4083, -1.00299 ], [ 34.40862, -1.00392 ], [ 34.40864, -1.00397 ], [ 34.40845, -1.00505 ], [ 34.40815, -1.00578 ], [ 34.40766, -1.00652 ], [ 34.40635, -1.00703 ], [ 34.40615, -1.00711 ], [ 34.40507, -1.00715 ], [ 34.40439, -1.00703 ], [ 34.40439, -1.00703 ], [ 34.40404, -1.00696 ], [ 34.40328, -1.00663 ], [ 34.40292, -1.00647 ], [ 34.40273, -1.00633 ], [ 34.40252, -1.00618 ], [ 34.4014, -1.0052 ], [ 34.40013, -1.00383 ], [ 34.3995, -1.00318 ], [ 34.39905, -1.0027 ], [ 34.39763, -1.00192 ], [ 34.39602, -1.00118 ], [ 34.39383, -0.9996 ], [ 34.39318, -0.99913 ], [ 34.39102, -0.99742 ], [ 34.38972, -0.99664 ], [ 34.38966, -0.99648 ], [ 34.38954, -0.99579 ], [ 34.38934, -0.99519 ], [ 34.38911, -0.99516 ], [ 34.38858, -0.99472 ], [ 34.38774, -0.99419 ], [ 34.38686, -0.99321 ], [ 34.38557, -0.99231 ], [ 34.38515, -0.99149 ], [ 34.38376, -0.99155 ], [ 34.38339, -0.99159 ], [ 34.38305, -0.99198 ], [ 34.38251, -0.99247 ], [ 34.38213, -0.9931 ], [ 34.38192, -0.99345 ], [ 34.38182, -0.99409 ], [ 34.38175, -0.99459 ], [ 34.38136, -0.99479 ], [ 34.38077, -0.99479 ], [ 34.38038, -0.99472 ], [ 34.37956, -0.99431 ], [ 34.37907, -0.99355 ], [ 34.37874, -0.99321 ], [ 34.37797, -0.9924 ], [ 34.37671, -0.99214 ], [ 34.37621, -0.9921 ], [ 34.376, -0.99191 ], [ 34.37534, -0.99119 ], [ 34.37482, -0.99067 ], [ 34.37397, -0.99067 ], [ 34.37372, -0.99087 ], [ 34.37339, -0.99051 ], [ 34.37314, -0.99025 ], [ 34.37302, -0.99007 ], [ 34.37306, -0.98995 ], [ 34.37195, -0.98825 ], [ 34.37175, -0.98733 ], [ 34.37053, -0.98638 ], [ 34.36884, -0.98474 ], [ 34.36737, -0.98285 ], [ 34.36656, -0.9823 ], [ 34.36653, -0.98228 ], [ 34.36522, -0.98149 ], [ 34.36244, -0.97981 ], [ 34.35914, -0.97766 ], [ 34.35835, -0.97691 ], [ 34.3578, -0.9763 ], [ 34.35723, -0.97543 ], [ 34.3572, -0.97582 ], [ 34.35529, -0.97346 ], [ 34.35388, -0.97223 ], [ 34.35372, -0.97152 ], [ 34.35349, -0.97117 ], [ 34.35318, -0.97035 ], [ 34.3521, -0.96906 ], [ 34.35108, -0.96819 ], [ 34.34913, -0.96706 ], [ 34.34795, -0.96634 ], [ 34.34785, -0.96633 ], [ 34.34781, -0.96627 ], [ 34.34722, -0.96583 ], [ 34.34688, -0.96557 ], [ 34.34628, -0.96515 ], [ 34.34567, -0.9647 ], [ 34.34516, -0.96428 ], [ 34.34477, -0.96366 ], [ 34.34405, -0.96258 ], [ 34.34352, -0.96133 ], [ 34.34303, -0.9606 ], [ 34.34256, -0.96005 ], [ 34.34231, -0.95965 ], [ 34.3424, -0.95927 ], [ 34.34249, -0.95883 ], [ 34.34228, -0.95807 ], [ 34.34224, -0.95793 ], [ 34.34195, -0.95784 ], [ 34.34115, -0.95786 ], [ 34.34064, -0.95788 ], [ 34.34045, -0.95789 ], [ 34.33989, -0.95791 ], [ 34.3399, -0.95795 ], [ 34.33987, -0.95791 ], [ 34.33984, -0.95788 ], [ 34.33926, -0.95703 ], [ 34.33838, -0.95587 ], [ 34.33786, -0.9551 ], [ 34.33786, -0.95509 ], [ 34.33753, -0.95505 ], [ 34.33715, -0.95481 ], [ 34.3371, -0.95474 ], [ 34.33705, -0.95467 ], [ 34.33705, -0.95454 ], [ 34.33695, -0.95392 ], [ 34.33726, -0.95364 ], [ 34.33765, -0.95321 ], [ 34.33772, -0.95311 ], [ 34.33771, -0.953 ], [ 34.33787, -0.95274 ], [ 34.33798, -0.95255 ], [ 34.33808, -0.95238 ], [ 34.33816, -0.95222 ], [ 34.33829, -0.95196 ], [ 34.33834, -0.95185 ], [ 34.33839, -0.95174 ], [ 34.33843, -0.95163 ], [ 34.33845, -0.95159 ], [ 34.33847, -0.95153 ], [ 34.33851, -0.95143 ], [ 34.33854, -0.95133 ], [ 34.33857, -0.95124 ], [ 34.3386, -0.95114 ], [ 34.33862, -0.95105 ], [ 34.33864, -0.95096 ], [ 34.33866, -0.95087 ], [ 34.33868, -0.95078 ], [ 34.33869, -0.9507 ], [ 34.3387, -0.95061 ], [ 34.3387, -0.95056 ], [ 34.3387, -0.95051 ], [ 34.3387, -0.95043 ], [ 34.3387, -0.95036 ], [ 34.33869, -0.95022 ], [ 34.33869, -0.95012 ], [ 34.33869, -0.95003 ], [ 34.3387, -0.94996 ], [ 34.33871, -0.9499 ], [ 34.33873, -0.94984 ], [ 34.33875, -0.94977 ], [ 34.33877, -0.94971 ], [ 34.33879, -0.94965 ], [ 34.33882, -0.94959 ], [ 34.33893, -0.94937 ], [ 34.33896, -0.94929 ], [ 34.339, -0.94921 ], [ 34.33903, -0.94913 ], [ 34.33906, -0.94903 ], [ 34.33908, -0.94896 ], [ 34.33909, -0.94892 ], [ 34.33913, -0.9488 ], [ 34.33916, -0.94868 ], [ 34.3392, -0.94851 ], [ 34.33921, -0.94847 ], [ 34.33931, -0.94801 ], [ 34.33936, -0.94781 ], [ 34.3395, -0.94721 ], [ 34.33956, -0.94695 ], [ 34.33961, -0.94679 ], [ 34.33966, -0.94661 ], [ 34.33969, -0.94651 ], [ 34.3397, -0.94648 ], [ 34.34001, -0.94513 ], [ 34.3402, -0.94443 ], [ 34.34044, -0.94368 ], [ 34.34058, -0.94332 ], [ 34.34065, -0.94311 ], [ 34.34073, -0.94287 ], [ 34.34081, -0.94266 ], [ 34.34088, -0.94246 ], [ 34.341, -0.94217 ], [ 34.34106, -0.94203 ], [ 34.34111, -0.94191 ], [ 34.34117, -0.9418 ], [ 34.34122, -0.94168 ], [ 34.34128, -0.94158 ], [ 34.34133, -0.94148 ], [ 34.34141, -0.94134 ], [ 34.3415, -0.94119 ], [ 34.3416, -0.94103 ], [ 34.34175, -0.94082 ], [ 34.34181, -0.94072 ], [ 34.34196, -0.94047 ], [ 34.342, -0.9404 ], [ 34.34204, -0.94035 ], [ 34.34209, -0.94028 ], [ 34.34214, -0.94022 ], [ 34.34219, -0.94017 ], [ 34.34224, -0.94012 ], [ 34.34228, -0.94008 ], [ 34.34234, -0.94004 ], [ 34.34239, -0.94001 ], [ 34.34245, -0.93997 ], [ 34.34277, -0.93954 ], [ 34.34292, -0.93918 ], [ 34.34296, -0.93892 ], [ 34.34297, -0.93871 ], [ 34.34294, -0.93815 ], [ 34.34276, -0.93767 ], [ 34.34258, -0.93701 ], [ 34.34245, -0.93657 ], [ 34.34239, -0.93625 ], [ 34.34226, -0.93597 ], [ 34.34201, -0.93558 ], [ 34.34187, -0.93532 ], [ 34.34174, -0.93513 ], [ 34.34168, -0.93495 ], [ 34.34168, -0.93456 ], [ 34.34157, -0.93392 ], [ 34.34155, -0.93319 ], [ 34.34155, -0.93272 ], [ 34.34151, -0.93254 ], [ 34.3415, -0.93248 ], [ 34.34148, -0.9323 ], [ 34.34137, -0.93185 ], [ 34.34127, -0.93147 ], [ 34.34121, -0.93105 ], [ 34.34124, -0.93071 ], [ 34.3411, -0.93067 ], [ 34.34081, -0.93067 ], [ 34.34045, -0.93055 ], [ 34.34034, -0.93047 ], [ 34.34002, -0.93022 ], [ 34.34001, -0.9302 ], [ 34.33978, -0.92973 ], [ 34.33977, -0.9297 ], [ 34.33977, -0.92966 ], [ 34.33976, -0.92958 ], [ 34.33976, -0.92946 ], [ 34.33975, -0.92938 ], [ 34.33974, -0.92931 ], [ 34.33973, -0.92925 ], [ 34.33971, -0.92919 ], [ 34.33969, -0.92912 ], [ 34.33966, -0.92902 ], [ 34.33963, -0.92871 ], [ 34.33958, -0.9279 ], [ 34.33955, -0.92707 ], [ 34.33956, -0.92628 ], [ 34.33956, -0.9262 ], [ 34.33958, -0.92601 ], [ 34.33959, -0.92584 ], [ 34.33959, -0.92581 ], [ 34.3396, -0.92569 ], [ 34.3396, -0.92555 ], [ 34.33966, -0.9253 ], [ 34.33981, -0.92491 ], [ 34.34007, -0.92462 ], [ 34.34052, -0.92439 ], [ 34.34102, -0.92417 ], [ 34.34105, -0.92345 ], [ 34.34108, -0.92301 ], [ 34.34122, -0.92248 ], [ 34.34128, -0.92207 ], [ 34.34088, -0.92184 ], [ 34.34043, -0.92159 ], [ 34.33996, -0.92139 ], [ 34.33991, -0.92135 ], [ 34.33992, -0.92127 ], [ 34.33993, -0.92125 ], [ 34.33948, -0.92049 ], [ 34.33927, -0.9201 ], [ 34.33927, -0.91986 ], [ 34.33925, -0.91948 ], [ 34.33913, -0.91911 ], [ 34.33897, -0.91883 ], [ 34.33875, -0.91856 ], [ 34.33863, -0.91833 ], [ 34.33855, -0.91823 ], [ 34.33838, -0.9182 ], [ 34.33837, -0.9182 ], [ 34.33836, -0.9182 ], [ 34.33836, -0.9182 ], [ 34.33837, -0.91818 ], [ 34.33837, -0.91818 ], [ 34.33857, -0.91801 ], [ 34.33867, -0.91798 ], [ 34.33877, -0.91793 ], [ 34.33886, -0.91789 ], [ 34.3391, -0.91776 ], [ 34.33923, -0.91769 ], [ 34.33934, -0.91762 ], [ 34.33936, -0.9176 ], [ 34.33944, -0.91755 ], [ 34.33949, -0.91751 ], [ 34.33954, -0.91748 ], [ 34.33958, -0.91744 ], [ 34.33961, -0.9174 ], [ 34.33965, -0.91736 ], [ 34.33968, -0.91733 ], [ 34.33971, -0.91729 ], [ 34.33974, -0.91725 ], [ 34.33975, -0.91722 ], [ 34.33977, -0.91719 ], [ 34.33979, -0.91715 ], [ 34.3398, -0.91711 ], [ 34.33983, -0.91703 ], [ 34.33984, -0.91699 ], [ 34.33985, -0.91698 ], [ 34.33996, -0.91682 ], [ 34.33999, -0.91671 ], [ 34.34008, -0.91644 ], [ 34.3404, -0.91609 ], [ 34.34072, -0.91594 ], [ 34.34075, -0.91593 ], [ 34.34078, -0.91594 ], [ 34.34104, -0.91598 ], [ 34.34125, -0.91615 ], [ 34.34149, -0.91628 ], [ 34.34178, -0.91633 ], [ 34.34229, -0.91624 ], [ 34.34277, -0.91615 ], [ 34.34287, -0.9161 ], [ 34.34289, -0.9161 ], [ 34.34297, -0.91608 ], [ 34.34305, -0.91606 ], [ 34.34314, -0.91603 ], [ 34.34324, -0.916 ], [ 34.34345, -0.91593 ], [ 34.34356, -0.91589 ], [ 34.34367, -0.91585 ], [ 34.34372, -0.91583 ], [ 34.34378, -0.9158 ], [ 34.3439, -0.91575 ], [ 34.34402, -0.91569 ], [ 34.34414, -0.91563 ], [ 34.34427, -0.91556 ], [ 34.34441, -0.91549 ], [ 34.34451, -0.91543 ], [ 34.34452, -0.91543 ], [ 34.34452, -0.91543 ], [ 34.3446, -0.91539 ], [ 34.34476, -0.91529 ], [ 34.34491, -0.9152 ], [ 34.34504, -0.91511 ], [ 34.34514, -0.91504 ], [ 34.34525, -0.91495 ], [ 34.34535, -0.91487 ], [ 34.3454, -0.91482 ], [ 34.34543, -0.9148 ], [ 34.34574, -0.91461 ], [ 34.34602, -0.91443 ], [ 34.34615, -0.91429 ], [ 34.34618, -0.91424 ], [ 34.34618, -0.91424 ], [ 34.34624, -0.9142 ], [ 34.3463, -0.91414 ], [ 34.34636, -0.91409 ], [ 34.34641, -0.91403 ], [ 34.34643, -0.914 ], [ 34.34645, -0.91397 ], [ 34.34648, -0.91392 ], [ 34.3465, -0.91386 ], [ 34.34653, -0.9138 ], [ 34.34655, -0.91372 ], [ 34.34656, -0.91366 ], [ 34.34658, -0.9136 ], [ 34.34662, -0.91333 ], [ 34.34665, -0.91321 ], [ 34.34668, -0.91304 ], [ 34.34676, -0.91262 ], [ 34.34676, -0.91259 ], [ 34.34678, -0.91251 ], [ 34.34681, -0.91242 ], [ 34.34683, -0.91232 ], [ 34.34687, -0.91221 ], [ 34.34691, -0.91209 ], [ 34.34702, -0.91177 ], [ 34.34706, -0.91167 ], [ 34.34709, -0.91158 ], [ 34.34713, -0.91141 ], [ 34.34718, -0.91121 ], [ 34.34722, -0.91101 ], [ 34.34729, -0.91061 ], [ 34.34733, -0.91044 ], [ 34.34737, -0.91026 ], [ 34.3474, -0.9101 ], [ 34.34744, -0.90997 ], [ 34.34751, -0.90965 ], [ 34.34754, -0.90956 ], [ 34.34756, -0.90947 ], [ 34.34757, -0.90944 ], [ 34.34766, -0.90936 ], [ 34.34816, -0.90885 ], [ 34.34859, -0.90858 ], [ 34.34897, -0.90826 ], [ 34.34923, -0.90812 ], [ 34.35006, -0.90783 ], [ 34.35051, -0.90741 ], [ 34.35086, -0.90706 ], [ 34.35129, -0.90684 ], [ 34.35147, -0.90673 ], [ 34.35155, -0.90597 ], [ 34.35162, -0.90573 ], [ 34.35174, -0.90532 ], [ 34.3517, -0.9048 ], [ 34.35171, -0.90354 ], [ 34.35153, -0.90271 ], [ 34.35107, -0.90211 ], [ 34.35059, -0.90185 ], [ 34.35033, -0.90178 ], [ 34.3495, -0.90142 ], [ 34.34873, -0.90095 ], [ 34.348, -0.9004 ], [ 34.34794, -0.90035 ], [ 34.34652, -0.89874 ], [ 34.34598, -0.89815 ], [ 34.34518, -0.89739 ], [ 34.34482, -0.89707 ], [ 34.34442, -0.89632 ], [ 34.34414, -0.89586 ], [ 34.34344, -0.89476 ], [ 34.34328, -0.89444 ], [ 34.34294, -0.89376 ], [ 34.34273, -0.89012 ], [ 34.34275, -0.88853 ], [ 34.34257, -0.88673 ], [ 34.34257, -0.88669 ], [ 34.34256, -0.88666 ], [ 34.34255, -0.88664 ], [ 34.34256, -0.88664 ], [ 34.34251, -0.88659 ], [ 34.34243, -0.88652 ], [ 34.34235, -0.88478 ], [ 34.34235, -0.88463 ], [ 34.34218, -0.88317 ], [ 34.34217, -0.88317 ], [ 34.34206, -0.88243 ], [ 34.34204, -0.88227 ], [ 34.34138, -0.88188 ], [ 34.34099, -0.88168 ], [ 34.3404, -0.88126 ], [ 34.33979, -0.88094 ], [ 34.3385, -0.88024 ], [ 34.33708, -0.87981 ], [ 34.33626, -0.87943 ], [ 34.3362, -0.87948 ], [ 34.33612, -0.87949 ], [ 34.3361, -0.87951 ], [ 34.3361, -0.87951 ], [ 34.33606, -0.87954 ], [ 34.33385, -0.87851 ], [ 34.32783, -0.87473 ], [ 34.32491, -0.87249 ], [ 34.32444, -0.87172 ], [ 34.32437, -0.86851 ], [ 34.32437, -0.86851 ], [ 34.32438, -0.86839 ], [ 34.32438, -0.8683 ], [ 34.32439, -0.86825 ], [ 34.32458, -0.86619 ], [ 34.32444, -0.86483 ], [ 34.32444, -0.86361 ], [ 34.32444, -0.86245 ], [ 34.32444, -0.86191 ], [ 34.32444, -0.8615 ], [ 34.32587, -0.86102 ], [ 34.32866, -0.85959 ], [ 34.33111, -0.85809 ], [ 34.33451, -0.85639 ], [ 34.33494, -0.85636 ], [ 34.33513, -0.85615 ], [ 34.33591, -0.85593 ], [ 34.33651, -0.85552 ], [ 34.33694, -0.85525 ], [ 34.3379, -0.85492 ], [ 34.33918, -0.85472 ], [ 34.3407, -0.85427 ], [ 34.34234, -0.85402 ], [ 34.3429, -0.85386 ], [ 34.34419, -0.85351 ], [ 34.34547, -0.85315 ], [ 34.34679, -0.85293 ], [ 34.34735, -0.8528 ], [ 34.34857, -0.85252 ], [ 34.35013, -0.85222 ], [ 34.35191, -0.85193 ], [ 34.35266, -0.85185 ], [ 34.35275, -0.85186 ], [ 34.35289, -0.85187 ], [ 34.35291, -0.85182 ], [ 34.3529, -0.85187 ], [ 34.35335, -0.85192 ], [ 34.35425, -0.85221 ], [ 34.35442, -0.85227 ], [ 34.35574, -0.85277 ], [ 34.3559, -0.85282 ], [ 34.35622, -0.85287 ], [ 34.35669, -0.85305 ], [ 34.35761, -0.85328 ], [ 34.35881, -0.85373 ], [ 34.36011, -0.85413 ], [ 34.36113, -0.85443 ], [ 34.36153, -0.85455 ], [ 34.36155, -0.85456 ], [ 34.36166, -0.85456 ], [ 34.36232, -0.85473 ], [ 34.36293, -0.85486 ], [ 34.36295, -0.85487 ], [ 34.36406, -0.85516 ], [ 34.36568, -0.85551 ], [ 34.36721, -0.85613 ], [ 34.36734, -0.85612 ], [ 34.36754, -0.85616 ], [ 34.3677, -0.85618 ], [ 34.36785, -0.85625 ], [ 34.36792, -0.85627 ], [ 34.368, -0.8563 ], [ 34.36803, -0.85632 ], [ 34.36854, -0.85654 ], [ 34.36879, -0.85664 ], [ 34.36948, -0.8569 ], [ 34.3695, -0.8569 ], [ 34.36971, -0.85691 ], [ 34.36981, -0.85691 ], [ 34.3699, -0.85692 ], [ 34.36998, -0.85694 ], [ 34.37005, -0.85695 ], [ 34.37012, -0.85698 ], [ 34.37021, -0.85701 ], [ 34.37027, -0.85704 ], [ 34.37027, -0.85704 ], [ 34.37027, -0.85704 ], [ 34.37032, -0.8569 ], [ 34.37034, -0.85684 ], [ 34.37035, -0.85678 ], [ 34.37036, -0.85673 ], [ 34.37036, -0.85666 ], [ 34.37036, -0.85663 ], [ 34.37036, -0.8566 ], [ 34.37036, -0.85658 ], [ 34.37036, -0.85657 ], [ 34.37035, -0.85655 ], [ 34.37034, -0.85653 ], [ 34.37034, -0.85653 ], [ 34.37033, -0.85652 ], [ 34.37032, -0.8565 ], [ 34.37029, -0.85646 ], [ 34.37021, -0.85639 ], [ 34.37018, -0.85636 ], [ 34.37009, -0.85624 ], [ 34.37003, -0.85614 ], [ 34.37, -0.8561 ], [ 34.36998, -0.85605 ], [ 34.36996, -0.85601 ], [ 34.36994, -0.85597 ], [ 34.36992, -0.8559 ], [ 34.3699, -0.85582 ], [ 34.36988, -0.85573 ], [ 34.36987, -0.85563 ], [ 34.36986, -0.85553 ], [ 34.36985, -0.85543 ], [ 34.36986, -0.85532 ], [ 34.36987, -0.8552 ], [ 34.36988, -0.85513 ], [ 34.36991, -0.85496 ], [ 34.36992, -0.85492 ], [ 34.36992, -0.85488 ], [ 34.36992, -0.85483 ], [ 34.36991, -0.85471 ], [ 34.36991, -0.85466 ], [ 34.36991, -0.85461 ], [ 34.36992, -0.85455 ], [ 34.36993, -0.8545 ], [ 34.36995, -0.85445 ], [ 34.36997, -0.8544 ], [ 34.36999, -0.85435 ], [ 34.37001, -0.8543 ], [ 34.37004, -0.85425 ], [ 34.37006, -0.85422 ], [ 34.37008, -0.85419 ], [ 34.37011, -0.85416 ], [ 34.37012, -0.85412 ], [ 34.37052, -0.8538 ], [ 34.37081, -0.85342 ], [ 34.37091, -0.85329 ], [ 34.37114, -0.853 ], [ 34.3714, -0.85285 ], [ 34.37158, -0.8528 ], [ 34.37166, -0.85277 ], [ 34.37172, -0.85274 ], [ 34.37178, -0.85271 ], [ 34.37183, -0.85267 ], [ 34.37194, -0.8526 ], [ 34.37199, -0.85256 ], [ 34.37201, -0.85254 ], [ 34.37202, -0.85252 ], [ 34.37203, -0.8525 ], [ 34.37204, -0.85248 ], [ 34.37205, -0.85246 ], [ 34.37205, -0.85243 ], [ 34.37205, -0.8524 ], [ 34.37204, -0.85237 ], [ 34.37203, -0.85234 ], [ 34.37202, -0.85231 ], [ 34.37199, -0.85221 ], [ 34.37164, -0.85186 ], [ 34.37146, -0.85162 ], [ 34.37134, -0.85148 ], [ 34.37131, -0.851 ], [ 34.3713, -0.85099 ], [ 34.37129, -0.85092 ], [ 34.37128, -0.85086 ], [ 34.37127, -0.8508 ], [ 34.37127, -0.85075 ], [ 34.37127, -0.8507 ], [ 34.37127, -0.85065 ], [ 34.37128, -0.85059 ], [ 34.37129, -0.85054 ], [ 34.37131, -0.85049 ], [ 34.37132, -0.85044 ], [ 34.37134, -0.85039 ], [ 34.37137, -0.85034 ], [ 34.37139, -0.8503 ], [ 34.37141, -0.85026 ], [ 34.37144, -0.85023 ], [ 34.37146, -0.8502 ], [ 34.37149, -0.85016 ], [ 34.37152, -0.85013 ], [ 34.37156, -0.8501 ], [ 34.37159, -0.85007 ], [ 34.37163, -0.85004 ], [ 34.37167, -0.85002 ], [ 34.37173, -0.84998 ], [ 34.37178, -0.84995 ], [ 34.37183, -0.84993 ], [ 34.37188, -0.84991 ], [ 34.37194, -0.8499 ], [ 34.372, -0.84989 ], [ 34.37207, -0.84989 ], [ 34.37214, -0.84989 ], [ 34.37216, -0.84989 ], [ 34.37219, -0.84989 ], [ 34.37221, -0.8499 ], [ 34.37224, -0.84991 ], [ 34.37229, -0.84993 ], [ 34.37235, -0.84996 ], [ 34.37277, -0.84994 ], [ 34.37304, -0.84976 ], [ 34.37302, -0.84947 ], [ 34.37301, -0.84946 ], [ 34.37276, -0.84901 ], [ 34.37274, -0.84897 ], [ 34.37267, -0.84889 ], [ 34.37259, -0.8488 ], [ 34.37256, -0.84875 ], [ 34.37252, -0.84871 ], [ 34.3725, -0.84866 ], [ 34.37247, -0.84862 ], [ 34.37241, -0.84851 ], [ 34.37238, -0.84845 ], [ 34.37236, -0.84838 ], [ 34.37235, -0.84837 ], [ 34.37235, -0.84836 ], [ 34.37234, -0.84833 ], [ 34.37234, -0.84833 ], [ 34.37233, -0.84827 ], [ 34.37233, -0.84822 ], [ 34.37233, -0.84816 ], [ 34.37233, -0.84811 ], [ 34.37233, -0.84806 ], [ 34.37234, -0.84805 ], [ 34.37234, -0.84795 ], [ 34.37256, -0.84774 ], [ 34.37257, -0.84773 ], [ 34.37286, -0.84764 ], [ 34.3732, -0.84771 ], [ 34.3735, -0.84794 ], [ 34.37366, -0.84838 ], [ 34.37384, -0.84845 ], [ 34.37393, -0.84849 ], [ 34.37419, -0.84841 ], [ 34.37424, -0.84813 ], [ 34.37424, -0.84808 ], [ 34.37423, -0.84804 ], [ 34.37423, -0.84799 ], [ 34.37424, -0.84795 ], [ 34.37426, -0.84787 ], [ 34.37428, -0.84782 ], [ 34.37429, -0.84777 ], [ 34.37431, -0.84773 ], [ 34.37433, -0.8477 ], [ 34.37435, -0.84767 ], [ 34.37437, -0.84764 ], [ 34.37439, -0.84763 ], [ 34.37442, -0.84761 ], [ 34.37445, -0.8476 ], [ 34.37448, -0.84759 ], [ 34.37452, -0.84758 ], [ 34.37455, -0.84758 ], [ 34.37459, -0.84758 ], [ 34.37463, -0.84758 ], [ 34.37466, -0.84758 ], [ 34.37469, -0.84759 ], [ 34.37472, -0.8476 ], [ 34.37476, -0.84762 ], [ 34.37479, -0.84764 ], [ 34.37482, -0.84766 ], [ 34.37485, -0.84769 ], [ 34.37488, -0.84771 ], [ 34.3749, -0.84774 ], [ 34.37492, -0.84776 ], [ 34.37493, -0.84779 ], [ 34.37498, -0.84788 ], [ 34.37502, -0.84796 ], [ 34.37506, -0.84804 ], [ 34.37514, -0.84822 ], [ 34.37521, -0.84839 ], [ 34.37526, -0.84851 ], [ 34.37535, -0.84872 ], [ 34.37538, -0.84882 ], [ 34.37541, -0.84888 ], [ 34.37541, -0.8489 ], [ 34.37546, -0.84904 ], [ 34.37549, -0.84911 ], [ 34.3755, -0.84915 ], [ 34.37552, -0.84918 ], [ 34.37554, -0.84921 ], [ 34.37555, -0.84924 ], [ 34.37558, -0.84926 ], [ 34.37559, -0.84929 ], [ 34.37563, -0.84933 ], [ 34.37566, -0.84937 ], [ 34.37569, -0.8494 ], [ 34.37569, -0.8494 ], [ 34.37573, -0.84943 ], [ 34.37576, -0.84945 ], [ 34.37579, -0.84947 ], [ 34.37581, -0.84948 ], [ 34.37582, -0.84948 ], [ 34.37583, -0.84948 ], [ 34.37604, -0.84949 ], [ 34.37634, -0.84931 ], [ 34.37644, -0.84903 ], [ 34.37633, -0.84866 ], [ 34.37636, -0.84836 ], [ 34.37641, -0.84826 ], [ 34.37646, -0.84818 ], [ 34.377, -0.84802 ], [ 34.37703, -0.848 ], [ 34.37709, -0.84796 ], [ 34.37716, -0.84793 ], [ 34.37723, -0.84789 ], [ 34.37732, -0.84786 ], [ 34.37736, -0.84784 ], [ 34.37741, -0.84783 ], [ 34.37747, -0.84782 ], [ 34.37759, -0.8478 ], [ 34.37766, -0.84779 ], [ 34.37769, -0.84778 ], [ 34.37772, -0.84777 ], [ 34.37775, -0.84776 ], [ 34.37777, -0.84774 ], [ 34.3778, -0.84773 ], [ 34.37782, -0.84771 ], [ 34.3779, -0.84764 ], [ 34.37793, -0.84761 ], [ 34.37794, -0.8476 ], [ 34.37796, -0.84759 ], [ 34.37797, -0.84759 ], [ 34.37799, -0.84758 ], [ 34.37801, -0.84758 ], [ 34.37803, -0.84758 ], [ 34.37805, -0.84759 ], [ 34.37807, -0.8476 ], [ 34.37811, -0.84761 ], [ 34.37817, -0.84758 ], [ 34.37853, -0.84767 ], [ 34.37862, -0.84769 ], [ 34.3789, -0.84774 ], [ 34.37917, -0.84771 ], [ 34.37918, -0.84768 ], [ 34.3792, -0.84765 ], [ 34.37922, -0.8476 ], [ 34.37923, -0.84756 ], [ 34.37925, -0.84751 ], [ 34.37925, -0.84748 ], [ 34.37926, -0.84744 ], [ 34.37926, -0.84741 ], [ 34.37926, -0.84737 ], [ 34.37925, -0.84729 ], [ 34.37924, -0.84716 ], [ 34.37923, -0.8471 ], [ 34.3792, -0.84697 ], [ 34.3792, -0.84694 ], [ 34.37919, -0.84691 ], [ 34.37919, -0.84687 ], [ 34.37919, -0.84687 ], [ 34.37917, -0.84679 ], [ 34.37916, -0.84675 ], [ 34.37916, -0.84673 ], [ 34.37916, -0.84671 ], [ 34.37917, -0.84669 ], [ 34.37917, -0.84668 ], [ 34.37918, -0.84666 ], [ 34.37919, -0.84664 ], [ 34.37922, -0.8466 ], [ 34.37924, -0.84659 ], [ 34.37925, -0.84657 ], [ 34.37927, -0.84656 ], [ 34.37928, -0.84656 ], [ 34.3793, -0.84655 ], [ 34.37931, -0.84655 ], [ 34.37932, -0.84655 ], [ 34.37938, -0.84651 ], [ 34.3796, -0.84665 ], [ 34.37984, -0.84698 ], [ 34.37994, -0.84711 ], [ 34.37996, -0.84715 ], [ 34.37996, -0.84715 ], [ 34.38014, -0.84739 ], [ 34.38026, -0.84753 ], [ 34.38053, -0.84786 ], [ 34.38064, -0.84801 ], [ 34.38071, -0.84809 ], [ 34.38076, -0.84817 ], [ 34.38081, -0.84824 ], [ 34.38086, -0.84832 ], [ 34.38091, -0.84841 ], [ 34.38092, -0.84843 ], [ 34.38102, -0.84861 ], [ 34.38107, -0.8487 ], [ 34.38112, -0.84878 ], [ 34.38125, -0.84895 ], [ 34.38129, -0.84901 ], [ 34.3813, -0.84902 ], [ 34.38131, -0.84905 ], [ 34.38135, -0.84912 ], [ 34.38136, -0.84913 ], [ 34.38136, -0.84915 ], [ 34.38138, -0.84917 ], [ 34.3814, -0.8492 ], [ 34.3814, -0.84919 ], [ 34.38142, -0.8492 ], [ 34.38144, -0.84921 ], [ 34.38146, -0.84922 ], [ 34.38149, -0.84922 ], [ 34.38151, -0.84923 ], [ 34.38153, -0.84923 ], [ 34.38163, -0.84923 ], [ 34.38167, -0.84924 ], [ 34.38174, -0.84924 ], [ 34.38182, -0.84925 ], [ 34.38211, -0.84926 ], [ 34.38215, -0.84926 ], [ 34.38281, -0.84927 ], [ 34.38284, -0.84925 ], [ 34.38301, -0.84916 ], [ 34.38319, -0.84893 ], [ 34.38321, -0.8489 ], [ 34.38324, -0.84882 ], [ 34.38327, -0.84874 ], [ 34.3833, -0.84865 ], [ 34.38336, -0.84848 ], [ 34.38341, -0.84833 ], [ 34.38343, -0.84814 ], [ 34.38351, -0.84756 ], [ 34.3835, -0.84751 ], [ 34.3835, -0.84749 ], [ 34.38351, -0.84746 ], [ 34.38351, -0.84743 ], [ 34.38352, -0.84741 ], [ 34.38353, -0.84739 ], [ 34.38357, -0.84709 ], [ 34.38367, -0.84699 ], [ 34.38379, -0.84688 ], [ 34.38399, -0.8469 ], [ 34.38404, -0.84691 ], [ 34.38406, -0.84691 ], [ 34.38413, -0.8469 ], [ 34.38429, -0.84689 ], [ 34.38431, -0.84689 ], [ 34.38435, -0.84689 ], [ 34.38448, -0.84689 ], [ 34.38453, -0.84689 ], [ 34.38456, -0.84689 ], [ 34.38456, -0.84689 ], [ 34.3846, -0.84687 ], [ 34.38463, -0.84686 ], [ 34.38466, -0.84685 ], [ 34.38467, -0.84683 ], [ 34.38474, -0.84657 ], [ 34.38474, -0.84647 ], [ 34.38474, -0.8462 ], [ 34.3847, -0.84605 ], [ 34.3847, -0.84605 ], [ 34.38467, -0.846 ], [ 34.38464, -0.84594 ], [ 34.3846, -0.8459 ], [ 34.3845, -0.84578 ], [ 34.38445, -0.84572 ], [ 34.38443, -0.84568 ], [ 34.38441, -0.84565 ], [ 34.38439, -0.84562 ], [ 34.38438, -0.84559 ], [ 34.38436, -0.84552 ], [ 34.38435, -0.84544 ], [ 34.38434, -0.84536 ], [ 34.38433, -0.84525 ], [ 34.38432, -0.84512 ], [ 34.38431, -0.84506 ], [ 34.38431, -0.84504 ], [ 34.38432, -0.84501 ], [ 34.38432, -0.84499 ], [ 34.38433, -0.84497 ], [ 34.38434, -0.84494 ], [ 34.38436, -0.84491 ], [ 34.38438, -0.84489 ], [ 34.38441, -0.84486 ], [ 34.38444, -0.84483 ], [ 34.38447, -0.84481 ], [ 34.38451, -0.84478 ], [ 34.38454, -0.84476 ], [ 34.38459, -0.84474 ], [ 34.38464, -0.84473 ], [ 34.38469, -0.84472 ], [ 34.38472, -0.84471 ], [ 34.3849, -0.84466 ], [ 34.38512, -0.84475 ], [ 34.38521, -0.84493 ], [ 34.3853, -0.845 ], [ 34.38542, -0.8451 ], [ 34.38542, -0.8451 ], [ 34.38545, -0.8451 ], [ 34.38549, -0.8451 ], [ 34.38551, -0.8451 ], [ 34.38555, -0.84509 ], [ 34.38558, -0.84507 ], [ 34.38561, -0.84506 ], [ 34.38565, -0.84504 ], [ 34.38568, -0.84501 ], [ 34.38572, -0.84498 ], [ 34.38575, -0.84495 ], [ 34.38578, -0.84491 ], [ 34.3858, -0.84489 ], [ 34.38582, -0.84485 ], [ 34.38584, -0.84482 ], [ 34.38586, -0.84479 ], [ 34.38586, -0.84478 ], [ 34.38585, -0.84458 ], [ 34.38566, -0.84421 ], [ 34.38563, -0.84413 ], [ 34.38546, -0.84395 ], [ 34.38547, -0.84378 ], [ 34.38545, -0.84375 ], [ 34.38543, -0.84372 ], [ 34.38542, -0.8437 ], [ 34.38542, -0.84368 ], [ 34.38542, -0.84365 ], [ 34.38542, -0.84362 ], [ 34.38543, -0.84358 ], [ 34.38544, -0.84355 ], [ 34.38545, -0.84353 ], [ 34.38546, -0.84351 ], [ 34.38548, -0.84349 ], [ 34.38551, -0.84348 ], [ 34.38553, -0.84346 ], [ 34.38556, -0.84345 ], [ 34.38559, -0.84345 ], [ 34.38562, -0.84344 ], [ 34.38564, -0.84344 ], [ 34.38567, -0.84345 ], [ 34.38568, -0.84345 ], [ 34.38569, -0.84345 ], [ 34.38569, -0.84345 ], [ 34.38572, -0.84347 ], [ 34.38576, -0.84348 ], [ 34.38579, -0.8435 ], [ 34.38586, -0.84357 ], [ 34.38588, -0.84358 ], [ 34.3859, -0.84359 ], [ 34.38593, -0.84361 ], [ 34.38596, -0.84362 ], [ 34.38599, -0.84363 ], [ 34.38602, -0.84364 ], [ 34.38606, -0.84364 ], [ 34.38609, -0.84365 ], [ 34.38612, -0.84365 ], [ 34.38614, -0.84364 ], [ 34.38618, -0.84364 ], [ 34.38621, -0.84363 ], [ 34.38625, -0.84362 ], [ 34.38628, -0.8436 ], [ 34.3863, -0.84359 ], [ 34.38632, -0.84357 ], [ 34.38634, -0.84356 ], [ 34.38636, -0.84354 ], [ 34.3864, -0.84349 ], [ 34.38646, -0.8434 ], [ 34.38651, -0.84334 ], [ 34.38654, -0.84326 ], [ 34.38661, -0.84307 ], [ 34.38662, -0.84306 ], [ 34.38662, -0.84298 ], [ 34.38663, -0.84295 ], [ 34.38664, -0.84291 ], [ 34.38664, -0.84289 ], [ 34.38666, -0.84285 ], [ 34.38669, -0.84281 ], [ 34.38672, -0.84277 ], [ 34.38679, -0.84269 ], [ 34.38682, -0.84264 ], [ 34.3869, -0.84254 ], [ 34.38693, -0.84251 ], [ 34.38695, -0.84247 ], [ 34.38696, -0.84243 ], [ 34.38697, -0.84241 ], [ 34.38689, -0.84226 ], [ 34.38683, -0.84215 ], [ 34.38646, -0.84191 ], [ 34.3864, -0.84178 ], [ 34.38638, -0.84178 ], [ 34.38636, -0.84176 ], [ 34.38634, -0.84174 ], [ 34.38632, -0.84173 ], [ 34.3863, -0.84171 ], [ 34.38627, -0.84167 ], [ 34.38624, -0.84162 ], [ 34.38621, -0.84156 ], [ 34.3862, -0.8415 ], [ 34.38618, -0.84145 ], [ 34.38618, -0.84139 ], [ 34.38618, -0.84134 ], [ 34.38618, -0.84132 ], [ 34.38619, -0.8413 ], [ 34.38619, -0.84128 ], [ 34.38619, -0.84127 ], [ 34.38621, -0.84123 ], [ 34.38623, -0.84117 ], [ 34.38625, -0.84113 ], [ 34.38627, -0.84109 ], [ 34.38629, -0.84106 ], [ 34.38631, -0.84103 ], [ 34.38633, -0.84101 ], [ 34.38634, -0.84099 ], [ 34.38635, -0.84099 ], [ 34.38637, -0.84098 ], [ 34.3864, -0.84097 ], [ 34.38643, -0.84096 ], [ 34.3865, -0.84093 ], [ 34.38676, -0.84103 ], [ 34.38708, -0.84137 ], [ 34.38734, -0.84149 ], [ 34.38735, -0.8415 ], [ 34.38752, -0.84143 ], [ 34.38754, -0.84141 ], [ 34.38756, -0.84138 ], [ 34.38762, -0.84132 ], [ 34.3877, -0.84124 ], [ 34.38773, -0.84122 ], [ 34.3878, -0.84118 ], [ 34.38782, -0.84116 ], [ 34.38784, -0.84114 ], [ 34.38785, -0.84114 ], [ 34.38786, -0.84111 ], [ 34.38787, -0.8411 ], [ 34.38787, -0.8411 ], [ 34.38787, -0.84107 ], [ 34.38787, -0.84105 ], [ 34.38787, -0.84102 ], [ 34.38785, -0.84097 ], [ 34.38781, -0.84085 ], [ 34.3878, -0.84081 ], [ 34.38777, -0.84062 ], [ 34.38775, -0.84056 ], [ 34.38771, -0.8404 ], [ 34.3877, -0.84035 ], [ 34.38769, -0.8403 ], [ 34.38769, -0.84027 ], [ 34.38769, -0.84022 ], [ 34.38769, -0.84018 ], [ 34.38766, -0.83998 ], [ 34.38765, -0.83991 ], [ 34.38768, -0.83984 ], [ 34.38767, -0.83982 ], [ 34.38767, -0.83975 ], [ 34.38768, -0.83971 ], [ 34.38768, -0.83967 ], [ 34.38769, -0.83963 ], [ 34.3877, -0.8396 ], [ 34.38773, -0.83955 ], [ 34.38776, -0.8395 ], [ 34.3878, -0.83944 ], [ 34.38787, -0.83936 ], [ 34.38792, -0.83931 ], [ 34.38799, -0.83925 ], [ 34.38806, -0.83919 ], [ 34.38815, -0.83912 ], [ 34.38818, -0.8391 ], [ 34.38822, -0.83907 ], [ 34.38839, -0.83896 ], [ 34.38841, -0.83895 ], [ 34.38848, -0.83876 ], [ 34.38844, -0.83863 ], [ 34.38838, -0.83845 ], [ 34.38844, -0.83815 ], [ 34.38844, -0.83812 ], [ 34.38844, -0.83808 ], [ 34.38844, -0.83804 ], [ 34.38844, -0.838 ], [ 34.38845, -0.83797 ], [ 34.38846, -0.83794 ], [ 34.38847, -0.83791 ], [ 34.38848, -0.83788 ], [ 34.38849, -0.83785 ], [ 34.38852, -0.83779 ], [ 34.38861, -0.83766 ], [ 34.38865, -0.8376 ], [ 34.38869, -0.83754 ], [ 34.38873, -0.83748 ], [ 34.38878, -0.83741 ], [ 34.38883, -0.83735 ], [ 34.38889, -0.83729 ], [ 34.3891, -0.83706 ], [ 34.38918, -0.83697 ], [ 34.38927, -0.83687 ], [ 34.38933, -0.83678 ], [ 34.3894, -0.83669 ], [ 34.38946, -0.8366 ], [ 34.38953, -0.83649 ], [ 34.38959, -0.83639 ], [ 34.38973, -0.83615 ], [ 34.38981, -0.83601 ], [ 34.3899, -0.83582 ], [ 34.38995, -0.83571 ], [ 34.38996, -0.83533 ], [ 34.39005, -0.83524 ], [ 34.39031, -0.83499 ], [ 34.39031, -0.83499 ], [ 34.39035, -0.83493 ], [ 34.3904, -0.83487 ], [ 34.39044, -0.83483 ], [ 34.3905, -0.83479 ], [ 34.39055, -0.83475 ], [ 34.39068, -0.83466 ], [ 34.39074, -0.83462 ], [ 34.39077, -0.83459 ], [ 34.3908, -0.83457 ], [ 34.39082, -0.83454 ], [ 34.39084, -0.83452 ], [ 34.39088, -0.83446 ], [ 34.39092, -0.83439 ], [ 34.39096, -0.83433 ], [ 34.39099, -0.83426 ], [ 34.39101, -0.8342 ], [ 34.39101, -0.83419 ], [ 34.39101, -0.83397 ], [ 34.39102, -0.83392 ], [ 34.39105, -0.83371 ], [ 34.39105, -0.83369 ], [ 34.39105, -0.83362 ], [ 34.39105, -0.83356 ], [ 34.39106, -0.83349 ], [ 34.39107, -0.83345 ], [ 34.39109, -0.83341 ], [ 34.39109, -0.83339 ], [ 34.3911, -0.83332 ], [ 34.39111, -0.83332 ], [ 34.39118, -0.83312 ], [ 34.39134, -0.8331 ], [ 34.39136, -0.83309 ], [ 34.3915, -0.833 ], [ 34.39153, -0.83299 ], [ 34.39157, -0.83297 ], [ 34.39159, -0.83296 ], [ 34.39163, -0.83295 ], [ 34.39174, -0.83293 ], [ 34.39178, -0.83292 ], [ 34.39182, -0.83291 ], [ 34.39185, -0.8329 ], [ 34.39188, -0.83287 ], [ 34.39191, -0.83284 ], [ 34.39194, -0.83281 ], [ 34.39201, -0.83273 ], [ 34.39205, -0.83268 ], [ 34.39207, -0.83266 ], [ 34.3921, -0.83251 ], [ 34.3922, -0.83236 ], [ 34.39223, -0.83235 ], [ 34.39249, -0.83228 ], [ 34.39267, -0.83238 ], [ 34.39268, -0.83245 ], [ 34.39269, -0.83245 ], [ 34.3927, -0.83247 ], [ 34.3927, -0.83249 ], [ 34.39271, -0.83251 ], [ 34.39272, -0.83256 ], [ 34.39272, -0.83268 ], [ 34.39272, -0.83271 ], [ 34.39274, -0.83285 ], [ 34.39275, -0.83297 ], [ 34.39278, -0.83308 ], [ 34.39281, -0.83315 ], [ 34.39286, -0.83327 ], [ 34.39289, -0.83332 ], [ 34.39291, -0.83337 ], [ 34.39294, -0.83341 ], [ 34.39296, -0.83344 ], [ 34.39299, -0.83346 ], [ 34.39302, -0.83349 ], [ 34.39304, -0.83351 ], [ 34.3931, -0.83356 ], [ 34.39313, -0.83358 ], [ 34.39317, -0.8336 ], [ 34.39321, -0.83363 ], [ 34.39327, -0.83365 ], [ 34.39333, -0.83367 ], [ 34.39339, -0.83369 ], [ 34.39345, -0.8337 ], [ 34.39351, -0.83371 ], [ 34.39358, -0.83372 ], [ 34.39366, -0.83372 ], [ 34.39372, -0.83372 ], [ 34.39377, -0.83372 ], [ 34.39383, -0.83371 ], [ 34.39388, -0.83371 ], [ 34.39393, -0.8337 ], [ 34.39397, -0.83369 ], [ 34.39402, -0.83368 ], [ 34.39406, -0.83367 ], [ 34.39414, -0.83364 ], [ 34.39397, -0.83347 ], [ 34.3936, -0.8332 ], [ 34.3937, -0.83297 ], [ 34.39372, -0.83292 ], [ 34.39415, -0.83263 ], [ 34.39424, -0.8324 ], [ 34.39425, -0.83238 ], [ 34.39424, -0.83232 ], [ 34.39424, -0.83209 ], [ 34.39423, -0.83203 ], [ 34.39422, -0.83198 ], [ 34.39422, -0.83195 ], [ 34.39416, -0.8318 ], [ 34.39404, -0.83159 ], [ 34.39396, -0.83145 ], [ 34.39404, -0.83126 ], [ 34.39404, -0.83124 ], [ 34.39404, -0.83121 ], [ 34.39404, -0.83119 ], [ 34.39405, -0.83117 ], [ 34.39406, -0.83114 ], [ 34.39408, -0.83112 ], [ 34.3941, -0.83109 ], [ 34.39412, -0.83107 ], [ 34.39415, -0.83104 ], [ 34.39418, -0.83102 ], [ 34.39421, -0.831 ], [ 34.39424, -0.83098 ], [ 34.39427, -0.83096 ], [ 34.3943, -0.83095 ], [ 34.39434, -0.83095 ], [ 34.39444, -0.83093 ], [ 34.39446, -0.83092 ], [ 34.39449, -0.83091 ], [ 34.39457, -0.83088 ], [ 34.3946, -0.83087 ], [ 34.39461, -0.83086 ], [ 34.39462, -0.83086 ], [ 34.39463, -0.83085 ], [ 34.39464, -0.83084 ], [ 34.39464, -0.83082 ], [ 34.39464, -0.8308 ], [ 34.39464, -0.83078 ], [ 34.39463, -0.83076 ], [ 34.39462, -0.83073 ], [ 34.39461, -0.83071 ], [ 34.39459, -0.83068 ], [ 34.39458, -0.83066 ], [ 34.39456, -0.83064 ], [ 34.39456, -0.83064 ], [ 34.39442, -0.83063 ], [ 34.39417, -0.8306 ], [ 34.39398, -0.83044 ], [ 34.39398, -0.83043 ], [ 34.39396, -0.83017 ], [ 34.39396, -0.83015 ], [ 34.39395, -0.83013 ], [ 34.3939, -0.83006 ], [ 34.39388, -0.83004 ], [ 34.39386, -0.83 ], [ 34.39385, -0.82999 ], [ 34.39385, -0.82997 ], [ 34.39385, -0.82996 ], [ 34.39385, -0.82994 ], [ 34.39386, -0.82991 ], [ 34.39387, -0.82987 ], [ 34.39391, -0.82978 ], [ 34.39392, -0.82975 ], [ 34.39392, -0.82973 ], [ 34.39393, -0.82968 ], [ 34.39393, -0.82962 ], [ 34.39392, -0.82956 ], [ 34.39391, -0.82945 ], [ 34.39391, -0.8294 ], [ 34.39391, -0.82933 ], [ 34.39389, -0.82923 ], [ 34.39388, -0.82922 ], [ 34.39372, -0.8291 ], [ 34.39356, -0.8291 ], [ 34.39353, -0.8291 ], [ 34.39351, -0.82911 ], [ 34.39339, -0.82916 ], [ 34.39333, -0.82919 ], [ 34.39327, -0.82922 ], [ 34.39308, -0.82932 ], [ 34.39301, -0.82936 ], [ 34.39296, -0.82938 ], [ 34.3929, -0.82941 ], [ 34.39289, -0.82941 ], [ 34.3928, -0.82945 ], [ 34.39276, -0.82946 ], [ 34.39271, -0.82948 ], [ 34.39268, -0.82948 ], [ 34.39262, -0.82948 ], [ 34.39257, -0.82948 ], [ 34.39252, -0.82947 ], [ 34.39247, -0.82946 ], [ 34.39242, -0.82944 ], [ 34.39238, -0.82942 ], [ 34.39237, -0.82941 ], [ 34.39235, -0.8294 ], [ 34.39234, -0.82939 ], [ 34.39234, -0.82938 ], [ 34.39233, -0.82938 ], [ 34.39232, -0.82936 ], [ 34.39232, -0.82933 ], [ 34.39231, -0.8293 ], [ 34.3923, -0.82926 ], [ 34.3923, -0.82925 ], [ 34.3923, -0.8292 ], [ 34.39229, -0.82916 ], [ 34.39229, -0.82913 ], [ 34.39229, -0.8291 ], [ 34.3923, -0.82907 ], [ 34.3923, -0.82904 ], [ 34.39231, -0.82901 ], [ 34.39235, -0.82893 ], [ 34.39236, -0.8289 ], [ 34.39237, -0.82887 ], [ 34.39236, -0.82868 ], [ 34.39217, -0.82854 ], [ 34.39189, -0.82833 ], [ 34.39174, -0.82788 ], [ 34.39171, -0.82784 ], [ 34.39165, -0.82775 ], [ 34.39161, -0.82771 ], [ 34.39152, -0.82763 ], [ 34.39133, -0.82747 ], [ 34.39133, -0.82746 ], [ 34.39129, -0.82745 ], [ 34.39125, -0.82743 ], [ 34.39108, -0.82737 ], [ 34.39102, -0.82735 ], [ 34.3909, -0.82729 ], [ 34.39085, -0.82727 ], [ 34.39082, -0.82725 ], [ 34.39076, -0.82721 ], [ 34.39069, -0.82716 ], [ 34.39063, -0.8271 ], [ 34.39051, -0.82698 ], [ 34.39044, -0.82692 ], [ 34.39037, -0.82684 ], [ 34.39017, -0.82662 ], [ 34.39002, -0.82645 ], [ 34.38986, -0.82626 ], [ 34.38969, -0.82605 ], [ 34.38966, -0.82594 ], [ 34.38966, -0.82595 ], [ 34.38965, -0.82595 ], [ 34.38964, -0.82596 ], [ 34.38963, -0.82596 ], [ 34.38963, -0.82597 ], [ 34.38963, -0.82597 ], [ 34.38951, -0.82582 ], [ 34.3894, -0.82567 ], [ 34.38928, -0.82552 ], [ 34.38922, -0.82544 ], [ 34.38904, -0.82518 ], [ 34.38884, -0.82492 ], [ 34.38876, -0.82481 ], [ 34.38857, -0.82458 ], [ 34.38849, -0.82447 ], [ 34.38842, -0.82436 ], [ 34.38838, -0.82431 ], [ 34.38835, -0.82426 ], [ 34.38832, -0.8242 ], [ 34.38829, -0.82415 ], [ 34.38827, -0.82409 ], [ 34.38825, -0.82404 ], [ 34.38823, -0.82398 ], [ 34.38822, -0.82393 ], [ 34.38821, -0.82388 ], [ 34.3882, -0.82383 ], [ 34.3882, -0.82377 ], [ 34.3882, -0.82371 ], [ 34.3882, -0.82366 ], [ 34.3882, -0.8236 ], [ 34.38821, -0.8235 ], [ 34.38821, -0.82346 ], [ 34.38821, -0.82344 ], [ 34.38822, -0.82343 ], [ 34.38823, -0.82341 ], [ 34.38824, -0.8234 ], [ 34.38825, -0.82339 ], [ 34.38826, -0.82338 ], [ 34.38829, -0.82336 ], [ 34.38833, -0.82335 ], [ 34.38834, -0.82335 ], [ 34.3884, -0.82333 ], [ 34.38847, -0.82332 ], [ 34.3885, -0.82332 ], [ 34.38854, -0.82331 ], [ 34.38857, -0.82331 ], [ 34.3886, -0.82331 ], [ 34.38862, -0.82332 ], [ 34.38865, -0.82332 ], [ 34.38868, -0.82333 ], [ 34.3887, -0.82335 ], [ 34.38873, -0.82337 ], [ 34.38879, -0.82342 ], [ 34.38882, -0.82343 ], [ 34.38884, -0.82345 ], [ 34.38886, -0.82345 ], [ 34.38888, -0.82345 ], [ 34.3889, -0.82345 ], [ 34.38893, -0.82344 ], [ 34.38896, -0.82343 ], [ 34.389, -0.8234 ], [ 34.38904, -0.82337 ], [ 34.38907, -0.82334 ], [ 34.38908, -0.82334 ], [ 34.38912, -0.82329 ], [ 34.38915, -0.82325 ], [ 34.3892, -0.82318 ], [ 34.38921, -0.82316 ], [ 34.38923, -0.82313 ], [ 34.38924, -0.8231 ], [ 34.38924, -0.82308 ], [ 34.38925, -0.82306 ], [ 34.38925, -0.82304 ], [ 34.38924, -0.82301 ], [ 34.38923, -0.82298 ], [ 34.38922, -0.82294 ], [ 34.38919, -0.82288 ], [ 34.38917, -0.82284 ], [ 34.38915, -0.82281 ], [ 34.38907, -0.8227 ], [ 34.38904, -0.82267 ], [ 34.38902, -0.82263 ], [ 34.389, -0.8226 ], [ 34.38899, -0.82256 ], [ 34.38896, -0.82247 ], [ 34.38895, -0.82243 ], [ 34.38894, -0.8224 ], [ 34.38892, -0.82236 ], [ 34.38883, -0.82222 ], [ 34.38882, -0.82219 ], [ 34.3888, -0.82216 ], [ 34.38878, -0.82211 ], [ 34.38875, -0.822 ], [ 34.38874, -0.82197 ], [ 34.38873, -0.82195 ], [ 34.38871, -0.82192 ], [ 34.38869, -0.82189 ], [ 34.38867, -0.82186 ], [ 34.38864, -0.82183 ], [ 34.38858, -0.82177 ], [ 34.38848, -0.82168 ], [ 34.38845, -0.82166 ], [ 34.38842, -0.82163 ], [ 34.3883, -0.82155 ], [ 34.38826, -0.82153 ], [ 34.38822, -0.8215 ], [ 34.38819, -0.82147 ], [ 34.38816, -0.82143 ], [ 34.38812, -0.82138 ], [ 34.38808, -0.82133 ], [ 34.38803, -0.82125 ], [ 34.38799, -0.82119 ], [ 34.38795, -0.82113 ], [ 34.38792, -0.82107 ], [ 34.38789, -0.82102 ], [ 34.38785, -0.82092 ], [ 34.38782, -0.82088 ], [ 34.38781, -0.82083 ], [ 34.3878, -0.82078 ], [ 34.3878, -0.82075 ], [ 34.3878, -0.82067 ], [ 34.38779, -0.82063 ], [ 34.38779, -0.82058 ], [ 34.38775, -0.82039 ], [ 34.38775, -0.82034 ], [ 34.38774, -0.8203 ], [ 34.38774, -0.82019 ], [ 34.38774, -0.82008 ], [ 34.38774, -0.81998 ], [ 34.38775, -0.81989 ], [ 34.38776, -0.81985 ], [ 34.38777, -0.81981 ], [ 34.38782, -0.81964 ], [ 34.38782, -0.8196 ], [ 34.38783, -0.81957 ], [ 34.38784, -0.81945 ], [ 34.38785, -0.81937 ], [ 34.38785, -0.81933 ], [ 34.38784, -0.8193 ], [ 34.38784, -0.81927 ], [ 34.38783, -0.81924 ], [ 34.38783, -0.81924 ], [ 34.38782, -0.81921 ], [ 34.38782, -0.81921 ], [ 34.3878, -0.81918 ], [ 34.38774, -0.81907 ], [ 34.38771, -0.81902 ], [ 34.3877, -0.81898 ], [ 34.38768, -0.81894 ], [ 34.38764, -0.8188 ], [ 34.38762, -0.81873 ], [ 34.38759, -0.81859 ], [ 34.38758, -0.81858 ], [ 34.38757, -0.81856 ], [ 34.38744, -0.81832 ], [ 34.38744, -0.81829 ], [ 34.38743, -0.81827 ], [ 34.38742, -0.81826 ], [ 34.38742, -0.81824 ], [ 34.38741, -0.81823 ], [ 34.38741, -0.81821 ], [ 34.38742, -0.81819 ], [ 34.38743, -0.81816 ], [ 34.38743, -0.81814 ], [ 34.38744, -0.81812 ], [ 34.38745, -0.81811 ], [ 34.38745, -0.81806 ], [ 34.38762, -0.81794 ], [ 34.38791, -0.81795 ], [ 34.38813, -0.8181 ], [ 34.38831, -0.81837 ], [ 34.38859, -0.81834 ], [ 34.38884, -0.81819 ], [ 34.38911, -0.81774 ], [ 34.3895, -0.81759 ], [ 34.38953, -0.81758 ], [ 34.38986, -0.81751 ], [ 34.39042, -0.81751 ], [ 34.39095, -0.81753 ], [ 34.39121, -0.81742 ], [ 34.39121, -0.81741 ], [ 34.39121, -0.81739 ], [ 34.39121, -0.81737 ], [ 34.39121, -0.81734 ], [ 34.3912, -0.81731 ], [ 34.39119, -0.81727 ], [ 34.39118, -0.81725 ], [ 34.39117, -0.81723 ], [ 34.39116, -0.81721 ], [ 34.39115, -0.81719 ], [ 34.39112, -0.81714 ], [ 34.39108, -0.8171 ], [ 34.39103, -0.81706 ], [ 34.39098, -0.81702 ], [ 34.39092, -0.81699 ], [ 34.39079, -0.8169 ], [ 34.39074, -0.81687 ], [ 34.39069, -0.81685 ], [ 34.39078, -0.81684 ], [ 34.39091, -0.81683 ], [ 34.39225, -0.81764 ], [ 34.39267, -0.8178 ], [ 34.39458, -0.81888 ], [ 34.39568, -0.81949 ], [ 34.39736, -0.82032 ], [ 34.39736, -0.82031 ], [ 34.39819, -0.82076 ], [ 34.39941, -0.82135 ], [ 34.39956, -0.82142 ], [ 34.40024, -0.82188 ], [ 34.40088, -0.82223 ], [ 34.40356, -0.82392 ], [ 34.40376, -0.82405 ], [ 34.40417, -0.82428 ], [ 34.40418, -0.82428 ], [ 34.40531, -0.82492 ], [ 34.40619, -0.82541 ], [ 34.40668, -0.82563 ], [ 34.40889, -0.82662 ], [ 34.40894, -0.82665 ], [ 34.41033, -0.82754 ], [ 34.41173, -0.8281 ], [ 34.41381, -0.82956 ], [ 34.41615, -0.83095 ], [ 34.41841, -0.83246 ], [ 34.41986, -0.83323 ], [ 34.42116, -0.83393 ], [ 34.4227, -0.83476 ], [ 34.42417, -0.83553 ], [ 34.42546, -0.83664 ], [ 34.42662, -0.83781 ], [ 34.42715, -0.83834 ], [ 34.42789, -0.84007 ], [ 34.42859, -0.84183 ], [ 34.42971, -0.8431 ], [ 34.42987, -0.84327 ], [ 34.43069, -0.84403 ], [ 34.43138, -0.84484 ], [ 34.43086, -0.845 ], [ 34.43293, -0.84609 ], [ 34.43397, -0.84679 ], [ 34.43408, -0.84674 ], [ 34.43417, -0.84682 ], [ 34.43657, -0.84888 ], [ 34.43695, -0.84913 ], [ 34.43775, -0.84966 ], [ 34.43927, -0.85055 ], [ 34.43983, -0.85088 ], [ 34.44017, -0.85101 ], [ 34.44108, -0.85137 ], [ 34.44109, -0.85141 ], [ 34.44112, -0.8515 ], [ 34.44168, -0.85178 ], [ 34.44566, -0.85366 ], [ 34.44575, -0.8537 ], [ 34.44905, -0.85566 ], [ 34.45108, -0.85667 ], [ 34.45268, -0.85847 ], [ 34.45348, -0.85938 ], [ 34.45369, -0.85959 ], [ 34.45534, -0.86128 ], [ 34.45687, -0.86285 ], [ 34.45775, -0.86357 ], [ 34.45902, -0.86461 ], [ 34.46002, -0.86543 ], [ 34.46295, -0.86682 ], [ 34.46339, -0.86703 ], [ 34.46426, -0.86747 ], [ 34.46507, -0.86805 ], [ 34.46603, -0.86889 ] ] ] } }
]
}
