{
"type": "FeatureCollection",
"crs": { "type": "name", "properties": { "name": "urn:ogc:def:crs:OGC:1.3:CRS84" } },
"features": [
{ "type": "Feature", "properties": { "entity_id": 280, "p_entity": 35, "name": "Borabu Sub County" }, "geometry": { "type": "Polygon", "coordinates": [ [ [ 35.05792, -0.61592 ], [ 35.05762, -0.61594 ], [ 35.05765, -0.61604 ], [ 35.05783, -0.61646 ], [ 35.05824, -0.61659 ], [ 35.05852, -0.61674 ], [ 35.05867, -0.61695 ], [ 35.05858, -0.61727 ], [ 35.05845, -0.61753 ], [ 35.05817, -0.61799 ], [ 35.05789, -0.61845 ], [ 35.05759, -0.61896 ], [ 35.05739, -0.61938 ], [ 35.05729, -0.61974 ], [ 35.05739, -0.6202 ], [ 35.05755, -0.62056 ], [ 35.05769, -0.62089 ], [ 35.05799, -0.62129 ], [ 35.05833, -0.62169 ], [ 35.05868, -0.62201 ], [ 35.05906, -0.62239 ], [ 35.05936, -0.62275 ], [ 35.0597, -0.62306 ], [ 35.05998, -0.62342 ], [ 35.06038, -0.62376 ], [ 35.06056, -0.624 ], [ 35.06095, -0.62436 ], [ 35.06137, -0.62472 ], [ 35.06179, -0.62504 ], [ 35.06217, -0.62527 ], [ 35.06243, -0.62563 ], [ 35.06269, -0.62609 ], [ 35.06281, -0.62645 ], [ 35.0629, -0.62693 ], [ 35.06296, -0.62735 ], [ 35.06296, -0.62772 ], [ 35.06306, -0.62812 ], [ 35.06306, -0.6285 ], [ 35.06312, -0.62886 ], [ 35.06322, -0.6291 ], [ 35.06336, -0.62938 ], [ 35.06364, -0.62971 ], [ 35.06384, -0.62983 ], [ 35.06414, -0.63003 ], [ 35.0645, -0.63017 ], [ 35.06474, -0.63031 ], [ 35.06486, -0.63071 ], [ 35.06486, -0.63123 ], [ 35.06486, -0.63163 ], [ 35.06486, -0.63202 ], [ 35.06486, -0.63234 ], [ 35.0648, -0.63274 ], [ 35.0647, -0.6332 ], [ 35.06466, -0.63362 ], [ 35.06444, -0.63415 ], [ 35.06441, -0.63424 ], [ 35.06426, -0.63465 ], [ 35.06404, -0.63509 ], [ 35.06374, -0.63533 ], [ 35.06348, -0.63547 ], [ 35.0631, -0.63563 ], [ 35.06271, -0.63585 ], [ 35.06225, -0.63605 ], [ 35.06195, -0.63618 ], [ 35.06151, -0.63652 ], [ 35.06097, -0.63672 ], [ 35.06062, -0.63702 ], [ 35.06028, -0.63714 ], [ 35.06002, -0.63738 ], [ 35.05974, -0.63766 ], [ 35.05952, -0.63792 ], [ 35.05938, -0.6382 ], [ 35.05926, -0.63845 ], [ 35.0592, -0.63857 ], [ 35.05913, -0.63874 ], [ 35.0591, -0.63881 ], [ 35.05909, -0.6389 ], [ 35.05906, -0.63931 ], [ 35.05894, -0.63969 ], [ 35.05884, -0.63999 ], [ 35.05874, -0.64029 ], [ 35.05864, -0.64072 ], [ 35.05843, -0.64126 ], [ 35.05823, -0.64168 ], [ 35.05812, -0.642 ], [ 35.05807, -0.64212 ], [ 35.05791, -0.64238 ], [ 35.05783, -0.64271 ], [ 35.05773, -0.64307 ], [ 35.05757, -0.64339 ], [ 35.05745, -0.64379 ], [ 35.05742, -0.64387 ], [ 35.05729, -0.64423 ], [ 35.05711, -0.64473 ], [ 35.05703, -0.6449 ], [ 35.05695, -0.64508 ], [ 35.05671, -0.6454 ], [ 35.05663, -0.64532 ], [ 35.0565, -0.64543 ], [ 35.05623, -0.64554 ], [ 35.05619, -0.64574 ], [ 35.05614, -0.64576 ], [ 35.0561, -0.64608 ], [ 35.05598, -0.64678 ], [ 35.0561, -0.64727 ], [ 35.05632, -0.64769 ], [ 35.05646, -0.64803 ], [ 35.05668, -0.64843 ], [ 35.05675, -0.64855 ], [ 35.05711, -0.64907 ], [ 35.05719, -0.64921 ], [ 35.05735, -0.64948 ], [ 35.05753, -0.6501 ], [ 35.05747, -0.65054 ], [ 35.05747, -0.65098 ], [ 35.05743, -0.65153 ], [ 35.05743, -0.65156 ], [ 35.05742, -0.65166 ], [ 35.05742, -0.65174 ], [ 35.05741, -0.65195 ], [ 35.05739, -0.65239 ], [ 35.05722, -0.65269 ], [ 35.05717, -0.65279 ], [ 35.05701, -0.65308 ], [ 35.05678, -0.65335 ], [ 35.05628, -0.65404 ], [ 35.05617, -0.65424 ], [ 35.05598, -0.6545 ], [ 35.05588, -0.65494 ], [ 35.0558, -0.65521 ], [ 35.05572, -0.65546 ], [ 35.05572, -0.65574 ], [ 35.05569, -0.65595 ], [ 35.05558, -0.65635 ], [ 35.05558, -0.65635 ], [ 35.05556, -0.65675 ], [ 35.05552, -0.65738 ], [ 35.05552, -0.65739 ], [ 35.05558, -0.65792 ], [ 35.05563, -0.65814 ], [ 35.05574, -0.65866 ], [ 35.05586, -0.65903 ], [ 35.0559, -0.65914 ], [ 35.05608, -0.6596 ], [ 35.05624, -0.66007 ], [ 35.05633, -0.6603 ], [ 35.05642, -0.66055 ], [ 35.05663, -0.66111 ], [ 35.05679, -0.66163 ], [ 35.05689, -0.66201 ], [ 35.0569, -0.66212 ], [ 35.05695, -0.66242 ], [ 35.05699, -0.66274 ], [ 35.05703, -0.66316 ], [ 35.05711, -0.66354 ], [ 35.05715, -0.66398 ], [ 35.05719, -0.66424 ], [ 35.05721, -0.66459 ], [ 35.05737, -0.66489 ], [ 35.05763, -0.66547 ], [ 35.05777, -0.66574 ], [ 35.05778, -0.66577 ], [ 35.05781, -0.66583 ], [ 35.05793, -0.66605 ], [ 35.05837, -0.6666 ], [ 35.05864, -0.66689 ], [ 35.05868, -0.66694 ], [ 35.05898, -0.66742 ], [ 35.0593, -0.66784 ], [ 35.05948, -0.6681 ], [ 35.05976, -0.66858 ], [ 35.0601, -0.66901 ], [ 35.06014, -0.66905 ], [ 35.06036, -0.66935 ], [ 35.06062, -0.66958 ], [ 35.06073, -0.66953 ], [ 35.0615, -0.67026 ], [ 35.06246, -0.67099 ], [ 35.06286, -0.6713 ], [ 35.06289, -0.67132 ], [ 35.06324, -0.67159 ], [ 35.06375, -0.67204 ], [ 35.06399, -0.67254 ], [ 35.06399, -0.67316 ], [ 35.06379, -0.67384 ], [ 35.06339, -0.67477 ], [ 35.0632, -0.67522 ], [ 35.06319, -0.67524 ], [ 35.06319, -0.67525 ], [ 35.06305, -0.67548 ], [ 35.06294, -0.67568 ], [ 35.0628, -0.67612 ], [ 35.06279, -0.67614 ], [ 35.06265, -0.67648 ], [ 35.06266, -0.67651 ], [ 35.06271, -0.67688 ], [ 35.06289, -0.67731 ], [ 35.06292, -0.67736 ], [ 35.063, -0.67751 ], [ 35.06312, -0.67769 ], [ 35.06334, -0.67806 ], [ 35.06338, -0.67813 ], [ 35.06366, -0.67849 ], [ 35.06402, -0.67881 ], [ 35.06429, -0.67898 ], [ 35.0645, -0.67911 ], [ 35.06453, -0.67912 ], [ 35.06496, -0.67927 ], [ 35.06523, -0.67949 ], [ 35.06526, -0.67952 ], [ 35.06526, -0.67952 ], [ 35.06553, -0.67974 ], [ 35.0656, -0.67982 ], [ 35.06573, -0.67997 ], [ 35.06577, -0.68002 ], [ 35.06592, -0.68026 ], [ 35.06599, -0.68036 ], [ 35.06623, -0.68076 ], [ 35.06659, -0.68116 ], [ 35.06679, -0.68156 ], [ 35.06705, -0.68201 ], [ 35.06707, -0.68239 ], [ 35.06717, -0.68273 ], [ 35.06716, -0.68311 ], [ 35.06726, -0.68342 ], [ 35.06726, -0.68367 ], [ 35.06736, -0.68387 ], [ 35.06768, -0.68412 ], [ 35.06808, -0.6843 ], [ 35.06848, -0.68428 ], [ 35.06888, -0.68438 ], [ 35.06931, -0.68454 ], [ 35.06953, -0.68466 ], [ 35.06979, -0.68482 ], [ 35.06995, -0.68502 ], [ 35.07009, -0.68526 ], [ 35.07023, -0.68556 ], [ 35.07043, -0.68594 ], [ 35.07051, -0.68617 ], [ 35.07057, -0.68641 ], [ 35.07066, -0.68655 ], [ 35.07071, -0.68665 ], [ 35.07077, -0.68683 ], [ 35.07079, -0.68691 ], [ 35.07087, -0.68708 ], [ 35.07093, -0.68721 ], [ 35.07095, -0.68753 ], [ 35.07095, -0.68787 ], [ 35.07095, -0.68789 ], [ 35.07092, -0.68807 ], [ 35.07089, -0.68825 ], [ 35.07089, -0.68858 ], [ 35.0709, -0.6887 ], [ 35.07091, -0.68873 ], [ 35.07093, -0.68902 ], [ 35.07105, -0.68942 ], [ 35.07117, -0.68961 ], [ 35.0712, -0.68965 ], [ 35.07133, -0.68986 ], [ 35.07138, -0.6899 ], [ 35.07158, -0.69006 ], [ 35.07166, -0.69012 ], [ 35.07184, -0.69032 ], [ 35.07196, -0.69048 ], [ 35.07198, -0.69051 ], [ 35.07214, -0.69078 ], [ 35.07216, -0.69081 ], [ 35.07213, -0.69092 ], [ 35.0721, -0.69103 ], [ 35.07208, -0.69109 ], [ 35.0719, -0.69135 ], [ 35.07188, -0.69141 ], [ 35.07185, -0.69154 ], [ 35.07184, -0.69157 ], [ 35.0719, -0.69177 ], [ 35.07193, -0.69185 ], [ 35.07202, -0.69209 ], [ 35.07202, -0.6921 ], [ 35.07208, -0.69219 ], [ 35.07214, -0.69227 ], [ 35.07218, -0.69234 ], [ 35.0723, -0.69255 ], [ 35.07231, -0.69256 ], [ 35.07237, -0.69266 ], [ 35.07242, -0.69275 ], [ 35.07242, -0.69276 ], [ 35.07249, -0.69282 ], [ 35.0725, -0.69283 ], [ 35.07251, -0.69283 ], [ 35.07236, -0.69299 ], [ 35.07195, -0.69342 ], [ 35.07182, -0.69352 ], [ 35.07146, -0.69379 ], [ 35.07142, -0.69382 ], [ 35.07141, -0.69382 ], [ 35.0714, -0.69383 ], [ 35.07136, -0.69386 ], [ 35.07084, -0.69416 ], [ 35.0702, -0.69452 ], [ 35.07016, -0.69458 ], [ 35.07015, -0.69461 ], [ 35.07011, -0.69469 ], [ 35.06994, -0.69512 ], [ 35.06986, -0.6954 ], [ 35.06984, -0.69546 ], [ 35.06972, -0.69572 ], [ 35.06971, -0.69576 ], [ 35.06962, -0.69609 ], [ 35.06956, -0.69633 ], [ 35.06956, -0.69633 ], [ 35.06954, -0.69634 ], [ 35.06949, -0.69638 ], [ 35.06923, -0.69655 ], [ 35.06897, -0.69679 ], [ 35.06867, -0.69692 ], [ 35.06838, -0.69693 ], [ 35.06809, -0.69692 ], [ 35.0678, -0.69692 ], [ 35.06739, -0.69689 ], [ 35.06696, -0.69682 ], [ 35.06667, -0.6968 ], [ 35.06647, -0.6968 ], [ 35.06629, -0.69679 ], [ 35.066, -0.69679 ], [ 35.06542, -0.69678 ], [ 35.06477, -0.69673 ], [ 35.06446, -0.69673 ], [ 35.06398, -0.69673 ], [ 35.06357, -0.69673 ], [ 35.06319, -0.69676 ], [ 35.06285, -0.69676 ], [ 35.0627, -0.69676 ], [ 35.06223, -0.69683 ], [ 35.06175, -0.69697 ], [ 35.06137, -0.69711 ], [ 35.0609, -0.69726 ], [ 35.06048, -0.69745 ], [ 35.06014, -0.69761 ], [ 35.05973, -0.69782 ], [ 35.05943, -0.698 ], [ 35.0591, -0.69817 ], [ 35.05886, -0.69837 ], [ 35.0585, -0.69854 ], [ 35.05812, -0.69881 ], [ 35.05775, -0.69904 ], [ 35.05734, -0.69932 ], [ 35.05699, -0.69953 ], [ 35.05665, -0.69974 ], [ 35.05634, -0.69997 ], [ 35.056, -0.70015 ], [ 35.05568, -0.70035 ], [ 35.05524, -0.70063 ], [ 35.05477, -0.7009 ], [ 35.05424, -0.7012 ], [ 35.05385, -0.70149 ], [ 35.05354, -0.70165 ], [ 35.05319, -0.70182 ], [ 35.05289, -0.70207 ], [ 35.05244, -0.70233 ], [ 35.05196, -0.70265 ], [ 35.0514, -0.70295 ], [ 35.051, -0.70315 ], [ 35.05072, -0.70337 ], [ 35.05036, -0.70356 ], [ 35.05027, -0.70364 ], [ 35.05013, -0.70376 ], [ 35.05009, -0.7038 ], [ 35.05005, -0.70382 ], [ 35.04991, -0.70416 ], [ 35.04991, -0.70417 ], [ 35.04983, -0.70431 ], [ 35.04972, -0.70452 ], [ 35.04971, -0.70457 ], [ 35.04966, -0.70485 ], [ 35.04966, -0.70487 ], [ 35.0496, -0.70514 ], [ 35.04953, -0.70526 ], [ 35.0495, -0.70529 ], [ 35.04946, -0.70536 ], [ 35.04935, -0.70556 ], [ 35.04934, -0.70561 ], [ 35.04928, -0.70589 ], [ 35.04915, -0.7062 ], [ 35.04909, -0.70651 ], [ 35.04897, -0.70676 ], [ 35.04896, -0.70678 ], [ 35.04888, -0.70713 ], [ 35.0487, -0.70758 ], [ 35.04854, -0.70802 ], [ 35.04844, -0.70837 ], [ 35.04841, -0.70854 ], [ 35.04842, -0.70856 ], [ 35.04858, -0.70887 ], [ 35.04868, -0.70914 ], [ 35.04871, -0.70921 ], [ 35.04888, -0.70954 ], [ 35.0492, -0.71012 ], [ 35.04922, -0.71015 ], [ 35.04939, -0.71047 ], [ 35.0494, -0.7105 ], [ 35.0495, -0.71072 ], [ 35.0495, -0.71072 ], [ 35.04956, -0.71084 ], [ 35.04972, -0.71131 ], [ 35.04977, -0.71145 ], [ 35.05014, -0.71229 ], [ 35.05046, -0.71298 ], [ 35.05067, -0.71346 ], [ 35.05135, -0.7149 ], [ 35.05168, -0.71561 ], [ 35.05172, -0.71559 ], [ 35.053, -0.7184 ], [ 35.05318, -0.7188 ], [ 35.05314, -0.71882 ], [ 35.05404, -0.72079 ], [ 35.05519, -0.72334 ], [ 35.05606, -0.72504 ], [ 35.05613, -0.72519 ], [ 35.05638, -0.72578 ], [ 35.05641, -0.72586 ], [ 35.05673, -0.72662 ], [ 35.05675, -0.72667 ], [ 35.05712, -0.72741 ], [ 35.05713, -0.72741 ], [ 35.05754, -0.72841 ], [ 35.05785, -0.72903 ], [ 35.05817, -0.72967 ], [ 35.05832, -0.73002 ], [ 35.05854, -0.73052 ], [ 35.05871, -0.7309 ], [ 35.05891, -0.73135 ], [ 35.05914, -0.73193 ], [ 35.05929, -0.7323 ], [ 35.05934, -0.73239 ], [ 35.05969, -0.73305 ], [ 35.05981, -0.73331 ], [ 35.05992, -0.73357 ], [ 35.05999, -0.73355 ], [ 35.06067, -0.73503 ], [ 35.06073, -0.73516 ], [ 35.0607, -0.73523 ], [ 35.06091, -0.73566 ], [ 35.06169, -0.73734 ], [ 35.06213, -0.73819 ], [ 35.06253, -0.73908 ], [ 35.06254, -0.73908 ], [ 35.06278, -0.73961 ], [ 35.06358, -0.74129 ], [ 35.06366, -0.74148 ], [ 35.06392, -0.74205 ], [ 35.06446, -0.74329 ], [ 35.06479, -0.74398 ], [ 35.06544, -0.74534 ], [ 35.06575, -0.746 ], [ 35.06618, -0.74688 ], [ 35.06682, -0.74825 ], [ 35.06691, -0.74823 ], [ 35.06739, -0.74938 ], [ 35.06782, -0.75039 ], [ 35.06814, -0.75115 ], [ 35.06862, -0.75227 ], [ 35.06866, -0.75235 ], [ 35.06987, -0.7552 ], [ 35.07007, -0.75512 ], [ 35.07046, -0.75595 ], [ 35.07077, -0.75662 ], [ 35.07141, -0.75806 ], [ 35.07172, -0.75899 ], [ 35.07193, -0.75937 ], [ 35.07213, -0.7597 ], [ 35.07271, -0.76109 ], [ 35.0732, -0.76213 ], [ 35.07348, -0.76272 ], [ 35.07433, -0.76449 ], [ 35.075, -0.7661 ], [ 35.07579, -0.76794 ], [ 35.07618, -0.76876 ], [ 35.07665, -0.76966 ], [ 35.07711, -0.77069 ], [ 35.07726, -0.77103 ], [ 35.07802, -0.77269 ], [ 35.07867, -0.77405 ], [ 35.0794, -0.77574 ], [ 35.0802, -0.77747 ], [ 35.08091, -0.77895 ], [ 35.08134, -0.77989 ], [ 35.08138, -0.77998 ], [ 35.08174, -0.78092 ], [ 35.08251, -0.78256 ], [ 35.08301, -0.78373 ], [ 35.08342, -0.78457 ], [ 35.08352, -0.78477 ], [ 35.08336, -0.78471 ], [ 35.08335, -0.78473 ], [ 35.08511, -0.78873 ], [ 35.08639, -0.79164 ], [ 35.08963, -0.79832 ], [ 35.09106, -0.80127 ], [ 35.09106, -0.80128 ], [ 35.09135, -0.80187 ], [ 35.09193, -0.80307 ], [ 35.09202, -0.80326 ], [ 35.09196, -0.80332 ], [ 35.08472, -0.8112 ], [ 35.08461, -0.81132 ], [ 35.08469, -0.81143 ], [ 35.0837, -0.81252 ], [ 35.08226, -0.8141 ], [ 35.08066, -0.81584 ], [ 35.07835, -0.81836 ], [ 35.07689, -0.82001 ], [ 35.07667, -0.82025 ], [ 35.07643, -0.82051 ], [ 35.07629, -0.82066 ], [ 35.07595, -0.82104 ], [ 35.07529, -0.82176 ], [ 35.0752, -0.82186 ], [ 35.07452, -0.82263 ], [ 35.07395, -0.82328 ], [ 35.07334, -0.82391 ], [ 35.07316, -0.8241 ], [ 35.07302, -0.82424 ], [ 35.07194, -0.82538 ], [ 35.07147, -0.82586 ], [ 35.07079, -0.82658 ], [ 35.0698, -0.82762 ], [ 35.06879, -0.82873 ], [ 35.06775, -0.82987 ], [ 35.06673, -0.83102 ], [ 35.06629, -0.83153 ], [ 35.06613, -0.8317 ], [ 35.06423, -0.83379 ], [ 35.06231, -0.8361 ], [ 35.06194, -0.83642 ], [ 35.06193, -0.83644 ], [ 35.06188, -0.83648 ], [ 35.0611, -0.83728 ], [ 35.05999, -0.83849 ], [ 35.05869, -0.83995 ], [ 35.05758, -0.84114 ], [ 35.05637, -0.84248 ], [ 35.05514, -0.84383 ], [ 35.05394, -0.84517 ], [ 35.05365, -0.84549 ], [ 35.0536, -0.84555 ], [ 35.05268, -0.84656 ], [ 35.05258, -0.84667 ], [ 35.05204, -0.84729 ], [ 35.05123, -0.84823 ], [ 35.04981, -0.84986 ], [ 35.04564, -0.85465 ], [ 35.04555, -0.85475 ], [ 35.04544, -0.85486 ], [ 35.04533, -0.85501 ], [ 35.0453, -0.85499 ], [ 35.04526, -0.85502 ], [ 35.04515, -0.85501 ], [ 35.04477, -0.85496 ], [ 35.04339, -0.85408 ], [ 35.04117, -0.85267 ], [ 35.04114, -0.85266 ], [ 35.04071, -0.85238 ], [ 35.0397, -0.85174 ], [ 35.03587, -0.84931 ], [ 35.03287, -0.8474 ], [ 35.03261, -0.84723 ], [ 35.03213, -0.84703 ], [ 35.03186, -0.84699 ], [ 35.03175, -0.84698 ], [ 35.03147, -0.84701 ], [ 35.03108, -0.84706 ], [ 35.03039, -0.84714 ], [ 35.02984, -0.84723 ], [ 35.02948, -0.84729 ], [ 35.02786, -0.84764 ], [ 35.02768, -0.84766 ], [ 35.027, -0.84774 ], [ 35.0268, -0.84776 ], [ 35.02637, -0.84786 ], [ 35.02587, -0.84798 ], [ 35.02526, -0.84812 ], [ 35.02472, -0.84824 ], [ 35.02429, -0.84841 ], [ 35.02421, -0.8484 ], [ 35.02397, -0.84839 ], [ 35.02379, -0.8483 ], [ 35.02351, -0.84854 ], [ 35.02342, -0.84863 ], [ 35.0229, -0.8489 ], [ 35.02259, -0.84907 ], [ 35.02229, -0.84954 ], [ 35.02221, -0.84968 ], [ 35.02188, -0.85 ], [ 35.02188, -0.85103 ], [ 35.02207, -0.85176 ], [ 35.02208, -0.85183 ], [ 35.02208, -0.8519 ], [ 35.02213, -0.85201 ], [ 35.02237, -0.85295 ], [ 35.02345, -0.85519 ], [ 35.02434, -0.85707 ], [ 35.02568, -0.86064 ], [ 35.02622, -0.86305 ], [ 35.02622, -0.86377 ], [ 35.02625, -0.86551 ], [ 35.02626, -0.8661 ], [ 35.02626, -0.86627 ], [ 35.02597, -0.86905 ], [ 35.02589, -0.86975 ], [ 35.02586, -0.87003 ], [ 35.02582, -0.8703 ], [ 35.02577, -0.87056 ], [ 35.02576, -0.87098 ], [ 35.02575, -0.87133 ], [ 35.02573, -0.87184 ], [ 35.02573, -0.87204 ], [ 35.02583, -0.87316 ], [ 35.02586, -0.87353 ], [ 35.02586, -0.87356 ], [ 35.02589, -0.87374 ], [ 35.02597, -0.87415 ], [ 35.02601, -0.87443 ], [ 35.02613, -0.87508 ], [ 35.02595, -0.87584 ], [ 35.02573, -0.87636 ], [ 35.02573, -0.87637 ], [ 35.02573, -0.87638 ], [ 35.02573, -0.87638 ], [ 35.02572, -0.87638 ], [ 35.02519, -0.87669 ], [ 35.02452, -0.87669 ], [ 35.02445, -0.87665 ], [ 35.02419, -0.87652 ], [ 35.02384, -0.87635 ], [ 35.0238, -0.87633 ], [ 35.0235, -0.87581 ], [ 35.02322, -0.87535 ], [ 35.02287, -0.87468 ], [ 35.02249, -0.87395 ], [ 35.02232, -0.87362 ], [ 35.02226, -0.87351 ], [ 35.02188, -0.8728 ], [ 35.02128, -0.87211 ], [ 35.02126, -0.87208 ], [ 35.02086, -0.87204 ], [ 35.02045, -0.87199 ], [ 35.01993, -0.87236 ], [ 35.01993, -0.87237 ], [ 35.01988, -0.8724 ], [ 35.01938, -0.87275 ], [ 35.0185, -0.87395 ], [ 35.01831, -0.87421 ], [ 35.01792, -0.87475 ], [ 35.0177, -0.87504 ], [ 35.01768, -0.87507 ], [ 35.01594, -0.87745 ], [ 35.01501, -0.87867 ], [ 35.01465, -0.87909 ], [ 35.01462, -0.87912 ], [ 35.01422, -0.87966 ], [ 35.01388, -0.88012 ], [ 35.0138, -0.88026 ], [ 35.01326, -0.88098 ], [ 35.01283, -0.88219 ], [ 35.01272, -0.8825 ], [ 35.01278, -0.88337 ], [ 35.01273, -0.88379 ], [ 35.0127, -0.88401 ], [ 35.01272, -0.88404 ], [ 35.01283, -0.88434 ], [ 35.01286, -0.88441 ], [ 35.0129, -0.88478 ], [ 35.01366, -0.88607 ], [ 35.01415, -0.8871 ], [ 35.01417, -0.8878 ], [ 35.01419, -0.8884 ], [ 35.01358, -0.89013 ], [ 35.01348, -0.89002 ], [ 35.01323, -0.88977 ], [ 35.0128, -0.88902 ], [ 35.01266, -0.8888 ], [ 35.01235, -0.88832 ], [ 35.01201, -0.88771 ], [ 35.01171, -0.88721 ], [ 35.01135, -0.88655 ], [ 35.01087, -0.88576 ], [ 35.0104, -0.88499 ], [ 35.01004, -0.88424 ], [ 35.00944, -0.88335 ], [ 35.00901, -0.88265 ], [ 35.0084, -0.88168 ], [ 35.00797, -0.881 ], [ 35.00731, -0.87998 ], [ 35.00684, -0.87914 ], [ 35.00632, -0.87825 ], [ 35.00593, -0.87742 ], [ 35.00557, -0.87671 ], [ 35.00511, -0.87581 ], [ 35.00455, -0.8749 ], [ 35.00421, -0.87415 ], [ 35.00375, -0.87329 ], [ 35.00358, -0.873 ], [ 35.00342, -0.8727 ], [ 35.00335, -0.87256 ], [ 35.00326, -0.87245 ], [ 35.00273, -0.87164 ], [ 35.00248, -0.87116 ], [ 35.00221, -0.87103 ], [ 35.00214, -0.87072 ], [ 35.00208, -0.87046 ], [ 35.00174, -0.86993 ], [ 35.00145, -0.86944 ], [ 35.00106, -0.86877 ], [ 35.00052, -0.86817 ], [ 35.00034, -0.8678 ], [ 34.99968, -0.86672 ], [ 34.99923, -0.86597 ], [ 34.99922, -0.86593 ], [ 34.9992, -0.86594 ], [ 34.99919, -0.86592 ], [ 34.99914, -0.86581 ], [ 34.99853, -0.86482 ], [ 34.99793, -0.8638 ], [ 34.99746, -0.86305 ], [ 34.99693, -0.86212 ], [ 34.99684, -0.86196 ], [ 34.99646, -0.86125 ], [ 34.99594, -0.86033 ], [ 34.99539, -0.85945 ], [ 34.9952, -0.85912 ], [ 34.99487, -0.85853 ], [ 34.99429, -0.85764 ], [ 34.99345, -0.85621 ], [ 34.99272, -0.85497 ], [ 34.99178, -0.85345 ], [ 34.99141, -0.85276 ], [ 34.991, -0.85203 ], [ 34.99025, -0.85087 ], [ 34.9896, -0.84976 ], [ 34.98888, -0.8487 ], [ 34.98825, -0.84767 ], [ 34.98755, -0.84647 ], [ 34.98697, -0.84538 ], [ 34.98657, -0.84476 ], [ 34.98657, -0.84476 ], [ 34.98656, -0.84476 ], [ 34.98656, -0.84475 ], [ 34.98637, -0.84445 ], [ 34.9857, -0.84329 ], [ 34.98514, -0.84239 ], [ 34.98461, -0.84148 ], [ 34.98385, -0.84004 ], [ 34.98325, -0.83909 ], [ 34.98255, -0.83794 ], [ 34.98189, -0.83679 ], [ 34.98148, -0.83607 ], [ 34.98125, -0.83565 ], [ 34.98061, -0.83467 ], [ 34.98002, -0.83367 ], [ 34.97919, -0.83227 ], [ 34.97867, -0.8314 ], [ 34.97809, -0.83037 ], [ 34.97735, -0.82917 ], [ 34.97677, -0.82825 ], [ 34.97601, -0.82704 ], [ 34.97569, -0.82649 ], [ 34.97565, -0.82641 ], [ 34.97557, -0.82629 ], [ 34.97545, -0.82607 ], [ 34.9748, -0.82501 ], [ 34.97411, -0.82391 ], [ 34.97355, -0.82295 ], [ 34.97318, -0.82227 ], [ 34.97295, -0.82187 ], [ 34.97289, -0.82176 ], [ 34.97266, -0.82137 ], [ 34.97208, -0.82045 ], [ 34.97157, -0.81955 ], [ 34.97098, -0.81851 ], [ 34.97042, -0.81754 ], [ 34.9702, -0.81719 ], [ 34.97019, -0.81716 ], [ 34.97009, -0.81701 ], [ 34.96959, -0.8162 ], [ 34.96907, -0.81533 ], [ 34.96838, -0.81413 ], [ 34.96777, -0.81327 ], [ 34.9673, -0.81248 ], [ 34.96697, -0.81186 ], [ 34.96678, -0.81147 ], [ 34.96606, -0.81033 ], [ 34.96547, -0.8094 ], [ 34.96497, -0.80848 ], [ 34.96444, -0.80757 ], [ 34.96386, -0.80663 ], [ 34.96336, -0.80585 ], [ 34.96288, -0.80508 ], [ 34.96282, -0.80498 ], [ 34.96241, -0.80425 ], [ 34.96163, -0.80301 ], [ 34.96104, -0.80194 ], [ 34.96074, -0.80143 ], [ 34.96022, -0.8005 ], [ 34.95981, -0.79971 ], [ 34.95974, -0.79958 ], [ 34.9593, -0.79885 ], [ 34.95862, -0.79786 ], [ 34.9582, -0.79719 ], [ 34.95766, -0.79621 ], [ 34.95721, -0.79539 ], [ 34.95658, -0.79447 ], [ 34.95612, -0.79355 ], [ 34.95599, -0.79334 ], [ 34.95568, -0.79284 ], [ 34.95529, -0.79216 ], [ 34.95478, -0.79133 ], [ 34.95451, -0.79086 ], [ 34.95439, -0.79066 ], [ 34.95398, -0.79004 ], [ 34.95372, -0.78957 ], [ 34.95348, -0.78918 ], [ 34.95303, -0.78833 ], [ 34.95258, -0.78761 ], [ 34.95216, -0.7869 ], [ 34.95176, -0.78617 ], [ 34.95159, -0.78585 ], [ 34.95157, -0.78582 ], [ 34.95143, -0.78556 ], [ 34.95121, -0.78524 ], [ 34.95122, -0.78524 ], [ 34.9511, -0.78506 ], [ 34.95114, -0.78503 ], [ 34.95114, -0.78503 ], [ 34.95143, -0.78483 ], [ 34.95199, -0.78442 ], [ 34.95208, -0.78436 ], [ 34.95259, -0.78401 ], [ 34.95309, -0.78375 ], [ 34.95353, -0.78342 ], [ 34.95406, -0.78311 ], [ 34.95454, -0.7828 ], [ 34.95501, -0.78246 ], [ 34.95539, -0.78222 ], [ 34.95543, -0.78219 ], [ 34.95552, -0.78213 ], [ 34.95553, -0.78213 ], [ 34.95597, -0.78183 ], [ 34.9566, -0.78142 ], [ 34.95731, -0.78101 ], [ 34.95762, -0.78062 ], [ 34.95771, -0.78062 ], [ 34.95804, -0.78064 ], [ 34.95832, -0.78054 ], [ 34.95852, -0.78041 ], [ 34.95874, -0.78025 ], [ 34.95905, -0.78001 ], [ 34.9594, -0.77974 ], [ 34.95973, -0.77933 ], [ 34.95996, -0.77903 ], [ 34.96006, -0.77894 ], [ 34.96059, -0.77877 ], [ 34.96102, -0.77849 ], [ 34.96216, -0.7778 ], [ 34.96315, -0.77711 ], [ 34.96399, -0.77658 ], [ 34.9649, -0.77597 ], [ 34.96493, -0.77595 ], [ 34.96617, -0.77521 ], [ 34.96696, -0.77462 ], [ 34.96782, -0.77411 ], [ 34.96849, -0.77371 ], [ 34.96868, -0.77358 ], [ 34.96914, -0.77328 ], [ 34.96976, -0.77288 ], [ 34.9705, -0.7724 ], [ 34.97205, -0.77145 ], [ 34.97296, -0.77085 ], [ 34.97298, -0.77084 ], [ 34.97307, -0.77078 ], [ 34.97371, -0.77036 ], [ 34.97374, -0.77035 ], [ 34.97371, -0.77034 ], [ 34.97399, -0.77016 ], [ 34.97399, -0.77016 ], [ 34.97402, -0.77015 ], [ 34.97402, -0.77014 ], [ 34.97406, -0.77012 ], [ 34.97407, -0.77012 ], [ 34.9744, -0.76994 ], [ 34.97441, -0.76993 ], [ 34.97496, -0.76963 ], [ 34.97543, -0.76936 ], [ 34.97543, -0.76936 ], [ 34.97618, -0.76892 ], [ 34.9774, -0.76811 ], [ 34.97844, -0.76748 ], [ 34.97945, -0.76682 ], [ 34.98036, -0.76621 ], [ 34.98098, -0.76574 ], [ 34.98029, -0.76544 ], [ 34.97919, -0.76486 ], [ 34.97815, -0.7643 ], [ 34.97801, -0.76423 ], [ 34.97734, -0.76391 ], [ 34.97727, -0.76388 ], [ 34.97626, -0.76346 ], [ 34.97626, -0.76344 ], [ 34.97626, -0.76344 ], [ 34.97627, -0.76344 ], [ 34.97632, -0.76314 ], [ 34.97677, -0.76213 ], [ 34.97737, -0.76095 ], [ 34.97801, -0.75961 ], [ 34.97874, -0.75809 ], [ 34.97928, -0.75701 ], [ 34.97969, -0.75602 ], [ 34.9803, -0.755 ], [ 34.98062, -0.75424 ], [ 34.981, -0.75351 ], [ 34.98141, -0.75284 ], [ 34.9814, -0.75283 ], [ 34.98158, -0.75212 ], [ 34.98169, -0.75148 ], [ 34.9819, -0.75077 ], [ 34.98203, -0.75014 ], [ 34.98222, -0.7495 ], [ 34.9824, -0.74889 ], [ 34.98241, -0.74886 ], [ 34.98255, -0.74827 ], [ 34.98269, -0.74767 ], [ 34.98287, -0.74724 ], [ 34.98313, -0.74661 ], [ 34.98338, -0.7459 ], [ 34.98354, -0.74548 ], [ 34.98355, -0.74547 ], [ 34.98373, -0.74499 ], [ 34.98403, -0.74429 ], [ 34.98437, -0.74363 ], [ 34.98478, -0.74302 ], [ 34.98502, -0.74275 ], [ 34.98507, -0.74251 ], [ 34.98512, -0.74219 ], [ 34.98527, -0.74183 ], [ 34.98534, -0.74128 ], [ 34.98543, -0.74088 ], [ 34.98546, -0.74055 ], [ 34.9856, -0.74016 ], [ 34.98569, -0.7398 ], [ 34.9858, -0.73959 ], [ 34.98581, -0.73935 ], [ 34.98581, -0.73895 ], [ 34.98596, -0.73854 ], [ 34.98614, -0.7381 ], [ 34.98617, -0.73771 ], [ 34.98628, -0.73726 ], [ 34.98646, -0.73691 ], [ 34.98684, -0.73639 ], [ 34.98715, -0.73581 ], [ 34.98739, -0.73543 ], [ 34.98756, -0.73526 ], [ 34.98763, -0.7352 ], [ 34.98812, -0.73461 ], [ 34.98863, -0.73402 ], [ 34.98935, -0.73324 ], [ 34.99009, -0.73251 ], [ 34.99071, -0.73187 ], [ 34.99073, -0.73185 ], [ 34.99133, -0.73119 ], [ 34.99197, -0.73059 ], [ 34.99255, -0.7301 ], [ 34.99324, -0.72941 ], [ 34.99409, -0.72872 ], [ 34.99465, -0.7283 ], [ 34.99481, -0.72818 ], [ 34.99537, -0.72774 ], [ 34.99601, -0.72728 ], [ 34.99624, -0.7269 ], [ 34.99657, -0.72649 ], [ 34.99693, -0.72611 ], [ 34.99703, -0.72621 ], [ 34.99806, -0.72484 ], [ 34.99892, -0.72371 ], [ 34.9996, -0.7228 ], [ 35.0003, -0.72187 ], [ 35.0002, -0.7217 ], [ 35.00057, -0.72149 ], [ 35.00087, -0.72121 ], [ 35.00106, -0.72087 ], [ 35.00153, -0.7204 ], [ 35.00198, -0.72003 ], [ 35.00208, -0.71966 ], [ 35.00225, -0.71929 ], [ 35.0024, -0.71894 ], [ 35.0026, -0.71855 ], [ 35.00282, -0.71817 ], [ 35.00311, -0.71774 ], [ 35.00322, -0.71749 ], [ 35.00338, -0.71726 ], [ 35.00355, -0.71697 ], [ 35.00388, -0.71648 ], [ 35.00412, -0.71607 ], [ 35.00423, -0.71585 ], [ 35.00429, -0.71563 ], [ 35.00459, -0.71531 ], [ 35.00477, -0.71498 ], [ 35.00493, -0.71467 ], [ 35.00508, -0.71441 ], [ 35.00527, -0.71388 ], [ 35.0055, -0.71344 ], [ 35.00576, -0.71301 ], [ 35.00611, -0.71231 ], [ 35.0063, -0.71204 ], [ 35.00642, -0.71167 ], [ 35.00648, -0.71145 ], [ 35.00656, -0.71122 ], [ 35.00669, -0.71105 ], [ 35.0069, -0.71073 ], [ 35.00718, -0.71056 ], [ 35.00734, -0.7105 ], [ 35.0078, -0.71048 ], [ 35.00801, -0.71046 ], [ 35.00858, -0.71045 ], [ 35.00903, -0.7104 ], [ 35.00934, -0.71037 ], [ 35.00978, -0.71037 ], [ 35.01008, -0.71034 ], [ 35.0107, -0.71029 ], [ 35.01113, -0.71027 ], [ 35.01148, -0.71027 ], [ 35.01181, -0.71026 ], [ 35.01207, -0.7102 ], [ 35.01227, -0.71011 ], [ 35.01239, -0.71006 ], [ 35.0127, -0.70988 ], [ 35.01277, -0.7097 ], [ 35.01292, -0.70948 ], [ 35.01298, -0.70928 ], [ 35.01319, -0.70887 ], [ 35.01331, -0.70864 ], [ 35.01354, -0.70815 ], [ 35.01359, -0.70795 ], [ 35.01382, -0.70746 ], [ 35.01409, -0.70709 ], [ 35.01436, -0.70685 ], [ 35.01445, -0.70675 ], [ 35.01448, -0.70669 ], [ 35.01457, -0.70653 ], [ 35.0146, -0.70638 ], [ 35.01463, -0.70622 ], [ 35.01463, -0.70602 ], [ 35.01471, -0.70559 ], [ 35.01471, -0.70526 ], [ 35.01477, -0.70495 ], [ 35.01479, -0.70467 ], [ 35.01481, -0.70451 ], [ 35.01486, -0.70418 ], [ 35.01487, -0.70381 ], [ 35.01493, -0.70354 ], [ 35.01498, -0.70316 ], [ 35.01499, -0.703 ], [ 35.01507, -0.70272 ], [ 35.01508, -0.7025 ], [ 35.01513, -0.70225 ], [ 35.01519, -0.70178 ], [ 35.0153, -0.70111 ], [ 35.01539, -0.70049 ], [ 35.01543, -0.70009 ], [ 35.01545, -0.69966 ], [ 35.01556, -0.69913 ], [ 35.01562, -0.69864 ], [ 35.01563, -0.69826 ], [ 35.01572, -0.69776 ], [ 35.01588, -0.69715 ], [ 35.01602, -0.69642 ], [ 35.0161, -0.69593 ], [ 35.01613, -0.69573 ], [ 35.01621, -0.6953 ], [ 35.01626, -0.69458 ], [ 35.01634, -0.69387 ], [ 35.01651, -0.69319 ], [ 35.01654, -0.69276 ], [ 35.01674, -0.69222 ], [ 35.01676, -0.69207 ], [ 35.01682, -0.69166 ], [ 35.01706, -0.69098 ], [ 35.01715, -0.69049 ], [ 35.01729, -0.68995 ], [ 35.01753, -0.68947 ], [ 35.01774, -0.68905 ], [ 35.01777, -0.68876 ], [ 35.01788, -0.68814 ], [ 35.01803, -0.68775 ], [ 35.01828, -0.68733 ], [ 35.01837, -0.68708 ], [ 35.01843, -0.68687 ], [ 35.01856, -0.68668 ], [ 35.01866, -0.68632 ], [ 35.01885, -0.6859 ], [ 35.01893, -0.68575 ], [ 35.01894, -0.68575 ], [ 35.01894, -0.68575 ], [ 35.01904, -0.68556 ], [ 35.01946, -0.68486 ], [ 35.01967, -0.68457 ], [ 35.01984, -0.68425 ], [ 35.02006, -0.68397 ], [ 35.02031, -0.68376 ], [ 35.02048, -0.68363 ], [ 35.02032, -0.68327 ], [ 35.02032, -0.68324 ], [ 35.02032, -0.68323 ], [ 35.0203, -0.68298 ], [ 35.02029, -0.68275 ], [ 35.02015, -0.68212 ], [ 35.02003, -0.68177 ], [ 35.01977, -0.68112 ], [ 35.01958, -0.68065 ], [ 35.01951, -0.68034 ], [ 35.01925, -0.67977 ], [ 35.01915, -0.67946 ], [ 35.01896, -0.67894 ], [ 35.01875, -0.67844 ], [ 35.0187, -0.67817 ], [ 35.01849, -0.67763 ], [ 35.01846, -0.67748 ], [ 35.01846, -0.67747 ], [ 35.01845, -0.67746 ], [ 35.01842, -0.67727 ], [ 35.01823, -0.67691 ], [ 35.01808, -0.67656 ], [ 35.01801, -0.67618 ], [ 35.01787, -0.67579 ], [ 35.01765, -0.67527 ], [ 35.01758, -0.67499 ], [ 35.01761, -0.67463 ], [ 35.01761, -0.67461 ], [ 35.01784, -0.67434 ], [ 35.01794, -0.67411 ], [ 35.01815, -0.67382 ], [ 35.01839, -0.67353 ], [ 35.01875, -0.67311 ], [ 35.01901, -0.6727 ], [ 35.01934, -0.67223 ], [ 35.01963, -0.67189 ], [ 35.0198, -0.67165 ], [ 35.01999, -0.67144 ], [ 35.02025, -0.67111 ], [ 35.02034, -0.67087 ], [ 35.02025, -0.67066 ], [ 35.0202, -0.67023 ], [ 35.02008, -0.66975 ], [ 35.01994, -0.66911 ], [ 35.01987, -0.66868 ], [ 35.01987, -0.66832 ], [ 35.01972, -0.66766 ], [ 35.01972, -0.6673 ], [ 35.01972, -0.66697 ], [ 35.01965, -0.66649 ], [ 35.01965, -0.66618 ], [ 35.01965, -0.66594 ], [ 35.01961, -0.66568 ], [ 35.01958, -0.66549 ], [ 35.01958, -0.66528 ], [ 35.01951, -0.66492 ], [ 35.01946, -0.66454 ], [ 35.01946, -0.66423 ], [ 35.01934, -0.66373 ], [ 35.01934, -0.66345 ], [ 35.01932, -0.66288 ], [ 35.01918, -0.66256 ], [ 35.01916, -0.66236 ], [ 35.01917, -0.66236 ], [ 35.01913, -0.662 ], [ 35.01906, -0.66171 ], [ 35.01908, -0.66156 ], [ 35.0191, -0.66139 ], [ 35.01911, -0.66139 ], [ 35.01908, -0.66124 ], [ 35.01904, -0.66091 ], [ 35.01899, -0.66066 ], [ 35.01899, -0.66063 ], [ 35.01899, -0.66049 ], [ 35.01899, -0.66024 ], [ 35.01898, -0.66023 ], [ 35.01892, -0.65986 ], [ 35.01887, -0.65953 ], [ 35.01883, -0.65938 ], [ 35.0188, -0.65925 ], [ 35.01877, -0.65917 ], [ 35.0187, -0.65901 ], [ 35.0187, -0.65901 ], [ 35.0187, -0.65901 ], [ 35.01851, -0.65901 ], [ 35.0183, -0.65891 ], [ 35.01789, -0.6587 ], [ 35.01756, -0.65855 ], [ 35.01706, -0.65839 ], [ 35.01686, -0.65827 ], [ 35.01679, -0.65823 ], [ 35.01677, -0.65822 ], [ 35.01671, -0.65819 ], [ 35.01623, -0.65791 ], [ 35.01551, -0.65758 ], [ 35.01473, -0.65725 ], [ 35.01442, -0.6572 ], [ 35.01402, -0.65694 ], [ 35.01352, -0.65672 ], [ 35.01347, -0.65669 ], [ 35.01347, -0.65669 ], [ 35.01347, -0.65669 ], [ 35.01297, -0.65637 ], [ 35.01228, -0.65603 ], [ 35.01199, -0.65603 ], [ 35.0114, -0.65558 ], [ 35.01111, -0.65527 ], [ 35.01087, -0.65506 ], [ 35.01056, -0.65484 ], [ 35.01025, -0.65456 ], [ 35.01011, -0.65427 ], [ 35.00992, -0.65403 ], [ 35.00964, -0.6537 ], [ 35.00937, -0.65351 ], [ 35.00937, -0.65351 ], [ 35.00937, -0.65351 ], [ 35.00911, -0.65313 ], [ 35.00911, -0.65313 ], [ 35.0089, -0.65284 ], [ 35.00864, -0.65247 ], [ 35.00842, -0.65225 ], [ 35.00826, -0.65204 ], [ 35.00792, -0.65168 ], [ 35.00781, -0.65155 ], [ 35.00776, -0.65149 ], [ 35.00754, -0.65125 ], [ 35.00736, -0.65105 ], [ 35.0073, -0.65099 ], [ 35.00729, -0.65098 ], [ 35.00728, -0.65097 ], [ 35.00726, -0.65095 ], [ 35.00721, -0.65091 ], [ 35.007, -0.65073 ], [ 35.00673, -0.65032 ], [ 35.00654, -0.65013 ], [ 35.00628, -0.6498 ], [ 35.00604, -0.64954 ], [ 35.00584, -0.64934 ], [ 35.00579, -0.64928 ], [ 35.00578, -0.64928 ], [ 35.00576, -0.64925 ], [ 35.00575, -0.64923 ], [ 35.00573, -0.64922 ], [ 35.00552, -0.64894 ], [ 35.00528, -0.64862 ], [ 35.00518, -0.64842 ], [ 35.00516, -0.64836 ], [ 35.00511, -0.64826 ], [ 35.00509, -0.64822 ], [ 35.00502, -0.64807 ], [ 35.00495, -0.64794 ], [ 35.00495, -0.64749 ], [ 35.00487, -0.64669 ], [ 35.00482, -0.64625 ], [ 35.00482, -0.64625 ], [ 35.00479, -0.64604 ], [ 35.00467, -0.64539 ], [ 35.0047, -0.64476 ], [ 35.00416, -0.6436 ], [ 35.00358, -0.64201 ], [ 35.00299, -0.64053 ], [ 35.00235, -0.63897 ], [ 35.0022, -0.63859 ], [ 35.00209, -0.63833 ], [ 35.00198, -0.63806 ], [ 35.00207, -0.63744 ], [ 35.00176, -0.637 ], [ 35.00144, -0.63619 ], [ 35.00119, -0.6354 ], [ 35.00119, -0.63485 ], [ 35.00119, -0.63453 ], [ 35.00119, -0.63382 ], [ 35.00093, -0.63323 ], [ 35.00051, -0.63263 ], [ 34.99978, -0.6319 ], [ 34.9994, -0.63142 ], [ 34.99918, -0.63114 ], [ 34.99855, -0.63048 ], [ 34.99792, -0.6296 ], [ 34.99757, -0.62911 ], [ 34.99721, -0.62871 ], [ 34.99709, -0.62858 ], [ 34.99687, -0.62849 ], [ 34.99675, -0.62845 ], [ 34.99658, -0.62836 ], [ 34.99646, -0.6281 ], [ 34.99622, -0.62779 ], [ 34.99589, -0.62756 ], [ 34.99547, -0.62727 ], [ 34.99513, -0.6271 ], [ 34.9948, -0.62687 ], [ 34.99458, -0.6267 ], [ 34.99454, -0.62667 ], [ 34.99447, -0.62662 ], [ 34.99413, -0.62643 ], [ 34.99381, -0.62622 ], [ 34.99343, -0.62592 ], [ 34.99309, -0.62567 ], [ 34.99292, -0.62552 ], [ 34.99271, -0.62533 ], [ 34.99255, -0.62526 ], [ 34.99238, -0.62518 ], [ 34.99208, -0.62509 ], [ 34.99179, -0.62493 ], [ 34.99149, -0.62479 ], [ 34.99112, -0.62471 ], [ 34.99084, -0.62461 ], [ 34.99038, -0.62446 ], [ 34.99013, -0.62425 ], [ 34.98999, -0.624 ], [ 34.9898, -0.62375 ], [ 34.98956, -0.62353 ], [ 34.98917, -0.62332 ], [ 34.98895, -0.62321 ], [ 34.98866, -0.62304 ], [ 34.98839, -0.62286 ], [ 34.98815, -0.62275 ], [ 34.98807, -0.62271 ], [ 34.98777, -0.62255 ], [ 34.9876, -0.62236 ], [ 34.98742, -0.62223 ], [ 34.98719, -0.62211 ], [ 34.98697, -0.62194 ], [ 34.98668, -0.62172 ], [ 34.98633, -0.62145 ], [ 34.98605, -0.62121 ], [ 34.98567, -0.62095 ], [ 34.98547, -0.62075 ], [ 34.98537, -0.62059 ], [ 34.98536, -0.62058 ], [ 34.98535, -0.62056 ], [ 34.98524, -0.62035 ], [ 34.98509, -0.62025 ], [ 34.98475, -0.62018 ], [ 34.98439, -0.62006 ], [ 34.98411, -0.61998 ], [ 34.9838, -0.61994 ], [ 34.98354, -0.61994 ], [ 34.98334, -0.61992 ], [ 34.98317, -0.61991 ], [ 34.98294, -0.61989 ], [ 34.98294, -0.61989 ], [ 34.98294, -0.61989 ], [ 34.98294, -0.61986 ], [ 34.98299, -0.61984 ], [ 34.983, -0.61983 ], [ 34.98277, -0.61967 ], [ 34.98244, -0.61924 ], [ 34.98229, -0.61893 ], [ 34.98203, -0.61864 ], [ 34.98158, -0.61862 ], [ 34.98102, -0.61859 ], [ 34.98052, -0.61854 ], [ 34.97976, -0.61843 ], [ 34.97924, -0.61827 ], [ 34.97859, -0.61807 ], [ 34.97819, -0.61791 ], [ 34.97763, -0.61771 ], [ 34.97713, -0.61752 ], [ 34.97702, -0.61744 ], [ 34.9767, -0.61721 ], [ 34.97615, -0.61685 ], [ 34.97594, -0.61651 ], [ 34.97582, -0.61604 ], [ 34.97577, -0.61556 ], [ 34.97576, -0.61517 ], [ 34.97574, -0.61457 ], [ 34.97574, -0.61399 ], [ 34.97574, -0.61361 ], [ 34.97574, -0.61328 ], [ 34.97566, -0.61315 ], [ 34.97546, -0.61281 ], [ 34.97534, -0.61243 ], [ 34.97531, -0.61198 ], [ 34.97531, -0.61157 ], [ 34.97539, -0.61125 ], [ 34.97538, -0.61092 ], [ 34.97534, -0.61053 ], [ 34.97519, -0.61037 ], [ 34.97503, -0.61017 ], [ 34.97488, -0.60998 ], [ 34.9747, -0.61039 ], [ 34.97444, -0.61029 ], [ 34.97415, -0.61016 ], [ 34.97382, -0.60998 ], [ 34.97347, -0.60976 ], [ 34.97317, -0.60951 ], [ 34.97292, -0.60933 ], [ 34.97256, -0.60909 ], [ 34.97215, -0.60882 ], [ 34.97182, -0.6086 ], [ 34.97142, -0.6083 ], [ 34.97109, -0.60794 ], [ 34.97068, -0.60755 ], [ 34.9701, -0.60708 ], [ 34.96973, -0.6068 ], [ 34.96945, -0.60656 ], [ 34.96901, -0.60618 ], [ 34.96863, -0.6058 ], [ 34.96815, -0.60536 ], [ 34.96778, -0.60498 ], [ 34.96744, -0.60465 ], [ 34.96715, -0.60443 ], [ 34.96682, -0.60402 ], [ 34.96642, -0.60357 ], [ 34.96595, -0.60307 ], [ 34.96557, -0.60261 ], [ 34.9654, -0.60241 ], [ 34.96539, -0.60241 ], [ 34.9654, -0.6024 ], [ 34.9654, -0.6024 ], [ 34.96529, -0.60227 ], [ 34.96522, -0.60218 ], [ 34.96518, -0.60212 ], [ 34.96504, -0.60199 ], [ 34.96485, -0.60175 ], [ 34.96484, -0.60173 ], [ 34.96484, -0.60173 ], [ 34.96482, -0.60172 ], [ 34.96377, -0.6019 ], [ 34.96365, -0.60192 ], [ 34.96336, -0.60197 ], [ 34.96279, -0.60207 ], [ 34.96278, -0.60206 ], [ 34.96271, -0.60206 ], [ 34.96229, -0.60211 ], [ 34.96229, -0.60213 ], [ 34.96223, -0.60303 ], [ 34.96221, -0.60331 ], [ 34.9622, -0.60362 ], [ 34.9622, -0.60362 ], [ 34.96219, -0.60373 ], [ 34.96217, -0.60442 ], [ 34.96215, -0.60442 ], [ 34.96215, -0.60442 ], [ 34.96215, -0.60442 ], [ 34.96211, -0.6045 ], [ 34.96211, -0.60451 ], [ 34.9621, -0.60453 ], [ 34.9621, -0.60453 ], [ 34.9621, -0.60453 ], [ 34.96201, -0.60447 ], [ 34.96181, -0.60436 ], [ 34.96151, -0.60409 ], [ 34.96151, -0.60407 ], [ 34.96134, -0.60375 ], [ 34.96132, -0.60372 ], [ 34.96139, -0.60352 ], [ 34.96117, -0.60325 ], [ 34.96102, -0.60312 ], [ 34.96083, -0.60295 ], [ 34.96077, -0.60294 ], [ 34.96074, -0.60259 ], [ 34.96075, -0.60259 ], [ 34.96075, -0.60258 ], [ 34.96075, -0.60215 ], [ 34.96075, -0.602 ], [ 34.96074, -0.60157 ], [ 34.96074, -0.60135 ], [ 34.96073, -0.60083 ], [ 34.96073, -0.60083 ], [ 34.96239, -0.60092 ], [ 34.96241, -0.60091 ], [ 34.96242, -0.60091 ], [ 34.96242, -0.60091 ], [ 34.96242, -0.60091 ], [ 34.96244, -0.6009 ], [ 34.96245, -0.6009 ], [ 34.96246, -0.6009 ], [ 34.9628, -0.60079 ], [ 34.96299, -0.60074 ], [ 34.96319, -0.60068 ], [ 34.9632, -0.60067 ], [ 34.9632, -0.60067 ], [ 34.9631, -0.60059 ], [ 34.96275, -0.60038 ], [ 34.96252, -0.60019 ], [ 34.96236, -0.60006 ], [ 34.96198, -0.59964 ], [ 34.96185, -0.5995 ], [ 34.96184, -0.5995 ], [ 34.96184, -0.5995 ], [ 34.96162, -0.59927 ], [ 34.96119, -0.59892 ], [ 34.96079, -0.59832 ], [ 34.96047, -0.59778 ], [ 34.96033, -0.59723 ], [ 34.96013, -0.59671 ], [ 34.95995, -0.5961 ], [ 34.95978, -0.59556 ], [ 34.95966, -0.59514 ], [ 34.9596, -0.59491 ], [ 34.95929, -0.59441 ], [ 34.95903, -0.59393 ], [ 34.95883, -0.59348 ], [ 34.9586, -0.59307 ], [ 34.95825, -0.59239 ], [ 34.95779, -0.59201 ], [ 34.95748, -0.59163 ], [ 34.95714, -0.59106 ], [ 34.95679, -0.59055 ], [ 34.95638, -0.5899 ], [ 34.956, -0.58941 ], [ 34.95562, -0.58887 ], [ 34.95527, -0.58845 ], [ 34.95498, -0.58807 ], [ 34.95493, -0.58777 ], [ 34.95488, -0.58728 ], [ 34.9547, -0.58693 ], [ 34.9545, -0.58656 ], [ 34.95415, -0.58593 ], [ 34.95391, -0.58535 ], [ 34.95364, -0.58481 ], [ 34.95339, -0.58421 ], [ 34.9532, -0.58368 ], [ 34.95298, -0.58319 ], [ 34.95276, -0.5829 ], [ 34.95272, -0.58285 ], [ 34.95276, -0.58286 ], [ 34.95239, -0.58241 ], [ 34.95204, -0.58201 ], [ 34.95164, -0.58136 ], [ 34.95131, -0.58075 ], [ 34.95101, -0.58012 ], [ 34.95066, -0.57938 ], [ 34.9504, -0.57878 ], [ 34.95034, -0.57865 ], [ 34.9501, -0.57802 ], [ 34.94983, -0.57748 ], [ 34.94952, -0.57664 ], [ 34.94926, -0.57601 ], [ 34.94906, -0.5755 ], [ 34.94873, -0.57485 ], [ 34.9485, -0.57425 ], [ 34.94831, -0.57371 ], [ 34.94812, -0.57317 ], [ 34.94789, -0.57263 ], [ 34.94772, -0.57205 ], [ 34.94752, -0.57144 ], [ 34.94742, -0.57093 ], [ 34.94729, -0.57048 ], [ 34.9473, -0.57045 ], [ 34.9475, -0.57004 ], [ 34.94745, -0.56989 ], [ 34.94745, -0.56972 ], [ 34.9474, -0.56945 ], [ 34.9474, -0.56926 ], [ 34.9474, -0.56905 ], [ 34.94719, -0.56886 ], [ 34.94709, -0.56867 ], [ 34.94685, -0.56852 ], [ 34.94671, -0.56846 ], [ 34.94663, -0.56827 ], [ 34.94669, -0.56802 ], [ 34.94681, -0.56771 ], [ 34.94694, -0.56747 ], [ 34.94703, -0.56721 ], [ 34.9471, -0.567 ], [ 34.94713, -0.56685 ], [ 34.94723, -0.56663 ], [ 34.94729, -0.56633 ], [ 34.94729, -0.56609 ], [ 34.94731, -0.56581 ], [ 34.94731, -0.56561 ], [ 34.94729, -0.56547 ], [ 34.94729, -0.56514 ], [ 34.94729, -0.56485 ], [ 34.94726, -0.56457 ], [ 34.94708, -0.56431 ], [ 34.94694, -0.56412 ], [ 34.94674, -0.56383 ], [ 34.94666, -0.56364 ], [ 34.94653, -0.56336 ], [ 34.94644, -0.56312 ], [ 34.94636, -0.56294 ], [ 34.94628, -0.56279 ], [ 34.94614, -0.56256 ], [ 34.94612, -0.56238 ], [ 34.94606, -0.56207 ], [ 34.94592, -0.56172 ], [ 34.94577, -0.56143 ], [ 34.94564, -0.56124 ], [ 34.94552, -0.5611 ], [ 34.94547, -0.56096 ], [ 34.94538, -0.56076 ], [ 34.94538, -0.5606 ], [ 34.94537, -0.56037 ], [ 34.94535, -0.56017 ], [ 34.94531, -0.56 ], [ 34.94518, -0.55974 ], [ 34.94498, -0.55949 ], [ 34.94479, -0.55936 ], [ 34.94456, -0.55918 ], [ 34.94425, -0.55903 ], [ 34.94403, -0.55888 ], [ 34.94388, -0.55868 ], [ 34.94375, -0.55839 ], [ 34.94353, -0.55798 ], [ 34.94346, -0.55776 ], [ 34.94338, -0.55753 ], [ 34.94326, -0.55723 ], [ 34.9432, -0.557 ], [ 34.94311, -0.55679 ], [ 34.94305, -0.55648 ], [ 34.94296, -0.55626 ], [ 34.94287, -0.55603 ], [ 34.94279, -0.55584 ], [ 34.94279, -0.55554 ], [ 34.94279, -0.55526 ], [ 34.94279, -0.55501 ], [ 34.94282, -0.55474 ], [ 34.94285, -0.55452 ], [ 34.94288, -0.55429 ], [ 34.94289, -0.55413 ], [ 34.94295, -0.55382 ], [ 34.94299, -0.55373 ], [ 34.94299, -0.55356 ], [ 34.94293, -0.55332 ], [ 34.94281, -0.55311 ], [ 34.94281, -0.55285 ], [ 34.94286, -0.55271 ], [ 34.94299, -0.55254 ], [ 34.94322, -0.55239 ], [ 34.94339, -0.55228 ], [ 34.94346, -0.55218 ], [ 34.94347, -0.55217 ], [ 34.94355, -0.55206 ], [ 34.94365, -0.55184 ], [ 34.94392, -0.55165 ], [ 34.94415, -0.55145 ], [ 34.94438, -0.55142 ], [ 34.94459, -0.55128 ], [ 34.94479, -0.5511 ], [ 34.94496, -0.55099 ], [ 34.94511, -0.55088 ], [ 34.94533, -0.55069 ], [ 34.94551, -0.55062 ], [ 34.94573, -0.55045 ], [ 34.94585, -0.55024 ], [ 34.94598, -0.55013 ], [ 34.94621, -0.54999 ], [ 34.94638, -0.54983 ], [ 34.94664, -0.54965 ], [ 34.94686, -0.54952 ], [ 34.94727, -0.54937 ], [ 34.94749, -0.54928 ], [ 34.94775, -0.54928 ], [ 34.94799, -0.54924 ], [ 34.94815, -0.54914 ], [ 34.94823, -0.54907 ], [ 34.94838, -0.54895 ], [ 34.94844, -0.54883 ], [ 34.94857, -0.54866 ], [ 34.94859, -0.54865 ], [ 34.94877, -0.54857 ], [ 34.94897, -0.54857 ], [ 34.94921, -0.54859 ], [ 34.94941, -0.54866 ], [ 34.94974, -0.54878 ], [ 34.9499, -0.54891 ], [ 34.95018, -0.549 ], [ 34.95033, -0.54908 ], [ 34.95046, -0.54909 ], [ 34.95078, -0.5491 ], [ 34.95099, -0.5491 ], [ 34.95119, -0.54911 ], [ 34.95144, -0.54912 ], [ 34.95158, -0.54915 ], [ 34.95181, -0.54934 ], [ 34.9521, -0.5494 ], [ 34.95242, -0.54955 ], [ 34.95258, -0.54962 ], [ 34.95299, -0.54974 ], [ 34.95325, -0.54977 ], [ 34.9533, -0.54995 ], [ 34.9533, -0.55022 ], [ 34.95328, -0.55045 ], [ 34.95335, -0.5507 ], [ 34.95337, -0.55082 ], [ 34.95351, -0.55089 ], [ 34.95372, -0.55092 ], [ 34.95395, -0.55092 ], [ 34.95423, -0.55088 ], [ 34.95447, -0.55088 ], [ 34.95475, -0.55088 ], [ 34.95495, -0.55088 ], [ 34.9551, -0.55088 ], [ 34.9553, -0.55095 ], [ 34.95545, -0.55108 ], [ 34.95555, -0.55125 ], [ 34.9556, -0.55143 ], [ 34.9557, -0.55172 ], [ 34.95576, -0.55189 ], [ 34.95592, -0.55198 ], [ 34.95615, -0.55211 ], [ 34.95634, -0.55227 ], [ 34.95648, -0.5523 ], [ 34.95662, -0.5523 ], [ 34.95678, -0.55229 ], [ 34.95695, -0.55226 ], [ 34.95697, -0.55214 ], [ 34.95698, -0.55206 ], [ 34.95712, -0.55182 ], [ 34.95712, -0.55167 ], [ 34.95727, -0.55154 ], [ 34.95744, -0.55148 ], [ 34.95766, -0.55148 ], [ 34.95787, -0.55148 ], [ 34.95818, -0.55143 ], [ 34.95843, -0.55137 ], [ 34.95862, -0.55115 ], [ 34.95871, -0.55098 ], [ 34.9588, -0.55077 ], [ 34.95889, -0.55056 ], [ 34.95898, -0.55039 ], [ 34.95903, -0.55026 ], [ 34.95905, -0.55023 ], [ 34.95918, -0.55004 ], [ 34.9593, -0.54983 ], [ 34.95946, -0.54972 ], [ 34.9597, -0.54971 ], [ 34.95988, -0.54971 ], [ 34.96017, -0.54969 ], [ 34.96042, -0.54963 ], [ 34.96064, -0.54953 ], [ 34.96082, -0.54944 ], [ 34.96097, -0.54916 ], [ 34.9611, -0.54889 ], [ 34.96118, -0.54858 ], [ 34.9612, -0.54834 ], [ 34.96118, -0.5481 ], [ 34.96123, -0.5479 ], [ 34.96125, -0.54772 ], [ 34.96129, -0.54754 ], [ 34.96143, -0.54738 ], [ 34.96157, -0.54732 ], [ 34.96176, -0.54721 ], [ 34.96197, -0.54718 ], [ 34.96221, -0.54714 ], [ 34.96242, -0.54712 ], [ 34.96258, -0.54709 ], [ 34.96278, -0.54702 ], [ 34.96299, -0.54692 ], [ 34.96316, -0.54679 ], [ 34.96323, -0.5466 ], [ 34.96332, -0.54633 ], [ 34.9634, -0.54606 ], [ 34.96348, -0.54584 ], [ 34.96358, -0.54567 ], [ 34.96369, -0.54544 ], [ 34.96377, -0.54524 ], [ 34.96395, -0.545 ], [ 34.96411, -0.54483 ], [ 34.96426, -0.54468 ], [ 34.96429, -0.54464 ], [ 34.9644, -0.5445 ], [ 34.9645, -0.5444 ], [ 34.96458, -0.54422 ], [ 34.96467, -0.54408 ], [ 34.96479, -0.54388 ], [ 34.96488, -0.54373 ], [ 34.96471, -0.54378 ], [ 34.96452, -0.54363 ], [ 34.9644, -0.54344 ], [ 34.9643, -0.54313 ], [ 34.96397, -0.54263 ], [ 34.96361, -0.54242 ], [ 34.96337, -0.5423 ], [ 34.96313, -0.54215 ], [ 34.96275, -0.54215 ], [ 34.96249, -0.54201 ], [ 34.96213, -0.54168 ], [ 34.96187, -0.54146 ], [ 34.9617, -0.54106 ], [ 34.96134, -0.54048 ], [ 34.9612, -0.54012 ], [ 34.9612, -0.53972 ], [ 34.96132, -0.53919 ], [ 34.96132, -0.53874 ], [ 34.96134, -0.53841 ], [ 34.96141, -0.538 ], [ 34.96141, -0.5375 ], [ 34.96146, -0.537 ], [ 34.96146, -0.53662 ], [ 34.96146, -0.53626 ], [ 34.96151, -0.5359 ], [ 34.96168, -0.53528 ], [ 34.96175, -0.53493 ], [ 34.96178, -0.53496 ], [ 34.96241, -0.53574 ], [ 34.96369, -0.53723 ], [ 34.96453, -0.53815 ], [ 34.96555, -0.53945 ], [ 34.96636, -0.54049 ], [ 34.96719, -0.54112 ], [ 34.96759, -0.54183 ], [ 34.96808, -0.54284 ], [ 34.96863, -0.54369 ], [ 34.96864, -0.54368 ], [ 34.96886, -0.54429 ], [ 34.9697, -0.54595 ], [ 34.97005, -0.54653 ], [ 34.97009, -0.54654 ], [ 34.9705, -0.54731 ], [ 34.97073, -0.54801 ], [ 34.97073, -0.54837 ], [ 34.9702, -0.54953 ], [ 34.96953, -0.55042 ], [ 34.96907, -0.55094 ], [ 34.96877, -0.55121 ], [ 34.96833, -0.55196 ], [ 34.96831, -0.55244 ], [ 34.96831, -0.55282 ], [ 34.96857, -0.55354 ], [ 34.96909, -0.55423 ], [ 34.96941, -0.55455 ], [ 34.97002, -0.55528 ], [ 34.97022, -0.55575 ], [ 34.9706, -0.55659 ], [ 34.97099, -0.55715 ], [ 34.97124, -0.55735 ], [ 34.97161, -0.55764 ], [ 34.97198, -0.55786 ], [ 34.97234, -0.55819 ], [ 34.97261, -0.55829 ], [ 34.97278, -0.55835 ], [ 34.97295, -0.55841 ], [ 34.97319, -0.5584 ], [ 34.97347, -0.55823 ], [ 34.97387, -0.55793 ], [ 34.9741, -0.55779 ], [ 34.97411, -0.55779 ], [ 34.97435, -0.5581 ], [ 34.97459, -0.55844 ], [ 34.97485, -0.55882 ], [ 34.97501, -0.55904 ], [ 34.97512, -0.55919 ], [ 34.97529, -0.55954 ], [ 34.97538, -0.55978 ], [ 34.97557, -0.56014 ], [ 34.97576, -0.56057 ], [ 34.97593, -0.56098 ], [ 34.97607, -0.56125 ], [ 34.97631, -0.56178 ], [ 34.97725, -0.56281 ], [ 34.9776, -0.56296 ], [ 34.97805, -0.56349 ], [ 34.97894, -0.56432 ], [ 34.97978, -0.56453 ], [ 34.98045, -0.56459 ], [ 34.98119, -0.56471 ], [ 34.98201, -0.56486 ], [ 34.98223, -0.56512 ], [ 34.98233, -0.56534 ], [ 34.98233, -0.56565 ], [ 34.98235, -0.566 ], [ 34.98235, -0.56665 ], [ 34.98233, -0.56716 ], [ 34.98219, -0.56793 ], [ 34.98198, -0.56867 ], [ 34.98195, -0.56908 ], [ 34.98244, -0.5692 ], [ 34.98284, -0.56934 ], [ 34.98286, -0.56935 ], [ 34.98298, -0.5694 ], [ 34.98327, -0.56948 ], [ 34.98354, -0.56953 ], [ 34.98395, -0.56975 ], [ 34.98437, -0.56996 ], [ 34.98483, -0.57016 ], [ 34.98514, -0.57035 ], [ 34.98537, -0.57055 ], [ 34.98561, -0.5708 ], [ 34.98588, -0.57111 ], [ 34.98607, -0.57145 ], [ 34.98629, -0.57179 ], [ 34.98646, -0.57212 ], [ 34.98659, -0.57241 ], [ 34.98678, -0.57275 ], [ 34.98683, -0.57301 ], [ 34.98718, -0.57336 ], [ 34.98752, -0.57363 ], [ 34.98769, -0.57391 ], [ 34.9877, -0.57393 ], [ 34.98779, -0.57409 ], [ 34.98755, -0.57444 ], [ 34.98739, -0.57483 ], [ 34.98725, -0.57534 ], [ 34.98711, -0.5757 ], [ 34.9869, -0.576 ], [ 34.98669, -0.57628 ], [ 34.98653, -0.57663 ], [ 34.98632, -0.57681 ], [ 34.98602, -0.577 ], [ 34.98572, -0.57721 ], [ 34.98552, -0.57735 ], [ 34.98552, -0.57735 ], [ 34.9855, -0.57736 ], [ 34.98556, -0.57737 ], [ 34.98577, -0.57749 ], [ 34.98589, -0.57767 ], [ 34.98589, -0.57789 ], [ 34.98582, -0.57803 ], [ 34.9858, -0.57826 ], [ 34.9858, -0.57841 ], [ 34.98599, -0.57858 ], [ 34.98611, -0.5789 ], [ 34.98631, -0.57912 ], [ 34.98655, -0.57936 ], [ 34.98672, -0.57959 ], [ 34.98686, -0.57982 ], [ 34.98702, -0.58002 ], [ 34.98718, -0.58028 ], [ 34.98723, -0.58056 ], [ 34.98732, -0.58084 ], [ 34.98745, -0.58105 ], [ 34.98755, -0.58127 ], [ 34.98768, -0.58151 ], [ 34.98783, -0.58179 ], [ 34.98789, -0.58208 ], [ 34.98792, -0.58226 ], [ 34.98795, -0.58226 ], [ 34.98827, -0.58245 ], [ 34.98861, -0.58258 ], [ 34.98877, -0.58272 ], [ 34.98908, -0.58282 ], [ 34.98923, -0.58292 ], [ 34.98948, -0.58296 ], [ 34.98962, -0.58294 ], [ 34.98972, -0.5829 ], [ 34.98991, -0.5829 ], [ 34.99026, -0.58292 ], [ 34.99051, -0.58296 ], [ 34.99073, -0.58297 ], [ 34.99084, -0.58292 ], [ 34.99094, -0.58289 ], [ 34.99111, -0.58289 ], [ 34.99131, -0.58287 ], [ 34.99148, -0.58279 ], [ 34.99158, -0.58263 ], [ 34.99168, -0.58252 ], [ 34.9918, -0.58241 ], [ 34.99187, -0.5824 ], [ 34.99188, -0.5824 ], [ 34.992, -0.58236 ], [ 34.99222, -0.58236 ], [ 34.99237, -0.58243 ], [ 34.99254, -0.58262 ], [ 34.99268, -0.58272 ], [ 34.99285, -0.58275 ], [ 34.99301, -0.5827 ], [ 34.99322, -0.58263 ], [ 34.99344, -0.58253 ], [ 34.99357, -0.58249 ], [ 34.99359, -0.58248 ], [ 34.99361, -0.58246 ], [ 34.99361, -0.58246 ], [ 34.994, -0.58246 ], [ 34.99419, -0.58246 ], [ 34.99447, -0.58245 ], [ 34.99494, -0.58258 ], [ 34.9953, -0.58273 ], [ 34.99551, -0.58273 ], [ 34.99566, -0.58269 ], [ 34.99584, -0.58267 ], [ 34.99599, -0.58256 ], [ 34.99611, -0.58241 ], [ 34.99618, -0.58231 ], [ 34.99652, -0.58231 ], [ 34.99699, -0.58235 ], [ 34.99725, -0.58241 ], [ 34.99744, -0.58248 ], [ 34.99765, -0.58258 ], [ 34.99789, -0.58275 ], [ 34.9981, -0.58288 ], [ 34.99836, -0.58314 ], [ 34.99857, -0.58337 ], [ 34.99878, -0.58335 ], [ 34.999, -0.58327 ], [ 34.99923, -0.58318 ], [ 34.99938, -0.58316 ], [ 34.99953, -0.58316 ], [ 34.99974, -0.58327 ], [ 34.99985, -0.5834 ], [ 35.00004, -0.58337 ], [ 35.00021, -0.58327 ], [ 35.00036, -0.58318 ], [ 35.0004, -0.58309 ], [ 35.00048, -0.58282 ], [ 35.0006, -0.58276 ], [ 35.00069, -0.58261 ], [ 35.00084, -0.58248 ], [ 35.00115, -0.5825 ], [ 35.00141, -0.58251 ], [ 35.00167, -0.58251 ], [ 35.002, -0.5825 ], [ 35.0021, -0.58246 ], [ 35.00212, -0.58248 ], [ 35.0025, -0.58252 ], [ 35.00276, -0.58252 ], [ 35.0031, -0.58252 ], [ 35.00348, -0.58271 ], [ 35.00385, -0.58307 ], [ 35.004, -0.58333 ], [ 35.004, -0.58363 ], [ 35.004, -0.58397 ], [ 35.004, -0.58427 ], [ 35.00402, -0.58453 ], [ 35.004, -0.58491 ], [ 35.00402, -0.58521 ], [ 35.0043, -0.58545 ], [ 35.00461, -0.58553 ], [ 35.00483, -0.58574 ], [ 35.00485, -0.58596 ], [ 35.00481, -0.58621 ], [ 35.00481, -0.58669 ], [ 35.00485, -0.58703 ], [ 35.00502, -0.58728 ], [ 35.00532, -0.58745 ], [ 35.00553, -0.58756 ], [ 35.00564, -0.58763 ], [ 35.00573, -0.58777 ], [ 35.00585, -0.58809 ], [ 35.00587, -0.58833 ], [ 35.00592, -0.58861 ], [ 35.00605, -0.58871 ], [ 35.00624, -0.58882 ], [ 35.00649, -0.58891 ], [ 35.00669, -0.58916 ], [ 35.00673, -0.5894 ], [ 35.00688, -0.58961 ], [ 35.00696, -0.5898 ], [ 35.00709, -0.59002 ], [ 35.00711, -0.59004 ], [ 35.00711, -0.59004 ], [ 35.00712, -0.59004 ], [ 35.00716, -0.59005 ], [ 35.00716, -0.59028 ], [ 35.00719, -0.59044 ], [ 35.00737, -0.59065 ], [ 35.00767, -0.59081 ], [ 35.00806, -0.59103 ], [ 35.00826, -0.59125 ], [ 35.00843, -0.59157 ], [ 35.00862, -0.59174 ], [ 35.00899, -0.59174 ], [ 35.00923, -0.59166 ], [ 35.00935, -0.59162 ], [ 35.00958, -0.59154 ], [ 35.0099, -0.59154 ], [ 35.01028, -0.59154 ], [ 35.01069, -0.59154 ], [ 35.01089, -0.59153 ], [ 35.0112, -0.59146 ], [ 35.01139, -0.59146 ], [ 35.01167, -0.59167 ], [ 35.01184, -0.59187 ], [ 35.01211, -0.59205 ], [ 35.01234, -0.59205 ], [ 35.01242, -0.59205 ], [ 35.01262, -0.59205 ], [ 35.01282, -0.59202 ], [ 35.01298, -0.59199 ], [ 35.01316, -0.59187 ], [ 35.01344, -0.59182 ], [ 35.01371, -0.59202 ], [ 35.01391, -0.59221 ], [ 35.0141, -0.5923 ], [ 35.01441, -0.5923 ], [ 35.01464, -0.5923 ], [ 35.01485, -0.59221 ], [ 35.01485, -0.59221 ], [ 35.01492, -0.59218 ], [ 35.01517, -0.59218 ], [ 35.01547, -0.5923 ], [ 35.01584, -0.59237 ], [ 35.01621, -0.59251 ], [ 35.01645, -0.59266 ], [ 35.01649, -0.5928 ], [ 35.0165, -0.5928 ], [ 35.01655, -0.59293 ], [ 35.01655, -0.59306 ], [ 35.01677, -0.59311 ], [ 35.01705, -0.59311 ], [ 35.01729, -0.59296 ], [ 35.01752, -0.59295 ], [ 35.01779, -0.59291 ], [ 35.01814, -0.59291 ], [ 35.01859, -0.59296 ], [ 35.0189, -0.59316 ], [ 35.01908, -0.5934 ], [ 35.01923, -0.59369 ], [ 35.01953, -0.59374 ], [ 35.01972, -0.59374 ], [ 35.01988, -0.59374 ], [ 35.02005, -0.59366 ], [ 35.0202, -0.59366 ], [ 35.02047, -0.59366 ], [ 35.02075, -0.59361 ], [ 35.02105, -0.59381 ], [ 35.02133, -0.59414 ], [ 35.02158, -0.59438 ], [ 35.02196, -0.59451 ], [ 35.02199, -0.59455 ], [ 35.02204, -0.59452 ], [ 35.02207, -0.59452 ], [ 35.02207, -0.59452 ], [ 35.02239, -0.59452 ], [ 35.02251, -0.59454 ], [ 35.02261, -0.59472 ], [ 35.02262, -0.59503 ], [ 35.02262, -0.59539 ], [ 35.02268, -0.59558 ], [ 35.0229, -0.59558 ], [ 35.02316, -0.59552 ], [ 35.02338, -0.59567 ], [ 35.02351, -0.59576 ], [ 35.0238, -0.59586 ], [ 35.02408, -0.596 ], [ 35.02455, -0.59604 ], [ 35.02494, -0.59604 ], [ 35.02526, -0.59598 ], [ 35.02575, -0.59598 ], [ 35.02632, -0.59596 ], [ 35.02642, -0.59596 ], [ 35.02664, -0.59596 ], [ 35.02687, -0.59615 ], [ 35.02701, -0.59637 ], [ 35.02705, -0.59659 ], [ 35.02711, -0.59676 ], [ 35.0274, -0.59696 ], [ 35.02768, -0.59698 ], [ 35.02791, -0.59698 ], [ 35.02819, -0.59698 ], [ 35.02868, -0.59698 ], [ 35.02909, -0.59706 ], [ 35.02947, -0.59708 ], [ 35.02974, -0.59716 ], [ 35.03006, -0.59757 ], [ 35.03029, -0.59778 ], [ 35.03061, -0.59778 ], [ 35.03102, -0.59776 ], [ 35.03129, -0.59769 ], [ 35.03165, -0.59769 ], [ 35.03208, -0.59769 ], [ 35.03253, -0.59782 ], [ 35.03293, -0.59794 ], [ 35.0332, -0.59802 ], [ 35.03316, -0.59776 ], [ 35.03316, -0.59756 ], [ 35.03313, -0.59685 ], [ 35.03313, -0.59642 ], [ 35.03316, -0.59579 ], [ 35.03316, -0.59538 ], [ 35.03316, -0.59491 ], [ 35.03316, -0.59456 ], [ 35.03319, -0.59404 ], [ 35.03321, -0.59349 ], [ 35.03321, -0.59348 ], [ 35.03322, -0.59305 ], [ 35.03325, -0.59273 ], [ 35.03325, -0.59174 ], [ 35.03316, -0.59117 ], [ 35.03316, -0.59115 ], [ 35.0332, -0.5906 ], [ 35.0332, -0.58992 ], [ 35.03316, -0.58891 ], [ 35.03325, -0.58786 ], [ 35.03323, -0.58691 ], [ 35.03327, -0.58577 ], [ 35.03329, -0.58461 ], [ 35.03325, -0.58364 ], [ 35.03329, -0.58265 ], [ 35.03329, -0.58169 ], [ 35.03325, -0.58094 ], [ 35.03325, -0.58033 ], [ 35.03328, -0.57964 ], [ 35.03328, -0.57889 ], [ 35.03329, -0.57833 ], [ 35.03329, -0.57763 ], [ 35.03328, -0.57673 ], [ 35.03326, -0.57588 ], [ 35.03326, -0.57498 ], [ 35.03328, -0.57399 ], [ 35.03326, -0.57325 ], [ 35.03326, -0.57325 ], [ 35.03325, -0.57279 ], [ 35.03323, -0.57208 ], [ 35.03322, -0.57178 ], [ 35.03325, -0.57114 ], [ 35.03325, -0.57024 ], [ 35.03326, -0.56929 ], [ 35.03323, -0.56835 ], [ 35.03323, -0.56739 ], [ 35.03321, -0.5664 ], [ 35.03321, -0.56544 ], [ 35.03323, -0.56477 ], [ 35.03328, -0.56435 ], [ 35.03328, -0.56373 ], [ 35.03328, -0.56303 ], [ 35.03328, -0.56279 ], [ 35.03325, -0.56279 ], [ 35.03332, -0.56191 ], [ 35.03334, -0.56091 ], [ 35.03337, -0.56003 ], [ 35.03337, -0.55908 ], [ 35.03337, -0.55853 ], [ 35.03338, -0.55805 ], [ 35.03341, -0.55753 ], [ 35.03345, -0.557 ], [ 35.03345, -0.5564 ], [ 35.03345, -0.55579 ], [ 35.03345, -0.55559 ], [ 35.03345, -0.55531 ], [ 35.03345, -0.55483 ], [ 35.03348, -0.55438 ], [ 35.03348, -0.55379 ], [ 35.03348, -0.55342 ], [ 35.0335, -0.55294 ], [ 35.0335, -0.5525 ], [ 35.0335, -0.55196 ], [ 35.0335, -0.55146 ], [ 35.03352, -0.55115 ], [ 35.03352, -0.55067 ], [ 35.03352, -0.55029 ], [ 35.03354, -0.5499 ], [ 35.03354, -0.54954 ], [ 35.03354, -0.5491 ], [ 35.0335, -0.54861 ], [ 35.03344, -0.54823 ], [ 35.03351, -0.54726 ], [ 35.03349, -0.54687 ], [ 35.03344, -0.54617 ], [ 35.03346, -0.54593 ], [ 35.03349, -0.54548 ], [ 35.0334, -0.5449 ], [ 35.0334, -0.54451 ], [ 35.0334, -0.54431 ], [ 35.0334, -0.54407 ], [ 35.0334, -0.5437 ], [ 35.0334, -0.54352 ], [ 35.0334, -0.54327 ], [ 35.0334, -0.54303 ], [ 35.0334, -0.54277 ], [ 35.0334, -0.54254 ], [ 35.0334, -0.54226 ], [ 35.0334, -0.54185 ], [ 35.0334, -0.54156 ], [ 35.0334, -0.54125 ], [ 35.0334, -0.5406 ], [ 35.0334, -0.54037 ], [ 35.0334, -0.54004 ], [ 35.0334, -0.53944 ], [ 35.0334, -0.53926 ], [ 35.03339, -0.53902 ], [ 35.03339, -0.53887 ], [ 35.03337, -0.53865 ], [ 35.03331, -0.53833 ], [ 35.03325, -0.53815 ], [ 35.03338, -0.53676 ], [ 35.03336, -0.53642 ], [ 35.03333, -0.53587 ], [ 35.03328, -0.53502 ], [ 35.0334, -0.53415 ], [ 35.03331, -0.53366 ], [ 35.03323, -0.53324 ], [ 35.03339, -0.53221 ], [ 35.03342, -0.53183 ], [ 35.03342, -0.53149 ], [ 35.03345, -0.53096 ], [ 35.03345, -0.53081 ], [ 35.03347, -0.53051 ], [ 35.03348, -0.5301 ], [ 35.0335, -0.52987 ], [ 35.03351, -0.52954 ], [ 35.03352, -0.52926 ], [ 35.03354, -0.52894 ], [ 35.03355, -0.52873 ], [ 35.03356, -0.52841 ], [ 35.03358, -0.52812 ], [ 35.03359, -0.52789 ], [ 35.0336, -0.52759 ], [ 35.03361, -0.52739 ], [ 35.03362, -0.52711 ], [ 35.03363, -0.52689 ], [ 35.03364, -0.5266 ], [ 35.03365, -0.52641 ], [ 35.03366, -0.52618 ], [ 35.03367, -0.52592 ], [ 35.03364, -0.52528 ], [ 35.03361, -0.52491 ], [ 35.03359, -0.52448 ], [ 35.03357, -0.52422 ], [ 35.03363, -0.52387 ], [ 35.03359, -0.52364 ], [ 35.0336, -0.5228 ], [ 35.03352, -0.52184 ], [ 35.03359, -0.52095 ], [ 35.03356, -0.52028 ], [ 35.03352, -0.51943 ], [ 35.03347, -0.51917 ], [ 35.03346, -0.51861 ], [ 35.03346, -0.51823 ], [ 35.03346, -0.51761 ], [ 35.03346, -0.51709 ], [ 35.03346, -0.51661 ], [ 35.03344, -0.51623 ], [ 35.03348, -0.51556 ], [ 35.03342, -0.51488 ], [ 35.03342, -0.51429 ], [ 35.03342, -0.51399 ], [ 35.03342, -0.51359 ], [ 35.03342, -0.51309 ], [ 35.03342, -0.51256 ], [ 35.03338, -0.51224 ], [ 35.03338, -0.51191 ], [ 35.03336, -0.51149 ], [ 35.03334, -0.51079 ], [ 35.03332, -0.5101 ], [ 35.03332, -0.5098 ], [ 35.03332, -0.5095 ], [ 35.03328, -0.50902 ], [ 35.03328, -0.50862 ], [ 35.03328, -0.50822 ], [ 35.03327, -0.50774 ], [ 35.03327, -0.50744 ], [ 35.03327, -0.50695 ], [ 35.03327, -0.50655 ], [ 35.03327, -0.50615 ], [ 35.03325, -0.5058 ], [ 35.03325, -0.50542 ], [ 35.03325, -0.50516 ], [ 35.0333, -0.50478 ], [ 35.03332, -0.50441 ], [ 35.03333, -0.50408 ], [ 35.03306, -0.50388 ], [ 35.03291, -0.50362 ], [ 35.03347, -0.50337 ], [ 35.03392, -0.50309 ], [ 35.03409, -0.50298 ], [ 35.03415, -0.50282 ], [ 35.03417, -0.5027 ], [ 35.03418, -0.50262 ], [ 35.03419, -0.50243 ], [ 35.03419, -0.50229 ], [ 35.03419, -0.50211 ], [ 35.03414, -0.50191 ], [ 35.03407, -0.50176 ], [ 35.03434, -0.50179 ], [ 35.03528, -0.50186 ], [ 35.03583, -0.50186 ], [ 35.03599, -0.50186 ], [ 35.03601, -0.50186 ], [ 35.03695, -0.50191 ], [ 35.03779, -0.50185 ], [ 35.03848, -0.50186 ], [ 35.03896, -0.5019 ], [ 35.03972, -0.5019 ], [ 35.04074, -0.5019 ], [ 35.04179, -0.50188 ], [ 35.04261, -0.5019 ], [ 35.04309, -0.50191 ], [ 35.04342, -0.50191 ], [ 35.04421, -0.50191 ], [ 35.0445, -0.50192 ], [ 35.0452, -0.50193 ], [ 35.04608, -0.50197 ], [ 35.04701, -0.50197 ], [ 35.04787, -0.50197 ], [ 35.04802, -0.50197 ], [ 35.04873, -0.50198 ], [ 35.04885, -0.50199 ], [ 35.04981, -0.50202 ], [ 35.05065, -0.50202 ], [ 35.05104, -0.50202 ], [ 35.05136, -0.50202 ], [ 35.05177, -0.502 ], [ 35.05259, -0.50191 ], [ 35.05271, -0.50181 ], [ 35.05285, -0.50173 ], [ 35.053, -0.50165 ], [ 35.05312, -0.50176 ], [ 35.05319, -0.50181 ], [ 35.05349, -0.50222 ], [ 35.05385, -0.5026 ], [ 35.05433, -0.50303 ], [ 35.05487, -0.50367 ], [ 35.05537, -0.50405 ], [ 35.05576, -0.50436 ], [ 35.05604, -0.50476 ], [ 35.05621, -0.50498 ], [ 35.05621, -0.50519 ], [ 35.05606, -0.50536 ], [ 35.05571, -0.50545 ], [ 35.05556, -0.50544 ], [ 35.05537, -0.50545 ], [ 35.05531, -0.50545 ], [ 35.05514, -0.50546 ], [ 35.05514, -0.50546 ], [ 35.05509, -0.50548 ], [ 35.05487, -0.50552 ], [ 35.05471, -0.50586 ], [ 35.05473, -0.50626 ], [ 35.05499, -0.50679 ], [ 35.05521, -0.50705 ], [ 35.05547, -0.50716 ], [ 35.05554, -0.5072 ], [ 35.05576, -0.50723 ], [ 35.05589, -0.50725 ], [ 35.05598, -0.50728 ], [ 35.0561, -0.50732 ], [ 35.05618, -0.50735 ], [ 35.05621, -0.50736 ], [ 35.05654, -0.50743 ], [ 35.05683, -0.50767 ], [ 35.05699, -0.50788 ], [ 35.05704, -0.508 ], [ 35.05727, -0.50828 ], [ 35.0573, -0.50831 ], [ 35.05727, -0.50834 ], [ 35.05744, -0.50847 ], [ 35.05742, -0.509 ], [ 35.05716, -0.50924 ], [ 35.05706, -0.50964 ], [ 35.05687, -0.51016 ], [ 35.0568, -0.51064 ], [ 35.05654, -0.511 ], [ 35.05618, -0.5114 ], [ 35.05561, -0.51183 ], [ 35.05518, -0.51226 ], [ 35.05478, -0.51261 ], [ 35.05447, -0.51285 ], [ 35.0543, -0.51307 ], [ 35.05402, -0.51316 ], [ 35.05376, -0.5133 ], [ 35.0534, -0.51376 ], [ 35.05333, -0.51418 ], [ 35.05328, -0.51461 ], [ 35.05328, -0.51465 ], [ 35.05327, -0.51474 ], [ 35.05326, -0.51486 ], [ 35.05326, -0.51556 ], [ 35.05319, -0.51597 ], [ 35.05319, -0.51635 ], [ 35.05316, -0.51675 ], [ 35.05316, -0.51711 ], [ 35.05316, -0.51759 ], [ 35.05316, -0.51842 ], [ 35.05304, -0.51911 ], [ 35.05297, -0.51956 ], [ 35.05283, -0.52018 ], [ 35.05239, -0.51991 ], [ 35.05184, -0.51971 ], [ 35.05139, -0.51969 ], [ 35.05105, -0.51995 ], [ 35.05095, -0.5203 ], [ 35.05081, -0.52075 ], [ 35.05048, -0.52121 ], [ 35.05005, -0.52162 ], [ 35.04975, -0.5218 ], [ 35.04943, -0.52215 ], [ 35.04902, -0.52247 ], [ 35.04876, -0.52284 ], [ 35.04859, -0.52314 ], [ 35.04853, -0.52363 ], [ 35.04857, -0.52409 ], [ 35.04859, -0.52436 ], [ 35.04851, -0.52474 ], [ 35.04845, -0.52519 ], [ 35.04843, -0.52551 ], [ 35.04843, -0.52576 ], [ 35.04859, -0.52604 ], [ 35.04867, -0.52615 ], [ 35.04875, -0.52626 ], [ 35.04889, -0.52647 ], [ 35.04892, -0.52651 ], [ 35.04926, -0.52681 ], [ 35.04932, -0.52688 ], [ 35.04955, -0.52718 ], [ 35.04962, -0.52728 ], [ 35.04969, -0.52738 ], [ 35.04979, -0.52715 ], [ 35.04982, -0.52709 ], [ 35.04986, -0.52709 ], [ 35.05008, -0.52711 ], [ 35.05038, -0.52725 ], [ 35.05078, -0.52753 ], [ 35.05084, -0.52761 ], [ 35.05086, -0.52758 ], [ 35.05086, -0.52759 ], [ 35.05117, -0.52799 ], [ 35.05153, -0.52835 ], [ 35.05177, -0.5288 ], [ 35.05205, -0.52914 ], [ 35.05216, -0.52932 ], [ 35.05221, -0.52939 ], [ 35.05229, -0.52948 ], [ 35.05233, -0.52953 ], [ 35.05231, -0.52958 ], [ 35.05231, -0.52959 ], [ 35.05241, -0.52985 ], [ 35.05224, -0.53004 ], [ 35.05224, -0.53032 ], [ 35.05224, -0.53071 ], [ 35.05224, -0.53123 ], [ 35.05228, -0.53144 ], [ 35.05234, -0.53185 ], [ 35.05236, -0.53213 ], [ 35.0526, -0.53266 ], [ 35.0527, -0.53301 ], [ 35.05281, -0.53323 ], [ 35.05289, -0.53368 ], [ 35.05305, -0.53404 ], [ 35.05322, -0.53446 ], [ 35.05336, -0.53475 ], [ 35.05346, -0.53525 ], [ 35.05358, -0.53577 ], [ 35.05358, -0.53623 ], [ 35.05355, -0.53653 ], [ 35.0535, -0.53692 ], [ 35.0532, -0.53718 ], [ 35.05284, -0.53737 ], [ 35.05239, -0.53737 ], [ 35.05191, -0.53742 ], [ 35.05165, -0.53753 ], [ 35.05115, -0.53758 ], [ 35.05079, -0.53763 ], [ 35.05048, -0.53799 ], [ 35.05013, -0.53846 ], [ 35.04984, -0.53877 ], [ 35.04963, -0.53903 ], [ 35.04963, -0.53925 ], [ 35.0496, -0.53972 ], [ 35.04972, -0.54015 ], [ 35.04986, -0.54037 ], [ 35.05001, -0.54063 ], [ 35.05017, -0.54096 ], [ 35.05039, -0.54136 ], [ 35.05049, -0.54155 ], [ 35.05063, -0.54179 ], [ 35.05089, -0.54225 ], [ 35.05117, -0.5427 ], [ 35.05134, -0.54293 ], [ 35.05165, -0.54315 ], [ 35.05201, -0.5432 ], [ 35.05222, -0.54327 ], [ 35.0526, -0.54327 ], [ 35.05267, -0.54346 ], [ 35.05248, -0.54386 ], [ 35.05246, -0.54412 ], [ 35.05246, -0.54448 ], [ 35.05248, -0.54479 ], [ 35.0527, -0.54505 ], [ 35.05273, -0.5451 ], [ 35.05293, -0.54536 ], [ 35.05327, -0.54572 ], [ 35.05329, -0.54605 ], [ 35.05329, -0.54624 ], [ 35.05325, -0.54629 ], [ 35.05315, -0.54641 ], [ 35.05277, -0.54658 ], [ 35.05251, -0.54658 ], [ 35.05227, -0.54662 ], [ 35.05201, -0.54665 ], [ 35.05174, -0.54669 ], [ 35.05162, -0.54677 ], [ 35.0512, -0.5471 ], [ 35.05112, -0.54711 ], [ 35.051, -0.54734 ], [ 35.05085, -0.54767 ], [ 35.05086, -0.54782 ], [ 35.05095, -0.54878 ], [ 35.0503, -0.54879 ], [ 35.0503, -0.54884 ], [ 35.05032, -0.54914 ], [ 35.05034, -0.54948 ], [ 35.05043, -0.5501 ], [ 35.05058, -0.55041 ], [ 35.05067, -0.55072 ], [ 35.05072, -0.55131 ], [ 35.05082, -0.55169 ], [ 35.05083, -0.55196 ], [ 35.05084, -0.55212 ], [ 35.05093, -0.55245 ], [ 35.05115, -0.55309 ], [ 35.05116, -0.55313 ], [ 35.05122, -0.55345 ], [ 35.05141, -0.55383 ], [ 35.05162, -0.55407 ], [ 35.05164, -0.5541 ], [ 35.05174, -0.55438 ], [ 35.05184, -0.55471 ], [ 35.05186, -0.55505 ], [ 35.05186, -0.55516 ], [ 35.0518, -0.55549 ], [ 35.05179, -0.55552 ], [ 35.0517, -0.55585 ], [ 35.05153, -0.55609 ], [ 35.05136, -0.55612 ], [ 35.05108, -0.55626 ], [ 35.05067, -0.55633 ], [ 35.05048, -0.55664 ], [ 35.05034, -0.55681 ], [ 35.05034, -0.55719 ], [ 35.05033, -0.55731 ], [ 35.05034, -0.55743 ], [ 35.05036, -0.55758 ], [ 35.05044, -0.5579 ], [ 35.0505, -0.55812 ], [ 35.05062, -0.55854 ], [ 35.05063, -0.55867 ], [ 35.05068, -0.55925 ], [ 35.05065, -0.55939 ], [ 35.05065, -0.55942 ], [ 35.05058, -0.55983 ], [ 35.05055, -0.5603 ], [ 35.05045, -0.56069 ], [ 35.05045, -0.56073 ], [ 35.05043, -0.56084 ], [ 35.05043, -0.56088 ], [ 35.05042, -0.56097 ], [ 35.05044, -0.56115 ], [ 35.05044, -0.5612 ], [ 35.05051, -0.56145 ], [ 35.05061, -0.56179 ], [ 35.0507, -0.56196 ], [ 35.05082, -0.56225 ], [ 35.05088, -0.56239 ], [ 35.05093, -0.56263 ], [ 35.05105, -0.56302 ], [ 35.05108, -0.56359 ], [ 35.05105, -0.56397 ], [ 35.05104, -0.56426 ], [ 35.05107, -0.56441 ], [ 35.0511, -0.56456 ], [ 35.05117, -0.56481 ], [ 35.0512, -0.56487 ], [ 35.05134, -0.56528 ], [ 35.05134, -0.56543 ], [ 35.05136, -0.56551 ], [ 35.05139, -0.56564 ], [ 35.05135, -0.566 ], [ 35.05131, -0.56625 ], [ 35.05129, -0.56666 ], [ 35.05115, -0.56701 ], [ 35.05096, -0.56749 ], [ 35.05076, -0.56781 ], [ 35.05072, -0.56791 ], [ 35.05023, -0.56872 ], [ 35.05008, -0.56896 ], [ 35.04995, -0.56915 ], [ 35.04989, -0.56937 ], [ 35.0497, -0.56963 ], [ 35.04948, -0.56992 ], [ 35.04925, -0.57039 ], [ 35.04896, -0.57063 ], [ 35.04886, -0.57077 ], [ 35.04902, -0.57125 ], [ 35.04871, -0.57122 ], [ 35.04862, -0.57111 ], [ 35.04836, -0.57148 ], [ 35.04801, -0.57263 ], [ 35.04829, -0.57254 ], [ 35.04848, -0.57248 ], [ 35.0485, -0.57247 ], [ 35.04921, -0.57217 ], [ 35.0496, -0.57231 ], [ 35.04962, -0.57231 ], [ 35.05015, -0.573 ], [ 35.05025, -0.57327 ], [ 35.05041, -0.57368 ], [ 35.05037, -0.57441 ], [ 35.05036, -0.57444 ], [ 35.05013, -0.57539 ], [ 35.05013, -0.57542 ], [ 35.04999, -0.57609 ], [ 35.04996, -0.57622 ], [ 35.04996, -0.57623 ], [ 35.04996, -0.57626 ], [ 35.04994, -0.57634 ], [ 35.04996, -0.57645 ], [ 35.04998, -0.57663 ], [ 35.05002, -0.57684 ], [ 35.05039, -0.57757 ], [ 35.05043, -0.57774 ], [ 35.05062, -0.57845 ], [ 35.05062, -0.57898 ], [ 35.05062, -0.57903 ], [ 35.05063, -0.58098 ], [ 35.05069, -0.58188 ], [ 35.05099, -0.58297 ], [ 35.05117, -0.58425 ], [ 35.05131, -0.58516 ], [ 35.05135, -0.58536 ], [ 35.05143, -0.58571 ], [ 35.05161, -0.58617 ], [ 35.05196, -0.58679 ], [ 35.05199, -0.58678 ], [ 35.05206, -0.58698 ], [ 35.05211, -0.58712 ], [ 35.05212, -0.58716 ], [ 35.05222, -0.58731 ], [ 35.05248, -0.58769 ], [ 35.05255, -0.58783 ], [ 35.0527, -0.58814 ], [ 35.05302, -0.58854 ], [ 35.05323, -0.5888 ], [ 35.05356, -0.58913 ], [ 35.05381, -0.58951 ], [ 35.05399, -0.58967 ], [ 35.05422, -0.58988 ], [ 35.05452, -0.59026 ], [ 35.0546, -0.59034 ], [ 35.05475, -0.5905 ], [ 35.05505, -0.59095 ], [ 35.05531, -0.59129 ], [ 35.05553, -0.59176 ], [ 35.05557, -0.59186 ], [ 35.05574, -0.59225 ], [ 35.05581, -0.59267 ], [ 35.05585, -0.59287 ], [ 35.05595, -0.59326 ], [ 35.05604, -0.59369 ], [ 35.05607, -0.59391 ], [ 35.05608, -0.59403 ], [ 35.05619, -0.59446 ], [ 35.0563, -0.59479 ], [ 35.05636, -0.59497 ], [ 35.05638, -0.59536 ], [ 35.05648, -0.59591 ], [ 35.05657, -0.59623 ], [ 35.05668, -0.59653 ], [ 35.05691, -0.59714 ], [ 35.05775, -0.59842 ], [ 35.0578, -0.59848 ], [ 35.05836, -0.59921 ], [ 35.0585, -0.59939 ], [ 35.05889, -0.60018 ], [ 35.05893, -0.60023 ], [ 35.05949, -0.601 ], [ 35.05986, -0.60133 ], [ 35.0605, -0.6019 ], [ 35.06102, -0.60226 ], [ 35.06118, -0.60237 ], [ 35.06208, -0.60312 ], [ 35.06238, -0.60354 ], [ 35.06251, -0.60372 ], [ 35.06264, -0.60443 ], [ 35.06264, -0.60444 ], [ 35.06264, -0.60446 ], [ 35.06264, -0.60461 ], [ 35.06267, -0.6048 ], [ 35.06267, -0.60528 ], [ 35.06267, -0.60563 ], [ 35.06268, -0.60579 ], [ 35.06268, -0.60583 ], [ 35.06281, -0.60621 ], [ 35.06295, -0.60674 ], [ 35.06298, -0.60684 ], [ 35.06312, -0.60736 ], [ 35.06319, -0.60762 ], [ 35.06329, -0.60795 ], [ 35.06328, -0.60804 ], [ 35.06328, -0.60819 ], [ 35.06333, -0.60842 ], [ 35.06326, -0.60881 ], [ 35.06319, -0.60893 ], [ 35.06295, -0.60932 ], [ 35.06282, -0.60971 ], [ 35.06275, -0.60987 ], [ 35.06267, -0.61015 ], [ 35.0626, -0.61038 ], [ 35.06249, -0.61074 ], [ 35.06233, -0.61104 ], [ 35.06208, -0.61148 ], [ 35.06207, -0.6115 ], [ 35.06188, -0.61192 ], [ 35.06185, -0.61198 ], [ 35.06167, -0.61254 ], [ 35.06158, -0.61275 ], [ 35.06152, -0.61291 ], [ 35.06141, -0.61309 ], [ 35.0611, -0.61359 ], [ 35.06106, -0.61362 ], [ 35.061, -0.61367 ], [ 35.06066, -0.61396 ], [ 35.06064, -0.61398 ], [ 35.06038, -0.61431 ], [ 35.06025, -0.61447 ], [ 35.06017, -0.61453 ], [ 35.06002, -0.61473 ], [ 35.0597, -0.61497 ], [ 35.05967, -0.61499 ], [ 35.05959, -0.61509 ], [ 35.05943, -0.61516 ], [ 35.05936, -0.61522 ], [ 35.05869, -0.61557 ], [ 35.05816, -0.61561 ], [ 35.05794, -0.6157 ], [ 35.05792, -0.61592 ] ] ] } },
{ "type": "Feature", "properties": { "entity_id": 281, "p_entity": 35, "name": "Manga Sub County" }, "geometry": { "type": "Polygon", "coordinates": [ [ [ 34.88825, -0.6127 ], [ 34.88825, -0.61271 ], [ 34.88825, -0.61272 ], [ 34.88824, -0.61306 ], [ 34.88833, -0.61329 ], [ 34.88834, -0.61337 ], [ 34.88837, -0.61337 ], [ 34.88863, -0.61335 ], [ 34.88895, -0.61338 ], [ 34.88955, -0.6134 ], [ 34.88997, -0.6134 ], [ 34.89035, -0.61333 ], [ 34.89061, -0.6135 ], [ 34.89084, -0.61367 ], [ 34.89109, -0.61385 ], [ 34.89142, -0.61407 ], [ 34.89169, -0.61424 ], [ 34.89194, -0.61435 ], [ 34.89217, -0.61444 ], [ 34.89226, -0.61452 ], [ 34.89264, -0.61474 ], [ 34.8931, -0.61497 ], [ 34.89336, -0.61515 ], [ 34.89353, -0.61525 ], [ 34.89362, -0.6153 ], [ 34.89372, -0.6153 ], [ 34.89408, -0.61557 ], [ 34.89434, -0.61576 ], [ 34.89474, -0.61606 ], [ 34.89519, -0.61648 ], [ 34.89561, -0.61685 ], [ 34.89604, -0.61725 ], [ 34.89649, -0.61759 ], [ 34.89693, -0.61795 ], [ 34.89744, -0.61838 ], [ 34.89796, -0.61868 ], [ 34.89853, -0.61897 ], [ 34.899, -0.61921 ], [ 34.89938, -0.61944 ], [ 34.89981, -0.61968 ], [ 34.90012, -0.62001 ], [ 34.90017, -0.62006 ], [ 34.90049, -0.62036 ], [ 34.90064, -0.62076 ], [ 34.90066, -0.62121 ], [ 34.90074, -0.62153 ], [ 34.90091, -0.62189 ], [ 34.90102, -0.62229 ], [ 34.90121, -0.62261 ], [ 34.9013, -0.62295 ], [ 34.90143, -0.62321 ], [ 34.90176, -0.6235 ], [ 34.90193, -0.62373 ], [ 34.90218, -0.62402 ], [ 34.9022, -0.62404 ], [ 34.90248, -0.62438 ], [ 34.90273, -0.62482 ], [ 34.90286, -0.62518 ], [ 34.90302, -0.6256 ], [ 34.90307, -0.62595 ], [ 34.90309, -0.6264 ], [ 34.90307, -0.62693 ], [ 34.90303, -0.62745 ], [ 34.90303, -0.62783 ], [ 34.90303, -0.6283 ], [ 34.90295, -0.62875 ], [ 34.90286, -0.62916 ], [ 34.90283, -0.62951 ], [ 34.90277, -0.62985 ], [ 34.90273, -0.63011 ], [ 34.90265, -0.63058 ], [ 34.90265, -0.6306 ], [ 34.90267, -0.63111 ], [ 34.90268, -0.63145 ], [ 34.90268, -0.63185 ], [ 34.90273, -0.63224 ], [ 34.90274, -0.63269 ], [ 34.9028, -0.63319 ], [ 34.9029, -0.63363 ], [ 34.90293, -0.6341 ], [ 34.90263, -0.63427 ], [ 34.90263, -0.63427 ], [ 34.90254, -0.63445 ], [ 34.90236, -0.63477 ], [ 34.90224, -0.6353 ], [ 34.90207, -0.63564 ], [ 34.90204, -0.63599 ], [ 34.90204, -0.63632 ], [ 34.90206, -0.63667 ], [ 34.90206, -0.63704 ], [ 34.90206, -0.63744 ], [ 34.90219, -0.63793 ], [ 34.90238, -0.63832 ], [ 34.90275, -0.63876 ], [ 34.90315, -0.63914 ], [ 34.90343, -0.63945 ], [ 34.9038, -0.63971 ], [ 34.9042, -0.63992 ], [ 34.90452, -0.64012 ], [ 34.90453, -0.64013 ], [ 34.90456, -0.64015 ], [ 34.90456, -0.64016 ], [ 34.90484, -0.64041 ], [ 34.90505, -0.64062 ], [ 34.90549, -0.64115 ], [ 34.90572, -0.64157 ], [ 34.90584, -0.64178 ], [ 34.9062, -0.64229 ], [ 34.90653, -0.64273 ], [ 34.90688, -0.6432 ], [ 34.90707, -0.64342 ], [ 34.90715, -0.6435 ], [ 34.90744, -0.64396 ], [ 34.90768, -0.64436 ], [ 34.90776, -0.64485 ], [ 34.90783, -0.64541 ], [ 34.90791, -0.64585 ], [ 34.90812, -0.6464 ], [ 34.90835, -0.64696 ], [ 34.90851, -0.6472 ], [ 34.90868, -0.64746 ], [ 34.90907, -0.64793 ], [ 34.90919, -0.64801 ], [ 34.90942, -0.64816 ], [ 34.90983, -0.64835 ], [ 34.91026, -0.64863 ], [ 34.91078, -0.64894 ], [ 34.91137, -0.64934 ], [ 34.91179, -0.64962 ], [ 34.91195, -0.64973 ], [ 34.91215, -0.64985 ], [ 34.91231, -0.64992 ], [ 34.91252, -0.65 ], [ 34.91297, -0.6502 ], [ 34.91308, -0.65026 ], [ 34.91336, -0.65039 ], [ 34.91371, -0.65053 ], [ 34.91385, -0.65058 ], [ 34.91387, -0.65059 ], [ 34.91403, -0.65064 ], [ 34.91418, -0.6507 ], [ 34.91431, -0.65075 ], [ 34.91478, -0.65095 ], [ 34.91528, -0.65127 ], [ 34.91546, -0.65146 ], [ 34.91563, -0.65163 ], [ 34.9159, -0.65192 ], [ 34.91643, -0.6524 ], [ 34.91675, -0.65278 ], [ 34.9172, -0.65316 ], [ 34.91745, -0.65336 ], [ 34.91764, -0.65352 ], [ 34.91791, -0.65375 ], [ 34.91817, -0.65398 ], [ 34.91853, -0.65434 ], [ 34.91897, -0.65473 ], [ 34.91941, -0.65494 ], [ 34.91995, -0.65528 ], [ 34.91997, -0.65529 ], [ 34.92001, -0.65532 ], [ 34.92031, -0.65555 ], [ 34.9205, -0.65568 ], [ 34.92109, -0.65611 ], [ 34.92116, -0.65617 ], [ 34.92165, -0.6565 ], [ 34.92195, -0.65676 ], [ 34.9224, -0.6571 ], [ 34.92282, -0.65742 ], [ 34.9232, -0.6578 ], [ 34.92358, -0.65813 ], [ 34.92406, -0.65836 ], [ 34.9241, -0.65839 ], [ 34.92444, -0.65864 ], [ 34.92449, -0.65868 ], [ 34.92481, -0.65892 ], [ 34.92485, -0.65895 ], [ 34.92485, -0.65895 ], [ 34.92491, -0.65898 ], [ 34.92518, -0.65916 ], [ 34.92544, -0.65935 ], [ 34.92562, -0.65959 ], [ 34.92613, -0.65991 ], [ 34.92644, -0.66023 ], [ 34.92676, -0.66051 ], [ 34.92697, -0.66063 ], [ 34.92711, -0.66075 ], [ 34.9273, -0.66103 ], [ 34.92776, -0.66142 ], [ 34.92816, -0.66165 ], [ 34.92866, -0.66191 ], [ 34.92907, -0.66216 ], [ 34.92927, -0.66228 ], [ 34.92973, -0.66256 ], [ 34.93017, -0.66289 ], [ 34.93073, -0.66333 ], [ 34.9311, -0.66357 ], [ 34.93115, -0.6636 ], [ 34.93146, -0.66381 ], [ 34.93171, -0.66398 ], [ 34.93203, -0.66433 ], [ 34.93248, -0.66475 ], [ 34.93301, -0.66505 ], [ 34.93345, -0.66521 ], [ 34.93385, -0.66542 ], [ 34.93422, -0.66567 ], [ 34.93473, -0.66597 ], [ 34.93527, -0.66625 ], [ 34.93562, -0.66641 ], [ 34.93571, -0.66646 ], [ 34.93622, -0.66677 ], [ 34.93676, -0.66709 ], [ 34.93717, -0.66737 ], [ 34.93748, -0.66758 ], [ 34.93778, -0.66784 ], [ 34.93806, -0.66804 ], [ 34.93845, -0.66821 ], [ 34.93873, -0.66839 ], [ 34.9391, -0.66856 ], [ 34.93957, -0.66879 ], [ 34.93991, -0.6689 ], [ 34.9402, -0.66904 ], [ 34.94057, -0.66926 ], [ 34.94092, -0.66955 ], [ 34.94129, -0.66977 ], [ 34.9417, -0.67004 ], [ 34.94215, -0.6703 ], [ 34.94261, -0.67051 ], [ 34.94293, -0.6706 ], [ 34.94274, -0.67091 ], [ 34.94263, -0.6711 ], [ 34.94251, -0.6713 ], [ 34.94236, -0.6715 ], [ 34.94223, -0.67177 ], [ 34.94229, -0.67198 ], [ 34.94242, -0.67214 ], [ 34.94246, -0.6723 ], [ 34.94246, -0.67251 ], [ 34.94237, -0.6726 ], [ 34.94222, -0.67265 ], [ 34.94204, -0.67276 ], [ 34.94204, -0.673 ], [ 34.94207, -0.67328 ], [ 34.94206, -0.67348 ], [ 34.94195, -0.6736 ], [ 34.94175, -0.67378 ], [ 34.9415, -0.67382 ], [ 34.94161, -0.67392 ], [ 34.9417, -0.67404 ], [ 34.94174, -0.67415 ], [ 34.94163, -0.6743 ], [ 34.9415, -0.67432 ], [ 34.94134, -0.67433 ], [ 34.94118, -0.67446 ], [ 34.94118, -0.6746 ], [ 34.94118, -0.67473 ], [ 34.94117, -0.675 ], [ 34.94109, -0.67527 ], [ 34.94108, -0.67528 ], [ 34.94097, -0.67547 ], [ 34.94097, -0.67547 ], [ 34.9409, -0.67559 ], [ 34.9408, -0.67579 ], [ 34.94074, -0.67597 ], [ 34.94062, -0.67623 ], [ 34.9406, -0.67647 ], [ 34.94051, -0.6766 ], [ 34.94041, -0.67682 ], [ 34.94029, -0.67702 ], [ 34.94027, -0.67719 ], [ 34.9402, -0.67758 ], [ 34.94016, -0.67782 ], [ 34.94012, -0.67789 ], [ 34.94002, -0.67808 ], [ 34.93975, -0.6784 ], [ 34.93959, -0.67854 ], [ 34.93951, -0.6786 ], [ 34.93938, -0.67876 ], [ 34.93935, -0.6788 ], [ 34.93925, -0.67892 ], [ 34.93896, -0.67904 ], [ 34.93887, -0.67913 ], [ 34.93873, -0.67918 ], [ 34.93869, -0.67921 ], [ 34.93856, -0.67933 ], [ 34.93846, -0.67949 ], [ 34.93829, -0.67974 ], [ 34.93818, -0.67987 ], [ 34.93807, -0.68001 ], [ 34.93807, -0.68017 ], [ 34.9381, -0.68045 ], [ 34.9381, -0.68063 ], [ 34.93808, -0.68085 ], [ 34.93808, -0.68097 ], [ 34.93803, -0.68104 ], [ 34.93801, -0.68123 ], [ 34.93793, -0.68125 ], [ 34.9378, -0.68129 ], [ 34.93773, -0.68131 ], [ 34.9376, -0.68145 ], [ 34.93762, -0.68157 ], [ 34.93763, -0.68166 ], [ 34.93758, -0.68175 ], [ 34.93749, -0.68175 ], [ 34.93744, -0.68182 ], [ 34.93748, -0.68192 ], [ 34.93756, -0.68199 ], [ 34.93761, -0.68212 ], [ 34.9376, -0.68224 ], [ 34.93749, -0.68224 ], [ 34.93731, -0.68225 ], [ 34.93723, -0.68239 ], [ 34.93721, -0.68256 ], [ 34.93721, -0.68268 ], [ 34.93719, -0.68277 ], [ 34.93707, -0.68287 ], [ 34.93702, -0.68291 ], [ 34.9369, -0.68296 ], [ 34.93675, -0.68311 ], [ 34.93672, -0.68318 ], [ 34.93676, -0.68325 ], [ 34.93685, -0.68334 ], [ 34.93692, -0.68337 ], [ 34.93692, -0.68356 ], [ 34.9369, -0.68364 ], [ 34.93679, -0.68371 ], [ 34.93675, -0.68371 ], [ 34.93663, -0.68383 ], [ 34.93663, -0.68398 ], [ 34.93664, -0.68409 ], [ 34.93667, -0.68419 ], [ 34.93669, -0.6843 ], [ 34.93671, -0.68444 ], [ 34.9367, -0.68453 ], [ 34.93667, -0.68458 ], [ 34.9366, -0.68472 ], [ 34.93648, -0.68474 ], [ 34.93639, -0.68481 ], [ 34.93614, -0.68494 ], [ 34.93599, -0.68501 ], [ 34.93585, -0.68507 ], [ 34.93555, -0.68524 ], [ 34.93531, -0.68538 ], [ 34.93522, -0.68549 ], [ 34.93512, -0.68564 ], [ 34.93507, -0.6857 ], [ 34.93509, -0.68572 ], [ 34.93509, -0.68572 ], [ 34.93506, -0.68572 ], [ 34.93504, -0.68573 ], [ 34.935, -0.68578 ], [ 34.93487, -0.68595 ], [ 34.93463, -0.6862 ], [ 34.93451, -0.68632 ], [ 34.93424, -0.68648 ], [ 34.93418, -0.68664 ], [ 34.93404, -0.68671 ], [ 34.93391, -0.68684 ], [ 34.9338, -0.68684 ], [ 34.93359, -0.68689 ], [ 34.93347, -0.68696 ], [ 34.93339, -0.68707 ], [ 34.93328, -0.68718 ], [ 34.93318, -0.68727 ], [ 34.93314, -0.68739 ], [ 34.93311, -0.68754 ], [ 34.93304, -0.68768 ], [ 34.93292, -0.68781 ], [ 34.93278, -0.68797 ], [ 34.93259, -0.68797 ], [ 34.93249, -0.68805 ], [ 34.93242, -0.68816 ], [ 34.93231, -0.68828 ], [ 34.93211, -0.68848 ], [ 34.93195, -0.68865 ], [ 34.93194, -0.68887 ], [ 34.93194, -0.68896 ], [ 34.93194, -0.68916 ], [ 34.93194, -0.68937 ], [ 34.93194, -0.68948 ], [ 34.93182, -0.68963 ], [ 34.93166, -0.68979 ], [ 34.93144, -0.68991 ], [ 34.93125, -0.68997 ], [ 34.93109, -0.69 ], [ 34.93095, -0.69009 ], [ 34.93083, -0.69009 ], [ 34.93062, -0.69009 ], [ 34.93045, -0.69004 ], [ 34.93023, -0.68998 ], [ 34.92999, -0.68988 ], [ 34.92971, -0.68982 ], [ 34.92963, -0.68982 ], [ 34.92955, -0.68984 ], [ 34.92934, -0.6899 ], [ 34.92924, -0.68994 ], [ 34.92903, -0.68996 ], [ 34.9288, -0.68999 ], [ 34.92851, -0.69007 ], [ 34.92837, -0.69013 ], [ 34.92822, -0.69019 ], [ 34.92808, -0.69026 ], [ 34.92774, -0.69045 ], [ 34.92761, -0.69062 ], [ 34.92744, -0.6908 ], [ 34.9274, -0.69106 ], [ 34.92722, -0.69121 ], [ 34.92701, -0.6914 ], [ 34.92692, -0.69147 ], [ 34.92672, -0.69164 ], [ 34.9266, -0.69181 ], [ 34.92642, -0.69207 ], [ 34.92631, -0.69214 ], [ 34.92621, -0.69223 ], [ 34.92604, -0.69229 ], [ 34.92572, -0.69236 ], [ 34.92548, -0.69234 ], [ 34.92529, -0.69228 ], [ 34.92505, -0.69221 ], [ 34.92491, -0.6922 ], [ 34.9249, -0.6922 ], [ 34.92483, -0.6922 ], [ 34.92453, -0.69219 ], [ 34.92438, -0.69218 ], [ 34.92403, -0.69218 ], [ 34.92388, -0.69218 ], [ 34.92376, -0.69218 ], [ 34.92349, -0.69214 ], [ 34.92308, -0.69196 ], [ 34.92276, -0.69187 ], [ 34.92243, -0.6917 ], [ 34.92196, -0.6915 ], [ 34.92165, -0.6913 ], [ 34.92141, -0.69127 ], [ 34.92118, -0.69126 ], [ 34.92087, -0.69126 ], [ 34.92051, -0.69126 ], [ 34.92039, -0.69127 ], [ 34.92026, -0.6913 ], [ 34.9202, -0.69135 ], [ 34.92006, -0.69147 ], [ 34.91993, -0.69161 ], [ 34.91987, -0.69184 ], [ 34.91973, -0.69206 ], [ 34.91963, -0.6923 ], [ 34.91949, -0.69259 ], [ 34.9194, -0.69276 ], [ 34.91926, -0.69287 ], [ 34.91898, -0.69289 ], [ 34.91878, -0.69297 ], [ 34.91877, -0.6932 ], [ 34.91884, -0.69329 ], [ 34.919, -0.69343 ], [ 34.91908, -0.69361 ], [ 34.91907, -0.69372 ], [ 34.91898, -0.69382 ], [ 34.91883, -0.69391 ], [ 34.91878, -0.69391 ], [ 34.9187, -0.69406 ], [ 34.9187, -0.69411 ], [ 34.9187, -0.6942 ], [ 34.9186, -0.69432 ], [ 34.9184, -0.69433 ], [ 34.91822, -0.6942 ], [ 34.91791, -0.69406 ], [ 34.91767, -0.69411 ], [ 34.91761, -0.69424 ], [ 34.91741, -0.69419 ], [ 34.91726, -0.69406 ], [ 34.91706, -0.69387 ], [ 34.91673, -0.69359 ], [ 34.91643, -0.69337 ], [ 34.91611, -0.69323 ], [ 34.91596, -0.69315 ], [ 34.91584, -0.69313 ], [ 34.91572, -0.69316 ], [ 34.91558, -0.69331 ], [ 34.91543, -0.69337 ], [ 34.91521, -0.69359 ], [ 34.91505, -0.69372 ], [ 34.91468, -0.69372 ], [ 34.91439, -0.69372 ], [ 34.91422, -0.6937 ], [ 34.91409, -0.69364 ], [ 34.91392, -0.69352 ], [ 34.91359, -0.69336 ], [ 34.91339, -0.69325 ], [ 34.91326, -0.69321 ], [ 34.9131, -0.69322 ], [ 34.91304, -0.69323 ], [ 34.91303, -0.69335 ], [ 34.91305, -0.6935 ], [ 34.91322, -0.69374 ], [ 34.91334, -0.694 ], [ 34.91329, -0.69425 ], [ 34.91324, -0.69459 ], [ 34.913, -0.69491 ], [ 34.91289, -0.695 ], [ 34.91279, -0.6951 ], [ 34.91266, -0.69524 ], [ 34.91255, -0.69536 ], [ 34.91244, -0.69553 ], [ 34.91236, -0.69562 ], [ 34.91229, -0.69567 ], [ 34.912, -0.69568 ], [ 34.91184, -0.69567 ], [ 34.91154, -0.69555 ], [ 34.91119, -0.69539 ], [ 34.91114, -0.69556 ], [ 34.91085, -0.69534 ], [ 34.91068, -0.69507 ], [ 34.91051, -0.69481 ], [ 34.91043, -0.69452 ], [ 34.91033, -0.69422 ], [ 34.91021, -0.69392 ], [ 34.91015, -0.69369 ], [ 34.91005, -0.69341 ], [ 34.90998, -0.69321 ], [ 34.90987, -0.69303 ], [ 34.91002, -0.69277 ], [ 34.9103, -0.69257 ], [ 34.91057, -0.69242 ], [ 34.9109, -0.69223 ], [ 34.91097, -0.69222 ], [ 34.91097, -0.69221 ], [ 34.91099, -0.69206 ], [ 34.91083, -0.69194 ], [ 34.91069, -0.69175 ], [ 34.91048, -0.69154 ], [ 34.91027, -0.69134 ], [ 34.91004, -0.69104 ], [ 34.90983, -0.69076 ], [ 34.90963, -0.69055 ], [ 34.90944, -0.69023 ], [ 34.90925, -0.69008 ], [ 34.90899, -0.68987 ], [ 34.90881, -0.68974 ], [ 34.90873, -0.6896 ], [ 34.9086, -0.68947 ], [ 34.90847, -0.68936 ], [ 34.90825, -0.68918 ], [ 34.908, -0.68893 ], [ 34.90784, -0.68878 ], [ 34.90776, -0.6887 ], [ 34.90752, -0.68852 ], [ 34.90732, -0.6882 ], [ 34.9071, -0.68787 ], [ 34.90698, -0.68766 ], [ 34.90687, -0.68744 ], [ 34.90674, -0.6872 ], [ 34.90654, -0.68693 ], [ 34.90633, -0.68664 ], [ 34.90614, -0.68635 ], [ 34.90593, -0.68608 ], [ 34.90567, -0.68577 ], [ 34.90552, -0.68555 ], [ 34.90544, -0.68536 ], [ 34.90533, -0.68514 ], [ 34.90515, -0.68479 ], [ 34.90504, -0.68454 ], [ 34.9049, -0.6843 ], [ 34.90465, -0.68421 ], [ 34.90439, -0.68421 ], [ 34.90413, -0.68421 ], [ 34.90405, -0.68421 ], [ 34.90382, -0.68421 ], [ 34.90356, -0.6842 ], [ 34.90338, -0.68412 ], [ 34.90322, -0.68396 ], [ 34.90297, -0.68372 ], [ 34.90274, -0.68347 ], [ 34.90245, -0.6832 ], [ 34.9022, -0.68291 ], [ 34.902, -0.68265 ], [ 34.90175, -0.68232 ], [ 34.90159, -0.68206 ], [ 34.90149, -0.68183 ], [ 34.90139, -0.68168 ], [ 34.9013, -0.68149 ], [ 34.9012, -0.6813 ], [ 34.90099, -0.68111 ], [ 34.90073, -0.68091 ], [ 34.90043, -0.68071 ], [ 34.90011, -0.68055 ], [ 34.89984, -0.68042 ], [ 34.8997, -0.68035 ], [ 34.89962, -0.6807 ], [ 34.89941, -0.68104 ], [ 34.89903, -0.68157 ], [ 34.8986, -0.68204 ], [ 34.8979, -0.68266 ], [ 34.89747, -0.68312 ], [ 34.89675, -0.68396 ], [ 34.89608, -0.68477 ], [ 34.89554, -0.68548 ], [ 34.89491, -0.68608 ], [ 34.89465, -0.68646 ], [ 34.89465, -0.68647 ], [ 34.89461, -0.68653 ], [ 34.89453, -0.68653 ], [ 34.89453, -0.68653 ], [ 34.89441, -0.68653 ], [ 34.89413, -0.68623 ], [ 34.89386, -0.68575 ], [ 34.8936, -0.68534 ], [ 34.89348, -0.68503 ], [ 34.8932, -0.68506 ], [ 34.89319, -0.685 ], [ 34.89312, -0.68482 ], [ 34.89298, -0.68462 ], [ 34.89275, -0.68436 ], [ 34.89261, -0.68411 ], [ 34.89254, -0.68386 ], [ 34.89242, -0.68359 ], [ 34.89238, -0.68333 ], [ 34.8923, -0.68302 ], [ 34.89218, -0.68281 ], [ 34.89192, -0.68241 ], [ 34.89165, -0.68215 ], [ 34.89144, -0.68201 ], [ 34.89118, -0.68175 ], [ 34.89091, -0.68159 ], [ 34.89071, -0.68141 ], [ 34.89054, -0.68125 ], [ 34.89037, -0.68101 ], [ 34.89024, -0.68086 ], [ 34.89003, -0.6807 ], [ 34.88978, -0.68057 ], [ 34.88953, -0.68048 ], [ 34.88925, -0.68036 ], [ 34.88902, -0.68031 ], [ 34.88887, -0.68025 ], [ 34.88862, -0.68009 ], [ 34.88843, -0.6799 ], [ 34.88836, -0.6798 ], [ 34.88835, -0.67981 ], [ 34.88818, -0.68003 ], [ 34.88802, -0.68028 ], [ 34.8878, -0.68067 ], [ 34.88762, -0.68104 ], [ 34.88763, -0.68117 ], [ 34.88763, -0.68117 ], [ 34.88763, -0.68122 ], [ 34.88752, -0.68138 ], [ 34.88733, -0.68153 ], [ 34.88716, -0.68178 ], [ 34.88698, -0.68208 ], [ 34.8868, -0.68242 ], [ 34.8866, -0.68278 ], [ 34.88641, -0.68295 ], [ 34.88628, -0.68307 ], [ 34.88615, -0.68307 ], [ 34.88585, -0.68307 ], [ 34.88569, -0.68308 ], [ 34.88548, -0.68322 ], [ 34.88539, -0.6834 ], [ 34.88528, -0.68357 ], [ 34.88507, -0.68366 ], [ 34.88473, -0.68384 ], [ 34.88427, -0.68404 ], [ 34.88409, -0.68412 ], [ 34.88395, -0.68418 ], [ 34.88374, -0.68428 ], [ 34.88333, -0.68451 ], [ 34.88311, -0.6844 ], [ 34.88282, -0.68438 ], [ 34.88252, -0.68434 ], [ 34.88216, -0.68434 ], [ 34.88184, -0.68434 ], [ 34.88141, -0.68434 ], [ 34.88093, -0.68441 ], [ 34.88055, -0.68445 ], [ 34.88007, -0.68463 ], [ 34.87963, -0.68476 ], [ 34.87931, -0.68497 ], [ 34.87914, -0.68515 ], [ 34.87894, -0.68533 ], [ 34.87879, -0.68565 ], [ 34.8787, -0.68595 ], [ 34.8787, -0.68596 ], [ 34.87866, -0.68595 ], [ 34.87823, -0.68584 ], [ 34.87786, -0.68574 ], [ 34.87754, -0.68558 ], [ 34.87753, -0.68558 ], [ 34.87752, -0.68557 ], [ 34.87736, -0.68549 ], [ 34.87711, -0.68535 ], [ 34.87713, -0.68504 ], [ 34.87713, -0.68471 ], [ 34.87714, -0.68439 ], [ 34.87739, -0.68408 ], [ 34.8776, -0.68385 ], [ 34.87769, -0.68362 ], [ 34.87761, -0.68337 ], [ 34.87738, -0.68308 ], [ 34.87723, -0.68284 ], [ 34.87694, -0.68247 ], [ 34.87659, -0.68205 ], [ 34.87628, -0.6817 ], [ 34.87582, -0.6812 ], [ 34.87543, -0.68072 ], [ 34.87504, -0.68035 ], [ 34.87462, -0.68004 ], [ 34.87416, -0.6796 ], [ 34.87378, -0.6793 ], [ 34.87331, -0.67895 ], [ 34.87298, -0.67855 ], [ 34.87281, -0.67829 ], [ 34.87271, -0.67809 ], [ 34.87269, -0.67809 ], [ 34.87253, -0.67779 ], [ 34.87233, -0.67742 ], [ 34.87237, -0.67731 ], [ 34.8725, -0.6769 ], [ 34.87263, -0.67652 ], [ 34.87275, -0.67621 ], [ 34.87277, -0.67596 ], [ 34.87277, -0.67573 ], [ 34.8727, -0.67544 ], [ 34.8725, -0.67511 ], [ 34.87226, -0.6747 ], [ 34.87205, -0.67439 ], [ 34.87191, -0.6742 ], [ 34.87176, -0.67399 ], [ 34.87152, -0.67375 ], [ 34.87131, -0.67343 ], [ 34.87106, -0.67316 ], [ 34.87089, -0.67285 ], [ 34.87081, -0.67246 ], [ 34.8707, -0.6721 ], [ 34.87067, -0.67183 ], [ 34.87054, -0.67141 ], [ 34.87041, -0.6711 ], [ 34.87036, -0.67079 ], [ 34.87036, -0.67051 ], [ 34.87039, -0.67035 ], [ 34.87012, -0.67018 ], [ 34.86973, -0.67004 ], [ 34.86942, -0.67 ], [ 34.86904, -0.67 ], [ 34.86872, -0.67006 ], [ 34.8687, -0.67006 ], [ 34.86841, -0.67022 ], [ 34.86802, -0.67051 ], [ 34.86759, -0.67078 ], [ 34.86731, -0.67099 ], [ 34.86731, -0.67099 ], [ 34.86705, -0.6711 ], [ 34.86652, -0.67112 ], [ 34.86591, -0.6711 ], [ 34.86513, -0.67102 ], [ 34.86444, -0.67101 ], [ 34.86382, -0.67099 ], [ 34.86312, -0.67091 ], [ 34.86261, -0.67074 ], [ 34.86218, -0.67063 ], [ 34.86155, -0.67049 ], [ 34.86101, -0.67039 ], [ 34.86037, -0.67024 ], [ 34.85988, -0.67017 ], [ 34.85944, -0.6701 ], [ 34.85943, -0.67008 ], [ 34.85943, -0.67008 ], [ 34.85937, -0.67012 ], [ 34.85919, -0.67034 ], [ 34.859, -0.67094 ], [ 34.85887, -0.67136 ], [ 34.85879, -0.67174 ], [ 34.85874, -0.67214 ], [ 34.85867, -0.67254 ], [ 34.85853, -0.67279 ], [ 34.85851, -0.67295 ], [ 34.85851, -0.67314 ], [ 34.85866, -0.67332 ], [ 34.85871, -0.67351 ], [ 34.85871, -0.67373 ], [ 34.85854, -0.67405 ], [ 34.85845, -0.67439 ], [ 34.8584, -0.67464 ], [ 34.85837, -0.67478 ], [ 34.85836, -0.67515 ], [ 34.85836, -0.67522 ], [ 34.85824, -0.67559 ], [ 34.85822, -0.67591 ], [ 34.85819, -0.67621 ], [ 34.85819, -0.67646 ], [ 34.85821, -0.6767 ], [ 34.85835, -0.6769 ], [ 34.85858, -0.67717 ], [ 34.85873, -0.6778 ], [ 34.85863, -0.67818 ], [ 34.8586, -0.67862 ], [ 34.85861, -0.67905 ], [ 34.85862, -0.67929 ], [ 34.85885, -0.67964 ], [ 34.85898, -0.67996 ], [ 34.85906, -0.68014 ], [ 34.85907, -0.68015 ], [ 34.85912, -0.68026 ], [ 34.85933, -0.68056 ], [ 34.85954, -0.68086 ], [ 34.85969, -0.6811 ], [ 34.85983, -0.68141 ], [ 34.85997, -0.68189 ], [ 34.86009, -0.68227 ], [ 34.8603, -0.68257 ], [ 34.86046, -0.68271 ], [ 34.86061, -0.68287 ], [ 34.86068, -0.68318 ], [ 34.86084, -0.68357 ], [ 34.86101, -0.68392 ], [ 34.86117, -0.68429 ], [ 34.8614, -0.6846 ], [ 34.86166, -0.68489 ], [ 34.86176, -0.68521 ], [ 34.86185, -0.68566 ], [ 34.86194, -0.68599 ], [ 34.8621, -0.68629 ], [ 34.86228, -0.6867 ], [ 34.86242, -0.6871 ], [ 34.86256, -0.68727 ], [ 34.86269, -0.6875 ], [ 34.86296, -0.6876 ], [ 34.86319, -0.68776 ], [ 34.86337, -0.68797 ], [ 34.86345, -0.6883 ], [ 34.86352, -0.68846 ], [ 34.86352, -0.68846 ], [ 34.86354, -0.6887 ], [ 34.86353, -0.68893 ], [ 34.86353, -0.68899 ], [ 34.86353, -0.68902 ], [ 34.86353, -0.68919 ], [ 34.86356, -0.68925 ], [ 34.86356, -0.68926 ], [ 34.86367, -0.68952 ], [ 34.86375, -0.68991 ], [ 34.86386, -0.69024 ], [ 34.86374, -0.69066 ], [ 34.8637, -0.691 ], [ 34.8637, -0.69135 ], [ 34.86383, -0.69164 ], [ 34.86387, -0.69193 ], [ 34.86387, -0.69232 ], [ 34.86384, -0.69265 ], [ 34.86383, -0.69279 ], [ 34.86372, -0.6931 ], [ 34.86372, -0.69335 ], [ 34.86372, -0.69358 ], [ 34.86371, -0.69381 ], [ 34.8635, -0.69418 ], [ 34.86344, -0.69441 ], [ 34.86343, -0.69444 ], [ 34.86339, -0.69459 ], [ 34.8634, -0.6949 ], [ 34.86351, -0.69522 ], [ 34.86355, -0.69552 ], [ 34.8635, -0.69578 ], [ 34.86335, -0.69598 ], [ 34.86317, -0.69621 ], [ 34.86297, -0.69653 ], [ 34.86273, -0.69693 ], [ 34.8626, -0.69721 ], [ 34.86243, -0.69744 ], [ 34.86242, -0.69776 ], [ 34.86226, -0.69805 ], [ 34.86204, -0.69832 ], [ 34.86193, -0.69847 ], [ 34.86193, -0.69847 ], [ 34.86183, -0.6986 ], [ 34.86169, -0.69887 ], [ 34.86157, -0.69911 ], [ 34.86154, -0.69933 ], [ 34.86146, -0.69963 ], [ 34.86143, -0.69983 ], [ 34.86125, -0.7001 ], [ 34.86102, -0.70025 ], [ 34.86084, -0.70041 ], [ 34.86062, -0.70065 ], [ 34.86038, -0.70091 ], [ 34.86015, -0.70112 ], [ 34.86006, -0.70137 ], [ 34.85999, -0.70165 ], [ 34.85999, -0.70194 ], [ 34.86012, -0.70215 ], [ 34.86025, -0.70243 ], [ 34.86022, -0.70269 ], [ 34.86017, -0.70289 ], [ 34.85998, -0.70319 ], [ 34.8598, -0.70341 ], [ 34.85974, -0.70376 ], [ 34.85974, -0.70402 ], [ 34.85974, -0.70424 ], [ 34.85985, -0.70451 ], [ 34.86011, -0.7047 ], [ 34.86027, -0.70492 ], [ 34.86053, -0.70521 ], [ 34.86076, -0.70541 ], [ 34.86086, -0.70563 ], [ 34.86064, -0.70569 ], [ 34.86048, -0.70572 ], [ 34.86025, -0.70587 ], [ 34.86007, -0.70587 ], [ 34.85979, -0.70601 ], [ 34.85961, -0.7062 ], [ 34.8595, -0.70644 ], [ 34.85945, -0.70656 ], [ 34.85937, -0.70666 ], [ 34.85926, -0.7068 ], [ 34.8592, -0.70681 ], [ 34.85908, -0.70683 ], [ 34.85886, -0.7068 ], [ 34.85865, -0.7067 ], [ 34.85848, -0.7067 ], [ 34.85817, -0.70672 ], [ 34.85799, -0.70672 ], [ 34.85783, -0.70672 ], [ 34.8575, -0.70674 ], [ 34.8572, -0.70654 ], [ 34.85677, -0.70623 ], [ 34.85633, -0.70599 ], [ 34.85608, -0.70592 ], [ 34.8556, -0.70584 ], [ 34.85535, -0.7058 ], [ 34.85487, -0.7058 ], [ 34.85459, -0.70585 ], [ 34.85447, -0.70592 ], [ 34.85426, -0.70601 ], [ 34.85412, -0.70616 ], [ 34.85397, -0.70624 ], [ 34.85375, -0.70631 ], [ 34.85361, -0.70644 ], [ 34.85336, -0.70644 ], [ 34.85312, -0.70651 ], [ 34.85301, -0.70657 ], [ 34.85278, -0.7067 ], [ 34.85259, -0.70685 ], [ 34.85258, -0.70685 ], [ 34.85241, -0.70681 ], [ 34.85225, -0.70673 ], [ 34.852, -0.70661 ], [ 34.85177, -0.7066 ], [ 34.85163, -0.7066 ], [ 34.85155, -0.70661 ], [ 34.85147, -0.70672 ], [ 34.85152, -0.70682 ], [ 34.85156, -0.70695 ], [ 34.85156, -0.70707 ], [ 34.85141, -0.70709 ], [ 34.85124, -0.70716 ], [ 34.85092, -0.70725 ], [ 34.85077, -0.70713 ], [ 34.85082, -0.70694 ], [ 34.85107, -0.70677 ], [ 34.85116, -0.70656 ], [ 34.85116, -0.70641 ], [ 34.85103, -0.70624 ], [ 34.85081, -0.70611 ], [ 34.85065, -0.70605 ], [ 34.85041, -0.70611 ], [ 34.85026, -0.70612 ], [ 34.85004, -0.70629 ], [ 34.84986, -0.7063 ], [ 34.84955, -0.70632 ], [ 34.84937, -0.70639 ], [ 34.84922, -0.70623 ], [ 34.84904, -0.70602 ], [ 34.84903, -0.70576 ], [ 34.84903, -0.70555 ], [ 34.84892, -0.70542 ], [ 34.84874, -0.70539 ], [ 34.84855, -0.70555 ], [ 34.84852, -0.70558 ], [ 34.84834, -0.70547 ], [ 34.84837, -0.7053 ], [ 34.84851, -0.70503 ], [ 34.84837, -0.70485 ], [ 34.8482, -0.70487 ], [ 34.84807, -0.70503 ], [ 34.84799, -0.70514 ], [ 34.8479, -0.70522 ], [ 34.84767, -0.70521 ], [ 34.8475, -0.70505 ], [ 34.84734, -0.70517 ], [ 34.84723, -0.70526 ], [ 34.84709, -0.70543 ], [ 34.84696, -0.70558 ], [ 34.8468, -0.70558 ], [ 34.84665, -0.70548 ], [ 34.8466, -0.70536 ], [ 34.8466, -0.70506 ], [ 34.84671, -0.70479 ], [ 34.84681, -0.7046 ], [ 34.84682, -0.70438 ], [ 34.84672, -0.70421 ], [ 34.84656, -0.70398 ], [ 34.84641, -0.70389 ], [ 34.84633, -0.70377 ], [ 34.84624, -0.70367 ], [ 34.84606, -0.70355 ], [ 34.84592, -0.70355 ], [ 34.84583, -0.70375 ], [ 34.84581, -0.70397 ], [ 34.84575, -0.70414 ], [ 34.8457, -0.7043 ], [ 34.84554, -0.70435 ], [ 34.84515, -0.70439 ], [ 34.84477, -0.70448 ], [ 34.84449, -0.70449 ], [ 34.84426, -0.7047 ], [ 34.84411, -0.70491 ], [ 34.84388, -0.70508 ], [ 34.84369, -0.7052 ], [ 34.84344, -0.70533 ], [ 34.84316, -0.70546 ], [ 34.84298, -0.70551 ], [ 34.84275, -0.70537 ], [ 34.84274, -0.70513 ], [ 34.84271, -0.70483 ], [ 34.84246, -0.70443 ], [ 34.84226, -0.70413 ], [ 34.84193, -0.70386 ], [ 34.84183, -0.70352 ], [ 34.84174, -0.70319 ], [ 34.84151, -0.70292 ], [ 34.84139, -0.70292 ], [ 34.8412, -0.70296 ], [ 34.84106, -0.7032 ], [ 34.84092, -0.70346 ], [ 34.84109, -0.70383 ], [ 34.84138, -0.70397 ], [ 34.84151, -0.70414 ], [ 34.8416, -0.70449 ], [ 34.84151, -0.70485 ], [ 34.84137, -0.70521 ], [ 34.84122, -0.70564 ], [ 34.8411, -0.70591 ], [ 34.841, -0.70599 ], [ 34.841, -0.70628 ], [ 34.84106, -0.7065 ], [ 34.84104, -0.7066 ], [ 34.84098, -0.70676 ], [ 34.8409, -0.7068 ], [ 34.8409, -0.70696 ], [ 34.84096, -0.7071 ], [ 34.84113, -0.70725 ], [ 34.84112, -0.70745 ], [ 34.84104, -0.70754 ], [ 34.8409, -0.70754 ], [ 34.84078, -0.70754 ], [ 34.8407, -0.70749 ], [ 34.84057, -0.70772 ], [ 34.84052, -0.70792 ], [ 34.84038, -0.70828 ], [ 34.84021, -0.70849 ], [ 34.8401, -0.70865 ], [ 34.84, -0.70876 ], [ 34.8399, -0.7088 ], [ 34.83975, -0.7088 ], [ 34.83953, -0.70875 ], [ 34.83947, -0.70855 ], [ 34.83944, -0.70838 ], [ 34.83949, -0.70807 ], [ 34.83961, -0.70784 ], [ 34.83961, -0.70754 ], [ 34.8396, -0.70734 ], [ 34.83944, -0.70722 ], [ 34.83925, -0.70716 ], [ 34.83914, -0.70718 ], [ 34.83897, -0.70719 ], [ 34.83886, -0.70712 ], [ 34.83865, -0.70695 ], [ 34.83845, -0.70693 ], [ 34.83825, -0.70693 ], [ 34.83806, -0.70699 ], [ 34.83787, -0.70719 ], [ 34.83779, -0.70734 ], [ 34.83768, -0.70744 ], [ 34.8375, -0.70744 ], [ 34.83734, -0.70744 ], [ 34.83721, -0.70742 ], [ 34.83706, -0.70737 ], [ 34.83682, -0.70728 ], [ 34.83661, -0.7072 ], [ 34.83646, -0.70727 ], [ 34.83637, -0.70734 ], [ 34.83621, -0.70743 ], [ 34.8361, -0.7076 ], [ 34.83618, -0.70785 ], [ 34.83629, -0.708 ], [ 34.83649, -0.70815 ], [ 34.8365, -0.70831 ], [ 34.83639, -0.70851 ], [ 34.83638, -0.70862 ], [ 34.83645, -0.70883 ], [ 34.83656, -0.70908 ], [ 34.83671, -0.70942 ], [ 34.83672, -0.70955 ], [ 34.83672, -0.70969 ], [ 34.83665, -0.70973 ], [ 34.83652, -0.70961 ], [ 34.83639, -0.70948 ], [ 34.83628, -0.70939 ], [ 34.83612, -0.70931 ], [ 34.83597, -0.70935 ], [ 34.83587, -0.70936 ], [ 34.83584, -0.70935 ], [ 34.83583, -0.70936 ], [ 34.83573, -0.70937 ], [ 34.83565, -0.70935 ], [ 34.8356, -0.70931 ], [ 34.83556, -0.70924 ], [ 34.83556, -0.70918 ], [ 34.83558, -0.70912 ], [ 34.83561, -0.70905 ], [ 34.83565, -0.70899 ], [ 34.83569, -0.70886 ], [ 34.8357, -0.70881 ], [ 34.8357, -0.70875 ], [ 34.8357, -0.70868 ], [ 34.83566, -0.70862 ], [ 34.83564, -0.7086 ], [ 34.83561, -0.70857 ], [ 34.83554, -0.70851 ], [ 34.83543, -0.70847 ], [ 34.83532, -0.70844 ], [ 34.8352, -0.70841 ], [ 34.83512, -0.7084 ], [ 34.83501, -0.70834 ], [ 34.83496, -0.70831 ], [ 34.83492, -0.70831 ], [ 34.83491, -0.70831 ], [ 34.83486, -0.7083 ], [ 34.83471, -0.70831 ], [ 34.83463, -0.70834 ], [ 34.83462, -0.70834 ], [ 34.83456, -0.70835 ], [ 34.83449, -0.70834 ], [ 34.83441, -0.7083 ], [ 34.83431, -0.70823 ], [ 34.83428, -0.70818 ], [ 34.83425, -0.70813 ], [ 34.83421, -0.708 ], [ 34.83418, -0.70794 ], [ 34.83408, -0.70785 ], [ 34.83406, -0.70783 ], [ 34.83396, -0.70777 ], [ 34.83383, -0.70774 ], [ 34.83372, -0.7077 ], [ 34.83362, -0.70767 ], [ 34.83357, -0.70763 ], [ 34.83353, -0.70757 ], [ 34.83346, -0.70751 ], [ 34.8334, -0.70745 ], [ 34.83336, -0.7074 ], [ 34.83329, -0.70734 ], [ 34.83324, -0.70732 ], [ 34.83317, -0.7073 ], [ 34.83313, -0.7073 ], [ 34.83308, -0.70731 ], [ 34.83308, -0.70736 ], [ 34.83307, -0.70742 ], [ 34.83307, -0.7075 ], [ 34.83307, -0.70756 ], [ 34.83309, -0.70768 ], [ 34.83306, -0.70778 ], [ 34.83301, -0.70782 ], [ 34.83296, -0.70786 ], [ 34.83289, -0.7079 ], [ 34.83288, -0.7079 ], [ 34.83281, -0.70794 ], [ 34.83275, -0.70794 ], [ 34.83266, -0.70793 ], [ 34.83258, -0.70791 ], [ 34.83248, -0.70786 ], [ 34.83236, -0.7078 ], [ 34.83228, -0.70775 ], [ 34.83215, -0.70767 ], [ 34.83206, -0.70763 ], [ 34.83199, -0.70761 ], [ 34.83189, -0.70757 ], [ 34.83178, -0.70756 ], [ 34.83168, -0.70754 ], [ 34.83162, -0.70752 ], [ 34.83152, -0.70749 ], [ 34.8314, -0.7074 ], [ 34.83128, -0.70735 ], [ 34.83103, -0.70715 ], [ 34.83088, -0.70697 ], [ 34.83079, -0.70684 ], [ 34.83073, -0.70673 ], [ 34.83067, -0.70663 ], [ 34.83061, -0.70656 ], [ 34.83052, -0.70648 ], [ 34.83047, -0.70643 ], [ 34.83038, -0.70634 ], [ 34.83001, -0.70601 ], [ 34.82973, -0.70582 ], [ 34.82925, -0.70544 ], [ 34.829, -0.7053 ], [ 34.82888, -0.70524 ], [ 34.82874, -0.70517 ], [ 34.82869, -0.70515 ], [ 34.82851, -0.70511 ], [ 34.82846, -0.70509 ], [ 34.8284, -0.70506 ], [ 34.82828, -0.70507 ], [ 34.82821, -0.70508 ], [ 34.82815, -0.70515 ], [ 34.82815, -0.70522 ], [ 34.8282, -0.70529 ], [ 34.8283, -0.70537 ], [ 34.82832, -0.70542 ], [ 34.8284, -0.7055 ], [ 34.82854, -0.70568 ], [ 34.8286, -0.70584 ], [ 34.82867, -0.70592 ], [ 34.82877, -0.70613 ], [ 34.8288, -0.70619 ], [ 34.82883, -0.70627 ], [ 34.82882, -0.7064 ], [ 34.82884, -0.70646 ], [ 34.8288, -0.70662 ], [ 34.82875, -0.7067 ], [ 34.82874, -0.7067 ], [ 34.8287, -0.70671 ], [ 34.82862, -0.70674 ], [ 34.82855, -0.7067 ], [ 34.82854, -0.7067 ], [ 34.8285, -0.70663 ], [ 34.82849, -0.70651 ], [ 34.82849, -0.7065 ], [ 34.82849, -0.70633 ], [ 34.82845, -0.70627 ], [ 34.82842, -0.70624 ], [ 34.82838, -0.7062 ], [ 34.82831, -0.70619 ], [ 34.82823, -0.70623 ], [ 34.82817, -0.70627 ], [ 34.82809, -0.70639 ], [ 34.82804, -0.70644 ], [ 34.82801, -0.70647 ], [ 34.82795, -0.70654 ], [ 34.82791, -0.70655 ], [ 34.82785, -0.70651 ], [ 34.82783, -0.70642 ], [ 34.8278, -0.70631 ], [ 34.82779, -0.70615 ], [ 34.82771, -0.70591 ], [ 34.82764, -0.70571 ], [ 34.82754, -0.70551 ], [ 34.82744, -0.70534 ], [ 34.8274, -0.70529 ], [ 34.82721, -0.70495 ], [ 34.82696, -0.70454 ], [ 34.82691, -0.70445 ], [ 34.82684, -0.70451 ], [ 34.82667, -0.7044 ], [ 34.82667, -0.7044 ], [ 34.8266, -0.70421 ], [ 34.82648, -0.70402 ], [ 34.82645, -0.70398 ], [ 34.82618, -0.70384 ], [ 34.82608, -0.70385 ], [ 34.82597, -0.70386 ], [ 34.82586, -0.70394 ], [ 34.82579, -0.70411 ], [ 34.82575, -0.70426 ], [ 34.82579, -0.70454 ], [ 34.82586, -0.70476 ], [ 34.82606, -0.70492 ], [ 34.82608, -0.70513 ], [ 34.82604, -0.70524 ], [ 34.82596, -0.70531 ], [ 34.82589, -0.70527 ], [ 34.82589, -0.70526 ], [ 34.8257, -0.70504 ], [ 34.82569, -0.70503 ], [ 34.82559, -0.70489 ], [ 34.8254, -0.70485 ], [ 34.82532, -0.70486 ], [ 34.82526, -0.70487 ], [ 34.82513, -0.70498 ], [ 34.82502, -0.7051 ], [ 34.82503, -0.70522 ], [ 34.82529, -0.7053 ], [ 34.82543, -0.70531 ], [ 34.82549, -0.70543 ], [ 34.82549, -0.70558 ], [ 34.82548, -0.70572 ], [ 34.82535, -0.70577 ], [ 34.82518, -0.70577 ], [ 34.82506, -0.70573 ], [ 34.82504, -0.70573 ], [ 34.825, -0.70573 ], [ 34.82484, -0.70573 ], [ 34.82483, -0.70573 ], [ 34.82472, -0.70573 ], [ 34.8247, -0.70574 ], [ 34.82467, -0.70588 ], [ 34.82462, -0.70605 ], [ 34.8245, -0.70593 ], [ 34.8245, -0.70593 ], [ 34.82446, -0.70604 ], [ 34.8244, -0.7061 ], [ 34.82429, -0.70604 ], [ 34.82416, -0.70591 ], [ 34.8241, -0.70581 ], [ 34.82405, -0.70568 ], [ 34.82404, -0.7056 ], [ 34.82404, -0.70545 ], [ 34.82402, -0.70532 ], [ 34.82401, -0.70515 ], [ 34.82402, -0.70486 ], [ 34.82402, -0.70454 ], [ 34.82401, -0.70435 ], [ 34.82397, -0.70421 ], [ 34.82391, -0.70386 ], [ 34.82374, -0.70329 ], [ 34.82365, -0.70308 ], [ 34.82358, -0.70293 ], [ 34.82354, -0.70271 ], [ 34.82352, -0.70254 ], [ 34.82352, -0.70224 ], [ 34.82356, -0.70189 ], [ 34.82357, -0.70161 ], [ 34.82365, -0.70125 ], [ 34.8237, -0.70084 ], [ 34.82374, -0.70025 ], [ 34.82376, -0.69963 ], [ 34.82374, -0.69888 ], [ 34.82372, -0.69853 ], [ 34.82363, -0.69824 ], [ 34.82355, -0.69799 ], [ 34.8233, -0.69725 ], [ 34.82307, -0.69672 ], [ 34.82298, -0.69646 ], [ 34.82291, -0.69628 ], [ 34.82285, -0.69615 ], [ 34.8226, -0.6958 ], [ 34.82245, -0.69555 ], [ 34.82229, -0.69537 ], [ 34.82206, -0.69514 ], [ 34.82156, -0.69474 ], [ 34.82148, -0.69469 ], [ 34.82106, -0.69439 ], [ 34.82078, -0.69421 ], [ 34.82042, -0.69397 ], [ 34.81942, -0.6935 ], [ 34.81863, -0.69317 ], [ 34.81827, -0.69303 ], [ 34.81808, -0.69295 ], [ 34.81796, -0.69292 ], [ 34.81775, -0.69289 ], [ 34.81759, -0.69289 ], [ 34.81736, -0.69286 ], [ 34.81718, -0.69282 ], [ 34.81686, -0.6927 ], [ 34.81676, -0.69266 ], [ 34.81661, -0.69259 ], [ 34.81608, -0.69229 ], [ 34.8158, -0.69216 ], [ 34.81562, -0.69203 ], [ 34.81538, -0.69185 ], [ 34.81528, -0.69177 ], [ 34.81547, -0.6918 ], [ 34.81546, -0.69179 ], [ 34.81517, -0.69159 ], [ 34.81482, -0.69124 ], [ 34.81452, -0.69089 ], [ 34.81419, -0.69039 ], [ 34.81396, -0.69011 ], [ 34.81372, -0.68977 ], [ 34.81338, -0.68964 ], [ 34.81311, -0.68964 ], [ 34.81307, -0.68964 ], [ 34.81274, -0.68963 ], [ 34.81242, -0.68963 ], [ 34.81205, -0.68956 ], [ 34.81167, -0.68939 ], [ 34.81143, -0.68913 ], [ 34.81123, -0.68899 ], [ 34.8109, -0.68875 ], [ 34.81065, -0.68866 ], [ 34.81042, -0.68865 ], [ 34.8102, -0.68865 ], [ 34.81012, -0.68858 ], [ 34.80991, -0.68847 ], [ 34.80945, -0.68837 ], [ 34.80913, -0.68836 ], [ 34.8089, -0.68836 ], [ 34.80827, -0.68844 ], [ 34.80799, -0.68851 ], [ 34.80784, -0.68863 ], [ 34.80779, -0.68866 ], [ 34.80775, -0.68868 ], [ 34.8076, -0.68879 ], [ 34.80744, -0.68891 ], [ 34.80744, -0.68891 ], [ 34.80726, -0.68897 ], [ 34.80725, -0.68897 ], [ 34.80703, -0.68902 ], [ 34.80692, -0.68903 ], [ 34.80683, -0.68903 ], [ 34.80673, -0.68904 ], [ 34.80662, -0.68905 ], [ 34.80661, -0.68905 ], [ 34.80651, -0.6891 ], [ 34.80644, -0.68916 ], [ 34.80633, -0.6893 ], [ 34.80627, -0.68936 ], [ 34.80623, -0.68942 ], [ 34.806, -0.68947 ], [ 34.8058, -0.68949 ], [ 34.8056, -0.68952 ], [ 34.80526, -0.6895 ], [ 34.80487, -0.6895 ], [ 34.8048, -0.68952 ], [ 34.80459, -0.68955 ], [ 34.80441, -0.68971 ], [ 34.80433, -0.68975 ], [ 34.80424, -0.68977 ], [ 34.80398, -0.68987 ], [ 34.80389, -0.68991 ], [ 34.80364, -0.69003 ], [ 34.80357, -0.69007 ], [ 34.8033, -0.69021 ], [ 34.80307, -0.69035 ], [ 34.80291, -0.69042 ], [ 34.80288, -0.69043 ], [ 34.80284, -0.69045 ], [ 34.80265, -0.69052 ], [ 34.80242, -0.6906 ], [ 34.80224, -0.69067 ], [ 34.80201, -0.69079 ], [ 34.80174, -0.69089 ], [ 34.80143, -0.69099 ], [ 34.80127, -0.69103 ], [ 34.80114, -0.69102 ], [ 34.80101, -0.69098 ], [ 34.80088, -0.69093 ], [ 34.80069, -0.69086 ], [ 34.80057, -0.69079 ], [ 34.80044, -0.69075 ], [ 34.80033, -0.69074 ], [ 34.80017, -0.69074 ], [ 34.80004, -0.69076 ], [ 34.79993, -0.69078 ], [ 34.7998, -0.69076 ], [ 34.79947, -0.69069 ], [ 34.79942, -0.69068 ], [ 34.79879, -0.69045 ], [ 34.79765, -0.68968 ], [ 34.79643, -0.68911 ], [ 34.79678, -0.68874 ], [ 34.79676, -0.68874 ], [ 34.7966, -0.68871 ], [ 34.79636, -0.68852 ], [ 34.79633, -0.68815 ], [ 34.79627, -0.68765 ], [ 34.79621, -0.68722 ], [ 34.79612, -0.68699 ], [ 34.79601, -0.68675 ], [ 34.79585, -0.6866 ], [ 34.79575, -0.68651 ], [ 34.79541, -0.68604 ], [ 34.79513, -0.68559 ], [ 34.79502, -0.68519 ], [ 34.79483, -0.68477 ], [ 34.79452, -0.68433 ], [ 34.79447, -0.68425 ], [ 34.79426, -0.68394 ], [ 34.79426, -0.68393 ], [ 34.79405, -0.68354 ], [ 34.79389, -0.68335 ], [ 34.79374, -0.68321 ], [ 34.79361, -0.68294 ], [ 34.79361, -0.68278 ], [ 34.79354, -0.68252 ], [ 34.7935, -0.68244 ], [ 34.79346, -0.68243 ], [ 34.79331, -0.68231 ], [ 34.79297, -0.68189 ], [ 34.79278, -0.68153 ], [ 34.79267, -0.68122 ], [ 34.79264, -0.68113 ], [ 34.79251, -0.68068 ], [ 34.7925, -0.68065 ], [ 34.79248, -0.68064 ], [ 34.79228, -0.68049 ], [ 34.79214, -0.68036 ], [ 34.79194, -0.68015 ], [ 34.79181, -0.67995 ], [ 34.79177, -0.67977 ], [ 34.79173, -0.67962 ], [ 34.79157, -0.67947 ], [ 34.79148, -0.67936 ], [ 34.79139, -0.67925 ], [ 34.79135, -0.67923 ], [ 34.79127, -0.67915 ], [ 34.79114, -0.67908 ], [ 34.79112, -0.67893 ], [ 34.7911, -0.67885 ], [ 34.79104, -0.6788 ], [ 34.79078, -0.67851 ], [ 34.79067, -0.67838 ], [ 34.79056, -0.67825 ], [ 34.7904, -0.67798 ], [ 34.7904, -0.67797 ], [ 34.79036, -0.67783 ], [ 34.79036, -0.67783 ], [ 34.79016, -0.67768 ], [ 34.79004, -0.6774 ], [ 34.78991, -0.67716 ], [ 34.78985, -0.67701 ], [ 34.78974, -0.67692 ], [ 34.7896, -0.67686 ], [ 34.78953, -0.67664 ], [ 34.78954, -0.67641 ], [ 34.78957, -0.67622 ], [ 34.78967, -0.67602 ], [ 34.78967, -0.67599 ], [ 34.78975, -0.67567 ], [ 34.78979, -0.67548 ], [ 34.78985, -0.6754 ], [ 34.78991, -0.67532 ], [ 34.78988, -0.67529 ], [ 34.78982, -0.67523 ], [ 34.78973, -0.67516 ], [ 34.78957, -0.67502 ], [ 34.78951, -0.67496 ], [ 34.78922, -0.67476 ], [ 34.7891, -0.67468 ], [ 34.78907, -0.67467 ], [ 34.78898, -0.67461 ], [ 34.78894, -0.67458 ], [ 34.78913, -0.67456 ], [ 34.78915, -0.67456 ], [ 34.78916, -0.67455 ], [ 34.78964, -0.67426 ], [ 34.79008, -0.67386 ], [ 34.79043, -0.67339 ], [ 34.79066, -0.67293 ], [ 34.79068, -0.67243 ], [ 34.79086, -0.67201 ], [ 34.79098, -0.67148 ], [ 34.7911, -0.67101 ], [ 34.79123, -0.67045 ], [ 34.79129, -0.67018 ], [ 34.79134, -0.66996 ], [ 34.79151, -0.66934 ], [ 34.79169, -0.66888 ], [ 34.79177, -0.66867 ], [ 34.79197, -0.66813 ], [ 34.79214, -0.66775 ], [ 34.79237, -0.66739 ], [ 34.79275, -0.66716 ], [ 34.79272, -0.66746 ], [ 34.79297, -0.66743 ], [ 34.79312, -0.66742 ], [ 34.79413, -0.66731 ], [ 34.79535, -0.66713 ], [ 34.79535, -0.66713 ], [ 34.79623, -0.66697 ], [ 34.79635, -0.66694 ], [ 34.79667, -0.66688 ], [ 34.79701, -0.6668 ], [ 34.79735, -0.66666 ], [ 34.79743, -0.66663 ], [ 34.79785, -0.66642 ], [ 34.7984, -0.66603 ], [ 34.79846, -0.66599 ], [ 34.79856, -0.66596 ], [ 34.79872, -0.66591 ], [ 34.79883, -0.6659 ], [ 34.79908, -0.66588 ], [ 34.7993, -0.66588 ], [ 34.79959, -0.66592 ], [ 34.79998, -0.66606 ], [ 34.80035, -0.66623 ], [ 34.80066, -0.66637 ], [ 34.80107, -0.66655 ], [ 34.80111, -0.66657 ], [ 34.80173, -0.66685 ], [ 34.80213, -0.66696 ], [ 34.80259, -0.66705 ], [ 34.80287, -0.66704 ], [ 34.803, -0.66703 ], [ 34.80403, -0.66703 ], [ 34.80416, -0.66703 ], [ 34.80501, -0.66704 ], [ 34.80547, -0.66705 ], [ 34.8061, -0.66707 ], [ 34.80685, -0.66715 ], [ 34.80744, -0.66726 ], [ 34.8081, -0.66745 ], [ 34.80862, -0.66763 ], [ 34.80905, -0.66781 ], [ 34.80941, -0.66803 ], [ 34.80986, -0.66832 ], [ 34.81043, -0.66892 ], [ 34.81058, -0.66906 ], [ 34.81094, -0.66958 ], [ 34.81116, -0.66982 ], [ 34.81133, -0.67007 ], [ 34.81149, -0.67024 ], [ 34.81186, -0.67054 ], [ 34.81227, -0.67084 ], [ 34.81244, -0.67096 ], [ 34.81266, -0.67103 ], [ 34.81273, -0.671 ], [ 34.81289, -0.67102 ], [ 34.81289, -0.671 ], [ 34.81263, -0.67059 ], [ 34.81254, -0.67017 ], [ 34.81248, -0.6698 ], [ 34.81235, -0.66946 ], [ 34.81222, -0.6691 ], [ 34.81202, -0.66886 ], [ 34.81185, -0.66869 ], [ 34.81174, -0.66838 ], [ 34.81172, -0.66818 ], [ 34.81173, -0.66796 ], [ 34.81187, -0.66769 ], [ 34.81187, -0.66765 ], [ 34.81186, -0.66741 ], [ 34.81169, -0.66718 ], [ 34.81146, -0.66701 ], [ 34.81146, -0.667 ], [ 34.81146, -0.66682 ], [ 34.81142, -0.66671 ], [ 34.81126, -0.66662 ], [ 34.81124, -0.66651 ], [ 34.81107, -0.66619 ], [ 34.81059, -0.66525 ], [ 34.80986, -0.664 ], [ 34.80971, -0.66369 ], [ 34.80965, -0.66344 ], [ 34.80936, -0.66274 ], [ 34.80918, -0.66222 ], [ 34.80899, -0.66156 ], [ 34.80876, -0.66074 ], [ 34.80862, -0.66026 ], [ 34.80859, -0.66004 ], [ 34.80863, -0.66004 ], [ 34.80837, -0.65977 ], [ 34.8081, -0.65925 ], [ 34.80802, -0.6588 ], [ 34.8079, -0.65831 ], [ 34.8079, -0.65791 ], [ 34.8079, -0.65742 ], [ 34.80788, -0.65726 ], [ 34.80781, -0.65676 ], [ 34.80778, -0.65599 ], [ 34.8076, -0.65496 ], [ 34.80771, -0.65442 ], [ 34.80773, -0.65429 ], [ 34.80775, -0.65363 ], [ 34.80776, -0.65296 ], [ 34.8079, -0.6526 ], [ 34.80803, -0.65224 ], [ 34.80825, -0.6518 ], [ 34.80831, -0.6515 ], [ 34.80842, -0.65118 ], [ 34.80857, -0.6509 ], [ 34.80875, -0.65067 ], [ 34.80876, -0.65066 ], [ 34.80876, -0.65066 ], [ 34.80871, -0.65042 ], [ 34.80884, -0.6499 ], [ 34.80898, -0.64931 ], [ 34.80927, -0.64884 ], [ 34.80934, -0.64872 ], [ 34.8097, -0.64814 ], [ 34.81017, -0.64747 ], [ 34.81058, -0.64689 ], [ 34.81105, -0.64629 ], [ 34.8113, -0.64593 ], [ 34.81153, -0.64555 ], [ 34.81179, -0.64518 ], [ 34.8119, -0.64503 ], [ 34.81208, -0.6448 ], [ 34.81214, -0.64472 ], [ 34.81238, -0.64433 ], [ 34.81251, -0.64402 ], [ 34.81266, -0.64375 ], [ 34.8127, -0.64359 ], [ 34.81279, -0.64335 ], [ 34.81289, -0.64302 ], [ 34.81303, -0.64263 ], [ 34.81312, -0.6423 ], [ 34.81323, -0.64184 ], [ 34.8133, -0.64144 ], [ 34.8134, -0.64101 ], [ 34.81355, -0.64069 ], [ 34.81369, -0.64026 ], [ 34.8138, -0.63998 ], [ 34.8138, -0.63998 ], [ 34.81379, -0.63997 ], [ 34.81388, -0.63942 ], [ 34.81389, -0.63937 ], [ 34.81396, -0.639 ], [ 34.81406, -0.6387 ], [ 34.8141, -0.63847 ], [ 34.81414, -0.63824 ], [ 34.81429, -0.63783 ], [ 34.81456, -0.63727 ], [ 34.81471, -0.63685 ], [ 34.81471, -0.63685 ], [ 34.81474, -0.63655 ], [ 34.81493, -0.63631 ], [ 34.81513, -0.6362 ], [ 34.81525, -0.63612 ], [ 34.81541, -0.63603 ], [ 34.81566, -0.63582 ], [ 34.81589, -0.63552 ], [ 34.81592, -0.63549 ], [ 34.81619, -0.63518 ], [ 34.81652, -0.63491 ], [ 34.8168, -0.63465 ], [ 34.8168, -0.63465 ], [ 34.8168, -0.63465 ], [ 34.81702, -0.63428 ], [ 34.81732, -0.63397 ], [ 34.81735, -0.63393 ], [ 34.81764, -0.63356 ], [ 34.8178, -0.63316 ], [ 34.81798, -0.63264 ], [ 34.81811, -0.63208 ], [ 34.81812, -0.63203 ], [ 34.81817, -0.63146 ], [ 34.81814, -0.63118 ], [ 34.81813, -0.63087 ], [ 34.81814, -0.63059 ], [ 34.81819, -0.63034 ], [ 34.81841, -0.62987 ], [ 34.81854, -0.62923 ], [ 34.81869, -0.6287 ], [ 34.81882, -0.6282 ], [ 34.81898, -0.62783 ], [ 34.81901, -0.62774 ], [ 34.81938, -0.6272 ], [ 34.81983, -0.62672 ], [ 34.82045, -0.62627 ], [ 34.82076, -0.62593 ], [ 34.82116, -0.6256 ], [ 34.82158, -0.62529 ], [ 34.82206, -0.62501 ], [ 34.82217, -0.62495 ], [ 34.82248, -0.62479 ], [ 34.82268, -0.62469 ], [ 34.82304, -0.6246 ], [ 34.82307, -0.6246 ], [ 34.82307, -0.6246 ], [ 34.82315, -0.62449 ], [ 34.82337, -0.62432 ], [ 34.82371, -0.62404 ], [ 34.82407, -0.62379 ], [ 34.82443, -0.62347 ], [ 34.82469, -0.62317 ], [ 34.8249, -0.62285 ], [ 34.82522, -0.62243 ], [ 34.82556, -0.62202 ], [ 34.82594, -0.62155 ], [ 34.82619, -0.62126 ], [ 34.82638, -0.62116 ], [ 34.82647, -0.62111 ], [ 34.82691, -0.62081 ], [ 34.82723, -0.62053 ], [ 34.82739, -0.62042 ], [ 34.82779, -0.62013 ], [ 34.82822, -0.61978 ], [ 34.82846, -0.61954 ], [ 34.82875, -0.6192 ], [ 34.829, -0.61888 ], [ 34.82945, -0.61843 ], [ 34.82979, -0.61808 ], [ 34.83017, -0.6176 ], [ 34.83034, -0.61743 ], [ 34.8303, -0.6174 ], [ 34.83056, -0.61716 ], [ 34.83087, -0.61684 ], [ 34.83124, -0.61638 ], [ 34.83132, -0.61627 ], [ 34.83149, -0.61605 ], [ 34.83171, -0.61566 ], [ 34.83186, -0.6153 ], [ 34.83186, -0.61528 ], [ 34.83205, -0.61482 ], [ 34.8322, -0.61431 ], [ 34.83227, -0.61387 ], [ 34.83227, -0.61362 ], [ 34.83227, -0.61362 ], [ 34.83227, -0.61361 ], [ 34.83227, -0.61361 ], [ 34.83227, -0.61361 ], [ 34.83228, -0.6135 ], [ 34.83231, -0.61335 ], [ 34.83236, -0.61314 ], [ 34.8324, -0.61302 ], [ 34.83247, -0.61286 ], [ 34.83252, -0.61269 ], [ 34.83255, -0.61251 ], [ 34.83255, -0.61251 ], [ 34.83255, -0.61243 ], [ 34.83258, -0.61216 ], [ 34.83259, -0.61213 ], [ 34.83263, -0.61175 ], [ 34.83265, -0.61143 ], [ 34.83266, -0.6114 ], [ 34.83272, -0.61093 ], [ 34.83281, -0.6105 ], [ 34.83296, -0.61 ], [ 34.83297, -0.60958 ], [ 34.83297, -0.60918 ], [ 34.83297, -0.60847 ], [ 34.83302, -0.60805 ], [ 34.83302, -0.60772 ], [ 34.83305, -0.60722 ], [ 34.83311, -0.60694 ], [ 34.83314, -0.60681 ], [ 34.83319, -0.60655 ], [ 34.8333, -0.60629 ], [ 34.83347, -0.60614 ], [ 34.83396, -0.60569 ], [ 34.83431, -0.60543 ], [ 34.83467, -0.60507 ], [ 34.83505, -0.60464 ], [ 34.8355, -0.60423 ], [ 34.83585, -0.6039 ], [ 34.83637, -0.60348 ], [ 34.8367, -0.60307 ], [ 34.83687, -0.60289 ], [ 34.83693, -0.60282 ], [ 34.83715, -0.60257 ], [ 34.83731, -0.60245 ], [ 34.83764, -0.60245 ], [ 34.83796, -0.60259 ], [ 34.8383, -0.60277 ], [ 34.83832, -0.60278 ], [ 34.83846, -0.60281 ], [ 34.8386, -0.60285 ], [ 34.83882, -0.6029 ], [ 34.83887, -0.60291 ], [ 34.83919, -0.60299 ], [ 34.83931, -0.603 ], [ 34.83946, -0.60301 ], [ 34.83992, -0.60306 ], [ 34.84036, -0.60308 ], [ 34.84067, -0.6031 ], [ 34.84111, -0.60311 ], [ 34.84139, -0.60314 ], [ 34.84151, -0.60319 ], [ 34.84184, -0.60321 ], [ 34.84185, -0.60302 ], [ 34.84187, -0.60292 ], [ 34.84191, -0.60278 ], [ 34.84202, -0.60262 ], [ 34.84218, -0.60248 ], [ 34.8424, -0.60233 ], [ 34.8426, -0.60217 ], [ 34.84274, -0.602 ], [ 34.84316, -0.60145 ], [ 34.84336, -0.60114 ], [ 34.84368, -0.60072 ], [ 34.84403, -0.60032 ], [ 34.84456, -0.59981 ], [ 34.84516, -0.59922 ], [ 34.84563, -0.59877 ], [ 34.84644, -0.59881 ], [ 34.84681, -0.59882 ], [ 34.84698, -0.5988 ], [ 34.84706, -0.59875 ], [ 34.84728, -0.59849 ], [ 34.84731, -0.59846 ], [ 34.84752, -0.59817 ], [ 34.84771, -0.59789 ], [ 34.84783, -0.59777 ], [ 34.84795, -0.59771 ], [ 34.84804, -0.59766 ], [ 34.84814, -0.59763 ], [ 34.84831, -0.59762 ], [ 34.84838, -0.59761 ], [ 34.84861, -0.59763 ], [ 34.84876, -0.59768 ], [ 34.84877, -0.59768 ], [ 34.84893, -0.59777 ], [ 34.84906, -0.59786 ], [ 34.84927, -0.59797 ], [ 34.84945, -0.59805 ], [ 34.84945, -0.59805 ], [ 34.84956, -0.59806 ], [ 34.84973, -0.59807 ], [ 34.84986, -0.59805 ], [ 34.85005, -0.59803 ], [ 34.85017, -0.59801 ], [ 34.85031, -0.59798 ], [ 34.85048, -0.59796 ], [ 34.85064, -0.59794 ], [ 34.85079, -0.59792 ], [ 34.85086, -0.59791 ], [ 34.85103, -0.59792 ], [ 34.85122, -0.59797 ], [ 34.85134, -0.59803 ], [ 34.85227, -0.59742 ], [ 34.85234, -0.5974 ], [ 34.85281, -0.5974 ], [ 34.85303, -0.5974 ], [ 34.85305, -0.59741 ], [ 34.85325, -0.59761 ], [ 34.85399, -0.59824 ], [ 34.85429, -0.5985 ], [ 34.8544, -0.5986 ], [ 34.85491, -0.5991 ], [ 34.85498, -0.59917 ], [ 34.85588, -0.60001 ], [ 34.85595, -0.60024 ], [ 34.85611, -0.60051 ], [ 34.85651, -0.60126 ], [ 34.85712, -0.60222 ], [ 34.85863, -0.60485 ], [ 34.8587, -0.60497 ], [ 34.86009, -0.60684 ], [ 34.86126, -0.60855 ], [ 34.86187, -0.60913 ], [ 34.86241, -0.60952 ], [ 34.8627, -0.60962 ], [ 34.86327, -0.60983 ], [ 34.86343, -0.60987 ], [ 34.86401, -0.60999 ], [ 34.86442, -0.61003 ], [ 34.86484, -0.61008 ], [ 34.86536, -0.61003 ], [ 34.86751, -0.60979 ], [ 34.8677, -0.60976 ], [ 34.86873, -0.60959 ], [ 34.86903, -0.60954 ], [ 34.86977, -0.6094 ], [ 34.86996, -0.60939 ], [ 34.87043, -0.60918 ], [ 34.87082, -0.60904 ], [ 34.87125, -0.60892 ], [ 34.87173, -0.60875 ], [ 34.87228, -0.60854 ], [ 34.87235, -0.60853 ], [ 34.87285, -0.60842 ], [ 34.87331, -0.6084 ], [ 34.87404, -0.6084 ], [ 34.87468, -0.6084 ], [ 34.87535, -0.60849 ], [ 34.87577, -0.60864 ], [ 34.87596, -0.60871 ], [ 34.8765, -0.60901 ], [ 34.87658, -0.60908 ], [ 34.87692, -0.60932 ], [ 34.8772, -0.60967 ], [ 34.87744, -0.60994 ], [ 34.87775, -0.6103 ], [ 34.87782, -0.61037 ], [ 34.8781, -0.61064 ], [ 34.87846, -0.61099 ], [ 34.87865, -0.61124 ], [ 34.87888, -0.6113 ], [ 34.87917, -0.6113 ], [ 34.87935, -0.6113 ], [ 34.8795, -0.6113 ], [ 34.87989, -0.6113 ], [ 34.88014, -0.61133 ], [ 34.88016, -0.61134 ], [ 34.88016, -0.61134 ], [ 34.88017, -0.61134 ], [ 34.88026, -0.61137 ], [ 34.88027, -0.61138 ], [ 34.88032, -0.61141 ], [ 34.88037, -0.61145 ], [ 34.88042, -0.61152 ], [ 34.88043, -0.6115 ], [ 34.88079, -0.61164 ], [ 34.88091, -0.61169 ], [ 34.88133, -0.61187 ], [ 34.88134, -0.61188 ], [ 34.88183, -0.61217 ], [ 34.88194, -0.61223 ], [ 34.88229, -0.61242 ], [ 34.88246, -0.61251 ], [ 34.88284, -0.61277 ], [ 34.88286, -0.61277 ], [ 34.88314, -0.61285 ], [ 34.88331, -0.61287 ], [ 34.88334, -0.61289 ], [ 34.88363, -0.61299 ], [ 34.88375, -0.61305 ], [ 34.88392, -0.61322 ], [ 34.88406, -0.61333 ], [ 34.88423, -0.61346 ], [ 34.88453, -0.61361 ], [ 34.88465, -0.61365 ], [ 34.88736, -0.61503 ], [ 34.88756, -0.61449 ], [ 34.88756, -0.61449 ], [ 34.8877, -0.61418 ], [ 34.88772, -0.61411 ], [ 34.8878, -0.61389 ], [ 34.88791, -0.61356 ], [ 34.88792, -0.61352 ], [ 34.88819, -0.61278 ], [ 34.88825, -0.6127 ] ] ] } },
{ "type": "Feature", "properties": { "entity_id": 282, "p_entity": 35, "name": "Masaba North Sub County" }, "geometry": { "type": "Polygon", "coordinates": [ [ [ 35.01846, -0.67748 ], [ 35.01849, -0.67763 ], [ 35.0187, -0.67817 ], [ 35.01875, -0.67844 ], [ 35.01896, -0.67894 ], [ 35.01915, -0.67946 ], [ 35.01925, -0.67977 ], [ 35.01951, -0.68034 ], [ 35.01958, -0.68065 ], [ 35.01977, -0.68112 ], [ 35.02003, -0.68177 ], [ 35.02015, -0.68212 ], [ 35.02029, -0.68275 ], [ 35.0203, -0.68298 ], [ 35.02032, -0.68323 ], [ 35.02032, -0.68324 ], [ 35.02032, -0.68327 ], [ 35.02048, -0.68363 ], [ 35.02031, -0.68376 ], [ 35.02006, -0.68397 ], [ 35.01984, -0.68425 ], [ 35.01967, -0.68457 ], [ 35.01946, -0.68486 ], [ 35.01904, -0.68556 ], [ 35.01894, -0.68575 ], [ 35.01894, -0.68575 ], [ 35.01893, -0.68575 ], [ 35.01885, -0.6859 ], [ 35.01866, -0.68632 ], [ 35.01856, -0.68668 ], [ 35.01843, -0.68687 ], [ 35.01837, -0.68708 ], [ 35.01828, -0.68733 ], [ 35.01803, -0.68775 ], [ 35.01788, -0.68814 ], [ 35.01777, -0.68876 ], [ 35.01774, -0.68905 ], [ 35.01753, -0.68947 ], [ 35.01729, -0.68995 ], [ 35.01715, -0.69049 ], [ 35.01706, -0.69098 ], [ 35.01682, -0.69166 ], [ 35.01676, -0.69207 ], [ 35.01674, -0.69222 ], [ 35.01654, -0.69276 ], [ 35.01651, -0.69319 ], [ 35.01634, -0.69387 ], [ 35.01626, -0.69458 ], [ 35.01621, -0.6953 ], [ 35.01613, -0.69573 ], [ 35.0161, -0.69593 ], [ 35.01602, -0.69642 ], [ 35.01588, -0.69715 ], [ 35.01572, -0.69776 ], [ 35.01563, -0.69826 ], [ 35.01562, -0.69864 ], [ 35.01556, -0.69913 ], [ 35.01545, -0.69966 ], [ 35.01543, -0.70009 ], [ 35.01539, -0.70049 ], [ 35.0153, -0.70111 ], [ 35.01519, -0.70178 ], [ 35.01513, -0.70225 ], [ 35.01508, -0.7025 ], [ 35.01507, -0.70272 ], [ 35.01499, -0.703 ], [ 35.01498, -0.70316 ], [ 35.01493, -0.70354 ], [ 35.01487, -0.70381 ], [ 35.01486, -0.70418 ], [ 35.01481, -0.70451 ], [ 35.01479, -0.70467 ], [ 35.01477, -0.70495 ], [ 35.01471, -0.70526 ], [ 35.01471, -0.70559 ], [ 35.01463, -0.70602 ], [ 35.01463, -0.70622 ], [ 35.0146, -0.70638 ], [ 35.01457, -0.70653 ], [ 35.01448, -0.70669 ], [ 35.01445, -0.70675 ], [ 35.01436, -0.70685 ], [ 35.01409, -0.70709 ], [ 35.01382, -0.70746 ], [ 35.01359, -0.70795 ], [ 35.01354, -0.70815 ], [ 35.01331, -0.70864 ], [ 35.01319, -0.70887 ], [ 35.01298, -0.70928 ], [ 35.01292, -0.70948 ], [ 35.01277, -0.7097 ], [ 35.0127, -0.70988 ], [ 35.01239, -0.71006 ], [ 35.01227, -0.71011 ], [ 35.01207, -0.7102 ], [ 35.01181, -0.71026 ], [ 35.01148, -0.71027 ], [ 35.01113, -0.71027 ], [ 35.0107, -0.71029 ], [ 35.01008, -0.71034 ], [ 35.00978, -0.71037 ], [ 35.00934, -0.71037 ], [ 35.00903, -0.7104 ], [ 35.00858, -0.71045 ], [ 35.00801, -0.71046 ], [ 35.0078, -0.71048 ], [ 35.00734, -0.7105 ], [ 35.00718, -0.71056 ], [ 35.0069, -0.71073 ], [ 35.00669, -0.71105 ], [ 35.00656, -0.71122 ], [ 35.00648, -0.71145 ], [ 35.00642, -0.71167 ], [ 35.0063, -0.71204 ], [ 35.00611, -0.71231 ], [ 35.00576, -0.71301 ], [ 35.0055, -0.71344 ], [ 35.00527, -0.71388 ], [ 35.00508, -0.71441 ], [ 35.00493, -0.71467 ], [ 35.00477, -0.71498 ], [ 35.00459, -0.71531 ], [ 35.00429, -0.71563 ], [ 35.00423, -0.71585 ], [ 35.00412, -0.71607 ], [ 35.00388, -0.71648 ], [ 35.00355, -0.71697 ], [ 35.00338, -0.71726 ], [ 35.00322, -0.71749 ], [ 35.00311, -0.71774 ], [ 35.00282, -0.71817 ], [ 35.0026, -0.71855 ], [ 35.0024, -0.71894 ], [ 35.00225, -0.71929 ], [ 35.00208, -0.71966 ], [ 35.00198, -0.72003 ], [ 35.00153, -0.7204 ], [ 35.00106, -0.72087 ], [ 35.00087, -0.72121 ], [ 35.00057, -0.72149 ], [ 35.0002, -0.7217 ], [ 35.0003, -0.72187 ], [ 34.9996, -0.7228 ], [ 34.99892, -0.72371 ], [ 34.99806, -0.72484 ], [ 34.99703, -0.72621 ], [ 34.99693, -0.72611 ], [ 34.99657, -0.72649 ], [ 34.99624, -0.7269 ], [ 34.99601, -0.72728 ], [ 34.99537, -0.72774 ], [ 34.99481, -0.72818 ], [ 34.99465, -0.7283 ], [ 34.99409, -0.72872 ], [ 34.99324, -0.72941 ], [ 34.99255, -0.7301 ], [ 34.99197, -0.73059 ], [ 34.99133, -0.73119 ], [ 34.99073, -0.73185 ], [ 34.99071, -0.73187 ], [ 34.99009, -0.73251 ], [ 34.98935, -0.73324 ], [ 34.98863, -0.73402 ], [ 34.98812, -0.73461 ], [ 34.98763, -0.7352 ], [ 34.98756, -0.73526 ], [ 34.98739, -0.73543 ], [ 34.98715, -0.73581 ], [ 34.98684, -0.73639 ], [ 34.98646, -0.73691 ], [ 34.98628, -0.73726 ], [ 34.98617, -0.73771 ], [ 34.98614, -0.7381 ], [ 34.98596, -0.73854 ], [ 34.98581, -0.73895 ], [ 34.98581, -0.73935 ], [ 34.9858, -0.73959 ], [ 34.98569, -0.7398 ], [ 34.9856, -0.74016 ], [ 34.98546, -0.74055 ], [ 34.98543, -0.74088 ], [ 34.98534, -0.74128 ], [ 34.98527, -0.74183 ], [ 34.98512, -0.74219 ], [ 34.98507, -0.74251 ], [ 34.98502, -0.74275 ], [ 34.98478, -0.74302 ], [ 34.98437, -0.74363 ], [ 34.98403, -0.74429 ], [ 34.98373, -0.74499 ], [ 34.98355, -0.74547 ], [ 34.98354, -0.74548 ], [ 34.98338, -0.7459 ], [ 34.98313, -0.74661 ], [ 34.98287, -0.74724 ], [ 34.98269, -0.74767 ], [ 34.98255, -0.74827 ], [ 34.98241, -0.74886 ], [ 34.9824, -0.74889 ], [ 34.98222, -0.7495 ], [ 34.98203, -0.75014 ], [ 34.9819, -0.75077 ], [ 34.98169, -0.75148 ], [ 34.98158, -0.75212 ], [ 34.9814, -0.75283 ], [ 34.98141, -0.75284 ], [ 34.981, -0.75351 ], [ 34.98062, -0.75424 ], [ 34.9803, -0.755 ], [ 34.97969, -0.75602 ], [ 34.97928, -0.75701 ], [ 34.97874, -0.75809 ], [ 34.97801, -0.75961 ], [ 34.97737, -0.76095 ], [ 34.97677, -0.76213 ], [ 34.97632, -0.76314 ], [ 34.97627, -0.76344 ], [ 34.97626, -0.76344 ], [ 34.97626, -0.76344 ], [ 34.97626, -0.76346 ], [ 34.97727, -0.76388 ], [ 34.97734, -0.76391 ], [ 34.97801, -0.76423 ], [ 34.97815, -0.7643 ], [ 34.97919, -0.76486 ], [ 34.98029, -0.76544 ], [ 34.98098, -0.76574 ], [ 34.98036, -0.76621 ], [ 34.97945, -0.76682 ], [ 34.97844, -0.76748 ], [ 34.9774, -0.76811 ], [ 34.97618, -0.76892 ], [ 34.97543, -0.76936 ], [ 34.97543, -0.76936 ], [ 34.97496, -0.76963 ], [ 34.97441, -0.76993 ], [ 34.9744, -0.76994 ], [ 34.97407, -0.77012 ], [ 34.97406, -0.77012 ], [ 34.97402, -0.77014 ], [ 34.97402, -0.77015 ], [ 34.97399, -0.77016 ], [ 34.97399, -0.77016 ], [ 34.97371, -0.77034 ], [ 34.97374, -0.77035 ], [ 34.97371, -0.77036 ], [ 34.97307, -0.77078 ], [ 34.97298, -0.77084 ], [ 34.97296, -0.77085 ], [ 34.97205, -0.77145 ], [ 34.9705, -0.7724 ], [ 34.96976, -0.77288 ], [ 34.96914, -0.77328 ], [ 34.96868, -0.77358 ], [ 34.96849, -0.77371 ], [ 34.96782, -0.77411 ], [ 34.96696, -0.77462 ], [ 34.96617, -0.77521 ], [ 34.96493, -0.77595 ], [ 34.9649, -0.77597 ], [ 34.96399, -0.77658 ], [ 34.96315, -0.77711 ], [ 34.96216, -0.7778 ], [ 34.96102, -0.77849 ], [ 34.96059, -0.77877 ], [ 34.96006, -0.77894 ], [ 34.95996, -0.77903 ], [ 34.95973, -0.77933 ], [ 34.9594, -0.77974 ], [ 34.95905, -0.78001 ], [ 34.95874, -0.78025 ], [ 34.95852, -0.78041 ], [ 34.95832, -0.78054 ], [ 34.95804, -0.78064 ], [ 34.95771, -0.78062 ], [ 34.95762, -0.78062 ], [ 34.95731, -0.78101 ], [ 34.9566, -0.78142 ], [ 34.95597, -0.78183 ], [ 34.95553, -0.78213 ], [ 34.95552, -0.78213 ], [ 34.95543, -0.78219 ], [ 34.95539, -0.78222 ], [ 34.95501, -0.78246 ], [ 34.95454, -0.7828 ], [ 34.95406, -0.78311 ], [ 34.95353, -0.78342 ], [ 34.95309, -0.78375 ], [ 34.95259, -0.78401 ], [ 34.95208, -0.78436 ], [ 34.95199, -0.78442 ], [ 34.95143, -0.78483 ], [ 34.95114, -0.78503 ], [ 34.9511, -0.78502 ], [ 34.95125, -0.78452 ], [ 34.95125, -0.78403 ], [ 34.95107, -0.78373 ], [ 34.95106, -0.78371 ], [ 34.95106, -0.78371 ], [ 34.95101, -0.78374 ], [ 34.95098, -0.78377 ], [ 34.95098, -0.78376 ], [ 34.95098, -0.78377 ], [ 34.95098, -0.78376 ], [ 34.95097, -0.78375 ], [ 34.95096, -0.78374 ], [ 34.95087, -0.78364 ], [ 34.9508, -0.78355 ], [ 34.9508, -0.78355 ], [ 34.95078, -0.78352 ], [ 34.95075, -0.78349 ], [ 34.95071, -0.78343 ], [ 34.9507, -0.78342 ], [ 34.95069, -0.78341 ], [ 34.95069, -0.78341 ], [ 34.95052, -0.78315 ], [ 34.9505, -0.78313 ], [ 34.9505, -0.78313 ], [ 34.95043, -0.78301 ], [ 34.95041, -0.78298 ], [ 34.9504, -0.78297 ], [ 34.95037, -0.78291 ], [ 34.95037, -0.78291 ], [ 34.95033, -0.78285 ], [ 34.95033, -0.78285 ], [ 34.95026, -0.78273 ], [ 34.95024, -0.78271 ], [ 34.95023, -0.7827 ], [ 34.95022, -0.78268 ], [ 34.95018, -0.78262 ], [ 34.95016, -0.78259 ], [ 34.95013, -0.78255 ], [ 34.9501, -0.78251 ], [ 34.95009, -0.7825 ], [ 34.95009, -0.7825 ], [ 34.95008, -0.78249 ], [ 34.95002, -0.78243 ], [ 34.94997, -0.78238 ], [ 34.94996, -0.78236 ], [ 34.94992, -0.78233 ], [ 34.94983, -0.78227 ], [ 34.94981, -0.78226 ], [ 34.94974, -0.78222 ], [ 34.94962, -0.78216 ], [ 34.94956, -0.78214 ], [ 34.94955, -0.78213 ], [ 34.94947, -0.78209 ], [ 34.94947, -0.78209 ], [ 34.94947, -0.78209 ], [ 34.94931, -0.78205 ], [ 34.9493, -0.78204 ], [ 34.94902, -0.78197 ], [ 34.94886, -0.78193 ], [ 34.94884, -0.78192 ], [ 34.94884, -0.78192 ], [ 34.94883, -0.78192 ], [ 34.94839, -0.7818 ], [ 34.94835, -0.7818 ], [ 34.94835, -0.7818 ], [ 34.94824, -0.7818 ], [ 34.94813, -0.78166 ], [ 34.94812, -0.78164 ], [ 34.94806, -0.78154 ], [ 34.94804, -0.78152 ], [ 34.94757, -0.78075 ], [ 34.94755, -0.78072 ], [ 34.94754, -0.78069 ], [ 34.94754, -0.78069 ], [ 34.94752, -0.78062 ], [ 34.94752, -0.78061 ], [ 34.94752, -0.78061 ], [ 34.94751, -0.78057 ], [ 34.94751, -0.78056 ], [ 34.9475, -0.78051 ], [ 34.9475, -0.78051 ], [ 34.9475, -0.78047 ], [ 34.9475, -0.78047 ], [ 34.9475, -0.78047 ], [ 34.94749, -0.78044 ], [ 34.9475, -0.78042 ], [ 34.94751, -0.78029 ], [ 34.94751, -0.78027 ], [ 34.94751, -0.78027 ], [ 34.94735, -0.78027 ], [ 34.94735, -0.78027 ], [ 34.94735, -0.78027 ], [ 34.9473, -0.77997 ], [ 34.9473, -0.77996 ], [ 34.94728, -0.77987 ], [ 34.94726, -0.77972 ], [ 34.94725, -0.77969 ], [ 34.94724, -0.77962 ], [ 34.94724, -0.77962 ], [ 34.94722, -0.77952 ], [ 34.94718, -0.77941 ], [ 34.94717, -0.7794 ], [ 34.94716, -0.77937 ], [ 34.94713, -0.7793 ], [ 34.94705, -0.77914 ], [ 34.94704, -0.77912 ], [ 34.94703, -0.77908 ], [ 34.94701, -0.77903 ], [ 34.94701, -0.77903 ], [ 34.94696, -0.7789 ], [ 34.94692, -0.77883 ], [ 34.94692, -0.77883 ], [ 34.94688, -0.77876 ], [ 34.94688, -0.77876 ], [ 34.94684, -0.7787 ], [ 34.94681, -0.77866 ], [ 34.94673, -0.77855 ], [ 34.94667, -0.77847 ], [ 34.94664, -0.77842 ], [ 34.94661, -0.77838 ], [ 34.94658, -0.77834 ], [ 34.94649, -0.77823 ], [ 34.94642, -0.77813 ], [ 34.94639, -0.77808 ], [ 34.94637, -0.77807 ], [ 34.94634, -0.77804 ], [ 34.94633, -0.77804 ], [ 34.94632, -0.77801 ], [ 34.94631, -0.77797 ], [ 34.94629, -0.77794 ], [ 34.94628, -0.77793 ], [ 34.94625, -0.77787 ], [ 34.94621, -0.7778 ], [ 34.94615, -0.77773 ], [ 34.94609, -0.77764 ], [ 34.94602, -0.77752 ], [ 34.946, -0.77748 ], [ 34.946, -0.77747 ], [ 34.946, -0.77747 ], [ 34.946, -0.77747 ], [ 34.94592, -0.77733 ], [ 34.94587, -0.77725 ], [ 34.94586, -0.77722 ], [ 34.9461, -0.7771 ], [ 34.94611, -0.77709 ], [ 34.9462, -0.77701 ], [ 34.94608, -0.77685 ], [ 34.94597, -0.7767 ], [ 34.94595, -0.77668 ], [ 34.94576, -0.77645 ], [ 34.94576, -0.77645 ], [ 34.94574, -0.77643 ], [ 34.94572, -0.7764 ], [ 34.9457, -0.77637 ], [ 34.94563, -0.77628 ], [ 34.94553, -0.77614 ], [ 34.94535, -0.77591 ], [ 34.94535, -0.77591 ], [ 34.94533, -0.77589 ], [ 34.94532, -0.77587 ], [ 34.9453, -0.77585 ], [ 34.94528, -0.7758 ], [ 34.94523, -0.77573 ], [ 34.94522, -0.77571 ], [ 34.9452, -0.77568 ], [ 34.94515, -0.77561 ], [ 34.9451, -0.77553 ], [ 34.94509, -0.77552 ], [ 34.9449, -0.77518 ], [ 34.94488, -0.77515 ], [ 34.94477, -0.77492 ], [ 34.94468, -0.77476 ], [ 34.94464, -0.7747 ], [ 34.94461, -0.77465 ], [ 34.94461, -0.77464 ], [ 34.94457, -0.77457 ], [ 34.94445, -0.77432 ], [ 34.94443, -0.7743 ], [ 34.94434, -0.77414 ], [ 34.94432, -0.77409 ], [ 34.9443, -0.77407 ], [ 34.94426, -0.77402 ], [ 34.94415, -0.77388 ], [ 34.94414, -0.77387 ], [ 34.94411, -0.77384 ], [ 34.94412, -0.77381 ], [ 34.94412, -0.7738 ], [ 34.94413, -0.77378 ], [ 34.94413, -0.77377 ], [ 34.94413, -0.77376 ], [ 34.94413, -0.77374 ], [ 34.94413, -0.77372 ], [ 34.94412, -0.77369 ], [ 34.9441, -0.77365 ], [ 34.94409, -0.77364 ], [ 34.94409, -0.77363 ], [ 34.94407, -0.77361 ], [ 34.94405, -0.77359 ], [ 34.94397, -0.77353 ], [ 34.94391, -0.77349 ], [ 34.94386, -0.77345 ], [ 34.94378, -0.7734 ], [ 34.94378, -0.7734 ], [ 34.94374, -0.77337 ], [ 34.94369, -0.77335 ], [ 34.94367, -0.77334 ], [ 34.94364, -0.77332 ], [ 34.94352, -0.77326 ], [ 34.94351, -0.77326 ], [ 34.94349, -0.77325 ], [ 34.94349, -0.77324 ], [ 34.94338, -0.77318 ], [ 34.94336, -0.77317 ], [ 34.94334, -0.77316 ], [ 34.94332, -0.77314 ], [ 34.94323, -0.77307 ], [ 34.94315, -0.77301 ], [ 34.94315, -0.77301 ], [ 34.94309, -0.77296 ], [ 34.94302, -0.77291 ], [ 34.94295, -0.77286 ], [ 34.94294, -0.77285 ], [ 34.94293, -0.77285 ], [ 34.94292, -0.77284 ], [ 34.94282, -0.77278 ], [ 34.94278, -0.77274 ], [ 34.94277, -0.77274 ], [ 34.9427, -0.77269 ], [ 34.94269, -0.77268 ], [ 34.94257, -0.7726 ], [ 34.94243, -0.77252 ], [ 34.94226, -0.77242 ], [ 34.94207, -0.77232 ], [ 34.94197, -0.77226 ], [ 34.94185, -0.77219 ], [ 34.94185, -0.7722 ], [ 34.94193, -0.77169 ], [ 34.94181, -0.77164 ], [ 34.94149, -0.77153 ], [ 34.94113, -0.77136 ], [ 34.94076, -0.7712 ], [ 34.9404, -0.77099 ], [ 34.94015, -0.77075 ], [ 34.93989, -0.77046 ], [ 34.93961, -0.7701 ], [ 34.93934, -0.7697 ], [ 34.93924, -0.76955 ], [ 34.93918, -0.76947 ], [ 34.9391, -0.76936 ], [ 34.93887, -0.76897 ], [ 34.93864, -0.76862 ], [ 34.93839, -0.76827 ], [ 34.9382, -0.76792 ], [ 34.93798, -0.76769 ], [ 34.93761, -0.76747 ], [ 34.93741, -0.76735 ], [ 34.93723, -0.76723 ], [ 34.93682, -0.76708 ], [ 34.9366, -0.76698 ], [ 34.93631, -0.76681 ], [ 34.93583, -0.76662 ], [ 34.93543, -0.76646 ], [ 34.93502, -0.76626 ], [ 34.93466, -0.76616 ], [ 34.9341, -0.76606 ], [ 34.93384, -0.76605 ], [ 34.93379, -0.76605 ], [ 34.93372, -0.76605 ], [ 34.93322, -0.76603 ], [ 34.93279, -0.76606 ], [ 34.93214, -0.76609 ], [ 34.93214, -0.76609 ], [ 34.93201, -0.7661 ], [ 34.93149, -0.76611 ], [ 34.93101, -0.7661 ], [ 34.93046, -0.76607 ], [ 34.92971, -0.76605 ], [ 34.929, -0.76598 ], [ 34.92863, -0.76588 ], [ 34.9278, -0.7658 ], [ 34.92778, -0.76579 ], [ 34.92778, -0.76577 ], [ 34.92771, -0.76555 ], [ 34.92764, -0.76532 ], [ 34.92753, -0.7651 ], [ 34.92739, -0.76489 ], [ 34.92702, -0.76462 ], [ 34.92662, -0.76423 ], [ 34.92619, -0.76393 ], [ 34.92586, -0.76371 ], [ 34.92543, -0.76345 ], [ 34.92511, -0.76326 ], [ 34.92465, -0.76287 ], [ 34.92434, -0.76266 ], [ 34.92398, -0.7625 ], [ 34.92354, -0.76228 ], [ 34.92299, -0.76211 ], [ 34.92261, -0.76206 ], [ 34.92228, -0.76202 ], [ 34.92185, -0.76194 ], [ 34.92138, -0.76182 ], [ 34.92092, -0.76179 ], [ 34.92058, -0.76167 ], [ 34.92046, -0.76163 ], [ 34.92022, -0.76155 ], [ 34.9199, -0.76144 ], [ 34.91959, -0.76128 ], [ 34.91942, -0.76116 ], [ 34.9193, -0.76097 ], [ 34.91921, -0.76083 ], [ 34.9191, -0.76063 ], [ 34.91898, -0.76041 ], [ 34.91885, -0.76027 ], [ 34.9188, -0.76021 ], [ 34.91873, -0.76015 ], [ 34.91869, -0.76011 ], [ 34.91863, -0.76007 ], [ 34.91862, -0.76006 ], [ 34.91862, -0.76006 ], [ 34.91861, -0.76006 ], [ 34.9185, -0.75999 ], [ 34.91838, -0.75993 ], [ 34.91828, -0.7599 ], [ 34.91826, -0.7599 ], [ 34.91826, -0.75999 ], [ 34.9182, -0.75998 ], [ 34.91778, -0.75998 ], [ 34.9175, -0.75998 ], [ 34.91712, -0.76014 ], [ 34.91672, -0.76026 ], [ 34.9164, -0.76037 ], [ 34.91605, -0.76051 ], [ 34.91574, -0.76064 ], [ 34.91543, -0.76072 ], [ 34.91532, -0.76072 ], [ 34.91526, -0.76074 ], [ 34.91516, -0.76074 ], [ 34.91495, -0.76075 ], [ 34.91493, -0.76074 ], [ 34.91479, -0.76075 ], [ 34.91457, -0.7607 ], [ 34.91448, -0.76066 ], [ 34.91438, -0.76064 ], [ 34.91428, -0.76058 ], [ 34.91414, -0.76049 ], [ 34.91394, -0.76036 ], [ 34.91393, -0.76035 ], [ 34.91372, -0.76024 ], [ 34.91344, -0.76014 ], [ 34.91334, -0.76013 ], [ 34.91324, -0.76012 ], [ 34.91323, -0.76012 ], [ 34.91313, -0.76011 ], [ 34.91304, -0.76009 ], [ 34.91277, -0.76008 ], [ 34.91259, -0.76 ], [ 34.91238, -0.75991 ], [ 34.91217, -0.75972 ], [ 34.91188, -0.75948 ], [ 34.91157, -0.75925 ], [ 34.91132, -0.75905 ], [ 34.91112, -0.75889 ], [ 34.91087, -0.75871 ], [ 34.91062, -0.75853 ], [ 34.91026, -0.75826 ], [ 34.90988, -0.75797 ], [ 34.90941, -0.75758 ], [ 34.90905, -0.75735 ], [ 34.90865, -0.75704 ], [ 34.90819, -0.75675 ], [ 34.90759, -0.75642 ], [ 34.9071, -0.75614 ], [ 34.90668, -0.75588 ], [ 34.90657, -0.7558 ], [ 34.9062, -0.75554 ], [ 34.90577, -0.75524 ], [ 34.90546, -0.75498 ], [ 34.90523, -0.75483 ], [ 34.90521, -0.75479 ], [ 34.90487, -0.75452 ], [ 34.90468, -0.75434 ], [ 34.90463, -0.75429 ], [ 34.90455, -0.75421 ], [ 34.90448, -0.7541 ], [ 34.90442, -0.75399 ], [ 34.90437, -0.75389 ], [ 34.90428, -0.7537 ], [ 34.90423, -0.75359 ], [ 34.90414, -0.7535 ], [ 34.90396, -0.75333 ], [ 34.90375, -0.75308 ], [ 34.90369, -0.75296 ], [ 34.90354, -0.75279 ], [ 34.90349, -0.75274 ], [ 34.90343, -0.75264 ], [ 34.90333, -0.75249 ], [ 34.90307, -0.75227 ], [ 34.90292, -0.75215 ], [ 34.90249, -0.75174 ], [ 34.90192, -0.75131 ], [ 34.90136, -0.75092 ], [ 34.90095, -0.75062 ], [ 34.90025, -0.75006 ], [ 34.9001, -0.74985 ], [ 34.90009, -0.74984 ], [ 34.89988, -0.74956 ], [ 34.89934, -0.74877 ], [ 34.89926, -0.74865 ], [ 34.89869, -0.74784 ], [ 34.89828, -0.74731 ], [ 34.89794, -0.74692 ], [ 34.89791, -0.7469 ], [ 34.89772, -0.74673 ], [ 34.89759, -0.74658 ], [ 34.89747, -0.74651 ], [ 34.8974, -0.74647 ], [ 34.8974, -0.74647 ], [ 34.89737, -0.74643 ], [ 34.89719, -0.74617 ], [ 34.89698, -0.74594 ], [ 34.89663, -0.74582 ], [ 34.89659, -0.74575 ], [ 34.89619, -0.74548 ], [ 34.89591, -0.74538 ], [ 34.89565, -0.74525 ], [ 34.89533, -0.7452 ], [ 34.89527, -0.74519 ], [ 34.89476, -0.74499 ], [ 34.8944, -0.74493 ], [ 34.89408, -0.74504 ], [ 34.89398, -0.7451 ], [ 34.89377, -0.74524 ], [ 34.89342, -0.74545 ], [ 34.89315, -0.74548 ], [ 34.8929, -0.74556 ], [ 34.89256, -0.74557 ], [ 34.89218, -0.74548 ], [ 34.89172, -0.74536 ], [ 34.89124, -0.74517 ], [ 34.89071, -0.74488 ], [ 34.89032, -0.74452 ], [ 34.88983, -0.74445 ], [ 34.88925, -0.74443 ], [ 34.88862, -0.74441 ], [ 34.88802, -0.74441 ], [ 34.88744, -0.74436 ], [ 34.88691, -0.744 ], [ 34.88682, -0.74396 ], [ 34.88653, -0.74384 ], [ 34.88596, -0.74342 ], [ 34.88567, -0.74329 ], [ 34.88541, -0.74317 ], [ 34.88457, -0.74296 ], [ 34.88411, -0.74288 ], [ 34.88354, -0.74286 ], [ 34.88283, -0.74271 ], [ 34.88222, -0.74221 ], [ 34.88179, -0.74191 ], [ 34.88175, -0.74187 ], [ 34.88136, -0.7417 ], [ 34.88102, -0.74172 ], [ 34.88056, -0.74158 ], [ 34.88014, -0.74094 ], [ 34.8798, -0.74042 ], [ 34.87946, -0.73985 ], [ 34.87919, -0.73968 ], [ 34.87896, -0.73975 ], [ 34.87882, -0.73979 ], [ 34.87881, -0.73979 ], [ 34.87879, -0.73982 ], [ 34.87867, -0.74001 ], [ 34.87864, -0.74001 ], [ 34.87863, -0.74 ], [ 34.87796, -0.73967 ], [ 34.87757, -0.73953 ], [ 34.87718, -0.73943 ], [ 34.87653, -0.73914 ], [ 34.876, -0.73892 ], [ 34.87528, -0.73859 ], [ 34.87458, -0.73825 ], [ 34.87412, -0.73791 ], [ 34.87389, -0.73773 ], [ 34.87363, -0.73755 ], [ 34.8732, -0.73735 ], [ 34.8727, -0.73727 ], [ 34.8723, -0.73717 ], [ 34.87164, -0.73703 ], [ 34.87114, -0.73679 ], [ 34.87051, -0.73664 ], [ 34.87002, -0.73635 ], [ 34.86971, -0.73617 ], [ 34.86945, -0.73595 ], [ 34.86939, -0.7359 ], [ 34.86907, -0.73562 ], [ 34.86892, -0.73548 ], [ 34.86878, -0.73534 ], [ 34.86841, -0.73509 ], [ 34.86761, -0.73451 ], [ 34.86702, -0.7341 ], [ 34.86669, -0.73385 ], [ 34.86652, -0.73373 ], [ 34.86646, -0.73368 ], [ 34.86579, -0.73307 ], [ 34.86555, -0.73285 ], [ 34.8644, -0.73184 ], [ 34.86369, -0.73119 ], [ 34.86361, -0.73111 ], [ 34.86363, -0.73106 ], [ 34.86333, -0.73085 ], [ 34.86279, -0.73048 ], [ 34.86279, -0.73048 ], [ 34.86219, -0.72999 ], [ 34.86156, -0.7294 ], [ 34.86102, -0.72896 ], [ 34.86034, -0.72846 ], [ 34.85956, -0.72791 ], [ 34.85897, -0.72762 ], [ 34.85879, -0.72753 ], [ 34.85862, -0.72746 ], [ 34.8583, -0.7273 ], [ 34.85829, -0.7273 ], [ 34.85786, -0.72711 ], [ 34.85745, -0.72694 ], [ 34.85674, -0.7266 ], [ 34.85622, -0.7263 ], [ 34.85608, -0.72623 ], [ 34.85597, -0.72618 ], [ 34.85567, -0.72603 ], [ 34.85548, -0.72594 ], [ 34.85541, -0.72591 ], [ 34.85497, -0.72572 ], [ 34.85452, -0.7255 ], [ 34.85396, -0.72531 ], [ 34.85361, -0.72511 ], [ 34.85323, -0.72487 ], [ 34.85317, -0.72481 ], [ 34.853, -0.72471 ], [ 34.8527, -0.7244 ], [ 34.85264, -0.72434 ], [ 34.85253, -0.72422 ], [ 34.85246, -0.72412 ], [ 34.85241, -0.72405 ], [ 34.85234, -0.72395 ], [ 34.85219, -0.72372 ], [ 34.85177, -0.72313 ], [ 34.85171, -0.72305 ], [ 34.85154, -0.72281 ], [ 34.85141, -0.72264 ], [ 34.85138, -0.7226 ], [ 34.85105, -0.72221 ], [ 34.85088, -0.72209 ], [ 34.85071, -0.72202 ], [ 34.85056, -0.72201 ], [ 34.85041, -0.72197 ], [ 34.85022, -0.72189 ], [ 34.85005, -0.7218 ], [ 34.84939, -0.72138 ], [ 34.84882, -0.72105 ], [ 34.84863, -0.72094 ], [ 34.84841, -0.72077 ], [ 34.84784, -0.7203 ], [ 34.84773, -0.72022 ], [ 34.84758, -0.72011 ], [ 34.84745, -0.72003 ], [ 34.84725, -0.72002 ], [ 34.84709, -0.71999 ], [ 34.84697, -0.71996 ], [ 34.84682, -0.71988 ], [ 34.84666, -0.71962 ], [ 34.84653, -0.71941 ], [ 34.84637, -0.71912 ], [ 34.84629, -0.71897 ], [ 34.84623, -0.71885 ], [ 34.8462, -0.71871 ], [ 34.84611, -0.7184 ], [ 34.84606, -0.71821 ], [ 34.84595, -0.71808 ], [ 34.8459, -0.71802 ], [ 34.84583, -0.71797 ], [ 34.84567, -0.71795 ], [ 34.84544, -0.71796 ], [ 34.8454, -0.71795 ], [ 34.84524, -0.71794 ], [ 34.84488, -0.7179 ], [ 34.8447, -0.7179 ], [ 34.8447, -0.71794 ], [ 34.84468, -0.71794 ], [ 34.84468, -0.7179 ], [ 34.84456, -0.71791 ], [ 34.84431, -0.71791 ], [ 34.84414, -0.7179 ], [ 34.84399, -0.71789 ], [ 34.84397, -0.71788 ], [ 34.84376, -0.71781 ], [ 34.84375, -0.7178 ], [ 34.84357, -0.71765 ], [ 34.84343, -0.71752 ], [ 34.84339, -0.71748 ], [ 34.84309, -0.71712 ], [ 34.84292, -0.71703 ], [ 34.8427, -0.71692 ], [ 34.84253, -0.7168 ], [ 34.84237, -0.71662 ], [ 34.84221, -0.71646 ], [ 34.84198, -0.71628 ], [ 34.84174, -0.71616 ], [ 34.84137, -0.71593 ], [ 34.84108, -0.71574 ], [ 34.84092, -0.7156 ], [ 34.84074, -0.71543 ], [ 34.84049, -0.71509 ], [ 34.84033, -0.71486 ], [ 34.84021, -0.71466 ], [ 34.84003, -0.71437 ], [ 34.84005, -0.71436 ], [ 34.84001, -0.7143 ], [ 34.83968, -0.7138 ], [ 34.8394, -0.71339 ], [ 34.83928, -0.71316 ], [ 34.83917, -0.7129 ], [ 34.83908, -0.71261 ], [ 34.839, -0.71235 ], [ 34.83892, -0.71211 ], [ 34.8387, -0.71186 ], [ 34.83854, -0.71171 ], [ 34.83835, -0.71157 ], [ 34.83806, -0.71132 ], [ 34.8378, -0.7111 ], [ 34.83764, -0.71094 ], [ 34.83757, -0.71086 ], [ 34.83744, -0.7107 ], [ 34.83731, -0.71059 ], [ 34.83714, -0.71037 ], [ 34.8371, -0.71037 ], [ 34.83709, -0.71037 ], [ 34.83705, -0.71034 ], [ 34.83701, -0.71027 ], [ 34.83692, -0.71019 ], [ 34.83687, -0.71013 ], [ 34.83681, -0.71008 ], [ 34.83669, -0.70997 ], [ 34.83654, -0.70985 ], [ 34.83643, -0.70973 ], [ 34.83635, -0.70965 ], [ 34.83624, -0.70954 ], [ 34.83611, -0.70946 ], [ 34.83602, -0.70941 ], [ 34.83587, -0.70936 ], [ 34.83597, -0.70935 ], [ 34.83612, -0.70931 ], [ 34.83628, -0.70939 ], [ 34.83639, -0.70948 ], [ 34.83652, -0.70961 ], [ 34.83665, -0.70973 ], [ 34.83672, -0.70969 ], [ 34.83672, -0.70955 ], [ 34.83671, -0.70942 ], [ 34.83656, -0.70908 ], [ 34.83645, -0.70883 ], [ 34.83638, -0.70862 ], [ 34.83639, -0.70851 ], [ 34.8365, -0.70831 ], [ 34.83649, -0.70815 ], [ 34.83629, -0.708 ], [ 34.83618, -0.70785 ], [ 34.8361, -0.7076 ], [ 34.83621, -0.70743 ], [ 34.83637, -0.70734 ], [ 34.83646, -0.70727 ], [ 34.83661, -0.7072 ], [ 34.83682, -0.70728 ], [ 34.83706, -0.70737 ], [ 34.83721, -0.70742 ], [ 34.83734, -0.70744 ], [ 34.8375, -0.70744 ], [ 34.83768, -0.70744 ], [ 34.83779, -0.70734 ], [ 34.83787, -0.70719 ], [ 34.83806, -0.70699 ], [ 34.83825, -0.70693 ], [ 34.83845, -0.70693 ], [ 34.83865, -0.70695 ], [ 34.83886, -0.70712 ], [ 34.83897, -0.70719 ], [ 34.83914, -0.70718 ], [ 34.83925, -0.70716 ], [ 34.83944, -0.70722 ], [ 34.8396, -0.70734 ], [ 34.83961, -0.70754 ], [ 34.83961, -0.70784 ], [ 34.83949, -0.70807 ], [ 34.83944, -0.70838 ], [ 34.83947, -0.70855 ], [ 34.83953, -0.70875 ], [ 34.83975, -0.7088 ], [ 34.8399, -0.7088 ], [ 34.84, -0.70876 ], [ 34.8401, -0.70865 ], [ 34.84021, -0.70849 ], [ 34.84038, -0.70828 ], [ 34.84052, -0.70792 ], [ 34.84057, -0.70772 ], [ 34.8407, -0.70749 ], [ 34.84078, -0.70754 ], [ 34.8409, -0.70754 ], [ 34.84104, -0.70754 ], [ 34.84112, -0.70745 ], [ 34.84113, -0.70725 ], [ 34.84096, -0.7071 ], [ 34.8409, -0.70696 ], [ 34.8409, -0.7068 ], [ 34.84098, -0.70676 ], [ 34.84104, -0.7066 ], [ 34.84106, -0.7065 ], [ 34.841, -0.70628 ], [ 34.841, -0.70599 ], [ 34.8411, -0.70591 ], [ 34.84122, -0.70564 ], [ 34.84137, -0.70521 ], [ 34.84151, -0.70485 ], [ 34.8416, -0.70449 ], [ 34.84151, -0.70414 ], [ 34.84138, -0.70397 ], [ 34.84109, -0.70383 ], [ 34.84092, -0.70346 ], [ 34.84106, -0.7032 ], [ 34.8412, -0.70296 ], [ 34.84139, -0.70292 ], [ 34.84151, -0.70292 ], [ 34.84174, -0.70319 ], [ 34.84183, -0.70352 ], [ 34.84193, -0.70386 ], [ 34.84226, -0.70413 ], [ 34.84246, -0.70443 ], [ 34.84271, -0.70483 ], [ 34.84274, -0.70513 ], [ 34.84275, -0.70537 ], [ 34.84298, -0.70551 ], [ 34.84316, -0.70546 ], [ 34.84344, -0.70533 ], [ 34.84369, -0.7052 ], [ 34.84388, -0.70508 ], [ 34.84411, -0.70491 ], [ 34.84426, -0.7047 ], [ 34.84449, -0.70449 ], [ 34.84477, -0.70448 ], [ 34.84515, -0.70439 ], [ 34.84554, -0.70435 ], [ 34.8457, -0.7043 ], [ 34.84575, -0.70414 ], [ 34.84581, -0.70397 ], [ 34.84583, -0.70375 ], [ 34.84592, -0.70355 ], [ 34.84606, -0.70355 ], [ 34.84624, -0.70367 ], [ 34.84633, -0.70377 ], [ 34.84641, -0.70389 ], [ 34.84656, -0.70398 ], [ 34.84672, -0.70421 ], [ 34.84682, -0.70438 ], [ 34.84681, -0.7046 ], [ 34.84671, -0.70479 ], [ 34.8466, -0.70506 ], [ 34.8466, -0.70536 ], [ 34.84665, -0.70548 ], [ 34.8468, -0.70558 ], [ 34.84696, -0.70558 ], [ 34.84709, -0.70543 ], [ 34.84723, -0.70526 ], [ 34.84734, -0.70517 ], [ 34.8475, -0.70505 ], [ 34.84767, -0.70521 ], [ 34.8479, -0.70522 ], [ 34.84799, -0.70514 ], [ 34.84807, -0.70503 ], [ 34.8482, -0.70487 ], [ 34.84837, -0.70485 ], [ 34.84851, -0.70503 ], [ 34.84837, -0.7053 ], [ 34.84834, -0.70547 ], [ 34.84852, -0.70558 ], [ 34.84855, -0.70555 ], [ 34.84874, -0.70539 ], [ 34.84892, -0.70542 ], [ 34.84903, -0.70555 ], [ 34.84903, -0.70576 ], [ 34.84904, -0.70602 ], [ 34.84922, -0.70623 ], [ 34.84937, -0.70639 ], [ 34.84955, -0.70632 ], [ 34.84986, -0.7063 ], [ 34.85004, -0.70629 ], [ 34.85026, -0.70612 ], [ 34.85041, -0.70611 ], [ 34.85065, -0.70605 ], [ 34.85081, -0.70611 ], [ 34.85103, -0.70624 ], [ 34.85116, -0.70641 ], [ 34.85116, -0.70656 ], [ 34.85107, -0.70677 ], [ 34.85082, -0.70694 ], [ 34.85077, -0.70713 ], [ 34.85092, -0.70725 ], [ 34.85124, -0.70716 ], [ 34.85141, -0.70709 ], [ 34.85156, -0.70707 ], [ 34.85156, -0.70695 ], [ 34.85152, -0.70682 ], [ 34.85147, -0.70672 ], [ 34.85155, -0.70661 ], [ 34.85163, -0.7066 ], [ 34.85177, -0.7066 ], [ 34.852, -0.70661 ], [ 34.85225, -0.70673 ], [ 34.85241, -0.70681 ], [ 34.85258, -0.70685 ], [ 34.85259, -0.70685 ], [ 34.85278, -0.7067 ], [ 34.85301, -0.70657 ], [ 34.85312, -0.70651 ], [ 34.85336, -0.70644 ], [ 34.85361, -0.70644 ], [ 34.85375, -0.70631 ], [ 34.85397, -0.70624 ], [ 34.85412, -0.70616 ], [ 34.85426, -0.70601 ], [ 34.85447, -0.70592 ], [ 34.85459, -0.70585 ], [ 34.85487, -0.7058 ], [ 34.85535, -0.7058 ], [ 34.8556, -0.70584 ], [ 34.85608, -0.70592 ], [ 34.85633, -0.70599 ], [ 34.85677, -0.70623 ], [ 34.8572, -0.70654 ], [ 34.8575, -0.70674 ], [ 34.85783, -0.70672 ], [ 34.85799, -0.70672 ], [ 34.85817, -0.70672 ], [ 34.85848, -0.7067 ], [ 34.85865, -0.7067 ], [ 34.85886, -0.7068 ], [ 34.85908, -0.70683 ], [ 34.8592, -0.70681 ], [ 34.85926, -0.7068 ], [ 34.85937, -0.70666 ], [ 34.85945, -0.70656 ], [ 34.8595, -0.70644 ], [ 34.85961, -0.7062 ], [ 34.85979, -0.70601 ], [ 34.86007, -0.70587 ], [ 34.86025, -0.70587 ], [ 34.86048, -0.70572 ], [ 34.86064, -0.70569 ], [ 34.86086, -0.70563 ], [ 34.86076, -0.70541 ], [ 34.86053, -0.70521 ], [ 34.86027, -0.70492 ], [ 34.86011, -0.7047 ], [ 34.85985, -0.70451 ], [ 34.85974, -0.70424 ], [ 34.85974, -0.70402 ], [ 34.85974, -0.70376 ], [ 34.8598, -0.70341 ], [ 34.85998, -0.70319 ], [ 34.86017, -0.70289 ], [ 34.86022, -0.70269 ], [ 34.86025, -0.70243 ], [ 34.86012, -0.70215 ], [ 34.85999, -0.70194 ], [ 34.85999, -0.70165 ], [ 34.86006, -0.70137 ], [ 34.86015, -0.70112 ], [ 34.86038, -0.70091 ], [ 34.86062, -0.70065 ], [ 34.86084, -0.70041 ], [ 34.86102, -0.70025 ], [ 34.86125, -0.7001 ], [ 34.86143, -0.69983 ], [ 34.86146, -0.69963 ], [ 34.86154, -0.69933 ], [ 34.86157, -0.69911 ], [ 34.86169, -0.69887 ], [ 34.86183, -0.6986 ], [ 34.86193, -0.69847 ], [ 34.86193, -0.69847 ], [ 34.86204, -0.69832 ], [ 34.86226, -0.69805 ], [ 34.86242, -0.69776 ], [ 34.86243, -0.69744 ], [ 34.8626, -0.69721 ], [ 34.86273, -0.69693 ], [ 34.86297, -0.69653 ], [ 34.86317, -0.69621 ], [ 34.86335, -0.69598 ], [ 34.8635, -0.69578 ], [ 34.86355, -0.69552 ], [ 34.86351, -0.69522 ], [ 34.8634, -0.6949 ], [ 34.86339, -0.69459 ], [ 34.86343, -0.69444 ], [ 34.86344, -0.69441 ], [ 34.8635, -0.69418 ], [ 34.86371, -0.69381 ], [ 34.86372, -0.69358 ], [ 34.86372, -0.69335 ], [ 34.86372, -0.6931 ], [ 34.86383, -0.69279 ], [ 34.86384, -0.69265 ], [ 34.86387, -0.69232 ], [ 34.86387, -0.69193 ], [ 34.86383, -0.69164 ], [ 34.8637, -0.69135 ], [ 34.8637, -0.691 ], [ 34.86374, -0.69066 ], [ 34.86386, -0.69024 ], [ 34.86375, -0.68991 ], [ 34.86367, -0.68952 ], [ 34.86356, -0.68926 ], [ 34.86356, -0.68925 ], [ 34.86353, -0.68919 ], [ 34.86353, -0.68902 ], [ 34.86353, -0.68899 ], [ 34.86353, -0.68893 ], [ 34.86354, -0.6887 ], [ 34.86352, -0.68846 ], [ 34.86352, -0.68846 ], [ 34.86345, -0.6883 ], [ 34.86337, -0.68797 ], [ 34.86319, -0.68776 ], [ 34.86296, -0.6876 ], [ 34.86269, -0.6875 ], [ 34.86256, -0.68727 ], [ 34.86242, -0.6871 ], [ 34.86228, -0.6867 ], [ 34.8621, -0.68629 ], [ 34.86194, -0.68599 ], [ 34.86185, -0.68566 ], [ 34.86176, -0.68521 ], [ 34.86166, -0.68489 ], [ 34.8614, -0.6846 ], [ 34.86117, -0.68429 ], [ 34.86101, -0.68392 ], [ 34.86084, -0.68357 ], [ 34.86068, -0.68318 ], [ 34.86061, -0.68287 ], [ 34.86046, -0.68271 ], [ 34.8603, -0.68257 ], [ 34.86009, -0.68227 ], [ 34.85997, -0.68189 ], [ 34.85983, -0.68141 ], [ 34.85969, -0.6811 ], [ 34.85954, -0.68086 ], [ 34.85933, -0.68056 ], [ 34.85912, -0.68026 ], [ 34.85907, -0.68015 ], [ 34.85906, -0.68014 ], [ 34.85898, -0.67996 ], [ 34.85885, -0.67964 ], [ 34.85862, -0.67929 ], [ 34.85861, -0.67905 ], [ 34.8586, -0.67862 ], [ 34.85863, -0.67818 ], [ 34.85873, -0.6778 ], [ 34.85858, -0.67717 ], [ 34.85835, -0.6769 ], [ 34.85821, -0.6767 ], [ 34.85819, -0.67646 ], [ 34.85819, -0.67621 ], [ 34.85822, -0.67591 ], [ 34.85824, -0.67559 ], [ 34.85836, -0.67522 ], [ 34.85836, -0.67515 ], [ 34.85837, -0.67478 ], [ 34.8584, -0.67464 ], [ 34.85845, -0.67439 ], [ 34.85854, -0.67405 ], [ 34.85871, -0.67373 ], [ 34.85871, -0.67351 ], [ 34.85866, -0.67332 ], [ 34.85851, -0.67314 ], [ 34.85851, -0.67295 ], [ 34.85853, -0.67279 ], [ 34.85867, -0.67254 ], [ 34.85874, -0.67214 ], [ 34.85879, -0.67174 ], [ 34.85887, -0.67136 ], [ 34.859, -0.67094 ], [ 34.85919, -0.67034 ], [ 34.85937, -0.67012 ], [ 34.85943, -0.67008 ], [ 34.85943, -0.67008 ], [ 34.85944, -0.6701 ], [ 34.85988, -0.67017 ], [ 34.86037, -0.67024 ], [ 34.86101, -0.67039 ], [ 34.86155, -0.67049 ], [ 34.86218, -0.67063 ], [ 34.86261, -0.67074 ], [ 34.86312, -0.67091 ], [ 34.86382, -0.67099 ], [ 34.86444, -0.67101 ], [ 34.86513, -0.67102 ], [ 34.86591, -0.6711 ], [ 34.86652, -0.67112 ], [ 34.86705, -0.6711 ], [ 34.86731, -0.67099 ], [ 34.86731, -0.67099 ], [ 34.86759, -0.67078 ], [ 34.86802, -0.67051 ], [ 34.86841, -0.67022 ], [ 34.8687, -0.67006 ], [ 34.86872, -0.67006 ], [ 34.86904, -0.67 ], [ 34.86942, -0.67 ], [ 34.86973, -0.67004 ], [ 34.87012, -0.67018 ], [ 34.87039, -0.67035 ], [ 34.87036, -0.67051 ], [ 34.87036, -0.67079 ], [ 34.87041, -0.6711 ], [ 34.87054, -0.67141 ], [ 34.87067, -0.67183 ], [ 34.8707, -0.6721 ], [ 34.87081, -0.67246 ], [ 34.87089, -0.67285 ], [ 34.87106, -0.67316 ], [ 34.87131, -0.67343 ], [ 34.87152, -0.67375 ], [ 34.87176, -0.67399 ], [ 34.87191, -0.6742 ], [ 34.87205, -0.67439 ], [ 34.87226, -0.6747 ], [ 34.8725, -0.67511 ], [ 34.8727, -0.67544 ], [ 34.87277, -0.67573 ], [ 34.87277, -0.67596 ], [ 34.87275, -0.67621 ], [ 34.87263, -0.67652 ], [ 34.8725, -0.6769 ], [ 34.87237, -0.67731 ], [ 34.87233, -0.67742 ], [ 34.87253, -0.67779 ], [ 34.87269, -0.67809 ], [ 34.87271, -0.67809 ], [ 34.87281, -0.67829 ], [ 34.87298, -0.67855 ], [ 34.87331, -0.67895 ], [ 34.87378, -0.6793 ], [ 34.87416, -0.6796 ], [ 34.87462, -0.68004 ], [ 34.87504, -0.68035 ], [ 34.87543, -0.68072 ], [ 34.87582, -0.6812 ], [ 34.87628, -0.6817 ], [ 34.87659, -0.68205 ], [ 34.87694, -0.68247 ], [ 34.87723, -0.68284 ], [ 34.87738, -0.68308 ], [ 34.87761, -0.68337 ], [ 34.87769, -0.68362 ], [ 34.8776, -0.68385 ], [ 34.87739, -0.68408 ], [ 34.87714, -0.68439 ], [ 34.87713, -0.68471 ], [ 34.87713, -0.68504 ], [ 34.87711, -0.68535 ], [ 34.87736, -0.68549 ], [ 34.87752, -0.68557 ], [ 34.87753, -0.68558 ], [ 34.87754, -0.68558 ], [ 34.87786, -0.68574 ], [ 34.87823, -0.68584 ], [ 34.87866, -0.68595 ], [ 34.8787, -0.68596 ], [ 34.8787, -0.68595 ], [ 34.87879, -0.68565 ], [ 34.87894, -0.68533 ], [ 34.87914, -0.68515 ], [ 34.87931, -0.68497 ], [ 34.87963, -0.68476 ], [ 34.88007, -0.68463 ], [ 34.88055, -0.68445 ], [ 34.88093, -0.68441 ], [ 34.88141, -0.68434 ], [ 34.88184, -0.68434 ], [ 34.88216, -0.68434 ], [ 34.88252, -0.68434 ], [ 34.88282, -0.68438 ], [ 34.88311, -0.6844 ], [ 34.88333, -0.68451 ], [ 34.88374, -0.68428 ], [ 34.88395, -0.68418 ], [ 34.88409, -0.68412 ], [ 34.88427, -0.68404 ], [ 34.88473, -0.68384 ], [ 34.88507, -0.68366 ], [ 34.88528, -0.68357 ], [ 34.88539, -0.6834 ], [ 34.88548, -0.68322 ], [ 34.88569, -0.68308 ], [ 34.88585, -0.68307 ], [ 34.88615, -0.68307 ], [ 34.88628, -0.68307 ], [ 34.88641, -0.68295 ], [ 34.8866, -0.68278 ], [ 34.8868, -0.68242 ], [ 34.88698, -0.68208 ], [ 34.88716, -0.68178 ], [ 34.88733, -0.68153 ], [ 34.88752, -0.68138 ], [ 34.88763, -0.68122 ], [ 34.88763, -0.68117 ], [ 34.88763, -0.68117 ], [ 34.88762, -0.68104 ], [ 34.8878, -0.68067 ], [ 34.88802, -0.68028 ], [ 34.88818, -0.68003 ], [ 34.88835, -0.67981 ], [ 34.88836, -0.6798 ], [ 34.88843, -0.6799 ], [ 34.88862, -0.68009 ], [ 34.88887, -0.68025 ], [ 34.88902, -0.68031 ], [ 34.88925, -0.68036 ], [ 34.88953, -0.68048 ], [ 34.88978, -0.68057 ], [ 34.89003, -0.6807 ], [ 34.89024, -0.68086 ], [ 34.89037, -0.68101 ], [ 34.89054, -0.68125 ], [ 34.89071, -0.68141 ], [ 34.89091, -0.68159 ], [ 34.89118, -0.68175 ], [ 34.89144, -0.68201 ], [ 34.89165, -0.68215 ], [ 34.89192, -0.68241 ], [ 34.89218, -0.68281 ], [ 34.8923, -0.68302 ], [ 34.89238, -0.68333 ], [ 34.89242, -0.68359 ], [ 34.89254, -0.68386 ], [ 34.89261, -0.68411 ], [ 34.89275, -0.68436 ], [ 34.89298, -0.68462 ], [ 34.89312, -0.68482 ], [ 34.89319, -0.685 ], [ 34.8932, -0.68506 ], [ 34.89348, -0.68503 ], [ 34.8936, -0.68534 ], [ 34.89386, -0.68575 ], [ 34.89413, -0.68623 ], [ 34.89441, -0.68653 ], [ 34.89453, -0.68653 ], [ 34.89453, -0.68653 ], [ 34.89461, -0.68653 ], [ 34.89465, -0.68647 ], [ 34.89465, -0.68646 ], [ 34.89491, -0.68608 ], [ 34.89554, -0.68548 ], [ 34.89608, -0.68477 ], [ 34.89675, -0.68396 ], [ 34.89747, -0.68312 ], [ 34.8979, -0.68266 ], [ 34.8986, -0.68204 ], [ 34.89903, -0.68157 ], [ 34.89941, -0.68104 ], [ 34.89962, -0.6807 ], [ 34.8997, -0.68035 ], [ 34.89984, -0.68042 ], [ 34.90011, -0.68055 ], [ 34.90043, -0.68071 ], [ 34.90073, -0.68091 ], [ 34.90099, -0.68111 ], [ 34.9012, -0.6813 ], [ 34.9013, -0.68149 ], [ 34.90139, -0.68168 ], [ 34.90149, -0.68183 ], [ 34.90159, -0.68206 ], [ 34.90175, -0.68232 ], [ 34.902, -0.68265 ], [ 34.9022, -0.68291 ], [ 34.90245, -0.6832 ], [ 34.90274, -0.68347 ], [ 34.90297, -0.68372 ], [ 34.90322, -0.68396 ], [ 34.90338, -0.68412 ], [ 34.90356, -0.6842 ], [ 34.90382, -0.68421 ], [ 34.90405, -0.68421 ], [ 34.90413, -0.68421 ], [ 34.90439, -0.68421 ], [ 34.90465, -0.68421 ], [ 34.9049, -0.6843 ], [ 34.90504, -0.68454 ], [ 34.90515, -0.68479 ], [ 34.90533, -0.68514 ], [ 34.90544, -0.68536 ], [ 34.90552, -0.68555 ], [ 34.90567, -0.68577 ], [ 34.90593, -0.68608 ], [ 34.90614, -0.68635 ], [ 34.90633, -0.68664 ], [ 34.90654, -0.68693 ], [ 34.90674, -0.6872 ], [ 34.90687, -0.68744 ], [ 34.90698, -0.68766 ], [ 34.9071, -0.68787 ], [ 34.90732, -0.6882 ], [ 34.90752, -0.68852 ], [ 34.90776, -0.6887 ], [ 34.90784, -0.68878 ], [ 34.908, -0.68893 ], [ 34.90825, -0.68918 ], [ 34.90847, -0.68936 ], [ 34.9086, -0.68947 ], [ 34.90873, -0.6896 ], [ 34.90881, -0.68974 ], [ 34.90899, -0.68987 ], [ 34.90925, -0.69008 ], [ 34.90944, -0.69023 ], [ 34.90963, -0.69055 ], [ 34.90983, -0.69076 ], [ 34.91004, -0.69104 ], [ 34.91027, -0.69134 ], [ 34.91048, -0.69154 ], [ 34.91069, -0.69175 ], [ 34.91083, -0.69194 ], [ 34.91099, -0.69206 ], [ 34.91097, -0.69221 ], [ 34.91097, -0.69222 ], [ 34.9109, -0.69223 ], [ 34.91057, -0.69242 ], [ 34.9103, -0.69257 ], [ 34.91002, -0.69277 ], [ 34.90987, -0.69303 ], [ 34.90998, -0.69321 ], [ 34.91005, -0.69341 ], [ 34.91015, -0.69369 ], [ 34.91021, -0.69392 ], [ 34.91033, -0.69422 ], [ 34.91043, -0.69452 ], [ 34.91051, -0.69481 ], [ 34.91068, -0.69507 ], [ 34.91085, -0.69534 ], [ 34.91114, -0.69556 ], [ 34.91119, -0.69539 ], [ 34.91154, -0.69555 ], [ 34.91184, -0.69567 ], [ 34.912, -0.69568 ], [ 34.91229, -0.69567 ], [ 34.91236, -0.69562 ], [ 34.91244, -0.69553 ], [ 34.91255, -0.69536 ], [ 34.91266, -0.69524 ], [ 34.91279, -0.6951 ], [ 34.91289, -0.695 ], [ 34.913, -0.69491 ], [ 34.91324, -0.69459 ], [ 34.91329, -0.69425 ], [ 34.91334, -0.694 ], [ 34.91322, -0.69374 ], [ 34.91305, -0.6935 ], [ 34.91303, -0.69335 ], [ 34.91304, -0.69323 ], [ 34.9131, -0.69322 ], [ 34.91326, -0.69321 ], [ 34.91339, -0.69325 ], [ 34.91359, -0.69336 ], [ 34.91392, -0.69352 ], [ 34.91409, -0.69364 ], [ 34.91422, -0.6937 ], [ 34.91439, -0.69372 ], [ 34.91468, -0.69372 ], [ 34.91505, -0.69372 ], [ 34.91521, -0.69359 ], [ 34.91543, -0.69337 ], [ 34.91558, -0.69331 ], [ 34.91572, -0.69316 ], [ 34.91584, -0.69313 ], [ 34.91596, -0.69315 ], [ 34.91611, -0.69323 ], [ 34.91643, -0.69337 ], [ 34.91673, -0.69359 ], [ 34.91706, -0.69387 ], [ 34.91726, -0.69406 ], [ 34.91741, -0.69419 ], [ 34.91761, -0.69424 ], [ 34.91767, -0.69411 ], [ 34.91791, -0.69406 ], [ 34.91822, -0.6942 ], [ 34.9184, -0.69433 ], [ 34.9186, -0.69432 ], [ 34.9187, -0.6942 ], [ 34.9187, -0.69411 ], [ 34.9187, -0.69406 ], [ 34.91878, -0.69391 ], [ 34.91883, -0.69391 ], [ 34.91898, -0.69382 ], [ 34.91907, -0.69372 ], [ 34.91908, -0.69361 ], [ 34.919, -0.69343 ], [ 34.91884, -0.69329 ], [ 34.91877, -0.6932 ], [ 34.91878, -0.69297 ], [ 34.91898, -0.69289 ], [ 34.91926, -0.69287 ], [ 34.9194, -0.69276 ], [ 34.91949, -0.69259 ], [ 34.91963, -0.6923 ], [ 34.91973, -0.69206 ], [ 34.91987, -0.69184 ], [ 34.91993, -0.69161 ], [ 34.92006, -0.69147 ], [ 34.9202, -0.69135 ], [ 34.92026, -0.6913 ], [ 34.92039, -0.69127 ], [ 34.92051, -0.69126 ], [ 34.92087, -0.69126 ], [ 34.92118, -0.69126 ], [ 34.92141, -0.69127 ], [ 34.92165, -0.6913 ], [ 34.92196, -0.6915 ], [ 34.92243, -0.6917 ], [ 34.92276, -0.69187 ], [ 34.92308, -0.69196 ], [ 34.92349, -0.69214 ], [ 34.92376, -0.69218 ], [ 34.92388, -0.69218 ], [ 34.92403, -0.69218 ], [ 34.92438, -0.69218 ], [ 34.92453, -0.69219 ], [ 34.92483, -0.6922 ], [ 34.9249, -0.6922 ], [ 34.92491, -0.6922 ], [ 34.92505, -0.69221 ], [ 34.92529, -0.69228 ], [ 34.92548, -0.69234 ], [ 34.92572, -0.69236 ], [ 34.92604, -0.69229 ], [ 34.92621, -0.69223 ], [ 34.92631, -0.69214 ], [ 34.92642, -0.69207 ], [ 34.9266, -0.69181 ], [ 34.92672, -0.69164 ], [ 34.92692, -0.69147 ], [ 34.92701, -0.6914 ], [ 34.92722, -0.69121 ], [ 34.9274, -0.69106 ], [ 34.92744, -0.6908 ], [ 34.92761, -0.69062 ], [ 34.92774, -0.69045 ], [ 34.92808, -0.69026 ], [ 34.92822, -0.69019 ], [ 34.92837, -0.69013 ], [ 34.92851, -0.69007 ], [ 34.9288, -0.68999 ], [ 34.92903, -0.68996 ], [ 34.92924, -0.68994 ], [ 34.92934, -0.6899 ], [ 34.92955, -0.68984 ], [ 34.92963, -0.68982 ], [ 34.92971, -0.68982 ], [ 34.92999, -0.68988 ], [ 34.93023, -0.68998 ], [ 34.93045, -0.69004 ], [ 34.93062, -0.69009 ], [ 34.93083, -0.69009 ], [ 34.93095, -0.69009 ], [ 34.93109, -0.69 ], [ 34.93125, -0.68997 ], [ 34.93144, -0.68991 ], [ 34.93166, -0.68979 ], [ 34.93182, -0.68963 ], [ 34.93194, -0.68948 ], [ 34.93194, -0.68937 ], [ 34.93194, -0.68916 ], [ 34.93194, -0.68896 ], [ 34.93194, -0.68887 ], [ 34.93195, -0.68865 ], [ 34.93211, -0.68848 ], [ 34.93231, -0.68828 ], [ 34.93242, -0.68816 ], [ 34.93249, -0.68805 ], [ 34.93259, -0.68797 ], [ 34.93278, -0.68797 ], [ 34.93292, -0.68781 ], [ 34.93304, -0.68768 ], [ 34.93311, -0.68754 ], [ 34.93314, -0.68739 ], [ 34.93318, -0.68727 ], [ 34.93328, -0.68718 ], [ 34.93339, -0.68707 ], [ 34.93347, -0.68696 ], [ 34.93359, -0.68689 ], [ 34.9338, -0.68684 ], [ 34.93391, -0.68684 ], [ 34.93404, -0.68671 ], [ 34.93418, -0.68664 ], [ 34.93424, -0.68648 ], [ 34.93451, -0.68632 ], [ 34.93463, -0.6862 ], [ 34.93487, -0.68595 ], [ 34.935, -0.68578 ], [ 34.93504, -0.68573 ], [ 34.93506, -0.68572 ], [ 34.93509, -0.68572 ], [ 34.93509, -0.68572 ], [ 34.93507, -0.6857 ], [ 34.93512, -0.68564 ], [ 34.93522, -0.68549 ], [ 34.93531, -0.68538 ], [ 34.93555, -0.68524 ], [ 34.93585, -0.68507 ], [ 34.93599, -0.68501 ], [ 34.93614, -0.68494 ], [ 34.93639, -0.68481 ], [ 34.93648, -0.68474 ], [ 34.9366, -0.68472 ], [ 34.93667, -0.68458 ], [ 34.9367, -0.68453 ], [ 34.93671, -0.68444 ], [ 34.93669, -0.6843 ], [ 34.93667, -0.68419 ], [ 34.93664, -0.68409 ], [ 34.93663, -0.68398 ], [ 34.93663, -0.68383 ], [ 34.93675, -0.68371 ], [ 34.93679, -0.68371 ], [ 34.9369, -0.68364 ], [ 34.93692, -0.68356 ], [ 34.93692, -0.68337 ], [ 34.93685, -0.68334 ], [ 34.93676, -0.68325 ], [ 34.93672, -0.68318 ], [ 34.93675, -0.68311 ], [ 34.9369, -0.68296 ], [ 34.93702, -0.68291 ], [ 34.93707, -0.68287 ], [ 34.93719, -0.68277 ], [ 34.93721, -0.68268 ], [ 34.93721, -0.68256 ], [ 34.93723, -0.68239 ], [ 34.93731, -0.68225 ], [ 34.93749, -0.68224 ], [ 34.9376, -0.68224 ], [ 34.93761, -0.68212 ], [ 34.93756, -0.68199 ], [ 34.93748, -0.68192 ], [ 34.93744, -0.68182 ], [ 34.93749, -0.68175 ], [ 34.93758, -0.68175 ], [ 34.93763, -0.68166 ], [ 34.93762, -0.68157 ], [ 34.9376, -0.68145 ], [ 34.93773, -0.68131 ], [ 34.9378, -0.68129 ], [ 34.93793, -0.68125 ], [ 34.93801, -0.68123 ], [ 34.93803, -0.68104 ], [ 34.93808, -0.68097 ], [ 34.93808, -0.68085 ], [ 34.9381, -0.68063 ], [ 34.9381, -0.68045 ], [ 34.93807, -0.68017 ], [ 34.93807, -0.68001 ], [ 34.93818, -0.67987 ], [ 34.93829, -0.67974 ], [ 34.93846, -0.67949 ], [ 34.93856, -0.67933 ], [ 34.93869, -0.67921 ], [ 34.93873, -0.67918 ], [ 34.93887, -0.67913 ], [ 34.93896, -0.67904 ], [ 34.93925, -0.67892 ], [ 34.93935, -0.6788 ], [ 34.93938, -0.67876 ], [ 34.93951, -0.6786 ], [ 34.93959, -0.67854 ], [ 34.93975, -0.6784 ], [ 34.94002, -0.67808 ], [ 34.94012, -0.67789 ], [ 34.94016, -0.67782 ], [ 34.9402, -0.67758 ], [ 34.94027, -0.67719 ], [ 34.94029, -0.67702 ], [ 34.94041, -0.67682 ], [ 34.94051, -0.6766 ], [ 34.9406, -0.67647 ], [ 34.94062, -0.67623 ], [ 34.94074, -0.67597 ], [ 34.9408, -0.67579 ], [ 34.9409, -0.67559 ], [ 34.94097, -0.67547 ], [ 34.94097, -0.67547 ], [ 34.94108, -0.67528 ], [ 34.94109, -0.67527 ], [ 34.94117, -0.675 ], [ 34.94118, -0.67473 ], [ 34.94118, -0.6746 ], [ 34.94118, -0.67446 ], [ 34.94134, -0.67433 ], [ 34.9415, -0.67432 ], [ 34.94163, -0.6743 ], [ 34.94174, -0.67415 ], [ 34.9417, -0.67404 ], [ 34.94161, -0.67392 ], [ 34.9415, -0.67382 ], [ 34.94175, -0.67378 ], [ 34.94195, -0.6736 ], [ 34.94206, -0.67348 ], [ 34.94207, -0.67328 ], [ 34.94204, -0.673 ], [ 34.94204, -0.67276 ], [ 34.94222, -0.67265 ], [ 34.94237, -0.6726 ], [ 34.94246, -0.67251 ], [ 34.94246, -0.6723 ], [ 34.94242, -0.67214 ], [ 34.94229, -0.67198 ], [ 34.94223, -0.67177 ], [ 34.94236, -0.6715 ], [ 34.94251, -0.6713 ], [ 34.94263, -0.6711 ], [ 34.94274, -0.67091 ], [ 34.94293, -0.6706 ], [ 34.94306, -0.67038 ], [ 34.94316, -0.67023 ], [ 34.94341, -0.66996 ], [ 34.94352, -0.66984 ], [ 34.94366, -0.66968 ], [ 34.94385, -0.66954 ], [ 34.94401, -0.66952 ], [ 34.94424, -0.66952 ], [ 34.94435, -0.66936 ], [ 34.94442, -0.66915 ], [ 34.94447, -0.66897 ], [ 34.94452, -0.66876 ], [ 34.94471, -0.66858 ], [ 34.94491, -0.66838 ], [ 34.94513, -0.66825 ], [ 34.94533, -0.66816 ], [ 34.94553, -0.66815 ], [ 34.94583, -0.66807 ], [ 34.94596, -0.66798 ], [ 34.94612, -0.66796 ], [ 34.94621, -0.66795 ], [ 34.94634, -0.66795 ], [ 34.94652, -0.66798 ], [ 34.94678, -0.668 ], [ 34.94699, -0.66801 ], [ 34.94714, -0.66801 ], [ 34.9472, -0.66801 ], [ 34.94739, -0.66801 ], [ 34.94775, -0.66798 ], [ 34.94814, -0.66769 ], [ 34.94836, -0.66754 ], [ 34.94852, -0.66744 ], [ 34.94866, -0.66737 ], [ 34.94888, -0.66757 ], [ 34.94914, -0.66796 ], [ 34.94931, -0.66823 ], [ 34.94941, -0.6684 ], [ 34.94967, -0.66875 ], [ 34.94975, -0.66884 ], [ 34.94995, -0.66913 ], [ 34.95017, -0.66945 ], [ 34.95023, -0.66953 ], [ 34.95027, -0.66958 ], [ 34.95032, -0.66963 ], [ 34.95046, -0.66981 ], [ 34.95049, -0.66983 ], [ 34.95052, -0.66986 ], [ 34.95052, -0.66986 ], [ 34.95064, -0.66995 ], [ 34.95079, -0.67006 ], [ 34.9509, -0.67016 ], [ 34.95099, -0.67024 ], [ 34.95107, -0.67032 ], [ 34.9512, -0.67042 ], [ 34.95152, -0.67069 ], [ 34.95171, -0.67087 ], [ 34.95187, -0.67102 ], [ 34.95208, -0.6711 ], [ 34.95233, -0.6712 ], [ 34.95271, -0.67129 ], [ 34.95273, -0.67131 ], [ 34.95296, -0.67136 ], [ 34.95328, -0.67145 ], [ 34.95342, -0.67145 ], [ 34.95393, -0.67147 ], [ 34.95406, -0.67148 ], [ 34.95436, -0.67148 ], [ 34.95471, -0.67149 ], [ 34.95489, -0.67149 ], [ 34.95494, -0.67149 ], [ 34.95525, -0.67149 ], [ 34.95584, -0.67149 ], [ 34.95652, -0.67158 ], [ 34.95701, -0.67161 ], [ 34.95782, -0.67169 ], [ 34.95836, -0.67171 ], [ 34.95884, -0.6718 ], [ 34.95932, -0.67189 ], [ 34.95935, -0.67189 ], [ 34.95943, -0.67191 ], [ 34.9599, -0.67206 ], [ 34.96047, -0.67228 ], [ 34.96088, -0.67231 ], [ 34.96144, -0.67256 ], [ 34.96186, -0.67283 ], [ 34.96253, -0.67306 ], [ 34.96313, -0.67318 ], [ 34.96351, -0.67326 ], [ 34.96399, -0.67343 ], [ 34.96444, -0.67353 ], [ 34.96504, -0.67376 ], [ 34.96504, -0.67376 ], [ 34.96573, -0.67399 ], [ 34.96604, -0.67414 ], [ 34.96616, -0.67419 ], [ 34.9664, -0.67433 ], [ 34.96665, -0.67447 ], [ 34.96686, -0.67467 ], [ 34.96711, -0.67489 ], [ 34.96716, -0.67493 ], [ 34.96741, -0.67511 ], [ 34.96746, -0.67516 ], [ 34.96764, -0.67534 ], [ 34.96778, -0.67546 ], [ 34.96815, -0.67578 ], [ 34.96817, -0.67579 ], [ 34.96818, -0.6758 ], [ 34.96822, -0.67584 ], [ 34.96867, -0.6763 ], [ 34.96892, -0.67657 ], [ 34.96896, -0.67661 ], [ 34.9691, -0.67676 ], [ 34.96915, -0.67682 ], [ 34.96927, -0.67695 ], [ 34.96938, -0.6771 ], [ 34.96944, -0.67718 ], [ 34.96959, -0.67738 ], [ 34.96977, -0.67763 ], [ 34.96978, -0.67764 ], [ 34.96979, -0.67765 ], [ 34.96983, -0.67775 ], [ 34.96997, -0.67803 ], [ 34.97, -0.67808 ], [ 34.97013, -0.67834 ], [ 34.97016, -0.67839 ], [ 34.97018, -0.67842 ], [ 34.97019, -0.67845 ], [ 34.97025, -0.6786 ], [ 34.97026, -0.67862 ], [ 34.97036, -0.67884 ], [ 34.97046, -0.6788 ], [ 34.97081, -0.67863 ], [ 34.97113, -0.67842 ], [ 34.97169, -0.67839 ], [ 34.97213, -0.67837 ], [ 34.97271, -0.67835 ], [ 34.97322, -0.67832 ], [ 34.97363, -0.67832 ], [ 34.97395, -0.67839 ], [ 34.97418, -0.67844 ], [ 34.97438, -0.67853 ], [ 34.97452, -0.67858 ], [ 34.97479, -0.67853 ], [ 34.97495, -0.67844 ], [ 34.97517, -0.67839 ], [ 34.97534, -0.67839 ], [ 34.97551, -0.67839 ], [ 34.97589, -0.67839 ], [ 34.97626, -0.67838 ], [ 34.97674, -0.67835 ], [ 34.97732, -0.67824 ], [ 34.97769, -0.6781 ], [ 34.97793, -0.67789 ], [ 34.97833, -0.6776 ], [ 34.97876, -0.67737 ], [ 34.97913, -0.67731 ], [ 34.97969, -0.67729 ], [ 34.97996, -0.6773 ], [ 34.98023, -0.67731 ], [ 34.98058, -0.6772 ], [ 34.98102, -0.67698 ], [ 34.98128, -0.67689 ], [ 34.98171, -0.67674 ], [ 34.9824, -0.67665 ], [ 34.98278, -0.67665 ], [ 34.98301, -0.67677 ], [ 34.98323, -0.67678 ], [ 34.98334, -0.67686 ], [ 34.9835, -0.67698 ], [ 34.98382, -0.67716 ], [ 34.98412, -0.67733 ], [ 34.98445, -0.67752 ], [ 34.98482, -0.67769 ], [ 34.98507, -0.67762 ], [ 34.98518, -0.67761 ], [ 34.98546, -0.67758 ], [ 34.98566, -0.67758 ], [ 34.98625, -0.67751 ], [ 34.98628, -0.67751 ], [ 34.98673, -0.6772 ], [ 34.987, -0.67705 ], [ 34.98729, -0.67679 ], [ 34.9876, -0.67662 ], [ 34.98842, -0.67642 ], [ 34.9889, -0.67642 ], [ 34.98933, -0.67641 ], [ 34.98993, -0.67642 ], [ 34.9903, -0.67636 ], [ 34.99056, -0.67628 ], [ 34.99089, -0.67612 ], [ 34.9913, -0.67591 ], [ 34.99191, -0.67583 ], [ 34.99237, -0.67586 ], [ 34.99276, -0.67585 ], [ 34.99308, -0.67585 ], [ 34.99349, -0.67586 ], [ 34.99361, -0.67583 ], [ 34.99388, -0.67594 ], [ 34.99403, -0.67606 ], [ 34.99429, -0.67623 ], [ 34.99447, -0.67636 ], [ 34.99466, -0.67649 ], [ 34.99491, -0.67663 ], [ 34.9951, -0.67666 ], [ 34.99526, -0.67673 ], [ 34.99541, -0.67681 ], [ 34.99546, -0.67682 ], [ 34.99562, -0.67684 ], [ 34.99585, -0.67689 ], [ 34.99637, -0.67695 ], [ 34.9968, -0.67692 ], [ 34.99726, -0.6769 ], [ 34.99753, -0.67688 ], [ 34.99778, -0.67704 ], [ 34.998, -0.67717 ], [ 34.99827, -0.67738 ], [ 34.99884, -0.67749 ], [ 34.99929, -0.67757 ], [ 34.99967, -0.6776 ], [ 35.00005, -0.67779 ], [ 35.00053, -0.67778 ], [ 35.00083, -0.67778 ], [ 35.001, -0.67776 ], [ 35.0012, -0.6777 ], [ 35.00142, -0.67772 ], [ 35.00167, -0.67786 ], [ 35.00191, -0.67799 ], [ 35.00216, -0.67804 ], [ 35.00229, -0.67806 ], [ 35.0027, -0.67804 ], [ 35.00301, -0.67803 ], [ 35.00341, -0.67803 ], [ 35.00353, -0.67803 ], [ 35.00369, -0.67803 ], [ 35.00393, -0.67808 ], [ 35.00412, -0.67808 ], [ 35.00432, -0.67807 ], [ 35.00457, -0.67805 ], [ 35.0047, -0.67805 ], [ 35.00499, -0.67808 ], [ 35.00518, -0.67819 ], [ 35.00538, -0.67829 ], [ 35.00558, -0.67837 ], [ 35.00578, -0.67854 ], [ 35.0058, -0.67854 ], [ 35.00605, -0.6786 ], [ 35.00625, -0.6786 ], [ 35.00653, -0.67849 ], [ 35.00677, -0.67837 ], [ 35.00712, -0.67838 ], [ 35.00733, -0.67838 ], [ 35.00779, -0.6785 ], [ 35.00821, -0.6785 ], [ 35.00856, -0.6785 ], [ 35.00885, -0.6785 ], [ 35.00923, -0.67867 ], [ 35.00953, -0.67881 ], [ 35.00978, -0.6789 ], [ 35.00998, -0.67898 ], [ 35.01025, -0.67902 ], [ 35.01047, -0.67902 ], [ 35.01085, -0.67902 ], [ 35.0111, -0.67904 ], [ 35.01119, -0.6791 ], [ 35.0112, -0.6791 ], [ 35.01134, -0.67918 ], [ 35.01135, -0.67921 ], [ 35.01138, -0.67923 ], [ 35.01163, -0.67936 ], [ 35.01185, -0.6795 ], [ 35.01203, -0.67953 ], [ 35.01215, -0.67955 ], [ 35.01238, -0.67958 ], [ 35.01258, -0.67958 ], [ 35.01273, -0.67947 ], [ 35.01287, -0.67939 ], [ 35.01289, -0.67938 ], [ 35.01314, -0.6794 ], [ 35.01326, -0.67945 ], [ 35.01343, -0.67947 ], [ 35.01362, -0.67947 ], [ 35.01386, -0.6794 ], [ 35.01406, -0.67933 ], [ 35.01426, -0.67922 ], [ 35.01448, -0.67908 ], [ 35.01471, -0.67907 ], [ 35.01503, -0.67898 ], [ 35.0152, -0.67888 ], [ 35.01534, -0.67874 ], [ 35.01556, -0.67851 ], [ 35.01603, -0.67838 ], [ 35.01611, -0.67836 ], [ 35.01668, -0.67811 ], [ 35.01668, -0.67811 ], [ 35.01668, -0.67811 ], [ 35.01676, -0.67808 ], [ 35.01712, -0.67797 ], [ 35.01733, -0.67791 ], [ 35.0178, -0.67771 ], [ 35.01796, -0.67767 ], [ 35.01816, -0.6776 ], [ 35.01826, -0.67755 ], [ 35.01836, -0.67751 ], [ 35.01843, -0.67749 ], [ 35.01844, -0.67748 ], [ 35.01846, -0.67748 ] ] ] } },
{ "type": "Feature", "properties": { "entity_id": 284, "p_entity": 35, "name": "Nyamira North Sub County" }, "geometry": { "type": "Polygon", "coordinates": [ [ [ 35.05284, -0.5013 ], [ 35.05273, -0.50127 ], [ 35.05292, -0.50149 ], [ 35.05304, -0.50164 ], [ 35.05312, -0.50176 ], [ 35.053, -0.50165 ], [ 35.05285, -0.50173 ], [ 35.05271, -0.50181 ], [ 35.05259, -0.50191 ], [ 35.05177, -0.502 ], [ 35.05136, -0.50202 ], [ 35.05104, -0.50202 ], [ 35.05065, -0.50202 ], [ 35.04981, -0.50202 ], [ 35.04885, -0.50199 ], [ 35.04873, -0.50198 ], [ 35.04802, -0.50197 ], [ 35.04787, -0.50197 ], [ 35.04701, -0.50197 ], [ 35.04608, -0.50197 ], [ 35.0452, -0.50193 ], [ 35.0445, -0.50192 ], [ 35.04421, -0.50191 ], [ 35.04342, -0.50191 ], [ 35.04309, -0.50191 ], [ 35.04261, -0.5019 ], [ 35.04179, -0.50188 ], [ 35.04074, -0.5019 ], [ 35.03972, -0.5019 ], [ 35.03896, -0.5019 ], [ 35.03848, -0.50186 ], [ 35.03779, -0.50185 ], [ 35.03695, -0.50191 ], [ 35.03601, -0.50186 ], [ 35.03599, -0.50186 ], [ 35.03583, -0.50186 ], [ 35.03528, -0.50186 ], [ 35.03434, -0.50179 ], [ 35.03407, -0.50176 ], [ 35.03414, -0.50191 ], [ 35.03419, -0.50211 ], [ 35.03419, -0.50229 ], [ 35.03419, -0.50243 ], [ 35.03418, -0.50262 ], [ 35.03417, -0.5027 ], [ 35.03415, -0.50282 ], [ 35.03409, -0.50298 ], [ 35.03392, -0.50309 ], [ 35.03347, -0.50337 ], [ 35.03291, -0.50362 ], [ 35.03306, -0.50388 ], [ 35.03333, -0.50408 ], [ 35.03332, -0.50441 ], [ 35.0333, -0.50478 ], [ 35.03325, -0.50516 ], [ 35.03325, -0.50542 ], [ 35.03325, -0.5058 ], [ 35.03327, -0.50615 ], [ 35.03327, -0.50655 ], [ 35.03327, -0.50695 ], [ 35.03327, -0.50744 ], [ 35.03327, -0.50774 ], [ 35.03328, -0.50822 ], [ 35.03328, -0.50862 ], [ 35.03328, -0.50902 ], [ 35.03332, -0.5095 ], [ 35.03332, -0.5098 ], [ 35.03332, -0.5101 ], [ 35.03334, -0.51079 ], [ 35.03336, -0.51149 ], [ 35.03338, -0.51191 ], [ 35.03338, -0.51224 ], [ 35.03342, -0.51256 ], [ 35.03342, -0.51309 ], [ 35.03342, -0.51359 ], [ 35.03342, -0.51399 ], [ 35.03342, -0.51429 ], [ 35.03342, -0.51488 ], [ 35.03348, -0.51556 ], [ 35.03344, -0.51623 ], [ 35.03346, -0.51661 ], [ 35.03346, -0.51709 ], [ 35.03346, -0.51761 ], [ 35.03346, -0.51823 ], [ 35.03346, -0.51861 ], [ 35.03347, -0.51917 ], [ 35.03352, -0.51943 ], [ 35.03356, -0.52028 ], [ 35.03359, -0.52095 ], [ 35.03352, -0.52184 ], [ 35.0336, -0.5228 ], [ 35.03359, -0.52364 ], [ 35.03363, -0.52387 ], [ 35.03357, -0.52422 ], [ 35.03359, -0.52448 ], [ 35.03361, -0.52491 ], [ 35.03364, -0.52528 ], [ 35.03367, -0.52592 ], [ 35.03366, -0.52618 ], [ 35.03365, -0.52641 ], [ 35.03364, -0.5266 ], [ 35.03363, -0.52689 ], [ 35.03362, -0.52711 ], [ 35.03361, -0.52739 ], [ 35.0336, -0.52759 ], [ 35.03359, -0.52789 ], [ 35.03358, -0.52812 ], [ 35.03356, -0.52841 ], [ 35.03355, -0.52873 ], [ 35.03354, -0.52894 ], [ 35.03352, -0.52926 ], [ 35.03351, -0.52954 ], [ 35.0335, -0.52987 ], [ 35.03348, -0.5301 ], [ 35.03347, -0.53051 ], [ 35.03345, -0.53081 ], [ 35.03345, -0.53096 ], [ 35.03342, -0.53149 ], [ 35.03342, -0.53183 ], [ 35.03339, -0.53221 ], [ 35.03323, -0.53324 ], [ 35.03331, -0.53366 ], [ 35.0334, -0.53415 ], [ 35.03328, -0.53502 ], [ 35.03333, -0.53587 ], [ 35.03336, -0.53642 ], [ 35.03338, -0.53676 ], [ 35.03325, -0.53815 ], [ 35.03331, -0.53833 ], [ 35.03337, -0.53865 ], [ 35.03339, -0.53887 ], [ 35.03339, -0.53902 ], [ 35.0334, -0.53926 ], [ 35.0334, -0.53944 ], [ 35.0334, -0.54004 ], [ 35.0334, -0.54037 ], [ 35.0334, -0.5406 ], [ 35.0334, -0.54125 ], [ 35.0334, -0.54156 ], [ 35.0334, -0.54185 ], [ 35.0334, -0.54226 ], [ 35.0334, -0.54254 ], [ 35.0334, -0.54277 ], [ 35.0334, -0.54303 ], [ 35.0334, -0.54327 ], [ 35.0334, -0.54352 ], [ 35.0334, -0.5437 ], [ 35.0334, -0.54407 ], [ 35.0334, -0.54431 ], [ 35.0334, -0.54451 ], [ 35.0334, -0.5449 ], [ 35.03349, -0.54548 ], [ 35.03346, -0.54593 ], [ 35.03344, -0.54617 ], [ 35.03349, -0.54687 ], [ 35.03351, -0.54726 ], [ 35.03344, -0.54823 ], [ 35.0335, -0.54861 ], [ 35.03354, -0.5491 ], [ 35.03354, -0.54954 ], [ 35.03354, -0.5499 ], [ 35.03352, -0.55029 ], [ 35.03352, -0.55067 ], [ 35.03352, -0.55115 ], [ 35.0335, -0.55146 ], [ 35.0335, -0.55196 ], [ 35.0335, -0.5525 ], [ 35.0335, -0.55294 ], [ 35.03348, -0.55342 ], [ 35.03348, -0.55379 ], [ 35.03348, -0.55438 ], [ 35.03345, -0.55483 ], [ 35.03345, -0.55531 ], [ 35.03345, -0.55559 ], [ 35.03345, -0.55579 ], [ 35.03345, -0.5564 ], [ 35.03345, -0.557 ], [ 35.03341, -0.55753 ], [ 35.03338, -0.55805 ], [ 35.03337, -0.55853 ], [ 35.03337, -0.55908 ], [ 35.03337, -0.56003 ], [ 35.03334, -0.56091 ], [ 35.03332, -0.56191 ], [ 35.03325, -0.56279 ], [ 35.03328, -0.56279 ], [ 35.03328, -0.56303 ], [ 35.03328, -0.56373 ], [ 35.03328, -0.56435 ], [ 35.03323, -0.56477 ], [ 35.03321, -0.56544 ], [ 35.03321, -0.5664 ], [ 35.03323, -0.56739 ], [ 35.03323, -0.56835 ], [ 35.03326, -0.56929 ], [ 35.03325, -0.57024 ], [ 35.03325, -0.57114 ], [ 35.03322, -0.57178 ], [ 35.03323, -0.57208 ], [ 35.03325, -0.57279 ], [ 35.03326, -0.57325 ], [ 35.03326, -0.57325 ], [ 35.03328, -0.57399 ], [ 35.03326, -0.57498 ], [ 35.03326, -0.57588 ], [ 35.03328, -0.57673 ], [ 35.03329, -0.57763 ], [ 35.03329, -0.57833 ], [ 35.03328, -0.57889 ], [ 35.03328, -0.57964 ], [ 35.03325, -0.58033 ], [ 35.03325, -0.58094 ], [ 35.03329, -0.58169 ], [ 35.03329, -0.58265 ], [ 35.03325, -0.58364 ], [ 35.03329, -0.58461 ], [ 35.03327, -0.58577 ], [ 35.03323, -0.58691 ], [ 35.03325, -0.58786 ], [ 35.03316, -0.58891 ], [ 35.0332, -0.58992 ], [ 35.0332, -0.5906 ], [ 35.03316, -0.59115 ], [ 35.03316, -0.59117 ], [ 35.03325, -0.59174 ], [ 35.03325, -0.59273 ], [ 35.03322, -0.59305 ], [ 35.03321, -0.59348 ], [ 35.03321, -0.59349 ], [ 35.03319, -0.59404 ], [ 35.03316, -0.59456 ], [ 35.03316, -0.59491 ], [ 35.03316, -0.59538 ], [ 35.03316, -0.59579 ], [ 35.03313, -0.59642 ], [ 35.03313, -0.59685 ], [ 35.03316, -0.59756 ], [ 35.03316, -0.59776 ], [ 35.0332, -0.59802 ], [ 35.03293, -0.59794 ], [ 35.03253, -0.59782 ], [ 35.03208, -0.59769 ], [ 35.03165, -0.59769 ], [ 35.03129, -0.59769 ], [ 35.03102, -0.59776 ], [ 35.03061, -0.59778 ], [ 35.03029, -0.59778 ], [ 35.03006, -0.59757 ], [ 35.02974, -0.59716 ], [ 35.02947, -0.59708 ], [ 35.02909, -0.59706 ], [ 35.02868, -0.59698 ], [ 35.02819, -0.59698 ], [ 35.02791, -0.59698 ], [ 35.02768, -0.59698 ], [ 35.0274, -0.59696 ], [ 35.02711, -0.59676 ], [ 35.02705, -0.59659 ], [ 35.02701, -0.59637 ], [ 35.02687, -0.59615 ], [ 35.02664, -0.59596 ], [ 35.02642, -0.59596 ], [ 35.02632, -0.59596 ], [ 35.02575, -0.59598 ], [ 35.02526, -0.59598 ], [ 35.02494, -0.59604 ], [ 35.02455, -0.59604 ], [ 35.02408, -0.596 ], [ 35.0238, -0.59586 ], [ 35.02351, -0.59576 ], [ 35.02338, -0.59567 ], [ 35.02316, -0.59552 ], [ 35.0229, -0.59558 ], [ 35.02268, -0.59558 ], [ 35.02262, -0.59539 ], [ 35.02262, -0.59503 ], [ 35.02261, -0.59472 ], [ 35.02251, -0.59454 ], [ 35.02239, -0.59452 ], [ 35.02207, -0.59452 ], [ 35.02207, -0.59452 ], [ 35.02204, -0.59452 ], [ 35.02199, -0.59455 ], [ 35.02196, -0.59451 ], [ 35.02158, -0.59438 ], [ 35.02133, -0.59414 ], [ 35.02105, -0.59381 ], [ 35.02075, -0.59361 ], [ 35.02047, -0.59366 ], [ 35.0202, -0.59366 ], [ 35.02005, -0.59366 ], [ 35.01988, -0.59374 ], [ 35.01972, -0.59374 ], [ 35.01953, -0.59374 ], [ 35.01923, -0.59369 ], [ 35.01908, -0.5934 ], [ 35.0189, -0.59316 ], [ 35.01859, -0.59296 ], [ 35.01814, -0.59291 ], [ 35.01779, -0.59291 ], [ 35.01752, -0.59295 ], [ 35.01729, -0.59296 ], [ 35.01705, -0.59311 ], [ 35.01677, -0.59311 ], [ 35.01655, -0.59306 ], [ 35.01655, -0.59293 ], [ 35.0165, -0.5928 ], [ 35.01649, -0.5928 ], [ 35.01645, -0.59266 ], [ 35.01621, -0.59251 ], [ 35.01584, -0.59237 ], [ 35.01547, -0.5923 ], [ 35.01517, -0.59218 ], [ 35.01492, -0.59218 ], [ 35.01485, -0.59221 ], [ 35.01485, -0.59221 ], [ 35.01464, -0.5923 ], [ 35.01441, -0.5923 ], [ 35.0141, -0.5923 ], [ 35.01391, -0.59221 ], [ 35.01371, -0.59202 ], [ 35.01344, -0.59182 ], [ 35.01316, -0.59187 ], [ 35.01298, -0.59199 ], [ 35.01282, -0.59202 ], [ 35.01262, -0.59205 ], [ 35.01242, -0.59205 ], [ 35.01234, -0.59205 ], [ 35.01211, -0.59205 ], [ 35.01184, -0.59187 ], [ 35.01167, -0.59167 ], [ 35.01139, -0.59146 ], [ 35.0112, -0.59146 ], [ 35.01089, -0.59153 ], [ 35.01069, -0.59154 ], [ 35.01028, -0.59154 ], [ 35.0099, -0.59154 ], [ 35.00958, -0.59154 ], [ 35.00935, -0.59162 ], [ 35.00923, -0.59166 ], [ 35.00899, -0.59174 ], [ 35.00862, -0.59174 ], [ 35.00843, -0.59157 ], [ 35.00826, -0.59125 ], [ 35.00806, -0.59103 ], [ 35.00767, -0.59081 ], [ 35.00737, -0.59065 ], [ 35.00719, -0.59044 ], [ 35.00716, -0.59028 ], [ 35.00716, -0.59005 ], [ 35.00712, -0.59004 ], [ 35.00711, -0.59004 ], [ 35.00711, -0.59004 ], [ 35.00709, -0.59002 ], [ 35.00696, -0.5898 ], [ 35.00688, -0.58961 ], [ 35.00673, -0.5894 ], [ 35.00669, -0.58916 ], [ 35.00649, -0.58891 ], [ 35.00624, -0.58882 ], [ 35.00605, -0.58871 ], [ 35.00592, -0.58861 ], [ 35.00587, -0.58833 ], [ 35.00585, -0.58809 ], [ 35.00573, -0.58777 ], [ 35.00564, -0.58763 ], [ 35.00553, -0.58756 ], [ 35.00532, -0.58745 ], [ 35.00502, -0.58728 ], [ 35.00485, -0.58703 ], [ 35.00481, -0.58669 ], [ 35.00481, -0.58621 ], [ 35.00485, -0.58596 ], [ 35.00483, -0.58574 ], [ 35.00461, -0.58553 ], [ 35.0043, -0.58545 ], [ 35.00402, -0.58521 ], [ 35.004, -0.58491 ], [ 35.00402, -0.58453 ], [ 35.004, -0.58427 ], [ 35.004, -0.58397 ], [ 35.004, -0.58363 ], [ 35.004, -0.58333 ], [ 35.00385, -0.58307 ], [ 35.00348, -0.58271 ], [ 35.0031, -0.58252 ], [ 35.00276, -0.58252 ], [ 35.0025, -0.58252 ], [ 35.00212, -0.58248 ], [ 35.0021, -0.58246 ], [ 35.002, -0.5825 ], [ 35.00167, -0.58251 ], [ 35.00141, -0.58251 ], [ 35.00115, -0.5825 ], [ 35.00084, -0.58248 ], [ 35.00069, -0.58261 ], [ 35.0006, -0.58276 ], [ 35.00048, -0.58282 ], [ 35.0004, -0.58309 ], [ 35.00036, -0.58318 ], [ 35.00021, -0.58327 ], [ 35.00004, -0.58337 ], [ 34.99985, -0.5834 ], [ 34.99974, -0.58327 ], [ 34.99953, -0.58316 ], [ 34.99938, -0.58316 ], [ 34.99923, -0.58318 ], [ 34.999, -0.58327 ], [ 34.99878, -0.58335 ], [ 34.99857, -0.58337 ], [ 34.99836, -0.58314 ], [ 34.9981, -0.58288 ], [ 34.99789, -0.58275 ], [ 34.99765, -0.58258 ], [ 34.99744, -0.58248 ], [ 34.99725, -0.58241 ], [ 34.99699, -0.58235 ], [ 34.99652, -0.58231 ], [ 34.99618, -0.58231 ], [ 34.99611, -0.58241 ], [ 34.99599, -0.58256 ], [ 34.99584, -0.58267 ], [ 34.99566, -0.58269 ], [ 34.99551, -0.58273 ], [ 34.9953, -0.58273 ], [ 34.99494, -0.58258 ], [ 34.99447, -0.58245 ], [ 34.99419, -0.58246 ], [ 34.994, -0.58246 ], [ 34.99361, -0.58246 ], [ 34.99361, -0.58246 ], [ 34.99359, -0.58248 ], [ 34.99357, -0.58249 ], [ 34.99344, -0.58253 ], [ 34.99322, -0.58263 ], [ 34.99301, -0.5827 ], [ 34.99285, -0.58275 ], [ 34.99268, -0.58272 ], [ 34.99254, -0.58262 ], [ 34.99237, -0.58243 ], [ 34.99222, -0.58236 ], [ 34.992, -0.58236 ], [ 34.99188, -0.5824 ], [ 34.99187, -0.5824 ], [ 34.9918, -0.58241 ], [ 34.99168, -0.58252 ], [ 34.99158, -0.58263 ], [ 34.99148, -0.58279 ], [ 34.99131, -0.58287 ], [ 34.99111, -0.58289 ], [ 34.99094, -0.58289 ], [ 34.99084, -0.58292 ], [ 34.99073, -0.58297 ], [ 34.99051, -0.58296 ], [ 34.99026, -0.58292 ], [ 34.98991, -0.5829 ], [ 34.98972, -0.5829 ], [ 34.98962, -0.58294 ], [ 34.98948, -0.58296 ], [ 34.98923, -0.58292 ], [ 34.98908, -0.58282 ], [ 34.98877, -0.58272 ], [ 34.98861, -0.58258 ], [ 34.98827, -0.58245 ], [ 34.98795, -0.58226 ], [ 34.98792, -0.58226 ], [ 34.98789, -0.58208 ], [ 34.98783, -0.58179 ], [ 34.98768, -0.58151 ], [ 34.98755, -0.58127 ], [ 34.98745, -0.58105 ], [ 34.98732, -0.58084 ], [ 34.98723, -0.58056 ], [ 34.98718, -0.58028 ], [ 34.98702, -0.58002 ], [ 34.98686, -0.57982 ], [ 34.98672, -0.57959 ], [ 34.98655, -0.57936 ], [ 34.98631, -0.57912 ], [ 34.98611, -0.5789 ], [ 34.98599, -0.57858 ], [ 34.9858, -0.57841 ], [ 34.9858, -0.57826 ], [ 34.98582, -0.57803 ], [ 34.98589, -0.57789 ], [ 34.98589, -0.57767 ], [ 34.98577, -0.57749 ], [ 34.98556, -0.57737 ], [ 34.9855, -0.57736 ], [ 34.98552, -0.57735 ], [ 34.98552, -0.57735 ], [ 34.98572, -0.57721 ], [ 34.98602, -0.577 ], [ 34.98632, -0.57681 ], [ 34.98653, -0.57663 ], [ 34.98669, -0.57628 ], [ 34.9869, -0.576 ], [ 34.98711, -0.5757 ], [ 34.98725, -0.57534 ], [ 34.98739, -0.57483 ], [ 34.98755, -0.57444 ], [ 34.98779, -0.57409 ], [ 34.9877, -0.57393 ], [ 34.98769, -0.57391 ], [ 34.98752, -0.57363 ], [ 34.98718, -0.57336 ], [ 34.98683, -0.57301 ], [ 34.98678, -0.57275 ], [ 34.98659, -0.57241 ], [ 34.98646, -0.57212 ], [ 34.98629, -0.57179 ], [ 34.98607, -0.57145 ], [ 34.98588, -0.57111 ], [ 34.98561, -0.5708 ], [ 34.98537, -0.57055 ], [ 34.98514, -0.57035 ], [ 34.98483, -0.57016 ], [ 34.98437, -0.56996 ], [ 34.98395, -0.56975 ], [ 34.98354, -0.56953 ], [ 34.98327, -0.56948 ], [ 34.98298, -0.5694 ], [ 34.98286, -0.56935 ], [ 34.98284, -0.56934 ], [ 34.98244, -0.5692 ], [ 34.98195, -0.56908 ], [ 34.98198, -0.56867 ], [ 34.98219, -0.56793 ], [ 34.98233, -0.56716 ], [ 34.98235, -0.56665 ], [ 34.98235, -0.566 ], [ 34.98233, -0.56565 ], [ 34.98233, -0.56534 ], [ 34.98223, -0.56512 ], [ 34.98201, -0.56486 ], [ 34.98119, -0.56471 ], [ 34.98045, -0.56459 ], [ 34.97978, -0.56453 ], [ 34.97894, -0.56432 ], [ 34.97805, -0.56349 ], [ 34.9776, -0.56296 ], [ 34.97725, -0.56281 ], [ 34.97631, -0.56178 ], [ 34.97607, -0.56125 ], [ 34.97593, -0.56098 ], [ 34.97576, -0.56057 ], [ 34.97557, -0.56014 ], [ 34.97538, -0.55978 ], [ 34.97529, -0.55954 ], [ 34.97512, -0.55919 ], [ 34.97501, -0.55904 ], [ 34.97485, -0.55882 ], [ 34.97459, -0.55844 ], [ 34.97435, -0.5581 ], [ 34.97411, -0.55779 ], [ 34.9741, -0.55779 ], [ 34.97387, -0.55793 ], [ 34.97347, -0.55823 ], [ 34.97319, -0.5584 ], [ 34.97295, -0.55841 ], [ 34.97278, -0.55835 ], [ 34.97261, -0.55829 ], [ 34.97234, -0.55819 ], [ 34.97198, -0.55786 ], [ 34.97161, -0.55764 ], [ 34.97124, -0.55735 ], [ 34.97099, -0.55715 ], [ 34.9706, -0.55659 ], [ 34.97022, -0.55575 ], [ 34.97002, -0.55528 ], [ 34.96941, -0.55455 ], [ 34.96909, -0.55423 ], [ 34.96857, -0.55354 ], [ 34.96831, -0.55282 ], [ 34.96831, -0.55244 ], [ 34.96833, -0.55196 ], [ 34.96877, -0.55121 ], [ 34.96907, -0.55094 ], [ 34.96953, -0.55042 ], [ 34.9702, -0.54953 ], [ 34.97073, -0.54837 ], [ 34.97073, -0.54801 ], [ 34.9705, -0.54731 ], [ 34.97009, -0.54654 ], [ 34.97005, -0.54653 ], [ 34.9697, -0.54595 ], [ 34.96886, -0.54429 ], [ 34.96864, -0.54368 ], [ 34.96863, -0.54369 ], [ 34.96808, -0.54284 ], [ 34.96759, -0.54183 ], [ 34.96719, -0.54112 ], [ 34.96636, -0.54049 ], [ 34.96555, -0.53945 ], [ 34.96453, -0.53815 ], [ 34.96369, -0.53723 ], [ 34.96241, -0.53574 ], [ 34.96178, -0.53496 ], [ 34.96175, -0.53493 ], [ 34.96168, -0.53528 ], [ 34.96151, -0.5359 ], [ 34.96146, -0.53626 ], [ 34.96146, -0.53662 ], [ 34.96146, -0.537 ], [ 34.96141, -0.5375 ], [ 34.96141, -0.538 ], [ 34.96134, -0.53841 ], [ 34.96132, -0.53874 ], [ 34.96132, -0.53919 ], [ 34.9612, -0.53972 ], [ 34.9612, -0.54012 ], [ 34.96134, -0.54048 ], [ 34.9617, -0.54106 ], [ 34.96187, -0.54146 ], [ 34.96213, -0.54168 ], [ 34.96249, -0.54201 ], [ 34.96275, -0.54215 ], [ 34.96313, -0.54215 ], [ 34.96337, -0.5423 ], [ 34.96361, -0.54242 ], [ 34.96397, -0.54263 ], [ 34.9643, -0.54313 ], [ 34.9644, -0.54344 ], [ 34.96452, -0.54363 ], [ 34.96471, -0.54378 ], [ 34.96488, -0.54373 ], [ 34.96479, -0.54388 ], [ 34.96467, -0.54408 ], [ 34.96458, -0.54422 ], [ 34.9645, -0.5444 ], [ 34.9644, -0.5445 ], [ 34.96429, -0.54464 ], [ 34.96426, -0.54468 ], [ 34.96411, -0.54483 ], [ 34.96395, -0.545 ], [ 34.96377, -0.54524 ], [ 34.96369, -0.54544 ], [ 34.96358, -0.54567 ], [ 34.96348, -0.54584 ], [ 34.9634, -0.54606 ], [ 34.96332, -0.54633 ], [ 34.96323, -0.5466 ], [ 34.96316, -0.54679 ], [ 34.96299, -0.54692 ], [ 34.96278, -0.54702 ], [ 34.96258, -0.54709 ], [ 34.96242, -0.54712 ], [ 34.96221, -0.54714 ], [ 34.96197, -0.54718 ], [ 34.96176, -0.54721 ], [ 34.96157, -0.54732 ], [ 34.96143, -0.54738 ], [ 34.96129, -0.54754 ], [ 34.96125, -0.54772 ], [ 34.96123, -0.5479 ], [ 34.96118, -0.5481 ], [ 34.9612, -0.54834 ], [ 34.96118, -0.54858 ], [ 34.9611, -0.54889 ], [ 34.96097, -0.54916 ], [ 34.96082, -0.54944 ], [ 34.96064, -0.54953 ], [ 34.96042, -0.54963 ], [ 34.96017, -0.54969 ], [ 34.95988, -0.54971 ], [ 34.9597, -0.54971 ], [ 34.95946, -0.54972 ], [ 34.9593, -0.54983 ], [ 34.95918, -0.55004 ], [ 34.95905, -0.55023 ], [ 34.95903, -0.55026 ], [ 34.95898, -0.55039 ], [ 34.95889, -0.55056 ], [ 34.9588, -0.55077 ], [ 34.95871, -0.55098 ], [ 34.95862, -0.55115 ], [ 34.95843, -0.55137 ], [ 34.95818, -0.55143 ], [ 34.95787, -0.55148 ], [ 34.95766, -0.55148 ], [ 34.95744, -0.55148 ], [ 34.95727, -0.55154 ], [ 34.95712, -0.55167 ], [ 34.95712, -0.55182 ], [ 34.95698, -0.55206 ], [ 34.95697, -0.55214 ], [ 34.95695, -0.55226 ], [ 34.95678, -0.55229 ], [ 34.95662, -0.5523 ], [ 34.95648, -0.5523 ], [ 34.95634, -0.55227 ], [ 34.95615, -0.55211 ], [ 34.95592, -0.55198 ], [ 34.95576, -0.55189 ], [ 34.9557, -0.55172 ], [ 34.9556, -0.55143 ], [ 34.95555, -0.55125 ], [ 34.95545, -0.55108 ], [ 34.9553, -0.55095 ], [ 34.9551, -0.55088 ], [ 34.95495, -0.55088 ], [ 34.95475, -0.55088 ], [ 34.95447, -0.55088 ], [ 34.95423, -0.55088 ], [ 34.95395, -0.55092 ], [ 34.95372, -0.55092 ], [ 34.95351, -0.55089 ], [ 34.95337, -0.55082 ], [ 34.95335, -0.5507 ], [ 34.95328, -0.55045 ], [ 34.9533, -0.55022 ], [ 34.9533, -0.54995 ], [ 34.95325, -0.54977 ], [ 34.95299, -0.54974 ], [ 34.95258, -0.54962 ], [ 34.95242, -0.54955 ], [ 34.9521, -0.5494 ], [ 34.95181, -0.54934 ], [ 34.95158, -0.54915 ], [ 34.95144, -0.54912 ], [ 34.95119, -0.54911 ], [ 34.95099, -0.5491 ], [ 34.95078, -0.5491 ], [ 34.95046, -0.54909 ], [ 34.95033, -0.54908 ], [ 34.95018, -0.549 ], [ 34.9499, -0.54891 ], [ 34.94974, -0.54878 ], [ 34.94941, -0.54866 ], [ 34.94921, -0.54859 ], [ 34.94897, -0.54857 ], [ 34.94877, -0.54857 ], [ 34.94859, -0.54865 ], [ 34.94857, -0.54866 ], [ 34.94844, -0.54883 ], [ 34.94838, -0.54895 ], [ 34.94823, -0.54907 ], [ 34.94815, -0.54914 ], [ 34.94799, -0.54924 ], [ 34.94775, -0.54928 ], [ 34.94749, -0.54928 ], [ 34.94727, -0.54937 ], [ 34.94686, -0.54952 ], [ 34.94664, -0.54965 ], [ 34.94638, -0.54983 ], [ 34.94621, -0.54999 ], [ 34.94598, -0.55013 ], [ 34.94585, -0.55024 ], [ 34.94573, -0.55045 ], [ 34.94551, -0.55062 ], [ 34.94533, -0.55069 ], [ 34.94511, -0.55088 ], [ 34.94496, -0.55099 ], [ 34.94479, -0.5511 ], [ 34.94459, -0.55128 ], [ 34.94438, -0.55142 ], [ 34.94415, -0.55145 ], [ 34.94392, -0.55165 ], [ 34.94365, -0.55184 ], [ 34.94355, -0.55206 ], [ 34.94347, -0.55217 ], [ 34.94346, -0.55218 ], [ 34.94339, -0.55228 ], [ 34.94322, -0.55239 ], [ 34.94299, -0.55254 ], [ 34.94286, -0.55271 ], [ 34.94283, -0.55238 ], [ 34.94274, -0.55203 ], [ 34.94272, -0.55169 ], [ 34.94261, -0.55134 ], [ 34.94251, -0.55111 ], [ 34.94231, -0.55087 ], [ 34.94216, -0.55068 ], [ 34.9421, -0.55043 ], [ 34.9421, -0.55014 ], [ 34.94208, -0.54988 ], [ 34.94205, -0.54969 ], [ 34.94191, -0.54938 ], [ 34.94186, -0.549 ], [ 34.94181, -0.54864 ], [ 34.94176, -0.54829 ], [ 34.94176, -0.54796 ], [ 34.9417, -0.54767 ], [ 34.94164, -0.54741 ], [ 34.94164, -0.54696 ], [ 34.94164, -0.54649 ], [ 34.94159, -0.54615 ], [ 34.94151, -0.54569 ], [ 34.94149, -0.54527 ], [ 34.94149, -0.54477 ], [ 34.94147, -0.54444 ], [ 34.94132, -0.54419 ], [ 34.94129, -0.54401 ], [ 34.94095, -0.54416 ], [ 34.94062, -0.54416 ], [ 34.94039, -0.54416 ], [ 34.94014, -0.54416 ], [ 34.93996, -0.54416 ], [ 34.93975, -0.54418 ], [ 34.93961, -0.54426 ], [ 34.93947, -0.54431 ], [ 34.93923, -0.54431 ], [ 34.93908, -0.54431 ], [ 34.93901, -0.54437 ], [ 34.93877, -0.54441 ], [ 34.93862, -0.54439 ], [ 34.93824, -0.54431 ], [ 34.93808, -0.54422 ], [ 34.93785, -0.54414 ], [ 34.93768, -0.54407 ], [ 34.93766, -0.54403 ], [ 34.93764, -0.54398 ], [ 34.93745, -0.54381 ], [ 34.93729, -0.54367 ], [ 34.93691, -0.54356 ], [ 34.93643, -0.54344 ], [ 34.93604, -0.54342 ], [ 34.93566, -0.54342 ], [ 34.93531, -0.54341 ], [ 34.935, -0.54341 ], [ 34.93474, -0.54341 ], [ 34.93443, -0.5434 ], [ 34.93415, -0.5434 ], [ 34.9339, -0.54339 ], [ 34.93355, -0.54338 ], [ 34.93328, -0.54338 ], [ 34.9331, -0.54337 ], [ 34.93291, -0.54337 ], [ 34.93267, -0.54337 ], [ 34.93242, -0.54337 ], [ 34.93217, -0.54332 ], [ 34.93197, -0.54331 ], [ 34.93171, -0.54326 ], [ 34.93132, -0.54321 ], [ 34.93103, -0.54313 ], [ 34.93105, -0.54298 ], [ 34.93092, -0.54274 ], [ 34.93087, -0.54253 ], [ 34.93087, -0.54234 ], [ 34.93093, -0.54219 ], [ 34.93103, -0.54202 ], [ 34.93103, -0.54198 ], [ 34.93105, -0.54186 ], [ 34.93105, -0.5418 ], [ 34.93098, -0.54141 ], [ 34.9309, -0.54113 ], [ 34.93074, -0.54054 ], [ 34.93071, -0.54017 ], [ 34.93061, -0.53963 ], [ 34.93057, -0.53909 ], [ 34.93056, -0.53875 ], [ 34.93055, -0.53849 ], [ 34.93052, -0.53819 ], [ 34.93045, -0.53786 ], [ 34.93039, -0.53769 ], [ 34.93029, -0.53735 ], [ 34.93011, -0.53686 ], [ 34.92993, -0.53631 ], [ 34.92972, -0.53576 ], [ 34.92963, -0.53538 ], [ 34.92942, -0.535 ], [ 34.92927, -0.5345 ], [ 34.92916, -0.53405 ], [ 34.92908, -0.53376 ], [ 34.92897, -0.53349 ], [ 34.92899, -0.53346 ], [ 34.92891, -0.53318 ], [ 34.92877, -0.5328 ], [ 34.92877, -0.53256 ], [ 34.92877, -0.53219 ], [ 34.92877, -0.5318 ], [ 34.92877, -0.53136 ], [ 34.92877, -0.53074 ], [ 34.92878, -0.53019 ], [ 34.92881, -0.52966 ], [ 34.92881, -0.52924 ], [ 34.92883, -0.52875 ], [ 34.92883, -0.52819 ], [ 34.92888, -0.52779 ], [ 34.92891, -0.52734 ], [ 34.92894, -0.52716 ], [ 34.92891, -0.52687 ], [ 34.92891, -0.52686 ], [ 34.929, -0.52677 ], [ 34.92922, -0.52655 ], [ 34.9294, -0.52635 ], [ 34.92953, -0.526 ], [ 34.92961, -0.52562 ], [ 34.92972, -0.52509 ], [ 34.92983, -0.52441 ], [ 34.92992, -0.52374 ], [ 34.92999, -0.52301 ], [ 34.93006, -0.52238 ], [ 34.93008, -0.52196 ], [ 34.9303, -0.52166 ], [ 34.9303, -0.52132 ], [ 34.93036, -0.52058 ], [ 34.93045, -0.51994 ], [ 34.93053, -0.51932 ], [ 34.93056, -0.51873 ], [ 34.93065, -0.51811 ], [ 34.93076, -0.51757 ], [ 34.93087, -0.51705 ], [ 34.93098, -0.5166 ], [ 34.93106, -0.51636 ], [ 34.93114, -0.51612 ], [ 34.93129, -0.5158 ], [ 34.9314, -0.51554 ], [ 34.93137, -0.51522 ], [ 34.93129, -0.51499 ], [ 34.93126, -0.51474 ], [ 34.93127, -0.5145 ], [ 34.93127, -0.51424 ], [ 34.93142, -0.51399 ], [ 34.93148, -0.5138 ], [ 34.93164, -0.51355 ], [ 34.93173, -0.5133 ], [ 34.93178, -0.51305 ], [ 34.9317, -0.51278 ], [ 34.93168, -0.51262 ], [ 34.93168, -0.51261 ], [ 34.93171, -0.51239 ], [ 34.93181, -0.51213 ], [ 34.93188, -0.51193 ], [ 34.93199, -0.51172 ], [ 34.93215, -0.51142 ], [ 34.93228, -0.5112 ], [ 34.93238, -0.51099 ], [ 34.9324, -0.51077 ], [ 34.93236, -0.51056 ], [ 34.93223, -0.51034 ], [ 34.93217, -0.51009 ], [ 34.93217, -0.50986 ], [ 34.93223, -0.5097 ], [ 34.93223, -0.50954 ], [ 34.93235, -0.50945 ], [ 34.93252, -0.50909 ], [ 34.93269, -0.50885 ], [ 34.93285, -0.50848 ], [ 34.93312, -0.508 ], [ 34.93322, -0.50768 ], [ 34.93322, -0.50733 ], [ 34.9331, -0.50707 ], [ 34.933, -0.50683 ], [ 34.93291, -0.5065 ], [ 34.93291, -0.5063 ], [ 34.93291, -0.50598 ], [ 34.933, -0.50576 ], [ 34.93313, -0.5055 ], [ 34.93328, -0.50532 ], [ 34.93312, -0.50523 ], [ 34.93337, -0.50482 ], [ 34.93339, -0.5047 ], [ 34.93351, -0.50413 ], [ 34.93358, -0.50364 ], [ 34.93375, -0.5029 ], [ 34.93392, -0.50213 ], [ 34.93413, -0.50087 ], [ 34.93441, -0.49945 ], [ 34.93462, -0.49811 ], [ 34.93493, -0.49688 ], [ 34.93495, -0.49615 ], [ 34.93501, -0.49589 ], [ 34.93508, -0.49515 ], [ 34.93517, -0.49448 ], [ 34.93508, -0.49376 ], [ 34.93521, -0.49292 ], [ 34.93525, -0.4927 ], [ 34.93525, -0.49269 ], [ 34.9354, -0.49196 ], [ 34.93553, -0.49119 ], [ 34.93568, -0.49046 ], [ 34.936, -0.48926 ], [ 34.93624, -0.48834 ], [ 34.93664, -0.48693 ], [ 34.93664, -0.48693 ], [ 34.93685, -0.48592 ], [ 34.9369, -0.4846 ], [ 34.9369, -0.48324 ], [ 34.93723, -0.4815 ], [ 34.93728, -0.47989 ], [ 34.93753, -0.47773 ], [ 34.9374, -0.47607 ], [ 34.93668, -0.47557 ], [ 34.93592, -0.47523 ], [ 34.93503, -0.47493 ], [ 34.93388, -0.47391 ], [ 34.9324, -0.47289 ], [ 34.93104, -0.47175 ], [ 34.92989, -0.47137 ], [ 34.9299, -0.47136 ], [ 34.92989, -0.47132 ], [ 34.9303, -0.47111 ], [ 34.93043, -0.47086 ], [ 34.93068, -0.47077 ], [ 34.93142, -0.47048 ], [ 34.93212, -0.4702 ], [ 34.93433, -0.46912 ], [ 34.93743, -0.46757 ], [ 34.9375, -0.46753 ], [ 34.93921, -0.46657 ], [ 34.93963, -0.46636 ], [ 34.94009, -0.46626 ], [ 34.94021, -0.46623 ], [ 34.94035, -0.4661 ], [ 34.94072, -0.46582 ], [ 34.94087, -0.46574 ], [ 34.94088, -0.46574 ], [ 34.94088, -0.46574 ], [ 34.94088, -0.46568 ], [ 34.94092, -0.4657 ], [ 34.94271, -0.4643 ], [ 34.94294, -0.46432 ], [ 34.94362, -0.46375 ], [ 34.94403, -0.4634 ], [ 34.94429, -0.46319 ], [ 34.94502, -0.46261 ], [ 34.9459, -0.46192 ], [ 34.94722, -0.4607 ], [ 34.94879, -0.45936 ], [ 34.94969, -0.45858 ], [ 34.95028, -0.45807 ], [ 34.95197, -0.45675 ], [ 34.95339, -0.45546 ], [ 34.95383, -0.45502 ], [ 34.95435, -0.45468 ], [ 34.95444, -0.45458 ], [ 34.95484, -0.45415 ], [ 34.95491, -0.45408 ], [ 34.95536, -0.45375 ], [ 34.95593, -0.45335 ], [ 34.95635, -0.45301 ], [ 34.95672, -0.45269 ], [ 34.95706, -0.45242 ], [ 34.95716, -0.45234 ], [ 34.95741, -0.4521 ], [ 34.95781, -0.45182 ], [ 34.95799, -0.45164 ], [ 34.95821, -0.4515 ], [ 34.95822, -0.45149 ], [ 34.95848, -0.45129 ], [ 34.9585, -0.45126 ], [ 34.95855, -0.45122 ], [ 34.95872, -0.45104 ], [ 34.95907, -0.45076 ], [ 34.95928, -0.45058 ], [ 34.95948, -0.45038 ], [ 34.95972, -0.45015 ], [ 34.96, -0.44988 ], [ 34.96024, -0.44972 ], [ 34.96051, -0.44941 ], [ 34.9608, -0.4492 ], [ 34.96115, -0.44892 ], [ 34.96138, -0.44867 ], [ 34.96156, -0.44856 ], [ 34.96179, -0.44836 ], [ 34.96197, -0.44825 ], [ 34.96211, -0.4481 ], [ 34.96212, -0.4481 ], [ 34.96272, -0.44748 ], [ 34.96273, -0.44747 ], [ 34.96286, -0.44736 ], [ 34.96301, -0.44721 ], [ 34.96334, -0.44693 ], [ 34.96363, -0.44662 ], [ 34.96395, -0.44639 ], [ 34.9641, -0.44627 ], [ 34.96418, -0.4462 ], [ 34.96451, -0.4459 ], [ 34.96476, -0.44571 ], [ 34.96496, -0.44552 ], [ 34.96521, -0.44523 ], [ 34.96543, -0.44504 ], [ 34.96558, -0.44492 ], [ 34.96583, -0.44466 ], [ 34.96603, -0.44451 ], [ 34.96631, -0.44428 ], [ 34.96654, -0.44405 ], [ 34.96686, -0.44375 ], [ 34.96702, -0.44365 ], [ 34.96716, -0.44352 ], [ 34.96748, -0.44333 ], [ 34.96758, -0.44325 ], [ 34.96775, -0.44317 ], [ 34.96798, -0.44307 ], [ 34.96832, -0.44292 ], [ 34.96847, -0.44285 ], [ 34.96887, -0.4427 ], [ 34.96896, -0.44266 ], [ 34.96904, -0.44262 ], [ 34.96911, -0.44259 ], [ 34.96935, -0.44247 ], [ 34.96952, -0.44242 ], [ 34.97081, -0.44185 ], [ 34.97249, -0.44119 ], [ 34.97257, -0.44116 ], [ 34.97332, -0.44085 ], [ 34.97333, -0.44085 ], [ 34.97334, -0.44084 ], [ 34.97356, -0.44075 ], [ 34.97387, -0.44062 ], [ 34.97409, -0.4405 ], [ 34.97449, -0.44032 ], [ 34.97479, -0.44019 ], [ 34.97507, -0.44011 ], [ 34.9755, -0.4399 ], [ 34.97595, -0.43976 ], [ 34.97642, -0.43953 ], [ 34.97681, -0.43939 ], [ 34.97692, -0.43934 ], [ 34.97698, -0.43932 ], [ 34.97702, -0.4393 ], [ 34.97702, -0.4393 ], [ 34.98012, -0.43805 ], [ 34.98212, -0.43715 ], [ 34.98383, -0.43649 ], [ 34.98443, -0.43623 ], [ 34.98551, -0.43576 ], [ 34.98555, -0.43575 ], [ 34.98564, -0.43571 ], [ 34.98572, -0.43567 ], [ 34.98572, -0.43567 ], [ 34.98639, -0.43551 ], [ 34.98639, -0.43549 ], [ 34.98639, -0.43544 ], [ 34.98648, -0.43532 ], [ 34.98657, -0.43521 ], [ 34.98659, -0.43519 ], [ 34.98785, -0.4351 ], [ 34.98946, -0.43431 ], [ 34.99041, -0.43395 ], [ 34.99129, -0.43364 ], [ 34.99131, -0.43363 ], [ 34.99187, -0.4334 ], [ 34.99316, -0.4329 ], [ 34.99349, -0.43275 ], [ 34.99402, -0.43257 ], [ 34.99446, -0.43249 ], [ 34.99489, -0.43226 ], [ 34.99543, -0.43206 ], [ 34.99548, -0.43205 ], [ 34.9958, -0.43195 ], [ 34.99627, -0.43176 ], [ 34.99665, -0.43158 ], [ 34.99678, -0.43148 ], [ 34.99682, -0.43147 ], [ 34.99699, -0.43138 ], [ 34.99714, -0.4313 ], [ 34.99842, -0.43086 ], [ 34.99843, -0.43086 ], [ 34.99843, -0.43086 ], [ 34.99843, -0.43086 ], [ 34.9986, -0.4308 ], [ 35.00055, -0.43004 ], [ 35.00179, -0.42891 ], [ 35.00216, -0.42862 ], [ 35.00223, -0.42857 ], [ 35.00246, -0.42837 ], [ 35.00352, -0.42756 ], [ 35.00517, -0.42604 ], [ 35.00518, -0.42603 ], [ 35.00515, -0.42622 ], [ 35.0103, -0.42189 ], [ 35.01061, -0.42168 ], [ 35.01086, -0.42147 ], [ 35.01152, -0.42089 ], [ 35.01157, -0.42085 ], [ 35.01176, -0.42068 ], [ 35.01238, -0.42018 ], [ 35.01254, -0.42008 ], [ 35.01304, -0.41969 ], [ 35.01376, -0.41907 ], [ 35.01407, -0.41887 ], [ 35.01461, -0.41836 ], [ 35.01515, -0.41789 ], [ 35.0152, -0.41784 ], [ 35.01557, -0.4176 ], [ 35.01613, -0.41706 ], [ 35.01647, -0.4167 ], [ 35.01656, -0.41662 ], [ 35.01662, -0.41658 ], [ 35.01692, -0.41644 ], [ 35.01751, -0.41588 ], [ 35.01752, -0.41588 ], [ 35.01844, -0.41515 ], [ 35.01847, -0.4151 ], [ 35.01893, -0.4148 ], [ 35.01912, -0.41471 ], [ 35.01942, -0.41453 ], [ 35.01966, -0.41425 ], [ 35.01998, -0.41384 ], [ 35.02023, -0.41359 ], [ 35.02055, -0.41342 ], [ 35.02055, -0.41342 ], [ 35.02055, -0.41351 ], [ 35.02054, -0.41365 ], [ 35.02054, -0.4137 ], [ 35.02065, -0.41406 ], [ 35.0207, -0.41425 ], [ 35.02124, -0.41479 ], [ 35.02154, -0.41484 ], [ 35.02186, -0.41489 ], [ 35.02199, -0.41487 ], [ 35.02254, -0.41477 ], [ 35.02271, -0.41468 ], [ 35.02316, -0.41447 ], [ 35.02395, -0.41447 ], [ 35.02397, -0.41447 ], [ 35.02465, -0.41449 ], [ 35.02576, -0.41477 ], [ 35.02668, -0.41498 ], [ 35.02687, -0.41502 ], [ 35.02762, -0.41534 ], [ 35.02816, -0.41584 ], [ 35.02847, -0.41613 ], [ 35.02912, -0.41704 ], [ 35.02912, -0.41705 ], [ 35.02948, -0.41754 ], [ 35.03002, -0.41845 ], [ 35.03013, -0.41864 ], [ 35.03027, -0.41886 ], [ 35.03041, -0.4192 ], [ 35.03055, -0.41954 ], [ 35.03065, -0.41978 ], [ 35.03071, -0.42044 ], [ 35.03088, -0.42068 ], [ 35.03093, -0.42074 ], [ 35.03116, -0.42076 ], [ 35.0315, -0.42066 ], [ 35.0318, -0.4204 ], [ 35.03199, -0.42029 ], [ 35.03223, -0.42019 ], [ 35.03253, -0.42032 ], [ 35.03255, -0.42034 ], [ 35.0333, -0.42093 ], [ 35.03367, -0.42142 ], [ 35.03428, -0.42219 ], [ 35.03473, -0.42304 ], [ 35.03476, -0.42309 ], [ 35.03547, -0.42448 ], [ 35.03576, -0.42502 ], [ 35.03613, -0.42571 ], [ 35.03616, -0.42576 ], [ 35.03643, -0.42609 ], [ 35.03635, -0.42625 ], [ 35.03658, -0.4265 ], [ 35.03686, -0.42683 ], [ 35.03709, -0.4271 ], [ 35.03729, -0.42735 ], [ 35.0373, -0.42736 ], [ 35.0373, -0.42737 ], [ 35.03733, -0.42747 ], [ 35.03737, -0.42761 ], [ 35.03747, -0.42797 ], [ 35.03762, -0.42834 ], [ 35.03767, -0.42868 ], [ 35.03768, -0.42872 ], [ 35.03782, -0.42911 ], [ 35.0378, -0.42936 ], [ 35.03802, -0.42971 ], [ 35.03807, -0.42979 ], [ 35.03817, -0.42999 ], [ 35.03827, -0.43027 ], [ 35.0385, -0.43056 ], [ 35.03863, -0.43073 ], [ 35.0387, -0.43082 ], [ 35.03897, -0.43113 ], [ 35.03923, -0.43136 ], [ 35.03924, -0.43136 ], [ 35.0395, -0.43162 ], [ 35.03952, -0.43165 ], [ 35.03959, -0.43174 ], [ 35.03969, -0.43187 ], [ 35.03969, -0.432 ], [ 35.03969, -0.43244 ], [ 35.03969, -0.43263 ], [ 35.03969, -0.43288 ], [ 35.0397, -0.43334 ], [ 35.03977, -0.43379 ], [ 35.03984, -0.43402 ], [ 35.03987, -0.43413 ], [ 35.03989, -0.43457 ], [ 35.03991, -0.435 ], [ 35.03991, -0.43509 ], [ 35.03979, -0.43534 ], [ 35.03956, -0.43568 ], [ 35.03946, -0.43603 ], [ 35.03935, -0.4364 ], [ 35.03925, -0.43678 ], [ 35.03924, -0.43681 ], [ 35.03914, -0.43713 ], [ 35.03912, -0.43726 ], [ 35.03907, -0.43749 ], [ 35.03907, -0.43795 ], [ 35.03906, -0.43823 ], [ 35.03906, -0.43828 ], [ 35.03914, -0.43861 ], [ 35.03914, -0.43861 ], [ 35.03921, -0.4389 ], [ 35.03923, -0.43893 ], [ 35.03931, -0.43906 ], [ 35.03946, -0.43933 ], [ 35.0397, -0.4396 ], [ 35.04, -0.43985 ], [ 35.04022, -0.43986 ], [ 35.04046, -0.44002 ], [ 35.04065, -0.44023 ], [ 35.04086, -0.44042 ], [ 35.04104, -0.44059 ], [ 35.04133, -0.44089 ], [ 35.0416, -0.44115 ], [ 35.04174, -0.44151 ], [ 35.0418, -0.44175 ], [ 35.04198, -0.44197 ], [ 35.04225, -0.44234 ], [ 35.04244, -0.44267 ], [ 35.04272, -0.44305 ], [ 35.04301, -0.44336 ], [ 35.04324, -0.44364 ], [ 35.04344, -0.44382 ], [ 35.04366, -0.44407 ], [ 35.04387, -0.44437 ], [ 35.044, -0.44458 ], [ 35.04428, -0.4449 ], [ 35.0445, -0.44528 ], [ 35.04485, -0.44566 ], [ 35.04506, -0.44589 ], [ 35.04533, -0.44623 ], [ 35.04567, -0.44659 ], [ 35.04572, -0.44668 ], [ 35.0458, -0.44683 ], [ 35.04581, -0.44686 ], [ 35.04584, -0.44692 ], [ 35.04586, -0.44696 ], [ 35.04594, -0.44717 ], [ 35.04595, -0.44724 ], [ 35.04597, -0.44731 ], [ 35.04596, -0.44747 ], [ 35.04596, -0.44748 ], [ 35.04598, -0.44778 ], [ 35.04596, -0.44792 ], [ 35.04596, -0.44793 ], [ 35.04591, -0.44821 ], [ 35.0459, -0.44828 ], [ 35.04584, -0.44866 ], [ 35.04573, -0.44916 ], [ 35.04567, -0.4494 ], [ 35.04563, -0.44954 ], [ 35.04562, -0.4496 ], [ 35.04553, -0.44995 ], [ 35.04552, -0.44998 ], [ 35.04544, -0.45023 ], [ 35.04538, -0.45041 ], [ 35.04532, -0.45059 ], [ 35.0453, -0.45069 ], [ 35.04525, -0.45088 ], [ 35.04522, -0.45101 ], [ 35.04517, -0.45116 ], [ 35.04513, -0.45128 ], [ 35.0451, -0.45139 ], [ 35.04509, -0.45154 ], [ 35.04509, -0.45171 ], [ 35.04508, -0.45183 ], [ 35.04514, -0.4521 ], [ 35.0452, -0.45209 ], [ 35.04565, -0.45341 ], [ 35.0464, -0.45431 ], [ 35.04683, -0.4551 ], [ 35.04687, -0.45576 ], [ 35.04661, -0.45649 ], [ 35.04619, -0.45698 ], [ 35.0457, -0.45717 ], [ 35.04529, -0.457 ], [ 35.04471, -0.45659 ], [ 35.0442, -0.45634 ], [ 35.04398, -0.45636 ], [ 35.0439, -0.45598 ], [ 35.04388, -0.45599 ], [ 35.04386, -0.456 ], [ 35.04369, -0.45609 ], [ 35.04352, -0.4563 ], [ 35.04334, -0.45651 ], [ 35.04316, -0.45677 ], [ 35.04301, -0.45705 ], [ 35.04292, -0.45742 ], [ 35.04284, -0.45765 ], [ 35.04277, -0.45797 ], [ 35.04277, -0.45798 ], [ 35.04277, -0.45823 ], [ 35.04276, -0.45864 ], [ 35.04282, -0.45894 ], [ 35.04282, -0.4598 ], [ 35.0428, -0.46003 ], [ 35.04278, -0.46025 ], [ 35.04277, -0.46046 ], [ 35.04275, -0.46071 ], [ 35.04273, -0.46109 ], [ 35.04273, -0.4611 ], [ 35.04273, -0.46133 ], [ 35.04273, -0.46146 ], [ 35.04281, -0.46175 ], [ 35.04282, -0.46178 ], [ 35.04282, -0.46186 ], [ 35.04343, -0.46504 ], [ 35.04341, -0.46625 ], [ 35.04341, -0.46627 ], [ 35.04339, -0.46634 ], [ 35.04339, -0.46637 ], [ 35.0434, -0.46647 ], [ 35.04331, -0.46718 ], [ 35.04284, -0.4704 ], [ 35.04254, -0.47193 ], [ 35.0425, -0.47203 ], [ 35.04245, -0.47226 ], [ 35.04243, -0.47239 ], [ 35.04242, -0.4726 ], [ 35.04242, -0.4726 ], [ 35.04213, -0.47422 ], [ 35.04187, -0.47533 ], [ 35.04187, -0.47534 ], [ 35.04176, -0.4756 ], [ 35.04174, -0.47567 ], [ 35.0417, -0.47578 ], [ 35.04167, -0.47591 ], [ 35.04166, -0.47614 ], [ 35.04164, -0.47632 ], [ 35.04124, -0.47772 ], [ 35.04124, -0.47777 ], [ 35.04121, -0.47797 ], [ 35.04121, -0.47821 ], [ 35.04121, -0.47836 ], [ 35.04121, -0.47847 ], [ 35.04125, -0.47866 ], [ 35.04131, -0.47896 ], [ 35.04132, -0.479 ], [ 35.04139, -0.47927 ], [ 35.04148, -0.4795 ], [ 35.0415, -0.47955 ], [ 35.04155, -0.47973 ], [ 35.04164, -0.47993 ], [ 35.04165, -0.47994 ], [ 35.04166, -0.48001 ], [ 35.04166, -0.48043 ], [ 35.04164, -0.48049 ], [ 35.04155, -0.4806 ], [ 35.04145, -0.48071 ], [ 35.04133, -0.48085 ], [ 35.0411, -0.48115 ], [ 35.04106, -0.4812 ], [ 35.04086, -0.48145 ], [ 35.04085, -0.48147 ], [ 35.04085, -0.48161 ], [ 35.04084, -0.48173 ], [ 35.04081, -0.48178 ], [ 35.04078, -0.48197 ], [ 35.04074, -0.48223 ], [ 35.0407, -0.48244 ], [ 35.04067, -0.48264 ], [ 35.04063, -0.48293 ], [ 35.04059, -0.483 ], [ 35.0405, -0.48319 ], [ 35.04048, -0.48326 ], [ 35.04043, -0.4835 ], [ 35.04044, -0.48363 ], [ 35.04045, -0.48393 ], [ 35.04045, -0.48396 ], [ 35.04045, -0.48422 ], [ 35.0404, -0.48458 ], [ 35.04034, -0.4848 ], [ 35.04027, -0.48504 ], [ 35.04027, -0.48505 ], [ 35.0401, -0.48528 ], [ 35.03992, -0.48545 ], [ 35.03965, -0.48547 ], [ 35.03925, -0.48547 ], [ 35.03924, -0.48547 ], [ 35.03889, -0.48547 ], [ 35.03848, -0.48546 ], [ 35.03835, -0.48546 ], [ 35.03813, -0.48546 ], [ 35.03774, -0.4854 ], [ 35.03767, -0.48539 ], [ 35.03742, -0.48532 ], [ 35.03693, -0.48516 ], [ 35.03648, -0.48509 ], [ 35.03617, -0.48496 ], [ 35.03611, -0.48493 ], [ 35.03588, -0.48487 ], [ 35.03557, -0.4849 ], [ 35.03517, -0.48497 ], [ 35.03497, -0.48505 ], [ 35.03487, -0.48509 ], [ 35.03454, -0.48533 ], [ 35.03451, -0.48537 ], [ 35.03436, -0.48553 ], [ 35.03424, -0.48573 ], [ 35.0341, -0.48601 ], [ 35.03409, -0.48634 ], [ 35.03409, -0.48663 ], [ 35.03409, -0.48688 ], [ 35.03414, -0.48711 ], [ 35.03425, -0.48733 ], [ 35.03449, -0.48757 ], [ 35.03453, -0.48761 ], [ 35.03469, -0.48782 ], [ 35.03471, -0.48788 ], [ 35.03475, -0.48796 ], [ 35.03464, -0.48831 ], [ 35.03462, -0.48833 ], [ 35.03452, -0.4885 ], [ 35.03436, -0.48862 ], [ 35.03432, -0.48883 ], [ 35.03432, -0.48915 ], [ 35.03435, -0.4895 ], [ 35.03433, -0.4898 ], [ 35.03435, -0.48986 ], [ 35.03439, -0.49002 ], [ 35.03449, -0.49027 ], [ 35.03463, -0.4904 ], [ 35.03473, -0.49062 ], [ 35.03477, -0.49084 ], [ 35.03479, -0.49103 ], [ 35.03479, -0.49109 ], [ 35.0347, -0.49128 ], [ 35.03458, -0.49157 ], [ 35.03449, -0.49185 ], [ 35.03447, -0.49203 ], [ 35.03448, -0.49206 ], [ 35.03449, -0.49235 ], [ 35.03451, -0.49265 ], [ 35.03456, -0.49281 ], [ 35.03458, -0.49289 ], [ 35.03463, -0.4931 ], [ 35.0346, -0.49337 ], [ 35.03455, -0.49344 ], [ 35.03447, -0.49355 ], [ 35.03442, -0.49387 ], [ 35.03443, -0.49396 ], [ 35.03443, -0.4942 ], [ 35.03443, -0.49435 ], [ 35.03443, -0.49436 ], [ 35.03441, -0.49443 ], [ 35.03438, -0.49458 ], [ 35.03437, -0.49465 ], [ 35.03418, -0.49542 ], [ 35.03415, -0.49555 ], [ 35.03409, -0.49571 ], [ 35.034, -0.49597 ], [ 35.03398, -0.49613 ], [ 35.03397, -0.49623 ], [ 35.03397, -0.49637 ], [ 35.03397, -0.4966 ], [ 35.03397, -0.4966 ], [ 35.03395, -0.49675 ], [ 35.03394, -0.49682 ], [ 35.03383, -0.49705 ], [ 35.03374, -0.49723 ], [ 35.03351, -0.49765 ], [ 35.03355, -0.49857 ], [ 35.03377, -0.49947 ], [ 35.03419, -0.49998 ], [ 35.03481, -0.50019 ], [ 35.03505, -0.50018 ], [ 35.03545, -0.50015 ], [ 35.03605, -0.49994 ], [ 35.03675, -0.4997 ], [ 35.03718, -0.49938 ], [ 35.03757, -0.49906 ], [ 35.03789, -0.49906 ], [ 35.03791, -0.49906 ], [ 35.0385, -0.49921 ], [ 35.03932, -0.49966 ], [ 35.03959, -0.49976 ], [ 35.04034, -0.50004 ], [ 35.04141, -0.50051 ], [ 35.04307, -0.50107 ], [ 35.04337, -0.50107 ], [ 35.04431, -0.50109 ], [ 35.04548, -0.50092 ], [ 35.04577, -0.50092 ], [ 35.04636, -0.50092 ], [ 35.047, -0.50102 ], [ 35.04766, -0.50102 ], [ 35.04796, -0.50102 ], [ 35.04834, -0.50094 ], [ 35.04875, -0.50038 ], [ 35.04909, -0.49957 ], [ 35.04919, -0.49949 ], [ 35.04954, -0.49923 ], [ 35.04992, -0.4991 ], [ 35.05035, -0.4991 ], [ 35.0509, -0.49919 ], [ 35.05119, -0.49945 ], [ 35.05152, -0.49976 ], [ 35.05186, -0.50019 ], [ 35.05212, -0.50051 ], [ 35.05263, -0.50115 ], [ 35.05284, -0.5013 ] ] ] } },
{ "type": "Feature", "properties": { "entity_id": 283, "p_entity": 35, "name": "Nyamira Sub County" }, "geometry": { "type": "Polygon", "coordinates": [ [ [ 34.94286, -0.55271 ], [ 34.94281, -0.55285 ], [ 34.94281, -0.55311 ], [ 34.94293, -0.55332 ], [ 34.94299, -0.55356 ], [ 34.94299, -0.55373 ], [ 34.94295, -0.55382 ], [ 34.94289, -0.55413 ], [ 34.94288, -0.55429 ], [ 34.94285, -0.55452 ], [ 34.94282, -0.55474 ], [ 34.94279, -0.55501 ], [ 34.94279, -0.55526 ], [ 34.94279, -0.55554 ], [ 34.94279, -0.55584 ], [ 34.94287, -0.55603 ], [ 34.94296, -0.55626 ], [ 34.94305, -0.55648 ], [ 34.94311, -0.55679 ], [ 34.9432, -0.557 ], [ 34.94326, -0.55723 ], [ 34.94338, -0.55753 ], [ 34.94346, -0.55776 ], [ 34.94353, -0.55798 ], [ 34.94375, -0.55839 ], [ 34.94388, -0.55868 ], [ 34.94403, -0.55888 ], [ 34.94425, -0.55903 ], [ 34.94456, -0.55918 ], [ 34.94479, -0.55936 ], [ 34.94498, -0.55949 ], [ 34.94518, -0.55974 ], [ 34.94531, -0.56 ], [ 34.94535, -0.56017 ], [ 34.94537, -0.56037 ], [ 34.94538, -0.5606 ], [ 34.94538, -0.56076 ], [ 34.94547, -0.56096 ], [ 34.94552, -0.5611 ], [ 34.94564, -0.56124 ], [ 34.94577, -0.56143 ], [ 34.94592, -0.56172 ], [ 34.94606, -0.56207 ], [ 34.94612, -0.56238 ], [ 34.94614, -0.56256 ], [ 34.94628, -0.56279 ], [ 34.94636, -0.56294 ], [ 34.94644, -0.56312 ], [ 34.94653, -0.56336 ], [ 34.94666, -0.56364 ], [ 34.94674, -0.56383 ], [ 34.94694, -0.56412 ], [ 34.94708, -0.56431 ], [ 34.94726, -0.56457 ], [ 34.94729, -0.56485 ], [ 34.94729, -0.56514 ], [ 34.94729, -0.56547 ], [ 34.94731, -0.56561 ], [ 34.94731, -0.56581 ], [ 34.94729, -0.56609 ], [ 34.94729, -0.56633 ], [ 34.94723, -0.56663 ], [ 34.94713, -0.56685 ], [ 34.9471, -0.567 ], [ 34.94703, -0.56721 ], [ 34.94694, -0.56747 ], [ 34.94681, -0.56771 ], [ 34.94669, -0.56802 ], [ 34.94663, -0.56827 ], [ 34.94671, -0.56846 ], [ 34.94685, -0.56852 ], [ 34.94709, -0.56867 ], [ 34.94719, -0.56886 ], [ 34.9474, -0.56905 ], [ 34.9474, -0.56926 ], [ 34.9474, -0.56945 ], [ 34.94745, -0.56972 ], [ 34.94745, -0.56989 ], [ 34.9475, -0.57004 ], [ 34.9473, -0.57045 ], [ 34.94729, -0.57048 ], [ 34.94742, -0.57093 ], [ 34.94752, -0.57144 ], [ 34.94772, -0.57205 ], [ 34.94789, -0.57263 ], [ 34.94812, -0.57317 ], [ 34.94831, -0.57371 ], [ 34.9485, -0.57425 ], [ 34.94873, -0.57485 ], [ 34.94906, -0.5755 ], [ 34.94926, -0.57601 ], [ 34.94952, -0.57664 ], [ 34.94983, -0.57748 ], [ 34.9501, -0.57802 ], [ 34.95034, -0.57865 ], [ 34.9504, -0.57878 ], [ 34.95066, -0.57938 ], [ 34.95101, -0.58012 ], [ 34.95131, -0.58075 ], [ 34.95164, -0.58136 ], [ 34.95204, -0.58201 ], [ 34.95239, -0.58241 ], [ 34.95276, -0.58286 ], [ 34.95272, -0.58285 ], [ 34.95276, -0.5829 ], [ 34.95298, -0.58319 ], [ 34.9532, -0.58368 ], [ 34.95339, -0.58421 ], [ 34.95364, -0.58481 ], [ 34.95391, -0.58535 ], [ 34.95415, -0.58593 ], [ 34.9545, -0.58656 ], [ 34.9547, -0.58693 ], [ 34.95488, -0.58728 ], [ 34.95493, -0.58777 ], [ 34.95498, -0.58807 ], [ 34.95527, -0.58845 ], [ 34.95562, -0.58887 ], [ 34.956, -0.58941 ], [ 34.95638, -0.5899 ], [ 34.95679, -0.59055 ], [ 34.95714, -0.59106 ], [ 34.95748, -0.59163 ], [ 34.95779, -0.59201 ], [ 34.95825, -0.59239 ], [ 34.9586, -0.59307 ], [ 34.95883, -0.59348 ], [ 34.95903, -0.59393 ], [ 34.95929, -0.59441 ], [ 34.9596, -0.59491 ], [ 34.95966, -0.59514 ], [ 34.95978, -0.59556 ], [ 34.95995, -0.5961 ], [ 34.96013, -0.59671 ], [ 34.96033, -0.59723 ], [ 34.96047, -0.59778 ], [ 34.96079, -0.59832 ], [ 34.96119, -0.59892 ], [ 34.96162, -0.59927 ], [ 34.96184, -0.5995 ], [ 34.96184, -0.5995 ], [ 34.96185, -0.5995 ], [ 34.96198, -0.59964 ], [ 34.96236, -0.60006 ], [ 34.96252, -0.60019 ], [ 34.96275, -0.60038 ], [ 34.9631, -0.60059 ], [ 34.9632, -0.60067 ], [ 34.9632, -0.60067 ], [ 34.96319, -0.60068 ], [ 34.96299, -0.60074 ], [ 34.9628, -0.60079 ], [ 34.96246, -0.6009 ], [ 34.96245, -0.6009 ], [ 34.96244, -0.6009 ], [ 34.96242, -0.60091 ], [ 34.96242, -0.60091 ], [ 34.96242, -0.60091 ], [ 34.96241, -0.60091 ], [ 34.96239, -0.60092 ], [ 34.96073, -0.60083 ], [ 34.96073, -0.60083 ], [ 34.96074, -0.60135 ], [ 34.96074, -0.60157 ], [ 34.96075, -0.602 ], [ 34.96075, -0.60215 ], [ 34.96075, -0.60258 ], [ 34.96075, -0.60259 ], [ 34.96074, -0.60259 ], [ 34.96077, -0.60294 ], [ 34.96083, -0.60295 ], [ 34.96102, -0.60312 ], [ 34.96117, -0.60325 ], [ 34.96139, -0.60352 ], [ 34.96132, -0.60372 ], [ 34.96134, -0.60375 ], [ 34.96151, -0.60407 ], [ 34.96151, -0.60409 ], [ 34.96181, -0.60436 ], [ 34.96201, -0.60447 ], [ 34.9621, -0.60453 ], [ 34.9621, -0.60453 ], [ 34.9621, -0.60453 ], [ 34.96211, -0.60451 ], [ 34.96211, -0.6045 ], [ 34.96215, -0.60442 ], [ 34.96215, -0.60442 ], [ 34.96215, -0.60442 ], [ 34.96217, -0.60442 ], [ 34.96219, -0.60373 ], [ 34.9622, -0.60362 ], [ 34.9622, -0.60362 ], [ 34.96221, -0.60331 ], [ 34.96223, -0.60303 ], [ 34.96229, -0.60213 ], [ 34.96229, -0.60211 ], [ 34.96271, -0.60206 ], [ 34.96278, -0.60206 ], [ 34.96279, -0.60207 ], [ 34.96336, -0.60197 ], [ 34.96365, -0.60192 ], [ 34.96377, -0.6019 ], [ 34.96482, -0.60172 ], [ 34.96484, -0.60173 ], [ 34.96484, -0.60173 ], [ 34.96485, -0.60175 ], [ 34.96504, -0.60199 ], [ 34.96518, -0.60212 ], [ 34.96522, -0.60218 ], [ 34.96529, -0.60227 ], [ 34.9654, -0.6024 ], [ 34.9654, -0.6024 ], [ 34.96539, -0.60241 ], [ 34.9654, -0.60241 ], [ 34.96557, -0.60261 ], [ 34.96595, -0.60307 ], [ 34.96642, -0.60357 ], [ 34.96682, -0.60402 ], [ 34.96715, -0.60443 ], [ 34.96744, -0.60465 ], [ 34.96778, -0.60498 ], [ 34.96815, -0.60536 ], [ 34.96863, -0.6058 ], [ 34.96901, -0.60618 ], [ 34.96945, -0.60656 ], [ 34.96973, -0.6068 ], [ 34.9701, -0.60708 ], [ 34.97068, -0.60755 ], [ 34.97109, -0.60794 ], [ 34.97142, -0.6083 ], [ 34.97182, -0.6086 ], [ 34.97215, -0.60882 ], [ 34.97256, -0.60909 ], [ 34.97292, -0.60933 ], [ 34.97317, -0.60951 ], [ 34.97347, -0.60976 ], [ 34.97382, -0.60998 ], [ 34.97415, -0.61016 ], [ 34.97444, -0.61029 ], [ 34.9747, -0.61039 ], [ 34.97488, -0.60998 ], [ 34.97503, -0.61017 ], [ 34.97519, -0.61037 ], [ 34.97534, -0.61053 ], [ 34.97538, -0.61092 ], [ 34.97539, -0.61125 ], [ 34.97531, -0.61157 ], [ 34.97531, -0.61198 ], [ 34.97534, -0.61243 ], [ 34.97546, -0.61281 ], [ 34.97566, -0.61315 ], [ 34.97574, -0.61328 ], [ 34.97574, -0.61361 ], [ 34.97574, -0.61399 ], [ 34.97574, -0.61457 ], [ 34.97576, -0.61517 ], [ 34.97577, -0.61556 ], [ 34.97582, -0.61604 ], [ 34.97594, -0.61651 ], [ 34.97615, -0.61685 ], [ 34.9767, -0.61721 ], [ 34.97702, -0.61744 ], [ 34.97713, -0.61752 ], [ 34.97763, -0.61771 ], [ 34.97819, -0.61791 ], [ 34.97859, -0.61807 ], [ 34.97924, -0.61827 ], [ 34.97976, -0.61843 ], [ 34.98052, -0.61854 ], [ 34.98102, -0.61859 ], [ 34.98158, -0.61862 ], [ 34.98203, -0.61864 ], [ 34.98229, -0.61893 ], [ 34.98244, -0.61924 ], [ 34.98277, -0.61967 ], [ 34.983, -0.61983 ], [ 34.98299, -0.61984 ], [ 34.98294, -0.61986 ], [ 34.98294, -0.61989 ], [ 34.98294, -0.61989 ], [ 34.98294, -0.61989 ], [ 34.98317, -0.61991 ], [ 34.98334, -0.61992 ], [ 34.98354, -0.61994 ], [ 34.9838, -0.61994 ], [ 34.98411, -0.61998 ], [ 34.98439, -0.62006 ], [ 34.98475, -0.62018 ], [ 34.98509, -0.62025 ], [ 34.98524, -0.62035 ], [ 34.98535, -0.62056 ], [ 34.98536, -0.62058 ], [ 34.98537, -0.62059 ], [ 34.98547, -0.62075 ], [ 34.98567, -0.62095 ], [ 34.98605, -0.62121 ], [ 34.98633, -0.62145 ], [ 34.98668, -0.62172 ], [ 34.98697, -0.62194 ], [ 34.98719, -0.62211 ], [ 34.98742, -0.62223 ], [ 34.9876, -0.62236 ], [ 34.98777, -0.62255 ], [ 34.98807, -0.62271 ], [ 34.98815, -0.62275 ], [ 34.98839, -0.62286 ], [ 34.98866, -0.62304 ], [ 34.98895, -0.62321 ], [ 34.98917, -0.62332 ], [ 34.98956, -0.62353 ], [ 34.9898, -0.62375 ], [ 34.98999, -0.624 ], [ 34.99013, -0.62425 ], [ 34.99038, -0.62446 ], [ 34.99084, -0.62461 ], [ 34.99112, -0.62471 ], [ 34.99149, -0.62479 ], [ 34.99179, -0.62493 ], [ 34.99208, -0.62509 ], [ 34.99238, -0.62518 ], [ 34.99255, -0.62526 ], [ 34.99271, -0.62533 ], [ 34.99292, -0.62552 ], [ 34.99309, -0.62567 ], [ 34.99343, -0.62592 ], [ 34.99381, -0.62622 ], [ 34.99413, -0.62643 ], [ 34.99447, -0.62662 ], [ 34.99454, -0.62667 ], [ 34.99458, -0.6267 ], [ 34.9948, -0.62687 ], [ 34.99513, -0.6271 ], [ 34.99547, -0.62727 ], [ 34.99589, -0.62756 ], [ 34.99622, -0.62779 ], [ 34.99646, -0.6281 ], [ 34.99658, -0.62836 ], [ 34.99675, -0.62845 ], [ 34.99687, -0.62849 ], [ 34.99709, -0.62858 ], [ 34.99721, -0.62871 ], [ 34.99757, -0.62911 ], [ 34.99792, -0.6296 ], [ 34.99855, -0.63048 ], [ 34.99918, -0.63114 ], [ 34.9994, -0.63142 ], [ 34.99978, -0.6319 ], [ 35.00051, -0.63263 ], [ 35.00093, -0.63323 ], [ 35.00119, -0.63382 ], [ 35.00119, -0.63453 ], [ 35.00119, -0.63485 ], [ 35.00119, -0.6354 ], [ 35.00144, -0.63619 ], [ 35.00176, -0.637 ], [ 35.00207, -0.63744 ], [ 35.00198, -0.63806 ], [ 35.00209, -0.63833 ], [ 35.0022, -0.63859 ], [ 35.00235, -0.63897 ], [ 35.00299, -0.64053 ], [ 35.00358, -0.64201 ], [ 35.00416, -0.6436 ], [ 35.0047, -0.64476 ], [ 35.00467, -0.64539 ], [ 35.00479, -0.64604 ], [ 35.00482, -0.64625 ], [ 35.00482, -0.64625 ], [ 35.00487, -0.64669 ], [ 35.00495, -0.64749 ], [ 35.00495, -0.64794 ], [ 35.00502, -0.64807 ], [ 35.00509, -0.64822 ], [ 35.00511, -0.64826 ], [ 35.00516, -0.64836 ], [ 35.00518, -0.64842 ], [ 35.00528, -0.64862 ], [ 35.00552, -0.64894 ], [ 35.00573, -0.64922 ], [ 35.00575, -0.64923 ], [ 35.00576, -0.64925 ], [ 35.00578, -0.64928 ], [ 35.00579, -0.64928 ], [ 35.00584, -0.64934 ], [ 35.00604, -0.64954 ], [ 35.00628, -0.6498 ], [ 35.00654, -0.65013 ], [ 35.00673, -0.65032 ], [ 35.007, -0.65073 ], [ 35.00721, -0.65091 ], [ 35.00726, -0.65095 ], [ 35.00728, -0.65097 ], [ 35.00729, -0.65098 ], [ 35.0073, -0.65099 ], [ 35.00736, -0.65105 ], [ 35.00754, -0.65125 ], [ 35.00776, -0.65149 ], [ 35.00781, -0.65155 ], [ 35.00792, -0.65168 ], [ 35.00826, -0.65204 ], [ 35.00842, -0.65225 ], [ 35.00864, -0.65247 ], [ 35.0089, -0.65284 ], [ 35.00911, -0.65313 ], [ 35.00911, -0.65313 ], [ 35.00937, -0.65351 ], [ 35.00937, -0.65351 ], [ 35.00937, -0.65351 ], [ 35.00964, -0.6537 ], [ 35.00992, -0.65403 ], [ 35.01011, -0.65427 ], [ 35.01025, -0.65456 ], [ 35.01056, -0.65484 ], [ 35.01087, -0.65506 ], [ 35.01111, -0.65527 ], [ 35.0114, -0.65558 ], [ 35.01199, -0.65603 ], [ 35.01228, -0.65603 ], [ 35.01297, -0.65637 ], [ 35.01347, -0.65669 ], [ 35.01347, -0.65669 ], [ 35.01347, -0.65669 ], [ 35.01352, -0.65672 ], [ 35.01402, -0.65694 ], [ 35.01442, -0.6572 ], [ 35.01473, -0.65725 ], [ 35.01551, -0.65758 ], [ 35.01623, -0.65791 ], [ 35.01671, -0.65819 ], [ 35.01677, -0.65822 ], [ 35.01679, -0.65823 ], [ 35.01686, -0.65827 ], [ 35.01706, -0.65839 ], [ 35.01756, -0.65855 ], [ 35.01789, -0.6587 ], [ 35.0183, -0.65891 ], [ 35.01851, -0.65901 ], [ 35.0187, -0.65901 ], [ 35.0187, -0.65901 ], [ 35.0187, -0.65901 ], [ 35.01877, -0.65917 ], [ 35.0188, -0.65925 ], [ 35.01883, -0.65938 ], [ 35.01887, -0.65953 ], [ 35.01892, -0.65986 ], [ 35.01898, -0.66023 ], [ 35.01899, -0.66024 ], [ 35.01899, -0.66049 ], [ 35.01899, -0.66063 ], [ 35.01899, -0.66066 ], [ 35.01904, -0.66091 ], [ 35.01908, -0.66124 ], [ 35.01911, -0.66139 ], [ 35.0191, -0.66139 ], [ 35.01908, -0.66156 ], [ 35.01906, -0.66171 ], [ 35.01913, -0.662 ], [ 35.01917, -0.66236 ], [ 35.01916, -0.66236 ], [ 35.01918, -0.66256 ], [ 35.01932, -0.66288 ], [ 35.01934, -0.66345 ], [ 35.01934, -0.66373 ], [ 35.01946, -0.66423 ], [ 35.01946, -0.66454 ], [ 35.01951, -0.66492 ], [ 35.01958, -0.66528 ], [ 35.01958, -0.66549 ], [ 35.01961, -0.66568 ], [ 35.01965, -0.66594 ], [ 35.01965, -0.66618 ], [ 35.01965, -0.66649 ], [ 35.01972, -0.66697 ], [ 35.01972, -0.6673 ], [ 35.01972, -0.66766 ], [ 35.01987, -0.66832 ], [ 35.01987, -0.66868 ], [ 35.01994, -0.66911 ], [ 35.02008, -0.66975 ], [ 35.0202, -0.67023 ], [ 35.02025, -0.67066 ], [ 35.02034, -0.67087 ], [ 35.02025, -0.67111 ], [ 35.01999, -0.67144 ], [ 35.0198, -0.67165 ], [ 35.01963, -0.67189 ], [ 35.01934, -0.67223 ], [ 35.01901, -0.6727 ], [ 35.01875, -0.67311 ], [ 35.01839, -0.67353 ], [ 35.01815, -0.67382 ], [ 35.01794, -0.67411 ], [ 35.01784, -0.67434 ], [ 35.01761, -0.67461 ], [ 35.01761, -0.67463 ], [ 35.01758, -0.67499 ], [ 35.01765, -0.67527 ], [ 35.01787, -0.67579 ], [ 35.01801, -0.67618 ], [ 35.01808, -0.67656 ], [ 35.01823, -0.67691 ], [ 35.01842, -0.67727 ], [ 35.01845, -0.67746 ], [ 35.01846, -0.67747 ], [ 35.01846, -0.67748 ], [ 35.01844, -0.67748 ], [ 35.01843, -0.67749 ], [ 35.01836, -0.67751 ], [ 35.01826, -0.67755 ], [ 35.01816, -0.6776 ], [ 35.01796, -0.67767 ], [ 35.0178, -0.67771 ], [ 35.01733, -0.67791 ], [ 35.01712, -0.67797 ], [ 35.01676, -0.67808 ], [ 35.01668, -0.67811 ], [ 35.01668, -0.67811 ], [ 35.01668, -0.67811 ], [ 35.01611, -0.67836 ], [ 35.01603, -0.67838 ], [ 35.01556, -0.67851 ], [ 35.01534, -0.67874 ], [ 35.0152, -0.67888 ], [ 35.01503, -0.67898 ], [ 35.01471, -0.67907 ], [ 35.01448, -0.67908 ], [ 35.01426, -0.67922 ], [ 35.01406, -0.67933 ], [ 35.01386, -0.6794 ], [ 35.01362, -0.67947 ], [ 35.01343, -0.67947 ], [ 35.01326, -0.67945 ], [ 35.01314, -0.6794 ], [ 35.01289, -0.67938 ], [ 35.01287, -0.67939 ], [ 35.01273, -0.67947 ], [ 35.01258, -0.67958 ], [ 35.01238, -0.67958 ], [ 35.01215, -0.67955 ], [ 35.01203, -0.67953 ], [ 35.01185, -0.6795 ], [ 35.01163, -0.67936 ], [ 35.01138, -0.67923 ], [ 35.01135, -0.67921 ], [ 35.01134, -0.67918 ], [ 35.0112, -0.6791 ], [ 35.01119, -0.6791 ], [ 35.0111, -0.67904 ], [ 35.01085, -0.67902 ], [ 35.01047, -0.67902 ], [ 35.01025, -0.67902 ], [ 35.00998, -0.67898 ], [ 35.00978, -0.6789 ], [ 35.00953, -0.67881 ], [ 35.00923, -0.67867 ], [ 35.00885, -0.6785 ], [ 35.00856, -0.6785 ], [ 35.00821, -0.6785 ], [ 35.00779, -0.6785 ], [ 35.00733, -0.67838 ], [ 35.00712, -0.67838 ], [ 35.00677, -0.67837 ], [ 35.00653, -0.67849 ], [ 35.00625, -0.6786 ], [ 35.00605, -0.6786 ], [ 35.0058, -0.67854 ], [ 35.00578, -0.67854 ], [ 35.00558, -0.67837 ], [ 35.00538, -0.67829 ], [ 35.00518, -0.67819 ], [ 35.00499, -0.67808 ], [ 35.0047, -0.67805 ], [ 35.00457, -0.67805 ], [ 35.00432, -0.67807 ], [ 35.00412, -0.67808 ], [ 35.00393, -0.67808 ], [ 35.00369, -0.67803 ], [ 35.00353, -0.67803 ], [ 35.00341, -0.67803 ], [ 35.00301, -0.67803 ], [ 35.0027, -0.67804 ], [ 35.00229, -0.67806 ], [ 35.00216, -0.67804 ], [ 35.00191, -0.67799 ], [ 35.00167, -0.67786 ], [ 35.00142, -0.67772 ], [ 35.0012, -0.6777 ], [ 35.001, -0.67776 ], [ 35.00083, -0.67778 ], [ 35.00053, -0.67778 ], [ 35.00005, -0.67779 ], [ 34.99967, -0.6776 ], [ 34.99929, -0.67757 ], [ 34.99884, -0.67749 ], [ 34.99827, -0.67738 ], [ 34.998, -0.67717 ], [ 34.99778, -0.67704 ], [ 34.99753, -0.67688 ], [ 34.99726, -0.6769 ], [ 34.9968, -0.67692 ], [ 34.99637, -0.67695 ], [ 34.99585, -0.67689 ], [ 34.99562, -0.67684 ], [ 34.99546, -0.67682 ], [ 34.99541, -0.67681 ], [ 34.99526, -0.67673 ], [ 34.9951, -0.67666 ], [ 34.99491, -0.67663 ], [ 34.99466, -0.67649 ], [ 34.99447, -0.67636 ], [ 34.99429, -0.67623 ], [ 34.99403, -0.67606 ], [ 34.99388, -0.67594 ], [ 34.99361, -0.67583 ], [ 34.99349, -0.67586 ], [ 34.99308, -0.67585 ], [ 34.99276, -0.67585 ], [ 34.99237, -0.67586 ], [ 34.99191, -0.67583 ], [ 34.9913, -0.67591 ], [ 34.99089, -0.67612 ], [ 34.99056, -0.67628 ], [ 34.9903, -0.67636 ], [ 34.98993, -0.67642 ], [ 34.98933, -0.67641 ], [ 34.9889, -0.67642 ], [ 34.98842, -0.67642 ], [ 34.9876, -0.67662 ], [ 34.98729, -0.67679 ], [ 34.987, -0.67705 ], [ 34.98673, -0.6772 ], [ 34.98628, -0.67751 ], [ 34.98625, -0.67751 ], [ 34.98566, -0.67758 ], [ 34.98546, -0.67758 ], [ 34.98518, -0.67761 ], [ 34.98507, -0.67762 ], [ 34.98482, -0.67769 ], [ 34.98445, -0.67752 ], [ 34.98412, -0.67733 ], [ 34.98382, -0.67716 ], [ 34.9835, -0.67698 ], [ 34.98334, -0.67686 ], [ 34.98323, -0.67678 ], [ 34.98301, -0.67677 ], [ 34.98278, -0.67665 ], [ 34.9824, -0.67665 ], [ 34.98171, -0.67674 ], [ 34.98128, -0.67689 ], [ 34.98102, -0.67698 ], [ 34.98058, -0.6772 ], [ 34.98023, -0.67731 ], [ 34.97996, -0.6773 ], [ 34.97969, -0.67729 ], [ 34.97913, -0.67731 ], [ 34.97876, -0.67737 ], [ 34.97833, -0.6776 ], [ 34.97793, -0.67789 ], [ 34.97769, -0.6781 ], [ 34.97732, -0.67824 ], [ 34.97674, -0.67835 ], [ 34.97626, -0.67838 ], [ 34.97589, -0.67839 ], [ 34.97551, -0.67839 ], [ 34.97534, -0.67839 ], [ 34.97517, -0.67839 ], [ 34.97495, -0.67844 ], [ 34.97479, -0.67853 ], [ 34.97452, -0.67858 ], [ 34.97438, -0.67853 ], [ 34.97418, -0.67844 ], [ 34.97395, -0.67839 ], [ 34.97363, -0.67832 ], [ 34.97322, -0.67832 ], [ 34.97271, -0.67835 ], [ 34.97213, -0.67837 ], [ 34.97169, -0.67839 ], [ 34.97113, -0.67842 ], [ 34.97081, -0.67863 ], [ 34.97046, -0.6788 ], [ 34.97036, -0.67884 ], [ 34.97026, -0.67862 ], [ 34.97025, -0.6786 ], [ 34.97019, -0.67845 ], [ 34.97018, -0.67842 ], [ 34.97016, -0.67839 ], [ 34.97013, -0.67834 ], [ 34.97, -0.67808 ], [ 34.96997, -0.67803 ], [ 34.96983, -0.67775 ], [ 34.96979, -0.67765 ], [ 34.96978, -0.67764 ], [ 34.96977, -0.67763 ], [ 34.96959, -0.67738 ], [ 34.96944, -0.67718 ], [ 34.96938, -0.6771 ], [ 34.96927, -0.67695 ], [ 34.96915, -0.67682 ], [ 34.9691, -0.67676 ], [ 34.96896, -0.67661 ], [ 34.96892, -0.67657 ], [ 34.96867, -0.6763 ], [ 34.96822, -0.67584 ], [ 34.96818, -0.6758 ], [ 34.96817, -0.67579 ], [ 34.96815, -0.67578 ], [ 34.96778, -0.67546 ], [ 34.96764, -0.67534 ], [ 34.96746, -0.67516 ], [ 34.96741, -0.67511 ], [ 34.96716, -0.67493 ], [ 34.96711, -0.67489 ], [ 34.96686, -0.67467 ], [ 34.96665, -0.67447 ], [ 34.9664, -0.67433 ], [ 34.96616, -0.67419 ], [ 34.96604, -0.67414 ], [ 34.96573, -0.67399 ], [ 34.96504, -0.67376 ], [ 34.96504, -0.67376 ], [ 34.96444, -0.67353 ], [ 34.96399, -0.67343 ], [ 34.96351, -0.67326 ], [ 34.96313, -0.67318 ], [ 34.96253, -0.67306 ], [ 34.96186, -0.67283 ], [ 34.96144, -0.67256 ], [ 34.96088, -0.67231 ], [ 34.96047, -0.67228 ], [ 34.9599, -0.67206 ], [ 34.95943, -0.67191 ], [ 34.95935, -0.67189 ], [ 34.95932, -0.67189 ], [ 34.95884, -0.6718 ], [ 34.95836, -0.67171 ], [ 34.95782, -0.67169 ], [ 34.95701, -0.67161 ], [ 34.95652, -0.67158 ], [ 34.95584, -0.67149 ], [ 34.95525, -0.67149 ], [ 34.95494, -0.67149 ], [ 34.95489, -0.67149 ], [ 34.95471, -0.67149 ], [ 34.95436, -0.67148 ], [ 34.95406, -0.67148 ], [ 34.95393, -0.67147 ], [ 34.95342, -0.67145 ], [ 34.95328, -0.67145 ], [ 34.95296, -0.67136 ], [ 34.95273, -0.67131 ], [ 34.95271, -0.67129 ], [ 34.95233, -0.6712 ], [ 34.95208, -0.6711 ], [ 34.95187, -0.67102 ], [ 34.95171, -0.67087 ], [ 34.95152, -0.67069 ], [ 34.9512, -0.67042 ], [ 34.95107, -0.67032 ], [ 34.95099, -0.67024 ], [ 34.9509, -0.67016 ], [ 34.95079, -0.67006 ], [ 34.95064, -0.66995 ], [ 34.95052, -0.66986 ], [ 34.95052, -0.66986 ], [ 34.95049, -0.66983 ], [ 34.95046, -0.66981 ], [ 34.95032, -0.66963 ], [ 34.95027, -0.66958 ], [ 34.95023, -0.66953 ], [ 34.95017, -0.66945 ], [ 34.94995, -0.66913 ], [ 34.94975, -0.66884 ], [ 34.94967, -0.66875 ], [ 34.94941, -0.6684 ], [ 34.94931, -0.66823 ], [ 34.94914, -0.66796 ], [ 34.94888, -0.66757 ], [ 34.94866, -0.66737 ], [ 34.94852, -0.66744 ], [ 34.94836, -0.66754 ], [ 34.94814, -0.66769 ], [ 34.94775, -0.66798 ], [ 34.94739, -0.66801 ], [ 34.9472, -0.66801 ], [ 34.94714, -0.66801 ], [ 34.94699, -0.66801 ], [ 34.94678, -0.668 ], [ 34.94652, -0.66798 ], [ 34.94634, -0.66795 ], [ 34.94621, -0.66795 ], [ 34.94612, -0.66796 ], [ 34.94596, -0.66798 ], [ 34.94583, -0.66807 ], [ 34.94553, -0.66815 ], [ 34.94533, -0.66816 ], [ 34.94513, -0.66825 ], [ 34.94491, -0.66838 ], [ 34.94471, -0.66858 ], [ 34.94452, -0.66876 ], [ 34.94447, -0.66897 ], [ 34.94442, -0.66915 ], [ 34.94435, -0.66936 ], [ 34.94424, -0.66952 ], [ 34.94401, -0.66952 ], [ 34.94385, -0.66954 ], [ 34.94366, -0.66968 ], [ 34.94352, -0.66984 ], [ 34.94341, -0.66996 ], [ 34.94316, -0.67023 ], [ 34.94306, -0.67038 ], [ 34.94293, -0.6706 ], [ 34.94261, -0.67051 ], [ 34.94215, -0.6703 ], [ 34.9417, -0.67004 ], [ 34.94129, -0.66977 ], [ 34.94092, -0.66955 ], [ 34.94057, -0.66926 ], [ 34.9402, -0.66904 ], [ 34.93991, -0.6689 ], [ 34.93957, -0.66879 ], [ 34.9391, -0.66856 ], [ 34.93873, -0.66839 ], [ 34.93845, -0.66821 ], [ 34.93806, -0.66804 ], [ 34.93778, -0.66784 ], [ 34.93748, -0.66758 ], [ 34.93717, -0.66737 ], [ 34.93676, -0.66709 ], [ 34.93622, -0.66677 ], [ 34.93571, -0.66646 ], [ 34.93562, -0.66641 ], [ 34.93527, -0.66625 ], [ 34.93473, -0.66597 ], [ 34.93422, -0.66567 ], [ 34.93385, -0.66542 ], [ 34.93345, -0.66521 ], [ 34.93301, -0.66505 ], [ 34.93248, -0.66475 ], [ 34.93203, -0.66433 ], [ 34.93171, -0.66398 ], [ 34.93146, -0.66381 ], [ 34.93115, -0.6636 ], [ 34.9311, -0.66357 ], [ 34.93073, -0.66333 ], [ 34.93017, -0.66289 ], [ 34.92973, -0.66256 ], [ 34.92927, -0.66228 ], [ 34.92907, -0.66216 ], [ 34.92866, -0.66191 ], [ 34.92816, -0.66165 ], [ 34.92776, -0.66142 ], [ 34.9273, -0.66103 ], [ 34.92711, -0.66075 ], [ 34.92697, -0.66063 ], [ 34.92676, -0.66051 ], [ 34.92644, -0.66023 ], [ 34.92613, -0.65991 ], [ 34.92562, -0.65959 ], [ 34.92544, -0.65935 ], [ 34.92518, -0.65916 ], [ 34.92491, -0.65898 ], [ 34.92485, -0.65895 ], [ 34.92485, -0.65895 ], [ 34.92481, -0.65892 ], [ 34.92449, -0.65868 ], [ 34.92444, -0.65864 ], [ 34.9241, -0.65839 ], [ 34.92406, -0.65836 ], [ 34.92358, -0.65813 ], [ 34.9232, -0.6578 ], [ 34.92282, -0.65742 ], [ 34.9224, -0.6571 ], [ 34.92195, -0.65676 ], [ 34.92165, -0.6565 ], [ 34.92116, -0.65617 ], [ 34.92109, -0.65611 ], [ 34.9205, -0.65568 ], [ 34.92031, -0.65555 ], [ 34.92001, -0.65532 ], [ 34.91997, -0.65529 ], [ 34.91995, -0.65528 ], [ 34.91941, -0.65494 ], [ 34.91897, -0.65473 ], [ 34.91853, -0.65434 ], [ 34.91817, -0.65398 ], [ 34.91791, -0.65375 ], [ 34.91764, -0.65352 ], [ 34.91745, -0.65336 ], [ 34.9172, -0.65316 ], [ 34.91675, -0.65278 ], [ 34.91643, -0.6524 ], [ 34.9159, -0.65192 ], [ 34.91563, -0.65163 ], [ 34.91546, -0.65146 ], [ 34.91528, -0.65127 ], [ 34.91478, -0.65095 ], [ 34.91431, -0.65075 ], [ 34.91418, -0.6507 ], [ 34.91403, -0.65064 ], [ 34.91387, -0.65059 ], [ 34.91385, -0.65058 ], [ 34.91371, -0.65053 ], [ 34.91336, -0.65039 ], [ 34.91308, -0.65026 ], [ 34.91297, -0.6502 ], [ 34.91252, -0.65 ], [ 34.91231, -0.64992 ], [ 34.91215, -0.64985 ], [ 34.91195, -0.64973 ], [ 34.91179, -0.64962 ], [ 34.91137, -0.64934 ], [ 34.91078, -0.64894 ], [ 34.91026, -0.64863 ], [ 34.90983, -0.64835 ], [ 34.90942, -0.64816 ], [ 34.90919, -0.64801 ], [ 34.90907, -0.64793 ], [ 34.90868, -0.64746 ], [ 34.90851, -0.6472 ], [ 34.90835, -0.64696 ], [ 34.90812, -0.6464 ], [ 34.90791, -0.64585 ], [ 34.90783, -0.64541 ], [ 34.90776, -0.64485 ], [ 34.90768, -0.64436 ], [ 34.90744, -0.64396 ], [ 34.90715, -0.6435 ], [ 34.90707, -0.64342 ], [ 34.90688, -0.6432 ], [ 34.90653, -0.64273 ], [ 34.9062, -0.64229 ], [ 34.90584, -0.64178 ], [ 34.90572, -0.64157 ], [ 34.90549, -0.64115 ], [ 34.90505, -0.64062 ], [ 34.90484, -0.64041 ], [ 34.90456, -0.64016 ], [ 34.90456, -0.64015 ], [ 34.90453, -0.64013 ], [ 34.90452, -0.64012 ], [ 34.9042, -0.63992 ], [ 34.9038, -0.63971 ], [ 34.90343, -0.63945 ], [ 34.90315, -0.63914 ], [ 34.90275, -0.63876 ], [ 34.90238, -0.63832 ], [ 34.90219, -0.63793 ], [ 34.90206, -0.63744 ], [ 34.90206, -0.63704 ], [ 34.90206, -0.63667 ], [ 34.90204, -0.63632 ], [ 34.90204, -0.63599 ], [ 34.90207, -0.63564 ], [ 34.90224, -0.6353 ], [ 34.90236, -0.63477 ], [ 34.90254, -0.63445 ], [ 34.90263, -0.63427 ], [ 34.90263, -0.63427 ], [ 34.90293, -0.6341 ], [ 34.9029, -0.63363 ], [ 34.9028, -0.63319 ], [ 34.90274, -0.63269 ], [ 34.90273, -0.63224 ], [ 34.90268, -0.63185 ], [ 34.90268, -0.63145 ], [ 34.90267, -0.63111 ], [ 34.90265, -0.6306 ], [ 34.90265, -0.63058 ], [ 34.90273, -0.63011 ], [ 34.90277, -0.62985 ], [ 34.90283, -0.62951 ], [ 34.90286, -0.62916 ], [ 34.90295, -0.62875 ], [ 34.90303, -0.6283 ], [ 34.90303, -0.62783 ], [ 34.90303, -0.62745 ], [ 34.90307, -0.62693 ], [ 34.90309, -0.6264 ], [ 34.90307, -0.62595 ], [ 34.90302, -0.6256 ], [ 34.90286, -0.62518 ], [ 34.90273, -0.62482 ], [ 34.90248, -0.62438 ], [ 34.9022, -0.62404 ], [ 34.90218, -0.62402 ], [ 34.90193, -0.62373 ], [ 34.90176, -0.6235 ], [ 34.90143, -0.62321 ], [ 34.9013, -0.62295 ], [ 34.90121, -0.62261 ], [ 34.90102, -0.62229 ], [ 34.90091, -0.62189 ], [ 34.90074, -0.62153 ], [ 34.90066, -0.62121 ], [ 34.90064, -0.62076 ], [ 34.90049, -0.62036 ], [ 34.90017, -0.62006 ], [ 34.90012, -0.62001 ], [ 34.89981, -0.61968 ], [ 34.89938, -0.61944 ], [ 34.899, -0.61921 ], [ 34.89853, -0.61897 ], [ 34.89796, -0.61868 ], [ 34.89744, -0.61838 ], [ 34.89693, -0.61795 ], [ 34.89649, -0.61759 ], [ 34.89604, -0.61725 ], [ 34.89561, -0.61685 ], [ 34.89519, -0.61648 ], [ 34.89474, -0.61606 ], [ 34.89434, -0.61576 ], [ 34.89408, -0.61557 ], [ 34.89372, -0.6153 ], [ 34.89362, -0.6153 ], [ 34.89353, -0.61525 ], [ 34.89336, -0.61515 ], [ 34.8931, -0.61497 ], [ 34.89264, -0.61474 ], [ 34.89226, -0.61452 ], [ 34.89217, -0.61444 ], [ 34.89194, -0.61435 ], [ 34.89169, -0.61424 ], [ 34.89142, -0.61407 ], [ 34.89109, -0.61385 ], [ 34.89084, -0.61367 ], [ 34.89061, -0.6135 ], [ 34.89035, -0.61333 ], [ 34.88997, -0.6134 ], [ 34.88955, -0.6134 ], [ 34.88895, -0.61338 ], [ 34.88863, -0.61335 ], [ 34.88837, -0.61337 ], [ 34.88834, -0.61337 ], [ 34.88833, -0.61329 ], [ 34.88824, -0.61306 ], [ 34.88825, -0.61272 ], [ 34.88825, -0.61271 ], [ 34.88825, -0.6127 ], [ 34.88838, -0.61227 ], [ 34.88841, -0.61219 ], [ 34.8885, -0.61188 ], [ 34.88859, -0.61146 ], [ 34.88861, -0.61136 ], [ 34.88864, -0.61119 ], [ 34.88867, -0.61104 ], [ 34.8887, -0.61091 ], [ 34.88887, -0.6105 ], [ 34.88902, -0.61019 ], [ 34.88921, -0.60993 ], [ 34.88931, -0.60981 ], [ 34.88946, -0.6096 ], [ 34.88981, -0.60911 ], [ 34.89007, -0.60881 ], [ 34.89025, -0.60863 ], [ 34.89028, -0.60861 ], [ 34.8903, -0.60858 ], [ 34.8904, -0.60848 ], [ 34.89048, -0.60835 ], [ 34.8906, -0.60811 ], [ 34.89066, -0.60794 ], [ 34.89071, -0.60771 ], [ 34.89079, -0.60746 ], [ 34.89075, -0.60726 ], [ 34.89072, -0.60707 ], [ 34.89072, -0.60699 ], [ 34.89072, -0.60687 ], [ 34.89068, -0.60655 ], [ 34.89061, -0.60633 ], [ 34.89048, -0.60601 ], [ 34.8904, -0.60585 ], [ 34.89037, -0.6058 ], [ 34.89032, -0.60546 ], [ 34.89032, -0.60521 ], [ 34.89037, -0.60494 ], [ 34.89041, -0.6047 ], [ 34.89042, -0.60451 ], [ 34.89046, -0.6043 ], [ 34.89046, -0.60428 ], [ 34.89048, -0.604 ], [ 34.89048, -0.60373 ], [ 34.89052, -0.60351 ], [ 34.89064, -0.60325 ], [ 34.89005, -0.6032 ], [ 34.88924, -0.60225 ], [ 34.88829, -0.60113 ], [ 34.88818, -0.601 ], [ 34.88791, -0.60083 ], [ 34.88735, -0.6004 ], [ 34.88687, -0.60003 ], [ 34.88626, -0.59939 ], [ 34.88554, -0.59878 ], [ 34.88504, -0.59812 ], [ 34.88467, -0.59756 ], [ 34.88427, -0.59679 ], [ 34.88395, -0.5962 ], [ 34.88381, -0.59568 ], [ 34.88373, -0.59538 ], [ 34.88326, -0.59487 ], [ 34.88304, -0.59466 ], [ 34.88269, -0.59448 ], [ 34.88263, -0.59446 ], [ 34.88247, -0.59444 ], [ 34.88231, -0.59441 ], [ 34.88226, -0.5944 ], [ 34.88218, -0.59438 ], [ 34.88213, -0.59433 ], [ 34.88205, -0.59425 ], [ 34.882, -0.59422 ], [ 34.8815, -0.59415 ], [ 34.88099, -0.5941 ], [ 34.88096, -0.59408 ], [ 34.88091, -0.59408 ], [ 34.88075, -0.59405 ], [ 34.8807, -0.59402 ], [ 34.8806, -0.59394 ], [ 34.88049, -0.59385 ], [ 34.88046, -0.59383 ], [ 34.8799, -0.59354 ], [ 34.87984, -0.59349 ], [ 34.87979, -0.59348 ], [ 34.87956, -0.59348 ], [ 34.87931, -0.5934 ], [ 34.87899, -0.59324 ], [ 34.87955, -0.59268 ], [ 34.87998, -0.59234 ], [ 34.88027, -0.59201 ], [ 34.88067, -0.59154 ], [ 34.88085, -0.59124 ], [ 34.88098, -0.591 ], [ 34.88107, -0.59064 ], [ 34.88113, -0.59043 ], [ 34.88118, -0.59028 ], [ 34.88125, -0.58993 ], [ 34.88132, -0.58972 ], [ 34.88138, -0.58961 ], [ 34.88147, -0.5894 ], [ 34.8816, -0.58916 ], [ 34.88188, -0.58868 ], [ 34.88188, -0.58868 ], [ 34.88156, -0.58834 ], [ 34.88132, -0.58808 ], [ 34.88074, -0.58747 ], [ 34.88032, -0.58703 ], [ 34.87999, -0.58664 ], [ 34.8789, -0.58536 ], [ 34.87875, -0.58513 ], [ 34.87796, -0.58391 ], [ 34.87795, -0.58399 ], [ 34.87739, -0.58315 ], [ 34.87655, -0.58196 ], [ 34.87562, -0.58064 ], [ 34.87491, -0.57961 ], [ 34.87394, -0.57803 ], [ 34.87321, -0.57685 ], [ 34.87321, -0.57655 ], [ 34.8732, -0.57645 ], [ 34.87326, -0.57619 ], [ 34.8735, -0.57597 ], [ 34.87363, -0.57592 ], [ 34.87374, -0.57577 ], [ 34.87386, -0.57556 ], [ 34.87386, -0.57549 ], [ 34.87386, -0.57517 ], [ 34.87384, -0.57492 ], [ 34.87374, -0.57477 ], [ 34.8737, -0.57459 ], [ 34.87369, -0.57445 ], [ 34.87368, -0.57435 ], [ 34.87368, -0.57421 ], [ 34.87372, -0.57402 ], [ 34.87379, -0.57395 ], [ 34.87383, -0.57391 ], [ 34.87386, -0.57385 ], [ 34.87405, -0.57373 ], [ 34.8742, -0.57354 ], [ 34.87421, -0.57348 ], [ 34.87425, -0.57334 ], [ 34.87435, -0.57318 ], [ 34.87437, -0.57302 ], [ 34.87449, -0.57284 ], [ 34.87451, -0.57267 ], [ 34.87461, -0.57247 ], [ 34.87463, -0.57239 ], [ 34.87463, -0.57238 ], [ 34.87461, -0.57228 ], [ 34.87459, -0.57203 ], [ 34.87459, -0.57176 ], [ 34.87458, -0.57152 ], [ 34.87456, -0.57136 ], [ 34.87463, -0.57119 ], [ 34.87471, -0.5711 ], [ 34.8748, -0.57091 ], [ 34.87487, -0.57075 ], [ 34.8749, -0.57057 ], [ 34.87489, -0.57035 ], [ 34.87494, -0.5702 ], [ 34.87511, -0.56993 ], [ 34.87541, -0.56952 ], [ 34.87549, -0.56941 ], [ 34.8756, -0.56926 ], [ 34.87576, -0.56907 ], [ 34.8758, -0.56885 ], [ 34.87583, -0.56873 ], [ 34.87584, -0.56869 ], [ 34.87578, -0.56848 ], [ 34.87572, -0.56841 ], [ 34.87569, -0.56838 ], [ 34.87562, -0.56813 ], [ 34.87562, -0.56813 ], [ 34.87549, -0.56792 ], [ 34.87549, -0.56768 ], [ 34.87553, -0.56752 ], [ 34.8756, -0.56736 ], [ 34.87568, -0.56727 ], [ 34.87571, -0.5672 ], [ 34.87569, -0.56706 ], [ 34.87569, -0.56693 ], [ 34.87571, -0.5669 ], [ 34.8758, -0.56661 ], [ 34.87592, -0.56637 ], [ 34.87593, -0.56634 ], [ 34.876, -0.56615 ], [ 34.87615, -0.56589 ], [ 34.87634, -0.56559 ], [ 34.87647, -0.56545 ], [ 34.8765, -0.56538 ], [ 34.87671, -0.56511 ], [ 34.8768, -0.56494 ], [ 34.87697, -0.56477 ], [ 34.87709, -0.56461 ], [ 34.87728, -0.56436 ], [ 34.8774, -0.56416 ], [ 34.87742, -0.56414 ], [ 34.87757, -0.56399 ], [ 34.8777, -0.56378 ], [ 34.87781, -0.56356 ], [ 34.87789, -0.56333 ], [ 34.87807, -0.56318 ], [ 34.87824, -0.56289 ], [ 34.87843, -0.56271 ], [ 34.87857, -0.56252 ], [ 34.87872, -0.5623 ], [ 34.87874, -0.56227 ], [ 34.8786, -0.5622 ], [ 34.87864, -0.56214 ], [ 34.87877, -0.56154 ], [ 34.8788, -0.56083 ], [ 34.87855, -0.55933 ], [ 34.87769, -0.55797 ], [ 34.87723, -0.55739 ], [ 34.87717, -0.55696 ], [ 34.87718, -0.55681 ], [ 34.87723, -0.55619 ], [ 34.87724, -0.55597 ], [ 34.87726, -0.55567 ], [ 34.87742, -0.55502 ], [ 34.87779, -0.55407 ], [ 34.87806, -0.55339 ], [ 34.87803, -0.55225 ], [ 34.87788, -0.55093 ], [ 34.87772, -0.5504 ], [ 34.87771, -0.55037 ], [ 34.8777, -0.55033 ], [ 34.87763, -0.55007 ], [ 34.87754, -0.54978 ], [ 34.87748, -0.54961 ], [ 34.87728, -0.54928 ], [ 34.87708, -0.54877 ], [ 34.87692, -0.54827 ], [ 34.87677, -0.54791 ], [ 34.87649, -0.54745 ], [ 34.87638, -0.54705 ], [ 34.87626, -0.54652 ], [ 34.87614, -0.54625 ], [ 34.87596, -0.54584 ], [ 34.87564, -0.54493 ], [ 34.87532, -0.54398 ], [ 34.87518, -0.54359 ], [ 34.87507, -0.54328 ], [ 34.87501, -0.54312 ], [ 34.87498, -0.54302 ], [ 34.87483, -0.54255 ], [ 34.87475, -0.54229 ], [ 34.87451, -0.54161 ], [ 34.87428, -0.54105 ], [ 34.87425, -0.54096 ], [ 34.87392, -0.54003 ], [ 34.8739, -0.53994 ], [ 34.87366, -0.53913 ], [ 34.87344, -0.5385 ], [ 34.87312, -0.53766 ], [ 34.87306, -0.53717 ], [ 34.87295, -0.53686 ], [ 34.87255, -0.5361 ], [ 34.87253, -0.53602 ], [ 34.87207, -0.53394 ], [ 34.87185, -0.53321 ], [ 34.87173, -0.53241 ], [ 34.87171, -0.53231 ], [ 34.87161, -0.53188 ], [ 34.87157, -0.53168 ], [ 34.87159, -0.53168 ], [ 34.87153, -0.53128 ], [ 34.87147, -0.53085 ], [ 34.8714, -0.53045 ], [ 34.87126, -0.52968 ], [ 34.87119, -0.52897 ], [ 34.87116, -0.52859 ], [ 34.87114, -0.52827 ], [ 34.87112, -0.528 ], [ 34.8711, -0.52791 ], [ 34.87101, -0.52744 ], [ 34.87095, -0.52717 ], [ 34.87076, -0.52618 ], [ 34.8707, -0.52575 ], [ 34.87037, -0.52391 ], [ 34.87035, -0.52383 ], [ 34.87019, -0.52307 ], [ 34.87001, -0.52227 ], [ 34.86981, -0.52146 ], [ 34.86967, -0.52082 ], [ 34.86958, -0.52033 ], [ 34.86951, -0.51992 ], [ 34.86945, -0.51957 ], [ 34.8693, -0.51889 ], [ 34.86928, -0.5188 ], [ 34.86922, -0.51854 ], [ 34.86921, -0.51845 ], [ 34.86913, -0.5181 ], [ 34.86888, -0.51627 ], [ 34.8688, -0.51568 ], [ 34.86884, -0.51569 ], [ 34.86887, -0.51569 ], [ 34.86886, -0.51552 ], [ 34.86886, -0.51539 ], [ 34.86869, -0.51188 ], [ 34.86868, -0.51166 ], [ 34.86875, -0.51125 ], [ 34.86876, -0.51088 ], [ 34.86896, -0.51009 ], [ 34.86913, -0.50915 ], [ 34.86919, -0.50877 ], [ 34.86929, -0.50807 ], [ 34.86933, -0.50805 ], [ 34.8694, -0.50803 ], [ 34.86971, -0.50786 ], [ 34.8699, -0.50772 ], [ 34.87004, -0.50755 ], [ 34.86995, -0.50742 ], [ 34.86986, -0.50731 ], [ 34.86975, -0.50724 ], [ 34.86964, -0.50716 ], [ 34.86937, -0.50704 ], [ 34.86933, -0.50702 ], [ 34.86912, -0.50695 ], [ 34.8689, -0.50686 ], [ 34.86885, -0.50684 ], [ 34.86871, -0.50678 ], [ 34.86865, -0.50671 ], [ 34.86858, -0.50655 ], [ 34.86849, -0.50626 ], [ 34.86838, -0.50608 ], [ 34.8683, -0.50602 ], [ 34.86813, -0.50597 ], [ 34.86804, -0.50594 ], [ 34.86796, -0.50596 ], [ 34.86787, -0.50601 ], [ 34.86774, -0.50626 ], [ 34.86756, -0.50639 ], [ 34.86752, -0.50644 ], [ 34.86745, -0.50653 ], [ 34.86729, -0.50661 ], [ 34.86713, -0.50666 ], [ 34.86692, -0.50662 ], [ 34.86684, -0.50658 ], [ 34.86676, -0.50652 ], [ 34.86669, -0.5064 ], [ 34.86665, -0.50632 ], [ 34.86663, -0.50619 ], [ 34.86657, -0.50606 ], [ 34.86653, -0.50591 ], [ 34.86646, -0.50579 ], [ 34.86638, -0.50571 ], [ 34.86603, -0.50549 ], [ 34.86597, -0.50544 ], [ 34.86576, -0.50529 ], [ 34.86539, -0.505 ], [ 34.86507, -0.50471 ], [ 34.8649, -0.50448 ], [ 34.86474, -0.50428 ], [ 34.86459, -0.50417 ], [ 34.86449, -0.50412 ], [ 34.86434, -0.50404 ], [ 34.86416, -0.50397 ], [ 34.86397, -0.50391 ], [ 34.8634, -0.50367 ], [ 34.86285, -0.50354 ], [ 34.86285, -0.50354 ], [ 34.86234, -0.5034 ], [ 34.86186, -0.50326 ], [ 34.86185, -0.50327 ], [ 34.86182, -0.50323 ], [ 34.862, -0.50309 ], [ 34.8624, -0.5029 ], [ 34.86282, -0.5027 ], [ 34.86384, -0.50222 ], [ 34.86448, -0.50184 ], [ 34.86454, -0.50181 ], [ 34.86461, -0.50176 ], [ 34.86474, -0.50167 ], [ 34.86552, -0.50097 ], [ 34.86628, -0.50041 ], [ 34.86707, -0.4998 ], [ 34.86787, -0.49927 ], [ 34.86855, -0.49871 ], [ 34.86949, -0.49803 ], [ 34.87033, -0.49729 ], [ 34.87114, -0.49674 ], [ 34.87187, -0.49625 ], [ 34.87266, -0.49561 ], [ 34.87343, -0.49502 ], [ 34.87412, -0.49447 ], [ 34.87438, -0.49427 ], [ 34.87462, -0.49416 ], [ 34.87479, -0.4939 ], [ 34.87519, -0.49366 ], [ 34.87552, -0.49333 ], [ 34.87592, -0.49325 ], [ 34.87625, -0.49283 ], [ 34.87667, -0.49262 ], [ 34.8769, -0.4923 ], [ 34.87701, -0.49225 ], [ 34.87723, -0.49215 ], [ 34.87746, -0.49205 ], [ 34.87759, -0.49177 ], [ 34.87812, -0.49149 ], [ 34.87858, -0.4911 ], [ 34.87888, -0.49092 ], [ 34.87939, -0.49059 ], [ 34.8799, -0.49029 ], [ 34.8802, -0.49001 ], [ 34.88059, -0.48968 ], [ 34.88074, -0.48963 ], [ 34.88128, -0.48946 ], [ 34.88184, -0.48932 ], [ 34.88229, -0.48917 ], [ 34.88276, -0.48901 ], [ 34.88315, -0.48892 ], [ 34.88371, -0.48889 ], [ 34.88416, -0.48867 ], [ 34.88468, -0.48859 ], [ 34.88515, -0.48853 ], [ 34.8856, -0.48834 ], [ 34.88596, -0.48826 ], [ 34.88653, -0.48808 ], [ 34.88681, -0.48794 ], [ 34.88754, -0.48786 ], [ 34.88789, -0.48769 ], [ 34.88844, -0.48765 ], [ 34.88842, -0.48768 ], [ 34.88857, -0.48763 ], [ 34.88937, -0.48735 ], [ 34.89013, -0.48715 ], [ 34.89054, -0.48701 ], [ 34.89124, -0.48676 ], [ 34.89226, -0.48669 ], [ 34.89312, -0.48642 ], [ 34.89347, -0.48636 ], [ 34.89337, -0.48644 ], [ 34.89394, -0.48631 ], [ 34.8954, -0.48595 ], [ 34.89715, -0.48544 ], [ 34.89925, -0.48501 ], [ 34.90131, -0.48441 ], [ 34.90307, -0.48384 ], [ 34.90311, -0.48385 ], [ 34.90508, -0.48343 ], [ 34.90533, -0.48334 ], [ 34.90558, -0.48326 ], [ 34.90731, -0.48265 ], [ 34.90804, -0.48235 ], [ 34.90805, -0.48225 ], [ 34.90809, -0.48227 ], [ 34.90899, -0.48176 ], [ 34.90903, -0.48174 ], [ 34.90907, -0.48172 ], [ 34.90974, -0.48135 ], [ 34.91079, -0.48077 ], [ 34.91263, -0.47991 ], [ 34.91439, -0.47901 ], [ 34.91451, -0.47896 ], [ 34.91623, -0.47824 ], [ 34.91786, -0.47734 ], [ 34.91868, -0.47692 ], [ 34.91868, -0.47692 ], [ 34.9214, -0.47554 ], [ 34.9233, -0.47461 ], [ 34.92498, -0.4738 ], [ 34.92504, -0.47378 ], [ 34.92675, -0.47284 ], [ 34.92837, -0.4721 ], [ 34.92907, -0.47174 ], [ 34.92989, -0.47132 ], [ 34.9299, -0.47136 ], [ 34.92989, -0.47137 ], [ 34.93104, -0.47175 ], [ 34.9324, -0.47289 ], [ 34.93388, -0.47391 ], [ 34.93503, -0.47493 ], [ 34.93592, -0.47523 ], [ 34.93668, -0.47557 ], [ 34.9374, -0.47607 ], [ 34.93753, -0.47773 ], [ 34.93728, -0.47989 ], [ 34.93723, -0.4815 ], [ 34.9369, -0.48324 ], [ 34.9369, -0.4846 ], [ 34.93685, -0.48592 ], [ 34.93664, -0.48693 ], [ 34.93664, -0.48693 ], [ 34.93624, -0.48834 ], [ 34.936, -0.48926 ], [ 34.93568, -0.49046 ], [ 34.93553, -0.49119 ], [ 34.9354, -0.49196 ], [ 34.93525, -0.49269 ], [ 34.93525, -0.4927 ], [ 34.93521, -0.49292 ], [ 34.93508, -0.49376 ], [ 34.93517, -0.49448 ], [ 34.93508, -0.49515 ], [ 34.93501, -0.49589 ], [ 34.93495, -0.49615 ], [ 34.93493, -0.49688 ], [ 34.93462, -0.49811 ], [ 34.93441, -0.49945 ], [ 34.93413, -0.50087 ], [ 34.93392, -0.50213 ], [ 34.93375, -0.5029 ], [ 34.93358, -0.50364 ], [ 34.93351, -0.50413 ], [ 34.93339, -0.5047 ], [ 34.93337, -0.50482 ], [ 34.93312, -0.50523 ], [ 34.93328, -0.50532 ], [ 34.93313, -0.5055 ], [ 34.933, -0.50576 ], [ 34.93291, -0.50598 ], [ 34.93291, -0.5063 ], [ 34.93291, -0.5065 ], [ 34.933, -0.50683 ], [ 34.9331, -0.50707 ], [ 34.93322, -0.50733 ], [ 34.93322, -0.50768 ], [ 34.93312, -0.508 ], [ 34.93285, -0.50848 ], [ 34.93269, -0.50885 ], [ 34.93252, -0.50909 ], [ 34.93235, -0.50945 ], [ 34.93223, -0.50954 ], [ 34.93223, -0.5097 ], [ 34.93217, -0.50986 ], [ 34.93217, -0.51009 ], [ 34.93223, -0.51034 ], [ 34.93236, -0.51056 ], [ 34.9324, -0.51077 ], [ 34.93238, -0.51099 ], [ 34.93228, -0.5112 ], [ 34.93215, -0.51142 ], [ 34.93199, -0.51172 ], [ 34.93188, -0.51193 ], [ 34.93181, -0.51213 ], [ 34.93171, -0.51239 ], [ 34.93168, -0.51261 ], [ 34.93168, -0.51262 ], [ 34.9317, -0.51278 ], [ 34.93178, -0.51305 ], [ 34.93173, -0.5133 ], [ 34.93164, -0.51355 ], [ 34.93148, -0.5138 ], [ 34.93142, -0.51399 ], [ 34.93127, -0.51424 ], [ 34.93127, -0.5145 ], [ 34.93126, -0.51474 ], [ 34.93129, -0.51499 ], [ 34.93137, -0.51522 ], [ 34.9314, -0.51554 ], [ 34.93129, -0.5158 ], [ 34.93114, -0.51612 ], [ 34.93106, -0.51636 ], [ 34.93098, -0.5166 ], [ 34.93087, -0.51705 ], [ 34.93076, -0.51757 ], [ 34.93065, -0.51811 ], [ 34.93056, -0.51873 ], [ 34.93053, -0.51932 ], [ 34.93045, -0.51994 ], [ 34.93036, -0.52058 ], [ 34.9303, -0.52132 ], [ 34.9303, -0.52166 ], [ 34.93008, -0.52196 ], [ 34.93006, -0.52238 ], [ 34.92999, -0.52301 ], [ 34.92992, -0.52374 ], [ 34.92983, -0.52441 ], [ 34.92972, -0.52509 ], [ 34.92961, -0.52562 ], [ 34.92953, -0.526 ], [ 34.9294, -0.52635 ], [ 34.92922, -0.52655 ], [ 34.929, -0.52677 ], [ 34.92891, -0.52686 ], [ 34.92891, -0.52687 ], [ 34.92894, -0.52716 ], [ 34.92891, -0.52734 ], [ 34.92888, -0.52779 ], [ 34.92883, -0.52819 ], [ 34.92883, -0.52875 ], [ 34.92881, -0.52924 ], [ 34.92881, -0.52966 ], [ 34.92878, -0.53019 ], [ 34.92877, -0.53074 ], [ 34.92877, -0.53136 ], [ 34.92877, -0.5318 ], [ 34.92877, -0.53219 ], [ 34.92877, -0.53256 ], [ 34.92877, -0.5328 ], [ 34.92891, -0.53318 ], [ 34.92899, -0.53346 ], [ 34.92897, -0.53349 ], [ 34.92908, -0.53376 ], [ 34.92916, -0.53405 ], [ 34.92927, -0.5345 ], [ 34.92942, -0.535 ], [ 34.92963, -0.53538 ], [ 34.92972, -0.53576 ], [ 34.92993, -0.53631 ], [ 34.93011, -0.53686 ], [ 34.93029, -0.53735 ], [ 34.93039, -0.53769 ], [ 34.93045, -0.53786 ], [ 34.93052, -0.53819 ], [ 34.93055, -0.53849 ], [ 34.93056, -0.53875 ], [ 34.93057, -0.53909 ], [ 34.93061, -0.53963 ], [ 34.93071, -0.54017 ], [ 34.93074, -0.54054 ], [ 34.9309, -0.54113 ], [ 34.93098, -0.54141 ], [ 34.93105, -0.5418 ], [ 34.93105, -0.54186 ], [ 34.93103, -0.54198 ], [ 34.93103, -0.54202 ], [ 34.93093, -0.54219 ], [ 34.93087, -0.54234 ], [ 34.93087, -0.54253 ], [ 34.93092, -0.54274 ], [ 34.93105, -0.54298 ], [ 34.93103, -0.54313 ], [ 34.93132, -0.54321 ], [ 34.93171, -0.54326 ], [ 34.93197, -0.54331 ], [ 34.93217, -0.54332 ], [ 34.93242, -0.54337 ], [ 34.93267, -0.54337 ], [ 34.93291, -0.54337 ], [ 34.9331, -0.54337 ], [ 34.93328, -0.54338 ], [ 34.93355, -0.54338 ], [ 34.9339, -0.54339 ], [ 34.93415, -0.5434 ], [ 34.93443, -0.5434 ], [ 34.93474, -0.54341 ], [ 34.935, -0.54341 ], [ 34.93531, -0.54341 ], [ 34.93566, -0.54342 ], [ 34.93604, -0.54342 ], [ 34.93643, -0.54344 ], [ 34.93691, -0.54356 ], [ 34.93729, -0.54367 ], [ 34.93745, -0.54381 ], [ 34.93764, -0.54398 ], [ 34.93766, -0.54403 ], [ 34.93768, -0.54407 ], [ 34.93785, -0.54414 ], [ 34.93808, -0.54422 ], [ 34.93824, -0.54431 ], [ 34.93862, -0.54439 ], [ 34.93877, -0.54441 ], [ 34.93901, -0.54437 ], [ 34.93908, -0.54431 ], [ 34.93923, -0.54431 ], [ 34.93947, -0.54431 ], [ 34.93961, -0.54426 ], [ 34.93975, -0.54418 ], [ 34.93996, -0.54416 ], [ 34.94014, -0.54416 ], [ 34.94039, -0.54416 ], [ 34.94062, -0.54416 ], [ 34.94095, -0.54416 ], [ 34.94129, -0.54401 ], [ 34.94132, -0.54419 ], [ 34.94147, -0.54444 ], [ 34.94149, -0.54477 ], [ 34.94149, -0.54527 ], [ 34.94151, -0.54569 ], [ 34.94159, -0.54615 ], [ 34.94164, -0.54649 ], [ 34.94164, -0.54696 ], [ 34.94164, -0.54741 ], [ 34.9417, -0.54767 ], [ 34.94176, -0.54796 ], [ 34.94176, -0.54829 ], [ 34.94181, -0.54864 ], [ 34.94186, -0.549 ], [ 34.94191, -0.54938 ], [ 34.94205, -0.54969 ], [ 34.94208, -0.54988 ], [ 34.9421, -0.55014 ], [ 34.9421, -0.55043 ], [ 34.94216, -0.55068 ], [ 34.94231, -0.55087 ], [ 34.94251, -0.55111 ], [ 34.94261, -0.55134 ], [ 34.94272, -0.55169 ], [ 34.94274, -0.55203 ], [ 34.94283, -0.55238 ], [ 34.94286, -0.55271 ] ] ] } }
]
}
