{
"type": "FeatureCollection",
"crs": { "type": "name", "properties": { "name": "urn:ogc:def:crs:OGC:1.3:CRS84" } },
"features": [
{ "type": "Feature", "properties": { "entity_id": 290, "p_entity": 37, "name": "Kieni East Sub County" }, "geometry": { "type": "Polygon", "coordinates": [ [ [ 37.12147, -0.02177 ], [ 37.12149, -0.0218 ], [ 37.12158, -0.02206 ], [ 37.12173, -0.02234 ], [ 37.1219, -0.02259 ], [ 37.12197, -0.02266 ], [ 37.12216, -0.02284 ], [ 37.12253, -0.02309 ], [ 37.12296, -0.02337 ], [ 37.12312, -0.02352 ], [ 37.12319, -0.02357 ], [ 37.12347, -0.02377 ], [ 37.12355, -0.02383 ], [ 37.12363, -0.02388 ], [ 37.12376, -0.02397 ], [ 37.12406, -0.0241 ], [ 37.12424, -0.02417 ], [ 37.12459, -0.02429 ], [ 37.12466, -0.02434 ], [ 37.12493, -0.02453 ], [ 37.12519, -0.0248 ], [ 37.12533, -0.02509 ], [ 37.12544, -0.02554 ], [ 37.12546, -0.02569 ], [ 37.12547, -0.02586 ], [ 37.12554, -0.02611 ], [ 37.1257, -0.02637 ], [ 37.12594, -0.02663 ], [ 37.12623, -0.02683 ], [ 37.12653, -0.02703 ], [ 37.12657, -0.02704 ], [ 37.12691, -0.02716 ], [ 37.12719, -0.0273 ], [ 37.1274, -0.0274 ], [ 37.12769, -0.0274 ], [ 37.12793, -0.0274 ], [ 37.12819, -0.02738 ], [ 37.12849, -0.02733 ], [ 37.12851, -0.02733 ], [ 37.12877, -0.02731 ], [ 37.12907, -0.02733 ], [ 37.1294, -0.02756 ], [ 37.12974, -0.02793 ], [ 37.12991, -0.02828 ], [ 37.12998, -0.02857 ], [ 37.13007, -0.02895 ], [ 37.13014, -0.02911 ], [ 37.13024, -0.02934 ], [ 37.13047, -0.02981 ], [ 37.1306, -0.02997 ], [ 37.13073, -0.03011 ], [ 37.13096, -0.03038 ], [ 37.13123, -0.03048 ], [ 37.13158, -0.03048 ], [ 37.13195, -0.03042 ], [ 37.13218, -0.03035 ], [ 37.13253, -0.03034 ], [ 37.13275, -0.03034 ], [ 37.13278, -0.03034 ], [ 37.13304, -0.0305 ], [ 37.13317, -0.03071 ], [ 37.13321, -0.03102 ], [ 37.13321, -0.03128 ], [ 37.13314, -0.03167 ], [ 37.133, -0.03205 ], [ 37.13295, -0.03213 ], [ 37.13274, -0.03244 ], [ 37.1326, -0.03265 ], [ 37.13255, -0.03284 ], [ 37.1325, -0.03304 ], [ 37.1325, -0.03327 ], [ 37.1325, -0.03349 ], [ 37.13251, -0.03374 ], [ 37.13249, -0.03403 ], [ 37.13248, -0.03409 ], [ 37.13244, -0.03435 ], [ 37.1324, -0.03472 ], [ 37.1324, -0.03509 ], [ 37.13238, -0.03541 ], [ 37.13253, -0.03583 ], [ 37.13265, -0.03613 ], [ 37.13297, -0.03651 ], [ 37.13325, -0.03676 ], [ 37.13352, -0.03695 ], [ 37.13375, -0.03709 ], [ 37.13404, -0.03721 ], [ 37.13424, -0.03726 ], [ 37.1346, -0.03743 ], [ 37.13485, -0.03746 ], [ 37.13524, -0.03772 ], [ 37.13547, -0.03796 ], [ 37.1357, -0.0383 ], [ 37.1358, -0.03869 ], [ 37.13636, -0.03922 ], [ 37.13683, -0.03985 ], [ 37.1372, -0.04013 ], [ 37.13746, -0.04026 ], [ 37.13938, -0.04165 ], [ 37.14026, -0.04222 ], [ 37.14206, -0.04338 ], [ 37.14214, -0.04343 ], [ 37.14346, -0.0441 ], [ 37.14354, -0.04415 ], [ 37.14534, -0.04552 ], [ 37.14535, -0.04552 ], [ 37.14851, -0.0476 ], [ 37.1488, -0.04777 ], [ 37.14885, -0.0478 ], [ 37.14931, -0.04812 ], [ 37.15157, -0.04961 ], [ 37.15229, -0.05003 ], [ 37.15242, -0.05013 ], [ 37.15329, -0.05074 ], [ 37.15561, -0.05226 ], [ 37.15654, -0.0528 ], [ 37.15728, -0.05332 ], [ 37.15802, -0.05379 ], [ 37.15885, -0.05428 ], [ 37.15947, -0.05476 ], [ 37.16003, -0.05514 ], [ 37.16004, -0.05514 ], [ 37.18368, -0.07064 ], [ 37.2377, -0.10603 ], [ 37.23654, -0.10595 ], [ 37.2364, -0.1061 ], [ 37.23604, -0.10649 ], [ 37.23564, -0.10693 ], [ 37.23544, -0.10716 ], [ 37.23523, -0.10765 ], [ 37.23517, -0.10811 ], [ 37.23525, -0.1088 ], [ 37.23527, -0.10895 ], [ 37.23536, -0.10953 ], [ 37.23553, -0.11042 ], [ 37.23558, -0.11144 ], [ 37.23558, -0.11195 ], [ 37.23575, -0.11231 ], [ 37.23617, -0.11278 ], [ 37.23665, -0.11326 ], [ 37.237, -0.11362 ], [ 37.23728, -0.11401 ], [ 37.23734, -0.11436 ], [ 37.23718, -0.11464 ], [ 37.23687, -0.11486 ], [ 37.2365, -0.11518 ], [ 37.2362, -0.11548 ], [ 37.23609, -0.11579 ], [ 37.23604, -0.11612 ], [ 37.23615, -0.11657 ], [ 37.23645, -0.11712 ], [ 37.23689, -0.11821 ], [ 37.23711, -0.11907 ], [ 37.23712, -0.11912 ], [ 37.2374, -0.12019 ], [ 37.2375, -0.1208 ], [ 37.23737, -0.12118 ], [ 37.23711, -0.12138 ], [ 37.23682, -0.12149 ], [ 37.23661, -0.12149 ], [ 37.23622, -0.12133 ], [ 37.23603, -0.12112 ], [ 37.23573, -0.12079 ], [ 37.23472, -0.11957 ], [ 37.23398, -0.11884 ], [ 37.23342, -0.1182 ], [ 37.23267, -0.11749 ], [ 37.23222, -0.11723 ], [ 37.23172, -0.11704 ], [ 37.23144, -0.11704 ], [ 37.23113, -0.11707 ], [ 37.23074, -0.11726 ], [ 37.23036, -0.11771 ], [ 37.23007, -0.11816 ], [ 37.22994, -0.11862 ], [ 37.22991, -0.11944 ], [ 37.23002, -0.12065 ], [ 37.23019, -0.12155 ], [ 37.23043, -0.12252 ], [ 37.2308, -0.12336 ], [ 37.23099, -0.12417 ], [ 37.23118, -0.12489 ], [ 37.23127, -0.12561 ], [ 37.23132, -0.12659 ], [ 37.23132, -0.12726 ], [ 37.23125, -0.12762 ], [ 37.231, -0.12784 ], [ 37.23049, -0.12796 ], [ 37.23022, -0.128 ], [ 37.22966, -0.12786 ], [ 37.22891, -0.12743 ], [ 37.22835, -0.12689 ], [ 37.22726, -0.12562 ], [ 37.22629, -0.12475 ], [ 37.2259, -0.12455 ], [ 37.22556, -0.12444 ], [ 37.22515, -0.12439 ], [ 37.22496, -0.12439 ], [ 37.22476, -0.12447 ], [ 37.22459, -0.12472 ], [ 37.22451, -0.125 ], [ 37.22454, -0.12536 ], [ 37.22454, -0.12572 ], [ 37.22453, -0.12605 ], [ 37.22434, -0.12629 ], [ 37.22414, -0.12662 ], [ 37.22389, -0.12678 ], [ 37.22359, -0.12695 ], [ 37.22311, -0.12704 ], [ 37.22273, -0.12706 ], [ 37.22237, -0.12711 ], [ 37.22205, -0.12717 ], [ 37.22184, -0.12731 ], [ 37.22178, -0.12736 ], [ 37.22153, -0.12751 ], [ 37.22134, -0.12778 ], [ 37.22122, -0.12807 ], [ 37.22116, -0.12857 ], [ 37.22112, -0.12892 ], [ 37.221, -0.12921 ], [ 37.22077, -0.1301 ], [ 37.22052, -0.13073 ], [ 37.22042, -0.1312 ], [ 37.22044, -0.13173 ], [ 37.22062, -0.13226 ], [ 37.22088, -0.13255 ], [ 37.22163, -0.1331 ], [ 37.22268, -0.13418 ], [ 37.22304, -0.13463 ], [ 37.22332, -0.13502 ], [ 37.22335, -0.13538 ], [ 37.22334, -0.13566 ], [ 37.22307, -0.13594 ], [ 37.2225, -0.13616 ], [ 37.22169, -0.13642 ], [ 37.22085, -0.13662 ], [ 37.22024, -0.1369 ], [ 37.21993, -0.13728 ], [ 37.21993, -0.13772 ], [ 37.22008, -0.13818 ], [ 37.22057, -0.13872 ], [ 37.22113, -0.13925 ], [ 37.22136, -0.13966 ], [ 37.22138, -0.13999 ], [ 37.22126, -0.14025 ], [ 37.22087, -0.14045 ], [ 37.22049, -0.14053 ], [ 37.2197, -0.14053 ], [ 37.21896, -0.14065 ], [ 37.2185, -0.1409 ], [ 37.21837, -0.14122 ], [ 37.21837, -0.14159 ], [ 37.21843, -0.142 ], [ 37.2187, -0.14238 ], [ 37.21904, -0.1428 ], [ 37.22005, -0.14335 ], [ 37.22095, -0.14381 ], [ 37.22159, -0.14414 ], [ 37.22218, -0.14458 ], [ 37.22233, -0.14495 ], [ 37.2223, -0.14524 ], [ 37.2221, -0.14545 ], [ 37.22177, -0.14568 ], [ 37.22133, -0.14593 ], [ 37.22046, -0.14634 ], [ 37.21994, -0.14652 ], [ 37.21945, -0.14663 ], [ 37.21905, -0.14666 ], [ 37.21863, -0.14673 ], [ 37.21826, -0.14692 ], [ 37.21793, -0.14718 ], [ 37.21789, -0.1472 ], [ 37.21765, -0.14765 ], [ 37.2175, -0.14808 ], [ 37.2175, -0.14849 ], [ 37.21756, -0.14896 ], [ 37.21778, -0.14956 ], [ 37.21794, -0.15001 ], [ 37.21809, -0.15039 ], [ 37.21814, -0.15112 ], [ 37.21834, -0.15225 ], [ 37.21877, -0.15319 ], [ 37.219, -0.15404 ], [ 37.21892, -0.15475 ], [ 37.21844, -0.15515 ], [ 37.21763, -0.15548 ], [ 37.21604, -0.15601 ], [ 37.21653, -0.15646 ], [ 37.21698, -0.15695 ], [ 37.21759, -0.15724 ], [ 37.21839, -0.15738 ], [ 37.21923, -0.15721 ], [ 37.22003, -0.15648 ], [ 37.22069, -0.15604 ], [ 37.2209, -0.15594 ], [ 37.22126, -0.15604 ], [ 37.22154, -0.15653 ], [ 37.22154, -0.15693 ], [ 37.2213, -0.15773 ], [ 37.22121, -0.1582 ], [ 37.22119, -0.15855 ], [ 37.22133, -0.15883 ], [ 37.22187, -0.15895 ], [ 37.22243, -0.15909 ], [ 37.22349, -0.15902 ], [ 37.22382, -0.15902 ], [ 37.22422, -0.15923 ], [ 37.22424, -0.15952 ], [ 37.2241, -0.1598 ], [ 37.22347, -0.16018 ], [ 37.22281, -0.16046 ], [ 37.22227, -0.16086 ], [ 37.22133, -0.16184 ], [ 37.22032, -0.16267 ], [ 37.21963, -0.16309 ], [ 37.21879, -0.16363 ], [ 37.21773, -0.16427 ], [ 37.21648, -0.16511 ], [ 37.21556, -0.16556 ], [ 37.21493, -0.16575 ], [ 37.21389, -0.16603 ], [ 37.21272, -0.16631 ], [ 37.21077, -0.16685 ], [ 37.20914, -0.16702 ], [ 37.20797, -0.16721 ], [ 37.20712, -0.16747 ], [ 37.20618, -0.16782 ], [ 37.2054, -0.16808 ], [ 37.20442, -0.16838 ], [ 37.20338, -0.16869 ], [ 37.20239, -0.16881 ], [ 37.20155, -0.16892 ], [ 37.20063, -0.16921 ], [ 37.19884, -0.16977 ], [ 37.1967, -0.17041 ], [ 37.19559, -0.17083 ], [ 37.19451, -0.17128 ], [ 37.1939, -0.17177 ], [ 37.19298, -0.17236 ], [ 37.19247, -0.17283 ], [ 37.19181, -0.17344 ], [ 37.19155, -0.17396 ], [ 37.1912, -0.17438 ], [ 37.19073, -0.17462 ], [ 37.19016, -0.1748 ], [ 37.18934, -0.1748 ], [ 37.18823, -0.17462 ], [ 37.18755, -0.17417 ], [ 37.18696, -0.17384 ], [ 37.18609, -0.17358 ], [ 37.1852, -0.17346 ], [ 37.18437, -0.17328 ], [ 37.18368, -0.1735 ], [ 37.18272, -0.1737 ], [ 37.18172, -0.17388 ], [ 37.18007, -0.17404 ], [ 37.17829, -0.17414 ], [ 37.17655, -0.17406 ], [ 37.17593, -0.17398 ], [ 37.17547, -0.17392 ], [ 37.17479, -0.17378 ], [ 37.17397, -0.17366 ], [ 37.17275, -0.17352 ], [ 37.17149, -0.1735 ], [ 37.17047, -0.17336 ], [ 37.16931, -0.17302 ], [ 37.16861, -0.17278 ], [ 37.16763, -0.17252 ], [ 37.16707, -0.1725 ], [ 37.16631, -0.1725 ], [ 37.16553, -0.17254 ], [ 37.16491, -0.1726 ], [ 37.16409, -0.17266 ], [ 37.16359, -0.17266 ], [ 37.16229, -0.17262 ], [ 37.16123, -0.1725 ], [ 37.16009, -0.17248 ], [ 37.15851, -0.17242 ], [ 37.15737, -0.1724 ], [ 37.15641, -0.17238 ], [ 37.15535, -0.17236 ], [ 37.15435, -0.1723 ], [ 37.15325, -0.17204 ], [ 37.15207, -0.1719 ], [ 37.15056, -0.1717 ], [ 37.1495, -0.17154 ], [ 37.14849, -0.17144 ], [ 37.1486, -0.17302 ], [ 37.14872, -0.17433 ], [ 37.14883, -0.17572 ], [ 37.14889, -0.17621 ], [ 37.14918, -0.17641 ], [ 37.14974, -0.17632 ], [ 37.15033, -0.17597 ], [ 37.15087, -0.17575 ], [ 37.15164, -0.17561 ], [ 37.15251, -0.17548 ], [ 37.15328, -0.17548 ], [ 37.15404, -0.17559 ], [ 37.1547, -0.17581 ], [ 37.15559, -0.17608 ], [ 37.15626, -0.17619 ], [ 37.15696, -0.17621 ], [ 37.15752, -0.17601 ], [ 37.15807, -0.17586 ], [ 37.15845, -0.17557 ], [ 37.15898, -0.17526 ], [ 37.15991, -0.17504 ], [ 37.16049, -0.17504 ], [ 37.16124, -0.17517 ], [ 37.16187, -0.1753 ], [ 37.16235, -0.17555 ], [ 37.16309, -0.17597 ], [ 37.16357, -0.17619 ], [ 37.16435, -0.17634 ], [ 37.16532, -0.17641 ], [ 37.16615, -0.17641 ], [ 37.16699, -0.17641 ], [ 37.16779, -0.17641 ], [ 37.16865, -0.17641 ], [ 37.16927, -0.17663 ], [ 37.17003, -0.1771 ], [ 37.17087, -0.17756 ], [ 37.17162, -0.17785 ], [ 37.17213, -0.17801 ], [ 37.17289, -0.1783 ], [ 37.17364, -0.17861 ], [ 37.17457, -0.17907 ], [ 37.1753, -0.17956 ], [ 37.17564, -0.17979 ], [ 37.17612, -0.18012 ], [ 37.17652, -0.18027 ], [ 37.17705, -0.18063 ], [ 37.17776, -0.18094 ], [ 37.17833, -0.18099 ], [ 37.17915, -0.18094 ], [ 37.18025, -0.18134 ], [ 37.18107, -0.1817 ], [ 37.18338, -0.18263 ], [ 37.185, -0.18345 ], [ 37.18629, -0.1841 ], [ 37.18761, -0.18465 ], [ 37.189, -0.18534 ], [ 37.19108, -0.18631 ], [ 37.19283, -0.18728 ], [ 37.19394, -0.18812 ], [ 37.19521, -0.18875 ], [ 37.19617, -0.18906 ], [ 37.1971, -0.18913 ], [ 37.19782, -0.18911 ], [ 37.19849, -0.18885 ], [ 37.19901, -0.18843 ], [ 37.1999, -0.18808 ], [ 37.20068, -0.18787 ], [ 37.20179, -0.18761 ], [ 37.2024, -0.18759 ], [ 37.20299, -0.18782 ], [ 37.2039, -0.1882 ], [ 37.20488, -0.18831 ], [ 37.20579, -0.18833 ], [ 37.2064, -0.1882 ], [ 37.20796, -0.1878 ], [ 37.20958, -0.18738 ], [ 37.21048, -0.18707 ], [ 37.21139, -0.18665 ], [ 37.21206, -0.18639 ], [ 37.21256, -0.1862 ], [ 37.21307, -0.18582 ], [ 37.21349, -0.1853 ], [ 37.214, -0.18477 ], [ 37.21452, -0.18437 ], [ 37.21503, -0.18406 ], [ 37.21566, -0.18366 ], [ 37.21616, -0.18324 ], [ 37.21696, -0.18292 ], [ 37.21772, -0.18284 ], [ 37.21858, -0.18256 ], [ 37.21938, -0.18221 ], [ 37.22022, -0.18168 ], [ 37.22109, -0.18118 ], [ 37.22203, -0.18088 ], [ 37.22294, -0.18084 ], [ 37.2237, -0.18092 ], [ 37.22431, -0.18109 ], [ 37.22532, -0.18139 ], [ 37.22578, -0.18145 ], [ 37.22622, -0.1817 ], [ 37.22656, -0.18204 ], [ 37.22654, -0.18242 ], [ 37.2262, -0.18275 ], [ 37.22588, -0.18303 ], [ 37.22571, -0.18343 ], [ 37.22571, -0.18389 ], [ 37.22593, -0.18425 ], [ 37.22654, -0.1845 ], [ 37.22723, -0.18465 ], [ 37.2283, -0.18486 ], [ 37.22904, -0.18498 ], [ 37.22942, -0.18524 ], [ 37.22959, -0.18551 ], [ 37.22959, -0.18591 ], [ 37.22938, -0.18637 ], [ 37.22906, -0.18665 ], [ 37.2283, -0.18715 ], [ 37.22763, -0.18768 ], [ 37.22712, -0.18822 ], [ 37.22649, -0.18873 ], [ 37.22626, -0.18911 ], [ 37.22614, -0.18951 ], [ 37.22622, -0.18993 ], [ 37.22645, -0.19045 ], [ 37.22679, -0.19102 ], [ 37.22706, -0.19144 ], [ 37.22715, -0.19199 ], [ 37.22708, -0.19283 ], [ 37.22712, -0.19386 ], [ 37.22712, -0.19451 ], [ 37.22713, -0.19495 ], [ 37.22739, -0.19541 ], [ 37.2279, -0.1959 ], [ 37.22862, -0.19582 ], [ 37.22926, -0.19574 ], [ 37.22986, -0.19564 ], [ 37.23021, -0.19572 ], [ 37.23029, -0.19588 ], [ 37.23037, -0.19608 ], [ 37.23023, -0.19656 ], [ 37.22988, -0.19684 ], [ 37.22942, -0.19736 ], [ 37.22888, -0.19781 ], [ 37.2287, -0.19827 ], [ 37.22868, -0.19865 ], [ 37.22884, -0.19895 ], [ 37.2291, -0.19921 ], [ 37.22934, -0.19949 ], [ 37.22954, -0.19991 ], [ 37.22956, -0.20027 ], [ 37.22984, -0.20056 ], [ 37.23024, -0.20096 ], [ 37.23064, -0.20117 ], [ 37.23095, -0.20143 ], [ 37.23108, -0.20172 ], [ 37.23106, -0.20218 ], [ 37.23095, -0.20256 ], [ 37.23058, -0.20307 ], [ 37.23039, -0.20336 ], [ 37.23039, -0.20378 ], [ 37.23057, -0.20412 ], [ 37.23089, -0.20454 ], [ 37.23142, -0.20486 ], [ 37.23194, -0.20513 ], [ 37.23251, -0.20526 ], [ 37.23319, -0.2053 ], [ 37.23392, -0.2053 ], [ 37.2343, -0.20532 ], [ 37.23453, -0.20541 ], [ 37.23464, -0.20556 ], [ 37.23464, -0.20575 ], [ 37.23462, -0.20606 ], [ 37.23445, -0.20633 ], [ 37.23424, -0.20652 ], [ 37.23388, -0.20688 ], [ 37.23365, -0.20718 ], [ 37.23342, -0.20752 ], [ 37.23306, -0.20783 ], [ 37.23266, -0.20823 ], [ 37.23243, -0.20854 ], [ 37.23211, -0.20897 ], [ 37.23202, -0.20934 ], [ 37.23202, -0.20958 ], [ 37.23217, -0.20987 ], [ 37.23235, -0.21014 ], [ 37.23256, -0.21034 ], [ 37.23276, -0.21058 ], [ 37.23282, -0.21093 ], [ 37.23281, -0.2113 ], [ 37.23275, -0.21169 ], [ 37.23275, -0.21211 ], [ 37.23279, -0.2125 ], [ 37.23296, -0.2128 ], [ 37.23322, -0.21298 ], [ 37.23367, -0.21299 ], [ 37.23416, -0.21288 ], [ 37.23444, -0.21278 ], [ 37.2349, -0.21263 ], [ 37.23525, -0.21245 ], [ 37.23579, -0.21232 ], [ 37.23618, -0.21224 ], [ 37.23663, -0.21222 ], [ 37.23693, -0.21223 ], [ 37.23707, -0.21228 ], [ 37.23714, -0.21258 ], [ 37.23714, -0.21295 ], [ 37.23711, -0.21345 ], [ 37.23714, -0.21415 ], [ 37.23716, -0.21477 ], [ 37.23721, -0.21521 ], [ 37.2374, -0.21564 ], [ 37.23764, -0.21597 ], [ 37.23804, -0.21637 ], [ 37.23841, -0.21678 ], [ 37.23857, -0.21711 ], [ 37.23858, -0.21744 ], [ 37.23851, -0.21775 ], [ 37.23831, -0.21808 ], [ 37.23797, -0.21826 ], [ 37.23741, -0.21855 ], [ 37.23687, -0.21895 ], [ 37.2366, -0.21918 ], [ 37.23641, -0.21955 ], [ 37.23631, -0.21991 ], [ 37.23631, -0.22036 ], [ 37.23627, -0.22083 ], [ 37.23619, -0.22145 ], [ 37.23616, -0.22183 ], [ 37.23617, -0.22223 ], [ 37.23634, -0.22255 ], [ 37.23647, -0.22286 ], [ 37.23671, -0.22318 ], [ 37.23707, -0.22348 ], [ 37.23759, -0.2238 ], [ 37.23781, -0.22405 ], [ 37.23811, -0.2244 ], [ 37.23838, -0.2248 ], [ 37.23888, -0.22537 ], [ 37.23948, -0.22569 ], [ 37.23994, -0.22594 ], [ 37.24033, -0.22613 ], [ 37.24083, -0.22626 ], [ 37.2417, -0.22632 ], [ 37.24237, -0.22634 ], [ 37.24275, -0.22634 ], [ 37.24321, -0.22643 ], [ 37.24355, -0.22672 ], [ 37.24368, -0.22714 ], [ 37.24367, -0.22752 ], [ 37.2434, -0.22804 ], [ 37.24273, -0.2284 ], [ 37.24231, -0.22864 ], [ 37.24188, -0.229 ], [ 37.24145, -0.22944 ], [ 37.24095, -0.22987 ], [ 37.24047, -0.2302 ], [ 37.24021, -0.23046 ], [ 37.23988, -0.23074 ], [ 37.23977, -0.23114 ], [ 37.23983, -0.23146 ], [ 37.24007, -0.23171 ], [ 37.24038, -0.23204 ], [ 37.24053, -0.23228 ], [ 37.24051, -0.23258 ], [ 37.2403, -0.23307 ], [ 37.24013, -0.23337 ], [ 37.24011, -0.23351 ], [ 37.24007, -0.23373 ], [ 37.24006, -0.23398 ], [ 37.24007, -0.23427 ], [ 37.24014, -0.23458 ], [ 37.24048, -0.23491 ], [ 37.24084, -0.23524 ], [ 37.24145, -0.23568 ], [ 37.242, -0.23594 ], [ 37.2425, -0.23621 ], [ 37.24275, -0.23649 ], [ 37.2428, -0.23694 ], [ 37.24281, -0.23739 ], [ 37.24271, -0.23779 ], [ 37.24258, -0.23806 ], [ 37.24241, -0.23828 ], [ 37.24237, -0.23856 ], [ 37.24235, -0.23899 ], [ 37.24235, -0.23928 ], [ 37.2423, -0.23964 ], [ 37.24231, -0.23995 ], [ 37.24241, -0.24013 ], [ 37.24267, -0.24026 ], [ 37.243, -0.24025 ], [ 37.24341, -0.24018 ], [ 37.24375, -0.24001 ], [ 37.24411, -0.23965 ], [ 37.24445, -0.23914 ], [ 37.24462, -0.23884 ], [ 37.24488, -0.23879 ], [ 37.24512, -0.23898 ], [ 37.24517, -0.23932 ], [ 37.24517, -0.23976 ], [ 37.24511, -0.24016 ], [ 37.2452, -0.24043 ], [ 37.24537, -0.24069 ], [ 37.24567, -0.24089 ], [ 37.24627, -0.24091 ], [ 37.24685, -0.24083 ], [ 37.24788, -0.24078 ], [ 37.24884, -0.24063 ], [ 37.24961, -0.24063 ], [ 37.24993, -0.24068 ], [ 37.24989, -0.24093 ], [ 37.24946, -0.24123 ], [ 37.24901, -0.24149 ], [ 37.24834, -0.24188 ], [ 37.24759, -0.24235 ], [ 37.24704, -0.24283 ], [ 37.24681, -0.24325 ], [ 37.24668, -0.2437 ], [ 37.24664, -0.24417 ], [ 37.24665, -0.24467 ], [ 37.24667, -0.24517 ], [ 37.24684, -0.24565 ], [ 37.24719, -0.24623 ], [ 37.24754, -0.24673 ], [ 37.24799, -0.24726 ], [ 37.24826, -0.24756 ], [ 37.24861, -0.24799 ], [ 37.24906, -0.24833 ], [ 37.24935, -0.24853 ], [ 37.24979, -0.24879 ], [ 37.25018, -0.24899 ], [ 37.25038, -0.24907 ], [ 37.25058, -0.24916 ], [ 37.25032, -0.24934 ], [ 37.24996, -0.24953 ], [ 37.24952, -0.24979 ], [ 37.24892, -0.25014 ], [ 37.24824, -0.25053 ], [ 37.24762, -0.25096 ], [ 37.24702, -0.25141 ], [ 37.24642, -0.25184 ], [ 37.24564, -0.25228 ], [ 37.24528, -0.25261 ], [ 37.2451, -0.25292 ], [ 37.24498, -0.25329 ], [ 37.24481, -0.25362 ], [ 37.24451, -0.25398 ], [ 37.24419, -0.25428 ], [ 37.24399, -0.25456 ], [ 37.24387, -0.2548 ], [ 37.24379, -0.25512 ], [ 37.24379, -0.25542 ], [ 37.24383, -0.25573 ], [ 37.2439, -0.256 ], [ 37.24409, -0.25642 ], [ 37.24418, -0.25664 ], [ 37.2442, -0.25693 ], [ 37.24418, -0.25712 ], [ 37.24411, -0.25724 ], [ 37.24393, -0.25738 ], [ 37.24372, -0.25747 ], [ 37.24356, -0.25756 ], [ 37.24342, -0.25773 ], [ 37.2432, -0.25793 ], [ 37.24298, -0.25809 ], [ 37.24281, -0.25827 ], [ 37.24266, -0.25838 ], [ 37.24246, -0.25843 ], [ 37.2423, -0.25845 ], [ 37.24221, -0.25854 ], [ 37.24216, -0.25869 ], [ 37.24219, -0.25889 ], [ 37.24236, -0.25913 ], [ 37.24244, -0.25927 ], [ 37.24247, -0.2594 ], [ 37.24247, -0.25954 ], [ 37.24239, -0.25967 ], [ 37.24223, -0.25972 ], [ 37.24201, -0.25971 ], [ 37.24179, -0.25968 ], [ 37.24159, -0.25969 ], [ 37.24142, -0.2597 ], [ 37.24127, -0.25977 ], [ 37.24116, -0.25984 ], [ 37.24101, -0.25991 ], [ 37.24077, -0.25995 ], [ 37.24054, -0.25998 ], [ 37.24024, -0.26007 ], [ 37.23995, -0.26023 ], [ 37.23979, -0.26044 ], [ 37.23969, -0.2607 ], [ 37.23965, -0.26097 ], [ 37.23955, -0.26127 ], [ 37.2395, -0.26173 ], [ 37.23944, -0.26197 ], [ 37.23935, -0.26218 ], [ 37.2392, -0.26243 ], [ 37.23899, -0.26262 ], [ 37.23885, -0.26268 ], [ 37.23854, -0.26272 ], [ 37.2383, -0.26272 ], [ 37.2378, -0.26272 ], [ 37.23757, -0.26272 ], [ 37.23741, -0.26276 ], [ 37.23725, -0.2629 ], [ 37.23715, -0.26302 ], [ 37.23705, -0.2632 ], [ 37.23693, -0.26337 ], [ 37.23672, -0.26351 ], [ 37.23644, -0.26366 ], [ 37.23622, -0.26376 ], [ 37.23612, -0.26385 ], [ 37.23601, -0.264 ], [ 37.23588, -0.26417 ], [ 37.2356, -0.26427 ], [ 37.23541, -0.26438 ], [ 37.23523, -0.26463 ], [ 37.23506, -0.26484 ], [ 37.2348, -0.26506 ], [ 37.23452, -0.26528 ], [ 37.23438, -0.26545 ], [ 37.23431, -0.26565 ], [ 37.2343, -0.26583 ], [ 37.23428, -0.2661 ], [ 37.23426, -0.26635 ], [ 37.23424, -0.26662 ], [ 37.2342, -0.26678 ], [ 37.23413, -0.26694 ], [ 37.23398, -0.2671 ], [ 37.23383, -0.26725 ], [ 37.23359, -0.26745 ], [ 37.23333, -0.26759 ], [ 37.23328, -0.26763 ], [ 37.23312, -0.26776 ], [ 37.23293, -0.26789 ], [ 37.23275, -0.26793 ], [ 37.23266, -0.26806 ], [ 37.23256, -0.26825 ], [ 37.23247, -0.26847 ], [ 37.23235, -0.26866 ], [ 37.23222, -0.26875 ], [ 37.23198, -0.2689 ], [ 37.23176, -0.26898 ], [ 37.23152, -0.26907 ], [ 37.23134, -0.26922 ], [ 37.23113, -0.26944 ], [ 37.23103, -0.26962 ], [ 37.23081, -0.26975 ], [ 37.2306, -0.26979 ], [ 37.23008, -0.26979 ], [ 37.2296, -0.26971 ], [ 37.2293, -0.2696 ], [ 37.22908, -0.26958 ], [ 37.22888, -0.26959 ], [ 37.22868, -0.26964 ], [ 37.22858, -0.26976 ], [ 37.22841, -0.26988 ], [ 37.22818, -0.26989 ], [ 37.22799, -0.26989 ], [ 37.22775, -0.26989 ], [ 37.22757, -0.26995 ], [ 37.22738, -0.27004 ], [ 37.22712, -0.27003 ], [ 37.227, -0.26987 ], [ 37.22698, -0.26973 ], [ 37.22683, -0.26959 ], [ 37.22669, -0.26958 ], [ 37.22657, -0.26969 ], [ 37.22649, -0.26985 ], [ 37.22638, -0.27002 ], [ 37.22624, -0.27004 ], [ 37.22602, -0.27006 ], [ 37.22578, -0.27003 ], [ 37.22555, -0.26998 ], [ 37.22538, -0.26999 ], [ 37.22524, -0.26999 ], [ 37.22509, -0.27004 ], [ 37.22494, -0.27007 ], [ 37.22475, -0.27011 ], [ 37.22441, -0.27006 ], [ 37.2241, -0.27003 ], [ 37.22378, -0.27 ], [ 37.22349, -0.26998 ], [ 37.22314, -0.26989 ], [ 37.22278, -0.26974 ], [ 37.22247, -0.26958 ], [ 37.22221, -0.26944 ], [ 37.22198, -0.2694 ], [ 37.22176, -0.26939 ], [ 37.22154, -0.26939 ], [ 37.22127, -0.26946 ], [ 37.22102, -0.26953 ], [ 37.22079, -0.26963 ], [ 37.22059, -0.26966 ], [ 37.22014, -0.26965 ], [ 37.21967, -0.26963 ], [ 37.21937, -0.26962 ], [ 37.21917, -0.26968 ], [ 37.21901, -0.26987 ], [ 37.21886, -0.27006 ], [ 37.21867, -0.2702 ], [ 37.21842, -0.27024 ], [ 37.21816, -0.27026 ], [ 37.21773, -0.27028 ], [ 37.21736, -0.27037 ], [ 37.21698, -0.27051 ], [ 37.2166, -0.27065 ], [ 37.21631, -0.27081 ], [ 37.21601, -0.27106 ], [ 37.21578, -0.27128 ], [ 37.2156, -0.27144 ], [ 37.21547, -0.27158 ], [ 37.2153, -0.2716 ], [ 37.21511, -0.27158 ], [ 37.21494, -0.27151 ], [ 37.21477, -0.27151 ], [ 37.21464, -0.27159 ], [ 37.21454, -0.27174 ], [ 37.21439, -0.27191 ], [ 37.21419, -0.27203 ], [ 37.21389, -0.27216 ], [ 37.21354, -0.27232 ], [ 37.21324, -0.27252 ], [ 37.21299, -0.27271 ], [ 37.21275, -0.27296 ], [ 37.21255, -0.27322 ], [ 37.21242, -0.27351 ], [ 37.21234, -0.27369 ], [ 37.21212, -0.27392 ], [ 37.21193, -0.27399 ], [ 37.21156, -0.2741 ], [ 37.2113, -0.27417 ], [ 37.21105, -0.27422 ], [ 37.21078, -0.27444 ], [ 37.21058, -0.27465 ], [ 37.21028, -0.27501 ], [ 37.2101, -0.27522 ], [ 37.2099, -0.27543 ], [ 37.20969, -0.27553 ], [ 37.20947, -0.27561 ], [ 37.20936, -0.27571 ], [ 37.20919, -0.27592 ], [ 37.20896, -0.27615 ], [ 37.20873, -0.27632 ], [ 37.20851, -0.27651 ], [ 37.20824, -0.27668 ], [ 37.208, -0.27674 ], [ 37.20767, -0.27674 ], [ 37.20751, -0.27668 ], [ 37.20731, -0.27663 ], [ 37.20717, -0.27663 ], [ 37.20698, -0.27666 ], [ 37.20679, -0.27675 ], [ 37.20663, -0.27676 ], [ 37.20644, -0.27676 ], [ 37.20617, -0.27672 ], [ 37.2059, -0.27659 ], [ 37.20566, -0.27652 ], [ 37.2054, -0.27651 ], [ 37.20516, -0.27654 ], [ 37.20487, -0.27656 ], [ 37.20456, -0.27661 ], [ 37.2043, -0.27667 ], [ 37.20411, -0.27677 ], [ 37.20396, -0.27698 ], [ 37.20384, -0.27725 ], [ 37.2037, -0.27751 ], [ 37.20358, -0.27773 ], [ 37.20342, -0.27795 ], [ 37.20323, -0.27819 ], [ 37.20306, -0.27842 ], [ 37.20278, -0.2787 ], [ 37.20253, -0.279 ], [ 37.20235, -0.27924 ], [ 37.20222, -0.2795 ], [ 37.20212, -0.27982 ], [ 37.20196, -0.28009 ], [ 37.20182, -0.28027 ], [ 37.20157, -0.28059 ], [ 37.20123, -0.28092 ], [ 37.20099, -0.28117 ], [ 37.2008, -0.28134 ], [ 37.20057, -0.28154 ], [ 37.20028, -0.2817 ], [ 37.20005, -0.28174 ], [ 37.19979, -0.28174 ], [ 37.19948, -0.28173 ], [ 37.19928, -0.28163 ], [ 37.19899, -0.28145 ], [ 37.19879, -0.28139 ], [ 37.19849, -0.28133 ], [ 37.1982, -0.28128 ], [ 37.19786, -0.28128 ], [ 37.19746, -0.28139 ], [ 37.19715, -0.28159 ], [ 37.19685, -0.2818 ], [ 37.19672, -0.28193 ], [ 37.19659, -0.28213 ], [ 37.19652, -0.28233 ], [ 37.19646, -0.28262 ], [ 37.1963, -0.28288 ], [ 37.1961, -0.28299 ], [ 37.1958, -0.28304 ], [ 37.19554, -0.28302 ], [ 37.19517, -0.28303 ], [ 37.19488, -0.28307 ], [ 37.19465, -0.28318 ], [ 37.19446, -0.28334 ], [ 37.19418, -0.28358 ], [ 37.194, -0.28378 ], [ 37.19388, -0.28406 ], [ 37.19374, -0.28427 ], [ 37.19359, -0.28443 ], [ 37.19333, -0.28459 ], [ 37.19292, -0.2848 ], [ 37.19241, -0.28507 ], [ 37.19166, -0.28542 ], [ 37.19132, -0.28558 ], [ 37.19112, -0.28572 ], [ 37.19094, -0.28589 ], [ 37.19083, -0.28606 ], [ 37.19066, -0.28632 ], [ 37.19048, -0.28653 ], [ 37.19019, -0.28678 ], [ 37.1898, -0.28709 ], [ 37.18944, -0.28741 ], [ 37.18921, -0.28773 ], [ 37.18896, -0.28812 ], [ 37.18882, -0.28839 ], [ 37.18871, -0.2886 ], [ 37.1886, -0.28877 ], [ 37.18842, -0.28895 ], [ 37.1882, -0.28905 ], [ 37.1879, -0.28911 ], [ 37.18752, -0.28912 ], [ 37.18721, -0.28912 ], [ 37.18694, -0.28918 ], [ 37.18669, -0.2893 ], [ 37.18644, -0.28955 ], [ 37.18612, -0.28974 ], [ 37.18574, -0.28994 ], [ 37.18539, -0.2901 ], [ 37.18511, -0.2902 ], [ 37.1847, -0.29033 ], [ 37.18418, -0.29047 ], [ 37.18379, -0.29068 ], [ 37.18352, -0.29094 ], [ 37.18319, -0.29124 ], [ 37.183, -0.29134 ], [ 37.1827, -0.29142 ], [ 37.18249, -0.29149 ], [ 37.18228, -0.29159 ], [ 37.18213, -0.29178 ], [ 37.18194, -0.29199 ], [ 37.18171, -0.29209 ], [ 37.18139, -0.29224 ], [ 37.18111, -0.29238 ], [ 37.1807, -0.29259 ], [ 37.18026, -0.29271 ], [ 37.17996, -0.29286 ], [ 37.17974, -0.29304 ], [ 37.17954, -0.29329 ], [ 37.17934, -0.2936 ], [ 37.17914, -0.29389 ], [ 37.17896, -0.29407 ], [ 37.17872, -0.29424 ], [ 37.17838, -0.29447 ], [ 37.17812, -0.29459 ], [ 37.17787, -0.29459 ], [ 37.17762, -0.29459 ], [ 37.17736, -0.29466 ], [ 37.17707, -0.2947 ], [ 37.17687, -0.29479 ], [ 37.17664, -0.29492 ], [ 37.17641, -0.29489 ], [ 37.17614, -0.29483 ], [ 37.17591, -0.2947 ], [ 37.17562, -0.29457 ], [ 37.17546, -0.29448 ], [ 37.17512, -0.29448 ], [ 37.17488, -0.29455 ], [ 37.17461, -0.29468 ], [ 37.17428, -0.29492 ], [ 37.17386, -0.29513 ], [ 37.17338, -0.29545 ], [ 37.17316, -0.29557 ], [ 37.17299, -0.29562 ], [ 37.1727, -0.29571 ], [ 37.17231, -0.29572 ], [ 37.17194, -0.29572 ], [ 37.17162, -0.29566 ], [ 37.17136, -0.29557 ], [ 37.17099, -0.29532 ], [ 37.17058, -0.2951 ], [ 37.1703, -0.29498 ], [ 37.16999, -0.29486 ], [ 37.16972, -0.29486 ], [ 37.16947, -0.29486 ], [ 37.1692, -0.29493 ], [ 37.16895, -0.29496 ], [ 37.16875, -0.29488 ], [ 37.16852, -0.2947 ], [ 37.16829, -0.29454 ], [ 37.16796, -0.29433 ], [ 37.16763, -0.29418 ], [ 37.16737, -0.29408 ], [ 37.16711, -0.29408 ], [ 37.16688, -0.29408 ], [ 37.16667, -0.29416 ], [ 37.16641, -0.29432 ], [ 37.16621, -0.29448 ], [ 37.16601, -0.29467 ], [ 37.16581, -0.29474 ], [ 37.16562, -0.29478 ], [ 37.16532, -0.29478 ], [ 37.16507, -0.29486 ], [ 37.16471, -0.29506 ], [ 37.16437, -0.2953 ], [ 37.16418, -0.29548 ], [ 37.16402, -0.29571 ], [ 37.16387, -0.29582 ], [ 37.16363, -0.29592 ], [ 37.16323, -0.2959 ], [ 37.16272, -0.29587 ], [ 37.16238, -0.29587 ], [ 37.16209, -0.2959 ], [ 37.16174, -0.29598 ], [ 37.16149, -0.29612 ], [ 37.1613, -0.2963 ], [ 37.16108, -0.29656 ], [ 37.16087, -0.29678 ], [ 37.16062, -0.2971 ], [ 37.16041, -0.29744 ], [ 37.16024, -0.29772 ], [ 37.16008, -0.29797 ], [ 37.15987, -0.29821 ], [ 37.15958, -0.29844 ], [ 37.15937, -0.29848 ], [ 37.15893, -0.2985 ], [ 37.15869, -0.29855 ], [ 37.15854, -0.29868 ], [ 37.15843, -0.29893 ], [ 37.15837, -0.29918 ], [ 37.15831, -0.29944 ], [ 37.15816, -0.29971 ], [ 37.15804, -0.29984 ], [ 37.15788, -0.30005 ], [ 37.15769, -0.30032 ], [ 37.15752, -0.3006 ], [ 37.15735, -0.30084 ], [ 37.15715, -0.30103 ], [ 37.15687, -0.30122 ], [ 37.15656, -0.30136 ], [ 37.15629, -0.30145 ], [ 37.15605, -0.30154 ], [ 37.15583, -0.3017 ], [ 37.15568, -0.30196 ], [ 37.15552, -0.30216 ], [ 37.15531, -0.30244 ], [ 37.1551, -0.30265 ], [ 37.15483, -0.30285 ], [ 37.15435, -0.3031 ], [ 37.15399, -0.30333 ], [ 37.15378, -0.3034 ], [ 37.15332, -0.30358 ], [ 37.15319, -0.30366 ], [ 37.15286, -0.30369 ], [ 37.15231, -0.3038 ], [ 37.15166, -0.30382 ], [ 37.15086, -0.30389 ], [ 37.15014, -0.30397 ], [ 37.14957, -0.30408 ], [ 37.14917, -0.30421 ], [ 37.14886, -0.30444 ], [ 37.14868, -0.30469 ], [ 37.14858, -0.30501 ], [ 37.14848, -0.30522 ], [ 37.14839, -0.30533 ], [ 37.14823, -0.3054 ], [ 37.14803, -0.3054 ], [ 37.14787, -0.3053 ], [ 37.14764, -0.30514 ], [ 37.14743, -0.30501 ], [ 37.14718, -0.30496 ], [ 37.14693, -0.30496 ], [ 37.14666, -0.30499 ], [ 37.14636, -0.30508 ], [ 37.14618, -0.30525 ], [ 37.14606, -0.30548 ], [ 37.14585, -0.30558 ], [ 37.14571, -0.30544 ], [ 37.14558, -0.30524 ], [ 37.14548, -0.30511 ], [ 37.14528, -0.30506 ], [ 37.14507, -0.30506 ], [ 37.14486, -0.30522 ], [ 37.1448, -0.30543 ], [ 37.1447, -0.30578 ], [ 37.14454, -0.30606 ], [ 37.14439, -0.30626 ], [ 37.14421, -0.30641 ], [ 37.14396, -0.30643 ], [ 37.14372, -0.3064 ], [ 37.14354, -0.30626 ], [ 37.14336, -0.30618 ], [ 37.1432, -0.30618 ], [ 37.143, -0.30618 ], [ 37.1428, -0.30627 ], [ 37.1426, -0.30634 ], [ 37.14238, -0.30637 ], [ 37.14211, -0.30639 ], [ 37.14182, -0.30645 ], [ 37.14152, -0.30654 ], [ 37.14126, -0.30657 ], [ 37.14098, -0.30655 ], [ 37.14076, -0.30649 ], [ 37.14047, -0.30643 ], [ 37.14013, -0.30642 ], [ 37.13981, -0.30641 ], [ 37.13956, -0.30637 ], [ 37.13946, -0.3062 ], [ 37.1394, -0.30603 ], [ 37.13934, -0.30589 ], [ 37.13919, -0.30582 ], [ 37.13901, -0.30582 ], [ 37.13888, -0.30588 ], [ 37.13873, -0.30602 ], [ 37.13859, -0.30623 ], [ 37.13847, -0.3064 ], [ 37.13831, -0.30658 ], [ 37.13818, -0.30671 ], [ 37.13796, -0.30676 ], [ 37.13779, -0.30676 ], [ 37.13756, -0.30673 ], [ 37.13736, -0.30655 ], [ 37.13713, -0.3065 ], [ 37.13689, -0.30648 ], [ 37.13665, -0.30645 ], [ 37.13636, -0.30639 ], [ 37.13602, -0.30628 ], [ 37.1358, -0.3061 ], [ 37.13566, -0.30588 ], [ 37.13563, -0.3057 ], [ 37.13546, -0.30551 ], [ 37.13518, -0.30544 ], [ 37.13485, -0.30544 ], [ 37.13453, -0.30547 ], [ 37.13423, -0.30556 ], [ 37.13381, -0.30573 ], [ 37.13344, -0.30597 ], [ 37.13322, -0.30603 ], [ 37.1329, -0.30607 ], [ 37.13259, -0.30601 ], [ 37.13234, -0.30583 ], [ 37.13211, -0.30563 ], [ 37.13183, -0.30537 ], [ 37.13156, -0.30523 ], [ 37.13133, -0.30518 ], [ 37.13108, -0.30503 ], [ 37.13081, -0.30493 ], [ 37.1306, -0.30491 ], [ 37.13043, -0.3049 ], [ 37.13017, -0.30495 ], [ 37.13002, -0.30505 ], [ 37.12979, -0.30513 ], [ 37.12955, -0.30518 ], [ 37.12933, -0.30517 ], [ 37.12897, -0.30514 ], [ 37.12866, -0.30514 ], [ 37.12823, -0.30521 ], [ 37.12796, -0.30531 ], [ 37.12773, -0.30551 ], [ 37.12763, -0.30568 ], [ 37.12755, -0.30595 ], [ 37.12738, -0.30633 ], [ 37.12716, -0.30657 ], [ 37.12686, -0.3068 ], [ 37.12651, -0.30701 ], [ 37.12616, -0.30715 ], [ 37.12586, -0.30719 ], [ 37.12559, -0.30721 ], [ 37.12526, -0.30729 ], [ 37.12494, -0.30742 ], [ 37.12453, -0.30765 ], [ 37.12426, -0.30783 ], [ 37.1241, -0.30805 ], [ 37.12402, -0.30829 ], [ 37.12399, -0.30848 ], [ 37.12399, -0.30862 ], [ 37.12395, -0.30875 ], [ 37.12382, -0.30886 ], [ 37.12367, -0.30887 ], [ 37.12352, -0.30887 ], [ 37.1233, -0.30892 ], [ 37.12321, -0.30904 ], [ 37.1231, -0.30919 ], [ 37.12298, -0.30949 ], [ 37.12293, -0.30978 ], [ 37.12296, -0.31001 ], [ 37.12308, -0.31021 ], [ 37.1232, -0.31046 ], [ 37.12323, -0.31069 ], [ 37.12318, -0.31093 ], [ 37.12309, -0.31111 ], [ 37.12294, -0.31132 ], [ 37.1228, -0.31149 ], [ 37.12257, -0.31165 ], [ 37.12246, -0.31182 ], [ 37.12233, -0.31207 ], [ 37.12222, -0.31233 ], [ 37.12208, -0.31251 ], [ 37.12188, -0.31265 ], [ 37.12166, -0.31264 ], [ 37.1214, -0.3125 ], [ 37.12118, -0.3123 ], [ 37.121, -0.3122 ], [ 37.1208, -0.3122 ], [ 37.12053, -0.3122 ], [ 37.12023, -0.31224 ], [ 37.11997, -0.3124 ], [ 37.11978, -0.3126 ], [ 37.11958, -0.31283 ], [ 37.11927, -0.31315 ], [ 37.11898, -0.31338 ], [ 37.11855, -0.31364 ], [ 37.11813, -0.314 ], [ 37.11762, -0.31451 ], [ 37.11724, -0.3148 ], [ 37.11704, -0.31493 ], [ 37.11679, -0.31501 ], [ 37.11652, -0.31509 ], [ 37.11633, -0.31522 ], [ 37.11628, -0.31541 ], [ 37.11632, -0.31563 ], [ 37.11633, -0.31579 ], [ 37.11629, -0.31597 ], [ 37.11615, -0.31611 ], [ 37.1159, -0.31624 ], [ 37.11564, -0.31637 ], [ 37.11536, -0.31653 ], [ 37.11518, -0.31678 ], [ 37.11516, -0.31701 ], [ 37.1152, -0.31717 ], [ 37.11532, -0.31733 ], [ 37.11538, -0.31751 ], [ 37.11536, -0.31764 ], [ 37.11528, -0.31781 ], [ 37.11513, -0.31793 ], [ 37.11491, -0.31802 ], [ 37.11466, -0.31802 ], [ 37.11439, -0.31794 ], [ 37.11417, -0.31779 ], [ 37.11391, -0.31756 ], [ 37.11365, -0.31729 ], [ 37.11325, -0.31689 ], [ 37.11298, -0.31664 ], [ 37.11274, -0.31655 ], [ 37.11257, -0.31655 ], [ 37.11245, -0.31664 ], [ 37.11232, -0.31684 ], [ 37.11206, -0.31713 ], [ 37.11179, -0.31733 ], [ 37.11156, -0.3175 ], [ 37.11132, -0.31758 ], [ 37.11118, -0.3177 ], [ 37.11118, -0.31787 ], [ 37.11119, -0.31804 ], [ 37.11124, -0.31832 ], [ 37.11123, -0.31857 ], [ 37.11112, -0.31875 ], [ 37.11092, -0.319 ], [ 37.11062, -0.31924 ], [ 37.11022, -0.31957 ], [ 37.10987, -0.31984 ], [ 37.10952, -0.32017 ], [ 37.10932, -0.32043 ], [ 37.10912, -0.3207 ], [ 37.10897, -0.3209 ], [ 37.10879, -0.32102 ], [ 37.10863, -0.32112 ], [ 37.1084, -0.32115 ], [ 37.1082, -0.32116 ], [ 37.10795, -0.32123 ], [ 37.10778, -0.32131 ], [ 37.10775, -0.32148 ], [ 37.10775, -0.32165 ], [ 37.10776, -0.32184 ], [ 37.10778, -0.32203 ], [ 37.10771, -0.32224 ], [ 37.10757, -0.3224 ], [ 37.10743, -0.32247 ], [ 37.10723, -0.32258 ], [ 37.10703, -0.32277 ], [ 37.10683, -0.32296 ], [ 37.10659, -0.32326 ], [ 37.1064, -0.3235 ], [ 37.10629, -0.32365 ], [ 37.1062, -0.32397 ], [ 37.1062, -0.32431 ], [ 37.10623, -0.32481 ], [ 37.10624, -0.32548 ], [ 37.10624, -0.32591 ], [ 37.10623, -0.32625 ], [ 37.10615, -0.32648 ], [ 37.10603, -0.32671 ], [ 37.10588, -0.32699 ], [ 37.10572, -0.32724 ], [ 37.10558, -0.32734 ], [ 37.10543, -0.32743 ], [ 37.10518, -0.32744 ], [ 37.10495, -0.32744 ], [ 37.10468, -0.32744 ], [ 37.10444, -0.32746 ], [ 37.10423, -0.32751 ], [ 37.10404, -0.32764 ], [ 37.10389, -0.32788 ], [ 37.10385, -0.32814 ], [ 37.10382, -0.3285 ], [ 37.10379, -0.32885 ], [ 37.10366, -0.32908 ], [ 37.10349, -0.32918 ], [ 37.10333, -0.32918 ], [ 37.10309, -0.32915 ], [ 37.10288, -0.32908 ], [ 37.10254, -0.32907 ], [ 37.10227, -0.32909 ], [ 37.10208, -0.32918 ], [ 37.10204, -0.32935 ], [ 37.10202, -0.32957 ], [ 37.102, -0.32983 ], [ 37.10191, -0.33005 ], [ 37.10175, -0.33018 ], [ 37.10162, -0.33028 ], [ 37.10138, -0.33043 ], [ 37.10118, -0.33055 ], [ 37.101, -0.33069 ], [ 37.10083, -0.33085 ], [ 37.10066, -0.3311 ], [ 37.10055, -0.33126 ], [ 37.10037, -0.3314 ], [ 37.10011, -0.33153 ], [ 37.09978, -0.33161 ], [ 37.09932, -0.33167 ], [ 37.09902, -0.33177 ], [ 37.09882, -0.33191 ], [ 37.09868, -0.33203 ], [ 37.09855, -0.33225 ], [ 37.09855, -0.33242 ], [ 37.09866, -0.33263 ], [ 37.09878, -0.33291 ], [ 37.09877, -0.33311 ], [ 37.0986, -0.33328 ], [ 37.09841, -0.33338 ], [ 37.09813, -0.33346 ], [ 37.09793, -0.33359 ], [ 37.09784, -0.33376 ], [ 37.09779, -0.33397 ], [ 37.09768, -0.33412 ], [ 37.09745, -0.33423 ], [ 37.09721, -0.33425 ], [ 37.097, -0.33423 ], [ 37.09678, -0.33412 ], [ 37.0966, -0.33401 ], [ 37.09639, -0.33396 ], [ 37.09617, -0.33396 ], [ 37.09582, -0.33397 ], [ 37.09562, -0.33406 ], [ 37.09548, -0.33426 ], [ 37.09543, -0.33453 ], [ 37.09545, -0.33468 ], [ 37.09532, -0.33486 ], [ 37.09507, -0.33498 ], [ 37.09477, -0.335 ], [ 37.09451, -0.33497 ], [ 37.09427, -0.33486 ], [ 37.09406, -0.33468 ], [ 37.09397, -0.33456 ], [ 37.09379, -0.33441 ], [ 37.09361, -0.33439 ], [ 37.09342, -0.33439 ], [ 37.09315, -0.33439 ], [ 37.09282, -0.3344 ], [ 37.09266, -0.33446 ], [ 37.09246, -0.3346 ], [ 37.09203, -0.33473 ], [ 37.09161, -0.33476 ], [ 37.0912, -0.33479 ], [ 37.09079, -0.33479 ], [ 37.09059, -0.33482 ], [ 37.09045, -0.33487 ], [ 37.09038, -0.33501 ], [ 37.0902, -0.33515 ], [ 37.09005, -0.33517 ], [ 37.08954, -0.33515 ], [ 37.08923, -0.33515 ], [ 37.08898, -0.33522 ], [ 37.08881, -0.33535 ], [ 37.08871, -0.33557 ], [ 37.08854, -0.33578 ], [ 37.0883, -0.33583 ], [ 37.08806, -0.33583 ], [ 37.08776, -0.33585 ], [ 37.08752, -0.33594 ], [ 37.08737, -0.33605 ], [ 37.08727, -0.33617 ], [ 37.08707, -0.3363 ], [ 37.0868, -0.3363 ], [ 37.08658, -0.33624 ], [ 37.08635, -0.33609 ], [ 37.08614, -0.33604 ], [ 37.08592, -0.33604 ], [ 37.0857, -0.33611 ], [ 37.08549, -0.33631 ], [ 37.08536, -0.3365 ], [ 37.08511, -0.33669 ], [ 37.08491, -0.33681 ], [ 37.08468, -0.33695 ], [ 37.08446, -0.337 ], [ 37.08428, -0.33713 ], [ 37.08422, -0.33735 ], [ 37.08416, -0.33759 ], [ 37.08401, -0.33786 ], [ 37.08378, -0.33827 ], [ 37.08356, -0.33849 ], [ 37.0833, -0.3388 ], [ 37.08306, -0.33898 ], [ 37.08284, -0.33911 ], [ 37.08267, -0.3392 ], [ 37.08247, -0.33935 ], [ 37.08236, -0.33954 ], [ 37.08232, -0.33975 ], [ 37.08233, -0.33996 ], [ 37.08228, -0.34021 ], [ 37.08212, -0.34046 ], [ 37.0819, -0.34066 ], [ 37.08175, -0.34076 ], [ 37.08149, -0.34084 ], [ 37.08132, -0.34093 ], [ 37.08117, -0.3411 ], [ 37.08114, -0.34133 ], [ 37.08113, -0.34159 ], [ 37.08112, -0.3418 ], [ 37.08098, -0.34202 ], [ 37.08082, -0.34217 ], [ 37.08056, -0.34236 ], [ 37.08021, -0.34265 ], [ 37.08001, -0.34287 ], [ 37.07995, -0.34312 ], [ 37.07995, -0.34332 ], [ 37.07998, -0.34347 ], [ 37.07994, -0.34366 ], [ 37.07977, -0.34372 ], [ 37.07957, -0.34374 ], [ 37.07933, -0.34378 ], [ 37.07912, -0.34399 ], [ 37.07906, -0.34435 ], [ 37.0791, -0.3447 ], [ 37.07922, -0.345 ], [ 37.07945, -0.34525 ], [ 37.07965, -0.34547 ], [ 37.07978, -0.34565 ], [ 37.07979, -0.34579 ], [ 37.07971, -0.34596 ], [ 37.07955, -0.34599 ], [ 37.07938, -0.34601 ], [ 37.07903, -0.34605 ], [ 37.07873, -0.34614 ], [ 37.07856, -0.34636 ], [ 37.07853, -0.34657 ], [ 37.07857, -0.34675 ], [ 37.0787, -0.34696 ], [ 37.07877, -0.34718 ], [ 37.07873, -0.34733 ], [ 37.07858, -0.34745 ], [ 37.07843, -0.3475 ], [ 37.0781, -0.3476 ], [ 37.07788, -0.3477 ], [ 37.07778, -0.34792 ], [ 37.07777, -0.34806 ], [ 37.07778, -0.34826 ], [ 37.07784, -0.3484 ], [ 37.07793, -0.34857 ], [ 37.07797, -0.34879 ], [ 37.07792, -0.349 ], [ 37.07769, -0.34936 ], [ 37.07741, -0.34977 ], [ 37.07707, -0.35011 ], [ 37.07703, -0.35031 ], [ 37.07703, -0.35057 ], [ 37.07702, -0.35076 ], [ 37.07691, -0.3509 ], [ 37.07675, -0.35106 ], [ 37.07656, -0.35125 ], [ 37.07648, -0.35148 ], [ 37.07644, -0.3519 ], [ 37.07644, -0.35234 ], [ 37.07649, -0.3529 ], [ 37.07659, -0.35358 ], [ 37.07654, -0.35402 ], [ 37.07655, -0.35433 ], [ 37.07654, -0.35472 ], [ 37.07654, -0.35509 ], [ 37.07652, -0.3553 ], [ 37.07646, -0.35544 ], [ 37.07633, -0.3555 ], [ 37.07618, -0.35556 ], [ 37.076, -0.35558 ], [ 37.07579, -0.35563 ], [ 37.07559, -0.35587 ], [ 37.0755, -0.3561 ], [ 37.07546, -0.35631 ], [ 37.07533, -0.35652 ], [ 37.07512, -0.35661 ], [ 37.0747, -0.35681 ], [ 37.07438, -0.35707 ], [ 37.07411, -0.3573 ], [ 37.074, -0.35751 ], [ 37.0739, -0.35778 ], [ 37.07389, -0.35812 ], [ 37.07383, -0.35836 ], [ 37.07374, -0.35856 ], [ 37.07357, -0.35884 ], [ 37.07342, -0.3591 ], [ 37.0732, -0.35942 ], [ 37.07295, -0.35965 ], [ 37.07245, -0.36008 ], [ 37.07214, -0.36035 ], [ 37.07187, -0.36052 ], [ 37.07159, -0.36066 ], [ 37.07126, -0.36084 ], [ 37.07095, -0.36094 ], [ 37.0706, -0.361 ], [ 37.07023, -0.36104 ], [ 37.06999, -0.36108 ], [ 37.06978, -0.36119 ], [ 37.06964, -0.36134 ], [ 37.06942, -0.36153 ], [ 37.06922, -0.36157 ], [ 37.0689, -0.36156 ], [ 37.06852, -0.36154 ], [ 37.06806, -0.36149 ], [ 37.06756, -0.36154 ], [ 37.06734, -0.36154 ], [ 37.06694, -0.36154 ], [ 37.06672, -0.36158 ], [ 37.0665, -0.3617 ], [ 37.06633, -0.36192 ], [ 37.06622, -0.36219 ], [ 37.06613, -0.3625 ], [ 37.06601, -0.36281 ], [ 37.06589, -0.36301 ], [ 37.06583, -0.36323 ], [ 37.06573, -0.36348 ], [ 37.0656, -0.36379 ], [ 37.06547, -0.36394 ], [ 37.06523, -0.36414 ], [ 37.06496, -0.36433 ], [ 37.06468, -0.36453 ], [ 37.0645, -0.36467 ], [ 37.06436, -0.36488 ], [ 37.06425, -0.3651 ], [ 37.06416, -0.36533 ], [ 37.0641, -0.36545 ], [ 37.06404, -0.36557 ], [ 37.06393, -0.36574 ], [ 37.06376, -0.36586 ], [ 37.06354, -0.36586 ], [ 37.06336, -0.36583 ], [ 37.06314, -0.36583 ], [ 37.06297, -0.36587 ], [ 37.06283, -0.36593 ], [ 37.06267, -0.36593 ], [ 37.06248, -0.36583 ], [ 37.06237, -0.36572 ], [ 37.06221, -0.3656 ], [ 37.06204, -0.36548 ], [ 37.06181, -0.36545 ], [ 37.06161, -0.36542 ], [ 37.06136, -0.36548 ], [ 37.06133, -0.3658 ], [ 37.06114, -0.36589 ], [ 37.06095, -0.36589 ], [ 37.06074, -0.3659 ], [ 37.06057, -0.36597 ], [ 37.06053, -0.36609 ], [ 37.06062, -0.36629 ], [ 37.06071, -0.36642 ], [ 37.06073, -0.36657 ], [ 37.06071, -0.36677 ], [ 37.06067, -0.36702 ], [ 37.06062, -0.36725 ], [ 37.0606, -0.36737 ], [ 37.06046, -0.36755 ], [ 37.06025, -0.36771 ], [ 37.06001, -0.36778 ], [ 37.05984, -0.36781 ], [ 37.0597, -0.36792 ], [ 37.05966, -0.3681 ], [ 37.05955, -0.36825 ], [ 37.05939, -0.36844 ], [ 37.05915, -0.36856 ], [ 37.05895, -0.36863 ], [ 37.05864, -0.3687 ], [ 37.0584, -0.36876 ], [ 37.05827, -0.36898 ], [ 37.05825, -0.36918 ], [ 37.05831, -0.36946 ], [ 37.05839, -0.36975 ], [ 37.05842, -0.36998 ], [ 37.05837, -0.37011 ], [ 37.05826, -0.37019 ], [ 37.05807, -0.37023 ], [ 37.05786, -0.37023 ], [ 37.05761, -0.37025 ], [ 37.05746, -0.37033 ], [ 37.05749, -0.37052 ], [ 37.05772, -0.3708 ], [ 37.05793, -0.3711 ], [ 37.05806, -0.37131 ], [ 37.05817, -0.37154 ], [ 37.05825, -0.3718 ], [ 37.05827, -0.37205 ], [ 37.05828, -0.37233 ], [ 37.05834, -0.37249 ], [ 37.05845, -0.37267 ], [ 37.05855, -0.37289 ], [ 37.05856, -0.37306 ], [ 37.05843, -0.3732 ], [ 37.05823, -0.37327 ], [ 37.05801, -0.3734 ], [ 37.05784, -0.37355 ], [ 37.05767, -0.37369 ], [ 37.05749, -0.37372 ], [ 37.05731, -0.37373 ], [ 37.05715, -0.37364 ], [ 37.05697, -0.37357 ], [ 37.05676, -0.37357 ], [ 37.05659, -0.3736 ], [ 37.05637, -0.37371 ], [ 37.05623, -0.37379 ], [ 37.05605, -0.37381 ], [ 37.05585, -0.3738 ], [ 37.05564, -0.3738 ], [ 37.05542, -0.37384 ], [ 37.05527, -0.37398 ], [ 37.05515, -0.37418 ], [ 37.05512, -0.37438 ], [ 37.05517, -0.37458 ], [ 37.0553, -0.37471 ], [ 37.05542, -0.37484 ], [ 37.05549, -0.37503 ], [ 37.05549, -0.37523 ], [ 37.05539, -0.37539 ], [ 37.05522, -0.37549 ], [ 37.05498, -0.37565 ], [ 37.05478, -0.37584 ], [ 37.05459, -0.37618 ], [ 37.05448, -0.37647 ], [ 37.05447, -0.37673 ], [ 37.05447, -0.37698 ], [ 37.05437, -0.37719 ], [ 37.0542, -0.37739 ], [ 37.05405, -0.37756 ], [ 37.05392, -0.3777 ], [ 37.05378, -0.37786 ], [ 37.05359, -0.37788 ], [ 37.05332, -0.37792 ], [ 37.05331, -0.37812 ], [ 37.05342, -0.37827 ], [ 37.05352, -0.37836 ], [ 37.05359, -0.37848 ], [ 37.05358, -0.37864 ], [ 37.05349, -0.37877 ], [ 37.05333, -0.37893 ], [ 37.05313, -0.37902 ], [ 37.05288, -0.37912 ], [ 37.05267, -0.37916 ], [ 37.05247, -0.37917 ], [ 37.05221, -0.37914 ], [ 37.052, -0.37898 ], [ 37.05176, -0.37879 ], [ 37.05154, -0.37878 ], [ 37.05138, -0.37882 ], [ 37.05123, -0.37872 ], [ 37.05099, -0.37869 ], [ 37.05089, -0.37885 ], [ 37.05087, -0.37907 ], [ 37.05083, -0.37927 ], [ 37.05074, -0.37949 ], [ 37.05055, -0.3796 ], [ 37.05041, -0.37961 ], [ 37.05023, -0.37961 ], [ 37.05003, -0.37962 ], [ 37.04988, -0.37973 ], [ 37.04972, -0.37997 ], [ 37.04959, -0.38024 ], [ 37.04946, -0.38041 ], [ 37.04912, -0.38062 ], [ 37.04877, -0.38081 ], [ 37.04851, -0.38086 ], [ 37.04821, -0.38086 ], [ 37.04796, -0.3808 ], [ 37.04779, -0.38064 ], [ 37.04763, -0.38052 ], [ 37.04729, -0.38048 ], [ 37.04711, -0.38042 ], [ 37.04707, -0.38026 ], [ 37.04708, -0.38005 ], [ 37.04696, -0.37986 ], [ 37.04663, -0.37971 ], [ 37.04648, -0.37955 ], [ 37.04645, -0.37941 ], [ 37.04652, -0.37926 ], [ 37.04663, -0.37916 ], [ 37.04673, -0.37906 ], [ 37.0468, -0.37887 ], [ 37.04681, -0.37864 ], [ 37.04675, -0.37849 ], [ 37.04669, -0.37834 ], [ 37.04664, -0.37808 ], [ 37.04664, -0.3779 ], [ 37.04657, -0.37762 ], [ 37.04644, -0.37745 ], [ 37.04638, -0.37727 ], [ 37.04638, -0.37703 ], [ 37.04638, -0.37673 ], [ 37.0463, -0.37653 ], [ 37.0462, -0.37643 ], [ 37.04602, -0.37643 ], [ 37.0457, -0.37643 ], [ 37.04546, -0.37643 ], [ 37.04516, -0.37641 ], [ 37.045, -0.37634 ], [ 37.0448, -0.37628 ], [ 37.0446, -0.37628 ], [ 37.04445, -0.37635 ], [ 37.04428, -0.37649 ], [ 37.04401, -0.37646 ], [ 37.04384, -0.37633 ], [ 37.04363, -0.37625 ], [ 37.04355, -0.37608 ], [ 37.04358, -0.37596 ], [ 37.04358, -0.37578 ], [ 37.0435, -0.37561 ], [ 37.0433, -0.37563 ], [ 37.04314, -0.37575 ], [ 37.04296, -0.37587 ], [ 37.04278, -0.37594 ], [ 37.04258, -0.37607 ], [ 37.04236, -0.3762 ], [ 37.04222, -0.37623 ], [ 37.04208, -0.37623 ], [ 37.0419, -0.37623 ], [ 37.04174, -0.37632 ], [ 37.04162, -0.37646 ], [ 37.04147, -0.37663 ], [ 37.04131, -0.37678 ], [ 37.04112, -0.37691 ], [ 37.04096, -0.37707 ], [ 37.04082, -0.37724 ], [ 37.04081, -0.37742 ], [ 37.04078, -0.37765 ], [ 37.04077, -0.37779 ], [ 37.04075, -0.37797 ], [ 37.04061, -0.37824 ], [ 37.04049, -0.37849 ], [ 37.04033, -0.37868 ], [ 37.04012, -0.37883 ], [ 37.04002, -0.37898 ], [ 37.03994, -0.37927 ], [ 37.03982, -0.37957 ], [ 37.03967, -0.37971 ], [ 37.03944, -0.3798 ], [ 37.03925, -0.37981 ], [ 37.03909, -0.3797 ], [ 37.03908, -0.37951 ], [ 37.03907, -0.37931 ], [ 37.03907, -0.37902 ], [ 37.03904, -0.37886 ], [ 37.03887, -0.37867 ], [ 37.03873, -0.37852 ], [ 37.03858, -0.37851 ], [ 37.03839, -0.37855 ], [ 37.03828, -0.37873 ], [ 37.03826, -0.37897 ], [ 37.0382, -0.37917 ], [ 37.03807, -0.37937 ], [ 37.03791, -0.3795 ], [ 37.03788, -0.37964 ], [ 37.03793, -0.37978 ], [ 37.03807, -0.37996 ], [ 37.03813, -0.38011 ], [ 37.03809, -0.3803 ], [ 37.03794, -0.38036 ], [ 37.0378, -0.38041 ], [ 37.03771, -0.38054 ], [ 37.03771, -0.38067 ], [ 37.03779, -0.38087 ], [ 37.03779, -0.38106 ], [ 37.03763, -0.38116 ], [ 37.03745, -0.38116 ], [ 37.03728, -0.38108 ], [ 37.03707, -0.38101 ], [ 37.03688, -0.38101 ], [ 37.03671, -0.38101 ], [ 37.03653, -0.38113 ], [ 37.0364, -0.38129 ], [ 37.03636, -0.38149 ], [ 37.03643, -0.38175 ], [ 37.03657, -0.38202 ], [ 37.0367, -0.38232 ], [ 37.03675, -0.38245 ], [ 37.03672, -0.38261 ], [ 37.03657, -0.38272 ], [ 37.03636, -0.38273 ], [ 37.03621, -0.3826 ], [ 37.03606, -0.38245 ], [ 37.03593, -0.38246 ], [ 37.03579, -0.38251 ], [ 37.03559, -0.38264 ], [ 37.03533, -0.38264 ], [ 37.03516, -0.38258 ], [ 37.03491, -0.38253 ], [ 37.0347, -0.38263 ], [ 37.03457, -0.3828 ], [ 37.03451, -0.38308 ], [ 37.03442, -0.38328 ], [ 37.03427, -0.38345 ], [ 37.03412, -0.38362 ], [ 37.03404, -0.38381 ], [ 37.03399, -0.38397 ], [ 37.03392, -0.38415 ], [ 37.03381, -0.38426 ], [ 37.03362, -0.38445 ], [ 37.03349, -0.38457 ], [ 37.03326, -0.38476 ], [ 37.03299, -0.38484 ], [ 37.03286, -0.3849 ], [ 37.0327, -0.38501 ], [ 37.0325, -0.38513 ], [ 37.03229, -0.38515 ], [ 37.03212, -0.38502 ], [ 37.03196, -0.38499 ], [ 37.03174, -0.38499 ], [ 37.03147, -0.38501 ], [ 37.03127, -0.38513 ], [ 37.03117, -0.38541 ], [ 37.03116, -0.38557 ], [ 37.03113, -0.38584 ], [ 37.03107, -0.38603 ], [ 37.03094, -0.38619 ], [ 37.03076, -0.38624 ], [ 37.03057, -0.38625 ], [ 37.03031, -0.38628 ], [ 37.03011, -0.38641 ], [ 37.03001, -0.38662 ], [ 37.03001, -0.38687 ], [ 37.03006, -0.38711 ], [ 37.03007, -0.38733 ], [ 37.03005, -0.38755 ], [ 37.02989, -0.38773 ], [ 37.02974, -0.38775 ], [ 37.0296, -0.38765 ], [ 37.02945, -0.38748 ], [ 37.02933, -0.38736 ], [ 37.02915, -0.38735 ], [ 37.02901, -0.38738 ], [ 37.02881, -0.38754 ], [ 37.02866, -0.38778 ], [ 37.02861, -0.38793 ], [ 37.02859, -0.38819 ], [ 37.02866, -0.38843 ], [ 37.02881, -0.38858 ], [ 37.02904, -0.38862 ], [ 37.02925, -0.38869 ], [ 37.02949, -0.38883 ], [ 37.02982, -0.38914 ], [ 37.03018, -0.38947 ], [ 37.03061, -0.3898 ], [ 37.03078, -0.38997 ], [ 37.03104, -0.39007 ], [ 37.03125, -0.39007 ], [ 37.03147, -0.39007 ], [ 37.0317, -0.39006 ], [ 37.03195, -0.39015 ], [ 37.03212, -0.3903 ], [ 37.03222, -0.39047 ], [ 37.03237, -0.39072 ], [ 37.03255, -0.39095 ], [ 37.03277, -0.39108 ], [ 37.03308, -0.39114 ], [ 37.03334, -0.39117 ], [ 37.03365, -0.39125 ], [ 37.03387, -0.39136 ], [ 37.034, -0.39147 ], [ 37.03405, -0.39161 ], [ 37.03404, -0.39176 ], [ 37.03397, -0.3919 ], [ 37.03386, -0.39198 ], [ 37.03364, -0.39214 ], [ 37.03339, -0.39233 ], [ 37.03317, -0.39257 ], [ 37.03301, -0.39287 ], [ 37.03286, -0.39317 ], [ 37.03266, -0.39344 ], [ 37.03255, -0.39367 ], [ 37.03237, -0.39388 ], [ 37.03214, -0.39411 ], [ 37.03197, -0.3943 ], [ 37.03185, -0.3945 ], [ 37.03175, -0.39472 ], [ 37.03163, -0.39497 ], [ 37.03144, -0.39527 ], [ 37.0313, -0.39547 ], [ 37.0312, -0.39571 ], [ 37.0312, -0.39594 ], [ 37.03133, -0.39609 ], [ 37.03146, -0.39621 ], [ 37.03168, -0.39636 ], [ 37.03198, -0.39645 ], [ 37.03222, -0.39645 ], [ 37.03241, -0.39647 ], [ 37.03252, -0.39657 ], [ 37.0326, -0.39669 ], [ 37.03258, -0.39684 ], [ 37.03247, -0.39708 ], [ 37.03235, -0.39734 ], [ 37.03227, -0.39754 ], [ 37.03216, -0.39773 ], [ 37.03202, -0.39788 ], [ 37.03186, -0.39808 ], [ 37.03177, -0.39827 ], [ 37.03179, -0.39847 ], [ 37.03198, -0.39867 ], [ 37.0322, -0.39889 ], [ 37.03232, -0.39916 ], [ 37.0324, -0.39953 ], [ 37.03242, -0.40008 ], [ 37.03241, -0.4005 ], [ 37.03235, -0.40082 ], [ 37.03225, -0.40107 ], [ 37.03202, -0.40137 ], [ 37.03174, -0.40166 ], [ 37.03141, -0.40187 ], [ 37.031, -0.40205 ], [ 37.03061, -0.40217 ], [ 37.0303, -0.40234 ], [ 37.03006, -0.40251 ], [ 37.02988, -0.40261 ], [ 37.0298, -0.40279 ], [ 37.0298, -0.40279 ], [ 37.02963, -0.40274 ], [ 37.02946, -0.40272 ], [ 37.02932, -0.40272 ], [ 37.02912, -0.40278 ], [ 37.02894, -0.40284 ], [ 37.02879, -0.40296 ], [ 37.02861, -0.4031 ], [ 37.02842, -0.40317 ], [ 37.02828, -0.40312 ], [ 37.02822, -0.40298 ], [ 37.02808, -0.40274 ], [ 37.02803, -0.40267 ], [ 37.02797, -0.4026 ], [ 37.02779, -0.40255 ], [ 37.0276, -0.4026 ], [ 37.02747, -0.40267 ], [ 37.02731, -0.40277 ], [ 37.02706, -0.40293 ], [ 37.02683, -0.40306 ], [ 37.02663, -0.40316 ], [ 37.02643, -0.40325 ], [ 37.02629, -0.4033 ], [ 37.0261, -0.40331 ], [ 37.02603, -0.40313 ], [ 37.02602, -0.40292 ], [ 37.02593, -0.40279 ], [ 37.02575, -0.4029 ], [ 37.02567, -0.40298 ], [ 37.0256, -0.40304 ], [ 37.02554, -0.40305 ], [ 37.02546, -0.40306 ], [ 37.02521, -0.40294 ], [ 37.02503, -0.40286 ], [ 37.02472, -0.40271 ], [ 37.02459, -0.40267 ], [ 37.02453, -0.40266 ], [ 37.02425, -0.40265 ], [ 37.02402, -0.40266 ], [ 37.02394, -0.40267 ], [ 37.02383, -0.4027 ], [ 37.02373, -0.40274 ], [ 37.0237, -0.40275 ], [ 37.0236, -0.40279 ], [ 37.02345, -0.40298 ], [ 37.02333, -0.40314 ], [ 37.02331, -0.40317 ], [ 37.02322, -0.40343 ], [ 37.02311, -0.40359 ], [ 37.02299, -0.40367 ], [ 37.02292, -0.40367 ], [ 37.02292, -0.40367 ], [ 37.02289, -0.40371 ], [ 37.02262, -0.40368 ], [ 37.0226, -0.40367 ], [ 37.0224, -0.40359 ], [ 37.02223, -0.40342 ], [ 37.0221, -0.40323 ], [ 37.02192, -0.40307 ], [ 37.02181, -0.40279 ], [ 37.02171, -0.40267 ], [ 37.02167, -0.40263 ], [ 37.02152, -0.40251 ], [ 37.02137, -0.4024 ], [ 37.02123, -0.40236 ], [ 37.02102, -0.40238 ], [ 37.02074, -0.40243 ], [ 37.02045, -0.40253 ], [ 37.02007, -0.40253 ], [ 37.01975, -0.40255 ], [ 37.01936, -0.40259 ], [ 37.01903, -0.40263 ], [ 37.01875, -0.40262 ], [ 37.01851, -0.40251 ], [ 37.01829, -0.40239 ], [ 37.01807, -0.40226 ], [ 37.01789, -0.40214 ], [ 37.01769, -0.402 ], [ 37.01755, -0.40183 ], [ 37.01761, -0.40167 ], [ 37.0178, -0.40152 ], [ 37.01782, -0.40151 ], [ 37.01783, -0.40138 ], [ 37.01793, -0.40123 ], [ 37.01799, -0.40109 ], [ 37.01796, -0.40099 ], [ 37.01792, -0.40089 ], [ 37.01782, -0.40077 ], [ 37.01769, -0.40065 ], [ 37.01747, -0.40054 ], [ 37.01738, -0.40045 ], [ 37.01735, -0.40027 ], [ 37.01736, -0.40022 ], [ 37.01736, -0.40011 ], [ 37.01737, -0.39997 ], [ 37.01737, -0.39977 ], [ 37.01732, -0.39962 ], [ 37.01723, -0.39948 ], [ 37.0171, -0.39938 ], [ 37.0171, -0.39938 ], [ 37.0171, -0.39938 ], [ 37.0167, -0.39933 ], [ 37.01641, -0.39931 ], [ 37.0162, -0.39931 ], [ 37.01592, -0.39935 ], [ 37.01582, -0.39934 ], [ 37.01582, -0.39934 ], [ 37.01572, -0.39933 ], [ 37.01577, -0.39912 ], [ 37.01582, -0.39901 ], [ 37.01586, -0.39893 ], [ 37.01587, -0.3987 ], [ 37.01582, -0.39866 ], [ 37.01572, -0.39858 ], [ 37.01547, -0.39858 ], [ 37.01532, -0.39863 ], [ 37.01512, -0.39874 ], [ 37.01494, -0.39884 ], [ 37.01484, -0.39888 ], [ 37.01473, -0.39893 ], [ 37.01463, -0.39895 ], [ 37.01453, -0.39897 ], [ 37.01434, -0.39896 ], [ 37.01418, -0.39892 ], [ 37.01393, -0.39879 ], [ 37.01373, -0.39865 ], [ 37.0136, -0.39845 ], [ 37.01354, -0.39828 ], [ 37.01354, -0.3981 ], [ 37.01357, -0.39799 ], [ 37.01359, -0.39791 ], [ 37.0137, -0.39773 ], [ 37.01395, -0.39751 ], [ 37.01422, -0.39744 ], [ 37.0145, -0.39745 ], [ 37.01471, -0.39745 ], [ 37.01494, -0.39744 ], [ 37.01508, -0.39733 ], [ 37.0151, -0.39731 ], [ 37.01514, -0.39713 ], [ 37.01505, -0.39679 ], [ 37.01495, -0.39646 ], [ 37.01485, -0.39628 ], [ 37.01474, -0.39622 ], [ 37.01459, -0.39621 ], [ 37.01434, -0.39621 ], [ 37.01406, -0.39633 ], [ 37.01392, -0.39644 ], [ 37.01387, -0.39649 ], [ 37.01366, -0.39665 ], [ 37.01346, -0.39676 ], [ 37.01324, -0.39684 ], [ 37.01298, -0.39689 ], [ 37.01271, -0.3969 ], [ 37.01261, -0.39686 ], [ 37.01247, -0.39679 ], [ 37.01233, -0.39652 ], [ 37.01233, -0.39652 ], [ 37.01225, -0.39623 ], [ 37.01221, -0.39592 ], [ 37.01217, -0.39561 ], [ 37.01212, -0.39528 ], [ 37.01201, -0.39499 ], [ 37.0118, -0.39472 ], [ 37.01157, -0.39454 ], [ 37.01138, -0.39443 ], [ 37.01115, -0.39438 ], [ 37.01096, -0.39442 ], [ 37.01078, -0.39451 ], [ 37.01068, -0.39466 ], [ 37.01066, -0.39475 ], [ 37.01061, -0.39492 ], [ 37.01047, -0.39524 ], [ 37.01036, -0.39529 ], [ 37.01024, -0.39535 ], [ 37.01001, -0.39526 ], [ 37.00997, -0.39504 ], [ 37.00997, -0.39478 ], [ 37.00997, -0.39475 ], [ 37.00997, -0.39459 ], [ 37.00996, -0.3945 ], [ 37.00994, -0.3943 ], [ 37.00983, -0.39414 ], [ 37.00971, -0.39402 ], [ 37.00956, -0.39398 ], [ 37.00936, -0.39392 ], [ 37.00921, -0.39391 ], [ 37.00906, -0.39381 ], [ 37.00905, -0.39363 ], [ 37.00916, -0.39345 ], [ 37.00923, -0.39324 ], [ 37.00926, -0.39308 ], [ 37.00917, -0.39294 ], [ 37.00901, -0.39285 ], [ 37.00881, -0.39285 ], [ 37.00865, -0.39281 ], [ 37.00855, -0.39276 ], [ 37.0085, -0.39274 ], [ 37.00846, -0.39256 ], [ 37.0085, -0.39233 ], [ 37.00851, -0.39231 ], [ 37.00857, -0.39185 ], [ 37.00859, -0.3914 ], [ 37.00857, -0.39104 ], [ 37.00848, -0.3909 ], [ 37.00842, -0.39081 ], [ 37.00828, -0.39069 ], [ 37.00815, -0.39068 ], [ 37.00807, -0.39067 ], [ 37.00794, -0.39071 ], [ 37.00781, -0.39082 ], [ 37.00766, -0.39094 ], [ 37.00749, -0.391 ], [ 37.00731, -0.39105 ], [ 37.00707, -0.39103 ], [ 37.00697, -0.39096 ], [ 37.00692, -0.39091 ], [ 37.00688, -0.39073 ], [ 37.00688, -0.39063 ], [ 37.00688, -0.39043 ], [ 37.00688, -0.39037 ], [ 37.00688, -0.39037 ], [ 37.0068, -0.39017 ], [ 37.00668, -0.39 ], [ 37.00652, -0.38983 ], [ 37.00613, -0.38955 ], [ 37.00607, -0.3894 ], [ 37.00605, -0.38934 ], [ 37.00603, -0.38911 ], [ 37.00607, -0.389 ], [ 37.00607, -0.389 ], [ 37.00608, -0.38899 ], [ 37.00608, -0.38894 ], [ 37.0062, -0.38875 ], [ 37.00638, -0.38861 ], [ 37.00657, -0.38852 ], [ 37.0068, -0.38847 ], [ 37.00717, -0.38847 ], [ 37.00748, -0.38841 ], [ 37.00766, -0.38824 ], [ 37.00768, -0.38822 ], [ 37.00774, -0.38802 ], [ 37.00775, -0.38789 ], [ 37.00777, -0.38772 ], [ 37.00774, -0.38744 ], [ 37.00771, -0.38738 ], [ 37.00764, -0.38722 ], [ 37.0076, -0.38717 ], [ 37.00745, -0.38717 ], [ 37.00728, -0.38711 ], [ 37.00703, -0.38705 ], [ 37.00688, -0.387 ], [ 37.0067, -0.38696 ], [ 37.00656, -0.38685 ], [ 37.00651, -0.38676 ], [ 37.00648, -0.38657 ], [ 37.00649, -0.3864 ], [ 37.00649, -0.38639 ], [ 37.0065, -0.38618 ], [ 37.00655, -0.38603 ], [ 37.00667, -0.38586 ], [ 37.00672, -0.38579 ], [ 37.00685, -0.38553 ], [ 37.00685, -0.38552 ], [ 37.00691, -0.38507 ], [ 37.00691, -0.38486 ], [ 37.00689, -0.38461 ], [ 37.00689, -0.38424 ], [ 37.00684, -0.38404 ], [ 37.00678, -0.38389 ], [ 37.00676, -0.38385 ], [ 37.00667, -0.3837 ], [ 37.00654, -0.38352 ], [ 37.00619, -0.3833 ], [ 37.00609, -0.38321 ], [ 37.00607, -0.3832 ], [ 37.0059, -0.38308 ], [ 37.00579, -0.38295 ], [ 37.00577, -0.38283 ], [ 37.00579, -0.38263 ], [ 37.0058, -0.38242 ], [ 37.00582, -0.38224 ], [ 37.00588, -0.38215 ], [ 37.00592, -0.38204 ], [ 37.00596, -0.38193 ], [ 37.00602, -0.38178 ], [ 37.00607, -0.38156 ], [ 37.00607, -0.38156 ], [ 37.00607, -0.38137 ], [ 37.00607, -0.38137 ], [ 37.00597, -0.38117 ], [ 37.00583, -0.38102 ], [ 37.00562, -0.38093 ], [ 37.00557, -0.3809 ], [ 37.00548, -0.38084 ], [ 37.00538, -0.38069 ], [ 37.00535, -0.38054 ], [ 37.00535, -0.38054 ], [ 37.00532, -0.38044 ], [ 37.00532, -0.38021 ], [ 37.00532, -0.37995 ], [ 37.0054, -0.37969 ], [ 37.00551, -0.37948 ], [ 37.00573, -0.37919 ], [ 37.00583, -0.37901 ], [ 37.00589, -0.37882 ], [ 37.00591, -0.37875 ], [ 37.00591, -0.37853 ], [ 37.00585, -0.37834 ], [ 37.00577, -0.37822 ], [ 37.00557, -0.37812 ], [ 37.00535, -0.37806 ], [ 37.00517, -0.37799 ], [ 37.00502, -0.37783 ], [ 37.00498, -0.37769 ], [ 37.00498, -0.37764 ], [ 37.00498, -0.37752 ], [ 37.00503, -0.37736 ], [ 37.00517, -0.37721 ], [ 37.00529, -0.37709 ], [ 37.00549, -0.37697 ], [ 37.00569, -0.37685 ], [ 37.0057, -0.37684 ], [ 37.00583, -0.37672 ], [ 37.00591, -0.37659 ], [ 37.00595, -0.37652 ], [ 37.00594, -0.37637 ], [ 37.00592, -0.37623 ], [ 37.00583, -0.37602 ], [ 37.00573, -0.37582 ], [ 37.00572, -0.37559 ], [ 37.00572, -0.37538 ], [ 37.00572, -0.37534 ], [ 37.00518, -0.37408 ], [ 37.00496, -0.3735 ], [ 37.00481, -0.37314 ], [ 37.00462, -0.37279 ], [ 37.00437, -0.3725 ], [ 37.00409, -0.37209 ], [ 37.00406, -0.37206 ], [ 37.00382, -0.37174 ], [ 37.00358, -0.3713 ], [ 37.00339, -0.37096 ], [ 37.00314, -0.37057 ], [ 37.00288, -0.37026 ], [ 37.00262, -0.36988 ], [ 37.00239, -0.36949 ], [ 37.00198, -0.36881 ], [ 37.00168, -0.36838 ], [ 37.00144, -0.36799 ], [ 37.00123, -0.36765 ], [ 37.00067, -0.36682 ], [ 37.00067, -0.36677 ], [ 37.00058, -0.36662 ], [ 36.99971, -0.36546 ], [ 36.99965, -0.36538 ], [ 36.99943, -0.36506 ], [ 36.99928, -0.36484 ], [ 36.99913, -0.3646 ], [ 36.99896, -0.36437 ], [ 36.99886, -0.36423 ], [ 36.99878, -0.36409 ], [ 36.99865, -0.36387 ], [ 36.99861, -0.36381 ], [ 36.99849, -0.3636 ], [ 36.99835, -0.36341 ], [ 36.99824, -0.36327 ], [ 36.99813, -0.36308 ], [ 36.99806, -0.36298 ], [ 36.99796, -0.36282 ], [ 36.99772, -0.36248 ], [ 36.99763, -0.36232 ], [ 36.99744, -0.36202 ], [ 36.99728, -0.36175 ], [ 36.99695, -0.36127 ], [ 36.9969, -0.3612 ], [ 36.99665, -0.36082 ], [ 36.99658, -0.36069 ], [ 36.99637, -0.36037 ], [ 36.99627, -0.36024 ], [ 36.99615, -0.36007 ], [ 36.99595, -0.35978 ], [ 36.99591, -0.3597 ], [ 36.99577, -0.35947 ], [ 36.99564, -0.35931 ], [ 36.9956, -0.35925 ], [ 36.99555, -0.35915 ], [ 36.99548, -0.35906 ], [ 36.99537, -0.3589 ], [ 36.9953, -0.35879 ], [ 36.99521, -0.35866 ], [ 36.99511, -0.35854 ], [ 36.99507, -0.35847 ], [ 36.99503, -0.35839 ], [ 36.99498, -0.3583 ], [ 36.99492, -0.35823 ], [ 36.99483, -0.35812 ], [ 36.99477, -0.35806 ], [ 36.99474, -0.35803 ], [ 36.99474, -0.35797 ], [ 36.99474, -0.35791 ], [ 36.99466, -0.35777 ], [ 36.99463, -0.35774 ], [ 36.99459, -0.3577 ], [ 36.99464, -0.35765 ], [ 36.99475, -0.35742 ], [ 36.99483, -0.35714 ], [ 36.99482, -0.35694 ], [ 36.9948, -0.35689 ], [ 36.99474, -0.35677 ], [ 36.99471, -0.35671 ], [ 36.9947, -0.3567 ], [ 36.99455, -0.35657 ], [ 36.99437, -0.35648 ], [ 36.99406, -0.35647 ], [ 36.99374, -0.35647 ], [ 36.99351, -0.35647 ], [ 36.99326, -0.35647 ], [ 36.99294, -0.35645 ], [ 36.99275, -0.3564 ], [ 36.99259, -0.35634 ], [ 36.99236, -0.35622 ], [ 36.99225, -0.356 ], [ 36.99221, -0.35573 ], [ 36.99221, -0.35552 ], [ 36.99226, -0.35533 ], [ 36.99236, -0.35515 ], [ 36.99251, -0.35493 ], [ 36.99289, -0.3546 ], [ 36.9933, -0.35438 ], [ 36.99369, -0.3542 ], [ 36.99395, -0.35413 ], [ 36.99424, -0.35402 ], [ 36.9944, -0.35394 ], [ 36.99455, -0.35383 ], [ 36.99465, -0.3537 ], [ 36.9947, -0.35359 ], [ 36.99469, -0.35335 ], [ 36.99465, -0.35315 ], [ 36.99454, -0.35302 ], [ 36.9944, -0.35294 ], [ 36.99421, -0.35287 ], [ 36.994, -0.35281 ], [ 36.99356, -0.35276 ], [ 36.99312, -0.35276 ], [ 36.99264, -0.35272 ], [ 36.99245, -0.3527 ], [ 36.99229, -0.35262 ], [ 36.99208, -0.35249 ], [ 36.99189, -0.35234 ], [ 36.99171, -0.3521 ], [ 36.99154, -0.35181 ], [ 36.9914, -0.35162 ], [ 36.99139, -0.3516 ], [ 36.9914, -0.35159 ], [ 36.99128, -0.35134 ], [ 36.99119, -0.3512 ], [ 36.99103, -0.35094 ], [ 36.99064, -0.35046 ], [ 36.99011, -0.34987 ], [ 36.98982, -0.34952 ], [ 36.9897, -0.34927 ], [ 36.98966, -0.34903 ], [ 36.98964, -0.34872 ], [ 36.98964, -0.34836 ], [ 36.98968, -0.34789 ], [ 36.98972, -0.34758 ], [ 36.98978, -0.34738 ], [ 36.98991, -0.34722 ], [ 36.99012, -0.34707 ], [ 36.99017, -0.34689 ], [ 36.98996, -0.34678 ], [ 36.98982, -0.34662 ], [ 36.98977, -0.34638 ], [ 36.98975, -0.34602 ], [ 36.98972, -0.3457 ], [ 36.98969, -0.34549 ], [ 36.98962, -0.3453 ], [ 36.98952, -0.34514 ], [ 36.98939, -0.34497 ], [ 36.9893, -0.3448 ], [ 36.98922, -0.34462 ], [ 36.98917, -0.3444 ], [ 36.98911, -0.34409 ], [ 36.98902, -0.34375 ], [ 36.98898, -0.34353 ], [ 36.98885, -0.34328 ], [ 36.98872, -0.34311 ], [ 36.98852, -0.34291 ], [ 36.98836, -0.34278 ], [ 36.98819, -0.34269 ], [ 36.98802, -0.34266 ], [ 36.98783, -0.34265 ], [ 36.98762, -0.34268 ], [ 36.98736, -0.34272 ], [ 36.98707, -0.34281 ], [ 36.98676, -0.34285 ], [ 36.98658, -0.34287 ], [ 36.98632, -0.34286 ], [ 36.98608, -0.3428 ], [ 36.98589, -0.34273 ], [ 36.98568, -0.3426 ], [ 36.98554, -0.34243 ], [ 36.9855, -0.34228 ], [ 36.98549, -0.34208 ], [ 36.98543, -0.34175 ], [ 36.98536, -0.34146 ], [ 36.98526, -0.34125 ], [ 36.98518, -0.34108 ], [ 36.98511, -0.34094 ], [ 36.9851, -0.34079 ], [ 36.9851, -0.34064 ], [ 36.98518, -0.34041 ], [ 36.98529, -0.34025 ], [ 36.98541, -0.34014 ], [ 36.98558, -0.34004 ], [ 36.98576, -0.33995 ], [ 36.98584, -0.33983 ], [ 36.98588, -0.3397 ], [ 36.98583, -0.33951 ], [ 36.98566, -0.33936 ], [ 36.98548, -0.33925 ], [ 36.98518, -0.33916 ], [ 36.9849, -0.33908 ], [ 36.98457, -0.33895 ], [ 36.98424, -0.33881 ], [ 36.984, -0.33869 ], [ 36.98389, -0.33856 ], [ 36.98382, -0.33838 ], [ 36.98381, -0.3382 ], [ 36.98381, -0.33794 ], [ 36.98381, -0.33777 ], [ 36.9838, -0.3376 ], [ 36.98375, -0.33744 ], [ 36.98368, -0.33724 ], [ 36.98357, -0.33684 ], [ 36.9835, -0.33654 ], [ 36.98342, -0.33621 ], [ 36.98331, -0.33594 ], [ 36.98483, -0.3348 ], [ 36.98658, -0.33345 ], [ 36.9876, -0.33266 ], [ 36.98879, -0.33174 ], [ 36.99124, -0.32967 ], [ 36.99353, -0.32748 ], [ 36.99096, -0.3262 ], [ 36.98881, -0.32517 ], [ 36.98632, -0.32385 ], [ 36.98355, -0.32228 ], [ 36.98072, -0.32055 ], [ 36.97816, -0.31903 ], [ 36.97883, -0.3171 ], [ 36.97967, -0.31511 ], [ 36.98061, -0.31272 ], [ 36.98104, -0.31163 ], [ 36.9821, -0.30944 ], [ 36.98311, -0.30737 ], [ 36.98437, -0.30508 ], [ 36.98509, -0.30348 ], [ 36.98584, -0.30167 ], [ 36.98632, -0.30038 ], [ 36.98775, -0.29769 ], [ 36.98903, -0.29498 ], [ 36.98854, -0.29477 ], [ 36.98649, -0.29388 ], [ 36.98579, -0.29354 ], [ 36.98296, -0.29233 ], [ 36.98047, -0.29122 ], [ 36.97706, -0.28976 ], [ 36.97324, -0.28813 ], [ 36.96874, -0.28621 ], [ 36.96654, -0.28526 ], [ 36.96447, -0.28445 ], [ 36.96138, -0.28325 ], [ 36.9595, -0.28248 ], [ 36.95951, -0.28227 ], [ 36.95954, -0.28219 ], [ 36.95959, -0.28207 ], [ 36.95971, -0.28196 ], [ 36.95989, -0.28189 ], [ 36.96007, -0.28179 ], [ 36.96014, -0.28167 ], [ 36.96014, -0.28166 ], [ 36.96015, -0.28163 ], [ 36.96023, -0.28143 ], [ 36.96028, -0.28123 ], [ 36.9604, -0.2811 ], [ 36.96058, -0.28102 ], [ 36.96075, -0.28083 ], [ 36.96089, -0.28062 ], [ 36.96111, -0.28025 ], [ 36.96122, -0.28002 ], [ 36.96135, -0.27974 ], [ 36.96141, -0.27961 ], [ 36.96146, -0.27949 ], [ 36.96148, -0.27929 ], [ 36.96143, -0.27916 ], [ 36.9613, -0.27907 ], [ 36.9611, -0.27906 ], [ 36.96109, -0.27906 ], [ 36.96083, -0.27897 ], [ 36.96063, -0.27886 ], [ 36.96049, -0.27864 ], [ 36.96046, -0.27856 ], [ 36.96037, -0.27829 ], [ 36.96036, -0.27826 ], [ 36.96024, -0.27792 ], [ 36.9602, -0.27775 ], [ 36.96018, -0.27765 ], [ 36.96024, -0.27743 ], [ 36.96046, -0.27716 ], [ 36.96048, -0.27713 ], [ 36.96063, -0.277 ], [ 36.9608, -0.27687 ], [ 36.96109, -0.27669 ], [ 36.96113, -0.27667 ], [ 36.96138, -0.27655 ], [ 36.96164, -0.27658 ], [ 36.96185, -0.27665 ], [ 36.9619, -0.27667 ], [ 36.9619, -0.27667 ], [ 36.96207, -0.27665 ], [ 36.96209, -0.27665 ], [ 36.9621, -0.27665 ], [ 36.96218, -0.27664 ], [ 36.9623, -0.27649 ], [ 36.96231, -0.27632 ], [ 36.96231, -0.27618 ], [ 36.96231, -0.27614 ], [ 36.96232, -0.27584 ], [ 36.9624, -0.27564 ], [ 36.96251, -0.27552 ], [ 36.96257, -0.27547 ], [ 36.96271, -0.27527 ], [ 36.96278, -0.27498 ], [ 36.96276, -0.27484 ], [ 36.96274, -0.27454 ], [ 36.96269, -0.27428 ], [ 36.96267, -0.27418 ], [ 36.96265, -0.27378 ], [ 36.96266, -0.27364 ], [ 36.96266, -0.27354 ], [ 36.96266, -0.27348 ], [ 36.96266, -0.27347 ], [ 36.96268, -0.27344 ], [ 36.9628, -0.27318 ], [ 36.96302, -0.27295 ], [ 36.96325, -0.27279 ], [ 36.96345, -0.27273 ], [ 36.96364, -0.27271 ], [ 36.96391, -0.27272 ], [ 36.96391, -0.27272 ], [ 36.96414, -0.27279 ], [ 36.96439, -0.27279 ], [ 36.96451, -0.27272 ], [ 36.96455, -0.2727 ], [ 36.96461, -0.27261 ], [ 36.96471, -0.27247 ], [ 36.96471, -0.27246 ], [ 36.9648, -0.27226 ], [ 36.96485, -0.27214 ], [ 36.96505, -0.27172 ], [ 36.9652, -0.27158 ], [ 36.9652, -0.27158 ], [ 36.96525, -0.27157 ], [ 36.96535, -0.27157 ], [ 36.96539, -0.27157 ], [ 36.96559, -0.27167 ], [ 36.96574, -0.27179 ], [ 36.96581, -0.27179 ], [ 36.9659, -0.27179 ], [ 36.96593, -0.2718 ], [ 36.96598, -0.27176 ], [ 36.96599, -0.27175 ], [ 36.9661, -0.27168 ], [ 36.96615, -0.27159 ], [ 36.96616, -0.27156 ], [ 36.96625, -0.27141 ], [ 36.96629, -0.27134 ], [ 36.96636, -0.27122 ], [ 36.96648, -0.27115 ], [ 36.96661, -0.27113 ], [ 36.96662, -0.27113 ], [ 36.9668, -0.27117 ], [ 36.96699, -0.27117 ], [ 36.967, -0.27116 ], [ 36.96711, -0.27107 ], [ 36.96726, -0.27096 ], [ 36.96729, -0.27094 ], [ 36.96753, -0.2709 ], [ 36.96777, -0.27094 ], [ 36.96781, -0.27096 ], [ 36.96781, -0.27096 ], [ 36.96782, -0.27097 ], [ 36.96796, -0.27105 ], [ 36.96802, -0.27125 ], [ 36.96803, -0.27141 ], [ 36.96803, -0.27146 ], [ 36.96803, -0.27146 ], [ 36.96805, -0.2715 ], [ 36.96807, -0.27152 ], [ 36.96812, -0.27161 ], [ 36.96824, -0.27173 ], [ 36.96838, -0.27177 ], [ 36.96848, -0.27172 ], [ 36.96856, -0.27168 ], [ 36.96875, -0.27157 ], [ 36.96884, -0.2715 ], [ 36.96899, -0.27137 ], [ 36.96927, -0.27107 ], [ 36.96947, -0.2708 ], [ 36.9695, -0.27075 ], [ 36.96958, -0.27061 ], [ 36.96965, -0.27038 ], [ 36.96965, -0.27037 ], [ 36.96975, -0.27003 ], [ 36.96975, -0.27001 ], [ 36.96976, -0.26999 ], [ 36.96979, -0.26993 ], [ 36.97002, -0.26943 ], [ 36.97007, -0.26933 ], [ 36.97019, -0.26908 ], [ 36.97019, -0.26907 ], [ 36.9702, -0.26905 ], [ 36.97021, -0.269 ], [ 36.97027, -0.26877 ], [ 36.97026, -0.26856 ], [ 36.97026, -0.26855 ], [ 36.97017, -0.26842 ], [ 36.97015, -0.2684 ], [ 36.97, -0.26833 ], [ 36.96996, -0.26832 ], [ 36.96974, -0.26828 ], [ 36.96957, -0.26826 ], [ 36.96938, -0.26805 ], [ 36.96934, -0.26793 ], [ 36.9693, -0.26782 ], [ 36.96909, -0.26759 ], [ 36.96888, -0.26746 ], [ 36.96865, -0.2673 ], [ 36.96848, -0.26718 ], [ 36.96801, -0.26669 ], [ 36.96793, -0.26654 ], [ 36.96789, -0.26638 ], [ 36.9679, -0.2663 ], [ 36.96792, -0.26623 ], [ 36.96814, -0.26601 ], [ 36.96816, -0.26599 ], [ 36.9683, -0.26586 ], [ 36.96841, -0.26576 ], [ 36.96875, -0.26533 ], [ 36.96887, -0.26517 ], [ 36.96913, -0.26469 ], [ 36.96926, -0.26442 ], [ 36.96928, -0.26438 ], [ 36.96937, -0.26406 ], [ 36.96951, -0.26308 ], [ 36.96955, -0.26259 ], [ 36.96958, -0.2623 ], [ 36.96967, -0.26209 ], [ 36.96984, -0.26201 ], [ 36.96994, -0.26192 ], [ 36.96993, -0.26176 ], [ 36.96986, -0.26157 ], [ 36.96972, -0.26148 ], [ 36.96969, -0.26145 ], [ 36.96966, -0.26133 ], [ 36.96965, -0.26128 ], [ 36.96964, -0.26125 ], [ 36.96962, -0.26104 ], [ 36.96953, -0.26089 ], [ 36.96953, -0.26089 ], [ 36.96946, -0.26076 ], [ 36.96944, -0.26058 ], [ 36.9695, -0.26043 ], [ 36.96955, -0.26038 ], [ 36.96965, -0.26027 ], [ 36.96974, -0.26017 ], [ 36.96976, -0.26015 ], [ 36.96979, -0.26001 ], [ 36.9698, -0.25996 ], [ 36.96984, -0.25987 ], [ 36.96987, -0.2598 ], [ 36.96991, -0.25973 ], [ 36.96996, -0.25963 ], [ 36.97011, -0.25945 ], [ 36.97023, -0.25928 ], [ 36.97036, -0.25914 ], [ 36.97055, -0.25909 ], [ 36.97071, -0.259 ], [ 36.9708, -0.25883 ], [ 36.97081, -0.25861 ], [ 36.97078, -0.25845 ], [ 36.97078, -0.25841 ], [ 36.97086, -0.25824 ], [ 36.97087, -0.25824 ], [ 36.97102, -0.25822 ], [ 36.97107, -0.25823 ], [ 36.97121, -0.25824 ], [ 36.97122, -0.25824 ], [ 36.97134, -0.25831 ], [ 36.9714, -0.25841 ], [ 36.97141, -0.25842 ], [ 36.97144, -0.25856 ], [ 36.97152, -0.2587 ], [ 36.97155, -0.2587 ], [ 36.97174, -0.25867 ], [ 36.97176, -0.25854 ], [ 36.97178, -0.25845 ], [ 36.97183, -0.25838 ], [ 36.97192, -0.25825 ], [ 36.97211, -0.25833 ], [ 36.97224, -0.2584 ], [ 36.97245, -0.2584 ], [ 36.9727, -0.25837 ], [ 36.9729, -0.25837 ], [ 36.97304, -0.25826 ], [ 36.9731, -0.25816 ], [ 36.97312, -0.25812 ], [ 36.97323, -0.25804 ], [ 36.97348, -0.25804 ], [ 36.9737, -0.25804 ], [ 36.97395, -0.25799 ], [ 36.97416, -0.25786 ], [ 36.97432, -0.25778 ], [ 36.97446, -0.25776 ], [ 36.97451, -0.25776 ], [ 36.97461, -0.25776 ], [ 36.97462, -0.25776 ], [ 36.97479, -0.25782 ], [ 36.97502, -0.25783 ], [ 36.97521, -0.25779 ], [ 36.97525, -0.25778 ], [ 36.97542, -0.25763 ], [ 36.9756, -0.25744 ], [ 36.97574, -0.25713 ], [ 36.97579, -0.25693 ], [ 36.97581, -0.25683 ], [ 36.97584, -0.2567 ], [ 36.97591, -0.2565 ], [ 36.97606, -0.25636 ], [ 36.97607, -0.25634 ], [ 36.9762, -0.25625 ], [ 36.97621, -0.25624 ], [ 36.97632, -0.25625 ], [ 36.97642, -0.25625 ], [ 36.97665, -0.2563 ], [ 36.97687, -0.25631 ], [ 36.97712, -0.25624 ], [ 36.97735, -0.25619 ], [ 36.97753, -0.25619 ], [ 36.97775, -0.25625 ], [ 36.97793, -0.25635 ], [ 36.97812, -0.25638 ], [ 36.97822, -0.25638 ], [ 36.97838, -0.25638 ], [ 36.97867, -0.25629 ], [ 36.97909, -0.25606 ], [ 36.97929, -0.25591 ], [ 36.97933, -0.25588 ], [ 36.97954, -0.25584 ], [ 36.97958, -0.25584 ], [ 36.97963, -0.25587 ], [ 36.97966, -0.25588 ], [ 36.97971, -0.25591 ], [ 36.97972, -0.25606 ], [ 36.97973, -0.25609 ], [ 36.97974, -0.25631 ], [ 36.97983, -0.25653 ], [ 36.98007, -0.25671 ], [ 36.98025, -0.25676 ], [ 36.9803, -0.25675 ], [ 36.98032, -0.25675 ], [ 36.98038, -0.25675 ], [ 36.98048, -0.25674 ], [ 36.98057, -0.25673 ], [ 36.98067, -0.25675 ], [ 36.98074, -0.25676 ], [ 36.98085, -0.25684 ], [ 36.9809, -0.25687 ], [ 36.98104, -0.25687 ], [ 36.98114, -0.25685 ], [ 36.98122, -0.25683 ], [ 36.98137, -0.25677 ], [ 36.98148, -0.25665 ], [ 36.9815, -0.25647 ], [ 36.98153, -0.25627 ], [ 36.98158, -0.25626 ], [ 36.98169, -0.25623 ], [ 36.98178, -0.25629 ], [ 36.98183, -0.25632 ], [ 36.98186, -0.25635 ], [ 36.98199, -0.25644 ], [ 36.98202, -0.25644 ], [ 36.98218, -0.25647 ], [ 36.98234, -0.25648 ], [ 36.98241, -0.25654 ], [ 36.98251, -0.25663 ], [ 36.98266, -0.25684 ], [ 36.98292, -0.2571 ], [ 36.98296, -0.25714 ], [ 36.98323, -0.25742 ], [ 36.9835, -0.25755 ], [ 36.98379, -0.25763 ], [ 36.98383, -0.25764 ], [ 36.98408, -0.25769 ], [ 36.98425, -0.2578 ], [ 36.98426, -0.2578 ], [ 36.98448, -0.25793 ], [ 36.98475, -0.25795 ], [ 36.98521, -0.25797 ], [ 36.98639, -0.25799 ], [ 36.98689, -0.258 ], [ 36.98718, -0.258 ], [ 36.98725, -0.25801 ], [ 36.9873, -0.25804 ], [ 36.98731, -0.25805 ], [ 36.98731, -0.25805 ], [ 36.98742, -0.25811 ], [ 36.98756, -0.25827 ], [ 36.98758, -0.2583 ], [ 36.98765, -0.25841 ], [ 36.98781, -0.25844 ], [ 36.98784, -0.25845 ], [ 36.98806, -0.25836 ], [ 36.98813, -0.25833 ], [ 36.98868, -0.25787 ], [ 36.98885, -0.25774 ], [ 36.98905, -0.25759 ], [ 36.98918, -0.25748 ], [ 36.98946, -0.25745 ], [ 36.98967, -0.25744 ], [ 36.98981, -0.25738 ], [ 36.98992, -0.25723 ], [ 36.99, -0.25709 ], [ 36.99014, -0.25692 ], [ 36.99023, -0.25684 ], [ 36.99044, -0.25665 ], [ 36.99063, -0.25646 ], [ 36.99078, -0.25634 ], [ 36.9908, -0.25633 ], [ 36.99098, -0.25624 ], [ 36.99118, -0.25622 ], [ 36.99159, -0.25619 ], [ 36.9916, -0.25618 ], [ 36.99182, -0.25611 ], [ 36.99191, -0.25608 ], [ 36.99219, -0.25607 ], [ 36.99251, -0.25604 ], [ 36.99278, -0.2559 ], [ 36.99282, -0.25585 ], [ 36.99295, -0.25568 ], [ 36.99304, -0.25541 ], [ 36.99308, -0.25514 ], [ 36.99318, -0.25488 ], [ 36.99319, -0.25487 ], [ 36.99343, -0.25457 ], [ 36.99352, -0.2545 ], [ 36.99357, -0.25447 ], [ 36.99362, -0.25443 ], [ 36.99363, -0.25442 ], [ 36.99367, -0.25439 ], [ 36.99368, -0.25439 ], [ 36.99368, -0.25439 ], [ 36.99384, -0.25435 ], [ 36.99391, -0.25433 ], [ 36.99396, -0.25432 ], [ 36.99413, -0.25429 ], [ 36.99439, -0.25423 ], [ 36.99461, -0.25411 ], [ 36.99483, -0.25399 ], [ 36.99512, -0.25384 ], [ 36.99541, -0.25371 ], [ 36.99555, -0.2537 ], [ 36.99564, -0.2537 ], [ 36.99571, -0.2537 ], [ 36.99586, -0.25379 ], [ 36.99593, -0.25383 ], [ 36.9961, -0.25394 ], [ 36.9961, -0.25394 ], [ 36.99637, -0.25392 ], [ 36.99684, -0.25367 ], [ 36.99699, -0.25355 ], [ 36.99719, -0.25349 ], [ 36.99769, -0.25351 ], [ 36.99785, -0.25351 ], [ 36.99805, -0.25345 ], [ 36.99815, -0.2533 ], [ 36.99831, -0.25326 ], [ 36.99839, -0.25327 ], [ 36.99843, -0.25328 ], [ 36.99845, -0.25328 ], [ 36.99851, -0.25329 ], [ 36.99875, -0.25331 ], [ 36.99897, -0.25323 ], [ 36.99916, -0.25308 ], [ 36.99925, -0.25292 ], [ 36.99932, -0.25273 ], [ 36.99959, -0.25256 ], [ 36.99997, -0.25228 ], [ 37.0003, -0.25198 ], [ 37.00056, -0.25162 ], [ 37.00077, -0.25128 ], [ 37.00102, -0.25102 ], [ 37.00126, -0.25075 ], [ 37.00177, -0.25031 ], [ 37.00201, -0.25005 ], [ 37.00206, -0.24983 ], [ 37.00206, -0.24969 ], [ 37.00216, -0.24955 ], [ 37.00236, -0.24949 ], [ 37.00253, -0.24949 ], [ 37.0029, -0.24954 ], [ 37.00324, -0.24955 ], [ 37.00325, -0.24955 ], [ 37.00349, -0.24951 ], [ 37.00365, -0.24937 ], [ 37.00378, -0.24919 ], [ 37.00386, -0.24891 ], [ 37.00391, -0.24875 ], [ 37.00392, -0.24871 ], [ 37.00404, -0.2485 ], [ 37.00409, -0.24844 ], [ 37.00417, -0.24834 ], [ 37.0043, -0.24818 ], [ 37.00432, -0.24809 ], [ 37.00433, -0.24804 ], [ 37.00432, -0.24804 ], [ 37.00429, -0.24803 ], [ 37.00415, -0.24798 ], [ 37.00414, -0.24798 ], [ 37.00406, -0.24794 ], [ 37.00402, -0.24793 ], [ 37.00401, -0.24792 ], [ 37.00398, -0.24766 ], [ 37.00398, -0.24718 ], [ 37.00399, -0.24693 ], [ 37.0041, -0.24665 ], [ 37.00437, -0.24634 ], [ 37.00469, -0.24585 ], [ 37.00493, -0.24554 ], [ 37.00518, -0.24537 ], [ 37.00539, -0.24532 ], [ 37.00547, -0.24535 ], [ 37.00553, -0.24537 ], [ 37.00586, -0.24571 ], [ 37.00592, -0.24574 ], [ 37.00621, -0.24592 ], [ 37.00625, -0.24593 ], [ 37.00637, -0.24596 ], [ 37.00644, -0.24598 ], [ 37.00646, -0.24597 ], [ 37.00655, -0.24596 ], [ 37.00655, -0.24596 ], [ 37.00662, -0.24595 ], [ 37.00664, -0.24595 ], [ 37.00669, -0.24594 ], [ 37.0067, -0.24592 ], [ 37.00683, -0.24573 ], [ 37.00671, -0.2455 ], [ 37.00662, -0.24533 ], [ 37.00661, -0.24514 ], [ 37.00669, -0.24486 ], [ 37.00667, -0.24453 ], [ 37.00677, -0.24434 ], [ 37.00699, -0.24418 ], [ 37.00721, -0.2441 ], [ 37.0074, -0.24405 ], [ 37.0075, -0.24394 ], [ 37.00752, -0.2438 ], [ 37.00751, -0.24356 ], [ 37.00758, -0.24325 ], [ 37.00763, -0.24301 ], [ 37.00775, -0.24285 ], [ 37.00787, -0.24278 ], [ 37.00805, -0.24283 ], [ 37.00823, -0.24295 ], [ 37.00839, -0.24298 ], [ 37.00858, -0.24289 ], [ 37.00864, -0.24274 ], [ 37.0087, -0.24249 ], [ 37.00887, -0.24231 ], [ 37.00904, -0.24214 ], [ 37.00919, -0.24205 ], [ 37.0094, -0.24205 ], [ 37.00956, -0.24208 ], [ 37.00968, -0.24225 ], [ 37.0098, -0.24244 ], [ 37.00989, -0.24256 ], [ 37.01006, -0.24261 ], [ 37.0102, -0.24261 ], [ 37.01033, -0.24256 ], [ 37.01041, -0.24246 ], [ 37.01051, -0.24236 ], [ 37.01067, -0.24238 ], [ 37.0107, -0.24244 ], [ 37.0107, -0.24245 ], [ 37.01075, -0.24254 ], [ 37.01075, -0.24256 ], [ 37.01081, -0.24272 ], [ 37.01088, -0.2428 ], [ 37.01093, -0.24287 ], [ 37.01118, -0.24285 ], [ 37.01131, -0.24273 ], [ 37.01143, -0.24261 ], [ 37.01142, -0.24246 ], [ 37.01139, -0.24231 ], [ 37.01138, -0.24212 ], [ 37.01138, -0.24196 ], [ 37.01138, -0.24179 ], [ 37.01141, -0.24161 ], [ 37.01147, -0.2414 ], [ 37.01163, -0.24106 ], [ 37.01184, -0.24058 ], [ 37.01196, -0.24028 ], [ 37.01194, -0.24 ], [ 37.01189, -0.23979 ], [ 37.01178, -0.2395 ], [ 37.01171, -0.23919 ], [ 37.01173, -0.23882 ], [ 37.01178, -0.23855 ], [ 37.01197, -0.23821 ], [ 37.01219, -0.23788 ], [ 37.01236, -0.23761 ], [ 37.01243, -0.23738 ], [ 37.01246, -0.2372 ], [ 37.01237, -0.23695 ], [ 37.0123, -0.2366 ], [ 37.0123, -0.23625 ], [ 37.01231, -0.23568 ], [ 37.01232, -0.2354 ], [ 37.01239, -0.23512 ], [ 37.01254, -0.2349 ], [ 37.01275, -0.23467 ], [ 37.01297, -0.23452 ], [ 37.01314, -0.23437 ], [ 37.01335, -0.23418 ], [ 37.01358, -0.23395 ], [ 37.01363, -0.23389 ], [ 37.01387, -0.23362 ], [ 37.01397, -0.2335 ], [ 37.01419, -0.23315 ], [ 37.0143, -0.233 ], [ 37.01435, -0.2326 ], [ 37.01436, -0.23252 ], [ 37.01435, -0.23205 ], [ 37.01428, -0.23171 ], [ 37.0141, -0.23131 ], [ 37.01372, -0.23061 ], [ 37.0134, -0.23011 ], [ 37.01263, -0.22898 ], [ 37.011, -0.22668 ], [ 37.00935, -0.22418 ], [ 37.00913, -0.22363 ], [ 37.00906, -0.22324 ], [ 37.00906, -0.22291 ], [ 37.00913, -0.22257 ], [ 37.00939, -0.22153 ], [ 37.00966, -0.22043 ], [ 37.0114, -0.2133 ], [ 37.01177, -0.2118 ], [ 37.012, -0.21084 ], [ 37.01272, -0.20991 ], [ 37.01323, -0.20927 ], [ 37.01377, -0.20859 ], [ 37.01455, -0.20757 ], [ 37.01576, -0.19977 ], [ 37.01586, -0.19939 ], [ 37.01592, -0.19915 ], [ 37.01606, -0.19862 ], [ 37.01619, -0.19807 ], [ 37.01633, -0.19753 ], [ 37.01648, -0.19691 ], [ 37.01665, -0.19626 ], [ 37.01685, -0.19545 ], [ 37.01698, -0.19487 ], [ 37.01712, -0.19431 ], [ 37.01717, -0.1941 ], [ 37.01737, -0.19321 ], [ 37.01747, -0.19276 ], [ 37.01759, -0.19226 ], [ 37.01779, -0.19146 ], [ 37.01805, -0.19044 ], [ 37.01814, -0.19008 ], [ 37.01827, -0.18953 ], [ 37.01837, -0.18916 ], [ 37.01838, -0.18908 ], [ 37.01856, -0.18837 ], [ 37.01871, -0.18774 ], [ 37.01889, -0.18705 ], [ 37.01902, -0.18651 ], [ 37.01929, -0.18534 ], [ 37.01946, -0.18461 ], [ 37.01965, -0.18385 ], [ 37.01987, -0.18287 ], [ 37.02013, -0.18181 ], [ 37.02043, -0.18056 ], [ 37.02061, -0.17986 ], [ 37.02067, -0.17961 ], [ 37.02089, -0.17872 ], [ 37.02088, -0.17813 ], [ 37.02085, -0.17696 ], [ 37.02082, -0.17638 ], [ 37.02081, -0.17616 ], [ 37.0208, -0.17585 ], [ 37.02069, -0.17524 ], [ 37.02049, -0.17459 ], [ 37.0203, -0.17399 ], [ 37.02026, -0.1738 ], [ 37.02018, -0.17348 ], [ 37.0201, -0.17314 ], [ 37.02003, -0.17292 ], [ 37.01987, -0.1724 ], [ 37.01983, -0.17227 ], [ 37.01978, -0.17211 ], [ 37.01976, -0.17206 ], [ 37.01966, -0.17177 ], [ 37.01936, -0.17094 ], [ 37.01935, -0.17092 ], [ 37.01909, -0.17015 ], [ 37.01899, -0.16983 ], [ 37.0189, -0.1696 ], [ 37.01872, -0.16915 ], [ 37.01842, -0.16837 ], [ 37.0183, -0.16804 ], [ 37.01733, -0.16534 ], [ 37.01732, -0.16532 ], [ 37.01729, -0.16523 ], [ 37.01735, -0.16521 ], [ 37.01739, -0.16521 ], [ 37.01742, -0.16521 ], [ 37.01742, -0.16521 ], [ 37.01688, -0.16383 ], [ 37.0165, -0.16283 ], [ 37.01648, -0.16281 ], [ 37.01636, -0.16257 ], [ 37.01574, -0.16135 ], [ 37.01536, -0.16096 ], [ 37.01502, -0.16059 ], [ 37.01486, -0.16045 ], [ 37.01488, -0.16022 ], [ 37.01502, -0.15653 ], [ 37.01466, -0.15655 ], [ 37.01427, -0.15655 ], [ 37.01377, -0.15651 ], [ 37.01344, -0.15644 ], [ 37.01309, -0.15627 ], [ 37.01296, -0.15611 ], [ 37.01276, -0.15569 ], [ 37.01266, -0.1555 ], [ 37.01245, -0.15536 ], [ 37.01226, -0.15525 ], [ 37.01195, -0.15511 ], [ 37.01165, -0.15491 ], [ 37.0116, -0.15487 ], [ 37.01153, -0.15479 ], [ 37.01138, -0.15463 ], [ 37.01126, -0.15433 ], [ 37.01126, -0.15399 ], [ 37.01128, -0.15376 ], [ 37.01128, -0.15351 ], [ 37.01118, -0.15325 ], [ 37.01096, -0.15288 ], [ 37.01071, -0.1525 ], [ 37.01059, -0.15223 ], [ 37.01057, -0.15191 ], [ 37.01058, -0.15172 ], [ 37.01061, -0.15142 ], [ 37.01071, -0.15117 ], [ 37.01091, -0.15089 ], [ 37.01113, -0.15074 ], [ 37.01126, -0.15047 ], [ 37.01128, -0.15029 ], [ 37.01117, -0.15007 ], [ 37.01107, -0.14994 ], [ 37.01073, -0.14951 ], [ 37.01054, -0.14926 ], [ 37.01053, -0.14903 ], [ 37.01055, -0.14877 ], [ 37.01048, -0.1485 ], [ 37.01032, -0.14819 ], [ 37.01, -0.14778 ], [ 37.00964, -0.14736 ], [ 37.00948, -0.14697 ], [ 37.00937, -0.14674 ], [ 37.0092, -0.14656 ], [ 37.00904, -0.14648 ], [ 37.0088, -0.14644 ], [ 37.00856, -0.14643 ], [ 37.00819, -0.14643 ], [ 37.00796, -0.14637 ], [ 37.00763, -0.14626 ], [ 37.00745, -0.14607 ], [ 37.00725, -0.14586 ], [ 37.00702, -0.14577 ], [ 37.00681, -0.14577 ], [ 37.00662, -0.14572 ], [ 37.00639, -0.14566 ], [ 37.00613, -0.14565 ], [ 37.00599, -0.14579 ], [ 37.00587, -0.14595 ], [ 37.00567, -0.14619 ], [ 37.00553, -0.14628 ], [ 37.00536, -0.14627 ], [ 37.00513, -0.14617 ], [ 37.00488, -0.14591 ], [ 37.00474, -0.14574 ], [ 37.0047, -0.14552 ], [ 37.0047, -0.14532 ], [ 37.00481, -0.14504 ], [ 37.00482, -0.14484 ], [ 37.0047, -0.14463 ], [ 37.00451, -0.14455 ], [ 37.00433, -0.14451 ], [ 37.00406, -0.14439 ], [ 37.00378, -0.14417 ], [ 37.0037, -0.14393 ], [ 37.00371, -0.14366 ], [ 37.00366, -0.14341 ], [ 37.0035, -0.14323 ], [ 37.00304, -0.14301 ], [ 37.00248, -0.14283 ], [ 37.00221, -0.14273 ], [ 37.00195, -0.14263 ], [ 37.0017, -0.14236 ], [ 37.00156, -0.14202 ], [ 37.00136, -0.14156 ], [ 37.0012, -0.14123 ], [ 37.001, -0.14078 ], [ 37.00092, -0.14036 ], [ 37.00092, -0.14032 ], [ 37.00093, -0.1399 ], [ 37.00083, -0.13979 ], [ 37.00067, -0.13958 ], [ 37.00057, -0.13971 ], [ 37.00051, -0.13985 ], [ 37.00035, -0.1399 ], [ 37.00015, -0.13988 ], [ 36.99997, -0.13979 ], [ 36.99975, -0.13974 ], [ 36.99956, -0.13967 ], [ 36.99946, -0.13948 ], [ 36.99945, -0.13919 ], [ 36.99926, -0.13915 ], [ 36.99908, -0.13915 ], [ 36.99887, -0.13914 ], [ 36.9987, -0.139 ], [ 36.99863, -0.13887 ], [ 36.99867, -0.13874 ], [ 36.99882, -0.13864 ], [ 36.99904, -0.13854 ], [ 36.99923, -0.13843 ], [ 36.99929, -0.13828 ], [ 36.99929, -0.13815 ], [ 36.99911, -0.13797 ], [ 36.99886, -0.13794 ], [ 36.9986, -0.13795 ], [ 36.9984, -0.13806 ], [ 36.99832, -0.13822 ], [ 36.99831, -0.13841 ], [ 36.9983, -0.13861 ], [ 36.99818, -0.13883 ], [ 36.99798, -0.13895 ], [ 36.9978, -0.13899 ], [ 36.99761, -0.13892 ], [ 36.99747, -0.1387 ], [ 36.99746, -0.1384 ], [ 36.99746, -0.13818 ], [ 36.99735, -0.13798 ], [ 36.9972, -0.13788 ], [ 36.99701, -0.1379 ], [ 36.99677, -0.13806 ], [ 36.99661, -0.13826 ], [ 36.99654, -0.13854 ], [ 36.99652, -0.13876 ], [ 36.99646, -0.13895 ], [ 36.99628, -0.13911 ], [ 36.99577, -0.13941 ], [ 36.99502, -0.13976 ], [ 36.99442, -0.14002 ], [ 36.99418, -0.14014 ], [ 36.99402, -0.14013 ], [ 36.99384, -0.1401 ], [ 36.99373, -0.13996 ], [ 36.99369, -0.13982 ], [ 36.99369, -0.13966 ], [ 36.99366, -0.13948 ], [ 36.99356, -0.1393 ], [ 36.99343, -0.13915 ], [ 36.99343, -0.13901 ], [ 36.99344, -0.13886 ], [ 36.99363, -0.13875 ], [ 36.99393, -0.13872 ], [ 36.99448, -0.13864 ], [ 36.99466, -0.13859 ], [ 36.99474, -0.13845 ], [ 36.99474, -0.1383 ], [ 36.9946, -0.13817 ], [ 36.99432, -0.13805 ], [ 36.99403, -0.13804 ], [ 36.99366, -0.13807 ], [ 36.99334, -0.13811 ], [ 36.99317, -0.13802 ], [ 36.9932, -0.13775 ], [ 36.99328, -0.13753 ], [ 36.99329, -0.13734 ], [ 36.99325, -0.13717 ], [ 36.99306, -0.13701 ], [ 36.99284, -0.13695 ], [ 36.99267, -0.13695 ], [ 36.99246, -0.13699 ], [ 36.9923, -0.13701 ], [ 36.99211, -0.13701 ], [ 36.99195, -0.13688 ], [ 36.99176, -0.13659 ], [ 36.99154, -0.13633 ], [ 36.99131, -0.13612 ], [ 36.99091, -0.13572 ], [ 36.99073, -0.13542 ], [ 36.99046, -0.13501 ], [ 36.99019, -0.13474 ], [ 36.98988, -0.13457 ], [ 36.98955, -0.1345 ], [ 36.989, -0.13449 ], [ 36.9883, -0.13449 ], [ 36.98786, -0.1345 ], [ 36.98726, -0.13454 ], [ 36.98709, -0.13448 ], [ 36.98683, -0.13432 ], [ 36.98662, -0.13412 ], [ 36.98657, -0.13392 ], [ 36.98654, -0.13383 ], [ 36.98646, -0.13349 ], [ 36.98615, -0.13361 ], [ 36.98627, -0.13289 ], [ 36.98627, -0.13224 ], [ 36.98615, -0.1318 ], [ 36.98572, -0.13113 ], [ 36.98556, -0.1308 ], [ 36.98541, -0.13025 ], [ 36.98532, -0.129 ], [ 36.98479, -0.12111 ], [ 36.98437, -0.11591 ], [ 36.98431, -0.11513 ], [ 36.98376, -0.10835 ], [ 36.98349, -0.10486 ], [ 36.98371, -0.105 ], [ 36.98371, -0.10498 ], [ 36.98368, -0.10469 ], [ 36.98358, -0.10343 ], [ 36.98321, -0.09891 ], [ 36.98311, -0.09764 ], [ 36.98302, -0.09686 ], [ 36.98292, -0.0962 ], [ 36.98245, -0.09392 ], [ 36.98208, -0.09246 ], [ 36.98163, -0.09035 ], [ 36.98146, -0.09035 ], [ 36.98024, -0.08469 ], [ 36.97894, -0.07904 ], [ 36.97864, -0.07796 ], [ 36.97864, -0.0773 ], [ 36.97888, -0.07675 ], [ 36.97925, -0.07616 ], [ 36.97949, -0.07563 ], [ 36.97949, -0.07521 ], [ 36.97925, -0.07466 ], [ 36.97883, -0.07394 ], [ 36.97848, -0.07347 ], [ 36.97841, -0.07321 ], [ 36.97833, -0.07268 ], [ 36.97844, -0.07198 ], [ 36.97892, -0.07112 ], [ 36.9793, -0.07071 ], [ 36.97943, -0.07087 ], [ 36.97955, -0.07075 ], [ 36.97981, -0.07054 ], [ 36.98012, -0.0703 ], [ 36.98026, -0.07019 ], [ 36.98049, -0.07002 ], [ 36.98071, -0.06991 ], [ 36.98109, -0.06972 ], [ 36.98163, -0.06959 ], [ 36.98219, -0.06954 ], [ 36.98309, -0.06956 ], [ 36.98465, -0.06966 ], [ 36.98649, -0.06972 ], [ 36.98692, -0.06969 ], [ 36.98723, -0.06951 ], [ 36.98741, -0.06943 ], [ 36.98769, -0.06919 ], [ 36.98844, -0.06842 ], [ 36.98893, -0.06785 ], [ 36.98954, -0.06728 ], [ 36.99007, -0.06691 ], [ 36.99071, -0.06661 ], [ 36.99163, -0.06644 ], [ 36.99271, -0.06632 ], [ 36.99333, -0.06625 ], [ 36.99399, -0.06617 ], [ 36.99588, -0.06594 ], [ 36.9971, -0.06572 ], [ 36.99792, -0.06554 ], [ 36.99862, -0.0653 ], [ 37.00004, -0.06451 ], [ 37.00068, -0.06476 ], [ 37.00259, -0.06368 ], [ 37.01357, -0.0575 ], [ 37.01797, -0.05502 ], [ 37.02376, -0.05177 ], [ 37.02607, -0.05047 ], [ 37.02692, -0.04991 ], [ 37.0273, -0.04956 ], [ 37.0276, -0.04901 ], [ 37.02772, -0.0487 ], [ 37.02783, -0.04843 ], [ 37.02801, -0.04705 ], [ 37.02807, -0.04631 ], [ 37.02808, -0.04624 ], [ 37.02831, -0.04594 ], [ 37.03492, -0.03776 ], [ 37.03487, -0.03767 ], [ 37.03471, -0.03738 ], [ 37.03475, -0.03734 ], [ 37.03866, -0.03245 ], [ 37.03892, -0.03213 ], [ 37.03904, -0.03222 ], [ 37.03927, -0.03237 ], [ 37.03988, -0.03162 ], [ 37.04343, -0.02718 ], [ 37.04855, -0.02076 ], [ 37.04914, -0.02002 ], [ 37.05121, -0.01748 ], [ 37.05302, -0.01494 ], [ 37.0533, -0.01406 ], [ 37.05332, -0.01338 ], [ 37.05315, -0.0121 ], [ 37.05274, -0.01051 ], [ 37.05287, -0.01026 ], [ 37.05385, -0.00946 ], [ 37.05431, -0.00902 ], [ 37.05387, -0.00877 ], [ 37.05423, -0.00843 ], [ 37.05468, -0.00803 ], [ 37.05516, -0.00756 ], [ 37.05549, -0.00722 ], [ 37.05577, -0.00694 ], [ 37.05609, -0.00663 ], [ 37.05637, -0.00637 ], [ 37.05664, -0.00612 ], [ 37.05671, -0.00605 ], [ 37.05704, -0.00576 ], [ 37.05735, -0.00548 ], [ 37.05739, -0.00544 ], [ 37.05752, -0.00532 ], [ 37.05773, -0.00514 ], [ 37.05839, -0.00455 ], [ 37.05847, -0.00448 ], [ 37.05874, -0.00423 ], [ 37.0589, -0.00408 ], [ 37.05918, -0.0038 ], [ 37.05945, -0.00355 ], [ 37.05972, -0.0033 ], [ 37.05994, -0.00311 ], [ 37.06022, -0.00287 ], [ 37.06049, -0.0026 ], [ 37.06067, -0.00242 ], [ 37.06096, -0.00213 ], [ 37.06102, -0.00207 ], [ 37.06147, -0.00161 ], [ 37.06163, -0.00144 ], [ 37.06207, -0.00101 ], [ 37.06211, -0.00096 ], [ 37.06225, -0.00079 ], [ 37.06231, -0.00071 ], [ 37.06243, -0.00055 ], [ 37.06244, -0.00054 ], [ 37.06272, -0.00064 ], [ 37.06283, -0.00065 ], [ 37.06293, -0.00067 ], [ 37.06313, -0.00073 ], [ 37.06324, -0.00065 ], [ 37.06373, -0.0008 ], [ 37.06534, -0.00134 ], [ 37.06556, -0.00142 ], [ 37.06589, -0.00153 ], [ 37.06586, -0.00164 ], [ 37.06533, -0.00348 ], [ 37.06533, -0.00348 ], [ 37.0657, -0.00361 ], [ 37.06605, -0.00373 ], [ 37.06636, -0.00383 ], [ 37.06706, -0.00404 ], [ 37.06737, -0.00413 ], [ 37.06744, -0.00416 ], [ 37.0675, -0.00418 ], [ 37.06769, -0.00425 ], [ 37.06805, -0.00438 ], [ 37.06814, -0.00441 ], [ 37.06814, -0.00441 ], [ 37.06842, -0.00451 ], [ 37.06862, -0.00457 ], [ 37.06892, -0.00465 ], [ 37.06901, -0.0044 ], [ 37.06917, -0.00396 ], [ 37.06928, -0.00367 ], [ 37.06939, -0.00338 ], [ 37.06941, -0.00334 ], [ 37.06962, -0.00272 ], [ 37.06976, -0.00233 ], [ 37.06992, -0.00185 ], [ 37.07001, -0.00159 ], [ 37.07022, -0.00099 ], [ 37.07028, -0.00082 ], [ 37.07035, -0.0006 ], [ 37.07044, -0.00035 ], [ 37.0706, 0.00011 ], [ 37.07076, 0.00058 ], [ 37.07092, 0.00104 ], [ 37.07101, 0.00134 ], [ 37.07114, 0.00165 ], [ 37.07127, 0.00189 ], [ 37.07135, 0.00203 ], [ 37.07153, 0.00233 ], [ 37.0717, 0.00261 ], [ 37.07192, 0.00295 ], [ 37.07204, 0.00312 ], [ 37.07225, 0.00345 ], [ 37.07228, 0.00349 ], [ 37.07241, 0.00339 ], [ 37.07286, 0.00306 ], [ 37.07321, 0.00358 ], [ 37.07346, 0.00385 ], [ 37.07369, 0.00412 ], [ 37.07403, 0.00458 ], [ 37.07426, 0.00492 ], [ 37.0746, 0.00543 ], [ 37.07483, 0.00581 ], [ 37.07492, 0.00592 ], [ 37.0752, 0.00626 ], [ 37.07541, 0.00651 ], [ 37.0754, 0.00653 ], [ 37.07541, 0.00657 ], [ 37.07575, 0.00707 ], [ 37.07631, 0.00791 ], [ 37.07637, 0.008 ], [ 37.07641, 0.00806 ], [ 37.07653, 0.00824 ], [ 37.07694, 0.00886 ], [ 37.07744, 0.00962 ], [ 37.07754, 0.00976 ], [ 37.07782, 0.01019 ], [ 37.07788, 0.01028 ], [ 37.0779, 0.01031 ], [ 37.07791, 0.01033 ], [ 37.07793, 0.01034 ], [ 37.07842, 0.01116 ], [ 37.07856, 0.01141 ], [ 37.07918, 0.01235 ], [ 37.07932, 0.01222 ], [ 37.07945, 0.01212 ], [ 37.07948, 0.01207 ], [ 37.07948, 0.01203 ], [ 37.07948, 0.012 ], [ 37.07944, 0.01194 ], [ 37.07941, 0.01188 ], [ 37.0794, 0.01185 ], [ 37.0794, 0.01181 ], [ 37.07943, 0.01175 ], [ 37.07949, 0.01164 ], [ 37.07956, 0.01152 ], [ 37.07959, 0.01147 ], [ 37.0796, 0.01143 ], [ 37.07959, 0.01138 ], [ 37.07957, 0.01132 ], [ 37.07954, 0.01126 ], [ 37.07947, 0.01118 ], [ 37.07939, 0.01105 ], [ 37.07934, 0.01096 ], [ 37.07932, 0.01089 ], [ 37.07927, 0.01074 ], [ 37.07924, 0.01068 ], [ 37.0792, 0.01064 ], [ 37.0791, 0.01056 ], [ 37.07893, 0.01047 ], [ 37.07889, 0.01044 ], [ 37.07885, 0.0104 ], [ 37.07883, 0.01036 ], [ 37.07882, 0.01033 ], [ 37.07875, 0.0101 ], [ 37.07871, 0.00998 ], [ 37.07868, 0.00989 ], [ 37.07867, 0.00982 ], [ 37.07867, 0.00976 ], [ 37.07868, 0.00972 ], [ 37.07869, 0.0097 ], [ 37.07871, 0.00968 ], [ 37.07873, 0.00967 ], [ 37.07877, 0.00965 ], [ 37.0788, 0.00965 ], [ 37.07885, 0.00964 ], [ 37.07889, 0.00964 ], [ 37.07893, 0.00963 ], [ 37.07897, 0.00961 ], [ 37.079, 0.00957 ], [ 37.07902, 0.00953 ], [ 37.07903, 0.00944 ], [ 37.07901, 0.00936 ], [ 37.07894, 0.00921 ], [ 37.0789, 0.00915 ], [ 37.0789, 0.00912 ], [ 37.07889, 0.00907 ], [ 37.07887, 0.00903 ], [ 37.07883, 0.00897 ], [ 37.07881, 0.00894 ], [ 37.07881, 0.0089 ], [ 37.07884, 0.00877 ], [ 37.07886, 0.00869 ], [ 37.07888, 0.00859 ], [ 37.07888, 0.00845 ], [ 37.07888, 0.00838 ], [ 37.07889, 0.00836 ], [ 37.07891, 0.0083 ], [ 37.07891, 0.00824 ], [ 37.0789, 0.00821 ], [ 37.07886, 0.0081 ], [ 37.07885, 0.00804 ], [ 37.07882, 0.00796 ], [ 37.07883, 0.00789 ], [ 37.07882, 0.00787 ], [ 37.07881, 0.00784 ], [ 37.07867, 0.00774 ], [ 37.07853, 0.00764 ], [ 37.07851, 0.00763 ], [ 37.0785, 0.00759 ], [ 37.07851, 0.00756 ], [ 37.07852, 0.00752 ], [ 37.07854, 0.0075 ], [ 37.07858, 0.00748 ], [ 37.07864, 0.00747 ], [ 37.07869, 0.00746 ], [ 37.07872, 0.00743 ], [ 37.07872, 0.00741 ], [ 37.07873, 0.00739 ], [ 37.0787, 0.00734 ], [ 37.07865, 0.00729 ], [ 37.07859, 0.00724 ], [ 37.07857, 0.00722 ], [ 37.07856, 0.00718 ], [ 37.07856, 0.00715 ], [ 37.07857, 0.00713 ], [ 37.07857, 0.00711 ], [ 37.07856, 0.00709 ], [ 37.07854, 0.00707 ], [ 37.07851, 0.00707 ], [ 37.07847, 0.00708 ], [ 37.07843, 0.0071 ], [ 37.07838, 0.00713 ], [ 37.07834, 0.00716 ], [ 37.07832, 0.00717 ], [ 37.07831, 0.00717 ], [ 37.07828, 0.00716 ], [ 37.07826, 0.00715 ], [ 37.07825, 0.00713 ], [ 37.07825, 0.00709 ], [ 37.07826, 0.00707 ], [ 37.07834, 0.00699 ], [ 37.07836, 0.00695 ], [ 37.07837, 0.00689 ], [ 37.07837, 0.00689 ], [ 37.07839, 0.00682 ], [ 37.07841, 0.00678 ], [ 37.07841, 0.00674 ], [ 37.07841, 0.00671 ], [ 37.07838, 0.00667 ], [ 37.07836, 0.00661 ], [ 37.07836, 0.00658 ], [ 37.07837, 0.0065 ], [ 37.07839, 0.00645 ], [ 37.07841, 0.0064 ], [ 37.07843, 0.00639 ], [ 37.07846, 0.00638 ], [ 37.07851, 0.00638 ], [ 37.07854, 0.00638 ], [ 37.07861, 0.00633 ], [ 37.07865, 0.00629 ], [ 37.07869, 0.00622 ], [ 37.07871, 0.00618 ], [ 37.07872, 0.00614 ], [ 37.07871, 0.00609 ], [ 37.0787, 0.00605 ], [ 37.0787, 0.00601 ], [ 37.07872, 0.00597 ], [ 37.0788, 0.00586 ], [ 37.07883, 0.00579 ], [ 37.07886, 0.00568 ], [ 37.07892, 0.00521 ], [ 37.07893, 0.00507 ], [ 37.07894, 0.005 ], [ 37.07898, 0.00492 ], [ 37.07904, 0.00478 ], [ 37.07909, 0.00466 ], [ 37.07914, 0.00454 ], [ 37.07919, 0.00448 ], [ 37.07927, 0.00444 ], [ 37.07931, 0.00441 ], [ 37.07935, 0.00438 ], [ 37.07938, 0.00432 ], [ 37.07942, 0.00423 ], [ 37.07945, 0.00411 ], [ 37.07949, 0.00386 ], [ 37.07952, 0.00378 ], [ 37.07961, 0.00364 ], [ 37.07965, 0.00353 ], [ 37.07967, 0.00344 ], [ 37.07966, 0.00331 ], [ 37.07965, 0.00324 ], [ 37.07964, 0.0032 ], [ 37.07965, 0.00315 ], [ 37.07966, 0.00311 ], [ 37.0797, 0.00308 ], [ 37.0798, 0.00307 ], [ 37.07987, 0.00303 ], [ 37.0799, 0.00298 ], [ 37.07989, 0.00289 ], [ 37.07979, 0.00273 ], [ 37.0797, 0.00256 ], [ 37.07967, 0.00248 ], [ 37.07966, 0.0024 ], [ 37.07969, 0.00232 ], [ 37.07978, 0.00217 ], [ 37.07981, 0.00212 ], [ 37.07981, 0.00205 ], [ 37.07976, 0.00195 ], [ 37.07963, 0.00171 ], [ 37.07948, 0.00144 ], [ 37.0794, 0.00126 ], [ 37.07934, 0.00115 ], [ 37.07929, 0.00108 ], [ 37.07905, 0.00087 ], [ 37.07899, 0.00081 ], [ 37.07895, 0.00075 ], [ 37.07891, 0.0006 ], [ 37.07887, 0.00053 ], [ 37.07878, 0.00042 ], [ 37.07866, 0.00033 ], [ 37.07859, 0.00025 ], [ 37.07847, -0.00005 ], [ 37.0784, -0.00023 ], [ 37.07838, -0.00036 ], [ 37.07836, -0.00044 ], [ 37.07834, -0.0005 ], [ 37.07825, -0.00058 ], [ 37.07818, -0.00065 ], [ 37.07816, -0.00071 ], [ 37.07814, -0.00077 ], [ 37.07816, -0.00091 ], [ 37.07822, -0.001 ], [ 37.0783, -0.0011 ], [ 37.07833, -0.00118 ], [ 37.07833, -0.00125 ], [ 37.07831, -0.00132 ], [ 37.07814, -0.00169 ], [ 37.07807, -0.00187 ], [ 37.07801, -0.00204 ], [ 37.07799, -0.0021 ], [ 37.07799, -0.00215 ], [ 37.07801, -0.00219 ], [ 37.07809, -0.0022 ], [ 37.07817, -0.00218 ], [ 37.07824, -0.00217 ], [ 37.07831, -0.00219 ], [ 37.07833, -0.0022 ], [ 37.07848, -0.00228 ], [ 37.07857, -0.00236 ], [ 37.07871, -0.00247 ], [ 37.07878, -0.00255 ], [ 37.07882, -0.00263 ], [ 37.07884, -0.00273 ], [ 37.07881, -0.00287 ], [ 37.0788, -0.00297 ], [ 37.07883, -0.00304 ], [ 37.07894, -0.00313 ], [ 37.07913, -0.00326 ], [ 37.07919, -0.00329 ], [ 37.07935, -0.00332 ], [ 37.07947, -0.00336 ], [ 37.07952, -0.0034 ], [ 37.0796, -0.00353 ], [ 37.07966, -0.0036 ], [ 37.07977, -0.00371 ], [ 37.0799, -0.00383 ], [ 37.08001, -0.0039 ], [ 37.08018, -0.00399 ], [ 37.08036, -0.00405 ], [ 37.08045, -0.0041 ], [ 37.08051, -0.00416 ], [ 37.08053, -0.00422 ], [ 37.08053, -0.0043 ], [ 37.0805, -0.00442 ], [ 37.08034, -0.00461 ], [ 37.0801, -0.00483 ], [ 37.0799, -0.00498 ], [ 37.07981, -0.00509 ], [ 37.07977, -0.00517 ], [ 37.07976, -0.00526 ], [ 37.07977, -0.0053 ], [ 37.0798, -0.00534 ], [ 37.0799, -0.00541 ], [ 37.08, -0.00545 ], [ 37.08008, -0.00546 ], [ 37.08028, -0.00544 ], [ 37.08053, -0.00537 ], [ 37.08066, -0.00535 ], [ 37.08079, -0.00533 ], [ 37.08089, -0.00534 ], [ 37.08101, -0.00537 ], [ 37.08112, -0.00543 ], [ 37.08128, -0.00557 ], [ 37.08137, -0.00562 ], [ 37.08146, -0.00565 ], [ 37.0816, -0.00567 ], [ 37.08175, -0.00567 ], [ 37.08193, -0.00568 ], [ 37.082, -0.00571 ], [ 37.08207, -0.00575 ], [ 37.08218, -0.00585 ], [ 37.08229, -0.00606 ], [ 37.08231, -0.00617 ], [ 37.08232, -0.00625 ], [ 37.08231, -0.00635 ], [ 37.08227, -0.00648 ], [ 37.08224, -0.00662 ], [ 37.08222, -0.00676 ], [ 37.08222, -0.00688 ], [ 37.08225, -0.00702 ], [ 37.0823, -0.00716 ], [ 37.08238, -0.00729 ], [ 37.08252, -0.00749 ], [ 37.08276, -0.00772 ], [ 37.08283, -0.00782 ], [ 37.08289, -0.00793 ], [ 37.08293, -0.00809 ], [ 37.08298, -0.00837 ], [ 37.08299, -0.00851 ], [ 37.08297, -0.00873 ], [ 37.08294, -0.00886 ], [ 37.08285, -0.00904 ], [ 37.08282, -0.00912 ], [ 37.08281, -0.00919 ], [ 37.08282, -0.00923 ], [ 37.08288, -0.00931 ], [ 37.08308, -0.00949 ], [ 37.0832, -0.00964 ], [ 37.08329, -0.00972 ], [ 37.08346, -0.00985 ], [ 37.08359, -0.00994 ], [ 37.08365, -0.00999 ], [ 37.08368, -0.01004 ], [ 37.08398, -0.00983 ], [ 37.08406, -0.00996 ], [ 37.08426, -0.01042 ], [ 37.08447, -0.0108 ], [ 37.08468, -0.0112 ], [ 37.08484, -0.0116 ], [ 37.08499, -0.01199 ], [ 37.085, -0.012 ], [ 37.08512, -0.01213 ], [ 37.08526, -0.0123 ], [ 37.08561, -0.01267 ], [ 37.08577, -0.01285 ], [ 37.08589, -0.01298 ], [ 37.08608, -0.01314 ], [ 37.08627, -0.01327 ], [ 37.08647, -0.01336 ], [ 37.08671, -0.01346 ], [ 37.0868, -0.01351 ], [ 37.08689, -0.01358 ], [ 37.08693, -0.01369 ], [ 37.08694, -0.01377 ], [ 37.08691, -0.0139 ], [ 37.08708, -0.01408 ], [ 37.08714, -0.0142 ], [ 37.08724, -0.01422 ], [ 37.08743, -0.01428 ], [ 37.08754, -0.01434 ], [ 37.08773, -0.01454 ], [ 37.08777, -0.01457 ], [ 37.08796, -0.01487 ], [ 37.08799, -0.01491 ], [ 37.08803, -0.01496 ], [ 37.08806, -0.01502 ], [ 37.08819, -0.01517 ], [ 37.08836, -0.01528 ], [ 37.08848, -0.01537 ], [ 37.08856, -0.01547 ], [ 37.08859, -0.01554 ], [ 37.08858, -0.01563 ], [ 37.08849, -0.01578 ], [ 37.08833, -0.01593 ], [ 37.0883, -0.016 ], [ 37.08829, -0.01607 ], [ 37.08831, -0.01617 ], [ 37.08834, -0.01621 ], [ 37.08843, -0.01628 ], [ 37.08853, -0.01632 ], [ 37.08864, -0.01639 ], [ 37.08871, -0.01646 ], [ 37.08878, -0.01652 ], [ 37.08887, -0.01659 ], [ 37.08901, -0.0167 ], [ 37.08913, -0.01679 ], [ 37.08915, -0.01681 ], [ 37.08921, -0.01688 ], [ 37.08927, -0.01697 ], [ 37.08929, -0.01704 ], [ 37.0893, -0.01711 ], [ 37.0893, -0.01713 ], [ 37.08929, -0.01731 ], [ 37.08929, -0.01738 ], [ 37.08931, -0.01745 ], [ 37.08938, -0.01753 ], [ 37.08937, -0.01752 ], [ 37.08953, -0.01741 ], [ 37.08964, -0.01737 ], [ 37.08982, -0.01728 ], [ 37.08984, -0.01727 ], [ 37.09029, -0.01739 ], [ 37.09073, -0.01753 ], [ 37.09097, -0.01761 ], [ 37.09154, -0.01755 ], [ 37.09155, -0.01754 ], [ 37.09184, -0.01733 ], [ 37.0919, -0.01729 ], [ 37.09209, -0.01726 ], [ 37.09276, -0.01755 ], [ 37.09322, -0.01779 ], [ 37.09363, -0.018 ], [ 37.09414, -0.01844 ], [ 37.0942, -0.0186 ], [ 37.09433, -0.01896 ], [ 37.09462, -0.01976 ], [ 37.09507, -0.02033 ], [ 37.09574, -0.02072 ], [ 37.09588, -0.02083 ], [ 37.09635, -0.0212 ], [ 37.09664, -0.02171 ], [ 37.09718, -0.02229 ], [ 37.09756, -0.02263 ], [ 37.09785, -0.0229 ], [ 37.09891, -0.02373 ], [ 37.09905, -0.02384 ], [ 37.10013, -0.02472 ], [ 37.10064, -0.0252 ], [ 37.10067, -0.02525 ], [ 37.10068, -0.02526 ], [ 37.1008, -0.026 ], [ 37.10079, -0.02635 ], [ 37.10067, -0.02663 ], [ 37.10056, -0.02706 ], [ 37.10052, -0.02745 ], [ 37.10052, -0.02765 ], [ 37.10052, -0.02776 ], [ 37.10056, -0.02806 ], [ 37.10073, -0.02827 ], [ 37.10096, -0.02857 ], [ 37.10111, -0.02866 ], [ 37.10167, -0.02917 ], [ 37.10295, -0.02988 ], [ 37.10305, -0.0299 ], [ 37.10404, -0.03007 ], [ 37.10509, -0.03004 ], [ 37.10593, -0.03023 ], [ 37.10654, -0.03071 ], [ 37.10663, -0.03078 ], [ 37.10718, -0.03145 ], [ 37.10753, -0.03212 ], [ 37.10817, -0.0326 ], [ 37.10862, -0.03274 ], [ 37.10891, -0.03282 ], [ 37.10929, -0.03331 ], [ 37.10971, -0.03414 ], [ 37.10996, -0.03478 ], [ 37.11041, -0.03504 ], [ 37.11092, -0.03516 ], [ 37.11144, -0.03513 ], [ 37.11198, -0.03523 ], [ 37.11233, -0.03564 ], [ 37.11236, -0.03576 ], [ 37.11249, -0.03625 ], [ 37.11265, -0.03674 ], [ 37.1127, -0.03701 ], [ 37.11271, -0.03704 ], [ 37.11283, -0.0373 ], [ 37.11291, -0.03753 ], [ 37.11301, -0.03766 ], [ 37.11358, -0.0384 ], [ 37.11373, -0.03848 ], [ 37.11398, -0.03797 ], [ 37.11404, -0.03783 ], [ 37.12162, -0.02224 ], [ 37.12147, -0.02177 ] ], [ [ 37.01478, -0.23236 ], [ 37.01478, -0.23234 ], [ 37.01473, -0.23239 ], [ 37.01478, -0.23236 ] ] ] } },
{ "type": "Feature", "properties": { "entity_id": 291, "p_entity": 37, "name": "Kieni West Sub County" }, "geometry": { "type": "Polygon", "coordinates": [ [ [ 36.9595, -0.28248 ], [ 36.96138, -0.28325 ], [ 36.96447, -0.28445 ], [ 36.96654, -0.28526 ], [ 36.96874, -0.28621 ], [ 36.97324, -0.28813 ], [ 36.97706, -0.28976 ], [ 36.98047, -0.29122 ], [ 36.98296, -0.29233 ], [ 36.98579, -0.29354 ], [ 36.98649, -0.29388 ], [ 36.98854, -0.29477 ], [ 36.98903, -0.29498 ], [ 36.98775, -0.29769 ], [ 36.98632, -0.30038 ], [ 36.98584, -0.30167 ], [ 36.98509, -0.30348 ], [ 36.98437, -0.30508 ], [ 36.98311, -0.30737 ], [ 36.9821, -0.30944 ], [ 36.98104, -0.31163 ], [ 36.98061, -0.31272 ], [ 36.97967, -0.31511 ], [ 36.97883, -0.3171 ], [ 36.97816, -0.31903 ], [ 36.98072, -0.32055 ], [ 36.98355, -0.32228 ], [ 36.98632, -0.32385 ], [ 36.98881, -0.32517 ], [ 36.99096, -0.3262 ], [ 36.99353, -0.32748 ], [ 36.99124, -0.32967 ], [ 36.98879, -0.33174 ], [ 36.9876, -0.33266 ], [ 36.98658, -0.33345 ], [ 36.98483, -0.3348 ], [ 36.98331, -0.33594 ], [ 36.98342, -0.33621 ], [ 36.9835, -0.33654 ], [ 36.98357, -0.33684 ], [ 36.98368, -0.33724 ], [ 36.98375, -0.33744 ], [ 36.9838, -0.3376 ], [ 36.98381, -0.33777 ], [ 36.98381, -0.33794 ], [ 36.98381, -0.3382 ], [ 36.98382, -0.33838 ], [ 36.98389, -0.33856 ], [ 36.984, -0.33869 ], [ 36.98424, -0.33881 ], [ 36.98457, -0.33895 ], [ 36.9849, -0.33908 ], [ 36.98518, -0.33916 ], [ 36.98548, -0.33925 ], [ 36.98566, -0.33936 ], [ 36.98583, -0.33951 ], [ 36.98588, -0.3397 ], [ 36.98584, -0.33983 ], [ 36.98576, -0.33995 ], [ 36.98558, -0.34004 ], [ 36.98541, -0.34014 ], [ 36.98529, -0.34025 ], [ 36.98518, -0.34041 ], [ 36.9851, -0.34064 ], [ 36.9851, -0.34079 ], [ 36.98511, -0.34094 ], [ 36.98518, -0.34108 ], [ 36.98526, -0.34125 ], [ 36.98536, -0.34146 ], [ 36.98543, -0.34175 ], [ 36.98549, -0.34208 ], [ 36.9855, -0.34228 ], [ 36.98554, -0.34243 ], [ 36.98568, -0.3426 ], [ 36.98589, -0.34273 ], [ 36.98608, -0.3428 ], [ 36.98632, -0.34286 ], [ 36.98658, -0.34287 ], [ 36.98676, -0.34285 ], [ 36.98707, -0.34281 ], [ 36.98736, -0.34272 ], [ 36.98762, -0.34268 ], [ 36.98783, -0.34265 ], [ 36.98802, -0.34266 ], [ 36.98819, -0.34269 ], [ 36.98836, -0.34278 ], [ 36.98852, -0.34291 ], [ 36.98872, -0.34311 ], [ 36.98885, -0.34328 ], [ 36.98898, -0.34353 ], [ 36.98902, -0.34375 ], [ 36.98911, -0.34409 ], [ 36.98917, -0.3444 ], [ 36.98922, -0.34462 ], [ 36.9893, -0.3448 ], [ 36.98939, -0.34497 ], [ 36.98952, -0.34514 ], [ 36.98962, -0.3453 ], [ 36.98969, -0.34549 ], [ 36.98972, -0.3457 ], [ 36.98975, -0.34602 ], [ 36.98977, -0.34638 ], [ 36.98982, -0.34662 ], [ 36.98996, -0.34678 ], [ 36.99017, -0.34689 ], [ 36.99012, -0.34707 ], [ 36.98991, -0.34722 ], [ 36.98978, -0.34738 ], [ 36.98972, -0.34758 ], [ 36.98968, -0.34789 ], [ 36.98964, -0.34836 ], [ 36.98964, -0.34872 ], [ 36.98966, -0.34903 ], [ 36.9897, -0.34927 ], [ 36.98982, -0.34952 ], [ 36.99011, -0.34987 ], [ 36.99064, -0.35046 ], [ 36.99103, -0.35094 ], [ 36.99119, -0.3512 ], [ 36.99128, -0.35134 ], [ 36.9914, -0.35159 ], [ 36.99139, -0.3516 ], [ 36.99122, -0.35175 ], [ 36.99109, -0.35205 ], [ 36.99098, -0.35236 ], [ 36.99072, -0.35291 ], [ 36.99046, -0.35338 ], [ 36.99032, -0.3536 ], [ 36.99014, -0.35371 ], [ 36.98992, -0.35377 ], [ 36.98958, -0.35377 ], [ 36.98844, -0.35346 ], [ 36.98669, -0.35477 ], [ 36.98651, -0.35491 ], [ 36.9865, -0.35502 ], [ 36.98536, -0.35584 ], [ 36.984, -0.35689 ], [ 36.98305, -0.35768 ], [ 36.98223, -0.35826 ], [ 36.98151, -0.35878 ], [ 36.98089, -0.35926 ], [ 36.98023, -0.35977 ], [ 36.97988, -0.36004 ], [ 36.97934, -0.36044 ], [ 36.97903, -0.36068 ], [ 36.97858, -0.36103 ], [ 36.97766, -0.36173 ], [ 36.97663, -0.36247 ], [ 36.976, -0.36294 ], [ 36.97597, -0.36296 ], [ 36.97558, -0.36325 ], [ 36.97546, -0.36335 ], [ 36.97508, -0.36363 ], [ 36.97413, -0.36435 ], [ 36.97311, -0.3651 ], [ 36.97247, -0.36558 ], [ 36.97157, -0.36623 ], [ 36.9707, -0.36686 ], [ 36.97055, -0.36697 ], [ 36.97041, -0.36707 ], [ 36.9698, -0.36754 ], [ 36.96865, -0.36839 ], [ 36.96864, -0.3684 ], [ 36.96776, -0.36904 ], [ 36.9676, -0.36916 ], [ 36.96682, -0.36971 ], [ 36.96684, -0.36974 ], [ 36.96834, -0.37266 ], [ 36.96832, -0.37267 ], [ 36.96813, -0.3724 ], [ 36.96756, -0.37304 ], [ 36.96529, -0.37413 ], [ 36.96503, -0.37422 ], [ 36.96476, -0.37334 ], [ 36.96354, -0.37031 ], [ 36.96253, -0.36855 ], [ 36.96199, -0.36829 ], [ 36.96133, -0.36797 ], [ 36.96106, -0.36784 ], [ 36.96057, -0.36761 ], [ 36.95821, -0.36686 ], [ 36.95449, -0.36551 ], [ 36.95172, -0.36477 ], [ 36.95038, -0.36447 ], [ 36.95008, -0.3644 ], [ 36.94869, -0.36409 ], [ 36.94652, -0.36362 ], [ 36.94652, -0.36362 ], [ 36.9457, -0.36339 ], [ 36.9454, -0.36331 ], [ 36.94335, -0.36274 ], [ 36.94051, -0.36193 ], [ 36.93916, -0.36166 ], [ 36.93754, -0.36133 ], [ 36.93552, -0.36052 ], [ 36.93403, -0.36011 ], [ 36.93349, -0.36014 ], [ 36.93275, -0.36018 ], [ 36.93234, -0.36079 ], [ 36.93214, -0.3622 ], [ 36.93184, -0.36368 ], [ 36.93184, -0.36381 ], [ 36.9318, -0.36727 ], [ 36.93201, -0.3695 ], [ 36.93187, -0.37233 ], [ 36.93178, -0.37248 ], [ 36.92982, -0.37552 ], [ 36.92975, -0.37561 ], [ 36.92956, -0.37583 ], [ 36.92797, -0.37755 ], [ 36.92736, -0.37718 ], [ 36.92614, -0.37668 ], [ 36.92346, -0.37546 ], [ 36.92214, -0.37491 ], [ 36.92106, -0.37422 ], [ 36.92005, -0.37406 ], [ 36.92003, -0.37409 ], [ 36.92001, -0.37411 ], [ 36.91996, -0.37418 ], [ 36.91962, -0.37464 ], [ 36.91952, -0.37478 ], [ 36.91867, -0.37553 ], [ 36.91775, -0.37638 ], [ 36.91681, -0.37718 ], [ 36.9168, -0.37718 ], [ 36.91604, -0.37788 ], [ 36.91595, -0.37796 ], [ 36.91497, -0.37893 ], [ 36.91468, -0.37926 ], [ 36.91432, -0.37971 ], [ 36.9141, -0.38003 ], [ 36.91414, -0.3802 ], [ 36.91414, -0.3802 ], [ 36.91396, -0.38021 ], [ 36.91372, -0.3802 ], [ 36.91358, -0.38013 ], [ 36.91353, -0.38011 ], [ 36.91334, -0.38 ], [ 36.91327, -0.37995 ], [ 36.91311, -0.37985 ], [ 36.9128, -0.37966 ], [ 36.91276, -0.37961 ], [ 36.91269, -0.37955 ], [ 36.91261, -0.37939 ], [ 36.9126, -0.37932 ], [ 36.91259, -0.37912 ], [ 36.9125, -0.379 ], [ 36.91247, -0.37896 ], [ 36.91224, -0.37877 ], [ 36.91211, -0.37866 ], [ 36.9121, -0.37865 ], [ 36.91207, -0.37863 ], [ 36.91205, -0.37862 ], [ 36.91195, -0.37856 ], [ 36.91192, -0.37856 ], [ 36.91178, -0.37855 ], [ 36.91163, -0.37855 ], [ 36.91142, -0.37854 ], [ 36.91128, -0.37841 ], [ 36.91127, -0.37839 ], [ 36.91123, -0.37826 ], [ 36.91119, -0.37816 ], [ 36.9111, -0.37801 ], [ 36.91109, -0.378 ], [ 36.91096, -0.37783 ], [ 36.91096, -0.37782 ], [ 36.91088, -0.37778 ], [ 36.91087, -0.37778 ], [ 36.91071, -0.3778 ], [ 36.9105, -0.37784 ], [ 36.91015, -0.37785 ], [ 36.90991, -0.37785 ], [ 36.90974, -0.37785 ], [ 36.90936, -0.37783 ], [ 36.90915, -0.37778 ], [ 36.90895, -0.37769 ], [ 36.90887, -0.37766 ], [ 36.90859, -0.3775 ], [ 36.90842, -0.37733 ], [ 36.9084, -0.37732 ], [ 36.90837, -0.37726 ], [ 36.9081, -0.377 ], [ 36.90789, -0.37691 ], [ 36.9077, -0.37687 ], [ 36.90755, -0.37689 ], [ 36.90745, -0.37698 ], [ 36.90735, -0.37733 ], [ 36.90721, -0.3777 ], [ 36.90721, -0.37771 ], [ 36.9071, -0.37795 ], [ 36.90697, -0.37808 ], [ 36.90683, -0.3781 ], [ 36.9067, -0.37806 ], [ 36.90649, -0.37798 ], [ 36.90632, -0.37786 ], [ 36.90622, -0.3778 ], [ 36.90618, -0.37779 ], [ 36.90607, -0.37777 ], [ 36.90568, -0.37783 ], [ 36.90559, -0.3779 ], [ 36.90556, -0.37792 ], [ 36.90545, -0.37809 ], [ 36.90544, -0.37811 ], [ 36.90534, -0.3783 ], [ 36.90522, -0.37844 ], [ 36.90506, -0.37856 ], [ 36.90485, -0.37863 ], [ 36.90469, -0.37874 ], [ 36.90451, -0.37885 ], [ 36.90438, -0.37892 ], [ 36.90424, -0.37907 ], [ 36.90406, -0.37938 ], [ 36.90387, -0.3796 ], [ 36.90377, -0.37961 ], [ 36.90358, -0.3796 ], [ 36.90343, -0.37959 ], [ 36.90325, -0.37961 ], [ 36.90318, -0.37977 ], [ 36.90318, -0.37992 ], [ 36.90318, -0.38015 ], [ 36.90307, -0.38038 ], [ 36.9029, -0.38045 ], [ 36.90278, -0.38037 ], [ 36.9027, -0.38036 ], [ 36.90251, -0.38023 ], [ 36.90236, -0.38016 ], [ 36.9023, -0.38014 ], [ 36.90216, -0.38011 ], [ 36.90198, -0.38021 ], [ 36.90181, -0.38037 ], [ 36.90168, -0.38059 ], [ 36.90156, -0.38073 ], [ 36.90141, -0.38081 ], [ 36.90138, -0.3808 ], [ 36.90125, -0.38076 ], [ 36.90118, -0.38062 ], [ 36.90118, -0.38039 ], [ 36.90111, -0.38023 ], [ 36.90107, -0.38018 ], [ 36.901, -0.38013 ], [ 36.90086, -0.38013 ], [ 36.90068, -0.38021 ], [ 36.90056, -0.38036 ], [ 36.90031, -0.38063 ], [ 36.9001, -0.38079 ], [ 36.89989, -0.38093 ], [ 36.89973, -0.38106 ], [ 36.89959, -0.38109 ], [ 36.89945, -0.38097 ], [ 36.89935, -0.38088 ], [ 36.89913, -0.38085 ], [ 36.89892, -0.38094 ], [ 36.89868, -0.3812 ], [ 36.89849, -0.38129 ], [ 36.89828, -0.38129 ], [ 36.89823, -0.38127 ], [ 36.8981, -0.38122 ], [ 36.89785, -0.38113 ], [ 36.89784, -0.38113 ], [ 36.89784, -0.38113 ], [ 36.89774, -0.38114 ], [ 36.89759, -0.38118 ], [ 36.89731, -0.38127 ], [ 36.89711, -0.38137 ], [ 36.89694, -0.38159 ], [ 36.89691, -0.38162 ], [ 36.89672, -0.38176 ], [ 36.89654, -0.38178 ], [ 36.89638, -0.38178 ], [ 36.89621, -0.38172 ], [ 36.89616, -0.3817 ], [ 36.89604, -0.38164 ], [ 36.89591, -0.38149 ], [ 36.89588, -0.38128 ], [ 36.89588, -0.38095 ], [ 36.89587, -0.38071 ], [ 36.89576, -0.38058 ], [ 36.89553, -0.3805 ], [ 36.89523, -0.38046 ], [ 36.89525, -0.38024 ], [ 36.89525, -0.38018 ], [ 36.89524, -0.38024 ], [ 36.89519, -0.38048 ], [ 36.89514, -0.38071 ], [ 36.8906, -0.38251 ], [ 36.89044, -0.38345 ], [ 36.89028, -0.38461 ], [ 36.89015, -0.38564 ], [ 36.88998, -0.38696 ], [ 36.88973, -0.38844 ], [ 36.88968, -0.38884 ], [ 36.88968, -0.38884 ], [ 36.88946, -0.39048 ], [ 36.88893, -0.39434 ], [ 36.88877, -0.39572 ], [ 36.8885, -0.39743 ], [ 36.88816, -0.40003 ], [ 36.88813, -0.40025 ], [ 36.88796, -0.40015 ], [ 36.88783, -0.40007 ], [ 36.88744, -0.39979 ], [ 36.88708, -0.39953 ], [ 36.88612, -0.39898 ], [ 36.88551, -0.39869 ], [ 36.88464, -0.39839 ], [ 36.88337, -0.39808 ], [ 36.88256, -0.39801 ], [ 36.88203, -0.3979 ], [ 36.88123, -0.39781 ], [ 36.88059, -0.39787 ], [ 36.87972, -0.39796 ], [ 36.87854, -0.39813 ], [ 36.8781, -0.39811 ], [ 36.87771, -0.39792 ], [ 36.87728, -0.39755 ], [ 36.87621, -0.39642 ], [ 36.87571, -0.39595 ], [ 36.87552, -0.39593 ], [ 36.87533, -0.39591 ], [ 36.8753, -0.39591 ], [ 36.87511, -0.39589 ], [ 36.87438, -0.39578 ], [ 36.87393, -0.39576 ], [ 36.87358, -0.39566 ], [ 36.87291, -0.39563 ], [ 36.87215, -0.39558 ], [ 36.87143, -0.39563 ], [ 36.87073, -0.39582 ], [ 36.87026, -0.39598 ], [ 36.86978, -0.39624 ], [ 36.86929, -0.39624 ], [ 36.86888, -0.39607 ], [ 36.86827, -0.39555 ], [ 36.86769, -0.395 ], [ 36.86697, -0.39433 ], [ 36.86607, -0.39357 ], [ 36.8654, -0.39311 ], [ 36.8647, -0.39274 ], [ 36.86436, -0.39245 ], [ 36.8642, -0.39216 ], [ 36.86378, -0.39144 ], [ 36.86337, -0.39085 ], [ 36.86229, -0.38915 ], [ 36.86207, -0.3888 ], [ 36.86192, -0.3887 ], [ 36.8617, -0.38846 ], [ 36.86147, -0.38823 ], [ 36.8614, -0.38817 ], [ 36.86121, -0.38806 ], [ 36.86092, -0.38784 ], [ 36.86078, -0.38773 ], [ 36.86054, -0.38754 ], [ 36.86033, -0.38738 ], [ 36.86018, -0.38725 ], [ 36.86, -0.38708 ], [ 36.85984, -0.38687 ], [ 36.85976, -0.38677 ], [ 36.85959, -0.38663 ], [ 36.85944, -0.38646 ], [ 36.85921, -0.38654 ], [ 36.85897, -0.38663 ], [ 36.85884, -0.38656 ], [ 36.85868, -0.38643 ], [ 36.85852, -0.3863 ], [ 36.85811, -0.38626 ], [ 36.85801, -0.38626 ], [ 36.85773, -0.38616 ], [ 36.85753, -0.38602 ], [ 36.85738, -0.38589 ], [ 36.85714, -0.38575 ], [ 36.85689, -0.38558 ], [ 36.85688, -0.38541 ], [ 36.85677, -0.38524 ], [ 36.85662, -0.38523 ], [ 36.8563, -0.38539 ], [ 36.85615, -0.38547 ], [ 36.85595, -0.38547 ], [ 36.85573, -0.38536 ], [ 36.85551, -0.38523 ], [ 36.85523, -0.38514 ], [ 36.85496, -0.38513 ], [ 36.85469, -0.38516 ], [ 36.85445, -0.38543 ], [ 36.85447, -0.38567 ], [ 36.85443, -0.38584 ], [ 36.85433, -0.38588 ], [ 36.85416, -0.38586 ], [ 36.85399, -0.38578 ], [ 36.85368, -0.38564 ], [ 36.8535, -0.3856 ], [ 36.85329, -0.38561 ], [ 36.85311, -0.38578 ], [ 36.85299, -0.38592 ], [ 36.85286, -0.38598 ], [ 36.85273, -0.38598 ], [ 36.8526, -0.38589 ], [ 36.85243, -0.3858 ], [ 36.8523, -0.38569 ], [ 36.85214, -0.38565 ], [ 36.85196, -0.38578 ], [ 36.85182, -0.38586 ], [ 36.85158, -0.38588 ], [ 36.85129, -0.38589 ], [ 36.85097, -0.38594 ], [ 36.85069, -0.38602 ], [ 36.85031, -0.38614 ], [ 36.85009, -0.38616 ], [ 36.8498, -0.38628 ], [ 36.84958, -0.38634 ], [ 36.84932, -0.38647 ], [ 36.84916, -0.3866 ], [ 36.84894, -0.38676 ], [ 36.84864, -0.38686 ], [ 36.8484, -0.38686 ], [ 36.84826, -0.38671 ], [ 36.84803, -0.38654 ], [ 36.84791, -0.38644 ], [ 36.84779, -0.38633 ], [ 36.84757, -0.38611 ], [ 36.84732, -0.3859 ], [ 36.8472, -0.38584 ], [ 36.84706, -0.38582 ], [ 36.84686, -0.386 ], [ 36.84644, -0.38641 ], [ 36.84621, -0.38663 ], [ 36.84602, -0.38679 ], [ 36.84576, -0.38708 ], [ 36.84562, -0.38717 ], [ 36.84542, -0.38737 ], [ 36.84531, -0.3876 ], [ 36.84527, -0.38775 ], [ 36.84516, -0.38785 ], [ 36.84508, -0.38779 ], [ 36.84491, -0.38766 ], [ 36.84467, -0.38752 ], [ 36.84438, -0.38745 ], [ 36.84412, -0.38752 ], [ 36.84385, -0.38763 ], [ 36.84361, -0.38779 ], [ 36.84339, -0.38782 ], [ 36.84316, -0.3877 ], [ 36.84308, -0.38754 ], [ 36.84307, -0.3873 ], [ 36.8431, -0.38697 ], [ 36.8431, -0.38682 ], [ 36.84307, -0.38659 ], [ 36.84298, -0.38639 ], [ 36.84283, -0.38625 ], [ 36.84255, -0.38615 ], [ 36.84226, -0.3861 ], [ 36.84211, -0.38611 ], [ 36.84174, -0.38618 ], [ 36.84147, -0.38622 ], [ 36.84094, -0.38638 ], [ 36.84072, -0.38652 ], [ 36.84053, -0.38666 ], [ 36.84034, -0.3867 ], [ 36.84012, -0.38664 ], [ 36.83992, -0.38654 ], [ 36.83967, -0.38646 ], [ 36.8395, -0.38658 ], [ 36.83937, -0.38668 ], [ 36.83921, -0.38669 ], [ 36.83905, -0.38663 ], [ 36.83888, -0.38656 ], [ 36.83878, -0.38652 ], [ 36.83868, -0.38655 ], [ 36.83861, -0.38663 ], [ 36.83844, -0.38675 ], [ 36.8383, -0.38686 ], [ 36.8382, -0.38693 ], [ 36.83809, -0.38698 ], [ 36.83794, -0.38699 ], [ 36.8378, -0.3869 ], [ 36.83768, -0.38681 ], [ 36.83748, -0.38678 ], [ 36.83734, -0.38677 ], [ 36.83722, -0.38687 ], [ 36.8371, -0.38687 ], [ 36.83693, -0.38674 ], [ 36.8367, -0.38663 ], [ 36.83657, -0.3865 ], [ 36.83631, -0.38651 ], [ 36.83613, -0.38675 ], [ 36.83604, -0.38694 ], [ 36.83586, -0.38723 ], [ 36.83572, -0.38742 ], [ 36.83555, -0.38756 ], [ 36.8353, -0.38766 ], [ 36.83521, -0.38782 ], [ 36.83503, -0.38779 ], [ 36.8349, -0.3877 ], [ 36.83463, -0.38773 ], [ 36.83454, -0.38785 ], [ 36.83448, -0.38807 ], [ 36.83444, -0.38808 ], [ 36.83428, -0.38798 ], [ 36.83415, -0.38789 ], [ 36.83401, -0.38782 ], [ 36.83388, -0.38788 ], [ 36.8338, -0.38802 ], [ 36.83362, -0.38824 ], [ 36.83351, -0.38838 ], [ 36.83341, -0.38853 ], [ 36.83331, -0.38861 ], [ 36.83316, -0.38873 ], [ 36.83302, -0.38882 ], [ 36.83283, -0.38877 ], [ 36.83267, -0.38868 ], [ 36.83241, -0.38862 ], [ 36.83238, -0.38862 ], [ 36.83226, -0.38862 ], [ 36.83206, -0.38862 ], [ 36.83176, -0.3887 ], [ 36.83164, -0.38881 ], [ 36.83153, -0.38895 ], [ 36.83136, -0.38908 ], [ 36.83106, -0.38912 ], [ 36.83088, -0.38912 ], [ 36.83073, -0.38912 ], [ 36.83055, -0.38911 ], [ 36.83031, -0.38911 ], [ 36.83008, -0.38909 ], [ 36.82985, -0.38927 ], [ 36.82934, -0.38961 ], [ 36.82905, -0.38968 ], [ 36.82875, -0.38966 ], [ 36.82847, -0.38962 ], [ 36.82814, -0.38947 ], [ 36.82793, -0.3894 ], [ 36.82772, -0.38932 ], [ 36.82743, -0.38931 ], [ 36.82709, -0.38931 ], [ 36.82672, -0.38931 ], [ 36.82636, -0.38929 ], [ 36.82593, -0.38922 ], [ 36.82561, -0.38916 ], [ 36.82541, -0.38911 ], [ 36.82519, -0.38903 ], [ 36.82504, -0.38902 ], [ 36.82491, -0.38903 ], [ 36.82479, -0.38907 ], [ 36.8246, -0.38917 ], [ 36.82446, -0.38921 ], [ 36.82434, -0.38914 ], [ 36.82423, -0.38906 ], [ 36.82412, -0.38899 ], [ 36.82379, -0.38888 ], [ 36.8235, -0.38894 ], [ 36.82327, -0.38907 ], [ 36.8231, -0.38915 ], [ 36.82281, -0.38902 ], [ 36.82261, -0.38885 ], [ 36.8224, -0.38866 ], [ 36.82223, -0.38855 ], [ 36.82201, -0.38847 ], [ 36.82168, -0.38846 ], [ 36.82137, -0.38846 ], [ 36.8211, -0.38851 ], [ 36.82085, -0.38862 ], [ 36.8206, -0.38876 ], [ 36.82042, -0.38887 ], [ 36.82008, -0.38905 ], [ 36.81971, -0.38919 ], [ 36.81945, -0.38912 ], [ 36.81928, -0.38903 ], [ 36.81916, -0.38896 ], [ 36.81897, -0.38883 ], [ 36.81876, -0.3886 ], [ 36.81853, -0.38816 ], [ 36.81833, -0.38795 ], [ 36.81799, -0.38776 ], [ 36.81747, -0.38745 ], [ 36.81724, -0.38728 ], [ 36.81702, -0.38712 ], [ 36.81661, -0.387 ], [ 36.81641, -0.38702 ], [ 36.81613, -0.38705 ], [ 36.81573, -0.38706 ], [ 36.8155, -0.38706 ], [ 36.81528, -0.38699 ], [ 36.81499, -0.38676 ], [ 36.81467, -0.38644 ], [ 36.81452, -0.38632 ], [ 36.8142, -0.38616 ], [ 36.8139, -0.3861 ], [ 36.81366, -0.38599 ], [ 36.81342, -0.38584 ], [ 36.81314, -0.38571 ], [ 36.81284, -0.38559 ], [ 36.81265, -0.38555 ], [ 36.81244, -0.38555 ], [ 36.81222, -0.38558 ], [ 36.81208, -0.38561 ], [ 36.81185, -0.3857 ], [ 36.81156, -0.38575 ], [ 36.81126, -0.38577 ], [ 36.81107, -0.38578 ], [ 36.81089, -0.3858 ], [ 36.81051, -0.38583 ], [ 36.8103, -0.38598 ], [ 36.81012, -0.38613 ], [ 36.80996, -0.38628 ], [ 36.80981, -0.38641 ], [ 36.80966, -0.38653 ], [ 36.80946, -0.38661 ], [ 36.80924, -0.38664 ], [ 36.80901, -0.38666 ], [ 36.80874, -0.38667 ], [ 36.80842, -0.38678 ], [ 36.80822, -0.3868 ], [ 36.8079, -0.38687 ], [ 36.80766, -0.38688 ], [ 36.80737, -0.3869 ], [ 36.8072, -0.38693 ], [ 36.80685, -0.38688 ], [ 36.80652, -0.38682 ], [ 36.8063, -0.38676 ], [ 36.80613, -0.38663 ], [ 36.80589, -0.3865 ], [ 36.80574, -0.38644 ], [ 36.80555, -0.38637 ], [ 36.80542, -0.38637 ], [ 36.80517, -0.38635 ], [ 36.80483, -0.3864 ], [ 36.80445, -0.38661 ], [ 36.80418, -0.38671 ], [ 36.80378, -0.38692 ], [ 36.8035, -0.38701 ], [ 36.80336, -0.38703 ], [ 36.80314, -0.38706 ], [ 36.80291, -0.38708 ], [ 36.80264, -0.38708 ], [ 36.80257, -0.39255 ], [ 36.79066, -0.39712 ], [ 36.76996, -0.40528 ], [ 36.75082, -0.41248 ], [ 36.75082, -0.41593 ], [ 36.75077, -0.4127 ], [ 36.65197, -0.44806 ], [ 36.65197, -0.44803 ], [ 36.65198, -0.44802 ], [ 36.65183, -0.44486 ], [ 36.65177, -0.44261 ], [ 36.65173, -0.44 ], [ 36.65169, -0.43491 ], [ 36.64929, -0.43187 ], [ 36.64615, -0.42778 ], [ 36.64467, -0.42623 ], [ 36.64263, -0.42411 ], [ 36.64194, -0.42309 ], [ 36.63718, -0.41605 ], [ 36.63429, -0.41229 ], [ 36.63422, -0.41222 ], [ 36.63387, -0.41191 ], [ 36.62814, -0.40691 ], [ 36.62813, -0.4069 ], [ 36.6279, -0.40665 ], [ 36.62485, -0.40326 ], [ 36.6244, -0.40119 ], [ 36.6244, -0.40116 ], [ 36.62753, -0.39682 ], [ 36.62861, -0.3956 ], [ 36.6299, -0.39415 ], [ 36.63168, -0.39276 ], [ 36.63236, -0.39145 ], [ 36.63313, -0.38999 ], [ 36.63292, -0.38945 ], [ 36.63228, -0.38768 ], [ 36.63143, -0.38729 ], [ 36.62945, -0.38636 ], [ 36.62518, -0.38371 ], [ 36.62473, -0.38352 ], [ 36.62184, -0.38229 ], [ 36.6216, -0.38215 ], [ 36.62012, -0.38127 ], [ 36.61923, -0.38054 ], [ 36.61739, -0.37902 ], [ 36.61646, -0.37869 ], [ 36.61513, -0.37821 ], [ 36.61292, -0.37776 ], [ 36.60917, -0.37746 ], [ 36.60792, -0.37673 ], [ 36.60719, -0.37629 ], [ 36.60701, -0.37619 ], [ 36.60697, -0.37611 ], [ 36.60502, -0.37258 ], [ 36.60491, -0.37159 ], [ 36.60475, -0.37029 ], [ 36.60529, -0.36786 ], [ 36.6053, -0.36784 ], [ 36.60531, -0.36782 ], [ 36.60647, -0.36587 ], [ 36.60661, -0.36572 ], [ 36.60851, -0.36373 ], [ 36.60899, -0.36333 ], [ 36.60966, -0.36277 ], [ 36.6104, -0.3622 ], [ 36.61125, -0.36154 ], [ 36.61378, -0.36016 ], [ 36.61552, -0.35886 ], [ 36.61796, -0.356 ], [ 36.61248, -0.34644 ], [ 36.61067, -0.34261 ], [ 36.61017, -0.34154 ], [ 36.60978, -0.33877 ], [ 36.60978, -0.33585 ], [ 36.60999, -0.33299 ], [ 36.61005, -0.33224 ], [ 36.61008, -0.33212 ], [ 36.61092, -0.32881 ], [ 36.61141, -0.32748 ], [ 36.61194, -0.32604 ], [ 36.61456, -0.32135 ], [ 36.61582, -0.31747 ], [ 36.61582, -0.31743 ], [ 36.61573, -0.31608 ], [ 36.61567, -0.31521 ], [ 36.61572, -0.31472 ], [ 36.61591, -0.31254 ], [ 36.61657, -0.31052 ], [ 36.61746, -0.3083 ], [ 36.61778, -0.30749 ], [ 36.61803, -0.30686 ], [ 36.61877, -0.30499 ], [ 36.63234, -0.28065 ], [ 36.63255, -0.28116 ], [ 36.63258, -0.28111 ], [ 36.6326, -0.28108 ], [ 36.63423, -0.27839 ], [ 36.63426, -0.27833 ], [ 36.63438, -0.27812 ], [ 36.63448, -0.27794 ], [ 36.6345, -0.2779 ], [ 36.63472, -0.27746 ], [ 36.63493, -0.27706 ], [ 36.63497, -0.27696 ], [ 36.63532, -0.27629 ], [ 36.63562, -0.27576 ], [ 36.63566, -0.27569 ], [ 36.63628, -0.2746 ], [ 36.63693, -0.27347 ], [ 36.63694, -0.27344 ], [ 36.63698, -0.27337 ], [ 36.63727, -0.27286 ], [ 36.63905, -0.26982 ], [ 36.64014, -0.26775 ], [ 36.64017, -0.2677 ], [ 36.64019, -0.26766 ], [ 36.6402, -0.26765 ], [ 36.64023, -0.26759 ], [ 36.64028, -0.26751 ], [ 36.64194, -0.26477 ], [ 36.64236, -0.26419 ], [ 36.64296, -0.2629 ], [ 36.64353, -0.26179 ], [ 36.6438, -0.26122 ], [ 36.6444, -0.26019 ], [ 36.6453, -0.25851 ], [ 36.64639, -0.25667 ], [ 36.64729, -0.25505 ], [ 36.64789, -0.25364 ], [ 36.64792, -0.25356 ], [ 36.64816, -0.25295 ], [ 36.64843, -0.25225 ], [ 36.64855, -0.25192 ], [ 36.64952, -0.25003 ], [ 36.65069, -0.24792 ], [ 36.65133, -0.2466 ], [ 36.65153, -0.24621 ], [ 36.65164, -0.24599 ], [ 36.65184, -0.24564 ], [ 36.65219, -0.24503 ], [ 36.65243, -0.24462 ], [ 36.65244, -0.24462 ], [ 36.65251, -0.24449 ], [ 36.65256, -0.2444 ], [ 36.65256, -0.24423 ], [ 36.65255, -0.24411 ], [ 36.65255, -0.2441 ], [ 36.65255, -0.2441 ], [ 36.65257, -0.24408 ], [ 36.65257, -0.24408 ], [ 36.65881, -0.23268 ], [ 36.6589, -0.2327 ], [ 36.65892, -0.23267 ], [ 36.65968, -0.23156 ], [ 36.66043, -0.23006 ], [ 36.66144, -0.22846 ], [ 36.66219, -0.22698 ], [ 36.66279, -0.22571 ], [ 36.66358, -0.22423 ], [ 36.66415, -0.22317 ], [ 36.66456, -0.22231 ], [ 36.66473, -0.22193 ], [ 36.66528, -0.22094 ], [ 36.66602, -0.21968 ], [ 36.66679, -0.21846 ], [ 36.66728, -0.2175 ], [ 36.66787, -0.21639 ], [ 36.66792, -0.21631 ], [ 36.66842, -0.21548 ], [ 36.66861, -0.21511 ], [ 36.66886, -0.21461 ], [ 36.66886, -0.21461 ], [ 36.66942, -0.2136 ], [ 36.67027, -0.21205 ], [ 36.67103, -0.21059 ], [ 36.67333, -0.20649 ], [ 36.67403, -0.20529 ], [ 36.67981, -0.19464 ], [ 36.68096, -0.19241 ], [ 36.68153, -0.19132 ], [ 36.68336, -0.18778 ], [ 36.68346, -0.18759 ], [ 36.68514, -0.18471 ], [ 36.68526, -0.18451 ], [ 36.68522, -0.18436 ], [ 36.68393, -0.17935 ], [ 36.68365, -0.17829 ], [ 36.6835, -0.17586 ], [ 36.68346, -0.17534 ], [ 36.6866, -0.17489 ], [ 36.6891, -0.17459 ], [ 36.68981, -0.1745 ], [ 36.69058, -0.17438 ], [ 36.68986, -0.17381 ], [ 36.6869, -0.17149 ], [ 36.68551, -0.1704 ], [ 36.68321, -0.16883 ], [ 36.67962, -0.16625 ], [ 36.67631, -0.16387 ], [ 36.6751, -0.16301 ], [ 36.66444, -0.15548 ], [ 36.66342, -0.15476 ], [ 36.66172, -0.15345 ], [ 36.66151, -0.15329 ], [ 36.66055, -0.15255 ], [ 36.66052, -0.15252 ], [ 36.66395, -0.15124 ], [ 36.66529, -0.15077 ], [ 36.66775, -0.14994 ], [ 36.66822, -0.14978 ], [ 36.66889, -0.14954 ], [ 36.66934, -0.14938 ], [ 36.68288, -0.14491 ], [ 36.68573, -0.14397 ], [ 36.69173, -0.14201 ], [ 36.70273, -0.13836 ], [ 36.70433, -0.13777 ], [ 36.70454, -0.1377 ], [ 36.70461, -0.13768 ], [ 36.70919, -0.13618 ], [ 36.7119, -0.1353 ], [ 36.71335, -0.1336 ], [ 36.7135, -0.13343 ], [ 36.71413, -0.13275 ], [ 36.71413, -0.13275 ], [ 36.71487, -0.13183 ], [ 36.71494, -0.13174 ], [ 36.71496, -0.13172 ], [ 36.71619, -0.13029 ], [ 36.71638, -0.13007 ], [ 36.71742, -0.12874 ], [ 36.7177, -0.12866 ], [ 36.71923, -0.12823 ], [ 36.72107, -0.1277 ], [ 36.72462, -0.12684 ], [ 36.72816, -0.12597 ], [ 36.72923, -0.12571 ], [ 36.73298, -0.12477 ], [ 36.73775, -0.12358 ], [ 36.73792, -0.12354 ], [ 36.73948, -0.12318 ], [ 36.74092, -0.12287 ], [ 36.74133, -0.12278 ], [ 36.74251, -0.12251 ], [ 36.74416, -0.1221 ], [ 36.74451, -0.12204 ], [ 36.74488, -0.12195 ], [ 36.74492, -0.12194 ], [ 36.7464, -0.12157 ], [ 36.74798, -0.12121 ], [ 36.74808, -0.12119 ], [ 36.74904, -0.12097 ], [ 36.74938, -0.12093 ], [ 36.74952, -0.12092 ], [ 36.74995, -0.12088 ], [ 36.75123, -0.1208 ], [ 36.75198, -0.12069 ], [ 36.75289, -0.12057 ], [ 36.75374, -0.1204 ], [ 36.75402, -0.12031 ], [ 36.75438, -0.12008 ], [ 36.75456, -0.1199 ], [ 36.75484, -0.11963 ], [ 36.75518, -0.11934 ], [ 36.7555, -0.11909 ], [ 36.75574, -0.11889 ], [ 36.75586, -0.11874 ], [ 36.75715, -0.1176 ], [ 36.76027, -0.11485 ], [ 36.76649, -0.10959 ], [ 36.76672, -0.11006 ], [ 36.76737, -0.11112 ], [ 36.76845, -0.11299 ], [ 36.76916, -0.11418 ], [ 36.76947, -0.11464 ], [ 36.77026, -0.11441 ], [ 36.77104, -0.11417 ], [ 36.77216, -0.11389 ], [ 36.77352, -0.11354 ], [ 36.77491, -0.11313 ], [ 36.77618, -0.11278 ], [ 36.77805, -0.11221 ], [ 36.77943, -0.11184 ], [ 36.78016, -0.11162 ], [ 36.77975, -0.11102 ], [ 36.7864, -0.1091 ], [ 36.7896, -0.1082 ], [ 36.79158, -0.10754 ], [ 36.79223, -0.10743 ], [ 36.79238, -0.10741 ], [ 36.79349, -0.10729 ], [ 36.79411, -0.10723 ], [ 36.79579, -0.1071 ], [ 36.79976, -0.10672 ], [ 36.8033, -0.10645 ], [ 36.81103, -0.10567 ], [ 36.8143, -0.1054 ], [ 36.82113, -0.1048 ], [ 36.82434, -0.10446 ], [ 36.82763, -0.10421 ], [ 36.8311, -0.10381 ], [ 36.83168, -0.10373 ], [ 36.83168, -0.10446 ], [ 36.83168, -0.10451 ], [ 36.83173, -0.10451 ], [ 36.83175, -0.10587 ], [ 36.83181, -0.10779 ], [ 36.8319, -0.11209 ], [ 36.83192, -0.11319 ], [ 36.83201, -0.11556 ], [ 36.8322, -0.11917 ], [ 36.83215, -0.12169 ], [ 36.83221, -0.12391 ], [ 36.83219, -0.12612 ], [ 36.83219, -0.12756 ], [ 36.83222, -0.12938 ], [ 36.83226, -0.13093 ], [ 36.83234, -0.13456 ], [ 36.83234, -0.13457 ], [ 36.83223, -0.13507 ], [ 36.8327, -0.13516 ], [ 36.83404, -0.13538 ], [ 36.83648, -0.13575 ], [ 36.83757, -0.13593 ], [ 36.83903, -0.13619 ], [ 36.84001, -0.13629 ], [ 36.84112, -0.13644 ], [ 36.84213, -0.13665 ], [ 36.84314, -0.13677 ], [ 36.84438, -0.13695 ], [ 36.84524, -0.13707 ], [ 36.84545, -0.13711 ], [ 36.84646, -0.13729 ], [ 36.84672, -0.13734 ], [ 36.84694, -0.13738 ], [ 36.84755, -0.13747 ], [ 36.84805, -0.13754 ], [ 36.84822, -0.13754 ], [ 36.8485, -0.13755 ], [ 36.84869, -0.13759 ], [ 36.84891, -0.13772 ], [ 36.8491, -0.13792 ], [ 36.84938, -0.13813 ], [ 36.84975, -0.13847 ], [ 36.85005, -0.13863 ], [ 36.85028, -0.13873 ], [ 36.85053, -0.13879 ], [ 36.85069, -0.13882 ], [ 36.85087, -0.13888 ], [ 36.85125, -0.13909 ], [ 36.85176, -0.1394 ], [ 36.85228, -0.13963 ], [ 36.85301, -0.13994 ], [ 36.8539, -0.14026 ], [ 36.85625, -0.14119 ], [ 36.85763, -0.14169 ], [ 36.85911, -0.1422 ], [ 36.85977, -0.14243 ], [ 36.86055, -0.14273 ], [ 36.8611, -0.14279 ], [ 36.86194, -0.1432 ], [ 36.86151, -0.14353 ], [ 36.86142, -0.14359 ], [ 36.8614, -0.14364 ], [ 36.8614, -0.14364 ], [ 36.8614, -0.14365 ], [ 36.86139, -0.14367 ], [ 36.86137, -0.14373 ], [ 36.86137, -0.14386 ], [ 36.86138, -0.14394 ], [ 36.86143, -0.14405 ], [ 36.86154, -0.14446 ], [ 36.86154, -0.14446 ], [ 36.86154, -0.14447 ], [ 36.86157, -0.14471 ], [ 36.86159, -0.14479 ], [ 36.86168, -0.14486 ], [ 36.86184, -0.1449 ], [ 36.86202, -0.14487 ], [ 36.86202, -0.14487 ], [ 36.86202, -0.14487 ], [ 36.86202, -0.14487 ], [ 36.86202, -0.14487 ], [ 36.8621, -0.14485 ], [ 36.86222, -0.14479 ], [ 36.86232, -0.14478 ], [ 36.86244, -0.14478 ], [ 36.86247, -0.14479 ], [ 36.86254, -0.14492 ], [ 36.86261, -0.14506 ], [ 36.86266, -0.14519 ], [ 36.86267, -0.14538 ], [ 36.86264, -0.14587 ], [ 36.86264, -0.146 ], [ 36.86264, -0.14625 ], [ 36.86266, -0.14649 ], [ 36.86266, -0.1465 ], [ 36.86265, -0.14652 ], [ 36.86264, -0.14655 ], [ 36.86244, -0.147 ], [ 36.86232, -0.14714 ], [ 36.86231, -0.14715 ], [ 36.86226, -0.14721 ], [ 36.86208, -0.14736 ], [ 36.86193, -0.14748 ], [ 36.86191, -0.1475 ], [ 36.86172, -0.14768 ], [ 36.86151, -0.1479 ], [ 36.86134, -0.14807 ], [ 36.86133, -0.14808 ], [ 36.86117, -0.14825 ], [ 36.86106, -0.14838 ], [ 36.861, -0.14847 ], [ 36.86099, -0.14848 ], [ 36.86096, -0.14852 ], [ 36.86087, -0.14861 ], [ 36.86064, -0.14877 ], [ 36.86055, -0.1488 ], [ 36.86046, -0.14883 ], [ 36.8603, -0.14891 ], [ 36.86024, -0.14897 ], [ 36.86019, -0.14903 ], [ 36.86017, -0.14924 ], [ 36.86025, -0.14937 ], [ 36.86026, -0.14943 ], [ 36.86031, -0.14955 ], [ 36.8604, -0.14971 ], [ 36.86048, -0.14989 ], [ 36.86049, -0.15004 ], [ 36.86049, -0.15017 ], [ 36.86048, -0.15026 ], [ 36.86044, -0.15038 ], [ 36.86042, -0.15051 ], [ 36.86034, -0.15063 ], [ 36.8603, -0.15067 ], [ 36.86021, -0.15079 ], [ 36.86014, -0.15088 ], [ 36.86012, -0.15093 ], [ 36.85995, -0.15116 ], [ 36.85988, -0.1513 ], [ 36.85985, -0.15142 ], [ 36.85979, -0.15155 ], [ 36.85976, -0.15168 ], [ 36.8597, -0.15188 ], [ 36.85961, -0.15209 ], [ 36.85953, -0.15262 ], [ 36.85949, -0.15335 ], [ 36.85949, -0.15353 ], [ 36.85949, -0.15364 ], [ 36.85952, -0.15373 ], [ 36.85963, -0.15392 ], [ 36.85974, -0.15405 ], [ 36.85989, -0.15418 ], [ 36.86011, -0.15438 ], [ 36.86039, -0.15462 ], [ 36.86071, -0.15507 ], [ 36.8608, -0.15517 ], [ 36.86095, -0.15529 ], [ 36.86095, -0.15529 ], [ 36.861, -0.15534 ], [ 36.86116, -0.15539 ], [ 36.86116, -0.15539 ], [ 36.86121, -0.1554 ], [ 36.86136, -0.15548 ], [ 36.86147, -0.15554 ], [ 36.8616, -0.15565 ], [ 36.86173, -0.15578 ], [ 36.86177, -0.15583 ], [ 36.86185, -0.15598 ], [ 36.86197, -0.15609 ], [ 36.86213, -0.15625 ], [ 36.86227, -0.15635 ], [ 36.86234, -0.15639 ], [ 36.86253, -0.15644 ], [ 36.86271, -0.15647 ], [ 36.86273, -0.15648 ], [ 36.86285, -0.15653 ], [ 36.86295, -0.15661 ], [ 36.86303, -0.15672 ], [ 36.8631, -0.15684 ], [ 36.86316, -0.15697 ], [ 36.86318, -0.15707 ], [ 36.86336, -0.15727 ], [ 36.86347, -0.1574 ], [ 36.86379, -0.15768 ], [ 36.86383, -0.15773 ], [ 36.86385, -0.15775 ], [ 36.86395, -0.1579 ], [ 36.86398, -0.15795 ], [ 36.86402, -0.15812 ], [ 36.86402, -0.15829 ], [ 36.86397, -0.15895 ], [ 36.86397, -0.15904 ], [ 36.86391, -0.15917 ], [ 36.86389, -0.15922 ], [ 36.86384, -0.15933 ], [ 36.86385, -0.15937 ], [ 36.86383, -0.15938 ], [ 36.86383, -0.15942 ], [ 36.86386, -0.15945 ], [ 36.86386, -0.15946 ], [ 36.86387, -0.15947 ], [ 36.86389, -0.15948 ], [ 36.86402, -0.1595 ], [ 36.86409, -0.15951 ], [ 36.86423, -0.15951 ], [ 36.86425, -0.15951 ], [ 36.86427, -0.15952 ], [ 36.86435, -0.1596 ], [ 36.86436, -0.15977 ], [ 36.86436, -0.15986 ], [ 36.86435, -0.15997 ], [ 36.86433, -0.16008 ], [ 36.86433, -0.16019 ], [ 36.86433, -0.16019 ], [ 36.86433, -0.16019 ], [ 36.86434, -0.16024 ], [ 36.86435, -0.16029 ], [ 36.86436, -0.1603 ], [ 36.86437, -0.16032 ], [ 36.86451, -0.16048 ], [ 36.86453, -0.16051 ], [ 36.8646, -0.16064 ], [ 36.8646, -0.16069 ], [ 36.8646, -0.16076 ], [ 36.86459, -0.16084 ], [ 36.86456, -0.16093 ], [ 36.86456, -0.16099 ], [ 36.8646, -0.16106 ], [ 36.86472, -0.16113 ], [ 36.86484, -0.16118 ], [ 36.86497, -0.16129 ], [ 36.86509, -0.16144 ], [ 36.86523, -0.16168 ], [ 36.86541, -0.16216 ], [ 36.86547, -0.16261 ], [ 36.86554, -0.16282 ], [ 36.86562, -0.16306 ], [ 36.86567, -0.16323 ], [ 36.86571, -0.16352 ], [ 36.86577, -0.16401 ], [ 36.86577, -0.16422 ], [ 36.86577, -0.16443 ], [ 36.86577, -0.16464 ], [ 36.86577, -0.16477 ], [ 36.86576, -0.16485 ], [ 36.86575, -0.16498 ], [ 36.86569, -0.16531 ], [ 36.86561, -0.16551 ], [ 36.86559, -0.16567 ], [ 36.86558, -0.16573 ], [ 36.86558, -0.16574 ], [ 36.86554, -0.16597 ], [ 36.86554, -0.16599 ], [ 36.86554, -0.16612 ], [ 36.86557, -0.16615 ], [ 36.86557, -0.16627 ], [ 36.8656, -0.16635 ], [ 36.86568, -0.16653 ], [ 36.86573, -0.16668 ], [ 36.86573, -0.16687 ], [ 36.86578, -0.1673 ], [ 36.86587, -0.16766 ], [ 36.86588, -0.16779 ], [ 36.86599, -0.16795 ], [ 36.86609, -0.16809 ], [ 36.86623, -0.16823 ], [ 36.86634, -0.16833 ], [ 36.86653, -0.16848 ], [ 36.86716, -0.16885 ], [ 36.86734, -0.16892 ], [ 36.86749, -0.169 ], [ 36.86767, -0.16912 ], [ 36.86799, -0.16937 ], [ 36.86851, -0.16967 ], [ 36.86864, -0.16979 ], [ 36.86879, -0.16995 ], [ 36.86894, -0.17011 ], [ 36.86907, -0.17028 ], [ 36.86964, -0.17078 ], [ 36.86978, -0.1709 ], [ 36.87001, -0.17114 ], [ 36.87015, -0.17128 ], [ 36.87028, -0.17141 ], [ 36.87033, -0.17148 ], [ 36.87043, -0.17163 ], [ 36.8705, -0.17175 ], [ 36.87058, -0.17192 ], [ 36.87064, -0.17215 ], [ 36.87069, -0.17226 ], [ 36.87091, -0.17235 ], [ 36.87106, -0.17235 ], [ 36.87112, -0.17244 ], [ 36.87113, -0.17258 ], [ 36.87113, -0.17272 ], [ 36.87113, -0.17285 ], [ 36.87113, -0.17303 ], [ 36.8711, -0.17323 ], [ 36.8711, -0.17338 ], [ 36.87113, -0.17348 ], [ 36.87121, -0.1736 ], [ 36.87128, -0.17369 ], [ 36.87153, -0.17394 ], [ 36.87165, -0.1741 ], [ 36.87168, -0.17416 ], [ 36.87182, -0.17436 ], [ 36.87191, -0.17452 ], [ 36.87196, -0.17467 ], [ 36.87195, -0.17484 ], [ 36.87209, -0.17551 ], [ 36.87214, -0.17567 ], [ 36.87224, -0.17586 ], [ 36.87231, -0.17601 ], [ 36.87238, -0.17621 ], [ 36.87242, -0.17648 ], [ 36.87242, -0.17669 ], [ 36.87242, -0.17684 ], [ 36.87242, -0.17697 ], [ 36.87242, -0.17711 ], [ 36.87238, -0.17727 ], [ 36.87226, -0.17734 ], [ 36.87222, -0.17743 ], [ 36.8721, -0.17756 ], [ 36.87208, -0.17767 ], [ 36.87205, -0.1778 ], [ 36.87198, -0.17798 ], [ 36.87198, -0.1782 ], [ 36.8719, -0.17842 ], [ 36.87187, -0.17849 ], [ 36.87182, -0.17855 ], [ 36.87173, -0.17865 ], [ 36.87172, -0.17866 ], [ 36.87171, -0.17867 ], [ 36.87166, -0.17872 ], [ 36.87159, -0.17877 ], [ 36.87157, -0.1788 ], [ 36.8715, -0.17885 ], [ 36.87148, -0.17889 ], [ 36.87143, -0.179 ], [ 36.87141, -0.17906 ], [ 36.87133, -0.17916 ], [ 36.87128, -0.17931 ], [ 36.87124, -0.17953 ], [ 36.87124, -0.17963 ], [ 36.87124, -0.17973 ], [ 36.87124, -0.17988 ], [ 36.87122, -0.18002 ], [ 36.87118, -0.1801 ], [ 36.87115, -0.18016 ], [ 36.8711, -0.1802 ], [ 36.87106, -0.18023 ], [ 36.87104, -0.18023 ], [ 36.87096, -0.18026 ], [ 36.87092, -0.18028 ], [ 36.87087, -0.1803 ], [ 36.87085, -0.18032 ], [ 36.87084, -0.18032 ], [ 36.87083, -0.18033 ], [ 36.87082, -0.18033 ], [ 36.8708, -0.18035 ], [ 36.87074, -0.18039 ], [ 36.87073, -0.18042 ], [ 36.87072, -0.18043 ], [ 36.87072, -0.18043 ], [ 36.8707, -0.18046 ], [ 36.87068, -0.1805 ], [ 36.87058, -0.18062 ], [ 36.87055, -0.18069 ], [ 36.87053, -0.18073 ], [ 36.87052, -0.18074 ], [ 36.87049, -0.18079 ], [ 36.87045, -0.18084 ], [ 36.87039, -0.18091 ], [ 36.87034, -0.18097 ], [ 36.87028, -0.18107 ], [ 36.87026, -0.18113 ], [ 36.87024, -0.18121 ], [ 36.87027, -0.18133 ], [ 36.87028, -0.18157 ], [ 36.87028, -0.18161 ], [ 36.87027, -0.18172 ], [ 36.87022, -0.1818 ], [ 36.87021, -0.18182 ], [ 36.8702, -0.18183 ], [ 36.87018, -0.18184 ], [ 36.87014, -0.18187 ], [ 36.87012, -0.18189 ], [ 36.87001, -0.18195 ], [ 36.86981, -0.18199 ], [ 36.86964, -0.18198 ], [ 36.86964, -0.18198 ], [ 36.86944, -0.18186 ], [ 36.86932, -0.1817 ], [ 36.86916, -0.18157 ], [ 36.86901, -0.18151 ], [ 36.86897, -0.18149 ], [ 36.86894, -0.18146 ], [ 36.86881, -0.18141 ], [ 36.8688, -0.18141 ], [ 36.86863, -0.18131 ], [ 36.86863, -0.18131 ], [ 36.86851, -0.18117 ], [ 36.86844, -0.18102 ], [ 36.86837, -0.181 ], [ 36.86837, -0.181 ], [ 36.86828, -0.18098 ], [ 36.86827, -0.18098 ], [ 36.86827, -0.18098 ], [ 36.86826, -0.18098 ], [ 36.86826, -0.18098 ], [ 36.86826, -0.18098 ], [ 36.86821, -0.18098 ], [ 36.86816, -0.18101 ], [ 36.86812, -0.18102 ], [ 36.86807, -0.18103 ], [ 36.86787, -0.18103 ], [ 36.86784, -0.18101 ], [ 36.86774, -0.18096 ], [ 36.86762, -0.18089 ], [ 36.86751, -0.18083 ], [ 36.86732, -0.18083 ], [ 36.86729, -0.18084 ], [ 36.86727, -0.18084 ], [ 36.86717, -0.18088 ], [ 36.86712, -0.1809 ], [ 36.86702, -0.18093 ], [ 36.86694, -0.18096 ], [ 36.86684, -0.18102 ], [ 36.86684, -0.18102 ], [ 36.8668, -0.18105 ], [ 36.86677, -0.18106 ], [ 36.86675, -0.18107 ], [ 36.86674, -0.18108 ], [ 36.86665, -0.18112 ], [ 36.86657, -0.18119 ], [ 36.86648, -0.18126 ], [ 36.86643, -0.18131 ], [ 36.86641, -0.18134 ], [ 36.86639, -0.1814 ], [ 36.86636, -0.18155 ], [ 36.86634, -0.18174 ], [ 36.86634, -0.18188 ], [ 36.86635, -0.18196 ], [ 36.8664, -0.18209 ], [ 36.86642, -0.18213 ], [ 36.86646, -0.1822 ], [ 36.86649, -0.18227 ], [ 36.86655, -0.18233 ], [ 36.86659, -0.18239 ], [ 36.86663, -0.18254 ], [ 36.86665, -0.18273 ], [ 36.86666, -0.18303 ], [ 36.86666, -0.18311 ], [ 36.86665, -0.18316 ], [ 36.86664, -0.18321 ], [ 36.86662, -0.18325 ], [ 36.86658, -0.1833 ], [ 36.86656, -0.18335 ], [ 36.86647, -0.18342 ], [ 36.86634, -0.18348 ], [ 36.86626, -0.18353 ], [ 36.86622, -0.18358 ], [ 36.86619, -0.18364 ], [ 36.86617, -0.18372 ], [ 36.86617, -0.1838 ], [ 36.86617, -0.18386 ], [ 36.86625, -0.1839 ], [ 36.86632, -0.18393 ], [ 36.8664, -0.18394 ], [ 36.86647, -0.18396 ], [ 36.86651, -0.18405 ], [ 36.86649, -0.18415 ], [ 36.86645, -0.1842 ], [ 36.86638, -0.18429 ], [ 36.86637, -0.18435 ], [ 36.86637, -0.18435 ], [ 36.86631, -0.18441 ], [ 36.86631, -0.18446 ], [ 36.86632, -0.18452 ], [ 36.86636, -0.18458 ], [ 36.86639, -0.18461 ], [ 36.86642, -0.18463 ], [ 36.86662, -0.18464 ], [ 36.86671, -0.18464 ], [ 36.86679, -0.18464 ], [ 36.86691, -0.18466 ], [ 36.86703, -0.18474 ], [ 36.86709, -0.18481 ], [ 36.86713, -0.18486 ], [ 36.86717, -0.18495 ], [ 36.86718, -0.18522 ], [ 36.86717, -0.18529 ], [ 36.86712, -0.18536 ], [ 36.86705, -0.1854 ], [ 36.86694, -0.1854 ], [ 36.86689, -0.1854 ], [ 36.86673, -0.1854 ], [ 36.86671, -0.1854 ], [ 36.86658, -0.18543 ], [ 36.86655, -0.18549 ], [ 36.86653, -0.18555 ], [ 36.86652, -0.18562 ], [ 36.86647, -0.18583 ], [ 36.86645, -0.18594 ], [ 36.86642, -0.18603 ], [ 36.86641, -0.18604 ], [ 36.86639, -0.18609 ], [ 36.86635, -0.18615 ], [ 36.86635, -0.18616 ], [ 36.86634, -0.18618 ], [ 36.86629, -0.18625 ], [ 36.86629, -0.18636 ], [ 36.86629, -0.18644 ], [ 36.86633, -0.18653 ], [ 36.86638, -0.18662 ], [ 36.86644, -0.18668 ], [ 36.86651, -0.18674 ], [ 36.86659, -0.1868 ], [ 36.86677, -0.18691 ], [ 36.86685, -0.18699 ], [ 36.86692, -0.18705 ], [ 36.86696, -0.18712 ], [ 36.86698, -0.18724 ], [ 36.86698, -0.18731 ], [ 36.86696, -0.18739 ], [ 36.86689, -0.18748 ], [ 36.8668, -0.18762 ], [ 36.86676, -0.18766 ], [ 36.86675, -0.18768 ], [ 36.86663, -0.18768 ], [ 36.86656, -0.18757 ], [ 36.86653, -0.18754 ], [ 36.86637, -0.18738 ], [ 36.86631, -0.18738 ], [ 36.8663, -0.18738 ], [ 36.86624, -0.18738 ], [ 36.86616, -0.18738 ], [ 36.86608, -0.18739 ], [ 36.86604, -0.18743 ], [ 36.86597, -0.18747 ], [ 36.86594, -0.18752 ], [ 36.86588, -0.18757 ], [ 36.86585, -0.18761 ], [ 36.8658, -0.18764 ], [ 36.86567, -0.18769 ], [ 36.8655, -0.18767 ], [ 36.86525, -0.18771 ], [ 36.86517, -0.18773 ], [ 36.8651, -0.18774 ], [ 36.86495, -0.18774 ], [ 36.86482, -0.18767 ], [ 36.8647, -0.1876 ], [ 36.86453, -0.18755 ], [ 36.86448, -0.18757 ], [ 36.86444, -0.18756 ], [ 36.86439, -0.18757 ], [ 36.86435, -0.1876 ], [ 36.86435, -0.18761 ], [ 36.86433, -0.18762 ], [ 36.86429, -0.18769 ], [ 36.86425, -0.18777 ], [ 36.86424, -0.18779 ], [ 36.86415, -0.18793 ], [ 36.86408, -0.18801 ], [ 36.864, -0.18811 ], [ 36.86399, -0.18812 ], [ 36.86379, -0.18816 ], [ 36.86375, -0.18817 ], [ 36.86362, -0.18824 ], [ 36.8636, -0.18829 ], [ 36.86358, -0.18831 ], [ 36.86354, -0.18836 ], [ 36.86351, -0.18844 ], [ 36.86351, -0.18847 ], [ 36.86342, -0.18854 ], [ 36.8634, -0.18855 ], [ 36.86319, -0.18844 ], [ 36.86319, -0.18843 ], [ 36.86313, -0.18841 ], [ 36.86308, -0.18844 ], [ 36.86306, -0.18846 ], [ 36.86302, -0.18853 ], [ 36.86298, -0.18861 ], [ 36.86292, -0.1887 ], [ 36.86283, -0.18884 ], [ 36.86283, -0.18884 ], [ 36.86267, -0.18887 ], [ 36.86264, -0.18887 ], [ 36.86251, -0.18874 ], [ 36.86236, -0.18865 ], [ 36.86224, -0.1887 ], [ 36.86222, -0.18874 ], [ 36.86222, -0.18874 ], [ 36.86214, -0.18887 ], [ 36.86216, -0.18896 ], [ 36.86218, -0.1892 ], [ 36.86218, -0.18926 ], [ 36.86218, -0.18928 ], [ 36.86218, -0.1893 ], [ 36.86217, -0.18932 ], [ 36.86214, -0.18936 ], [ 36.86208, -0.18939 ], [ 36.86204, -0.18942 ], [ 36.86202, -0.18943 ], [ 36.862, -0.18944 ], [ 36.86191, -0.18946 ], [ 36.86183, -0.18948 ], [ 36.86169, -0.18947 ], [ 36.8616, -0.1894 ], [ 36.86155, -0.18926 ], [ 36.86155, -0.18911 ], [ 36.8614, -0.18903 ], [ 36.86118, -0.18898 ], [ 36.86116, -0.18896 ], [ 36.86101, -0.18884 ], [ 36.86087, -0.18876 ], [ 36.86068, -0.18873 ], [ 36.86064, -0.18875 ], [ 36.86059, -0.18876 ], [ 36.86055, -0.18878 ], [ 36.86052, -0.18883 ], [ 36.86049, -0.1889 ], [ 36.86046, -0.18897 ], [ 36.86043, -0.18904 ], [ 36.8604, -0.18912 ], [ 36.86037, -0.18919 ], [ 36.86034, -0.18928 ], [ 36.86031, -0.18936 ], [ 36.86028, -0.18948 ], [ 36.86023, -0.18969 ], [ 36.86019, -0.18984 ], [ 36.86014, -0.18998 ], [ 36.86012, -0.19001 ], [ 36.85995, -0.19012 ], [ 36.8599, -0.19014 ], [ 36.85964, -0.19022 ], [ 36.85946, -0.19028 ], [ 36.85936, -0.19035 ], [ 36.85932, -0.19038 ], [ 36.85923, -0.19049 ], [ 36.85912, -0.19059 ], [ 36.85909, -0.19063 ], [ 36.85899, -0.19073 ], [ 36.85876, -0.19092 ], [ 36.8587, -0.19098 ], [ 36.8586, -0.19107 ], [ 36.85854, -0.19113 ], [ 36.85851, -0.19116 ], [ 36.8584, -0.19124 ], [ 36.8582, -0.19134 ], [ 36.85801, -0.19144 ], [ 36.85777, -0.19149 ], [ 36.8576, -0.19157 ], [ 36.85731, -0.19169 ], [ 36.8573, -0.19169 ], [ 36.85715, -0.19177 ], [ 36.85703, -0.19188 ], [ 36.85702, -0.1919 ], [ 36.85696, -0.19194 ], [ 36.85681, -0.19208 ], [ 36.85666, -0.19223 ], [ 36.8565, -0.19236 ], [ 36.85641, -0.19242 ], [ 36.85632, -0.19248 ], [ 36.85628, -0.19252 ], [ 36.85614, -0.19256 ], [ 36.85614, -0.19256 ], [ 36.85589, -0.19257 ], [ 36.85567, -0.19257 ], [ 36.85544, -0.19258 ], [ 36.85536, -0.19263 ], [ 36.85532, -0.19265 ], [ 36.85525, -0.19269 ], [ 36.8552, -0.19275 ], [ 36.85515, -0.19289 ], [ 36.85515, -0.19297 ], [ 36.85515, -0.19308 ], [ 36.85521, -0.19321 ], [ 36.85524, -0.19328 ], [ 36.85527, -0.19336 ], [ 36.85532, -0.19349 ], [ 36.85533, -0.19361 ], [ 36.85535, -0.19368 ], [ 36.85537, -0.19381 ], [ 36.8554, -0.19419 ], [ 36.8554, -0.19425 ], [ 36.85544, -0.19435 ], [ 36.85551, -0.19444 ], [ 36.85556, -0.19449 ], [ 36.85565, -0.19455 ], [ 36.85574, -0.19461 ], [ 36.85583, -0.19466 ], [ 36.85589, -0.19472 ], [ 36.85593, -0.19478 ], [ 36.85594, -0.19484 ], [ 36.85599, -0.19497 ], [ 36.85602, -0.19512 ], [ 36.85602, -0.19513 ], [ 36.85602, -0.19521 ], [ 36.85601, -0.19542 ], [ 36.85593, -0.19565 ], [ 36.85579, -0.19575 ], [ 36.85576, -0.19575 ], [ 36.8556, -0.19574 ], [ 36.85546, -0.19559 ], [ 36.85532, -0.19545 ], [ 36.85512, -0.19532 ], [ 36.85494, -0.19531 ], [ 36.85493, -0.19531 ], [ 36.85491, -0.19531 ], [ 36.85479, -0.19534 ], [ 36.85473, -0.19536 ], [ 36.85472, -0.19537 ], [ 36.8545, -0.19548 ], [ 36.8543, -0.19559 ], [ 36.85414, -0.19566 ], [ 36.85405, -0.19567 ], [ 36.85392, -0.19569 ], [ 36.85373, -0.19573 ], [ 36.85354, -0.1958 ], [ 36.85337, -0.19585 ], [ 36.85323, -0.19595 ], [ 36.85317, -0.19605 ], [ 36.8531, -0.19612 ], [ 36.85309, -0.19619 ], [ 36.85307, -0.19626 ], [ 36.85307, -0.19631 ], [ 36.85307, -0.19642 ], [ 36.85312, -0.19651 ], [ 36.85322, -0.19658 ], [ 36.85341, -0.19667 ], [ 36.85352, -0.19672 ], [ 36.85366, -0.19674 ], [ 36.8538, -0.19675 ], [ 36.85396, -0.19675 ], [ 36.85412, -0.19675 ], [ 36.85426, -0.19676 ], [ 36.85432, -0.19676 ], [ 36.85445, -0.19684 ], [ 36.85452, -0.19692 ], [ 36.85455, -0.19707 ], [ 36.85451, -0.19717 ], [ 36.85449, -0.19721 ], [ 36.85446, -0.19724 ], [ 36.85438, -0.19727 ], [ 36.85431, -0.19729 ], [ 36.85414, -0.19729 ], [ 36.85408, -0.19729 ], [ 36.85405, -0.19728 ], [ 36.85386, -0.19722 ], [ 36.85375, -0.19721 ], [ 36.85362, -0.19718 ], [ 36.85353, -0.19717 ], [ 36.85343, -0.19717 ], [ 36.85338, -0.19718 ], [ 36.85334, -0.19721 ], [ 36.85326, -0.19731 ], [ 36.85322, -0.19735 ], [ 36.85312, -0.19742 ], [ 36.85293, -0.19752 ], [ 36.85274, -0.19751 ], [ 36.85256, -0.19748 ], [ 36.85241, -0.19749 ], [ 36.85228, -0.19753 ], [ 36.85227, -0.19753 ], [ 36.85211, -0.19762 ], [ 36.85197, -0.19778 ], [ 36.85194, -0.19782 ], [ 36.85178, -0.19799 ], [ 36.85172, -0.19804 ], [ 36.85168, -0.19807 ], [ 36.85168, -0.19807 ], [ 36.85163, -0.19809 ], [ 36.85156, -0.19816 ], [ 36.85155, -0.19817 ], [ 36.85139, -0.19827 ], [ 36.85137, -0.19828 ], [ 36.85126, -0.19828 ], [ 36.85124, -0.19827 ], [ 36.85119, -0.19818 ], [ 36.85118, -0.19811 ], [ 36.85118, -0.1981 ], [ 36.85125, -0.19792 ], [ 36.8513, -0.19775 ], [ 36.85128, -0.19766 ], [ 36.85127, -0.1976 ], [ 36.85116, -0.19754 ], [ 36.85108, -0.19749 ], [ 36.85103, -0.19743 ], [ 36.85099, -0.19729 ], [ 36.85094, -0.19712 ], [ 36.8508, -0.19701 ], [ 36.85058, -0.19696 ], [ 36.85037, -0.19695 ], [ 36.85017, -0.19695 ], [ 36.84995, -0.19697 ], [ 36.84985, -0.19695 ], [ 36.84978, -0.19694 ], [ 36.8496, -0.19688 ], [ 36.84943, -0.19682 ], [ 36.84922, -0.19681 ], [ 36.84902, -0.19692 ], [ 36.84895, -0.19702 ], [ 36.84894, -0.19703 ], [ 36.84886, -0.19711 ], [ 36.84882, -0.19717 ], [ 36.84877, -0.19724 ], [ 36.84874, -0.1973 ], [ 36.8487, -0.19741 ], [ 36.84869, -0.19744 ], [ 36.8486, -0.19749 ], [ 36.84859, -0.19748 ], [ 36.84848, -0.19739 ], [ 36.84841, -0.19722 ], [ 36.84825, -0.197 ], [ 36.84806, -0.19681 ], [ 36.84788, -0.19667 ], [ 36.8476, -0.19655 ], [ 36.84726, -0.19638 ], [ 36.84706, -0.19631 ], [ 36.84705, -0.1963 ], [ 36.84674, -0.19616 ], [ 36.84656, -0.19612 ], [ 36.84643, -0.19613 ], [ 36.84629, -0.19618 ], [ 36.84614, -0.19625 ], [ 36.8459, -0.19635 ], [ 36.84574, -0.19642 ], [ 36.84553, -0.19646 ], [ 36.84534, -0.19643 ], [ 36.84516, -0.19642 ], [ 36.84501, -0.19645 ], [ 36.845, -0.19646 ], [ 36.84492, -0.19647 ], [ 36.84488, -0.19651 ], [ 36.84486, -0.19657 ], [ 36.84486, -0.19664 ], [ 36.84489, -0.19673 ], [ 36.84491, -0.19679 ], [ 36.84498, -0.19687 ], [ 36.84514, -0.19701 ], [ 36.84527, -0.19707 ], [ 36.84536, -0.19711 ], [ 36.84546, -0.19718 ], [ 36.84551, -0.19725 ], [ 36.84556, -0.19732 ], [ 36.84559, -0.1974 ], [ 36.8456, -0.19746 ], [ 36.84562, -0.19757 ], [ 36.84563, -0.19762 ], [ 36.84563, -0.19769 ], [ 36.84561, -0.19775 ], [ 36.84561, -0.19777 ], [ 36.84557, -0.19781 ], [ 36.84541, -0.19787 ], [ 36.84536, -0.19787 ], [ 36.84518, -0.19787 ], [ 36.84505, -0.1978 ], [ 36.84501, -0.19777 ], [ 36.845, -0.19774 ], [ 36.84498, -0.19772 ], [ 36.84494, -0.19769 ], [ 36.84484, -0.19768 ], [ 36.84475, -0.19765 ], [ 36.84459, -0.19767 ], [ 36.84448, -0.19772 ], [ 36.84442, -0.19789 ], [ 36.84437, -0.19802 ], [ 36.84424, -0.19812 ], [ 36.84408, -0.19813 ], [ 36.84394, -0.19807 ], [ 36.84383, -0.19801 ], [ 36.84378, -0.19798 ], [ 36.84368, -0.19792 ], [ 36.84354, -0.19788 ], [ 36.84337, -0.19792 ], [ 36.84336, -0.19796 ], [ 36.84334, -0.19797 ], [ 36.8433, -0.19805 ], [ 36.84328, -0.19812 ], [ 36.84328, -0.1982 ], [ 36.84329, -0.19831 ], [ 36.84329, -0.19839 ], [ 36.8433, -0.19847 ], [ 36.8433, -0.19848 ], [ 36.84318, -0.19857 ], [ 36.84292, -0.19856 ], [ 36.84256, -0.19845 ], [ 36.84241, -0.1984 ], [ 36.84209, -0.19831 ], [ 36.84178, -0.19822 ], [ 36.8413, -0.19807 ], [ 36.84107, -0.19799 ], [ 36.84078, -0.19782 ], [ 36.84059, -0.19777 ], [ 36.84046, -0.19778 ], [ 36.84038, -0.19793 ], [ 36.84039, -0.198 ], [ 36.84039, -0.19807 ], [ 36.84041, -0.19816 ], [ 36.84042, -0.19825 ], [ 36.84043, -0.19834 ], [ 36.84043, -0.19843 ], [ 36.84038, -0.19847 ], [ 36.8403, -0.19854 ], [ 36.84031, -0.19858 ], [ 36.84028, -0.19858 ], [ 36.8402, -0.1986 ], [ 36.84003, -0.1986 ], [ 36.84098, -0.20079 ], [ 36.84347, -0.20733 ], [ 36.84539, -0.21248 ], [ 36.84519, -0.21257 ], [ 36.84497, -0.21272 ], [ 36.84472, -0.21284 ], [ 36.8445, -0.21296 ], [ 36.84423, -0.21297 ], [ 36.84408, -0.21279 ], [ 36.84398, -0.21254 ], [ 36.84385, -0.21249 ], [ 36.84368, -0.21255 ], [ 36.84362, -0.21263 ], [ 36.84354, -0.21272 ], [ 36.84333, -0.21294 ], [ 36.84316, -0.21313 ], [ 36.84306, -0.21323 ], [ 36.84286, -0.21328 ], [ 36.84267, -0.21328 ], [ 36.84253, -0.21329 ], [ 36.84236, -0.21337 ], [ 36.84226, -0.21355 ], [ 36.84218, -0.21371 ], [ 36.84215, -0.21387 ], [ 36.84206, -0.21401 ], [ 36.84184, -0.214 ], [ 36.84196, -0.21436 ], [ 36.84184, -0.21441 ], [ 36.84281, -0.21692 ], [ 36.84322, -0.21799 ], [ 36.84315, -0.2178 ], [ 36.84423, -0.22076 ], [ 36.84425, -0.2208 ], [ 36.84431, -0.22096 ], [ 36.84621, -0.22587 ], [ 36.84664, -0.22695 ], [ 36.84848, -0.23181 ], [ 36.84955, -0.23472 ], [ 36.84987, -0.23556 ], [ 36.85054, -0.2374 ], [ 36.85262, -0.24287 ], [ 36.85402, -0.24643 ], [ 36.85432, -0.24723 ], [ 36.85469, -0.24814 ], [ 36.85493, -0.24888 ], [ 36.85494, -0.2489 ], [ 36.8557, -0.25078 ], [ 36.85636, -0.2524 ], [ 36.85652, -0.2528 ], [ 36.85667, -0.25321 ], [ 36.85747, -0.25538 ], [ 36.85996, -0.25409 ], [ 36.86006, -0.25405 ], [ 36.86345, -0.25253 ], [ 36.86381, -0.25244 ], [ 36.86547, -0.25136 ], [ 36.86642, -0.25079 ], [ 36.8665, -0.25074 ], [ 36.86715, -0.25033 ], [ 36.87055, -0.24832 ], [ 36.87166, -0.24753 ], [ 36.872, -0.24964 ], [ 36.87238, -0.25229 ], [ 36.87276, -0.25257 ], [ 36.87361, -0.25278 ], [ 36.87367, -0.25288 ], [ 36.87384, -0.25334 ], [ 36.87411, -0.25391 ], [ 36.87429, -0.25426 ], [ 36.87448, -0.25455 ], [ 36.87501, -0.25497 ], [ 36.87612, -0.25599 ], [ 36.87748, -0.25692 ], [ 36.87855, -0.25771 ], [ 36.87952, -0.25832 ], [ 36.8806, -0.25888 ], [ 36.88145, -0.25921 ], [ 36.88275, -0.25957 ], [ 36.88365, -0.2599 ], [ 36.8845, -0.26016 ], [ 36.88555, -0.26053 ], [ 36.88643, -0.26074 ], [ 36.88802, -0.26116 ], [ 36.88824, -0.26122 ], [ 36.88899, -0.26144 ], [ 36.89075, -0.26198 ], [ 36.89273, -0.26257 ], [ 36.8952, -0.26331 ], [ 36.89838, -0.26432 ], [ 36.8992, -0.26452 ], [ 36.89951, -0.26461 ], [ 36.8998, -0.2647 ], [ 36.90201, -0.26538 ], [ 36.90376, -0.26588 ], [ 36.90484, -0.26618 ], [ 36.90549, -0.26634 ], [ 36.90949, -0.26761 ], [ 36.91141, -0.2682 ], [ 36.91355, -0.26882 ], [ 36.9141, -0.26898 ], [ 36.91652, -0.26968 ], [ 36.91836, -0.27022 ], [ 36.92282, -0.27148 ], [ 36.92407, -0.27186 ], [ 36.92587, -0.27239 ], [ 36.92879, -0.27319 ], [ 36.93262, -0.27441 ], [ 36.93488, -0.27511 ], [ 36.93825, -0.276 ], [ 36.94086, -0.27683 ], [ 36.94164, -0.27708 ], [ 36.94362, -0.27762 ], [ 36.94528, -0.27815 ], [ 36.94813, -0.27901 ], [ 36.95092, -0.27985 ], [ 36.95283, -0.28038 ], [ 36.95523, -0.28115 ], [ 36.95757, -0.28187 ], [ 36.95929, -0.28239 ], [ 36.9595, -0.28248 ] ] ] } },
{ "type": "Feature", "properties": { "entity_id": 292, "p_entity": 37, "name": "Mathira East Sub County" }, "geometry": { "type": "Polygon", "coordinates": [ [ [ 37.20401, -0.42653 ], [ 37.20407, -0.42658 ], [ 37.20439, -0.42686 ], [ 37.20469, -0.42718 ], [ 37.20497, -0.42734 ], [ 37.20473, -0.42761 ], [ 37.20456, -0.42788 ], [ 37.20456, -0.42788 ], [ 37.20456, -0.42788 ], [ 37.20456, -0.42789 ], [ 37.20447, -0.42805 ], [ 37.20447, -0.42809 ], [ 37.20444, -0.4283 ], [ 37.20427, -0.42846 ], [ 37.20411, -0.42862 ], [ 37.20395, -0.42874 ], [ 37.2038, -0.42883 ], [ 37.20378, -0.42885 ], [ 37.20371, -0.42894 ], [ 37.2037, -0.42919 ], [ 37.20374, -0.42926 ], [ 37.20379, -0.42935 ], [ 37.20379, -0.42949 ], [ 37.20379, -0.42969 ], [ 37.20371, -0.4299 ], [ 37.20351, -0.43011 ], [ 37.20329, -0.43017 ], [ 37.20304, -0.43016 ], [ 37.20278, -0.43014 ], [ 37.20246, -0.43014 ], [ 37.20225, -0.43011 ], [ 37.20197, -0.43011 ], [ 37.2018, -0.43013 ], [ 37.20164, -0.43023 ], [ 37.20152, -0.43045 ], [ 37.20152, -0.43058 ], [ 37.20158, -0.43074 ], [ 37.20165, -0.4309 ], [ 37.20167, -0.43114 ], [ 37.20166, -0.43117 ], [ 37.20165, -0.43136 ], [ 37.2015, -0.43143 ], [ 37.2013, -0.43146 ], [ 37.20129, -0.43146 ], [ 37.20109, -0.43149 ], [ 37.20092, -0.43162 ], [ 37.20079, -0.43186 ], [ 37.20073, -0.432 ], [ 37.20058, -0.43206 ], [ 37.2004, -0.43208 ], [ 37.20016, -0.43224 ], [ 37.20004, -0.43238 ], [ 37.20004, -0.4324 ], [ 37.20003, -0.43253 ], [ 37.20001, -0.4327 ], [ 37.19995, -0.43297 ], [ 37.19997, -0.43306 ], [ 37.19998, -0.43313 ], [ 37.20004, -0.43325 ], [ 37.20019, -0.4333 ], [ 37.20038, -0.43332 ], [ 37.20047, -0.43335 ], [ 37.20057, -0.43338 ], [ 37.20057, -0.43363 ], [ 37.20055, -0.43386 ], [ 37.20051, -0.43402 ], [ 37.20049, -0.4342 ], [ 37.20053, -0.43424 ], [ 37.20061, -0.43436 ], [ 37.20077, -0.4345 ], [ 37.20077, -0.43467 ], [ 37.20077, -0.43477 ], [ 37.20063, -0.43494 ], [ 37.20042, -0.43496 ], [ 37.20028, -0.43503 ], [ 37.20011, -0.43506 ], [ 37.20006, -0.43518 ], [ 37.20003, -0.43525 ], [ 37.20011, -0.43553 ], [ 37.20025, -0.43572 ], [ 37.20028, -0.43581 ], [ 37.2003, -0.43589 ], [ 37.20032, -0.43613 ], [ 37.20028, -0.43629 ], [ 37.20026, -0.43642 ], [ 37.20026, -0.43664 ], [ 37.20028, -0.43669 ], [ 37.20037, -0.43692 ], [ 37.20039, -0.43714 ], [ 37.20058, -0.43743 ], [ 37.20064, -0.43747 ], [ 37.20066, -0.4376 ], [ 37.20077, -0.43793 ], [ 37.20091, -0.43818 ], [ 37.2011, -0.43841 ], [ 37.20126, -0.43867 ], [ 37.20128, -0.43881 ], [ 37.20129, -0.43898 ], [ 37.2012, -0.43918 ], [ 37.20111, -0.43935 ], [ 37.2009, -0.43951 ], [ 37.20083, -0.43969 ], [ 37.20082, -0.43992 ], [ 37.20083, -0.44012 ], [ 37.20083, -0.44028 ], [ 37.20081, -0.44037 ], [ 37.2008, -0.44038 ], [ 37.20068, -0.44056 ], [ 37.20038, -0.44062 ], [ 37.20019, -0.44062 ], [ 37.20005, -0.4407 ], [ 37.20004, -0.44071 ], [ 37.20005, -0.44072 ], [ 37.20011, -0.44085 ], [ 37.20025, -0.44103 ], [ 37.20039, -0.44115 ], [ 37.20038, -0.44136 ], [ 37.1999, -0.44158 ], [ 37.19968, -0.44166 ], [ 37.19945, -0.44177 ], [ 37.19926, -0.44183 ], [ 37.19911, -0.44189 ], [ 37.19882, -0.44195 ], [ 37.1985, -0.44208 ], [ 37.19797, -0.44213 ], [ 37.19741, -0.44227 ], [ 37.19721, -0.44229 ], [ 37.19701, -0.44229 ], [ 37.19673, -0.4423 ], [ 37.19658, -0.44232 ], [ 37.1963, -0.44233 ], [ 37.19604, -0.44242 ], [ 37.19573, -0.44246 ], [ 37.19532, -0.44252 ], [ 37.19494, -0.44252 ], [ 37.19465, -0.44252 ], [ 37.19447, -0.44252 ], [ 37.19433, -0.44256 ], [ 37.19414, -0.44262 ], [ 37.19401, -0.44261 ], [ 37.1939, -0.44259 ], [ 37.19367, -0.44261 ], [ 37.19335, -0.44261 ], [ 37.19316, -0.44261 ], [ 37.19298, -0.44261 ], [ 37.19263, -0.44261 ], [ 37.19215, -0.44254 ], [ 37.19205, -0.44247 ], [ 37.19183, -0.44242 ], [ 37.19162, -0.44242 ], [ 37.1914, -0.44242 ], [ 37.19107, -0.44254 ], [ 37.19067, -0.4427 ], [ 37.19067, -0.4427 ], [ 37.19065, -0.44271 ], [ 37.19023, -0.44294 ], [ 37.19016, -0.44297 ], [ 37.18991, -0.44309 ], [ 37.18965, -0.44325 ], [ 37.18926, -0.4437 ], [ 37.18893, -0.44372 ], [ 37.18862, -0.44367 ], [ 37.18857, -0.44365 ], [ 37.18838, -0.44358 ], [ 37.18808, -0.44342 ], [ 37.18753, -0.44303 ], [ 37.18748, -0.44297 ], [ 37.18724, -0.44268 ], [ 37.18682, -0.44219 ], [ 37.18648, -0.44162 ], [ 37.18623, -0.44132 ], [ 37.18587, -0.44096 ], [ 37.18555, -0.44071 ], [ 37.18523, -0.44054 ], [ 37.18481, -0.44042 ], [ 37.18441, -0.44042 ], [ 37.18395, -0.44039 ], [ 37.18348, -0.44039 ], [ 37.18307, -0.4404 ], [ 37.18307, -0.4404 ], [ 37.18257, -0.4405 ], [ 37.18217, -0.44063 ], [ 37.18213, -0.44063 ], [ 37.18177, -0.44069 ], [ 37.18155, -0.4407 ], [ 37.18135, -0.4407 ], [ 37.18112, -0.44076 ], [ 37.18081, -0.44087 ], [ 37.18052, -0.44098 ], [ 37.18035, -0.44108 ], [ 37.1801, -0.44114 ], [ 37.17991, -0.44118 ], [ 37.1796, -0.44133 ], [ 37.1791, -0.44165 ], [ 37.17893, -0.44179 ], [ 37.17844, -0.44206 ], [ 37.17825, -0.44216 ], [ 37.17811, -0.44224 ], [ 37.17799, -0.44231 ], [ 37.17795, -0.44235 ], [ 37.17781, -0.44251 ], [ 37.17765, -0.44268 ], [ 37.17744, -0.44296 ], [ 37.17729, -0.44316 ], [ 37.17715, -0.44339 ], [ 37.17714, -0.44342 ], [ 37.17712, -0.44346 ], [ 37.17707, -0.44364 ], [ 37.17696, -0.4439 ], [ 37.17692, -0.444 ], [ 37.17675, -0.4445 ], [ 37.17675, -0.4448 ], [ 37.17674, -0.44507 ], [ 37.17672, -0.44525 ], [ 37.17672, -0.44526 ], [ 37.17666, -0.44565 ], [ 37.17666, -0.44565 ], [ 37.17674, -0.44601 ], [ 37.17674, -0.44637 ], [ 37.17676, -0.44696 ], [ 37.17696, -0.44727 ], [ 37.17698, -0.4473 ], [ 37.17698, -0.4473 ], [ 37.17708, -0.44754 ], [ 37.17711, -0.44783 ], [ 37.17712, -0.44817 ], [ 37.17704, -0.44859 ], [ 37.17696, -0.44892 ], [ 37.17691, -0.44915 ], [ 37.17691, -0.44932 ], [ 37.1769, -0.44993 ], [ 37.1768, -0.4545 ], [ 37.17678, -0.45514 ], [ 37.17661, -0.45724 ], [ 37.17664, -0.45731 ], [ 37.17682, -0.4583 ], [ 37.17682, -0.45852 ], [ 37.17688, -0.45875 ], [ 37.17688, -0.45926 ], [ 37.17704, -0.45976 ], [ 37.17714, -0.46013 ], [ 37.17722, -0.4603 ], [ 37.17731, -0.46047 ], [ 37.17735, -0.4608 ], [ 37.17732, -0.46104 ], [ 37.17729, -0.46123 ], [ 37.17721, -0.46144 ], [ 37.17715, -0.46158 ], [ 37.17698, -0.46172 ], [ 37.17689, -0.46188 ], [ 37.17686, -0.46197 ], [ 37.17675, -0.46197 ], [ 37.17649, -0.46221 ], [ 37.1763, -0.46242 ], [ 37.17618, -0.46265 ], [ 37.17614, -0.46297 ], [ 37.17612, -0.46328 ], [ 37.17615, -0.46357 ], [ 37.1762, -0.46378 ], [ 37.1762, -0.46378 ], [ 37.17621, -0.46382 ], [ 37.17627, -0.4641 ], [ 37.17629, -0.46419 ], [ 37.17636, -0.46441 ], [ 37.17637, -0.46461 ], [ 37.17639, -0.46489 ], [ 37.1764, -0.46494 ], [ 37.17647, -0.46519 ], [ 37.17659, -0.46544 ], [ 37.17675, -0.46567 ], [ 37.17698, -0.46609 ], [ 37.17725, -0.46662 ], [ 37.1774, -0.46701 ], [ 37.17746, -0.46735 ], [ 37.17754, -0.46787 ], [ 37.17764, -0.46842 ], [ 37.17765, -0.46846 ], [ 37.17732, -0.46874 ], [ 37.17679, -0.469 ], [ 37.17641, -0.46929 ], [ 37.17604, -0.46949 ], [ 37.17578, -0.46968 ], [ 37.17556, -0.46981 ], [ 37.1754, -0.46996 ], [ 37.17529, -0.4701 ], [ 37.1752, -0.47032 ], [ 37.17511, -0.47069 ], [ 37.17501, -0.47103 ], [ 37.1749, -0.47134 ], [ 37.17486, -0.47166 ], [ 37.17484, -0.47198 ], [ 37.17478, -0.47262 ], [ 37.17472, -0.47283 ], [ 37.17466, -0.47304 ], [ 37.17465, -0.4731 ], [ 37.17449, -0.47358 ], [ 37.1744, -0.47384 ], [ 37.17429, -0.47416 ], [ 37.17428, -0.47417 ], [ 37.17406, -0.47449 ], [ 37.17405, -0.47451 ], [ 37.17387, -0.47473 ], [ 37.17383, -0.47479 ], [ 37.17375, -0.47485 ], [ 37.17353, -0.475 ], [ 37.17312, -0.47517 ], [ 37.17284, -0.47527 ], [ 37.17239, -0.47538 ], [ 37.17208, -0.47544 ], [ 37.17192, -0.47547 ], [ 37.17177, -0.47558 ], [ 37.17175, -0.47559 ], [ 37.17165, -0.47571 ], [ 37.17138, -0.47586 ], [ 37.17117, -0.47592 ], [ 37.17112, -0.47594 ], [ 37.17093, -0.47605 ], [ 37.17083, -0.47628 ], [ 37.17079, -0.47638 ], [ 37.17057, -0.47664 ], [ 37.17036, -0.47703 ], [ 37.17022, -0.47733 ], [ 37.17018, -0.47757 ], [ 37.17018, -0.4778 ], [ 37.17019, -0.4779 ], [ 37.1702, -0.478 ], [ 37.17036, -0.47786 ], [ 37.17093, -0.47755 ], [ 37.1715, -0.4774 ], [ 37.17217, -0.4775 ], [ 37.17222, -0.47828 ], [ 37.17212, -0.47916 ], [ 37.17217, -0.48035 ], [ 37.17209, -0.48094 ], [ 37.17201, -0.48149 ], [ 37.17163, -0.48262 ], [ 37.17129, -0.48362 ], [ 37.17074, -0.48542 ], [ 37.17072, -0.48549 ], [ 37.17093, -0.48632 ], [ 37.17123, -0.48713 ], [ 37.17123, -0.48716 ], [ 37.17122, -0.4872 ], [ 37.17099, -0.48727 ], [ 37.17098, -0.48727 ], [ 37.17078, -0.48742 ], [ 37.17076, -0.48745 ], [ 37.17069, -0.48755 ], [ 37.17051, -0.48771 ], [ 37.17037, -0.48782 ], [ 37.17018, -0.48795 ], [ 37.17023, -0.48806 ], [ 37.17006, -0.48825 ], [ 37.16984, -0.48837 ], [ 37.16954, -0.48842 ], [ 37.16916, -0.48841 ], [ 37.16885, -0.48838 ], [ 37.16833, -0.4883 ], [ 37.1678, -0.48828 ], [ 37.16771, -0.48839 ], [ 37.1677, -0.4884 ], [ 37.1676, -0.48852 ], [ 37.16747, -0.48861 ], [ 37.16733, -0.48881 ], [ 37.16707, -0.48903 ], [ 37.16689, -0.48921 ], [ 37.16669, -0.48934 ], [ 37.16665, -0.48941 ], [ 37.1666, -0.4895 ], [ 37.16658, -0.48954 ], [ 37.16648, -0.48979 ], [ 37.16648, -0.48979 ], [ 37.1664, -0.48983 ], [ 37.1663, -0.48988 ], [ 37.16609, -0.49006 ], [ 37.16578, -0.49049 ], [ 37.16575, -0.49052 ], [ 37.16565, -0.49061 ], [ 37.16564, -0.49062 ], [ 37.16557, -0.49068 ], [ 37.16532, -0.49088 ], [ 37.16511, -0.49107 ], [ 37.16493, -0.4913 ], [ 37.16482, -0.4914 ], [ 37.16475, -0.49146 ], [ 37.16469, -0.49157 ], [ 37.16463, -0.49168 ], [ 37.1645, -0.49184 ], [ 37.16434, -0.49203 ], [ 37.16413, -0.49221 ], [ 37.16397, -0.4923 ], [ 37.16372, -0.49253 ], [ 37.16349, -0.49278 ], [ 37.16333, -0.49301 ], [ 37.16322, -0.49324 ], [ 37.16306, -0.49342 ], [ 37.16287, -0.49367 ], [ 37.16274, -0.49388 ], [ 37.16274, -0.49413 ], [ 37.16262, -0.49443 ], [ 37.16261, -0.49461 ], [ 37.16255, -0.49485 ], [ 37.16255, -0.49488 ], [ 37.16255, -0.4949 ], [ 37.16258, -0.49502 ], [ 37.16258, -0.49504 ], [ 37.16258, -0.49509 ], [ 37.16258, -0.49536 ], [ 37.16258, -0.49539 ], [ 37.16256, -0.49549 ], [ 37.16255, -0.49561 ], [ 37.16256, -0.49564 ], [ 37.16256, -0.49588 ], [ 37.16258, -0.49595 ], [ 37.16261, -0.49614 ], [ 37.16265, -0.49637 ], [ 37.16267, -0.49646 ], [ 37.16267, -0.49647 ], [ 37.16269, -0.49673 ], [ 37.16274, -0.49689 ], [ 37.16283, -0.4971 ], [ 37.1629, -0.4971 ], [ 37.16296, -0.49717 ], [ 37.16314, -0.49717 ], [ 37.1633, -0.49715 ], [ 37.16352, -0.49702 ], [ 37.16377, -0.4969 ], [ 37.16405, -0.4968 ], [ 37.16429, -0.49667 ], [ 37.16454, -0.49646 ], [ 37.16468, -0.49625 ], [ 37.16482, -0.49614 ], [ 37.16501, -0.49609 ], [ 37.16514, -0.4961 ], [ 37.16523, -0.49632 ], [ 37.16532, -0.49653 ], [ 37.16534, -0.49685 ], [ 37.16539, -0.49695 ], [ 37.16544, -0.49692 ], [ 37.1655, -0.49712 ], [ 37.16553, -0.49721 ], [ 37.16566, -0.4974 ], [ 37.1658, -0.49743 ], [ 37.166, -0.49747 ], [ 37.16605, -0.49748 ], [ 37.16608, -0.49749 ], [ 37.16624, -0.49756 ], [ 37.16631, -0.49762 ], [ 37.16654, -0.49779 ], [ 37.16671, -0.49808 ], [ 37.16674, -0.49831 ], [ 37.1667, -0.49864 ], [ 37.1666, -0.49888 ], [ 37.16647, -0.49904 ], [ 37.1663, -0.49915 ], [ 37.166, -0.49922 ], [ 37.16576, -0.49927 ], [ 37.16545, -0.49936 ], [ 37.1653, -0.49956 ], [ 37.16524, -0.49975 ], [ 37.16511, -0.49982 ], [ 37.1649, -0.49988 ], [ 37.16473, -0.49999 ], [ 37.16458, -0.50022 ], [ 37.16455, -0.50049 ], [ 37.16457, -0.50067 ], [ 37.16466, -0.50086 ], [ 37.16474, -0.50096 ], [ 37.16485, -0.50108 ], [ 37.1651, -0.50119 ], [ 37.16524, -0.50129 ], [ 37.16536, -0.50139 ], [ 37.16547, -0.50154 ], [ 37.16558, -0.5018 ], [ 37.16567, -0.50221 ], [ 37.16579, -0.50248 ], [ 37.16599, -0.50274 ], [ 37.16627, -0.50289 ], [ 37.16663, -0.50306 ], [ 37.1669, -0.50314 ], [ 37.16727, -0.50324 ], [ 37.16758, -0.50334 ], [ 37.16786, -0.50339 ], [ 37.16811, -0.50345 ], [ 37.16829, -0.50355 ], [ 37.16836, -0.50368 ], [ 37.16844, -0.50389 ], [ 37.16844, -0.50389 ], [ 37.16844, -0.50401 ], [ 37.16844, -0.50405 ], [ 37.16849, -0.50428 ], [ 37.16864, -0.50446 ], [ 37.16878, -0.50451 ], [ 37.16894, -0.50457 ], [ 37.16931, -0.50471 ], [ 37.16951, -0.50485 ], [ 37.16962, -0.50511 ], [ 37.16962, -0.50523 ], [ 37.16962, -0.50534 ], [ 37.16963, -0.50576 ], [ 37.16962, -0.5062 ], [ 37.16971, -0.50686 ], [ 37.16978, -0.50739 ], [ 37.1699, -0.50795 ], [ 37.16995, -0.5081 ], [ 37.17016, -0.50874 ], [ 37.17027, -0.50915 ], [ 37.17039, -0.50953 ], [ 37.17048, -0.50973 ], [ 37.17057, -0.50994 ], [ 37.17065, -0.51011 ], [ 37.17067, -0.51013 ], [ 37.17085, -0.5103 ], [ 37.17107, -0.51038 ], [ 37.17109, -0.51064 ], [ 37.1711, -0.51077 ], [ 37.17112, -0.51099 ], [ 37.17107, -0.51132 ], [ 37.17098, -0.51174 ], [ 37.17087, -0.51222 ], [ 37.17076, -0.51259 ], [ 37.17059, -0.51308 ], [ 37.17048, -0.51345 ], [ 37.17048, -0.51345 ], [ 37.17048, -0.51345 ], [ 37.17047, -0.51349 ], [ 37.17042, -0.51368 ], [ 37.17036, -0.51389 ], [ 37.17026, -0.51437 ], [ 37.17008, -0.51496 ], [ 37.16994, -0.51535 ], [ 37.16982, -0.51574 ], [ 37.16955, -0.51617 ], [ 37.16921, -0.51666 ], [ 37.16901, -0.5169 ], [ 37.1689, -0.51704 ], [ 37.16872, -0.51722 ], [ 37.16845, -0.51749 ], [ 37.16815, -0.5177 ], [ 37.16785, -0.51789 ], [ 37.16742, -0.51812 ], [ 37.16696, -0.5183 ], [ 37.16682, -0.51831 ], [ 37.1668, -0.51831 ], [ 37.16656, -0.51816 ], [ 37.16635, -0.51809 ], [ 37.16628, -0.51809 ], [ 37.16612, -0.51809 ], [ 37.16578, -0.51809 ], [ 37.16551, -0.51809 ], [ 37.16517, -0.5183 ], [ 37.16498, -0.51839 ], [ 37.16476, -0.5185 ], [ 37.16434, -0.51871 ], [ 37.16407, -0.51887 ], [ 37.16387, -0.51907 ], [ 37.16373, -0.51921 ], [ 37.16358, -0.51936 ], [ 37.16348, -0.51946 ], [ 37.1633, -0.51971 ], [ 37.1632, -0.51995 ], [ 37.163, -0.52021 ], [ 37.16275, -0.52052 ], [ 37.16256, -0.52078 ], [ 37.16251, -0.52101 ], [ 37.16255, -0.52134 ], [ 37.16261, -0.52164 ], [ 37.16274, -0.5219 ], [ 37.1629, -0.52205 ], [ 37.16304, -0.52206 ], [ 37.16312, -0.52206 ], [ 37.16323, -0.52205 ], [ 37.16348, -0.52193 ], [ 37.16368, -0.52177 ], [ 37.16397, -0.52156 ], [ 37.16424, -0.52138 ], [ 37.1644, -0.52118 ], [ 37.16463, -0.52105 ], [ 37.16486, -0.52099 ], [ 37.16508, -0.52098 ], [ 37.16521, -0.521 ], [ 37.16538, -0.52106 ], [ 37.16555, -0.52113 ], [ 37.16575, -0.52122 ], [ 37.16591, -0.52129 ], [ 37.16575, -0.52136 ], [ 37.16561, -0.52145 ], [ 37.1655, -0.52165 ], [ 37.16542, -0.52183 ], [ 37.16534, -0.52217 ], [ 37.16519, -0.52272 ], [ 37.16508, -0.52318 ], [ 37.16498, -0.52358 ], [ 37.16492, -0.52397 ], [ 37.16475, -0.52426 ], [ 37.16444, -0.52447 ], [ 37.16412, -0.5247 ], [ 37.16378, -0.52496 ], [ 37.16342, -0.52507 ], [ 37.16315, -0.52508 ], [ 37.1629, -0.52508 ], [ 37.16262, -0.52504 ], [ 37.16244, -0.52504 ], [ 37.16228, -0.52504 ], [ 37.16203, -0.52504 ], [ 37.16178, -0.525 ], [ 37.16162, -0.525 ], [ 37.16136, -0.52496 ], [ 37.16121, -0.5249 ], [ 37.16098, -0.52472 ], [ 37.16081, -0.52464 ], [ 37.16067, -0.52457 ], [ 37.16063, -0.52457 ], [ 37.16048, -0.52455 ], [ 37.16003, -0.52432 ], [ 37.15982, -0.52418 ], [ 37.15974, -0.52412 ], [ 37.15894, -0.52358 ], [ 37.1584, -0.52322 ], [ 37.15807, -0.52294 ], [ 37.15771, -0.52259 ], [ 37.1575, -0.52239 ], [ 37.15696, -0.52192 ], [ 37.1568, -0.52173 ], [ 37.1567, -0.52169 ], [ 37.15652, -0.52169 ], [ 37.15625, -0.52183 ], [ 37.15613, -0.52201 ], [ 37.15602, -0.52238 ], [ 37.156, -0.52274 ], [ 37.15597, -0.52306 ], [ 37.15593, -0.52356 ], [ 37.15568, -0.52404 ], [ 37.15556, -0.52441 ], [ 37.15552, -0.52459 ], [ 37.15543, -0.52491 ], [ 37.15543, -0.52527 ], [ 37.1554, -0.52546 ], [ 37.15543, -0.52571 ], [ 37.15543, -0.52596 ], [ 37.15547, -0.52616 ], [ 37.1557, -0.52653 ], [ 37.15595, -0.52698 ], [ 37.15567, -0.52679 ], [ 37.1554, -0.52671 ], [ 37.15529, -0.52668 ], [ 37.1548, -0.52664 ], [ 37.154, -0.52651 ], [ 37.15369, -0.52645 ], [ 37.15335, -0.52645 ], [ 37.15316, -0.52645 ], [ 37.15293, -0.5263 ], [ 37.15278, -0.52612 ], [ 37.15259, -0.52588 ], [ 37.15235, -0.52571 ], [ 37.15221, -0.52562 ], [ 37.15187, -0.52562 ], [ 37.15164, -0.52562 ], [ 37.15113, -0.52552 ], [ 37.15111, -0.52514 ], [ 37.15111, -0.52512 ], [ 37.15107, -0.52459 ], [ 37.15073, -0.5241 ], [ 37.15073, -0.5241 ], [ 37.1505, -0.52388 ], [ 37.15037, -0.52375 ], [ 37.14997, -0.52413 ], [ 37.14992, -0.52444 ], [ 37.14982, -0.52457 ], [ 37.14929, -0.52512 ], [ 37.14897, -0.52559 ], [ 37.14859, -0.52617 ], [ 37.14814, -0.5268 ], [ 37.14778, -0.52722 ], [ 37.1474, -0.52749 ], [ 37.14714, -0.5277 ], [ 37.14699, -0.52786 ], [ 37.14699, -0.5279 ], [ 37.14692, -0.52804 ], [ 37.14679, -0.5286 ], [ 37.14694, -0.52896 ], [ 37.14692, -0.52918 ], [ 37.14692, -0.52943 ], [ 37.14692, -0.52964 ], [ 37.14692, -0.52991 ], [ 37.14692, -0.53018 ], [ 37.14692, -0.5305 ], [ 37.14694, -0.53081 ], [ 37.14696, -0.53101 ], [ 37.14709, -0.53125 ], [ 37.14713, -0.53142 ], [ 37.14721, -0.53157 ], [ 37.1474, -0.53174 ], [ 37.14752, -0.53183 ], [ 37.14796, -0.5323 ], [ 37.14797, -0.53233 ], [ 37.14803, -0.53266 ], [ 37.14803, -0.53293 ], [ 37.14816, -0.53332 ], [ 37.14825, -0.53349 ], [ 37.1485, -0.53383 ], [ 37.14872, -0.53407 ], [ 37.14896, -0.53441 ], [ 37.14908, -0.53465 ], [ 37.14913, -0.53487 ], [ 37.14924, -0.53507 ], [ 37.14942, -0.53538 ], [ 37.14949, -0.53565 ], [ 37.14952, -0.5358 ], [ 37.14964, -0.53619 ], [ 37.14966, -0.53643 ], [ 37.14976, -0.53667 ], [ 37.14993, -0.53687 ], [ 37.15003, -0.53706 ], [ 37.15008, -0.53721 ], [ 37.15027, -0.53735 ], [ 37.15061, -0.53735 ], [ 37.15105, -0.53733 ], [ 37.15142, -0.53728 ], [ 37.15176, -0.53726 ], [ 37.15215, -0.53721 ], [ 37.15249, -0.53723 ], [ 37.15268, -0.53731 ], [ 37.15297, -0.5374 ], [ 37.15313, -0.53754 ], [ 37.15319, -0.53772 ], [ 37.15339, -0.53804 ], [ 37.15356, -0.5384 ], [ 37.15358, -0.53857 ], [ 37.15361, -0.53881 ], [ 37.15363, -0.53906 ], [ 37.15373, -0.53925 ], [ 37.15375, -0.53942 ], [ 37.15382, -0.53981 ], [ 37.15387, -0.54003 ], [ 37.15387, -0.54035 ], [ 37.15397, -0.54064 ], [ 37.15408, -0.54092 ], [ 37.15418, -0.54121 ], [ 37.1542, -0.54155 ], [ 37.15421, -0.54181 ], [ 37.15424, -0.542 ], [ 37.15421, -0.54227 ], [ 37.15412, -0.54261 ], [ 37.15405, -0.54287 ], [ 37.1539, -0.54326 ], [ 37.15373, -0.5434 ], [ 37.15356, -0.5436 ], [ 37.15349, -0.54377 ], [ 37.15331, -0.54392 ], [ 37.15307, -0.54408 ], [ 37.15287, -0.54415 ], [ 37.15261, -0.54428 ], [ 37.15246, -0.54454 ], [ 37.15246, -0.5447 ], [ 37.15246, -0.54489 ], [ 37.15246, -0.54513 ], [ 37.15246, -0.54536 ], [ 37.15248, -0.54601 ], [ 37.15248, -0.5463 ], [ 37.15248, -0.54672 ], [ 37.15232, -0.54687 ], [ 37.15211, -0.547 ], [ 37.15193, -0.54713 ], [ 37.15178, -0.54716 ], [ 37.15153, -0.5474 ], [ 37.15134, -0.54755 ], [ 37.15122, -0.54771 ], [ 37.15101, -0.54786 ], [ 37.15089, -0.54793 ], [ 37.15068, -0.54795 ], [ 37.1505, -0.54795 ], [ 37.15047, -0.54795 ], [ 37.15024, -0.54795 ], [ 37.15004, -0.54797 ], [ 37.14986, -0.54812 ], [ 37.14975, -0.5483 ], [ 37.14967, -0.5485 ], [ 37.14958, -0.54872 ], [ 37.14951, -0.54889 ], [ 37.14942, -0.54913 ], [ 37.14929, -0.5494 ], [ 37.14909, -0.54966 ], [ 37.14909, -0.54966 ], [ 37.14909, -0.54982 ], [ 37.14912, -0.55002 ], [ 37.14923, -0.55028 ], [ 37.14931, -0.55063 ], [ 37.14936, -0.55092 ], [ 37.14951, -0.55123 ], [ 37.1498, -0.55168 ], [ 37.14991, -0.55199 ], [ 37.15011, -0.55235 ], [ 37.15013, -0.55263 ], [ 37.15019, -0.55287 ], [ 37.15026, -0.55309 ], [ 37.15039, -0.5534 ], [ 37.15047, -0.55358 ], [ 37.15057, -0.5538 ], [ 37.1507, -0.55424 ], [ 37.1507, -0.55446 ], [ 37.1507, -0.55463 ], [ 37.15065, -0.55512 ], [ 37.15065, -0.55534 ], [ 37.15065, -0.55567 ], [ 37.15067, -0.55579 ], [ 37.15071, -0.55599 ], [ 37.15058, -0.55618 ], [ 37.15055, -0.55643 ], [ 37.15047, -0.55676 ], [ 37.15047, -0.55695 ], [ 37.15039, -0.55741 ], [ 37.15039, -0.55766 ], [ 37.15039, -0.55796 ], [ 37.15039, -0.55821 ], [ 37.15036, -0.55843 ], [ 37.15019, -0.5586 ], [ 37.15014, -0.55879 ], [ 37.14992, -0.5589 ], [ 37.14973, -0.55909 ], [ 37.14954, -0.55925 ], [ 37.1494, -0.55942 ], [ 37.14934, -0.55969 ], [ 37.14923, -0.55997 ], [ 37.14918, -0.5603 ], [ 37.14918, -0.5606 ], [ 37.14918, -0.56085 ], [ 37.14929, -0.56112 ], [ 37.14934, -0.56129 ], [ 37.14943, -0.56156 ], [ 37.14943, -0.56181 ], [ 37.14932, -0.56192 ], [ 37.14918, -0.56217 ], [ 37.14926, -0.56255 ], [ 37.14932, -0.56272 ], [ 37.1494, -0.56294 ], [ 37.14948, -0.56326 ], [ 37.14951, -0.56357 ], [ 37.14967, -0.56406 ], [ 37.1494, -0.56447 ], [ 37.14926, -0.56464 ], [ 37.14926, -0.56488 ], [ 37.14926, -0.56516 ], [ 37.14923, -0.5653 ], [ 37.14918, -0.56554 ], [ 37.14912, -0.56568 ], [ 37.14899, -0.56582 ], [ 37.14896, -0.56587 ], [ 37.14888, -0.56609 ], [ 37.14844, -0.56609 ], [ 37.14819, -0.56607 ], [ 37.14797, -0.56598 ], [ 37.14783, -0.56587 ], [ 37.14761, -0.56571 ], [ 37.14747, -0.56555 ], [ 37.14734, -0.56541 ], [ 37.14698, -0.56502 ], [ 37.14685, -0.56488 ], [ 37.14676, -0.56476 ], [ 37.14665, -0.56454 ], [ 37.14649, -0.56435 ], [ 37.14629, -0.56415 ], [ 37.14617, -0.56402 ], [ 37.14602, -0.56395 ], [ 37.14581, -0.56394 ], [ 37.14569, -0.56391 ], [ 37.14567, -0.5638 ], [ 37.14563, -0.56368 ], [ 37.14563, -0.56358 ], [ 37.14556, -0.56341 ], [ 37.14543, -0.56323 ], [ 37.1453, -0.56306 ], [ 37.14519, -0.56293 ], [ 37.14501, -0.56278 ], [ 37.14485, -0.56265 ], [ 37.14467, -0.56252 ], [ 37.14453, -0.56241 ], [ 37.1444, -0.56228 ], [ 37.14425, -0.56214 ], [ 37.14412, -0.56195 ], [ 37.14403, -0.56177 ], [ 37.14396, -0.56163 ], [ 37.14386, -0.56145 ], [ 37.14369, -0.56131 ], [ 37.14353, -0.56113 ], [ 37.14341, -0.56098 ], [ 37.14331, -0.56086 ], [ 37.14316, -0.56069 ], [ 37.14306, -0.56057 ], [ 37.14295, -0.56046 ], [ 37.14282, -0.56033 ], [ 37.14269, -0.5602 ], [ 37.14259, -0.56009 ], [ 37.14246, -0.55998 ], [ 37.14236, -0.55987 ], [ 37.14224, -0.55975 ], [ 37.1421, -0.55959 ], [ 37.14198, -0.55943 ], [ 37.14188, -0.55931 ], [ 37.14185, -0.55926 ], [ 37.14181, -0.5592 ], [ 37.1417, -0.55909 ], [ 37.14159, -0.55896 ], [ 37.14148, -0.55883 ], [ 37.14137, -0.5587 ], [ 37.14129, -0.55857 ], [ 37.14126, -0.55854 ], [ 37.14115, -0.55844 ], [ 37.141, -0.55829 ], [ 37.14086, -0.55814 ], [ 37.14072, -0.55799 ], [ 37.1406, -0.55784 ], [ 37.14042, -0.55767 ], [ 37.1403, -0.55752 ], [ 37.14018, -0.55739 ], [ 37.13996, -0.55717 ], [ 37.13971, -0.55695 ], [ 37.13956, -0.55681 ], [ 37.13939, -0.55667 ], [ 37.13926, -0.55652 ], [ 37.1391, -0.55637 ], [ 37.1389, -0.55621 ], [ 37.13874, -0.55605 ], [ 37.13855, -0.55588 ], [ 37.13837, -0.55569 ], [ 37.13821, -0.55549 ], [ 37.13807, -0.55532 ], [ 37.13791, -0.55511 ], [ 37.13775, -0.55492 ], [ 37.13764, -0.55471 ], [ 37.13747, -0.55444 ], [ 37.1374, -0.55431 ], [ 37.13727, -0.55408 ], [ 37.13723, -0.55399 ], [ 37.13718, -0.55387 ], [ 37.13707, -0.55363 ], [ 37.13696, -0.55349 ], [ 37.13687, -0.5533 ], [ 37.13682, -0.55318 ], [ 37.13671, -0.55304 ], [ 37.1366, -0.55288 ], [ 37.13646, -0.55268 ], [ 37.13633, -0.55249 ], [ 37.13619, -0.55231 ], [ 37.13608, -0.55214 ], [ 37.13596, -0.55198 ], [ 37.13577, -0.55169 ], [ 37.13561, -0.55142 ], [ 37.13549, -0.5512 ], [ 37.13541, -0.55103 ], [ 37.13534, -0.55086 ], [ 37.13534, -0.55085 ], [ 37.13531, -0.55083 ], [ 37.13533, -0.55081 ], [ 37.13533, -0.55081 ], [ 37.1353, -0.55059 ], [ 37.1353, -0.55025 ], [ 37.13531, -0.54976 ], [ 37.13535, -0.54942 ], [ 37.13541, -0.54901 ], [ 37.1355, -0.54876 ], [ 37.13564, -0.5485 ], [ 37.13588, -0.54823 ], [ 37.13596, -0.54801 ], [ 37.13607, -0.54772 ], [ 37.13614, -0.54711 ], [ 37.13615, -0.5469 ], [ 37.13616, -0.54643 ], [ 37.13617, -0.54614 ], [ 37.13618, -0.54579 ], [ 37.13619, -0.54542 ], [ 37.13619, -0.54525 ], [ 37.13617, -0.54484 ], [ 37.13617, -0.54464 ], [ 37.13609, -0.54439 ], [ 37.13607, -0.54432 ], [ 37.13606, -0.54424 ], [ 37.13604, -0.54396 ], [ 37.13599, -0.54388 ], [ 37.13599, -0.54386 ], [ 37.13594, -0.54367 ], [ 37.13586, -0.5435 ], [ 37.13576, -0.54329 ], [ 37.13555, -0.54287 ], [ 37.13539, -0.54255 ], [ 37.13525, -0.54226 ], [ 37.13507, -0.54193 ], [ 37.13497, -0.5417 ], [ 37.13484, -0.54144 ], [ 37.13474, -0.54124 ], [ 37.13461, -0.54106 ], [ 37.13448, -0.54092 ], [ 37.13434, -0.54087 ], [ 37.13434, -0.54087 ], [ 37.13422, -0.54081 ], [ 37.13404, -0.54077 ], [ 37.13385, -0.54071 ], [ 37.13363, -0.54065 ], [ 37.13341, -0.54062 ], [ 37.13319, -0.54058 ], [ 37.13291, -0.54056 ], [ 37.13268, -0.54054 ], [ 37.13251, -0.54053 ], [ 37.13234, -0.5405 ], [ 37.13217, -0.54046 ], [ 37.13197, -0.54038 ], [ 37.13196, -0.54038 ], [ 37.13173, -0.54027 ], [ 37.13145, -0.54013 ], [ 37.13124, -0.53998 ], [ 37.13105, -0.53986 ], [ 37.13092, -0.5397 ], [ 37.13089, -0.53961 ], [ 37.13084, -0.53946 ], [ 37.13069, -0.53937 ], [ 37.13059, -0.53926 ], [ 37.13056, -0.53922 ], [ 37.13046, -0.53912 ], [ 37.13022, -0.53895 ], [ 37.13003, -0.53889 ], [ 37.12983, -0.53888 ], [ 37.12972, -0.53905 ], [ 37.12962, -0.53916 ], [ 37.12955, -0.53922 ], [ 37.1295, -0.53927 ], [ 37.12936, -0.53941 ], [ 37.12917, -0.53954 ], [ 37.12902, -0.53959 ], [ 37.12897, -0.53961 ], [ 37.1289, -0.53963 ], [ 37.12869, -0.53968 ], [ 37.12851, -0.53968 ], [ 37.1282, -0.53968 ], [ 37.12803, -0.53968 ], [ 37.12788, -0.53971 ], [ 37.12774, -0.53979 ], [ 37.12758, -0.53985 ], [ 37.12738, -0.53989 ], [ 37.12711, -0.54 ], [ 37.12691, -0.54016 ], [ 37.12673, -0.54026 ], [ 37.12646, -0.54027 ], [ 37.12631, -0.54026 ], [ 37.12608, -0.5402 ], [ 37.12571, -0.54008 ], [ 37.12525, -0.53994 ], [ 37.12477, -0.5398 ], [ 37.12431, -0.5397 ], [ 37.12429, -0.53969 ], [ 37.1241, -0.53964 ], [ 37.12395, -0.53961 ], [ 37.12384, -0.53959 ], [ 37.12378, -0.53958 ], [ 37.12364, -0.53956 ], [ 37.1234, -0.5395 ], [ 37.12318, -0.53943 ], [ 37.12305, -0.53939 ], [ 37.12292, -0.53937 ], [ 37.12272, -0.53936 ], [ 37.12259, -0.53937 ], [ 37.12244, -0.53939 ], [ 37.12222, -0.53944 ], [ 37.12203, -0.53952 ], [ 37.12176, -0.53961 ], [ 37.12163, -0.53964 ], [ 37.12156, -0.53966 ], [ 37.12138, -0.5397 ], [ 37.12117, -0.53973 ], [ 37.12093, -0.53975 ], [ 37.12071, -0.53976 ], [ 37.12038, -0.53979 ], [ 37.12021, -0.53982 ], [ 37.12004, -0.53987 ], [ 37.11988, -0.53993 ], [ 37.11964, -0.54003 ], [ 37.11944, -0.54017 ], [ 37.1191, -0.54041 ], [ 37.11889, -0.54057 ], [ 37.11867, -0.54078 ], [ 37.11839, -0.54109 ], [ 37.11824, -0.54125 ], [ 37.11808, -0.54138 ], [ 37.11789, -0.54144 ], [ 37.11773, -0.54147 ], [ 37.11746, -0.54148 ], [ 37.11727, -0.54146 ], [ 37.11712, -0.54147 ], [ 37.11691, -0.54149 ], [ 37.11669, -0.54149 ], [ 37.11653, -0.54165 ], [ 37.11636, -0.54175 ], [ 37.11613, -0.54187 ], [ 37.11604, -0.54192 ], [ 37.11594, -0.54197 ], [ 37.11564, -0.5421 ], [ 37.11542, -0.54215 ], [ 37.11519, -0.54216 ], [ 37.11496, -0.54217 ], [ 37.11471, -0.54219 ], [ 37.11446, -0.5422 ], [ 37.11421, -0.54222 ], [ 37.11401, -0.54224 ], [ 37.11371, -0.54231 ], [ 37.11349, -0.54237 ], [ 37.11316, -0.54241 ], [ 37.11291, -0.54242 ], [ 37.11265, -0.5424 ], [ 37.11249, -0.54238 ], [ 37.11227, -0.54233 ], [ 37.1121, -0.54224 ], [ 37.11192, -0.54212 ], [ 37.11172, -0.54198 ], [ 37.11153, -0.54182 ], [ 37.11136, -0.54172 ], [ 37.1112, -0.54164 ], [ 37.11102, -0.5416 ], [ 37.11086, -0.5416 ], [ 37.11071, -0.54165 ], [ 37.11061, -0.54173 ], [ 37.11043, -0.54188 ], [ 37.11029, -0.542 ], [ 37.11014, -0.54216 ], [ 37.11005, -0.54226 ], [ 37.1099, -0.54243 ], [ 37.10973, -0.54263 ], [ 37.10958, -0.54287 ], [ 37.10939, -0.54318 ], [ 37.10927, -0.54341 ], [ 37.10919, -0.5436 ], [ 37.10913, -0.54382 ], [ 37.10908, -0.54406 ], [ 37.10906, -0.54428 ], [ 37.10905, -0.54459 ], [ 37.10903, -0.54485 ], [ 37.10893, -0.54503 ], [ 37.10892, -0.54504 ], [ 37.10879, -0.54514 ], [ 37.10858, -0.54521 ], [ 37.10839, -0.54525 ], [ 37.10808, -0.54526 ], [ 37.10771, -0.54526 ], [ 37.10735, -0.54526 ], [ 37.10707, -0.54526 ], [ 37.10684, -0.54527 ], [ 37.10665, -0.54527 ], [ 37.10644, -0.54533 ], [ 37.10626, -0.54536 ], [ 37.10611, -0.54538 ], [ 37.10592, -0.5454 ], [ 37.10578, -0.54537 ], [ 37.1056, -0.5453 ], [ 37.10543, -0.54517 ], [ 37.1053, -0.54506 ], [ 37.10516, -0.54491 ], [ 37.1049, -0.54463 ], [ 37.10475, -0.54446 ], [ 37.10456, -0.54427 ], [ 37.10441, -0.54409 ], [ 37.10424, -0.54393 ], [ 37.10399, -0.54375 ], [ 37.10382, -0.54363 ], [ 37.10353, -0.54342 ], [ 37.10336, -0.54331 ], [ 37.10317, -0.54325 ], [ 37.10295, -0.54324 ], [ 37.10276, -0.54326 ], [ 37.10249, -0.5433 ], [ 37.10217, -0.54339 ], [ 37.10204, -0.54345 ], [ 37.10185, -0.54353 ], [ 37.10139, -0.54374 ], [ 37.10119, -0.54383 ], [ 37.10107, -0.54387 ], [ 37.10089, -0.54388 ], [ 37.10073, -0.54388 ], [ 37.10071, -0.54388 ], [ 37.10056, -0.54386 ], [ 37.10035, -0.54375 ], [ 37.10015, -0.54362 ], [ 37.09997, -0.54348 ], [ 37.09981, -0.54331 ], [ 37.09965, -0.54312 ], [ 37.09945, -0.54283 ], [ 37.09908, -0.5423 ], [ 37.09881, -0.5419 ], [ 37.09867, -0.54171 ], [ 37.09861, -0.54166 ], [ 37.09855, -0.54162 ], [ 37.09843, -0.54158 ], [ 37.09817, -0.54156 ], [ 37.09779, -0.54159 ], [ 37.09711, -0.54167 ], [ 37.09682, -0.54169 ], [ 37.09669, -0.54169 ], [ 37.09649, -0.54169 ], [ 37.09648, -0.54169 ], [ 37.09631, -0.54169 ], [ 37.0961, -0.54166 ], [ 37.0959, -0.54161 ], [ 37.09573, -0.54154 ], [ 37.09555, -0.54147 ], [ 37.09538, -0.54137 ], [ 37.09538, -0.54137 ], [ 37.09526, -0.54129 ], [ 37.09512, -0.54113 ], [ 37.09509, -0.54103 ], [ 37.09524, -0.54075 ], [ 37.09542, -0.54037 ], [ 37.09555, -0.54009 ], [ 37.09577, -0.53971 ], [ 37.09596, -0.53938 ], [ 37.0962, -0.53884 ], [ 37.0963, -0.53865 ], [ 37.09641, -0.53839 ], [ 37.09647, -0.53813 ], [ 37.09648, -0.53792 ], [ 37.09648, -0.53775 ], [ 37.09645, -0.53763 ], [ 37.09642, -0.53754 ], [ 37.09631, -0.53737 ], [ 37.09609, -0.53724 ], [ 37.09593, -0.53709 ], [ 37.09583, -0.53687 ], [ 37.09581, -0.53674 ], [ 37.09578, -0.53659 ], [ 37.09578, -0.53639 ], [ 37.0957, -0.53608 ], [ 37.09566, -0.53582 ], [ 37.09566, -0.53582 ], [ 37.09566, -0.53581 ], [ 37.09563, -0.53565 ], [ 37.09562, -0.5356 ], [ 37.0955, -0.53548 ], [ 37.09531, -0.53543 ], [ 37.09505, -0.53541 ], [ 37.09504, -0.53541 ], [ 37.09503, -0.53541 ], [ 37.0947, -0.53539 ], [ 37.09436, -0.53538 ], [ 37.094, -0.53537 ], [ 37.09337, -0.53539 ], [ 37.09292, -0.5354 ], [ 37.09247, -0.53541 ], [ 37.09211, -0.53541 ], [ 37.09185, -0.53542 ], [ 37.0917, -0.53544 ], [ 37.09155, -0.53547 ], [ 37.09129, -0.53554 ], [ 37.0911, -0.53557 ], [ 37.09097, -0.53559 ], [ 37.09091, -0.5356 ], [ 37.09085, -0.53561 ], [ 37.09064, -0.53565 ], [ 37.09048, -0.53567 ], [ 37.09022, -0.53567 ], [ 37.09006, -0.53565 ], [ 37.08987, -0.5356 ], [ 37.08968, -0.53553 ], [ 37.08954, -0.53547 ], [ 37.08938, -0.53536 ], [ 37.08923, -0.53525 ], [ 37.08912, -0.53513 ], [ 37.089, -0.535 ], [ 37.0888, -0.5348 ], [ 37.08869, -0.53467 ], [ 37.08858, -0.53452 ], [ 37.08839, -0.53427 ], [ 37.08821, -0.53403 ], [ 37.08811, -0.5339 ], [ 37.08808, -0.53377 ], [ 37.08805, -0.53359 ], [ 37.08804, -0.53343 ], [ 37.08801, -0.53321 ], [ 37.088, -0.53304 ], [ 37.08799, -0.53301 ], [ 37.08799, -0.53282 ], [ 37.08799, -0.53243 ], [ 37.08799, -0.53214 ], [ 37.08801, -0.53185 ], [ 37.08804, -0.5315 ], [ 37.08815, -0.53116 ], [ 37.08824, -0.53097 ], [ 37.08836, -0.53071 ], [ 37.08855, -0.53035 ], [ 37.08856, -0.53009 ], [ 37.08856, -0.52969 ], [ 37.08855, -0.5295 ], [ 37.0885, -0.52942 ], [ 37.08849, -0.52931 ], [ 37.08871, -0.52912 ], [ 37.08884, -0.52898 ], [ 37.08907, -0.52867 ], [ 37.08942, -0.52822 ], [ 37.09008, -0.52741 ], [ 37.09078, -0.52658 ], [ 37.09112, -0.52608 ], [ 37.09128, -0.52594 ], [ 37.09144, -0.52569 ], [ 37.09164, -0.52553 ], [ 37.09194, -0.52525 ], [ 37.09245, -0.52484 ], [ 37.09317, -0.5243 ], [ 37.09369, -0.52397 ], [ 37.09413, -0.52367 ], [ 37.09453, -0.52336 ], [ 37.09504, -0.52286 ], [ 37.09543, -0.5225 ], [ 37.09564, -0.5223 ], [ 37.09576, -0.52211 ], [ 37.09586, -0.52189 ], [ 37.09588, -0.52156 ], [ 37.0958, -0.52135 ], [ 37.09574, -0.52133 ], [ 37.09569, -0.5213 ], [ 37.09581, -0.52121 ], [ 37.09597, -0.52106 ], [ 37.09622, -0.52092 ], [ 37.09644, -0.5208 ], [ 37.0967, -0.52066 ], [ 37.09698, -0.52057 ], [ 37.09719, -0.52062 ], [ 37.09732, -0.52072 ], [ 37.0975, -0.52082 ], [ 37.09766, -0.52082 ], [ 37.09787, -0.52082 ], [ 37.09803, -0.52092 ], [ 37.09812, -0.52102 ], [ 37.09822, -0.52112 ], [ 37.0984, -0.52112 ], [ 37.09855, -0.52104 ], [ 37.09874, -0.52087 ], [ 37.09904, -0.52062 ], [ 37.09925, -0.52048 ], [ 37.09939, -0.52047 ], [ 37.09952, -0.5205 ], [ 37.09964, -0.52061 ], [ 37.09979, -0.52067 ], [ 37.09993, -0.52061 ], [ 37.10015, -0.52047 ], [ 37.10035, -0.52047 ], [ 37.10051, -0.52044 ], [ 37.10068, -0.52035 ], [ 37.10079, -0.52012 ], [ 37.10085, -0.51987 ], [ 37.10094, -0.51973 ], [ 37.10101, -0.51956 ], [ 37.10114, -0.51936 ], [ 37.1013, -0.51925 ], [ 37.10149, -0.51911 ], [ 37.10156, -0.51895 ], [ 37.10164, -0.51871 ], [ 37.10172, -0.51831 ], [ 37.10173, -0.51791 ], [ 37.10175, -0.51775 ], [ 37.10187, -0.51762 ], [ 37.10202, -0.51749 ], [ 37.10217, -0.51739 ], [ 37.10225, -0.51724 ], [ 37.10225, -0.517 ], [ 37.10223, -0.51665 ], [ 37.10227, -0.51636 ], [ 37.10239, -0.51617 ], [ 37.10249, -0.51602 ], [ 37.10257, -0.51591 ], [ 37.10263, -0.51576 ], [ 37.10264, -0.51555 ], [ 37.10259, -0.51536 ], [ 37.10246, -0.5152 ], [ 37.10226, -0.51516 ], [ 37.10207, -0.51511 ], [ 37.10188, -0.51507 ], [ 37.10174, -0.51502 ], [ 37.10158, -0.51487 ], [ 37.10139, -0.51467 ], [ 37.10113, -0.51432 ], [ 37.10075, -0.51381 ], [ 37.10048, -0.51351 ], [ 37.10031, -0.51336 ], [ 37.1003, -0.51316 ], [ 37.10032, -0.51291 ], [ 37.10032, -0.51271 ], [ 37.10032, -0.51251 ], [ 37.10031, -0.51232 ], [ 37.10025, -0.51214 ], [ 37.10015, -0.51193 ], [ 37.09995, -0.51154 ], [ 37.09976, -0.51117 ], [ 37.09965, -0.51097 ], [ 37.09951, -0.51071 ], [ 37.09929, -0.51034 ], [ 37.09909, -0.51006 ], [ 37.09899, -0.50982 ], [ 37.09895, -0.50961 ], [ 37.0989, -0.50937 ], [ 37.09891, -0.50917 ], [ 37.09898, -0.50903 ], [ 37.09913, -0.50879 ], [ 37.09925, -0.50865 ], [ 37.09936, -0.50847 ], [ 37.09943, -0.50828 ], [ 37.09947, -0.50811 ], [ 37.09948, -0.5079 ], [ 37.09948, -0.50767 ], [ 37.09949, -0.50744 ], [ 37.09949, -0.50716 ], [ 37.09951, -0.50687 ], [ 37.09959, -0.50668 ], [ 37.09978, -0.50652 ], [ 37.10002, -0.50646 ], [ 37.10016, -0.50643 ], [ 37.10038, -0.50641 ], [ 37.10055, -0.50639 ], [ 37.10062, -0.50625 ], [ 37.10061, -0.50608 ], [ 37.10065, -0.50594 ], [ 37.10072, -0.50581 ], [ 37.10076, -0.50568 ], [ 37.10074, -0.50555 ], [ 37.10065, -0.50535 ], [ 37.10045, -0.50509 ], [ 37.10028, -0.50494 ], [ 37.1, -0.50464 ], [ 37.09976, -0.50435 ], [ 37.09977, -0.50411 ], [ 37.09984, -0.50377 ], [ 37.0999, -0.50362 ], [ 37.10006, -0.5034 ], [ 37.10031, -0.50315 ], [ 37.10052, -0.50302 ], [ 37.10072, -0.50286 ], [ 37.10095, -0.50271 ], [ 37.10114, -0.50262 ], [ 37.10139, -0.5025 ], [ 37.10193, -0.50226 ], [ 37.10224, -0.50213 ], [ 37.1025, -0.50203 ], [ 37.10281, -0.50195 ], [ 37.10305, -0.50178 ], [ 37.10317, -0.50162 ], [ 37.10327, -0.50141 ], [ 37.1033, -0.50124 ], [ 37.10327, -0.50103 ], [ 37.10321, -0.50085 ], [ 37.10313, -0.50067 ], [ 37.10304, -0.50048 ], [ 37.10294, -0.50023 ], [ 37.10289, -0.49993 ], [ 37.10286, -0.4996 ], [ 37.10284, -0.49935 ], [ 37.10278, -0.49914 ], [ 37.10258, -0.49884 ], [ 37.1024, -0.49854 ], [ 37.10219, -0.49821 ], [ 37.102, -0.49785 ], [ 37.10186, -0.49748 ], [ 37.10179, -0.49717 ], [ 37.10171, -0.49681 ], [ 37.1017, -0.49655 ], [ 37.10164, -0.49618 ], [ 37.10159, -0.49587 ], [ 37.10144, -0.49571 ], [ 37.10126, -0.49562 ], [ 37.10104, -0.49558 ], [ 37.10072, -0.49559 ], [ 37.1005, -0.49563 ], [ 37.10029, -0.49574 ], [ 37.09989, -0.49587 ], [ 37.09959, -0.49595 ], [ 37.09931, -0.49595 ], [ 37.09918, -0.4959 ], [ 37.09915, -0.49575 ], [ 37.09915, -0.49561 ], [ 37.09921, -0.49546 ], [ 37.09935, -0.49527 ], [ 37.09962, -0.49511 ], [ 37.09987, -0.49493 ], [ 37.10003, -0.49481 ], [ 37.10015, -0.49466 ], [ 37.10025, -0.49446 ], [ 37.10033, -0.49429 ], [ 37.10046, -0.49414 ], [ 37.10065, -0.49398 ], [ 37.10093, -0.4937 ], [ 37.10115, -0.49341 ], [ 37.10128, -0.49322 ], [ 37.10136, -0.49282 ], [ 37.1014, -0.49262 ], [ 37.10143, -0.49248 ], [ 37.10145, -0.49227 ], [ 37.10145, -0.49202 ], [ 37.10145, -0.49177 ], [ 37.10152, -0.49155 ], [ 37.10169, -0.4913 ], [ 37.10189, -0.49101 ], [ 37.10205, -0.49089 ], [ 37.10224, -0.49071 ], [ 37.10237, -0.49054 ], [ 37.10249, -0.49035 ], [ 37.10259, -0.49009 ], [ 37.10267, -0.48973 ], [ 37.10274, -0.48938 ], [ 37.10291, -0.48892 ], [ 37.10299, -0.48859 ], [ 37.10308, -0.48806 ], [ 37.10309, -0.48764 ], [ 37.10319, -0.48739 ], [ 37.10334, -0.48704 ], [ 37.10344, -0.4867 ], [ 37.10352, -0.48637 ], [ 37.10353, -0.48609 ], [ 37.10381, -0.48544 ], [ 37.10396, -0.48504 ], [ 37.10414, -0.48454 ], [ 37.10436, -0.4838 ], [ 37.10445, -0.48336 ], [ 37.10448, -0.48311 ], [ 37.10449, -0.48289 ], [ 37.10448, -0.48276 ], [ 37.10433, -0.48242 ], [ 37.10394, -0.4819 ], [ 37.10369, -0.48158 ], [ 37.10332, -0.48133 ], [ 37.10307, -0.48118 ], [ 37.10268, -0.48093 ], [ 37.10231, -0.48066 ], [ 37.10191, -0.48047 ], [ 37.10137, -0.48022 ], [ 37.10096, -0.48007 ], [ 37.10061, -0.48011 ], [ 37.10044, -0.48013 ], [ 37.10059, -0.47995 ], [ 37.10072, -0.47975 ], [ 37.10084, -0.47943 ], [ 37.10089, -0.47904 ], [ 37.10099, -0.47869 ], [ 37.10104, -0.47844 ], [ 37.10115, -0.47823 ], [ 37.10123, -0.47791 ], [ 37.1014, -0.47745 ], [ 37.10151, -0.47706 ], [ 37.10163, -0.4766 ], [ 37.10171, -0.47618 ], [ 37.10175, -0.47589 ], [ 37.10177, -0.47551 ], [ 37.10179, -0.47492 ], [ 37.10178, -0.47432 ], [ 37.10177, -0.47406 ], [ 37.10177, -0.47381 ], [ 37.10178, -0.47334 ], [ 37.10185, -0.47265 ], [ 37.10188, -0.47243 ], [ 37.10192, -0.4714 ], [ 37.10193, -0.47062 ], [ 37.10197, -0.46979 ], [ 37.10198, -0.46914 ], [ 37.10203, -0.46864 ], [ 37.10213, -0.4678 ], [ 37.10215, -0.46762 ], [ 37.10219, -0.46725 ], [ 37.10219, -0.46664 ], [ 37.10222, -0.46576 ], [ 37.10218, -0.4651 ], [ 37.10214, -0.46455 ], [ 37.10215, -0.46415 ], [ 37.10216, -0.46367 ], [ 37.10221, -0.46337 ], [ 37.10228, -0.46316 ], [ 37.10248, -0.46285 ], [ 37.10268, -0.46254 ], [ 37.10287, -0.46225 ], [ 37.10302, -0.46196 ], [ 37.10308, -0.46175 ], [ 37.10314, -0.46153 ], [ 37.10316, -0.46126 ], [ 37.10314, -0.46047 ], [ 37.10317, -0.45992 ], [ 37.10319, -0.45965 ], [ 37.10323, -0.4595 ], [ 37.10332, -0.45932 ], [ 37.10343, -0.45912 ], [ 37.10354, -0.45901 ], [ 37.10373, -0.4588 ], [ 37.10404, -0.45847 ], [ 37.10422, -0.45827 ], [ 37.10447, -0.45792 ], [ 37.10466, -0.45772 ], [ 37.10498, -0.45753 ], [ 37.10531, -0.45743 ], [ 37.10555, -0.45739 ], [ 37.10581, -0.45726 ], [ 37.10601, -0.45706 ], [ 37.10634, -0.4567 ], [ 37.10664, -0.45639 ], [ 37.10698, -0.45607 ], [ 37.10713, -0.45588 ], [ 37.10726, -0.4557 ], [ 37.1075, -0.45537 ], [ 37.10762, -0.45514 ], [ 37.10781, -0.4549 ], [ 37.10801, -0.45466 ], [ 37.10827, -0.4544 ], [ 37.10846, -0.45421 ], [ 37.10864, -0.45399 ], [ 37.10876, -0.45383 ], [ 37.10856, -0.45328 ], [ 37.10832, -0.4529 ], [ 37.10806, -0.45248 ], [ 37.10779, -0.45202 ], [ 37.10748, -0.45147 ], [ 37.10715, -0.45103 ], [ 37.10692, -0.45069 ], [ 37.10672, -0.45031 ], [ 37.10644, -0.44984 ], [ 37.10615, -0.44934 ], [ 37.10593, -0.44894 ], [ 37.10575, -0.44845 ], [ 37.10557, -0.4479 ], [ 37.10546, -0.44748 ], [ 37.10535, -0.44713 ], [ 37.10523, -0.44688 ], [ 37.10503, -0.44673 ], [ 37.1046, -0.44635 ], [ 37.10423, -0.44611 ], [ 37.10373, -0.44587 ], [ 37.10341, -0.44574 ], [ 37.10304, -0.44557 ], [ 37.10247, -0.44536 ], [ 37.10209, -0.44521 ], [ 37.10169, -0.44501 ], [ 37.10135, -0.44484 ], [ 37.10102, -0.44466 ], [ 37.10077, -0.44445 ], [ 37.10065, -0.44421 ], [ 37.10065, -0.44399 ], [ 37.10067, -0.44367 ], [ 37.10067, -0.44314 ], [ 37.10079, -0.44278 ], [ 37.10081, -0.44252 ], [ 37.10082, -0.44212 ], [ 37.10077, -0.4418 ], [ 37.10056, -0.44148 ], [ 37.10019, -0.44109 ], [ 37.09977, -0.44063 ], [ 37.09939, -0.44021 ], [ 37.09909, -0.4399 ], [ 37.0988, -0.4397 ], [ 37.09866, -0.43958 ], [ 37.09847, -0.43947 ], [ 37.09823, -0.43931 ], [ 37.09788, -0.43908 ], [ 37.09764, -0.4389 ], [ 37.09736, -0.43866 ], [ 37.09714, -0.43849 ], [ 37.09683, -0.43826 ], [ 37.09644, -0.43806 ], [ 37.09619, -0.43775 ], [ 37.09588, -0.43746 ], [ 37.09557, -0.43702 ], [ 37.09526, -0.43664 ], [ 37.09513, -0.43645 ], [ 37.09484, -0.43614 ], [ 37.09462, -0.43593 ], [ 37.09439, -0.43574 ], [ 37.09418, -0.43563 ], [ 37.09388, -0.43553 ], [ 37.09354, -0.43542 ], [ 37.09332, -0.43532 ], [ 37.09293, -0.43502 ], [ 37.0926, -0.43479 ], [ 37.09231, -0.43457 ], [ 37.09202, -0.43425 ], [ 37.09185, -0.43399 ], [ 37.09174, -0.43373 ], [ 37.09154, -0.43344 ], [ 37.09129, -0.43304 ], [ 37.09106, -0.43321 ], [ 37.09077, -0.43342 ], [ 37.09046, -0.43364 ], [ 37.09026, -0.43343 ], [ 37.09016, -0.4333 ], [ 37.09008, -0.43315 ], [ 37.08993, -0.4329 ], [ 37.08978, -0.43266 ], [ 37.08971, -0.43249 ], [ 37.08957, -0.43224 ], [ 37.08944, -0.43202 ], [ 37.08928, -0.43183 ], [ 37.0891, -0.43149 ], [ 37.08892, -0.43112 ], [ 37.08882, -0.43067 ], [ 37.08879, -0.4304 ], [ 37.08882, -0.43015 ], [ 37.08885, -0.42997 ], [ 37.08893, -0.42973 ], [ 37.08903, -0.42943 ], [ 37.0891, -0.42905 ], [ 37.08912, -0.42865 ], [ 37.08913, -0.42829 ], [ 37.0891, -0.42793 ], [ 37.08905, -0.42758 ], [ 37.089, -0.42728 ], [ 37.08893, -0.42697 ], [ 37.08886, -0.42669 ], [ 37.08876, -0.42635 ], [ 37.08873, -0.42615 ], [ 37.08864, -0.42595 ], [ 37.08849, -0.42555 ], [ 37.08838, -0.42516 ], [ 37.08821, -0.42471 ], [ 37.08807, -0.42399 ], [ 37.08787, -0.42339 ], [ 37.08775, -0.42277 ], [ 37.08741, -0.42216 ], [ 37.08722, -0.42166 ], [ 37.08686, -0.42075 ], [ 37.0867, -0.41996 ], [ 37.08666, -0.41966 ], [ 37.08663, -0.4195 ], [ 37.08665, -0.41932 ], [ 37.08662, -0.41915 ], [ 37.08662, -0.41876 ], [ 37.0866, -0.41812 ], [ 37.08653, -0.41756 ], [ 37.08638, -0.4167 ], [ 37.0861, -0.41593 ], [ 37.08649, -0.41588 ], [ 37.08701, -0.41582 ], [ 37.08738, -0.41582 ], [ 37.08766, -0.41582 ], [ 37.08785, -0.41578 ], [ 37.08804, -0.4157 ], [ 37.08823, -0.41554 ], [ 37.08845, -0.41533 ], [ 37.08867, -0.41505 ], [ 37.08885, -0.41483 ], [ 37.08913, -0.4146 ], [ 37.08943, -0.41438 ], [ 37.0897, -0.41424 ], [ 37.0902, -0.41406 ], [ 37.09055, -0.41396 ], [ 37.09094, -0.41384 ], [ 37.09135, -0.41372 ], [ 37.09185, -0.41356 ], [ 37.09209, -0.41349 ], [ 37.0923, -0.4134 ], [ 37.0925, -0.41323 ], [ 37.09267, -0.41304 ], [ 37.0928, -0.41278 ], [ 37.09299, -0.41239 ], [ 37.09309, -0.41209 ], [ 37.09332, -0.41176 ], [ 37.0935, -0.4114 ], [ 37.09381, -0.4109 ], [ 37.09406, -0.41044 ], [ 37.09424, -0.4101 ], [ 37.09443, -0.40981 ], [ 37.09469, -0.40958 ], [ 37.09499, -0.40941 ], [ 37.09531, -0.40928 ], [ 37.09556, -0.40919 ], [ 37.09589, -0.40902 ], [ 37.09608, -0.40887 ], [ 37.09612, -0.40873 ], [ 37.09614, -0.40846 ], [ 37.09619, -0.40806 ], [ 37.0963, -0.40768 ], [ 37.0964, -0.40737 ], [ 37.09656, -0.40707 ], [ 37.09682, -0.40672 ], [ 37.09708, -0.40644 ], [ 37.09729, -0.40627 ], [ 37.09751, -0.4061 ], [ 37.09768, -0.40593 ], [ 37.09783, -0.40567 ], [ 37.09793, -0.40536 ], [ 37.09802, -0.40511 ], [ 37.098, -0.40481 ], [ 37.09807, -0.40459 ], [ 37.09818, -0.40427 ], [ 37.09844, -0.40404 ], [ 37.09877, -0.40392 ], [ 37.09924, -0.40389 ], [ 37.09959, -0.40384 ], [ 37.09987, -0.4038 ], [ 37.1001, -0.40376 ], [ 37.10036, -0.40362 ], [ 37.1006, -0.40339 ], [ 37.10075, -0.40321 ], [ 37.10081, -0.40306 ], [ 37.10082, -0.40284 ], [ 37.10088, -0.40249 ], [ 37.10096, -0.40218 ], [ 37.10112, -0.40179 ], [ 37.10129, -0.40149 ], [ 37.10146, -0.40119 ], [ 37.1018, -0.40094 ], [ 37.10215, -0.40075 ], [ 37.10254, -0.4006 ], [ 37.10276, -0.40055 ], [ 37.10302, -0.40037 ], [ 37.10342, -0.40025 ], [ 37.10373, -0.40023 ], [ 37.10414, -0.40024 ], [ 37.1045, -0.4002 ], [ 37.10471, -0.40017 ], [ 37.10497, -0.40007 ], [ 37.10514, -0.39995 ], [ 37.10534, -0.39985 ], [ 37.10555, -0.3998 ], [ 37.10584, -0.39974 ], [ 37.10621, -0.39974 ], [ 37.10672, -0.39975 ], [ 37.10726, -0.39975 ], [ 37.10775, -0.39976 ], [ 37.10821, -0.3998 ], [ 37.10854, -0.3998 ], [ 37.10879, -0.39981 ], [ 37.1091, -0.39992 ], [ 37.10937, -0.40005 ], [ 37.10956, -0.40015 ], [ 37.10973, -0.40032 ], [ 37.10991, -0.40045 ], [ 37.11013, -0.40077 ], [ 37.11041, -0.40095 ], [ 37.11149, -0.4019 ], [ 37.1121, -0.40287 ], [ 37.11288, -0.40454 ], [ 37.11345, -0.40572 ], [ 37.1137, -0.40664 ], [ 37.11389, -0.40683 ], [ 37.11414, -0.40695 ], [ 37.11433, -0.40704 ], [ 37.11471, -0.40696 ], [ 37.11503, -0.40673 ], [ 37.11542, -0.4063 ], [ 37.11587, -0.40593 ], [ 37.11616, -0.4055 ], [ 37.11665, -0.40529 ], [ 37.11726, -0.40494 ], [ 37.1176, -0.4046 ], [ 37.11783, -0.40424 ], [ 37.11821, -0.40386 ], [ 37.11856, -0.40355 ], [ 37.11899, -0.40338 ], [ 37.11934, -0.40319 ], [ 37.11966, -0.40302 ], [ 37.11983, -0.40266 ], [ 37.11977, -0.40218 ], [ 37.1196, -0.40175 ], [ 37.11949, -0.40133 ], [ 37.11947, -0.40104 ], [ 37.11983, -0.40078 ], [ 37.12023, -0.40057 ], [ 37.12038, -0.40024 ], [ 37.1204, -0.39982 ], [ 37.1205, -0.39935 ], [ 37.12056, -0.39916 ], [ 37.12057, -0.3988 ], [ 37.12076, -0.39834 ], [ 37.12105, -0.39769 ], [ 37.12109, -0.39716 ], [ 37.12101, -0.3967 ], [ 37.12086, -0.39617 ], [ 37.12029, -0.39552 ], [ 37.1201, -0.39527 ], [ 37.11989, -0.39472 ], [ 37.11983, -0.39423 ], [ 37.1197, -0.39368 ], [ 37.11947, -0.3933 ], [ 37.11894, -0.39305 ], [ 37.11859, -0.39297 ], [ 37.11819, -0.39278 ], [ 37.11797, -0.39255 ], [ 37.11785, -0.39211 ], [ 37.11785, -0.39166 ], [ 37.11795, -0.39114 ], [ 37.11816, -0.39076 ], [ 37.11856, -0.39059 ], [ 37.11877, -0.39071 ], [ 37.11896, -0.39101 ], [ 37.11917, -0.39132 ], [ 37.11953, -0.39135 ], [ 37.11974, -0.3913 ], [ 37.11991, -0.39099 ], [ 37.11991, -0.39061 ], [ 37.11987, -0.39031 ], [ 37.11951, -0.38972 ], [ 37.11917, -0.38922 ], [ 37.11909, -0.38856 ], [ 37.11911, -0.38814 ], [ 37.11943, -0.38789 ], [ 37.11983, -0.38768 ], [ 37.12017, -0.38757 ], [ 37.12042, -0.38741 ], [ 37.12094, -0.38724 ], [ 37.12126, -0.38705 ], [ 37.12164, -0.38692 ], [ 37.12202, -0.38692 ], [ 37.12236, -0.38703 ], [ 37.12295, -0.3873 ], [ 37.12328, -0.38747 ], [ 37.12354, -0.38749 ], [ 37.12402, -0.38743 ], [ 37.12444, -0.38726 ], [ 37.12505, -0.38682 ], [ 37.12568, -0.38658 ], [ 37.12598, -0.38658 ], [ 37.12632, -0.38661 ], [ 37.12678, -0.38673 ], [ 37.12716, -0.38671 ], [ 37.12752, -0.38658 ], [ 37.1279, -0.38639 ], [ 37.12823, -0.3861 ], [ 37.12868, -0.38543 ], [ 37.12891, -0.38513 ], [ 37.1291, -0.38492 ], [ 37.12935, -0.38492 ], [ 37.12964, -0.38509 ], [ 37.12983, -0.38541 ], [ 37.13009, -0.38576 ], [ 37.13043, -0.38599 ], [ 37.13083, -0.38601 ], [ 37.13114, -0.38576 ], [ 37.13142, -0.38541 ], [ 37.13165, -0.38513 ], [ 37.13194, -0.38511 ], [ 37.13211, -0.38528 ], [ 37.13228, -0.38572 ], [ 37.13243, -0.38616 ], [ 37.1327, -0.38633 ], [ 37.13318, -0.38644 ], [ 37.13368, -0.38644 ], [ 37.13396, -0.38644 ], [ 37.13458, -0.38642 ], [ 37.13517, -0.38642 ], [ 37.13571, -0.38646 ], [ 37.13616, -0.38658 ], [ 37.13687, -0.38667 ], [ 37.13765, -0.38667 ], [ 37.13839, -0.38671 ], [ 37.13871, -0.38675 ], [ 37.13907, -0.38653 ], [ 37.13956, -0.38632 ], [ 37.13977, -0.38622 ], [ 37.13968, -0.38608 ], [ 37.13953, -0.38592 ], [ 37.13924, -0.38563 ], [ 37.1389, -0.38535 ], [ 37.13874, -0.38517 ], [ 37.13866, -0.38495 ], [ 37.13866, -0.38476 ], [ 37.13877, -0.38455 ], [ 37.13891, -0.38431 ], [ 37.13905, -0.38411 ], [ 37.1392, -0.38388 ], [ 37.13944, -0.38361 ], [ 37.13974, -0.38321 ], [ 37.14, -0.38283 ], [ 37.14013, -0.38258 ], [ 37.14033, -0.3822 ], [ 37.14057, -0.38179 ], [ 37.14078, -0.38135 ], [ 37.14094, -0.38097 ], [ 37.14109, -0.3806 ], [ 37.14114, -0.38012 ], [ 37.14113, -0.3795 ], [ 37.14109, -0.37913 ], [ 37.14093, -0.37871 ], [ 37.14064, -0.3781 ], [ 37.14039, -0.37759 ], [ 37.14017, -0.3771 ], [ 37.13998, -0.37652 ], [ 37.13981, -0.37608 ], [ 37.13968, -0.3757 ], [ 37.1396, -0.37552 ], [ 37.13956, -0.37523 ], [ 37.13955, -0.37497 ], [ 37.13964, -0.37469 ], [ 37.13997, -0.37496 ], [ 37.14022, -0.37534 ], [ 37.14045, -0.37574 ], [ 37.1406, -0.37607 ], [ 37.14077, -0.37634 ], [ 37.14094, -0.37654 ], [ 37.14108, -0.37671 ], [ 37.14121, -0.37694 ], [ 37.14126, -0.37712 ], [ 37.14131, -0.37743 ], [ 37.14131, -0.37766 ], [ 37.14136, -0.37807 ], [ 37.14141, -0.37831 ], [ 37.1415, -0.37848 ], [ 37.14165, -0.37863 ], [ 37.14181, -0.37869 ], [ 37.1422, -0.37874 ], [ 37.14256, -0.37873 ], [ 37.14286, -0.37873 ], [ 37.14314, -0.37865 ], [ 37.14334, -0.37858 ], [ 37.14367, -0.37845 ], [ 37.14395, -0.37828 ], [ 37.14413, -0.37818 ], [ 37.1444, -0.37807 ], [ 37.14475, -0.37796 ], [ 37.14516, -0.37788 ], [ 37.1457, -0.3778 ], [ 37.14625, -0.37772 ], [ 37.14704, -0.37754 ], [ 37.14743, -0.37749 ], [ 37.14775, -0.37745 ], [ 37.14802, -0.37745 ], [ 37.14835, -0.37745 ], [ 37.14869, -0.37753 ], [ 37.14913, -0.37759 ], [ 37.14948, -0.37759 ], [ 37.14973, -0.37759 ], [ 37.15011, -0.37758 ], [ 37.15053, -0.37749 ], [ 37.15088, -0.37739 ], [ 37.1511, -0.37731 ], [ 37.15142, -0.37715 ], [ 37.15186, -0.37694 ], [ 37.15227, -0.37672 ], [ 37.15253, -0.37664 ], [ 37.15282, -0.37655 ], [ 37.15306, -0.37649 ], [ 37.15334, -0.37641 ], [ 37.15348, -0.37637 ], [ 37.15378, -0.37627 ], [ 37.15411, -0.37617 ], [ 37.15441, -0.37604 ], [ 37.15471, -0.3759 ], [ 37.15506, -0.37568 ], [ 37.15534, -0.37549 ], [ 37.15571, -0.37523 ], [ 37.15586, -0.37514 ], [ 37.15607, -0.37502 ], [ 37.15631, -0.37488 ], [ 37.15654, -0.37483 ], [ 37.15674, -0.37483 ], [ 37.15695, -0.37487 ], [ 37.15731, -0.37504 ], [ 37.15779, -0.37526 ], [ 37.15807, -0.37542 ], [ 37.15828, -0.37556 ], [ 37.15844, -0.37572 ], [ 37.159, -0.3762 ], [ 37.15962, -0.3768 ], [ 37.15998, -0.37711 ], [ 37.16032, -0.3774 ], [ 37.16075, -0.3779 ], [ 37.16098, -0.37816 ], [ 37.16109, -0.37836 ], [ 37.1612, -0.37869 ], [ 37.1612, -0.37896 ], [ 37.16111, -0.37917 ], [ 37.16105, -0.37931 ], [ 37.16104, -0.3795 ], [ 37.16105, -0.37966 ], [ 37.16108, -0.37979 ], [ 37.16129, -0.38001 ], [ 37.16156, -0.3802 ], [ 37.16185, -0.38047 ], [ 37.1622, -0.38071 ], [ 37.1623, -0.38084 ], [ 37.16236, -0.38099 ], [ 37.1624, -0.38116 ], [ 37.16235, -0.38131 ], [ 37.16225, -0.38153 ], [ 37.16213, -0.38166 ], [ 37.16196, -0.38183 ], [ 37.16149, -0.38217 ], [ 37.16117, -0.38244 ], [ 37.16098, -0.38275 ], [ 37.1608, -0.3829 ], [ 37.16068, -0.38312 ], [ 37.16057, -0.38336 ], [ 37.16059, -0.38357 ], [ 37.16059, -0.38456 ], [ 37.16066, -0.3853 ], [ 37.16076, -0.38597 ], [ 37.16104, -0.38663 ], [ 37.16158, -0.38755 ], [ 37.16215, -0.38828 ], [ 37.16247, -0.38854 ], [ 37.16291, -0.3887 ], [ 37.16346, -0.38909 ], [ 37.16371, -0.38972 ], [ 37.16381, -0.3904 ], [ 37.16381, -0.39116 ], [ 37.16367, -0.39213 ], [ 37.16367, -0.39288 ], [ 37.16379, -0.39371 ], [ 37.16401, -0.39478 ], [ 37.16438, -0.39566 ], [ 37.16443, -0.39593 ], [ 37.16459, -0.39682 ], [ 37.16478, -0.3975 ], [ 37.16502, -0.39809 ], [ 37.16506, -0.39874 ], [ 37.16518, -0.39927 ], [ 37.16535, -0.39961 ], [ 37.16567, -0.39998 ], [ 37.16592, -0.40003 ], [ 37.16628, -0.39988 ], [ 37.16663, -0.39988 ], [ 37.16729, -0.39988 ], [ 37.16767, -0.40001 ], [ 37.16815, -0.40013 ], [ 37.16856, -0.40013 ], [ 37.16898, -0.40011 ], [ 37.1694, -0.40009 ], [ 37.16971, -0.39992 ], [ 37.16995, -0.39967 ], [ 37.17024, -0.39954 ], [ 37.17064, -0.3996 ], [ 37.17077, -0.39977 ], [ 37.17077, -0.40019 ], [ 37.17072, -0.40062 ], [ 37.17046, -0.4011 ], [ 37.17052, -0.40139 ], [ 37.17056, -0.40187 ], [ 37.1706, -0.40237 ], [ 37.17067, -0.4029 ], [ 37.17082, -0.4038 ], [ 37.17099, -0.40431 ], [ 37.17122, -0.40489 ], [ 37.17147, -0.40543 ], [ 37.17169, -0.40587 ], [ 37.17191, -0.4062 ], [ 37.17228, -0.40658 ], [ 37.17253, -0.40681 ], [ 37.17267, -0.40693 ], [ 37.17292, -0.4071 ], [ 37.17322, -0.40731 ], [ 37.17368, -0.40765 ], [ 37.17405, -0.4079 ], [ 37.17444, -0.40819 ], [ 37.17475, -0.40843 ], [ 37.17495, -0.4086 ], [ 37.17517, -0.40882 ], [ 37.17546, -0.40907 ], [ 37.17563, -0.40929 ], [ 37.17583, -0.40944 ], [ 37.17608, -0.40957 ], [ 37.17651, -0.40967 ], [ 37.17737, -0.40967 ], [ 37.17852, -0.40966 ], [ 37.17942, -0.40965 ], [ 37.1799, -0.40957 ], [ 37.18031, -0.40945 ], [ 37.18077, -0.40917 ], [ 37.18149, -0.40866 ], [ 37.182, -0.40822 ], [ 37.18244, -0.40793 ], [ 37.18295, -0.40778 ], [ 37.18365, -0.40768 ], [ 37.18402, -0.40772 ], [ 37.1843, -0.40776 ], [ 37.18477, -0.40787 ], [ 37.1851, -0.40789 ], [ 37.18536, -0.40789 ], [ 37.18569, -0.40787 ], [ 37.18601, -0.40785 ], [ 37.18636, -0.40785 ], [ 37.18664, -0.40787 ], [ 37.18689, -0.40765 ], [ 37.18701, -0.40751 ], [ 37.18717, -0.40729 ], [ 37.18734, -0.4071 ], [ 37.18762, -0.40683 ], [ 37.18792, -0.40655 ], [ 37.1882, -0.40632 ], [ 37.18856, -0.40622 ], [ 37.18883, -0.40622 ], [ 37.18922, -0.40625 ], [ 37.18956, -0.40629 ], [ 37.1899, -0.40636 ], [ 37.19025, -0.40638 ], [ 37.19053, -0.40634 ], [ 37.19086, -0.4061 ], [ 37.19121, -0.40576 ], [ 37.19155, -0.40532 ], [ 37.19194, -0.40482 ], [ 37.19231, -0.40437 ], [ 37.1927, -0.40398 ], [ 37.1931, -0.40377 ], [ 37.19358, -0.40356 ], [ 37.19429, -0.40341 ], [ 37.19543, -0.40327 ], [ 37.19643, -0.40325 ], [ 37.19699, -0.40325 ], [ 37.19737, -0.40341 ], [ 37.19767, -0.40369 ], [ 37.19809, -0.40414 ], [ 37.19834, -0.40463 ], [ 37.19856, -0.40525 ], [ 37.1986, -0.40576 ], [ 37.19861, -0.40621 ], [ 37.1986, -0.40674 ], [ 37.19847, -0.40739 ], [ 37.19832, -0.40801 ], [ 37.19815, -0.40856 ], [ 37.1979, -0.40904 ], [ 37.19746, -0.40956 ], [ 37.19698, -0.4102 ], [ 37.19656, -0.41075 ], [ 37.19627, -0.41125 ], [ 37.19608, -0.41173 ], [ 37.19604, -0.41212 ], [ 37.19612, -0.41234 ], [ 37.19636, -0.41266 ], [ 37.19668, -0.41339 ], [ 37.1968, -0.41394 ], [ 37.19687, -0.4146 ], [ 37.1969, -0.41488 ], [ 37.19697, -0.41526 ], [ 37.19705, -0.41579 ], [ 37.19709, -0.41685 ], [ 37.19709, -0.41739 ], [ 37.19709, -0.4176 ], [ 37.19714, -0.41805 ], [ 37.19722, -0.41872 ], [ 37.19747, -0.41972 ], [ 37.19775, -0.42025 ], [ 37.19806, -0.42074 ], [ 37.19837, -0.42098 ], [ 37.19866, -0.42112 ], [ 37.19889, -0.42123 ], [ 37.19966, -0.42149 ], [ 37.19994, -0.42158 ], [ 37.20014, -0.42166 ], [ 37.20043, -0.42178 ], [ 37.2008, -0.42192 ], [ 37.20123, -0.42213 ], [ 37.20164, -0.42241 ], [ 37.20205, -0.42279 ], [ 37.20224, -0.42321 ], [ 37.20238, -0.42363 ], [ 37.20244, -0.42419 ], [ 37.20255, -0.4247 ], [ 37.20268, -0.42509 ], [ 37.20288, -0.42546 ], [ 37.20317, -0.42574 ], [ 37.20361, -0.4261 ], [ 37.20376, -0.42631 ], [ 37.20401, -0.42653 ] ] ] } },
{ "type": "Feature", "properties": { "entity_id": 293, "p_entity": 37, "name": "Mathira West Sub County" }, "geometry": { "type": "Polygon", "coordinates": [ [ [ 37.30783, -0.15198 ], [ 37.30782, -0.152 ], [ 37.30799, -0.15216 ], [ 37.30798, -0.15216 ], [ 37.308, -0.15217 ], [ 37.30827, -0.15232 ], [ 37.20401, -0.42653 ], [ 37.20376, -0.42631 ], [ 37.20361, -0.4261 ], [ 37.20317, -0.42574 ], [ 37.20288, -0.42546 ], [ 37.20268, -0.42509 ], [ 37.20255, -0.4247 ], [ 37.20244, -0.42419 ], [ 37.20238, -0.42363 ], [ 37.20224, -0.42321 ], [ 37.20205, -0.42279 ], [ 37.20164, -0.42241 ], [ 37.20123, -0.42213 ], [ 37.2008, -0.42192 ], [ 37.20043, -0.42178 ], [ 37.20014, -0.42166 ], [ 37.19994, -0.42158 ], [ 37.19966, -0.42149 ], [ 37.19889, -0.42123 ], [ 37.19866, -0.42112 ], [ 37.19837, -0.42098 ], [ 37.19806, -0.42074 ], [ 37.19775, -0.42025 ], [ 37.19747, -0.41972 ], [ 37.19722, -0.41872 ], [ 37.19714, -0.41805 ], [ 37.19709, -0.4176 ], [ 37.19709, -0.41739 ], [ 37.19709, -0.41685 ], [ 37.19705, -0.41579 ], [ 37.19697, -0.41526 ], [ 37.1969, -0.41488 ], [ 37.19687, -0.4146 ], [ 37.1968, -0.41394 ], [ 37.19668, -0.41339 ], [ 37.19636, -0.41266 ], [ 37.19612, -0.41234 ], [ 37.19604, -0.41212 ], [ 37.19608, -0.41173 ], [ 37.19627, -0.41125 ], [ 37.19656, -0.41075 ], [ 37.19698, -0.4102 ], [ 37.19746, -0.40956 ], [ 37.1979, -0.40904 ], [ 37.19815, -0.40856 ], [ 37.19832, -0.40801 ], [ 37.19847, -0.40739 ], [ 37.1986, -0.40674 ], [ 37.19861, -0.40621 ], [ 37.1986, -0.40576 ], [ 37.19856, -0.40525 ], [ 37.19834, -0.40463 ], [ 37.19809, -0.40414 ], [ 37.19767, -0.40369 ], [ 37.19737, -0.40341 ], [ 37.19699, -0.40325 ], [ 37.19643, -0.40325 ], [ 37.19543, -0.40327 ], [ 37.19429, -0.40341 ], [ 37.19358, -0.40356 ], [ 37.1931, -0.40377 ], [ 37.1927, -0.40398 ], [ 37.19231, -0.40437 ], [ 37.19194, -0.40482 ], [ 37.19155, -0.40532 ], [ 37.19121, -0.40576 ], [ 37.19086, -0.4061 ], [ 37.19053, -0.40634 ], [ 37.19025, -0.40638 ], [ 37.1899, -0.40636 ], [ 37.18956, -0.40629 ], [ 37.18922, -0.40625 ], [ 37.18883, -0.40622 ], [ 37.18856, -0.40622 ], [ 37.1882, -0.40632 ], [ 37.18792, -0.40655 ], [ 37.18762, -0.40683 ], [ 37.18734, -0.4071 ], [ 37.18717, -0.40729 ], [ 37.18701, -0.40751 ], [ 37.18689, -0.40765 ], [ 37.18664, -0.40787 ], [ 37.18636, -0.40785 ], [ 37.18601, -0.40785 ], [ 37.18569, -0.40787 ], [ 37.18536, -0.40789 ], [ 37.1851, -0.40789 ], [ 37.18477, -0.40787 ], [ 37.1843, -0.40776 ], [ 37.18402, -0.40772 ], [ 37.18365, -0.40768 ], [ 37.18295, -0.40778 ], [ 37.18244, -0.40793 ], [ 37.182, -0.40822 ], [ 37.18149, -0.40866 ], [ 37.18077, -0.40917 ], [ 37.18031, -0.40945 ], [ 37.1799, -0.40957 ], [ 37.17942, -0.40965 ], [ 37.17852, -0.40966 ], [ 37.17737, -0.40967 ], [ 37.17651, -0.40967 ], [ 37.17608, -0.40957 ], [ 37.17583, -0.40944 ], [ 37.17563, -0.40929 ], [ 37.17546, -0.40907 ], [ 37.17517, -0.40882 ], [ 37.17495, -0.4086 ], [ 37.17475, -0.40843 ], [ 37.17444, -0.40819 ], [ 37.17405, -0.4079 ], [ 37.17368, -0.40765 ], [ 37.17322, -0.40731 ], [ 37.17292, -0.4071 ], [ 37.17267, -0.40693 ], [ 37.17253, -0.40681 ], [ 37.17228, -0.40658 ], [ 37.17191, -0.4062 ], [ 37.17169, -0.40587 ], [ 37.17147, -0.40543 ], [ 37.17122, -0.40489 ], [ 37.17099, -0.40431 ], [ 37.17082, -0.4038 ], [ 37.17067, -0.4029 ], [ 37.1706, -0.40237 ], [ 37.17056, -0.40187 ], [ 37.17052, -0.40139 ], [ 37.17046, -0.4011 ], [ 37.17072, -0.40062 ], [ 37.17077, -0.40019 ], [ 37.17077, -0.39977 ], [ 37.17064, -0.3996 ], [ 37.17024, -0.39954 ], [ 37.16995, -0.39967 ], [ 37.16971, -0.39992 ], [ 37.1694, -0.40009 ], [ 37.16898, -0.40011 ], [ 37.16856, -0.40013 ], [ 37.16815, -0.40013 ], [ 37.16767, -0.40001 ], [ 37.16729, -0.39988 ], [ 37.16663, -0.39988 ], [ 37.16628, -0.39988 ], [ 37.16592, -0.40003 ], [ 37.16567, -0.39998 ], [ 37.16535, -0.39961 ], [ 37.16518, -0.39927 ], [ 37.16506, -0.39874 ], [ 37.16502, -0.39809 ], [ 37.16478, -0.3975 ], [ 37.16459, -0.39682 ], [ 37.16443, -0.39593 ], [ 37.16438, -0.39566 ], [ 37.16401, -0.39478 ], [ 37.16379, -0.39371 ], [ 37.16367, -0.39288 ], [ 37.16367, -0.39213 ], [ 37.16381, -0.39116 ], [ 37.16381, -0.3904 ], [ 37.16371, -0.38972 ], [ 37.16346, -0.38909 ], [ 37.16291, -0.3887 ], [ 37.16247, -0.38854 ], [ 37.16215, -0.38828 ], [ 37.16158, -0.38755 ], [ 37.16104, -0.38663 ], [ 37.16076, -0.38597 ], [ 37.16066, -0.3853 ], [ 37.16059, -0.38456 ], [ 37.16059, -0.38357 ], [ 37.16057, -0.38336 ], [ 37.16068, -0.38312 ], [ 37.1608, -0.3829 ], [ 37.16098, -0.38275 ], [ 37.16117, -0.38244 ], [ 37.16149, -0.38217 ], [ 37.16196, -0.38183 ], [ 37.16213, -0.38166 ], [ 37.16225, -0.38153 ], [ 37.16235, -0.38131 ], [ 37.1624, -0.38116 ], [ 37.16236, -0.38099 ], [ 37.1623, -0.38084 ], [ 37.1622, -0.38071 ], [ 37.16185, -0.38047 ], [ 37.16156, -0.3802 ], [ 37.16129, -0.38001 ], [ 37.16108, -0.37979 ], [ 37.16105, -0.37966 ], [ 37.16104, -0.3795 ], [ 37.16105, -0.37931 ], [ 37.16111, -0.37917 ], [ 37.1612, -0.37896 ], [ 37.1612, -0.37869 ], [ 37.16109, -0.37836 ], [ 37.16098, -0.37816 ], [ 37.16075, -0.3779 ], [ 37.16032, -0.3774 ], [ 37.15998, -0.37711 ], [ 37.15962, -0.3768 ], [ 37.159, -0.3762 ], [ 37.15844, -0.37572 ], [ 37.15828, -0.37556 ], [ 37.15807, -0.37542 ], [ 37.15779, -0.37526 ], [ 37.15731, -0.37504 ], [ 37.15695, -0.37487 ], [ 37.15674, -0.37483 ], [ 37.15654, -0.37483 ], [ 37.15631, -0.37488 ], [ 37.15607, -0.37502 ], [ 37.15586, -0.37514 ], [ 37.15571, -0.37523 ], [ 37.15534, -0.37549 ], [ 37.15506, -0.37568 ], [ 37.15471, -0.3759 ], [ 37.15441, -0.37604 ], [ 37.15411, -0.37617 ], [ 37.15378, -0.37627 ], [ 37.15348, -0.37637 ], [ 37.15334, -0.37641 ], [ 37.15306, -0.37649 ], [ 37.15282, -0.37655 ], [ 37.15253, -0.37664 ], [ 37.15227, -0.37672 ], [ 37.15186, -0.37694 ], [ 37.15142, -0.37715 ], [ 37.1511, -0.37731 ], [ 37.15088, -0.37739 ], [ 37.15053, -0.37749 ], [ 37.15011, -0.37758 ], [ 37.14973, -0.37759 ], [ 37.14948, -0.37759 ], [ 37.14913, -0.37759 ], [ 37.14869, -0.37753 ], [ 37.14835, -0.37745 ], [ 37.14802, -0.37745 ], [ 37.14775, -0.37745 ], [ 37.14743, -0.37749 ], [ 37.14704, -0.37754 ], [ 37.14625, -0.37772 ], [ 37.1457, -0.3778 ], [ 37.14516, -0.37788 ], [ 37.14475, -0.37796 ], [ 37.1444, -0.37807 ], [ 37.14413, -0.37818 ], [ 37.14395, -0.37828 ], [ 37.14367, -0.37845 ], [ 37.14334, -0.37858 ], [ 37.14314, -0.37865 ], [ 37.14286, -0.37873 ], [ 37.14256, -0.37873 ], [ 37.1422, -0.37874 ], [ 37.14181, -0.37869 ], [ 37.14165, -0.37863 ], [ 37.1415, -0.37848 ], [ 37.14141, -0.37831 ], [ 37.14136, -0.37807 ], [ 37.14131, -0.37766 ], [ 37.14131, -0.37743 ], [ 37.14126, -0.37712 ], [ 37.14121, -0.37694 ], [ 37.14108, -0.37671 ], [ 37.14094, -0.37654 ], [ 37.14077, -0.37634 ], [ 37.1406, -0.37607 ], [ 37.14045, -0.37574 ], [ 37.14022, -0.37534 ], [ 37.13997, -0.37496 ], [ 37.13964, -0.37469 ], [ 37.13955, -0.37497 ], [ 37.13956, -0.37523 ], [ 37.1396, -0.37552 ], [ 37.13968, -0.3757 ], [ 37.13981, -0.37608 ], [ 37.13998, -0.37652 ], [ 37.14017, -0.3771 ], [ 37.14039, -0.37759 ], [ 37.14064, -0.3781 ], [ 37.14093, -0.37871 ], [ 37.14109, -0.37913 ], [ 37.14113, -0.3795 ], [ 37.14114, -0.38012 ], [ 37.14109, -0.3806 ], [ 37.14094, -0.38097 ], [ 37.14078, -0.38135 ], [ 37.14057, -0.38179 ], [ 37.14033, -0.3822 ], [ 37.14013, -0.38258 ], [ 37.14, -0.38283 ], [ 37.13974, -0.38321 ], [ 37.13944, -0.38361 ], [ 37.1392, -0.38388 ], [ 37.13905, -0.38411 ], [ 37.13891, -0.38431 ], [ 37.13877, -0.38455 ], [ 37.13866, -0.38476 ], [ 37.13866, -0.38495 ], [ 37.13874, -0.38517 ], [ 37.1389, -0.38535 ], [ 37.13924, -0.38563 ], [ 37.13953, -0.38592 ], [ 37.13968, -0.38608 ], [ 37.13977, -0.38622 ], [ 37.13956, -0.38632 ], [ 37.13907, -0.38653 ], [ 37.13871, -0.38675 ], [ 37.13839, -0.38671 ], [ 37.13765, -0.38667 ], [ 37.13687, -0.38667 ], [ 37.13616, -0.38658 ], [ 37.13571, -0.38646 ], [ 37.13517, -0.38642 ], [ 37.13458, -0.38642 ], [ 37.13396, -0.38644 ], [ 37.13368, -0.38644 ], [ 37.13318, -0.38644 ], [ 37.1327, -0.38633 ], [ 37.13243, -0.38616 ], [ 37.13228, -0.38572 ], [ 37.13211, -0.38528 ], [ 37.13194, -0.38511 ], [ 37.13165, -0.38513 ], [ 37.13142, -0.38541 ], [ 37.13114, -0.38576 ], [ 37.13083, -0.38601 ], [ 37.13043, -0.38599 ], [ 37.13009, -0.38576 ], [ 37.12983, -0.38541 ], [ 37.12964, -0.38509 ], [ 37.12935, -0.38492 ], [ 37.1291, -0.38492 ], [ 37.12891, -0.38513 ], [ 37.12868, -0.38543 ], [ 37.12823, -0.3861 ], [ 37.1279, -0.38639 ], [ 37.12752, -0.38658 ], [ 37.12716, -0.38671 ], [ 37.12678, -0.38673 ], [ 37.12632, -0.38661 ], [ 37.12598, -0.38658 ], [ 37.12568, -0.38658 ], [ 37.12505, -0.38682 ], [ 37.12444, -0.38726 ], [ 37.12402, -0.38743 ], [ 37.12354, -0.38749 ], [ 37.12328, -0.38747 ], [ 37.12295, -0.3873 ], [ 37.12236, -0.38703 ], [ 37.12202, -0.38692 ], [ 37.12164, -0.38692 ], [ 37.12126, -0.38705 ], [ 37.12094, -0.38724 ], [ 37.12042, -0.38741 ], [ 37.12017, -0.38757 ], [ 37.11983, -0.38768 ], [ 37.11943, -0.38789 ], [ 37.11911, -0.38814 ], [ 37.11909, -0.38856 ], [ 37.11917, -0.38922 ], [ 37.11951, -0.38972 ], [ 37.11987, -0.39031 ], [ 37.11991, -0.39061 ], [ 37.11991, -0.39099 ], [ 37.11974, -0.3913 ], [ 37.11953, -0.39135 ], [ 37.11917, -0.39132 ], [ 37.11896, -0.39101 ], [ 37.11877, -0.39071 ], [ 37.11856, -0.39059 ], [ 37.11816, -0.39076 ], [ 37.11795, -0.39114 ], [ 37.11785, -0.39166 ], [ 37.11785, -0.39211 ], [ 37.11797, -0.39255 ], [ 37.11819, -0.39278 ], [ 37.11859, -0.39297 ], [ 37.11894, -0.39305 ], [ 37.11947, -0.3933 ], [ 37.1197, -0.39368 ], [ 37.11983, -0.39423 ], [ 37.11989, -0.39472 ], [ 37.1201, -0.39527 ], [ 37.12029, -0.39552 ], [ 37.12086, -0.39617 ], [ 37.12101, -0.3967 ], [ 37.12109, -0.39716 ], [ 37.12105, -0.39769 ], [ 37.12076, -0.39834 ], [ 37.12057, -0.3988 ], [ 37.12056, -0.39916 ], [ 37.1205, -0.39935 ], [ 37.1204, -0.39982 ], [ 37.12038, -0.40024 ], [ 37.12023, -0.40057 ], [ 37.11983, -0.40078 ], [ 37.11947, -0.40104 ], [ 37.11949, -0.40133 ], [ 37.1196, -0.40175 ], [ 37.11977, -0.40218 ], [ 37.11983, -0.40266 ], [ 37.11966, -0.40302 ], [ 37.11934, -0.40319 ], [ 37.11899, -0.40338 ], [ 37.11856, -0.40355 ], [ 37.11821, -0.40386 ], [ 37.11783, -0.40424 ], [ 37.1176, -0.4046 ], [ 37.11726, -0.40494 ], [ 37.11665, -0.40529 ], [ 37.11616, -0.4055 ], [ 37.11587, -0.40593 ], [ 37.11542, -0.4063 ], [ 37.11503, -0.40673 ], [ 37.11471, -0.40696 ], [ 37.11433, -0.40704 ], [ 37.11414, -0.40695 ], [ 37.11389, -0.40683 ], [ 37.1137, -0.40664 ], [ 37.11345, -0.40572 ], [ 37.11288, -0.40454 ], [ 37.1121, -0.40287 ], [ 37.11149, -0.4019 ], [ 37.11041, -0.40095 ], [ 37.11013, -0.40077 ], [ 37.10991, -0.40045 ], [ 37.10973, -0.40032 ], [ 37.10956, -0.40015 ], [ 37.10937, -0.40005 ], [ 37.1091, -0.39992 ], [ 37.10879, -0.39981 ], [ 37.10854, -0.3998 ], [ 37.10821, -0.3998 ], [ 37.10775, -0.39976 ], [ 37.10726, -0.39975 ], [ 37.10672, -0.39975 ], [ 37.10621, -0.39974 ], [ 37.10584, -0.39974 ], [ 37.10555, -0.3998 ], [ 37.10534, -0.39985 ], [ 37.10514, -0.39995 ], [ 37.10497, -0.40007 ], [ 37.10471, -0.40017 ], [ 37.1045, -0.4002 ], [ 37.10414, -0.40024 ], [ 37.10373, -0.40023 ], [ 37.10342, -0.40025 ], [ 37.10302, -0.40037 ], [ 37.10276, -0.40055 ], [ 37.10254, -0.4006 ], [ 37.10215, -0.40075 ], [ 37.1018, -0.40094 ], [ 37.10146, -0.40119 ], [ 37.10129, -0.40149 ], [ 37.10112, -0.40179 ], [ 37.10096, -0.40218 ], [ 37.10088, -0.40249 ], [ 37.10082, -0.40284 ], [ 37.10081, -0.40306 ], [ 37.10075, -0.40321 ], [ 37.1006, -0.40339 ], [ 37.10036, -0.40362 ], [ 37.1001, -0.40376 ], [ 37.09987, -0.4038 ], [ 37.09959, -0.40384 ], [ 37.09924, -0.40389 ], [ 37.09877, -0.40392 ], [ 37.09844, -0.40404 ], [ 37.09818, -0.40427 ], [ 37.09807, -0.40459 ], [ 37.098, -0.40481 ], [ 37.09802, -0.40511 ], [ 37.09793, -0.40536 ], [ 37.09783, -0.40567 ], [ 37.09768, -0.40593 ], [ 37.09751, -0.4061 ], [ 37.09729, -0.40627 ], [ 37.09708, -0.40644 ], [ 37.09682, -0.40672 ], [ 37.09656, -0.40707 ], [ 37.0964, -0.40737 ], [ 37.0963, -0.40768 ], [ 37.09619, -0.40806 ], [ 37.09614, -0.40846 ], [ 37.09612, -0.40873 ], [ 37.09608, -0.40887 ], [ 37.09589, -0.40902 ], [ 37.09556, -0.40919 ], [ 37.09531, -0.40928 ], [ 37.09499, -0.40941 ], [ 37.09469, -0.40958 ], [ 37.09443, -0.40981 ], [ 37.09424, -0.4101 ], [ 37.09406, -0.41044 ], [ 37.09381, -0.4109 ], [ 37.0935, -0.4114 ], [ 37.09332, -0.41176 ], [ 37.09309, -0.41209 ], [ 37.09299, -0.41239 ], [ 37.0928, -0.41278 ], [ 37.09267, -0.41304 ], [ 37.0925, -0.41323 ], [ 37.0923, -0.4134 ], [ 37.09209, -0.41349 ], [ 37.09185, -0.41356 ], [ 37.09135, -0.41372 ], [ 37.09094, -0.41384 ], [ 37.09055, -0.41396 ], [ 37.0902, -0.41406 ], [ 37.0897, -0.41424 ], [ 37.08943, -0.41438 ], [ 37.08913, -0.4146 ], [ 37.08885, -0.41483 ], [ 37.08867, -0.41505 ], [ 37.08845, -0.41533 ], [ 37.08823, -0.41554 ], [ 37.08804, -0.4157 ], [ 37.08785, -0.41578 ], [ 37.08766, -0.41582 ], [ 37.08738, -0.41582 ], [ 37.08701, -0.41582 ], [ 37.08649, -0.41588 ], [ 37.0861, -0.41593 ], [ 37.08638, -0.4167 ], [ 37.08653, -0.41756 ], [ 37.0866, -0.41812 ], [ 37.08662, -0.41876 ], [ 37.08662, -0.41915 ], [ 37.08665, -0.41932 ], [ 37.08663, -0.4195 ], [ 37.08666, -0.41966 ], [ 37.0867, -0.41996 ], [ 37.08686, -0.42075 ], [ 37.08722, -0.42166 ], [ 37.08741, -0.42216 ], [ 37.08775, -0.42277 ], [ 37.08787, -0.42339 ], [ 37.08807, -0.42399 ], [ 37.08821, -0.42471 ], [ 37.08838, -0.42516 ], [ 37.08849, -0.42555 ], [ 37.08864, -0.42595 ], [ 37.08873, -0.42615 ], [ 37.08876, -0.42635 ], [ 37.08886, -0.42669 ], [ 37.08893, -0.42697 ], [ 37.089, -0.42728 ], [ 37.08905, -0.42758 ], [ 37.0891, -0.42793 ], [ 37.08913, -0.42829 ], [ 37.08912, -0.42865 ], [ 37.0891, -0.42905 ], [ 37.08903, -0.42943 ], [ 37.08893, -0.42973 ], [ 37.08885, -0.42997 ], [ 37.08882, -0.43015 ], [ 37.08879, -0.4304 ], [ 37.08882, -0.43067 ], [ 37.08892, -0.43112 ], [ 37.0891, -0.43149 ], [ 37.08928, -0.43183 ], [ 37.08944, -0.43202 ], [ 37.08957, -0.43224 ], [ 37.08971, -0.43249 ], [ 37.08978, -0.43266 ], [ 37.08993, -0.4329 ], [ 37.09008, -0.43315 ], [ 37.09016, -0.4333 ], [ 37.09026, -0.43343 ], [ 37.09046, -0.43364 ], [ 37.09077, -0.43342 ], [ 37.09106, -0.43321 ], [ 37.09129, -0.43304 ], [ 37.09154, -0.43344 ], [ 37.09174, -0.43373 ], [ 37.09185, -0.43399 ], [ 37.09202, -0.43425 ], [ 37.09231, -0.43457 ], [ 37.0926, -0.43479 ], [ 37.09293, -0.43502 ], [ 37.09332, -0.43532 ], [ 37.09354, -0.43542 ], [ 37.09388, -0.43553 ], [ 37.09418, -0.43563 ], [ 37.09439, -0.43574 ], [ 37.09462, -0.43593 ], [ 37.09484, -0.43614 ], [ 37.09513, -0.43645 ], [ 37.09526, -0.43664 ], [ 37.09557, -0.43702 ], [ 37.09588, -0.43746 ], [ 37.09619, -0.43775 ], [ 37.09644, -0.43806 ], [ 37.09683, -0.43826 ], [ 37.09714, -0.43849 ], [ 37.09736, -0.43866 ], [ 37.09764, -0.4389 ], [ 37.09788, -0.43908 ], [ 37.09823, -0.43931 ], [ 37.09847, -0.43947 ], [ 37.09866, -0.43958 ], [ 37.0988, -0.4397 ], [ 37.09909, -0.4399 ], [ 37.09939, -0.44021 ], [ 37.09977, -0.44063 ], [ 37.10019, -0.44109 ], [ 37.10056, -0.44148 ], [ 37.10077, -0.4418 ], [ 37.10082, -0.44212 ], [ 37.10081, -0.44252 ], [ 37.10079, -0.44278 ], [ 37.10067, -0.44314 ], [ 37.10067, -0.44367 ], [ 37.10065, -0.44399 ], [ 37.10065, -0.44421 ], [ 37.10077, -0.44445 ], [ 37.10102, -0.44466 ], [ 37.10135, -0.44484 ], [ 37.10169, -0.44501 ], [ 37.10209, -0.44521 ], [ 37.10247, -0.44536 ], [ 37.10304, -0.44557 ], [ 37.10341, -0.44574 ], [ 37.10373, -0.44587 ], [ 37.10423, -0.44611 ], [ 37.1046, -0.44635 ], [ 37.10503, -0.44673 ], [ 37.10523, -0.44688 ], [ 37.10535, -0.44713 ], [ 37.10546, -0.44748 ], [ 37.10557, -0.4479 ], [ 37.10575, -0.44845 ], [ 37.10593, -0.44894 ], [ 37.10615, -0.44934 ], [ 37.10644, -0.44984 ], [ 37.10672, -0.45031 ], [ 37.10692, -0.45069 ], [ 37.10715, -0.45103 ], [ 37.10748, -0.45147 ], [ 37.10779, -0.45202 ], [ 37.10806, -0.45248 ], [ 37.10832, -0.4529 ], [ 37.10856, -0.45328 ], [ 37.10876, -0.45383 ], [ 37.10864, -0.45399 ], [ 37.10846, -0.45421 ], [ 37.10827, -0.4544 ], [ 37.10801, -0.45466 ], [ 37.10781, -0.4549 ], [ 37.10762, -0.45514 ], [ 37.1075, -0.45537 ], [ 37.10726, -0.4557 ], [ 37.10713, -0.45588 ], [ 37.10698, -0.45607 ], [ 37.10664, -0.45639 ], [ 37.10634, -0.4567 ], [ 37.10601, -0.45706 ], [ 37.10581, -0.45726 ], [ 37.10555, -0.45739 ], [ 37.10531, -0.45743 ], [ 37.10498, -0.45753 ], [ 37.10466, -0.45772 ], [ 37.10447, -0.45792 ], [ 37.10422, -0.45827 ], [ 37.10404, -0.45847 ], [ 37.10373, -0.4588 ], [ 37.10354, -0.45901 ], [ 37.10343, -0.45912 ], [ 37.10332, -0.45932 ], [ 37.10323, -0.4595 ], [ 37.10319, -0.45965 ], [ 37.10317, -0.45992 ], [ 37.10314, -0.46047 ], [ 37.10316, -0.46126 ], [ 37.10314, -0.46153 ], [ 37.10308, -0.46175 ], [ 37.10302, -0.46196 ], [ 37.10287, -0.46225 ], [ 37.10268, -0.46254 ], [ 37.10248, -0.46285 ], [ 37.10228, -0.46316 ], [ 37.10221, -0.46337 ], [ 37.10216, -0.46367 ], [ 37.10215, -0.46415 ], [ 37.10214, -0.46455 ], [ 37.10218, -0.4651 ], [ 37.10222, -0.46576 ], [ 37.10219, -0.46664 ], [ 37.10219, -0.46725 ], [ 37.10215, -0.46762 ], [ 37.10213, -0.4678 ], [ 37.10203, -0.46864 ], [ 37.10198, -0.46914 ], [ 37.10197, -0.46979 ], [ 37.10193, -0.47062 ], [ 37.10192, -0.4714 ], [ 37.10188, -0.47243 ], [ 37.10185, -0.47265 ], [ 37.10178, -0.47334 ], [ 37.10177, -0.47381 ], [ 37.10177, -0.47406 ], [ 37.10178, -0.47432 ], [ 37.10179, -0.47492 ], [ 37.10177, -0.47551 ], [ 37.10175, -0.47589 ], [ 37.10171, -0.47618 ], [ 37.10163, -0.4766 ], [ 37.10151, -0.47706 ], [ 37.1014, -0.47745 ], [ 37.10123, -0.47791 ], [ 37.10115, -0.47823 ], [ 37.10104, -0.47844 ], [ 37.10099, -0.47869 ], [ 37.10089, -0.47904 ], [ 37.10084, -0.47943 ], [ 37.10072, -0.47975 ], [ 37.10059, -0.47995 ], [ 37.10044, -0.48013 ], [ 37.10061, -0.48011 ], [ 37.10096, -0.48007 ], [ 37.10137, -0.48022 ], [ 37.10191, -0.48047 ], [ 37.10231, -0.48066 ], [ 37.10268, -0.48093 ], [ 37.10307, -0.48118 ], [ 37.10332, -0.48133 ], [ 37.10369, -0.48158 ], [ 37.10394, -0.4819 ], [ 37.10433, -0.48242 ], [ 37.10448, -0.48276 ], [ 37.10449, -0.48289 ], [ 37.10448, -0.48311 ], [ 37.10445, -0.48336 ], [ 37.10436, -0.4838 ], [ 37.10414, -0.48454 ], [ 37.10396, -0.48504 ], [ 37.10381, -0.48544 ], [ 37.10353, -0.48609 ], [ 37.10352, -0.48637 ], [ 37.10344, -0.4867 ], [ 37.10334, -0.48704 ], [ 37.10319, -0.48739 ], [ 37.10309, -0.48764 ], [ 37.10308, -0.48806 ], [ 37.10299, -0.48859 ], [ 37.10291, -0.48892 ], [ 37.10274, -0.48938 ], [ 37.10267, -0.48973 ], [ 37.10259, -0.49009 ], [ 37.10249, -0.49035 ], [ 37.10237, -0.49054 ], [ 37.10224, -0.49071 ], [ 37.10205, -0.49089 ], [ 37.10189, -0.49101 ], [ 37.10169, -0.4913 ], [ 37.10152, -0.49155 ], [ 37.10145, -0.49177 ], [ 37.10145, -0.49202 ], [ 37.10145, -0.49227 ], [ 37.10143, -0.49248 ], [ 37.1014, -0.49262 ], [ 37.10136, -0.49282 ], [ 37.10128, -0.49322 ], [ 37.10115, -0.49341 ], [ 37.10093, -0.4937 ], [ 37.10065, -0.49398 ], [ 37.10046, -0.49414 ], [ 37.10033, -0.49429 ], [ 37.10025, -0.49446 ], [ 37.10015, -0.49466 ], [ 37.10003, -0.49481 ], [ 37.09987, -0.49493 ], [ 37.09962, -0.49511 ], [ 37.09935, -0.49527 ], [ 37.09921, -0.49546 ], [ 37.09915, -0.49561 ], [ 37.09915, -0.49575 ], [ 37.09918, -0.4959 ], [ 37.09931, -0.49595 ], [ 37.09959, -0.49595 ], [ 37.09989, -0.49587 ], [ 37.10029, -0.49574 ], [ 37.1005, -0.49563 ], [ 37.10072, -0.49559 ], [ 37.10104, -0.49558 ], [ 37.10126, -0.49562 ], [ 37.10144, -0.49571 ], [ 37.10159, -0.49587 ], [ 37.10164, -0.49618 ], [ 37.1017, -0.49655 ], [ 37.10171, -0.49681 ], [ 37.10179, -0.49717 ], [ 37.10186, -0.49748 ], [ 37.102, -0.49785 ], [ 37.10219, -0.49821 ], [ 37.1024, -0.49854 ], [ 37.10258, -0.49884 ], [ 37.10278, -0.49914 ], [ 37.10284, -0.49935 ], [ 37.10286, -0.4996 ], [ 37.10289, -0.49993 ], [ 37.10294, -0.50023 ], [ 37.10304, -0.50048 ], [ 37.10313, -0.50067 ], [ 37.10321, -0.50085 ], [ 37.10327, -0.50103 ], [ 37.1033, -0.50124 ], [ 37.10327, -0.50141 ], [ 37.10317, -0.50162 ], [ 37.10305, -0.50178 ], [ 37.10281, -0.50195 ], [ 37.1025, -0.50203 ], [ 37.10224, -0.50213 ], [ 37.10193, -0.50226 ], [ 37.10139, -0.5025 ], [ 37.10114, -0.50262 ], [ 37.10095, -0.50271 ], [ 37.10072, -0.50286 ], [ 37.10052, -0.50302 ], [ 37.10031, -0.50315 ], [ 37.10006, -0.5034 ], [ 37.0999, -0.50362 ], [ 37.09984, -0.50377 ], [ 37.09977, -0.50411 ], [ 37.09976, -0.50435 ], [ 37.1, -0.50464 ], [ 37.10028, -0.50494 ], [ 37.10045, -0.50509 ], [ 37.10065, -0.50535 ], [ 37.10074, -0.50555 ], [ 37.10076, -0.50568 ], [ 37.10072, -0.50581 ], [ 37.10065, -0.50594 ], [ 37.10061, -0.50608 ], [ 37.10062, -0.50625 ], [ 37.10055, -0.50639 ], [ 37.10038, -0.50641 ], [ 37.10016, -0.50643 ], [ 37.10002, -0.50646 ], [ 37.09978, -0.50652 ], [ 37.09959, -0.50668 ], [ 37.09951, -0.50687 ], [ 37.09949, -0.50716 ], [ 37.09949, -0.50744 ], [ 37.09948, -0.50767 ], [ 37.09948, -0.5079 ], [ 37.09947, -0.50811 ], [ 37.09943, -0.50828 ], [ 37.09936, -0.50847 ], [ 37.09925, -0.50865 ], [ 37.09913, -0.50879 ], [ 37.09898, -0.50903 ], [ 37.09891, -0.50917 ], [ 37.0989, -0.50937 ], [ 37.09895, -0.50961 ], [ 37.09899, -0.50982 ], [ 37.09909, -0.51006 ], [ 37.09929, -0.51034 ], [ 37.09951, -0.51071 ], [ 37.09965, -0.51097 ], [ 37.09976, -0.51117 ], [ 37.09995, -0.51154 ], [ 37.10015, -0.51193 ], [ 37.10025, -0.51214 ], [ 37.10031, -0.51232 ], [ 37.10032, -0.51251 ], [ 37.10032, -0.51271 ], [ 37.10032, -0.51291 ], [ 37.1003, -0.51316 ], [ 37.10031, -0.51336 ], [ 37.10048, -0.51351 ], [ 37.10075, -0.51381 ], [ 37.10113, -0.51432 ], [ 37.10139, -0.51467 ], [ 37.10158, -0.51487 ], [ 37.10174, -0.51502 ], [ 37.10188, -0.51507 ], [ 37.10207, -0.51511 ], [ 37.10226, -0.51516 ], [ 37.10246, -0.5152 ], [ 37.10259, -0.51536 ], [ 37.10264, -0.51555 ], [ 37.10263, -0.51576 ], [ 37.10257, -0.51591 ], [ 37.10249, -0.51602 ], [ 37.10239, -0.51617 ], [ 37.10227, -0.51636 ], [ 37.10223, -0.51665 ], [ 37.10225, -0.517 ], [ 37.10225, -0.51724 ], [ 37.10217, -0.51739 ], [ 37.10202, -0.51749 ], [ 37.10187, -0.51762 ], [ 37.10175, -0.51775 ], [ 37.10173, -0.51791 ], [ 37.10172, -0.51831 ], [ 37.10164, -0.51871 ], [ 37.10156, -0.51895 ], [ 37.10149, -0.51911 ], [ 37.1013, -0.51925 ], [ 37.10114, -0.51936 ], [ 37.10101, -0.51956 ], [ 37.10094, -0.51973 ], [ 37.10085, -0.51987 ], [ 37.10079, -0.52012 ], [ 37.10068, -0.52035 ], [ 37.10051, -0.52044 ], [ 37.10035, -0.52047 ], [ 37.10015, -0.52047 ], [ 37.09993, -0.52061 ], [ 37.09979, -0.52067 ], [ 37.09964, -0.52061 ], [ 37.09952, -0.5205 ], [ 37.09939, -0.52047 ], [ 37.09925, -0.52048 ], [ 37.09904, -0.52062 ], [ 37.09874, -0.52087 ], [ 37.09855, -0.52104 ], [ 37.0984, -0.52112 ], [ 37.09822, -0.52112 ], [ 37.09812, -0.52102 ], [ 37.09803, -0.52092 ], [ 37.09787, -0.52082 ], [ 37.09766, -0.52082 ], [ 37.0975, -0.52082 ], [ 37.09732, -0.52072 ], [ 37.09719, -0.52062 ], [ 37.09698, -0.52057 ], [ 37.0967, -0.52066 ], [ 37.09644, -0.5208 ], [ 37.09622, -0.52092 ], [ 37.09597, -0.52106 ], [ 37.09581, -0.52121 ], [ 37.09569, -0.5213 ], [ 37.09574, -0.52133 ], [ 37.0958, -0.52135 ], [ 37.09588, -0.52156 ], [ 37.09586, -0.52189 ], [ 37.09576, -0.52211 ], [ 37.09564, -0.5223 ], [ 37.09543, -0.5225 ], [ 37.09504, -0.52286 ], [ 37.09453, -0.52336 ], [ 37.09413, -0.52367 ], [ 37.09369, -0.52397 ], [ 37.09317, -0.5243 ], [ 37.09245, -0.52484 ], [ 37.09194, -0.52525 ], [ 37.09164, -0.52553 ], [ 37.09144, -0.52569 ], [ 37.09128, -0.52594 ], [ 37.09112, -0.52608 ], [ 37.09078, -0.52658 ], [ 37.09008, -0.52741 ], [ 37.08942, -0.52822 ], [ 37.08907, -0.52867 ], [ 37.08884, -0.52898 ], [ 37.08871, -0.52912 ], [ 37.08849, -0.52931 ], [ 37.08843, -0.52918 ], [ 37.08833, -0.52905 ], [ 37.08823, -0.52893 ], [ 37.0881, -0.52878 ], [ 37.08789, -0.52864 ], [ 37.08774, -0.52856 ], [ 37.0876, -0.52848 ], [ 37.08742, -0.5284 ], [ 37.08728, -0.52835 ], [ 37.08713, -0.5283 ], [ 37.08699, -0.52822 ], [ 37.08687, -0.52812 ], [ 37.08672, -0.52806 ], [ 37.08657, -0.52808 ], [ 37.08643, -0.52817 ], [ 37.08624, -0.52825 ], [ 37.08605, -0.52818 ], [ 37.08586, -0.52801 ], [ 37.08574, -0.52786 ], [ 37.08561, -0.52766 ], [ 37.08557, -0.5276 ], [ 37.08555, -0.52755 ], [ 37.08554, -0.52725 ], [ 37.08553, -0.5269 ], [ 37.08553, -0.52648 ], [ 37.08548, -0.52604 ], [ 37.08548, -0.52575 ], [ 37.0855, -0.52564 ], [ 37.08551, -0.52539 ], [ 37.08553, -0.52518 ], [ 37.08553, -0.52513 ], [ 37.08552, -0.52491 ], [ 37.0855, -0.52472 ], [ 37.08546, -0.52452 ], [ 37.0854, -0.52437 ], [ 37.08533, -0.52419 ], [ 37.08528, -0.52407 ], [ 37.08527, -0.52402 ], [ 37.0852, -0.52388 ], [ 37.08519, -0.52387 ], [ 37.08508, -0.52362 ], [ 37.08508, -0.52361 ], [ 37.08484, -0.5232 ], [ 37.08469, -0.523 ], [ 37.08452, -0.52288 ], [ 37.08432, -0.52289 ], [ 37.08407, -0.52293 ], [ 37.08391, -0.52295 ], [ 37.08391, -0.52295 ], [ 37.08368, -0.52297 ], [ 37.08325, -0.52297 ], [ 37.08287, -0.52297 ], [ 37.08244, -0.52306 ], [ 37.08208, -0.52306 ], [ 37.08174, -0.52294 ], [ 37.08142, -0.52283 ], [ 37.08111, -0.52261 ], [ 37.08094, -0.52243 ], [ 37.08076, -0.52224 ], [ 37.08073, -0.5221 ], [ 37.08071, -0.522 ], [ 37.08089, -0.52154 ], [ 37.08116, -0.52131 ], [ 37.0815, -0.52103 ], [ 37.08172, -0.52068 ], [ 37.08192, -0.52031 ], [ 37.0821, -0.52002 ], [ 37.08236, -0.51979 ], [ 37.08246, -0.51962 ], [ 37.08263, -0.51948 ], [ 37.08276, -0.5194 ], [ 37.08286, -0.5193 ], [ 37.08297, -0.51919 ], [ 37.08302, -0.5191 ], [ 37.08309, -0.51898 ], [ 37.08312, -0.51893 ], [ 37.08312, -0.51883 ], [ 37.08303, -0.51872 ], [ 37.08297, -0.51866 ], [ 37.08281, -0.51846 ], [ 37.0827, -0.51833 ], [ 37.08263, -0.5182 ], [ 37.08257, -0.51803 ], [ 37.08251, -0.51791 ], [ 37.08249, -0.51781 ], [ 37.08247, -0.51776 ], [ 37.08241, -0.51764 ], [ 37.08236, -0.51758 ], [ 37.08234, -0.51757 ], [ 37.08222, -0.51736 ], [ 37.0822, -0.51733 ], [ 37.08214, -0.51717 ], [ 37.08204, -0.51701 ], [ 37.08193, -0.51685 ], [ 37.0819, -0.51681 ], [ 37.08166, -0.51629 ], [ 37.08152, -0.51611 ], [ 37.08132, -0.51597 ], [ 37.08098, -0.51585 ], [ 37.08071, -0.51581 ], [ 37.08063, -0.5158 ], [ 37.08028, -0.51574 ], [ 37.07981, -0.51576 ], [ 37.07938, -0.51576 ], [ 37.07901, -0.51576 ], [ 37.0788, -0.5157 ], [ 37.0786, -0.51555 ], [ 37.07855, -0.51546 ], [ 37.07847, -0.51533 ], [ 37.07847, -0.51529 ], [ 37.07844, -0.5152 ], [ 37.07833, -0.51501 ], [ 37.07826, -0.51493 ], [ 37.07822, -0.51486 ], [ 37.07809, -0.51467 ], [ 37.07792, -0.51455 ], [ 37.07754, -0.51435 ], [ 37.07708, -0.51407 ], [ 37.07665, -0.51382 ], [ 37.07602, -0.51347 ], [ 37.07567, -0.51329 ], [ 37.07526, -0.51307 ], [ 37.07467, -0.51277 ], [ 37.07422, -0.51251 ], [ 37.07389, -0.51231 ], [ 37.0736, -0.51218 ], [ 37.07333, -0.51213 ], [ 37.07301, -0.51213 ], [ 37.0727, -0.51214 ], [ 37.07239, -0.51226 ], [ 37.07214, -0.51241 ], [ 37.07194, -0.51253 ], [ 37.07172, -0.51275 ], [ 37.07145, -0.51303 ], [ 37.07115, -0.51326 ], [ 37.07099, -0.51338 ], [ 37.07082, -0.51343 ], [ 37.0706, -0.51343 ], [ 37.07046, -0.51342 ], [ 37.07034, -0.51337 ], [ 37.0703, -0.51332 ], [ 37.07022, -0.51316 ], [ 37.07013, -0.51292 ], [ 37.07009, -0.51272 ], [ 37.07004, -0.51258 ], [ 37.06989, -0.51236 ], [ 37.06987, -0.51232 ], [ 37.06979, -0.51217 ], [ 37.0697, -0.51195 ], [ 37.06961, -0.51168 ], [ 37.06951, -0.51146 ], [ 37.06945, -0.51129 ], [ 37.06932, -0.51108 ], [ 37.06925, -0.51097 ], [ 37.06922, -0.51098 ], [ 37.06922, -0.51097 ], [ 37.06924, -0.51096 ], [ 37.06919, -0.51088 ], [ 37.06904, -0.51066 ], [ 37.06893, -0.51054 ], [ 37.06889, -0.51049 ], [ 37.06879, -0.51036 ], [ 37.06873, -0.51028 ], [ 37.06855, -0.5101 ], [ 37.06836, -0.50991 ], [ 37.06816, -0.50969 ], [ 37.06801, -0.50955 ], [ 37.06785, -0.50941 ], [ 37.0676, -0.50923 ], [ 37.06747, -0.50912 ], [ 37.06741, -0.50905 ], [ 37.0673, -0.50892 ], [ 37.06716, -0.50876 ], [ 37.06707, -0.50866 ], [ 37.06699, -0.5084 ], [ 37.06683, -0.50802 ], [ 37.06679, -0.5079 ], [ 37.06669, -0.50774 ], [ 37.06664, -0.50763 ], [ 37.06658, -0.50744 ], [ 37.06649, -0.50729 ], [ 37.06638, -0.50715 ], [ 37.06624, -0.5069 ], [ 37.06616, -0.50675 ], [ 37.06613, -0.50668 ], [ 37.06612, -0.50666 ], [ 37.06607, -0.50654 ], [ 37.06597, -0.5063 ], [ 37.06587, -0.50605 ], [ 37.06577, -0.50584 ], [ 37.06572, -0.50576 ], [ 37.06549, -0.5054 ], [ 37.06543, -0.50524 ], [ 37.06536, -0.50511 ], [ 37.06527, -0.50487 ], [ 37.06521, -0.50473 ], [ 37.06515, -0.50462 ], [ 37.06507, -0.50441 ], [ 37.065, -0.50422 ], [ 37.0649, -0.50407 ], [ 37.06479, -0.50392 ], [ 37.06467, -0.50376 ], [ 37.06461, -0.50369 ], [ 37.06454, -0.50336 ], [ 37.06453, -0.50329 ], [ 37.06451, -0.50316 ], [ 37.06444, -0.50302 ], [ 37.06433, -0.50287 ], [ 37.06428, -0.50283 ], [ 37.06424, -0.5028 ], [ 37.06415, -0.50269 ], [ 37.06409, -0.5026 ], [ 37.06408, -0.50246 ], [ 37.06408, -0.50221 ], [ 37.06408, -0.50213 ], [ 37.0641, -0.50203 ], [ 37.06411, -0.50196 ], [ 37.06414, -0.50181 ], [ 37.06421, -0.5016 ], [ 37.06427, -0.50137 ], [ 37.0643, -0.50116 ], [ 37.06433, -0.50092 ], [ 37.06434, -0.50085 ], [ 37.06441, -0.50055 ], [ 37.06444, -0.50018 ], [ 37.0643, -0.49986 ], [ 37.06408, -0.49964 ], [ 37.06403, -0.49959 ], [ 37.06403, -0.49959 ], [ 37.06403, -0.49959 ], [ 37.06402, -0.49959 ], [ 37.06393, -0.49956 ], [ 37.0638, -0.49953 ], [ 37.06355, -0.49953 ], [ 37.06331, -0.4995 ], [ 37.06311, -0.49945 ], [ 37.06294, -0.49937 ], [ 37.06271, -0.49916 ], [ 37.06271, -0.49914 ], [ 37.06265, -0.49906 ], [ 37.06255, -0.49891 ], [ 37.0625, -0.4988 ], [ 37.06247, -0.49873 ], [ 37.06235, -0.49851 ], [ 37.06222, -0.4982 ], [ 37.06215, -0.49808 ], [ 37.06206, -0.49798 ], [ 37.06205, -0.49797 ], [ 37.06177, -0.49769 ], [ 37.06155, -0.49744 ], [ 37.06144, -0.49733 ], [ 37.06136, -0.49725 ], [ 37.06134, -0.49723 ], [ 37.06133, -0.49721 ], [ 37.06121, -0.49708 ], [ 37.06106, -0.4968 ], [ 37.06102, -0.49673 ], [ 37.06094, -0.4966 ], [ 37.06083, -0.49646 ], [ 37.06067, -0.4963 ], [ 37.06055, -0.49622 ], [ 37.06041, -0.49611 ], [ 37.06005, -0.496 ], [ 37.05997, -0.496 ], [ 37.05995, -0.496 ], [ 37.05976, -0.49598 ], [ 37.05955, -0.49597 ], [ 37.05947, -0.49595 ], [ 37.05931, -0.4959 ], [ 37.05927, -0.49589 ], [ 37.05897, -0.49587 ], [ 37.05874, -0.49587 ], [ 37.05859, -0.49582 ], [ 37.05835, -0.4957 ], [ 37.05824, -0.49556 ], [ 37.05818, -0.4955 ], [ 37.05813, -0.49542 ], [ 37.05792, -0.4952 ], [ 37.05778, -0.49509 ], [ 37.05767, -0.49501 ], [ 37.05727, -0.49476 ], [ 37.05704, -0.49458 ], [ 37.05685, -0.49433 ], [ 37.05679, -0.49414 ], [ 37.05682, -0.49379 ], [ 37.05689, -0.4935 ], [ 37.05705, -0.49319 ], [ 37.05725, -0.49277 ], [ 37.05757, -0.49229 ], [ 37.05768, -0.49218 ], [ 37.05791, -0.49203 ], [ 37.05829, -0.49182 ], [ 37.05838, -0.49172 ], [ 37.05839, -0.49171 ], [ 37.05849, -0.49165 ], [ 37.05859, -0.49148 ], [ 37.0586, -0.49126 ], [ 37.05852, -0.49106 ], [ 37.05826, -0.4909 ], [ 37.05799, -0.49084 ], [ 37.05746, -0.49073 ], [ 37.05719, -0.49068 ], [ 37.05696, -0.49064 ], [ 37.05679, -0.49063 ], [ 37.05654, -0.49062 ], [ 37.05604, -0.49059 ], [ 37.0557, -0.49059 ], [ 37.0554, -0.4906 ], [ 37.05522, -0.49068 ], [ 37.05512, -0.49073 ], [ 37.05493, -0.49093 ], [ 37.05486, -0.49109 ], [ 37.05474, -0.49136 ], [ 37.05458, -0.49152 ], [ 37.05443, -0.49158 ], [ 37.05428, -0.4916 ], [ 37.05397, -0.49162 ], [ 37.05336, -0.49162 ], [ 37.05282, -0.49163 ], [ 37.05214, -0.49163 ], [ 37.05179, -0.49156 ], [ 37.05153, -0.49149 ], [ 37.05132, -0.49141 ], [ 37.05105, -0.49141 ], [ 37.0508, -0.49141 ], [ 37.05058, -0.49146 ], [ 37.0504, -0.49154 ], [ 37.05014, -0.49164 ], [ 37.04986, -0.49171 ], [ 37.04955, -0.49171 ], [ 37.04927, -0.49171 ], [ 37.04922, -0.49171 ], [ 37.04921, -0.49171 ], [ 37.04904, -0.49169 ], [ 37.04883, -0.4916 ], [ 37.04862, -0.49147 ], [ 37.04835, -0.49129 ], [ 37.04821, -0.49117 ], [ 37.04808, -0.49106 ], [ 37.04782, -0.49074 ], [ 37.04762, -0.49039 ], [ 37.04737, -0.48985 ], [ 37.04714, -0.48945 ], [ 37.04675, -0.48884 ], [ 37.04636, -0.4882 ], [ 37.04612, -0.48779 ], [ 37.04602, -0.48756 ], [ 37.04599, -0.48736 ], [ 37.04601, -0.48719 ], [ 37.04601, -0.48712 ], [ 37.04603, -0.48709 ], [ 37.04612, -0.48695 ], [ 37.04643, -0.48677 ], [ 37.04691, -0.48659 ], [ 37.04776, -0.48623 ], [ 37.04849, -0.48598 ], [ 37.04922, -0.48566 ], [ 37.04979, -0.48545 ], [ 37.05014, -0.48532 ], [ 37.05033, -0.48528 ], [ 37.05038, -0.48527 ], [ 37.05065, -0.48526 ], [ 37.05087, -0.48525 ], [ 37.0511, -0.48523 ], [ 37.05132, -0.48513 ], [ 37.05144, -0.48495 ], [ 37.05148, -0.48475 ], [ 37.05151, -0.48459 ], [ 37.05152, -0.48399 ], [ 37.05157, -0.48352 ], [ 37.0516, -0.48337 ], [ 37.05164, -0.48321 ], [ 37.05185, -0.48288 ], [ 37.05208, -0.48265 ], [ 37.05241, -0.48235 ], [ 37.05252, -0.48216 ], [ 37.05253, -0.48202 ], [ 37.0525, -0.48177 ], [ 37.05249, -0.48163 ], [ 37.05242, -0.48151 ], [ 37.05226, -0.48137 ], [ 37.0522, -0.48118 ], [ 37.05213, -0.48103 ], [ 37.05201, -0.48088 ], [ 37.05189, -0.4808 ], [ 37.0517, -0.48072 ], [ 37.05141, -0.48073 ], [ 37.05115, -0.48089 ], [ 37.05101, -0.48103 ], [ 37.05085, -0.48127 ], [ 37.05066, -0.48165 ], [ 37.0506, -0.48173 ], [ 37.05046, -0.48178 ], [ 37.05022, -0.48183 ], [ 37.05005, -0.48185 ], [ 37.04992, -0.4818 ], [ 37.04965, -0.48171 ], [ 37.04946, -0.4816 ], [ 37.04928, -0.48147 ], [ 37.04915, -0.48132 ], [ 37.0491, -0.4812 ], [ 37.0491, -0.481 ], [ 37.04909, -0.48074 ], [ 37.04914, -0.48048 ], [ 37.04928, -0.48016 ], [ 37.04947, -0.47981 ], [ 37.04961, -0.47954 ], [ 37.04969, -0.47937 ], [ 37.04986, -0.47892 ], [ 37.04992, -0.4788 ], [ 37.05005, -0.47852 ], [ 37.05007, -0.47847 ], [ 37.0503, -0.478 ], [ 37.05065, -0.47753 ], [ 37.05106, -0.47704 ], [ 37.05152, -0.4766 ], [ 37.05189, -0.47625 ], [ 37.05224, -0.47594 ], [ 37.0527, -0.4754 ], [ 37.05305, -0.47493 ], [ 37.05314, -0.47481 ], [ 37.05317, -0.47485 ], [ 37.05325, -0.47472 ], [ 37.05337, -0.47457 ], [ 37.05355, -0.47438 ], [ 37.05377, -0.47418 ], [ 37.05408, -0.47384 ], [ 37.05414, -0.47378 ], [ 37.05448, -0.4738 ], [ 37.05462, -0.47384 ], [ 37.05483, -0.4739 ], [ 37.0551, -0.4739 ], [ 37.05526, -0.47378 ], [ 37.05527, -0.47377 ], [ 37.05527, -0.47374 ], [ 37.05533, -0.47363 ], [ 37.05533, -0.47342 ], [ 37.05532, -0.47322 ], [ 37.05524, -0.47302 ], [ 37.05522, -0.47295 ], [ 37.05519, -0.47293 ], [ 37.05515, -0.47288 ], [ 37.05508, -0.47273 ], [ 37.05505, -0.47258 ], [ 37.05503, -0.47251 ], [ 37.05501, -0.47247 ], [ 37.05501, -0.47247 ], [ 37.05493, -0.47212 ], [ 37.0549, -0.47191 ], [ 37.0549, -0.47189 ], [ 37.05487, -0.47169 ], [ 37.05487, -0.47168 ], [ 37.05484, -0.47138 ], [ 37.05473, -0.47113 ], [ 37.0546, -0.47093 ], [ 37.05448, -0.47085 ], [ 37.0542, -0.47083 ], [ 37.05401, -0.47084 ], [ 37.05385, -0.47093 ], [ 37.05355, -0.47118 ], [ 37.05323, -0.47152 ], [ 37.05317, -0.47161 ], [ 37.05309, -0.47172 ], [ 37.05308, -0.47195 ], [ 37.05309, -0.47226 ], [ 37.05305, -0.47262 ], [ 37.05297, -0.47285 ], [ 37.05287, -0.47305 ], [ 37.05273, -0.47338 ], [ 37.05259, -0.47347 ], [ 37.05223, -0.47362 ], [ 37.05189, -0.47369 ], [ 37.05153, -0.47374 ], [ 37.05114, -0.47383 ], [ 37.05065, -0.47385 ], [ 37.0502, -0.47384 ], [ 37.04976, -0.47374 ], [ 37.04923, -0.47353 ], [ 37.04884, -0.47333 ], [ 37.04852, -0.47311 ], [ 37.04826, -0.47287 ], [ 37.04803, -0.4726 ], [ 37.04788, -0.47241 ], [ 37.04781, -0.47215 ], [ 37.04781, -0.47183 ], [ 37.04787, -0.47155 ], [ 37.04792, -0.47142 ], [ 37.04799, -0.47124 ], [ 37.04799, -0.47124 ], [ 37.048, -0.47123 ], [ 37.048, -0.47123 ], [ 37.04815, -0.47054 ], [ 37.04823, -0.47038 ], [ 37.04823, -0.47037 ], [ 37.04825, -0.47035 ], [ 37.04848, -0.47019 ], [ 37.04868, -0.47006 ], [ 37.04894, -0.46993 ], [ 37.04913, -0.46982 ], [ 37.04948, -0.46965 ], [ 37.04991, -0.46963 ], [ 37.05012, -0.46962 ], [ 37.0503, -0.46953 ], [ 37.05047, -0.46943 ], [ 37.05066, -0.46934 ], [ 37.05088, -0.46915 ], [ 37.05112, -0.46889 ], [ 37.05138, -0.46863 ], [ 37.05157, -0.46843 ], [ 37.05175, -0.46824 ], [ 37.05193, -0.46803 ], [ 37.05209, -0.46784 ], [ 37.05221, -0.46769 ], [ 37.05236, -0.46732 ], [ 37.05236, -0.46711 ], [ 37.05235, -0.46704 ], [ 37.05235, -0.46692 ], [ 37.05228, -0.46669 ], [ 37.05215, -0.4665 ], [ 37.05204, -0.46629 ], [ 37.05186, -0.46604 ], [ 37.05163, -0.46579 ], [ 37.05134, -0.46554 ], [ 37.05121, -0.46536 ], [ 37.05117, -0.46528 ], [ 37.0511, -0.4651 ], [ 37.05105, -0.46492 ], [ 37.05096, -0.46473 ], [ 37.05091, -0.46467 ], [ 37.05083, -0.46457 ], [ 37.0506, -0.46453 ], [ 37.05046, -0.4646 ], [ 37.0502, -0.46466 ], [ 37.04998, -0.46471 ], [ 37.0497, -0.46473 ], [ 37.04926, -0.46469 ], [ 37.04895, -0.46461 ], [ 37.04865, -0.46447 ], [ 37.04849, -0.46426 ], [ 37.0485, -0.46419 ], [ 37.04861, -0.46402 ], [ 37.04877, -0.46395 ], [ 37.04888, -0.46387 ], [ 37.04922, -0.46368 ], [ 37.04958, -0.46355 ], [ 37.04975, -0.46351 ], [ 37.0499, -0.46342 ], [ 37.04995, -0.46334 ], [ 37.04995, -0.46329 ], [ 37.04995, -0.46297 ], [ 37.04992, -0.46262 ], [ 37.04992, -0.46249 ], [ 37.04991, -0.46202 ], [ 37.04991, -0.46176 ], [ 37.04996, -0.4615 ], [ 37.05001, -0.46134 ], [ 37.05004, -0.46111 ], [ 37.05005, -0.46087 ], [ 37.05005, -0.46068 ], [ 37.05005, -0.46053 ], [ 37.05004, -0.46038 ], [ 37.05003, -0.46034 ], [ 37.04998, -0.46017 ], [ 37.04986, -0.45997 ], [ 37.04966, -0.45968 ], [ 37.04954, -0.45956 ], [ 37.04941, -0.45939 ], [ 37.0493, -0.45925 ], [ 37.04908, -0.459 ], [ 37.04891, -0.45883 ], [ 37.04869, -0.45859 ], [ 37.04851, -0.45842 ], [ 37.04837, -0.45822 ], [ 37.04823, -0.45808 ], [ 37.04814, -0.45794 ], [ 37.04802, -0.45781 ], [ 37.04794, -0.45772 ], [ 37.04794, -0.45772 ], [ 37.0478, -0.45755 ], [ 37.04765, -0.4574 ], [ 37.04765, -0.4574 ], [ 37.04751, -0.45728 ], [ 37.04741, -0.45711 ], [ 37.04725, -0.45692 ], [ 37.04717, -0.45682 ], [ 37.04708, -0.45666 ], [ 37.04716, -0.45656 ], [ 37.04716, -0.45656 ], [ 37.04736, -0.45659 ], [ 37.04749, -0.4566 ], [ 37.04774, -0.4566 ], [ 37.04797, -0.45659 ], [ 37.04819, -0.45655 ], [ 37.0484, -0.45653 ], [ 37.04855, -0.45644 ], [ 37.04871, -0.45632 ], [ 37.04882, -0.45612 ], [ 37.04884, -0.45604 ], [ 37.04885, -0.45603 ], [ 37.04898, -0.4558 ], [ 37.049, -0.45554 ], [ 37.04894, -0.45521 ], [ 37.04879, -0.45495 ], [ 37.04853, -0.45467 ], [ 37.04818, -0.45433 ], [ 37.0478, -0.45392 ], [ 37.04775, -0.45388 ], [ 37.04768, -0.45378 ], [ 37.0476, -0.45372 ], [ 37.04757, -0.45369 ], [ 37.04736, -0.45354 ], [ 37.04714, -0.45337 ], [ 37.04696, -0.45328 ], [ 37.04683, -0.45326 ], [ 37.04668, -0.45328 ], [ 37.04654, -0.45329 ], [ 37.04637, -0.4533 ], [ 37.04607, -0.4533 ], [ 37.04594, -0.45328 ], [ 37.04581, -0.45319 ], [ 37.04579, -0.45317 ], [ 37.04567, -0.45306 ], [ 37.04565, -0.45304 ], [ 37.04549, -0.45285 ], [ 37.04543, -0.45274 ], [ 37.04543, -0.45274 ], [ 37.0454, -0.45258 ], [ 37.0454, -0.45258 ], [ 37.04539, -0.45253 ], [ 37.04538, -0.45245 ], [ 37.04538, -0.45242 ], [ 37.04537, -0.45233 ], [ 37.04534, -0.4522 ], [ 37.04526, -0.45204 ], [ 37.04517, -0.45191 ], [ 37.04505, -0.45176 ], [ 37.04493, -0.45152 ], [ 37.04483, -0.45131 ], [ 37.04469, -0.45095 ], [ 37.04457, -0.45071 ], [ 37.0445, -0.45054 ], [ 37.04438, -0.45035 ], [ 37.04412, -0.44994 ], [ 37.044, -0.44981 ], [ 37.04383, -0.4496 ], [ 37.0437, -0.44946 ], [ 37.04355, -0.44927 ], [ 37.04337, -0.44902 ], [ 37.04313, -0.44877 ], [ 37.04302, -0.44863 ], [ 37.04287, -0.44846 ], [ 37.04271, -0.44827 ], [ 37.04257, -0.44806 ], [ 37.04244, -0.44786 ], [ 37.04241, -0.44763 ], [ 37.04248, -0.44756 ], [ 37.04253, -0.4474 ], [ 37.04261, -0.44718 ], [ 37.04261, -0.44718 ], [ 37.04265, -0.44701 ], [ 37.04265, -0.44682 ], [ 37.04259, -0.44668 ], [ 37.0425, -0.44653 ], [ 37.04234, -0.44632 ], [ 37.04217, -0.44618 ], [ 37.04205, -0.44612 ], [ 37.04186, -0.44603 ], [ 37.04172, -0.44603 ], [ 37.04157, -0.44603 ], [ 37.04142, -0.44603 ], [ 37.04116, -0.44599 ], [ 37.04116, -0.44575 ], [ 37.04132, -0.44555 ], [ 37.04134, -0.44552 ], [ 37.04149, -0.44539 ], [ 37.04149, -0.44539 ], [ 37.04157, -0.44532 ], [ 37.04176, -0.44519 ], [ 37.04183, -0.44518 ], [ 37.04204, -0.44515 ], [ 37.04206, -0.44515 ], [ 37.04224, -0.44516 ], [ 37.04246, -0.44524 ], [ 37.04273, -0.44549 ], [ 37.04301, -0.44561 ], [ 37.04324, -0.44565 ], [ 37.04327, -0.44577 ], [ 37.04328, -0.44578 ], [ 37.04375, -0.44575 ], [ 37.04389, -0.4456 ], [ 37.04422, -0.44543 ], [ 37.04428, -0.44528 ], [ 37.04442, -0.44514 ], [ 37.04458, -0.44499 ], [ 37.04465, -0.44481 ], [ 37.04468, -0.44468 ], [ 37.0447, -0.44464 ], [ 37.04477, -0.44443 ], [ 37.04478, -0.44421 ], [ 37.04481, -0.44406 ], [ 37.04489, -0.44394 ], [ 37.04515, -0.44372 ], [ 37.04529, -0.44367 ], [ 37.04542, -0.4436 ], [ 37.04546, -0.44341 ], [ 37.04546, -0.44319 ], [ 37.04546, -0.44317 ], [ 37.04547, -0.44317 ], [ 37.04571, -0.44289 ], [ 37.04599, -0.44284 ], [ 37.04654, -0.4428 ], [ 37.04685, -0.44272 ], [ 37.04706, -0.44272 ], [ 37.04724, -0.44273 ], [ 37.04739, -0.44277 ], [ 37.04759, -0.44294 ], [ 37.04778, -0.44323 ], [ 37.04779, -0.44342 ], [ 37.04793, -0.44371 ], [ 37.04813, -0.44383 ], [ 37.04842, -0.44388 ], [ 37.04865, -0.44387 ], [ 37.04877, -0.44369 ], [ 37.04877, -0.44344 ], [ 37.04877, -0.44333 ], [ 37.04877, -0.443 ], [ 37.04877, -0.44297 ], [ 37.04876, -0.4425 ], [ 37.04876, -0.44229 ], [ 37.04876, -0.44203 ], [ 37.04876, -0.44201 ], [ 37.04873, -0.44171 ], [ 37.04869, -0.44151 ], [ 37.04868, -0.44129 ], [ 37.04867, -0.44126 ], [ 37.04863, -0.44098 ], [ 37.0486, -0.44063 ], [ 37.04856, -0.44031 ], [ 37.04855, -0.44013 ], [ 37.04849, -0.44004 ], [ 37.04846, -0.43998 ], [ 37.04841, -0.43985 ], [ 37.0482, -0.43927 ], [ 37.04807, -0.43903 ], [ 37.04805, -0.43881 ], [ 37.04808, -0.43843 ], [ 37.04809, -0.4384 ], [ 37.04818, -0.43822 ], [ 37.04819, -0.43816 ], [ 37.0482, -0.43814 ], [ 37.04831, -0.43791 ], [ 37.04835, -0.43776 ], [ 37.04836, -0.43758 ], [ 37.04823, -0.43736 ], [ 37.04809, -0.43721 ], [ 37.0479, -0.43711 ], [ 37.04771, -0.43709 ], [ 37.04745, -0.43707 ], [ 37.04724, -0.437 ], [ 37.0471, -0.43693 ], [ 37.04702, -0.4368 ], [ 37.04696, -0.43661 ], [ 37.04693, -0.43651 ], [ 37.04695, -0.43627 ], [ 37.04688, -0.43614 ], [ 37.04672, -0.43605 ], [ 37.04652, -0.43597 ], [ 37.04638, -0.43589 ], [ 37.04618, -0.43577 ], [ 37.04602, -0.43557 ], [ 37.04601, -0.43533 ], [ 37.04608, -0.4352 ], [ 37.0461, -0.43516 ], [ 37.04624, -0.43496 ], [ 37.04629, -0.43481 ], [ 37.04632, -0.43475 ], [ 37.04635, -0.4347 ], [ 37.04645, -0.43454 ], [ 37.04649, -0.43437 ], [ 37.04648, -0.4343 ], [ 37.04647, -0.43417 ], [ 37.0464, -0.43398 ], [ 37.04628, -0.43365 ], [ 37.04618, -0.4333 ], [ 37.04612, -0.43298 ], [ 37.04612, -0.4328 ], [ 37.0462, -0.43266 ], [ 37.04625, -0.43235 ], [ 37.04625, -0.43232 ], [ 37.04625, -0.43213 ], [ 37.04632, -0.43202 ], [ 37.0464, -0.43191 ], [ 37.04671, -0.43166 ], [ 37.04672, -0.43165 ], [ 37.04685, -0.43158 ], [ 37.04705, -0.43146 ], [ 37.04721, -0.43131 ], [ 37.04735, -0.43107 ], [ 37.04744, -0.43082 ], [ 37.04744, -0.43059 ], [ 37.04729, -0.43041 ], [ 37.04712, -0.43025 ], [ 37.04675, -0.43005 ], [ 37.04628, -0.42989 ], [ 37.04572, -0.4297 ], [ 37.04507, -0.42955 ], [ 37.04455, -0.42944 ], [ 37.04422, -0.4293 ], [ 37.04417, -0.42926 ], [ 37.04403, -0.42915 ], [ 37.04398, -0.42895 ], [ 37.04398, -0.4286 ], [ 37.04405, -0.42814 ], [ 37.04412, -0.42778 ], [ 37.04412, -0.42777 ], [ 37.04413, -0.42775 ], [ 37.04417, -0.42772 ], [ 37.04433, -0.42767 ], [ 37.04452, -0.42765 ], [ 37.04472, -0.42758 ], [ 37.04488, -0.42756 ], [ 37.04503, -0.42741 ], [ 37.04506, -0.42736 ], [ 37.04516, -0.42721 ], [ 37.04516, -0.42698 ], [ 37.04514, -0.42669 ], [ 37.0451, -0.42658 ], [ 37.04508, -0.42653 ], [ 37.04499, -0.42638 ], [ 37.04486, -0.42615 ], [ 37.04471, -0.42595 ], [ 37.04455, -0.42585 ], [ 37.04437, -0.42584 ], [ 37.04417, -0.4258 ], [ 37.04396, -0.4258 ], [ 37.04374, -0.42581 ], [ 37.04349, -0.42591 ], [ 37.04334, -0.42592 ], [ 37.04317, -0.42586 ], [ 37.04315, -0.42585 ], [ 37.04288, -0.42581 ], [ 37.04272, -0.42585 ], [ 37.04271, -0.42585 ], [ 37.04263, -0.42587 ], [ 37.04259, -0.4259 ], [ 37.04243, -0.42604 ], [ 37.04237, -0.42611 ], [ 37.04225, -0.42621 ], [ 37.04205, -0.42642 ], [ 37.04189, -0.4265 ], [ 37.04177, -0.42652 ], [ 37.04149, -0.42644 ], [ 37.04123, -0.42639 ], [ 37.04126, -0.42624 ], [ 37.04126, -0.42624 ], [ 37.04114, -0.42608 ], [ 37.04105, -0.42596 ], [ 37.04094, -0.42585 ], [ 37.04091, -0.42582 ], [ 37.04078, -0.42567 ], [ 37.0406, -0.42546 ], [ 37.04051, -0.42531 ], [ 37.04051, -0.42527 ], [ 37.04051, -0.42507 ], [ 37.04054, -0.42482 ], [ 37.04059, -0.4246 ], [ 37.04063, -0.42455 ], [ 37.04074, -0.42439 ], [ 37.0408, -0.42423 ], [ 37.04088, -0.42412 ], [ 37.04092, -0.424 ], [ 37.04095, -0.42375 ], [ 37.04096, -0.42362 ], [ 37.04099, -0.42346 ], [ 37.04102, -0.42328 ], [ 37.04103, -0.42303 ], [ 37.04102, -0.42279 ], [ 37.04098, -0.4226 ], [ 37.0409, -0.42248 ], [ 37.04089, -0.42247 ], [ 37.04078, -0.42234 ], [ 37.04041, -0.42221 ], [ 37.04026, -0.42217 ], [ 37.04012, -0.42212 ], [ 37.0401, -0.42211 ], [ 37.0401, -0.42211 ], [ 37.03997, -0.42202 ], [ 37.03989, -0.42193 ], [ 37.03984, -0.42187 ], [ 37.03964, -0.42163 ], [ 37.03948, -0.42142 ], [ 37.03936, -0.42122 ], [ 37.03921, -0.42103 ], [ 37.03913, -0.42086 ], [ 37.03912, -0.4208 ], [ 37.03911, -0.42065 ], [ 37.03914, -0.42052 ], [ 37.03923, -0.42039 ], [ 37.03925, -0.42035 ], [ 37.0393, -0.42034 ], [ 37.03938, -0.42032 ], [ 37.03952, -0.4203 ], [ 37.03968, -0.4203 ], [ 37.03987, -0.4203 ], [ 37.04, -0.42031 ], [ 37.04018, -0.42031 ], [ 37.04024, -0.42027 ], [ 37.04022, -0.42012 ], [ 37.04021, -0.42011 ], [ 37.04009, -0.42004 ], [ 37.03995, -0.42001 ], [ 37.03977, -0.41998 ], [ 37.03959, -0.41998 ], [ 37.0394, -0.41998 ], [ 37.03927, -0.41989 ], [ 37.03921, -0.41977 ], [ 37.03921, -0.41964 ], [ 37.03921, -0.41963 ], [ 37.03926, -0.41952 ], [ 37.03938, -0.41932 ], [ 37.03964, -0.41915 ], [ 37.03978, -0.41902 ], [ 37.04002, -0.41886 ], [ 37.04012, -0.41878 ], [ 37.04024, -0.41865 ], [ 37.04041, -0.41849 ], [ 37.04044, -0.41834 ], [ 37.04053, -0.41815 ], [ 37.04055, -0.41795 ], [ 37.04055, -0.41793 ], [ 37.04055, -0.41768 ], [ 37.04052, -0.41755 ], [ 37.04042, -0.41733 ], [ 37.04038, -0.41723 ], [ 37.0403, -0.41716 ], [ 37.04018, -0.41713 ], [ 37.04007, -0.41713 ], [ 37.03993, -0.4171 ], [ 37.03984, -0.41707 ], [ 37.03966, -0.41691 ], [ 37.03952, -0.41691 ], [ 37.0394, -0.41691 ], [ 37.03925, -0.41699 ], [ 37.03924, -0.417 ], [ 37.03919, -0.41712 ], [ 37.0392, -0.41728 ], [ 37.03921, -0.41734 ], [ 37.0392, -0.41751 ], [ 37.03916, -0.41773 ], [ 37.03915, -0.41776 ], [ 37.03911, -0.41784 ], [ 37.03891, -0.41791 ], [ 37.03873, -0.41781 ], [ 37.03865, -0.41767 ], [ 37.03864, -0.41748 ], [ 37.03865, -0.41736 ], [ 37.03866, -0.41716 ], [ 37.03866, -0.41714 ], [ 37.03867, -0.41713 ], [ 37.03879, -0.41701 ], [ 37.03893, -0.41687 ], [ 37.03914, -0.41665 ], [ 37.0392, -0.41653 ], [ 37.03921, -0.41651 ], [ 37.03934, -0.41632 ], [ 37.0394, -0.41611 ], [ 37.0394, -0.41593 ], [ 37.03918, -0.4156 ], [ 37.03893, -0.41533 ], [ 37.03852, -0.41502 ], [ 37.03828, -0.41489 ], [ 37.03808, -0.41484 ], [ 37.03785, -0.41484 ], [ 37.03769, -0.4149 ], [ 37.03748, -0.41508 ], [ 37.03738, -0.41527 ], [ 37.0373, -0.41552 ], [ 37.0373, -0.41554 ], [ 37.03728, -0.41556 ], [ 37.03719, -0.4157 ], [ 37.03709, -0.41577 ], [ 37.03697, -0.41581 ], [ 37.03677, -0.41577 ], [ 37.03665, -0.41568 ], [ 37.03658, -0.41561 ], [ 37.03653, -0.41551 ], [ 37.03645, -0.41513 ], [ 37.0365, -0.41491 ], [ 37.03651, -0.41487 ], [ 37.03656, -0.41473 ], [ 37.03664, -0.41457 ], [ 37.0367, -0.41446 ], [ 37.03672, -0.41444 ], [ 37.03672, -0.41444 ], [ 37.03693, -0.41437 ], [ 37.03702, -0.41434 ], [ 37.03725, -0.41421 ], [ 37.03736, -0.41411 ], [ 37.03742, -0.414 ], [ 37.03742, -0.41397 ], [ 37.03743, -0.41386 ], [ 37.03745, -0.41372 ], [ 37.03745, -0.41347 ], [ 37.03745, -0.41332 ], [ 37.03744, -0.41319 ], [ 37.03741, -0.41304 ], [ 37.03736, -0.41294 ], [ 37.03728, -0.41274 ], [ 37.03717, -0.4126 ], [ 37.03701, -0.41252 ], [ 37.03688, -0.41246 ], [ 37.03664, -0.4124 ], [ 37.03642, -0.41238 ], [ 37.03619, -0.4124 ], [ 37.03592, -0.41244 ], [ 37.03567, -0.4125 ], [ 37.03551, -0.41253 ], [ 37.03523, -0.41251 ], [ 37.03494, -0.41251 ], [ 37.03476, -0.41248 ], [ 37.03459, -0.4124 ], [ 37.03449, -0.41222 ], [ 37.0345, -0.41205 ], [ 37.03454, -0.41199 ], [ 37.03464, -0.41185 ], [ 37.03475, -0.41176 ], [ 37.03491, -0.41171 ], [ 37.0353, -0.4117 ], [ 37.03555, -0.4117 ], [ 37.03569, -0.41168 ], [ 37.03579, -0.41162 ], [ 37.03583, -0.41152 ], [ 37.03584, -0.4115 ], [ 37.03587, -0.41138 ], [ 37.03583, -0.41126 ], [ 37.03575, -0.41112 ], [ 37.03572, -0.41101 ], [ 37.03559, -0.41078 ], [ 37.03555, -0.41067 ], [ 37.03548, -0.41054 ], [ 37.03539, -0.41038 ], [ 37.0353, -0.41029 ], [ 37.03514, -0.41025 ], [ 37.03496, -0.41035 ], [ 37.03481, -0.41045 ], [ 37.03459, -0.41057 ], [ 37.03444, -0.41073 ], [ 37.03425, -0.41087 ], [ 37.03406, -0.41101 ], [ 37.03389, -0.41113 ], [ 37.03371, -0.41113 ], [ 37.0336, -0.41108 ], [ 37.03344, -0.41097 ], [ 37.0333, -0.4108 ], [ 37.03319, -0.41067 ], [ 37.03308, -0.41051 ], [ 37.03296, -0.41031 ], [ 37.03286, -0.41016 ], [ 37.03287, -0.41005 ], [ 37.03294, -0.40995 ], [ 37.03297, -0.40989 ], [ 37.03314, -0.40976 ], [ 37.03342, -0.40954 ], [ 37.03351, -0.40939 ], [ 37.03359, -0.40929 ], [ 37.0336, -0.40924 ], [ 37.03361, -0.40923 ], [ 37.03375, -0.40897 ], [ 37.03381, -0.40868 ], [ 37.03382, -0.4083 ], [ 37.03375, -0.40781 ], [ 37.03362, -0.40749 ], [ 37.03346, -0.40724 ], [ 37.0333, -0.40712 ], [ 37.03314, -0.4071 ], [ 37.033, -0.40715 ], [ 37.03282, -0.40725 ], [ 37.0326, -0.40752 ], [ 37.03253, -0.40768 ], [ 37.03252, -0.4077 ], [ 37.03243, -0.40784 ], [ 37.03232, -0.4081 ], [ 37.03226, -0.40822 ], [ 37.03218, -0.40841 ], [ 37.03212, -0.40853 ], [ 37.0321, -0.40855 ], [ 37.03196, -0.40873 ], [ 37.03185, -0.40877 ], [ 37.03162, -0.40873 ], [ 37.03152, -0.40864 ], [ 37.03149, -0.40849 ], [ 37.03149, -0.40833 ], [ 37.03149, -0.40827 ], [ 37.03149, -0.40816 ], [ 37.0316, -0.4079 ], [ 37.03192, -0.40759 ], [ 37.03215, -0.40738 ], [ 37.03229, -0.40722 ], [ 37.03239, -0.40706 ], [ 37.03241, -0.40699 ], [ 37.03244, -0.40695 ], [ 37.03251, -0.4067 ], [ 37.0325, -0.4064 ], [ 37.03248, -0.40614 ], [ 37.03248, -0.40614 ], [ 37.03249, -0.40584 ], [ 37.0325, -0.40545 ], [ 37.03243, -0.40523 ], [ 37.03224, -0.4052 ], [ 37.03205, -0.40533 ], [ 37.03184, -0.40545 ], [ 37.03163, -0.40554 ], [ 37.03144, -0.40548 ], [ 37.03135, -0.4053 ], [ 37.03131, -0.40495 ], [ 37.03133, -0.40464 ], [ 37.03133, -0.40462 ], [ 37.03143, -0.40428 ], [ 37.03151, -0.40399 ], [ 37.03151, -0.40399 ], [ 37.03158, -0.40376 ], [ 37.03157, -0.40367 ], [ 37.03154, -0.40341 ], [ 37.03145, -0.40322 ], [ 37.03136, -0.40319 ], [ 37.03119, -0.40311 ], [ 37.03092, -0.40314 ], [ 37.03077, -0.40322 ], [ 37.03056, -0.40335 ], [ 37.0303, -0.40337 ], [ 37.03012, -0.40331 ], [ 37.02995, -0.40316 ], [ 37.02983, -0.40294 ], [ 37.0298, -0.40279 ], [ 37.02988, -0.40261 ], [ 37.03006, -0.40251 ], [ 37.0303, -0.40234 ], [ 37.03061, -0.40217 ], [ 37.031, -0.40205 ], [ 37.03141, -0.40187 ], [ 37.03174, -0.40166 ], [ 37.03202, -0.40137 ], [ 37.03225, -0.40107 ], [ 37.03235, -0.40082 ], [ 37.03241, -0.4005 ], [ 37.03242, -0.40008 ], [ 37.0324, -0.39953 ], [ 37.03232, -0.39916 ], [ 37.0322, -0.39889 ], [ 37.03198, -0.39867 ], [ 37.03179, -0.39847 ], [ 37.03177, -0.39827 ], [ 37.03186, -0.39808 ], [ 37.03202, -0.39788 ], [ 37.03216, -0.39773 ], [ 37.03227, -0.39754 ], [ 37.03235, -0.39734 ], [ 37.03247, -0.39708 ], [ 37.03258, -0.39684 ], [ 37.0326, -0.39669 ], [ 37.03252, -0.39657 ], [ 37.03241, -0.39647 ], [ 37.03222, -0.39645 ], [ 37.03198, -0.39645 ], [ 37.03168, -0.39636 ], [ 37.03146, -0.39621 ], [ 37.03133, -0.39609 ], [ 37.0312, -0.39594 ], [ 37.0312, -0.39571 ], [ 37.0313, -0.39547 ], [ 37.03144, -0.39527 ], [ 37.03163, -0.39497 ], [ 37.03175, -0.39472 ], [ 37.03185, -0.3945 ], [ 37.03197, -0.3943 ], [ 37.03214, -0.39411 ], [ 37.03237, -0.39388 ], [ 37.03255, -0.39367 ], [ 37.03266, -0.39344 ], [ 37.03286, -0.39317 ], [ 37.03301, -0.39287 ], [ 37.03317, -0.39257 ], [ 37.03339, -0.39233 ], [ 37.03364, -0.39214 ], [ 37.03386, -0.39198 ], [ 37.03397, -0.3919 ], [ 37.03404, -0.39176 ], [ 37.03405, -0.39161 ], [ 37.034, -0.39147 ], [ 37.03387, -0.39136 ], [ 37.03365, -0.39125 ], [ 37.03334, -0.39117 ], [ 37.03308, -0.39114 ], [ 37.03277, -0.39108 ], [ 37.03255, -0.39095 ], [ 37.03237, -0.39072 ], [ 37.03222, -0.39047 ], [ 37.03212, -0.3903 ], [ 37.03195, -0.39015 ], [ 37.0317, -0.39006 ], [ 37.03147, -0.39007 ], [ 37.03125, -0.39007 ], [ 37.03104, -0.39007 ], [ 37.03078, -0.38997 ], [ 37.03061, -0.3898 ], [ 37.03018, -0.38947 ], [ 37.02982, -0.38914 ], [ 37.02949, -0.38883 ], [ 37.02925, -0.38869 ], [ 37.02904, -0.38862 ], [ 37.02881, -0.38858 ], [ 37.02866, -0.38843 ], [ 37.02859, -0.38819 ], [ 37.02861, -0.38793 ], [ 37.02866, -0.38778 ], [ 37.02881, -0.38754 ], [ 37.02901, -0.38738 ], [ 37.02915, -0.38735 ], [ 37.02933, -0.38736 ], [ 37.02945, -0.38748 ], [ 37.0296, -0.38765 ], [ 37.02974, -0.38775 ], [ 37.02989, -0.38773 ], [ 37.03005, -0.38755 ], [ 37.03007, -0.38733 ], [ 37.03006, -0.38711 ], [ 37.03001, -0.38687 ], [ 37.03001, -0.38662 ], [ 37.03011, -0.38641 ], [ 37.03031, -0.38628 ], [ 37.03057, -0.38625 ], [ 37.03076, -0.38624 ], [ 37.03094, -0.38619 ], [ 37.03107, -0.38603 ], [ 37.03113, -0.38584 ], [ 37.03116, -0.38557 ], [ 37.03117, -0.38541 ], [ 37.03127, -0.38513 ], [ 37.03147, -0.38501 ], [ 37.03174, -0.38499 ], [ 37.03196, -0.38499 ], [ 37.03212, -0.38502 ], [ 37.03229, -0.38515 ], [ 37.0325, -0.38513 ], [ 37.0327, -0.38501 ], [ 37.03286, -0.3849 ], [ 37.03299, -0.38484 ], [ 37.03326, -0.38476 ], [ 37.03349, -0.38457 ], [ 37.03362, -0.38445 ], [ 37.03381, -0.38426 ], [ 37.03392, -0.38415 ], [ 37.03399, -0.38397 ], [ 37.03404, -0.38381 ], [ 37.03412, -0.38362 ], [ 37.03427, -0.38345 ], [ 37.03442, -0.38328 ], [ 37.03451, -0.38308 ], [ 37.03457, -0.3828 ], [ 37.0347, -0.38263 ], [ 37.03491, -0.38253 ], [ 37.03516, -0.38258 ], [ 37.03533, -0.38264 ], [ 37.03559, -0.38264 ], [ 37.03579, -0.38251 ], [ 37.03593, -0.38246 ], [ 37.03606, -0.38245 ], [ 37.03621, -0.3826 ], [ 37.03636, -0.38273 ], [ 37.03657, -0.38272 ], [ 37.03672, -0.38261 ], [ 37.03675, -0.38245 ], [ 37.0367, -0.38232 ], [ 37.03657, -0.38202 ], [ 37.03643, -0.38175 ], [ 37.03636, -0.38149 ], [ 37.0364, -0.38129 ], [ 37.03653, -0.38113 ], [ 37.03671, -0.38101 ], [ 37.03688, -0.38101 ], [ 37.03707, -0.38101 ], [ 37.03728, -0.38108 ], [ 37.03745, -0.38116 ], [ 37.03763, -0.38116 ], [ 37.03779, -0.38106 ], [ 37.03779, -0.38087 ], [ 37.03771, -0.38067 ], [ 37.03771, -0.38054 ], [ 37.0378, -0.38041 ], [ 37.03794, -0.38036 ], [ 37.03809, -0.3803 ], [ 37.03813, -0.38011 ], [ 37.03807, -0.37996 ], [ 37.03793, -0.37978 ], [ 37.03788, -0.37964 ], [ 37.03791, -0.3795 ], [ 37.03807, -0.37937 ], [ 37.0382, -0.37917 ], [ 37.03826, -0.37897 ], [ 37.03828, -0.37873 ], [ 37.03839, -0.37855 ], [ 37.03858, -0.37851 ], [ 37.03873, -0.37852 ], [ 37.03887, -0.37867 ], [ 37.03904, -0.37886 ], [ 37.03907, -0.37902 ], [ 37.03907, -0.37931 ], [ 37.03908, -0.37951 ], [ 37.03909, -0.3797 ], [ 37.03925, -0.37981 ], [ 37.03944, -0.3798 ], [ 37.03967, -0.37971 ], [ 37.03982, -0.37957 ], [ 37.03994, -0.37927 ], [ 37.04002, -0.37898 ], [ 37.04012, -0.37883 ], [ 37.04033, -0.37868 ], [ 37.04049, -0.37849 ], [ 37.04061, -0.37824 ], [ 37.04075, -0.37797 ], [ 37.04077, -0.37779 ], [ 37.04078, -0.37765 ], [ 37.04081, -0.37742 ], [ 37.04082, -0.37724 ], [ 37.04096, -0.37707 ], [ 37.04112, -0.37691 ], [ 37.04131, -0.37678 ], [ 37.04147, -0.37663 ], [ 37.04162, -0.37646 ], [ 37.04174, -0.37632 ], [ 37.0419, -0.37623 ], [ 37.04208, -0.37623 ], [ 37.04222, -0.37623 ], [ 37.04236, -0.3762 ], [ 37.04258, -0.37607 ], [ 37.04278, -0.37594 ], [ 37.04296, -0.37587 ], [ 37.04314, -0.37575 ], [ 37.0433, -0.37563 ], [ 37.0435, -0.37561 ], [ 37.04358, -0.37578 ], [ 37.04358, -0.37596 ], [ 37.04355, -0.37608 ], [ 37.04363, -0.37625 ], [ 37.04384, -0.37633 ], [ 37.04401, -0.37646 ], [ 37.04428, -0.37649 ], [ 37.04445, -0.37635 ], [ 37.0446, -0.37628 ], [ 37.0448, -0.37628 ], [ 37.045, -0.37634 ], [ 37.04516, -0.37641 ], [ 37.04546, -0.37643 ], [ 37.0457, -0.37643 ], [ 37.04602, -0.37643 ], [ 37.0462, -0.37643 ], [ 37.0463, -0.37653 ], [ 37.04638, -0.37673 ], [ 37.04638, -0.37703 ], [ 37.04638, -0.37727 ], [ 37.04644, -0.37745 ], [ 37.04657, -0.37762 ], [ 37.04664, -0.3779 ], [ 37.04664, -0.37808 ], [ 37.04669, -0.37834 ], [ 37.04675, -0.37849 ], [ 37.04681, -0.37864 ], [ 37.0468, -0.37887 ], [ 37.04673, -0.37906 ], [ 37.04663, -0.37916 ], [ 37.04652, -0.37926 ], [ 37.04645, -0.37941 ], [ 37.04648, -0.37955 ], [ 37.04663, -0.37971 ], [ 37.04696, -0.37986 ], [ 37.04708, -0.38005 ], [ 37.04707, -0.38026 ], [ 37.04711, -0.38042 ], [ 37.04729, -0.38048 ], [ 37.04763, -0.38052 ], [ 37.04779, -0.38064 ], [ 37.04796, -0.3808 ], [ 37.04821, -0.38086 ], [ 37.04851, -0.38086 ], [ 37.04877, -0.38081 ], [ 37.04912, -0.38062 ], [ 37.04946, -0.38041 ], [ 37.04959, -0.38024 ], [ 37.04972, -0.37997 ], [ 37.04988, -0.37973 ], [ 37.05003, -0.37962 ], [ 37.05023, -0.37961 ], [ 37.05041, -0.37961 ], [ 37.05055, -0.3796 ], [ 37.05074, -0.37949 ], [ 37.05083, -0.37927 ], [ 37.05087, -0.37907 ], [ 37.05089, -0.37885 ], [ 37.05099, -0.37869 ], [ 37.05123, -0.37872 ], [ 37.05138, -0.37882 ], [ 37.05154, -0.37878 ], [ 37.05176, -0.37879 ], [ 37.052, -0.37898 ], [ 37.05221, -0.37914 ], [ 37.05247, -0.37917 ], [ 37.05267, -0.37916 ], [ 37.05288, -0.37912 ], [ 37.05313, -0.37902 ], [ 37.05333, -0.37893 ], [ 37.05349, -0.37877 ], [ 37.05358, -0.37864 ], [ 37.05359, -0.37848 ], [ 37.05352, -0.37836 ], [ 37.05342, -0.37827 ], [ 37.05331, -0.37812 ], [ 37.05332, -0.37792 ], [ 37.05359, -0.37788 ], [ 37.05378, -0.37786 ], [ 37.05392, -0.3777 ], [ 37.05405, -0.37756 ], [ 37.0542, -0.37739 ], [ 37.05437, -0.37719 ], [ 37.05447, -0.37698 ], [ 37.05447, -0.37673 ], [ 37.05448, -0.37647 ], [ 37.05459, -0.37618 ], [ 37.05478, -0.37584 ], [ 37.05498, -0.37565 ], [ 37.05522, -0.37549 ], [ 37.05539, -0.37539 ], [ 37.05549, -0.37523 ], [ 37.05549, -0.37503 ], [ 37.05542, -0.37484 ], [ 37.0553, -0.37471 ], [ 37.05517, -0.37458 ], [ 37.05512, -0.37438 ], [ 37.05515, -0.37418 ], [ 37.05527, -0.37398 ], [ 37.05542, -0.37384 ], [ 37.05564, -0.3738 ], [ 37.05585, -0.3738 ], [ 37.05605, -0.37381 ], [ 37.05623, -0.37379 ], [ 37.05637, -0.37371 ], [ 37.05659, -0.3736 ], [ 37.05676, -0.37357 ], [ 37.05697, -0.37357 ], [ 37.05715, -0.37364 ], [ 37.05731, -0.37373 ], [ 37.05749, -0.37372 ], [ 37.05767, -0.37369 ], [ 37.05784, -0.37355 ], [ 37.05801, -0.3734 ], [ 37.05823, -0.37327 ], [ 37.05843, -0.3732 ], [ 37.05856, -0.37306 ], [ 37.05855, -0.37289 ], [ 37.05845, -0.37267 ], [ 37.05834, -0.37249 ], [ 37.05828, -0.37233 ], [ 37.05827, -0.37205 ], [ 37.05825, -0.3718 ], [ 37.05817, -0.37154 ], [ 37.05806, -0.37131 ], [ 37.05793, -0.3711 ], [ 37.05772, -0.3708 ], [ 37.05749, -0.37052 ], [ 37.05746, -0.37033 ], [ 37.05761, -0.37025 ], [ 37.05786, -0.37023 ], [ 37.05807, -0.37023 ], [ 37.05826, -0.37019 ], [ 37.05837, -0.37011 ], [ 37.05842, -0.36998 ], [ 37.05839, -0.36975 ], [ 37.05831, -0.36946 ], [ 37.05825, -0.36918 ], [ 37.05827, -0.36898 ], [ 37.0584, -0.36876 ], [ 37.05864, -0.3687 ], [ 37.05895, -0.36863 ], [ 37.05915, -0.36856 ], [ 37.05939, -0.36844 ], [ 37.05955, -0.36825 ], [ 37.05966, -0.3681 ], [ 37.0597, -0.36792 ], [ 37.05984, -0.36781 ], [ 37.06001, -0.36778 ], [ 37.06025, -0.36771 ], [ 37.06046, -0.36755 ], [ 37.0606, -0.36737 ], [ 37.06062, -0.36725 ], [ 37.06067, -0.36702 ], [ 37.06071, -0.36677 ], [ 37.06073, -0.36657 ], [ 37.06071, -0.36642 ], [ 37.06062, -0.36629 ], [ 37.06053, -0.36609 ], [ 37.06057, -0.36597 ], [ 37.06074, -0.3659 ], [ 37.06095, -0.36589 ], [ 37.06114, -0.36589 ], [ 37.06133, -0.3658 ], [ 37.06136, -0.36548 ], [ 37.06161, -0.36542 ], [ 37.06181, -0.36545 ], [ 37.06204, -0.36548 ], [ 37.06221, -0.3656 ], [ 37.06237, -0.36572 ], [ 37.06248, -0.36583 ], [ 37.06267, -0.36593 ], [ 37.06283, -0.36593 ], [ 37.06297, -0.36587 ], [ 37.06314, -0.36583 ], [ 37.06336, -0.36583 ], [ 37.06354, -0.36586 ], [ 37.06376, -0.36586 ], [ 37.06393, -0.36574 ], [ 37.06404, -0.36557 ], [ 37.0641, -0.36545 ], [ 37.06416, -0.36533 ], [ 37.06425, -0.3651 ], [ 37.06436, -0.36488 ], [ 37.0645, -0.36467 ], [ 37.06468, -0.36453 ], [ 37.06496, -0.36433 ], [ 37.06523, -0.36414 ], [ 37.06547, -0.36394 ], [ 37.0656, -0.36379 ], [ 37.06573, -0.36348 ], [ 37.06583, -0.36323 ], [ 37.06589, -0.36301 ], [ 37.06601, -0.36281 ], [ 37.06613, -0.3625 ], [ 37.06622, -0.36219 ], [ 37.06633, -0.36192 ], [ 37.0665, -0.3617 ], [ 37.06672, -0.36158 ], [ 37.06694, -0.36154 ], [ 37.06734, -0.36154 ], [ 37.06756, -0.36154 ], [ 37.06806, -0.36149 ], [ 37.06852, -0.36154 ], [ 37.0689, -0.36156 ], [ 37.06922, -0.36157 ], [ 37.06942, -0.36153 ], [ 37.06964, -0.36134 ], [ 37.06978, -0.36119 ], [ 37.06999, -0.36108 ], [ 37.07023, -0.36104 ], [ 37.0706, -0.361 ], [ 37.07095, -0.36094 ], [ 37.07126, -0.36084 ], [ 37.07159, -0.36066 ], [ 37.07187, -0.36052 ], [ 37.07214, -0.36035 ], [ 37.07245, -0.36008 ], [ 37.07295, -0.35965 ], [ 37.0732, -0.35942 ], [ 37.07342, -0.3591 ], [ 37.07357, -0.35884 ], [ 37.07374, -0.35856 ], [ 37.07383, -0.35836 ], [ 37.07389, -0.35812 ], [ 37.0739, -0.35778 ], [ 37.074, -0.35751 ], [ 37.07411, -0.3573 ], [ 37.07438, -0.35707 ], [ 37.0747, -0.35681 ], [ 37.07512, -0.35661 ], [ 37.07533, -0.35652 ], [ 37.07546, -0.35631 ], [ 37.0755, -0.3561 ], [ 37.07559, -0.35587 ], [ 37.07579, -0.35563 ], [ 37.076, -0.35558 ], [ 37.07618, -0.35556 ], [ 37.07633, -0.3555 ], [ 37.07646, -0.35544 ], [ 37.07652, -0.3553 ], [ 37.07654, -0.35509 ], [ 37.07654, -0.35472 ], [ 37.07655, -0.35433 ], [ 37.07654, -0.35402 ], [ 37.07659, -0.35358 ], [ 37.07649, -0.3529 ], [ 37.07644, -0.35234 ], [ 37.07644, -0.3519 ], [ 37.07648, -0.35148 ], [ 37.07656, -0.35125 ], [ 37.07675, -0.35106 ], [ 37.07691, -0.3509 ], [ 37.07702, -0.35076 ], [ 37.07703, -0.35057 ], [ 37.07703, -0.35031 ], [ 37.07707, -0.35011 ], [ 37.07741, -0.34977 ], [ 37.07769, -0.34936 ], [ 37.07792, -0.349 ], [ 37.07797, -0.34879 ], [ 37.07793, -0.34857 ], [ 37.07784, -0.3484 ], [ 37.07778, -0.34826 ], [ 37.07777, -0.34806 ], [ 37.07778, -0.34792 ], [ 37.07788, -0.3477 ], [ 37.0781, -0.3476 ], [ 37.07843, -0.3475 ], [ 37.07858, -0.34745 ], [ 37.07873, -0.34733 ], [ 37.07877, -0.34718 ], [ 37.0787, -0.34696 ], [ 37.07857, -0.34675 ], [ 37.07853, -0.34657 ], [ 37.07856, -0.34636 ], [ 37.07873, -0.34614 ], [ 37.07903, -0.34605 ], [ 37.07938, -0.34601 ], [ 37.07955, -0.34599 ], [ 37.07971, -0.34596 ], [ 37.07979, -0.34579 ], [ 37.07978, -0.34565 ], [ 37.07965, -0.34547 ], [ 37.07945, -0.34525 ], [ 37.07922, -0.345 ], [ 37.0791, -0.3447 ], [ 37.07906, -0.34435 ], [ 37.07912, -0.34399 ], [ 37.07933, -0.34378 ], [ 37.07957, -0.34374 ], [ 37.07977, -0.34372 ], [ 37.07994, -0.34366 ], [ 37.07998, -0.34347 ], [ 37.07995, -0.34332 ], [ 37.07995, -0.34312 ], [ 37.08001, -0.34287 ], [ 37.08021, -0.34265 ], [ 37.08056, -0.34236 ], [ 37.08082, -0.34217 ], [ 37.08098, -0.34202 ], [ 37.08112, -0.3418 ], [ 37.08113, -0.34159 ], [ 37.08114, -0.34133 ], [ 37.08117, -0.3411 ], [ 37.08132, -0.34093 ], [ 37.08149, -0.34084 ], [ 37.08175, -0.34076 ], [ 37.0819, -0.34066 ], [ 37.08212, -0.34046 ], [ 37.08228, -0.34021 ], [ 37.08233, -0.33996 ], [ 37.08232, -0.33975 ], [ 37.08236, -0.33954 ], [ 37.08247, -0.33935 ], [ 37.08267, -0.3392 ], [ 37.08284, -0.33911 ], [ 37.08306, -0.33898 ], [ 37.0833, -0.3388 ], [ 37.08356, -0.33849 ], [ 37.08378, -0.33827 ], [ 37.08401, -0.33786 ], [ 37.08416, -0.33759 ], [ 37.08422, -0.33735 ], [ 37.08428, -0.33713 ], [ 37.08446, -0.337 ], [ 37.08468, -0.33695 ], [ 37.08491, -0.33681 ], [ 37.08511, -0.33669 ], [ 37.08536, -0.3365 ], [ 37.08549, -0.33631 ], [ 37.0857, -0.33611 ], [ 37.08592, -0.33604 ], [ 37.08614, -0.33604 ], [ 37.08635, -0.33609 ], [ 37.08658, -0.33624 ], [ 37.0868, -0.3363 ], [ 37.08707, -0.3363 ], [ 37.08727, -0.33617 ], [ 37.08737, -0.33605 ], [ 37.08752, -0.33594 ], [ 37.08776, -0.33585 ], [ 37.08806, -0.33583 ], [ 37.0883, -0.33583 ], [ 37.08854, -0.33578 ], [ 37.08871, -0.33557 ], [ 37.08881, -0.33535 ], [ 37.08898, -0.33522 ], [ 37.08923, -0.33515 ], [ 37.08954, -0.33515 ], [ 37.09005, -0.33517 ], [ 37.0902, -0.33515 ], [ 37.09038, -0.33501 ], [ 37.09045, -0.33487 ], [ 37.09059, -0.33482 ], [ 37.09079, -0.33479 ], [ 37.0912, -0.33479 ], [ 37.09161, -0.33476 ], [ 37.09203, -0.33473 ], [ 37.09246, -0.3346 ], [ 37.09266, -0.33446 ], [ 37.09282, -0.3344 ], [ 37.09315, -0.33439 ], [ 37.09342, -0.33439 ], [ 37.09361, -0.33439 ], [ 37.09379, -0.33441 ], [ 37.09397, -0.33456 ], [ 37.09406, -0.33468 ], [ 37.09427, -0.33486 ], [ 37.09451, -0.33497 ], [ 37.09477, -0.335 ], [ 37.09507, -0.33498 ], [ 37.09532, -0.33486 ], [ 37.09545, -0.33468 ], [ 37.09543, -0.33453 ], [ 37.09548, -0.33426 ], [ 37.09562, -0.33406 ], [ 37.09582, -0.33397 ], [ 37.09617, -0.33396 ], [ 37.09639, -0.33396 ], [ 37.0966, -0.33401 ], [ 37.09678, -0.33412 ], [ 37.097, -0.33423 ], [ 37.09721, -0.33425 ], [ 37.09745, -0.33423 ], [ 37.09768, -0.33412 ], [ 37.09779, -0.33397 ], [ 37.09784, -0.33376 ], [ 37.09793, -0.33359 ], [ 37.09813, -0.33346 ], [ 37.09841, -0.33338 ], [ 37.0986, -0.33328 ], [ 37.09877, -0.33311 ], [ 37.09878, -0.33291 ], [ 37.09866, -0.33263 ], [ 37.09855, -0.33242 ], [ 37.09855, -0.33225 ], [ 37.09868, -0.33203 ], [ 37.09882, -0.33191 ], [ 37.09902, -0.33177 ], [ 37.09932, -0.33167 ], [ 37.09978, -0.33161 ], [ 37.10011, -0.33153 ], [ 37.10037, -0.3314 ], [ 37.10055, -0.33126 ], [ 37.10066, -0.3311 ], [ 37.10083, -0.33085 ], [ 37.101, -0.33069 ], [ 37.10118, -0.33055 ], [ 37.10138, -0.33043 ], [ 37.10162, -0.33028 ], [ 37.10175, -0.33018 ], [ 37.10191, -0.33005 ], [ 37.102, -0.32983 ], [ 37.10202, -0.32957 ], [ 37.10204, -0.32935 ], [ 37.10208, -0.32918 ], [ 37.10227, -0.32909 ], [ 37.10254, -0.32907 ], [ 37.10288, -0.32908 ], [ 37.10309, -0.32915 ], [ 37.10333, -0.32918 ], [ 37.10349, -0.32918 ], [ 37.10366, -0.32908 ], [ 37.10379, -0.32885 ], [ 37.10382, -0.3285 ], [ 37.10385, -0.32814 ], [ 37.10389, -0.32788 ], [ 37.10404, -0.32764 ], [ 37.10423, -0.32751 ], [ 37.10444, -0.32746 ], [ 37.10468, -0.32744 ], [ 37.10495, -0.32744 ], [ 37.10518, -0.32744 ], [ 37.10543, -0.32743 ], [ 37.10558, -0.32734 ], [ 37.10572, -0.32724 ], [ 37.10588, -0.32699 ], [ 37.10603, -0.32671 ], [ 37.10615, -0.32648 ], [ 37.10623, -0.32625 ], [ 37.10624, -0.32591 ], [ 37.10624, -0.32548 ], [ 37.10623, -0.32481 ], [ 37.1062, -0.32431 ], [ 37.1062, -0.32397 ], [ 37.10629, -0.32365 ], [ 37.1064, -0.3235 ], [ 37.10659, -0.32326 ], [ 37.10683, -0.32296 ], [ 37.10703, -0.32277 ], [ 37.10723, -0.32258 ], [ 37.10743, -0.32247 ], [ 37.10757, -0.3224 ], [ 37.10771, -0.32224 ], [ 37.10778, -0.32203 ], [ 37.10776, -0.32184 ], [ 37.10775, -0.32165 ], [ 37.10775, -0.32148 ], [ 37.10778, -0.32131 ], [ 37.10795, -0.32123 ], [ 37.1082, -0.32116 ], [ 37.1084, -0.32115 ], [ 37.10863, -0.32112 ], [ 37.10879, -0.32102 ], [ 37.10897, -0.3209 ], [ 37.10912, -0.3207 ], [ 37.10932, -0.32043 ], [ 37.10952, -0.32017 ], [ 37.10987, -0.31984 ], [ 37.11022, -0.31957 ], [ 37.11062, -0.31924 ], [ 37.11092, -0.319 ], [ 37.11112, -0.31875 ], [ 37.11123, -0.31857 ], [ 37.11124, -0.31832 ], [ 37.11119, -0.31804 ], [ 37.11118, -0.31787 ], [ 37.11118, -0.3177 ], [ 37.11132, -0.31758 ], [ 37.11156, -0.3175 ], [ 37.11179, -0.31733 ], [ 37.11206, -0.31713 ], [ 37.11232, -0.31684 ], [ 37.11245, -0.31664 ], [ 37.11257, -0.31655 ], [ 37.11274, -0.31655 ], [ 37.11298, -0.31664 ], [ 37.11325, -0.31689 ], [ 37.11365, -0.31729 ], [ 37.11391, -0.31756 ], [ 37.11417, -0.31779 ], [ 37.11439, -0.31794 ], [ 37.11466, -0.31802 ], [ 37.11491, -0.31802 ], [ 37.11513, -0.31793 ], [ 37.11528, -0.31781 ], [ 37.11536, -0.31764 ], [ 37.11538, -0.31751 ], [ 37.11532, -0.31733 ], [ 37.1152, -0.31717 ], [ 37.11516, -0.31701 ], [ 37.11518, -0.31678 ], [ 37.11536, -0.31653 ], [ 37.11564, -0.31637 ], [ 37.1159, -0.31624 ], [ 37.11615, -0.31611 ], [ 37.11629, -0.31597 ], [ 37.11633, -0.31579 ], [ 37.11632, -0.31563 ], [ 37.11628, -0.31541 ], [ 37.11633, -0.31522 ], [ 37.11652, -0.31509 ], [ 37.11679, -0.31501 ], [ 37.11704, -0.31493 ], [ 37.11724, -0.3148 ], [ 37.11762, -0.31451 ], [ 37.11813, -0.314 ], [ 37.11855, -0.31364 ], [ 37.11898, -0.31338 ], [ 37.11927, -0.31315 ], [ 37.11958, -0.31283 ], [ 37.11978, -0.3126 ], [ 37.11997, -0.3124 ], [ 37.12023, -0.31224 ], [ 37.12053, -0.3122 ], [ 37.1208, -0.3122 ], [ 37.121, -0.3122 ], [ 37.12118, -0.3123 ], [ 37.1214, -0.3125 ], [ 37.12166, -0.31264 ], [ 37.12188, -0.31265 ], [ 37.12208, -0.31251 ], [ 37.12222, -0.31233 ], [ 37.12233, -0.31207 ], [ 37.12246, -0.31182 ], [ 37.12257, -0.31165 ], [ 37.1228, -0.31149 ], [ 37.12294, -0.31132 ], [ 37.12309, -0.31111 ], [ 37.12318, -0.31093 ], [ 37.12323, -0.31069 ], [ 37.1232, -0.31046 ], [ 37.12308, -0.31021 ], [ 37.12296, -0.31001 ], [ 37.12293, -0.30978 ], [ 37.12298, -0.30949 ], [ 37.1231, -0.30919 ], [ 37.12321, -0.30904 ], [ 37.1233, -0.30892 ], [ 37.12352, -0.30887 ], [ 37.12367, -0.30887 ], [ 37.12382, -0.30886 ], [ 37.12395, -0.30875 ], [ 37.12399, -0.30862 ], [ 37.12399, -0.30848 ], [ 37.12402, -0.30829 ], [ 37.1241, -0.30805 ], [ 37.12426, -0.30783 ], [ 37.12453, -0.30765 ], [ 37.12494, -0.30742 ], [ 37.12526, -0.30729 ], [ 37.12559, -0.30721 ], [ 37.12586, -0.30719 ], [ 37.12616, -0.30715 ], [ 37.12651, -0.30701 ], [ 37.12686, -0.3068 ], [ 37.12716, -0.30657 ], [ 37.12738, -0.30633 ], [ 37.12755, -0.30595 ], [ 37.12763, -0.30568 ], [ 37.12773, -0.30551 ], [ 37.12796, -0.30531 ], [ 37.12823, -0.30521 ], [ 37.12866, -0.30514 ], [ 37.12897, -0.30514 ], [ 37.12933, -0.30517 ], [ 37.12955, -0.30518 ], [ 37.12979, -0.30513 ], [ 37.13002, -0.30505 ], [ 37.13017, -0.30495 ], [ 37.13043, -0.3049 ], [ 37.1306, -0.30491 ], [ 37.13081, -0.30493 ], [ 37.13108, -0.30503 ], [ 37.13133, -0.30518 ], [ 37.13156, -0.30523 ], [ 37.13183, -0.30537 ], [ 37.13211, -0.30563 ], [ 37.13234, -0.30583 ], [ 37.13259, -0.30601 ], [ 37.1329, -0.30607 ], [ 37.13322, -0.30603 ], [ 37.13344, -0.30597 ], [ 37.13381, -0.30573 ], [ 37.13423, -0.30556 ], [ 37.13453, -0.30547 ], [ 37.13485, -0.30544 ], [ 37.13518, -0.30544 ], [ 37.13546, -0.30551 ], [ 37.13563, -0.3057 ], [ 37.13566, -0.30588 ], [ 37.1358, -0.3061 ], [ 37.13602, -0.30628 ], [ 37.13636, -0.30639 ], [ 37.13665, -0.30645 ], [ 37.13689, -0.30648 ], [ 37.13713, -0.3065 ], [ 37.13736, -0.30655 ], [ 37.13756, -0.30673 ], [ 37.13779, -0.30676 ], [ 37.13796, -0.30676 ], [ 37.13818, -0.30671 ], [ 37.13831, -0.30658 ], [ 37.13847, -0.3064 ], [ 37.13859, -0.30623 ], [ 37.13873, -0.30602 ], [ 37.13888, -0.30588 ], [ 37.13901, -0.30582 ], [ 37.13919, -0.30582 ], [ 37.13934, -0.30589 ], [ 37.1394, -0.30603 ], [ 37.13946, -0.3062 ], [ 37.13956, -0.30637 ], [ 37.13981, -0.30641 ], [ 37.14013, -0.30642 ], [ 37.14047, -0.30643 ], [ 37.14076, -0.30649 ], [ 37.14098, -0.30655 ], [ 37.14126, -0.30657 ], [ 37.14152, -0.30654 ], [ 37.14182, -0.30645 ], [ 37.14211, -0.30639 ], [ 37.14238, -0.30637 ], [ 37.1426, -0.30634 ], [ 37.1428, -0.30627 ], [ 37.143, -0.30618 ], [ 37.1432, -0.30618 ], [ 37.14336, -0.30618 ], [ 37.14354, -0.30626 ], [ 37.14372, -0.3064 ], [ 37.14396, -0.30643 ], [ 37.14421, -0.30641 ], [ 37.14439, -0.30626 ], [ 37.14454, -0.30606 ], [ 37.1447, -0.30578 ], [ 37.1448, -0.30543 ], [ 37.14486, -0.30522 ], [ 37.14507, -0.30506 ], [ 37.14528, -0.30506 ], [ 37.14548, -0.30511 ], [ 37.14558, -0.30524 ], [ 37.14571, -0.30544 ], [ 37.14585, -0.30558 ], [ 37.14606, -0.30548 ], [ 37.14618, -0.30525 ], [ 37.14636, -0.30508 ], [ 37.14666, -0.30499 ], [ 37.14693, -0.30496 ], [ 37.14718, -0.30496 ], [ 37.14743, -0.30501 ], [ 37.14764, -0.30514 ], [ 37.14787, -0.3053 ], [ 37.14803, -0.3054 ], [ 37.14823, -0.3054 ], [ 37.14839, -0.30533 ], [ 37.14848, -0.30522 ], [ 37.14858, -0.30501 ], [ 37.14868, -0.30469 ], [ 37.14886, -0.30444 ], [ 37.14917, -0.30421 ], [ 37.14957, -0.30408 ], [ 37.15014, -0.30397 ], [ 37.15086, -0.30389 ], [ 37.15166, -0.30382 ], [ 37.15231, -0.3038 ], [ 37.15286, -0.30369 ], [ 37.15319, -0.30366 ], [ 37.15332, -0.30358 ], [ 37.15378, -0.3034 ], [ 37.15399, -0.30333 ], [ 37.15435, -0.3031 ], [ 37.15483, -0.30285 ], [ 37.1551, -0.30265 ], [ 37.15531, -0.30244 ], [ 37.15552, -0.30216 ], [ 37.15568, -0.30196 ], [ 37.15583, -0.3017 ], [ 37.15605, -0.30154 ], [ 37.15629, -0.30145 ], [ 37.15656, -0.30136 ], [ 37.15687, -0.30122 ], [ 37.15715, -0.30103 ], [ 37.15735, -0.30084 ], [ 37.15752, -0.3006 ], [ 37.15769, -0.30032 ], [ 37.15788, -0.30005 ], [ 37.15804, -0.29984 ], [ 37.15816, -0.29971 ], [ 37.15831, -0.29944 ], [ 37.15837, -0.29918 ], [ 37.15843, -0.29893 ], [ 37.15854, -0.29868 ], [ 37.15869, -0.29855 ], [ 37.15893, -0.2985 ], [ 37.15937, -0.29848 ], [ 37.15958, -0.29844 ], [ 37.15987, -0.29821 ], [ 37.16008, -0.29797 ], [ 37.16024, -0.29772 ], [ 37.16041, -0.29744 ], [ 37.16062, -0.2971 ], [ 37.16087, -0.29678 ], [ 37.16108, -0.29656 ], [ 37.1613, -0.2963 ], [ 37.16149, -0.29612 ], [ 37.16174, -0.29598 ], [ 37.16209, -0.2959 ], [ 37.16238, -0.29587 ], [ 37.16272, -0.29587 ], [ 37.16323, -0.2959 ], [ 37.16363, -0.29592 ], [ 37.16387, -0.29582 ], [ 37.16402, -0.29571 ], [ 37.16418, -0.29548 ], [ 37.16437, -0.2953 ], [ 37.16471, -0.29506 ], [ 37.16507, -0.29486 ], [ 37.16532, -0.29478 ], [ 37.16562, -0.29478 ], [ 37.16581, -0.29474 ], [ 37.16601, -0.29467 ], [ 37.16621, -0.29448 ], [ 37.16641, -0.29432 ], [ 37.16667, -0.29416 ], [ 37.16688, -0.29408 ], [ 37.16711, -0.29408 ], [ 37.16737, -0.29408 ], [ 37.16763, -0.29418 ], [ 37.16796, -0.29433 ], [ 37.16829, -0.29454 ], [ 37.16852, -0.2947 ], [ 37.16875, -0.29488 ], [ 37.16895, -0.29496 ], [ 37.1692, -0.29493 ], [ 37.16947, -0.29486 ], [ 37.16972, -0.29486 ], [ 37.16999, -0.29486 ], [ 37.1703, -0.29498 ], [ 37.17058, -0.2951 ], [ 37.17099, -0.29532 ], [ 37.17136, -0.29557 ], [ 37.17162, -0.29566 ], [ 37.17194, -0.29572 ], [ 37.17231, -0.29572 ], [ 37.1727, -0.29571 ], [ 37.17299, -0.29562 ], [ 37.17316, -0.29557 ], [ 37.17338, -0.29545 ], [ 37.17386, -0.29513 ], [ 37.17428, -0.29492 ], [ 37.17461, -0.29468 ], [ 37.17488, -0.29455 ], [ 37.17512, -0.29448 ], [ 37.17546, -0.29448 ], [ 37.17562, -0.29457 ], [ 37.17591, -0.2947 ], [ 37.17614, -0.29483 ], [ 37.17641, -0.29489 ], [ 37.17664, -0.29492 ], [ 37.17687, -0.29479 ], [ 37.17707, -0.2947 ], [ 37.17736, -0.29466 ], [ 37.17762, -0.29459 ], [ 37.17787, -0.29459 ], [ 37.17812, -0.29459 ], [ 37.17838, -0.29447 ], [ 37.17872, -0.29424 ], [ 37.17896, -0.29407 ], [ 37.17914, -0.29389 ], [ 37.17934, -0.2936 ], [ 37.17954, -0.29329 ], [ 37.17974, -0.29304 ], [ 37.17996, -0.29286 ], [ 37.18026, -0.29271 ], [ 37.1807, -0.29259 ], [ 37.18111, -0.29238 ], [ 37.18139, -0.29224 ], [ 37.18171, -0.29209 ], [ 37.18194, -0.29199 ], [ 37.18213, -0.29178 ], [ 37.18228, -0.29159 ], [ 37.18249, -0.29149 ], [ 37.1827, -0.29142 ], [ 37.183, -0.29134 ], [ 37.18319, -0.29124 ], [ 37.18352, -0.29094 ], [ 37.18379, -0.29068 ], [ 37.18418, -0.29047 ], [ 37.1847, -0.29033 ], [ 37.18511, -0.2902 ], [ 37.18539, -0.2901 ], [ 37.18574, -0.28994 ], [ 37.18612, -0.28974 ], [ 37.18644, -0.28955 ], [ 37.18669, -0.2893 ], [ 37.18694, -0.28918 ], [ 37.18721, -0.28912 ], [ 37.18752, -0.28912 ], [ 37.1879, -0.28911 ], [ 37.1882, -0.28905 ], [ 37.18842, -0.28895 ], [ 37.1886, -0.28877 ], [ 37.18871, -0.2886 ], [ 37.18882, -0.28839 ], [ 37.18896, -0.28812 ], [ 37.18921, -0.28773 ], [ 37.18944, -0.28741 ], [ 37.1898, -0.28709 ], [ 37.19019, -0.28678 ], [ 37.19048, -0.28653 ], [ 37.19066, -0.28632 ], [ 37.19083, -0.28606 ], [ 37.19094, -0.28589 ], [ 37.19112, -0.28572 ], [ 37.19132, -0.28558 ], [ 37.19166, -0.28542 ], [ 37.19241, -0.28507 ], [ 37.19292, -0.2848 ], [ 37.19333, -0.28459 ], [ 37.19359, -0.28443 ], [ 37.19374, -0.28427 ], [ 37.19388, -0.28406 ], [ 37.194, -0.28378 ], [ 37.19418, -0.28358 ], [ 37.19446, -0.28334 ], [ 37.19465, -0.28318 ], [ 37.19488, -0.28307 ], [ 37.19517, -0.28303 ], [ 37.19554, -0.28302 ], [ 37.1958, -0.28304 ], [ 37.1961, -0.28299 ], [ 37.1963, -0.28288 ], [ 37.19646, -0.28262 ], [ 37.19652, -0.28233 ], [ 37.19659, -0.28213 ], [ 37.19672, -0.28193 ], [ 37.19685, -0.2818 ], [ 37.19715, -0.28159 ], [ 37.19746, -0.28139 ], [ 37.19786, -0.28128 ], [ 37.1982, -0.28128 ], [ 37.19849, -0.28133 ], [ 37.19879, -0.28139 ], [ 37.19899, -0.28145 ], [ 37.19928, -0.28163 ], [ 37.19948, -0.28173 ], [ 37.19979, -0.28174 ], [ 37.20005, -0.28174 ], [ 37.20028, -0.2817 ], [ 37.20057, -0.28154 ], [ 37.2008, -0.28134 ], [ 37.20099, -0.28117 ], [ 37.20123, -0.28092 ], [ 37.20157, -0.28059 ], [ 37.20182, -0.28027 ], [ 37.20196, -0.28009 ], [ 37.20212, -0.27982 ], [ 37.20222, -0.2795 ], [ 37.20235, -0.27924 ], [ 37.20253, -0.279 ], [ 37.20278, -0.2787 ], [ 37.20306, -0.27842 ], [ 37.20323, -0.27819 ], [ 37.20342, -0.27795 ], [ 37.20358, -0.27773 ], [ 37.2037, -0.27751 ], [ 37.20384, -0.27725 ], [ 37.20396, -0.27698 ], [ 37.20411, -0.27677 ], [ 37.2043, -0.27667 ], [ 37.20456, -0.27661 ], [ 37.20487, -0.27656 ], [ 37.20516, -0.27654 ], [ 37.2054, -0.27651 ], [ 37.20566, -0.27652 ], [ 37.2059, -0.27659 ], [ 37.20617, -0.27672 ], [ 37.20644, -0.27676 ], [ 37.20663, -0.27676 ], [ 37.20679, -0.27675 ], [ 37.20698, -0.27666 ], [ 37.20717, -0.27663 ], [ 37.20731, -0.27663 ], [ 37.20751, -0.27668 ], [ 37.20767, -0.27674 ], [ 37.208, -0.27674 ], [ 37.20824, -0.27668 ], [ 37.20851, -0.27651 ], [ 37.20873, -0.27632 ], [ 37.20896, -0.27615 ], [ 37.20919, -0.27592 ], [ 37.20936, -0.27571 ], [ 37.20947, -0.27561 ], [ 37.20969, -0.27553 ], [ 37.2099, -0.27543 ], [ 37.2101, -0.27522 ], [ 37.21028, -0.27501 ], [ 37.21058, -0.27465 ], [ 37.21078, -0.27444 ], [ 37.21105, -0.27422 ], [ 37.2113, -0.27417 ], [ 37.21156, -0.2741 ], [ 37.21193, -0.27399 ], [ 37.21212, -0.27392 ], [ 37.21234, -0.27369 ], [ 37.21242, -0.27351 ], [ 37.21255, -0.27322 ], [ 37.21275, -0.27296 ], [ 37.21299, -0.27271 ], [ 37.21324, -0.27252 ], [ 37.21354, -0.27232 ], [ 37.21389, -0.27216 ], [ 37.21419, -0.27203 ], [ 37.21439, -0.27191 ], [ 37.21454, -0.27174 ], [ 37.21464, -0.27159 ], [ 37.21477, -0.27151 ], [ 37.21494, -0.27151 ], [ 37.21511, -0.27158 ], [ 37.2153, -0.2716 ], [ 37.21547, -0.27158 ], [ 37.2156, -0.27144 ], [ 37.21578, -0.27128 ], [ 37.21601, -0.27106 ], [ 37.21631, -0.27081 ], [ 37.2166, -0.27065 ], [ 37.21698, -0.27051 ], [ 37.21736, -0.27037 ], [ 37.21773, -0.27028 ], [ 37.21816, -0.27026 ], [ 37.21842, -0.27024 ], [ 37.21867, -0.2702 ], [ 37.21886, -0.27006 ], [ 37.21901, -0.26987 ], [ 37.21917, -0.26968 ], [ 37.21937, -0.26962 ], [ 37.21967, -0.26963 ], [ 37.22014, -0.26965 ], [ 37.22059, -0.26966 ], [ 37.22079, -0.26963 ], [ 37.22102, -0.26953 ], [ 37.22127, -0.26946 ], [ 37.22154, -0.26939 ], [ 37.22176, -0.26939 ], [ 37.22198, -0.2694 ], [ 37.22221, -0.26944 ], [ 37.22247, -0.26958 ], [ 37.22278, -0.26974 ], [ 37.22314, -0.26989 ], [ 37.22349, -0.26998 ], [ 37.22378, -0.27 ], [ 37.2241, -0.27003 ], [ 37.22441, -0.27006 ], [ 37.22475, -0.27011 ], [ 37.22494, -0.27007 ], [ 37.22509, -0.27004 ], [ 37.22524, -0.26999 ], [ 37.22538, -0.26999 ], [ 37.22555, -0.26998 ], [ 37.22578, -0.27003 ], [ 37.22602, -0.27006 ], [ 37.22624, -0.27004 ], [ 37.22638, -0.27002 ], [ 37.22649, -0.26985 ], [ 37.22657, -0.26969 ], [ 37.22669, -0.26958 ], [ 37.22683, -0.26959 ], [ 37.22698, -0.26973 ], [ 37.227, -0.26987 ], [ 37.22712, -0.27003 ], [ 37.22738, -0.27004 ], [ 37.22757, -0.26995 ], [ 37.22775, -0.26989 ], [ 37.22799, -0.26989 ], [ 37.22818, -0.26989 ], [ 37.22841, -0.26988 ], [ 37.22858, -0.26976 ], [ 37.22868, -0.26964 ], [ 37.22888, -0.26959 ], [ 37.22908, -0.26958 ], [ 37.2293, -0.2696 ], [ 37.2296, -0.26971 ], [ 37.23008, -0.26979 ], [ 37.2306, -0.26979 ], [ 37.23081, -0.26975 ], [ 37.23103, -0.26962 ], [ 37.23113, -0.26944 ], [ 37.23134, -0.26922 ], [ 37.23152, -0.26907 ], [ 37.23176, -0.26898 ], [ 37.23198, -0.2689 ], [ 37.23222, -0.26875 ], [ 37.23235, -0.26866 ], [ 37.23247, -0.26847 ], [ 37.23256, -0.26825 ], [ 37.23266, -0.26806 ], [ 37.23275, -0.26793 ], [ 37.23293, -0.26789 ], [ 37.23312, -0.26776 ], [ 37.23328, -0.26763 ], [ 37.23333, -0.26759 ], [ 37.23359, -0.26745 ], [ 37.23383, -0.26725 ], [ 37.23398, -0.2671 ], [ 37.23413, -0.26694 ], [ 37.2342, -0.26678 ], [ 37.23424, -0.26662 ], [ 37.23426, -0.26635 ], [ 37.23428, -0.2661 ], [ 37.2343, -0.26583 ], [ 37.23431, -0.26565 ], [ 37.23438, -0.26545 ], [ 37.23452, -0.26528 ], [ 37.2348, -0.26506 ], [ 37.23506, -0.26484 ], [ 37.23523, -0.26463 ], [ 37.23541, -0.26438 ], [ 37.2356, -0.26427 ], [ 37.23588, -0.26417 ], [ 37.23601, -0.264 ], [ 37.23612, -0.26385 ], [ 37.23622, -0.26376 ], [ 37.23644, -0.26366 ], [ 37.23672, -0.26351 ], [ 37.23693, -0.26337 ], [ 37.23705, -0.2632 ], [ 37.23715, -0.26302 ], [ 37.23725, -0.2629 ], [ 37.23741, -0.26276 ], [ 37.23757, -0.26272 ], [ 37.2378, -0.26272 ], [ 37.2383, -0.26272 ], [ 37.23854, -0.26272 ], [ 37.23885, -0.26268 ], [ 37.23899, -0.26262 ], [ 37.2392, -0.26243 ], [ 37.23935, -0.26218 ], [ 37.23944, -0.26197 ], [ 37.2395, -0.26173 ], [ 37.23955, -0.26127 ], [ 37.23965, -0.26097 ], [ 37.23969, -0.2607 ], [ 37.23979, -0.26044 ], [ 37.23995, -0.26023 ], [ 37.24024, -0.26007 ], [ 37.24054, -0.25998 ], [ 37.24077, -0.25995 ], [ 37.24101, -0.25991 ], [ 37.24116, -0.25984 ], [ 37.24127, -0.25977 ], [ 37.24142, -0.2597 ], [ 37.24159, -0.25969 ], [ 37.24179, -0.25968 ], [ 37.24201, -0.25971 ], [ 37.24223, -0.25972 ], [ 37.24239, -0.25967 ], [ 37.24247, -0.25954 ], [ 37.24247, -0.2594 ], [ 37.24244, -0.25927 ], [ 37.24236, -0.25913 ], [ 37.24219, -0.25889 ], [ 37.24216, -0.25869 ], [ 37.24221, -0.25854 ], [ 37.2423, -0.25845 ], [ 37.24246, -0.25843 ], [ 37.24266, -0.25838 ], [ 37.24281, -0.25827 ], [ 37.24298, -0.25809 ], [ 37.2432, -0.25793 ], [ 37.24342, -0.25773 ], [ 37.24356, -0.25756 ], [ 37.24372, -0.25747 ], [ 37.24393, -0.25738 ], [ 37.24411, -0.25724 ], [ 37.24418, -0.25712 ], [ 37.2442, -0.25693 ], [ 37.24418, -0.25664 ], [ 37.24409, -0.25642 ], [ 37.2439, -0.256 ], [ 37.24383, -0.25573 ], [ 37.24379, -0.25542 ], [ 37.24379, -0.25512 ], [ 37.24387, -0.2548 ], [ 37.24399, -0.25456 ], [ 37.24419, -0.25428 ], [ 37.24451, -0.25398 ], [ 37.24481, -0.25362 ], [ 37.24498, -0.25329 ], [ 37.2451, -0.25292 ], [ 37.24528, -0.25261 ], [ 37.24564, -0.25228 ], [ 37.24642, -0.25184 ], [ 37.24702, -0.25141 ], [ 37.24762, -0.25096 ], [ 37.24824, -0.25053 ], [ 37.24892, -0.25014 ], [ 37.24952, -0.24979 ], [ 37.24996, -0.24953 ], [ 37.25032, -0.24934 ], [ 37.25058, -0.24916 ], [ 37.25038, -0.24907 ], [ 37.25018, -0.24899 ], [ 37.24979, -0.24879 ], [ 37.24935, -0.24853 ], [ 37.24906, -0.24833 ], [ 37.24861, -0.24799 ], [ 37.24826, -0.24756 ], [ 37.24799, -0.24726 ], [ 37.24754, -0.24673 ], [ 37.24719, -0.24623 ], [ 37.24684, -0.24565 ], [ 37.24667, -0.24517 ], [ 37.24665, -0.24467 ], [ 37.24664, -0.24417 ], [ 37.24668, -0.2437 ], [ 37.24681, -0.24325 ], [ 37.24704, -0.24283 ], [ 37.24759, -0.24235 ], [ 37.24834, -0.24188 ], [ 37.24901, -0.24149 ], [ 37.24946, -0.24123 ], [ 37.24989, -0.24093 ], [ 37.24993, -0.24068 ], [ 37.24961, -0.24063 ], [ 37.24884, -0.24063 ], [ 37.24788, -0.24078 ], [ 37.24685, -0.24083 ], [ 37.24627, -0.24091 ], [ 37.24567, -0.24089 ], [ 37.24537, -0.24069 ], [ 37.2452, -0.24043 ], [ 37.24511, -0.24016 ], [ 37.24517, -0.23976 ], [ 37.24517, -0.23932 ], [ 37.24512, -0.23898 ], [ 37.24488, -0.23879 ], [ 37.24462, -0.23884 ], [ 37.24445, -0.23914 ], [ 37.24411, -0.23965 ], [ 37.24375, -0.24001 ], [ 37.24341, -0.24018 ], [ 37.243, -0.24025 ], [ 37.24267, -0.24026 ], [ 37.24241, -0.24013 ], [ 37.24231, -0.23995 ], [ 37.2423, -0.23964 ], [ 37.24235, -0.23928 ], [ 37.24235, -0.23899 ], [ 37.24237, -0.23856 ], [ 37.24241, -0.23828 ], [ 37.24258, -0.23806 ], [ 37.24271, -0.23779 ], [ 37.24281, -0.23739 ], [ 37.2428, -0.23694 ], [ 37.24275, -0.23649 ], [ 37.2425, -0.23621 ], [ 37.242, -0.23594 ], [ 37.24145, -0.23568 ], [ 37.24084, -0.23524 ], [ 37.24048, -0.23491 ], [ 37.24014, -0.23458 ], [ 37.24007, -0.23427 ], [ 37.24006, -0.23398 ], [ 37.24007, -0.23373 ], [ 37.24011, -0.23351 ], [ 37.24013, -0.23337 ], [ 37.2403, -0.23307 ], [ 37.24051, -0.23258 ], [ 37.24053, -0.23228 ], [ 37.24038, -0.23204 ], [ 37.24007, -0.23171 ], [ 37.23983, -0.23146 ], [ 37.23977, -0.23114 ], [ 37.23988, -0.23074 ], [ 37.24021, -0.23046 ], [ 37.24047, -0.2302 ], [ 37.24095, -0.22987 ], [ 37.24145, -0.22944 ], [ 37.24188, -0.229 ], [ 37.24231, -0.22864 ], [ 37.24273, -0.2284 ], [ 37.2434, -0.22804 ], [ 37.24367, -0.22752 ], [ 37.24368, -0.22714 ], [ 37.24355, -0.22672 ], [ 37.24321, -0.22643 ], [ 37.24275, -0.22634 ], [ 37.24237, -0.22634 ], [ 37.2417, -0.22632 ], [ 37.24083, -0.22626 ], [ 37.24033, -0.22613 ], [ 37.23994, -0.22594 ], [ 37.23948, -0.22569 ], [ 37.23888, -0.22537 ], [ 37.23838, -0.2248 ], [ 37.23811, -0.2244 ], [ 37.23781, -0.22405 ], [ 37.23759, -0.2238 ], [ 37.23707, -0.22348 ], [ 37.23671, -0.22318 ], [ 37.23647, -0.22286 ], [ 37.23634, -0.22255 ], [ 37.23617, -0.22223 ], [ 37.23616, -0.22183 ], [ 37.23619, -0.22145 ], [ 37.23627, -0.22083 ], [ 37.23631, -0.22036 ], [ 37.23631, -0.21991 ], [ 37.23641, -0.21955 ], [ 37.2366, -0.21918 ], [ 37.23687, -0.21895 ], [ 37.23741, -0.21855 ], [ 37.23797, -0.21826 ], [ 37.23831, -0.21808 ], [ 37.23851, -0.21775 ], [ 37.23858, -0.21744 ], [ 37.23857, -0.21711 ], [ 37.23841, -0.21678 ], [ 37.23804, -0.21637 ], [ 37.23764, -0.21597 ], [ 37.2374, -0.21564 ], [ 37.23721, -0.21521 ], [ 37.23716, -0.21477 ], [ 37.23714, -0.21415 ], [ 37.23711, -0.21345 ], [ 37.23714, -0.21295 ], [ 37.23714, -0.21258 ], [ 37.23707, -0.21228 ], [ 37.23693, -0.21223 ], [ 37.23663, -0.21222 ], [ 37.23618, -0.21224 ], [ 37.23579, -0.21232 ], [ 37.23525, -0.21245 ], [ 37.2349, -0.21263 ], [ 37.23444, -0.21278 ], [ 37.23416, -0.21288 ], [ 37.23367, -0.21299 ], [ 37.23322, -0.21298 ], [ 37.23296, -0.2128 ], [ 37.23279, -0.2125 ], [ 37.23275, -0.21211 ], [ 37.23275, -0.21169 ], [ 37.23281, -0.2113 ], [ 37.23282, -0.21093 ], [ 37.23276, -0.21058 ], [ 37.23256, -0.21034 ], [ 37.23235, -0.21014 ], [ 37.23217, -0.20987 ], [ 37.23202, -0.20958 ], [ 37.23202, -0.20934 ], [ 37.23211, -0.20897 ], [ 37.23243, -0.20854 ], [ 37.23266, -0.20823 ], [ 37.23306, -0.20783 ], [ 37.23342, -0.20752 ], [ 37.23365, -0.20718 ], [ 37.23388, -0.20688 ], [ 37.23424, -0.20652 ], [ 37.23445, -0.20633 ], [ 37.23462, -0.20606 ], [ 37.23464, -0.20575 ], [ 37.23464, -0.20556 ], [ 37.23453, -0.20541 ], [ 37.2343, -0.20532 ], [ 37.23392, -0.2053 ], [ 37.23319, -0.2053 ], [ 37.23251, -0.20526 ], [ 37.23194, -0.20513 ], [ 37.23142, -0.20486 ], [ 37.23089, -0.20454 ], [ 37.23057, -0.20412 ], [ 37.23039, -0.20378 ], [ 37.23039, -0.20336 ], [ 37.23058, -0.20307 ], [ 37.23095, -0.20256 ], [ 37.23106, -0.20218 ], [ 37.23108, -0.20172 ], [ 37.23095, -0.20143 ], [ 37.23064, -0.20117 ], [ 37.23024, -0.20096 ], [ 37.22984, -0.20056 ], [ 37.22956, -0.20027 ], [ 37.22954, -0.19991 ], [ 37.22934, -0.19949 ], [ 37.2291, -0.19921 ], [ 37.22884, -0.19895 ], [ 37.22868, -0.19865 ], [ 37.2287, -0.19827 ], [ 37.22888, -0.19781 ], [ 37.22942, -0.19736 ], [ 37.22988, -0.19684 ], [ 37.23023, -0.19656 ], [ 37.23037, -0.19608 ], [ 37.23029, -0.19588 ], [ 37.23021, -0.19572 ], [ 37.22986, -0.19564 ], [ 37.22926, -0.19574 ], [ 37.22862, -0.19582 ], [ 37.2279, -0.1959 ], [ 37.22739, -0.19541 ], [ 37.22713, -0.19495 ], [ 37.22712, -0.19451 ], [ 37.22712, -0.19386 ], [ 37.22708, -0.19283 ], [ 37.22715, -0.19199 ], [ 37.22706, -0.19144 ], [ 37.22679, -0.19102 ], [ 37.22645, -0.19045 ], [ 37.22622, -0.18993 ], [ 37.22614, -0.18951 ], [ 37.22626, -0.18911 ], [ 37.22649, -0.18873 ], [ 37.22712, -0.18822 ], [ 37.22763, -0.18768 ], [ 37.2283, -0.18715 ], [ 37.22906, -0.18665 ], [ 37.22938, -0.18637 ], [ 37.22959, -0.18591 ], [ 37.22959, -0.18551 ], [ 37.22942, -0.18524 ], [ 37.22904, -0.18498 ], [ 37.2283, -0.18486 ], [ 37.22723, -0.18465 ], [ 37.22654, -0.1845 ], [ 37.22593, -0.18425 ], [ 37.22571, -0.18389 ], [ 37.22571, -0.18343 ], [ 37.22588, -0.18303 ], [ 37.2262, -0.18275 ], [ 37.22654, -0.18242 ], [ 37.22656, -0.18204 ], [ 37.22622, -0.1817 ], [ 37.22578, -0.18145 ], [ 37.22532, -0.18139 ], [ 37.22431, -0.18109 ], [ 37.2237, -0.18092 ], [ 37.22294, -0.18084 ], [ 37.22203, -0.18088 ], [ 37.22109, -0.18118 ], [ 37.22022, -0.18168 ], [ 37.21938, -0.18221 ], [ 37.21858, -0.18256 ], [ 37.21772, -0.18284 ], [ 37.21696, -0.18292 ], [ 37.21616, -0.18324 ], [ 37.21566, -0.18366 ], [ 37.21503, -0.18406 ], [ 37.21452, -0.18437 ], [ 37.214, -0.18477 ], [ 37.21349, -0.1853 ], [ 37.21307, -0.18582 ], [ 37.21256, -0.1862 ], [ 37.21206, -0.18639 ], [ 37.21139, -0.18665 ], [ 37.21048, -0.18707 ], [ 37.20958, -0.18738 ], [ 37.20796, -0.1878 ], [ 37.2064, -0.1882 ], [ 37.20579, -0.18833 ], [ 37.20488, -0.18831 ], [ 37.2039, -0.1882 ], [ 37.20299, -0.18782 ], [ 37.2024, -0.18759 ], [ 37.20179, -0.18761 ], [ 37.20068, -0.18787 ], [ 37.1999, -0.18808 ], [ 37.19901, -0.18843 ], [ 37.19849, -0.18885 ], [ 37.19782, -0.18911 ], [ 37.1971, -0.18913 ], [ 37.19617, -0.18906 ], [ 37.19521, -0.18875 ], [ 37.19394, -0.18812 ], [ 37.19283, -0.18728 ], [ 37.19108, -0.18631 ], [ 37.189, -0.18534 ], [ 37.18761, -0.18465 ], [ 37.18629, -0.1841 ], [ 37.185, -0.18345 ], [ 37.18338, -0.18263 ], [ 37.18107, -0.1817 ], [ 37.18025, -0.18134 ], [ 37.17915, -0.18094 ], [ 37.17833, -0.18099 ], [ 37.17776, -0.18094 ], [ 37.17705, -0.18063 ], [ 37.17652, -0.18027 ], [ 37.17612, -0.18012 ], [ 37.17564, -0.17979 ], [ 37.1753, -0.17956 ], [ 37.17457, -0.17907 ], [ 37.17364, -0.17861 ], [ 37.17289, -0.1783 ], [ 37.17213, -0.17801 ], [ 37.17162, -0.17785 ], [ 37.17087, -0.17756 ], [ 37.17003, -0.1771 ], [ 37.16927, -0.17663 ], [ 37.16865, -0.17641 ], [ 37.16779, -0.17641 ], [ 37.16699, -0.17641 ], [ 37.16615, -0.17641 ], [ 37.16532, -0.17641 ], [ 37.16435, -0.17634 ], [ 37.16357, -0.17619 ], [ 37.16309, -0.17597 ], [ 37.16235, -0.17555 ], [ 37.16187, -0.1753 ], [ 37.16124, -0.17517 ], [ 37.16049, -0.17504 ], [ 37.15991, -0.17504 ], [ 37.15898, -0.17526 ], [ 37.15845, -0.17557 ], [ 37.15807, -0.17586 ], [ 37.15752, -0.17601 ], [ 37.15696, -0.17621 ], [ 37.15626, -0.17619 ], [ 37.15559, -0.17608 ], [ 37.1547, -0.17581 ], [ 37.15404, -0.17559 ], [ 37.15328, -0.17548 ], [ 37.15251, -0.17548 ], [ 37.15164, -0.17561 ], [ 37.15087, -0.17575 ], [ 37.15033, -0.17597 ], [ 37.14974, -0.17632 ], [ 37.14918, -0.17641 ], [ 37.14889, -0.17621 ], [ 37.14883, -0.17572 ], [ 37.14872, -0.17433 ], [ 37.1486, -0.17302 ], [ 37.14849, -0.17144 ], [ 37.1495, -0.17154 ], [ 37.15056, -0.1717 ], [ 37.15207, -0.1719 ], [ 37.15325, -0.17204 ], [ 37.15435, -0.1723 ], [ 37.15535, -0.17236 ], [ 37.15641, -0.17238 ], [ 37.15737, -0.1724 ], [ 37.15851, -0.17242 ], [ 37.16009, -0.17248 ], [ 37.16123, -0.1725 ], [ 37.16229, -0.17262 ], [ 37.16359, -0.17266 ], [ 37.16409, -0.17266 ], [ 37.16491, -0.1726 ], [ 37.16553, -0.17254 ], [ 37.16631, -0.1725 ], [ 37.16707, -0.1725 ], [ 37.16763, -0.17252 ], [ 37.16861, -0.17278 ], [ 37.16931, -0.17302 ], [ 37.17047, -0.17336 ], [ 37.17149, -0.1735 ], [ 37.17275, -0.17352 ], [ 37.17397, -0.17366 ], [ 37.17479, -0.17378 ], [ 37.17547, -0.17392 ], [ 37.17593, -0.17398 ], [ 37.17655, -0.17406 ], [ 37.17829, -0.17414 ], [ 37.18007, -0.17404 ], [ 37.18172, -0.17388 ], [ 37.18272, -0.1737 ], [ 37.18368, -0.1735 ], [ 37.18437, -0.17328 ], [ 37.1852, -0.17346 ], [ 37.18609, -0.17358 ], [ 37.18696, -0.17384 ], [ 37.18755, -0.17417 ], [ 37.18823, -0.17462 ], [ 37.18934, -0.1748 ], [ 37.19016, -0.1748 ], [ 37.19073, -0.17462 ], [ 37.1912, -0.17438 ], [ 37.19155, -0.17396 ], [ 37.19181, -0.17344 ], [ 37.19247, -0.17283 ], [ 37.19298, -0.17236 ], [ 37.1939, -0.17177 ], [ 37.19451, -0.17128 ], [ 37.19559, -0.17083 ], [ 37.1967, -0.17041 ], [ 37.19884, -0.16977 ], [ 37.20063, -0.16921 ], [ 37.20155, -0.16892 ], [ 37.20239, -0.16881 ], [ 37.20338, -0.16869 ], [ 37.20442, -0.16838 ], [ 37.2054, -0.16808 ], [ 37.20618, -0.16782 ], [ 37.20712, -0.16747 ], [ 37.20797, -0.16721 ], [ 37.20914, -0.16702 ], [ 37.21077, -0.16685 ], [ 37.21272, -0.16631 ], [ 37.21389, -0.16603 ], [ 37.21493, -0.16575 ], [ 37.21556, -0.16556 ], [ 37.21648, -0.16511 ], [ 37.21773, -0.16427 ], [ 37.21879, -0.16363 ], [ 37.21963, -0.16309 ], [ 37.22032, -0.16267 ], [ 37.22133, -0.16184 ], [ 37.22227, -0.16086 ], [ 37.22281, -0.16046 ], [ 37.22347, -0.16018 ], [ 37.2241, -0.1598 ], [ 37.22424, -0.15952 ], [ 37.22422, -0.15923 ], [ 37.22382, -0.15902 ], [ 37.22349, -0.15902 ], [ 37.22243, -0.15909 ], [ 37.22187, -0.15895 ], [ 37.22133, -0.15883 ], [ 37.22119, -0.15855 ], [ 37.22121, -0.1582 ], [ 37.2213, -0.15773 ], [ 37.22154, -0.15693 ], [ 37.22154, -0.15653 ], [ 37.22126, -0.15604 ], [ 37.2209, -0.15594 ], [ 37.22069, -0.15604 ], [ 37.22003, -0.15648 ], [ 37.21923, -0.15721 ], [ 37.21839, -0.15738 ], [ 37.21759, -0.15724 ], [ 37.21698, -0.15695 ], [ 37.21653, -0.15646 ], [ 37.21604, -0.15601 ], [ 37.21763, -0.15548 ], [ 37.21844, -0.15515 ], [ 37.21892, -0.15475 ], [ 37.219, -0.15404 ], [ 37.21877, -0.15319 ], [ 37.21834, -0.15225 ], [ 37.21814, -0.15112 ], [ 37.21809, -0.15039 ], [ 37.21794, -0.15001 ], [ 37.21778, -0.14956 ], [ 37.21756, -0.14896 ], [ 37.2175, -0.14849 ], [ 37.2175, -0.14808 ], [ 37.21765, -0.14765 ], [ 37.21789, -0.1472 ], [ 37.21793, -0.14718 ], [ 37.21826, -0.14692 ], [ 37.21863, -0.14673 ], [ 37.21905, -0.14666 ], [ 37.21945, -0.14663 ], [ 37.21994, -0.14652 ], [ 37.22046, -0.14634 ], [ 37.22133, -0.14593 ], [ 37.22177, -0.14568 ], [ 37.2221, -0.14545 ], [ 37.2223, -0.14524 ], [ 37.22233, -0.14495 ], [ 37.22218, -0.14458 ], [ 37.22159, -0.14414 ], [ 37.22095, -0.14381 ], [ 37.22005, -0.14335 ], [ 37.21904, -0.1428 ], [ 37.2187, -0.14238 ], [ 37.21843, -0.142 ], [ 37.21837, -0.14159 ], [ 37.21837, -0.14122 ], [ 37.2185, -0.1409 ], [ 37.21896, -0.14065 ], [ 37.2197, -0.14053 ], [ 37.22049, -0.14053 ], [ 37.22087, -0.14045 ], [ 37.22126, -0.14025 ], [ 37.22138, -0.13999 ], [ 37.22136, -0.13966 ], [ 37.22113, -0.13925 ], [ 37.22057, -0.13872 ], [ 37.22008, -0.13818 ], [ 37.21993, -0.13772 ], [ 37.21993, -0.13728 ], [ 37.22024, -0.1369 ], [ 37.22085, -0.13662 ], [ 37.22169, -0.13642 ], [ 37.2225, -0.13616 ], [ 37.22307, -0.13594 ], [ 37.22334, -0.13566 ], [ 37.22335, -0.13538 ], [ 37.22332, -0.13502 ], [ 37.22304, -0.13463 ], [ 37.22268, -0.13418 ], [ 37.22163, -0.1331 ], [ 37.22088, -0.13255 ], [ 37.22062, -0.13226 ], [ 37.22044, -0.13173 ], [ 37.22042, -0.1312 ], [ 37.22052, -0.13073 ], [ 37.22077, -0.1301 ], [ 37.221, -0.12921 ], [ 37.22112, -0.12892 ], [ 37.22116, -0.12857 ], [ 37.22122, -0.12807 ], [ 37.22134, -0.12778 ], [ 37.22153, -0.12751 ], [ 37.22178, -0.12736 ], [ 37.22184, -0.12731 ], [ 37.22205, -0.12717 ], [ 37.22237, -0.12711 ], [ 37.22273, -0.12706 ], [ 37.22311, -0.12704 ], [ 37.22359, -0.12695 ], [ 37.22389, -0.12678 ], [ 37.22414, -0.12662 ], [ 37.22434, -0.12629 ], [ 37.22453, -0.12605 ], [ 37.22454, -0.12572 ], [ 37.22454, -0.12536 ], [ 37.22451, -0.125 ], [ 37.22459, -0.12472 ], [ 37.22476, -0.12447 ], [ 37.22496, -0.12439 ], [ 37.22515, -0.12439 ], [ 37.22556, -0.12444 ], [ 37.2259, -0.12455 ], [ 37.22629, -0.12475 ], [ 37.22726, -0.12562 ], [ 37.22835, -0.12689 ], [ 37.22891, -0.12743 ], [ 37.22966, -0.12786 ], [ 37.23022, -0.128 ], [ 37.23049, -0.12796 ], [ 37.231, -0.12784 ], [ 37.23125, -0.12762 ], [ 37.23132, -0.12726 ], [ 37.23132, -0.12659 ], [ 37.23127, -0.12561 ], [ 37.23118, -0.12489 ], [ 37.23099, -0.12417 ], [ 37.2308, -0.12336 ], [ 37.23043, -0.12252 ], [ 37.23019, -0.12155 ], [ 37.23002, -0.12065 ], [ 37.22991, -0.11944 ], [ 37.22994, -0.11862 ], [ 37.23007, -0.11816 ], [ 37.23036, -0.11771 ], [ 37.23074, -0.11726 ], [ 37.23113, -0.11707 ], [ 37.23144, -0.11704 ], [ 37.23172, -0.11704 ], [ 37.23222, -0.11723 ], [ 37.23267, -0.11749 ], [ 37.23342, -0.1182 ], [ 37.23398, -0.11884 ], [ 37.23472, -0.11957 ], [ 37.23573, -0.12079 ], [ 37.23603, -0.12112 ], [ 37.23622, -0.12133 ], [ 37.23661, -0.12149 ], [ 37.23682, -0.12149 ], [ 37.23711, -0.12138 ], [ 37.23737, -0.12118 ], [ 37.2375, -0.1208 ], [ 37.2374, -0.12019 ], [ 37.23712, -0.11912 ], [ 37.23711, -0.11907 ], [ 37.23689, -0.11821 ], [ 37.23645, -0.11712 ], [ 37.23615, -0.11657 ], [ 37.23604, -0.11612 ], [ 37.23609, -0.11579 ], [ 37.2362, -0.11548 ], [ 37.2365, -0.11518 ], [ 37.23687, -0.11486 ], [ 37.23718, -0.11464 ], [ 37.23734, -0.11436 ], [ 37.23728, -0.11401 ], [ 37.237, -0.11362 ], [ 37.23665, -0.11326 ], [ 37.23617, -0.11278 ], [ 37.23575, -0.11231 ], [ 37.23558, -0.11195 ], [ 37.23558, -0.11144 ], [ 37.23553, -0.11042 ], [ 37.23536, -0.10953 ], [ 37.23527, -0.10895 ], [ 37.23525, -0.1088 ], [ 37.23517, -0.10811 ], [ 37.23523, -0.10765 ], [ 37.23544, -0.10716 ], [ 37.23564, -0.10693 ], [ 37.23604, -0.10649 ], [ 37.2364, -0.1061 ], [ 37.23654, -0.10595 ], [ 37.2377, -0.10603 ], [ 37.24159, -0.10858 ], [ 37.24238, -0.1091 ], [ 37.2494, -0.11369 ], [ 37.27688, -0.1317 ], [ 37.2922, -0.14174 ], [ 37.30783, -0.15198 ] ] ] } },
{ "type": "Feature", "properties": { "entity_id": 294, "p_entity": 37, "name": "Mukurweini Sub County" }, "geometry": { "type": "Polygon", "coordinates": [ [ [ 37.0821, -0.52002 ], [ 37.08192, -0.52031 ], [ 37.08172, -0.52068 ], [ 37.0815, -0.52103 ], [ 37.08116, -0.52131 ], [ 37.08089, -0.52154 ], [ 37.08071, -0.522 ], [ 37.08073, -0.5221 ], [ 37.08076, -0.52224 ], [ 37.08094, -0.52243 ], [ 37.08111, -0.52261 ], [ 37.08142, -0.52283 ], [ 37.08174, -0.52294 ], [ 37.08208, -0.52306 ], [ 37.08244, -0.52306 ], [ 37.08287, -0.52297 ], [ 37.08325, -0.52297 ], [ 37.08368, -0.52297 ], [ 37.08391, -0.52295 ], [ 37.08391, -0.52295 ], [ 37.08407, -0.52293 ], [ 37.08432, -0.52289 ], [ 37.08452, -0.52288 ], [ 37.08469, -0.523 ], [ 37.08484, -0.5232 ], [ 37.08508, -0.52361 ], [ 37.08508, -0.52362 ], [ 37.08519, -0.52387 ], [ 37.0852, -0.52388 ], [ 37.08527, -0.52402 ], [ 37.08528, -0.52407 ], [ 37.08533, -0.52419 ], [ 37.0854, -0.52437 ], [ 37.08546, -0.52452 ], [ 37.0855, -0.52472 ], [ 37.08552, -0.52491 ], [ 37.08553, -0.52513 ], [ 37.08553, -0.52518 ], [ 37.08551, -0.52539 ], [ 37.0855, -0.52564 ], [ 37.08548, -0.52575 ], [ 37.08548, -0.52604 ], [ 37.08553, -0.52648 ], [ 37.08553, -0.5269 ], [ 37.08554, -0.52725 ], [ 37.08555, -0.52755 ], [ 37.08557, -0.5276 ], [ 37.08561, -0.52766 ], [ 37.08574, -0.52786 ], [ 37.08586, -0.52801 ], [ 37.08605, -0.52818 ], [ 37.08624, -0.52825 ], [ 37.08643, -0.52817 ], [ 37.08657, -0.52808 ], [ 37.08672, -0.52806 ], [ 37.08687, -0.52812 ], [ 37.08699, -0.52822 ], [ 37.08713, -0.5283 ], [ 37.08728, -0.52835 ], [ 37.08742, -0.5284 ], [ 37.0876, -0.52848 ], [ 37.08774, -0.52856 ], [ 37.08789, -0.52864 ], [ 37.0881, -0.52878 ], [ 37.08823, -0.52893 ], [ 37.08833, -0.52905 ], [ 37.08843, -0.52918 ], [ 37.08849, -0.52931 ], [ 37.0885, -0.52942 ], [ 37.08855, -0.5295 ], [ 37.08856, -0.52969 ], [ 37.08856, -0.53009 ], [ 37.08855, -0.53035 ], [ 37.08836, -0.53071 ], [ 37.08824, -0.53097 ], [ 37.08815, -0.53116 ], [ 37.08804, -0.5315 ], [ 37.08801, -0.53185 ], [ 37.08799, -0.53214 ], [ 37.08799, -0.53243 ], [ 37.08799, -0.53282 ], [ 37.08799, -0.53301 ], [ 37.088, -0.53304 ], [ 37.08801, -0.53321 ], [ 37.08804, -0.53343 ], [ 37.08805, -0.53359 ], [ 37.08808, -0.53377 ], [ 37.08811, -0.5339 ], [ 37.08821, -0.53403 ], [ 37.08839, -0.53427 ], [ 37.08858, -0.53452 ], [ 37.08869, -0.53467 ], [ 37.0888, -0.5348 ], [ 37.089, -0.535 ], [ 37.08912, -0.53513 ], [ 37.08923, -0.53525 ], [ 37.08938, -0.53536 ], [ 37.08954, -0.53547 ], [ 37.08968, -0.53553 ], [ 37.08987, -0.5356 ], [ 37.09006, -0.53565 ], [ 37.09022, -0.53567 ], [ 37.09048, -0.53567 ], [ 37.09064, -0.53565 ], [ 37.09085, -0.53561 ], [ 37.09091, -0.5356 ], [ 37.09097, -0.53559 ], [ 37.0911, -0.53557 ], [ 37.09129, -0.53554 ], [ 37.09155, -0.53547 ], [ 37.0917, -0.53544 ], [ 37.09185, -0.53542 ], [ 37.09211, -0.53541 ], [ 37.09247, -0.53541 ], [ 37.09292, -0.5354 ], [ 37.09337, -0.53539 ], [ 37.094, -0.53537 ], [ 37.09436, -0.53538 ], [ 37.0947, -0.53539 ], [ 37.09503, -0.53541 ], [ 37.09504, -0.53541 ], [ 37.09505, -0.53541 ], [ 37.09531, -0.53543 ], [ 37.0955, -0.53548 ], [ 37.09562, -0.5356 ], [ 37.09563, -0.53565 ], [ 37.09566, -0.53581 ], [ 37.09566, -0.53582 ], [ 37.09566, -0.53582 ], [ 37.0957, -0.53608 ], [ 37.09578, -0.53639 ], [ 37.09578, -0.53659 ], [ 37.09581, -0.53674 ], [ 37.09583, -0.53687 ], [ 37.09593, -0.53709 ], [ 37.09609, -0.53724 ], [ 37.09631, -0.53737 ], [ 37.09642, -0.53754 ], [ 37.09645, -0.53763 ], [ 37.09648, -0.53775 ], [ 37.09648, -0.53792 ], [ 37.09647, -0.53813 ], [ 37.09641, -0.53839 ], [ 37.0963, -0.53865 ], [ 37.0962, -0.53884 ], [ 37.09596, -0.53938 ], [ 37.09577, -0.53971 ], [ 37.09555, -0.54009 ], [ 37.09542, -0.54037 ], [ 37.09524, -0.54075 ], [ 37.09509, -0.54103 ], [ 37.09512, -0.54113 ], [ 37.09526, -0.54129 ], [ 37.09538, -0.54137 ], [ 37.09538, -0.54137 ], [ 37.09555, -0.54147 ], [ 37.09573, -0.54154 ], [ 37.0959, -0.54161 ], [ 37.0961, -0.54166 ], [ 37.09631, -0.54169 ], [ 37.09648, -0.54169 ], [ 37.09649, -0.54169 ], [ 37.09669, -0.54169 ], [ 37.09682, -0.54169 ], [ 37.09711, -0.54167 ], [ 37.09779, -0.54159 ], [ 37.09817, -0.54156 ], [ 37.09843, -0.54158 ], [ 37.09855, -0.54162 ], [ 37.09861, -0.54166 ], [ 37.09867, -0.54171 ], [ 37.09881, -0.5419 ], [ 37.09908, -0.5423 ], [ 37.09945, -0.54283 ], [ 37.09965, -0.54312 ], [ 37.09981, -0.54331 ], [ 37.09997, -0.54348 ], [ 37.10015, -0.54362 ], [ 37.10035, -0.54375 ], [ 37.10056, -0.54386 ], [ 37.10071, -0.54388 ], [ 37.10073, -0.54388 ], [ 37.10089, -0.54388 ], [ 37.10107, -0.54387 ], [ 37.10119, -0.54383 ], [ 37.10139, -0.54374 ], [ 37.10185, -0.54353 ], [ 37.10204, -0.54345 ], [ 37.10217, -0.54339 ], [ 37.10249, -0.5433 ], [ 37.10276, -0.54326 ], [ 37.10295, -0.54324 ], [ 37.10317, -0.54325 ], [ 37.10336, -0.54331 ], [ 37.10353, -0.54342 ], [ 37.10382, -0.54363 ], [ 37.10399, -0.54375 ], [ 37.10424, -0.54393 ], [ 37.10441, -0.54409 ], [ 37.10456, -0.54427 ], [ 37.10475, -0.54446 ], [ 37.1049, -0.54463 ], [ 37.10516, -0.54491 ], [ 37.1053, -0.54506 ], [ 37.10543, -0.54517 ], [ 37.1056, -0.5453 ], [ 37.10578, -0.54537 ], [ 37.10592, -0.5454 ], [ 37.10611, -0.54538 ], [ 37.10626, -0.54536 ], [ 37.10644, -0.54533 ], [ 37.10665, -0.54527 ], [ 37.10684, -0.54527 ], [ 37.10707, -0.54526 ], [ 37.10735, -0.54526 ], [ 37.10771, -0.54526 ], [ 37.10808, -0.54526 ], [ 37.10839, -0.54525 ], [ 37.10858, -0.54521 ], [ 37.10879, -0.54514 ], [ 37.10892, -0.54504 ], [ 37.10893, -0.54503 ], [ 37.10903, -0.54485 ], [ 37.10905, -0.54459 ], [ 37.10906, -0.54428 ], [ 37.10908, -0.54406 ], [ 37.10913, -0.54382 ], [ 37.10919, -0.5436 ], [ 37.10927, -0.54341 ], [ 37.10939, -0.54318 ], [ 37.10958, -0.54287 ], [ 37.10973, -0.54263 ], [ 37.1099, -0.54243 ], [ 37.11005, -0.54226 ], [ 37.11014, -0.54216 ], [ 37.11029, -0.542 ], [ 37.11043, -0.54188 ], [ 37.11061, -0.54173 ], [ 37.11071, -0.54165 ], [ 37.11086, -0.5416 ], [ 37.11102, -0.5416 ], [ 37.1112, -0.54164 ], [ 37.11136, -0.54172 ], [ 37.11153, -0.54182 ], [ 37.11172, -0.54198 ], [ 37.11192, -0.54212 ], [ 37.1121, -0.54224 ], [ 37.11227, -0.54233 ], [ 37.11249, -0.54238 ], [ 37.11265, -0.5424 ], [ 37.11291, -0.54242 ], [ 37.11316, -0.54241 ], [ 37.11349, -0.54237 ], [ 37.11371, -0.54231 ], [ 37.11401, -0.54224 ], [ 37.11421, -0.54222 ], [ 37.11446, -0.5422 ], [ 37.11471, -0.54219 ], [ 37.11496, -0.54217 ], [ 37.11519, -0.54216 ], [ 37.11542, -0.54215 ], [ 37.11564, -0.5421 ], [ 37.11594, -0.54197 ], [ 37.11604, -0.54192 ], [ 37.11613, -0.54187 ], [ 37.11636, -0.54175 ], [ 37.11653, -0.54165 ], [ 37.11669, -0.54149 ], [ 37.11691, -0.54149 ], [ 37.11712, -0.54147 ], [ 37.11727, -0.54146 ], [ 37.11746, -0.54148 ], [ 37.11773, -0.54147 ], [ 37.11789, -0.54144 ], [ 37.11808, -0.54138 ], [ 37.11824, -0.54125 ], [ 37.11839, -0.54109 ], [ 37.11867, -0.54078 ], [ 37.11889, -0.54057 ], [ 37.1191, -0.54041 ], [ 37.11944, -0.54017 ], [ 37.11964, -0.54003 ], [ 37.11988, -0.53993 ], [ 37.12004, -0.53987 ], [ 37.12021, -0.53982 ], [ 37.12038, -0.53979 ], [ 37.12071, -0.53976 ], [ 37.12093, -0.53975 ], [ 37.12117, -0.53973 ], [ 37.12138, -0.5397 ], [ 37.12156, -0.53966 ], [ 37.12163, -0.53964 ], [ 37.12176, -0.53961 ], [ 37.12203, -0.53952 ], [ 37.12222, -0.53944 ], [ 37.12244, -0.53939 ], [ 37.12259, -0.53937 ], [ 37.12272, -0.53936 ], [ 37.12292, -0.53937 ], [ 37.12305, -0.53939 ], [ 37.12318, -0.53943 ], [ 37.1234, -0.5395 ], [ 37.12364, -0.53956 ], [ 37.12378, -0.53958 ], [ 37.12384, -0.53959 ], [ 37.12395, -0.53961 ], [ 37.1241, -0.53964 ], [ 37.12429, -0.53969 ], [ 37.12431, -0.5397 ], [ 37.12477, -0.5398 ], [ 37.12525, -0.53994 ], [ 37.12571, -0.54008 ], [ 37.12608, -0.5402 ], [ 37.12631, -0.54026 ], [ 37.12646, -0.54027 ], [ 37.12673, -0.54026 ], [ 37.12691, -0.54016 ], [ 37.12711, -0.54 ], [ 37.12738, -0.53989 ], [ 37.12758, -0.53985 ], [ 37.12774, -0.53979 ], [ 37.12788, -0.53971 ], [ 37.12803, -0.53968 ], [ 37.1282, -0.53968 ], [ 37.12851, -0.53968 ], [ 37.12869, -0.53968 ], [ 37.1289, -0.53963 ], [ 37.12897, -0.53961 ], [ 37.12902, -0.53959 ], [ 37.12917, -0.53954 ], [ 37.12936, -0.53941 ], [ 37.1295, -0.53927 ], [ 37.12955, -0.53922 ], [ 37.12962, -0.53916 ], [ 37.12972, -0.53905 ], [ 37.12983, -0.53888 ], [ 37.13003, -0.53889 ], [ 37.13022, -0.53895 ], [ 37.13046, -0.53912 ], [ 37.13056, -0.53922 ], [ 37.13059, -0.53926 ], [ 37.13069, -0.53937 ], [ 37.13084, -0.53946 ], [ 37.13089, -0.53961 ], [ 37.13092, -0.5397 ], [ 37.13105, -0.53986 ], [ 37.13124, -0.53998 ], [ 37.13145, -0.54013 ], [ 37.13173, -0.54027 ], [ 37.13196, -0.54038 ], [ 37.13197, -0.54038 ], [ 37.13217, -0.54046 ], [ 37.13234, -0.5405 ], [ 37.13251, -0.54053 ], [ 37.13268, -0.54054 ], [ 37.13291, -0.54056 ], [ 37.13319, -0.54058 ], [ 37.13341, -0.54062 ], [ 37.13363, -0.54065 ], [ 37.13385, -0.54071 ], [ 37.13404, -0.54077 ], [ 37.13422, -0.54081 ], [ 37.13434, -0.54087 ], [ 37.13434, -0.54087 ], [ 37.13448, -0.54092 ], [ 37.13461, -0.54106 ], [ 37.13474, -0.54124 ], [ 37.13484, -0.54144 ], [ 37.13497, -0.5417 ], [ 37.13507, -0.54193 ], [ 37.13525, -0.54226 ], [ 37.13539, -0.54255 ], [ 37.13555, -0.54287 ], [ 37.13576, -0.54329 ], [ 37.13586, -0.5435 ], [ 37.13594, -0.54367 ], [ 37.13599, -0.54386 ], [ 37.13599, -0.54388 ], [ 37.13604, -0.54396 ], [ 37.13606, -0.54424 ], [ 37.13607, -0.54432 ], [ 37.13609, -0.54439 ], [ 37.13617, -0.54464 ], [ 37.13617, -0.54484 ], [ 37.13619, -0.54525 ], [ 37.13619, -0.54542 ], [ 37.13618, -0.54579 ], [ 37.13617, -0.54614 ], [ 37.13616, -0.54643 ], [ 37.13615, -0.5469 ], [ 37.13614, -0.54711 ], [ 37.13607, -0.54772 ], [ 37.13596, -0.54801 ], [ 37.13588, -0.54823 ], [ 37.13564, -0.5485 ], [ 37.1355, -0.54876 ], [ 37.13541, -0.54901 ], [ 37.13535, -0.54942 ], [ 37.13531, -0.54976 ], [ 37.1353, -0.55025 ], [ 37.1353, -0.55059 ], [ 37.13533, -0.55081 ], [ 37.13533, -0.55081 ], [ 37.13531, -0.55083 ], [ 37.13534, -0.55085 ], [ 37.13534, -0.55086 ], [ 37.13541, -0.55103 ], [ 37.13549, -0.5512 ], [ 37.13561, -0.55142 ], [ 37.13577, -0.55169 ], [ 37.13596, -0.55198 ], [ 37.13608, -0.55214 ], [ 37.13619, -0.55231 ], [ 37.13633, -0.55249 ], [ 37.13646, -0.55268 ], [ 37.1366, -0.55288 ], [ 37.13671, -0.55304 ], [ 37.13682, -0.55318 ], [ 37.13687, -0.5533 ], [ 37.13696, -0.55349 ], [ 37.13707, -0.55363 ], [ 37.13718, -0.55387 ], [ 37.13723, -0.55399 ], [ 37.13727, -0.55408 ], [ 37.1374, -0.55431 ], [ 37.13747, -0.55444 ], [ 37.13764, -0.55471 ], [ 37.13775, -0.55492 ], [ 37.13791, -0.55511 ], [ 37.13807, -0.55532 ], [ 37.13821, -0.55549 ], [ 37.13837, -0.55569 ], [ 37.13855, -0.55588 ], [ 37.13874, -0.55605 ], [ 37.1389, -0.55621 ], [ 37.1391, -0.55637 ], [ 37.13926, -0.55652 ], [ 37.13939, -0.55667 ], [ 37.13956, -0.55681 ], [ 37.13971, -0.55695 ], [ 37.13996, -0.55717 ], [ 37.14018, -0.55739 ], [ 37.1403, -0.55752 ], [ 37.14042, -0.55767 ], [ 37.1406, -0.55784 ], [ 37.14072, -0.55799 ], [ 37.14086, -0.55814 ], [ 37.141, -0.55829 ], [ 37.14115, -0.55844 ], [ 37.14126, -0.55854 ], [ 37.14129, -0.55857 ], [ 37.14137, -0.5587 ], [ 37.14148, -0.55883 ], [ 37.14159, -0.55896 ], [ 37.1417, -0.55909 ], [ 37.14181, -0.5592 ], [ 37.14185, -0.55926 ], [ 37.14188, -0.55931 ], [ 37.14198, -0.55943 ], [ 37.1421, -0.55959 ], [ 37.14224, -0.55975 ], [ 37.14236, -0.55987 ], [ 37.14246, -0.55998 ], [ 37.14259, -0.56009 ], [ 37.14269, -0.5602 ], [ 37.14282, -0.56033 ], [ 37.14295, -0.56046 ], [ 37.14306, -0.56057 ], [ 37.14316, -0.56069 ], [ 37.14331, -0.56086 ], [ 37.14341, -0.56098 ], [ 37.14353, -0.56113 ], [ 37.14369, -0.56131 ], [ 37.14386, -0.56145 ], [ 37.14396, -0.56163 ], [ 37.14403, -0.56177 ], [ 37.14412, -0.56195 ], [ 37.14425, -0.56214 ], [ 37.1444, -0.56228 ], [ 37.14453, -0.56241 ], [ 37.14467, -0.56252 ], [ 37.14485, -0.56265 ], [ 37.14501, -0.56278 ], [ 37.14519, -0.56293 ], [ 37.1453, -0.56306 ], [ 37.14543, -0.56323 ], [ 37.14556, -0.56341 ], [ 37.14563, -0.56358 ], [ 37.14563, -0.56368 ], [ 37.14567, -0.5638 ], [ 37.14569, -0.56391 ], [ 37.14572, -0.5641 ], [ 37.14563, -0.5643 ], [ 37.14537, -0.56444 ], [ 37.1452, -0.56475 ], [ 37.14505, -0.56509 ], [ 37.14497, -0.56545 ], [ 37.14493, -0.56583 ], [ 37.14492, -0.56587 ], [ 37.14485, -0.56613 ], [ 37.14479, -0.56659 ], [ 37.14475, -0.56702 ], [ 37.14472, -0.56742 ], [ 37.14469, -0.5679 ], [ 37.14462, -0.56852 ], [ 37.14462, -0.56912 ], [ 37.14462, -0.56965 ], [ 37.14468, -0.57007 ], [ 37.14475, -0.5706 ], [ 37.14491, -0.57126 ], [ 37.14502, -0.57162 ], [ 37.14503, -0.57163 ], [ 37.14503, -0.57165 ], [ 37.14509, -0.57185 ], [ 37.14526, -0.57224 ], [ 37.14546, -0.57262 ], [ 37.14558, -0.57286 ], [ 37.14595, -0.57332 ], [ 37.14619, -0.57356 ], [ 37.14643, -0.57356 ], [ 37.14667, -0.57354 ], [ 37.14704, -0.57353 ], [ 37.14748, -0.57353 ], [ 37.14772, -0.57353 ], [ 37.14773, -0.57353 ], [ 37.14811, -0.57366 ], [ 37.14839, -0.57375 ], [ 37.14866, -0.57382 ], [ 37.14891, -0.57387 ], [ 37.14915, -0.57397 ], [ 37.1495, -0.5742 ], [ 37.1498, -0.57445 ], [ 37.15007, -0.57472 ], [ 37.1502, -0.57498 ], [ 37.15023, -0.57527 ], [ 37.15023, -0.57565 ], [ 37.15026, -0.57589 ], [ 37.15048, -0.57619 ], [ 37.15062, -0.57641 ], [ 37.15081, -0.57684 ], [ 37.15099, -0.57721 ], [ 37.15115, -0.57755 ], [ 37.15117, -0.57787 ], [ 37.15117, -0.5781 ], [ 37.15115, -0.57853 ], [ 37.15115, -0.57882 ], [ 37.15114, -0.57917 ], [ 37.15109, -0.57947 ], [ 37.1509, -0.5798 ], [ 37.15072, -0.58023 ], [ 37.15056, -0.58045 ], [ 37.15043, -0.58076 ], [ 37.15029, -0.58115 ], [ 37.15023, -0.58149 ], [ 37.15022, -0.58177 ], [ 37.15022, -0.58201 ], [ 37.15022, -0.58229 ], [ 37.15044, -0.58259 ], [ 37.15068, -0.58289 ], [ 37.15088, -0.58302 ], [ 37.15094, -0.58309 ], [ 37.1513, -0.58347 ], [ 37.15163, -0.58369 ], [ 37.15184, -0.58383 ], [ 37.15192, -0.58388 ], [ 37.1521, -0.584 ], [ 37.15235, -0.58424 ], [ 37.15238, -0.58426 ], [ 37.15239, -0.58427 ], [ 37.15244, -0.58432 ], [ 37.15276, -0.58462 ], [ 37.15299, -0.58479 ], [ 37.15324, -0.58498 ], [ 37.15365, -0.58528 ], [ 37.15398, -0.5856 ], [ 37.15431, -0.5859 ], [ 37.15463, -0.5863 ], [ 37.15484, -0.58656 ], [ 37.15524, -0.58696 ], [ 37.15581, -0.5874 ], [ 37.15605, -0.58762 ], [ 37.15643, -0.58798 ], [ 37.15655, -0.58822 ], [ 37.15655, -0.58822 ], [ 37.1567, -0.58851 ], [ 37.15692, -0.58877 ], [ 37.15738, -0.58917 ], [ 37.15762, -0.58943 ], [ 37.15767, -0.58949 ], [ 37.15789, -0.58979 ], [ 37.15819, -0.59025 ], [ 37.15842, -0.59059 ], [ 37.15855, -0.59079 ], [ 37.15858, -0.59083 ], [ 37.15858, -0.59083 ], [ 37.15897, -0.59128 ], [ 37.15898, -0.59129 ], [ 37.15925, -0.59159 ], [ 37.15965, -0.59214 ], [ 37.15977, -0.59248 ], [ 37.15992, -0.59272 ], [ 37.16004, -0.59314 ], [ 37.16006, -0.5932 ], [ 37.16016, -0.59348 ], [ 37.16042, -0.59383 ], [ 37.16063, -0.59413 ], [ 37.16091, -0.59431 ], [ 37.16139, -0.59465 ], [ 37.162, -0.59492 ], [ 37.16232, -0.59496 ], [ 37.16261, -0.59504 ], [ 37.16317, -0.59504 ], [ 37.16369, -0.59499 ], [ 37.16397, -0.59498 ], [ 37.16431, -0.59495 ], [ 37.16444, -0.59492 ], [ 37.16454, -0.59489 ], [ 37.16475, -0.59486 ], [ 37.16498, -0.59478 ], [ 37.16519, -0.59474 ], [ 37.16534, -0.59469 ], [ 37.16538, -0.59468 ], [ 37.16562, -0.59471 ], [ 37.16577, -0.59473 ], [ 37.16586, -0.59479 ], [ 37.16596, -0.59486 ], [ 37.16613, -0.59507 ], [ 37.16636, -0.59529 ], [ 37.16669, -0.59553 ], [ 37.16672, -0.59556 ], [ 37.16709, -0.59568 ], [ 37.16721, -0.59553 ], [ 37.16726, -0.59548 ], [ 37.16736, -0.59536 ], [ 37.16743, -0.59514 ], [ 37.16743, -0.59511 ], [ 37.16749, -0.5948 ], [ 37.16754, -0.59435 ], [ 37.16765, -0.59405 ], [ 37.16767, -0.59398 ], [ 37.16794, -0.59364 ], [ 37.16825, -0.59345 ], [ 37.1685, -0.59331 ], [ 37.16856, -0.5933 ], [ 37.16888, -0.59321 ], [ 37.16892, -0.5932 ], [ 37.16916, -0.59325 ], [ 37.16922, -0.59335 ], [ 37.16926, -0.59343 ], [ 37.16931, -0.59391 ], [ 37.16931, -0.59422 ], [ 37.16929, -0.59459 ], [ 37.16929, -0.5951 ], [ 37.16929, -0.59539 ], [ 37.16929, -0.59553 ], [ 37.16929, -0.59581 ], [ 37.16929, -0.59621 ], [ 37.16934, -0.59661 ], [ 37.16943, -0.5974 ], [ 37.16954, -0.59771 ], [ 37.16963, -0.59801 ], [ 37.16984, -0.59845 ], [ 37.16995, -0.59881 ], [ 37.1703, -0.59924 ], [ 37.17049, -0.59946 ], [ 37.17087, -0.59981 ], [ 37.17133, -0.60019 ], [ 37.17159, -0.60034 ], [ 37.17213, -0.60076 ], [ 37.17271, -0.60099 ], [ 37.17302, -0.60126 ], [ 37.17321, -0.60133 ], [ 37.1735, -0.60144 ], [ 37.17372, -0.60148 ], [ 37.17412, -0.6015 ], [ 37.1744, -0.6015 ], [ 37.17468, -0.60148 ], [ 37.17499, -0.60137 ], [ 37.17504, -0.60135 ], [ 37.17534, -0.60131 ], [ 37.17579, -0.60133 ], [ 37.17581, -0.60134 ], [ 37.17615, -0.60138 ], [ 37.17672, -0.60162 ], [ 37.177, -0.60177 ], [ 37.17721, -0.6018 ], [ 37.17732, -0.60181 ], [ 37.17745, -0.60183 ], [ 37.17774, -0.60188 ], [ 37.17791, -0.60191 ], [ 37.17832, -0.60197 ], [ 37.17856, -0.60211 ], [ 37.1787, -0.6022 ], [ 37.1789, -0.60242 ], [ 37.17901, -0.60267 ], [ 37.17902, -0.60334 ], [ 37.17902, -0.60347 ], [ 37.17901, -0.60358 ], [ 37.17924, -0.60409 ], [ 37.17945, -0.60444 ], [ 37.17954, -0.60457 ], [ 37.17959, -0.60514 ], [ 37.17964, -0.60584 ], [ 37.17989, -0.60638 ], [ 37.18008, -0.60681 ], [ 37.18008, -0.60711 ], [ 37.18008, -0.6077 ], [ 37.18024, -0.60911 ], [ 37.18021, -0.61003 ], [ 37.18021, -0.61038 ], [ 37.18025, -0.61051 ], [ 37.18024, -0.61064 ], [ 37.18021, -0.61098 ], [ 37.18036, -0.61119 ], [ 37.18037, -0.61121 ], [ 37.18051, -0.61142 ], [ 37.18058, -0.61152 ], [ 37.18064, -0.61175 ], [ 37.18064, -0.61213 ], [ 37.18064, -0.61245 ], [ 37.1806, -0.61285 ], [ 37.1806, -0.61285 ], [ 37.18049, -0.61308 ], [ 37.18027, -0.61341 ], [ 37.17984, -0.61395 ], [ 37.17959, -0.61466 ], [ 37.17954, -0.61499 ], [ 37.17953, -0.61552 ], [ 37.17953, -0.61574 ], [ 37.17957, -0.61604 ], [ 37.17956, -0.61652 ], [ 37.17951, -0.61712 ], [ 37.17945, -0.61747 ], [ 37.17922, -0.61753 ], [ 37.17904, -0.61751 ], [ 37.17883, -0.61734 ], [ 37.17871, -0.61731 ], [ 37.17854, -0.61726 ], [ 37.17842, -0.6172 ], [ 37.17797, -0.61694 ], [ 37.17788, -0.61692 ], [ 37.17785, -0.61691 ], [ 37.17746, -0.61683 ], [ 37.17739, -0.61686 ], [ 37.17702, -0.61705 ], [ 37.1767, -0.61724 ], [ 37.17638, -0.61751 ], [ 37.17608, -0.61775 ], [ 37.1759, -0.61789 ], [ 37.17546, -0.61823 ], [ 37.1753, -0.61848 ], [ 37.17503, -0.61877 ], [ 37.17494, -0.61902 ], [ 37.17494, -0.61923 ], [ 37.17494, -0.61964 ], [ 37.17503, -0.62007 ], [ 37.17513, -0.62037 ], [ 37.17543, -0.62066 ], [ 37.17573, -0.62066 ], [ 37.1759, -0.62068 ], [ 37.17605, -0.62069 ], [ 37.1764, -0.62072 ], [ 37.17705, -0.62104 ], [ 37.17738, -0.62145 ], [ 37.17738, -0.62168 ], [ 37.17738, -0.62175 ], [ 37.17727, -0.62201 ], [ 37.17708, -0.62226 ], [ 37.17666, -0.62244 ], [ 37.17636, -0.62262 ], [ 37.1759, -0.62275 ], [ 37.17578, -0.62278 ], [ 37.17519, -0.62278 ], [ 37.17485, -0.6228 ], [ 37.17437, -0.62305 ], [ 37.17437, -0.62305 ], [ 37.17416, -0.62329 ], [ 37.174, -0.62381 ], [ 37.17376, -0.62428 ], [ 37.17364, -0.62463 ], [ 37.17361, -0.62492 ], [ 37.17335, -0.62546 ], [ 37.17333, -0.62604 ], [ 37.17333, -0.62645 ], [ 37.17333, -0.62699 ], [ 37.17344, -0.62754 ], [ 37.17345, -0.62795 ], [ 37.17332, -0.6284 ], [ 37.17321, -0.62853 ], [ 37.17302, -0.62877 ], [ 37.17283, -0.62907 ], [ 37.17241, -0.62944 ], [ 37.17243, -0.62953 ], [ 37.17224, -0.62976 ], [ 37.17235, -0.63017 ], [ 37.17282, -0.63038 ], [ 37.17289, -0.63041 ], [ 37.17303, -0.63049 ], [ 37.17343, -0.63071 ], [ 37.17348, -0.63076 ], [ 37.17378, -0.63109 ], [ 37.17405, -0.63142 ], [ 37.17416, -0.63157 ], [ 37.17426, -0.6316 ], [ 37.17481, -0.63179 ], [ 37.17532, -0.63211 ], [ 37.17565, -0.63241 ], [ 37.17569, -0.63253 ], [ 37.1759, -0.63307 ], [ 37.17594, -0.63319 ], [ 37.17597, -0.63341 ], [ 37.17594, -0.63373 ], [ 37.1757, -0.634 ], [ 37.1753, -0.63427 ], [ 37.17481, -0.63457 ], [ 37.17403, -0.6346 ], [ 37.17389, -0.63454 ], [ 37.17351, -0.63441 ], [ 37.1733, -0.63433 ], [ 37.17321, -0.63425 ], [ 37.17292, -0.634 ], [ 37.17263, -0.63378 ], [ 37.17257, -0.63373 ], [ 37.17248, -0.63357 ], [ 37.17243, -0.63349 ], [ 37.1724, -0.63342 ], [ 37.17216, -0.63317 ], [ 37.17196, -0.63308 ], [ 37.17187, -0.63322 ], [ 37.17165, -0.6336 ], [ 37.17141, -0.63387 ], [ 37.17116, -0.63419 ], [ 37.17098, -0.63454 ], [ 37.17089, -0.63484 ], [ 37.17062, -0.63524 ], [ 37.17049, -0.63554 ], [ 37.17038, -0.63603 ], [ 37.17022, -0.63721 ], [ 37.17022, -0.63762 ], [ 37.17019, -0.63797 ], [ 37.17019, -0.63824 ], [ 37.17019, -0.63833 ], [ 37.16998, -0.63819 ], [ 37.16998, -0.63819 ], [ 37.16994, -0.63814 ], [ 37.16989, -0.63809 ], [ 37.16986, -0.63807 ], [ 37.16981, -0.63803 ], [ 37.16978, -0.63801 ], [ 37.16976, -0.63799 ], [ 37.16975, -0.63797 ], [ 37.16974, -0.63794 ], [ 37.16973, -0.63792 ], [ 37.16973, -0.63789 ], [ 37.16972, -0.63782 ], [ 37.16971, -0.63779 ], [ 37.16969, -0.63767 ], [ 37.16968, -0.63762 ], [ 37.16968, -0.63762 ], [ 37.16966, -0.63757 ], [ 37.16965, -0.63755 ], [ 37.16964, -0.63753 ], [ 37.16961, -0.6375 ], [ 37.16959, -0.63747 ], [ 37.16956, -0.63744 ], [ 37.16953, -0.63742 ], [ 37.16953, -0.63741 ], [ 37.16951, -0.6374 ], [ 37.16948, -0.63738 ], [ 37.16945, -0.63737 ], [ 37.16941, -0.63736 ], [ 37.1694, -0.63736 ], [ 37.16937, -0.63735 ], [ 37.16933, -0.63734 ], [ 37.16928, -0.63733 ], [ 37.16923, -0.63733 ], [ 37.16916, -0.63732 ], [ 37.1691, -0.63732 ], [ 37.16904, -0.63733 ], [ 37.16899, -0.63734 ], [ 37.16896, -0.63735 ], [ 37.16892, -0.63736 ], [ 37.16888, -0.63738 ], [ 37.16878, -0.63744 ], [ 37.16875, -0.63745 ], [ 37.16873, -0.63746 ], [ 37.16865, -0.63749 ], [ 37.16851, -0.63753 ], [ 37.16846, -0.63754 ], [ 37.16843, -0.63755 ], [ 37.16834, -0.63759 ], [ 37.16832, -0.6376 ], [ 37.16829, -0.6376 ], [ 37.16828, -0.6376 ], [ 37.16826, -0.63759 ], [ 37.16824, -0.63759 ], [ 37.16823, -0.63758 ], [ 37.16821, -0.63757 ], [ 37.16819, -0.63755 ], [ 37.16815, -0.63752 ], [ 37.16814, -0.6375 ], [ 37.16812, -0.63748 ], [ 37.16809, -0.63743 ], [ 37.16807, -0.63738 ], [ 37.16806, -0.63736 ], [ 37.16805, -0.63734 ], [ 37.16805, -0.6373 ], [ 37.16805, -0.63727 ], [ 37.16806, -0.63723 ], [ 37.16808, -0.63714 ], [ 37.16808, -0.63713 ], [ 37.16809, -0.6371 ], [ 37.1681, -0.63697 ], [ 37.1681, -0.63691 ], [ 37.1681, -0.63686 ], [ 37.1681, -0.63683 ], [ 37.16809, -0.63681 ], [ 37.16808, -0.63675 ], [ 37.16807, -0.63672 ], [ 37.16805, -0.63669 ], [ 37.16804, -0.63667 ], [ 37.16803, -0.63666 ], [ 37.16801, -0.63665 ], [ 37.168, -0.63665 ], [ 37.16798, -0.63664 ], [ 37.16794, -0.63663 ], [ 37.1679, -0.63663 ], [ 37.16786, -0.63663 ], [ 37.16782, -0.63664 ], [ 37.16778, -0.63666 ], [ 37.16777, -0.63667 ], [ 37.16776, -0.63668 ], [ 37.16774, -0.63669 ], [ 37.16773, -0.63671 ], [ 37.16769, -0.63677 ], [ 37.16767, -0.63681 ], [ 37.16762, -0.63691 ], [ 37.1676, -0.63694 ], [ 37.16759, -0.63697 ], [ 37.16755, -0.63701 ], [ 37.16751, -0.63705 ], [ 37.16749, -0.63707 ], [ 37.16748, -0.63707 ], [ 37.16745, -0.63709 ], [ 37.16743, -0.63709 ], [ 37.16742, -0.63709 ], [ 37.16741, -0.6371 ], [ 37.16734, -0.6371 ], [ 37.16731, -0.6371 ], [ 37.16727, -0.63711 ], [ 37.16724, -0.63712 ], [ 37.16724, -0.63713 ], [ 37.16712, -0.63718 ], [ 37.16708, -0.6372 ], [ 37.16699, -0.63725 ], [ 37.16694, -0.63728 ], [ 37.1669, -0.63729 ], [ 37.16685, -0.63731 ], [ 37.1667, -0.63734 ], [ 37.16647, -0.63738 ], [ 37.16631, -0.63741 ], [ 37.16619, -0.63744 ], [ 37.16614, -0.63746 ], [ 37.16608, -0.63748 ], [ 37.16585, -0.63757 ], [ 37.1658, -0.63759 ], [ 37.16575, -0.63761 ], [ 37.16568, -0.63763 ], [ 37.16563, -0.63764 ], [ 37.16559, -0.63766 ], [ 37.16551, -0.63769 ], [ 37.16545, -0.63771 ], [ 37.1654, -0.63774 ], [ 37.16535, -0.63777 ], [ 37.16532, -0.6378 ], [ 37.16528, -0.63783 ], [ 37.16525, -0.63787 ], [ 37.16518, -0.63795 ], [ 37.16515, -0.63799 ], [ 37.16503, -0.6381 ], [ 37.16496, -0.63817 ], [ 37.16489, -0.63824 ], [ 37.16482, -0.63829 ], [ 37.16471, -0.63839 ], [ 37.16463, -0.63845 ], [ 37.16456, -0.63849 ], [ 37.16449, -0.63853 ], [ 37.16441, -0.63857 ], [ 37.16433, -0.6386 ], [ 37.16426, -0.63862 ], [ 37.16422, -0.63863 ], [ 37.16419, -0.63864 ], [ 37.16412, -0.63864 ], [ 37.16404, -0.63864 ], [ 37.16396, -0.63863 ], [ 37.16388, -0.63862 ], [ 37.16381, -0.63861 ], [ 37.16376, -0.63859 ], [ 37.16372, -0.63858 ], [ 37.16368, -0.63856 ], [ 37.16365, -0.63854 ], [ 37.16361, -0.63852 ], [ 37.16357, -0.63849 ], [ 37.16355, -0.63847 ], [ 37.16354, -0.63845 ], [ 37.1635, -0.63841 ], [ 37.16347, -0.63836 ], [ 37.16343, -0.6383 ], [ 37.16339, -0.63824 ], [ 37.16338, -0.63822 ], [ 37.16337, -0.6382 ], [ 37.16336, -0.63813 ], [ 37.16335, -0.6381 ], [ 37.16333, -0.63806 ], [ 37.16333, -0.63805 ], [ 37.16332, -0.63803 ], [ 37.16331, -0.63802 ], [ 37.1633, -0.63801 ], [ 37.16328, -0.638 ], [ 37.16327, -0.63799 ], [ 37.16324, -0.63798 ], [ 37.16319, -0.63797 ], [ 37.16315, -0.63797 ], [ 37.1631, -0.63797 ], [ 37.16305, -0.63798 ], [ 37.16301, -0.63799 ], [ 37.16298, -0.63801 ], [ 37.16296, -0.63802 ], [ 37.16294, -0.63805 ], [ 37.16292, -0.63807 ], [ 37.16289, -0.63812 ], [ 37.16287, -0.63815 ], [ 37.16285, -0.63817 ], [ 37.16283, -0.63818 ], [ 37.16279, -0.6382 ], [ 37.16274, -0.63822 ], [ 37.16273, -0.63822 ], [ 37.16271, -0.63822 ], [ 37.16269, -0.63822 ], [ 37.16268, -0.63822 ], [ 37.16267, -0.63821 ], [ 37.16266, -0.63821 ], [ 37.16265, -0.6382 ], [ 37.16264, -0.63819 ], [ 37.16262, -0.63816 ], [ 37.16258, -0.63809 ], [ 37.16256, -0.63807 ], [ 37.16251, -0.638 ], [ 37.16249, -0.63798 ], [ 37.16247, -0.63796 ], [ 37.16245, -0.63795 ], [ 37.16242, -0.63794 ], [ 37.1624, -0.63793 ], [ 37.16237, -0.63793 ], [ 37.16236, -0.63793 ], [ 37.16234, -0.63793 ], [ 37.1623, -0.63793 ], [ 37.16227, -0.63794 ], [ 37.16224, -0.63795 ], [ 37.16221, -0.63796 ], [ 37.16217, -0.63798 ], [ 37.16214, -0.63801 ], [ 37.16212, -0.63803 ], [ 37.16212, -0.63803 ], [ 37.1621, -0.63806 ], [ 37.1621, -0.63807 ], [ 37.16209, -0.63809 ], [ 37.1621, -0.63816 ], [ 37.1621, -0.63818 ], [ 37.1621, -0.63819 ], [ 37.16209, -0.6382 ], [ 37.16208, -0.63821 ], [ 37.16207, -0.63822 ], [ 37.16205, -0.63823 ], [ 37.16203, -0.63823 ], [ 37.16203, -0.63823 ], [ 37.16199, -0.63823 ], [ 37.16188, -0.63823 ], [ 37.16184, -0.63823 ], [ 37.16175, -0.63824 ], [ 37.1617, -0.63824 ], [ 37.16165, -0.63826 ], [ 37.16159, -0.63828 ], [ 37.16154, -0.63831 ], [ 37.16152, -0.63831 ], [ 37.16148, -0.63834 ], [ 37.16145, -0.63836 ], [ 37.16143, -0.63838 ], [ 37.1614, -0.6384 ], [ 37.16137, -0.63843 ], [ 37.16133, -0.63848 ], [ 37.16125, -0.63857 ], [ 37.16121, -0.63862 ], [ 37.16117, -0.63867 ], [ 37.16108, -0.63879 ], [ 37.16104, -0.63884 ], [ 37.161, -0.63888 ], [ 37.16096, -0.63892 ], [ 37.16089, -0.63897 ], [ 37.16082, -0.63902 ], [ 37.16079, -0.63904 ], [ 37.16075, -0.63906 ], [ 37.16072, -0.63908 ], [ 37.16069, -0.63909 ], [ 37.16063, -0.63911 ], [ 37.16056, -0.63912 ], [ 37.16049, -0.63913 ], [ 37.16046, -0.63914 ], [ 37.1604, -0.63914 ], [ 37.16033, -0.63915 ], [ 37.16026, -0.63915 ], [ 37.1602, -0.63915 ], [ 37.16014, -0.63915 ], [ 37.16008, -0.63914 ], [ 37.16002, -0.63913 ], [ 37.15997, -0.63912 ], [ 37.15992, -0.63911 ], [ 37.15987, -0.6391 ], [ 37.15982, -0.63908 ], [ 37.15966, -0.639 ], [ 37.1595, -0.63893 ], [ 37.15922, -0.63879 ], [ 37.15902, -0.63869 ], [ 37.15892, -0.63864 ], [ 37.15885, -0.6386 ], [ 37.15869, -0.6385 ], [ 37.15865, -0.63848 ], [ 37.15861, -0.63846 ], [ 37.15854, -0.63843 ], [ 37.15845, -0.6384 ], [ 37.15837, -0.63837 ], [ 37.15818, -0.63832 ], [ 37.15808, -0.63829 ], [ 37.15802, -0.63826 ], [ 37.15788, -0.6382 ], [ 37.15782, -0.63817 ], [ 37.15778, -0.63816 ], [ 37.15775, -0.63815 ], [ 37.15772, -0.63814 ], [ 37.15769, -0.63814 ], [ 37.15764, -0.63813 ], [ 37.15759, -0.63813 ], [ 37.15755, -0.63813 ], [ 37.15752, -0.63814 ], [ 37.15747, -0.63815 ], [ 37.15742, -0.63817 ], [ 37.15736, -0.63819 ], [ 37.15726, -0.63824 ], [ 37.1572, -0.63828 ], [ 37.15706, -0.63836 ], [ 37.157, -0.63839 ], [ 37.15687, -0.63847 ], [ 37.15682, -0.63849 ], [ 37.15679, -0.63851 ], [ 37.15676, -0.63851 ], [ 37.15674, -0.63852 ], [ 37.15671, -0.63852 ], [ 37.15669, -0.63852 ], [ 37.15666, -0.63852 ], [ 37.15657, -0.6385 ], [ 37.15654, -0.63849 ], [ 37.15649, -0.63848 ], [ 37.15639, -0.63848 ], [ 37.15634, -0.63847 ], [ 37.1563, -0.63847 ], [ 37.15626, -0.63846 ], [ 37.15622, -0.63844 ], [ 37.15617, -0.63842 ], [ 37.15613, -0.63839 ], [ 37.15605, -0.63834 ], [ 37.15601, -0.63831 ], [ 37.15594, -0.63825 ], [ 37.15592, -0.63823 ], [ 37.15588, -0.63821 ], [ 37.15586, -0.6382 ], [ 37.15582, -0.63819 ], [ 37.15577, -0.63819 ], [ 37.15572, -0.63819 ], [ 37.15567, -0.6382 ], [ 37.15565, -0.6382 ], [ 37.15562, -0.63821 ], [ 37.15557, -0.63823 ], [ 37.15553, -0.63825 ], [ 37.15549, -0.63828 ], [ 37.15546, -0.63831 ], [ 37.15542, -0.63835 ], [ 37.15541, -0.63836 ], [ 37.15535, -0.63843 ], [ 37.15529, -0.6385 ], [ 37.15524, -0.63858 ], [ 37.15519, -0.63866 ], [ 37.15516, -0.63872 ], [ 37.15514, -0.63877 ], [ 37.15511, -0.63882 ], [ 37.15509, -0.63886 ], [ 37.15508, -0.63892 ], [ 37.15506, -0.63899 ], [ 37.15505, -0.63906 ], [ 37.15504, -0.63925 ], [ 37.15503, -0.63931 ], [ 37.15502, -0.63936 ], [ 37.155, -0.63943 ], [ 37.15498, -0.63951 ], [ 37.15488, -0.63979 ], [ 37.15479, -0.64004 ], [ 37.15472, -0.64027 ], [ 37.1547, -0.64033 ], [ 37.15468, -0.64039 ], [ 37.15465, -0.64044 ], [ 37.15458, -0.64057 ], [ 37.15456, -0.64062 ], [ 37.1545, -0.64077 ], [ 37.15448, -0.64082 ], [ 37.15447, -0.64087 ], [ 37.15446, -0.64092 ], [ 37.15445, -0.64097 ], [ 37.15444, -0.64102 ], [ 37.15444, -0.64106 ], [ 37.15445, -0.64111 ], [ 37.15445, -0.64116 ], [ 37.15447, -0.64121 ], [ 37.15451, -0.64134 ], [ 37.15452, -0.64138 ], [ 37.15453, -0.64141 ], [ 37.15455, -0.64153 ], [ 37.15455, -0.64158 ], [ 37.15455, -0.6416 ], [ 37.15456, -0.64161 ], [ 37.15456, -0.64164 ], [ 37.15455, -0.64166 ], [ 37.15455, -0.64168 ], [ 37.15454, -0.64171 ], [ 37.15454, -0.64171 ], [ 37.15453, -0.64173 ], [ 37.15452, -0.64176 ], [ 37.1545, -0.64178 ], [ 37.15447, -0.64184 ], [ 37.15442, -0.6419 ], [ 37.15441, -0.64191 ], [ 37.15439, -0.64192 ], [ 37.15433, -0.64197 ], [ 37.1543, -0.64199 ], [ 37.15428, -0.64201 ], [ 37.15427, -0.64202 ], [ 37.15426, -0.64205 ], [ 37.15425, -0.64207 ], [ 37.15424, -0.64217 ], [ 37.15423, -0.64221 ], [ 37.15421, -0.64224 ], [ 37.15419, -0.64228 ], [ 37.15417, -0.64231 ], [ 37.15411, -0.64241 ], [ 37.15409, -0.64245 ], [ 37.15408, -0.64247 ], [ 37.15406, -0.64252 ], [ 37.15403, -0.64261 ], [ 37.15402, -0.64265 ], [ 37.15401, -0.64268 ], [ 37.15399, -0.64271 ], [ 37.15395, -0.64277 ], [ 37.15393, -0.64279 ], [ 37.15391, -0.64281 ], [ 37.15388, -0.64283 ], [ 37.15386, -0.64285 ], [ 37.15384, -0.64286 ], [ 37.15382, -0.64287 ], [ 37.1538, -0.64288 ], [ 37.15378, -0.64288 ], [ 37.15376, -0.64288 ], [ 37.15374, -0.64288 ], [ 37.1537, -0.64288 ], [ 37.15361, -0.64287 ], [ 37.15357, -0.64287 ], [ 37.15341, -0.64286 ], [ 37.15335, -0.64286 ], [ 37.1533, -0.64285 ], [ 37.15321, -0.64283 ], [ 37.15314, -0.64282 ], [ 37.15308, -0.6428 ], [ 37.15302, -0.64277 ], [ 37.15298, -0.64276 ], [ 37.15295, -0.64274 ], [ 37.15283, -0.64266 ], [ 37.15278, -0.64263 ], [ 37.15269, -0.64259 ], [ 37.15248, -0.6425 ], [ 37.15241, -0.64247 ], [ 37.15238, -0.64245 ], [ 37.1522, -0.64236 ], [ 37.15213, -0.64233 ], [ 37.15209, -0.6423 ], [ 37.15206, -0.64228 ], [ 37.15203, -0.64225 ], [ 37.15201, -0.64223 ], [ 37.15198, -0.64219 ], [ 37.15196, -0.64215 ], [ 37.15187, -0.64198 ], [ 37.15187, -0.64198 ], [ 37.15175, -0.64176 ], [ 37.15171, -0.6417 ], [ 37.15168, -0.64165 ], [ 37.15166, -0.64162 ], [ 37.15163, -0.64159 ], [ 37.15154, -0.64148 ], [ 37.1515, -0.64143 ], [ 37.15147, -0.64138 ], [ 37.15144, -0.64134 ], [ 37.15143, -0.64131 ], [ 37.15142, -0.64128 ], [ 37.1514, -0.64121 ], [ 37.15139, -0.64119 ], [ 37.15138, -0.64115 ], [ 37.15137, -0.64112 ], [ 37.15136, -0.64109 ], [ 37.15133, -0.64105 ], [ 37.1513, -0.64101 ], [ 37.15125, -0.64097 ], [ 37.1512, -0.64092 ], [ 37.15112, -0.64085 ], [ 37.15105, -0.64081 ], [ 37.15102, -0.64079 ], [ 37.15099, -0.64077 ], [ 37.15097, -0.64076 ], [ 37.15094, -0.64075 ], [ 37.15092, -0.64074 ], [ 37.15089, -0.64074 ], [ 37.15084, -0.64073 ], [ 37.15079, -0.64073 ], [ 37.15068, -0.64074 ], [ 37.15063, -0.64074 ], [ 37.15043, -0.64074 ], [ 37.15024, -0.64073 ], [ 37.15018, -0.64073 ], [ 37.15005, -0.64074 ], [ 37.14988, -0.64074 ], [ 37.14981, -0.64074 ], [ 37.14964, -0.64077 ], [ 37.14956, -0.64077 ], [ 37.14952, -0.64077 ], [ 37.14948, -0.64077 ], [ 37.14945, -0.64077 ], [ 37.14942, -0.64076 ], [ 37.14937, -0.64075 ], [ 37.14932, -0.64072 ], [ 37.14928, -0.6407 ], [ 37.14917, -0.64064 ], [ 37.14912, -0.64061 ], [ 37.14905, -0.64058 ], [ 37.14897, -0.64055 ], [ 37.14863, -0.64041 ], [ 37.14837, -0.6403 ], [ 37.1483, -0.64027 ], [ 37.14824, -0.64025 ], [ 37.14813, -0.64022 ], [ 37.14804, -0.6402 ], [ 37.14796, -0.64018 ], [ 37.14788, -0.64018 ], [ 37.14784, -0.64018 ], [ 37.14779, -0.64018 ], [ 37.14761, -0.64021 ], [ 37.14753, -0.64021 ], [ 37.14745, -0.64022 ], [ 37.14737, -0.64021 ], [ 37.14728, -0.64021 ], [ 37.14716, -0.6402 ], [ 37.14705, -0.6402 ], [ 37.14701, -0.64019 ], [ 37.14696, -0.64019 ], [ 37.14695, -0.64018 ], [ 37.14692, -0.64018 ], [ 37.14689, -0.64017 ], [ 37.14685, -0.64015 ], [ 37.14675, -0.64009 ], [ 37.1467, -0.64006 ], [ 37.14665, -0.64002 ], [ 37.14663, -0.64001 ], [ 37.14648, -0.63989 ], [ 37.14641, -0.63983 ], [ 37.14633, -0.63978 ], [ 37.14625, -0.63973 ], [ 37.14604, -0.6396 ], [ 37.14598, -0.63956 ], [ 37.14587, -0.63947 ], [ 37.14582, -0.63944 ], [ 37.14579, -0.63943 ], [ 37.14576, -0.63942 ], [ 37.14573, -0.63941 ], [ 37.14571, -0.63941 ], [ 37.14567, -0.63942 ], [ 37.14563, -0.63944 ], [ 37.14559, -0.63946 ], [ 37.14553, -0.6395 ], [ 37.14548, -0.63954 ], [ 37.14544, -0.63957 ], [ 37.14539, -0.63962 ], [ 37.14534, -0.63967 ], [ 37.14528, -0.63974 ], [ 37.14525, -0.63977 ], [ 37.14524, -0.6398 ], [ 37.14521, -0.63984 ], [ 37.14518, -0.63992 ], [ 37.14516, -0.63995 ], [ 37.14512, -0.64004 ], [ 37.14509, -0.64009 ], [ 37.14506, -0.64013 ], [ 37.14503, -0.64016 ], [ 37.14499, -0.64019 ], [ 37.14495, -0.64021 ], [ 37.1449, -0.64024 ], [ 37.14484, -0.64026 ], [ 37.1448, -0.64027 ], [ 37.14474, -0.64027 ], [ 37.14469, -0.64028 ], [ 37.14457, -0.64028 ], [ 37.14447, -0.64028 ], [ 37.14437, -0.64028 ], [ 37.14427, -0.64028 ], [ 37.14417, -0.64027 ], [ 37.14408, -0.64027 ], [ 37.14391, -0.64024 ], [ 37.14369, -0.64022 ], [ 37.14363, -0.64021 ], [ 37.14358, -0.6402 ], [ 37.14348, -0.64017 ], [ 37.1434, -0.64014 ], [ 37.14336, -0.64013 ], [ 37.14333, -0.64011 ], [ 37.14333, -0.64011 ], [ 37.1433, -0.64009 ], [ 37.14327, -0.64008 ], [ 37.14323, -0.64004 ], [ 37.14319, -0.64 ], [ 37.14317, -0.63997 ], [ 37.14315, -0.63995 ], [ 37.14308, -0.63986 ], [ 37.14304, -0.63981 ], [ 37.14298, -0.6397 ], [ 37.14297, -0.63969 ], [ 37.14295, -0.63966 ], [ 37.14293, -0.63964 ], [ 37.14288, -0.63959 ], [ 37.14283, -0.63954 ], [ 37.14277, -0.6395 ], [ 37.14272, -0.63946 ], [ 37.14272, -0.63946 ], [ 37.14266, -0.63943 ], [ 37.14259, -0.6394 ], [ 37.14253, -0.63937 ], [ 37.14247, -0.63935 ], [ 37.14242, -0.63934 ], [ 37.14238, -0.63933 ], [ 37.14233, -0.63933 ], [ 37.14228, -0.63933 ], [ 37.14222, -0.63933 ], [ 37.14216, -0.63933 ], [ 37.1421, -0.63934 ], [ 37.14204, -0.63935 ], [ 37.14199, -0.63936 ], [ 37.14193, -0.63937 ], [ 37.14188, -0.63939 ], [ 37.14176, -0.63944 ], [ 37.14171, -0.63946 ], [ 37.14166, -0.63948 ], [ 37.14161, -0.63949 ], [ 37.14157, -0.63949 ], [ 37.14152, -0.63949 ], [ 37.14131, -0.63949 ], [ 37.14103, -0.63949 ], [ 37.14095, -0.63949 ], [ 37.14061, -0.63949 ], [ 37.14031, -0.6395 ], [ 37.14014, -0.63951 ], [ 37.14008, -0.63951 ], [ 37.14004, -0.63951 ], [ 37.14001, -0.63951 ], [ 37.13995, -0.6395 ], [ 37.13989, -0.63949 ], [ 37.13982, -0.63948 ], [ 37.13976, -0.63946 ], [ 37.13969, -0.63943 ], [ 37.13968, -0.63946 ], [ 37.13967, -0.63948 ], [ 37.13966, -0.6395 ], [ 37.13965, -0.63952 ], [ 37.13963, -0.63954 ], [ 37.1396, -0.63956 ], [ 37.13957, -0.63958 ], [ 37.13949, -0.63962 ], [ 37.13947, -0.63963 ], [ 37.13945, -0.63964 ], [ 37.13943, -0.63967 ], [ 37.1394, -0.6397 ], [ 37.13938, -0.63974 ], [ 37.13936, -0.63978 ], [ 37.13933, -0.63985 ], [ 37.13928, -0.64002 ], [ 37.13925, -0.64009 ], [ 37.13924, -0.64012 ], [ 37.1392, -0.64024 ], [ 37.13919, -0.64027 ], [ 37.13918, -0.64028 ], [ 37.13916, -0.64031 ], [ 37.13914, -0.64034 ], [ 37.13912, -0.64037 ], [ 37.1391, -0.64039 ], [ 37.13908, -0.64041 ], [ 37.13907, -0.64041 ], [ 37.13906, -0.64043 ], [ 37.13904, -0.64043 ], [ 37.13901, -0.64045 ], [ 37.13896, -0.64046 ], [ 37.13886, -0.64048 ], [ 37.13883, -0.64049 ], [ 37.1388, -0.6405 ], [ 37.13873, -0.64054 ], [ 37.13868, -0.64057 ], [ 37.13863, -0.6406 ], [ 37.13858, -0.64063 ], [ 37.13856, -0.64065 ], [ 37.13853, -0.64068 ], [ 37.13846, -0.64078 ], [ 37.13836, -0.64089 ], [ 37.13833, -0.64094 ], [ 37.1383, -0.64098 ], [ 37.13828, -0.64102 ], [ 37.13824, -0.64112 ], [ 37.13823, -0.64114 ], [ 37.13822, -0.64116 ], [ 37.13819, -0.6412 ], [ 37.13815, -0.64123 ], [ 37.13812, -0.64127 ], [ 37.13803, -0.64134 ], [ 37.138, -0.64137 ], [ 37.1379, -0.64148 ], [ 37.13787, -0.6415 ], [ 37.13785, -0.64152 ], [ 37.13783, -0.64153 ], [ 37.13781, -0.64154 ], [ 37.13779, -0.64155 ], [ 37.13776, -0.64155 ], [ 37.13772, -0.64156 ], [ 37.13762, -0.64157 ], [ 37.13758, -0.64157 ], [ 37.13754, -0.64158 ], [ 37.13751, -0.64159 ], [ 37.13747, -0.6416 ], [ 37.13743, -0.64162 ], [ 37.13732, -0.64168 ], [ 37.13729, -0.6417 ], [ 37.13721, -0.64176 ], [ 37.13718, -0.64177 ], [ 37.13715, -0.64178 ], [ 37.13711, -0.64179 ], [ 37.13706, -0.6418 ], [ 37.13702, -0.6418 ], [ 37.13699, -0.6418 ], [ 37.13697, -0.64179 ], [ 37.13695, -0.64178 ], [ 37.13688, -0.64174 ], [ 37.13685, -0.64173 ], [ 37.1368, -0.64172 ], [ 37.13674, -0.64171 ], [ 37.13668, -0.64171 ], [ 37.13663, -0.64171 ], [ 37.13658, -0.64172 ], [ 37.13654, -0.64173 ], [ 37.1365, -0.64174 ], [ 37.13649, -0.64175 ], [ 37.13647, -0.64176 ], [ 37.13646, -0.64177 ], [ 37.13645, -0.64179 ], [ 37.13645, -0.6418 ], [ 37.13644, -0.64182 ], [ 37.13643, -0.64186 ], [ 37.13642, -0.64189 ], [ 37.13641, -0.64195 ], [ 37.1364, -0.64198 ], [ 37.13638, -0.64201 ], [ 37.13638, -0.64202 ], [ 37.13637, -0.64203 ], [ 37.13635, -0.64204 ], [ 37.13633, -0.64205 ], [ 37.1363, -0.64205 ], [ 37.1363, -0.64205 ], [ 37.13627, -0.64205 ], [ 37.13622, -0.64205 ], [ 37.1361, -0.64203 ], [ 37.13605, -0.64203 ], [ 37.13591, -0.64202 ], [ 37.13565, -0.64201 ], [ 37.1354, -0.64199 ], [ 37.13527, -0.64198 ], [ 37.13516, -0.64198 ], [ 37.13504, -0.64198 ], [ 37.13493, -0.64198 ], [ 37.13482, -0.64199 ], [ 37.13478, -0.64199 ], [ 37.13467, -0.64199 ], [ 37.13462, -0.642 ], [ 37.1346, -0.642 ], [ 37.13459, -0.642 ], [ 37.13456, -0.64201 ], [ 37.13453, -0.64201 ], [ 37.13451, -0.64202 ], [ 37.13448, -0.64204 ], [ 37.13444, -0.64207 ], [ 37.1344, -0.6421 ], [ 37.13433, -0.64216 ], [ 37.13429, -0.64219 ], [ 37.13425, -0.64223 ], [ 37.13421, -0.64228 ], [ 37.13409, -0.64241 ], [ 37.13406, -0.64245 ], [ 37.13402, -0.64248 ], [ 37.13393, -0.64256 ], [ 37.13383, -0.64264 ], [ 37.13371, -0.64272 ], [ 37.13351, -0.64286 ], [ 37.13319, -0.64307 ], [ 37.13291, -0.64327 ], [ 37.13266, -0.64344 ], [ 37.13253, -0.64354 ], [ 37.13244, -0.6436 ], [ 37.13232, -0.64369 ], [ 37.13216, -0.64384 ], [ 37.13188, -0.64408 ], [ 37.13177, -0.64417 ], [ 37.13154, -0.64437 ], [ 37.13129, -0.64458 ], [ 37.13105, -0.64478 ], [ 37.131, -0.64482 ], [ 37.13087, -0.64494 ], [ 37.13081, -0.64499 ], [ 37.13075, -0.64504 ], [ 37.13074, -0.64504 ], [ 37.13069, -0.64508 ], [ 37.13063, -0.64511 ], [ 37.13059, -0.64513 ], [ 37.13059, -0.64514 ], [ 37.13057, -0.64515 ], [ 37.13048, -0.64519 ], [ 37.13033, -0.64526 ], [ 37.12988, -0.64547 ], [ 37.12976, -0.64554 ], [ 37.12965, -0.6456 ], [ 37.12957, -0.64565 ], [ 37.12948, -0.64571 ], [ 37.1294, -0.64577 ], [ 37.12921, -0.64592 ], [ 37.12911, -0.64598 ], [ 37.12903, -0.64604 ], [ 37.12895, -0.64609 ], [ 37.12886, -0.64613 ], [ 37.12876, -0.64618 ], [ 37.12844, -0.64633 ], [ 37.12834, -0.64638 ], [ 37.12814, -0.64648 ], [ 37.12804, -0.64652 ], [ 37.12799, -0.64654 ], [ 37.12794, -0.64656 ], [ 37.12783, -0.64659 ], [ 37.1277, -0.64662 ], [ 37.12756, -0.64664 ], [ 37.12751, -0.64665 ], [ 37.12745, -0.64665 ], [ 37.12723, -0.64667 ], [ 37.12714, -0.64667 ], [ 37.12699, -0.64669 ], [ 37.12672, -0.64673 ], [ 37.12657, -0.64675 ], [ 37.12637, -0.64678 ], [ 37.12611, -0.64682 ], [ 37.12605, -0.64683 ], [ 37.12581, -0.64687 ], [ 37.12559, -0.64691 ], [ 37.12552, -0.64692 ], [ 37.12533, -0.64697 ], [ 37.12527, -0.64698 ], [ 37.12522, -0.64699 ], [ 37.12516, -0.64699 ], [ 37.12511, -0.64699 ], [ 37.12504, -0.64699 ], [ 37.12483, -0.64699 ], [ 37.12477, -0.64699 ], [ 37.12471, -0.64699 ], [ 37.12467, -0.647 ], [ 37.12462, -0.64701 ], [ 37.12442, -0.64706 ], [ 37.12432, -0.64707 ], [ 37.12423, -0.64709 ], [ 37.12413, -0.64709 ], [ 37.12402, -0.6471 ], [ 37.12387, -0.64711 ], [ 37.12373, -0.64711 ], [ 37.12359, -0.64711 ], [ 37.12349, -0.64711 ], [ 37.12345, -0.64711 ], [ 37.12332, -0.6471 ], [ 37.12322, -0.64709 ], [ 37.12311, -0.64708 ], [ 37.12266, -0.64701 ], [ 37.12262, -0.647 ], [ 37.12258, -0.64699 ], [ 37.12239, -0.64695 ], [ 37.12232, -0.64693 ], [ 37.12227, -0.64693 ], [ 37.12223, -0.64693 ], [ 37.12219, -0.64694 ], [ 37.12216, -0.64695 ], [ 37.12213, -0.64695 ], [ 37.1221, -0.64697 ], [ 37.12205, -0.647 ], [ 37.12199, -0.64704 ], [ 37.12191, -0.64711 ], [ 37.12186, -0.64715 ], [ 37.12175, -0.64726 ], [ 37.12171, -0.64731 ], [ 37.12162, -0.64738 ], [ 37.12158, -0.64741 ], [ 37.12154, -0.64744 ], [ 37.12151, -0.64746 ], [ 37.1215, -0.64746 ], [ 37.12145, -0.64747 ], [ 37.1214, -0.64748 ], [ 37.12139, -0.64748 ], [ 37.12134, -0.64748 ], [ 37.12126, -0.64748 ], [ 37.12118, -0.64748 ], [ 37.12117, -0.64748 ], [ 37.12113, -0.64748 ], [ 37.12108, -0.64747 ], [ 37.12103, -0.64746 ], [ 37.121, -0.64745 ], [ 37.12097, -0.64744 ], [ 37.12094, -0.64742 ], [ 37.12091, -0.6474 ], [ 37.12087, -0.64739 ], [ 37.12084, -0.64736 ], [ 37.12078, -0.64731 ], [ 37.12075, -0.64729 ], [ 37.12071, -0.64724 ], [ 37.1207, -0.64723 ], [ 37.12066, -0.64719 ], [ 37.12059, -0.64709 ], [ 37.12055, -0.64705 ], [ 37.12053, -0.64703 ], [ 37.12051, -0.64701 ], [ 37.12049, -0.647 ], [ 37.12047, -0.64699 ], [ 37.12043, -0.64697 ], [ 37.12039, -0.64695 ], [ 37.12034, -0.64694 ], [ 37.12025, -0.64691 ], [ 37.12017, -0.64689 ], [ 37.12009, -0.64688 ], [ 37.12, -0.64686 ], [ 37.1199, -0.64685 ], [ 37.11983, -0.64684 ], [ 37.11965, -0.64684 ], [ 37.1196, -0.64684 ], [ 37.11957, -0.64683 ], [ 37.11956, -0.64683 ], [ 37.11952, -0.64682 ], [ 37.11948, -0.64681 ], [ 37.11944, -0.6468 ], [ 37.1194, -0.64678 ], [ 37.11935, -0.64676 ], [ 37.11931, -0.64674 ], [ 37.11917, -0.64667 ], [ 37.11909, -0.64663 ], [ 37.11902, -0.64659 ], [ 37.11894, -0.64655 ], [ 37.11887, -0.6465 ], [ 37.11879, -0.64645 ], [ 37.11871, -0.6464 ], [ 37.11864, -0.64634 ], [ 37.11856, -0.64629 ], [ 37.11855, -0.64628 ], [ 37.11844, -0.64619 ], [ 37.11833, -0.64609 ], [ 37.11827, -0.64602 ], [ 37.1182, -0.64595 ], [ 37.11812, -0.64586 ], [ 37.118, -0.64572 ], [ 37.11788, -0.64558 ], [ 37.11763, -0.64527 ], [ 37.11746, -0.64506 ], [ 37.11738, -0.64496 ], [ 37.11733, -0.64488 ], [ 37.11722, -0.64471 ], [ 37.11717, -0.64463 ], [ 37.11709, -0.64453 ], [ 37.11702, -0.64445 ], [ 37.11696, -0.64438 ], [ 37.1169, -0.64431 ], [ 37.11684, -0.64425 ], [ 37.11677, -0.64419 ], [ 37.11671, -0.64414 ], [ 37.11665, -0.64409 ], [ 37.11652, -0.64399 ], [ 37.11649, -0.64397 ], [ 37.11646, -0.64395 ], [ 37.11643, -0.64394 ], [ 37.1164, -0.64392 ], [ 37.11639, -0.64392 ], [ 37.11637, -0.64392 ], [ 37.11637, -0.64392 ], [ 37.11634, -0.64392 ], [ 37.11632, -0.64392 ], [ 37.11631, -0.64392 ], [ 37.1163, -0.64392 ], [ 37.11621, -0.64396 ], [ 37.11619, -0.64396 ], [ 37.11617, -0.64397 ], [ 37.11613, -0.64397 ], [ 37.11609, -0.64397 ], [ 37.11605, -0.64396 ], [ 37.11605, -0.64396 ], [ 37.11601, -0.64395 ], [ 37.11598, -0.64394 ], [ 37.11595, -0.64393 ], [ 37.11592, -0.64392 ], [ 37.1159, -0.6439 ], [ 37.11588, -0.64388 ], [ 37.11586, -0.64385 ], [ 37.11585, -0.64382 ], [ 37.11582, -0.64372 ], [ 37.1158, -0.6437 ], [ 37.11579, -0.64368 ], [ 37.11578, -0.64365 ], [ 37.11576, -0.64363 ], [ 37.11574, -0.64361 ], [ 37.11571, -0.64359 ], [ 37.11566, -0.64355 ], [ 37.11554, -0.64346 ], [ 37.11549, -0.64341 ], [ 37.11546, -0.64338 ], [ 37.11539, -0.64331 ], [ 37.11536, -0.64328 ], [ 37.11533, -0.64325 ], [ 37.1153, -0.64323 ], [ 37.11527, -0.64321 ], [ 37.11523, -0.6432 ], [ 37.11518, -0.64319 ], [ 37.11514, -0.64319 ], [ 37.11514, -0.64319 ], [ 37.11509, -0.64319 ], [ 37.11504, -0.64319 ], [ 37.11483, -0.64322 ], [ 37.11478, -0.64323 ], [ 37.11474, -0.64323 ], [ 37.11459, -0.64322 ], [ 37.11451, -0.64322 ], [ 37.11446, -0.64321 ], [ 37.11441, -0.6432 ], [ 37.11425, -0.64317 ], [ 37.11419, -0.64316 ], [ 37.11402, -0.64314 ], [ 37.1139, -0.64312 ], [ 37.11382, -0.64312 ], [ 37.11373, -0.64311 ], [ 37.1134, -0.64312 ], [ 37.11321, -0.64312 ], [ 37.1132, -0.64312 ], [ 37.11274, -0.64313 ], [ 37.11253, -0.64314 ], [ 37.11241, -0.64314 ], [ 37.11205, -0.64313 ], [ 37.11193, -0.64313 ], [ 37.11183, -0.64314 ], [ 37.11177, -0.64314 ], [ 37.11161, -0.64316 ], [ 37.11153, -0.64316 ], [ 37.11143, -0.64316 ], [ 37.11136, -0.64316 ], [ 37.11134, -0.64316 ], [ 37.11126, -0.64316 ], [ 37.11118, -0.64315 ], [ 37.11109, -0.64314 ], [ 37.11101, -0.64313 ], [ 37.11096, -0.64311 ], [ 37.11093, -0.64311 ], [ 37.11087, -0.64309 ], [ 37.11082, -0.64307 ], [ 37.11078, -0.64305 ], [ 37.11073, -0.64302 ], [ 37.1106, -0.64294 ], [ 37.11055, -0.64291 ], [ 37.11051, -0.6429 ], [ 37.11045, -0.64287 ], [ 37.11029, -0.64283 ], [ 37.11022, -0.6428 ], [ 37.11005, -0.64273 ], [ 37.11, -0.64271 ], [ 37.10996, -0.64269 ], [ 37.10992, -0.64266 ], [ 37.10988, -0.64264 ], [ 37.10984, -0.64261 ], [ 37.10982, -0.64258 ], [ 37.10979, -0.64255 ], [ 37.10976, -0.64251 ], [ 37.10966, -0.64233 ], [ 37.10945, -0.642 ], [ 37.10939, -0.64191 ], [ 37.10935, -0.64183 ], [ 37.10933, -0.64179 ], [ 37.10931, -0.64174 ], [ 37.10929, -0.64169 ], [ 37.10928, -0.64165 ], [ 37.10927, -0.64163 ], [ 37.10925, -0.64161 ], [ 37.10924, -0.64159 ], [ 37.10923, -0.64158 ], [ 37.10921, -0.64157 ], [ 37.10919, -0.64155 ], [ 37.10917, -0.64154 ], [ 37.10915, -0.64153 ], [ 37.10909, -0.64151 ], [ 37.109, -0.64149 ], [ 37.10895, -0.64148 ], [ 37.10889, -0.64147 ], [ 37.10882, -0.64147 ], [ 37.1087, -0.64146 ], [ 37.10864, -0.64146 ], [ 37.10857, -0.64146 ], [ 37.10829, -0.64146 ], [ 37.10812, -0.64146 ], [ 37.10809, -0.64146 ], [ 37.1079, -0.64145 ], [ 37.10773, -0.64144 ], [ 37.10757, -0.64143 ], [ 37.10735, -0.64143 ], [ 37.10729, -0.64142 ], [ 37.10724, -0.64141 ], [ 37.10718, -0.6414 ], [ 37.10712, -0.64137 ], [ 37.10706, -0.64135 ], [ 37.10695, -0.6413 ], [ 37.10683, -0.64125 ], [ 37.10677, -0.64121 ], [ 37.1067, -0.64118 ], [ 37.10665, -0.64115 ], [ 37.10661, -0.64111 ], [ 37.10656, -0.64107 ], [ 37.1064, -0.64091 ], [ 37.10635, -0.64086 ], [ 37.10621, -0.64072 ], [ 37.10615, -0.64066 ], [ 37.10608, -0.6406 ], [ 37.10602, -0.64055 ], [ 37.10591, -0.64048 ], [ 37.10583, -0.64043 ], [ 37.1058, -0.64041 ], [ 37.10577, -0.6404 ], [ 37.10573, -0.64038 ], [ 37.1057, -0.64037 ], [ 37.10566, -0.64036 ], [ 37.10562, -0.64036 ], [ 37.10558, -0.64035 ], [ 37.10555, -0.64035 ], [ 37.10551, -0.64034 ], [ 37.10548, -0.64034 ], [ 37.10544, -0.64035 ], [ 37.10541, -0.64035 ], [ 37.10538, -0.64036 ], [ 37.10534, -0.64037 ], [ 37.10531, -0.64039 ], [ 37.10522, -0.64043 ], [ 37.10518, -0.64045 ], [ 37.10514, -0.64047 ], [ 37.10502, -0.64053 ], [ 37.10498, -0.64054 ], [ 37.10495, -0.64055 ], [ 37.10492, -0.64056 ], [ 37.10489, -0.64056 ], [ 37.10486, -0.64056 ], [ 37.10483, -0.64056 ], [ 37.10481, -0.64055 ], [ 37.1048, -0.64054 ], [ 37.10478, -0.64053 ], [ 37.10476, -0.64051 ], [ 37.10472, -0.64047 ], [ 37.10464, -0.64037 ], [ 37.10461, -0.64033 ], [ 37.10456, -0.64029 ], [ 37.10453, -0.64026 ], [ 37.1045, -0.64023 ], [ 37.10424, -0.63997 ], [ 37.10416, -0.63988 ], [ 37.10409, -0.63981 ], [ 37.10396, -0.63968 ], [ 37.10386, -0.63957 ], [ 37.10376, -0.63949 ], [ 37.10367, -0.63941 ], [ 37.10353, -0.63929 ], [ 37.10346, -0.63924 ], [ 37.10343, -0.63922 ], [ 37.1034, -0.6392 ], [ 37.10336, -0.63919 ], [ 37.10333, -0.63918 ], [ 37.10328, -0.63917 ], [ 37.10322, -0.63916 ], [ 37.10316, -0.63916 ], [ 37.10305, -0.63917 ], [ 37.103, -0.63917 ], [ 37.10294, -0.63918 ], [ 37.10277, -0.6392 ], [ 37.10263, -0.63923 ], [ 37.1026, -0.63923 ], [ 37.10257, -0.63923 ], [ 37.1025, -0.63923 ], [ 37.10244, -0.63922 ], [ 37.10242, -0.63921 ], [ 37.10239, -0.63921 ], [ 37.10237, -0.6392 ], [ 37.10235, -0.63919 ], [ 37.10233, -0.63917 ], [ 37.1023, -0.63914 ], [ 37.10227, -0.63912 ], [ 37.10222, -0.63906 ], [ 37.10216, -0.63898 ], [ 37.1021, -0.6389 ], [ 37.10208, -0.63887 ], [ 37.10206, -0.63883 ], [ 37.10199, -0.63867 ], [ 37.10197, -0.63863 ], [ 37.10195, -0.6386 ], [ 37.10191, -0.63853 ], [ 37.1018, -0.63839 ], [ 37.10176, -0.63833 ], [ 37.10176, -0.63833 ], [ 37.10168, -0.63821 ], [ 37.10166, -0.63817 ], [ 37.10164, -0.63813 ], [ 37.10163, -0.63809 ], [ 37.10162, -0.63804 ], [ 37.10161, -0.638 ], [ 37.10161, -0.63795 ], [ 37.10161, -0.63789 ], [ 37.10161, -0.63784 ], [ 37.10161, -0.63779 ], [ 37.10162, -0.63774 ], [ 37.10164, -0.63767 ], [ 37.10166, -0.6376 ], [ 37.10167, -0.63758 ], [ 37.10168, -0.63755 ], [ 37.10172, -0.63749 ], [ 37.10174, -0.63745 ], [ 37.10176, -0.63743 ], [ 37.10177, -0.6374 ], [ 37.10178, -0.63736 ], [ 37.10179, -0.63731 ], [ 37.10179, -0.63727 ], [ 37.1018, -0.63723 ], [ 37.1018, -0.6372 ], [ 37.10179, -0.63717 ], [ 37.10178, -0.63714 ], [ 37.10174, -0.63703 ], [ 37.10174, -0.637 ], [ 37.10173, -0.63697 ], [ 37.10173, -0.63694 ], [ 37.10174, -0.63692 ], [ 37.10176, -0.6368 ], [ 37.10177, -0.63677 ], [ 37.10177, -0.63675 ], [ 37.10176, -0.63673 ], [ 37.10176, -0.63671 ], [ 37.10174, -0.63666 ], [ 37.10172, -0.63662 ], [ 37.10167, -0.63652 ], [ 37.10165, -0.63649 ], [ 37.10164, -0.63646 ], [ 37.10162, -0.63638 ], [ 37.10161, -0.63632 ], [ 37.10159, -0.63626 ], [ 37.10157, -0.63618 ], [ 37.10155, -0.63611 ], [ 37.1015, -0.63599 ], [ 37.10148, -0.63594 ], [ 37.10146, -0.63587 ], [ 37.10145, -0.63583 ], [ 37.10144, -0.6358 ], [ 37.10144, -0.63576 ], [ 37.10143, -0.63573 ], [ 37.10143, -0.63573 ], [ 37.10143, -0.63568 ], [ 37.10144, -0.63558 ], [ 37.10146, -0.63534 ], [ 37.10146, -0.63524 ], [ 37.10145, -0.63505 ], [ 37.10145, -0.63498 ], [ 37.10145, -0.63491 ], [ 37.10146, -0.63484 ], [ 37.10147, -0.6348 ], [ 37.10149, -0.6347 ], [ 37.10149, -0.63466 ], [ 37.10149, -0.63463 ], [ 37.10149, -0.63455 ], [ 37.10149, -0.63452 ], [ 37.10149, -0.63449 ], [ 37.1015, -0.63447 ], [ 37.10151, -0.63444 ], [ 37.10154, -0.63442 ], [ 37.10156, -0.63439 ], [ 37.10162, -0.63434 ], [ 37.10164, -0.63431 ], [ 37.10168, -0.63426 ], [ 37.10177, -0.63414 ], [ 37.10181, -0.63408 ], [ 37.10184, -0.63406 ], [ 37.1019, -0.63401 ], [ 37.10192, -0.63398 ], [ 37.10194, -0.63396 ], [ 37.10195, -0.63394 ], [ 37.10195, -0.63394 ], [ 37.10195, -0.63393 ], [ 37.10195, -0.63391 ], [ 37.10195, -0.63391 ], [ 37.10195, -0.63389 ], [ 37.10194, -0.63387 ], [ 37.10192, -0.63381 ], [ 37.10192, -0.63379 ], [ 37.10192, -0.63377 ], [ 37.10192, -0.63375 ], [ 37.10192, -0.63372 ], [ 37.10194, -0.63367 ], [ 37.10196, -0.63363 ], [ 37.10197, -0.6336 ], [ 37.10198, -0.63359 ], [ 37.102, -0.63357 ], [ 37.10202, -0.63356 ], [ 37.10204, -0.63354 ], [ 37.10206, -0.63353 ], [ 37.10212, -0.63352 ], [ 37.10222, -0.6335 ], [ 37.10226, -0.6335 ], [ 37.1023, -0.63349 ], [ 37.10233, -0.63347 ], [ 37.1024, -0.63344 ], [ 37.10248, -0.63339 ], [ 37.10251, -0.63337 ], [ 37.10258, -0.63332 ], [ 37.10261, -0.6333 ], [ 37.10264, -0.63328 ], [ 37.10267, -0.63327 ], [ 37.1027, -0.63327 ], [ 37.10273, -0.63327 ], [ 37.10277, -0.63327 ], [ 37.1028, -0.63327 ], [ 37.10283, -0.63328 ], [ 37.10286, -0.63329 ], [ 37.10289, -0.6333 ], [ 37.10293, -0.63332 ], [ 37.10295, -0.63333 ], [ 37.10297, -0.63335 ], [ 37.10304, -0.63342 ], [ 37.10307, -0.63344 ], [ 37.1031, -0.63345 ], [ 37.10312, -0.63347 ], [ 37.10316, -0.63348 ], [ 37.10319, -0.63348 ], [ 37.10321, -0.63348 ], [ 37.10323, -0.63348 ], [ 37.10324, -0.63348 ], [ 37.10326, -0.63346 ], [ 37.10327, -0.63345 ], [ 37.10328, -0.63343 ], [ 37.10329, -0.63343 ], [ 37.1033, -0.6334 ], [ 37.10331, -0.63337 ], [ 37.10332, -0.63334 ], [ 37.10333, -0.63331 ], [ 37.10334, -0.63328 ], [ 37.10334, -0.63325 ], [ 37.10333, -0.63316 ], [ 37.10333, -0.63312 ], [ 37.10332, -0.63307 ], [ 37.10329, -0.63289 ], [ 37.10328, -0.63285 ], [ 37.10328, -0.63281 ], [ 37.10327, -0.63272 ], [ 37.10327, -0.63264 ], [ 37.10326, -0.63258 ], [ 37.10326, -0.63255 ], [ 37.10326, -0.63252 ], [ 37.10327, -0.63249 ], [ 37.10328, -0.63246 ], [ 37.10329, -0.63244 ], [ 37.10333, -0.63239 ], [ 37.10335, -0.63237 ], [ 37.10336, -0.63235 ], [ 37.10338, -0.63232 ], [ 37.10339, -0.63228 ], [ 37.1034, -0.63225 ], [ 37.1034, -0.63221 ], [ 37.10341, -0.63218 ], [ 37.10341, -0.63218 ], [ 37.10341, -0.63215 ], [ 37.1034, -0.63212 ], [ 37.10339, -0.6321 ], [ 37.10338, -0.63207 ], [ 37.10335, -0.63204 ], [ 37.10332, -0.632 ], [ 37.10329, -0.63198 ], [ 37.10326, -0.63196 ], [ 37.10322, -0.63195 ], [ 37.10315, -0.63192 ], [ 37.10311, -0.63191 ], [ 37.10295, -0.63182 ], [ 37.10291, -0.6318 ], [ 37.10287, -0.63179 ], [ 37.10283, -0.63177 ], [ 37.10274, -0.63175 ], [ 37.10271, -0.63174 ], [ 37.10265, -0.63171 ], [ 37.10259, -0.63168 ], [ 37.10253, -0.63165 ], [ 37.10238, -0.63155 ], [ 37.10233, -0.63153 ], [ 37.10222, -0.63146 ], [ 37.10217, -0.63143 ], [ 37.10211, -0.63139 ], [ 37.10208, -0.63137 ], [ 37.10206, -0.63135 ], [ 37.10202, -0.63131 ], [ 37.10198, -0.63126 ], [ 37.10194, -0.63121 ], [ 37.10192, -0.63117 ], [ 37.1019, -0.63114 ], [ 37.10189, -0.6311 ], [ 37.10188, -0.63106 ], [ 37.10187, -0.63097 ], [ 37.10186, -0.63093 ], [ 37.10185, -0.6309 ], [ 37.10184, -0.63086 ], [ 37.10181, -0.63082 ], [ 37.10176, -0.63074 ], [ 37.10174, -0.63071 ], [ 37.10173, -0.63069 ], [ 37.1017, -0.63064 ], [ 37.10168, -0.63059 ], [ 37.10166, -0.63054 ], [ 37.10164, -0.6305 ], [ 37.10164, -0.63046 ], [ 37.10163, -0.63041 ], [ 37.10163, -0.63036 ], [ 37.10163, -0.63029 ], [ 37.10163, -0.63024 ], [ 37.10163, -0.63019 ], [ 37.10163, -0.63013 ], [ 37.10163, -0.62999 ], [ 37.10162, -0.62992 ], [ 37.10162, -0.62988 ], [ 37.10161, -0.62985 ], [ 37.10159, -0.62983 ], [ 37.10158, -0.6298 ], [ 37.10156, -0.62978 ], [ 37.10154, -0.62977 ], [ 37.10151, -0.62975 ], [ 37.10148, -0.62974 ], [ 37.10143, -0.62972 ], [ 37.10129, -0.62968 ], [ 37.10123, -0.62966 ], [ 37.101, -0.62957 ], [ 37.10092, -0.62955 ], [ 37.10088, -0.62953 ], [ 37.10077, -0.6295 ], [ 37.10073, -0.62948 ], [ 37.1007, -0.62947 ], [ 37.10068, -0.62945 ], [ 37.10066, -0.62944 ], [ 37.10064, -0.62943 ], [ 37.10062, -0.6294 ], [ 37.10061, -0.62938 ], [ 37.10059, -0.62935 ], [ 37.10056, -0.62925 ], [ 37.10054, -0.62922 ], [ 37.10053, -0.6292 ], [ 37.10051, -0.62918 ], [ 37.10049, -0.62916 ], [ 37.10042, -0.62911 ], [ 37.10042, -0.62911 ], [ 37.10039, -0.62909 ], [ 37.10037, -0.62907 ], [ 37.10036, -0.62905 ], [ 37.10034, -0.62902 ], [ 37.10033, -0.62899 ], [ 37.10033, -0.62897 ], [ 37.10033, -0.62895 ], [ 37.10031, -0.62887 ], [ 37.1003, -0.62884 ], [ 37.10029, -0.62881 ], [ 37.10028, -0.62878 ], [ 37.10026, -0.62876 ], [ 37.10024, -0.62874 ], [ 37.10022, -0.62872 ], [ 37.10019, -0.6287 ], [ 37.10017, -0.62868 ], [ 37.10014, -0.62867 ], [ 37.10011, -0.62866 ], [ 37.10009, -0.62865 ], [ 37.10006, -0.62864 ], [ 37.10004, -0.62864 ], [ 37.10001, -0.62863 ], [ 37.09998, -0.62863 ], [ 37.09991, -0.62864 ], [ 37.09981, -0.62865 ], [ 37.09976, -0.62867 ], [ 37.09973, -0.62867 ], [ 37.0997, -0.62868 ], [ 37.09968, -0.62868 ], [ 37.09967, -0.62868 ], [ 37.09967, -0.62868 ], [ 37.09966, -0.62868 ], [ 37.09963, -0.62868 ], [ 37.09952, -0.62867 ], [ 37.09948, -0.62866 ], [ 37.09934, -0.62865 ], [ 37.09929, -0.62865 ], [ 37.09926, -0.62865 ], [ 37.0992, -0.62867 ], [ 37.09914, -0.62869 ], [ 37.0991, -0.62871 ], [ 37.09908, -0.62872 ], [ 37.09906, -0.62873 ], [ 37.09904, -0.62875 ], [ 37.09902, -0.62878 ], [ 37.099, -0.62881 ], [ 37.09896, -0.62889 ], [ 37.09895, -0.62891 ], [ 37.09894, -0.62893 ], [ 37.09893, -0.62894 ], [ 37.0989, -0.62896 ], [ 37.09887, -0.629 ], [ 37.09883, -0.62903 ], [ 37.09883, -0.62904 ], [ 37.09878, -0.62907 ], [ 37.09874, -0.6291 ], [ 37.09873, -0.62911 ], [ 37.09869, -0.62913 ], [ 37.09863, -0.62916 ], [ 37.09858, -0.62919 ], [ 37.09851, -0.62922 ], [ 37.09843, -0.62925 ], [ 37.09834, -0.62927 ], [ 37.0983, -0.62928 ], [ 37.09824, -0.62929 ], [ 37.09817, -0.6293 ], [ 37.0981, -0.62931 ], [ 37.09803, -0.62932 ], [ 37.09796, -0.62932 ], [ 37.09787, -0.62933 ], [ 37.09783, -0.62933 ], [ 37.09779, -0.62933 ], [ 37.09775, -0.62932 ], [ 37.09771, -0.62931 ], [ 37.09768, -0.6293 ], [ 37.09756, -0.62926 ], [ 37.09747, -0.62922 ], [ 37.0974, -0.62918 ], [ 37.09738, -0.62917 ], [ 37.09731, -0.62912 ], [ 37.09729, -0.6291 ], [ 37.09727, -0.6291 ], [ 37.09724, -0.62909 ], [ 37.09722, -0.62909 ], [ 37.09712, -0.6291 ], [ 37.09708, -0.6291 ], [ 37.09706, -0.62909 ], [ 37.09702, -0.62909 ], [ 37.09696, -0.62907 ], [ 37.09692, -0.62906 ], [ 37.09691, -0.62906 ], [ 37.09686, -0.62904 ], [ 37.09682, -0.62902 ], [ 37.09678, -0.62899 ], [ 37.09675, -0.62897 ], [ 37.09675, -0.62896 ], [ 37.09673, -0.62894 ], [ 37.09672, -0.62893 ], [ 37.0967, -0.62891 ], [ 37.09669, -0.62889 ], [ 37.09668, -0.62886 ], [ 37.09667, -0.62882 ], [ 37.09664, -0.6287 ], [ 37.09663, -0.62865 ], [ 37.09661, -0.6286 ], [ 37.09661, -0.6286 ], [ 37.09659, -0.62842 ], [ 37.09658, -0.62836 ], [ 37.09656, -0.62831 ], [ 37.09655, -0.62826 ], [ 37.09653, -0.62821 ], [ 37.09651, -0.62815 ], [ 37.0965, -0.62814 ], [ 37.09641, -0.62795 ], [ 37.09637, -0.62786 ], [ 37.09636, -0.62781 ], [ 37.09636, -0.62781 ], [ 37.09634, -0.62775 ], [ 37.09629, -0.62754 ], [ 37.09626, -0.62746 ], [ 37.09624, -0.62738 ], [ 37.09622, -0.62735 ], [ 37.09621, -0.62731 ], [ 37.09615, -0.62721 ], [ 37.0961, -0.62713 ], [ 37.09608, -0.6271 ], [ 37.09605, -0.62707 ], [ 37.09603, -0.62704 ], [ 37.096, -0.62702 ], [ 37.09594, -0.62696 ], [ 37.09591, -0.62694 ], [ 37.09588, -0.62692 ], [ 37.09585, -0.6269 ], [ 37.09583, -0.62689 ], [ 37.0958, -0.62688 ], [ 37.09577, -0.62687 ], [ 37.09574, -0.62687 ], [ 37.09573, -0.62686 ], [ 37.09569, -0.62686 ], [ 37.09564, -0.62686 ], [ 37.09562, -0.62686 ], [ 37.09559, -0.62686 ], [ 37.09557, -0.62687 ], [ 37.09554, -0.62688 ], [ 37.09544, -0.62691 ], [ 37.0954, -0.62693 ], [ 37.09536, -0.62694 ], [ 37.09532, -0.62695 ], [ 37.09525, -0.62696 ], [ 37.09524, -0.62696 ], [ 37.09517, -0.62696 ], [ 37.09503, -0.62696 ], [ 37.09492, -0.62695 ], [ 37.09475, -0.6269 ], [ 37.09466, -0.62684 ], [ 37.09453, -0.62673 ], [ 37.09448, -0.62664 ], [ 37.09438, -0.62641 ], [ 37.09436, -0.62637 ], [ 37.09435, -0.62627 ], [ 37.09434, -0.62623 ], [ 37.09433, -0.6262 ], [ 37.09432, -0.62613 ], [ 37.09431, -0.6261 ], [ 37.09429, -0.62608 ], [ 37.09429, -0.62607 ], [ 37.09428, -0.62607 ], [ 37.09426, -0.62606 ], [ 37.09424, -0.62606 ], [ 37.09421, -0.62606 ], [ 37.09414, -0.62608 ], [ 37.09414, -0.62608 ], [ 37.09409, -0.62608 ], [ 37.09404, -0.62609 ], [ 37.09384, -0.62614 ], [ 37.09376, -0.62616 ], [ 37.09369, -0.62617 ], [ 37.09361, -0.62617 ], [ 37.09346, -0.62619 ], [ 37.09335, -0.62619 ], [ 37.09325, -0.6262 ], [ 37.09311, -0.62622 ], [ 37.09304, -0.62623 ], [ 37.09293, -0.62623 ], [ 37.09286, -0.62623 ], [ 37.09282, -0.62622 ], [ 37.09279, -0.62622 ], [ 37.09277, -0.62621 ], [ 37.09274, -0.6262 ], [ 37.09272, -0.62618 ], [ 37.09269, -0.62616 ], [ 37.09261, -0.62609 ], [ 37.09258, -0.62606 ], [ 37.09255, -0.62603 ], [ 37.09246, -0.62598 ], [ 37.09242, -0.62595 ], [ 37.09239, -0.62593 ], [ 37.09233, -0.62587 ], [ 37.0923, -0.62584 ], [ 37.09227, -0.62582 ], [ 37.09224, -0.62581 ], [ 37.09223, -0.6258 ], [ 37.0922, -0.6258 ], [ 37.09216, -0.6258 ], [ 37.0921, -0.6258 ], [ 37.09203, -0.62581 ], [ 37.09196, -0.62582 ], [ 37.0919, -0.62584 ], [ 37.09185, -0.62586 ], [ 37.09183, -0.62587 ], [ 37.09181, -0.62588 ], [ 37.09179, -0.6259 ], [ 37.09178, -0.62591 ], [ 37.09176, -0.62594 ], [ 37.09172, -0.62601 ], [ 37.0917, -0.62604 ], [ 37.09168, -0.62605 ], [ 37.09166, -0.62607 ], [ 37.09164, -0.62608 ], [ 37.09159, -0.6261 ], [ 37.09153, -0.62612 ], [ 37.09147, -0.62614 ], [ 37.09142, -0.62615 ], [ 37.09137, -0.62615 ], [ 37.09131, -0.62615 ], [ 37.09125, -0.62614 ], [ 37.0912, -0.62613 ], [ 37.09116, -0.62612 ], [ 37.09111, -0.62611 ], [ 37.09106, -0.62609 ], [ 37.09098, -0.62605 ], [ 37.09081, -0.62596 ], [ 37.09074, -0.62593 ], [ 37.09058, -0.62586 ], [ 37.09051, -0.62582 ], [ 37.09043, -0.62578 ], [ 37.09036, -0.62575 ], [ 37.09029, -0.6257 ], [ 37.09015, -0.62559 ], [ 37.09009, -0.62555 ], [ 37.09001, -0.62549 ], [ 37.08992, -0.62544 ], [ 37.08966, -0.62529 ], [ 37.08949, -0.62519 ], [ 37.08942, -0.62515 ], [ 37.08935, -0.62512 ], [ 37.08929, -0.62509 ], [ 37.08925, -0.62508 ], [ 37.08921, -0.62507 ], [ 37.08917, -0.62506 ], [ 37.08906, -0.62504 ], [ 37.089, -0.62503 ], [ 37.08897, -0.62502 ], [ 37.08895, -0.62501 ], [ 37.08892, -0.625 ], [ 37.0889, -0.62498 ], [ 37.08887, -0.62495 ], [ 37.08881, -0.62488 ], [ 37.08879, -0.62485 ], [ 37.08875, -0.62477 ], [ 37.08872, -0.62474 ], [ 37.08871, -0.62472 ], [ 37.0887, -0.62471 ], [ 37.08868, -0.6247 ], [ 37.08867, -0.62469 ], [ 37.08865, -0.62469 ], [ 37.08864, -0.62468 ], [ 37.0886, -0.62468 ], [ 37.08856, -0.62468 ], [ 37.08849, -0.62469 ], [ 37.08845, -0.62469 ], [ 37.08832, -0.6247 ], [ 37.08829, -0.6247 ], [ 37.08825, -0.62471 ], [ 37.08821, -0.62472 ], [ 37.08817, -0.62475 ], [ 37.08813, -0.62477 ], [ 37.08806, -0.62482 ], [ 37.08802, -0.62485 ], [ 37.08798, -0.62489 ], [ 37.08794, -0.62492 ], [ 37.0879, -0.62496 ], [ 37.08787, -0.62499 ], [ 37.08784, -0.62502 ], [ 37.08782, -0.62505 ], [ 37.08774, -0.62515 ], [ 37.08759, -0.62533 ], [ 37.08751, -0.62542 ], [ 37.08747, -0.62547 ], [ 37.08743, -0.62551 ], [ 37.08739, -0.62555 ], [ 37.08737, -0.62557 ], [ 37.08734, -0.62559 ], [ 37.08727, -0.62563 ], [ 37.0872, -0.62566 ], [ 37.08707, -0.62572 ], [ 37.08703, -0.62574 ], [ 37.08697, -0.62577 ], [ 37.08695, -0.62578 ], [ 37.0869, -0.62581 ], [ 37.08685, -0.62583 ], [ 37.0868, -0.62585 ], [ 37.08675, -0.62587 ], [ 37.08671, -0.62587 ], [ 37.08667, -0.62588 ], [ 37.08663, -0.62588 ], [ 37.08659, -0.62589 ], [ 37.08655, -0.62589 ], [ 37.08651, -0.62588 ], [ 37.08646, -0.62588 ], [ 37.08642, -0.62587 ], [ 37.08633, -0.62586 ], [ 37.08627, -0.62584 ], [ 37.08624, -0.62584 ], [ 37.08622, -0.62583 ], [ 37.0862, -0.62581 ], [ 37.08619, -0.62581 ], [ 37.08618, -0.6258 ], [ 37.08616, -0.62579 ], [ 37.08614, -0.62577 ], [ 37.08612, -0.62574 ], [ 37.0861, -0.62572 ], [ 37.08608, -0.62569 ], [ 37.08606, -0.62567 ], [ 37.08605, -0.62564 ], [ 37.08603, -0.62561 ], [ 37.08603, -0.62559 ], [ 37.08602, -0.62557 ], [ 37.08601, -0.62551 ], [ 37.08601, -0.62547 ], [ 37.08601, -0.62536 ], [ 37.08601, -0.62532 ], [ 37.08601, -0.62517 ], [ 37.08601, -0.62514 ], [ 37.086, -0.6251 ], [ 37.08599, -0.62505 ], [ 37.08598, -0.62502 ], [ 37.08596, -0.62499 ], [ 37.08594, -0.62496 ], [ 37.08592, -0.62494 ], [ 37.08586, -0.62489 ], [ 37.08583, -0.62486 ], [ 37.08576, -0.62478 ], [ 37.08574, -0.62474 ], [ 37.08571, -0.6247 ], [ 37.08568, -0.62464 ], [ 37.08565, -0.6246 ], [ 37.08564, -0.62456 ], [ 37.08562, -0.62453 ], [ 37.08562, -0.62449 ], [ 37.08562, -0.62445 ], [ 37.08563, -0.62429 ], [ 37.08564, -0.62415 ], [ 37.08564, -0.62408 ], [ 37.08564, -0.62396 ], [ 37.08564, -0.6239 ], [ 37.08564, -0.62385 ], [ 37.08563, -0.62382 ], [ 37.08562, -0.6238 ], [ 37.08561, -0.62378 ], [ 37.0856, -0.62376 ], [ 37.08558, -0.62373 ], [ 37.08552, -0.62366 ], [ 37.08551, -0.62363 ], [ 37.0855, -0.62361 ], [ 37.08549, -0.62359 ], [ 37.08548, -0.62357 ], [ 37.08546, -0.62346 ], [ 37.08546, -0.62343 ], [ 37.08545, -0.62341 ], [ 37.08543, -0.62337 ], [ 37.0854, -0.62333 ], [ 37.08537, -0.62329 ], [ 37.08532, -0.62322 ], [ 37.08526, -0.62314 ], [ 37.08521, -0.62308 ], [ 37.08517, -0.62304 ], [ 37.08513, -0.623 ], [ 37.08511, -0.62298 ], [ 37.08508, -0.62297 ], [ 37.08503, -0.62294 ], [ 37.08497, -0.62291 ], [ 37.08482, -0.62285 ], [ 37.08477, -0.62283 ], [ 37.08473, -0.62281 ], [ 37.08468, -0.62277 ], [ 37.08458, -0.62269 ], [ 37.08452, -0.62266 ], [ 37.08447, -0.62263 ], [ 37.08442, -0.6226 ], [ 37.08437, -0.62258 ], [ 37.08432, -0.62256 ], [ 37.08428, -0.62255 ], [ 37.08418, -0.62253 ], [ 37.08414, -0.62252 ], [ 37.08408, -0.62249 ], [ 37.08406, -0.62249 ], [ 37.08402, -0.62247 ], [ 37.08398, -0.62244 ], [ 37.08394, -0.62242 ], [ 37.0839, -0.62239 ], [ 37.08387, -0.62236 ], [ 37.08384, -0.62234 ], [ 37.08383, -0.62231 ], [ 37.08382, -0.62229 ], [ 37.08381, -0.62227 ], [ 37.08381, -0.62227 ], [ 37.0838, -0.62223 ], [ 37.0838, -0.62219 ], [ 37.08379, -0.62207 ], [ 37.08378, -0.62203 ], [ 37.08378, -0.622 ], [ 37.08376, -0.62196 ], [ 37.08374, -0.62191 ], [ 37.08372, -0.62187 ], [ 37.0837, -0.62182 ], [ 37.08367, -0.62178 ], [ 37.08364, -0.62173 ], [ 37.0836, -0.62168 ], [ 37.08356, -0.62163 ], [ 37.08351, -0.62156 ], [ 37.08345, -0.6215 ], [ 37.08338, -0.62144 ], [ 37.0833, -0.62137 ], [ 37.08323, -0.6213 ], [ 37.08319, -0.62127 ], [ 37.08315, -0.62124 ], [ 37.08311, -0.62122 ], [ 37.08308, -0.62121 ], [ 37.08304, -0.6212 ], [ 37.08301, -0.62119 ], [ 37.08297, -0.62119 ], [ 37.08293, -0.62118 ], [ 37.0829, -0.62118 ], [ 37.08286, -0.62118 ], [ 37.08282, -0.62118 ], [ 37.08277, -0.62119 ], [ 37.08273, -0.6212 ], [ 37.08269, -0.6212 ], [ 37.08266, -0.62121 ], [ 37.08263, -0.62123 ], [ 37.08261, -0.62124 ], [ 37.08259, -0.62125 ], [ 37.08257, -0.62127 ], [ 37.08257, -0.62127 ], [ 37.08256, -0.62129 ], [ 37.08254, -0.62133 ], [ 37.08253, -0.62135 ], [ 37.08251, -0.62137 ], [ 37.08249, -0.62139 ], [ 37.08245, -0.6214 ], [ 37.08242, -0.62141 ], [ 37.08238, -0.62142 ], [ 37.08233, -0.62142 ], [ 37.08229, -0.62142 ], [ 37.08228, -0.62141 ], [ 37.08218, -0.62141 ], [ 37.08215, -0.62141 ], [ 37.08212, -0.6214 ], [ 37.08201, -0.62138 ], [ 37.08196, -0.62137 ], [ 37.08189, -0.62136 ], [ 37.08181, -0.62135 ], [ 37.08174, -0.62135 ], [ 37.08166, -0.62135 ], [ 37.08159, -0.62135 ], [ 37.08152, -0.62135 ], [ 37.08144, -0.62136 ], [ 37.08137, -0.62137 ], [ 37.08129, -0.62138 ], [ 37.08114, -0.62142 ], [ 37.08109, -0.62143 ], [ 37.08093, -0.62146 ], [ 37.08076, -0.62149 ], [ 37.0806, -0.62152 ], [ 37.08055, -0.62152 ], [ 37.08051, -0.62152 ], [ 37.08045, -0.62152 ], [ 37.08039, -0.62151 ], [ 37.08033, -0.6215 ], [ 37.08027, -0.62148 ], [ 37.08022, -0.62146 ], [ 37.08017, -0.62144 ], [ 37.08013, -0.62142 ], [ 37.08009, -0.6214 ], [ 37.08006, -0.62138 ], [ 37.08003, -0.62135 ], [ 37.08001, -0.62133 ], [ 37.07999, -0.6213 ], [ 37.07998, -0.62127 ], [ 37.07996, -0.62123 ], [ 37.07995, -0.62118 ], [ 37.07994, -0.62109 ], [ 37.07993, -0.62103 ], [ 37.07992, -0.62098 ], [ 37.07992, -0.62092 ], [ 37.07992, -0.62087 ], [ 37.07992, -0.62081 ], [ 37.07993, -0.62075 ], [ 37.07994, -0.62069 ], [ 37.07994, -0.62063 ], [ 37.07995, -0.62059 ], [ 37.07997, -0.62054 ], [ 37.08003, -0.62036 ], [ 37.08005, -0.62029 ], [ 37.08007, -0.62019 ], [ 37.08009, -0.62008 ], [ 37.08011, -0.61997 ], [ 37.08013, -0.61984 ], [ 37.08015, -0.61971 ], [ 37.08016, -0.6196 ], [ 37.08016, -0.61951 ], [ 37.08016, -0.61942 ], [ 37.08016, -0.61931 ], [ 37.08015, -0.6192 ], [ 37.08013, -0.61909 ], [ 37.08011, -0.61898 ], [ 37.0801, -0.61891 ], [ 37.08008, -0.61884 ], [ 37.08006, -0.61877 ], [ 37.08003, -0.6187 ], [ 37.08001, -0.61863 ], [ 37.07998, -0.61855 ], [ 37.07995, -0.61848 ], [ 37.07991, -0.61841 ], [ 37.07986, -0.61831 ], [ 37.07981, -0.61822 ], [ 37.07976, -0.61814 ], [ 37.07971, -0.61807 ], [ 37.07968, -0.61804 ], [ 37.07965, -0.618 ], [ 37.07954, -0.6179 ], [ 37.0795, -0.61786 ], [ 37.07948, -0.61784 ], [ 37.07947, -0.61783 ], [ 37.07945, -0.6178 ], [ 37.07941, -0.61775 ], [ 37.07934, -0.61763 ], [ 37.0793, -0.61758 ], [ 37.07925, -0.61751 ], [ 37.07918, -0.61745 ], [ 37.07912, -0.61739 ], [ 37.07904, -0.61734 ], [ 37.07898, -0.6173 ], [ 37.07891, -0.61726 ], [ 37.07884, -0.61722 ], [ 37.0787, -0.61716 ], [ 37.07855, -0.61709 ], [ 37.07851, -0.61707 ], [ 37.07847, -0.61706 ], [ 37.07844, -0.61706 ], [ 37.0784, -0.61705 ], [ 37.07837, -0.61705 ], [ 37.07833, -0.61705 ], [ 37.07826, -0.61705 ], [ 37.07807, -0.61707 ], [ 37.07803, -0.61707 ], [ 37.07793, -0.61707 ], [ 37.07788, -0.61707 ], [ 37.07786, -0.61707 ], [ 37.07783, -0.61708 ], [ 37.07781, -0.61709 ], [ 37.07779, -0.61709 ], [ 37.07776, -0.61711 ], [ 37.07773, -0.61714 ], [ 37.07769, -0.61717 ], [ 37.07766, -0.61721 ], [ 37.07764, -0.61723 ], [ 37.07762, -0.61725 ], [ 37.07757, -0.61735 ], [ 37.07754, -0.61739 ], [ 37.0775, -0.61744 ], [ 37.0775, -0.61744 ], [ 37.07746, -0.61748 ], [ 37.07742, -0.61753 ], [ 37.07737, -0.61757 ], [ 37.07732, -0.6176 ], [ 37.07728, -0.61763 ], [ 37.07724, -0.61766 ], [ 37.0772, -0.61768 ], [ 37.07716, -0.6177 ], [ 37.07713, -0.61772 ], [ 37.07709, -0.61773 ], [ 37.07706, -0.61774 ], [ 37.07705, -0.61775 ], [ 37.07701, -0.61775 ], [ 37.07697, -0.61776 ], [ 37.07692, -0.61777 ], [ 37.07684, -0.61777 ], [ 37.07677, -0.61777 ], [ 37.0767, -0.61777 ], [ 37.07664, -0.61777 ], [ 37.07659, -0.61777 ], [ 37.07654, -0.61776 ], [ 37.07649, -0.61775 ], [ 37.07645, -0.61774 ], [ 37.07641, -0.61773 ], [ 37.07636, -0.61771 ], [ 37.07632, -0.61769 ], [ 37.07627, -0.61766 ], [ 37.07622, -0.61762 ], [ 37.07618, -0.6176 ], [ 37.07614, -0.61757 ], [ 37.0761, -0.61753 ], [ 37.07606, -0.61749 ], [ 37.076, -0.61743 ], [ 37.0759, -0.61731 ], [ 37.07572, -0.61711 ], [ 37.07564, -0.61702 ], [ 37.07554, -0.61693 ], [ 37.07548, -0.61686 ], [ 37.07541, -0.61681 ], [ 37.07535, -0.61677 ], [ 37.07526, -0.61671 ], [ 37.07517, -0.61666 ], [ 37.07513, -0.61664 ], [ 37.07509, -0.61662 ], [ 37.07504, -0.6166 ], [ 37.075, -0.61659 ], [ 37.07496, -0.61658 ], [ 37.07492, -0.61657 ], [ 37.07477, -0.61656 ], [ 37.07473, -0.61655 ], [ 37.07469, -0.61654 ], [ 37.07465, -0.61653 ], [ 37.07461, -0.61652 ], [ 37.07456, -0.61649 ], [ 37.07452, -0.61647 ], [ 37.07441, -0.6164 ], [ 37.07435, -0.61637 ], [ 37.0743, -0.61635 ], [ 37.07424, -0.61633 ], [ 37.0742, -0.61632 ], [ 37.07415, -0.6163 ], [ 37.07413, -0.61629 ], [ 37.07411, -0.61628 ], [ 37.07409, -0.61627 ], [ 37.07408, -0.61626 ], [ 37.07407, -0.61624 ], [ 37.07406, -0.61623 ], [ 37.07405, -0.6162 ], [ 37.07404, -0.61618 ], [ 37.07403, -0.61613 ], [ 37.07403, -0.61611 ], [ 37.07401, -0.61603 ], [ 37.07401, -0.61599 ], [ 37.074, -0.61595 ], [ 37.07398, -0.61591 ], [ 37.07393, -0.61582 ], [ 37.07391, -0.61578 ], [ 37.07389, -0.61575 ], [ 37.07387, -0.61572 ], [ 37.07384, -0.61569 ], [ 37.07382, -0.61567 ], [ 37.0738, -0.61566 ], [ 37.07378, -0.61564 ], [ 37.07375, -0.61563 ], [ 37.07372, -0.61562 ], [ 37.07369, -0.61562 ], [ 37.07362, -0.61561 ], [ 37.07349, -0.6156 ], [ 37.07346, -0.6156 ], [ 37.07342, -0.6156 ], [ 37.07328, -0.61561 ], [ 37.07323, -0.61561 ], [ 37.07312, -0.61561 ], [ 37.07302, -0.6156 ], [ 37.07293, -0.6156 ], [ 37.07284, -0.61559 ], [ 37.07269, -0.61557 ], [ 37.07257, -0.61556 ], [ 37.07246, -0.61553 ], [ 37.07241, -0.61552 ], [ 37.07236, -0.6155 ], [ 37.07231, -0.61549 ], [ 37.07225, -0.61546 ], [ 37.07206, -0.61538 ], [ 37.0719, -0.61531 ], [ 37.07186, -0.61529 ], [ 37.07182, -0.61527 ], [ 37.07178, -0.61524 ], [ 37.07174, -0.61521 ], [ 37.0717, -0.61519 ], [ 37.07167, -0.61516 ], [ 37.07164, -0.61513 ], [ 37.07162, -0.61511 ], [ 37.0716, -0.61508 ], [ 37.07158, -0.61505 ], [ 37.07157, -0.61502 ], [ 37.07156, -0.61498 ], [ 37.07155, -0.61493 ], [ 37.07154, -0.61484 ], [ 37.07154, -0.6148 ], [ 37.07153, -0.61477 ], [ 37.07152, -0.61473 ], [ 37.07149, -0.61467 ], [ 37.07146, -0.61462 ], [ 37.07142, -0.61456 ], [ 37.07137, -0.6145 ], [ 37.07132, -0.61445 ], [ 37.07127, -0.6144 ], [ 37.07121, -0.61435 ], [ 37.07115, -0.61431 ], [ 37.07111, -0.61429 ], [ 37.07109, -0.61427 ], [ 37.07108, -0.61427 ], [ 37.07092, -0.61421 ], [ 37.07086, -0.61418 ], [ 37.07079, -0.61414 ], [ 37.07066, -0.61405 ], [ 37.07059, -0.61401 ], [ 37.07056, -0.61399 ], [ 37.07052, -0.61397 ], [ 37.07038, -0.61391 ], [ 37.07033, -0.61389 ], [ 37.07028, -0.61386 ], [ 37.07023, -0.61383 ], [ 37.0702, -0.61381 ], [ 37.07017, -0.61378 ], [ 37.07005, -0.61366 ], [ 37.07, -0.61361 ], [ 37.06996, -0.61358 ], [ 37.06991, -0.61355 ], [ 37.06977, -0.61345 ], [ 37.06975, -0.61344 ], [ 37.06972, -0.61342 ], [ 37.06967, -0.61339 ], [ 37.06964, -0.61336 ], [ 37.06961, -0.61333 ], [ 37.06958, -0.6133 ], [ 37.06958, -0.6133 ], [ 37.06946, -0.61316 ], [ 37.0694, -0.61311 ], [ 37.06934, -0.61306 ], [ 37.06928, -0.613 ], [ 37.06905, -0.61282 ], [ 37.06898, -0.61276 ], [ 37.06892, -0.61271 ], [ 37.06879, -0.6126 ], [ 37.06873, -0.61254 ], [ 37.06867, -0.61249 ], [ 37.06861, -0.61245 ], [ 37.06853, -0.6124 ], [ 37.06845, -0.61236 ], [ 37.06836, -0.61232 ], [ 37.06828, -0.61228 ], [ 37.06816, -0.61223 ], [ 37.06809, -0.61221 ], [ 37.06805, -0.6122 ], [ 37.06802, -0.6122 ], [ 37.06799, -0.61219 ], [ 37.06797, -0.61219 ], [ 37.06792, -0.6122 ], [ 37.06788, -0.6122 ], [ 37.06784, -0.61221 ], [ 37.0678, -0.61222 ], [ 37.06776, -0.61224 ], [ 37.06773, -0.61225 ], [ 37.06771, -0.61227 ], [ 37.06768, -0.61229 ], [ 37.06767, -0.61231 ], [ 37.06766, -0.61233 ], [ 37.06765, -0.61235 ], [ 37.06762, -0.61243 ], [ 37.06761, -0.61245 ], [ 37.0676, -0.61247 ], [ 37.06757, -0.61249 ], [ 37.06755, -0.61252 ], [ 37.06752, -0.61254 ], [ 37.06749, -0.61256 ], [ 37.06745, -0.61259 ], [ 37.06741, -0.6126 ], [ 37.06737, -0.61262 ], [ 37.06735, -0.61263 ], [ 37.06733, -0.61264 ], [ 37.06731, -0.61264 ], [ 37.06728, -0.61265 ], [ 37.06725, -0.61265 ], [ 37.06721, -0.61265 ], [ 37.06716, -0.61265 ], [ 37.06703, -0.61265 ], [ 37.06697, -0.61264 ], [ 37.06666, -0.61264 ], [ 37.06653, -0.61264 ], [ 37.06648, -0.61264 ], [ 37.06637, -0.61264 ], [ 37.06632, -0.61265 ], [ 37.06629, -0.61265 ], [ 37.06626, -0.61265 ], [ 37.06624, -0.61266 ], [ 37.06621, -0.61267 ], [ 37.06619, -0.61268 ], [ 37.06616, -0.6127 ], [ 37.06613, -0.61272 ], [ 37.0661, -0.61274 ], [ 37.06608, -0.61277 ], [ 37.06605, -0.6128 ], [ 37.06596, -0.61289 ], [ 37.06592, -0.61294 ], [ 37.06589, -0.61299 ], [ 37.06585, -0.61305 ], [ 37.06582, -0.61307 ], [ 37.0658, -0.61309 ], [ 37.06578, -0.61312 ], [ 37.06576, -0.61314 ], [ 37.06573, -0.61316 ], [ 37.0657, -0.61318 ], [ 37.06564, -0.61321 ], [ 37.06551, -0.61328 ], [ 37.06546, -0.61331 ], [ 37.06539, -0.61335 ], [ 37.06531, -0.61339 ], [ 37.0652, -0.61346 ], [ 37.06514, -0.61349 ], [ 37.06509, -0.61353 ], [ 37.06501, -0.61359 ], [ 37.06494, -0.61364 ], [ 37.06488, -0.6137 ], [ 37.06482, -0.61375 ], [ 37.0648, -0.61378 ], [ 37.06478, -0.61381 ], [ 37.06471, -0.61391 ], [ 37.0647, -0.61393 ], [ 37.06468, -0.61395 ], [ 37.06465, -0.61399 ], [ 37.06463, -0.61401 ], [ 37.06462, -0.61402 ], [ 37.06458, -0.61404 ], [ 37.06458, -0.61404 ], [ 37.06455, -0.61405 ], [ 37.06451, -0.61407 ], [ 37.06447, -0.61408 ], [ 37.06442, -0.61409 ], [ 37.06438, -0.6141 ], [ 37.06433, -0.6141 ], [ 37.06429, -0.61411 ], [ 37.06423, -0.6141 ], [ 37.06417, -0.6141 ], [ 37.06411, -0.61408 ], [ 37.06405, -0.61407 ], [ 37.06403, -0.61406 ], [ 37.064, -0.61404 ], [ 37.06394, -0.61401 ], [ 37.06388, -0.61397 ], [ 37.06379, -0.6139 ], [ 37.06376, -0.61387 ], [ 37.06372, -0.61384 ], [ 37.0636, -0.61372 ], [ 37.06355, -0.61367 ], [ 37.06346, -0.6136 ], [ 37.06337, -0.61353 ], [ 37.06329, -0.61346 ], [ 37.0632, -0.6134 ], [ 37.06306, -0.6133 ], [ 37.06296, -0.61324 ], [ 37.06288, -0.61318 ], [ 37.06279, -0.61314 ], [ 37.06276, -0.61313 ], [ 37.06272, -0.61311 ], [ 37.06255, -0.61306 ], [ 37.06252, -0.61305 ], [ 37.06249, -0.61304 ], [ 37.06241, -0.613 ], [ 37.06234, -0.61296 ], [ 37.06228, -0.61292 ], [ 37.06221, -0.61288 ], [ 37.06218, -0.61285 ], [ 37.06215, -0.61282 ], [ 37.06212, -0.61278 ], [ 37.06205, -0.61268 ], [ 37.062, -0.61264 ], [ 37.06198, -0.61261 ], [ 37.06196, -0.6126 ], [ 37.06193, -0.61258 ], [ 37.06191, -0.61257 ], [ 37.06188, -0.61256 ], [ 37.06184, -0.61256 ], [ 37.0617, -0.61255 ], [ 37.06163, -0.61254 ], [ 37.06155, -0.61254 ], [ 37.06139, -0.61253 ], [ 37.06123, -0.61254 ], [ 37.06085, -0.61255 ], [ 37.06075, -0.61255 ], [ 37.06066, -0.61255 ], [ 37.06063, -0.61255 ], [ 37.06045, -0.61255 ], [ 37.06034, -0.61254 ], [ 37.06022, -0.61253 ], [ 37.06017, -0.61253 ], [ 37.06011, -0.61251 ], [ 37.06007, -0.6125 ], [ 37.06, -0.61246 ], [ 37.05998, -0.61244 ], [ 37.05994, -0.6124 ], [ 37.05986, -0.61232 ], [ 37.05983, -0.61228 ], [ 37.05975, -0.6122 ], [ 37.0596, -0.61204 ], [ 37.05954, -0.61198 ], [ 37.05951, -0.61195 ], [ 37.05944, -0.61189 ], [ 37.0594, -0.61186 ], [ 37.05937, -0.61183 ], [ 37.05935, -0.61179 ], [ 37.05934, -0.61176 ], [ 37.05933, -0.61172 ], [ 37.05932, -0.61168 ], [ 37.05931, -0.6116 ], [ 37.0593, -0.61154 ], [ 37.05929, -0.61148 ], [ 37.05929, -0.61141 ], [ 37.05928, -0.61131 ], [ 37.05928, -0.61125 ], [ 37.05928, -0.61118 ], [ 37.05929, -0.61088 ], [ 37.05929, -0.61065 ], [ 37.05929, -0.61052 ], [ 37.05928, -0.61037 ], [ 37.05928, -0.61026 ], [ 37.05927, -0.61017 ], [ 37.05926, -0.61009 ], [ 37.05925, -0.61004 ], [ 37.05924, -0.60999 ], [ 37.05917, -0.60978 ], [ 37.05916, -0.60973 ], [ 37.05915, -0.60969 ], [ 37.05915, -0.60965 ], [ 37.05915, -0.60961 ], [ 37.05915, -0.60947 ], [ 37.05915, -0.60942 ], [ 37.05914, -0.60938 ], [ 37.05914, -0.60933 ], [ 37.05912, -0.60927 ], [ 37.0591, -0.6092 ], [ 37.05907, -0.60914 ], [ 37.05899, -0.60896 ], [ 37.05893, -0.60881 ], [ 37.05889, -0.60873 ], [ 37.05886, -0.60865 ], [ 37.05882, -0.60859 ], [ 37.05874, -0.60844 ], [ 37.05871, -0.6084 ], [ 37.05869, -0.60836 ], [ 37.05866, -0.60832 ], [ 37.05863, -0.60828 ], [ 37.0586, -0.60825 ], [ 37.05857, -0.60823 ], [ 37.05852, -0.60819 ], [ 37.05848, -0.60815 ], [ 37.05843, -0.60813 ], [ 37.05839, -0.60811 ], [ 37.05836, -0.60809 ], [ 37.05831, -0.60808 ], [ 37.05817, -0.60807 ], [ 37.05813, -0.60806 ], [ 37.05804, -0.60806 ], [ 37.058, -0.60805 ], [ 37.05796, -0.60805 ], [ 37.05792, -0.60803 ], [ 37.05789, -0.60801 ], [ 37.05785, -0.60799 ], [ 37.05781, -0.60796 ], [ 37.05778, -0.60793 ], [ 37.05777, -0.60792 ], [ 37.05776, -0.60791 ], [ 37.05775, -0.60789 ], [ 37.05773, -0.60787 ], [ 37.05772, -0.60784 ], [ 37.05769, -0.60778 ], [ 37.05764, -0.60767 ], [ 37.05763, -0.60764 ], [ 37.05762, -0.6076 ], [ 37.05758, -0.60747 ], [ 37.05756, -0.60742 ], [ 37.05755, -0.60738 ], [ 37.05753, -0.60734 ], [ 37.05751, -0.60731 ], [ 37.05749, -0.60728 ], [ 37.05742, -0.60719 ], [ 37.0574, -0.60716 ], [ 37.05738, -0.60714 ], [ 37.05736, -0.60711 ], [ 37.05735, -0.60708 ], [ 37.05734, -0.60706 ], [ 37.05733, -0.607 ], [ 37.05731, -0.60694 ], [ 37.05729, -0.60677 ], [ 37.05728, -0.60672 ], [ 37.05727, -0.60668 ], [ 37.05725, -0.60662 ], [ 37.05722, -0.60655 ], [ 37.05719, -0.60649 ], [ 37.0571, -0.60632 ], [ 37.05708, -0.60627 ], [ 37.05706, -0.60622 ], [ 37.05698, -0.60603 ], [ 37.05694, -0.60591 ], [ 37.05692, -0.60586 ], [ 37.05691, -0.60581 ], [ 37.0569, -0.60576 ], [ 37.0569, -0.60571 ], [ 37.05689, -0.60563 ], [ 37.05689, -0.60556 ], [ 37.05689, -0.60549 ], [ 37.0569, -0.60544 ], [ 37.05691, -0.60538 ], [ 37.05692, -0.60534 ], [ 37.05694, -0.60531 ], [ 37.05696, -0.60527 ], [ 37.05698, -0.60524 ], [ 37.05706, -0.60515 ], [ 37.05708, -0.60512 ], [ 37.05715, -0.60505 ], [ 37.05716, -0.60502 ], [ 37.05718, -0.605 ], [ 37.05719, -0.60497 ], [ 37.05719, -0.60494 ], [ 37.05719, -0.60491 ], [ 37.0572, -0.60488 ], [ 37.05719, -0.60485 ], [ 37.05719, -0.60481 ], [ 37.05718, -0.60477 ], [ 37.05718, -0.60473 ], [ 37.05716, -0.60468 ], [ 37.05714, -0.60463 ], [ 37.05711, -0.60458 ], [ 37.05706, -0.60449 ], [ 37.05703, -0.60444 ], [ 37.057, -0.6044 ], [ 37.05696, -0.60435 ], [ 37.05692, -0.60431 ], [ 37.05688, -0.60426 ], [ 37.05684, -0.60421 ], [ 37.05674, -0.60411 ], [ 37.0567, -0.60407 ], [ 37.05664, -0.60402 ], [ 37.05641, -0.60385 ], [ 37.0563, -0.60375 ], [ 37.05624, -0.6037 ], [ 37.05619, -0.60367 ], [ 37.05613, -0.60364 ], [ 37.05595, -0.60356 ], [ 37.05589, -0.60353 ], [ 37.05583, -0.60349 ], [ 37.05568, -0.6034 ], [ 37.05562, -0.60337 ], [ 37.05558, -0.60335 ], [ 37.05553, -0.60333 ], [ 37.0554, -0.60329 ], [ 37.05537, -0.60328 ], [ 37.05534, -0.60327 ], [ 37.05532, -0.60325 ], [ 37.05529, -0.60323 ], [ 37.05517, -0.60314 ], [ 37.05503, -0.60305 ], [ 37.05498, -0.60301 ], [ 37.05493, -0.60298 ], [ 37.05489, -0.60293 ], [ 37.05485, -0.60288 ], [ 37.05474, -0.60275 ], [ 37.05471, -0.60271 ], [ 37.05468, -0.60268 ], [ 37.05464, -0.60264 ], [ 37.05459, -0.6026 ], [ 37.05444, -0.60247 ], [ 37.05438, -0.60243 ], [ 37.05429, -0.60235 ], [ 37.05425, -0.60231 ], [ 37.05424, -0.6023 ], [ 37.05422, -0.60228 ], [ 37.05417, -0.60218 ], [ 37.05415, -0.60216 ], [ 37.05413, -0.60214 ], [ 37.0541, -0.60212 ], [ 37.05406, -0.60211 ], [ 37.05402, -0.6021 ], [ 37.05393, -0.60207 ], [ 37.05389, -0.60206 ], [ 37.05375, -0.602 ], [ 37.0537, -0.60198 ], [ 37.05364, -0.60195 ], [ 37.05359, -0.60192 ], [ 37.05351, -0.60185 ], [ 37.05348, -0.60182 ], [ 37.05343, -0.60179 ], [ 37.0533, -0.60171 ], [ 37.05325, -0.60169 ], [ 37.05312, -0.60162 ], [ 37.05309, -0.6016 ], [ 37.05306, -0.60158 ], [ 37.053, -0.60154 ], [ 37.05295, -0.60149 ], [ 37.0529, -0.60144 ], [ 37.05285, -0.60139 ], [ 37.05281, -0.60132 ], [ 37.05276, -0.60126 ], [ 37.05271, -0.6012 ], [ 37.05266, -0.60115 ], [ 37.05262, -0.60111 ], [ 37.05252, -0.60103 ], [ 37.05248, -0.60099 ], [ 37.05245, -0.60095 ], [ 37.05241, -0.60091 ], [ 37.05238, -0.60088 ], [ 37.05238, -0.60088 ], [ 37.05238, -0.60087 ], [ 37.05237, -0.60087 ], [ 37.05234, -0.60083 ], [ 37.0523, -0.60078 ], [ 37.05227, -0.60073 ], [ 37.0522, -0.60062 ], [ 37.05214, -0.60051 ], [ 37.05208, -0.60038 ], [ 37.05201, -0.60024 ], [ 37.05194, -0.60008 ], [ 37.05193, -0.60003 ], [ 37.05191, -0.59998 ], [ 37.05186, -0.59981 ], [ 37.05184, -0.59975 ], [ 37.05182, -0.59969 ], [ 37.0518, -0.59963 ], [ 37.05178, -0.5996 ], [ 37.05176, -0.59957 ], [ 37.05174, -0.59954 ], [ 37.05171, -0.59951 ], [ 37.05166, -0.59945 ], [ 37.05152, -0.59931 ], [ 37.05148, -0.59928 ], [ 37.05145, -0.59924 ], [ 37.05143, -0.5992 ], [ 37.0514, -0.59917 ], [ 37.05139, -0.59913 ], [ 37.05137, -0.5991 ], [ 37.05137, -0.59905 ], [ 37.05136, -0.599 ], [ 37.05136, -0.59894 ], [ 37.05137, -0.59883 ], [ 37.05137, -0.59878 ], [ 37.05136, -0.59873 ], [ 37.05136, -0.59868 ], [ 37.05134, -0.5986 ], [ 37.05132, -0.59853 ], [ 37.05129, -0.59845 ], [ 37.05125, -0.59837 ], [ 37.0512, -0.59827 ], [ 37.05118, -0.59822 ], [ 37.05115, -0.59817 ], [ 37.05112, -0.59813 ], [ 37.05109, -0.59809 ], [ 37.05107, -0.59806 ], [ 37.05104, -0.59802 ], [ 37.05099, -0.59797 ], [ 37.05092, -0.59792 ], [ 37.05085, -0.59786 ], [ 37.05073, -0.59778 ], [ 37.0507, -0.59776 ], [ 37.05067, -0.59774 ], [ 37.0506, -0.5977 ], [ 37.05053, -0.59767 ], [ 37.05033, -0.59759 ], [ 37.05028, -0.59757 ], [ 37.05023, -0.59755 ], [ 37.05019, -0.59752 ], [ 37.05014, -0.59749 ], [ 37.05011, -0.59745 ], [ 37.05008, -0.59742 ], [ 37.05006, -0.59739 ], [ 37.05005, -0.59737 ], [ 37.05003, -0.59734 ], [ 37.05002, -0.5973 ], [ 37.05, -0.59723 ], [ 37.04997, -0.59707 ], [ 37.04996, -0.59703 ], [ 37.04995, -0.59699 ], [ 37.04994, -0.59696 ], [ 37.04992, -0.59693 ], [ 37.04991, -0.5969 ], [ 37.04989, -0.59688 ], [ 37.04985, -0.59684 ], [ 37.04982, -0.59681 ], [ 37.0498, -0.59679 ], [ 37.04979, -0.59678 ], [ 37.04976, -0.59676 ], [ 37.04973, -0.59674 ], [ 37.0497, -0.59672 ], [ 37.04967, -0.59671 ], [ 37.04964, -0.5967 ], [ 37.04961, -0.59669 ], [ 37.04958, -0.59669 ], [ 37.04955, -0.59669 ], [ 37.04946, -0.5967 ], [ 37.04943, -0.5967 ], [ 37.04941, -0.5967 ], [ 37.04937, -0.59669 ], [ 37.04934, -0.59668 ], [ 37.04921, -0.59664 ], [ 37.04916, -0.59663 ], [ 37.04904, -0.5966 ], [ 37.04892, -0.59659 ], [ 37.0488, -0.59657 ], [ 37.04868, -0.59657 ], [ 37.04856, -0.59657 ], [ 37.04845, -0.59658 ], [ 37.04833, -0.59659 ], [ 37.04822, -0.59661 ], [ 37.04814, -0.59663 ], [ 37.04807, -0.59664 ], [ 37.048, -0.59666 ], [ 37.04794, -0.59668 ], [ 37.04791, -0.5967 ], [ 37.04788, -0.59672 ], [ 37.04784, -0.59674 ], [ 37.04781, -0.59676 ], [ 37.04775, -0.59682 ], [ 37.04761, -0.59694 ], [ 37.04757, -0.59697 ], [ 37.04754, -0.597 ], [ 37.04753, -0.597 ], [ 37.04751, -0.59702 ], [ 37.04747, -0.59704 ], [ 37.04744, -0.59705 ], [ 37.04743, -0.59706 ], [ 37.04741, -0.59707 ], [ 37.04733, -0.5971 ], [ 37.04728, -0.59711 ], [ 37.04723, -0.59712 ], [ 37.04721, -0.59712 ], [ 37.04719, -0.59712 ], [ 37.04716, -0.59712 ], [ 37.04713, -0.59711 ], [ 37.0471, -0.5971 ], [ 37.04707, -0.59708 ], [ 37.04703, -0.59707 ], [ 37.04702, -0.59706 ], [ 37.047, -0.59705 ], [ 37.04697, -0.59702 ], [ 37.04697, -0.59702 ], [ 37.04694, -0.597 ], [ 37.04692, -0.59697 ], [ 37.0469, -0.59695 ], [ 37.04688, -0.59692 ], [ 37.04687, -0.59688 ], [ 37.04686, -0.59685 ], [ 37.04685, -0.59681 ], [ 37.04682, -0.59667 ], [ 37.04681, -0.59661 ], [ 37.0468, -0.59656 ], [ 37.04678, -0.59652 ], [ 37.04672, -0.59639 ], [ 37.04669, -0.59633 ], [ 37.04667, -0.5963 ], [ 37.04666, -0.59628 ], [ 37.04664, -0.59626 ], [ 37.04662, -0.59624 ], [ 37.04658, -0.59621 ], [ 37.04653, -0.59618 ], [ 37.04649, -0.59616 ], [ 37.04644, -0.59614 ], [ 37.04642, -0.59614 ], [ 37.0464, -0.59614 ], [ 37.04636, -0.59614 ], [ 37.04632, -0.59614 ], [ 37.04622, -0.59616 ], [ 37.04617, -0.59617 ], [ 37.04611, -0.59617 ], [ 37.04604, -0.59616 ], [ 37.04598, -0.59615 ], [ 37.04582, -0.59612 ], [ 37.04573, -0.59611 ], [ 37.04569, -0.59611 ], [ 37.04565, -0.59611 ], [ 37.04561, -0.59611 ], [ 37.04557, -0.59612 ], [ 37.04548, -0.59614 ], [ 37.04543, -0.59615 ], [ 37.0454, -0.59616 ], [ 37.04538, -0.59617 ], [ 37.04536, -0.59619 ], [ 37.04535, -0.5962 ], [ 37.04534, -0.59621 ], [ 37.04533, -0.59622 ], [ 37.04532, -0.59623 ], [ 37.04531, -0.59625 ], [ 37.04528, -0.59632 ], [ 37.04527, -0.59634 ], [ 37.04526, -0.59636 ], [ 37.04524, -0.59638 ], [ 37.04521, -0.5964 ], [ 37.04519, -0.59642 ], [ 37.04516, -0.59644 ], [ 37.04513, -0.59645 ], [ 37.04511, -0.59646 ], [ 37.04508, -0.59647 ], [ 37.04506, -0.59647 ], [ 37.04504, -0.59647 ], [ 37.04501, -0.59646 ], [ 37.04498, -0.59645 ], [ 37.04495, -0.59643 ], [ 37.04493, -0.59641 ], [ 37.04491, -0.59639 ], [ 37.04489, -0.59638 ], [ 37.04481, -0.59629 ], [ 37.04479, -0.59627 ], [ 37.04477, -0.59625 ], [ 37.0447, -0.59614 ], [ 37.04467, -0.5961 ], [ 37.04462, -0.59604 ], [ 37.04455, -0.59598 ], [ 37.04448, -0.59591 ], [ 37.04439, -0.59584 ], [ 37.04434, -0.5958 ], [ 37.04429, -0.59576 ], [ 37.04423, -0.59573 ], [ 37.04417, -0.59569 ], [ 37.04404, -0.59561 ], [ 37.04385, -0.59552 ], [ 37.04378, -0.59548 ], [ 37.04369, -0.59544 ], [ 37.04359, -0.5954 ], [ 37.04329, -0.59528 ], [ 37.04319, -0.59523 ], [ 37.04311, -0.59519 ], [ 37.04305, -0.59517 ], [ 37.043, -0.59513 ], [ 37.04281, -0.59502 ], [ 37.04274, -0.59497 ], [ 37.04267, -0.59494 ], [ 37.0426, -0.5949 ], [ 37.04252, -0.59487 ], [ 37.04233, -0.5948 ], [ 37.04224, -0.59477 ], [ 37.04216, -0.59473 ], [ 37.04198, -0.59463 ], [ 37.0419, -0.59459 ], [ 37.04186, -0.59458 ], [ 37.04182, -0.59456 ], [ 37.04172, -0.59453 ], [ 37.04162, -0.59451 ], [ 37.04135, -0.59444 ], [ 37.04127, -0.59442 ], [ 37.04119, -0.5944 ], [ 37.04112, -0.59437 ], [ 37.04103, -0.59433 ], [ 37.04095, -0.59429 ], [ 37.04075, -0.5942 ], [ 37.04075, -0.59419 ], [ 37.04065, -0.59415 ], [ 37.04055, -0.59411 ], [ 37.04046, -0.59408 ], [ 37.04039, -0.59406 ], [ 37.04032, -0.59404 ], [ 37.04024, -0.59403 ], [ 37.04016, -0.59401 ], [ 37.04008, -0.594 ], [ 37.04, -0.59399 ], [ 37.03992, -0.59398 ], [ 37.03985, -0.59397 ], [ 37.03979, -0.59397 ], [ 37.03973, -0.59397 ], [ 37.03953, -0.59398 ], [ 37.03946, -0.59398 ], [ 37.03939, -0.59398 ], [ 37.03933, -0.59397 ], [ 37.03928, -0.59396 ], [ 37.03923, -0.59395 ], [ 37.03917, -0.59394 ], [ 37.03912, -0.59392 ], [ 37.03901, -0.59388 ], [ 37.03877, -0.5938 ], [ 37.03869, -0.59377 ], [ 37.03861, -0.59373 ], [ 37.03853, -0.59369 ], [ 37.03831, -0.59357 ], [ 37.03824, -0.59354 ], [ 37.03818, -0.59351 ], [ 37.03811, -0.59348 ], [ 37.03805, -0.59346 ], [ 37.03799, -0.59344 ], [ 37.03792, -0.59343 ], [ 37.03788, -0.59343 ], [ 37.03783, -0.59343 ], [ 37.03777, -0.59343 ], [ 37.03761, -0.59344 ], [ 37.03759, -0.59344 ], [ 37.03755, -0.59344 ], [ 37.03751, -0.59344 ], [ 37.03748, -0.59344 ], [ 37.03743, -0.59343 ], [ 37.03736, -0.59342 ], [ 37.03728, -0.59341 ], [ 37.0372, -0.59339 ], [ 37.03712, -0.59337 ], [ 37.03703, -0.59335 ], [ 37.03694, -0.59333 ], [ 37.03685, -0.5933 ], [ 37.03674, -0.59326 ], [ 37.03664, -0.59322 ], [ 37.03653, -0.59317 ], [ 37.03642, -0.59311 ], [ 37.0363, -0.59305 ], [ 37.03618, -0.59298 ], [ 37.03605, -0.5929 ], [ 37.03581, -0.59275 ], [ 37.03575, -0.59271 ], [ 37.03559, -0.5926 ], [ 37.03554, -0.59257 ], [ 37.03549, -0.59254 ], [ 37.03539, -0.59249 ], [ 37.03532, -0.59246 ], [ 37.03526, -0.59243 ], [ 37.0352, -0.59241 ], [ 37.03517, -0.59241 ], [ 37.03513, -0.5924 ], [ 37.03508, -0.5924 ], [ 37.03504, -0.5924 ], [ 37.03495, -0.5924 ], [ 37.03478, -0.59242 ], [ 37.03472, -0.59243 ], [ 37.03467, -0.59244 ], [ 37.03461, -0.59245 ], [ 37.03461, -0.59245 ], [ 37.03458, -0.59246 ], [ 37.03455, -0.59247 ], [ 37.03449, -0.59248 ], [ 37.03443, -0.5925 ], [ 37.03437, -0.59253 ], [ 37.0343, -0.59256 ], [ 37.03419, -0.59261 ], [ 37.03407, -0.59268 ], [ 37.03406, -0.59268 ], [ 37.03395, -0.59275 ], [ 37.03385, -0.59281 ], [ 37.03363, -0.59294 ], [ 37.03354, -0.59299 ], [ 37.03345, -0.59304 ], [ 37.03335, -0.59309 ], [ 37.03326, -0.59313 ], [ 37.03317, -0.59317 ], [ 37.03311, -0.59319 ], [ 37.03309, -0.59319 ], [ 37.03288, -0.59325 ], [ 37.03281, -0.59327 ], [ 37.03275, -0.59329 ], [ 37.03268, -0.5933 ], [ 37.03262, -0.59331 ], [ 37.03255, -0.59332 ], [ 37.03249, -0.59332 ], [ 37.03248, -0.59332 ], [ 37.03241, -0.59332 ], [ 37.03234, -0.59333 ], [ 37.03227, -0.59333 ], [ 37.03219, -0.59332 ], [ 37.03212, -0.59332 ], [ 37.03205, -0.59331 ], [ 37.03197, -0.5933 ], [ 37.0319, -0.59329 ], [ 37.03182, -0.59328 ], [ 37.03175, -0.59326 ], [ 37.03168, -0.59325 ], [ 37.0316, -0.59323 ], [ 37.03147, -0.59319 ], [ 37.03135, -0.59315 ], [ 37.03132, -0.59314 ], [ 37.03123, -0.5931 ], [ 37.03112, -0.59305 ], [ 37.03105, -0.59301 ], [ 37.03099, -0.59297 ], [ 37.03093, -0.59292 ], [ 37.03092, -0.59291 ], [ 37.03086, -0.59286 ], [ 37.0308, -0.5928 ], [ 37.03073, -0.59273 ], [ 37.03067, -0.59265 ], [ 37.03049, -0.59244 ], [ 37.03044, -0.59238 ], [ 37.03038, -0.59232 ], [ 37.03032, -0.59226 ], [ 37.03026, -0.59221 ], [ 37.03021, -0.59217 ], [ 37.03015, -0.59213 ], [ 37.03012, -0.5921 ], [ 37.03008, -0.59208 ], [ 37.03005, -0.59205 ], [ 37.03002, -0.59203 ], [ 37.03, -0.59202 ], [ 37.02998, -0.59201 ], [ 37.02996, -0.59201 ], [ 37.02995, -0.592 ], [ 37.02993, -0.592 ], [ 37.02991, -0.59201 ], [ 37.02989, -0.59201 ], [ 37.02987, -0.59202 ], [ 37.02986, -0.59202 ], [ 37.02981, -0.59204 ], [ 37.02973, -0.59208 ], [ 37.0297, -0.5921 ], [ 37.02967, -0.59212 ], [ 37.02964, -0.59215 ], [ 37.02961, -0.59218 ], [ 37.02958, -0.59222 ], [ 37.02955, -0.59226 ], [ 37.02944, -0.59244 ], [ 37.02942, -0.59247 ], [ 37.02939, -0.59251 ], [ 37.02936, -0.59254 ], [ 37.02933, -0.59257 ], [ 37.0293, -0.5926 ], [ 37.02927, -0.59262 ], [ 37.02922, -0.59265 ], [ 37.02922, -0.59266 ], [ 37.02917, -0.59268 ], [ 37.02911, -0.59271 ], [ 37.02906, -0.59273 ], [ 37.02902, -0.59274 ], [ 37.02901, -0.59274 ], [ 37.02895, -0.59276 ], [ 37.0289, -0.59277 ], [ 37.02888, -0.59277 ], [ 37.02877, -0.59278 ], [ 37.02868, -0.59279 ], [ 37.02859, -0.5928 ], [ 37.02849, -0.5928 ], [ 37.02839, -0.5928 ], [ 37.02832, -0.59279 ], [ 37.02829, -0.59279 ], [ 37.02817, -0.59278 ], [ 37.02805, -0.59277 ], [ 37.0279, -0.59275 ], [ 37.02779, -0.59273 ], [ 37.02754, -0.59269 ], [ 37.0275, -0.59268 ], [ 37.02746, -0.59268 ], [ 37.02743, -0.59267 ], [ 37.02739, -0.59267 ], [ 37.02736, -0.59267 ], [ 37.02728, -0.59266 ], [ 37.02699, -0.59266 ], [ 37.02686, -0.59265 ], [ 37.0268, -0.59265 ], [ 37.02675, -0.59264 ], [ 37.02663, -0.59263 ], [ 37.0265, -0.59262 ], [ 37.02638, -0.5926 ], [ 37.02626, -0.59258 ], [ 37.02625, -0.59258 ], [ 37.02614, -0.59255 ], [ 37.02601, -0.59253 ], [ 37.02589, -0.5925 ], [ 37.02576, -0.59247 ], [ 37.02564, -0.59243 ], [ 37.02551, -0.59239 ], [ 37.02538, -0.59235 ], [ 37.02525, -0.59231 ], [ 37.02511, -0.59226 ], [ 37.02498, -0.59221 ], [ 37.02484, -0.59216 ], [ 37.02471, -0.5921 ], [ 37.02458, -0.59205 ], [ 37.02445, -0.59199 ], [ 37.02431, -0.59192 ], [ 37.02403, -0.59179 ], [ 37.02373, -0.59164 ], [ 37.02344, -0.59149 ], [ 37.02311, -0.59131 ], [ 37.02281, -0.59114 ], [ 37.02234, -0.59088 ], [ 37.02207, -0.59073 ], [ 37.02171, -0.59053 ], [ 37.02156, -0.59045 ], [ 37.02148, -0.5904 ], [ 37.02141, -0.59036 ], [ 37.02134, -0.59031 ], [ 37.02128, -0.59027 ], [ 37.02119, -0.59019 ], [ 37.0211, -0.59012 ], [ 37.02102, -0.59005 ], [ 37.02094, -0.58998 ], [ 37.02087, -0.58991 ], [ 37.0208, -0.58984 ], [ 37.02074, -0.58977 ], [ 37.02068, -0.5897 ], [ 37.02065, -0.58965 ], [ 37.02061, -0.58959 ], [ 37.02058, -0.58953 ], [ 37.02051, -0.58939 ], [ 37.02047, -0.58932 ], [ 37.02045, -0.58929 ], [ 37.02042, -0.58926 ], [ 37.0204, -0.58923 ], [ 37.02038, -0.5892 ], [ 37.02035, -0.58917 ], [ 37.02032, -0.58914 ], [ 37.02024, -0.58908 ], [ 37.02015, -0.58902 ], [ 37.02005, -0.58895 ], [ 37.01998, -0.58891 ], [ 37.01992, -0.58888 ], [ 37.01986, -0.58885 ], [ 37.01981, -0.58882 ], [ 37.01976, -0.58881 ], [ 37.01971, -0.58879 ], [ 37.01966, -0.58878 ], [ 37.01951, -0.58875 ], [ 37.01946, -0.58874 ], [ 37.01942, -0.58873 ], [ 37.01938, -0.58871 ], [ 37.01935, -0.5887 ], [ 37.01927, -0.58867 ], [ 37.01919, -0.58864 ], [ 37.01913, -0.5886 ], [ 37.01912, -0.5886 ], [ 37.01906, -0.58857 ], [ 37.019, -0.58853 ], [ 37.01894, -0.58849 ], [ 37.01881, -0.5884 ], [ 37.01875, -0.58835 ], [ 37.0187, -0.58832 ], [ 37.01864, -0.58829 ], [ 37.01859, -0.58827 ], [ 37.01853, -0.58825 ], [ 37.01846, -0.58823 ], [ 37.01831, -0.58819 ], [ 37.01824, -0.58817 ], [ 37.01817, -0.58815 ], [ 37.01814, -0.58813 ], [ 37.01811, -0.58812 ], [ 37.01797, -0.58803 ], [ 37.01793, -0.58801 ], [ 37.01789, -0.58798 ], [ 37.01786, -0.58795 ], [ 37.01783, -0.58792 ], [ 37.01781, -0.58789 ], [ 37.0178, -0.58786 ], [ 37.01779, -0.58784 ], [ 37.01779, -0.58781 ], [ 37.01779, -0.58771 ], [ 37.01778, -0.58767 ], [ 37.01777, -0.58759 ], [ 37.01775, -0.5875 ], [ 37.01772, -0.58741 ], [ 37.01768, -0.58732 ], [ 37.01764, -0.58724 ], [ 37.0176, -0.58715 ], [ 37.01754, -0.58707 ], [ 37.01749, -0.58699 ], [ 37.01741, -0.58688 ], [ 37.01733, -0.58678 ], [ 37.01729, -0.58674 ], [ 37.01725, -0.5867 ], [ 37.01721, -0.58666 ], [ 37.01716, -0.58662 ], [ 37.01712, -0.58659 ], [ 37.01708, -0.58656 ], [ 37.01704, -0.58653 ], [ 37.017, -0.5865 ], [ 37.01696, -0.58648 ], [ 37.01692, -0.58646 ], [ 37.01688, -0.58644 ], [ 37.01684, -0.58643 ], [ 37.01679, -0.58642 ], [ 37.01677, -0.58641 ], [ 37.01669, -0.5864 ], [ 37.01661, -0.58639 ], [ 37.01645, -0.58638 ], [ 37.01631, -0.58637 ], [ 37.01617, -0.58637 ], [ 37.01604, -0.58637 ], [ 37.01592, -0.58638 ], [ 37.01581, -0.58639 ], [ 37.01571, -0.58641 ], [ 37.0156, -0.58642 ], [ 37.0155, -0.58645 ], [ 37.01543, -0.58647 ], [ 37.01526, -0.58652 ], [ 37.01518, -0.58654 ], [ 37.01515, -0.58654 ], [ 37.0151, -0.58656 ], [ 37.015, -0.58657 ], [ 37.01491, -0.58658 ], [ 37.0147, -0.5866 ], [ 37.01459, -0.58661 ], [ 37.0145, -0.58663 ], [ 37.01442, -0.58665 ], [ 37.01438, -0.58666 ], [ 37.01431, -0.58668 ], [ 37.01422, -0.58671 ], [ 37.01413, -0.58674 ], [ 37.01404, -0.58677 ], [ 37.01399, -0.5868 ], [ 37.01397, -0.58681 ], [ 37.01394, -0.58683 ], [ 37.01389, -0.58687 ], [ 37.01376, -0.58696 ], [ 37.01369, -0.587 ], [ 37.01366, -0.58702 ], [ 37.01362, -0.58703 ], [ 37.01359, -0.58705 ], [ 37.01356, -0.58706 ], [ 37.01352, -0.58707 ], [ 37.01347, -0.58707 ], [ 37.01344, -0.58708 ], [ 37.01343, -0.58708 ], [ 37.01338, -0.58708 ], [ 37.01334, -0.58708 ], [ 37.01328, -0.58709 ], [ 37.01318, -0.58708 ], [ 37.01312, -0.58707 ], [ 37.01306, -0.58706 ], [ 37.01299, -0.58705 ], [ 37.01293, -0.58703 ], [ 37.01286, -0.58701 ], [ 37.01282, -0.587 ], [ 37.01279, -0.58699 ], [ 37.01272, -0.58696 ], [ 37.01265, -0.58693 ], [ 37.0126, -0.5869 ], [ 37.01255, -0.58687 ], [ 37.01251, -0.58683 ], [ 37.01241, -0.58676 ], [ 37.0124, -0.58675 ], [ 37.01234, -0.58671 ], [ 37.01229, -0.58668 ], [ 37.01226, -0.58667 ], [ 37.01223, -0.58665 ], [ 37.01219, -0.58664 ], [ 37.01215, -0.58663 ], [ 37.0121, -0.58662 ], [ 37.01205, -0.58661 ], [ 37.012, -0.5866 ], [ 37.01196, -0.5866 ], [ 37.01191, -0.5866 ], [ 37.01186, -0.5866 ], [ 37.01183, -0.5866 ], [ 37.01183, -0.5866 ], [ 37.01181, -0.5866 ], [ 37.01178, -0.58661 ], [ 37.01174, -0.58662 ], [ 37.01168, -0.58664 ], [ 37.01153, -0.5867 ], [ 37.01147, -0.58672 ], [ 37.01141, -0.58674 ], [ 37.01138, -0.58675 ], [ 37.01135, -0.58675 ], [ 37.01135, -0.58675 ], [ 37.0113, -0.58675 ], [ 37.01125, -0.58675 ], [ 37.0112, -0.58674 ], [ 37.01114, -0.58673 ], [ 37.0111, -0.58672 ], [ 37.01108, -0.58671 ], [ 37.01102, -0.58669 ], [ 37.01093, -0.58666 ], [ 37.0108, -0.58661 ], [ 37.01071, -0.58658 ], [ 37.01066, -0.58656 ], [ 37.01061, -0.58655 ], [ 37.01056, -0.58655 ], [ 37.01052, -0.58654 ], [ 37.01036, -0.58653 ], [ 37.01026, -0.58652 ], [ 37.01021, -0.58653 ], [ 37.01017, -0.58653 ], [ 37.01013, -0.58653 ], [ 37.01009, -0.58654 ], [ 37.01004, -0.58655 ], [ 37.00999, -0.58657 ], [ 37.00994, -0.58659 ], [ 37.00989, -0.5866 ], [ 37.00985, -0.58663 ], [ 37.00982, -0.58664 ], [ 37.00981, -0.58665 ], [ 37.00977, -0.58667 ], [ 37.00973, -0.5867 ], [ 37.00971, -0.58672 ], [ 37.00968, -0.58676 ], [ 37.00965, -0.5868 ], [ 37.00957, -0.58691 ], [ 37.00955, -0.58694 ], [ 37.00952, -0.58697 ], [ 37.00945, -0.58704 ], [ 37.0094, -0.58708 ], [ 37.00936, -0.58711 ], [ 37.00934, -0.58712 ], [ 37.00932, -0.58713 ], [ 37.00929, -0.58714 ], [ 37.00925, -0.58714 ], [ 37.00921, -0.58715 ], [ 37.00918, -0.58715 ], [ 37.00913, -0.58715 ], [ 37.00909, -0.58714 ], [ 37.00906, -0.58714 ], [ 37.00906, -0.58714 ], [ 37.00902, -0.58713 ], [ 37.00899, -0.58711 ], [ 37.00896, -0.5871 ], [ 37.00892, -0.58708 ], [ 37.00889, -0.58705 ], [ 37.00886, -0.58703 ], [ 37.00883, -0.587 ], [ 37.0088, -0.58697 ], [ 37.00878, -0.58694 ], [ 37.00876, -0.58691 ], [ 37.00875, -0.58689 ], [ 37.00873, -0.58685 ], [ 37.00872, -0.58682 ], [ 37.00871, -0.58678 ], [ 37.0087, -0.58674 ], [ 37.00868, -0.58664 ], [ 37.00868, -0.58661 ], [ 37.00868, -0.58658 ], [ 37.00869, -0.58646 ], [ 37.0087, -0.58642 ], [ 37.0087, -0.58639 ], [ 37.00869, -0.58637 ], [ 37.00869, -0.58636 ], [ 37.00868, -0.58634 ], [ 37.00867, -0.58632 ], [ 37.00865, -0.58631 ], [ 37.00863, -0.58629 ], [ 37.00861, -0.58628 ], [ 37.00857, -0.58625 ], [ 37.00852, -0.58623 ], [ 37.00849, -0.58622 ], [ 37.00846, -0.58622 ], [ 37.00842, -0.58622 ], [ 37.00833, -0.58624 ], [ 37.00829, -0.58625 ], [ 37.00827, -0.58625 ], [ 37.00825, -0.58625 ], [ 37.00824, -0.58624 ], [ 37.00822, -0.58624 ], [ 37.00785, -0.58626 ], [ 37.00259, -0.58654 ], [ 37.0021, -0.58656 ], [ 37.00058, -0.58664 ], [ 36.9995, -0.5867 ], [ 36.99945, -0.58666 ], [ 36.99941, -0.58663 ], [ 36.99935, -0.58659 ], [ 36.99928, -0.58655 ], [ 36.99921, -0.58652 ], [ 36.99903, -0.58644 ], [ 36.99895, -0.5864 ], [ 36.99891, -0.58638 ], [ 36.99887, -0.58635 ], [ 36.99884, -0.58633 ], [ 36.99881, -0.5863 ], [ 36.99878, -0.58628 ], [ 36.99871, -0.58621 ], [ 36.99867, -0.58617 ], [ 36.99864, -0.58615 ], [ 36.9986, -0.58614 ], [ 36.99849, -0.58609 ], [ 36.99845, -0.58607 ], [ 36.99841, -0.58605 ], [ 36.99839, -0.58603 ], [ 36.99835, -0.58599 ], [ 36.99832, -0.58596 ], [ 36.99829, -0.58591 ], [ 36.99826, -0.58587 ], [ 36.99824, -0.58582 ], [ 36.99823, -0.58582 ], [ 36.99822, -0.58577 ], [ 36.9982, -0.58572 ], [ 36.99818, -0.58567 ], [ 36.99801, -0.58578 ], [ 36.99783, -0.58588 ], [ 36.99765, -0.58598 ], [ 36.99747, -0.58608 ], [ 36.99729, -0.58617 ], [ 36.9971, -0.58625 ], [ 36.99691, -0.58633 ], [ 36.99672, -0.5864 ], [ 36.9967, -0.58641 ], [ 36.99603, -0.58206 ], [ 36.99572, -0.58191 ], [ 36.99568, -0.58189 ], [ 36.99568, -0.58163 ], [ 36.99568, -0.58153 ], [ 36.99568, -0.58107 ], [ 36.99568, -0.58066 ], [ 36.99569, -0.5804 ], [ 36.99554, -0.57946 ], [ 36.99538, -0.57923 ], [ 36.99516, -0.57883 ], [ 36.99504, -0.57843 ], [ 36.99489, -0.5783 ], [ 36.99477, -0.57827 ], [ 36.99465, -0.57823 ], [ 36.99459, -0.57821 ], [ 36.99459, -0.57821 ], [ 36.99452, -0.57818 ], [ 36.99446, -0.57816 ], [ 36.99441, -0.57813 ], [ 36.99437, -0.57811 ], [ 36.99433, -0.57808 ], [ 36.9942, -0.57799 ], [ 36.99414, -0.57795 ], [ 36.99412, -0.57793 ], [ 36.99409, -0.57792 ], [ 36.99406, -0.57791 ], [ 36.99404, -0.5779 ], [ 36.99399, -0.57789 ], [ 36.99394, -0.57788 ], [ 36.99389, -0.57788 ], [ 36.99377, -0.57788 ], [ 36.99372, -0.57787 ], [ 36.99353, -0.57785 ], [ 36.99345, -0.57784 ], [ 36.9933, -0.57784 ], [ 36.99319, -0.57783 ], [ 36.9931, -0.57784 ], [ 36.99301, -0.57784 ], [ 36.99297, -0.57785 ], [ 36.99294, -0.57786 ], [ 36.99288, -0.57788 ], [ 36.99278, -0.5779 ], [ 36.99274, -0.57791 ], [ 36.99271, -0.57792 ], [ 36.99266, -0.57792 ], [ 36.99261, -0.57792 ], [ 36.99253, -0.57792 ], [ 36.99244, -0.57791 ], [ 36.99237, -0.57792 ], [ 36.99224, -0.57792 ], [ 36.99212, -0.57793 ], [ 36.99199, -0.57795 ], [ 36.99185, -0.57797 ], [ 36.99179, -0.57798 ], [ 36.99172, -0.578 ], [ 36.99149, -0.57807 ], [ 36.99147, -0.57807 ], [ 36.9914, -0.57809 ], [ 36.99132, -0.5781 ], [ 36.99125, -0.57812 ], [ 36.99115, -0.57813 ], [ 36.99106, -0.57813 ], [ 36.99099, -0.57814 ], [ 36.99091, -0.57814 ], [ 36.99084, -0.57814 ], [ 36.99077, -0.57813 ], [ 36.99071, -0.57813 ], [ 36.99065, -0.57812 ], [ 36.99056, -0.57809 ], [ 36.99049, -0.57808 ], [ 36.99048, -0.57807 ], [ 36.9904, -0.57805 ], [ 36.99033, -0.57802 ], [ 36.99027, -0.57799 ], [ 36.99021, -0.57796 ], [ 36.99016, -0.57792 ], [ 36.99011, -0.57789 ], [ 36.99008, -0.57786 ], [ 36.99005, -0.57783 ], [ 36.98995, -0.5777 ], [ 36.9899, -0.57764 ], [ 36.98977, -0.57747 ], [ 36.98971, -0.57739 ], [ 36.98965, -0.57732 ], [ 36.98961, -0.57729 ], [ 36.98958, -0.57726 ], [ 36.98953, -0.57722 ], [ 36.98946, -0.57717 ], [ 36.9894, -0.57713 ], [ 36.98925, -0.57704 ], [ 36.98917, -0.57699 ], [ 36.98909, -0.57693 ], [ 36.98894, -0.57681 ], [ 36.98888, -0.57676 ], [ 36.98881, -0.57671 ], [ 36.98875, -0.57667 ], [ 36.9887, -0.57665 ], [ 36.98865, -0.57663 ], [ 36.9886, -0.5766 ], [ 36.98855, -0.57658 ], [ 36.98849, -0.57656 ], [ 36.98843, -0.57655 ], [ 36.98837, -0.57653 ], [ 36.98831, -0.57652 ], [ 36.98826, -0.57651 ], [ 36.98821, -0.5765 ], [ 36.9881, -0.57649 ], [ 36.98798, -0.57648 ], [ 36.98777, -0.57647 ], [ 36.98762, -0.57647 ], [ 36.98753, -0.57647 ], [ 36.98745, -0.57647 ], [ 36.98738, -0.57647 ], [ 36.9873, -0.57648 ], [ 36.9872, -0.5765 ], [ 36.98715, -0.57651 ], [ 36.9871, -0.57652 ], [ 36.98694, -0.57656 ], [ 36.98687, -0.57658 ], [ 36.98685, -0.57658 ], [ 36.98659, -0.5766 ], [ 36.98644, -0.57664 ], [ 36.98599, -0.57674 ], [ 36.98589, -0.57677 ], [ 36.98571, -0.57686 ], [ 36.98551, -0.577 ], [ 36.98532, -0.57719 ], [ 36.98519, -0.57735 ], [ 36.9851, -0.57758 ], [ 36.98496, -0.57778 ], [ 36.98479, -0.57789 ], [ 36.98463, -0.57801 ], [ 36.98451, -0.57814 ], [ 36.9844, -0.57836 ], [ 36.98427, -0.5786 ], [ 36.98417, -0.57888 ], [ 36.98416, -0.5791 ], [ 36.9841, -0.57922 ], [ 36.98398, -0.5793 ], [ 36.98365, -0.57954 ], [ 36.98351, -0.57964 ], [ 36.98351, -0.57965 ], [ 36.98347, -0.57967 ], [ 36.98344, -0.57969 ], [ 36.98341, -0.57971 ], [ 36.98338, -0.57973 ], [ 36.98336, -0.57975 ], [ 36.98331, -0.57979 ], [ 36.98327, -0.57982 ], [ 36.98324, -0.57985 ], [ 36.9832, -0.57988 ], [ 36.98317, -0.5799 ], [ 36.98313, -0.57992 ], [ 36.98309, -0.57993 ], [ 36.98305, -0.57995 ], [ 36.98301, -0.57996 ], [ 36.983, -0.57996 ], [ 36.98291, -0.57997 ], [ 36.98269, -0.57999 ], [ 36.98263, -0.58 ], [ 36.98258, -0.58001 ], [ 36.98257, -0.58002 ], [ 36.98251, -0.58004 ], [ 36.98242, -0.58006 ], [ 36.98236, -0.58008 ], [ 36.98215, -0.58015 ], [ 36.98205, -0.58019 ], [ 36.98178, -0.58028 ], [ 36.9817, -0.5803 ], [ 36.98163, -0.58031 ], [ 36.98157, -0.58032 ], [ 36.98151, -0.58033 ], [ 36.98144, -0.58034 ], [ 36.98138, -0.58034 ], [ 36.98125, -0.58034 ], [ 36.98093, -0.58034 ], [ 36.98062, -0.58035 ], [ 36.9805, -0.58035 ], [ 36.9804, -0.58034 ], [ 36.98033, -0.58034 ], [ 36.98024, -0.58035 ], [ 36.98022, -0.58035 ], [ 36.98017, -0.58035 ], [ 36.98012, -0.58035 ], [ 36.98009, -0.58034 ], [ 36.98005, -0.58034 ], [ 36.98005, -0.58034 ], [ 36.98001, -0.58033 ], [ 36.97997, -0.58033 ], [ 36.97994, -0.58031 ], [ 36.97991, -0.5803 ], [ 36.97988, -0.58029 ], [ 36.97985, -0.58027 ], [ 36.97984, -0.58026 ], [ 36.97982, -0.58025 ], [ 36.97976, -0.5802 ], [ 36.97963, -0.58009 ], [ 36.97958, -0.58005 ], [ 36.9795, -0.57996 ], [ 36.97946, -0.57993 ], [ 36.97942, -0.5799 ], [ 36.97938, -0.57987 ], [ 36.97935, -0.57986 ], [ 36.97931, -0.57984 ], [ 36.97927, -0.57983 ], [ 36.97923, -0.57982 ], [ 36.97919, -0.57982 ], [ 36.97915, -0.57981 ], [ 36.97914, -0.57981 ], [ 36.97897, -0.5798 ], [ 36.97885, -0.57979 ], [ 36.97879, -0.57979 ], [ 36.97876, -0.57979 ], [ 36.97867, -0.57979 ], [ 36.97865, -0.5798 ], [ 36.9786, -0.5798 ], [ 36.97854, -0.57981 ], [ 36.97847, -0.57983 ], [ 36.97841, -0.57985 ], [ 36.97828, -0.5799 ], [ 36.97823, -0.57991 ], [ 36.97816, -0.57993 ], [ 36.978, -0.57997 ], [ 36.97793, -0.57999 ], [ 36.97789, -0.58 ], [ 36.97786, -0.58001 ], [ 36.97783, -0.58003 ], [ 36.9778, -0.58004 ], [ 36.97776, -0.58007 ], [ 36.97772, -0.5801 ], [ 36.97769, -0.58014 ], [ 36.9776, -0.58025 ], [ 36.97757, -0.58028 ], [ 36.97754, -0.5803 ], [ 36.97751, -0.58033 ], [ 36.97746, -0.58036 ], [ 36.97735, -0.58043 ], [ 36.97735, -0.58043 ], [ 36.97734, -0.58044 ], [ 36.97735, -0.58043 ], [ 36.97729, -0.5803 ], [ 36.97729, -0.58015 ], [ 36.97728, -0.58005 ], [ 36.97724, -0.57994 ], [ 36.97724, -0.57977 ], [ 36.97708, -0.5795 ], [ 36.97698, -0.57925 ], [ 36.97691, -0.57903 ], [ 36.97674, -0.57887 ], [ 36.97641, -0.57856 ], [ 36.97627, -0.57849 ], [ 36.97592, -0.57826 ], [ 36.97572, -0.57824 ], [ 36.97556, -0.57823 ], [ 36.97527, -0.57822 ], [ 36.9751, -0.57821 ], [ 36.97493, -0.57812 ], [ 36.97465, -0.57782 ], [ 36.97453, -0.5776 ], [ 36.97434, -0.57732 ], [ 36.97418, -0.57698 ], [ 36.97408, -0.57676 ], [ 36.97391, -0.57621 ], [ 36.97379, -0.57588 ], [ 36.97338, -0.57543 ], [ 36.97317, -0.5752 ], [ 36.97315, -0.57505 ], [ 36.97315, -0.57492 ], [ 36.97321, -0.57484 ], [ 36.9734, -0.5747 ], [ 36.97355, -0.57468 ], [ 36.97385, -0.57452 ], [ 36.97417, -0.57442 ], [ 36.97441, -0.5744 ], [ 36.97455, -0.57438 ], [ 36.97466, -0.57437 ], [ 36.975, -0.57422 ], [ 36.97508, -0.57406 ], [ 36.97509, -0.57374 ], [ 36.97508, -0.57359 ], [ 36.97507, -0.5734 ], [ 36.97495, -0.57315 ], [ 36.97489, -0.573 ], [ 36.97475, -0.5727 ], [ 36.97469, -0.57254 ], [ 36.97466, -0.57233 ], [ 36.97465, -0.57214 ], [ 36.97459, -0.5719 ], [ 36.97453, -0.57172 ], [ 36.97452, -0.57171 ], [ 36.97448, -0.57163 ], [ 36.97434, -0.57133 ], [ 36.97434, -0.57131 ], [ 36.97421, -0.57106 ], [ 36.97408, -0.57085 ], [ 36.97385, -0.57063 ], [ 36.97379, -0.57057 ], [ 36.97368, -0.57039 ], [ 36.97363, -0.5702 ], [ 36.97363, -0.57006 ], [ 36.97368, -0.57 ], [ 36.97371, -0.56986 ], [ 36.97374, -0.56974 ], [ 36.97384, -0.56964 ], [ 36.97404, -0.56971 ], [ 36.97429, -0.56974 ], [ 36.97444, -0.56977 ], [ 36.97462, -0.56978 ], [ 36.9748, -0.56979 ], [ 36.97512, -0.56977 ], [ 36.97526, -0.56976 ], [ 36.97549, -0.56975 ], [ 36.97567, -0.5697 ], [ 36.97578, -0.56964 ], [ 36.9759, -0.56956 ], [ 36.97594, -0.56954 ], [ 36.97616, -0.5694 ], [ 36.97626, -0.56939 ], [ 36.97643, -0.5694 ], [ 36.97653, -0.56941 ], [ 36.97666, -0.56942 ], [ 36.97678, -0.56945 ], [ 36.97691, -0.56949 ], [ 36.97703, -0.56951 ], [ 36.97703, -0.56951 ], [ 36.97715, -0.56953 ], [ 36.97729, -0.56955 ], [ 36.97744, -0.56955 ], [ 36.97763, -0.56954 ], [ 36.97773, -0.56954 ], [ 36.9778, -0.56953 ], [ 36.9779, -0.5695 ], [ 36.97795, -0.56948 ], [ 36.97805, -0.56931 ], [ 36.97813, -0.56921 ], [ 36.97819, -0.56903 ], [ 36.97823, -0.56891 ], [ 36.97824, -0.56875 ], [ 36.97829, -0.56855 ], [ 36.9783, -0.56849 ], [ 36.97832, -0.56838 ], [ 36.97837, -0.56829 ], [ 36.97845, -0.56828 ], [ 36.97853, -0.5683 ], [ 36.97861, -0.56834 ], [ 36.97868, -0.5684 ], [ 36.97871, -0.56846 ], [ 36.97881, -0.5686 ], [ 36.97891, -0.56869 ], [ 36.97899, -0.56879 ], [ 36.97908, -0.56889 ], [ 36.97918, -0.56903 ], [ 36.97929, -0.56925 ], [ 36.97936, -0.56942 ], [ 36.97951, -0.56964 ], [ 36.97958, -0.56986 ], [ 36.9797, -0.57011 ], [ 36.97986, -0.57032 ], [ 36.97994, -0.57048 ], [ 36.98004, -0.57067 ], [ 36.98012, -0.57079 ], [ 36.98031, -0.57088 ], [ 36.98046, -0.57087 ], [ 36.98059, -0.57085 ], [ 36.98065, -0.57086 ], [ 36.98075, -0.57088 ], [ 36.98084, -0.57091 ], [ 36.98088, -0.57093 ], [ 36.98096, -0.57096 ], [ 36.98117, -0.57103 ], [ 36.98126, -0.57103 ], [ 36.98138, -0.57103 ], [ 36.98153, -0.57095 ], [ 36.98159, -0.57094 ], [ 36.98165, -0.57082 ], [ 36.98171, -0.57071 ], [ 36.98178, -0.57057 ], [ 36.98184, -0.57043 ], [ 36.98187, -0.57023 ], [ 36.98191, -0.57009 ], [ 36.98197, -0.57 ], [ 36.982, -0.5699 ], [ 36.98201, -0.56978 ], [ 36.98202, -0.5697 ], [ 36.98203, -0.56962 ], [ 36.98208, -0.56955 ], [ 36.98214, -0.56953 ], [ 36.98225, -0.56953 ], [ 36.98234, -0.56956 ], [ 36.98246, -0.5696 ], [ 36.98254, -0.56965 ], [ 36.98267, -0.56963 ], [ 36.98278, -0.56955 ], [ 36.9829, -0.56947 ], [ 36.98305, -0.56944 ], [ 36.98315, -0.56943 ], [ 36.98326, -0.56942 ], [ 36.98337, -0.56942 ], [ 36.98344, -0.56942 ], [ 36.98359, -0.5695 ], [ 36.98376, -0.56958 ], [ 36.98387, -0.56958 ], [ 36.98407, -0.56957 ], [ 36.98417, -0.56957 ], [ 36.98434, -0.56945 ], [ 36.98447, -0.5693 ], [ 36.98457, -0.56914 ], [ 36.98464, -0.56898 ], [ 36.98471, -0.56884 ], [ 36.98478, -0.56871 ], [ 36.98484, -0.56856 ], [ 36.98491, -0.56841 ], [ 36.98497, -0.56823 ], [ 36.98505, -0.56804 ], [ 36.98512, -0.5679 ], [ 36.98522, -0.5678 ], [ 36.98525, -0.56778 ], [ 36.98541, -0.56757 ], [ 36.98549, -0.56747 ], [ 36.98561, -0.56732 ], [ 36.98571, -0.56719 ], [ 36.98582, -0.56705 ], [ 36.98592, -0.56692 ], [ 36.98602, -0.56678 ], [ 36.98611, -0.56665 ], [ 36.9862, -0.56648 ], [ 36.98626, -0.56635 ], [ 36.98639, -0.56614 ], [ 36.98646, -0.56601 ], [ 36.98646, -0.56601 ], [ 36.98653, -0.56589 ], [ 36.98661, -0.56573 ], [ 36.98669, -0.56555 ], [ 36.98678, -0.56534 ], [ 36.98684, -0.56515 ], [ 36.98688, -0.565 ], [ 36.98693, -0.56483 ], [ 36.98698, -0.56473 ], [ 36.98702, -0.56463 ], [ 36.98705, -0.56444 ], [ 36.9871, -0.56427 ], [ 36.98714, -0.56412 ], [ 36.98714, -0.56396 ], [ 36.98714, -0.56381 ], [ 36.98714, -0.56372 ], [ 36.98714, -0.56355 ], [ 36.98714, -0.56332 ], [ 36.98716, -0.56325 ], [ 36.98721, -0.56308 ], [ 36.98724, -0.56298 ], [ 36.98724, -0.56285 ], [ 36.98726, -0.56271 ], [ 36.98726, -0.5627 ], [ 36.98732, -0.56253 ], [ 36.98737, -0.56244 ], [ 36.98742, -0.5624 ], [ 36.9875, -0.56235 ], [ 36.98759, -0.56231 ], [ 36.9877, -0.56227 ], [ 36.98781, -0.56226 ], [ 36.98799, -0.56222 ], [ 36.98803, -0.56221 ], [ 36.98822, -0.56216 ], [ 36.98829, -0.56214 ], [ 36.98846, -0.5621 ], [ 36.98853, -0.56203 ], [ 36.98865, -0.56186 ], [ 36.98873, -0.56169 ], [ 36.98885, -0.56149 ], [ 36.98896, -0.56127 ], [ 36.98904, -0.56112 ], [ 36.98914, -0.56092 ], [ 36.98919, -0.5608 ], [ 36.98923, -0.56063 ], [ 36.98925, -0.56047 ], [ 36.98926, -0.56043 ], [ 36.98929, -0.56035 ], [ 36.98935, -0.56023 ], [ 36.98938, -0.56012 ], [ 36.98942, -0.56004 ], [ 36.98951, -0.55987 ], [ 36.98956, -0.5598 ], [ 36.98966, -0.55966 ], [ 36.98975, -0.55952 ], [ 36.98979, -0.55945 ], [ 36.98983, -0.5593 ], [ 36.9899, -0.55905 ], [ 36.98997, -0.5588 ], [ 36.99002, -0.55862 ], [ 36.99005, -0.55845 ], [ 36.99006, -0.55826 ], [ 36.99006, -0.55812 ], [ 36.99012, -0.55793 ], [ 36.99015, -0.55783 ], [ 36.99023, -0.5577 ], [ 36.99031, -0.55756 ], [ 36.99041, -0.55742 ], [ 36.99057, -0.5572 ], [ 36.9907, -0.5571 ], [ 36.99085, -0.55702 ], [ 36.99102, -0.55694 ], [ 36.99117, -0.55685 ], [ 36.9913, -0.55675 ], [ 36.99137, -0.55667 ], [ 36.9916, -0.5565 ], [ 36.99186, -0.55632 ], [ 36.99195, -0.55626 ], [ 36.99209, -0.55608 ], [ 36.99223, -0.55584 ], [ 36.99232, -0.55574 ], [ 36.99252, -0.55548 ], [ 36.99271, -0.55524 ], [ 36.99292, -0.55487 ], [ 36.99305, -0.55457 ], [ 36.99333, -0.55415 ], [ 36.99343, -0.55401 ], [ 36.99358, -0.55377 ], [ 36.9937, -0.55362 ], [ 36.99379, -0.55345 ], [ 36.99381, -0.55341 ], [ 36.99392, -0.5532 ], [ 36.99408, -0.55299 ], [ 36.99414, -0.55293 ], [ 36.99425, -0.55278 ], [ 36.99437, -0.55262 ], [ 36.99447, -0.55241 ], [ 36.99454, -0.55228 ], [ 36.99464, -0.552 ], [ 36.9947, -0.55189 ], [ 36.99481, -0.55167 ], [ 36.99488, -0.55149 ], [ 36.99494, -0.55126 ], [ 36.99494, -0.5511 ], [ 36.99493, -0.55097 ], [ 36.99491, -0.55081 ], [ 36.99481, -0.55068 ], [ 36.99467, -0.55051 ], [ 36.99461, -0.55042 ], [ 36.99451, -0.55027 ], [ 36.99437, -0.55011 ], [ 36.99434, -0.55005 ], [ 36.99418, -0.54995 ], [ 36.99411, -0.54987 ], [ 36.99402, -0.54981 ], [ 36.99392, -0.54973 ], [ 36.99382, -0.5496 ], [ 36.99372, -0.54941 ], [ 36.99368, -0.54931 ], [ 36.99367, -0.54928 ], [ 36.99366, -0.54915 ], [ 36.99364, -0.54899 ], [ 36.99364, -0.54888 ], [ 36.99366, -0.54875 ], [ 36.99371, -0.54862 ], [ 36.9938, -0.54847 ], [ 36.9939, -0.54832 ], [ 36.994, -0.54813 ], [ 36.99412, -0.54792 ], [ 36.99419, -0.54785 ], [ 36.99429, -0.5477 ], [ 36.99439, -0.54747 ], [ 36.99444, -0.54735 ], [ 36.99444, -0.54716 ], [ 36.99444, -0.54696 ], [ 36.99443, -0.54682 ], [ 36.99443, -0.54669 ], [ 36.99437, -0.54654 ], [ 36.99423, -0.54635 ], [ 36.9942, -0.54627 ], [ 36.99409, -0.54613 ], [ 36.99405, -0.54602 ], [ 36.99396, -0.54584 ], [ 36.99383, -0.54571 ], [ 36.99366, -0.54552 ], [ 36.99357, -0.54541 ], [ 36.99343, -0.54522 ], [ 36.99323, -0.54491 ], [ 36.99312, -0.54473 ], [ 36.99306, -0.54459 ], [ 36.99305, -0.54447 ], [ 36.99307, -0.54429 ], [ 36.99314, -0.54416 ], [ 36.99322, -0.54401 ], [ 36.99332, -0.54387 ], [ 36.99344, -0.54372 ], [ 36.99355, -0.54354 ], [ 36.9937, -0.54333 ], [ 36.99376, -0.54321 ], [ 36.99388, -0.54296 ], [ 36.99398, -0.54285 ], [ 36.9941, -0.54265 ], [ 36.99416, -0.54252 ], [ 36.99424, -0.54233 ], [ 36.99439, -0.54221 ], [ 36.9945, -0.54221 ], [ 36.99465, -0.54227 ], [ 36.99476, -0.54234 ], [ 36.99492, -0.54243 ], [ 36.995, -0.54247 ], [ 36.99516, -0.54258 ], [ 36.99528, -0.54264 ], [ 36.99545, -0.54271 ], [ 36.99555, -0.54277 ], [ 36.99578, -0.54282 ], [ 36.99588, -0.54282 ], [ 36.99598, -0.54282 ], [ 36.9961, -0.54281 ], [ 36.99627, -0.5428 ], [ 36.99638, -0.5428 ], [ 36.99652, -0.54274 ], [ 36.99665, -0.54267 ], [ 36.99678, -0.54253 ], [ 36.99686, -0.54238 ], [ 36.99688, -0.5423 ], [ 36.99687, -0.54217 ], [ 36.99685, -0.54198 ], [ 36.99673, -0.54188 ], [ 36.99667, -0.54183 ], [ 36.99655, -0.54174 ], [ 36.99641, -0.54159 ], [ 36.99619, -0.54136 ], [ 36.99601, -0.5412 ], [ 36.99594, -0.54107 ], [ 36.99584, -0.54101 ], [ 36.99571, -0.54089 ], [ 36.99563, -0.54078 ], [ 36.99561, -0.5407 ], [ 36.99563, -0.54058 ], [ 36.9957, -0.54047 ], [ 36.99588, -0.54029 ], [ 36.99598, -0.54019 ], [ 36.99611, -0.54009 ], [ 36.99621, -0.53996 ], [ 36.9963, -0.53985 ], [ 36.99639, -0.53971 ], [ 36.9964, -0.53957 ], [ 36.99641, -0.53932 ], [ 36.99641, -0.53922 ], [ 36.99641, -0.5391 ], [ 36.99639, -0.53901 ], [ 36.99634, -0.5388 ], [ 36.99634, -0.53858 ], [ 36.99627, -0.53839 ], [ 36.99626, -0.53836 ], [ 36.99628, -0.53825 ], [ 36.99632, -0.5382 ], [ 36.9964, -0.53817 ], [ 36.99651, -0.53806 ], [ 36.99672, -0.53792 ], [ 36.9968, -0.53765 ], [ 36.9968, -0.53744 ], [ 36.99679, -0.53729 ], [ 36.99679, -0.53707 ], [ 36.99678, -0.53698 ], [ 36.99677, -0.53673 ], [ 36.99677, -0.5365 ], [ 36.99674, -0.53624 ], [ 36.99672, -0.53605 ], [ 36.9967, -0.53591 ], [ 36.99667, -0.53566 ], [ 36.99667, -0.53557 ], [ 36.99668, -0.53546 ], [ 36.99666, -0.53529 ], [ 36.99669, -0.53513 ], [ 36.99686, -0.53495 ], [ 36.99698, -0.53492 ], [ 36.99717, -0.53492 ], [ 36.99729, -0.53496 ], [ 36.99744, -0.53506 ], [ 36.99753, -0.53517 ], [ 36.99769, -0.53538 ], [ 36.9978, -0.53548 ], [ 36.99807, -0.53557 ], [ 36.99818, -0.53557 ], [ 36.99825, -0.53556 ], [ 36.99837, -0.53537 ], [ 36.99844, -0.53518 ], [ 36.99849, -0.53488 ], [ 36.99852, -0.53458 ], [ 36.99856, -0.53431 ], [ 36.99856, -0.53411 ], [ 36.99856, -0.53395 ], [ 36.99856, -0.53369 ], [ 36.99858, -0.53336 ], [ 36.99856, -0.53319 ], [ 36.99853, -0.53309 ], [ 36.99849, -0.53294 ], [ 36.99852, -0.5328 ], [ 36.99861, -0.53268 ], [ 36.9987, -0.5326 ], [ 36.99882, -0.53248 ], [ 36.99892, -0.53232 ], [ 36.99898, -0.53227 ], [ 36.99911, -0.53197 ], [ 36.99937, -0.53166 ], [ 36.99949, -0.53157 ], [ 36.99975, -0.53135 ], [ 36.99994, -0.53121 ], [ 37.00018, -0.53109 ], [ 37.00031, -0.53101 ], [ 37.00051, -0.53085 ], [ 37.00065, -0.53078 ], [ 37.00084, -0.53073 ], [ 37.00104, -0.53068 ], [ 37.0012, -0.53058 ], [ 37.00132, -0.53051 ], [ 37.00138, -0.53035 ], [ 37.00143, -0.53027 ], [ 37.00145, -0.53001 ], [ 37.00146, -0.52971 ], [ 37.00146, -0.5295 ], [ 37.0015, -0.52922 ], [ 37.00156, -0.52897 ], [ 37.0016, -0.52878 ], [ 37.00168, -0.52864 ], [ 37.00176, -0.52856 ], [ 37.00198, -0.52831 ], [ 37.00209, -0.52829 ], [ 37.00217, -0.52829 ], [ 37.00233, -0.52833 ], [ 37.00245, -0.52832 ], [ 37.00252, -0.52832 ], [ 37.00262, -0.52825 ], [ 37.00266, -0.52821 ], [ 37.00269, -0.52812 ], [ 37.00269, -0.52801 ], [ 37.00267, -0.52784 ], [ 37.00264, -0.52768 ], [ 37.00263, -0.52756 ], [ 37.00261, -0.52745 ], [ 37.00255, -0.52731 ], [ 37.00251, -0.52711 ], [ 37.00251, -0.52699 ], [ 37.00251, -0.52686 ], [ 37.00252, -0.52678 ], [ 37.00252, -0.52661 ], [ 37.00256, -0.52643 ], [ 37.00257, -0.52619 ], [ 37.00258, -0.52596 ], [ 37.0026, -0.52565 ], [ 37.00265, -0.52541 ], [ 37.00265, -0.5251 ], [ 37.00265, -0.52495 ], [ 37.00265, -0.52481 ], [ 37.00264, -0.52453 ], [ 37.00264, -0.52436 ], [ 37.00269, -0.52419 ], [ 37.00293, -0.52425 ], [ 37.00325, -0.52432 ], [ 37.00346, -0.52444 ], [ 37.00371, -0.52457 ], [ 37.00389, -0.52465 ], [ 37.004, -0.52474 ], [ 37.00419, -0.52475 ], [ 37.0043, -0.52473 ], [ 37.0045, -0.52446 ], [ 37.00452, -0.52404 ], [ 37.00452, -0.5237 ], [ 37.00452, -0.52341 ], [ 37.00452, -0.52317 ], [ 37.00451, -0.52286 ], [ 37.00449, -0.52262 ], [ 37.00449, -0.52226 ], [ 37.00466, -0.52176 ], [ 37.00488, -0.52155 ], [ 37.00517, -0.52143 ], [ 37.00574, -0.52112 ], [ 37.00599, -0.52099 ], [ 37.00628, -0.5208 ], [ 37.00664, -0.52062 ], [ 37.00705, -0.52057 ], [ 37.00726, -0.52053 ], [ 37.00754, -0.52052 ], [ 37.00766, -0.52067 ], [ 37.00766, -0.52076 ], [ 37.00764, -0.5209 ], [ 37.00754, -0.52106 ], [ 37.00751, -0.52123 ], [ 37.00751, -0.52146 ], [ 37.00756, -0.5216 ], [ 37.00763, -0.5218 ], [ 37.00777, -0.52192 ], [ 37.00789, -0.52203 ], [ 37.00801, -0.52213 ], [ 37.00812, -0.52221 ], [ 37.00828, -0.52224 ], [ 37.00852, -0.52225 ], [ 37.00871, -0.52225 ], [ 37.00893, -0.52228 ], [ 37.00923, -0.52227 ], [ 37.0094, -0.52227 ], [ 37.00955, -0.52221 ], [ 37.00978, -0.52199 ], [ 37.00992, -0.52178 ], [ 37.01005, -0.52163 ], [ 37.01017, -0.52147 ], [ 37.01035, -0.52125 ], [ 37.01053, -0.52102 ], [ 37.01069, -0.52084 ], [ 37.01083, -0.52074 ], [ 37.01124, -0.52049 ], [ 37.01151, -0.52036 ], [ 37.01186, -0.52009 ], [ 37.01198, -0.52007 ], [ 37.01238, -0.51993 ], [ 37.01267, -0.51988 ], [ 37.01294, -0.51986 ], [ 37.01314, -0.51992 ], [ 37.01322, -0.51997 ], [ 37.01331, -0.52003 ], [ 37.01342, -0.52014 ], [ 37.01342, -0.52025 ], [ 37.01341, -0.52035 ], [ 37.0133, -0.52044 ], [ 37.01315, -0.52051 ], [ 37.01301, -0.52055 ], [ 37.01269, -0.52061 ], [ 37.01237, -0.52074 ], [ 37.01211, -0.52094 ], [ 37.0121, -0.52113 ], [ 37.01218, -0.5214 ], [ 37.01229, -0.5216 ], [ 37.01241, -0.52175 ], [ 37.01253, -0.5219 ], [ 37.01274, -0.52211 ], [ 37.01303, -0.52232 ], [ 37.01329, -0.52247 ], [ 37.01352, -0.52263 ], [ 37.01384, -0.5228 ], [ 37.01418, -0.523 ], [ 37.01437, -0.52304 ], [ 37.01451, -0.52313 ], [ 37.01486, -0.52336 ], [ 37.0153, -0.52351 ], [ 37.01542, -0.52358 ], [ 37.01557, -0.52367 ], [ 37.0157, -0.52373 ], [ 37.0161, -0.52399 ], [ 37.01634, -0.52423 ], [ 37.01642, -0.52433 ], [ 37.01669, -0.52458 ], [ 37.01681, -0.52471 ], [ 37.01691, -0.52496 ], [ 37.01705, -0.52521 ], [ 37.01715, -0.5254 ], [ 37.01727, -0.52559 ], [ 37.01742, -0.52583 ], [ 37.01755, -0.52602 ], [ 37.01789, -0.52617 ], [ 37.01813, -0.52626 ], [ 37.01833, -0.52637 ], [ 37.01873, -0.52661 ], [ 37.01891, -0.52663 ], [ 37.01909, -0.52658 ], [ 37.01912, -0.52647 ], [ 37.01909, -0.52618 ], [ 37.01899, -0.52607 ], [ 37.01898, -0.52603 ], [ 37.0189, -0.52594 ], [ 37.01869, -0.52574 ], [ 37.01855, -0.52571 ], [ 37.01848, -0.52553 ], [ 37.01848, -0.5254 ], [ 37.01856, -0.52499 ], [ 37.01861, -0.52474 ], [ 37.01871, -0.52444 ], [ 37.01876, -0.5243 ], [ 37.01877, -0.5243 ], [ 37.01878, -0.52431 ], [ 37.01878, -0.52431 ], [ 37.01877, -0.52427 ], [ 37.01885, -0.52405 ], [ 37.01892, -0.52382 ], [ 37.01903, -0.52357 ], [ 37.01915, -0.52317 ], [ 37.0193, -0.52274 ], [ 37.01941, -0.52246 ], [ 37.01952, -0.52217 ], [ 37.01965, -0.52187 ], [ 37.01981, -0.5217 ], [ 37.01998, -0.5215 ], [ 37.02018, -0.52127 ], [ 37.02042, -0.52104 ], [ 37.02058, -0.52094 ], [ 37.02087, -0.52086 ], [ 37.02108, -0.5209 ], [ 37.02138, -0.52112 ], [ 37.02164, -0.52117 ], [ 37.022, -0.5214 ], [ 37.02218, -0.52145 ], [ 37.02235, -0.5215 ], [ 37.02267, -0.52151 ], [ 37.02295, -0.52151 ], [ 37.02313, -0.52151 ], [ 37.02335, -0.52153 ], [ 37.02367, -0.52153 ], [ 37.02393, -0.52151 ], [ 37.02416, -0.52144 ], [ 37.0244, -0.52135 ], [ 37.02503, -0.52131 ], [ 37.02516, -0.52131 ], [ 37.02525, -0.52131 ], [ 37.02577, -0.52127 ], [ 37.02607, -0.52127 ], [ 37.02652, -0.52132 ], [ 37.02684, -0.52137 ], [ 37.02699, -0.52141 ], [ 37.02717, -0.52141 ], [ 37.0273, -0.52129 ], [ 37.02728, -0.52111 ], [ 37.02727, -0.52085 ], [ 37.02722, -0.52022 ], [ 37.02711, -0.51985 ], [ 37.02703, -0.51959 ], [ 37.02697, -0.51939 ], [ 37.02688, -0.51912 ], [ 37.02685, -0.51888 ], [ 37.02682, -0.5185 ], [ 37.02681, -0.5183 ], [ 37.02685, -0.51803 ], [ 37.02697, -0.51784 ], [ 37.02722, -0.51762 ], [ 37.02753, -0.51753 ], [ 37.02787, -0.5176 ], [ 37.02811, -0.51773 ], [ 37.02825, -0.51791 ], [ 37.02841, -0.51814 ], [ 37.02858, -0.5184 ], [ 37.0287, -0.51861 ], [ 37.02886, -0.51891 ], [ 37.02916, -0.51914 ], [ 37.02941, -0.5193 ], [ 37.02962, -0.51946 ], [ 37.02986, -0.51958 ], [ 37.03015, -0.51976 ], [ 37.03037, -0.51988 ], [ 37.03067, -0.5201 ], [ 37.03093, -0.52035 ], [ 37.03117, -0.52055 ], [ 37.03145, -0.52074 ], [ 37.03166, -0.52101 ], [ 37.03185, -0.52122 ], [ 37.03211, -0.52154 ], [ 37.03238, -0.5218 ], [ 37.03263, -0.52194 ], [ 37.03289, -0.52229 ], [ 37.03306, -0.52251 ], [ 37.03328, -0.5227 ], [ 37.03355, -0.52292 ], [ 37.03354, -0.52295 ], [ 37.03357, -0.52295 ], [ 37.03363, -0.52301 ], [ 37.03384, -0.52317 ], [ 37.03405, -0.52329 ], [ 37.03419, -0.5234 ], [ 37.03474, -0.52357 ], [ 37.03502, -0.5237 ], [ 37.03529, -0.52376 ], [ 37.03568, -0.52376 ], [ 37.03625, -0.52376 ], [ 37.03654, -0.5237 ], [ 37.03678, -0.5237 ], [ 37.03696, -0.52366 ], [ 37.03714, -0.52359 ], [ 37.03737, -0.52359 ], [ 37.03752, -0.52368 ], [ 37.03776, -0.52371 ], [ 37.0379, -0.52366 ], [ 37.03806, -0.52342 ], [ 37.03817, -0.5231 ], [ 37.03821, -0.52273 ], [ 37.03821, -0.5224 ], [ 37.0383, -0.52204 ], [ 37.03831, -0.52185 ], [ 37.03849, -0.52153 ], [ 37.03866, -0.52124 ], [ 37.03883, -0.5211 ], [ 37.03914, -0.52055 ], [ 37.03931, -0.52027 ], [ 37.03947, -0.52006 ], [ 37.03955, -0.51997 ], [ 37.03965, -0.51968 ], [ 37.03965, -0.51949 ], [ 37.03964, -0.51929 ], [ 37.03964, -0.51904 ], [ 37.03975, -0.51889 ], [ 37.03991, -0.51889 ], [ 37.04005, -0.51902 ], [ 37.04012, -0.51916 ], [ 37.04019, -0.51927 ], [ 37.0403, -0.51946 ], [ 37.04055, -0.51979 ], [ 37.04072, -0.51994 ], [ 37.04084, -0.52006 ], [ 37.04103, -0.52031 ], [ 37.04119, -0.52046 ], [ 37.04139, -0.52048 ], [ 37.04156, -0.52048 ], [ 37.04172, -0.52047 ], [ 37.04187, -0.52038 ], [ 37.04209, -0.52031 ], [ 37.04231, -0.52032 ], [ 37.0424, -0.52035 ], [ 37.04256, -0.52047 ], [ 37.04272, -0.52068 ], [ 37.04275, -0.52088 ], [ 37.04278, -0.52121 ], [ 37.04278, -0.52144 ], [ 37.04296, -0.52199 ], [ 37.04296, -0.52209 ], [ 37.04296, -0.52224 ], [ 37.04296, -0.5224 ], [ 37.04299, -0.52254 ], [ 37.04306, -0.52275 ], [ 37.04314, -0.52287 ], [ 37.04318, -0.52295 ], [ 37.04332, -0.52308 ], [ 37.04352, -0.52316 ], [ 37.04381, -0.52329 ], [ 37.04402, -0.52331 ], [ 37.04422, -0.52329 ], [ 37.04436, -0.52321 ], [ 37.04443, -0.52301 ], [ 37.04442, -0.52282 ], [ 37.04438, -0.52256 ], [ 37.04435, -0.52233 ], [ 37.04429, -0.52205 ], [ 37.04417, -0.52175 ], [ 37.04406, -0.52161 ], [ 37.04401, -0.52145 ], [ 37.04396, -0.52114 ], [ 37.04393, -0.52097 ], [ 37.04399, -0.5208 ], [ 37.04419, -0.52048 ], [ 37.04444, -0.52032 ], [ 37.04471, -0.52027 ], [ 37.0449, -0.52033 ], [ 37.04518, -0.52049 ], [ 37.04531, -0.52074 ], [ 37.04546, -0.52099 ], [ 37.04557, -0.52121 ], [ 37.0458, -0.52144 ], [ 37.04616, -0.52169 ], [ 37.04658, -0.5219 ], [ 37.04676, -0.52199 ], [ 37.04724, -0.52204 ], [ 37.04727, -0.52205 ], [ 37.04727, -0.52205 ], [ 37.04728, -0.52204 ], [ 37.04745, -0.52204 ], [ 37.04763, -0.52191 ], [ 37.04782, -0.5216 ], [ 37.04792, -0.5214 ], [ 37.04795, -0.5212 ], [ 37.04795, -0.52101 ], [ 37.04794, -0.52085 ], [ 37.0479, -0.52057 ], [ 37.04802, -0.52037 ], [ 37.04822, -0.52023 ], [ 37.04846, -0.52015 ], [ 37.0486, -0.52013 ], [ 37.04891, -0.52006 ], [ 37.04912, -0.51999 ], [ 37.04936, -0.51993 ], [ 37.04952, -0.51986 ], [ 37.04983, -0.5198 ], [ 37.04986, -0.51979 ], [ 37.05, -0.51977 ], [ 37.05022, -0.51974 ], [ 37.05051, -0.51972 ], [ 37.05071, -0.51977 ], [ 37.05095, -0.51993 ], [ 37.05105, -0.52009 ], [ 37.05125, -0.52046 ], [ 37.05125, -0.52074 ], [ 37.05124, -0.52097 ], [ 37.05128, -0.5212 ], [ 37.05132, -0.52139 ], [ 37.05128, -0.52165 ], [ 37.05127, -0.52197 ], [ 37.05135, -0.5221 ], [ 37.05155, -0.52215 ], [ 37.05176, -0.52213 ], [ 37.05195, -0.52207 ], [ 37.05233, -0.52188 ], [ 37.0526, -0.52175 ], [ 37.05283, -0.52164 ], [ 37.0529, -0.52145 ], [ 37.05294, -0.52115 ], [ 37.05294, -0.52097 ], [ 37.05292, -0.52073 ], [ 37.05285, -0.52044 ], [ 37.05283, -0.52022 ], [ 37.05277, -0.52006 ], [ 37.05266, -0.51976 ], [ 37.05262, -0.5196 ], [ 37.0526, -0.51945 ], [ 37.05258, -0.51921 ], [ 37.05273, -0.51879 ], [ 37.053, -0.51866 ], [ 37.05318, -0.51855 ], [ 37.05357, -0.51845 ], [ 37.05383, -0.51839 ], [ 37.05401, -0.51837 ], [ 37.05435, -0.51832 ], [ 37.05457, -0.51832 ], [ 37.05476, -0.51832 ], [ 37.05494, -0.51839 ], [ 37.05507, -0.51853 ], [ 37.05518, -0.51872 ], [ 37.05524, -0.51892 ], [ 37.05547, -0.5194 ], [ 37.05557, -0.51958 ], [ 37.05573, -0.51973 ], [ 37.05603, -0.51992 ], [ 37.05634, -0.52006 ], [ 37.05664, -0.52022 ], [ 37.05693, -0.52033 ], [ 37.05721, -0.52042 ], [ 37.05753, -0.52045 ], [ 37.05786, -0.52057 ], [ 37.05805, -0.5206 ], [ 37.05832, -0.52058 ], [ 37.05848, -0.52027 ], [ 37.05844, -0.52014 ], [ 37.05848, -0.51987 ], [ 37.05848, -0.51966 ], [ 37.05847, -0.51947 ], [ 37.05847, -0.51906 ], [ 37.05853, -0.51891 ], [ 37.05849, -0.51873 ], [ 37.05842, -0.51843 ], [ 37.05829, -0.51836 ], [ 37.0582, -0.5183 ], [ 37.05797, -0.51806 ], [ 37.05775, -0.51777 ], [ 37.05769, -0.51773 ], [ 37.05765, -0.51746 ], [ 37.05765, -0.51731 ], [ 37.05767, -0.51714 ], [ 37.05773, -0.51684 ], [ 37.05778, -0.51664 ], [ 37.05781, -0.51637 ], [ 37.05786, -0.51632 ], [ 37.058, -0.51627 ], [ 37.05825, -0.51626 ], [ 37.05851, -0.51626 ], [ 37.05883, -0.51624 ], [ 37.05904, -0.51619 ], [ 37.05913, -0.51618 ], [ 37.05925, -0.51612 ], [ 37.05933, -0.51593 ], [ 37.05945, -0.5156 ], [ 37.05948, -0.5155 ], [ 37.05951, -0.51539 ], [ 37.05957, -0.51524 ], [ 37.05968, -0.51513 ], [ 37.05983, -0.51504 ], [ 37.06005, -0.51501 ], [ 37.06022, -0.51509 ], [ 37.06042, -0.51524 ], [ 37.06059, -0.51548 ], [ 37.06068, -0.51564 ], [ 37.06069, -0.51592 ], [ 37.06069, -0.51618 ], [ 37.06069, -0.51654 ], [ 37.06069, -0.51663 ], [ 37.06069, -0.51683 ], [ 37.06062, -0.51724 ], [ 37.06056, -0.51746 ], [ 37.06055, -0.51769 ], [ 37.06055, -0.51798 ], [ 37.06055, -0.51823 ], [ 37.06053, -0.51852 ], [ 37.06053, -0.51875 ], [ 37.06055, -0.51897 ], [ 37.06063, -0.51911 ], [ 37.06078, -0.51931 ], [ 37.06097, -0.51957 ], [ 37.06105, -0.51978 ], [ 37.06113, -0.51992 ], [ 37.06122, -0.52013 ], [ 37.06124, -0.52029 ], [ 37.0613, -0.52041 ], [ 37.06152, -0.52052 ], [ 37.06153, -0.52056 ], [ 37.06156, -0.52054 ], [ 37.06179, -0.52065 ], [ 37.06222, -0.52086 ], [ 37.06258, -0.52099 ], [ 37.06293, -0.52107 ], [ 37.06338, -0.5212 ], [ 37.06384, -0.52127 ], [ 37.0643, -0.52123 ], [ 37.06466, -0.52117 ], [ 37.06467, -0.52117 ], [ 37.06498, -0.52109 ], [ 37.06537, -0.52102 ], [ 37.06567, -0.52099 ], [ 37.06623, -0.52065 ], [ 37.06627, -0.52063 ], [ 37.06667, -0.52051 ], [ 37.06686, -0.52042 ], [ 37.06706, -0.52034 ], [ 37.06744, -0.52023 ], [ 37.06764, -0.52019 ], [ 37.06786, -0.52012 ], [ 37.06802, -0.52003 ], [ 37.06831, -0.51999 ], [ 37.06846, -0.52005 ], [ 37.06874, -0.52045 ], [ 37.0688, -0.52066 ], [ 37.06896, -0.52102 ], [ 37.069, -0.52121 ], [ 37.069, -0.52132 ], [ 37.06885, -0.52153 ], [ 37.06884, -0.52173 ], [ 37.0689, -0.52187 ], [ 37.06907, -0.52192 ], [ 37.06916, -0.52191 ], [ 37.06922, -0.5219 ], [ 37.0696, -0.52172 ], [ 37.06979, -0.52158 ], [ 37.07003, -0.52129 ], [ 37.07027, -0.52103 ], [ 37.0705, -0.52055 ], [ 37.07066, -0.52029 ], [ 37.07083, -0.51983 ], [ 37.07106, -0.51951 ], [ 37.07128, -0.51919 ], [ 37.07142, -0.51894 ], [ 37.07166, -0.5187 ], [ 37.07193, -0.51849 ], [ 37.07197, -0.51846 ], [ 37.07215, -0.51832 ], [ 37.07245, -0.51809 ], [ 37.07268, -0.518 ], [ 37.073, -0.51799 ], [ 37.07342, -0.51799 ], [ 37.07369, -0.51809 ], [ 37.07392, -0.51822 ], [ 37.07432, -0.51832 ], [ 37.0746, -0.5184 ], [ 37.07483, -0.51848 ], [ 37.0751, -0.51865 ], [ 37.07528, -0.51872 ], [ 37.07569, -0.51881 ], [ 37.07602, -0.51886 ], [ 37.07625, -0.51887 ], [ 37.0765, -0.51888 ], [ 37.07667, -0.51888 ], [ 37.07685, -0.51888 ], [ 37.07703, -0.519 ], [ 37.07709, -0.51915 ], [ 37.07706, -0.51939 ], [ 37.07699, -0.51957 ], [ 37.07695, -0.51972 ], [ 37.07678, -0.51972 ], [ 37.07645, -0.51982 ], [ 37.07626, -0.51985 ], [ 37.07608, -0.51996 ], [ 37.07581, -0.52005 ], [ 37.07567, -0.52019 ], [ 37.07558, -0.52037 ], [ 37.07573, -0.5206 ], [ 37.07587, -0.52071 ], [ 37.0761, -0.52071 ], [ 37.07627, -0.52071 ], [ 37.07661, -0.5207 ], [ 37.07682, -0.52064 ], [ 37.077, -0.5206 ], [ 37.07711, -0.52053 ], [ 37.07712, -0.52052 ], [ 37.07718, -0.52048 ], [ 37.07741, -0.52032 ], [ 37.0776, -0.52016 ], [ 37.07793, -0.51988 ], [ 37.07812, -0.51969 ], [ 37.07836, -0.5195 ], [ 37.07858, -0.51936 ], [ 37.07877, -0.51921 ], [ 37.07926, -0.51904 ], [ 37.07957, -0.51906 ], [ 37.07993, -0.51909 ], [ 37.07998, -0.51913 ], [ 37.08, -0.51909 ], [ 37.08012, -0.51909 ], [ 37.08036, -0.51909 ], [ 37.08076, -0.51912 ], [ 37.08108, -0.51916 ], [ 37.08148, -0.5192 ], [ 37.08171, -0.51928 ], [ 37.08197, -0.51953 ], [ 37.08204, -0.51969 ], [ 37.08211, -0.51985 ], [ 37.0821, -0.52002 ] ] ] } },
{ "type": "Feature", "properties": { "entity_id": 295, "p_entity": 37, "name": "Nyeri Central Sub County" }, "geometry": { "type": "Polygon", "coordinates": [ [ [ 37.0298, -0.40279 ], [ 37.02983, -0.40294 ], [ 37.02995, -0.40316 ], [ 37.03012, -0.40331 ], [ 37.0303, -0.40337 ], [ 37.03056, -0.40335 ], [ 37.03077, -0.40322 ], [ 37.03092, -0.40314 ], [ 37.03119, -0.40311 ], [ 37.03136, -0.40319 ], [ 37.03145, -0.40322 ], [ 37.03154, -0.40341 ], [ 37.03157, -0.40367 ], [ 37.03158, -0.40376 ], [ 37.03151, -0.40399 ], [ 37.03151, -0.40399 ], [ 37.03143, -0.40428 ], [ 37.03133, -0.40462 ], [ 37.03133, -0.40464 ], [ 37.03131, -0.40495 ], [ 37.03135, -0.4053 ], [ 37.03144, -0.40548 ], [ 37.03163, -0.40554 ], [ 37.03184, -0.40545 ], [ 37.03205, -0.40533 ], [ 37.03224, -0.4052 ], [ 37.03243, -0.40523 ], [ 37.0325, -0.40545 ], [ 37.03249, -0.40584 ], [ 37.03248, -0.40614 ], [ 37.03248, -0.40614 ], [ 37.0325, -0.4064 ], [ 37.03251, -0.4067 ], [ 37.03244, -0.40695 ], [ 37.03241, -0.40699 ], [ 37.03239, -0.40706 ], [ 37.03229, -0.40722 ], [ 37.03215, -0.40738 ], [ 37.03192, -0.40759 ], [ 37.0316, -0.4079 ], [ 37.03149, -0.40816 ], [ 37.03149, -0.40827 ], [ 37.03149, -0.40833 ], [ 37.03149, -0.40849 ], [ 37.03152, -0.40864 ], [ 37.03162, -0.40873 ], [ 37.03185, -0.40877 ], [ 37.03196, -0.40873 ], [ 37.0321, -0.40855 ], [ 37.03212, -0.40853 ], [ 37.03218, -0.40841 ], [ 37.03226, -0.40822 ], [ 37.03232, -0.4081 ], [ 37.03243, -0.40784 ], [ 37.03252, -0.4077 ], [ 37.03253, -0.40768 ], [ 37.0326, -0.40752 ], [ 37.03282, -0.40725 ], [ 37.033, -0.40715 ], [ 37.03314, -0.4071 ], [ 37.0333, -0.40712 ], [ 37.03346, -0.40724 ], [ 37.03362, -0.40749 ], [ 37.03375, -0.40781 ], [ 37.03382, -0.4083 ], [ 37.03381, -0.40868 ], [ 37.03375, -0.40897 ], [ 37.03361, -0.40923 ], [ 37.0336, -0.40924 ], [ 37.03359, -0.40929 ], [ 37.03351, -0.40939 ], [ 37.03342, -0.40954 ], [ 37.03314, -0.40976 ], [ 37.03297, -0.40989 ], [ 37.03294, -0.40995 ], [ 37.03287, -0.41005 ], [ 37.03286, -0.41016 ], [ 37.03296, -0.41031 ], [ 37.03308, -0.41051 ], [ 37.03319, -0.41067 ], [ 37.0333, -0.4108 ], [ 37.03344, -0.41097 ], [ 37.0336, -0.41108 ], [ 37.03371, -0.41113 ], [ 37.03389, -0.41113 ], [ 37.03406, -0.41101 ], [ 37.03425, -0.41087 ], [ 37.03444, -0.41073 ], [ 37.03459, -0.41057 ], [ 37.03481, -0.41045 ], [ 37.03496, -0.41035 ], [ 37.03514, -0.41025 ], [ 37.0353, -0.41029 ], [ 37.03539, -0.41038 ], [ 37.03548, -0.41054 ], [ 37.03555, -0.41067 ], [ 37.03559, -0.41078 ], [ 37.03572, -0.41101 ], [ 37.03575, -0.41112 ], [ 37.03583, -0.41126 ], [ 37.03587, -0.41138 ], [ 37.03584, -0.4115 ], [ 37.03583, -0.41152 ], [ 37.03579, -0.41162 ], [ 37.03569, -0.41168 ], [ 37.03555, -0.4117 ], [ 37.0353, -0.4117 ], [ 37.03491, -0.41171 ], [ 37.03475, -0.41176 ], [ 37.03464, -0.41185 ], [ 37.03454, -0.41199 ], [ 37.0345, -0.41205 ], [ 37.03449, -0.41222 ], [ 37.03459, -0.4124 ], [ 37.03476, -0.41248 ], [ 37.03494, -0.41251 ], [ 37.03523, -0.41251 ], [ 37.03551, -0.41253 ], [ 37.03567, -0.4125 ], [ 37.03592, -0.41244 ], [ 37.03619, -0.4124 ], [ 37.03642, -0.41238 ], [ 37.03664, -0.4124 ], [ 37.03688, -0.41246 ], [ 37.03701, -0.41252 ], [ 37.03717, -0.4126 ], [ 37.03728, -0.41274 ], [ 37.03736, -0.41294 ], [ 37.03741, -0.41304 ], [ 37.03744, -0.41319 ], [ 37.03745, -0.41332 ], [ 37.03745, -0.41347 ], [ 37.03745, -0.41372 ], [ 37.03743, -0.41386 ], [ 37.03742, -0.41397 ], [ 37.03742, -0.414 ], [ 37.03736, -0.41411 ], [ 37.03725, -0.41421 ], [ 37.03702, -0.41434 ], [ 37.03693, -0.41437 ], [ 37.03672, -0.41444 ], [ 37.03672, -0.41444 ], [ 37.0367, -0.41446 ], [ 37.03664, -0.41457 ], [ 37.03656, -0.41473 ], [ 37.03651, -0.41487 ], [ 37.0365, -0.41491 ], [ 37.03645, -0.41513 ], [ 37.03653, -0.41551 ], [ 37.03658, -0.41561 ], [ 37.03665, -0.41568 ], [ 37.03677, -0.41577 ], [ 37.03697, -0.41581 ], [ 37.03709, -0.41577 ], [ 37.03719, -0.4157 ], [ 37.03728, -0.41556 ], [ 37.0373, -0.41554 ], [ 37.0373, -0.41552 ], [ 37.03738, -0.41527 ], [ 37.03748, -0.41508 ], [ 37.03769, -0.4149 ], [ 37.03785, -0.41484 ], [ 37.03808, -0.41484 ], [ 37.03828, -0.41489 ], [ 37.03852, -0.41502 ], [ 37.03893, -0.41533 ], [ 37.03918, -0.4156 ], [ 37.0394, -0.41593 ], [ 37.0394, -0.41611 ], [ 37.03934, -0.41632 ], [ 37.03921, -0.41651 ], [ 37.0392, -0.41653 ], [ 37.03914, -0.41665 ], [ 37.03893, -0.41687 ], [ 37.03879, -0.41701 ], [ 37.03867, -0.41713 ], [ 37.03866, -0.41714 ], [ 37.03866, -0.41716 ], [ 37.03865, -0.41736 ], [ 37.03864, -0.41748 ], [ 37.03865, -0.41767 ], [ 37.03873, -0.41781 ], [ 37.03891, -0.41791 ], [ 37.03911, -0.41784 ], [ 37.03915, -0.41776 ], [ 37.03916, -0.41773 ], [ 37.0392, -0.41751 ], [ 37.03921, -0.41734 ], [ 37.0392, -0.41728 ], [ 37.03919, -0.41712 ], [ 37.03924, -0.417 ], [ 37.03925, -0.41699 ], [ 37.0394, -0.41691 ], [ 37.03952, -0.41691 ], [ 37.03966, -0.41691 ], [ 37.03984, -0.41707 ], [ 37.03993, -0.4171 ], [ 37.04007, -0.41713 ], [ 37.04018, -0.41713 ], [ 37.0403, -0.41716 ], [ 37.04038, -0.41723 ], [ 37.04042, -0.41733 ], [ 37.04052, -0.41755 ], [ 37.04055, -0.41768 ], [ 37.04055, -0.41793 ], [ 37.04055, -0.41795 ], [ 37.04053, -0.41815 ], [ 37.04044, -0.41834 ], [ 37.04041, -0.41849 ], [ 37.04024, -0.41865 ], [ 37.04012, -0.41878 ], [ 37.04002, -0.41886 ], [ 37.03978, -0.41902 ], [ 37.03964, -0.41915 ], [ 37.03938, -0.41932 ], [ 37.03926, -0.41952 ], [ 37.03921, -0.41963 ], [ 37.03921, -0.41964 ], [ 37.03921, -0.41977 ], [ 37.03927, -0.41989 ], [ 37.0394, -0.41998 ], [ 37.03959, -0.41998 ], [ 37.03977, -0.41998 ], [ 37.03995, -0.42001 ], [ 37.04009, -0.42004 ], [ 37.04021, -0.42011 ], [ 37.04022, -0.42012 ], [ 37.04024, -0.42027 ], [ 37.04018, -0.42031 ], [ 37.04, -0.42031 ], [ 37.03987, -0.4203 ], [ 37.03968, -0.4203 ], [ 37.03952, -0.4203 ], [ 37.03938, -0.42032 ], [ 37.0393, -0.42034 ], [ 37.03925, -0.42035 ], [ 37.03923, -0.42039 ], [ 37.03914, -0.42052 ], [ 37.03911, -0.42065 ], [ 37.03912, -0.4208 ], [ 37.03913, -0.42086 ], [ 37.03921, -0.42103 ], [ 37.03936, -0.42122 ], [ 37.03948, -0.42142 ], [ 37.03964, -0.42163 ], [ 37.03984, -0.42187 ], [ 37.03989, -0.42193 ], [ 37.03997, -0.42202 ], [ 37.0401, -0.42211 ], [ 37.0401, -0.42211 ], [ 37.04012, -0.42212 ], [ 37.04026, -0.42217 ], [ 37.04041, -0.42221 ], [ 37.04078, -0.42234 ], [ 37.04089, -0.42247 ], [ 37.0409, -0.42248 ], [ 37.04098, -0.4226 ], [ 37.04102, -0.42279 ], [ 37.04103, -0.42303 ], [ 37.04102, -0.42328 ], [ 37.04099, -0.42346 ], [ 37.04096, -0.42362 ], [ 37.04095, -0.42375 ], [ 37.04092, -0.424 ], [ 37.04088, -0.42412 ], [ 37.0408, -0.42423 ], [ 37.04074, -0.42439 ], [ 37.04063, -0.42455 ], [ 37.04059, -0.4246 ], [ 37.04054, -0.42482 ], [ 37.04051, -0.42507 ], [ 37.04051, -0.42527 ], [ 37.04051, -0.42531 ], [ 37.0406, -0.42546 ], [ 37.04078, -0.42567 ], [ 37.04091, -0.42582 ], [ 37.04094, -0.42585 ], [ 37.04105, -0.42596 ], [ 37.04114, -0.42608 ], [ 37.04126, -0.42624 ], [ 37.04126, -0.42624 ], [ 37.04123, -0.42639 ], [ 37.04149, -0.42644 ], [ 37.04177, -0.42652 ], [ 37.04189, -0.4265 ], [ 37.04205, -0.42642 ], [ 37.04225, -0.42621 ], [ 37.04237, -0.42611 ], [ 37.04243, -0.42604 ], [ 37.04259, -0.4259 ], [ 37.04263, -0.42587 ], [ 37.04271, -0.42585 ], [ 37.04272, -0.42585 ], [ 37.04288, -0.42581 ], [ 37.04315, -0.42585 ], [ 37.04317, -0.42586 ], [ 37.04334, -0.42592 ], [ 37.04349, -0.42591 ], [ 37.04374, -0.42581 ], [ 37.04396, -0.4258 ], [ 37.04417, -0.4258 ], [ 37.04437, -0.42584 ], [ 37.04455, -0.42585 ], [ 37.04471, -0.42595 ], [ 37.04486, -0.42615 ], [ 37.04499, -0.42638 ], [ 37.04508, -0.42653 ], [ 37.0451, -0.42658 ], [ 37.04514, -0.42669 ], [ 37.04516, -0.42698 ], [ 37.04516, -0.42721 ], [ 37.04506, -0.42736 ], [ 37.04503, -0.42741 ], [ 37.04488, -0.42756 ], [ 37.04472, -0.42758 ], [ 37.04452, -0.42765 ], [ 37.04433, -0.42767 ], [ 37.04417, -0.42772 ], [ 37.04413, -0.42775 ], [ 37.04412, -0.42777 ], [ 37.04412, -0.42778 ], [ 37.04405, -0.42814 ], [ 37.04398, -0.4286 ], [ 37.04398, -0.42895 ], [ 37.04403, -0.42915 ], [ 37.04417, -0.42926 ], [ 37.04422, -0.4293 ], [ 37.04455, -0.42944 ], [ 37.04507, -0.42955 ], [ 37.04572, -0.4297 ], [ 37.04628, -0.42989 ], [ 37.04675, -0.43005 ], [ 37.04712, -0.43025 ], [ 37.04729, -0.43041 ], [ 37.04744, -0.43059 ], [ 37.04744, -0.43082 ], [ 37.04735, -0.43107 ], [ 37.04721, -0.43131 ], [ 37.04705, -0.43146 ], [ 37.04685, -0.43158 ], [ 37.04672, -0.43165 ], [ 37.04671, -0.43166 ], [ 37.0464, -0.43191 ], [ 37.04632, -0.43202 ], [ 37.04625, -0.43213 ], [ 37.04625, -0.43232 ], [ 37.04625, -0.43235 ], [ 37.0462, -0.43266 ], [ 37.04612, -0.4328 ], [ 37.04612, -0.43298 ], [ 37.04618, -0.4333 ], [ 37.04628, -0.43365 ], [ 37.0464, -0.43398 ], [ 37.04647, -0.43417 ], [ 37.04648, -0.4343 ], [ 37.04649, -0.43437 ], [ 37.04645, -0.43454 ], [ 37.04635, -0.4347 ], [ 37.04632, -0.43475 ], [ 37.04629, -0.43481 ], [ 37.04624, -0.43496 ], [ 37.0461, -0.43516 ], [ 37.04608, -0.4352 ], [ 37.04601, -0.43533 ], [ 37.04602, -0.43557 ], [ 37.04618, -0.43577 ], [ 37.04638, -0.43589 ], [ 37.04652, -0.43597 ], [ 37.04672, -0.43605 ], [ 37.04688, -0.43614 ], [ 37.04695, -0.43627 ], [ 37.04693, -0.43651 ], [ 37.04696, -0.43661 ], [ 37.04702, -0.4368 ], [ 37.0471, -0.43693 ], [ 37.04724, -0.437 ], [ 37.04745, -0.43707 ], [ 37.04771, -0.43709 ], [ 37.0479, -0.43711 ], [ 37.04809, -0.43721 ], [ 37.04823, -0.43736 ], [ 37.04836, -0.43758 ], [ 37.04835, -0.43776 ], [ 37.04831, -0.43791 ], [ 37.0482, -0.43814 ], [ 37.04819, -0.43816 ], [ 37.04818, -0.43822 ], [ 37.04809, -0.4384 ], [ 37.04808, -0.43843 ], [ 37.04805, -0.43881 ], [ 37.04807, -0.43903 ], [ 37.0482, -0.43927 ], [ 37.04841, -0.43985 ], [ 37.04846, -0.43998 ], [ 37.04849, -0.44004 ], [ 37.04855, -0.44013 ], [ 37.04856, -0.44031 ], [ 37.0486, -0.44063 ], [ 37.04863, -0.44098 ], [ 37.04867, -0.44126 ], [ 37.04868, -0.44129 ], [ 37.04869, -0.44151 ], [ 37.04873, -0.44171 ], [ 37.04876, -0.44201 ], [ 37.04876, -0.44203 ], [ 37.04876, -0.44229 ], [ 37.04876, -0.4425 ], [ 37.04877, -0.44297 ], [ 37.04877, -0.443 ], [ 37.04877, -0.44333 ], [ 37.04877, -0.44344 ], [ 37.04877, -0.44369 ], [ 37.04865, -0.44387 ], [ 37.04842, -0.44388 ], [ 37.04813, -0.44383 ], [ 37.04793, -0.44371 ], [ 37.04779, -0.44342 ], [ 37.04778, -0.44323 ], [ 37.04759, -0.44294 ], [ 37.04739, -0.44277 ], [ 37.04724, -0.44273 ], [ 37.04706, -0.44272 ], [ 37.04685, -0.44272 ], [ 37.04654, -0.4428 ], [ 37.04599, -0.44284 ], [ 37.04571, -0.44289 ], [ 37.04547, -0.44317 ], [ 37.04546, -0.44317 ], [ 37.04546, -0.44319 ], [ 37.04546, -0.44341 ], [ 37.04542, -0.4436 ], [ 37.04529, -0.44367 ], [ 37.04515, -0.44372 ], [ 37.04489, -0.44394 ], [ 37.04481, -0.44406 ], [ 37.04478, -0.44421 ], [ 37.04477, -0.44443 ], [ 37.0447, -0.44464 ], [ 37.04468, -0.44468 ], [ 37.04465, -0.44481 ], [ 37.04458, -0.44499 ], [ 37.04442, -0.44514 ], [ 37.04428, -0.44528 ], [ 37.04422, -0.44543 ], [ 37.04389, -0.4456 ], [ 37.04375, -0.44575 ], [ 37.04328, -0.44578 ], [ 37.04327, -0.44577 ], [ 37.04324, -0.44565 ], [ 37.04301, -0.44561 ], [ 37.04273, -0.44549 ], [ 37.04246, -0.44524 ], [ 37.04224, -0.44516 ], [ 37.04206, -0.44515 ], [ 37.04204, -0.44515 ], [ 37.04183, -0.44518 ], [ 37.04176, -0.44519 ], [ 37.04157, -0.44532 ], [ 37.04149, -0.44539 ], [ 37.04149, -0.44539 ], [ 37.04134, -0.44552 ], [ 37.04132, -0.44555 ], [ 37.04116, -0.44575 ], [ 37.04116, -0.44599 ], [ 37.04142, -0.44603 ], [ 37.04157, -0.44603 ], [ 37.04172, -0.44603 ], [ 37.04186, -0.44603 ], [ 37.04205, -0.44612 ], [ 37.04217, -0.44618 ], [ 37.04234, -0.44632 ], [ 37.0425, -0.44653 ], [ 37.04259, -0.44668 ], [ 37.04265, -0.44682 ], [ 37.04265, -0.44701 ], [ 37.04261, -0.44718 ], [ 37.04261, -0.44718 ], [ 37.04253, -0.4474 ], [ 37.04248, -0.44756 ], [ 37.04241, -0.44763 ], [ 37.04244, -0.44786 ], [ 37.04257, -0.44806 ], [ 37.04271, -0.44827 ], [ 37.04287, -0.44846 ], [ 37.04302, -0.44863 ], [ 37.04313, -0.44877 ], [ 37.04337, -0.44902 ], [ 37.04355, -0.44927 ], [ 37.0437, -0.44946 ], [ 37.04383, -0.4496 ], [ 37.044, -0.44981 ], [ 37.04412, -0.44994 ], [ 37.04438, -0.45035 ], [ 37.0445, -0.45054 ], [ 37.04457, -0.45071 ], [ 37.04469, -0.45095 ], [ 37.04483, -0.45131 ], [ 37.04493, -0.45152 ], [ 37.04505, -0.45176 ], [ 37.04517, -0.45191 ], [ 37.04526, -0.45204 ], [ 37.04534, -0.4522 ], [ 37.04537, -0.45233 ], [ 37.04538, -0.45242 ], [ 37.04538, -0.45245 ], [ 37.04539, -0.45253 ], [ 37.0454, -0.45258 ], [ 37.0454, -0.45258 ], [ 37.04543, -0.45274 ], [ 37.04543, -0.45274 ], [ 37.04549, -0.45285 ], [ 37.04565, -0.45304 ], [ 37.04567, -0.45306 ], [ 37.04579, -0.45317 ], [ 37.04581, -0.45319 ], [ 37.04594, -0.45328 ], [ 37.04607, -0.4533 ], [ 37.04637, -0.4533 ], [ 37.04654, -0.45329 ], [ 37.04668, -0.45328 ], [ 37.04683, -0.45326 ], [ 37.04696, -0.45328 ], [ 37.04714, -0.45337 ], [ 37.04736, -0.45354 ], [ 37.04757, -0.45369 ], [ 37.0476, -0.45372 ], [ 37.04768, -0.45378 ], [ 37.04775, -0.45388 ], [ 37.0478, -0.45392 ], [ 37.04818, -0.45433 ], [ 37.04853, -0.45467 ], [ 37.04879, -0.45495 ], [ 37.04894, -0.45521 ], [ 37.049, -0.45554 ], [ 37.04898, -0.4558 ], [ 37.04885, -0.45603 ], [ 37.04884, -0.45604 ], [ 37.04882, -0.45612 ], [ 37.04871, -0.45632 ], [ 37.04855, -0.45644 ], [ 37.0484, -0.45653 ], [ 37.04819, -0.45655 ], [ 37.04797, -0.45659 ], [ 37.04774, -0.4566 ], [ 37.04749, -0.4566 ], [ 37.04736, -0.45659 ], [ 37.04716, -0.45656 ], [ 37.04716, -0.45656 ], [ 37.04708, -0.45666 ], [ 37.04717, -0.45682 ], [ 37.04725, -0.45692 ], [ 37.04741, -0.45711 ], [ 37.04751, -0.45728 ], [ 37.04765, -0.4574 ], [ 37.04765, -0.4574 ], [ 37.0478, -0.45755 ], [ 37.04794, -0.45772 ], [ 37.04794, -0.45772 ], [ 37.04802, -0.45781 ], [ 37.04814, -0.45794 ], [ 37.04823, -0.45808 ], [ 37.04837, -0.45822 ], [ 37.04851, -0.45842 ], [ 37.04869, -0.45859 ], [ 37.04891, -0.45883 ], [ 37.04908, -0.459 ], [ 37.0493, -0.45925 ], [ 37.04941, -0.45939 ], [ 37.04954, -0.45956 ], [ 37.04966, -0.45968 ], [ 37.04986, -0.45997 ], [ 37.04998, -0.46017 ], [ 37.05003, -0.46034 ], [ 37.05004, -0.46038 ], [ 37.05005, -0.46053 ], [ 37.05005, -0.46068 ], [ 37.05005, -0.46087 ], [ 37.05004, -0.46111 ], [ 37.05001, -0.46134 ], [ 37.04996, -0.4615 ], [ 37.04991, -0.46176 ], [ 37.04991, -0.46202 ], [ 37.04992, -0.46249 ], [ 37.04992, -0.46262 ], [ 37.04995, -0.46297 ], [ 37.04995, -0.46329 ], [ 37.04995, -0.46334 ], [ 37.0499, -0.46342 ], [ 37.04975, -0.46351 ], [ 37.04958, -0.46355 ], [ 37.04922, -0.46368 ], [ 37.04888, -0.46387 ], [ 37.04877, -0.46395 ], [ 37.04861, -0.46402 ], [ 37.0485, -0.46419 ], [ 37.04849, -0.46426 ], [ 37.04865, -0.46447 ], [ 37.04895, -0.46461 ], [ 37.04926, -0.46469 ], [ 37.0497, -0.46473 ], [ 37.04998, -0.46471 ], [ 37.0502, -0.46466 ], [ 37.05046, -0.4646 ], [ 37.0506, -0.46453 ], [ 37.05083, -0.46457 ], [ 37.05091, -0.46467 ], [ 37.05096, -0.46473 ], [ 37.05105, -0.46492 ], [ 37.0511, -0.4651 ], [ 37.05117, -0.46528 ], [ 37.05121, -0.46536 ], [ 37.05134, -0.46554 ], [ 37.05163, -0.46579 ], [ 37.05186, -0.46604 ], [ 37.05204, -0.46629 ], [ 37.05215, -0.4665 ], [ 37.05228, -0.46669 ], [ 37.05235, -0.46692 ], [ 37.05235, -0.46704 ], [ 37.05236, -0.46711 ], [ 37.05236, -0.46732 ], [ 37.05221, -0.46769 ], [ 37.05209, -0.46784 ], [ 37.05193, -0.46803 ], [ 37.05175, -0.46824 ], [ 37.05157, -0.46843 ], [ 37.05138, -0.46863 ], [ 37.05112, -0.46889 ], [ 37.05088, -0.46915 ], [ 37.05066, -0.46934 ], [ 37.05047, -0.46943 ], [ 37.0503, -0.46953 ], [ 37.05012, -0.46962 ], [ 37.04991, -0.46963 ], [ 37.04948, -0.46965 ], [ 37.04913, -0.46982 ], [ 37.04894, -0.46993 ], [ 37.04868, -0.47006 ], [ 37.04848, -0.47019 ], [ 37.04825, -0.47035 ], [ 37.04823, -0.47037 ], [ 37.04823, -0.47038 ], [ 37.04815, -0.47054 ], [ 37.048, -0.47123 ], [ 37.048, -0.47123 ], [ 37.04799, -0.47124 ], [ 37.04799, -0.47124 ], [ 37.04792, -0.47142 ], [ 37.04787, -0.47155 ], [ 37.04781, -0.47183 ], [ 37.04781, -0.47215 ], [ 37.04788, -0.47241 ], [ 37.04803, -0.4726 ], [ 37.04826, -0.47287 ], [ 37.04852, -0.47311 ], [ 37.04884, -0.47333 ], [ 37.04923, -0.47353 ], [ 37.04976, -0.47374 ], [ 37.0502, -0.47384 ], [ 37.05065, -0.47385 ], [ 37.05114, -0.47383 ], [ 37.05153, -0.47374 ], [ 37.05189, -0.47369 ], [ 37.05223, -0.47362 ], [ 37.05259, -0.47347 ], [ 37.05273, -0.47338 ], [ 37.05287, -0.47305 ], [ 37.05297, -0.47285 ], [ 37.05305, -0.47262 ], [ 37.05309, -0.47226 ], [ 37.05308, -0.47195 ], [ 37.05309, -0.47172 ], [ 37.05317, -0.47161 ], [ 37.05323, -0.47152 ], [ 37.05355, -0.47118 ], [ 37.05385, -0.47093 ], [ 37.05401, -0.47084 ], [ 37.0542, -0.47083 ], [ 37.05448, -0.47085 ], [ 37.0546, -0.47093 ], [ 37.05473, -0.47113 ], [ 37.05484, -0.47138 ], [ 37.05487, -0.47168 ], [ 37.05487, -0.47169 ], [ 37.0549, -0.47189 ], [ 37.0549, -0.47191 ], [ 37.05493, -0.47212 ], [ 37.05501, -0.47247 ], [ 37.05501, -0.47247 ], [ 37.05503, -0.47251 ], [ 37.05505, -0.47258 ], [ 37.05508, -0.47273 ], [ 37.05515, -0.47288 ], [ 37.05519, -0.47293 ], [ 37.05522, -0.47295 ], [ 37.05524, -0.47302 ], [ 37.05532, -0.47322 ], [ 37.05533, -0.47342 ], [ 37.05533, -0.47363 ], [ 37.05527, -0.47374 ], [ 37.05527, -0.47377 ], [ 37.05526, -0.47378 ], [ 37.0551, -0.4739 ], [ 37.05483, -0.4739 ], [ 37.05462, -0.47384 ], [ 37.05448, -0.4738 ], [ 37.05414, -0.47378 ], [ 37.05408, -0.47384 ], [ 37.05377, -0.47418 ], [ 37.05355, -0.47438 ], [ 37.05337, -0.47457 ], [ 37.05325, -0.47472 ], [ 37.05317, -0.47485 ], [ 37.05314, -0.47481 ], [ 37.05305, -0.47493 ], [ 37.0527, -0.4754 ], [ 37.05224, -0.47594 ], [ 37.05189, -0.47625 ], [ 37.05152, -0.4766 ], [ 37.05106, -0.47704 ], [ 37.05065, -0.47753 ], [ 37.0503, -0.478 ], [ 37.05007, -0.47847 ], [ 37.05005, -0.47852 ], [ 37.04992, -0.4788 ], [ 37.04986, -0.47892 ], [ 37.04969, -0.47937 ], [ 37.04961, -0.47954 ], [ 37.04947, -0.47981 ], [ 37.04928, -0.48016 ], [ 37.04914, -0.48048 ], [ 37.04909, -0.48074 ], [ 37.0491, -0.481 ], [ 37.0491, -0.4812 ], [ 37.04915, -0.48132 ], [ 37.04928, -0.48147 ], [ 37.04946, -0.4816 ], [ 37.04965, -0.48171 ], [ 37.04992, -0.4818 ], [ 37.05005, -0.48185 ], [ 37.05022, -0.48183 ], [ 37.05046, -0.48178 ], [ 37.0506, -0.48173 ], [ 37.05066, -0.48165 ], [ 37.05085, -0.48127 ], [ 37.05101, -0.48103 ], [ 37.05115, -0.48089 ], [ 37.05141, -0.48073 ], [ 37.0517, -0.48072 ], [ 37.05189, -0.4808 ], [ 37.05201, -0.48088 ], [ 37.05213, -0.48103 ], [ 37.0522, -0.48118 ], [ 37.05226, -0.48137 ], [ 37.05242, -0.48151 ], [ 37.05249, -0.48163 ], [ 37.0525, -0.48177 ], [ 37.05253, -0.48202 ], [ 37.05252, -0.48216 ], [ 37.05241, -0.48235 ], [ 37.05208, -0.48265 ], [ 37.05185, -0.48288 ], [ 37.05164, -0.48321 ], [ 37.0516, -0.48337 ], [ 37.05157, -0.48352 ], [ 37.05152, -0.48399 ], [ 37.05151, -0.48459 ], [ 37.05148, -0.48475 ], [ 37.05144, -0.48495 ], [ 37.05132, -0.48513 ], [ 37.0511, -0.48523 ], [ 37.05087, -0.48525 ], [ 37.05065, -0.48526 ], [ 37.05038, -0.48527 ], [ 37.05033, -0.48528 ], [ 37.05014, -0.48532 ], [ 37.04979, -0.48545 ], [ 37.04922, -0.48566 ], [ 37.04849, -0.48598 ], [ 37.04776, -0.48623 ], [ 37.04691, -0.48659 ], [ 37.04643, -0.48677 ], [ 37.04612, -0.48695 ], [ 37.04603, -0.48709 ], [ 37.04595, -0.48688 ], [ 37.04582, -0.48668 ], [ 37.04572, -0.48652 ], [ 37.04568, -0.48625 ], [ 37.04568, -0.48605 ], [ 37.04568, -0.48586 ], [ 37.04568, -0.48573 ], [ 37.04568, -0.48561 ], [ 37.0456, -0.4855 ], [ 37.04549, -0.48539 ], [ 37.04525, -0.48532 ], [ 37.04505, -0.48526 ], [ 37.04485, -0.48514 ], [ 37.04469, -0.48504 ], [ 37.04449, -0.48511 ], [ 37.04449, -0.48532 ], [ 37.04449, -0.48543 ], [ 37.04433, -0.48576 ], [ 37.04412, -0.48581 ], [ 37.04396, -0.48563 ], [ 37.04399, -0.48536 ], [ 37.04401, -0.48512 ], [ 37.04401, -0.4845 ], [ 37.04401, -0.48417 ], [ 37.04376, -0.48409 ], [ 37.04365, -0.48408 ], [ 37.04365, -0.48397 ], [ 37.04362, -0.48381 ], [ 37.04348, -0.48349 ], [ 37.04341, -0.48341 ], [ 37.04332, -0.48341 ], [ 37.04316, -0.48358 ], [ 37.0431, -0.48398 ], [ 37.04296, -0.48421 ], [ 37.04278, -0.48442 ], [ 37.04262, -0.48455 ], [ 37.04232, -0.4846 ], [ 37.04213, -0.4846 ], [ 37.04187, -0.48461 ], [ 37.04163, -0.4846 ], [ 37.0415, -0.48457 ], [ 37.04134, -0.48449 ], [ 37.04119, -0.48435 ], [ 37.04104, -0.48417 ], [ 37.04064, -0.48396 ], [ 37.04033, -0.48395 ], [ 37.04013, -0.48395 ], [ 37.03994, -0.48389 ], [ 37.03994, -0.48373 ], [ 37.03987, -0.48343 ], [ 37.03987, -0.48329 ], [ 37.03995, -0.48311 ], [ 37.04014, -0.48303 ], [ 37.04017, -0.48282 ], [ 37.04016, -0.48262 ], [ 37.04005, -0.48253 ], [ 37.03991, -0.48243 ], [ 37.03963, -0.48228 ], [ 37.03947, -0.48213 ], [ 37.03908, -0.48186 ], [ 37.03886, -0.48172 ], [ 37.03869, -0.48166 ], [ 37.03845, -0.48168 ], [ 37.0383, -0.48173 ], [ 37.03812, -0.48185 ], [ 37.03799, -0.48196 ], [ 37.03799, -0.48196 ], [ 37.03799, -0.48196 ], [ 37.03799, -0.48196 ], [ 37.03777, -0.48186 ], [ 37.03754, -0.48184 ], [ 37.03733, -0.48184 ], [ 37.03722, -0.48184 ], [ 37.03708, -0.48174 ], [ 37.03699, -0.48164 ], [ 37.0369, -0.4815 ], [ 37.03671, -0.4812 ], [ 37.03661, -0.48097 ], [ 37.0365, -0.48071 ], [ 37.03641, -0.48049 ], [ 37.03647, -0.48038 ], [ 37.03667, -0.48033 ], [ 37.0368, -0.48033 ], [ 37.03698, -0.48038 ], [ 37.03704, -0.48035 ], [ 37.0371, -0.48013 ], [ 37.03708, -0.47977 ], [ 37.03712, -0.47905 ], [ 37.03711, -0.47892 ], [ 37.03704, -0.47866 ], [ 37.03694, -0.47842 ], [ 37.03682, -0.47815 ], [ 37.0366, -0.47784 ], [ 37.03642, -0.47761 ], [ 37.03627, -0.47743 ], [ 37.03616, -0.47737 ], [ 37.03593, -0.47753 ], [ 37.03577, -0.47765 ], [ 37.03548, -0.47781 ], [ 37.03532, -0.47782 ], [ 37.03517, -0.4778 ], [ 37.03509, -0.47768 ], [ 37.03502, -0.47764 ], [ 37.03478, -0.47764 ], [ 37.03458, -0.47764 ], [ 37.03438, -0.47755 ], [ 37.03427, -0.47741 ], [ 37.03409, -0.47718 ], [ 37.03357, -0.47664 ], [ 37.03329, -0.47627 ], [ 37.03287, -0.47604 ], [ 37.03268, -0.47584 ], [ 37.03247, -0.4757 ], [ 37.03228, -0.47561 ], [ 37.03197, -0.47554 ], [ 37.03176, -0.47553 ], [ 37.03161, -0.47536 ], [ 37.0315, -0.47521 ], [ 37.03149, -0.47509 ], [ 37.03156, -0.47492 ], [ 37.03164, -0.47481 ], [ 37.03165, -0.47469 ], [ 37.03161, -0.47449 ], [ 37.03158, -0.47423 ], [ 37.03152, -0.47403 ], [ 37.03136, -0.47386 ], [ 37.03118, -0.47369 ], [ 37.03101, -0.47333 ], [ 37.03099, -0.47304 ], [ 37.03099, -0.47268 ], [ 37.031, -0.47248 ], [ 37.031, -0.47223 ], [ 37.03097, -0.4721 ], [ 37.0309, -0.47203 ], [ 37.03073, -0.47195 ], [ 37.03062, -0.47192 ], [ 37.0305, -0.47183 ], [ 37.03051, -0.47166 ], [ 37.03053, -0.47155 ], [ 37.03063, -0.47142 ], [ 37.0307, -0.4713 ], [ 37.03072, -0.47116 ], [ 37.03063, -0.47101 ], [ 37.03049, -0.47089 ], [ 37.0304, -0.4708 ], [ 37.03029, -0.47072 ], [ 37.03005, -0.47057 ], [ 37.02994, -0.47052 ], [ 37.02978, -0.47042 ], [ 37.02965, -0.4703 ], [ 37.02959, -0.47018 ], [ 37.02951, -0.47005 ], [ 37.02945, -0.4699 ], [ 37.0294, -0.46986 ], [ 37.02928, -0.4699 ], [ 37.02918, -0.46998 ], [ 37.02907, -0.47002 ], [ 37.02892, -0.46999 ], [ 37.02877, -0.4699 ], [ 37.02855, -0.46985 ], [ 37.02837, -0.46985 ], [ 37.02817, -0.46985 ], [ 37.02794, -0.46983 ], [ 37.02775, -0.46981 ], [ 37.02765, -0.46989 ], [ 37.02757, -0.47 ], [ 37.02749, -0.47002 ], [ 37.02733, -0.47008 ], [ 37.0271, -0.47012 ], [ 37.02694, -0.47013 ], [ 37.02682, -0.47019 ], [ 37.02671, -0.4703 ], [ 37.02655, -0.47047 ], [ 37.02643, -0.47064 ], [ 37.02633, -0.47069 ], [ 37.02611, -0.47071 ], [ 37.02597, -0.47071 ], [ 37.02586, -0.47066 ], [ 37.02569, -0.47065 ], [ 37.02556, -0.47066 ], [ 37.02539, -0.4708 ], [ 37.02521, -0.47089 ], [ 37.02496, -0.47091 ], [ 37.02477, -0.47091 ], [ 37.02469, -0.47085 ], [ 37.0246, -0.47068 ], [ 37.02457, -0.47059 ], [ 37.02457, -0.47047 ], [ 37.02457, -0.4703 ], [ 37.02454, -0.47008 ], [ 37.02454, -0.46993 ], [ 37.02455, -0.46978 ], [ 37.02456, -0.46964 ], [ 37.02452, -0.46949 ], [ 37.02448, -0.46926 ], [ 37.02437, -0.46896 ], [ 37.02436, -0.46871 ], [ 37.02435, -0.46848 ], [ 37.02435, -0.46826 ], [ 37.02435, -0.46812 ], [ 37.02432, -0.46795 ], [ 37.02425, -0.46776 ], [ 37.02419, -0.46766 ], [ 37.02406, -0.46756 ], [ 37.02391, -0.46757 ], [ 37.02379, -0.46761 ], [ 37.0236, -0.46779 ], [ 37.02351, -0.46798 ], [ 37.0234, -0.46821 ], [ 37.0233, -0.46833 ], [ 37.02318, -0.4686 ], [ 37.02314, -0.46868 ], [ 37.02297, -0.46886 ], [ 37.02287, -0.46887 ], [ 37.02269, -0.46884 ], [ 37.02242, -0.46871 ], [ 37.02225, -0.46871 ], [ 37.02208, -0.46877 ], [ 37.02196, -0.46888 ], [ 37.02182, -0.46908 ], [ 37.02164, -0.46932 ], [ 37.02146, -0.4695 ], [ 37.02135, -0.4696 ], [ 37.0212, -0.46971 ], [ 37.02092, -0.46988 ], [ 37.02064, -0.46981 ], [ 37.02042, -0.46971 ], [ 37.02015, -0.46967 ], [ 37.01988, -0.46961 ], [ 37.01953, -0.46959 ], [ 37.01934, -0.4696 ], [ 37.0192, -0.46972 ], [ 37.01914, -0.46997 ], [ 37.01914, -0.4701 ], [ 37.01917, -0.47021 ], [ 37.01919, -0.47037 ], [ 37.01927, -0.47051 ], [ 37.01938, -0.47072 ], [ 37.01936, -0.47088 ], [ 37.01927, -0.471 ], [ 37.01907, -0.47109 ], [ 37.01894, -0.47109 ], [ 37.01882, -0.47109 ], [ 37.01865, -0.47115 ], [ 37.01843, -0.4713 ], [ 37.01832, -0.4714 ], [ 37.0182, -0.47146 ], [ 37.01792, -0.4716 ], [ 37.01769, -0.47174 ], [ 37.01758, -0.47168 ], [ 37.0175, -0.4716 ], [ 37.0174, -0.47153 ], [ 37.01721, -0.47154 ], [ 37.01712, -0.47165 ], [ 37.01704, -0.47187 ], [ 37.01695, -0.47209 ], [ 37.01691, -0.47221 ], [ 37.01677, -0.47227 ], [ 37.01662, -0.47228 ], [ 37.01641, -0.47231 ], [ 37.01619, -0.47235 ], [ 37.01584, -0.47254 ], [ 37.01573, -0.47261 ], [ 37.01551, -0.47271 ], [ 37.01536, -0.4728 ], [ 37.0152, -0.47303 ], [ 37.01503, -0.47321 ], [ 37.01481, -0.47341 ], [ 37.01472, -0.47347 ], [ 37.01463, -0.47353 ], [ 37.01442, -0.4737 ], [ 37.01428, -0.47376 ], [ 37.0141, -0.47379 ], [ 37.01382, -0.47384 ], [ 37.01371, -0.47385 ], [ 37.01349, -0.47385 ], [ 37.01323, -0.47387 ], [ 37.01298, -0.47384 ], [ 37.01275, -0.47385 ], [ 37.01255, -0.47386 ], [ 37.0124, -0.47384 ], [ 37.0118, -0.47366 ], [ 37.01127, -0.47348 ], [ 37.01112, -0.47348 ], [ 37.0109, -0.4735 ], [ 37.0107, -0.4735 ], [ 37.01047, -0.47344 ], [ 37.01031, -0.47335 ], [ 37.01014, -0.47318 ], [ 37.01002, -0.4731 ], [ 37.00985, -0.4729 ], [ 37.00975, -0.47283 ], [ 37.00955, -0.47274 ], [ 37.00949, -0.47273 ], [ 37.00924, -0.47274 ], [ 37.00899, -0.47277 ], [ 37.00888, -0.47278 ], [ 37.00872, -0.4728 ], [ 37.00854, -0.4728 ], [ 37.00844, -0.47272 ], [ 37.00836, -0.47257 ], [ 37.0083, -0.47247 ], [ 37.00824, -0.47228 ], [ 37.00811, -0.47204 ], [ 37.00802, -0.47189 ], [ 37.00793, -0.47176 ], [ 37.00777, -0.47164 ], [ 37.00754, -0.47156 ], [ 37.00729, -0.47163 ], [ 37.0071, -0.4717 ], [ 37.00681, -0.47173 ], [ 37.00646, -0.47183 ], [ 37.00629, -0.47194 ], [ 37.00601, -0.47211 ], [ 37.00579, -0.47219 ], [ 37.00562, -0.47222 ], [ 37.0054, -0.47223 ], [ 37.00505, -0.47225 ], [ 37.00475, -0.47225 ], [ 37.00436, -0.47221 ], [ 37.00384, -0.47212 ], [ 37.00356, -0.4721 ], [ 37.00327, -0.47209 ], [ 37.00301, -0.47215 ], [ 37.00264, -0.47243 ], [ 37.00241, -0.47261 ], [ 37.00212, -0.47282 ], [ 37.00188, -0.47291 ], [ 37.00159, -0.47304 ], [ 37.00137, -0.4731 ], [ 37.00132, -0.47311 ], [ 37.00126, -0.47302 ], [ 37.00116, -0.47266 ], [ 37.0011, -0.47255 ], [ 37.00104, -0.47234 ], [ 37.00095, -0.47185 ], [ 37.00093, -0.47171 ], [ 37.00089, -0.47147 ], [ 37.00083, -0.47127 ], [ 37.0008, -0.47099 ], [ 37.00075, -0.47082 ], [ 37.0007, -0.47056 ], [ 37.0006, -0.4703 ], [ 37.00054, -0.46956 ], [ 37.00055, -0.46922 ], [ 37.00061, -0.46879 ], [ 37.00062, -0.46846 ], [ 37.00062, -0.46809 ], [ 37.00059, -0.46779 ], [ 37.00055, -0.46756 ], [ 37.00048, -0.46738 ], [ 37.00036, -0.46721 ], [ 37.0002, -0.46699 ], [ 37.00008, -0.46686 ], [ 36.99977, -0.46651 ], [ 36.99955, -0.46628 ], [ 36.99937, -0.46606 ], [ 36.99922, -0.46585 ], [ 36.99908, -0.46565 ], [ 36.99894, -0.46545 ], [ 36.99877, -0.46514 ], [ 36.99862, -0.46479 ], [ 36.99847, -0.46442 ], [ 36.99839, -0.4641 ], [ 36.99839, -0.46386 ], [ 36.998, -0.46389 ], [ 36.99773, -0.46373 ], [ 36.99712, -0.46333 ], [ 36.99679, -0.46298 ], [ 36.99657, -0.46255 ], [ 36.99627, -0.46214 ], [ 36.9959, -0.46217 ], [ 36.9955, -0.46234 ], [ 36.99526, -0.46241 ], [ 36.99487, -0.46244 ], [ 36.99452, -0.46231 ], [ 36.99407, -0.4619 ], [ 36.99387, -0.46149 ], [ 36.99375, -0.46134 ], [ 36.99371, -0.46128 ], [ 36.99354, -0.46105 ], [ 36.9933, -0.4608 ], [ 36.99302, -0.46051 ], [ 36.99282, -0.46036 ], [ 36.99262, -0.46022 ], [ 36.99246, -0.46011 ], [ 36.99234, -0.46001 ], [ 36.99202, -0.45982 ], [ 36.99177, -0.45976 ], [ 36.99137, -0.45961 ], [ 36.99113, -0.45952 ], [ 36.99101, -0.45947 ], [ 36.99062, -0.45938 ], [ 36.99037, -0.45931 ], [ 36.99005, -0.45926 ], [ 36.9898, -0.45922 ], [ 36.9896, -0.45922 ], [ 36.9894, -0.45919 ], [ 36.98918, -0.45916 ], [ 36.98895, -0.45905 ], [ 36.98864, -0.45889 ], [ 36.98834, -0.45874 ], [ 36.98816, -0.45866 ], [ 36.98786, -0.45866 ], [ 36.98752, -0.45869 ], [ 36.98723, -0.45879 ], [ 36.98705, -0.45889 ], [ 36.98674, -0.45893 ], [ 36.98638, -0.45894 ], [ 36.98612, -0.45894 ], [ 36.98583, -0.45894 ], [ 36.98549, -0.45886 ], [ 36.9852, -0.4588 ], [ 36.98491, -0.45874 ], [ 36.98477, -0.4587 ], [ 36.98448, -0.45867 ], [ 36.98403, -0.45869 ], [ 36.9836, -0.45867 ], [ 36.9831, -0.45867 ], [ 36.9828, -0.45867 ], [ 36.98243, -0.45867 ], [ 36.98197, -0.45869 ], [ 36.98162, -0.45873 ], [ 36.9811, -0.45885 ], [ 36.98058, -0.45898 ], [ 36.98027, -0.45915 ], [ 36.97981, -0.45934 ], [ 36.97948, -0.45943 ], [ 36.97914, -0.4596 ], [ 36.97886, -0.45978 ], [ 36.97853, -0.45995 ], [ 36.97813, -0.46016 ], [ 36.97777, -0.46032 ], [ 36.97755, -0.46037 ], [ 36.97764, -0.46079 ], [ 36.97775, -0.46156 ], [ 36.97795, -0.46238 ], [ 36.9782, -0.46357 ], [ 36.97812, -0.46478 ], [ 36.97758, -0.46536 ], [ 36.97692, -0.4655 ], [ 36.97631, -0.46564 ], [ 36.97554, -0.46579 ], [ 36.97467, -0.46593 ], [ 36.97387, -0.4661 ], [ 36.97335, -0.46625 ], [ 36.97252, -0.46674 ], [ 36.97131, -0.46711 ], [ 36.97065, -0.4674 ], [ 36.97019, -0.4678 ], [ 36.96985, -0.46753 ], [ 36.96964, -0.4674 ], [ 36.96949, -0.46716 ], [ 36.96923, -0.46704 ], [ 36.96893, -0.46691 ], [ 36.96863, -0.46683 ], [ 36.96821, -0.46679 ], [ 36.96765, -0.46679 ], [ 36.96734, -0.46679 ], [ 36.9669, -0.46679 ], [ 36.96659, -0.46679 ], [ 36.96568, -0.46676 ], [ 36.96544, -0.46673 ], [ 36.96505, -0.4667 ], [ 36.96476, -0.46676 ], [ 36.96439, -0.46691 ], [ 36.96417, -0.46707 ], [ 36.96395, -0.46714 ], [ 36.96411, -0.46741 ], [ 36.96421, -0.46759 ], [ 36.96431, -0.4679 ], [ 36.96432, -0.46827 ], [ 36.96432, -0.46868 ], [ 36.96432, -0.46916 ], [ 36.96419, -0.46978 ], [ 36.96403, -0.47029 ], [ 36.96395, -0.47073 ], [ 36.964, -0.4711 ], [ 36.96403, -0.47146 ], [ 36.96426, -0.47199 ], [ 36.96398, -0.47235 ], [ 36.96282, -0.47479 ], [ 36.9602, -0.48026 ], [ 36.9599, -0.47997 ], [ 36.95943, -0.47963 ], [ 36.95933, -0.4794 ], [ 36.95917, -0.47919 ], [ 36.95906, -0.47904 ], [ 36.95887, -0.47865 ], [ 36.95867, -0.47825 ], [ 36.95856, -0.478 ], [ 36.95839, -0.47758 ], [ 36.95812, -0.47742 ], [ 36.95772, -0.47729 ], [ 36.95745, -0.47718 ], [ 36.95699, -0.47707 ], [ 36.95671, -0.47699 ], [ 36.95629, -0.47691 ], [ 36.95597, -0.47679 ], [ 36.95563, -0.47663 ], [ 36.95538, -0.47653 ], [ 36.95529, -0.47653 ], [ 36.95525, -0.47653 ], [ 36.9549, -0.47652 ], [ 36.95434, -0.47646 ], [ 36.95396, -0.47654 ], [ 36.95346, -0.47683 ], [ 36.953, -0.47695 ], [ 36.95261, -0.47696 ], [ 36.95223, -0.47697 ], [ 36.95186, -0.47697 ], [ 36.95138, -0.47698 ], [ 36.95094, -0.47699 ], [ 36.9504, -0.47732 ], [ 36.95016, -0.47745 ], [ 36.94982, -0.47741 ], [ 36.94971, -0.4773 ], [ 36.94935, -0.47707 ], [ 36.94906, -0.47696 ], [ 36.94905, -0.47695 ], [ 36.94905, -0.47695 ], [ 36.94888, -0.47689 ], [ 36.94867, -0.47684 ], [ 36.94831, -0.47685 ], [ 36.94831, -0.4766 ], [ 36.9482, -0.47563 ], [ 36.94802, -0.47492 ], [ 36.94798, -0.47423 ], [ 36.94779, -0.4735 ], [ 36.94767, -0.47298 ], [ 36.94746, -0.47205 ], [ 36.94731, -0.47136 ], [ 36.94731, -0.47054 ], [ 36.94712, -0.46909 ], [ 36.94697, -0.4684 ], [ 36.94692, -0.46769 ], [ 36.9469, -0.46728 ], [ 36.94686, -0.46701 ], [ 36.94686, -0.46699 ], [ 36.94673, -0.46618 ], [ 36.9466, -0.46528 ], [ 36.94656, -0.46448 ], [ 36.94654, -0.46396 ], [ 36.94643, -0.4634 ], [ 36.94637, -0.46248 ], [ 36.94634, -0.46211 ], [ 36.94608, -0.4603 ], [ 36.94598, -0.45905 ], [ 36.94569, -0.45732 ], [ 36.94547, -0.45735 ], [ 36.94514, -0.45738 ], [ 36.94505, -0.45739 ], [ 36.94473, -0.45761 ], [ 36.94453, -0.45779 ], [ 36.94443, -0.45795 ], [ 36.94433, -0.45814 ], [ 36.94421, -0.4583 ], [ 36.9441, -0.45845 ], [ 36.94399, -0.45848 ], [ 36.94379, -0.45857 ], [ 36.9436, -0.45859 ], [ 36.94334, -0.45866 ], [ 36.94309, -0.45861 ], [ 36.94281, -0.45851 ], [ 36.94264, -0.45846 ], [ 36.94239, -0.4584 ], [ 36.94209, -0.45832 ], [ 36.94181, -0.45824 ], [ 36.9416, -0.45817 ], [ 36.94157, -0.45816 ], [ 36.94118, -0.45807 ], [ 36.94079, -0.45793 ], [ 36.94058, -0.45788 ], [ 36.9404, -0.45788 ], [ 36.94002, -0.45788 ], [ 36.9398, -0.45789 ], [ 36.93958, -0.4579 ], [ 36.93919, -0.45795 ], [ 36.93891, -0.45805 ], [ 36.93877, -0.45811 ], [ 36.93865, -0.45816 ], [ 36.93833, -0.45825 ], [ 36.93803, -0.4584 ], [ 36.93782, -0.4585 ], [ 36.93758, -0.45864 ], [ 36.93733, -0.45874 ], [ 36.93715, -0.45881 ], [ 36.93696, -0.459 ], [ 36.93659, -0.45927 ], [ 36.93627, -0.45949 ], [ 36.93601, -0.4596 ], [ 36.93579, -0.45964 ], [ 36.93547, -0.45963 ], [ 36.93534, -0.45962 ], [ 36.93511, -0.45962 ], [ 36.93489, -0.45963 ], [ 36.93479, -0.45964 ], [ 36.93453, -0.45964 ], [ 36.93427, -0.45964 ], [ 36.9341, -0.45966 ], [ 36.93384, -0.4597 ], [ 36.93361, -0.45974 ], [ 36.9333, -0.45977 ], [ 36.93314, -0.45977 ], [ 36.93277, -0.45972 ], [ 36.93246, -0.45962 ], [ 36.93234, -0.4595 ], [ 36.93223, -0.45941 ], [ 36.93215, -0.4594 ], [ 36.93204, -0.45942 ], [ 36.9319, -0.45957 ], [ 36.93182, -0.45964 ], [ 36.9317, -0.45972 ], [ 36.93159, -0.45974 ], [ 36.93143, -0.45979 ], [ 36.93113, -0.46 ], [ 36.93098, -0.46019 ], [ 36.93092, -0.46037 ], [ 36.93088, -0.46055 ], [ 36.93082, -0.46078 ], [ 36.93077, -0.4609 ], [ 36.93066, -0.46103 ], [ 36.93052, -0.46111 ], [ 36.93043, -0.46117 ], [ 36.93022, -0.46126 ], [ 36.93001, -0.46138 ], [ 36.92984, -0.4615 ], [ 36.92962, -0.46154 ], [ 36.92927, -0.46155 ], [ 36.92903, -0.46156 ], [ 36.92856, -0.46162 ], [ 36.92821, -0.46162 ], [ 36.92796, -0.46162 ], [ 36.92772, -0.46164 ], [ 36.92745, -0.46179 ], [ 36.92735, -0.46186 ], [ 36.9272, -0.46197 ], [ 36.92697, -0.46213 ], [ 36.92663, -0.46235 ], [ 36.92639, -0.4625 ], [ 36.92617, -0.46261 ], [ 36.9259, -0.46273 ], [ 36.92545, -0.46294 ], [ 36.92502, -0.46308 ], [ 36.92484, -0.46309 ], [ 36.92471, -0.46313 ], [ 36.92438, -0.46331 ], [ 36.92417, -0.46332 ], [ 36.92397, -0.46335 ], [ 36.9238, -0.46335 ], [ 36.92357, -0.46333 ], [ 36.92331, -0.4633 ], [ 36.92299, -0.46325 ], [ 36.92271, -0.46316 ], [ 36.92238, -0.46311 ], [ 36.92222, -0.46309 ], [ 36.92198, -0.46305 ], [ 36.92169, -0.46298 ], [ 36.92122, -0.46287 ], [ 36.92093, -0.46269 ], [ 36.92071, -0.46255 ], [ 36.92047, -0.4624 ], [ 36.92027, -0.46226 ], [ 36.9201, -0.46215 ], [ 36.91965, -0.46191 ], [ 36.91936, -0.46176 ], [ 36.91837, -0.46387 ], [ 36.91757, -0.465 ], [ 36.91749, -0.46496 ], [ 36.91728, -0.46491 ], [ 36.91702, -0.46491 ], [ 36.91677, -0.46491 ], [ 36.91657, -0.46497 ], [ 36.91619, -0.46498 ], [ 36.91594, -0.46489 ], [ 36.9158, -0.46477 ], [ 36.91564, -0.46468 ], [ 36.91549, -0.46461 ], [ 36.91511, -0.46456 ], [ 36.9149, -0.46456 ], [ 36.91461, -0.46455 ], [ 36.91446, -0.46455 ], [ 36.9144, -0.46448 ], [ 36.91436, -0.46434 ], [ 36.91433, -0.46415 ], [ 36.91427, -0.46405 ], [ 36.91421, -0.46396 ], [ 36.91401, -0.46384 ], [ 36.91386, -0.46379 ], [ 36.91354, -0.46368 ], [ 36.91329, -0.46368 ], [ 36.91306, -0.46361 ], [ 36.91255, -0.46339 ], [ 36.91229, -0.46329 ], [ 36.91214, -0.46324 ], [ 36.91197, -0.46316 ], [ 36.91184, -0.46309 ], [ 36.91165, -0.46296 ], [ 36.91145, -0.46282 ], [ 36.9113, -0.46271 ], [ 36.91123, -0.46265 ], [ 36.91108, -0.46252 ], [ 36.91088, -0.4624 ], [ 36.91083, -0.4622 ], [ 36.9108, -0.46205 ], [ 36.91075, -0.46184 ], [ 36.91075, -0.46166 ], [ 36.91076, -0.46148 ], [ 36.91075, -0.46128 ], [ 36.91066, -0.46106 ], [ 36.9105, -0.46075 ], [ 36.91046, -0.46058 ], [ 36.91045, -0.46055 ], [ 36.91046, -0.46049 ], [ 36.91247, -0.45972 ], [ 36.9124, -0.45954 ], [ 36.91231, -0.45921 ], [ 36.91223, -0.45891 ], [ 36.91212, -0.45847 ], [ 36.91202, -0.45808 ], [ 36.91196, -0.45771 ], [ 36.91192, -0.45733 ], [ 36.91179, -0.45682 ], [ 36.91166, -0.45624 ], [ 36.91166, -0.45596 ], [ 36.91151, -0.45539 ], [ 36.91146, -0.45508 ], [ 36.9112, -0.45427 ], [ 36.9112, -0.45385 ], [ 36.91114, -0.45359 ], [ 36.9111, -0.45338 ], [ 36.91026, -0.45336 ], [ 36.90963, -0.45336 ], [ 36.90894, -0.45336 ], [ 36.90834, -0.45333 ], [ 36.90764, -0.45316 ], [ 36.90754, -0.45311 ], [ 36.90699, -0.45285 ], [ 36.90634, -0.45238 ], [ 36.906, -0.45212 ], [ 36.90568, -0.45192 ], [ 36.90535, -0.4518 ], [ 36.90501, -0.4518 ], [ 36.90469, -0.45181 ], [ 36.90448, -0.45182 ], [ 36.90415, -0.45185 ], [ 36.9038, -0.45194 ], [ 36.90345, -0.4519 ], [ 36.90321, -0.45179 ], [ 36.90279, -0.45164 ], [ 36.90238, -0.45142 ], [ 36.90194, -0.45127 ], [ 36.90173, -0.45116 ], [ 36.90144, -0.45101 ], [ 36.90119, -0.45093 ], [ 36.90069, -0.45083 ], [ 36.90011, -0.45083 ], [ 36.90001, -0.45084 ], [ 36.89991, -0.45084 ], [ 36.89961, -0.45085 ], [ 36.89899, -0.45086 ], [ 36.89809, -0.45083 ], [ 36.89779, -0.45071 ], [ 36.89759, -0.45038 ], [ 36.89782, -0.44993 ], [ 36.89828, -0.44949 ], [ 36.89847, -0.44929 ], [ 36.89849, -0.44904 ], [ 36.89843, -0.44891 ], [ 36.8981, -0.44878 ], [ 36.89789, -0.44884 ], [ 36.89759, -0.44895 ], [ 36.89739, -0.44897 ], [ 36.89726, -0.44883 ], [ 36.89724, -0.44882 ], [ 36.89728, -0.44873 ], [ 36.89728, -0.4487 ], [ 36.89735, -0.4485 ], [ 36.89758, -0.44826 ], [ 36.89778, -0.44797 ], [ 36.89794, -0.44773 ], [ 36.89809, -0.44748 ], [ 36.89818, -0.44705 ], [ 36.89813, -0.44685 ], [ 36.89787, -0.44674 ], [ 36.89759, -0.44676 ], [ 36.8973, -0.44681 ], [ 36.89691, -0.44689 ], [ 36.89667, -0.44689 ], [ 36.89643, -0.44689 ], [ 36.89627, -0.44682 ], [ 36.89627, -0.44682 ], [ 36.89627, -0.44682 ], [ 36.89624, -0.44681 ], [ 36.89615, -0.44677 ], [ 36.89612, -0.44664 ], [ 36.89619, -0.44648 ], [ 36.89645, -0.44635 ], [ 36.89677, -0.44622 ], [ 36.89687, -0.44615 ], [ 36.89698, -0.44609 ], [ 36.89768, -0.44567 ], [ 36.89778, -0.44553 ], [ 36.89791, -0.44534 ], [ 36.898, -0.44509 ], [ 36.89802, -0.44483 ], [ 36.89798, -0.4444 ], [ 36.89784, -0.44427 ], [ 36.89772, -0.44416 ], [ 36.89748, -0.44395 ], [ 36.89733, -0.44394 ], [ 36.897, -0.44395 ], [ 36.89671, -0.44409 ], [ 36.89646, -0.4443 ], [ 36.89618, -0.44448 ], [ 36.89589, -0.44468 ], [ 36.89559, -0.44491 ], [ 36.89527, -0.44509 ], [ 36.89498, -0.44525 ], [ 36.89475, -0.44539 ], [ 36.89437, -0.44539 ], [ 36.89413, -0.44521 ], [ 36.8941, -0.4449 ], [ 36.8941, -0.44456 ], [ 36.89412, -0.44418 ], [ 36.89413, -0.44388 ], [ 36.89417, -0.44352 ], [ 36.89418, -0.44325 ], [ 36.89422, -0.44288 ], [ 36.8941, -0.44262 ], [ 36.89388, -0.44239 ], [ 36.8937, -0.44228 ], [ 36.8934, -0.44222 ], [ 36.89317, -0.44223 ], [ 36.89296, -0.44237 ], [ 36.89274, -0.44269 ], [ 36.89253, -0.44308 ], [ 36.89237, -0.44328 ], [ 36.8922, -0.44339 ], [ 36.89204, -0.44334 ], [ 36.89203, -0.44334 ], [ 36.89197, -0.44332 ], [ 36.89187, -0.44317 ], [ 36.89182, -0.44295 ], [ 36.89178, -0.44272 ], [ 36.89172, -0.44249 ], [ 36.89163, -0.44238 ], [ 36.89142, -0.44233 ], [ 36.89103, -0.44241 ], [ 36.89072, -0.4425 ], [ 36.89041, -0.44253 ], [ 36.89038, -0.44254 ], [ 36.89034, -0.44254 ], [ 36.89009, -0.4426 ], [ 36.8898, -0.44278 ], [ 36.88957, -0.44285 ], [ 36.8893, -0.44294 ], [ 36.88906, -0.44298 ], [ 36.88871, -0.44299 ], [ 36.88841, -0.44299 ], [ 36.888, -0.44299 ], [ 36.88773, -0.44286 ], [ 36.88743, -0.44286 ], [ 36.88707, -0.44302 ], [ 36.88682, -0.44306 ], [ 36.88651, -0.44302 ], [ 36.88616, -0.44296 ], [ 36.8859, -0.44293 ], [ 36.88556, -0.44289 ], [ 36.88503, -0.4428 ], [ 36.88477, -0.44268 ], [ 36.88462, -0.44241 ], [ 36.8846, -0.44224 ], [ 36.88461, -0.44198 ], [ 36.8848, -0.44172 ], [ 36.88505, -0.44143 ], [ 36.88518, -0.44115 ], [ 36.88551, -0.4408 ], [ 36.8856, -0.44051 ], [ 36.88571, -0.44008 ], [ 36.88571, -0.43975 ], [ 36.8857, -0.43935 ], [ 36.88561, -0.43894 ], [ 36.8856, -0.43859 ], [ 36.8856, -0.43832 ], [ 36.88562, -0.4378 ], [ 36.8857, -0.43745 ], [ 36.88541, -0.43732 ], [ 36.88507, -0.43728 ], [ 36.88472, -0.43728 ], [ 36.8842, -0.43713 ], [ 36.88391, -0.43695 ], [ 36.88356, -0.43667 ], [ 36.8832, -0.43632 ], [ 36.88284, -0.43608 ], [ 36.8826, -0.43598 ], [ 36.8822, -0.4358 ], [ 36.88165, -0.43551 ], [ 36.88133, -0.43526 ], [ 36.88115, -0.4351 ], [ 36.88078, -0.43475 ], [ 36.88046, -0.4344 ], [ 36.88007, -0.43389 ], [ 36.8797, -0.43352 ], [ 36.87958, -0.43345 ], [ 36.87953, -0.43346 ], [ 36.87954, -0.43342 ], [ 36.87905, -0.43312 ], [ 36.8787, -0.43287 ], [ 36.87843, -0.43269 ], [ 36.87815, -0.43262 ], [ 36.87815, -0.43237 ], [ 36.87817, -0.43206 ], [ 36.87841, -0.43187 ], [ 36.87882, -0.43161 ], [ 36.87912, -0.43145 ], [ 36.87988, -0.43134 ], [ 36.88023, -0.4313 ], [ 36.8808, -0.43127 ], [ 36.88107, -0.43123 ], [ 36.8812, -0.4311 ], [ 36.88122, -0.43094 ], [ 36.88114, -0.43081 ], [ 36.88093, -0.43063 ], [ 36.88072, -0.43044 ], [ 36.88066, -0.43021 ], [ 36.88072, -0.42975 ], [ 36.88072, -0.42936 ], [ 36.88083, -0.42896 ], [ 36.88073, -0.42885 ], [ 36.88052, -0.42874 ], [ 36.88018, -0.42863 ], [ 36.87968, -0.42856 ], [ 36.87903, -0.42857 ], [ 36.87877, -0.42857 ], [ 36.87851, -0.42844 ], [ 36.87848, -0.42823 ], [ 36.87855, -0.42823 ], [ 36.87874, -0.42823 ], [ 36.87889, -0.42821 ], [ 36.87907, -0.42809 ], [ 36.8792, -0.428 ], [ 36.87938, -0.42796 ], [ 36.87961, -0.42792 ], [ 36.87984, -0.4279 ], [ 36.88024, -0.4279 ], [ 36.88062, -0.42806 ], [ 36.88081, -0.42815 ], [ 36.88108, -0.42829 ], [ 36.88139, -0.42846 ], [ 36.88159, -0.42858 ], [ 36.88193, -0.42864 ], [ 36.88213, -0.42863 ], [ 36.88226, -0.42854 ], [ 36.88237, -0.42844 ], [ 36.88254, -0.42823 ], [ 36.88265, -0.42809 ], [ 36.88272, -0.42802 ], [ 36.88285, -0.42805 ], [ 36.88291, -0.42814 ], [ 36.88314, -0.4283 ], [ 36.88333, -0.42833 ], [ 36.8836, -0.42839 ], [ 36.88383, -0.42845 ], [ 36.88401, -0.42851 ], [ 36.88418, -0.42857 ], [ 36.88445, -0.42868 ], [ 36.88474, -0.42883 ], [ 36.88499, -0.42896 ], [ 36.88518, -0.42904 ], [ 36.8854, -0.42906 ], [ 36.88549, -0.42902 ], [ 36.88558, -0.42883 ], [ 36.88562, -0.42869 ], [ 36.88566, -0.42859 ], [ 36.88572, -0.42844 ], [ 36.88596, -0.42827 ], [ 36.88624, -0.42818 ], [ 36.8865, -0.42817 ], [ 36.88672, -0.42813 ], [ 36.88705, -0.42803 ], [ 36.8871, -0.42803 ], [ 36.88723, -0.42802 ], [ 36.88742, -0.42801 ], [ 36.88756, -0.42801 ], [ 36.88775, -0.42799 ], [ 36.88788, -0.42787 ], [ 36.88795, -0.42764 ], [ 36.88794, -0.42745 ], [ 36.88793, -0.42729 ], [ 36.88782, -0.4271 ], [ 36.88767, -0.42694 ], [ 36.88749, -0.42673 ], [ 36.88737, -0.42665 ], [ 36.88741, -0.42652 ], [ 36.88753, -0.42638 ], [ 36.88768, -0.42622 ], [ 36.88767, -0.42599 ], [ 36.88771, -0.4258 ], [ 36.8878, -0.42564 ], [ 36.88792, -0.42545 ], [ 36.88808, -0.42528 ], [ 36.88821, -0.42523 ], [ 36.88854, -0.42522 ], [ 36.88867, -0.42521 ], [ 36.88882, -0.42516 ], [ 36.88899, -0.42502 ], [ 36.88915, -0.4248 ], [ 36.88928, -0.42467 ], [ 36.88946, -0.42447 ], [ 36.88967, -0.42425 ], [ 36.88975, -0.42424 ], [ 36.89017, -0.42417 ], [ 36.89032, -0.42419 ], [ 36.89047, -0.4242 ], [ 36.89061, -0.42424 ], [ 36.89077, -0.42427 ], [ 36.89094, -0.42429 ], [ 36.89114, -0.4243 ], [ 36.89133, -0.42432 ], [ 36.89157, -0.42431 ], [ 36.89178, -0.4243 ], [ 36.89189, -0.42426 ], [ 36.89199, -0.42418 ], [ 36.89207, -0.42408 ], [ 36.89222, -0.42376 ], [ 36.89225, -0.42367 ], [ 36.89226, -0.42336 ], [ 36.8923, -0.42323 ], [ 36.89249, -0.42305 ], [ 36.8927, -0.42302 ], [ 36.89289, -0.42301 ], [ 36.89318, -0.42301 ], [ 36.89342, -0.42307 ], [ 36.89358, -0.42315 ], [ 36.89376, -0.42319 ], [ 36.89396, -0.42317 ], [ 36.89404, -0.42315 ], [ 36.89405, -0.42304 ], [ 36.89405, -0.4229 ], [ 36.89404, -0.42279 ], [ 36.8941, -0.42259 ], [ 36.89429, -0.42258 ], [ 36.89462, -0.4227 ], [ 36.89474, -0.4228 ], [ 36.89486, -0.42293 ], [ 36.89495, -0.42309 ], [ 36.89503, -0.42336 ], [ 36.89508, -0.42358 ], [ 36.8951, -0.42376 ], [ 36.8952, -0.42397 ], [ 36.89534, -0.42408 ], [ 36.89553, -0.42413 ], [ 36.89565, -0.4241 ], [ 36.89571, -0.42399 ], [ 36.89577, -0.42386 ], [ 36.89582, -0.42366 ], [ 36.89591, -0.42353 ], [ 36.89604, -0.42337 ], [ 36.89619, -0.4233 ], [ 36.89637, -0.42328 ], [ 36.89664, -0.42327 ], [ 36.89688, -0.42326 ], [ 36.89704, -0.42321 ], [ 36.89711, -0.4232 ], [ 36.89728, -0.42301 ], [ 36.8974, -0.42289 ], [ 36.89752, -0.42283 ], [ 36.89765, -0.42276 ], [ 36.89769, -0.42274 ], [ 36.89779, -0.42257 ], [ 36.89785, -0.42243 ], [ 36.89793, -0.42227 ], [ 36.89798, -0.42223 ], [ 36.89813, -0.4221 ], [ 36.89824, -0.42203 ], [ 36.89836, -0.42196 ], [ 36.89847, -0.42196 ], [ 36.8986, -0.42196 ], [ 36.89874, -0.42201 ], [ 36.8989, -0.42213 ], [ 36.89911, -0.42235 ], [ 36.89925, -0.42248 ], [ 36.89938, -0.42268 ], [ 36.89957, -0.42294 ], [ 36.89967, -0.42303 ], [ 36.8998, -0.42313 ], [ 36.89995, -0.42317 ], [ 36.90004, -0.42318 ], [ 36.90011, -0.42316 ], [ 36.90018, -0.42305 ], [ 36.90023, -0.42286 ], [ 36.90026, -0.42277 ], [ 36.90038, -0.42267 ], [ 36.90057, -0.42255 ], [ 36.90065, -0.42254 ], [ 36.90071, -0.42246 ], [ 36.90069, -0.42234 ], [ 36.90067, -0.42225 ], [ 36.90068, -0.42213 ], [ 36.9008, -0.42196 ], [ 36.90094, -0.42185 ], [ 36.90112, -0.42171 ], [ 36.90125, -0.42154 ], [ 36.90143, -0.42136 ], [ 36.9016, -0.42121 ], [ 36.9018, -0.42105 ], [ 36.90203, -0.42101 ], [ 36.90224, -0.421 ], [ 36.90228, -0.421 ], [ 36.9023, -0.421 ], [ 36.90237, -0.421 ], [ 36.90236, -0.42092 ], [ 36.90237, -0.42091 ], [ 36.90238, -0.4209 ], [ 36.90255, -0.42067 ], [ 36.90228, -0.42007 ], [ 36.90084, -0.41758 ], [ 36.89891, -0.41397 ], [ 36.8997, -0.41362 ], [ 36.89826, -0.41047 ], [ 36.89799, -0.40691 ], [ 36.90678, -0.40596 ], [ 36.90558, -0.40467 ], [ 36.90486, -0.40445 ], [ 36.90362, -0.40376 ], [ 36.90234, -0.40307 ], [ 36.90069, -0.40201 ], [ 36.89928, -0.40109 ], [ 36.89902, -0.40087 ], [ 36.89774, -0.39979 ], [ 36.89761, -0.39964 ], [ 36.8969, -0.39881 ], [ 36.89668, -0.39854 ], [ 36.89646, -0.39829 ], [ 36.89589, -0.39763 ], [ 36.89538, -0.39702 ], [ 36.89503, -0.39664 ], [ 36.89485, -0.39684 ], [ 36.89474, -0.39703 ], [ 36.89467, -0.3973 ], [ 36.89474, -0.39762 ], [ 36.89487, -0.39778 ], [ 36.89487, -0.39794 ], [ 36.89481, -0.39811 ], [ 36.8947, -0.3982 ], [ 36.89454, -0.39817 ], [ 36.89441, -0.39809 ], [ 36.89424, -0.39802 ], [ 36.89404, -0.39792 ], [ 36.89379, -0.39783 ], [ 36.8935, -0.39783 ], [ 36.89332, -0.39802 ], [ 36.89318, -0.39816 ], [ 36.89305, -0.39834 ], [ 36.89294, -0.39855 ], [ 36.89289, -0.39877 ], [ 36.89232, -0.39908 ], [ 36.89183, -0.39934 ], [ 36.89131, -0.39969 ], [ 36.89064, -0.39996 ], [ 36.88952, -0.40005 ], [ 36.88893, -0.40018 ], [ 36.88816, -0.40003 ], [ 36.8885, -0.39743 ], [ 36.88877, -0.39572 ], [ 36.88893, -0.39434 ], [ 36.88946, -0.39048 ], [ 36.88968, -0.38884 ], [ 36.88968, -0.38884 ], [ 36.88973, -0.38844 ], [ 36.88998, -0.38696 ], [ 36.89015, -0.38564 ], [ 36.89028, -0.38461 ], [ 36.89044, -0.38345 ], [ 36.8906, -0.38251 ], [ 36.89514, -0.38071 ], [ 36.89519, -0.38048 ], [ 36.89524, -0.38024 ], [ 36.89525, -0.38018 ], [ 36.89525, -0.38024 ], [ 36.89523, -0.38046 ], [ 36.89553, -0.3805 ], [ 36.89576, -0.38058 ], [ 36.89587, -0.38071 ], [ 36.89588, -0.38095 ], [ 36.89588, -0.38128 ], [ 36.89591, -0.38149 ], [ 36.89604, -0.38164 ], [ 36.89616, -0.3817 ], [ 36.89621, -0.38172 ], [ 36.89638, -0.38178 ], [ 36.89654, -0.38178 ], [ 36.89672, -0.38176 ], [ 36.89691, -0.38162 ], [ 36.89694, -0.38159 ], [ 36.89711, -0.38137 ], [ 36.89731, -0.38127 ], [ 36.89759, -0.38118 ], [ 36.89774, -0.38114 ], [ 36.89784, -0.38113 ], [ 36.89784, -0.38113 ], [ 36.89785, -0.38113 ], [ 36.8981, -0.38122 ], [ 36.89823, -0.38127 ], [ 36.89828, -0.38129 ], [ 36.89849, -0.38129 ], [ 36.89868, -0.3812 ], [ 36.89892, -0.38094 ], [ 36.89913, -0.38085 ], [ 36.89935, -0.38088 ], [ 36.89945, -0.38097 ], [ 36.89959, -0.38109 ], [ 36.89973, -0.38106 ], [ 36.89989, -0.38093 ], [ 36.9001, -0.38079 ], [ 36.90031, -0.38063 ], [ 36.90056, -0.38036 ], [ 36.90068, -0.38021 ], [ 36.90086, -0.38013 ], [ 36.901, -0.38013 ], [ 36.90107, -0.38018 ], [ 36.90111, -0.38023 ], [ 36.90118, -0.38039 ], [ 36.90118, -0.38062 ], [ 36.90125, -0.38076 ], [ 36.90138, -0.3808 ], [ 36.90141, -0.38081 ], [ 36.90156, -0.38073 ], [ 36.90168, -0.38059 ], [ 36.90181, -0.38037 ], [ 36.90198, -0.38021 ], [ 36.90216, -0.38011 ], [ 36.9023, -0.38014 ], [ 36.90236, -0.38016 ], [ 36.90251, -0.38023 ], [ 36.9027, -0.38036 ], [ 36.90278, -0.38037 ], [ 36.9029, -0.38045 ], [ 36.90307, -0.38038 ], [ 36.90318, -0.38015 ], [ 36.90318, -0.37992 ], [ 36.90318, -0.37977 ], [ 36.90325, -0.37961 ], [ 36.90343, -0.37959 ], [ 36.90358, -0.3796 ], [ 36.90377, -0.37961 ], [ 36.90387, -0.3796 ], [ 36.90406, -0.37938 ], [ 36.90424, -0.37907 ], [ 36.90438, -0.37892 ], [ 36.90451, -0.37885 ], [ 36.90469, -0.37874 ], [ 36.90485, -0.37863 ], [ 36.90506, -0.37856 ], [ 36.90522, -0.37844 ], [ 36.90534, -0.3783 ], [ 36.90544, -0.37811 ], [ 36.90545, -0.37809 ], [ 36.90556, -0.37792 ], [ 36.90559, -0.3779 ], [ 36.90568, -0.37783 ], [ 36.90607, -0.37777 ], [ 36.90618, -0.37779 ], [ 36.90622, -0.3778 ], [ 36.90632, -0.37786 ], [ 36.90649, -0.37798 ], [ 36.9067, -0.37806 ], [ 36.90683, -0.3781 ], [ 36.90697, -0.37808 ], [ 36.9071, -0.37795 ], [ 36.90721, -0.37771 ], [ 36.90721, -0.3777 ], [ 36.90735, -0.37733 ], [ 36.90745, -0.37698 ], [ 36.90755, -0.37689 ], [ 36.9077, -0.37687 ], [ 36.90789, -0.37691 ], [ 36.9081, -0.377 ], [ 36.90837, -0.37726 ], [ 36.9084, -0.37732 ], [ 36.90842, -0.37733 ], [ 36.90859, -0.3775 ], [ 36.90887, -0.37766 ], [ 36.90895, -0.37769 ], [ 36.90915, -0.37778 ], [ 36.90936, -0.37783 ], [ 36.90974, -0.37785 ], [ 36.90991, -0.37785 ], [ 36.91015, -0.37785 ], [ 36.9105, -0.37784 ], [ 36.91071, -0.3778 ], [ 36.91087, -0.37778 ], [ 36.91088, -0.37778 ], [ 36.91096, -0.37782 ], [ 36.91096, -0.37783 ], [ 36.91109, -0.378 ], [ 36.9111, -0.37801 ], [ 36.91119, -0.37816 ], [ 36.91123, -0.37826 ], [ 36.91127, -0.37839 ], [ 36.91128, -0.37841 ], [ 36.91142, -0.37854 ], [ 36.91163, -0.37855 ], [ 36.91178, -0.37855 ], [ 36.91192, -0.37856 ], [ 36.91195, -0.37856 ], [ 36.91205, -0.37862 ], [ 36.91207, -0.37863 ], [ 36.9121, -0.37865 ], [ 36.91211, -0.37866 ], [ 36.91224, -0.37877 ], [ 36.91247, -0.37896 ], [ 36.9125, -0.379 ], [ 36.91259, -0.37912 ], [ 36.9126, -0.37932 ], [ 36.91261, -0.37939 ], [ 36.91269, -0.37955 ], [ 36.91276, -0.37961 ], [ 36.9128, -0.37966 ], [ 36.91311, -0.37985 ], [ 36.91327, -0.37995 ], [ 36.91334, -0.38 ], [ 36.91353, -0.38011 ], [ 36.91358, -0.38013 ], [ 36.91372, -0.3802 ], [ 36.91396, -0.38021 ], [ 36.91414, -0.3802 ], [ 36.91414, -0.3802 ], [ 36.9141, -0.38003 ], [ 36.91432, -0.37971 ], [ 36.91468, -0.37926 ], [ 36.91497, -0.37893 ], [ 36.91595, -0.37796 ], [ 36.91604, -0.37788 ], [ 36.9168, -0.37718 ], [ 36.91681, -0.37718 ], [ 36.91775, -0.37638 ], [ 36.91867, -0.37553 ], [ 36.91952, -0.37478 ], [ 36.91962, -0.37464 ], [ 36.91996, -0.37418 ], [ 36.92001, -0.37411 ], [ 36.92003, -0.37409 ], [ 36.92005, -0.37406 ], [ 36.92106, -0.37422 ], [ 36.92214, -0.37491 ], [ 36.92346, -0.37546 ], [ 36.92614, -0.37668 ], [ 36.92736, -0.37718 ], [ 36.92797, -0.37755 ], [ 36.92956, -0.37583 ], [ 36.92975, -0.37561 ], [ 36.92982, -0.37552 ], [ 36.93178, -0.37248 ], [ 36.93187, -0.37233 ], [ 36.93201, -0.3695 ], [ 36.9318, -0.36727 ], [ 36.93184, -0.36381 ], [ 36.93184, -0.36368 ], [ 36.93214, -0.3622 ], [ 36.93234, -0.36079 ], [ 36.93275, -0.36018 ], [ 36.93349, -0.36014 ], [ 36.93403, -0.36011 ], [ 36.93552, -0.36052 ], [ 36.93754, -0.36133 ], [ 36.93916, -0.36166 ], [ 36.94051, -0.36193 ], [ 36.94335, -0.36274 ], [ 36.9454, -0.36331 ], [ 36.9457, -0.36339 ], [ 36.94652, -0.36362 ], [ 36.94652, -0.36362 ], [ 36.94869, -0.36409 ], [ 36.95008, -0.3644 ], [ 36.95038, -0.36447 ], [ 36.95172, -0.36477 ], [ 36.95449, -0.36551 ], [ 36.95821, -0.36686 ], [ 36.96057, -0.36761 ], [ 36.96106, -0.36784 ], [ 36.96133, -0.36797 ], [ 36.96199, -0.36829 ], [ 36.96253, -0.36855 ], [ 36.96354, -0.37031 ], [ 36.96476, -0.37334 ], [ 36.96503, -0.37422 ], [ 36.96529, -0.37413 ], [ 36.96756, -0.37304 ], [ 36.96813, -0.3724 ], [ 36.96832, -0.37267 ], [ 36.96834, -0.37266 ], [ 36.96684, -0.36974 ], [ 36.96682, -0.36971 ], [ 36.9676, -0.36916 ], [ 36.96776, -0.36904 ], [ 36.96864, -0.3684 ], [ 36.96865, -0.36839 ], [ 36.9698, -0.36754 ], [ 36.97041, -0.36707 ], [ 36.97055, -0.36697 ], [ 36.9707, -0.36686 ], [ 36.97157, -0.36623 ], [ 36.97247, -0.36558 ], [ 36.97311, -0.3651 ], [ 36.97413, -0.36435 ], [ 36.97508, -0.36363 ], [ 36.97546, -0.36335 ], [ 36.97558, -0.36325 ], [ 36.97597, -0.36296 ], [ 36.976, -0.36294 ], [ 36.97663, -0.36247 ], [ 36.97766, -0.36173 ], [ 36.97858, -0.36103 ], [ 36.97903, -0.36068 ], [ 36.97934, -0.36044 ], [ 36.97988, -0.36004 ], [ 36.98023, -0.35977 ], [ 36.98089, -0.35926 ], [ 36.98151, -0.35878 ], [ 36.98223, -0.35826 ], [ 36.98305, -0.35768 ], [ 36.984, -0.35689 ], [ 36.98536, -0.35584 ], [ 36.9865, -0.35502 ], [ 36.98651, -0.35491 ], [ 36.98669, -0.35477 ], [ 36.98844, -0.35346 ], [ 36.98958, -0.35377 ], [ 36.98992, -0.35377 ], [ 36.99014, -0.35371 ], [ 36.99032, -0.3536 ], [ 36.99046, -0.35338 ], [ 36.99072, -0.35291 ], [ 36.99098, -0.35236 ], [ 36.99109, -0.35205 ], [ 36.99122, -0.35175 ], [ 36.99139, -0.3516 ], [ 36.9914, -0.35162 ], [ 36.99154, -0.35181 ], [ 36.99171, -0.3521 ], [ 36.99189, -0.35234 ], [ 36.99208, -0.35249 ], [ 36.99229, -0.35262 ], [ 36.99245, -0.3527 ], [ 36.99264, -0.35272 ], [ 36.99312, -0.35276 ], [ 36.99356, -0.35276 ], [ 36.994, -0.35281 ], [ 36.99421, -0.35287 ], [ 36.9944, -0.35294 ], [ 36.99454, -0.35302 ], [ 36.99465, -0.35315 ], [ 36.99469, -0.35335 ], [ 36.9947, -0.35359 ], [ 36.99465, -0.3537 ], [ 36.99455, -0.35383 ], [ 36.9944, -0.35394 ], [ 36.99424, -0.35402 ], [ 36.99395, -0.35413 ], [ 36.99369, -0.3542 ], [ 36.9933, -0.35438 ], [ 36.99289, -0.3546 ], [ 36.99251, -0.35493 ], [ 36.99236, -0.35515 ], [ 36.99226, -0.35533 ], [ 36.99221, -0.35552 ], [ 36.99221, -0.35573 ], [ 36.99225, -0.356 ], [ 36.99236, -0.35622 ], [ 36.99259, -0.35634 ], [ 36.99275, -0.3564 ], [ 36.99294, -0.35645 ], [ 36.99326, -0.35647 ], [ 36.99351, -0.35647 ], [ 36.99374, -0.35647 ], [ 36.99406, -0.35647 ], [ 36.99437, -0.35648 ], [ 36.99455, -0.35657 ], [ 36.9947, -0.3567 ], [ 36.99471, -0.35671 ], [ 36.99474, -0.35677 ], [ 36.9948, -0.35689 ], [ 36.99482, -0.35694 ], [ 36.99483, -0.35714 ], [ 36.99475, -0.35742 ], [ 36.99464, -0.35765 ], [ 36.99459, -0.3577 ], [ 36.99463, -0.35774 ], [ 36.99466, -0.35777 ], [ 36.99474, -0.35791 ], [ 36.99474, -0.35797 ], [ 36.99474, -0.35803 ], [ 36.99477, -0.35806 ], [ 36.99483, -0.35812 ], [ 36.99492, -0.35823 ], [ 36.99498, -0.3583 ], [ 36.99503, -0.35839 ], [ 36.99507, -0.35847 ], [ 36.99511, -0.35854 ], [ 36.99521, -0.35866 ], [ 36.9953, -0.35879 ], [ 36.99537, -0.3589 ], [ 36.99548, -0.35906 ], [ 36.99555, -0.35915 ], [ 36.9956, -0.35925 ], [ 36.99564, -0.35931 ], [ 36.99577, -0.35947 ], [ 36.99591, -0.3597 ], [ 36.99595, -0.35978 ], [ 36.99615, -0.36007 ], [ 36.99627, -0.36024 ], [ 36.99637, -0.36037 ], [ 36.99658, -0.36069 ], [ 36.99665, -0.36082 ], [ 36.9969, -0.3612 ], [ 36.99695, -0.36127 ], [ 36.99728, -0.36175 ], [ 36.99744, -0.36202 ], [ 36.99763, -0.36232 ], [ 36.99772, -0.36248 ], [ 36.99796, -0.36282 ], [ 36.99806, -0.36298 ], [ 36.99813, -0.36308 ], [ 36.99824, -0.36327 ], [ 36.99835, -0.36341 ], [ 36.99849, -0.3636 ], [ 36.99861, -0.36381 ], [ 36.99865, -0.36387 ], [ 36.99878, -0.36409 ], [ 36.99886, -0.36423 ], [ 36.99896, -0.36437 ], [ 36.99913, -0.3646 ], [ 36.99928, -0.36484 ], [ 36.99943, -0.36506 ], [ 36.99965, -0.36538 ], [ 36.99971, -0.36546 ], [ 37.00058, -0.36662 ], [ 37.00067, -0.36677 ], [ 37.00067, -0.36682 ], [ 37.00123, -0.36765 ], [ 37.00144, -0.36799 ], [ 37.00168, -0.36838 ], [ 37.00198, -0.36881 ], [ 37.00239, -0.36949 ], [ 37.00262, -0.36988 ], [ 37.00288, -0.37026 ], [ 37.00314, -0.37057 ], [ 37.00339, -0.37096 ], [ 37.00358, -0.3713 ], [ 37.00382, -0.37174 ], [ 37.00406, -0.37206 ], [ 37.00409, -0.37209 ], [ 37.00437, -0.3725 ], [ 37.00462, -0.37279 ], [ 37.00481, -0.37314 ], [ 37.00496, -0.3735 ], [ 37.00518, -0.37408 ], [ 37.00572, -0.37534 ], [ 37.00572, -0.37538 ], [ 37.00572, -0.37559 ], [ 37.00573, -0.37582 ], [ 37.00583, -0.37602 ], [ 37.00592, -0.37623 ], [ 37.00594, -0.37637 ], [ 37.00595, -0.37652 ], [ 37.00591, -0.37659 ], [ 37.00583, -0.37672 ], [ 37.0057, -0.37684 ], [ 37.00569, -0.37685 ], [ 37.00549, -0.37697 ], [ 37.00529, -0.37709 ], [ 37.00517, -0.37721 ], [ 37.00503, -0.37736 ], [ 37.00498, -0.37752 ], [ 37.00498, -0.37764 ], [ 37.00498, -0.37769 ], [ 37.00502, -0.37783 ], [ 37.00517, -0.37799 ], [ 37.00535, -0.37806 ], [ 37.00557, -0.37812 ], [ 37.00577, -0.37822 ], [ 37.00585, -0.37834 ], [ 37.00591, -0.37853 ], [ 37.00591, -0.37875 ], [ 37.00589, -0.37882 ], [ 37.00583, -0.37901 ], [ 37.00573, -0.37919 ], [ 37.00551, -0.37948 ], [ 37.0054, -0.37969 ], [ 37.00532, -0.37995 ], [ 37.00532, -0.38021 ], [ 37.00532, -0.38044 ], [ 37.00535, -0.38054 ], [ 37.00535, -0.38054 ], [ 37.00538, -0.38069 ], [ 37.00548, -0.38084 ], [ 37.00557, -0.3809 ], [ 37.00562, -0.38093 ], [ 37.00583, -0.38102 ], [ 37.00597, -0.38117 ], [ 37.00607, -0.38137 ], [ 37.00607, -0.38137 ], [ 37.00607, -0.38156 ], [ 37.00607, -0.38156 ], [ 37.00602, -0.38178 ], [ 37.00596, -0.38193 ], [ 37.00592, -0.38204 ], [ 37.00588, -0.38215 ], [ 37.00582, -0.38224 ], [ 37.0058, -0.38242 ], [ 37.00579, -0.38263 ], [ 37.00577, -0.38283 ], [ 37.00579, -0.38295 ], [ 37.0059, -0.38308 ], [ 37.00607, -0.3832 ], [ 37.00609, -0.38321 ], [ 37.00619, -0.3833 ], [ 37.00654, -0.38352 ], [ 37.00667, -0.3837 ], [ 37.00676, -0.38385 ], [ 37.00678, -0.38389 ], [ 37.00684, -0.38404 ], [ 37.00689, -0.38424 ], [ 37.00689, -0.38461 ], [ 37.00691, -0.38486 ], [ 37.00691, -0.38507 ], [ 37.00685, -0.38552 ], [ 37.00685, -0.38553 ], [ 37.00672, -0.38579 ], [ 37.00667, -0.38586 ], [ 37.00655, -0.38603 ], [ 37.0065, -0.38618 ], [ 37.00649, -0.38639 ], [ 37.00649, -0.3864 ], [ 37.00648, -0.38657 ], [ 37.00651, -0.38676 ], [ 37.00656, -0.38685 ], [ 37.0067, -0.38696 ], [ 37.00688, -0.387 ], [ 37.00703, -0.38705 ], [ 37.00728, -0.38711 ], [ 37.00745, -0.38717 ], [ 37.0076, -0.38717 ], [ 37.00764, -0.38722 ], [ 37.00771, -0.38738 ], [ 37.00774, -0.38744 ], [ 37.00777, -0.38772 ], [ 37.00775, -0.38789 ], [ 37.00774, -0.38802 ], [ 37.00768, -0.38822 ], [ 37.00766, -0.38824 ], [ 37.00748, -0.38841 ], [ 37.00717, -0.38847 ], [ 37.0068, -0.38847 ], [ 37.00657, -0.38852 ], [ 37.00638, -0.38861 ], [ 37.0062, -0.38875 ], [ 37.00608, -0.38894 ], [ 37.00608, -0.38899 ], [ 37.00607, -0.389 ], [ 37.00607, -0.389 ], [ 37.00603, -0.38911 ], [ 37.00605, -0.38934 ], [ 37.00607, -0.3894 ], [ 37.00613, -0.38955 ], [ 37.00652, -0.38983 ], [ 37.00668, -0.39 ], [ 37.0068, -0.39017 ], [ 37.00688, -0.39037 ], [ 37.00688, -0.39037 ], [ 37.00688, -0.39043 ], [ 37.00688, -0.39063 ], [ 37.00688, -0.39073 ], [ 37.00692, -0.39091 ], [ 37.00697, -0.39096 ], [ 37.00707, -0.39103 ], [ 37.00731, -0.39105 ], [ 37.00749, -0.391 ], [ 37.00766, -0.39094 ], [ 37.00781, -0.39082 ], [ 37.00794, -0.39071 ], [ 37.00807, -0.39067 ], [ 37.00815, -0.39068 ], [ 37.00828, -0.39069 ], [ 37.00842, -0.39081 ], [ 37.00848, -0.3909 ], [ 37.00857, -0.39104 ], [ 37.00859, -0.3914 ], [ 37.00857, -0.39185 ], [ 37.00851, -0.39231 ], [ 37.0085, -0.39233 ], [ 37.00846, -0.39256 ], [ 37.0085, -0.39274 ], [ 37.00855, -0.39276 ], [ 37.00865, -0.39281 ], [ 37.00881, -0.39285 ], [ 37.00901, -0.39285 ], [ 37.00917, -0.39294 ], [ 37.00926, -0.39308 ], [ 37.00923, -0.39324 ], [ 37.00916, -0.39345 ], [ 37.00905, -0.39363 ], [ 37.00906, -0.39381 ], [ 37.00921, -0.39391 ], [ 37.00936, -0.39392 ], [ 37.00956, -0.39398 ], [ 37.00971, -0.39402 ], [ 37.00983, -0.39414 ], [ 37.00994, -0.3943 ], [ 37.00996, -0.3945 ], [ 37.00997, -0.39459 ], [ 37.00997, -0.39475 ], [ 37.00997, -0.39478 ], [ 37.00997, -0.39504 ], [ 37.01001, -0.39526 ], [ 37.01024, -0.39535 ], [ 37.01036, -0.39529 ], [ 37.01047, -0.39524 ], [ 37.01061, -0.39492 ], [ 37.01066, -0.39475 ], [ 37.01068, -0.39466 ], [ 37.01078, -0.39451 ], [ 37.01096, -0.39442 ], [ 37.01115, -0.39438 ], [ 37.01138, -0.39443 ], [ 37.01157, -0.39454 ], [ 37.0118, -0.39472 ], [ 37.01201, -0.39499 ], [ 37.01212, -0.39528 ], [ 37.01217, -0.39561 ], [ 37.01221, -0.39592 ], [ 37.01225, -0.39623 ], [ 37.01233, -0.39652 ], [ 37.01233, -0.39652 ], [ 37.01247, -0.39679 ], [ 37.01261, -0.39686 ], [ 37.01271, -0.3969 ], [ 37.01298, -0.39689 ], [ 37.01324, -0.39684 ], [ 37.01346, -0.39676 ], [ 37.01366, -0.39665 ], [ 37.01387, -0.39649 ], [ 37.01392, -0.39644 ], [ 37.01406, -0.39633 ], [ 37.01434, -0.39621 ], [ 37.01459, -0.39621 ], [ 37.01474, -0.39622 ], [ 37.01485, -0.39628 ], [ 37.01495, -0.39646 ], [ 37.01505, -0.39679 ], [ 37.01514, -0.39713 ], [ 37.0151, -0.39731 ], [ 37.01508, -0.39733 ], [ 37.01494, -0.39744 ], [ 37.01471, -0.39745 ], [ 37.0145, -0.39745 ], [ 37.01422, -0.39744 ], [ 37.01395, -0.39751 ], [ 37.0137, -0.39773 ], [ 37.01359, -0.39791 ], [ 37.01357, -0.39799 ], [ 37.01354, -0.3981 ], [ 37.01354, -0.39828 ], [ 37.0136, -0.39845 ], [ 37.01373, -0.39865 ], [ 37.01393, -0.39879 ], [ 37.01418, -0.39892 ], [ 37.01434, -0.39896 ], [ 37.01453, -0.39897 ], [ 37.01463, -0.39895 ], [ 37.01473, -0.39893 ], [ 37.01484, -0.39888 ], [ 37.01494, -0.39884 ], [ 37.01512, -0.39874 ], [ 37.01532, -0.39863 ], [ 37.01547, -0.39858 ], [ 37.01572, -0.39858 ], [ 37.01582, -0.39866 ], [ 37.01587, -0.3987 ], [ 37.01586, -0.39893 ], [ 37.01582, -0.39901 ], [ 37.01577, -0.39912 ], [ 37.01572, -0.39933 ], [ 37.01582, -0.39934 ], [ 37.01582, -0.39934 ], [ 37.01592, -0.39935 ], [ 37.0162, -0.39931 ], [ 37.01641, -0.39931 ], [ 37.0167, -0.39933 ], [ 37.0171, -0.39938 ], [ 37.0171, -0.39938 ], [ 37.0171, -0.39938 ], [ 37.01723, -0.39948 ], [ 37.01732, -0.39962 ], [ 37.01737, -0.39977 ], [ 37.01737, -0.39997 ], [ 37.01736, -0.40011 ], [ 37.01736, -0.40022 ], [ 37.01735, -0.40027 ], [ 37.01738, -0.40045 ], [ 37.01747, -0.40054 ], [ 37.01769, -0.40065 ], [ 37.01782, -0.40077 ], [ 37.01792, -0.40089 ], [ 37.01796, -0.40099 ], [ 37.01799, -0.40109 ], [ 37.01793, -0.40123 ], [ 37.01783, -0.40138 ], [ 37.01782, -0.40151 ], [ 37.0178, -0.40152 ], [ 37.01761, -0.40167 ], [ 37.01755, -0.40183 ], [ 37.01769, -0.402 ], [ 37.01789, -0.40214 ], [ 37.01807, -0.40226 ], [ 37.01829, -0.40239 ], [ 37.01851, -0.40251 ], [ 37.01875, -0.40262 ], [ 37.01903, -0.40263 ], [ 37.01936, -0.40259 ], [ 37.01975, -0.40255 ], [ 37.02007, -0.40253 ], [ 37.02045, -0.40253 ], [ 37.02074, -0.40243 ], [ 37.02102, -0.40238 ], [ 37.02123, -0.40236 ], [ 37.02137, -0.4024 ], [ 37.02152, -0.40251 ], [ 37.02167, -0.40263 ], [ 37.02171, -0.40267 ], [ 37.02181, -0.40279 ], [ 37.02192, -0.40307 ], [ 37.0221, -0.40323 ], [ 37.02223, -0.40342 ], [ 37.0224, -0.40359 ], [ 37.0226, -0.40367 ], [ 37.02262, -0.40368 ], [ 37.02289, -0.40371 ], [ 37.02292, -0.40367 ], [ 37.02292, -0.40367 ], [ 37.02299, -0.40367 ], [ 37.02311, -0.40359 ], [ 37.02322, -0.40343 ], [ 37.02331, -0.40317 ], [ 37.02333, -0.40314 ], [ 37.02345, -0.40298 ], [ 37.0236, -0.40279 ], [ 37.0237, -0.40275 ], [ 37.02373, -0.40274 ], [ 37.02383, -0.4027 ], [ 37.02394, -0.40267 ], [ 37.02402, -0.40266 ], [ 37.02425, -0.40265 ], [ 37.02453, -0.40266 ], [ 37.02459, -0.40267 ], [ 37.02472, -0.40271 ], [ 37.02503, -0.40286 ], [ 37.02521, -0.40294 ], [ 37.02546, -0.40306 ], [ 37.02554, -0.40305 ], [ 37.0256, -0.40304 ], [ 37.02567, -0.40298 ], [ 37.02575, -0.4029 ], [ 37.02593, -0.40279 ], [ 37.02602, -0.40292 ], [ 37.02603, -0.40313 ], [ 37.0261, -0.40331 ], [ 37.02629, -0.4033 ], [ 37.02643, -0.40325 ], [ 37.02663, -0.40316 ], [ 37.02683, -0.40306 ], [ 37.02706, -0.40293 ], [ 37.02731, -0.40277 ], [ 37.02747, -0.40267 ], [ 37.0276, -0.4026 ], [ 37.02779, -0.40255 ], [ 37.02797, -0.4026 ], [ 37.02803, -0.40267 ], [ 37.02808, -0.40274 ], [ 37.02822, -0.40298 ], [ 37.02828, -0.40312 ], [ 37.02842, -0.40317 ], [ 37.02861, -0.4031 ], [ 37.02879, -0.40296 ], [ 37.02894, -0.40284 ], [ 37.02912, -0.40278 ], [ 37.02932, -0.40272 ], [ 37.02946, -0.40272 ], [ 37.02963, -0.40274 ], [ 37.0298, -0.40279 ], [ 37.0298, -0.40279 ] ] ] } },
{ "type": "Feature", "properties": { "entity_id": 296, "p_entity": 37, "name": "Nyeri South Sub County" }, "geometry": { "type": "Polygon", "coordinates": [ [ [ 37.00269, -0.52419 ], [ 37.00264, -0.52436 ], [ 37.00264, -0.52453 ], [ 37.00265, -0.52481 ], [ 37.00265, -0.52495 ], [ 37.00265, -0.5251 ], [ 37.00265, -0.52541 ], [ 37.0026, -0.52565 ], [ 37.00258, -0.52596 ], [ 37.00257, -0.52619 ], [ 37.00256, -0.52643 ], [ 37.00252, -0.52661 ], [ 37.00252, -0.52678 ], [ 37.00251, -0.52686 ], [ 37.00251, -0.52699 ], [ 37.00251, -0.52711 ], [ 37.00255, -0.52731 ], [ 37.00261, -0.52745 ], [ 37.00263, -0.52756 ], [ 37.00264, -0.52768 ], [ 37.00267, -0.52784 ], [ 37.00269, -0.52801 ], [ 37.00269, -0.52812 ], [ 37.00266, -0.52821 ], [ 37.00262, -0.52825 ], [ 37.00252, -0.52832 ], [ 37.00245, -0.52832 ], [ 37.00233, -0.52833 ], [ 37.00217, -0.52829 ], [ 37.00209, -0.52829 ], [ 37.00198, -0.52831 ], [ 37.00176, -0.52856 ], [ 37.00168, -0.52864 ], [ 37.0016, -0.52878 ], [ 37.00156, -0.52897 ], [ 37.0015, -0.52922 ], [ 37.00146, -0.5295 ], [ 37.00146, -0.52971 ], [ 37.00145, -0.53001 ], [ 37.00143, -0.53027 ], [ 37.00138, -0.53035 ], [ 37.00132, -0.53051 ], [ 37.0012, -0.53058 ], [ 37.00104, -0.53068 ], [ 37.00084, -0.53073 ], [ 37.00065, -0.53078 ], [ 37.00051, -0.53085 ], [ 37.00031, -0.53101 ], [ 37.00018, -0.53109 ], [ 36.99994, -0.53121 ], [ 36.99975, -0.53135 ], [ 36.99949, -0.53157 ], [ 36.99937, -0.53166 ], [ 36.99911, -0.53197 ], [ 36.99898, -0.53227 ], [ 36.99892, -0.53232 ], [ 36.99882, -0.53248 ], [ 36.9987, -0.5326 ], [ 36.99861, -0.53268 ], [ 36.99852, -0.5328 ], [ 36.99849, -0.53294 ], [ 36.99853, -0.53309 ], [ 36.99856, -0.53319 ], [ 36.99858, -0.53336 ], [ 36.99856, -0.53369 ], [ 36.99856, -0.53395 ], [ 36.99856, -0.53411 ], [ 36.99856, -0.53431 ], [ 36.99852, -0.53458 ], [ 36.99849, -0.53488 ], [ 36.99844, -0.53518 ], [ 36.99837, -0.53537 ], [ 36.99825, -0.53556 ], [ 36.99818, -0.53557 ], [ 36.99807, -0.53557 ], [ 36.9978, -0.53548 ], [ 36.99769, -0.53538 ], [ 36.99753, -0.53517 ], [ 36.99744, -0.53506 ], [ 36.99729, -0.53496 ], [ 36.99717, -0.53492 ], [ 36.99698, -0.53492 ], [ 36.99686, -0.53495 ], [ 36.99669, -0.53513 ], [ 36.99666, -0.53529 ], [ 36.99668, -0.53546 ], [ 36.99667, -0.53557 ], [ 36.99667, -0.53566 ], [ 36.9967, -0.53591 ], [ 36.99672, -0.53605 ], [ 36.99674, -0.53624 ], [ 36.99677, -0.5365 ], [ 36.99677, -0.53673 ], [ 36.99678, -0.53698 ], [ 36.99679, -0.53707 ], [ 36.99679, -0.53729 ], [ 36.9968, -0.53744 ], [ 36.9968, -0.53765 ], [ 36.99672, -0.53792 ], [ 36.99651, -0.53806 ], [ 36.9964, -0.53817 ], [ 36.99632, -0.5382 ], [ 36.99628, -0.53825 ], [ 36.99626, -0.53836 ], [ 36.99627, -0.53839 ], [ 36.99634, -0.53858 ], [ 36.99634, -0.5388 ], [ 36.99639, -0.53901 ], [ 36.99641, -0.5391 ], [ 36.99641, -0.53922 ], [ 36.99641, -0.53932 ], [ 36.9964, -0.53957 ], [ 36.99639, -0.53971 ], [ 36.9963, -0.53985 ], [ 36.99621, -0.53996 ], [ 36.99611, -0.54009 ], [ 36.99598, -0.54019 ], [ 36.99588, -0.54029 ], [ 36.9957, -0.54047 ], [ 36.99563, -0.54058 ], [ 36.99561, -0.5407 ], [ 36.99563, -0.54078 ], [ 36.99571, -0.54089 ], [ 36.99584, -0.54101 ], [ 36.99594, -0.54107 ], [ 36.99601, -0.5412 ], [ 36.99619, -0.54136 ], [ 36.99641, -0.54159 ], [ 36.99655, -0.54174 ], [ 36.99667, -0.54183 ], [ 36.99673, -0.54188 ], [ 36.99685, -0.54198 ], [ 36.99687, -0.54217 ], [ 36.99688, -0.5423 ], [ 36.99686, -0.54238 ], [ 36.99678, -0.54253 ], [ 36.99665, -0.54267 ], [ 36.99652, -0.54274 ], [ 36.99638, -0.5428 ], [ 36.99627, -0.5428 ], [ 36.9961, -0.54281 ], [ 36.99598, -0.54282 ], [ 36.99588, -0.54282 ], [ 36.99578, -0.54282 ], [ 36.99555, -0.54277 ], [ 36.99545, -0.54271 ], [ 36.99528, -0.54264 ], [ 36.99516, -0.54258 ], [ 36.995, -0.54247 ], [ 36.99492, -0.54243 ], [ 36.99476, -0.54234 ], [ 36.99465, -0.54227 ], [ 36.9945, -0.54221 ], [ 36.99439, -0.54221 ], [ 36.99424, -0.54233 ], [ 36.99416, -0.54252 ], [ 36.9941, -0.54265 ], [ 36.99398, -0.54285 ], [ 36.99388, -0.54296 ], [ 36.99376, -0.54321 ], [ 36.9937, -0.54333 ], [ 36.99355, -0.54354 ], [ 36.99344, -0.54372 ], [ 36.99332, -0.54387 ], [ 36.99322, -0.54401 ], [ 36.99314, -0.54416 ], [ 36.99307, -0.54429 ], [ 36.99305, -0.54447 ], [ 36.99306, -0.54459 ], [ 36.99312, -0.54473 ], [ 36.99323, -0.54491 ], [ 36.99343, -0.54522 ], [ 36.99357, -0.54541 ], [ 36.99366, -0.54552 ], [ 36.99383, -0.54571 ], [ 36.99396, -0.54584 ], [ 36.99405, -0.54602 ], [ 36.99409, -0.54613 ], [ 36.9942, -0.54627 ], [ 36.99423, -0.54635 ], [ 36.99437, -0.54654 ], [ 36.99443, -0.54669 ], [ 36.99443, -0.54682 ], [ 36.99444, -0.54696 ], [ 36.99444, -0.54716 ], [ 36.99444, -0.54735 ], [ 36.99439, -0.54747 ], [ 36.99429, -0.5477 ], [ 36.99419, -0.54785 ], [ 36.99412, -0.54792 ], [ 36.994, -0.54813 ], [ 36.9939, -0.54832 ], [ 36.9938, -0.54847 ], [ 36.99371, -0.54862 ], [ 36.99366, -0.54875 ], [ 36.99364, -0.54888 ], [ 36.99364, -0.54899 ], [ 36.99366, -0.54915 ], [ 36.99367, -0.54928 ], [ 36.99368, -0.54931 ], [ 36.99372, -0.54941 ], [ 36.99382, -0.5496 ], [ 36.99392, -0.54973 ], [ 36.99402, -0.54981 ], [ 36.99411, -0.54987 ], [ 36.99418, -0.54995 ], [ 36.99434, -0.55005 ], [ 36.99437, -0.55011 ], [ 36.99451, -0.55027 ], [ 36.99461, -0.55042 ], [ 36.99467, -0.55051 ], [ 36.99481, -0.55068 ], [ 36.99491, -0.55081 ], [ 36.99493, -0.55097 ], [ 36.99494, -0.5511 ], [ 36.99494, -0.55126 ], [ 36.99488, -0.55149 ], [ 36.99481, -0.55167 ], [ 36.9947, -0.55189 ], [ 36.99464, -0.552 ], [ 36.99454, -0.55228 ], [ 36.99447, -0.55241 ], [ 36.99437, -0.55262 ], [ 36.99425, -0.55278 ], [ 36.99414, -0.55293 ], [ 36.99408, -0.55299 ], [ 36.99392, -0.5532 ], [ 36.99381, -0.55341 ], [ 36.99379, -0.55345 ], [ 36.9937, -0.55362 ], [ 36.99358, -0.55377 ], [ 36.99343, -0.55401 ], [ 36.99333, -0.55415 ], [ 36.99305, -0.55457 ], [ 36.99292, -0.55487 ], [ 36.99271, -0.55524 ], [ 36.99252, -0.55548 ], [ 36.99232, -0.55574 ], [ 36.99223, -0.55584 ], [ 36.99209, -0.55608 ], [ 36.99195, -0.55626 ], [ 36.99186, -0.55632 ], [ 36.9916, -0.5565 ], [ 36.99137, -0.55667 ], [ 36.9913, -0.55675 ], [ 36.99117, -0.55685 ], [ 36.99102, -0.55694 ], [ 36.99085, -0.55702 ], [ 36.9907, -0.5571 ], [ 36.99057, -0.5572 ], [ 36.99041, -0.55742 ], [ 36.99031, -0.55756 ], [ 36.99023, -0.5577 ], [ 36.99015, -0.55783 ], [ 36.99012, -0.55793 ], [ 36.99006, -0.55812 ], [ 36.99006, -0.55826 ], [ 36.99005, -0.55845 ], [ 36.99002, -0.55862 ], [ 36.98997, -0.5588 ], [ 36.9899, -0.55905 ], [ 36.98983, -0.5593 ], [ 36.98979, -0.55945 ], [ 36.98975, -0.55952 ], [ 36.98966, -0.55966 ], [ 36.98956, -0.5598 ], [ 36.98951, -0.55987 ], [ 36.98942, -0.56004 ], [ 36.98938, -0.56012 ], [ 36.98935, -0.56023 ], [ 36.98929, -0.56035 ], [ 36.98926, -0.56043 ], [ 36.98925, -0.56047 ], [ 36.98923, -0.56063 ], [ 36.98919, -0.5608 ], [ 36.98914, -0.56092 ], [ 36.98904, -0.56112 ], [ 36.98896, -0.56127 ], [ 36.98885, -0.56149 ], [ 36.98873, -0.56169 ], [ 36.98865, -0.56186 ], [ 36.98853, -0.56203 ], [ 36.98846, -0.5621 ], [ 36.98829, -0.56214 ], [ 36.98822, -0.56216 ], [ 36.98803, -0.56221 ], [ 36.98799, -0.56222 ], [ 36.98781, -0.56226 ], [ 36.9877, -0.56227 ], [ 36.98759, -0.56231 ], [ 36.9875, -0.56235 ], [ 36.98742, -0.5624 ], [ 36.98737, -0.56244 ], [ 36.98732, -0.56253 ], [ 36.98726, -0.5627 ], [ 36.98726, -0.56271 ], [ 36.98724, -0.56285 ], [ 36.98724, -0.56298 ], [ 36.98721, -0.56308 ], [ 36.98716, -0.56325 ], [ 36.98714, -0.56332 ], [ 36.98714, -0.56355 ], [ 36.98714, -0.56372 ], [ 36.98714, -0.56381 ], [ 36.98714, -0.56396 ], [ 36.98714, -0.56412 ], [ 36.9871, -0.56427 ], [ 36.98705, -0.56444 ], [ 36.98702, -0.56463 ], [ 36.98698, -0.56473 ], [ 36.98693, -0.56483 ], [ 36.98688, -0.565 ], [ 36.98684, -0.56515 ], [ 36.98678, -0.56534 ], [ 36.98669, -0.56555 ], [ 36.98661, -0.56573 ], [ 36.98653, -0.56589 ], [ 36.98646, -0.56601 ], [ 36.98646, -0.56601 ], [ 36.98639, -0.56614 ], [ 36.98626, -0.56635 ], [ 36.9862, -0.56648 ], [ 36.98611, -0.56665 ], [ 36.98602, -0.56678 ], [ 36.98592, -0.56692 ], [ 36.98582, -0.56705 ], [ 36.98571, -0.56719 ], [ 36.98561, -0.56732 ], [ 36.98549, -0.56747 ], [ 36.98541, -0.56757 ], [ 36.98525, -0.56778 ], [ 36.98522, -0.5678 ], [ 36.98512, -0.5679 ], [ 36.98505, -0.56804 ], [ 36.98497, -0.56823 ], [ 36.98491, -0.56841 ], [ 36.98484, -0.56856 ], [ 36.98478, -0.56871 ], [ 36.98471, -0.56884 ], [ 36.98464, -0.56898 ], [ 36.98457, -0.56914 ], [ 36.98447, -0.5693 ], [ 36.98434, -0.56945 ], [ 36.98417, -0.56957 ], [ 36.98407, -0.56957 ], [ 36.98387, -0.56958 ], [ 36.98376, -0.56958 ], [ 36.98359, -0.5695 ], [ 36.98344, -0.56942 ], [ 36.98337, -0.56942 ], [ 36.98326, -0.56942 ], [ 36.98315, -0.56943 ], [ 36.98305, -0.56944 ], [ 36.9829, -0.56947 ], [ 36.98278, -0.56955 ], [ 36.98267, -0.56963 ], [ 36.98254, -0.56965 ], [ 36.98246, -0.5696 ], [ 36.98234, -0.56956 ], [ 36.98225, -0.56953 ], [ 36.98214, -0.56953 ], [ 36.98208, -0.56955 ], [ 36.98203, -0.56962 ], [ 36.98202, -0.5697 ], [ 36.98201, -0.56978 ], [ 36.982, -0.5699 ], [ 36.98197, -0.57 ], [ 36.98191, -0.57009 ], [ 36.98187, -0.57023 ], [ 36.98184, -0.57043 ], [ 36.98178, -0.57057 ], [ 36.98171, -0.57071 ], [ 36.98165, -0.57082 ], [ 36.98159, -0.57094 ], [ 36.98153, -0.57095 ], [ 36.98138, -0.57103 ], [ 36.98126, -0.57103 ], [ 36.98117, -0.57103 ], [ 36.98096, -0.57096 ], [ 36.98088, -0.57093 ], [ 36.98084, -0.57091 ], [ 36.98075, -0.57088 ], [ 36.98065, -0.57086 ], [ 36.98059, -0.57085 ], [ 36.98046, -0.57087 ], [ 36.98031, -0.57088 ], [ 36.98012, -0.57079 ], [ 36.98004, -0.57067 ], [ 36.97994, -0.57048 ], [ 36.97986, -0.57032 ], [ 36.9797, -0.57011 ], [ 36.97958, -0.56986 ], [ 36.97951, -0.56964 ], [ 36.97936, -0.56942 ], [ 36.97929, -0.56925 ], [ 36.97918, -0.56903 ], [ 36.97908, -0.56889 ], [ 36.97899, -0.56879 ], [ 36.97891, -0.56869 ], [ 36.97881, -0.5686 ], [ 36.97871, -0.56846 ], [ 36.97868, -0.5684 ], [ 36.97861, -0.56834 ], [ 36.97853, -0.5683 ], [ 36.97845, -0.56828 ], [ 36.97837, -0.56829 ], [ 36.97832, -0.56838 ], [ 36.9783, -0.56849 ], [ 36.97829, -0.56855 ], [ 36.97824, -0.56875 ], [ 36.97823, -0.56891 ], [ 36.97819, -0.56903 ], [ 36.97813, -0.56921 ], [ 36.97805, -0.56931 ], [ 36.97795, -0.56948 ], [ 36.9779, -0.5695 ], [ 36.9778, -0.56953 ], [ 36.97773, -0.56954 ], [ 36.97763, -0.56954 ], [ 36.97744, -0.56955 ], [ 36.97729, -0.56955 ], [ 36.97715, -0.56953 ], [ 36.97703, -0.56951 ], [ 36.97703, -0.56951 ], [ 36.97691, -0.56949 ], [ 36.97678, -0.56945 ], [ 36.97666, -0.56942 ], [ 36.97653, -0.56941 ], [ 36.97643, -0.5694 ], [ 36.97626, -0.56939 ], [ 36.97616, -0.5694 ], [ 36.97594, -0.56954 ], [ 36.9759, -0.56956 ], [ 36.97578, -0.56964 ], [ 36.97567, -0.5697 ], [ 36.97549, -0.56975 ], [ 36.97526, -0.56976 ], [ 36.97512, -0.56977 ], [ 36.9748, -0.56979 ], [ 36.97462, -0.56978 ], [ 36.97444, -0.56977 ], [ 36.97429, -0.56974 ], [ 36.97404, -0.56971 ], [ 36.97384, -0.56964 ], [ 36.97374, -0.56974 ], [ 36.97371, -0.56986 ], [ 36.97368, -0.57 ], [ 36.97363, -0.57006 ], [ 36.97363, -0.5702 ], [ 36.97368, -0.57039 ], [ 36.97379, -0.57057 ], [ 36.97385, -0.57063 ], [ 36.97408, -0.57085 ], [ 36.97421, -0.57106 ], [ 36.97434, -0.57131 ], [ 36.97434, -0.57133 ], [ 36.97448, -0.57163 ], [ 36.97452, -0.57171 ], [ 36.97453, -0.57172 ], [ 36.97459, -0.5719 ], [ 36.97465, -0.57214 ], [ 36.97466, -0.57233 ], [ 36.97469, -0.57254 ], [ 36.97475, -0.5727 ], [ 36.97489, -0.573 ], [ 36.97495, -0.57315 ], [ 36.97507, -0.5734 ], [ 36.97508, -0.57359 ], [ 36.97509, -0.57374 ], [ 36.97508, -0.57406 ], [ 36.975, -0.57422 ], [ 36.97466, -0.57437 ], [ 36.97455, -0.57438 ], [ 36.97441, -0.5744 ], [ 36.97417, -0.57442 ], [ 36.97385, -0.57452 ], [ 36.97355, -0.57468 ], [ 36.9734, -0.5747 ], [ 36.97321, -0.57484 ], [ 36.97315, -0.57492 ], [ 36.97315, -0.57505 ], [ 36.97317, -0.5752 ], [ 36.97338, -0.57543 ], [ 36.97379, -0.57588 ], [ 36.97391, -0.57621 ], [ 36.97408, -0.57676 ], [ 36.97418, -0.57698 ], [ 36.97434, -0.57732 ], [ 36.97453, -0.5776 ], [ 36.97465, -0.57782 ], [ 36.97493, -0.57812 ], [ 36.9751, -0.57821 ], [ 36.97527, -0.57822 ], [ 36.97556, -0.57823 ], [ 36.97572, -0.57824 ], [ 36.97592, -0.57826 ], [ 36.97627, -0.57849 ], [ 36.97641, -0.57856 ], [ 36.97674, -0.57887 ], [ 36.97691, -0.57903 ], [ 36.97698, -0.57925 ], [ 36.97708, -0.5795 ], [ 36.97724, -0.57977 ], [ 36.97724, -0.57994 ], [ 36.97728, -0.58005 ], [ 36.97729, -0.58015 ], [ 36.97729, -0.5803 ], [ 36.97735, -0.58043 ], [ 36.97734, -0.58044 ], [ 36.97732, -0.58045 ], [ 36.97727, -0.58049 ], [ 36.97707, -0.58063 ], [ 36.97694, -0.58073 ], [ 36.97688, -0.58078 ], [ 36.97682, -0.58083 ], [ 36.97677, -0.58088 ], [ 36.97673, -0.58093 ], [ 36.97669, -0.58097 ], [ 36.97665, -0.58102 ], [ 36.97653, -0.58117 ], [ 36.97651, -0.5812 ], [ 36.97647, -0.58124 ], [ 36.9764, -0.58133 ], [ 36.97634, -0.58141 ], [ 36.97628, -0.58148 ], [ 36.97624, -0.58156 ], [ 36.97623, -0.58157 ], [ 36.97622, -0.58159 ], [ 36.97621, -0.58163 ], [ 36.97617, -0.58176 ], [ 36.97615, -0.58181 ], [ 36.97612, -0.58186 ], [ 36.97611, -0.58188 ], [ 36.9761, -0.5819 ], [ 36.9761, -0.5819 ], [ 36.97608, -0.58192 ], [ 36.97606, -0.58194 ], [ 36.97602, -0.58197 ], [ 36.97597, -0.582 ], [ 36.97586, -0.58207 ], [ 36.97581, -0.5821 ], [ 36.97573, -0.58216 ], [ 36.97568, -0.5822 ], [ 36.97555, -0.5823 ], [ 36.97547, -0.58236 ], [ 36.97527, -0.5825 ], [ 36.97521, -0.58254 ], [ 36.97516, -0.58257 ], [ 36.97511, -0.5826 ], [ 36.97508, -0.58261 ], [ 36.97505, -0.58262 ], [ 36.975, -0.58264 ], [ 36.97493, -0.58266 ], [ 36.97482, -0.58269 ], [ 36.9746, -0.58273 ], [ 36.97451, -0.58275 ], [ 36.97444, -0.58277 ], [ 36.97443, -0.58278 ], [ 36.97436, -0.5828 ], [ 36.97426, -0.58283 ], [ 36.97415, -0.58288 ], [ 36.97406, -0.58292 ], [ 36.97396, -0.58296 ], [ 36.97388, -0.58298 ], [ 36.9738, -0.583 ], [ 36.97372, -0.58302 ], [ 36.97353, -0.58305 ], [ 36.97344, -0.58307 ], [ 36.97336, -0.58309 ], [ 36.97328, -0.58311 ], [ 36.97319, -0.58315 ], [ 36.97309, -0.5832 ], [ 36.97299, -0.58325 ], [ 36.97278, -0.58336 ], [ 36.9727, -0.5834 ], [ 36.97242, -0.58353 ], [ 36.97223, -0.58363 ], [ 36.97212, -0.58368 ], [ 36.97212, -0.58368 ], [ 36.9721, -0.58368 ], [ 36.97196, -0.58369 ], [ 36.97179, -0.58376 ], [ 36.97164, -0.5839 ], [ 36.97151, -0.58397 ], [ 36.9714, -0.58405 ], [ 36.97129, -0.58406 ], [ 36.97105, -0.58417 ], [ 36.97084, -0.58423 ], [ 36.97069, -0.58441 ], [ 36.97057, -0.58456 ], [ 36.97035, -0.58481 ], [ 36.97028, -0.58502 ], [ 36.97015, -0.58526 ], [ 36.97008, -0.58543 ], [ 36.9699, -0.58568 ], [ 36.9699, -0.58569 ], [ 36.96988, -0.58571 ], [ 36.96986, -0.58576 ], [ 36.96981, -0.58583 ], [ 36.96972, -0.586 ], [ 36.96967, -0.58608 ], [ 36.96958, -0.58622 ], [ 36.9695, -0.58633 ], [ 36.96941, -0.58644 ], [ 36.96933, -0.58654 ], [ 36.96929, -0.58658 ], [ 36.96925, -0.58662 ], [ 36.96905, -0.58679 ], [ 36.96901, -0.58683 ], [ 36.96897, -0.58687 ], [ 36.96893, -0.58692 ], [ 36.96888, -0.58697 ], [ 36.96869, -0.5872 ], [ 36.96855, -0.58736 ], [ 36.96851, -0.58741 ], [ 36.96847, -0.58744 ], [ 36.96843, -0.58747 ], [ 36.96839, -0.58751 ], [ 36.96834, -0.58754 ], [ 36.96829, -0.58757 ], [ 36.96824, -0.5876 ], [ 36.96818, -0.58763 ], [ 36.96811, -0.58766 ], [ 36.96804, -0.5877 ], [ 36.96793, -0.58775 ], [ 36.96784, -0.58778 ], [ 36.96776, -0.58781 ], [ 36.96769, -0.58782 ], [ 36.96769, -0.58782 ], [ 36.96762, -0.58783 ], [ 36.96755, -0.58783 ], [ 36.96755, -0.58783 ], [ 36.96748, -0.58783 ], [ 36.9673, -0.58782 ], [ 36.96709, -0.58781 ], [ 36.96701, -0.58781 ], [ 36.96694, -0.58781 ], [ 36.96687, -0.58782 ], [ 36.96672, -0.58783 ], [ 36.96663, -0.58784 ], [ 36.96655, -0.58785 ], [ 36.96647, -0.58786 ], [ 36.9664, -0.58785 ], [ 36.96634, -0.58785 ], [ 36.96619, -0.58784 ], [ 36.96613, -0.58783 ], [ 36.96603, -0.58783 ], [ 36.96594, -0.58783 ], [ 36.96584, -0.58783 ], [ 36.96575, -0.58783 ], [ 36.96565, -0.58784 ], [ 36.96555, -0.58785 ], [ 36.96545, -0.58786 ], [ 36.96536, -0.58787 ], [ 36.96534, -0.58788 ], [ 36.96523, -0.58789 ], [ 36.96515, -0.58791 ], [ 36.96507, -0.58792 ], [ 36.96501, -0.58794 ], [ 36.96492, -0.58797 ], [ 36.96484, -0.58799 ], [ 36.96478, -0.58802 ], [ 36.96476, -0.58802 ], [ 36.96469, -0.58806 ], [ 36.96464, -0.58808 ], [ 36.96464, -0.58808 ], [ 36.9646, -0.5881 ], [ 36.96445, -0.58819 ], [ 36.96444, -0.5882 ], [ 36.96423, -0.58827 ], [ 36.96405, -0.58839 ], [ 36.9638, -0.5884 ], [ 36.9636, -0.58844 ], [ 36.96338, -0.58851 ], [ 36.96317, -0.58856 ], [ 36.96296, -0.58862 ], [ 36.96274, -0.58866 ], [ 36.9626, -0.58868 ], [ 36.96238, -0.58878 ], [ 36.9622, -0.58881 ], [ 36.96219, -0.58881 ], [ 36.96184, -0.58894 ], [ 36.96148, -0.58904 ], [ 36.96107, -0.58907 ], [ 36.96072, -0.58907 ], [ 36.96047, -0.58909 ], [ 36.96035, -0.5891 ], [ 36.96034, -0.5891 ], [ 36.96025, -0.58909 ], [ 36.96017, -0.58908 ], [ 36.96007, -0.58907 ], [ 36.95996, -0.58907 ], [ 36.95986, -0.58906 ], [ 36.95964, -0.58907 ], [ 36.95954, -0.58907 ], [ 36.95935, -0.58906 ], [ 36.95913, -0.58904 ], [ 36.95896, -0.58903 ], [ 36.95866, -0.589 ], [ 36.95861, -0.589 ], [ 36.95849, -0.58897 ], [ 36.95843, -0.58897 ], [ 36.95837, -0.58896 ], [ 36.95832, -0.58897 ], [ 36.9583, -0.58897 ], [ 36.95827, -0.58898 ], [ 36.95824, -0.58899 ], [ 36.95821, -0.58901 ], [ 36.95816, -0.58904 ], [ 36.95802, -0.58913 ], [ 36.95798, -0.58916 ], [ 36.95794, -0.58917 ], [ 36.95791, -0.58918 ], [ 36.95787, -0.58919 ], [ 36.95779, -0.58921 ], [ 36.95772, -0.58922 ], [ 36.95754, -0.58925 ], [ 36.95746, -0.58926 ], [ 36.95742, -0.58927 ], [ 36.95738, -0.58929 ], [ 36.95735, -0.5893 ], [ 36.95732, -0.58931 ], [ 36.95725, -0.58934 ], [ 36.95719, -0.58938 ], [ 36.95712, -0.58943 ], [ 36.95703, -0.58949 ], [ 36.95697, -0.58954 ], [ 36.95685, -0.58964 ], [ 36.95679, -0.58969 ], [ 36.95674, -0.58972 ], [ 36.95668, -0.58976 ], [ 36.95662, -0.58979 ], [ 36.95645, -0.58987 ], [ 36.95636, -0.58992 ], [ 36.9563, -0.58997 ], [ 36.95626, -0.58999 ], [ 36.95614, -0.59007 ], [ 36.95607, -0.59011 ], [ 36.95596, -0.59018 ], [ 36.95591, -0.59021 ], [ 36.95586, -0.59024 ], [ 36.95585, -0.59025 ], [ 36.9556, -0.59037 ], [ 36.95533, -0.59051 ], [ 36.95509, -0.59066 ], [ 36.95488, -0.59079 ], [ 36.9547, -0.59095 ], [ 36.95449, -0.59114 ], [ 36.95433, -0.59133 ], [ 36.95394, -0.59172 ], [ 36.95381, -0.59188 ], [ 36.9537, -0.59209 ], [ 36.95357, -0.59236 ], [ 36.95344, -0.59287 ], [ 36.95335, -0.59316 ], [ 36.95319, -0.59337 ], [ 36.95295, -0.59365 ], [ 36.95279, -0.59381 ], [ 36.9525, -0.59397 ], [ 36.95223, -0.59409 ], [ 36.95194, -0.59418 ], [ 36.95174, -0.59421 ], [ 36.95167, -0.59422 ], [ 36.95167, -0.59422 ], [ 36.95167, -0.59422 ], [ 36.95167, -0.59422 ], [ 36.95145, -0.59436 ], [ 36.9512, -0.59452 ], [ 36.95113, -0.59465 ], [ 36.95102, -0.59482 ], [ 36.95092, -0.59501 ], [ 36.95083, -0.59514 ], [ 36.95063, -0.59525 ], [ 36.95029, -0.59542 ], [ 36.95007, -0.59549 ], [ 36.94976, -0.59558 ], [ 36.94939, -0.59558 ], [ 36.94919, -0.59567 ], [ 36.94906, -0.59567 ], [ 36.94885, -0.59568 ], [ 36.94877, -0.59568 ], [ 36.94869, -0.59567 ], [ 36.94862, -0.59566 ], [ 36.94858, -0.59565 ], [ 36.9485, -0.59563 ], [ 36.94846, -0.59562 ], [ 36.94841, -0.59561 ], [ 36.94835, -0.59561 ], [ 36.94829, -0.59561 ], [ 36.94816, -0.5956 ], [ 36.94811, -0.5956 ], [ 36.94782, -0.59554 ], [ 36.94756, -0.59556 ], [ 36.94723, -0.59571 ], [ 36.9471, -0.59588 ], [ 36.94674, -0.59605 ], [ 36.94638, -0.5962 ], [ 36.94631, -0.59622 ], [ 36.94615, -0.59626 ], [ 36.94609, -0.59628 ], [ 36.94593, -0.59631 ], [ 36.94588, -0.59632 ], [ 36.94583, -0.59634 ], [ 36.94579, -0.59635 ], [ 36.94575, -0.59638 ], [ 36.94561, -0.59646 ], [ 36.94555, -0.59649 ], [ 36.94542, -0.59655 ], [ 36.94532, -0.5966 ], [ 36.94522, -0.59663 ], [ 36.94514, -0.59666 ], [ 36.94511, -0.59667 ], [ 36.94508, -0.59667 ], [ 36.94496, -0.59668 ], [ 36.94492, -0.59669 ], [ 36.94487, -0.5967 ], [ 36.94484, -0.59671 ], [ 36.94481, -0.59673 ], [ 36.94478, -0.59675 ], [ 36.94475, -0.59677 ], [ 36.94472, -0.59679 ], [ 36.94469, -0.59681 ], [ 36.94469, -0.59682 ], [ 36.94466, -0.59685 ], [ 36.94463, -0.59688 ], [ 36.9446, -0.59692 ], [ 36.94458, -0.59695 ], [ 36.94455, -0.597 ], [ 36.94453, -0.59704 ], [ 36.94449, -0.59714 ], [ 36.94446, -0.59719 ], [ 36.94437, -0.59737 ], [ 36.94433, -0.59744 ], [ 36.94431, -0.59748 ], [ 36.94429, -0.59751 ], [ 36.94426, -0.59754 ], [ 36.94424, -0.59757 ], [ 36.94419, -0.59762 ], [ 36.94413, -0.59767 ], [ 36.94408, -0.59771 ], [ 36.94402, -0.59774 ], [ 36.94397, -0.59777 ], [ 36.94391, -0.59779 ], [ 36.94385, -0.59781 ], [ 36.94371, -0.59784 ], [ 36.94365, -0.59786 ], [ 36.94346, -0.59793 ], [ 36.94342, -0.59794 ], [ 36.94338, -0.59796 ], [ 36.94334, -0.59796 ], [ 36.94329, -0.59797 ], [ 36.94325, -0.59798 ], [ 36.9432, -0.59798 ], [ 36.9431, -0.59798 ], [ 36.94291, -0.59796 ], [ 36.94284, -0.59796 ], [ 36.94276, -0.59796 ], [ 36.94269, -0.59797 ], [ 36.94257, -0.59798 ], [ 36.94231, -0.59803 ], [ 36.94218, -0.59805 ], [ 36.94213, -0.59806 ], [ 36.94208, -0.59807 ], [ 36.94204, -0.59807 ], [ 36.94199, -0.59808 ], [ 36.94194, -0.59808 ], [ 36.94184, -0.59807 ], [ 36.94173, -0.59806 ], [ 36.9417, -0.59805 ], [ 36.94169, -0.59805 ], [ 36.94162, -0.59804 ], [ 36.94153, -0.59802 ], [ 36.94149, -0.59801 ], [ 36.94145, -0.598 ], [ 36.94142, -0.59798 ], [ 36.94138, -0.59797 ], [ 36.94135, -0.59795 ], [ 36.94126, -0.5979 ], [ 36.94121, -0.59788 ], [ 36.94117, -0.59786 ], [ 36.94113, -0.59785 ], [ 36.94109, -0.59784 ], [ 36.94104, -0.59784 ], [ 36.941, -0.59784 ], [ 36.94088, -0.59785 ], [ 36.94082, -0.59785 ], [ 36.94078, -0.59784 ], [ 36.94073, -0.59784 ], [ 36.94054, -0.5978 ], [ 36.9405, -0.5978 ], [ 36.94046, -0.59779 ], [ 36.94039, -0.59779 ], [ 36.94031, -0.5978 ], [ 36.94023, -0.5978 ], [ 36.94014, -0.59782 ], [ 36.94013, -0.59782 ], [ 36.93992, -0.59782 ], [ 36.93937, -0.59801 ], [ 36.93929, -0.59803 ], [ 36.93929, -0.59803 ], [ 36.9392, -0.59805 ], [ 36.93886, -0.59814 ], [ 36.93853, -0.59831 ], [ 36.93819, -0.59847 ], [ 36.93781, -0.59869 ], [ 36.93775, -0.59873 ], [ 36.93773, -0.59874 ], [ 36.93763, -0.5988 ], [ 36.93751, -0.59887 ], [ 36.93746, -0.59889 ], [ 36.93741, -0.59891 ], [ 36.93738, -0.59893 ], [ 36.93734, -0.59895 ], [ 36.93725, -0.59902 ], [ 36.93722, -0.59904 ], [ 36.93718, -0.59907 ], [ 36.93714, -0.59909 ], [ 36.9371, -0.59911 ], [ 36.93707, -0.59912 ], [ 36.93706, -0.59913 ], [ 36.93704, -0.59913 ], [ 36.93692, -0.59916 ], [ 36.93689, -0.59917 ], [ 36.93685, -0.59918 ], [ 36.93682, -0.5992 ], [ 36.93677, -0.59923 ], [ 36.93672, -0.59927 ], [ 36.93668, -0.5993 ], [ 36.93658, -0.59939 ], [ 36.93653, -0.59943 ], [ 36.93637, -0.59957 ], [ 36.93633, -0.59961 ], [ 36.93629, -0.59964 ], [ 36.93627, -0.59965 ], [ 36.93623, -0.59968 ], [ 36.93616, -0.59972 ], [ 36.93609, -0.59975 ], [ 36.9359, -0.59985 ], [ 36.93584, -0.59988 ], [ 36.9358, -0.5999 ], [ 36.93564, -0.60001 ], [ 36.93558, -0.60004 ], [ 36.93554, -0.60006 ], [ 36.93549, -0.60008 ], [ 36.93545, -0.6001 ], [ 36.93532, -0.60014 ], [ 36.93525, -0.60016 ], [ 36.93522, -0.60018 ], [ 36.93519, -0.6002 ], [ 36.93517, -0.60022 ], [ 36.93514, -0.60024 ], [ 36.93513, -0.60025 ], [ 36.93511, -0.60027 ], [ 36.93507, -0.60035 ], [ 36.93506, -0.60037 ], [ 36.93504, -0.60039 ], [ 36.93502, -0.60041 ], [ 36.935, -0.60042 ], [ 36.93498, -0.60044 ], [ 36.93495, -0.60045 ], [ 36.93492, -0.60046 ], [ 36.9349, -0.60047 ], [ 36.93488, -0.60047 ], [ 36.93484, -0.60048 ], [ 36.9348, -0.60049 ], [ 36.93476, -0.60049 ], [ 36.93472, -0.6005 ], [ 36.93469, -0.6005 ], [ 36.93462, -0.60049 ], [ 36.93455, -0.60048 ], [ 36.93448, -0.60046 ], [ 36.93445, -0.60045 ], [ 36.93443, -0.60044 ], [ 36.9343, -0.60037 ], [ 36.93427, -0.60035 ], [ 36.93424, -0.60034 ], [ 36.93419, -0.60033 ], [ 36.93413, -0.60032 ], [ 36.93407, -0.60031 ], [ 36.93402, -0.6003 ], [ 36.93397, -0.6003 ], [ 36.93392, -0.6003 ], [ 36.93388, -0.60031 ], [ 36.93384, -0.60032 ], [ 36.93381, -0.60033 ], [ 36.93378, -0.60034 ], [ 36.93376, -0.60036 ], [ 36.93373, -0.60038 ], [ 36.93367, -0.60042 ], [ 36.93357, -0.6005 ], [ 36.93347, -0.60058 ], [ 36.93341, -0.60064 ], [ 36.93335, -0.6007 ], [ 36.93333, -0.60072 ], [ 36.93331, -0.60075 ], [ 36.93327, -0.60081 ], [ 36.93324, -0.60087 ], [ 36.93321, -0.60093 ], [ 36.93319, -0.60099 ], [ 36.93318, -0.60102 ], [ 36.93318, -0.60106 ], [ 36.93318, -0.6011 ], [ 36.93318, -0.60117 ], [ 36.93318, -0.6012 ], [ 36.93318, -0.60124 ], [ 36.93317, -0.60128 ], [ 36.93317, -0.6013 ], [ 36.93316, -0.60132 ], [ 36.93314, -0.60136 ], [ 36.93311, -0.60139 ], [ 36.93307, -0.60143 ], [ 36.93299, -0.60151 ], [ 36.93294, -0.60156 ], [ 36.93288, -0.60161 ], [ 36.93268, -0.60177 ], [ 36.93261, -0.60182 ], [ 36.93245, -0.60196 ], [ 36.93236, -0.60205 ], [ 36.93229, -0.60211 ], [ 36.93214, -0.60228 ], [ 36.9321, -0.60232 ], [ 36.93206, -0.60236 ], [ 36.93201, -0.6024 ], [ 36.93195, -0.60244 ], [ 36.9317, -0.6026 ], [ 36.93155, -0.60271 ], [ 36.93153, -0.60273 ], [ 36.93149, -0.60276 ], [ 36.93145, -0.60279 ], [ 36.93137, -0.60283 ], [ 36.93128, -0.60286 ], [ 36.93119, -0.60289 ], [ 36.9311, -0.60291 ], [ 36.93106, -0.60292 ], [ 36.93101, -0.60293 ], [ 36.93096, -0.60293 ], [ 36.93091, -0.60293 ], [ 36.93088, -0.60293 ], [ 36.93081, -0.60293 ], [ 36.93058, -0.60292 ], [ 36.93052, -0.60291 ], [ 36.93047, -0.60291 ], [ 36.93018, -0.60293 ], [ 36.93008, -0.60293 ], [ 36.92982, -0.60292 ], [ 36.92974, -0.60292 ], [ 36.92967, -0.60293 ], [ 36.92959, -0.60293 ], [ 36.92943, -0.60296 ], [ 36.92919, -0.60299 ], [ 36.92909, -0.603 ], [ 36.92891, -0.60303 ], [ 36.92885, -0.60304 ], [ 36.92879, -0.60305 ], [ 36.92872, -0.60307 ], [ 36.92865, -0.6031 ], [ 36.92857, -0.60312 ], [ 36.92848, -0.60316 ], [ 36.92842, -0.60318 ], [ 36.92836, -0.60321 ], [ 36.92815, -0.60332 ], [ 36.92814, -0.60333 ], [ 36.92804, -0.60337 ], [ 36.928, -0.60339 ], [ 36.92795, -0.60341 ], [ 36.92777, -0.60347 ], [ 36.92769, -0.60349 ], [ 36.92765, -0.60351 ], [ 36.92761, -0.60353 ], [ 36.92758, -0.60355 ], [ 36.92755, -0.60357 ], [ 36.92747, -0.60362 ], [ 36.92747, -0.60362 ], [ 36.92742, -0.60366 ], [ 36.9274, -0.60368 ], [ 36.92738, -0.6037 ], [ 36.92737, -0.60372 ], [ 36.92735, -0.60374 ], [ 36.92734, -0.60377 ], [ 36.92733, -0.60381 ], [ 36.92732, -0.60385 ], [ 36.92731, -0.60394 ], [ 36.92731, -0.60396 ], [ 36.92731, -0.60399 ], [ 36.9273, -0.60402 ], [ 36.92728, -0.6041 ], [ 36.92726, -0.60415 ], [ 36.92724, -0.60419 ], [ 36.92722, -0.60423 ], [ 36.9272, -0.60425 ], [ 36.92718, -0.60427 ], [ 36.92714, -0.60431 ], [ 36.9271, -0.60435 ], [ 36.92709, -0.60435 ], [ 36.92701, -0.6044 ], [ 36.92694, -0.60446 ], [ 36.9269, -0.60448 ], [ 36.9269, -0.60448 ], [ 36.92687, -0.60449 ], [ 36.92686, -0.6045 ], [ 36.92684, -0.6045 ], [ 36.92682, -0.6045 ], [ 36.92681, -0.6045 ], [ 36.92679, -0.60449 ], [ 36.92677, -0.60448 ], [ 36.92673, -0.60445 ], [ 36.9267, -0.60443 ], [ 36.92665, -0.60439 ], [ 36.92662, -0.60436 ], [ 36.92652, -0.6043 ], [ 36.9265, -0.60428 ], [ 36.92646, -0.60427 ], [ 36.92645, -0.60427 ], [ 36.92643, -0.60426 ], [ 36.92641, -0.60427 ], [ 36.92638, -0.60428 ], [ 36.92636, -0.60429 ], [ 36.92633, -0.60431 ], [ 36.9263, -0.60434 ], [ 36.92627, -0.60437 ], [ 36.92624, -0.60441 ], [ 36.9262, -0.60447 ], [ 36.92617, -0.6045 ], [ 36.92615, -0.60455 ], [ 36.92614, -0.60458 ], [ 36.92613, -0.60459 ], [ 36.92609, -0.60469 ], [ 36.92608, -0.60473 ], [ 36.92607, -0.60477 ], [ 36.92603, -0.60493 ], [ 36.92601, -0.60499 ], [ 36.926, -0.60502 ], [ 36.92599, -0.60505 ], [ 36.92597, -0.60508 ], [ 36.92595, -0.6051 ], [ 36.92592, -0.60513 ], [ 36.92591, -0.60514 ], [ 36.92587, -0.60516 ], [ 36.92582, -0.60519 ], [ 36.92573, -0.60524 ], [ 36.9257, -0.60525 ], [ 36.92566, -0.60527 ], [ 36.92551, -0.60532 ], [ 36.92548, -0.60533 ], [ 36.92545, -0.60535 ], [ 36.92541, -0.60537 ], [ 36.92537, -0.6054 ], [ 36.92533, -0.60543 ], [ 36.92525, -0.6055 ], [ 36.92521, -0.60554 ], [ 36.92517, -0.60556 ], [ 36.92514, -0.60558 ], [ 36.92507, -0.60561 ], [ 36.92501, -0.60564 ], [ 36.92496, -0.60566 ], [ 36.92495, -0.60566 ], [ 36.92489, -0.60568 ], [ 36.92486, -0.60568 ], [ 36.92484, -0.60569 ], [ 36.92482, -0.60569 ], [ 36.92478, -0.60569 ], [ 36.92474, -0.60569 ], [ 36.92468, -0.60569 ], [ 36.92467, -0.60569 ], [ 36.92459, -0.60568 ], [ 36.92452, -0.60567 ], [ 36.92444, -0.60567 ], [ 36.92422, -0.60566 ], [ 36.92419, -0.60566 ], [ 36.92412, -0.60566 ], [ 36.92406, -0.60566 ], [ 36.92397, -0.60565 ], [ 36.92389, -0.60563 ], [ 36.92388, -0.60563 ], [ 36.92378, -0.60562 ], [ 36.92372, -0.6056 ], [ 36.92312, -0.6053 ], [ 36.92239, -0.60505 ], [ 36.92235, -0.60503 ], [ 36.92229, -0.605 ], [ 36.92223, -0.60499 ], [ 36.92218, -0.60497 ], [ 36.92216, -0.60497 ], [ 36.92158, -0.60476 ], [ 36.92148, -0.60472 ], [ 36.92146, -0.60469 ], [ 36.92142, -0.60466 ], [ 36.92137, -0.60461 ], [ 36.92127, -0.6045 ], [ 36.92123, -0.60446 ], [ 36.9212, -0.60444 ], [ 36.92118, -0.60442 ], [ 36.92115, -0.60441 ], [ 36.92112, -0.6044 ], [ 36.92108, -0.6044 ], [ 36.92104, -0.60441 ], [ 36.92104, -0.60441 ], [ 36.92099, -0.60442 ], [ 36.92093, -0.60444 ], [ 36.92088, -0.60445 ], [ 36.92084, -0.60448 ], [ 36.9208, -0.6045 ], [ 36.9208, -0.60451 ], [ 36.92071, -0.60457 ], [ 36.92067, -0.6046 ], [ 36.92054, -0.60467 ], [ 36.92048, -0.60471 ], [ 36.92043, -0.60475 ], [ 36.92038, -0.60479 ], [ 36.92033, -0.60484 ], [ 36.92026, -0.60491 ], [ 36.92022, -0.60496 ], [ 36.92017, -0.60501 ], [ 36.92013, -0.60508 ], [ 36.92001, -0.60524 ], [ 36.91998, -0.60528 ], [ 36.91994, -0.60532 ], [ 36.91991, -0.60537 ], [ 36.91981, -0.60547 ], [ 36.91976, -0.60553 ], [ 36.91971, -0.60559 ], [ 36.91967, -0.60566 ], [ 36.91962, -0.60574 ], [ 36.91956, -0.60586 ], [ 36.91953, -0.60592 ], [ 36.91952, -0.60594 ], [ 36.91924, -0.60621 ], [ 36.91849, -0.60706 ], [ 36.91845, -0.60707 ], [ 36.91841, -0.60715 ], [ 36.91726, -0.60891 ], [ 36.91667, -0.60978 ], [ 36.91667, -0.60978 ], [ 36.9165, -0.61001 ], [ 36.91623, -0.61019 ], [ 36.91611, -0.61035 ], [ 36.9159, -0.61043 ], [ 36.9157, -0.61028 ], [ 36.91534, -0.61024 ], [ 36.91509, -0.61027 ], [ 36.91485, -0.61027 ], [ 36.91476, -0.61039 ], [ 36.91465, -0.61054 ], [ 36.91453, -0.61058 ], [ 36.91419, -0.61046 ], [ 36.91398, -0.61041 ], [ 36.91377, -0.61041 ], [ 36.91343, -0.6104 ], [ 36.91313, -0.6104 ], [ 36.91273, -0.61035 ], [ 36.91237, -0.61028 ], [ 36.91201, -0.61028 ], [ 36.91177, -0.61027 ], [ 36.91157, -0.61017 ], [ 36.91142, -0.61005 ], [ 36.9114, -0.6099 ], [ 36.91138, -0.60975 ], [ 36.91137, -0.60972 ], [ 36.91125, -0.60956 ], [ 36.91125, -0.60956 ], [ 36.91113, -0.60939 ], [ 36.91095, -0.60927 ], [ 36.91078, -0.60935 ], [ 36.91063, -0.60951 ], [ 36.91053, -0.60963 ], [ 36.91039, -0.60974 ], [ 36.91024, -0.60987 ], [ 36.91011, -0.61001 ], [ 36.90998, -0.61016 ], [ 36.90985, -0.61021 ], [ 36.90971, -0.61019 ], [ 36.90956, -0.61015 ], [ 36.90942, -0.61007 ], [ 36.90925, -0.60999 ], [ 36.90915, -0.60995 ], [ 36.90893, -0.60984 ], [ 36.90883, -0.60976 ], [ 36.90874, -0.60969 ], [ 36.9086, -0.60957 ], [ 36.90845, -0.60938 ], [ 36.90832, -0.6093 ], [ 36.90824, -0.60925 ], [ 36.90812, -0.60925 ], [ 36.90788, -0.60941 ], [ 36.90778, -0.60946 ], [ 36.90758, -0.60959 ], [ 36.90739, -0.60979 ], [ 36.90725, -0.60993 ], [ 36.90707, -0.6102 ], [ 36.907, -0.6103 ], [ 36.9069, -0.61031 ], [ 36.90682, -0.61024 ], [ 36.90668, -0.61015 ], [ 36.90658, -0.61021 ], [ 36.90643, -0.61034 ], [ 36.90638, -0.61039 ], [ 36.90631, -0.61041 ], [ 36.9062, -0.61034 ], [ 36.90603, -0.61025 ], [ 36.90582, -0.61013 ], [ 36.9057, -0.61009 ], [ 36.90557, -0.61008 ], [ 36.90537, -0.61008 ], [ 36.90518, -0.61008 ], [ 36.905, -0.61004 ], [ 36.90495, -0.60998 ], [ 36.90489, -0.6099 ], [ 36.90485, -0.60973 ], [ 36.90485, -0.60959 ], [ 36.90485, -0.60957 ], [ 36.90483, -0.60954 ], [ 36.9047, -0.60942 ], [ 36.90447, -0.60947 ], [ 36.90426, -0.60959 ], [ 36.90406, -0.6097 ], [ 36.90385, -0.60988 ], [ 36.90374, -0.61005 ], [ 36.90373, -0.6102 ], [ 36.9036, -0.61033 ], [ 36.90346, -0.61041 ], [ 36.90336, -0.61037 ], [ 36.90305, -0.61014 ], [ 36.90284, -0.61009 ], [ 36.90257, -0.61009 ], [ 36.90234, -0.61007 ], [ 36.9021, -0.60999 ], [ 36.90191, -0.60996 ], [ 36.90165, -0.60997 ], [ 36.90135, -0.60997 ], [ 36.90105, -0.60998 ], [ 36.90064, -0.60997 ], [ 36.90036, -0.60993 ], [ 36.90021, -0.60989 ], [ 36.9002, -0.60989 ], [ 36.89992, -0.6098 ], [ 36.89961, -0.60972 ], [ 36.8993, -0.60951 ], [ 36.89923, -0.60949 ], [ 36.89896, -0.60942 ], [ 36.89885, -0.60948 ], [ 36.89869, -0.60949 ], [ 36.89851, -0.60947 ], [ 36.89845, -0.60944 ], [ 36.89839, -0.60942 ], [ 36.89833, -0.6094 ], [ 36.89814, -0.6094 ], [ 36.89783, -0.60946 ], [ 36.89766, -0.60936 ], [ 36.89745, -0.60934 ], [ 36.89701, -0.60928 ], [ 36.89673, -0.60927 ], [ 36.89644, -0.60925 ], [ 36.89616, -0.60924 ], [ 36.89595, -0.60923 ], [ 36.8958, -0.60922 ], [ 36.89543, -0.60922 ], [ 36.89515, -0.60922 ], [ 36.89485, -0.60924 ], [ 36.89466, -0.60929 ], [ 36.89458, -0.60948 ], [ 36.89434, -0.60962 ], [ 36.89417, -0.60971 ], [ 36.89392, -0.6098 ], [ 36.89358, -0.60985 ], [ 36.89328, -0.61005 ], [ 36.89276, -0.61041 ], [ 36.89252, -0.61075 ], [ 36.89227, -0.61097 ], [ 36.89201, -0.61095 ], [ 36.89156, -0.61082 ], [ 36.89117, -0.61064 ], [ 36.89078, -0.61048 ], [ 36.89044, -0.6104 ], [ 36.8902, -0.61039 ], [ 36.88996, -0.61039 ], [ 36.88971, -0.61033 ], [ 36.88941, -0.61018 ], [ 36.8892, -0.61022 ], [ 36.88894, -0.61033 ], [ 36.8887, -0.61044 ], [ 36.88835, -0.61057 ], [ 36.88822, -0.61071 ], [ 36.88793, -0.61084 ], [ 36.88765, -0.61103 ], [ 36.8874, -0.61115 ], [ 36.88719, -0.61134 ], [ 36.88697, -0.61154 ], [ 36.88674, -0.61166 ], [ 36.88657, -0.61174 ], [ 36.88645, -0.6118 ], [ 36.88645, -0.6118 ], [ 36.88594, -0.61181 ], [ 36.88569, -0.61188 ], [ 36.88524, -0.61191 ], [ 36.88504, -0.6119 ], [ 36.88494, -0.61178 ], [ 36.8849, -0.61169 ], [ 36.88485, -0.61159 ], [ 36.88479, -0.6115 ], [ 36.88473, -0.6114 ], [ 36.88462, -0.61129 ], [ 36.88456, -0.61116 ], [ 36.88441, -0.61107 ], [ 36.8842, -0.61104 ], [ 36.884, -0.61092 ], [ 36.88397, -0.61084 ], [ 36.88396, -0.61083 ], [ 36.8839, -0.61067 ], [ 36.88388, -0.61062 ], [ 36.88381, -0.61057 ], [ 36.88374, -0.61052 ], [ 36.88359, -0.6102 ], [ 36.88353, -0.60989 ], [ 36.88352, -0.6096 ], [ 36.88351, -0.60957 ], [ 36.88347, -0.60931 ], [ 36.88337, -0.60908 ], [ 36.88323, -0.60893 ], [ 36.88321, -0.60889 ], [ 36.88313, -0.6088 ], [ 36.88303, -0.60873 ], [ 36.88288, -0.60863 ], [ 36.88271, -0.60855 ], [ 36.88264, -0.60852 ], [ 36.88253, -0.60846 ], [ 36.88241, -0.6084 ], [ 36.88225, -0.60834 ], [ 36.88217, -0.60831 ], [ 36.88206, -0.60827 ], [ 36.88194, -0.60823 ], [ 36.8819, -0.60821 ], [ 36.88185, -0.60818 ], [ 36.88172, -0.60818 ], [ 36.88165, -0.60818 ], [ 36.8815, -0.6082 ], [ 36.88132, -0.60822 ], [ 36.88123, -0.60827 ], [ 36.88108, -0.60831 ], [ 36.88094, -0.60841 ], [ 36.88084, -0.6085 ], [ 36.88066, -0.60857 ], [ 36.88051, -0.60858 ], [ 36.88031, -0.60859 ], [ 36.88021, -0.60859 ], [ 36.88006, -0.60858 ], [ 36.87992, -0.60854 ], [ 36.87984, -0.60844 ], [ 36.87978, -0.60833 ], [ 36.8797, -0.60823 ], [ 36.87967, -0.60814 ], [ 36.87959, -0.60805 ], [ 36.87957, -0.60792 ], [ 36.8795, -0.60761 ], [ 36.87934, -0.60761 ], [ 36.87891, -0.6076 ], [ 36.87864, -0.60753 ], [ 36.87841, -0.60737 ], [ 36.87812, -0.6072 ], [ 36.87775, -0.60715 ], [ 36.87737, -0.60701 ], [ 36.87702, -0.607 ], [ 36.87664, -0.60701 ], [ 36.87611, -0.60705 ], [ 36.87603, -0.60705 ], [ 36.87596, -0.60705 ], [ 36.87576, -0.60705 ], [ 36.87562, -0.60708 ], [ 36.87548, -0.60711 ], [ 36.87526, -0.60723 ], [ 36.87512, -0.60733 ], [ 36.87494, -0.6074 ], [ 36.87471, -0.60742 ], [ 36.87436, -0.60751 ], [ 36.87423, -0.60751 ], [ 36.87394, -0.60751 ], [ 36.87383, -0.60751 ], [ 36.87322, -0.60731 ], [ 36.87279, -0.60716 ], [ 36.87277, -0.60714 ], [ 36.8725, -0.60699 ], [ 36.8723, -0.60682 ], [ 36.87207, -0.60665 ], [ 36.8719, -0.60657 ], [ 36.8719, -0.60657 ], [ 36.87189, -0.60657 ], [ 36.87145, -0.6064 ], [ 36.87126, -0.60634 ], [ 36.87127, -0.60634 ], [ 36.87123, -0.60633 ], [ 36.87112, -0.6063 ], [ 36.87098, -0.60624 ], [ 36.8707, -0.60613 ], [ 36.87044, -0.6061 ], [ 36.87011, -0.60603 ], [ 36.86977, -0.6059 ], [ 36.8695, -0.60585 ], [ 36.86924, -0.60576 ], [ 36.86901, -0.60568 ], [ 36.86874, -0.60558 ], [ 36.86836, -0.60552 ], [ 36.86805, -0.60552 ], [ 36.86782, -0.60553 ], [ 36.86744, -0.60557 ], [ 36.86728, -0.60565 ], [ 36.86705, -0.60575 ], [ 36.8667, -0.60596 ], [ 36.86656, -0.6061 ], [ 36.86631, -0.60629 ], [ 36.86613, -0.60644 ], [ 36.86599, -0.60656 ], [ 36.86564, -0.60685 ], [ 36.86541, -0.607 ], [ 36.86534, -0.60708 ], [ 36.86493, -0.60727 ], [ 36.86476, -0.60737 ], [ 36.86468, -0.60741 ], [ 36.86446, -0.60752 ], [ 36.86434, -0.60757 ], [ 36.86404, -0.60771 ], [ 36.86386, -0.60774 ], [ 36.86351, -0.6078 ], [ 36.86307, -0.60778 ], [ 36.86271, -0.60777 ], [ 36.86237, -0.60766 ], [ 36.86231, -0.60762 ], [ 36.86164, -0.60717 ], [ 36.86048, -0.60619 ], [ 36.85296, -0.59975 ], [ 36.85286, -0.59966 ], [ 36.85281, -0.59962 ], [ 36.85266, -0.59949 ], [ 36.84916, -0.59649 ], [ 36.84887, -0.59625 ], [ 36.84674, -0.59443 ], [ 36.84535, -0.59453 ], [ 36.84512, -0.59469 ], [ 36.84509, -0.59469 ], [ 36.84391, -0.59479 ], [ 36.8421, -0.59489 ], [ 36.8391, -0.59517 ], [ 36.83892, -0.59519 ], [ 36.83172, -0.59075 ], [ 36.82934, -0.58926 ], [ 36.8257, -0.58709 ], [ 36.82536, -0.58664 ], [ 36.82483, -0.58594 ], [ 36.82429, -0.58524 ], [ 36.82395, -0.58481 ], [ 36.82395, -0.5848 ], [ 36.82329, -0.58427 ], [ 36.82318, -0.58417 ], [ 36.82228, -0.58405 ], [ 36.82219, -0.58403 ], [ 36.82074, -0.58381 ], [ 36.8196, -0.58358 ], [ 36.8146, -0.5826 ], [ 36.81301, -0.58225 ], [ 36.8116, -0.58183 ], [ 36.81105, -0.58133 ], [ 36.81071, -0.5802 ], [ 36.81055, -0.57923 ], [ 36.81037, -0.57794 ], [ 36.81029, -0.57712 ], [ 36.81015, -0.5752 ], [ 36.80986, -0.57301 ], [ 36.80986, -0.57232 ], [ 36.80987, -0.57224 ], [ 36.80956, -0.5722 ], [ 36.80724, -0.57193 ], [ 36.80578, -0.57099 ], [ 36.8037, -0.56965 ], [ 36.80153, -0.56946 ], [ 36.79832, -0.57045 ], [ 36.79617, -0.57157 ], [ 36.79108, -0.57105 ], [ 36.78338, -0.56803 ], [ 36.77557, -0.5681 ], [ 36.76572, -0.5691 ], [ 36.76402, -0.57013 ], [ 36.76053, -0.56902 ], [ 36.75614, -0.57018 ], [ 36.75331, -0.5712 ], [ 36.75082, -0.57204 ], [ 36.75082, -0.57204 ], [ 36.75029, -0.57194 ], [ 36.74962, -0.57182 ], [ 36.74855, -0.57128 ], [ 36.7476, -0.5709 ], [ 36.74661, -0.57003 ], [ 36.74571, -0.56942 ], [ 36.74492, -0.56968 ], [ 36.74376, -0.56982 ], [ 36.74214, -0.56976 ], [ 36.74094, -0.56942 ], [ 36.73996, -0.56858 ], [ 36.7391, -0.56801 ], [ 36.73781, -0.5675 ], [ 36.73645, -0.56695 ], [ 36.73457, -0.5674 ], [ 36.73214, -0.5683 ], [ 36.73035, -0.56915 ], [ 36.72872, -0.56981 ], [ 36.72717, -0.5702 ], [ 36.72567, -0.571 ], [ 36.72467, -0.57178 ], [ 36.72438, -0.57296 ], [ 36.72386, -0.57439 ], [ 36.7229, -0.57598 ], [ 36.72186, -0.57654 ], [ 36.72069, -0.57694 ], [ 36.7196, -0.57728 ], [ 36.71857, -0.5778 ], [ 36.71776, -0.57825 ], [ 36.71688, -0.57913 ], [ 36.71541, -0.58099 ], [ 36.71487, -0.58254 ], [ 36.71386, -0.5838 ], [ 36.71254, -0.58464 ], [ 36.71115, -0.58535 ], [ 36.7099, -0.58629 ], [ 36.70908, -0.58728 ], [ 36.70843, -0.58883 ], [ 36.7087, -0.59026 ], [ 36.70931, -0.59203 ], [ 36.71036, -0.59404 ], [ 36.71104, -0.5948 ], [ 36.71094, -0.59606 ], [ 36.71041, -0.59793 ], [ 36.70999, -0.59964 ], [ 36.70979, -0.60125 ], [ 36.71027, -0.60284 ], [ 36.71114, -0.6072 ], [ 36.71204, -0.60772 ], [ 36.71269, -0.60787 ], [ 36.71231, -0.60798 ], [ 36.71171, -0.60813 ], [ 36.71098, -0.6084 ], [ 36.71059, -0.60899 ], [ 36.7102, -0.61252 ], [ 36.70974, -0.61426 ], [ 36.71017, -0.61629 ], [ 36.71094, -0.61802 ], [ 36.71129, -0.61964 ], [ 36.71103, -0.62171 ], [ 36.71027, -0.62427 ], [ 36.70879, -0.62796 ], [ 36.70872, -0.62792 ], [ 36.70837, -0.62807 ], [ 36.70835, -0.62806 ], [ 36.70833, -0.62804 ], [ 36.70717, -0.62724 ], [ 36.70599, -0.62643 ], [ 36.70545, -0.62596 ], [ 36.70363, -0.62438 ], [ 36.70138, -0.62218 ], [ 36.69902, -0.61919 ], [ 36.69734, -0.61694 ], [ 36.69535, -0.61427 ], [ 36.69347, -0.61152 ], [ 36.69341, -0.61144 ], [ 36.6926, -0.60994 ], [ 36.69163, -0.60814 ], [ 36.69159, -0.60803 ], [ 36.69058, -0.60557 ], [ 36.69, -0.60452 ], [ 36.68749, -0.60221 ], [ 36.6856, -0.59991 ], [ 36.68349, -0.59525 ], [ 36.68335, -0.59493 ], [ 36.68199, -0.59158 ], [ 36.68079, -0.58965 ], [ 36.68057, -0.5893 ], [ 36.6806, -0.58908 ], [ 36.68072, -0.58804 ], [ 36.68092, -0.58632 ], [ 36.68145, -0.58217 ], [ 36.68149, -0.58182 ], [ 36.68145, -0.58144 ], [ 36.68119, -0.57916 ], [ 36.68051, -0.57649 ], [ 36.67832, -0.5675 ], [ 36.67441, -0.55221 ], [ 36.67299, -0.54641 ], [ 36.66995, -0.53386 ], [ 36.6691, -0.53034 ], [ 36.66839, -0.52782 ], [ 36.66557, -0.5167 ], [ 36.66344, -0.5076 ], [ 36.66061, -0.49597 ], [ 36.66061, -0.49575 ], [ 36.66064, -0.49593 ], [ 36.66074, -0.49573 ], [ 36.66156, -0.49408 ], [ 36.66157, -0.49406 ], [ 36.66202, -0.4923 ], [ 36.66256, -0.4902 ], [ 36.66277, -0.48937 ], [ 36.66428, -0.48761 ], [ 36.66484, -0.48695 ], [ 36.66499, -0.48674 ], [ 36.66691, -0.48388 ], [ 36.6673, -0.48324 ], [ 36.66734, -0.48317 ], [ 36.66738, -0.48296 ], [ 36.66762, -0.48182 ], [ 36.66798, -0.48082 ], [ 36.66801, -0.48069 ], [ 36.66834, -0.47911 ], [ 36.66834, -0.47865 ], [ 36.66834, -0.47814 ], [ 36.66834, -0.47704 ], [ 36.66812, -0.47469 ], [ 36.66769, -0.47305 ], [ 36.66527, -0.46663 ], [ 36.66363, -0.46392 ], [ 36.66354, -0.46386 ], [ 36.6627, -0.46328 ], [ 36.66142, -0.46249 ], [ 36.66014, -0.46185 ], [ 36.65951, -0.46156 ], [ 36.6594, -0.46151 ], [ 36.65921, -0.46142 ], [ 36.65778, -0.46128 ], [ 36.65778, -0.46128 ], [ 36.65557, -0.46142 ], [ 36.65507, -0.4615 ], [ 36.65503, -0.46147 ], [ 36.65436, -0.46114 ], [ 36.6538, -0.46089 ], [ 36.65301, -0.46023 ], [ 36.65292, -0.46014 ], [ 36.65216, -0.45888 ], [ 36.65198, -0.45614 ], [ 36.6521, -0.45386 ], [ 36.65213, -0.45311 ], [ 36.65213, -0.45302 ], [ 36.65213, -0.453 ], [ 36.65213, -0.45295 ], [ 36.65193, -0.45027 ], [ 36.65177, -0.44826 ], [ 36.65177, -0.44817 ], [ 36.65178, -0.44817 ], [ 36.65189, -0.44809 ], [ 36.65197, -0.44803 ], [ 36.65197, -0.44806 ], [ 36.75077, -0.4127 ], [ 36.75082, -0.41593 ], [ 36.75083, -0.41695 ], [ 36.75081, -0.43198 ], [ 36.75095, -0.43197 ], [ 36.75127, -0.43234 ], [ 36.75146, -0.43266 ], [ 36.75152, -0.43307 ], [ 36.75157, -0.43341 ], [ 36.75172, -0.43369 ], [ 36.75193, -0.43406 ], [ 36.75217, -0.43438 ], [ 36.75256, -0.43474 ], [ 36.75304, -0.43511 ], [ 36.75329, -0.43525 ], [ 36.75357, -0.43536 ], [ 36.75396, -0.43552 ], [ 36.75435, -0.43572 ], [ 36.75467, -0.43612 ], [ 36.75483, -0.43635 ], [ 36.755, -0.43703 ], [ 36.75515, -0.43744 ], [ 36.75533, -0.43791 ], [ 36.75544, -0.43808 ], [ 36.75569, -0.43824 ], [ 36.7561, -0.43841 ], [ 36.75636, -0.4385 ], [ 36.75673, -0.4386 ], [ 36.75705, -0.43863 ], [ 36.7572, -0.43881 ], [ 36.75746, -0.43901 ], [ 36.75771, -0.43922 ], [ 36.75795, -0.43957 ], [ 36.75815, -0.43989 ], [ 36.75823, -0.44015 ], [ 36.75811, -0.44045 ], [ 36.75801, -0.44062 ], [ 36.75783, -0.44092 ], [ 36.75781, -0.44132 ], [ 36.75783, -0.44154 ], [ 36.75795, -0.44176 ], [ 36.75807, -0.44205 ], [ 36.75823, -0.44248 ], [ 36.75848, -0.4429 ], [ 36.75864, -0.44325 ], [ 36.75875, -0.4436 ], [ 36.75874, -0.44399 ], [ 36.75874, -0.4443 ], [ 36.75877, -0.44457 ], [ 36.75901, -0.44502 ], [ 36.75916, -0.44517 ], [ 36.75941, -0.44538 ], [ 36.75988, -0.44558 ], [ 36.76014, -0.44562 ], [ 36.76033, -0.44562 ], [ 36.76052, -0.4457 ], [ 36.76071, -0.4458 ], [ 36.76105, -0.44587 ], [ 36.7614, -0.44581 ], [ 36.76171, -0.44587 ], [ 36.76193, -0.44599 ], [ 36.76236, -0.44622 ], [ 36.76257, -0.44639 ], [ 36.76279, -0.44655 ], [ 36.76304, -0.44682 ], [ 36.76315, -0.44709 ], [ 36.76346, -0.44694 ], [ 36.76369, -0.44687 ], [ 36.76416, -0.44681 ], [ 36.76437, -0.44673 ], [ 36.76452, -0.44664 ], [ 36.76467, -0.44639 ], [ 36.76476, -0.44608 ], [ 36.76485, -0.44585 ], [ 36.76508, -0.44565 ], [ 36.7653, -0.44546 ], [ 36.76557, -0.44541 ], [ 36.76581, -0.44546 ], [ 36.76632, -0.44541 ], [ 36.76655, -0.44512 ], [ 36.76673, -0.44487 ], [ 36.76691, -0.44467 ], [ 36.7674, -0.44429 ], [ 36.76758, -0.44422 ], [ 36.76785, -0.44411 ], [ 36.76811, -0.44406 ], [ 36.76834, -0.44399 ], [ 36.76876, -0.44407 ], [ 36.76905, -0.44427 ], [ 36.76951, -0.44439 ], [ 36.76981, -0.4444 ], [ 36.77011, -0.44438 ], [ 36.77044, -0.44437 ], [ 36.77089, -0.44435 ], [ 36.77136, -0.44402 ], [ 36.77167, -0.44373 ], [ 36.77198, -0.44373 ], [ 36.77223, -0.44391 ], [ 36.77254, -0.44403 ], [ 36.77281, -0.44403 ], [ 36.77294, -0.44404 ], [ 36.77317, -0.44403 ], [ 36.77341, -0.444 ], [ 36.77364, -0.44394 ], [ 36.77383, -0.44389 ], [ 36.77406, -0.44378 ], [ 36.77421, -0.44374 ], [ 36.77442, -0.44373 ], [ 36.7747, -0.44374 ], [ 36.77501, -0.44382 ], [ 36.77519, -0.44392 ], [ 36.77553, -0.44423 ], [ 36.7757, -0.44473 ], [ 36.77581, -0.44493 ], [ 36.77603, -0.44512 ], [ 36.77628, -0.44526 ], [ 36.77669, -0.4455 ], [ 36.77682, -0.4456 ], [ 36.77746, -0.44606 ], [ 36.77768, -0.44629 ], [ 36.77786, -0.44647 ], [ 36.77816, -0.44667 ], [ 36.77857, -0.44698 ], [ 36.77883, -0.44733 ], [ 36.77921, -0.44798 ], [ 36.77934, -0.44826 ], [ 36.77938, -0.44855 ], [ 36.77938, -0.44906 ], [ 36.77956, -0.44944 ], [ 36.77974, -0.44968 ], [ 36.77999, -0.44979 ], [ 36.78018, -0.4499 ], [ 36.78032, -0.45008 ], [ 36.78048, -0.45033 ], [ 36.78074, -0.45065 ], [ 36.78122, -0.45078 ], [ 36.78152, -0.45087 ], [ 36.78173, -0.45091 ], [ 36.78195, -0.45111 ], [ 36.78203, -0.45119 ], [ 36.78241, -0.45142 ], [ 36.78268, -0.45157 ], [ 36.78331, -0.45203 ], [ 36.7837, -0.45241 ], [ 36.78404, -0.45275 ], [ 36.7846, -0.45311 ], [ 36.78475, -0.45323 ], [ 36.78489, -0.45331 ], [ 36.78505, -0.4534 ], [ 36.78548, -0.45347 ], [ 36.78576, -0.45349 ], [ 36.78612, -0.45354 ], [ 36.78639, -0.4536 ], [ 36.78661, -0.45366 ], [ 36.78674, -0.45374 ], [ 36.78697, -0.45387 ], [ 36.78722, -0.45398 ], [ 36.78781, -0.45444 ], [ 36.78797, -0.45453 ], [ 36.78812, -0.45458 ], [ 36.78835, -0.45466 ], [ 36.78881, -0.45474 ], [ 36.789, -0.45478 ], [ 36.78925, -0.45497 ], [ 36.78945, -0.45543 ], [ 36.78942, -0.45565 ], [ 36.78936, -0.45608 ], [ 36.78967, -0.45617 ], [ 36.79, -0.45617 ], [ 36.79033, -0.45614 ], [ 36.79057, -0.45606 ], [ 36.79068, -0.45604 ], [ 36.79092, -0.45617 ], [ 36.79123, -0.45635 ], [ 36.79142, -0.45637 ], [ 36.79175, -0.45637 ], [ 36.79194, -0.4563 ], [ 36.79215, -0.45618 ], [ 36.79233, -0.456 ], [ 36.79239, -0.45592 ], [ 36.79264, -0.45583 ], [ 36.79284, -0.45578 ], [ 36.79313, -0.45575 ], [ 36.79344, -0.45575 ], [ 36.79372, -0.45575 ], [ 36.794, -0.45575 ], [ 36.79422, -0.45573 ], [ 36.79451, -0.45571 ], [ 36.79481, -0.45573 ], [ 36.79509, -0.45577 ], [ 36.79533, -0.45582 ], [ 36.79553, -0.45574 ], [ 36.79575, -0.45565 ], [ 36.79615, -0.45566 ], [ 36.79646, -0.45568 ], [ 36.79667, -0.45574 ], [ 36.797, -0.45588 ], [ 36.79743, -0.45602 ], [ 36.79836, -0.45615 ], [ 36.79857, -0.45614 ], [ 36.79878, -0.45614 ], [ 36.79902, -0.45611 ], [ 36.79917, -0.45602 ], [ 36.79942, -0.45585 ], [ 36.79957, -0.45578 ], [ 36.79977, -0.45581 ], [ 36.79994, -0.4559 ], [ 36.80009, -0.45604 ], [ 36.80026, -0.45621 ], [ 36.8006, -0.45651 ], [ 36.80075, -0.4566 ], [ 36.80096, -0.45663 ], [ 36.80127, -0.45671 ], [ 36.80154, -0.45676 ], [ 36.80202, -0.45671 ], [ 36.8022, -0.4567 ], [ 36.80235, -0.45658 ], [ 36.80251, -0.45643 ], [ 36.80273, -0.4563 ], [ 36.80289, -0.4563 ], [ 36.80313, -0.45636 ], [ 36.80325, -0.45655 ], [ 36.80347, -0.45667 ], [ 36.80362, -0.45671 ], [ 36.80379, -0.45672 ], [ 36.80403, -0.45673 ], [ 36.8043, -0.45673 ], [ 36.80443, -0.45681 ], [ 36.80448, -0.45693 ], [ 36.8045, -0.45726 ], [ 36.80455, -0.45752 ], [ 36.8046, -0.45763 ], [ 36.80472, -0.45782 ], [ 36.80474, -0.45812 ], [ 36.80482, -0.45836 ], [ 36.80495, -0.45866 ], [ 36.8052, -0.459 ], [ 36.80542, -0.45919 ], [ 36.80575, -0.45938 ], [ 36.80601, -0.45949 ], [ 36.80633, -0.45959 ], [ 36.80652, -0.45964 ], [ 36.80681, -0.45969 ], [ 36.80708, -0.45971 ], [ 36.80738, -0.45971 ], [ 36.80761, -0.45977 ], [ 36.8079, -0.45987 ], [ 36.80806, -0.45994 ], [ 36.80824, -0.4601 ], [ 36.80848, -0.46037 ], [ 36.80863, -0.46055 ], [ 36.80894, -0.46078 ], [ 36.80913, -0.46089 ], [ 36.80939, -0.46099 ], [ 36.80981, -0.46098 ], [ 36.81017, -0.46095 ], [ 36.81066, -0.46079 ], [ 36.81099, -0.46063 ], [ 36.81121, -0.46054 ], [ 36.81173, -0.46048 ], [ 36.81198, -0.46049 ], [ 36.81202, -0.46054 ], [ 36.81216, -0.46056 ], [ 36.81246, -0.46043 ], [ 36.81261, -0.46031 ], [ 36.81278, -0.46017 ], [ 36.81295, -0.46 ], [ 36.81317, -0.4598 ], [ 36.81337, -0.45984 ], [ 36.81365, -0.45994 ], [ 36.81385, -0.46004 ], [ 36.81414, -0.46015 ], [ 36.81439, -0.46021 ], [ 36.81467, -0.46019 ], [ 36.81484, -0.46009 ], [ 36.81507, -0.45993 ], [ 36.81529, -0.45975 ], [ 36.81548, -0.45971 ], [ 36.8158, -0.45957 ], [ 36.81599, -0.45957 ], [ 36.81613, -0.45951 ], [ 36.81626, -0.4594 ], [ 36.81632, -0.4593 ], [ 36.81649, -0.45918 ], [ 36.81651, -0.45918 ], [ 36.81651, -0.45929 ], [ 36.81653, -0.4596 ], [ 36.81684, -0.45967 ], [ 36.81714, -0.45961 ], [ 36.81742, -0.4595 ], [ 36.81775, -0.45938 ], [ 36.81822, -0.45929 ], [ 36.81888, -0.45915 ], [ 36.81929, -0.45912 ], [ 36.81945, -0.45919 ], [ 36.81945, -0.45948 ], [ 36.81952, -0.45979 ], [ 36.81965, -0.46035 ], [ 36.81984, -0.46069 ], [ 36.82008, -0.46076 ], [ 36.82019, -0.46063 ], [ 36.82039, -0.4604 ], [ 36.82043, -0.46021 ], [ 36.82053, -0.45987 ], [ 36.82133, -0.45985 ], [ 36.82171, -0.45979 ], [ 36.82244, -0.45975 ], [ 36.8233, -0.45975 ], [ 36.82451, -0.45988 ], [ 36.8254, -0.46023 ], [ 36.82682, -0.46047 ], [ 36.82702, -0.46051 ], [ 36.82725, -0.46051 ], [ 36.82739, -0.46048 ], [ 36.82758, -0.46051 ], [ 36.82774, -0.46054 ], [ 36.82793, -0.46062 ], [ 36.8281, -0.46072 ], [ 36.82837, -0.46082 ], [ 36.82854, -0.46087 ], [ 36.82885, -0.46089 ], [ 36.82898, -0.4608 ], [ 36.82917, -0.46073 ], [ 36.8294, -0.46071 ], [ 36.82958, -0.46071 ], [ 36.82978, -0.46075 ], [ 36.83, -0.46083 ], [ 36.83005, -0.46081 ], [ 36.83029, -0.4607 ], [ 36.83041, -0.46062 ], [ 36.83058, -0.46056 ], [ 36.83079, -0.46051 ], [ 36.83056, -0.46105 ], [ 36.83064, -0.4617 ], [ 36.8311, -0.46165 ], [ 36.83135, -0.46161 ], [ 36.83164, -0.46153 ], [ 36.83193, -0.4615 ], [ 36.83234, -0.46129 ], [ 36.83254, -0.46119 ], [ 36.83275, -0.4611 ], [ 36.83296, -0.46102 ], [ 36.83332, -0.46083 ], [ 36.83355, -0.46074 ], [ 36.83384, -0.46063 ], [ 36.8341, -0.46063 ], [ 36.83428, -0.46068 ], [ 36.83436, -0.46076 ], [ 36.83449, -0.46098 ], [ 36.83459, -0.46118 ], [ 36.83463, -0.46131 ], [ 36.83463, -0.46152 ], [ 36.83463, -0.4618 ], [ 36.83474, -0.46206 ], [ 36.83488, -0.46221 ], [ 36.835, -0.46235 ], [ 36.83515, -0.46248 ], [ 36.83533, -0.46264 ], [ 36.83549, -0.46278 ], [ 36.83559, -0.46287 ], [ 36.83575, -0.46297 ], [ 36.83589, -0.46302 ], [ 36.83607, -0.4631 ], [ 36.83626, -0.46332 ], [ 36.83639, -0.46351 ], [ 36.83648, -0.46362 ], [ 36.83666, -0.46376 ], [ 36.83678, -0.46387 ], [ 36.83694, -0.46397 ], [ 36.83717, -0.46404 ], [ 36.8375, -0.46415 ], [ 36.83765, -0.46423 ], [ 36.83786, -0.46434 ], [ 36.83801, -0.46443 ], [ 36.83817, -0.4645 ], [ 36.83833, -0.46455 ], [ 36.8386, -0.46454 ], [ 36.83881, -0.46446 ], [ 36.83902, -0.46439 ], [ 36.83926, -0.46434 ], [ 36.83943, -0.46423 ], [ 36.83964, -0.46407 ], [ 36.83979, -0.46394 ], [ 36.83998, -0.46369 ], [ 36.8401, -0.46348 ], [ 36.84019, -0.46332 ], [ 36.84028, -0.46306 ], [ 36.84031, -0.46276 ], [ 36.84037, -0.46249 ], [ 36.84043, -0.46223 ], [ 36.8405, -0.46196 ], [ 36.84072, -0.46167 ], [ 36.84094, -0.46143 ], [ 36.84116, -0.46122 ], [ 36.84138, -0.46111 ], [ 36.84164, -0.46109 ], [ 36.84199, -0.46107 ], [ 36.84223, -0.46112 ], [ 36.84244, -0.46119 ], [ 36.84289, -0.46135 ], [ 36.8431, -0.46148 ], [ 36.84344, -0.46159 ], [ 36.84376, -0.4617 ], [ 36.84394, -0.46181 ], [ 36.84417, -0.46188 ], [ 36.8445, -0.46181 ], [ 36.84472, -0.46174 ], [ 36.84493, -0.46153 ], [ 36.84506, -0.46133 ], [ 36.8452, -0.46109 ], [ 36.84533, -0.46092 ], [ 36.84556, -0.4606 ], [ 36.84567, -0.46049 ], [ 36.84585, -0.4603 ], [ 36.84605, -0.46009 ], [ 36.84619, -0.45991 ], [ 36.84639, -0.45987 ], [ 36.84652, -0.45945 ], [ 36.84671, -0.45902 ], [ 36.84691, -0.45864 ], [ 36.84721, -0.4583 ], [ 36.84814, -0.45708 ], [ 36.84822, -0.45684 ], [ 36.84829, -0.45661 ], [ 36.84834, -0.45651 ], [ 36.84841, -0.45639 ], [ 36.84859, -0.45579 ], [ 36.84864, -0.4557 ], [ 36.84874, -0.4555 ], [ 36.84889, -0.45531 ], [ 36.84905, -0.45513 ], [ 36.84921, -0.45491 ], [ 36.84931, -0.4548 ], [ 36.8494, -0.45473 ], [ 36.84954, -0.45462 ], [ 36.84965, -0.45454 ], [ 36.84975, -0.45444 ], [ 36.84987, -0.45422 ], [ 36.85001, -0.45398 ], [ 36.85011, -0.45381 ], [ 36.85031, -0.45368 ], [ 36.8505, -0.45364 ], [ 36.85071, -0.4536 ], [ 36.85094, -0.45349 ], [ 36.85105, -0.45339 ], [ 36.85111, -0.4532 ], [ 36.85112, -0.45303 ], [ 36.85112, -0.45281 ], [ 36.85113, -0.45256 ], [ 36.8512, -0.45246 ], [ 36.85136, -0.45229 ], [ 36.85173, -0.45199 ], [ 36.85207, -0.4518 ], [ 36.85231, -0.45171 ], [ 36.85248, -0.45167 ], [ 36.85273, -0.45158 ], [ 36.85299, -0.45145 ], [ 36.85316, -0.45139 ], [ 36.8534, -0.45137 ], [ 36.85364, -0.45131 ], [ 36.85376, -0.45114 ], [ 36.8539, -0.45093 ], [ 36.85402, -0.4507 ], [ 36.85407, -0.45086 ], [ 36.85411, -0.45105 ], [ 36.85409, -0.45119 ], [ 36.85405, -0.45141 ], [ 36.85399, -0.45152 ], [ 36.8538, -0.45168 ], [ 36.85364, -0.45183 ], [ 36.85339, -0.45199 ], [ 36.85332, -0.45231 ], [ 36.85332, -0.45264 ], [ 36.85332, -0.45294 ], [ 36.85332, -0.45338 ], [ 36.85312, -0.45367 ], [ 36.85288, -0.45402 ], [ 36.85265, -0.45438 ], [ 36.8524, -0.45477 ], [ 36.85215, -0.45517 ], [ 36.85606, -0.45651 ], [ 36.86032, -0.45739 ], [ 36.86055, -0.45741 ], [ 36.86073, -0.45747 ], [ 36.86096, -0.45767 ], [ 36.86107, -0.45775 ], [ 36.86108, -0.45779 ], [ 36.86014, -0.45996 ], [ 36.85629, -0.46863 ], [ 36.85638, -0.46872 ], [ 36.85645, -0.4688 ], [ 36.8565, -0.4689 ], [ 36.85654, -0.46907 ], [ 36.85654, -0.46925 ], [ 36.85654, -0.46942 ], [ 36.85654, -0.46955 ], [ 36.85661, -0.46968 ], [ 36.85665, -0.46975 ], [ 36.85667, -0.46992 ], [ 36.85651, -0.46995 ], [ 36.85637, -0.47005 ], [ 36.85626, -0.47016 ], [ 36.85617, -0.47019 ], [ 36.85608, -0.47026 ], [ 36.85586, -0.47039 ], [ 36.85563, -0.47059 ], [ 36.85535, -0.47065 ], [ 36.85502, -0.47065 ], [ 36.85485, -0.47066 ], [ 36.85464, -0.4707 ], [ 36.85442, -0.47075 ], [ 36.8543, -0.47076 ], [ 36.85415, -0.47082 ], [ 36.85175, -0.47567 ], [ 36.85116, -0.47715 ], [ 36.84792, -0.48183 ], [ 36.84574, -0.48495 ], [ 36.84563, -0.48617 ], [ 36.84478, -0.49538 ], [ 36.84478, -0.49538 ], [ 36.84501, -0.4954 ], [ 36.84526, -0.4954 ], [ 36.84564, -0.49541 ], [ 36.84594, -0.49541 ], [ 36.84619, -0.49543 ], [ 36.84649, -0.49551 ], [ 36.84678, -0.4956 ], [ 36.847, -0.49566 ], [ 36.84723, -0.49572 ], [ 36.84739, -0.49572 ], [ 36.84764, -0.49572 ], [ 36.84779, -0.49572 ], [ 36.848, -0.49572 ], [ 36.84827, -0.49572 ], [ 36.84839, -0.49575 ], [ 36.84862, -0.49582 ], [ 36.84879, -0.49591 ], [ 36.84897, -0.49599 ], [ 36.84912, -0.4961 ], [ 36.84929, -0.49617 ], [ 36.84946, -0.49622 ], [ 36.84966, -0.49621 ], [ 36.84977, -0.49625 ], [ 36.84993, -0.49628 ], [ 36.85007, -0.49633 ], [ 36.85023, -0.49633 ], [ 36.8504, -0.49633 ], [ 36.85054, -0.49637 ], [ 36.85071, -0.49642 ], [ 36.85093, -0.49654 ], [ 36.85116, -0.49672 ], [ 36.85142, -0.49705 ], [ 36.8515, -0.49717 ], [ 36.85162, -0.49726 ], [ 36.85173, -0.49724 ], [ 36.85193, -0.4972 ], [ 36.8521, -0.49716 ], [ 36.85228, -0.49712 ], [ 36.85254, -0.49701 ], [ 36.85271, -0.49691 ], [ 36.85285, -0.4968 ], [ 36.8531, -0.49661 ], [ 36.85329, -0.49649 ], [ 36.85352, -0.49635 ], [ 36.85376, -0.49616 ], [ 36.85409, -0.49591 ], [ 36.85428, -0.49581 ], [ 36.8545, -0.49581 ], [ 36.85483, -0.49581 ], [ 36.85497, -0.49581 ], [ 36.85521, -0.49584 ], [ 36.85531, -0.49588 ], [ 36.85553, -0.49592 ], [ 36.85576, -0.49595 ], [ 36.85615, -0.49602 ], [ 36.85641, -0.49614 ], [ 36.85654, -0.49617 ], [ 36.85671, -0.49623 ], [ 36.85684, -0.4963 ], [ 36.85703, -0.4964 ], [ 36.85714, -0.49648 ], [ 36.85731, -0.4966 ], [ 36.85742, -0.49677 ], [ 36.8575, -0.49689 ], [ 36.85768, -0.49717 ], [ 36.85778, -0.49729 ], [ 36.858, -0.49745 ], [ 36.85812, -0.49753 ], [ 36.85825, -0.49757 ], [ 36.85842, -0.49756 ], [ 36.85852, -0.49754 ], [ 36.8588, -0.49761 ], [ 36.85901, -0.4978 ], [ 36.8591, -0.49785 ], [ 36.85939, -0.49799 ], [ 36.85958, -0.49801 ], [ 36.85979, -0.49796 ], [ 36.8599, -0.49791 ], [ 36.86006, -0.49778 ], [ 36.86036, -0.49758 ], [ 36.86066, -0.49754 ], [ 36.86095, -0.49754 ], [ 36.86118, -0.4976 ], [ 36.86156, -0.49774 ], [ 36.86182, -0.49784 ], [ 36.86201, -0.49787 ], [ 36.8622, -0.49786 ], [ 36.86244, -0.49778 ], [ 36.86263, -0.49762 ], [ 36.8628, -0.49757 ], [ 36.86298, -0.49755 ], [ 36.86312, -0.49755 ], [ 36.86344, -0.49747 ], [ 36.86359, -0.49743 ], [ 36.86371, -0.49732 ], [ 36.86386, -0.4972 ], [ 36.864, -0.4971 ], [ 36.86419, -0.49689 ], [ 36.8644, -0.49665 ], [ 36.86463, -0.49651 ], [ 36.86474, -0.49645 ], [ 36.86501, -0.49628 ], [ 36.86516, -0.49621 ], [ 36.86545, -0.49611 ], [ 36.86568, -0.49603 ], [ 36.86581, -0.49599 ], [ 36.86602, -0.49598 ], [ 36.86616, -0.49593 ], [ 36.8664, -0.49582 ], [ 36.86657, -0.49577 ], [ 36.86685, -0.49571 ], [ 36.86716, -0.4957 ], [ 36.8674, -0.4957 ], [ 36.86763, -0.4957 ], [ 36.86783, -0.49573 ], [ 36.86787, -0.49571 ], [ 36.86786, -0.49574 ], [ 36.86797, -0.49578 ], [ 36.8682, -0.49586 ], [ 36.86837, -0.49591 ], [ 36.86871, -0.49592 ], [ 36.86891, -0.49592 ], [ 36.86918, -0.49591 ], [ 36.86941, -0.49573 ], [ 36.86962, -0.49552 ], [ 36.8699, -0.49529 ], [ 36.87016, -0.49526 ], [ 36.87052, -0.4952 ], [ 36.87086, -0.49514 ], [ 36.87116, -0.49508 ], [ 36.87151, -0.49504 ], [ 36.87186, -0.49503 ], [ 36.87196, -0.49503 ], [ 36.87219, -0.49497 ], [ 36.87252, -0.49485 ], [ 36.87286, -0.49477 ], [ 36.87316, -0.4946 ], [ 36.87339, -0.49465 ], [ 36.87345, -0.49472 ], [ 36.87358, -0.49482 ], [ 36.87372, -0.49494 ], [ 36.87385, -0.49507 ], [ 36.87396, -0.49517 ], [ 36.8742, -0.49529 ], [ 36.87443, -0.49546 ], [ 36.87453, -0.49557 ], [ 36.87461, -0.49564 ], [ 36.87472, -0.49576 ], [ 36.87481, -0.49588 ], [ 36.8749, -0.496 ], [ 36.87507, -0.49633 ], [ 36.87518, -0.49651 ], [ 36.87532, -0.49668 ], [ 36.87553, -0.49697 ], [ 36.87573, -0.49726 ], [ 36.87582, -0.49738 ], [ 36.87593, -0.49749 ], [ 36.876, -0.49758 ], [ 36.87604, -0.49762 ], [ 36.87613, -0.49773 ], [ 36.87626, -0.49787 ], [ 36.87641, -0.498 ], [ 36.87647, -0.49806 ], [ 36.87651, -0.4981 ], [ 36.8766, -0.49818 ], [ 36.87673, -0.49828 ], [ 36.87692, -0.4984 ], [ 36.87712, -0.49849 ], [ 36.87724, -0.4986 ], [ 36.87745, -0.4988 ], [ 36.87762, -0.49909 ], [ 36.8777, -0.49915 ], [ 36.87787, -0.49926 ], [ 36.87796, -0.49932 ], [ 36.87812, -0.49942 ], [ 36.87827, -0.49951 ], [ 36.87857, -0.4996 ], [ 36.87874, -0.49964 ], [ 36.87909, -0.49967 ], [ 36.87959, -0.49969 ], [ 36.8799, -0.4997 ], [ 36.88054, -0.49974 ], [ 36.88084, -0.49981 ], [ 36.88107, -0.49985 ], [ 36.88141, -0.49991 ], [ 36.88167, -0.49996 ], [ 36.8818, -0.50003 ], [ 36.88198, -0.50014 ], [ 36.88219, -0.50026 ], [ 36.88234, -0.5004 ], [ 36.88255, -0.50055 ], [ 36.88281, -0.50074 ], [ 36.88301, -0.50073 ], [ 36.88322, -0.50064 ], [ 36.88356, -0.50053 ], [ 36.8838, -0.50046 ], [ 36.88411, -0.50037 ], [ 36.88477, -0.50023 ], [ 36.88502, -0.50023 ], [ 36.88524, -0.50023 ], [ 36.88544, -0.50024 ], [ 36.88574, -0.50024 ], [ 36.88598, -0.50024 ], [ 36.88619, -0.50026 ], [ 36.8864, -0.50031 ], [ 36.8866, -0.50039 ], [ 36.88678, -0.50046 ], [ 36.88705, -0.50049 ], [ 36.88719, -0.50049 ], [ 36.88739, -0.50048 ], [ 36.88754, -0.50043 ], [ 36.88775, -0.50029 ], [ 36.88791, -0.50025 ], [ 36.88819, -0.50018 ], [ 36.88852, -0.50009 ], [ 36.88877, -0.50002 ], [ 36.88907, -0.49999 ], [ 36.88954, -0.49993 ], [ 36.88985, -0.49992 ], [ 36.89025, -0.49991 ], [ 36.89057, -0.49991 ], [ 36.89074, -0.49995 ], [ 36.89094, -0.50007 ], [ 36.89117, -0.50014 ], [ 36.89144, -0.50021 ], [ 36.89157, -0.50021 ], [ 36.89177, -0.50013 ], [ 36.89189, -0.50012 ], [ 36.89215, -0.5001 ], [ 36.89233, -0.50023 ], [ 36.89246, -0.50027 ], [ 36.89272, -0.50027 ], [ 36.89291, -0.50039 ], [ 36.89306, -0.50048 ], [ 36.89336, -0.50048 ], [ 36.89357, -0.50042 ], [ 36.89382, -0.50025 ], [ 36.89419, -0.50012 ], [ 36.89447, -0.50009 ], [ 36.89469, -0.50009 ], [ 36.89516, -0.50018 ], [ 36.89555, -0.50033 ], [ 36.89574, -0.50033 ], [ 36.89588, -0.50028 ], [ 36.89608, -0.50022 ], [ 36.89625, -0.50015 ], [ 36.89659, -0.50004 ], [ 36.89686, -0.50011 ], [ 36.89713, -0.50022 ], [ 36.89733, -0.50037 ], [ 36.89751, -0.5005 ], [ 36.89763, -0.50061 ], [ 36.89771, -0.50073 ], [ 36.89776, -0.50082 ], [ 36.89782, -0.50094 ], [ 36.89783, -0.50123 ], [ 36.89783, -0.50143 ], [ 36.89789, -0.50163 ], [ 36.89804, -0.50178 ], [ 36.89824, -0.5019 ], [ 36.89868, -0.50224 ], [ 36.89892, -0.50243 ], [ 36.89903, -0.50255 ], [ 36.89907, -0.50267 ], [ 36.89905, -0.50276 ], [ 36.89896, -0.50301 ], [ 36.89886, -0.50318 ], [ 36.89882, -0.50334 ], [ 36.89879, -0.50362 ], [ 36.89879, -0.50386 ], [ 36.89889, -0.50401 ], [ 36.89906, -0.50415 ], [ 36.89927, -0.50431 ], [ 36.89951, -0.50441 ], [ 36.89978, -0.50451 ], [ 36.90005, -0.50462 ], [ 36.90039, -0.50475 ], [ 36.90071, -0.50482 ], [ 36.901, -0.50484 ], [ 36.90154, -0.50492 ], [ 36.90218, -0.50502 ], [ 36.90275, -0.50508 ], [ 36.90328, -0.50526 ], [ 36.90374, -0.50546 ], [ 36.90388, -0.50537 ], [ 36.90398, -0.50529 ], [ 36.90411, -0.50505 ], [ 36.90422, -0.5048 ], [ 36.90446, -0.50462 ], [ 36.90469, -0.50445 ], [ 36.90487, -0.50431 ], [ 36.90512, -0.50415 ], [ 36.90535, -0.50419 ], [ 36.90551, -0.50427 ], [ 36.90586, -0.50458 ], [ 36.90607, -0.50475 ], [ 36.90629, -0.50494 ], [ 36.90651, -0.50512 ], [ 36.90681, -0.50531 ], [ 36.90719, -0.50543 ], [ 36.9073, -0.50543 ], [ 36.90732, -0.50543 ], [ 36.90732, -0.50543 ], [ 36.90746, -0.50544 ], [ 36.90767, -0.5054 ], [ 36.90788, -0.50531 ], [ 36.90802, -0.50517 ], [ 36.90818, -0.50502 ], [ 36.90834, -0.50479 ], [ 36.90853, -0.50463 ], [ 36.90891, -0.50461 ], [ 36.90927, -0.50465 ], [ 36.90964, -0.50483 ], [ 36.90999, -0.50502 ], [ 36.91023, -0.50515 ], [ 36.91043, -0.50536 ], [ 36.91064, -0.50571 ], [ 36.91088, -0.50614 ], [ 36.91111, -0.50653 ], [ 36.91151, -0.50691 ], [ 36.91175, -0.50711 ], [ 36.91229, -0.5073 ], [ 36.91289, -0.50737 ], [ 36.9133, -0.50745 ], [ 36.91389, -0.50745 ], [ 36.91441, -0.50744 ], [ 36.91504, -0.50743 ], [ 36.91562, -0.50743 ], [ 36.91627, -0.50741 ], [ 36.91657, -0.50752 ], [ 36.91689, -0.50759 ], [ 36.91715, -0.50761 ], [ 36.91749, -0.50764 ], [ 36.91768, -0.50764 ], [ 36.9177, -0.50765 ], [ 36.9179, -0.50765 ], [ 36.91813, -0.50765 ], [ 36.91841, -0.50764 ], [ 36.91884, -0.50762 ], [ 36.91924, -0.50725 ], [ 36.9195, -0.50694 ], [ 36.91984, -0.50656 ], [ 36.92019, -0.50624 ], [ 36.92048, -0.50598 ], [ 36.92092, -0.50565 ], [ 36.92146, -0.50537 ], [ 36.92169, -0.5053 ], [ 36.92169, -0.50529 ], [ 36.9217, -0.5053 ], [ 36.92209, -0.50518 ], [ 36.92271, -0.50512 ], [ 36.9236, -0.50509 ], [ 36.92381, -0.50513 ], [ 36.92475, -0.50513 ], [ 36.92529, -0.50513 ], [ 36.92589, -0.50501 ], [ 36.92626, -0.50483 ], [ 36.92662, -0.5047 ], [ 36.92697, -0.50446 ], [ 36.92732, -0.50417 ], [ 36.92775, -0.50389 ], [ 36.928, -0.50367 ], [ 36.92831, -0.50353 ], [ 36.92834, -0.50351 ], [ 36.9287, -0.50329 ], [ 36.92905, -0.50312 ], [ 36.92946, -0.50288 ], [ 36.92965, -0.5027 ], [ 36.92975, -0.50258 ], [ 36.92989, -0.50235 ], [ 36.92998, -0.50217 ], [ 36.93003, -0.502 ], [ 36.93013, -0.50167 ], [ 36.9303, -0.5014 ], [ 36.93046, -0.50127 ], [ 36.93067, -0.50125 ], [ 36.93091, -0.50126 ], [ 36.93112, -0.50126 ], [ 36.93131, -0.5013 ], [ 36.93159, -0.50137 ], [ 36.93181, -0.50145 ], [ 36.93199, -0.50149 ], [ 36.93212, -0.50149 ], [ 36.93223, -0.50146 ], [ 36.93231, -0.5014 ], [ 36.93232, -0.50119 ], [ 36.93232, -0.50096 ], [ 36.9323, -0.50068 ], [ 36.93226, -0.50048 ], [ 36.93236, -0.50029 ], [ 36.9324, -0.50027 ], [ 36.9327, -0.49992 ], [ 36.93293, -0.49971 ], [ 36.93316, -0.49942 ], [ 36.93334, -0.49918 ], [ 36.93344, -0.49905 ], [ 36.93354, -0.4989 ], [ 36.93367, -0.49875 ], [ 36.93374, -0.49848 ], [ 36.93383, -0.49826 ], [ 36.93397, -0.4982 ], [ 36.93427, -0.4983 ], [ 36.93445, -0.49846 ], [ 36.93463, -0.49865 ], [ 36.93486, -0.49884 ], [ 36.93506, -0.49905 ], [ 36.9353, -0.49929 ], [ 36.93563, -0.4995 ], [ 36.93585, -0.49945 ], [ 36.93608, -0.49925 ], [ 36.9363, -0.49906 ], [ 36.93649, -0.49882 ], [ 36.93662, -0.49865 ], [ 36.93676, -0.49853 ], [ 36.93693, -0.49841 ], [ 36.93702, -0.49838 ], [ 36.93727, -0.49839 ], [ 36.93753, -0.49844 ], [ 36.93767, -0.49851 ], [ 36.93807, -0.49864 ], [ 36.93834, -0.4987 ], [ 36.93861, -0.49882 ], [ 36.93903, -0.49894 ], [ 36.93933, -0.49894 ], [ 36.93955, -0.49877 ], [ 36.93985, -0.49853 ], [ 36.94014, -0.4984 ], [ 36.94038, -0.4985 ], [ 36.94054, -0.49861 ], [ 36.94066, -0.49865 ], [ 36.94086, -0.49865 ], [ 36.94123, -0.49865 ], [ 36.94137, -0.49861 ], [ 36.94149, -0.4985 ], [ 36.9415, -0.49839 ], [ 36.94155, -0.49832 ], [ 36.9417, -0.49826 ], [ 36.94186, -0.49824 ], [ 36.94207, -0.49824 ], [ 36.94223, -0.49823 ], [ 36.9425, -0.49822 ], [ 36.94257, -0.49818 ], [ 36.94258, -0.49817 ], [ 36.94258, -0.49818 ], [ 36.94257, -0.49822 ], [ 36.94262, -0.49822 ], [ 36.94273, -0.49821 ], [ 36.94299, -0.49821 ], [ 36.94303, -0.49821 ], [ 36.94323, -0.49821 ], [ 36.94333, -0.49821 ], [ 36.94371, -0.4982 ], [ 36.94405, -0.49819 ], [ 36.94426, -0.49818 ], [ 36.94454, -0.49804 ], [ 36.94484, -0.49793 ], [ 36.94515, -0.49789 ], [ 36.94532, -0.49792 ], [ 36.94557, -0.49793 ], [ 36.9459, -0.49802 ], [ 36.94627, -0.49818 ], [ 36.94651, -0.49827 ], [ 36.94699, -0.49851 ], [ 36.94724, -0.49849 ], [ 36.94746, -0.49848 ], [ 36.94773, -0.49846 ], [ 36.94803, -0.49838 ], [ 36.94828, -0.49832 ], [ 36.94846, -0.49824 ], [ 36.94886, -0.49799 ], [ 36.94911, -0.49785 ], [ 36.9494, -0.49777 ], [ 36.94967, -0.49763 ], [ 36.94974, -0.49754 ], [ 36.94966, -0.49739 ], [ 36.94952, -0.49719 ], [ 36.9496, -0.49696 ], [ 36.94986, -0.49697 ], [ 36.9502, -0.49709 ], [ 36.95038, -0.49717 ], [ 36.95058, -0.49725 ], [ 36.95084, -0.49735 ], [ 36.95128, -0.49759 ], [ 36.95162, -0.49786 ], [ 36.95192, -0.49806 ], [ 36.95225, -0.49823 ], [ 36.95258, -0.49838 ], [ 36.95281, -0.49859 ], [ 36.95292, -0.49863 ], [ 36.95289, -0.49869 ], [ 36.95306, -0.49892 ], [ 36.95326, -0.4992 ], [ 36.95333, -0.49932 ], [ 36.95341, -0.49946 ], [ 36.95359, -0.49976 ], [ 36.95382, -0.4999 ], [ 36.95398, -0.50002 ], [ 36.95429, -0.5002 ], [ 36.95441, -0.50031 ], [ 36.95455, -0.50027 ], [ 36.95463, -0.50017 ], [ 36.95481, -0.50001 ], [ 36.95509, -0.50001 ], [ 36.95523, -0.50013 ], [ 36.95537, -0.50027 ], [ 36.9555, -0.50042 ], [ 36.9556, -0.50058 ], [ 36.95568, -0.50073 ], [ 36.95571, -0.50084 ], [ 36.9557, -0.50103 ], [ 36.9557, -0.50125 ], [ 36.95575, -0.50154 ], [ 36.95586, -0.50174 ], [ 36.956, -0.50192 ], [ 36.95607, -0.50203 ], [ 36.95626, -0.50227 ], [ 36.95634, -0.50235 ], [ 36.95652, -0.50246 ], [ 36.9566, -0.5026 ], [ 36.9566, -0.50265 ], [ 36.95664, -0.50281 ], [ 36.95676, -0.50295 ], [ 36.95677, -0.50296 ], [ 36.95687, -0.50306 ], [ 36.95704, -0.50325 ], [ 36.95722, -0.5035 ], [ 36.95757, -0.50387 ], [ 36.95788, -0.50413 ], [ 36.95804, -0.50441 ], [ 36.95814, -0.5046 ], [ 36.95819, -0.50472 ], [ 36.95825, -0.50492 ], [ 36.95819, -0.50531 ], [ 36.95808, -0.50563 ], [ 36.95815, -0.50601 ], [ 36.95828, -0.50614 ], [ 36.9584, -0.50624 ], [ 36.95876, -0.50636 ], [ 36.95901, -0.5065 ], [ 36.95954, -0.5069 ], [ 36.95978, -0.5071 ], [ 36.95983, -0.50718 ], [ 36.95992, -0.50733 ], [ 36.96005, -0.50763 ], [ 36.96007, -0.50788 ], [ 36.96007, -0.50813 ], [ 36.96005, -0.50841 ], [ 36.96, -0.50876 ], [ 36.95998, -0.50915 ], [ 36.95996, -0.50945 ], [ 36.96002, -0.50981 ], [ 36.96015, -0.5101 ], [ 36.96032, -0.51031 ], [ 36.96053, -0.51065 ], [ 36.96089, -0.51094 ], [ 36.9612, -0.51108 ], [ 36.96143, -0.51118 ], [ 36.96174, -0.51124 ], [ 36.96207, -0.51128 ], [ 36.96232, -0.51107 ], [ 36.96253, -0.51095 ], [ 36.96283, -0.51091 ], [ 36.96307, -0.51088 ], [ 36.96348, -0.51073 ], [ 36.96424, -0.51069 ], [ 36.96447, -0.51066 ], [ 36.96478, -0.51053 ], [ 36.96494, -0.51046 ], [ 36.96538, -0.51027 ], [ 36.96576, -0.51016 ], [ 36.96619, -0.51001 ], [ 36.96659, -0.50986 ], [ 36.96703, -0.50967 ], [ 36.96746, -0.50947 ], [ 36.96786, -0.50973 ], [ 36.96796, -0.50994 ], [ 36.96806, -0.51016 ], [ 36.96818, -0.51043 ], [ 36.96826, -0.5107 ], [ 36.96829, -0.51084 ], [ 36.96837, -0.51103 ], [ 36.96858, -0.51121 ], [ 36.96877, -0.51131 ], [ 36.96905, -0.51134 ], [ 36.96931, -0.51133 ], [ 36.96955, -0.51126 ], [ 36.96988, -0.51112 ], [ 36.97006, -0.51107 ], [ 36.97035, -0.51098 ], [ 36.97053, -0.51095 ], [ 36.97085, -0.51092 ], [ 36.97111, -0.51084 ], [ 36.97141, -0.51066 ], [ 36.97161, -0.51066 ], [ 36.97178, -0.51056 ], [ 36.97187, -0.51052 ], [ 36.97212, -0.51051 ], [ 36.97233, -0.51052 ], [ 36.97253, -0.51052 ], [ 36.97278, -0.51056 ], [ 36.97316, -0.51073 ], [ 36.97339, -0.51079 ], [ 36.97353, -0.51084 ], [ 36.97377, -0.51092 ], [ 36.974, -0.51098 ], [ 36.97439, -0.51104 ], [ 36.97463, -0.51112 ], [ 36.97475, -0.51114 ], [ 36.97476, -0.51114 ], [ 36.97492, -0.51115 ], [ 36.97529, -0.51116 ], [ 36.97563, -0.51122 ], [ 36.97587, -0.51134 ], [ 36.97606, -0.51152 ], [ 36.97633, -0.51169 ], [ 36.97654, -0.51188 ], [ 36.97675, -0.51214 ], [ 36.9771, -0.51234 ], [ 36.97741, -0.51234 ], [ 36.97763, -0.51234 ], [ 36.97784, -0.51231 ], [ 36.97812, -0.51213 ], [ 36.97839, -0.51193 ], [ 36.97859, -0.51175 ], [ 36.97883, -0.51131 ], [ 36.97899, -0.51094 ], [ 36.9791, -0.5107 ], [ 36.97931, -0.51013 ], [ 36.97949, -0.50989 ], [ 36.9797, -0.50948 ], [ 36.97987, -0.50925 ], [ 36.98007, -0.50902 ], [ 36.98058, -0.50876 ], [ 36.98091, -0.50876 ], [ 36.98117, -0.50875 ], [ 36.98138, -0.50875 ], [ 36.98178, -0.50875 ], [ 36.9821, -0.50875 ], [ 36.98243, -0.50875 ], [ 36.98248, -0.50875 ], [ 36.9827, -0.50873 ], [ 36.98292, -0.50874 ], [ 36.98294, -0.50873 ], [ 36.98295, -0.50874 ], [ 36.9831, -0.50875 ], [ 36.98341, -0.50883 ], [ 36.98382, -0.50902 ], [ 36.98416, -0.50908 ], [ 36.98446, -0.50914 ], [ 36.98493, -0.50931 ], [ 36.98534, -0.50945 ], [ 36.98588, -0.50953 ], [ 36.98613, -0.50954 ], [ 36.98641, -0.50954 ], [ 36.98681, -0.50953 ], [ 36.98707, -0.50953 ], [ 36.98741, -0.50952 ], [ 36.98772, -0.50952 ], [ 36.98806, -0.50954 ], [ 36.98843, -0.50971 ], [ 36.98856, -0.50985 ], [ 36.9887, -0.51002 ], [ 36.98875, -0.51022 ], [ 36.98875, -0.51038 ], [ 36.98866, -0.51054 ], [ 36.98863, -0.51067 ], [ 36.98861, -0.51081 ], [ 36.98872, -0.51096 ], [ 36.9889, -0.51104 ], [ 36.98919, -0.51113 ], [ 36.98946, -0.51116 ], [ 36.98989, -0.51119 ], [ 36.99014, -0.5112 ], [ 36.99042, -0.51119 ], [ 36.99083, -0.51119 ], [ 36.991, -0.51115 ], [ 36.99119, -0.51111 ], [ 36.99138, -0.51112 ], [ 36.99154, -0.51116 ], [ 36.9918, -0.51124 ], [ 36.99196, -0.51134 ], [ 36.99215, -0.51147 ], [ 36.99239, -0.51165 ], [ 36.99261, -0.5118 ], [ 36.99284, -0.51188 ], [ 36.993, -0.51198 ], [ 36.99337, -0.51222 ], [ 36.9936, -0.51247 ], [ 36.9937, -0.51261 ], [ 36.99383, -0.51284 ], [ 36.99394, -0.51304 ], [ 36.99395, -0.51307 ], [ 36.99409, -0.51337 ], [ 36.99416, -0.51355 ], [ 36.99417, -0.51358 ], [ 36.99421, -0.51373 ], [ 36.99428, -0.51403 ], [ 36.99444, -0.51419 ], [ 36.99462, -0.51431 ], [ 36.99489, -0.5143 ], [ 36.9952, -0.5142 ], [ 36.99546, -0.51399 ], [ 36.99568, -0.51378 ], [ 36.99597, -0.51347 ], [ 36.9962, -0.51327 ], [ 36.99658, -0.51299 ], [ 36.9969, -0.51285 ], [ 36.99716, -0.51272 ], [ 36.99755, -0.51256 ], [ 36.99785, -0.51244 ], [ 36.99812, -0.51243 ], [ 36.99846, -0.51247 ], [ 36.99918, -0.51264 ], [ 36.99937, -0.51279 ], [ 36.99953, -0.51295 ], [ 36.99961, -0.51315 ], [ 36.9996, -0.51338 ], [ 36.99959, -0.51353 ], [ 36.99952, -0.5137 ], [ 36.99945, -0.51385 ], [ 36.99907, -0.51417 ], [ 36.99881, -0.51452 ], [ 36.99856, -0.5148 ], [ 36.9984, -0.51502 ], [ 36.9982, -0.5153 ], [ 36.99798, -0.51559 ], [ 36.9978, -0.51587 ], [ 36.99765, -0.51615 ], [ 36.99756, -0.51647 ], [ 36.99754, -0.51675 ], [ 36.99754, -0.51704 ], [ 36.99754, -0.51743 ], [ 36.99768, -0.5177 ], [ 36.99775, -0.518 ], [ 36.99788, -0.51838 ], [ 36.998, -0.51858 ], [ 36.99813, -0.51884 ], [ 36.99825, -0.51916 ], [ 36.99838, -0.51943 ], [ 36.99849, -0.51961 ], [ 36.99858, -0.5198 ], [ 36.99866, -0.52002 ], [ 36.99872, -0.52022 ], [ 36.99875, -0.52048 ], [ 36.99876, -0.52087 ], [ 36.99876, -0.52099 ], [ 36.99876, -0.52113 ], [ 36.99875, -0.52142 ], [ 36.99871, -0.52166 ], [ 36.99865, -0.52197 ], [ 36.99861, -0.52231 ], [ 36.99856, -0.52256 ], [ 36.99852, -0.5227 ], [ 36.99848, -0.52282 ], [ 36.99838, -0.52324 ], [ 36.99831, -0.52354 ], [ 36.9983, -0.52388 ], [ 36.99831, -0.52426 ], [ 36.99829, -0.52462 ], [ 36.99827, -0.52487 ], [ 36.99838, -0.52508 ], [ 36.99859, -0.52522 ], [ 36.99876, -0.52528 ], [ 36.999, -0.52528 ], [ 36.99933, -0.5251 ], [ 36.99966, -0.52503 ], [ 36.99989, -0.52496 ], [ 37.00011, -0.52495 ], [ 37.00038, -0.52467 ], [ 37.00054, -0.52451 ], [ 37.00077, -0.52446 ], [ 37.00108, -0.52441 ], [ 37.00129, -0.52439 ], [ 37.00157, -0.52434 ], [ 37.00185, -0.52424 ], [ 37.00204, -0.52421 ], [ 37.00225, -0.52419 ], [ 37.0026, -0.52417 ], [ 37.00269, -0.52419 ] ] ] } },
{ "type": "Feature", "properties": { "entity_id": 297, "p_entity": 37, "name": "Tetu Sub County" }, "geometry": { "type": "Polygon", "coordinates": [ [ [ 36.88816, -0.40003 ], [ 36.88893, -0.40018 ], [ 36.88952, -0.40005 ], [ 36.89064, -0.39996 ], [ 36.89131, -0.39969 ], [ 36.89183, -0.39934 ], [ 36.89232, -0.39908 ], [ 36.89289, -0.39877 ], [ 36.89294, -0.39855 ], [ 36.89305, -0.39834 ], [ 36.89318, -0.39816 ], [ 36.89332, -0.39802 ], [ 36.8935, -0.39783 ], [ 36.89379, -0.39783 ], [ 36.89404, -0.39792 ], [ 36.89424, -0.39802 ], [ 36.89441, -0.39809 ], [ 36.89454, -0.39817 ], [ 36.8947, -0.3982 ], [ 36.89481, -0.39811 ], [ 36.89487, -0.39794 ], [ 36.89487, -0.39778 ], [ 36.89474, -0.39762 ], [ 36.89467, -0.3973 ], [ 36.89474, -0.39703 ], [ 36.89485, -0.39684 ], [ 36.89503, -0.39664 ], [ 36.89538, -0.39702 ], [ 36.89589, -0.39763 ], [ 36.89646, -0.39829 ], [ 36.89668, -0.39854 ], [ 36.8969, -0.39881 ], [ 36.89761, -0.39964 ], [ 36.89774, -0.39979 ], [ 36.89902, -0.40087 ], [ 36.89928, -0.40109 ], [ 36.90069, -0.40201 ], [ 36.90234, -0.40307 ], [ 36.90362, -0.40376 ], [ 36.90486, -0.40445 ], [ 36.90558, -0.40467 ], [ 36.90678, -0.40596 ], [ 36.89799, -0.40691 ], [ 36.89826, -0.41047 ], [ 36.8997, -0.41362 ], [ 36.89891, -0.41397 ], [ 36.90084, -0.41758 ], [ 36.90228, -0.42007 ], [ 36.90255, -0.42067 ], [ 36.90238, -0.4209 ], [ 36.90237, -0.42091 ], [ 36.90236, -0.42092 ], [ 36.90237, -0.421 ], [ 36.9023, -0.421 ], [ 36.90228, -0.421 ], [ 36.90224, -0.421 ], [ 36.90203, -0.42101 ], [ 36.9018, -0.42105 ], [ 36.9016, -0.42121 ], [ 36.90143, -0.42136 ], [ 36.90125, -0.42154 ], [ 36.90112, -0.42171 ], [ 36.90094, -0.42185 ], [ 36.9008, -0.42196 ], [ 36.90068, -0.42213 ], [ 36.90067, -0.42225 ], [ 36.90069, -0.42234 ], [ 36.90071, -0.42246 ], [ 36.90065, -0.42254 ], [ 36.90057, -0.42255 ], [ 36.90038, -0.42267 ], [ 36.90026, -0.42277 ], [ 36.90023, -0.42286 ], [ 36.90018, -0.42305 ], [ 36.90011, -0.42316 ], [ 36.90004, -0.42318 ], [ 36.89995, -0.42317 ], [ 36.8998, -0.42313 ], [ 36.89967, -0.42303 ], [ 36.89957, -0.42294 ], [ 36.89938, -0.42268 ], [ 36.89925, -0.42248 ], [ 36.89911, -0.42235 ], [ 36.8989, -0.42213 ], [ 36.89874, -0.42201 ], [ 36.8986, -0.42196 ], [ 36.89847, -0.42196 ], [ 36.89836, -0.42196 ], [ 36.89824, -0.42203 ], [ 36.89813, -0.4221 ], [ 36.89798, -0.42223 ], [ 36.89793, -0.42227 ], [ 36.89785, -0.42243 ], [ 36.89779, -0.42257 ], [ 36.89769, -0.42274 ], [ 36.89765, -0.42276 ], [ 36.89752, -0.42283 ], [ 36.8974, -0.42289 ], [ 36.89728, -0.42301 ], [ 36.89711, -0.4232 ], [ 36.89704, -0.42321 ], [ 36.89688, -0.42326 ], [ 36.89664, -0.42327 ], [ 36.89637, -0.42328 ], [ 36.89619, -0.4233 ], [ 36.89604, -0.42337 ], [ 36.89591, -0.42353 ], [ 36.89582, -0.42366 ], [ 36.89577, -0.42386 ], [ 36.89571, -0.42399 ], [ 36.89565, -0.4241 ], [ 36.89553, -0.42413 ], [ 36.89534, -0.42408 ], [ 36.8952, -0.42397 ], [ 36.8951, -0.42376 ], [ 36.89508, -0.42358 ], [ 36.89503, -0.42336 ], [ 36.89495, -0.42309 ], [ 36.89486, -0.42293 ], [ 36.89474, -0.4228 ], [ 36.89462, -0.4227 ], [ 36.89429, -0.42258 ], [ 36.8941, -0.42259 ], [ 36.89404, -0.42279 ], [ 36.89405, -0.4229 ], [ 36.89405, -0.42304 ], [ 36.89404, -0.42315 ], [ 36.89396, -0.42317 ], [ 36.89376, -0.42319 ], [ 36.89358, -0.42315 ], [ 36.89342, -0.42307 ], [ 36.89318, -0.42301 ], [ 36.89289, -0.42301 ], [ 36.8927, -0.42302 ], [ 36.89249, -0.42305 ], [ 36.8923, -0.42323 ], [ 36.89226, -0.42336 ], [ 36.89225, -0.42367 ], [ 36.89222, -0.42376 ], [ 36.89207, -0.42408 ], [ 36.89199, -0.42418 ], [ 36.89189, -0.42426 ], [ 36.89178, -0.4243 ], [ 36.89157, -0.42431 ], [ 36.89133, -0.42432 ], [ 36.89114, -0.4243 ], [ 36.89094, -0.42429 ], [ 36.89077, -0.42427 ], [ 36.89061, -0.42424 ], [ 36.89047, -0.4242 ], [ 36.89032, -0.42419 ], [ 36.89017, -0.42417 ], [ 36.88975, -0.42424 ], [ 36.88967, -0.42425 ], [ 36.88946, -0.42447 ], [ 36.88928, -0.42467 ], [ 36.88915, -0.4248 ], [ 36.88899, -0.42502 ], [ 36.88882, -0.42516 ], [ 36.88867, -0.42521 ], [ 36.88854, -0.42522 ], [ 36.88821, -0.42523 ], [ 36.88808, -0.42528 ], [ 36.88792, -0.42545 ], [ 36.8878, -0.42564 ], [ 36.88771, -0.4258 ], [ 36.88767, -0.42599 ], [ 36.88768, -0.42622 ], [ 36.88753, -0.42638 ], [ 36.88741, -0.42652 ], [ 36.88737, -0.42665 ], [ 36.88749, -0.42673 ], [ 36.88767, -0.42694 ], [ 36.88782, -0.4271 ], [ 36.88793, -0.42729 ], [ 36.88794, -0.42745 ], [ 36.88795, -0.42764 ], [ 36.88788, -0.42787 ], [ 36.88775, -0.42799 ], [ 36.88756, -0.42801 ], [ 36.88742, -0.42801 ], [ 36.88723, -0.42802 ], [ 36.8871, -0.42803 ], [ 36.88705, -0.42803 ], [ 36.88672, -0.42813 ], [ 36.8865, -0.42817 ], [ 36.88624, -0.42818 ], [ 36.88596, -0.42827 ], [ 36.88572, -0.42844 ], [ 36.88566, -0.42859 ], [ 36.88562, -0.42869 ], [ 36.88558, -0.42883 ], [ 36.88549, -0.42902 ], [ 36.8854, -0.42906 ], [ 36.88518, -0.42904 ], [ 36.88499, -0.42896 ], [ 36.88474, -0.42883 ], [ 36.88445, -0.42868 ], [ 36.88418, -0.42857 ], [ 36.88401, -0.42851 ], [ 36.88383, -0.42845 ], [ 36.8836, -0.42839 ], [ 36.88333, -0.42833 ], [ 36.88314, -0.4283 ], [ 36.88291, -0.42814 ], [ 36.88285, -0.42805 ], [ 36.88272, -0.42802 ], [ 36.88265, -0.42809 ], [ 36.88254, -0.42823 ], [ 36.88237, -0.42844 ], [ 36.88226, -0.42854 ], [ 36.88213, -0.42863 ], [ 36.88193, -0.42864 ], [ 36.88159, -0.42858 ], [ 36.88139, -0.42846 ], [ 36.88108, -0.42829 ], [ 36.88081, -0.42815 ], [ 36.88062, -0.42806 ], [ 36.88024, -0.4279 ], [ 36.87984, -0.4279 ], [ 36.87961, -0.42792 ], [ 36.87938, -0.42796 ], [ 36.8792, -0.428 ], [ 36.87907, -0.42809 ], [ 36.87889, -0.42821 ], [ 36.87874, -0.42823 ], [ 36.87855, -0.42823 ], [ 36.87848, -0.42823 ], [ 36.87851, -0.42844 ], [ 36.87877, -0.42857 ], [ 36.87903, -0.42857 ], [ 36.87968, -0.42856 ], [ 36.88018, -0.42863 ], [ 36.88052, -0.42874 ], [ 36.88073, -0.42885 ], [ 36.88083, -0.42896 ], [ 36.88072, -0.42936 ], [ 36.88072, -0.42975 ], [ 36.88066, -0.43021 ], [ 36.88072, -0.43044 ], [ 36.88093, -0.43063 ], [ 36.88114, -0.43081 ], [ 36.88122, -0.43094 ], [ 36.8812, -0.4311 ], [ 36.88107, -0.43123 ], [ 36.8808, -0.43127 ], [ 36.88023, -0.4313 ], [ 36.87988, -0.43134 ], [ 36.87912, -0.43145 ], [ 36.87882, -0.43161 ], [ 36.87841, -0.43187 ], [ 36.87817, -0.43206 ], [ 36.87815, -0.43237 ], [ 36.87815, -0.43262 ], [ 36.87843, -0.43269 ], [ 36.8787, -0.43287 ], [ 36.87905, -0.43312 ], [ 36.87954, -0.43342 ], [ 36.87953, -0.43346 ], [ 36.87958, -0.43345 ], [ 36.8797, -0.43352 ], [ 36.88007, -0.43389 ], [ 36.88046, -0.4344 ], [ 36.88078, -0.43475 ], [ 36.88115, -0.4351 ], [ 36.88133, -0.43526 ], [ 36.88165, -0.43551 ], [ 36.8822, -0.4358 ], [ 36.8826, -0.43598 ], [ 36.88284, -0.43608 ], [ 36.8832, -0.43632 ], [ 36.88356, -0.43667 ], [ 36.88391, -0.43695 ], [ 36.8842, -0.43713 ], [ 36.88472, -0.43728 ], [ 36.88507, -0.43728 ], [ 36.88541, -0.43732 ], [ 36.8857, -0.43745 ], [ 36.88562, -0.4378 ], [ 36.8856, -0.43832 ], [ 36.8856, -0.43859 ], [ 36.88561, -0.43894 ], [ 36.8857, -0.43935 ], [ 36.88571, -0.43975 ], [ 36.88571, -0.44008 ], [ 36.8856, -0.44051 ], [ 36.88551, -0.4408 ], [ 36.88518, -0.44115 ], [ 36.88505, -0.44143 ], [ 36.8848, -0.44172 ], [ 36.88461, -0.44198 ], [ 36.8846, -0.44224 ], [ 36.88462, -0.44241 ], [ 36.88477, -0.44268 ], [ 36.88503, -0.4428 ], [ 36.88556, -0.44289 ], [ 36.8859, -0.44293 ], [ 36.88616, -0.44296 ], [ 36.88651, -0.44302 ], [ 36.88682, -0.44306 ], [ 36.88707, -0.44302 ], [ 36.88743, -0.44286 ], [ 36.88773, -0.44286 ], [ 36.888, -0.44299 ], [ 36.88841, -0.44299 ], [ 36.88871, -0.44299 ], [ 36.88906, -0.44298 ], [ 36.8893, -0.44294 ], [ 36.88957, -0.44285 ], [ 36.8898, -0.44278 ], [ 36.89009, -0.4426 ], [ 36.89034, -0.44254 ], [ 36.89038, -0.44254 ], [ 36.89041, -0.44253 ], [ 36.89072, -0.4425 ], [ 36.89103, -0.44241 ], [ 36.89142, -0.44233 ], [ 36.89163, -0.44238 ], [ 36.89172, -0.44249 ], [ 36.89178, -0.44272 ], [ 36.89182, -0.44295 ], [ 36.89187, -0.44317 ], [ 36.89197, -0.44332 ], [ 36.89203, -0.44334 ], [ 36.89204, -0.44334 ], [ 36.8922, -0.44339 ], [ 36.89237, -0.44328 ], [ 36.89253, -0.44308 ], [ 36.89274, -0.44269 ], [ 36.89296, -0.44237 ], [ 36.89317, -0.44223 ], [ 36.8934, -0.44222 ], [ 36.8937, -0.44228 ], [ 36.89388, -0.44239 ], [ 36.8941, -0.44262 ], [ 36.89422, -0.44288 ], [ 36.89418, -0.44325 ], [ 36.89417, -0.44352 ], [ 36.89413, -0.44388 ], [ 36.89412, -0.44418 ], [ 36.8941, -0.44456 ], [ 36.8941, -0.4449 ], [ 36.89413, -0.44521 ], [ 36.89437, -0.44539 ], [ 36.89475, -0.44539 ], [ 36.89498, -0.44525 ], [ 36.89527, -0.44509 ], [ 36.89559, -0.44491 ], [ 36.89589, -0.44468 ], [ 36.89618, -0.44448 ], [ 36.89646, -0.4443 ], [ 36.89671, -0.44409 ], [ 36.897, -0.44395 ], [ 36.89733, -0.44394 ], [ 36.89748, -0.44395 ], [ 36.89772, -0.44416 ], [ 36.89784, -0.44427 ], [ 36.89798, -0.4444 ], [ 36.89802, -0.44483 ], [ 36.898, -0.44509 ], [ 36.89791, -0.44534 ], [ 36.89778, -0.44553 ], [ 36.89768, -0.44567 ], [ 36.89698, -0.44609 ], [ 36.89687, -0.44615 ], [ 36.89677, -0.44622 ], [ 36.89645, -0.44635 ], [ 36.89619, -0.44648 ], [ 36.89612, -0.44664 ], [ 36.89615, -0.44677 ], [ 36.89624, -0.44681 ], [ 36.89627, -0.44682 ], [ 36.89627, -0.44682 ], [ 36.89627, -0.44682 ], [ 36.89643, -0.44689 ], [ 36.89667, -0.44689 ], [ 36.89691, -0.44689 ], [ 36.8973, -0.44681 ], [ 36.89759, -0.44676 ], [ 36.89787, -0.44674 ], [ 36.89813, -0.44685 ], [ 36.89818, -0.44705 ], [ 36.89809, -0.44748 ], [ 36.89794, -0.44773 ], [ 36.89778, -0.44797 ], [ 36.89758, -0.44826 ], [ 36.89735, -0.4485 ], [ 36.89728, -0.4487 ], [ 36.89728, -0.44873 ], [ 36.89724, -0.44882 ], [ 36.89726, -0.44883 ], [ 36.89739, -0.44897 ], [ 36.89759, -0.44895 ], [ 36.89789, -0.44884 ], [ 36.8981, -0.44878 ], [ 36.89843, -0.44891 ], [ 36.89849, -0.44904 ], [ 36.89847, -0.44929 ], [ 36.89828, -0.44949 ], [ 36.89782, -0.44993 ], [ 36.89759, -0.45038 ], [ 36.89779, -0.45071 ], [ 36.89809, -0.45083 ], [ 36.89899, -0.45086 ], [ 36.89961, -0.45085 ], [ 36.89991, -0.45084 ], [ 36.90001, -0.45084 ], [ 36.90011, -0.45083 ], [ 36.90069, -0.45083 ], [ 36.90119, -0.45093 ], [ 36.90144, -0.45101 ], [ 36.90173, -0.45116 ], [ 36.90194, -0.45127 ], [ 36.90238, -0.45142 ], [ 36.90279, -0.45164 ], [ 36.90321, -0.45179 ], [ 36.90345, -0.4519 ], [ 36.9038, -0.45194 ], [ 36.90415, -0.45185 ], [ 36.90448, -0.45182 ], [ 36.90469, -0.45181 ], [ 36.90501, -0.4518 ], [ 36.90535, -0.4518 ], [ 36.90568, -0.45192 ], [ 36.906, -0.45212 ], [ 36.90634, -0.45238 ], [ 36.90699, -0.45285 ], [ 36.90754, -0.45311 ], [ 36.90764, -0.45316 ], [ 36.90834, -0.45333 ], [ 36.90894, -0.45336 ], [ 36.90963, -0.45336 ], [ 36.91026, -0.45336 ], [ 36.9111, -0.45338 ], [ 36.91114, -0.45359 ], [ 36.9112, -0.45385 ], [ 36.9112, -0.45427 ], [ 36.91146, -0.45508 ], [ 36.91151, -0.45539 ], [ 36.91166, -0.45596 ], [ 36.91166, -0.45624 ], [ 36.91179, -0.45682 ], [ 36.91192, -0.45733 ], [ 36.91196, -0.45771 ], [ 36.91202, -0.45808 ], [ 36.91212, -0.45847 ], [ 36.91223, -0.45891 ], [ 36.91231, -0.45921 ], [ 36.9124, -0.45954 ], [ 36.91247, -0.45972 ], [ 36.91046, -0.46049 ], [ 36.91045, -0.46055 ], [ 36.91046, -0.46058 ], [ 36.9105, -0.46075 ], [ 36.91066, -0.46106 ], [ 36.91075, -0.46128 ], [ 36.91076, -0.46148 ], [ 36.91075, -0.46166 ], [ 36.91075, -0.46184 ], [ 36.9108, -0.46205 ], [ 36.91083, -0.4622 ], [ 36.91088, -0.4624 ], [ 36.91108, -0.46252 ], [ 36.91123, -0.46265 ], [ 36.9113, -0.46271 ], [ 36.91145, -0.46282 ], [ 36.91165, -0.46296 ], [ 36.91184, -0.46309 ], [ 36.91197, -0.46316 ], [ 36.91214, -0.46324 ], [ 36.91229, -0.46329 ], [ 36.91255, -0.46339 ], [ 36.91306, -0.46361 ], [ 36.91329, -0.46368 ], [ 36.91354, -0.46368 ], [ 36.91386, -0.46379 ], [ 36.91401, -0.46384 ], [ 36.91421, -0.46396 ], [ 36.91427, -0.46405 ], [ 36.91433, -0.46415 ], [ 36.91436, -0.46434 ], [ 36.9144, -0.46448 ], [ 36.91446, -0.46455 ], [ 36.91461, -0.46455 ], [ 36.9149, -0.46456 ], [ 36.91511, -0.46456 ], [ 36.91549, -0.46461 ], [ 36.91564, -0.46468 ], [ 36.9158, -0.46477 ], [ 36.91594, -0.46489 ], [ 36.91619, -0.46498 ], [ 36.91657, -0.46497 ], [ 36.91677, -0.46491 ], [ 36.91702, -0.46491 ], [ 36.91728, -0.46491 ], [ 36.91749, -0.46496 ], [ 36.91757, -0.465 ], [ 36.91837, -0.46387 ], [ 36.91936, -0.46176 ], [ 36.91965, -0.46191 ], [ 36.9201, -0.46215 ], [ 36.92027, -0.46226 ], [ 36.92047, -0.4624 ], [ 36.92071, -0.46255 ], [ 36.92093, -0.46269 ], [ 36.92122, -0.46287 ], [ 36.92169, -0.46298 ], [ 36.92198, -0.46305 ], [ 36.92222, -0.46309 ], [ 36.92238, -0.46311 ], [ 36.92271, -0.46316 ], [ 36.92299, -0.46325 ], [ 36.92331, -0.4633 ], [ 36.92357, -0.46333 ], [ 36.9238, -0.46335 ], [ 36.92397, -0.46335 ], [ 36.92417, -0.46332 ], [ 36.92438, -0.46331 ], [ 36.92471, -0.46313 ], [ 36.92484, -0.46309 ], [ 36.92502, -0.46308 ], [ 36.92545, -0.46294 ], [ 36.9259, -0.46273 ], [ 36.92617, -0.46261 ], [ 36.92639, -0.4625 ], [ 36.92663, -0.46235 ], [ 36.92697, -0.46213 ], [ 36.9272, -0.46197 ], [ 36.92735, -0.46186 ], [ 36.92745, -0.46179 ], [ 36.92772, -0.46164 ], [ 36.92796, -0.46162 ], [ 36.92821, -0.46162 ], [ 36.92856, -0.46162 ], [ 36.92903, -0.46156 ], [ 36.92927, -0.46155 ], [ 36.92962, -0.46154 ], [ 36.92984, -0.4615 ], [ 36.93001, -0.46138 ], [ 36.93022, -0.46126 ], [ 36.93043, -0.46117 ], [ 36.93052, -0.46111 ], [ 36.93066, -0.46103 ], [ 36.93077, -0.4609 ], [ 36.93082, -0.46078 ], [ 36.93088, -0.46055 ], [ 36.93092, -0.46037 ], [ 36.93098, -0.46019 ], [ 36.93113, -0.46 ], [ 36.93143, -0.45979 ], [ 36.93159, -0.45974 ], [ 36.9317, -0.45972 ], [ 36.93182, -0.45964 ], [ 36.9319, -0.45957 ], [ 36.93204, -0.45942 ], [ 36.93215, -0.4594 ], [ 36.93223, -0.45941 ], [ 36.93234, -0.4595 ], [ 36.93246, -0.45962 ], [ 36.93277, -0.45972 ], [ 36.93314, -0.45977 ], [ 36.9333, -0.45977 ], [ 36.93361, -0.45974 ], [ 36.93384, -0.4597 ], [ 36.9341, -0.45966 ], [ 36.93427, -0.45964 ], [ 36.93453, -0.45964 ], [ 36.93479, -0.45964 ], [ 36.93489, -0.45963 ], [ 36.93511, -0.45962 ], [ 36.93534, -0.45962 ], [ 36.93547, -0.45963 ], [ 36.93579, -0.45964 ], [ 36.93601, -0.4596 ], [ 36.93627, -0.45949 ], [ 36.93659, -0.45927 ], [ 36.93696, -0.459 ], [ 36.93715, -0.45881 ], [ 36.93733, -0.45874 ], [ 36.93758, -0.45864 ], [ 36.93782, -0.4585 ], [ 36.93803, -0.4584 ], [ 36.93833, -0.45825 ], [ 36.93865, -0.45816 ], [ 36.93877, -0.45811 ], [ 36.93891, -0.45805 ], [ 36.93919, -0.45795 ], [ 36.93958, -0.4579 ], [ 36.9398, -0.45789 ], [ 36.94002, -0.45788 ], [ 36.9404, -0.45788 ], [ 36.94058, -0.45788 ], [ 36.94079, -0.45793 ], [ 36.94118, -0.45807 ], [ 36.94157, -0.45816 ], [ 36.9416, -0.45817 ], [ 36.94181, -0.45824 ], [ 36.94209, -0.45832 ], [ 36.94239, -0.4584 ], [ 36.94264, -0.45846 ], [ 36.94281, -0.45851 ], [ 36.94309, -0.45861 ], [ 36.94334, -0.45866 ], [ 36.9436, -0.45859 ], [ 36.94379, -0.45857 ], [ 36.94399, -0.45848 ], [ 36.9441, -0.45845 ], [ 36.94421, -0.4583 ], [ 36.94433, -0.45814 ], [ 36.94443, -0.45795 ], [ 36.94453, -0.45779 ], [ 36.94473, -0.45761 ], [ 36.94505, -0.45739 ], [ 36.94514, -0.45738 ], [ 36.94547, -0.45735 ], [ 36.94569, -0.45732 ], [ 36.94598, -0.45905 ], [ 36.94608, -0.4603 ], [ 36.94634, -0.46211 ], [ 36.94637, -0.46248 ], [ 36.94643, -0.4634 ], [ 36.94654, -0.46396 ], [ 36.94656, -0.46448 ], [ 36.9466, -0.46528 ], [ 36.94673, -0.46618 ], [ 36.94686, -0.46699 ], [ 36.94686, -0.46701 ], [ 36.9469, -0.46728 ], [ 36.94692, -0.46769 ], [ 36.94697, -0.4684 ], [ 36.94712, -0.46909 ], [ 36.94731, -0.47054 ], [ 36.94731, -0.47136 ], [ 36.94746, -0.47205 ], [ 36.94767, -0.47298 ], [ 36.94779, -0.4735 ], [ 36.94798, -0.47423 ], [ 36.94802, -0.47492 ], [ 36.9482, -0.47563 ], [ 36.94831, -0.4766 ], [ 36.94831, -0.47685 ], [ 36.94867, -0.47684 ], [ 36.94888, -0.47689 ], [ 36.94905, -0.47695 ], [ 36.94905, -0.47695 ], [ 36.94906, -0.47696 ], [ 36.94935, -0.47707 ], [ 36.94971, -0.4773 ], [ 36.94982, -0.47741 ], [ 36.95016, -0.47745 ], [ 36.9504, -0.47732 ], [ 36.95094, -0.47699 ], [ 36.95138, -0.47698 ], [ 36.95186, -0.47697 ], [ 36.95223, -0.47697 ], [ 36.95261, -0.47696 ], [ 36.953, -0.47695 ], [ 36.95346, -0.47683 ], [ 36.95396, -0.47654 ], [ 36.95434, -0.47646 ], [ 36.9549, -0.47652 ], [ 36.95525, -0.47653 ], [ 36.95529, -0.47653 ], [ 36.95538, -0.47653 ], [ 36.95563, -0.47663 ], [ 36.95597, -0.47679 ], [ 36.95629, -0.47691 ], [ 36.95671, -0.47699 ], [ 36.95699, -0.47707 ], [ 36.95745, -0.47718 ], [ 36.95772, -0.47729 ], [ 36.95812, -0.47742 ], [ 36.95839, -0.47758 ], [ 36.95856, -0.478 ], [ 36.95867, -0.47825 ], [ 36.95887, -0.47865 ], [ 36.95906, -0.47904 ], [ 36.95917, -0.47919 ], [ 36.95933, -0.4794 ], [ 36.95943, -0.47963 ], [ 36.9599, -0.47997 ], [ 36.9602, -0.48026 ], [ 36.96282, -0.47479 ], [ 36.96398, -0.47235 ], [ 36.96426, -0.47199 ], [ 36.96403, -0.47146 ], [ 36.964, -0.4711 ], [ 36.96395, -0.47073 ], [ 36.96403, -0.47029 ], [ 36.96419, -0.46978 ], [ 36.96432, -0.46916 ], [ 36.96432, -0.46868 ], [ 36.96432, -0.46827 ], [ 36.96431, -0.4679 ], [ 36.96421, -0.46759 ], [ 36.96411, -0.46741 ], [ 36.96395, -0.46714 ], [ 36.96417, -0.46707 ], [ 36.96439, -0.46691 ], [ 36.96476, -0.46676 ], [ 36.96505, -0.4667 ], [ 36.96544, -0.46673 ], [ 36.96568, -0.46676 ], [ 36.96659, -0.46679 ], [ 36.9669, -0.46679 ], [ 36.96734, -0.46679 ], [ 36.96765, -0.46679 ], [ 36.96821, -0.46679 ], [ 36.96863, -0.46683 ], [ 36.96893, -0.46691 ], [ 36.96923, -0.46704 ], [ 36.96949, -0.46716 ], [ 36.96964, -0.4674 ], [ 36.96985, -0.46753 ], [ 36.97019, -0.4678 ], [ 36.97065, -0.4674 ], [ 36.97131, -0.46711 ], [ 36.97252, -0.46674 ], [ 36.97335, -0.46625 ], [ 36.97387, -0.4661 ], [ 36.97467, -0.46593 ], [ 36.97554, -0.46579 ], [ 36.97631, -0.46564 ], [ 36.97692, -0.4655 ], [ 36.97758, -0.46536 ], [ 36.97812, -0.46478 ], [ 36.9782, -0.46357 ], [ 36.97795, -0.46238 ], [ 36.97775, -0.46156 ], [ 36.97764, -0.46079 ], [ 36.97755, -0.46037 ], [ 36.97777, -0.46032 ], [ 36.97813, -0.46016 ], [ 36.97853, -0.45995 ], [ 36.97886, -0.45978 ], [ 36.97914, -0.4596 ], [ 36.97948, -0.45943 ], [ 36.97981, -0.45934 ], [ 36.98027, -0.45915 ], [ 36.98058, -0.45898 ], [ 36.9811, -0.45885 ], [ 36.98162, -0.45873 ], [ 36.98197, -0.45869 ], [ 36.98243, -0.45867 ], [ 36.9828, -0.45867 ], [ 36.9831, -0.45867 ], [ 36.9836, -0.45867 ], [ 36.98403, -0.45869 ], [ 36.98448, -0.45867 ], [ 36.98477, -0.4587 ], [ 36.98491, -0.45874 ], [ 36.9852, -0.4588 ], [ 36.98549, -0.45886 ], [ 36.98583, -0.45894 ], [ 36.98612, -0.45894 ], [ 36.98638, -0.45894 ], [ 36.98674, -0.45893 ], [ 36.98705, -0.45889 ], [ 36.98723, -0.45879 ], [ 36.98752, -0.45869 ], [ 36.98786, -0.45866 ], [ 36.98816, -0.45866 ], [ 36.98834, -0.45874 ], [ 36.98864, -0.45889 ], [ 36.98895, -0.45905 ], [ 36.98918, -0.45916 ], [ 36.9894, -0.45919 ], [ 36.9896, -0.45922 ], [ 36.9898, -0.45922 ], [ 36.99005, -0.45926 ], [ 36.99037, -0.45931 ], [ 36.99062, -0.45938 ], [ 36.99101, -0.45947 ], [ 36.99113, -0.45952 ], [ 36.99137, -0.45961 ], [ 36.99177, -0.45976 ], [ 36.99202, -0.45982 ], [ 36.99234, -0.46001 ], [ 36.99246, -0.46011 ], [ 36.99262, -0.46022 ], [ 36.99282, -0.46036 ], [ 36.99302, -0.46051 ], [ 36.9933, -0.4608 ], [ 36.99354, -0.46105 ], [ 36.99371, -0.46128 ], [ 36.99375, -0.46134 ], [ 36.99387, -0.46149 ], [ 36.99407, -0.4619 ], [ 36.99452, -0.46231 ], [ 36.99487, -0.46244 ], [ 36.99526, -0.46241 ], [ 36.9955, -0.46234 ], [ 36.9959, -0.46217 ], [ 36.99627, -0.46214 ], [ 36.99657, -0.46255 ], [ 36.99679, -0.46298 ], [ 36.99712, -0.46333 ], [ 36.99773, -0.46373 ], [ 36.998, -0.46389 ], [ 36.99839, -0.46386 ], [ 36.99839, -0.4641 ], [ 36.99847, -0.46442 ], [ 36.99862, -0.46479 ], [ 36.99877, -0.46514 ], [ 36.99894, -0.46545 ], [ 36.99908, -0.46565 ], [ 36.99922, -0.46585 ], [ 36.99937, -0.46606 ], [ 36.99955, -0.46628 ], [ 36.99977, -0.46651 ], [ 37.00008, -0.46686 ], [ 37.0002, -0.46699 ], [ 37.00036, -0.46721 ], [ 37.00048, -0.46738 ], [ 37.00055, -0.46756 ], [ 37.00059, -0.46779 ], [ 37.00062, -0.46809 ], [ 37.00062, -0.46846 ], [ 37.00061, -0.46879 ], [ 37.00055, -0.46922 ], [ 37.00054, -0.46956 ], [ 37.0006, -0.4703 ], [ 37.0007, -0.47056 ], [ 37.00075, -0.47082 ], [ 37.0008, -0.47099 ], [ 37.00083, -0.47127 ], [ 37.00089, -0.47147 ], [ 37.00093, -0.47171 ], [ 37.00095, -0.47185 ], [ 37.00104, -0.47234 ], [ 37.0011, -0.47255 ], [ 37.00116, -0.47266 ], [ 37.00126, -0.47302 ], [ 37.00132, -0.47311 ], [ 37.00137, -0.4731 ], [ 37.00159, -0.47304 ], [ 37.00188, -0.47291 ], [ 37.00212, -0.47282 ], [ 37.00241, -0.47261 ], [ 37.00264, -0.47243 ], [ 37.00301, -0.47215 ], [ 37.00327, -0.47209 ], [ 37.00356, -0.4721 ], [ 37.00384, -0.47212 ], [ 37.00436, -0.47221 ], [ 37.00475, -0.47225 ], [ 37.00505, -0.47225 ], [ 37.0054, -0.47223 ], [ 37.00562, -0.47222 ], [ 37.00579, -0.47219 ], [ 37.00601, -0.47211 ], [ 37.00629, -0.47194 ], [ 37.00646, -0.47183 ], [ 37.00681, -0.47173 ], [ 37.0071, -0.4717 ], [ 37.00729, -0.47163 ], [ 37.00754, -0.47156 ], [ 37.00777, -0.47164 ], [ 37.00793, -0.47176 ], [ 37.00802, -0.47189 ], [ 37.00811, -0.47204 ], [ 37.00824, -0.47228 ], [ 37.0083, -0.47247 ], [ 37.00836, -0.47257 ], [ 37.00844, -0.47272 ], [ 37.00854, -0.4728 ], [ 37.00872, -0.4728 ], [ 37.00888, -0.47278 ], [ 37.00899, -0.47277 ], [ 37.00924, -0.47274 ], [ 37.00949, -0.47273 ], [ 37.00955, -0.47274 ], [ 37.00975, -0.47283 ], [ 37.00985, -0.4729 ], [ 37.01002, -0.4731 ], [ 37.01014, -0.47318 ], [ 37.01031, -0.47335 ], [ 37.01047, -0.47344 ], [ 37.0107, -0.4735 ], [ 37.0109, -0.4735 ], [ 37.01112, -0.47348 ], [ 37.01127, -0.47348 ], [ 37.0118, -0.47366 ], [ 37.0124, -0.47384 ], [ 37.01255, -0.47386 ], [ 37.01275, -0.47385 ], [ 37.01298, -0.47384 ], [ 37.01323, -0.47387 ], [ 37.01349, -0.47385 ], [ 37.01371, -0.47385 ], [ 37.01382, -0.47384 ], [ 37.0141, -0.47379 ], [ 37.01428, -0.47376 ], [ 37.01442, -0.4737 ], [ 37.01463, -0.47353 ], [ 37.01472, -0.47347 ], [ 37.01481, -0.47341 ], [ 37.01503, -0.47321 ], [ 37.0152, -0.47303 ], [ 37.01536, -0.4728 ], [ 37.01551, -0.47271 ], [ 37.01573, -0.47261 ], [ 37.01584, -0.47254 ], [ 37.01619, -0.47235 ], [ 37.01641, -0.47231 ], [ 37.01662, -0.47228 ], [ 37.01677, -0.47227 ], [ 37.01691, -0.47221 ], [ 37.01695, -0.47209 ], [ 37.01704, -0.47187 ], [ 37.01712, -0.47165 ], [ 37.01721, -0.47154 ], [ 37.0174, -0.47153 ], [ 37.0175, -0.4716 ], [ 37.01758, -0.47168 ], [ 37.01769, -0.47174 ], [ 37.01792, -0.4716 ], [ 37.0182, -0.47146 ], [ 37.01832, -0.4714 ], [ 37.01843, -0.4713 ], [ 37.01865, -0.47115 ], [ 37.01882, -0.47109 ], [ 37.01894, -0.47109 ], [ 37.01907, -0.47109 ], [ 37.01927, -0.471 ], [ 37.01936, -0.47088 ], [ 37.01938, -0.47072 ], [ 37.01927, -0.47051 ], [ 37.01919, -0.47037 ], [ 37.01917, -0.47021 ], [ 37.01914, -0.4701 ], [ 37.01914, -0.46997 ], [ 37.0192, -0.46972 ], [ 37.01934, -0.4696 ], [ 37.01953, -0.46959 ], [ 37.01988, -0.46961 ], [ 37.02015, -0.46967 ], [ 37.02042, -0.46971 ], [ 37.02064, -0.46981 ], [ 37.02092, -0.46988 ], [ 37.0212, -0.46971 ], [ 37.02135, -0.4696 ], [ 37.02146, -0.4695 ], [ 37.02164, -0.46932 ], [ 37.02182, -0.46908 ], [ 37.02196, -0.46888 ], [ 37.02208, -0.46877 ], [ 37.02225, -0.46871 ], [ 37.02242, -0.46871 ], [ 37.02269, -0.46884 ], [ 37.02287, -0.46887 ], [ 37.02297, -0.46886 ], [ 37.02314, -0.46868 ], [ 37.02318, -0.4686 ], [ 37.0233, -0.46833 ], [ 37.0234, -0.46821 ], [ 37.02351, -0.46798 ], [ 37.0236, -0.46779 ], [ 37.02379, -0.46761 ], [ 37.02391, -0.46757 ], [ 37.02406, -0.46756 ], [ 37.02419, -0.46766 ], [ 37.02425, -0.46776 ], [ 37.02432, -0.46795 ], [ 37.02435, -0.46812 ], [ 37.02435, -0.46826 ], [ 37.02435, -0.46848 ], [ 37.02436, -0.46871 ], [ 37.02437, -0.46896 ], [ 37.02448, -0.46926 ], [ 37.02452, -0.46949 ], [ 37.02456, -0.46964 ], [ 37.02455, -0.46978 ], [ 37.02454, -0.46993 ], [ 37.02454, -0.47008 ], [ 37.02457, -0.4703 ], [ 37.02457, -0.47047 ], [ 37.02457, -0.47059 ], [ 37.0246, -0.47068 ], [ 37.02469, -0.47085 ], [ 37.02477, -0.47091 ], [ 37.02496, -0.47091 ], [ 37.02521, -0.47089 ], [ 37.02539, -0.4708 ], [ 37.02556, -0.47066 ], [ 37.02569, -0.47065 ], [ 37.02586, -0.47066 ], [ 37.02597, -0.47071 ], [ 37.02611, -0.47071 ], [ 37.02633, -0.47069 ], [ 37.02643, -0.47064 ], [ 37.02655, -0.47047 ], [ 37.02671, -0.4703 ], [ 37.02682, -0.47019 ], [ 37.02694, -0.47013 ], [ 37.0271, -0.47012 ], [ 37.02733, -0.47008 ], [ 37.02749, -0.47002 ], [ 37.02757, -0.47 ], [ 37.02765, -0.46989 ], [ 37.02775, -0.46981 ], [ 37.02794, -0.46983 ], [ 37.02817, -0.46985 ], [ 37.02837, -0.46985 ], [ 37.02855, -0.46985 ], [ 37.02877, -0.4699 ], [ 37.02892, -0.46999 ], [ 37.02907, -0.47002 ], [ 37.02918, -0.46998 ], [ 37.02928, -0.4699 ], [ 37.0294, -0.46986 ], [ 37.02945, -0.4699 ], [ 37.02951, -0.47005 ], [ 37.02959, -0.47018 ], [ 37.02965, -0.4703 ], [ 37.02978, -0.47042 ], [ 37.02994, -0.47052 ], [ 37.03005, -0.47057 ], [ 37.03029, -0.47072 ], [ 37.0304, -0.4708 ], [ 37.03049, -0.47089 ], [ 37.03063, -0.47101 ], [ 37.03072, -0.47116 ], [ 37.0307, -0.4713 ], [ 37.03063, -0.47142 ], [ 37.03053, -0.47155 ], [ 37.03051, -0.47166 ], [ 37.0305, -0.47183 ], [ 37.03062, -0.47192 ], [ 37.03073, -0.47195 ], [ 37.0309, -0.47203 ], [ 37.03097, -0.4721 ], [ 37.031, -0.47223 ], [ 37.031, -0.47248 ], [ 37.03099, -0.47268 ], [ 37.03099, -0.47304 ], [ 37.03101, -0.47333 ], [ 37.03118, -0.47369 ], [ 37.03136, -0.47386 ], [ 37.03152, -0.47403 ], [ 37.03158, -0.47423 ], [ 37.03161, -0.47449 ], [ 37.03165, -0.47469 ], [ 37.03164, -0.47481 ], [ 37.03156, -0.47492 ], [ 37.03149, -0.47509 ], [ 37.0315, -0.47521 ], [ 37.03161, -0.47536 ], [ 37.03176, -0.47553 ], [ 37.03197, -0.47554 ], [ 37.03228, -0.47561 ], [ 37.03247, -0.4757 ], [ 37.03268, -0.47584 ], [ 37.03287, -0.47604 ], [ 37.03329, -0.47627 ], [ 37.03357, -0.47664 ], [ 37.03409, -0.47718 ], [ 37.03427, -0.47741 ], [ 37.03438, -0.47755 ], [ 37.03458, -0.47764 ], [ 37.03478, -0.47764 ], [ 37.03502, -0.47764 ], [ 37.03509, -0.47768 ], [ 37.03517, -0.4778 ], [ 37.03532, -0.47782 ], [ 37.03548, -0.47781 ], [ 37.03577, -0.47765 ], [ 37.03593, -0.47753 ], [ 37.03616, -0.47737 ], [ 37.03627, -0.47743 ], [ 37.03642, -0.47761 ], [ 37.0366, -0.47784 ], [ 37.03682, -0.47815 ], [ 37.03694, -0.47842 ], [ 37.03704, -0.47866 ], [ 37.03711, -0.47892 ], [ 37.03712, -0.47905 ], [ 37.03708, -0.47977 ], [ 37.0371, -0.48013 ], [ 37.03704, -0.48035 ], [ 37.03698, -0.48038 ], [ 37.0368, -0.48033 ], [ 37.03667, -0.48033 ], [ 37.03647, -0.48038 ], [ 37.03641, -0.48049 ], [ 37.0365, -0.48071 ], [ 37.03661, -0.48097 ], [ 37.03671, -0.4812 ], [ 37.0369, -0.4815 ], [ 37.03699, -0.48164 ], [ 37.03708, -0.48174 ], [ 37.03722, -0.48184 ], [ 37.03733, -0.48184 ], [ 37.03754, -0.48184 ], [ 37.03777, -0.48186 ], [ 37.03799, -0.48196 ], [ 37.03799, -0.48196 ], [ 37.03799, -0.48196 ], [ 37.03799, -0.48196 ], [ 37.03812, -0.48185 ], [ 37.0383, -0.48173 ], [ 37.03845, -0.48168 ], [ 37.03869, -0.48166 ], [ 37.03886, -0.48172 ], [ 37.03908, -0.48186 ], [ 37.03947, -0.48213 ], [ 37.03963, -0.48228 ], [ 37.03991, -0.48243 ], [ 37.04005, -0.48253 ], [ 37.04016, -0.48262 ], [ 37.04017, -0.48282 ], [ 37.04014, -0.48303 ], [ 37.03995, -0.48311 ], [ 37.03987, -0.48329 ], [ 37.03987, -0.48343 ], [ 37.03994, -0.48373 ], [ 37.03994, -0.48389 ], [ 37.04013, -0.48395 ], [ 37.04033, -0.48395 ], [ 37.04064, -0.48396 ], [ 37.04104, -0.48417 ], [ 37.04119, -0.48435 ], [ 37.04134, -0.48449 ], [ 37.0415, -0.48457 ], [ 37.04163, -0.4846 ], [ 37.04187, -0.48461 ], [ 37.04213, -0.4846 ], [ 37.04232, -0.4846 ], [ 37.04262, -0.48455 ], [ 37.04278, -0.48442 ], [ 37.04296, -0.48421 ], [ 37.0431, -0.48398 ], [ 37.04316, -0.48358 ], [ 37.04332, -0.48341 ], [ 37.04341, -0.48341 ], [ 37.04348, -0.48349 ], [ 37.04362, -0.48381 ], [ 37.04365, -0.48397 ], [ 37.04365, -0.48408 ], [ 37.04376, -0.48409 ], [ 37.04401, -0.48417 ], [ 37.04401, -0.4845 ], [ 37.04401, -0.48512 ], [ 37.04399, -0.48536 ], [ 37.04396, -0.48563 ], [ 37.04412, -0.48581 ], [ 37.04433, -0.48576 ], [ 37.04449, -0.48543 ], [ 37.04449, -0.48532 ], [ 37.04449, -0.48511 ], [ 37.04469, -0.48504 ], [ 37.04485, -0.48514 ], [ 37.04505, -0.48526 ], [ 37.04525, -0.48532 ], [ 37.04549, -0.48539 ], [ 37.0456, -0.4855 ], [ 37.04568, -0.48561 ], [ 37.04568, -0.48573 ], [ 37.04568, -0.48586 ], [ 37.04568, -0.48605 ], [ 37.04568, -0.48625 ], [ 37.04572, -0.48652 ], [ 37.04582, -0.48668 ], [ 37.04595, -0.48688 ], [ 37.04603, -0.48709 ], [ 37.04601, -0.48712 ], [ 37.04601, -0.48719 ], [ 37.04599, -0.48736 ], [ 37.04602, -0.48756 ], [ 37.04612, -0.48779 ], [ 37.04636, -0.4882 ], [ 37.04675, -0.48884 ], [ 37.04714, -0.48945 ], [ 37.04737, -0.48985 ], [ 37.04762, -0.49039 ], [ 37.04782, -0.49074 ], [ 37.04808, -0.49106 ], [ 37.04821, -0.49117 ], [ 37.04835, -0.49129 ], [ 37.04862, -0.49147 ], [ 37.04883, -0.4916 ], [ 37.04904, -0.49169 ], [ 37.04921, -0.49171 ], [ 37.04922, -0.49171 ], [ 37.04927, -0.49171 ], [ 37.04955, -0.49171 ], [ 37.04986, -0.49171 ], [ 37.05014, -0.49164 ], [ 37.0504, -0.49154 ], [ 37.05058, -0.49146 ], [ 37.0508, -0.49141 ], [ 37.05105, -0.49141 ], [ 37.05132, -0.49141 ], [ 37.05153, -0.49149 ], [ 37.05179, -0.49156 ], [ 37.05214, -0.49163 ], [ 37.05282, -0.49163 ], [ 37.05336, -0.49162 ], [ 37.05397, -0.49162 ], [ 37.05428, -0.4916 ], [ 37.05443, -0.49158 ], [ 37.05458, -0.49152 ], [ 37.05474, -0.49136 ], [ 37.05486, -0.49109 ], [ 37.05493, -0.49093 ], [ 37.05512, -0.49073 ], [ 37.05522, -0.49068 ], [ 37.0554, -0.4906 ], [ 37.0557, -0.49059 ], [ 37.05604, -0.49059 ], [ 37.05654, -0.49062 ], [ 37.05679, -0.49063 ], [ 37.05696, -0.49064 ], [ 37.05719, -0.49068 ], [ 37.05746, -0.49073 ], [ 37.05799, -0.49084 ], [ 37.05826, -0.4909 ], [ 37.05852, -0.49106 ], [ 37.0586, -0.49126 ], [ 37.05859, -0.49148 ], [ 37.05849, -0.49165 ], [ 37.05839, -0.49171 ], [ 37.05838, -0.49172 ], [ 37.05829, -0.49182 ], [ 37.05791, -0.49203 ], [ 37.05768, -0.49218 ], [ 37.05757, -0.49229 ], [ 37.05725, -0.49277 ], [ 37.05705, -0.49319 ], [ 37.05689, -0.4935 ], [ 37.05682, -0.49379 ], [ 37.05679, -0.49414 ], [ 37.05685, -0.49433 ], [ 37.05704, -0.49458 ], [ 37.05727, -0.49476 ], [ 37.05767, -0.49501 ], [ 37.05778, -0.49509 ], [ 37.05792, -0.4952 ], [ 37.05813, -0.49542 ], [ 37.05818, -0.4955 ], [ 37.05824, -0.49556 ], [ 37.05835, -0.4957 ], [ 37.05859, -0.49582 ], [ 37.05874, -0.49587 ], [ 37.05897, -0.49587 ], [ 37.05927, -0.49589 ], [ 37.05931, -0.4959 ], [ 37.05947, -0.49595 ], [ 37.05955, -0.49597 ], [ 37.05976, -0.49598 ], [ 37.05995, -0.496 ], [ 37.05997, -0.496 ], [ 37.06005, -0.496 ], [ 37.06041, -0.49611 ], [ 37.06055, -0.49622 ], [ 37.06067, -0.4963 ], [ 37.06083, -0.49646 ], [ 37.06094, -0.4966 ], [ 37.06102, -0.49673 ], [ 37.06106, -0.4968 ], [ 37.06121, -0.49708 ], [ 37.06133, -0.49721 ], [ 37.06134, -0.49723 ], [ 37.06136, -0.49725 ], [ 37.06144, -0.49733 ], [ 37.06155, -0.49744 ], [ 37.06177, -0.49769 ], [ 37.06205, -0.49797 ], [ 37.06206, -0.49798 ], [ 37.06215, -0.49808 ], [ 37.06222, -0.4982 ], [ 37.06235, -0.49851 ], [ 37.06247, -0.49873 ], [ 37.0625, -0.4988 ], [ 37.06255, -0.49891 ], [ 37.06265, -0.49906 ], [ 37.06271, -0.49914 ], [ 37.06271, -0.49916 ], [ 37.06294, -0.49937 ], [ 37.06311, -0.49945 ], [ 37.06331, -0.4995 ], [ 37.06355, -0.49953 ], [ 37.0638, -0.49953 ], [ 37.06393, -0.49956 ], [ 37.06402, -0.49959 ], [ 37.06403, -0.49959 ], [ 37.06403, -0.49959 ], [ 37.06403, -0.49959 ], [ 37.06408, -0.49964 ], [ 37.0643, -0.49986 ], [ 37.06444, -0.50018 ], [ 37.06441, -0.50055 ], [ 37.06434, -0.50085 ], [ 37.06433, -0.50092 ], [ 37.0643, -0.50116 ], [ 37.06427, -0.50137 ], [ 37.06421, -0.5016 ], [ 37.06414, -0.50181 ], [ 37.06411, -0.50196 ], [ 37.0641, -0.50203 ], [ 37.06408, -0.50213 ], [ 37.06408, -0.50221 ], [ 37.06408, -0.50246 ], [ 37.06409, -0.5026 ], [ 37.06415, -0.50269 ], [ 37.06424, -0.5028 ], [ 37.06428, -0.50283 ], [ 37.06433, -0.50287 ], [ 37.06444, -0.50302 ], [ 37.06451, -0.50316 ], [ 37.06453, -0.50329 ], [ 37.06454, -0.50336 ], [ 37.06461, -0.50369 ], [ 37.06467, -0.50376 ], [ 37.06479, -0.50392 ], [ 37.0649, -0.50407 ], [ 37.065, -0.50422 ], [ 37.06507, -0.50441 ], [ 37.06515, -0.50462 ], [ 37.06521, -0.50473 ], [ 37.06527, -0.50487 ], [ 37.06536, -0.50511 ], [ 37.06543, -0.50524 ], [ 37.06549, -0.5054 ], [ 37.06572, -0.50576 ], [ 37.06577, -0.50584 ], [ 37.06587, -0.50605 ], [ 37.06597, -0.5063 ], [ 37.06607, -0.50654 ], [ 37.06612, -0.50666 ], [ 37.06613, -0.50668 ], [ 37.06616, -0.50675 ], [ 37.06624, -0.5069 ], [ 37.06638, -0.50715 ], [ 37.06649, -0.50729 ], [ 37.06658, -0.50744 ], [ 37.06664, -0.50763 ], [ 37.06669, -0.50774 ], [ 37.06679, -0.5079 ], [ 37.06683, -0.50802 ], [ 37.06699, -0.5084 ], [ 37.06707, -0.50866 ], [ 37.06716, -0.50876 ], [ 37.0673, -0.50892 ], [ 37.06741, -0.50905 ], [ 37.06747, -0.50912 ], [ 37.0676, -0.50923 ], [ 37.06785, -0.50941 ], [ 37.06801, -0.50955 ], [ 37.06816, -0.50969 ], [ 37.06836, -0.50991 ], [ 37.06855, -0.5101 ], [ 37.06873, -0.51028 ], [ 37.06879, -0.51036 ], [ 37.06889, -0.51049 ], [ 37.06893, -0.51054 ], [ 37.06904, -0.51066 ], [ 37.06919, -0.51088 ], [ 37.06924, -0.51096 ], [ 37.06922, -0.51097 ], [ 37.06922, -0.51098 ], [ 37.06925, -0.51097 ], [ 37.06932, -0.51108 ], [ 37.06945, -0.51129 ], [ 37.06951, -0.51146 ], [ 37.06961, -0.51168 ], [ 37.0697, -0.51195 ], [ 37.06979, -0.51217 ], [ 37.06987, -0.51232 ], [ 37.06989, -0.51236 ], [ 37.07004, -0.51258 ], [ 37.07009, -0.51272 ], [ 37.07013, -0.51292 ], [ 37.07022, -0.51316 ], [ 37.0703, -0.51332 ], [ 37.07034, -0.51337 ], [ 37.07046, -0.51342 ], [ 37.0706, -0.51343 ], [ 37.07082, -0.51343 ], [ 37.07099, -0.51338 ], [ 37.07115, -0.51326 ], [ 37.07145, -0.51303 ], [ 37.07172, -0.51275 ], [ 37.07194, -0.51253 ], [ 37.07214, -0.51241 ], [ 37.07239, -0.51226 ], [ 37.0727, -0.51214 ], [ 37.07301, -0.51213 ], [ 37.07333, -0.51213 ], [ 37.0736, -0.51218 ], [ 37.07389, -0.51231 ], [ 37.07422, -0.51251 ], [ 37.07467, -0.51277 ], [ 37.07526, -0.51307 ], [ 37.07567, -0.51329 ], [ 37.07602, -0.51347 ], [ 37.07665, -0.51382 ], [ 37.07708, -0.51407 ], [ 37.07754, -0.51435 ], [ 37.07792, -0.51455 ], [ 37.07809, -0.51467 ], [ 37.07822, -0.51486 ], [ 37.07826, -0.51493 ], [ 37.07833, -0.51501 ], [ 37.07844, -0.5152 ], [ 37.07847, -0.51529 ], [ 37.07847, -0.51533 ], [ 37.07855, -0.51546 ], [ 37.0786, -0.51555 ], [ 37.0788, -0.5157 ], [ 37.07901, -0.51576 ], [ 37.07938, -0.51576 ], [ 37.07981, -0.51576 ], [ 37.08028, -0.51574 ], [ 37.08063, -0.5158 ], [ 37.08071, -0.51581 ], [ 37.08098, -0.51585 ], [ 37.08132, -0.51597 ], [ 37.08152, -0.51611 ], [ 37.08166, -0.51629 ], [ 37.0819, -0.51681 ], [ 37.08193, -0.51685 ], [ 37.08204, -0.51701 ], [ 37.08214, -0.51717 ], [ 37.0822, -0.51733 ], [ 37.08222, -0.51736 ], [ 37.08234, -0.51757 ], [ 37.08236, -0.51758 ], [ 37.08241, -0.51764 ], [ 37.08247, -0.51776 ], [ 37.08249, -0.51781 ], [ 37.08251, -0.51791 ], [ 37.08257, -0.51803 ], [ 37.08263, -0.5182 ], [ 37.0827, -0.51833 ], [ 37.08281, -0.51846 ], [ 37.08297, -0.51866 ], [ 37.08303, -0.51872 ], [ 37.08312, -0.51883 ], [ 37.08312, -0.51893 ], [ 37.08309, -0.51898 ], [ 37.08302, -0.5191 ], [ 37.08297, -0.51919 ], [ 37.08286, -0.5193 ], [ 37.08276, -0.5194 ], [ 37.08263, -0.51948 ], [ 37.08246, -0.51962 ], [ 37.08236, -0.51979 ], [ 37.0821, -0.52002 ], [ 37.08211, -0.51985 ], [ 37.08204, -0.51969 ], [ 37.08197, -0.51953 ], [ 37.08171, -0.51928 ], [ 37.08148, -0.5192 ], [ 37.08108, -0.51916 ], [ 37.08076, -0.51912 ], [ 37.08036, -0.51909 ], [ 37.08012, -0.51909 ], [ 37.08, -0.51909 ], [ 37.07998, -0.51913 ], [ 37.07993, -0.51909 ], [ 37.07957, -0.51906 ], [ 37.07926, -0.51904 ], [ 37.07877, -0.51921 ], [ 37.07858, -0.51936 ], [ 37.07836, -0.5195 ], [ 37.07812, -0.51969 ], [ 37.07793, -0.51988 ], [ 37.0776, -0.52016 ], [ 37.07741, -0.52032 ], [ 37.07718, -0.52048 ], [ 37.07712, -0.52052 ], [ 37.07711, -0.52053 ], [ 37.077, -0.5206 ], [ 37.07682, -0.52064 ], [ 37.07661, -0.5207 ], [ 37.07627, -0.52071 ], [ 37.0761, -0.52071 ], [ 37.07587, -0.52071 ], [ 37.07573, -0.5206 ], [ 37.07558, -0.52037 ], [ 37.07567, -0.52019 ], [ 37.07581, -0.52005 ], [ 37.07608, -0.51996 ], [ 37.07626, -0.51985 ], [ 37.07645, -0.51982 ], [ 37.07678, -0.51972 ], [ 37.07695, -0.51972 ], [ 37.07699, -0.51957 ], [ 37.07706, -0.51939 ], [ 37.07709, -0.51915 ], [ 37.07703, -0.519 ], [ 37.07685, -0.51888 ], [ 37.07667, -0.51888 ], [ 37.0765, -0.51888 ], [ 37.07625, -0.51887 ], [ 37.07602, -0.51886 ], [ 37.07569, -0.51881 ], [ 37.07528, -0.51872 ], [ 37.0751, -0.51865 ], [ 37.07483, -0.51848 ], [ 37.0746, -0.5184 ], [ 37.07432, -0.51832 ], [ 37.07392, -0.51822 ], [ 37.07369, -0.51809 ], [ 37.07342, -0.51799 ], [ 37.073, -0.51799 ], [ 37.07268, -0.518 ], [ 37.07245, -0.51809 ], [ 37.07215, -0.51832 ], [ 37.07197, -0.51846 ], [ 37.07193, -0.51849 ], [ 37.07166, -0.5187 ], [ 37.07142, -0.51894 ], [ 37.07128, -0.51919 ], [ 37.07106, -0.51951 ], [ 37.07083, -0.51983 ], [ 37.07066, -0.52029 ], [ 37.0705, -0.52055 ], [ 37.07027, -0.52103 ], [ 37.07003, -0.52129 ], [ 37.06979, -0.52158 ], [ 37.0696, -0.52172 ], [ 37.06922, -0.5219 ], [ 37.06916, -0.52191 ], [ 37.06907, -0.52192 ], [ 37.0689, -0.52187 ], [ 37.06884, -0.52173 ], [ 37.06885, -0.52153 ], [ 37.069, -0.52132 ], [ 37.069, -0.52121 ], [ 37.06896, -0.52102 ], [ 37.0688, -0.52066 ], [ 37.06874, -0.52045 ], [ 37.06846, -0.52005 ], [ 37.06831, -0.51999 ], [ 37.06802, -0.52003 ], [ 37.06786, -0.52012 ], [ 37.06764, -0.52019 ], [ 37.06744, -0.52023 ], [ 37.06706, -0.52034 ], [ 37.06686, -0.52042 ], [ 37.06667, -0.52051 ], [ 37.06627, -0.52063 ], [ 37.06623, -0.52065 ], [ 37.06567, -0.52099 ], [ 37.06537, -0.52102 ], [ 37.06498, -0.52109 ], [ 37.06467, -0.52117 ], [ 37.06466, -0.52117 ], [ 37.0643, -0.52123 ], [ 37.06384, -0.52127 ], [ 37.06338, -0.5212 ], [ 37.06293, -0.52107 ], [ 37.06258, -0.52099 ], [ 37.06222, -0.52086 ], [ 37.06179, -0.52065 ], [ 37.06156, -0.52054 ], [ 37.06153, -0.52056 ], [ 37.06152, -0.52052 ], [ 37.0613, -0.52041 ], [ 37.06124, -0.52029 ], [ 37.06122, -0.52013 ], [ 37.06113, -0.51992 ], [ 37.06105, -0.51978 ], [ 37.06097, -0.51957 ], [ 37.06078, -0.51931 ], [ 37.06063, -0.51911 ], [ 37.06055, -0.51897 ], [ 37.06053, -0.51875 ], [ 37.06053, -0.51852 ], [ 37.06055, -0.51823 ], [ 37.06055, -0.51798 ], [ 37.06055, -0.51769 ], [ 37.06056, -0.51746 ], [ 37.06062, -0.51724 ], [ 37.06069, -0.51683 ], [ 37.06069, -0.51663 ], [ 37.06069, -0.51654 ], [ 37.06069, -0.51618 ], [ 37.06069, -0.51592 ], [ 37.06068, -0.51564 ], [ 37.06059, -0.51548 ], [ 37.06042, -0.51524 ], [ 37.06022, -0.51509 ], [ 37.06005, -0.51501 ], [ 37.05983, -0.51504 ], [ 37.05968, -0.51513 ], [ 37.05957, -0.51524 ], [ 37.05951, -0.51539 ], [ 37.05948, -0.5155 ], [ 37.05945, -0.5156 ], [ 37.05933, -0.51593 ], [ 37.05925, -0.51612 ], [ 37.05913, -0.51618 ], [ 37.05904, -0.51619 ], [ 37.05883, -0.51624 ], [ 37.05851, -0.51626 ], [ 37.05825, -0.51626 ], [ 37.058, -0.51627 ], [ 37.05786, -0.51632 ], [ 37.05781, -0.51637 ], [ 37.05778, -0.51664 ], [ 37.05773, -0.51684 ], [ 37.05767, -0.51714 ], [ 37.05765, -0.51731 ], [ 37.05765, -0.51746 ], [ 37.05769, -0.51773 ], [ 37.05775, -0.51777 ], [ 37.05797, -0.51806 ], [ 37.0582, -0.5183 ], [ 37.05829, -0.51836 ], [ 37.05842, -0.51843 ], [ 37.05849, -0.51873 ], [ 37.05853, -0.51891 ], [ 37.05847, -0.51906 ], [ 37.05847, -0.51947 ], [ 37.05848, -0.51966 ], [ 37.05848, -0.51987 ], [ 37.05844, -0.52014 ], [ 37.05848, -0.52027 ], [ 37.05832, -0.52058 ], [ 37.05805, -0.5206 ], [ 37.05786, -0.52057 ], [ 37.05753, -0.52045 ], [ 37.05721, -0.52042 ], [ 37.05693, -0.52033 ], [ 37.05664, -0.52022 ], [ 37.05634, -0.52006 ], [ 37.05603, -0.51992 ], [ 37.05573, -0.51973 ], [ 37.05557, -0.51958 ], [ 37.05547, -0.5194 ], [ 37.05524, -0.51892 ], [ 37.05518, -0.51872 ], [ 37.05507, -0.51853 ], [ 37.05494, -0.51839 ], [ 37.05476, -0.51832 ], [ 37.05457, -0.51832 ], [ 37.05435, -0.51832 ], [ 37.05401, -0.51837 ], [ 37.05383, -0.51839 ], [ 37.05357, -0.51845 ], [ 37.05318, -0.51855 ], [ 37.053, -0.51866 ], [ 37.05273, -0.51879 ], [ 37.05258, -0.51921 ], [ 37.0526, -0.51945 ], [ 37.05262, -0.5196 ], [ 37.05266, -0.51976 ], [ 37.05277, -0.52006 ], [ 37.05283, -0.52022 ], [ 37.05285, -0.52044 ], [ 37.05292, -0.52073 ], [ 37.05294, -0.52097 ], [ 37.05294, -0.52115 ], [ 37.0529, -0.52145 ], [ 37.05283, -0.52164 ], [ 37.0526, -0.52175 ], [ 37.05233, -0.52188 ], [ 37.05195, -0.52207 ], [ 37.05176, -0.52213 ], [ 37.05155, -0.52215 ], [ 37.05135, -0.5221 ], [ 37.05127, -0.52197 ], [ 37.05128, -0.52165 ], [ 37.05132, -0.52139 ], [ 37.05128, -0.5212 ], [ 37.05124, -0.52097 ], [ 37.05125, -0.52074 ], [ 37.05125, -0.52046 ], [ 37.05105, -0.52009 ], [ 37.05095, -0.51993 ], [ 37.05071, -0.51977 ], [ 37.05051, -0.51972 ], [ 37.05022, -0.51974 ], [ 37.05, -0.51977 ], [ 37.04986, -0.51979 ], [ 37.04983, -0.5198 ], [ 37.04952, -0.51986 ], [ 37.04936, -0.51993 ], [ 37.04912, -0.51999 ], [ 37.04891, -0.52006 ], [ 37.0486, -0.52013 ], [ 37.04846, -0.52015 ], [ 37.04822, -0.52023 ], [ 37.04802, -0.52037 ], [ 37.0479, -0.52057 ], [ 37.04794, -0.52085 ], [ 37.04795, -0.52101 ], [ 37.04795, -0.5212 ], [ 37.04792, -0.5214 ], [ 37.04782, -0.5216 ], [ 37.04763, -0.52191 ], [ 37.04745, -0.52204 ], [ 37.04728, -0.52204 ], [ 37.04727, -0.52205 ], [ 37.04727, -0.52205 ], [ 37.04724, -0.52204 ], [ 37.04676, -0.52199 ], [ 37.04658, -0.5219 ], [ 37.04616, -0.52169 ], [ 37.0458, -0.52144 ], [ 37.04557, -0.52121 ], [ 37.04546, -0.52099 ], [ 37.04531, -0.52074 ], [ 37.04518, -0.52049 ], [ 37.0449, -0.52033 ], [ 37.04471, -0.52027 ], [ 37.04444, -0.52032 ], [ 37.04419, -0.52048 ], [ 37.04399, -0.5208 ], [ 37.04393, -0.52097 ], [ 37.04396, -0.52114 ], [ 37.04401, -0.52145 ], [ 37.04406, -0.52161 ], [ 37.04417, -0.52175 ], [ 37.04429, -0.52205 ], [ 37.04435, -0.52233 ], [ 37.04438, -0.52256 ], [ 37.04442, -0.52282 ], [ 37.04443, -0.52301 ], [ 37.04436, -0.52321 ], [ 37.04422, -0.52329 ], [ 37.04402, -0.52331 ], [ 37.04381, -0.52329 ], [ 37.04352, -0.52316 ], [ 37.04332, -0.52308 ], [ 37.04318, -0.52295 ], [ 37.04314, -0.52287 ], [ 37.04306, -0.52275 ], [ 37.04299, -0.52254 ], [ 37.04296, -0.5224 ], [ 37.04296, -0.52224 ], [ 37.04296, -0.52209 ], [ 37.04296, -0.52199 ], [ 37.04278, -0.52144 ], [ 37.04278, -0.52121 ], [ 37.04275, -0.52088 ], [ 37.04272, -0.52068 ], [ 37.04256, -0.52047 ], [ 37.0424, -0.52035 ], [ 37.04231, -0.52032 ], [ 37.04209, -0.52031 ], [ 37.04187, -0.52038 ], [ 37.04172, -0.52047 ], [ 37.04156, -0.52048 ], [ 37.04139, -0.52048 ], [ 37.04119, -0.52046 ], [ 37.04103, -0.52031 ], [ 37.04084, -0.52006 ], [ 37.04072, -0.51994 ], [ 37.04055, -0.51979 ], [ 37.0403, -0.51946 ], [ 37.04019, -0.51927 ], [ 37.04012, -0.51916 ], [ 37.04005, -0.51902 ], [ 37.03991, -0.51889 ], [ 37.03975, -0.51889 ], [ 37.03964, -0.51904 ], [ 37.03964, -0.51929 ], [ 37.03965, -0.51949 ], [ 37.03965, -0.51968 ], [ 37.03955, -0.51997 ], [ 37.03947, -0.52006 ], [ 37.03931, -0.52027 ], [ 37.03914, -0.52055 ], [ 37.03883, -0.5211 ], [ 37.03866, -0.52124 ], [ 37.03849, -0.52153 ], [ 37.03831, -0.52185 ], [ 37.0383, -0.52204 ], [ 37.03821, -0.5224 ], [ 37.03821, -0.52273 ], [ 37.03817, -0.5231 ], [ 37.03806, -0.52342 ], [ 37.0379, -0.52366 ], [ 37.03776, -0.52371 ], [ 37.03752, -0.52368 ], [ 37.03737, -0.52359 ], [ 37.03714, -0.52359 ], [ 37.03696, -0.52366 ], [ 37.03678, -0.5237 ], [ 37.03654, -0.5237 ], [ 37.03625, -0.52376 ], [ 37.03568, -0.52376 ], [ 37.03529, -0.52376 ], [ 37.03502, -0.5237 ], [ 37.03474, -0.52357 ], [ 37.03419, -0.5234 ], [ 37.03405, -0.52329 ], [ 37.03384, -0.52317 ], [ 37.03363, -0.52301 ], [ 37.03357, -0.52295 ], [ 37.03354, -0.52295 ], [ 37.03355, -0.52292 ], [ 37.03328, -0.5227 ], [ 37.03306, -0.52251 ], [ 37.03289, -0.52229 ], [ 37.03263, -0.52194 ], [ 37.03238, -0.5218 ], [ 37.03211, -0.52154 ], [ 37.03185, -0.52122 ], [ 37.03166, -0.52101 ], [ 37.03145, -0.52074 ], [ 37.03117, -0.52055 ], [ 37.03093, -0.52035 ], [ 37.03067, -0.5201 ], [ 37.03037, -0.51988 ], [ 37.03015, -0.51976 ], [ 37.02986, -0.51958 ], [ 37.02962, -0.51946 ], [ 37.02941, -0.5193 ], [ 37.02916, -0.51914 ], [ 37.02886, -0.51891 ], [ 37.0287, -0.51861 ], [ 37.02858, -0.5184 ], [ 37.02841, -0.51814 ], [ 37.02825, -0.51791 ], [ 37.02811, -0.51773 ], [ 37.02787, -0.5176 ], [ 37.02753, -0.51753 ], [ 37.02722, -0.51762 ], [ 37.02697, -0.51784 ], [ 37.02685, -0.51803 ], [ 37.02681, -0.5183 ], [ 37.02682, -0.5185 ], [ 37.02685, -0.51888 ], [ 37.02688, -0.51912 ], [ 37.02697, -0.51939 ], [ 37.02703, -0.51959 ], [ 37.02711, -0.51985 ], [ 37.02722, -0.52022 ], [ 37.02727, -0.52085 ], [ 37.02728, -0.52111 ], [ 37.0273, -0.52129 ], [ 37.02717, -0.52141 ], [ 37.02699, -0.52141 ], [ 37.02684, -0.52137 ], [ 37.02652, -0.52132 ], [ 37.02607, -0.52127 ], [ 37.02577, -0.52127 ], [ 37.02525, -0.52131 ], [ 37.02516, -0.52131 ], [ 37.02503, -0.52131 ], [ 37.0244, -0.52135 ], [ 37.02416, -0.52144 ], [ 37.02393, -0.52151 ], [ 37.02367, -0.52153 ], [ 37.02335, -0.52153 ], [ 37.02313, -0.52151 ], [ 37.02295, -0.52151 ], [ 37.02267, -0.52151 ], [ 37.02235, -0.5215 ], [ 37.02218, -0.52145 ], [ 37.022, -0.5214 ], [ 37.02164, -0.52117 ], [ 37.02138, -0.52112 ], [ 37.02108, -0.5209 ], [ 37.02087, -0.52086 ], [ 37.02058, -0.52094 ], [ 37.02042, -0.52104 ], [ 37.02018, -0.52127 ], [ 37.01998, -0.5215 ], [ 37.01981, -0.5217 ], [ 37.01965, -0.52187 ], [ 37.01952, -0.52217 ], [ 37.01941, -0.52246 ], [ 37.0193, -0.52274 ], [ 37.01915, -0.52317 ], [ 37.01903, -0.52357 ], [ 37.01892, -0.52382 ], [ 37.01885, -0.52405 ], [ 37.01877, -0.52427 ], [ 37.01878, -0.52431 ], [ 37.01878, -0.52431 ], [ 37.01877, -0.5243 ], [ 37.01876, -0.5243 ], [ 37.01871, -0.52444 ], [ 37.01861, -0.52474 ], [ 37.01856, -0.52499 ], [ 37.01848, -0.5254 ], [ 37.01848, -0.52553 ], [ 37.01855, -0.52571 ], [ 37.01869, -0.52574 ], [ 37.0189, -0.52594 ], [ 37.01898, -0.52603 ], [ 37.01899, -0.52607 ], [ 37.01909, -0.52618 ], [ 37.01912, -0.52647 ], [ 37.01909, -0.52658 ], [ 37.01891, -0.52663 ], [ 37.01873, -0.52661 ], [ 37.01833, -0.52637 ], [ 37.01813, -0.52626 ], [ 37.01789, -0.52617 ], [ 37.01755, -0.52602 ], [ 37.01742, -0.52583 ], [ 37.01727, -0.52559 ], [ 37.01715, -0.5254 ], [ 37.01705, -0.52521 ], [ 37.01691, -0.52496 ], [ 37.01681, -0.52471 ], [ 37.01669, -0.52458 ], [ 37.01642, -0.52433 ], [ 37.01634, -0.52423 ], [ 37.0161, -0.52399 ], [ 37.0157, -0.52373 ], [ 37.01557, -0.52367 ], [ 37.01542, -0.52358 ], [ 37.0153, -0.52351 ], [ 37.01486, -0.52336 ], [ 37.01451, -0.52313 ], [ 37.01437, -0.52304 ], [ 37.01418, -0.523 ], [ 37.01384, -0.5228 ], [ 37.01352, -0.52263 ], [ 37.01329, -0.52247 ], [ 37.01303, -0.52232 ], [ 37.01274, -0.52211 ], [ 37.01253, -0.5219 ], [ 37.01241, -0.52175 ], [ 37.01229, -0.5216 ], [ 37.01218, -0.5214 ], [ 37.0121, -0.52113 ], [ 37.01211, -0.52094 ], [ 37.01237, -0.52074 ], [ 37.01269, -0.52061 ], [ 37.01301, -0.52055 ], [ 37.01315, -0.52051 ], [ 37.0133, -0.52044 ], [ 37.01341, -0.52035 ], [ 37.01342, -0.52025 ], [ 37.01342, -0.52014 ], [ 37.01331, -0.52003 ], [ 37.01322, -0.51997 ], [ 37.01314, -0.51992 ], [ 37.01294, -0.51986 ], [ 37.01267, -0.51988 ], [ 37.01238, -0.51993 ], [ 37.01198, -0.52007 ], [ 37.01186, -0.52009 ], [ 37.01151, -0.52036 ], [ 37.01124, -0.52049 ], [ 37.01083, -0.52074 ], [ 37.01069, -0.52084 ], [ 37.01053, -0.52102 ], [ 37.01035, -0.52125 ], [ 37.01017, -0.52147 ], [ 37.01005, -0.52163 ], [ 37.00992, -0.52178 ], [ 37.00978, -0.52199 ], [ 37.00955, -0.52221 ], [ 37.0094, -0.52227 ], [ 37.00923, -0.52227 ], [ 37.00893, -0.52228 ], [ 37.00871, -0.52225 ], [ 37.00852, -0.52225 ], [ 37.00828, -0.52224 ], [ 37.00812, -0.52221 ], [ 37.00801, -0.52213 ], [ 37.00789, -0.52203 ], [ 37.00777, -0.52192 ], [ 37.00763, -0.5218 ], [ 37.00756, -0.5216 ], [ 37.00751, -0.52146 ], [ 37.00751, -0.52123 ], [ 37.00754, -0.52106 ], [ 37.00764, -0.5209 ], [ 37.00766, -0.52076 ], [ 37.00766, -0.52067 ], [ 37.00754, -0.52052 ], [ 37.00726, -0.52053 ], [ 37.00705, -0.52057 ], [ 37.00664, -0.52062 ], [ 37.00628, -0.5208 ], [ 37.00599, -0.52099 ], [ 37.00574, -0.52112 ], [ 37.00517, -0.52143 ], [ 37.00488, -0.52155 ], [ 37.00466, -0.52176 ], [ 37.00449, -0.52226 ], [ 37.00449, -0.52262 ], [ 37.00451, -0.52286 ], [ 37.00452, -0.52317 ], [ 37.00452, -0.52341 ], [ 37.00452, -0.5237 ], [ 37.00452, -0.52404 ], [ 37.0045, -0.52446 ], [ 37.0043, -0.52473 ], [ 37.00419, -0.52475 ], [ 37.004, -0.52474 ], [ 37.00389, -0.52465 ], [ 37.00371, -0.52457 ], [ 37.00346, -0.52444 ], [ 37.00325, -0.52432 ], [ 37.00293, -0.52425 ], [ 37.00269, -0.52419 ], [ 37.0026, -0.52417 ], [ 37.00225, -0.52419 ], [ 37.00204, -0.52421 ], [ 37.00185, -0.52424 ], [ 37.00157, -0.52434 ], [ 37.00129, -0.52439 ], [ 37.00108, -0.52441 ], [ 37.00077, -0.52446 ], [ 37.00054, -0.52451 ], [ 37.00038, -0.52467 ], [ 37.00011, -0.52495 ], [ 36.99989, -0.52496 ], [ 36.99966, -0.52503 ], [ 36.99933, -0.5251 ], [ 36.999, -0.52528 ], [ 36.99876, -0.52528 ], [ 36.99859, -0.52522 ], [ 36.99838, -0.52508 ], [ 36.99827, -0.52487 ], [ 36.99829, -0.52462 ], [ 36.99831, -0.52426 ], [ 36.9983, -0.52388 ], [ 36.99831, -0.52354 ], [ 36.99838, -0.52324 ], [ 36.99848, -0.52282 ], [ 36.99852, -0.5227 ], [ 36.99856, -0.52256 ], [ 36.99861, -0.52231 ], [ 36.99865, -0.52197 ], [ 36.99871, -0.52166 ], [ 36.99875, -0.52142 ], [ 36.99876, -0.52113 ], [ 36.99876, -0.52099 ], [ 36.99876, -0.52087 ], [ 36.99875, -0.52048 ], [ 36.99872, -0.52022 ], [ 36.99866, -0.52002 ], [ 36.99858, -0.5198 ], [ 36.99849, -0.51961 ], [ 36.99838, -0.51943 ], [ 36.99825, -0.51916 ], [ 36.99813, -0.51884 ], [ 36.998, -0.51858 ], [ 36.99788, -0.51838 ], [ 36.99775, -0.518 ], [ 36.99768, -0.5177 ], [ 36.99754, -0.51743 ], [ 36.99754, -0.51704 ], [ 36.99754, -0.51675 ], [ 36.99756, -0.51647 ], [ 36.99765, -0.51615 ], [ 36.9978, -0.51587 ], [ 36.99798, -0.51559 ], [ 36.9982, -0.5153 ], [ 36.9984, -0.51502 ], [ 36.99856, -0.5148 ], [ 36.99881, -0.51452 ], [ 36.99907, -0.51417 ], [ 36.99945, -0.51385 ], [ 36.99952, -0.5137 ], [ 36.99959, -0.51353 ], [ 36.9996, -0.51338 ], [ 36.99961, -0.51315 ], [ 36.99953, -0.51295 ], [ 36.99937, -0.51279 ], [ 36.99918, -0.51264 ], [ 36.99846, -0.51247 ], [ 36.99812, -0.51243 ], [ 36.99785, -0.51244 ], [ 36.99755, -0.51256 ], [ 36.99716, -0.51272 ], [ 36.9969, -0.51285 ], [ 36.99658, -0.51299 ], [ 36.9962, -0.51327 ], [ 36.99597, -0.51347 ], [ 36.99568, -0.51378 ], [ 36.99546, -0.51399 ], [ 36.9952, -0.5142 ], [ 36.99489, -0.5143 ], [ 36.99462, -0.51431 ], [ 36.99444, -0.51419 ], [ 36.99428, -0.51403 ], [ 36.99421, -0.51373 ], [ 36.99417, -0.51358 ], [ 36.99416, -0.51355 ], [ 36.99409, -0.51337 ], [ 36.99395, -0.51307 ], [ 36.99394, -0.51304 ], [ 36.99383, -0.51284 ], [ 36.9937, -0.51261 ], [ 36.9936, -0.51247 ], [ 36.99337, -0.51222 ], [ 36.993, -0.51198 ], [ 36.99284, -0.51188 ], [ 36.99261, -0.5118 ], [ 36.99239, -0.51165 ], [ 36.99215, -0.51147 ], [ 36.99196, -0.51134 ], [ 36.9918, -0.51124 ], [ 36.99154, -0.51116 ], [ 36.99138, -0.51112 ], [ 36.99119, -0.51111 ], [ 36.991, -0.51115 ], [ 36.99083, -0.51119 ], [ 36.99042, -0.51119 ], [ 36.99014, -0.5112 ], [ 36.98989, -0.51119 ], [ 36.98946, -0.51116 ], [ 36.98919, -0.51113 ], [ 36.9889, -0.51104 ], [ 36.98872, -0.51096 ], [ 36.98861, -0.51081 ], [ 36.98863, -0.51067 ], [ 36.98866, -0.51054 ], [ 36.98875, -0.51038 ], [ 36.98875, -0.51022 ], [ 36.9887, -0.51002 ], [ 36.98856, -0.50985 ], [ 36.98843, -0.50971 ], [ 36.98806, -0.50954 ], [ 36.98772, -0.50952 ], [ 36.98741, -0.50952 ], [ 36.98707, -0.50953 ], [ 36.98681, -0.50953 ], [ 36.98641, -0.50954 ], [ 36.98613, -0.50954 ], [ 36.98588, -0.50953 ], [ 36.98534, -0.50945 ], [ 36.98493, -0.50931 ], [ 36.98446, -0.50914 ], [ 36.98416, -0.50908 ], [ 36.98382, -0.50902 ], [ 36.98341, -0.50883 ], [ 36.9831, -0.50875 ], [ 36.98295, -0.50874 ], [ 36.98294, -0.50873 ], [ 36.98292, -0.50874 ], [ 36.9827, -0.50873 ], [ 36.98248, -0.50875 ], [ 36.98243, -0.50875 ], [ 36.9821, -0.50875 ], [ 36.98178, -0.50875 ], [ 36.98138, -0.50875 ], [ 36.98117, -0.50875 ], [ 36.98091, -0.50876 ], [ 36.98058, -0.50876 ], [ 36.98007, -0.50902 ], [ 36.97987, -0.50925 ], [ 36.9797, -0.50948 ], [ 36.97949, -0.50989 ], [ 36.97931, -0.51013 ], [ 36.9791, -0.5107 ], [ 36.97899, -0.51094 ], [ 36.97883, -0.51131 ], [ 36.97859, -0.51175 ], [ 36.97839, -0.51193 ], [ 36.97812, -0.51213 ], [ 36.97784, -0.51231 ], [ 36.97763, -0.51234 ], [ 36.97741, -0.51234 ], [ 36.9771, -0.51234 ], [ 36.97675, -0.51214 ], [ 36.97654, -0.51188 ], [ 36.97633, -0.51169 ], [ 36.97606, -0.51152 ], [ 36.97587, -0.51134 ], [ 36.97563, -0.51122 ], [ 36.97529, -0.51116 ], [ 36.97492, -0.51115 ], [ 36.97476, -0.51114 ], [ 36.97475, -0.51114 ], [ 36.97463, -0.51112 ], [ 36.97439, -0.51104 ], [ 36.974, -0.51098 ], [ 36.97377, -0.51092 ], [ 36.97353, -0.51084 ], [ 36.97339, -0.51079 ], [ 36.97316, -0.51073 ], [ 36.97278, -0.51056 ], [ 36.97253, -0.51052 ], [ 36.97233, -0.51052 ], [ 36.97212, -0.51051 ], [ 36.97187, -0.51052 ], [ 36.97178, -0.51056 ], [ 36.97161, -0.51066 ], [ 36.97141, -0.51066 ], [ 36.97111, -0.51084 ], [ 36.97085, -0.51092 ], [ 36.97053, -0.51095 ], [ 36.97035, -0.51098 ], [ 36.97006, -0.51107 ], [ 36.96988, -0.51112 ], [ 36.96955, -0.51126 ], [ 36.96931, -0.51133 ], [ 36.96905, -0.51134 ], [ 36.96877, -0.51131 ], [ 36.96858, -0.51121 ], [ 36.96837, -0.51103 ], [ 36.96829, -0.51084 ], [ 36.96826, -0.5107 ], [ 36.96818, -0.51043 ], [ 36.96806, -0.51016 ], [ 36.96796, -0.50994 ], [ 36.96786, -0.50973 ], [ 36.96746, -0.50947 ], [ 36.96703, -0.50967 ], [ 36.96659, -0.50986 ], [ 36.96619, -0.51001 ], [ 36.96576, -0.51016 ], [ 36.96538, -0.51027 ], [ 36.96494, -0.51046 ], [ 36.96478, -0.51053 ], [ 36.96447, -0.51066 ], [ 36.96424, -0.51069 ], [ 36.96348, -0.51073 ], [ 36.96307, -0.51088 ], [ 36.96283, -0.51091 ], [ 36.96253, -0.51095 ], [ 36.96232, -0.51107 ], [ 36.96207, -0.51128 ], [ 36.96174, -0.51124 ], [ 36.96143, -0.51118 ], [ 36.9612, -0.51108 ], [ 36.96089, -0.51094 ], [ 36.96053, -0.51065 ], [ 36.96032, -0.51031 ], [ 36.96015, -0.5101 ], [ 36.96002, -0.50981 ], [ 36.95996, -0.50945 ], [ 36.95998, -0.50915 ], [ 36.96, -0.50876 ], [ 36.96005, -0.50841 ], [ 36.96007, -0.50813 ], [ 36.96007, -0.50788 ], [ 36.96005, -0.50763 ], [ 36.95992, -0.50733 ], [ 36.95983, -0.50718 ], [ 36.95978, -0.5071 ], [ 36.95954, -0.5069 ], [ 36.95901, -0.5065 ], [ 36.95876, -0.50636 ], [ 36.9584, -0.50624 ], [ 36.95828, -0.50614 ], [ 36.95815, -0.50601 ], [ 36.95808, -0.50563 ], [ 36.95819, -0.50531 ], [ 36.95825, -0.50492 ], [ 36.95819, -0.50472 ], [ 36.95814, -0.5046 ], [ 36.95804, -0.50441 ], [ 36.95788, -0.50413 ], [ 36.95757, -0.50387 ], [ 36.95722, -0.5035 ], [ 36.95704, -0.50325 ], [ 36.95687, -0.50306 ], [ 36.95677, -0.50296 ], [ 36.95676, -0.50295 ], [ 36.95664, -0.50281 ], [ 36.9566, -0.50265 ], [ 36.9566, -0.5026 ], [ 36.95652, -0.50246 ], [ 36.95634, -0.50235 ], [ 36.95626, -0.50227 ], [ 36.95607, -0.50203 ], [ 36.956, -0.50192 ], [ 36.95586, -0.50174 ], [ 36.95575, -0.50154 ], [ 36.9557, -0.50125 ], [ 36.9557, -0.50103 ], [ 36.95571, -0.50084 ], [ 36.95568, -0.50073 ], [ 36.9556, -0.50058 ], [ 36.9555, -0.50042 ], [ 36.95537, -0.50027 ], [ 36.95523, -0.50013 ], [ 36.95509, -0.50001 ], [ 36.95481, -0.50001 ], [ 36.95463, -0.50017 ], [ 36.95455, -0.50027 ], [ 36.95441, -0.50031 ], [ 36.95429, -0.5002 ], [ 36.95398, -0.50002 ], [ 36.95382, -0.4999 ], [ 36.95359, -0.49976 ], [ 36.95341, -0.49946 ], [ 36.95333, -0.49932 ], [ 36.95326, -0.4992 ], [ 36.95306, -0.49892 ], [ 36.95289, -0.49869 ], [ 36.95292, -0.49863 ], [ 36.95281, -0.49859 ], [ 36.95258, -0.49838 ], [ 36.95225, -0.49823 ], [ 36.95192, -0.49806 ], [ 36.95162, -0.49786 ], [ 36.95128, -0.49759 ], [ 36.95084, -0.49735 ], [ 36.95058, -0.49725 ], [ 36.95038, -0.49717 ], [ 36.9502, -0.49709 ], [ 36.94986, -0.49697 ], [ 36.9496, -0.49696 ], [ 36.94952, -0.49719 ], [ 36.94966, -0.49739 ], [ 36.94974, -0.49754 ], [ 36.94967, -0.49763 ], [ 36.9494, -0.49777 ], [ 36.94911, -0.49785 ], [ 36.94886, -0.49799 ], [ 36.94846, -0.49824 ], [ 36.94828, -0.49832 ], [ 36.94803, -0.49838 ], [ 36.94773, -0.49846 ], [ 36.94746, -0.49848 ], [ 36.94724, -0.49849 ], [ 36.94699, -0.49851 ], [ 36.94651, -0.49827 ], [ 36.94627, -0.49818 ], [ 36.9459, -0.49802 ], [ 36.94557, -0.49793 ], [ 36.94532, -0.49792 ], [ 36.94515, -0.49789 ], [ 36.94484, -0.49793 ], [ 36.94454, -0.49804 ], [ 36.94426, -0.49818 ], [ 36.94405, -0.49819 ], [ 36.94371, -0.4982 ], [ 36.94333, -0.49821 ], [ 36.94323, -0.49821 ], [ 36.94303, -0.49821 ], [ 36.94299, -0.49821 ], [ 36.94273, -0.49821 ], [ 36.94262, -0.49822 ], [ 36.94257, -0.49822 ], [ 36.94258, -0.49818 ], [ 36.94258, -0.49817 ], [ 36.94257, -0.49818 ], [ 36.9425, -0.49822 ], [ 36.94223, -0.49823 ], [ 36.94207, -0.49824 ], [ 36.94186, -0.49824 ], [ 36.9417, -0.49826 ], [ 36.94155, -0.49832 ], [ 36.9415, -0.49839 ], [ 36.94149, -0.4985 ], [ 36.94137, -0.49861 ], [ 36.94123, -0.49865 ], [ 36.94086, -0.49865 ], [ 36.94066, -0.49865 ], [ 36.94054, -0.49861 ], [ 36.94038, -0.4985 ], [ 36.94014, -0.4984 ], [ 36.93985, -0.49853 ], [ 36.93955, -0.49877 ], [ 36.93933, -0.49894 ], [ 36.93903, -0.49894 ], [ 36.93861, -0.49882 ], [ 36.93834, -0.4987 ], [ 36.93807, -0.49864 ], [ 36.93767, -0.49851 ], [ 36.93753, -0.49844 ], [ 36.93727, -0.49839 ], [ 36.93702, -0.49838 ], [ 36.93693, -0.49841 ], [ 36.93676, -0.49853 ], [ 36.93662, -0.49865 ], [ 36.93649, -0.49882 ], [ 36.9363, -0.49906 ], [ 36.93608, -0.49925 ], [ 36.93585, -0.49945 ], [ 36.93563, -0.4995 ], [ 36.9353, -0.49929 ], [ 36.93506, -0.49905 ], [ 36.93486, -0.49884 ], [ 36.93463, -0.49865 ], [ 36.93445, -0.49846 ], [ 36.93427, -0.4983 ], [ 36.93397, -0.4982 ], [ 36.93383, -0.49826 ], [ 36.93374, -0.49848 ], [ 36.93367, -0.49875 ], [ 36.93354, -0.4989 ], [ 36.93344, -0.49905 ], [ 36.93334, -0.49918 ], [ 36.93316, -0.49942 ], [ 36.93293, -0.49971 ], [ 36.9327, -0.49992 ], [ 36.9324, -0.50027 ], [ 36.93236, -0.50029 ], [ 36.93226, -0.50048 ], [ 36.9323, -0.50068 ], [ 36.93232, -0.50096 ], [ 36.93232, -0.50119 ], [ 36.93231, -0.5014 ], [ 36.93223, -0.50146 ], [ 36.93212, -0.50149 ], [ 36.93199, -0.50149 ], [ 36.93181, -0.50145 ], [ 36.93159, -0.50137 ], [ 36.93131, -0.5013 ], [ 36.93112, -0.50126 ], [ 36.93091, -0.50126 ], [ 36.93067, -0.50125 ], [ 36.93046, -0.50127 ], [ 36.9303, -0.5014 ], [ 36.93013, -0.50167 ], [ 36.93003, -0.502 ], [ 36.92998, -0.50217 ], [ 36.92989, -0.50235 ], [ 36.92975, -0.50258 ], [ 36.92965, -0.5027 ], [ 36.92946, -0.50288 ], [ 36.92905, -0.50312 ], [ 36.9287, -0.50329 ], [ 36.92834, -0.50351 ], [ 36.92831, -0.50353 ], [ 36.928, -0.50367 ], [ 36.92775, -0.50389 ], [ 36.92732, -0.50417 ], [ 36.92697, -0.50446 ], [ 36.92662, -0.5047 ], [ 36.92626, -0.50483 ], [ 36.92589, -0.50501 ], [ 36.92529, -0.50513 ], [ 36.92475, -0.50513 ], [ 36.92381, -0.50513 ], [ 36.9236, -0.50509 ], [ 36.92271, -0.50512 ], [ 36.92209, -0.50518 ], [ 36.9217, -0.5053 ], [ 36.92169, -0.50529 ], [ 36.92169, -0.5053 ], [ 36.92146, -0.50537 ], [ 36.92092, -0.50565 ], [ 36.92048, -0.50598 ], [ 36.92019, -0.50624 ], [ 36.91984, -0.50656 ], [ 36.9195, -0.50694 ], [ 36.91924, -0.50725 ], [ 36.91884, -0.50762 ], [ 36.91841, -0.50764 ], [ 36.91813, -0.50765 ], [ 36.9179, -0.50765 ], [ 36.9177, -0.50765 ], [ 36.91768, -0.50764 ], [ 36.91749, -0.50764 ], [ 36.91715, -0.50761 ], [ 36.91689, -0.50759 ], [ 36.91657, -0.50752 ], [ 36.91627, -0.50741 ], [ 36.91562, -0.50743 ], [ 36.91504, -0.50743 ], [ 36.91441, -0.50744 ], [ 36.91389, -0.50745 ], [ 36.9133, -0.50745 ], [ 36.91289, -0.50737 ], [ 36.91229, -0.5073 ], [ 36.91175, -0.50711 ], [ 36.91151, -0.50691 ], [ 36.91111, -0.50653 ], [ 36.91088, -0.50614 ], [ 36.91064, -0.50571 ], [ 36.91043, -0.50536 ], [ 36.91023, -0.50515 ], [ 36.90999, -0.50502 ], [ 36.90964, -0.50483 ], [ 36.90927, -0.50465 ], [ 36.90891, -0.50461 ], [ 36.90853, -0.50463 ], [ 36.90834, -0.50479 ], [ 36.90818, -0.50502 ], [ 36.90802, -0.50517 ], [ 36.90788, -0.50531 ], [ 36.90767, -0.5054 ], [ 36.90746, -0.50544 ], [ 36.90732, -0.50543 ], [ 36.90732, -0.50543 ], [ 36.9073, -0.50543 ], [ 36.90719, -0.50543 ], [ 36.90681, -0.50531 ], [ 36.90651, -0.50512 ], [ 36.90629, -0.50494 ], [ 36.90607, -0.50475 ], [ 36.90586, -0.50458 ], [ 36.90551, -0.50427 ], [ 36.90535, -0.50419 ], [ 36.90512, -0.50415 ], [ 36.90487, -0.50431 ], [ 36.90469, -0.50445 ], [ 36.90446, -0.50462 ], [ 36.90422, -0.5048 ], [ 36.90411, -0.50505 ], [ 36.90398, -0.50529 ], [ 36.90388, -0.50537 ], [ 36.90374, -0.50546 ], [ 36.90328, -0.50526 ], [ 36.90275, -0.50508 ], [ 36.90218, -0.50502 ], [ 36.90154, -0.50492 ], [ 36.901, -0.50484 ], [ 36.90071, -0.50482 ], [ 36.90039, -0.50475 ], [ 36.90005, -0.50462 ], [ 36.89978, -0.50451 ], [ 36.89951, -0.50441 ], [ 36.89927, -0.50431 ], [ 36.89906, -0.50415 ], [ 36.89889, -0.50401 ], [ 36.89879, -0.50386 ], [ 36.89879, -0.50362 ], [ 36.89882, -0.50334 ], [ 36.89886, -0.50318 ], [ 36.89896, -0.50301 ], [ 36.89905, -0.50276 ], [ 36.89907, -0.50267 ], [ 36.89903, -0.50255 ], [ 36.89892, -0.50243 ], [ 36.89868, -0.50224 ], [ 36.89824, -0.5019 ], [ 36.89804, -0.50178 ], [ 36.89789, -0.50163 ], [ 36.89783, -0.50143 ], [ 36.89783, -0.50123 ], [ 36.89782, -0.50094 ], [ 36.89776, -0.50082 ], [ 36.89771, -0.50073 ], [ 36.89763, -0.50061 ], [ 36.89751, -0.5005 ], [ 36.89733, -0.50037 ], [ 36.89713, -0.50022 ], [ 36.89686, -0.50011 ], [ 36.89659, -0.50004 ], [ 36.89625, -0.50015 ], [ 36.89608, -0.50022 ], [ 36.89588, -0.50028 ], [ 36.89574, -0.50033 ], [ 36.89555, -0.50033 ], [ 36.89516, -0.50018 ], [ 36.89469, -0.50009 ], [ 36.89447, -0.50009 ], [ 36.89419, -0.50012 ], [ 36.89382, -0.50025 ], [ 36.89357, -0.50042 ], [ 36.89336, -0.50048 ], [ 36.89306, -0.50048 ], [ 36.89291, -0.50039 ], [ 36.89272, -0.50027 ], [ 36.89246, -0.50027 ], [ 36.89233, -0.50023 ], [ 36.89215, -0.5001 ], [ 36.89189, -0.50012 ], [ 36.89177, -0.50013 ], [ 36.89157, -0.50021 ], [ 36.89144, -0.50021 ], [ 36.89117, -0.50014 ], [ 36.89094, -0.50007 ], [ 36.89074, -0.49995 ], [ 36.89057, -0.49991 ], [ 36.89025, -0.49991 ], [ 36.88985, -0.49992 ], [ 36.88954, -0.49993 ], [ 36.88907, -0.49999 ], [ 36.88877, -0.50002 ], [ 36.88852, -0.50009 ], [ 36.88819, -0.50018 ], [ 36.88791, -0.50025 ], [ 36.88775, -0.50029 ], [ 36.88754, -0.50043 ], [ 36.88739, -0.50048 ], [ 36.88719, -0.50049 ], [ 36.88705, -0.50049 ], [ 36.88678, -0.50046 ], [ 36.8866, -0.50039 ], [ 36.8864, -0.50031 ], [ 36.88619, -0.50026 ], [ 36.88598, -0.50024 ], [ 36.88574, -0.50024 ], [ 36.88544, -0.50024 ], [ 36.88524, -0.50023 ], [ 36.88502, -0.50023 ], [ 36.88477, -0.50023 ], [ 36.88411, -0.50037 ], [ 36.8838, -0.50046 ], [ 36.88356, -0.50053 ], [ 36.88322, -0.50064 ], [ 36.88301, -0.50073 ], [ 36.88281, -0.50074 ], [ 36.88255, -0.50055 ], [ 36.88234, -0.5004 ], [ 36.88219, -0.50026 ], [ 36.88198, -0.50014 ], [ 36.8818, -0.50003 ], [ 36.88167, -0.49996 ], [ 36.88141, -0.49991 ], [ 36.88107, -0.49985 ], [ 36.88084, -0.49981 ], [ 36.88054, -0.49974 ], [ 36.8799, -0.4997 ], [ 36.87959, -0.49969 ], [ 36.87909, -0.49967 ], [ 36.87874, -0.49964 ], [ 36.87857, -0.4996 ], [ 36.87827, -0.49951 ], [ 36.87812, -0.49942 ], [ 36.87796, -0.49932 ], [ 36.87787, -0.49926 ], [ 36.8777, -0.49915 ], [ 36.87762, -0.49909 ], [ 36.87745, -0.4988 ], [ 36.87724, -0.4986 ], [ 36.87712, -0.49849 ], [ 36.87692, -0.4984 ], [ 36.87673, -0.49828 ], [ 36.8766, -0.49818 ], [ 36.87651, -0.4981 ], [ 36.87647, -0.49806 ], [ 36.87641, -0.498 ], [ 36.87626, -0.49787 ], [ 36.87613, -0.49773 ], [ 36.87604, -0.49762 ], [ 36.876, -0.49758 ], [ 36.87593, -0.49749 ], [ 36.87582, -0.49738 ], [ 36.87573, -0.49726 ], [ 36.87553, -0.49697 ], [ 36.87532, -0.49668 ], [ 36.87518, -0.49651 ], [ 36.87507, -0.49633 ], [ 36.8749, -0.496 ], [ 36.87481, -0.49588 ], [ 36.87472, -0.49576 ], [ 36.87461, -0.49564 ], [ 36.87453, -0.49557 ], [ 36.87443, -0.49546 ], [ 36.8742, -0.49529 ], [ 36.87396, -0.49517 ], [ 36.87385, -0.49507 ], [ 36.87372, -0.49494 ], [ 36.87358, -0.49482 ], [ 36.87345, -0.49472 ], [ 36.87339, -0.49465 ], [ 36.87316, -0.4946 ], [ 36.87286, -0.49477 ], [ 36.87252, -0.49485 ], [ 36.87219, -0.49497 ], [ 36.87196, -0.49503 ], [ 36.87186, -0.49503 ], [ 36.87151, -0.49504 ], [ 36.87116, -0.49508 ], [ 36.87086, -0.49514 ], [ 36.87052, -0.4952 ], [ 36.87016, -0.49526 ], [ 36.8699, -0.49529 ], [ 36.86962, -0.49552 ], [ 36.86941, -0.49573 ], [ 36.86918, -0.49591 ], [ 36.86891, -0.49592 ], [ 36.86871, -0.49592 ], [ 36.86837, -0.49591 ], [ 36.8682, -0.49586 ], [ 36.86797, -0.49578 ], [ 36.86786, -0.49574 ], [ 36.86787, -0.49571 ], [ 36.86783, -0.49573 ], [ 36.86763, -0.4957 ], [ 36.8674, -0.4957 ], [ 36.86716, -0.4957 ], [ 36.86685, -0.49571 ], [ 36.86657, -0.49577 ], [ 36.8664, -0.49582 ], [ 36.86616, -0.49593 ], [ 36.86602, -0.49598 ], [ 36.86581, -0.49599 ], [ 36.86568, -0.49603 ], [ 36.86545, -0.49611 ], [ 36.86516, -0.49621 ], [ 36.86501, -0.49628 ], [ 36.86474, -0.49645 ], [ 36.86463, -0.49651 ], [ 36.8644, -0.49665 ], [ 36.86419, -0.49689 ], [ 36.864, -0.4971 ], [ 36.86386, -0.4972 ], [ 36.86371, -0.49732 ], [ 36.86359, -0.49743 ], [ 36.86344, -0.49747 ], [ 36.86312, -0.49755 ], [ 36.86298, -0.49755 ], [ 36.8628, -0.49757 ], [ 36.86263, -0.49762 ], [ 36.86244, -0.49778 ], [ 36.8622, -0.49786 ], [ 36.86201, -0.49787 ], [ 36.86182, -0.49784 ], [ 36.86156, -0.49774 ], [ 36.86118, -0.4976 ], [ 36.86095, -0.49754 ], [ 36.86066, -0.49754 ], [ 36.86036, -0.49758 ], [ 36.86006, -0.49778 ], [ 36.8599, -0.49791 ], [ 36.85979, -0.49796 ], [ 36.85958, -0.49801 ], [ 36.85939, -0.49799 ], [ 36.8591, -0.49785 ], [ 36.85901, -0.4978 ], [ 36.8588, -0.49761 ], [ 36.85852, -0.49754 ], [ 36.85842, -0.49756 ], [ 36.85825, -0.49757 ], [ 36.85812, -0.49753 ], [ 36.858, -0.49745 ], [ 36.85778, -0.49729 ], [ 36.85768, -0.49717 ], [ 36.8575, -0.49689 ], [ 36.85742, -0.49677 ], [ 36.85731, -0.4966 ], [ 36.85714, -0.49648 ], [ 36.85703, -0.4964 ], [ 36.85684, -0.4963 ], [ 36.85671, -0.49623 ], [ 36.85654, -0.49617 ], [ 36.85641, -0.49614 ], [ 36.85615, -0.49602 ], [ 36.85576, -0.49595 ], [ 36.85553, -0.49592 ], [ 36.85531, -0.49588 ], [ 36.85521, -0.49584 ], [ 36.85497, -0.49581 ], [ 36.85483, -0.49581 ], [ 36.8545, -0.49581 ], [ 36.85428, -0.49581 ], [ 36.85409, -0.49591 ], [ 36.85376, -0.49616 ], [ 36.85352, -0.49635 ], [ 36.85329, -0.49649 ], [ 36.8531, -0.49661 ], [ 36.85285, -0.4968 ], [ 36.85271, -0.49691 ], [ 36.85254, -0.49701 ], [ 36.85228, -0.49712 ], [ 36.8521, -0.49716 ], [ 36.85193, -0.4972 ], [ 36.85173, -0.49724 ], [ 36.85162, -0.49726 ], [ 36.8515, -0.49717 ], [ 36.85142, -0.49705 ], [ 36.85116, -0.49672 ], [ 36.85093, -0.49654 ], [ 36.85071, -0.49642 ], [ 36.85054, -0.49637 ], [ 36.8504, -0.49633 ], [ 36.85023, -0.49633 ], [ 36.85007, -0.49633 ], [ 36.84993, -0.49628 ], [ 36.84977, -0.49625 ], [ 36.84966, -0.49621 ], [ 36.84946, -0.49622 ], [ 36.84929, -0.49617 ], [ 36.84912, -0.4961 ], [ 36.84897, -0.49599 ], [ 36.84879, -0.49591 ], [ 36.84862, -0.49582 ], [ 36.84839, -0.49575 ], [ 36.84827, -0.49572 ], [ 36.848, -0.49572 ], [ 36.84779, -0.49572 ], [ 36.84764, -0.49572 ], [ 36.84739, -0.49572 ], [ 36.84723, -0.49572 ], [ 36.847, -0.49566 ], [ 36.84678, -0.4956 ], [ 36.84649, -0.49551 ], [ 36.84619, -0.49543 ], [ 36.84594, -0.49541 ], [ 36.84564, -0.49541 ], [ 36.84526, -0.4954 ], [ 36.84501, -0.4954 ], [ 36.84478, -0.49538 ], [ 36.84478, -0.49538 ], [ 36.84563, -0.48617 ], [ 36.84574, -0.48495 ], [ 36.84792, -0.48183 ], [ 36.85116, -0.47715 ], [ 36.85175, -0.47567 ], [ 36.85415, -0.47082 ], [ 36.8543, -0.47076 ], [ 36.85442, -0.47075 ], [ 36.85464, -0.4707 ], [ 36.85485, -0.47066 ], [ 36.85502, -0.47065 ], [ 36.85535, -0.47065 ], [ 36.85563, -0.47059 ], [ 36.85586, -0.47039 ], [ 36.85608, -0.47026 ], [ 36.85617, -0.47019 ], [ 36.85626, -0.47016 ], [ 36.85637, -0.47005 ], [ 36.85651, -0.46995 ], [ 36.85667, -0.46992 ], [ 36.85665, -0.46975 ], [ 36.85661, -0.46968 ], [ 36.85654, -0.46955 ], [ 36.85654, -0.46942 ], [ 36.85654, -0.46925 ], [ 36.85654, -0.46907 ], [ 36.8565, -0.4689 ], [ 36.85645, -0.4688 ], [ 36.85638, -0.46872 ], [ 36.85629, -0.46863 ], [ 36.86014, -0.45996 ], [ 36.86108, -0.45779 ], [ 36.86107, -0.45775 ], [ 36.86096, -0.45767 ], [ 36.86073, -0.45747 ], [ 36.86055, -0.45741 ], [ 36.86032, -0.45739 ], [ 36.85606, -0.45651 ], [ 36.85215, -0.45517 ], [ 36.8524, -0.45477 ], [ 36.85265, -0.45438 ], [ 36.85288, -0.45402 ], [ 36.85312, -0.45367 ], [ 36.85332, -0.45338 ], [ 36.85332, -0.45294 ], [ 36.85332, -0.45264 ], [ 36.85332, -0.45231 ], [ 36.85339, -0.45199 ], [ 36.85364, -0.45183 ], [ 36.8538, -0.45168 ], [ 36.85399, -0.45152 ], [ 36.85405, -0.45141 ], [ 36.85409, -0.45119 ], [ 36.85411, -0.45105 ], [ 36.85407, -0.45086 ], [ 36.85402, -0.4507 ], [ 36.8539, -0.45093 ], [ 36.85376, -0.45114 ], [ 36.85364, -0.45131 ], [ 36.8534, -0.45137 ], [ 36.85316, -0.45139 ], [ 36.85299, -0.45145 ], [ 36.85273, -0.45158 ], [ 36.85248, -0.45167 ], [ 36.85231, -0.45171 ], [ 36.85207, -0.4518 ], [ 36.85173, -0.45199 ], [ 36.85136, -0.45229 ], [ 36.8512, -0.45246 ], [ 36.85113, -0.45256 ], [ 36.85112, -0.45281 ], [ 36.85112, -0.45303 ], [ 36.85111, -0.4532 ], [ 36.85105, -0.45339 ], [ 36.85094, -0.45349 ], [ 36.85071, -0.4536 ], [ 36.8505, -0.45364 ], [ 36.85031, -0.45368 ], [ 36.85011, -0.45381 ], [ 36.85001, -0.45398 ], [ 36.84987, -0.45422 ], [ 36.84975, -0.45444 ], [ 36.84965, -0.45454 ], [ 36.84954, -0.45462 ], [ 36.8494, -0.45473 ], [ 36.84931, -0.4548 ], [ 36.84921, -0.45491 ], [ 36.84905, -0.45513 ], [ 36.84889, -0.45531 ], [ 36.84874, -0.4555 ], [ 36.84864, -0.4557 ], [ 36.84859, -0.45579 ], [ 36.84841, -0.45639 ], [ 36.84834, -0.45651 ], [ 36.84829, -0.45661 ], [ 36.84822, -0.45684 ], [ 36.84814, -0.45708 ], [ 36.84721, -0.4583 ], [ 36.84691, -0.45864 ], [ 36.84671, -0.45902 ], [ 36.84652, -0.45945 ], [ 36.84639, -0.45987 ], [ 36.84619, -0.45991 ], [ 36.84605, -0.46009 ], [ 36.84585, -0.4603 ], [ 36.84567, -0.46049 ], [ 36.84556, -0.4606 ], [ 36.84533, -0.46092 ], [ 36.8452, -0.46109 ], [ 36.84506, -0.46133 ], [ 36.84493, -0.46153 ], [ 36.84472, -0.46174 ], [ 36.8445, -0.46181 ], [ 36.84417, -0.46188 ], [ 36.84394, -0.46181 ], [ 36.84376, -0.4617 ], [ 36.84344, -0.46159 ], [ 36.8431, -0.46148 ], [ 36.84289, -0.46135 ], [ 36.84244, -0.46119 ], [ 36.84223, -0.46112 ], [ 36.84199, -0.46107 ], [ 36.84164, -0.46109 ], [ 36.84138, -0.46111 ], [ 36.84116, -0.46122 ], [ 36.84094, -0.46143 ], [ 36.84072, -0.46167 ], [ 36.8405, -0.46196 ], [ 36.84043, -0.46223 ], [ 36.84037, -0.46249 ], [ 36.84031, -0.46276 ], [ 36.84028, -0.46306 ], [ 36.84019, -0.46332 ], [ 36.8401, -0.46348 ], [ 36.83998, -0.46369 ], [ 36.83979, -0.46394 ], [ 36.83964, -0.46407 ], [ 36.83943, -0.46423 ], [ 36.83926, -0.46434 ], [ 36.83902, -0.46439 ], [ 36.83881, -0.46446 ], [ 36.8386, -0.46454 ], [ 36.83833, -0.46455 ], [ 36.83817, -0.4645 ], [ 36.83801, -0.46443 ], [ 36.83786, -0.46434 ], [ 36.83765, -0.46423 ], [ 36.8375, -0.46415 ], [ 36.83717, -0.46404 ], [ 36.83694, -0.46397 ], [ 36.83678, -0.46387 ], [ 36.83666, -0.46376 ], [ 36.83648, -0.46362 ], [ 36.83639, -0.46351 ], [ 36.83626, -0.46332 ], [ 36.83607, -0.4631 ], [ 36.83589, -0.46302 ], [ 36.83575, -0.46297 ], [ 36.83559, -0.46287 ], [ 36.83549, -0.46278 ], [ 36.83533, -0.46264 ], [ 36.83515, -0.46248 ], [ 36.835, -0.46235 ], [ 36.83488, -0.46221 ], [ 36.83474, -0.46206 ], [ 36.83463, -0.4618 ], [ 36.83463, -0.46152 ], [ 36.83463, -0.46131 ], [ 36.83459, -0.46118 ], [ 36.83449, -0.46098 ], [ 36.83436, -0.46076 ], [ 36.83428, -0.46068 ], [ 36.8341, -0.46063 ], [ 36.83384, -0.46063 ], [ 36.83355, -0.46074 ], [ 36.83332, -0.46083 ], [ 36.83296, -0.46102 ], [ 36.83275, -0.4611 ], [ 36.83254, -0.46119 ], [ 36.83234, -0.46129 ], [ 36.83193, -0.4615 ], [ 36.83164, -0.46153 ], [ 36.83135, -0.46161 ], [ 36.8311, -0.46165 ], [ 36.83064, -0.4617 ], [ 36.83056, -0.46105 ], [ 36.83079, -0.46051 ], [ 36.83058, -0.46056 ], [ 36.83041, -0.46062 ], [ 36.83029, -0.4607 ], [ 36.83005, -0.46081 ], [ 36.83, -0.46083 ], [ 36.82978, -0.46075 ], [ 36.82958, -0.46071 ], [ 36.8294, -0.46071 ], [ 36.82917, -0.46073 ], [ 36.82898, -0.4608 ], [ 36.82885, -0.46089 ], [ 36.82854, -0.46087 ], [ 36.82837, -0.46082 ], [ 36.8281, -0.46072 ], [ 36.82793, -0.46062 ], [ 36.82774, -0.46054 ], [ 36.82758, -0.46051 ], [ 36.82739, -0.46048 ], [ 36.82725, -0.46051 ], [ 36.82702, -0.46051 ], [ 36.82682, -0.46047 ], [ 36.8254, -0.46023 ], [ 36.82451, -0.45988 ], [ 36.8233, -0.45975 ], [ 36.82244, -0.45975 ], [ 36.82171, -0.45979 ], [ 36.82133, -0.45985 ], [ 36.82053, -0.45987 ], [ 36.82043, -0.46021 ], [ 36.82039, -0.4604 ], [ 36.82019, -0.46063 ], [ 36.82008, -0.46076 ], [ 36.81984, -0.46069 ], [ 36.81965, -0.46035 ], [ 36.81952, -0.45979 ], [ 36.81945, -0.45948 ], [ 36.81945, -0.45919 ], [ 36.81929, -0.45912 ], [ 36.81888, -0.45915 ], [ 36.81822, -0.45929 ], [ 36.81775, -0.45938 ], [ 36.81742, -0.4595 ], [ 36.81714, -0.45961 ], [ 36.81684, -0.45967 ], [ 36.81653, -0.4596 ], [ 36.81651, -0.45929 ], [ 36.81651, -0.45918 ], [ 36.81649, -0.45918 ], [ 36.81632, -0.4593 ], [ 36.81626, -0.4594 ], [ 36.81613, -0.45951 ], [ 36.81599, -0.45957 ], [ 36.8158, -0.45957 ], [ 36.81548, -0.45971 ], [ 36.81529, -0.45975 ], [ 36.81507, -0.45993 ], [ 36.81484, -0.46009 ], [ 36.81467, -0.46019 ], [ 36.81439, -0.46021 ], [ 36.81414, -0.46015 ], [ 36.81385, -0.46004 ], [ 36.81365, -0.45994 ], [ 36.81337, -0.45984 ], [ 36.81317, -0.4598 ], [ 36.81295, -0.46 ], [ 36.81278, -0.46017 ], [ 36.81261, -0.46031 ], [ 36.81246, -0.46043 ], [ 36.81216, -0.46056 ], [ 36.81202, -0.46054 ], [ 36.81198, -0.46049 ], [ 36.81173, -0.46048 ], [ 36.81121, -0.46054 ], [ 36.81099, -0.46063 ], [ 36.81066, -0.46079 ], [ 36.81017, -0.46095 ], [ 36.80981, -0.46098 ], [ 36.80939, -0.46099 ], [ 36.80913, -0.46089 ], [ 36.80894, -0.46078 ], [ 36.80863, -0.46055 ], [ 36.80848, -0.46037 ], [ 36.80824, -0.4601 ], [ 36.80806, -0.45994 ], [ 36.8079, -0.45987 ], [ 36.80761, -0.45977 ], [ 36.80738, -0.45971 ], [ 36.80708, -0.45971 ], [ 36.80681, -0.45969 ], [ 36.80652, -0.45964 ], [ 36.80633, -0.45959 ], [ 36.80601, -0.45949 ], [ 36.80575, -0.45938 ], [ 36.80542, -0.45919 ], [ 36.8052, -0.459 ], [ 36.80495, -0.45866 ], [ 36.80482, -0.45836 ], [ 36.80474, -0.45812 ], [ 36.80472, -0.45782 ], [ 36.8046, -0.45763 ], [ 36.80455, -0.45752 ], [ 36.8045, -0.45726 ], [ 36.80448, -0.45693 ], [ 36.80443, -0.45681 ], [ 36.8043, -0.45673 ], [ 36.80403, -0.45673 ], [ 36.80379, -0.45672 ], [ 36.80362, -0.45671 ], [ 36.80347, -0.45667 ], [ 36.80325, -0.45655 ], [ 36.80313, -0.45636 ], [ 36.80289, -0.4563 ], [ 36.80273, -0.4563 ], [ 36.80251, -0.45643 ], [ 36.80235, -0.45658 ], [ 36.8022, -0.4567 ], [ 36.80202, -0.45671 ], [ 36.80154, -0.45676 ], [ 36.80127, -0.45671 ], [ 36.80096, -0.45663 ], [ 36.80075, -0.4566 ], [ 36.8006, -0.45651 ], [ 36.80026, -0.45621 ], [ 36.80009, -0.45604 ], [ 36.79994, -0.4559 ], [ 36.79977, -0.45581 ], [ 36.79957, -0.45578 ], [ 36.79942, -0.45585 ], [ 36.79917, -0.45602 ], [ 36.79902, -0.45611 ], [ 36.79878, -0.45614 ], [ 36.79857, -0.45614 ], [ 36.79836, -0.45615 ], [ 36.79743, -0.45602 ], [ 36.797, -0.45588 ], [ 36.79667, -0.45574 ], [ 36.79646, -0.45568 ], [ 36.79615, -0.45566 ], [ 36.79575, -0.45565 ], [ 36.79553, -0.45574 ], [ 36.79533, -0.45582 ], [ 36.79509, -0.45577 ], [ 36.79481, -0.45573 ], [ 36.79451, -0.45571 ], [ 36.79422, -0.45573 ], [ 36.794, -0.45575 ], [ 36.79372, -0.45575 ], [ 36.79344, -0.45575 ], [ 36.79313, -0.45575 ], [ 36.79284, -0.45578 ], [ 36.79264, -0.45583 ], [ 36.79239, -0.45592 ], [ 36.79233, -0.456 ], [ 36.79215, -0.45618 ], [ 36.79194, -0.4563 ], [ 36.79175, -0.45637 ], [ 36.79142, -0.45637 ], [ 36.79123, -0.45635 ], [ 36.79092, -0.45617 ], [ 36.79068, -0.45604 ], [ 36.79057, -0.45606 ], [ 36.79033, -0.45614 ], [ 36.79, -0.45617 ], [ 36.78967, -0.45617 ], [ 36.78936, -0.45608 ], [ 36.78942, -0.45565 ], [ 36.78945, -0.45543 ], [ 36.78925, -0.45497 ], [ 36.789, -0.45478 ], [ 36.78881, -0.45474 ], [ 36.78835, -0.45466 ], [ 36.78812, -0.45458 ], [ 36.78797, -0.45453 ], [ 36.78781, -0.45444 ], [ 36.78722, -0.45398 ], [ 36.78697, -0.45387 ], [ 36.78674, -0.45374 ], [ 36.78661, -0.45366 ], [ 36.78639, -0.4536 ], [ 36.78612, -0.45354 ], [ 36.78576, -0.45349 ], [ 36.78548, -0.45347 ], [ 36.78505, -0.4534 ], [ 36.78489, -0.45331 ], [ 36.78475, -0.45323 ], [ 36.7846, -0.45311 ], [ 36.78404, -0.45275 ], [ 36.7837, -0.45241 ], [ 36.78331, -0.45203 ], [ 36.78268, -0.45157 ], [ 36.78241, -0.45142 ], [ 36.78203, -0.45119 ], [ 36.78195, -0.45111 ], [ 36.78173, -0.45091 ], [ 36.78152, -0.45087 ], [ 36.78122, -0.45078 ], [ 36.78074, -0.45065 ], [ 36.78048, -0.45033 ], [ 36.78032, -0.45008 ], [ 36.78018, -0.4499 ], [ 36.77999, -0.44979 ], [ 36.77974, -0.44968 ], [ 36.77956, -0.44944 ], [ 36.77938, -0.44906 ], [ 36.77938, -0.44855 ], [ 36.77934, -0.44826 ], [ 36.77921, -0.44798 ], [ 36.77883, -0.44733 ], [ 36.77857, -0.44698 ], [ 36.77816, -0.44667 ], [ 36.77786, -0.44647 ], [ 36.77768, -0.44629 ], [ 36.77746, -0.44606 ], [ 36.77682, -0.4456 ], [ 36.77669, -0.4455 ], [ 36.77628, -0.44526 ], [ 36.77603, -0.44512 ], [ 36.77581, -0.44493 ], [ 36.7757, -0.44473 ], [ 36.77553, -0.44423 ], [ 36.77519, -0.44392 ], [ 36.77501, -0.44382 ], [ 36.7747, -0.44374 ], [ 36.77442, -0.44373 ], [ 36.77421, -0.44374 ], [ 36.77406, -0.44378 ], [ 36.77383, -0.44389 ], [ 36.77364, -0.44394 ], [ 36.77341, -0.444 ], [ 36.77317, -0.44403 ], [ 36.77294, -0.44404 ], [ 36.77281, -0.44403 ], [ 36.77254, -0.44403 ], [ 36.77223, -0.44391 ], [ 36.77198, -0.44373 ], [ 36.77167, -0.44373 ], [ 36.77136, -0.44402 ], [ 36.77089, -0.44435 ], [ 36.77044, -0.44437 ], [ 36.77011, -0.44438 ], [ 36.76981, -0.4444 ], [ 36.76951, -0.44439 ], [ 36.76905, -0.44427 ], [ 36.76876, -0.44407 ], [ 36.76834, -0.44399 ], [ 36.76811, -0.44406 ], [ 36.76785, -0.44411 ], [ 36.76758, -0.44422 ], [ 36.7674, -0.44429 ], [ 36.76691, -0.44467 ], [ 36.76673, -0.44487 ], [ 36.76655, -0.44512 ], [ 36.76632, -0.44541 ], [ 36.76581, -0.44546 ], [ 36.76557, -0.44541 ], [ 36.7653, -0.44546 ], [ 36.76508, -0.44565 ], [ 36.76485, -0.44585 ], [ 36.76476, -0.44608 ], [ 36.76467, -0.44639 ], [ 36.76452, -0.44664 ], [ 36.76437, -0.44673 ], [ 36.76416, -0.44681 ], [ 36.76369, -0.44687 ], [ 36.76346, -0.44694 ], [ 36.76315, -0.44709 ], [ 36.76304, -0.44682 ], [ 36.76279, -0.44655 ], [ 36.76257, -0.44639 ], [ 36.76236, -0.44622 ], [ 36.76193, -0.44599 ], [ 36.76171, -0.44587 ], [ 36.7614, -0.44581 ], [ 36.76105, -0.44587 ], [ 36.76071, -0.4458 ], [ 36.76052, -0.4457 ], [ 36.76033, -0.44562 ], [ 36.76014, -0.44562 ], [ 36.75988, -0.44558 ], [ 36.75941, -0.44538 ], [ 36.75916, -0.44517 ], [ 36.75901, -0.44502 ], [ 36.75877, -0.44457 ], [ 36.75874, -0.4443 ], [ 36.75874, -0.44399 ], [ 36.75875, -0.4436 ], [ 36.75864, -0.44325 ], [ 36.75848, -0.4429 ], [ 36.75823, -0.44248 ], [ 36.75807, -0.44205 ], [ 36.75795, -0.44176 ], [ 36.75783, -0.44154 ], [ 36.75781, -0.44132 ], [ 36.75783, -0.44092 ], [ 36.75801, -0.44062 ], [ 36.75811, -0.44045 ], [ 36.75823, -0.44015 ], [ 36.75815, -0.43989 ], [ 36.75795, -0.43957 ], [ 36.75771, -0.43922 ], [ 36.75746, -0.43901 ], [ 36.7572, -0.43881 ], [ 36.75705, -0.43863 ], [ 36.75673, -0.4386 ], [ 36.75636, -0.4385 ], [ 36.7561, -0.43841 ], [ 36.75569, -0.43824 ], [ 36.75544, -0.43808 ], [ 36.75533, -0.43791 ], [ 36.75515, -0.43744 ], [ 36.755, -0.43703 ], [ 36.75483, -0.43635 ], [ 36.75467, -0.43612 ], [ 36.75435, -0.43572 ], [ 36.75396, -0.43552 ], [ 36.75357, -0.43536 ], [ 36.75329, -0.43525 ], [ 36.75304, -0.43511 ], [ 36.75256, -0.43474 ], [ 36.75217, -0.43438 ], [ 36.75193, -0.43406 ], [ 36.75172, -0.43369 ], [ 36.75157, -0.43341 ], [ 36.75152, -0.43307 ], [ 36.75146, -0.43266 ], [ 36.75127, -0.43234 ], [ 36.75095, -0.43197 ], [ 36.75081, -0.43198 ], [ 36.75083, -0.41695 ], [ 36.75082, -0.41593 ], [ 36.75082, -0.41248 ], [ 36.76996, -0.40528 ], [ 36.79066, -0.39712 ], [ 36.80257, -0.39255 ], [ 36.80264, -0.38708 ], [ 36.80291, -0.38708 ], [ 36.80314, -0.38706 ], [ 36.80336, -0.38703 ], [ 36.8035, -0.38701 ], [ 36.80378, -0.38692 ], [ 36.80418, -0.38671 ], [ 36.80445, -0.38661 ], [ 36.80483, -0.3864 ], [ 36.80517, -0.38635 ], [ 36.80542, -0.38637 ], [ 36.80555, -0.38637 ], [ 36.80574, -0.38644 ], [ 36.80589, -0.3865 ], [ 36.80613, -0.38663 ], [ 36.8063, -0.38676 ], [ 36.80652, -0.38682 ], [ 36.80685, -0.38688 ], [ 36.8072, -0.38693 ], [ 36.80737, -0.3869 ], [ 36.80766, -0.38688 ], [ 36.8079, -0.38687 ], [ 36.80822, -0.3868 ], [ 36.80842, -0.38678 ], [ 36.80874, -0.38667 ], [ 36.80901, -0.38666 ], [ 36.80924, -0.38664 ], [ 36.80946, -0.38661 ], [ 36.80966, -0.38653 ], [ 36.80981, -0.38641 ], [ 36.80996, -0.38628 ], [ 36.81012, -0.38613 ], [ 36.8103, -0.38598 ], [ 36.81051, -0.38583 ], [ 36.81089, -0.3858 ], [ 36.81107, -0.38578 ], [ 36.81126, -0.38577 ], [ 36.81156, -0.38575 ], [ 36.81185, -0.3857 ], [ 36.81208, -0.38561 ], [ 36.81222, -0.38558 ], [ 36.81244, -0.38555 ], [ 36.81265, -0.38555 ], [ 36.81284, -0.38559 ], [ 36.81314, -0.38571 ], [ 36.81342, -0.38584 ], [ 36.81366, -0.38599 ], [ 36.8139, -0.3861 ], [ 36.8142, -0.38616 ], [ 36.81452, -0.38632 ], [ 36.81467, -0.38644 ], [ 36.81499, -0.38676 ], [ 36.81528, -0.38699 ], [ 36.8155, -0.38706 ], [ 36.81573, -0.38706 ], [ 36.81613, -0.38705 ], [ 36.81641, -0.38702 ], [ 36.81661, -0.387 ], [ 36.81702, -0.38712 ], [ 36.81724, -0.38728 ], [ 36.81747, -0.38745 ], [ 36.81799, -0.38776 ], [ 36.81833, -0.38795 ], [ 36.81853, -0.38816 ], [ 36.81876, -0.3886 ], [ 36.81897, -0.38883 ], [ 36.81916, -0.38896 ], [ 36.81928, -0.38903 ], [ 36.81945, -0.38912 ], [ 36.81971, -0.38919 ], [ 36.82008, -0.38905 ], [ 36.82042, -0.38887 ], [ 36.8206, -0.38876 ], [ 36.82085, -0.38862 ], [ 36.8211, -0.38851 ], [ 36.82137, -0.38846 ], [ 36.82168, -0.38846 ], [ 36.82201, -0.38847 ], [ 36.82223, -0.38855 ], [ 36.8224, -0.38866 ], [ 36.82261, -0.38885 ], [ 36.82281, -0.38902 ], [ 36.8231, -0.38915 ], [ 36.82327, -0.38907 ], [ 36.8235, -0.38894 ], [ 36.82379, -0.38888 ], [ 36.82412, -0.38899 ], [ 36.82423, -0.38906 ], [ 36.82434, -0.38914 ], [ 36.82446, -0.38921 ], [ 36.8246, -0.38917 ], [ 36.82479, -0.38907 ], [ 36.82491, -0.38903 ], [ 36.82504, -0.38902 ], [ 36.82519, -0.38903 ], [ 36.82541, -0.38911 ], [ 36.82561, -0.38916 ], [ 36.82593, -0.38922 ], [ 36.82636, -0.38929 ], [ 36.82672, -0.38931 ], [ 36.82709, -0.38931 ], [ 36.82743, -0.38931 ], [ 36.82772, -0.38932 ], [ 36.82793, -0.3894 ], [ 36.82814, -0.38947 ], [ 36.82847, -0.38962 ], [ 36.82875, -0.38966 ], [ 36.82905, -0.38968 ], [ 36.82934, -0.38961 ], [ 36.82985, -0.38927 ], [ 36.83008, -0.38909 ], [ 36.83031, -0.38911 ], [ 36.83055, -0.38911 ], [ 36.83073, -0.38912 ], [ 36.83088, -0.38912 ], [ 36.83106, -0.38912 ], [ 36.83136, -0.38908 ], [ 36.83153, -0.38895 ], [ 36.83164, -0.38881 ], [ 36.83176, -0.3887 ], [ 36.83206, -0.38862 ], [ 36.83226, -0.38862 ], [ 36.83238, -0.38862 ], [ 36.83241, -0.38862 ], [ 36.83267, -0.38868 ], [ 36.83283, -0.38877 ], [ 36.83302, -0.38882 ], [ 36.83316, -0.38873 ], [ 36.83331, -0.38861 ], [ 36.83341, -0.38853 ], [ 36.83351, -0.38838 ], [ 36.83362, -0.38824 ], [ 36.8338, -0.38802 ], [ 36.83388, -0.38788 ], [ 36.83401, -0.38782 ], [ 36.83415, -0.38789 ], [ 36.83428, -0.38798 ], [ 36.83444, -0.38808 ], [ 36.83448, -0.38807 ], [ 36.83454, -0.38785 ], [ 36.83463, -0.38773 ], [ 36.8349, -0.3877 ], [ 36.83503, -0.38779 ], [ 36.83521, -0.38782 ], [ 36.8353, -0.38766 ], [ 36.83555, -0.38756 ], [ 36.83572, -0.38742 ], [ 36.83586, -0.38723 ], [ 36.83604, -0.38694 ], [ 36.83613, -0.38675 ], [ 36.83631, -0.38651 ], [ 36.83657, -0.3865 ], [ 36.8367, -0.38663 ], [ 36.83693, -0.38674 ], [ 36.8371, -0.38687 ], [ 36.83722, -0.38687 ], [ 36.83734, -0.38677 ], [ 36.83748, -0.38678 ], [ 36.83768, -0.38681 ], [ 36.8378, -0.3869 ], [ 36.83794, -0.38699 ], [ 36.83809, -0.38698 ], [ 36.8382, -0.38693 ], [ 36.8383, -0.38686 ], [ 36.83844, -0.38675 ], [ 36.83861, -0.38663 ], [ 36.83868, -0.38655 ], [ 36.83878, -0.38652 ], [ 36.83888, -0.38656 ], [ 36.83905, -0.38663 ], [ 36.83921, -0.38669 ], [ 36.83937, -0.38668 ], [ 36.8395, -0.38658 ], [ 36.83967, -0.38646 ], [ 36.83992, -0.38654 ], [ 36.84012, -0.38664 ], [ 36.84034, -0.3867 ], [ 36.84053, -0.38666 ], [ 36.84072, -0.38652 ], [ 36.84094, -0.38638 ], [ 36.84147, -0.38622 ], [ 36.84174, -0.38618 ], [ 36.84211, -0.38611 ], [ 36.84226, -0.3861 ], [ 36.84255, -0.38615 ], [ 36.84283, -0.38625 ], [ 36.84298, -0.38639 ], [ 36.84307, -0.38659 ], [ 36.8431, -0.38682 ], [ 36.8431, -0.38697 ], [ 36.84307, -0.3873 ], [ 36.84308, -0.38754 ], [ 36.84316, -0.3877 ], [ 36.84339, -0.38782 ], [ 36.84361, -0.38779 ], [ 36.84385, -0.38763 ], [ 36.84412, -0.38752 ], [ 36.84438, -0.38745 ], [ 36.84467, -0.38752 ], [ 36.84491, -0.38766 ], [ 36.84508, -0.38779 ], [ 36.84516, -0.38785 ], [ 36.84527, -0.38775 ], [ 36.84531, -0.3876 ], [ 36.84542, -0.38737 ], [ 36.84562, -0.38717 ], [ 36.84576, -0.38708 ], [ 36.84602, -0.38679 ], [ 36.84621, -0.38663 ], [ 36.84644, -0.38641 ], [ 36.84686, -0.386 ], [ 36.84706, -0.38582 ], [ 36.8472, -0.38584 ], [ 36.84732, -0.3859 ], [ 36.84757, -0.38611 ], [ 36.84779, -0.38633 ], [ 36.84791, -0.38644 ], [ 36.84803, -0.38654 ], [ 36.84826, -0.38671 ], [ 36.8484, -0.38686 ], [ 36.84864, -0.38686 ], [ 36.84894, -0.38676 ], [ 36.84916, -0.3866 ], [ 36.84932, -0.38647 ], [ 36.84958, -0.38634 ], [ 36.8498, -0.38628 ], [ 36.85009, -0.38616 ], [ 36.85031, -0.38614 ], [ 36.85069, -0.38602 ], [ 36.85097, -0.38594 ], [ 36.85129, -0.38589 ], [ 36.85158, -0.38588 ], [ 36.85182, -0.38586 ], [ 36.85196, -0.38578 ], [ 36.85214, -0.38565 ], [ 36.8523, -0.38569 ], [ 36.85243, -0.3858 ], [ 36.8526, -0.38589 ], [ 36.85273, -0.38598 ], [ 36.85286, -0.38598 ], [ 36.85299, -0.38592 ], [ 36.85311, -0.38578 ], [ 36.85329, -0.38561 ], [ 36.8535, -0.3856 ], [ 36.85368, -0.38564 ], [ 36.85399, -0.38578 ], [ 36.85416, -0.38586 ], [ 36.85433, -0.38588 ], [ 36.85443, -0.38584 ], [ 36.85447, -0.38567 ], [ 36.85445, -0.38543 ], [ 36.85469, -0.38516 ], [ 36.85496, -0.38513 ], [ 36.85523, -0.38514 ], [ 36.85551, -0.38523 ], [ 36.85573, -0.38536 ], [ 36.85595, -0.38547 ], [ 36.85615, -0.38547 ], [ 36.8563, -0.38539 ], [ 36.85662, -0.38523 ], [ 36.85677, -0.38524 ], [ 36.85688, -0.38541 ], [ 36.85689, -0.38558 ], [ 36.85714, -0.38575 ], [ 36.85738, -0.38589 ], [ 36.85753, -0.38602 ], [ 36.85773, -0.38616 ], [ 36.85801, -0.38626 ], [ 36.85811, -0.38626 ], [ 36.85852, -0.3863 ], [ 36.85868, -0.38643 ], [ 36.85884, -0.38656 ], [ 36.85897, -0.38663 ], [ 36.85921, -0.38654 ], [ 36.85944, -0.38646 ], [ 36.85959, -0.38663 ], [ 36.85976, -0.38677 ], [ 36.85984, -0.38687 ], [ 36.86, -0.38708 ], [ 36.86018, -0.38725 ], [ 36.86033, -0.38738 ], [ 36.86054, -0.38754 ], [ 36.86078, -0.38773 ], [ 36.86092, -0.38784 ], [ 36.86121, -0.38806 ], [ 36.8614, -0.38817 ], [ 36.86147, -0.38823 ], [ 36.8617, -0.38846 ], [ 36.86192, -0.3887 ], [ 36.86207, -0.3888 ], [ 36.86229, -0.38915 ], [ 36.86337, -0.39085 ], [ 36.86378, -0.39144 ], [ 36.8642, -0.39216 ], [ 36.86436, -0.39245 ], [ 36.8647, -0.39274 ], [ 36.8654, -0.39311 ], [ 36.86607, -0.39357 ], [ 36.86697, -0.39433 ], [ 36.86769, -0.395 ], [ 36.86827, -0.39555 ], [ 36.86888, -0.39607 ], [ 36.86929, -0.39624 ], [ 36.86978, -0.39624 ], [ 36.87026, -0.39598 ], [ 36.87073, -0.39582 ], [ 36.87143, -0.39563 ], [ 36.87215, -0.39558 ], [ 36.87291, -0.39563 ], [ 36.87358, -0.39566 ], [ 36.87393, -0.39576 ], [ 36.87438, -0.39578 ], [ 36.87511, -0.39589 ], [ 36.8753, -0.39591 ], [ 36.87533, -0.39591 ], [ 36.87552, -0.39593 ], [ 36.87571, -0.39595 ], [ 36.87621, -0.39642 ], [ 36.87728, -0.39755 ], [ 36.87771, -0.39792 ], [ 36.8781, -0.39811 ], [ 36.87854, -0.39813 ], [ 36.87972, -0.39796 ], [ 36.88059, -0.39787 ], [ 36.88123, -0.39781 ], [ 36.88203, -0.3979 ], [ 36.88256, -0.39801 ], [ 36.88337, -0.39808 ], [ 36.88464, -0.39839 ], [ 36.88551, -0.39869 ], [ 36.88612, -0.39898 ], [ 36.88708, -0.39953 ], [ 36.88744, -0.39979 ], [ 36.88783, -0.40007 ], [ 36.88796, -0.40015 ], [ 36.88813, -0.40025 ], [ 36.88816, -0.40003 ] ] ] } }
]
}
