{
"type": "FeatureCollection",
"crs": { "type": "name", "properties": { "name": "urn:ogc:def:crs:OGC:1.3:CRS84" } },
"features": [
{ "type": "Feature", "properties": { "entity_id": 78, "p_entity": 6, "name": "Keiyo North Sub County" }, "geometry": { "type": "Polygon", "coordinates": [ [ [ 35.62507, 0.86132 ], [ 35.6252, 0.86139 ], [ 35.62523, 0.8612 ], [ 35.62533, 0.86096 ], [ 35.62527, 0.86069 ], [ 35.62522, 0.86047 ], [ 35.62485, 0.86001 ], [ 35.62443, 0.85966 ], [ 35.62424, 0.85947 ], [ 35.62421, 0.85931 ], [ 35.62419, 0.85917 ], [ 35.62435, 0.85897 ], [ 35.62473, 0.85865 ], [ 35.62492, 0.85854 ], [ 35.62525, 0.85841 ], [ 35.62505, 0.85825 ], [ 35.62504, 0.85824 ], [ 35.62509, 0.85807 ], [ 35.62503, 0.85789 ], [ 35.62479, 0.85761 ], [ 35.62479, 0.85731 ], [ 35.62479, 0.85697 ], [ 35.62503, 0.85657 ], [ 35.62531, 0.85599 ], [ 35.62555, 0.85565 ], [ 35.62583, 0.85513 ], [ 35.62595, 0.85477 ], [ 35.62595, 0.85422 ], [ 35.62619, 0.85366 ], [ 35.62656, 0.85324 ], [ 35.62656, 0.85287 ], [ 35.62607, 0.85259 ], [ 35.62577, 0.85232 ], [ 35.62577, 0.85201 ], [ 35.62613, 0.85168 ], [ 35.62687, 0.85152 ], [ 35.62745, 0.85146 ], [ 35.62765, 0.85148 ], [ 35.62782, 0.85149 ], [ 35.62784, 0.85148 ], [ 35.62806, 0.85134 ], [ 35.62825, 0.85103 ], [ 35.62837, 0.85067 ], [ 35.62858, 0.85027 ], [ 35.62876, 0.85004 ], [ 35.62877, 0.85002 ], [ 35.62971, 0.84969 ], [ 35.63026, 0.84963 ], [ 35.63031, 0.84961 ], [ 35.63075, 0.8495 ], [ 35.63086, 0.84938 ], [ 35.63094, 0.84929 ], [ 35.63112, 0.8488 ], [ 35.63127, 0.84837 ], [ 35.63152, 0.84806 ], [ 35.63173, 0.84782 ], [ 35.6321, 0.84761 ], [ 35.63237, 0.84761 ], [ 35.63253, 0.84761 ], [ 35.6329, 0.8477 ], [ 35.63316, 0.84774 ], [ 35.63333, 0.84776 ], [ 35.63371, 0.8477 ], [ 35.63372, 0.8477 ], [ 35.63378, 0.84765 ], [ 35.63421, 0.84727 ], [ 35.63443, 0.84696 ], [ 35.63461, 0.84666 ], [ 35.63531, 0.84644 ], [ 35.63536, 0.84647 ], [ 35.63574, 0.84675 ], [ 35.63611, 0.84693 ], [ 35.63654, 0.84678 ], [ 35.63669, 0.84672 ], [ 35.63709, 0.84617 ], [ 35.6374, 0.84568 ], [ 35.6374, 0.84534 ], [ 35.63712, 0.8451 ], [ 35.63684, 0.84476 ], [ 35.63642, 0.84461 ], [ 35.63599, 0.84442 ], [ 35.63574, 0.84415 ], [ 35.63571, 0.84372 ], [ 35.63577, 0.84314 ], [ 35.6358, 0.84269 ], [ 35.6358, 0.84268 ], [ 35.63596, 0.84234 ], [ 35.63652, 0.84212 ], [ 35.63672, 0.84204 ], [ 35.63672, 0.84204 ], [ 35.63673, 0.84204 ], [ 35.63687, 0.84203 ], [ 35.63705, 0.84202 ], [ 35.63718, 0.84202 ], [ 35.63731, 0.84201 ], [ 35.63776, 0.84167 ], [ 35.6381, 0.84136 ], [ 35.63841, 0.84103 ], [ 35.63886, 0.8409 ], [ 35.63895, 0.84095 ], [ 35.63917, 0.84106 ], [ 35.63954, 0.8413 ], [ 35.63981, 0.84121 ], [ 35.63983, 0.84113 ], [ 35.63994, 0.84075 ], [ 35.63984, 0.84029 ], [ 35.64, 0.84014 ], [ 35.64052, 0.8398 ], [ 35.64085, 0.8395 ], [ 35.64122, 0.83922 ], [ 35.64163, 0.83896 ], [ 35.64164, 0.83895 ], [ 35.6418, 0.83868 ], [ 35.64203, 0.83839 ], [ 35.6422, 0.83823 ], [ 35.64236, 0.83809 ], [ 35.64268, 0.83803 ], [ 35.64289, 0.83806 ], [ 35.64315, 0.83809 ], [ 35.64334, 0.83822 ], [ 35.64347, 0.83835 ], [ 35.64361, 0.8385 ], [ 35.64376, 0.83866 ], [ 35.64379, 0.83873 ], [ 35.64381, 0.83876 ], [ 35.64395, 0.83878 ], [ 35.64405, 0.83865 ], [ 35.6442, 0.83845 ], [ 35.64434, 0.83832 ], [ 35.64433, 0.83819 ], [ 35.64432, 0.83806 ], [ 35.64419, 0.83796 ], [ 35.64401, 0.8379 ], [ 35.64393, 0.83778 ], [ 35.64388, 0.83761 ], [ 35.64376, 0.8374 ], [ 35.64365, 0.83733 ], [ 35.64354, 0.83726 ], [ 35.6433, 0.83722 ], [ 35.64323, 0.83714 ], [ 35.64315, 0.83707 ], [ 35.64316, 0.83694 ], [ 35.64316, 0.83681 ], [ 35.6432, 0.8367 ], [ 35.64331, 0.83658 ], [ 35.64332, 0.83649 ], [ 35.64334, 0.83633 ], [ 35.64319, 0.83622 ], [ 35.64294, 0.83604 ], [ 35.64263, 0.83583 ], [ 35.64238, 0.83561 ], [ 35.6422, 0.83542 ], [ 35.642, 0.83535 ], [ 35.64176, 0.83535 ], [ 35.64151, 0.83534 ], [ 35.64129, 0.83502 ], [ 35.64122, 0.83472 ], [ 35.64121, 0.83449 ], [ 35.6412, 0.83435 ], [ 35.641, 0.8342 ], [ 35.6408, 0.83417 ], [ 35.64057, 0.83412 ], [ 35.64042, 0.83394 ], [ 35.64036, 0.8338 ], [ 35.6403, 0.83366 ], [ 35.64014, 0.83347 ], [ 35.64005, 0.83334 ], [ 35.63988, 0.83334 ], [ 35.63974, 0.8334 ], [ 35.63963, 0.83348 ], [ 35.63944, 0.83361 ], [ 35.63932, 0.83359 ], [ 35.63903, 0.83354 ], [ 35.63889, 0.8335 ], [ 35.63865, 0.83342 ], [ 35.63835, 0.83349 ], [ 35.63829, 0.83361 ], [ 35.63825, 0.83369 ], [ 35.63786, 0.83391 ], [ 35.63777, 0.83392 ], [ 35.63758, 0.83396 ], [ 35.63744, 0.83395 ], [ 35.63727, 0.83389 ], [ 35.63718, 0.8338 ], [ 35.63715, 0.83369 ], [ 35.63716, 0.83356 ], [ 35.63726, 0.8334 ], [ 35.63729, 0.83322 ], [ 35.63729, 0.83322 ], [ 35.63729, 0.83322 ], [ 35.63729, 0.83321 ], [ 35.63732, 0.83299 ], [ 35.63731, 0.83278 ], [ 35.63736, 0.83257 ], [ 35.63745, 0.83249 ], [ 35.63757, 0.83246 ], [ 35.63774, 0.83241 ], [ 35.63794, 0.83249 ], [ 35.63811, 0.83265 ], [ 35.63828, 0.83281 ], [ 35.63841, 0.83291 ], [ 35.63843, 0.83291 ], [ 35.63857, 0.83301 ], [ 35.63878, 0.83299 ], [ 35.63903, 0.83297 ], [ 35.63923, 0.83284 ], [ 35.63935, 0.83276 ], [ 35.63942, 0.83271 ], [ 35.63962, 0.83272 ], [ 35.63992, 0.83274 ], [ 35.64008, 0.83271 ], [ 35.64009, 0.83271 ], [ 35.64029, 0.83267 ], [ 35.64038, 0.83259 ], [ 35.64046, 0.83244 ], [ 35.64041, 0.8324 ], [ 35.64032, 0.83231 ], [ 35.64022, 0.83221 ], [ 35.64014, 0.83214 ], [ 35.64007, 0.83206 ], [ 35.64002, 0.83194 ], [ 35.63998, 0.83186 ], [ 35.63994, 0.83177 ], [ 35.63988, 0.83163 ], [ 35.63993, 0.83146 ], [ 35.63997, 0.8313 ], [ 35.64004, 0.83116 ], [ 35.64017, 0.83093 ], [ 35.64012, 0.83073 ], [ 35.64, 0.83061 ], [ 35.63981, 0.83052 ], [ 35.63947, 0.83051 ], [ 35.63915, 0.83054 ], [ 35.63904, 0.83046 ], [ 35.63901, 0.83038 ], [ 35.63897, 0.83028 ], [ 35.63899, 0.83014 ], [ 35.63904, 0.83002 ], [ 35.63913, 0.82982 ], [ 35.63925, 0.82971 ], [ 35.63925, 0.82945 ], [ 35.63925, 0.82908 ], [ 35.63917, 0.82894 ], [ 35.63916, 0.82889 ], [ 35.63918, 0.82886 ], [ 35.63954, 0.82876 ], [ 35.63955, 0.82875 ], [ 35.63975, 0.82863 ], [ 35.63994, 0.82859 ], [ 35.64, 0.82854 ], [ 35.64003, 0.82842 ], [ 35.63986, 0.82822 ], [ 35.63964, 0.82812 ], [ 35.63957, 0.82804 ], [ 35.63956, 0.8279 ], [ 35.63959, 0.82786 ], [ 35.63965, 0.8278 ], [ 35.63977, 0.82772 ], [ 35.63991, 0.82768 ], [ 35.63999, 0.82766 ], [ 35.64017, 0.82761 ], [ 35.6402, 0.82746 ], [ 35.6403, 0.82726 ], [ 35.6405, 0.82688 ], [ 35.64058, 0.82654 ], [ 35.64036, 0.82621 ], [ 35.64002, 0.82613 ], [ 35.63961, 0.82614 ], [ 35.63944, 0.82612 ], [ 35.63928, 0.82597 ], [ 35.63926, 0.82593 ], [ 35.63924, 0.82584 ], [ 35.63924, 0.82562 ], [ 35.63935, 0.82551 ], [ 35.6394, 0.8255 ], [ 35.63959, 0.82544 ], [ 35.63969, 0.82539 ], [ 35.63981, 0.82517 ], [ 35.63993, 0.82495 ], [ 35.63993, 0.82473 ], [ 35.6399, 0.82451 ], [ 35.63972, 0.82435 ], [ 35.63944, 0.82432 ], [ 35.63918, 0.82436 ], [ 35.63883, 0.82452 ], [ 35.63867, 0.82456 ], [ 35.63856, 0.82456 ], [ 35.6383, 0.82445 ], [ 35.63804, 0.82442 ], [ 35.63804, 0.82444 ], [ 35.63803, 0.82449 ], [ 35.63802, 0.82463 ], [ 35.6381, 0.82472 ], [ 35.63819, 0.82481 ], [ 35.63825, 0.82486 ], [ 35.63832, 0.82505 ], [ 35.63825, 0.82506 ], [ 35.6381, 0.82519 ], [ 35.638, 0.82515 ], [ 35.63796, 0.82513 ], [ 35.63783, 0.82508 ], [ 35.63776, 0.82501 ], [ 35.63767, 0.82492 ], [ 35.63758, 0.82484 ], [ 35.63743, 0.82478 ], [ 35.63735, 0.82464 ], [ 35.6373, 0.82456 ], [ 35.63726, 0.82423 ], [ 35.63721, 0.82408 ], [ 35.63714, 0.82387 ], [ 35.63715, 0.82374 ], [ 35.63717, 0.82343 ], [ 35.63731, 0.82328 ], [ 35.63735, 0.82324 ], [ 35.63756, 0.82307 ], [ 35.63773, 0.82313 ], [ 35.63788, 0.82318 ], [ 35.63825, 0.82331 ], [ 35.63838, 0.82331 ], [ 35.6384, 0.82331 ], [ 35.63865, 0.82325 ], [ 35.63891, 0.82319 ], [ 35.63907, 0.82307 ], [ 35.63942, 0.82288 ], [ 35.6395, 0.82286 ], [ 35.63984, 0.82277 ], [ 35.64012, 0.82262 ], [ 35.64028, 0.82254 ], [ 35.64045, 0.82228 ], [ 35.64052, 0.82219 ], [ 35.64072, 0.8221 ], [ 35.6408, 0.82195 ], [ 35.64097, 0.82177 ], [ 35.64124, 0.82155 ], [ 35.64147, 0.82137 ], [ 35.64212, 0.82118 ], [ 35.64233, 0.82105 ], [ 35.64255, 0.82088 ], [ 35.64268, 0.8208 ], [ 35.64281, 0.82072 ], [ 35.64296, 0.82064 ], [ 35.64312, 0.82058 ], [ 35.64328, 0.82056 ], [ 35.64329, 0.82054 ], [ 35.64335, 0.82047 ], [ 35.6434, 0.82045 ], [ 35.6435, 0.8204 ], [ 35.64364, 0.82032 ], [ 35.64371, 0.82022 ], [ 35.64372, 0.82 ], [ 35.64371, 0.81987 ], [ 35.64355, 0.81958 ], [ 35.64353, 0.81947 ], [ 35.6436, 0.81933 ], [ 35.64369, 0.81913 ], [ 35.64368, 0.81899 ], [ 35.64367, 0.8189 ], [ 35.6434, 0.81881 ], [ 35.64327, 0.8188 ], [ 35.64318, 0.81875 ], [ 35.64315, 0.81866 ], [ 35.64319, 0.81845 ], [ 35.64328, 0.81822 ], [ 35.64337, 0.81814 ], [ 35.64337, 0.81804 ], [ 35.64328, 0.8179 ], [ 35.6432, 0.81776 ], [ 35.64307, 0.81768 ], [ 35.64304, 0.81757 ], [ 35.643, 0.81748 ], [ 35.64304, 0.81735 ], [ 35.64307, 0.81722 ], [ 35.64296, 0.81704 ], [ 35.6429, 0.8169 ], [ 35.6429, 0.81655 ], [ 35.64296, 0.81632 ], [ 35.64301, 0.81614 ], [ 35.64317, 0.81606 ], [ 35.64326, 0.81599 ], [ 35.64331, 0.81589 ], [ 35.64336, 0.81577 ], [ 35.64336, 0.81558 ], [ 35.6433, 0.8154 ], [ 35.64316, 0.81517 ], [ 35.64304, 0.81495 ], [ 35.64301, 0.81474 ], [ 35.64299, 0.81455 ], [ 35.64296, 0.8143 ], [ 35.64292, 0.81403 ], [ 35.64275, 0.8139 ], [ 35.64255, 0.81376 ], [ 35.64209, 0.81342 ], [ 35.64118, 0.81275 ], [ 35.64081, 0.81248 ], [ 35.64046, 0.81245 ], [ 35.64032, 0.81251 ], [ 35.6401, 0.81255 ], [ 35.63997, 0.81243 ], [ 35.63993, 0.81229 ], [ 35.63997, 0.81209 ], [ 35.64006, 0.81187 ], [ 35.63992, 0.81171 ], [ 35.63982, 0.81163 ], [ 35.63968, 0.81162 ], [ 35.63961, 0.81162 ], [ 35.63957, 0.81162 ], [ 35.63952, 0.81162 ], [ 35.63939, 0.81171 ], [ 35.63927, 0.8118 ], [ 35.6391, 0.81184 ], [ 35.63899, 0.81181 ], [ 35.63886, 0.81169 ], [ 35.63876, 0.81145 ], [ 35.63866, 0.81123 ], [ 35.63861, 0.81111 ], [ 35.63859, 0.81106 ], [ 35.63858, 0.81103 ], [ 35.63852, 0.8109 ], [ 35.6384, 0.81076 ], [ 35.63824, 0.81058 ], [ 35.63804, 0.81049 ], [ 35.63792, 0.81035 ], [ 35.63783, 0.81024 ], [ 35.6377, 0.81008 ], [ 35.63763, 0.81 ], [ 35.63753, 0.80989 ], [ 35.63744, 0.80977 ], [ 35.63728, 0.80958 ], [ 35.63724, 0.80945 ], [ 35.63726, 0.80935 ], [ 35.63728, 0.8093 ], [ 35.63736, 0.80922 ], [ 35.63756, 0.80928 ], [ 35.63768, 0.80928 ], [ 35.63771, 0.80928 ], [ 35.63779, 0.80928 ], [ 35.63792, 0.80923 ], [ 35.63798, 0.80912 ], [ 35.63796, 0.80891 ], [ 35.63795, 0.80874 ], [ 35.63788, 0.80862 ], [ 35.63772, 0.80854 ], [ 35.63756, 0.80845 ], [ 35.6374, 0.80847 ], [ 35.6371, 0.8085 ], [ 35.63689, 0.8085 ], [ 35.63672, 0.8085 ], [ 35.63658, 0.8084 ], [ 35.63654, 0.80818 ], [ 35.63652, 0.80804 ], [ 35.63637, 0.80792 ], [ 35.63623, 0.80781 ], [ 35.63616, 0.80782 ], [ 35.63602, 0.80784 ], [ 35.63588, 0.80778 ], [ 35.63579, 0.80771 ], [ 35.63571, 0.80765 ], [ 35.63548, 0.80767 ], [ 35.63547, 0.80771 ], [ 35.63543, 0.80779 ], [ 35.63529, 0.8079 ], [ 35.63518, 0.80799 ], [ 35.635, 0.80797 ], [ 35.63494, 0.80796 ], [ 35.63483, 0.80792 ], [ 35.63476, 0.80779 ], [ 35.63469, 0.80765 ], [ 35.6347, 0.80756 ], [ 35.63471, 0.80735 ], [ 35.63484, 0.80717 ], [ 35.63499, 0.80703 ], [ 35.63533, 0.80672 ], [ 35.63538, 0.80663 ], [ 35.63557, 0.80653 ], [ 35.63567, 0.80642 ], [ 35.63587, 0.80646 ], [ 35.63604, 0.80648 ], [ 35.63612, 0.8065 ], [ 35.63628, 0.80645 ], [ 35.63637, 0.80637 ], [ 35.63645, 0.80624 ], [ 35.63656, 0.80607 ], [ 35.6366, 0.80586 ], [ 35.63665, 0.80552 ], [ 35.63667, 0.80533 ], [ 35.6366, 0.80523 ], [ 35.63651, 0.80509 ], [ 35.63638, 0.80496 ], [ 35.63622, 0.80492 ], [ 35.63609, 0.80492 ], [ 35.63588, 0.80499 ], [ 35.63579, 0.80499 ], [ 35.63566, 0.8049 ], [ 35.63554, 0.80475 ], [ 35.6354, 0.8046 ], [ 35.63524, 0.80441 ], [ 35.63524, 0.80432 ], [ 35.63523, 0.80414 ], [ 35.63524, 0.80408 ], [ 35.63526, 0.804 ], [ 35.63539, 0.80391 ], [ 35.63548, 0.80385 ], [ 35.63562, 0.80376 ], [ 35.63569, 0.80365 ], [ 35.6358, 0.80349 ], [ 35.63588, 0.80329 ], [ 35.63599, 0.80323 ], [ 35.63601, 0.80322 ], [ 35.63614, 0.80307 ], [ 35.63615, 0.80294 ], [ 35.63603, 0.8028 ], [ 35.63586, 0.80279 ], [ 35.63567, 0.80278 ], [ 35.63558, 0.80265 ], [ 35.6355, 0.80253 ], [ 35.63542, 0.80242 ], [ 35.63531, 0.8024 ], [ 35.6352, 0.80242 ], [ 35.63513, 0.8025 ], [ 35.63516, 0.80263 ], [ 35.63516, 0.80264 ], [ 35.63512, 0.80285 ], [ 35.63507, 0.8031 ], [ 35.63505, 0.80338 ], [ 35.63495, 0.80356 ], [ 35.63491, 0.80372 ], [ 35.63489, 0.80398 ], [ 35.63487, 0.80425 ], [ 35.63475, 0.80443 ], [ 35.63461, 0.80444 ], [ 35.63458, 0.80444 ], [ 35.63431, 0.80444 ], [ 35.63407, 0.8045 ], [ 35.63376, 0.80419 ], [ 35.63365, 0.80368 ], [ 35.6337, 0.80321 ], [ 35.63374, 0.80284 ], [ 35.63372, 0.80256 ], [ 35.63355, 0.80229 ], [ 35.63351, 0.8019 ], [ 35.63365, 0.80164 ], [ 35.63386, 0.80158 ], [ 35.63396, 0.80155 ], [ 35.63427, 0.80153 ], [ 35.63446, 0.80151 ], [ 35.63459, 0.80149 ], [ 35.63472, 0.80129 ], [ 35.63472, 0.80098 ], [ 35.63472, 0.80057 ], [ 35.63468, 0.80025 ], [ 35.63463, 0.80007 ], [ 35.63455, 0.79982 ], [ 35.63453, 0.79968 ], [ 35.63453, 0.79941 ], [ 35.63459, 0.79925 ], [ 35.6347, 0.79925 ], [ 35.63482, 0.79925 ], [ 35.63508, 0.79947 ], [ 35.63513, 0.7997 ], [ 35.63521, 0.79976 ], [ 35.63532, 0.7997 ], [ 35.6356, 0.79957 ], [ 35.63568, 0.79923 ], [ 35.63566, 0.79892 ], [ 35.63537, 0.79859 ], [ 35.63506, 0.79851 ], [ 35.63478, 0.79833 ], [ 35.63474, 0.79806 ], [ 35.63476, 0.79767 ], [ 35.63513, 0.79739 ], [ 35.63529, 0.79738 ], [ 35.63551, 0.79737 ], [ 35.63568, 0.79763 ], [ 35.63566, 0.79804 ], [ 35.6357, 0.79831 ], [ 35.63598, 0.79833 ], [ 35.63606, 0.79831 ], [ 35.63623, 0.79829 ], [ 35.63643, 0.79816 ], [ 35.63653, 0.79788 ], [ 35.63653, 0.79763 ], [ 35.63645, 0.79735 ], [ 35.63615, 0.79722 ], [ 35.63582, 0.79692 ], [ 35.63557, 0.79641 ], [ 35.6357, 0.79588 ], [ 35.63574, 0.79569 ], [ 35.63585, 0.79564 ], [ 35.63587, 0.79558 ], [ 35.63602, 0.79538 ], [ 35.63599, 0.79533 ], [ 35.63604, 0.79538 ], [ 35.63608, 0.79537 ], [ 35.63625, 0.79529 ], [ 35.63658, 0.79531 ], [ 35.63674, 0.79543 ], [ 35.63691, 0.79556 ], [ 35.637, 0.7957 ], [ 35.63707, 0.79583 ], [ 35.63726, 0.79598 ], [ 35.63732, 0.79603 ], [ 35.63736, 0.79606 ], [ 35.63754, 0.79599 ], [ 35.63762, 0.79591 ], [ 35.6377, 0.79583 ], [ 35.63774, 0.79572 ], [ 35.63777, 0.79559 ], [ 35.63774, 0.79547 ], [ 35.63778, 0.79535 ], [ 35.63774, 0.79517 ], [ 35.63747, 0.79517 ], [ 35.63717, 0.79517 ], [ 35.63698, 0.79517 ], [ 35.63679, 0.79503 ], [ 35.63666, 0.79487 ], [ 35.63656, 0.79475 ], [ 35.63652, 0.79457 ], [ 35.63638, 0.79439 ], [ 35.63626, 0.79452 ], [ 35.63613, 0.79452 ], [ 35.63601, 0.79452 ], [ 35.63598, 0.79448 ], [ 35.63596, 0.79445 ], [ 35.63594, 0.7944 ], [ 35.63589, 0.79432 ], [ 35.63585, 0.7942 ], [ 35.63583, 0.79414 ], [ 35.63568, 0.79366 ], [ 35.63562, 0.79314 ], [ 35.63549, 0.79275 ], [ 35.63534, 0.79225 ], [ 35.6352, 0.79183 ], [ 35.63502, 0.79145 ], [ 35.63487, 0.79112 ], [ 35.63485, 0.79086 ], [ 35.63483, 0.79063 ], [ 35.63486, 0.79042 ], [ 35.63493, 0.7902 ], [ 35.63523, 0.78996 ], [ 35.63546, 0.78984 ], [ 35.63565, 0.7897 ], [ 35.63568, 0.78969 ], [ 35.63606, 0.78982 ], [ 35.63621, 0.79006 ], [ 35.63595, 0.79039 ], [ 35.63592, 0.79039 ], [ 35.63579, 0.79048 ], [ 35.63579, 0.79055 ], [ 35.63578, 0.79063 ], [ 35.636, 0.79072 ], [ 35.63622, 0.79074 ], [ 35.63625, 0.79074 ], [ 35.63642, 0.79076 ], [ 35.63651, 0.79066 ], [ 35.63668, 0.79047 ], [ 35.63679, 0.79034 ], [ 35.63684, 0.79029 ], [ 35.63691, 0.79021 ], [ 35.63702, 0.79009 ], [ 35.63713, 0.79003 ], [ 35.63737, 0.79004 ], [ 35.63747, 0.79005 ], [ 35.63755, 0.79006 ], [ 35.63769, 0.79001 ], [ 35.6378, 0.78998 ], [ 35.63791, 0.78988 ], [ 35.63791, 0.78969 ], [ 35.63793, 0.78956 ], [ 35.63793, 0.7894 ], [ 35.63792, 0.78926 ], [ 35.63791, 0.78912 ], [ 35.63796, 0.78896 ], [ 35.63796, 0.78894 ], [ 35.63802, 0.78882 ], [ 35.6382, 0.78863 ], [ 35.63825, 0.7886 ], [ 35.63836, 0.78853 ], [ 35.63846, 0.78847 ], [ 35.63849, 0.7883 ], [ 35.63844, 0.78814 ], [ 35.63826, 0.78804 ], [ 35.63805, 0.78799 ], [ 35.63779, 0.78799 ], [ 35.63763, 0.78793 ], [ 35.63753, 0.78784 ], [ 35.6375, 0.78769 ], [ 35.6375, 0.78758 ], [ 35.6375, 0.7874 ], [ 35.6375, 0.78725 ], [ 35.6375, 0.78725 ], [ 35.63704, 0.78728 ], [ 35.63698, 0.78707 ], [ 35.63702, 0.78679 ], [ 35.6372, 0.78658 ], [ 35.63731, 0.78645 ], [ 35.63759, 0.78634 ], [ 35.63792, 0.78644 ], [ 35.63832, 0.78641 ], [ 35.63845, 0.7862 ], [ 35.63852, 0.78608 ], [ 35.63842, 0.78581 ], [ 35.63799, 0.78561 ], [ 35.63796, 0.78528 ], [ 35.63769, 0.78511 ], [ 35.63699, 0.78521 ], [ 35.63666, 0.78521 ], [ 35.63629, 0.78521 ], [ 35.63559, 0.78524 ], [ 35.63532, 0.78524 ], [ 35.63493, 0.78524 ], [ 35.63476, 0.78521 ], [ 35.63479, 0.78491 ], [ 35.63491, 0.78479 ], [ 35.63492, 0.78479 ], [ 35.63496, 0.78475 ], [ 35.63532, 0.78455 ], [ 35.63549, 0.78425 ], [ 35.63566, 0.78391 ], [ 35.63576, 0.78358 ], [ 35.63552, 0.78331 ], [ 35.63536, 0.78331 ], [ 35.63526, 0.78331 ], [ 35.63509, 0.78348 ], [ 35.63496, 0.78381 ], [ 35.63481, 0.784 ], [ 35.63473, 0.78411 ], [ 35.63453, 0.78398 ], [ 35.63446, 0.78381 ], [ 35.63446, 0.78341 ], [ 35.63449, 0.78315 ], [ 35.63444, 0.78303 ], [ 35.63439, 0.78291 ], [ 35.63419, 0.78275 ], [ 35.63419, 0.78245 ], [ 35.63429, 0.78225 ], [ 35.63453, 0.78227 ], [ 35.63466, 0.78228 ], [ 35.63489, 0.78228 ], [ 35.63542, 0.78221 ], [ 35.63548, 0.78213 ], [ 35.63559, 0.78195 ], [ 35.63562, 0.78161 ], [ 35.63579, 0.78132 ], [ 35.63582, 0.78125 ], [ 35.63584, 0.78119 ], [ 35.63592, 0.78088 ], [ 35.63589, 0.78052 ], [ 35.63566, 0.78025 ], [ 35.63549, 0.78002 ], [ 35.63548, 0.7799 ], [ 35.63546, 0.77972 ], [ 35.63562, 0.77965 ], [ 35.63586, 0.77955 ], [ 35.63612, 0.77955 ], [ 35.63614, 0.77948 ], [ 35.63622, 0.77912 ], [ 35.63606, 0.77885 ], [ 35.63566, 0.77862 ], [ 35.63536, 0.77862 ], [ 35.63516, 0.77862 ], [ 35.63513, 0.77818 ], [ 35.63513, 0.77788 ], [ 35.63503, 0.77752 ], [ 35.63469, 0.77725 ], [ 35.63429, 0.77692 ], [ 35.63423, 0.77662 ], [ 35.63426, 0.77639 ], [ 35.63456, 0.7763 ], [ 35.63463, 0.77629 ], [ 35.63493, 0.77626 ], [ 35.63499, 0.77625 ], [ 35.63529, 0.77602 ], [ 35.63539, 0.77562 ], [ 35.63529, 0.77519 ], [ 35.63513, 0.77485 ], [ 35.63506, 0.77442 ], [ 35.63486, 0.77402 ], [ 35.63449, 0.77385 ], [ 35.63416, 0.77369 ], [ 35.63416, 0.77325 ], [ 35.63416, 0.77289 ], [ 35.63406, 0.77249 ], [ 35.63383, 0.77229 ], [ 35.63375, 0.77231 ], [ 35.63343, 0.77242 ], [ 35.63325, 0.77263 ], [ 35.63319, 0.77269 ], [ 35.63299, 0.77269 ], [ 35.63283, 0.77229 ], [ 35.63283, 0.77189 ], [ 35.63289, 0.77132 ], [ 35.63283, 0.77106 ], [ 35.63263, 0.77106 ], [ 35.63254, 0.77122 ], [ 35.63246, 0.77139 ], [ 35.63226, 0.77169 ], [ 35.63203, 0.77192 ], [ 35.63203, 0.77192 ], [ 35.63179, 0.77189 ], [ 35.63159, 0.77159 ], [ 35.63156, 0.77132 ], [ 35.63156, 0.77076 ], [ 35.63173, 0.77056 ], [ 35.63193, 0.77012 ], [ 35.63229, 0.77006 ], [ 35.63263, 0.76986 ], [ 35.63283, 0.76966 ], [ 35.63245, 0.76944 ], [ 35.63229, 0.76925 ], [ 35.63218, 0.76913 ], [ 35.63227, 0.76868 ], [ 35.63236, 0.76859 ], [ 35.63268, 0.76828 ], [ 35.63266, 0.76823 ], [ 35.63254, 0.76778 ], [ 35.63234, 0.76763 ], [ 35.63208, 0.76743 ], [ 35.632, 0.76736 ], [ 35.63174, 0.76716 ], [ 35.63129, 0.76711 ], [ 35.63084, 0.76711 ], [ 35.63063, 0.76704 ], [ 35.6303, 0.76693 ], [ 35.63012, 0.76665 ], [ 35.63009, 0.76658 ], [ 35.63008, 0.76657 ], [ 35.63003, 0.76626 ], [ 35.63031, 0.76575 ], [ 35.63035, 0.76568 ], [ 35.63058, 0.76529 ], [ 35.63062, 0.76523 ], [ 35.63048, 0.76474 ], [ 35.63024, 0.76465 ], [ 35.62985, 0.76451 ], [ 35.62972, 0.76384 ], [ 35.62972, 0.76321 ], [ 35.6299, 0.76281 ], [ 35.6299, 0.76236 ], [ 35.62954, 0.76241 ], [ 35.62939, 0.7625 ], [ 35.62918, 0.76263 ], [ 35.62905, 0.76263 ], [ 35.62864, 0.76263 ], [ 35.62842, 0.762 ], [ 35.62881, 0.76165 ], [ 35.62889, 0.76158 ], [ 35.62891, 0.76156 ], [ 35.62909, 0.76115 ], [ 35.629, 0.7608 ], [ 35.62864, 0.76071 ], [ 35.62846, 0.7606 ], [ 35.62824, 0.76048 ], [ 35.62799, 0.7604 ], [ 35.62784, 0.76035 ], [ 35.62766, 0.75994 ], [ 35.62793, 0.7597 ], [ 35.62804, 0.7596 ], [ 35.62811, 0.75954 ], [ 35.62821, 0.75961 ], [ 35.6286, 0.7599 ], [ 35.62882, 0.75988 ], [ 35.62909, 0.75985 ], [ 35.62953, 0.7596 ], [ 35.62963, 0.75954 ], [ 35.6299, 0.75936 ], [ 35.62987, 0.75917 ], [ 35.62985, 0.75905 ], [ 35.62936, 0.759 ], [ 35.62909, 0.75887 ], [ 35.6286, 0.75891 ], [ 35.62851, 0.75847 ], [ 35.62887, 0.75806 ], [ 35.62909, 0.75788 ], [ 35.62908, 0.75748 ], [ 35.62908, 0.7572 ], [ 35.62903, 0.75704 ], [ 35.62902, 0.75699 ], [ 35.62873, 0.75697 ], [ 35.62857, 0.75722 ], [ 35.62833, 0.75736 ], [ 35.62822, 0.75735 ], [ 35.6279, 0.7573 ], [ 35.62761, 0.75708 ], [ 35.62763, 0.75669 ], [ 35.62792, 0.75656 ], [ 35.62829, 0.75638 ], [ 35.62847, 0.7563 ], [ 35.62849, 0.75624 ], [ 35.62853, 0.75609 ], [ 35.62841, 0.75587 ], [ 35.62808, 0.75568 ], [ 35.62771, 0.75564 ], [ 35.62738, 0.75564 ], [ 35.62714, 0.7555 ], [ 35.6271, 0.75533 ], [ 35.62706, 0.75511 ], [ 35.6271, 0.7548 ], [ 35.62704, 0.75427 ], [ 35.62679, 0.75392 ], [ 35.62661, 0.75347 ], [ 35.62638, 0.75329 ], [ 35.6262, 0.75294 ], [ 35.62628, 0.75253 ], [ 35.62653, 0.75234 ], [ 35.62671, 0.75219 ], [ 35.62675, 0.75216 ], [ 35.62691, 0.75212 ], [ 35.62706, 0.75192 ], [ 35.62702, 0.75177 ], [ 35.62681, 0.75143 ], [ 35.62652, 0.7513 ], [ 35.62624, 0.7512 ], [ 35.62597, 0.75092 ], [ 35.62597, 0.75051 ], [ 35.62614, 0.7502 ], [ 35.62648, 0.74997 ], [ 35.62661, 0.74956 ], [ 35.62661, 0.74921 ], [ 35.62653, 0.74895 ], [ 35.62632, 0.74877 ], [ 35.62621, 0.74837 ], [ 35.62626, 0.74808 ], [ 35.62655, 0.74792 ], [ 35.62679, 0.74766 ], [ 35.627, 0.74729 ], [ 35.62708, 0.74711 ], [ 35.62711, 0.74705 ], [ 35.62711, 0.74676 ], [ 35.62697, 0.74639 ], [ 35.62687, 0.74602 ], [ 35.62685, 0.74594 ], [ 35.62689, 0.74594 ], [ 35.62691, 0.74594 ], [ 35.62689, 0.74594 ], [ 35.62691, 0.7459 ], [ 35.62699, 0.74566 ], [ 35.62699, 0.74565 ], [ 35.62699, 0.74564 ], [ 35.6275, 0.74542 ], [ 35.62747, 0.74526 ], [ 35.62745, 0.74514 ], [ 35.62722, 0.74502 ], [ 35.62694, 0.74499 ], [ 35.62671, 0.74474 ], [ 35.62652, 0.74449 ], [ 35.62635, 0.74446 ], [ 35.62622, 0.7446 ], [ 35.6261, 0.74478 ], [ 35.6259, 0.74487 ], [ 35.62583, 0.74482 ], [ 35.62573, 0.74475 ], [ 35.62569, 0.74446 ], [ 35.62588, 0.74403 ], [ 35.62615, 0.74379 ], [ 35.62642, 0.74388 ], [ 35.6266, 0.74395 ], [ 35.62681, 0.74392 ], [ 35.62682, 0.74371 ], [ 35.62672, 0.74343 ], [ 35.62622, 0.74239 ], [ 35.62615, 0.74227 ], [ 35.62582, 0.74177 ], [ 35.6257, 0.74158 ], [ 35.62547, 0.74119 ], [ 35.62552, 0.7409 ], [ 35.62543, 0.74058 ], [ 35.6254, 0.74052 ], [ 35.62533, 0.74041 ], [ 35.62518, 0.74042 ], [ 35.62506, 0.74057 ], [ 35.62501, 0.7409 ], [ 35.62502, 0.74117 ], [ 35.62479, 0.74142 ], [ 35.62471, 0.74141 ], [ 35.62458, 0.7414 ], [ 35.62458, 0.74099 ], [ 35.6246, 0.74072 ], [ 35.62457, 0.74062 ], [ 35.62452, 0.74045 ], [ 35.62352, 0.73937 ], [ 35.62325, 0.73922 ], [ 35.62301, 0.73909 ], [ 35.62298, 0.73902 ], [ 35.62288, 0.73879 ], [ 35.62299, 0.7385 ], [ 35.62333, 0.73849 ], [ 35.6234, 0.7383 ], [ 35.6233, 0.73796 ], [ 35.62328, 0.73793 ], [ 35.62311, 0.73767 ], [ 35.62284, 0.73753 ], [ 35.62267, 0.73769 ], [ 35.62255, 0.73792 ], [ 35.6224, 0.73824 ], [ 35.6222, 0.73855 ], [ 35.62192, 0.73861 ], [ 35.62172, 0.7383 ], [ 35.6215, 0.73765 ], [ 35.62116, 0.73682 ], [ 35.6209, 0.73609 ], [ 35.62086, 0.73558 ], [ 35.62084, 0.73538 ], [ 35.62086, 0.73447 ], [ 35.62089, 0.7335 ], [ 35.62094, 0.733 ], [ 35.62107, 0.7327 ], [ 35.62129, 0.73254 ], [ 35.62157, 0.73256 ], [ 35.62162, 0.73257 ], [ 35.62185, 0.73259 ], [ 35.62208, 0.7327 ], [ 35.62232, 0.73275 ], [ 35.62249, 0.73274 ], [ 35.62262, 0.73273 ], [ 35.62287, 0.73252 ], [ 35.6231, 0.73238 ], [ 35.62344, 0.73248 ], [ 35.62374, 0.73273 ], [ 35.62409, 0.7327 ], [ 35.62443, 0.73263 ], [ 35.62485, 0.73241 ], [ 35.62515, 0.73202 ], [ 35.62521, 0.7318 ], [ 35.62522, 0.73176 ], [ 35.6251, 0.73149 ], [ 35.62484, 0.73137 ], [ 35.6246, 0.73135 ], [ 35.6244, 0.73124 ], [ 35.62424, 0.73102 ], [ 35.62404, 0.7309 ], [ 35.62365, 0.73092 ], [ 35.62349, 0.73091 ], [ 35.62335, 0.7309 ], [ 35.62333, 0.73053 ], [ 35.62352, 0.73016 ], [ 35.62364, 0.7297 ], [ 35.62376, 0.72925 ], [ 35.62376, 0.72917 ], [ 35.62375, 0.72869 ], [ 35.62366, 0.72847 ], [ 35.62362, 0.72835 ], [ 35.6234, 0.72794 ], [ 35.62336, 0.72785 ], [ 35.62331, 0.72771 ], [ 35.62331, 0.72741 ], [ 35.62343, 0.72706 ], [ 35.62354, 0.72691 ], [ 35.62362, 0.72681 ], [ 35.62364, 0.72678 ], [ 35.62378, 0.72661 ], [ 35.62401, 0.72662 ], [ 35.62414, 0.72668 ], [ 35.62436, 0.72663 ], [ 35.62448, 0.72628 ], [ 35.62454, 0.7261 ], [ 35.62455, 0.72607 ], [ 35.62468, 0.72589 ], [ 35.62492, 0.72586 ], [ 35.62526, 0.72602 ], [ 35.62542, 0.72628 ], [ 35.62568, 0.72647 ], [ 35.626, 0.72668 ], [ 35.62647, 0.72668 ], [ 35.62674, 0.72668 ], [ 35.62703, 0.72668 ], [ 35.62732, 0.72663 ], [ 35.62761, 0.72652 ], [ 35.62784, 0.72639 ], [ 35.62795, 0.72618 ], [ 35.62787, 0.72597 ], [ 35.62786, 0.72597 ], [ 35.62785, 0.72584 ], [ 35.62768, 0.72575 ], [ 35.6274, 0.72584 ], [ 35.62706, 0.72587 ], [ 35.62688, 0.72577 ], [ 35.62686, 0.72572 ], [ 35.62679, 0.7256 ], [ 35.6269, 0.7254 ], [ 35.62723, 0.72517 ], [ 35.62762, 0.72476 ], [ 35.62817, 0.72455 ], [ 35.62896, 0.72433 ], [ 35.62926, 0.7239 ], [ 35.62953, 0.72354 ], [ 35.6296, 0.72345 ], [ 35.62958, 0.72307 ], [ 35.62948, 0.72284 ], [ 35.6293, 0.72268 ], [ 35.62911, 0.72259 ], [ 35.62877, 0.72246 ], [ 35.62844, 0.72228 ], [ 35.62824, 0.72225 ], [ 35.62804, 0.72229 ], [ 35.62779, 0.72244 ], [ 35.62773, 0.72274 ], [ 35.62773, 0.72301 ], [ 35.62765, 0.72324 ], [ 35.62744, 0.7233 ], [ 35.62717, 0.72319 ], [ 35.62696, 0.72302 ], [ 35.62678, 0.72279 ], [ 35.62656, 0.72274 ], [ 35.62626, 0.72298 ], [ 35.62602, 0.723 ], [ 35.62595, 0.72287 ], [ 35.62591, 0.72279 ], [ 35.62586, 0.7225 ], [ 35.62601, 0.72218 ], [ 35.62662, 0.72173 ], [ 35.62719, 0.72153 ], [ 35.62773, 0.72169 ], [ 35.62791, 0.72178 ], [ 35.62813, 0.72168 ], [ 35.62831, 0.72142 ], [ 35.62863, 0.72137 ], [ 35.62885, 0.72138 ], [ 35.62902, 0.72125 ], [ 35.62901, 0.72119 ], [ 35.62901, 0.72104 ], [ 35.62887, 0.72088 ], [ 35.62863, 0.72084 ], [ 35.62856, 0.72083 ], [ 35.62852, 0.7206 ], [ 35.62863, 0.72035 ], [ 35.62887, 0.72021 ], [ 35.62905, 0.71999 ], [ 35.62914, 0.7197 ], [ 35.62921, 0.71952 ], [ 35.62941, 0.71943 ], [ 35.62956, 0.71956 ], [ 35.6297, 0.71975 ], [ 35.6299, 0.71988 ], [ 35.63016, 0.71988 ], [ 35.63039, 0.7198 ], [ 35.63061, 0.71959 ], [ 35.631, 0.71931 ], [ 35.63129, 0.7194 ], [ 35.63151, 0.71947 ], [ 35.63164, 0.71948 ], [ 35.63169, 0.7194 ], [ 35.6317, 0.71937 ], [ 35.63168, 0.71922 ], [ 35.63163, 0.71906 ], [ 35.6316, 0.71899 ], [ 35.63164, 0.71883 ], [ 35.63164, 0.71843 ], [ 35.63165, 0.7184 ], [ 35.63163, 0.71801 ], [ 35.63162, 0.71797 ], [ 35.63159, 0.71788 ], [ 35.63157, 0.71779 ], [ 35.63149, 0.71777 ], [ 35.63138, 0.71764 ], [ 35.6314, 0.71732 ], [ 35.63145, 0.71728 ], [ 35.63167, 0.71706 ], [ 35.63209, 0.71695 ], [ 35.63248, 0.71677 ], [ 35.63256, 0.71637 ], [ 35.63244, 0.71627 ], [ 35.63225, 0.71611 ], [ 35.63204, 0.71601 ], [ 35.63201, 0.71556 ], [ 35.63201, 0.71498 ], [ 35.63172, 0.71463 ], [ 35.63127, 0.71437 ], [ 35.63098, 0.71434 ], [ 35.6308, 0.71434 ], [ 35.63069, 0.71469 ], [ 35.63064, 0.71508 ], [ 35.63024, 0.71511 ], [ 35.62993, 0.71485 ], [ 35.62974, 0.71453 ], [ 35.62966, 0.71437 ], [ 35.62966, 0.71427 ], [ 35.62966, 0.714 ], [ 35.62982, 0.71374 ], [ 35.63016, 0.71329 ], [ 35.63035, 0.71295 ], [ 35.63067, 0.71297 ], [ 35.63085, 0.71316 ], [ 35.63103, 0.71342 ], [ 35.63124, 0.71361 ], [ 35.63156, 0.71358 ], [ 35.63164, 0.7135 ], [ 35.6316, 0.71334 ], [ 35.63156, 0.71316 ], [ 35.63156, 0.713 ], [ 35.63156, 0.7129 ], [ 35.63204, 0.71268 ], [ 35.63267, 0.71239 ], [ 35.63296, 0.71216 ], [ 35.63314, 0.71166 ], [ 35.6332, 0.71126 ], [ 35.63351, 0.711 ], [ 35.6338, 0.71073 ], [ 35.63383, 0.71034 ], [ 35.63378, 0.70994 ], [ 35.63399, 0.70965 ], [ 35.63449, 0.7096 ], [ 35.63501, 0.70934 ], [ 35.63519, 0.70907 ], [ 35.63523, 0.70902 ], [ 35.63544, 0.70852 ], [ 35.63537, 0.70824 ], [ 35.63533, 0.70807 ], [ 35.63496, 0.70811 ], [ 35.63483, 0.70813 ], [ 35.63428, 0.70834 ], [ 35.63391, 0.70863 ], [ 35.63374, 0.70873 ], [ 35.63359, 0.70883 ], [ 35.63349, 0.70889 ], [ 35.63306, 0.70902 ], [ 35.63267, 0.70894 ], [ 35.63235, 0.70844 ], [ 35.63248, 0.70823 ], [ 35.63264, 0.70794 ], [ 35.63267, 0.70789 ], [ 35.63273, 0.70791 ], [ 35.63291, 0.70784 ], [ 35.63314, 0.70803 ], [ 35.63322, 0.70813 ], [ 35.63339, 0.70811 ], [ 35.63341, 0.70807 ], [ 35.63325, 0.7077 ], [ 35.6333, 0.70746 ], [ 35.63335, 0.70719 ], [ 35.63335, 0.70718 ], [ 35.63338, 0.70716 ], [ 35.63368, 0.70695 ], [ 35.63385, 0.70683 ], [ 35.63415, 0.70663 ], [ 35.63419, 0.7066 ], [ 35.63457, 0.70634 ], [ 35.63482, 0.70598 ], [ 35.6349, 0.70568 ], [ 35.63492, 0.70533 ], [ 35.63489, 0.70526 ], [ 35.6348, 0.70504 ], [ 35.63471, 0.705 ], [ 35.63454, 0.70493 ], [ 35.63438, 0.70486 ], [ 35.63437, 0.70484 ], [ 35.63414, 0.70464 ], [ 35.63409, 0.70459 ], [ 35.63412, 0.70412 ], [ 35.63419, 0.70392 ], [ 35.63425, 0.70375 ], [ 35.6343, 0.70335 ], [ 35.63438, 0.70304 ], [ 35.63478, 0.70277 ], [ 35.63515, 0.70246 ], [ 35.63515, 0.70217 ], [ 35.63507, 0.70209 ], [ 35.63501, 0.70204 ], [ 35.63454, 0.70212 ], [ 35.63436, 0.70214 ], [ 35.63388, 0.70214 ], [ 35.63383, 0.70208 ], [ 35.63362, 0.70185 ], [ 35.63362, 0.70146 ], [ 35.63383, 0.70119 ], [ 35.6342, 0.70096 ], [ 35.63422, 0.70056 ], [ 35.63459, 0.70051 ], [ 35.63475, 0.70024 ], [ 35.63472, 0.69995 ], [ 35.63462, 0.69991 ], [ 35.63449, 0.69985 ], [ 35.63449, 0.6998 ], [ 35.63449, 0.69956 ], [ 35.63438, 0.69919 ], [ 35.63428, 0.69904 ], [ 35.63414, 0.69882 ], [ 35.6338, 0.69856 ], [ 35.63383, 0.69816 ], [ 35.63389, 0.69804 ], [ 35.63391, 0.698 ], [ 35.63433, 0.698 ], [ 35.6348, 0.698 ], [ 35.63515, 0.69806 ], [ 35.63541, 0.69827 ], [ 35.63551, 0.69851 ], [ 35.63557, 0.69863 ], [ 35.63568, 0.69876 ], [ 35.63586, 0.6988 ], [ 35.63601, 0.699 ], [ 35.63615, 0.69925 ], [ 35.63632, 0.69941 ], [ 35.63652, 0.69938 ], [ 35.63665, 0.69936 ], [ 35.63672, 0.69929 ], [ 35.63675, 0.69924 ], [ 35.63682, 0.69897 ], [ 35.63683, 0.6989 ], [ 35.63698, 0.69874 ], [ 35.63712, 0.69858 ], [ 35.63711, 0.69856 ], [ 35.63694, 0.69816 ], [ 35.63604, 0.69782 ], [ 35.63549, 0.69756 ], [ 35.63535, 0.69727 ], [ 35.63514, 0.69684 ], [ 35.63509, 0.69674 ], [ 35.63494, 0.69632 ], [ 35.63478, 0.6959 ], [ 35.63459, 0.69563 ], [ 35.63417, 0.69571 ], [ 35.6342, 0.69595 ], [ 35.63422, 0.69609 ], [ 35.63425, 0.69626 ], [ 35.63428, 0.69645 ], [ 35.63414, 0.69669 ], [ 35.63383, 0.69669 ], [ 35.63356, 0.69629 ], [ 35.63351, 0.69576 ], [ 35.63351, 0.69541 ], [ 35.63351, 0.6954 ], [ 35.6335, 0.69539 ], [ 35.63317, 0.69529 ], [ 35.63288, 0.69516 ], [ 35.63285, 0.69495 ], [ 35.63287, 0.69476 ], [ 35.63289, 0.69456 ], [ 35.6329, 0.69444 ], [ 35.63291, 0.69442 ], [ 35.6329, 0.69442 ], [ 35.63277, 0.69408 ], [ 35.63272, 0.69403 ], [ 35.6325, 0.69379 ], [ 35.63235, 0.69363 ], [ 35.63201, 0.69308 ], [ 35.63172, 0.69276 ], [ 35.63148, 0.69244 ], [ 35.63119, 0.69215 ], [ 35.63125, 0.69176 ], [ 35.63127, 0.6916 ], [ 35.63142, 0.69144 ], [ 35.63153, 0.69131 ], [ 35.63196, 0.69094 ], [ 35.63233, 0.6907 ], [ 35.63239, 0.69061 ], [ 35.63251, 0.69044 ], [ 35.63256, 0.69042 ], [ 35.63264, 0.6903 ], [ 35.63283, 0.69024 ], [ 35.63311, 0.69028 ], [ 35.63336, 0.69053 ], [ 35.63355, 0.69065 ], [ 35.6337, 0.69055 ], [ 35.63372, 0.69049 ], [ 35.63372, 0.69039 ], [ 35.63341, 0.6901 ], [ 35.6333, 0.68973 ], [ 35.63327, 0.68936 ], [ 35.63327, 0.68902 ], [ 35.63275, 0.68906 ], [ 35.63244, 0.68934 ], [ 35.63216, 0.68934 ], [ 35.63213, 0.68922 ], [ 35.6321, 0.68909 ], [ 35.63213, 0.68872 ], [ 35.6323, 0.68847 ], [ 35.63238, 0.68827 ], [ 35.63238, 0.68807 ], [ 35.63232, 0.68803 ], [ 35.63219, 0.68795 ], [ 35.63213, 0.68791 ], [ 35.6321, 0.68791 ], [ 35.63184, 0.68794 ], [ 35.63159, 0.68796 ], [ 35.6312, 0.68824 ], [ 35.63098, 0.68832 ], [ 35.63086, 0.68836 ], [ 35.63067, 0.68824 ], [ 35.63061, 0.68777 ], [ 35.63055, 0.68751 ], [ 35.63021, 0.68749 ], [ 35.63019, 0.68748 ], [ 35.63002, 0.68765 ], [ 35.6296, 0.68799 ], [ 35.62957, 0.68802 ], [ 35.62926, 0.68796 ], [ 35.62864, 0.68788 ], [ 35.62839, 0.68757 ], [ 35.62838, 0.68748 ], [ 35.62836, 0.68712 ], [ 35.62864, 0.68661 ], [ 35.62918, 0.68605 ], [ 35.62974, 0.6856 ], [ 35.62982, 0.68526 ], [ 35.62974, 0.68481 ], [ 35.63002, 0.68462 ], [ 35.63061, 0.68431 ], [ 35.63081, 0.68405 ], [ 35.63072, 0.68377 ], [ 35.63068, 0.68374 ], [ 35.63033, 0.68344 ], [ 35.62977, 0.68369 ], [ 35.62953, 0.68389 ], [ 35.6294, 0.68413 ], [ 35.62918, 0.68443 ], [ 35.62912, 0.68444 ], [ 35.62912, 0.68445 ], [ 35.62881, 0.6847 ], [ 35.6286, 0.68489 ], [ 35.6285, 0.68498 ], [ 35.62853, 0.68532 ], [ 35.62848, 0.6856 ], [ 35.62847, 0.68566 ], [ 35.62825, 0.68594 ], [ 35.62794, 0.68583 ], [ 35.62785, 0.6856 ], [ 35.62757, 0.68552 ], [ 35.62726, 0.68538 ], [ 35.62721, 0.68498 ], [ 35.62704, 0.68467 ], [ 35.6267, 0.68456 ], [ 35.62648, 0.68476 ], [ 35.62631, 0.68509 ], [ 35.62628, 0.68513 ], [ 35.62613, 0.68537 ], [ 35.62605, 0.68549 ], [ 35.62589, 0.68549 ], [ 35.62586, 0.68544 ], [ 35.62574, 0.68521 ], [ 35.62555, 0.68467 ], [ 35.62554, 0.68466 ], [ 35.62532, 0.68431 ], [ 35.62499, 0.68408 ], [ 35.62459, 0.68394 ], [ 35.62428, 0.68335 ], [ 35.62432, 0.683 ], [ 35.62433, 0.6829 ], [ 35.62434, 0.68282 ], [ 35.62443, 0.68251 ], [ 35.62459, 0.682 ], [ 35.62459, 0.68141 ], [ 35.62462, 0.68104 ], [ 35.62463, 0.68098 ], [ 35.62468, 0.6804 ], [ 35.62476, 0.67998 ], [ 35.62487, 0.67947 ], [ 35.62487, 0.67947 ], [ 35.62501, 0.67908 ], [ 35.62521, 0.67874 ], [ 35.62493, 0.67812 ], [ 35.62473, 0.67787 ], [ 35.62479, 0.67763 ], [ 35.62482, 0.6775 ], [ 35.62489, 0.6774 ], [ 35.62501, 0.67722 ], [ 35.62544, 0.67731 ], [ 35.62551, 0.67731 ], [ 35.62557, 0.67731 ], [ 35.62566, 0.67731 ], [ 35.62591, 0.67728 ], [ 35.62634, 0.67728 ], [ 35.62676, 0.67742 ], [ 35.62701, 0.67739 ], [ 35.62723, 0.67733 ], [ 35.62728, 0.67724 ], [ 35.62738, 0.677 ], [ 35.62743, 0.67688 ], [ 35.62703, 0.6764 ], [ 35.62645, 0.67609 ], [ 35.62609, 0.67593 ], [ 35.6256, 0.67582 ], [ 35.62531, 0.67562 ], [ 35.62512, 0.67564 ], [ 35.625, 0.67575 ], [ 35.62485, 0.67598 ], [ 35.62476, 0.67623 ], [ 35.62466, 0.67652 ], [ 35.62443, 0.6769 ], [ 35.62424, 0.67716 ], [ 35.62386, 0.67718 ], [ 35.6236, 0.67716 ], [ 35.62348, 0.6769 ], [ 35.62352, 0.67659 ], [ 35.62354, 0.67657 ], [ 35.62375, 0.67634 ], [ 35.62382, 0.67602 ], [ 35.62377, 0.67556 ], [ 35.62356, 0.67537 ], [ 35.62341, 0.67535 ], [ 35.62319, 0.6753 ], [ 35.62306, 0.67528 ], [ 35.62294, 0.67532 ], [ 35.62293, 0.67532 ], [ 35.62278, 0.67559 ], [ 35.62274, 0.67596 ], [ 35.62261, 0.67632 ], [ 35.62261, 0.67632 ], [ 35.62261, 0.67633 ], [ 35.62243, 0.6765 ], [ 35.62222, 0.6765 ], [ 35.62202, 0.67606 ], [ 35.62186, 0.67583 ], [ 35.62165, 0.67577 ], [ 35.62133, 0.67593 ], [ 35.62099, 0.67596 ], [ 35.62078, 0.67593 ], [ 35.62057, 0.67577 ], [ 35.62053, 0.67551 ], [ 35.62058, 0.67545 ], [ 35.62068, 0.67532 ], [ 35.62106, 0.67524 ], [ 35.62141, 0.6752 ], [ 35.62158, 0.67507 ], [ 35.62158, 0.67492 ], [ 35.62156, 0.67491 ], [ 35.62131, 0.67475 ], [ 35.62093, 0.67461 ], [ 35.62053, 0.67419 ], [ 35.62023, 0.67397 ], [ 35.61996, 0.67378 ], [ 35.61975, 0.67364 ], [ 35.61954, 0.67368 ], [ 35.61927, 0.67393 ], [ 35.61918, 0.67416 ], [ 35.61918, 0.67423 ], [ 35.61918, 0.67454 ], [ 35.61926, 0.67484 ], [ 35.61929, 0.67503 ], [ 35.61927, 0.67513 ], [ 35.6192, 0.67537 ], [ 35.61913, 0.67549 ], [ 35.61908, 0.67558 ], [ 35.61915, 0.67587 ], [ 35.61916, 0.67591 ], [ 35.61908, 0.67617 ], [ 35.61893, 0.67621 ], [ 35.61872, 0.67606 ], [ 35.6187, 0.67572 ], [ 35.61855, 0.67543 ], [ 35.61836, 0.67537 ], [ 35.61804, 0.67532 ], [ 35.61764, 0.67509 ], [ 35.61737, 0.67494 ], [ 35.61705, 0.67494 ], [ 35.61686, 0.67494 ], [ 35.61674, 0.67504 ], [ 35.6167, 0.67507 ], [ 35.61676, 0.6753 ], [ 35.61688, 0.67543 ], [ 35.61701, 0.67564 ], [ 35.61716, 0.67583 ], [ 35.61716, 0.67587 ], [ 35.61718, 0.67606 ], [ 35.61707, 0.67631 ], [ 35.61676, 0.67646 ], [ 35.61646, 0.6765 ], [ 35.61606, 0.6765 ], [ 35.61575, 0.67648 ], [ 35.6156, 0.67625 ], [ 35.61564, 0.67602 ], [ 35.61573, 0.67581 ], [ 35.61582, 0.67566 ], [ 35.61592, 0.67549 ], [ 35.61592, 0.6753 ], [ 35.61592, 0.67529 ], [ 35.61587, 0.67507 ], [ 35.61581, 0.6748 ], [ 35.61582, 0.67469 ], [ 35.61583, 0.67459 ], [ 35.61602, 0.67437 ], [ 35.61619, 0.67423 ], [ 35.61621, 0.67406 ], [ 35.61613, 0.67391 ], [ 35.61611, 0.6739 ], [ 35.61589, 0.67381 ], [ 35.61558, 0.67378 ], [ 35.61537, 0.67358 ], [ 35.6153, 0.67336 ], [ 35.6152, 0.67311 ], [ 35.61503, 0.67296 ], [ 35.61467, 0.67307 ], [ 35.61448, 0.67317 ], [ 35.61442, 0.6732 ], [ 35.61429, 0.67326 ], [ 35.61391, 0.6733 ], [ 35.61347, 0.6733 ], [ 35.61337, 0.67313 ], [ 35.61337, 0.67275 ], [ 35.61337, 0.67242 ], [ 35.61337, 0.6721 ], [ 35.61328, 0.67189 ], [ 35.61301, 0.6718 ], [ 35.61267, 0.6718 ], [ 35.61238, 0.67197 ], [ 35.61217, 0.67191 ], [ 35.61215, 0.67161 ], [ 35.61198, 0.6714 ], [ 35.61168, 0.67138 ], [ 35.61134, 0.67138 ], [ 35.61111, 0.67136 ], [ 35.61078, 0.67117 ], [ 35.61052, 0.67082 ], [ 35.61031, 0.67063 ], [ 35.61008, 0.67063 ], [ 35.60989, 0.67052 ], [ 35.60976, 0.67029 ], [ 35.60979, 0.67012 ], [ 35.60993, 0.66998 ], [ 35.60995, 0.66997 ], [ 35.60995, 0.66997 ], [ 35.60998, 0.66968 ], [ 35.60979, 0.66953 ], [ 35.60934, 0.66951 ], [ 35.60907, 0.66944 ], [ 35.60869, 0.66944 ], [ 35.60833, 0.66945 ], [ 35.60793, 0.66963 ], [ 35.6074, 0.6698 ], [ 35.60698, 0.66997 ], [ 35.60684, 0.6701 ], [ 35.60682, 0.6702 ], [ 35.60679, 0.67033 ], [ 35.60682, 0.67054 ], [ 35.60703, 0.67075 ], [ 35.6074, 0.67081 ], [ 35.60762, 0.67096 ], [ 35.60774, 0.67122 ], [ 35.6077, 0.67144 ], [ 35.6077, 0.67145 ], [ 35.60762, 0.6715 ], [ 35.60756, 0.67153 ], [ 35.60741, 0.67161 ], [ 35.60717, 0.67161 ], [ 35.60703, 0.67143 ], [ 35.60686, 0.67134 ], [ 35.6065, 0.67148 ], [ 35.60648, 0.67149 ], [ 35.60642, 0.67156 ], [ 35.60629, 0.67172 ], [ 35.60602, 0.67176 ], [ 35.60585, 0.67155 ], [ 35.60587, 0.67142 ], [ 35.60587, 0.67134 ], [ 35.60606, 0.67113 ], [ 35.60616, 0.6709 ], [ 35.60613, 0.67075 ], [ 35.60612, 0.67069 ], [ 35.60608, 0.67044 ], [ 35.60608, 0.6702 ], [ 35.60613, 0.67017 ], [ 35.60641, 0.67003 ], [ 35.60675, 0.66974 ], [ 35.60675, 0.66955 ], [ 35.60675, 0.66951 ], [ 35.60675, 0.66928 ], [ 35.60675, 0.66896 ], [ 35.6065, 0.66879 ], [ 35.60623, 0.66873 ], [ 35.60602, 0.66873 ], [ 35.60572, 0.66873 ], [ 35.60543, 0.66873 ], [ 35.60515, 0.66862 ], [ 35.60502, 0.66837 ], [ 35.60502, 0.66806 ], [ 35.60502, 0.66787 ], [ 35.605, 0.66757 ], [ 35.60488, 0.66725 ], [ 35.60475, 0.66688 ], [ 35.6046, 0.66673 ], [ 35.60461, 0.66653 ], [ 35.60461, 0.66653 ], [ 35.60463, 0.66627 ], [ 35.6052, 0.66579 ], [ 35.60578, 0.66538 ], [ 35.6059, 0.66514 ], [ 35.60591, 0.66508 ], [ 35.60578, 0.66487 ], [ 35.60578, 0.66482 ], [ 35.60578, 0.6647 ], [ 35.60563, 0.66461 ], [ 35.60537, 0.66444 ], [ 35.60512, 0.66412 ], [ 35.6051, 0.66385 ], [ 35.60513, 0.66377 ], [ 35.60524, 0.66351 ], [ 35.60527, 0.6633 ], [ 35.60528, 0.66317 ], [ 35.60529, 0.6631 ], [ 35.60522, 0.66298 ], [ 35.60512, 0.66278 ], [ 35.60511, 0.66262 ], [ 35.6051, 0.66249 ], [ 35.6051, 0.6623 ], [ 35.6051, 0.6621 ], [ 35.60511, 0.66178 ], [ 35.60517, 0.66154 ], [ 35.6054, 0.66133 ], [ 35.60582, 0.66106 ], [ 35.60596, 0.66077 ], [ 35.60583, 0.66045 ], [ 35.60578, 0.66003 ], [ 35.60577, 0.65998 ], [ 35.60575, 0.65995 ], [ 35.60563, 0.65974 ], [ 35.60566, 0.65948 ], [ 35.6058, 0.65937 ], [ 35.60581, 0.65936 ], [ 35.60608, 0.65921 ], [ 35.60642, 0.65907 ], [ 35.60668, 0.65906 ], [ 35.60685, 0.65927 ], [ 35.60705, 0.65941 ], [ 35.60731, 0.65926 ], [ 35.60739, 0.65921 ], [ 35.60744, 0.65914 ], [ 35.60752, 0.65903 ], [ 35.60752, 0.6589 ], [ 35.60752, 0.65864 ], [ 35.60741, 0.65838 ], [ 35.60718, 0.65833 ], [ 35.60681, 0.65818 ], [ 35.60673, 0.65813 ], [ 35.60664, 0.65795 ], [ 35.60662, 0.65775 ], [ 35.60673, 0.65752 ], [ 35.60693, 0.65739 ], [ 35.60704, 0.65732 ], [ 35.60706, 0.65719 ], [ 35.60707, 0.65715 ], [ 35.60702, 0.6569 ], [ 35.60696, 0.65671 ], [ 35.60668, 0.65664 ], [ 35.6064, 0.65659 ], [ 35.60614, 0.6565 ], [ 35.60619, 0.6561 ], [ 35.60645, 0.65573 ], [ 35.60661, 0.65534 ], [ 35.60668, 0.65525 ], [ 35.60674, 0.65517 ], [ 35.60681, 0.65499 ], [ 35.6068, 0.65498 ], [ 35.60671, 0.65482 ], [ 35.60645, 0.65477 ], [ 35.60611, 0.65475 ], [ 35.6059, 0.65477 ], [ 35.60566, 0.6546 ], [ 35.6056, 0.65443 ], [ 35.6056, 0.65426 ], [ 35.60572, 0.65421 ], [ 35.60582, 0.65417 ], [ 35.60611, 0.65415 ], [ 35.60647, 0.65403 ], [ 35.60664, 0.65384 ], [ 35.60668, 0.65366 ], [ 35.60702, 0.65327 ], [ 35.60723, 0.65301 ], [ 35.60728, 0.65293 ], [ 35.60739, 0.65281 ], [ 35.60743, 0.65268 ], [ 35.60766, 0.65232 ], [ 35.60781, 0.65231 ], [ 35.60786, 0.6523 ], [ 35.60795, 0.65231 ], [ 35.60811, 0.65234 ], [ 35.6082, 0.6525 ], [ 35.60831, 0.65273 ], [ 35.60834, 0.65284 ], [ 35.6085, 0.653 ], [ 35.60866, 0.65282 ], [ 35.60875, 0.65264 ], [ 35.60893, 0.65216 ], [ 35.60899, 0.65202 ], [ 35.60909, 0.65155 ], [ 35.60909, 0.65135 ], [ 35.60911, 0.65109 ], [ 35.60909, 0.65085 ], [ 35.6091, 0.6508 ], [ 35.60907, 0.65074 ], [ 35.6088, 0.6506 ], [ 35.60852, 0.65057 ], [ 35.60824, 0.6505 ], [ 35.6081, 0.65039 ], [ 35.6081, 0.6502 ], [ 35.6081, 0.65 ], [ 35.6081, 0.64979 ], [ 35.60819, 0.6497 ], [ 35.60829, 0.6496 ], [ 35.60863, 0.64951 ], [ 35.60904, 0.6494 ], [ 35.60935, 0.64931 ], [ 35.60958, 0.64915 ], [ 35.60963, 0.64898 ], [ 35.60964, 0.64888 ], [ 35.60964, 0.64888 ], [ 35.60965, 0.64875 ], [ 35.60963, 0.64874 ], [ 35.60948, 0.64864 ], [ 35.60943, 0.64861 ], [ 35.60934, 0.64861 ], [ 35.60915, 0.64861 ], [ 35.60892, 0.64861 ], [ 35.60869, 0.64852 ], [ 35.60853, 0.64835 ], [ 35.60853, 0.64804 ], [ 35.60853, 0.64778 ], [ 35.60853, 0.64763 ], [ 35.60855, 0.64746 ], [ 35.60844, 0.64726 ], [ 35.60826, 0.64716 ], [ 35.60798, 0.64713 ], [ 35.60775, 0.64712 ], [ 35.60749, 0.6469 ], [ 35.60749, 0.64658 ], [ 35.60752, 0.64639 ], [ 35.60764, 0.64636 ], [ 35.60792, 0.64627 ], [ 35.60826, 0.64636 ], [ 35.60852, 0.64641 ], [ 35.60884, 0.64644 ], [ 35.60907, 0.64636 ], [ 35.60908, 0.64629 ], [ 35.60909, 0.64622 ], [ 35.60918, 0.64601 ], [ 35.60926, 0.64586 ], [ 35.60929, 0.64579 ], [ 35.60954, 0.6455 ], [ 35.60962, 0.64536 ], [ 35.60969, 0.64525 ], [ 35.60966, 0.64499 ], [ 35.60951, 0.64485 ], [ 35.60923, 0.6448 ], [ 35.60892, 0.6448 ], [ 35.60863, 0.64488 ], [ 35.60841, 0.64494 ], [ 35.60829, 0.64496 ], [ 35.60809, 0.64488 ], [ 35.60789, 0.64465 ], [ 35.60779, 0.64429 ], [ 35.60786, 0.64406 ], [ 35.60794, 0.64406 ], [ 35.60816, 0.64406 ], [ 35.60846, 0.64428 ], [ 35.60877, 0.64437 ], [ 35.60927, 0.64426 ], [ 35.6098, 0.64406 ], [ 35.61017, 0.64375 ], [ 35.61036, 0.64357 ], [ 35.61036, 0.64341 ], [ 35.61033, 0.64326 ], [ 35.61032, 0.64323 ], [ 35.61015, 0.64306 ], [ 35.60975, 0.64306 ], [ 35.60935, 0.64298 ], [ 35.60909, 0.64297 ], [ 35.60886, 0.64281 ], [ 35.60884, 0.64263 ], [ 35.6089, 0.64241 ], [ 35.60898, 0.64237 ], [ 35.60923, 0.64224 ], [ 35.60954, 0.64216 ], [ 35.60969, 0.64207 ], [ 35.60969, 0.64192 ], [ 35.60969, 0.64187 ], [ 35.60943, 0.64159 ], [ 35.60906, 0.64132 ], [ 35.60878, 0.64095 ], [ 35.60872, 0.64076 ], [ 35.60857, 0.6405 ], [ 35.60836, 0.64033 ], [ 35.6083, 0.64029 ], [ 35.60816, 0.64021 ], [ 35.60807, 0.64015 ], [ 35.60793, 0.64007 ], [ 35.60776, 0.63984 ], [ 35.60764, 0.63947 ], [ 35.60752, 0.63923 ], [ 35.60745, 0.63896 ], [ 35.60749, 0.6389 ], [ 35.60759, 0.63871 ], [ 35.6076, 0.63869 ], [ 35.60769, 0.63851 ], [ 35.60784, 0.63845 ], [ 35.60801, 0.63843 ], [ 35.6083, 0.63837 ], [ 35.60857, 0.63826 ], [ 35.60877, 0.63817 ], [ 35.60889, 0.63786 ], [ 35.60889, 0.63768 ], [ 35.60867, 0.63741 ], [ 35.60827, 0.63735 ], [ 35.60775, 0.63749 ], [ 35.60775, 0.63749 ], [ 35.60775, 0.63749 ], [ 35.60752, 0.63778 ], [ 35.60725, 0.638 ], [ 35.6072, 0.638 ], [ 35.60711, 0.63801 ], [ 35.60694, 0.63795 ], [ 35.60679, 0.6378 ], [ 35.60674, 0.63749 ], [ 35.60674, 0.63729 ], [ 35.60674, 0.63723 ], [ 35.60705, 0.63672 ], [ 35.60733, 0.63644 ], [ 35.60753, 0.63626 ], [ 35.60759, 0.63589 ], [ 35.6075, 0.63573 ], [ 35.60737, 0.63568 ], [ 35.60725, 0.63562 ], [ 35.60699, 0.63561 ], [ 35.60673, 0.63575 ], [ 35.60647, 0.63604 ], [ 35.60616, 0.63635 ], [ 35.60609, 0.6364 ], [ 35.6059, 0.63653 ], [ 35.60574, 0.63656 ], [ 35.60557, 0.63656 ], [ 35.60534, 0.6365 ], [ 35.60517, 0.63638 ], [ 35.60512, 0.63601 ], [ 35.60539, 0.6359 ], [ 35.60568, 0.63572 ], [ 35.60588, 0.63565 ], [ 35.606, 0.63538 ], [ 35.6061, 0.63525 ], [ 35.60614, 0.63519 ], [ 35.60574, 0.63497 ], [ 35.60566, 0.63495 ], [ 35.60548, 0.63492 ], [ 35.60502, 0.63492 ], [ 35.60456, 0.63511 ], [ 35.60443, 0.63511 ], [ 35.60435, 0.63511 ], [ 35.60432, 0.63511 ], [ 35.60427, 0.63503 ], [ 35.6041, 0.63478 ], [ 35.6041, 0.63478 ], [ 35.6041, 0.63477 ], [ 35.60413, 0.63465 ], [ 35.60417, 0.63446 ], [ 35.60422, 0.63425 ], [ 35.60408, 0.63393 ], [ 35.60386, 0.63384 ], [ 35.60352, 0.63413 ], [ 35.60328, 0.63417 ], [ 35.6029, 0.63408 ], [ 35.60253, 0.63371 ], [ 35.60251, 0.63369 ], [ 35.60232, 0.63338 ], [ 35.60238, 0.63315 ], [ 35.60244, 0.63297 ], [ 35.60249, 0.63282 ], [ 35.60258, 0.63256 ], [ 35.60253, 0.63215 ], [ 35.60239, 0.63179 ], [ 35.602, 0.6314 ], [ 35.60162, 0.63101 ], [ 35.60128, 0.63065 ], [ 35.60094, 0.63022 ], [ 35.6006, 0.62986 ], [ 35.60058, 0.62937 ], [ 35.60056, 0.62894 ], [ 35.60058, 0.62853 ], [ 35.60065, 0.62797 ], [ 35.60068, 0.62781 ], [ 35.60077, 0.62718 ], [ 35.60089, 0.62682 ], [ 35.60107, 0.62649 ], [ 35.60109, 0.62645 ], [ 35.60118, 0.62619 ], [ 35.60118, 0.62592 ], [ 35.60106, 0.62571 ], [ 35.60101, 0.62563 ], [ 35.60077, 0.62547 ], [ 35.60071, 0.62543 ], [ 35.60034, 0.62522 ], [ 35.60015, 0.62489 ], [ 35.60013, 0.62464 ], [ 35.60012, 0.62457 ], [ 35.60004, 0.62454 ], [ 35.5999, 0.62448 ], [ 35.59959, 0.62448 ], [ 35.59948, 0.62452 ], [ 35.59935, 0.62457 ], [ 35.59904, 0.62468 ], [ 35.59901, 0.62469 ], [ 35.59884, 0.62453 ], [ 35.59904, 0.62421 ], [ 35.59913, 0.6241 ], [ 35.59925, 0.62395 ], [ 35.59926, 0.62389 ], [ 35.59928, 0.62358 ], [ 35.5993, 0.62332 ], [ 35.59925, 0.6231 ], [ 35.59879, 0.62293 ], [ 35.5985, 0.62291 ], [ 35.59829, 0.62296 ], [ 35.59799, 0.6229 ], [ 35.5979, 0.62288 ], [ 35.5977, 0.6228 ], [ 35.59756, 0.62274 ], [ 35.59755, 0.62266 ], [ 35.59749, 0.62235 ], [ 35.59744, 0.62192 ], [ 35.59727, 0.62156 ], [ 35.5972, 0.62141 ], [ 35.59711, 0.62103 ], [ 35.59711, 0.62095 ], [ 35.59711, 0.62057 ], [ 35.59711, 0.62011 ], [ 35.59718, 0.61987 ], [ 35.59725, 0.61965 ], [ 35.59722, 0.61958 ], [ 35.59718, 0.61948 ], [ 35.59717, 0.61929 ], [ 35.59717, 0.61912 ], [ 35.59709, 0.6189 ], [ 35.59699, 0.61875 ], [ 35.59685, 0.61846 ], [ 35.59677, 0.618 ], [ 35.59676, 0.6177 ], [ 35.59676, 0.61745 ], [ 35.59676, 0.61739 ], [ 35.59676, 0.61736 ], [ 35.59674, 0.61713 ], [ 35.59676, 0.61689 ], [ 35.59684, 0.61677 ], [ 35.59687, 0.61672 ], [ 35.59701, 0.61653 ], [ 35.59724, 0.61628 ], [ 35.59755, 0.61605 ], [ 35.59787, 0.61573 ], [ 35.598, 0.61549 ], [ 35.59802, 0.61545 ], [ 35.5981, 0.61528 ], [ 35.59816, 0.61511 ], [ 35.59819, 0.61488 ], [ 35.59819, 0.61469 ], [ 35.59819, 0.61451 ], [ 35.59825, 0.61433 ], [ 35.59832, 0.61426 ], [ 35.59841, 0.61417 ], [ 35.59849, 0.61399 ], [ 35.5985, 0.61396 ], [ 35.59853, 0.61389 ], [ 35.59856, 0.61369 ], [ 35.59854, 0.61351 ], [ 35.5985, 0.61333 ], [ 35.5984, 0.61318 ], [ 35.59828, 0.613 ], [ 35.59826, 0.61289 ], [ 35.59824, 0.61281 ], [ 35.59824, 0.6127 ], [ 35.59824, 0.61255 ], [ 35.59824, 0.61238 ], [ 35.59823, 0.61232 ], [ 35.59822, 0.61215 ], [ 35.59807, 0.61195 ], [ 35.59787, 0.61183 ], [ 35.59764, 0.61163 ], [ 35.59758, 0.6116 ], [ 35.59744, 0.61151 ], [ 35.59724, 0.61143 ], [ 35.59702, 0.6113 ], [ 35.59695, 0.61125 ], [ 35.59676, 0.61111 ], [ 35.59654, 0.61091 ], [ 35.59651, 0.61075 ], [ 35.59651, 0.61049 ], [ 35.59654, 0.61024 ], [ 35.59656, 0.60996 ], [ 35.59664, 0.6097 ], [ 35.59683, 0.6094 ], [ 35.59702, 0.60926 ], [ 35.59703, 0.60926 ], [ 35.59727, 0.60902 ], [ 35.59737, 0.60884 ], [ 35.59737, 0.60879 ], [ 35.59738, 0.60866 ], [ 35.59745, 0.60849 ], [ 35.59758, 0.60825 ], [ 35.59762, 0.6081 ], [ 35.59774, 0.60799 ], [ 35.59788, 0.60797 ], [ 35.59794, 0.60797 ], [ 35.59805, 0.60797 ], [ 35.59809, 0.60797 ], [ 35.59809, 0.60797 ], [ 35.59829, 0.60799 ], [ 35.59847, 0.6079 ], [ 35.59849, 0.60787 ], [ 35.59855, 0.6077 ], [ 35.59865, 0.60741 ], [ 35.59873, 0.60717 ], [ 35.59868, 0.60684 ], [ 35.5986, 0.60667 ], [ 35.59846, 0.60652 ], [ 35.5983, 0.60643 ], [ 35.59822, 0.60632 ], [ 35.59822, 0.60626 ], [ 35.59822, 0.60616 ], [ 35.59822, 0.60601 ], [ 35.59822, 0.606 ], [ 35.59822, 0.60599 ], [ 35.59828, 0.60587 ], [ 35.59831, 0.60581 ], [ 35.5985, 0.60559 ], [ 35.59869, 0.60536 ], [ 35.59892, 0.60518 ], [ 35.59914, 0.60508 ], [ 35.59928, 0.60494 ], [ 35.59933, 0.60481 ], [ 35.59935, 0.60454 ], [ 35.59921, 0.60435 ], [ 35.59893, 0.6041 ], [ 35.59879, 0.60396 ], [ 35.59861, 0.6038 ], [ 35.59834, 0.60355 ], [ 35.59829, 0.60349 ], [ 35.59809, 0.60326 ], [ 35.59804, 0.60303 ], [ 35.59805, 0.60275 ], [ 35.59806, 0.60248 ], [ 35.59806, 0.60222 ], [ 35.59807, 0.60202 ], [ 35.59807, 0.60172 ], [ 35.5981, 0.60136 ], [ 35.59817, 0.60117 ], [ 35.5983, 0.60109 ], [ 35.59854, 0.60094 ], [ 35.59874, 0.60092 ], [ 35.59876, 0.60092 ], [ 35.59901, 0.60092 ], [ 35.59905, 0.60093 ], [ 35.59917, 0.60094 ], [ 35.59922, 0.60097 ], [ 35.59936, 0.60107 ], [ 35.59944, 0.60117 ], [ 35.59958, 0.60118 ], [ 35.59972, 0.60117 ], [ 35.59976, 0.60113 ], [ 35.59982, 0.60105 ], [ 35.59985, 0.60074 ], [ 35.59992, 0.60048 ], [ 35.60009, 0.60026 ], [ 35.6003, 0.6001 ], [ 35.60036, 0.60005 ], [ 35.60068, 0.59986 ], [ 35.60101, 0.5997 ], [ 35.60107, 0.59967 ], [ 35.60119, 0.59963 ], [ 35.60152, 0.59951 ], [ 35.60154, 0.59949 ], [ 35.60156, 0.59946 ], [ 35.60156, 0.59939 ], [ 35.60156, 0.59934 ], [ 35.60156, 0.59916 ], [ 35.6015, 0.599 ], [ 35.60149, 0.59897 ], [ 35.60146, 0.59895 ], [ 35.60133, 0.59885 ], [ 35.60116, 0.59863 ], [ 35.60113, 0.59837 ], [ 35.6012, 0.59815 ], [ 35.60147, 0.59781 ], [ 35.60171, 0.59744 ], [ 35.60202, 0.59719 ], [ 35.60248, 0.59694 ], [ 35.60292, 0.59689 ], [ 35.60309, 0.59688 ], [ 35.60332, 0.59683 ], [ 35.60354, 0.59675 ], [ 35.60377, 0.59671 ], [ 35.60403, 0.5967 ], [ 35.60418, 0.5967 ], [ 35.60437, 0.59669 ], [ 35.60458, 0.59664 ], [ 35.6047, 0.59654 ], [ 35.60494, 0.59633 ], [ 35.60501, 0.59621 ], [ 35.6051, 0.59601 ], [ 35.6051, 0.59582 ], [ 35.6051, 0.59566 ], [ 35.6051, 0.59546 ], [ 35.60516, 0.5953 ], [ 35.60519, 0.59522 ], [ 35.6053, 0.59505 ], [ 35.60538, 0.59491 ], [ 35.60564, 0.59472 ], [ 35.60581, 0.59464 ], [ 35.60589, 0.59461 ], [ 35.60619, 0.59444 ], [ 35.60634, 0.59434 ], [ 35.6064, 0.5943 ], [ 35.6066, 0.59416 ], [ 35.6068, 0.59397 ], [ 35.6069, 0.59387 ], [ 35.6071, 0.5937 ], [ 35.60732, 0.59354 ], [ 35.60756, 0.59335 ], [ 35.6078, 0.59323 ], [ 35.608, 0.59319 ], [ 35.60829, 0.59318 ], [ 35.60854, 0.59318 ], [ 35.6088, 0.5932 ], [ 35.60906, 0.5932 ], [ 35.6093, 0.59313 ], [ 35.60953, 0.59298 ], [ 35.60971, 0.59275 ], [ 35.6099, 0.5925 ], [ 35.61015, 0.59215 ], [ 35.6104, 0.59201 ], [ 35.6107, 0.59195 ], [ 35.61105, 0.59186 ], [ 35.6113, 0.59179 ], [ 35.61155, 0.59165 ], [ 35.61161, 0.59161 ], [ 35.61162, 0.59158 ], [ 35.61168, 0.5914 ], [ 35.61168, 0.59126 ], [ 35.61168, 0.59109 ], [ 35.61164, 0.59084 ], [ 35.61164, 0.59057 ], [ 35.61164, 0.59036 ], [ 35.61174, 0.59012 ], [ 35.61198, 0.59001 ], [ 35.61233, 0.58992 ], [ 35.61274, 0.58981 ], [ 35.61309, 0.5898 ], [ 35.61332, 0.58977 ], [ 35.61352, 0.58964 ], [ 35.61366, 0.58949 ], [ 35.61375, 0.58922 ], [ 35.61372, 0.58903 ], [ 35.61372, 0.58877 ], [ 35.61365, 0.58854 ], [ 35.61351, 0.58826 ], [ 35.61345, 0.58804 ], [ 35.61345, 0.58804 ], [ 35.61345, 0.58804 ], [ 35.61331, 0.58793 ], [ 35.61326, 0.58782 ], [ 35.61325, 0.58772 ], [ 35.61325, 0.58768 ], [ 35.61311, 0.58753 ], [ 35.61292, 0.58737 ], [ 35.61278, 0.5873 ], [ 35.61274, 0.58727 ], [ 35.61252, 0.58714 ], [ 35.61227, 0.58698 ], [ 35.61204, 0.58681 ], [ 35.61191, 0.58657 ], [ 35.6119, 0.58656 ], [ 35.61181, 0.5864 ], [ 35.61181, 0.58609 ], [ 35.61196, 0.5859 ], [ 35.61226, 0.58567 ], [ 35.61246, 0.58542 ], [ 35.61256, 0.58515 ], [ 35.61265, 0.58483 ], [ 35.61265, 0.58482 ], [ 35.61265, 0.58473 ], [ 35.61265, 0.5847 ], [ 35.61264, 0.5847 ], [ 35.61264, 0.58471 ], [ 35.61209, 0.58466 ], [ 35.61128, 0.58466 ], [ 35.61026, 0.58453 ], [ 35.60647, 0.58332 ], [ 35.60533, 0.58301 ], [ 35.60044, 0.58132 ], [ 35.59795, 0.58018 ], [ 35.59477, 0.57842 ], [ 35.59302, 0.57718 ], [ 35.59283, 0.57708 ], [ 35.59252, 0.57698 ], [ 35.59224, 0.57695 ], [ 35.59197, 0.57692 ], [ 35.59182, 0.57694 ], [ 35.59145, 0.57687 ], [ 35.59125, 0.57685 ], [ 35.59104, 0.57681 ], [ 35.59082, 0.57678 ], [ 35.59058, 0.57678 ], [ 35.59046, 0.57682 ], [ 35.59032, 0.57682 ], [ 35.59011, 0.5767 ], [ 35.58993, 0.57657 ], [ 35.58967, 0.57656 ], [ 35.58948, 0.57656 ], [ 35.58931, 0.57643 ], [ 35.58921, 0.57619 ], [ 35.58904, 0.57602 ], [ 35.5888, 0.57601 ], [ 35.58872, 0.5757 ], [ 35.58865, 0.57546 ], [ 35.58847, 0.57535 ], [ 35.58833, 0.57515 ], [ 35.58821, 0.575 ], [ 35.5881, 0.57485 ], [ 35.588, 0.5747 ], [ 35.58796, 0.57451 ], [ 35.58788, 0.5742 ], [ 35.58772, 0.57402 ], [ 35.58748, 0.57388 ], [ 35.58726, 0.57371 ], [ 35.58712, 0.57368 ], [ 35.58695, 0.5736 ], [ 35.58681, 0.57364 ], [ 35.58633, 0.57369 ], [ 35.58628, 0.57358 ], [ 35.58611, 0.57348 ], [ 35.58605, 0.57339 ], [ 35.586, 0.5732 ], [ 35.58583, 0.57301 ], [ 35.58568, 0.57279 ], [ 35.58555, 0.57267 ], [ 35.58519, 0.57266 ], [ 35.5849, 0.57265 ], [ 35.58483, 0.57259 ], [ 35.5848, 0.57252 ], [ 35.5847, 0.57233 ], [ 35.5846, 0.57218 ], [ 35.58455, 0.57215 ], [ 35.58448, 0.57215 ], [ 35.58429, 0.5721 ], [ 35.58417, 0.5721 ], [ 35.5841, 0.57207 ], [ 35.58402, 0.57192 ], [ 35.58401, 0.57186 ], [ 35.58397, 0.57166 ], [ 35.58399, 0.57159 ], [ 35.58395, 0.57144 ], [ 35.58379, 0.57138 ], [ 35.5837, 0.57132 ], [ 35.58354, 0.57125 ], [ 35.58345, 0.57117 ], [ 35.58332, 0.57114 ], [ 35.58313, 0.57113 ], [ 35.58289, 0.5711 ], [ 35.58283, 0.57108 ], [ 35.58275, 0.57101 ], [ 35.5826, 0.57092 ], [ 35.58253, 0.57085 ], [ 35.58239, 0.57082 ], [ 35.58225, 0.57077 ], [ 35.58214, 0.57075 ], [ 35.58203, 0.57068 ], [ 35.58199, 0.57065 ], [ 35.58187, 0.57064 ], [ 35.58178, 0.57059 ], [ 35.58164, 0.57055 ], [ 35.58142, 0.57047 ], [ 35.5813, 0.57042 ], [ 35.58118, 0.57044 ], [ 35.58109, 0.57046 ], [ 35.58096, 0.57056 ], [ 35.58076, 0.57058 ], [ 35.58061, 0.57062 ], [ 35.5805, 0.57065 ], [ 35.58045, 0.57087 ], [ 35.58037, 0.5711 ], [ 35.58021, 0.57115 ], [ 35.58006, 0.57118 ], [ 35.57993, 0.57117 ], [ 35.57986, 0.57118 ], [ 35.57976, 0.57126 ], [ 35.57954, 0.57136 ], [ 35.57936, 0.57149 ], [ 35.57934, 0.57149 ], [ 35.57929, 0.57147 ], [ 35.5791, 0.57141 ], [ 35.57903, 0.57136 ], [ 35.57889, 0.57129 ], [ 35.57883, 0.57124 ], [ 35.57865, 0.57117 ], [ 35.57855, 0.5711 ], [ 35.57835, 0.57095 ], [ 35.57808, 0.57094 ], [ 35.5777, 0.57099 ], [ 35.57764, 0.571 ], [ 35.57755, 0.571 ], [ 35.57724, 0.57106 ], [ 35.57715, 0.57107 ], [ 35.57692, 0.57113 ], [ 35.57676, 0.57126 ], [ 35.57661, 0.57125 ], [ 35.57649, 0.57121 ], [ 35.57635, 0.57112 ], [ 35.5762, 0.57099 ], [ 35.57614, 0.5709 ], [ 35.57603, 0.5707 ], [ 35.57586, 0.57064 ], [ 35.57571, 0.57066 ], [ 35.57562, 0.57072 ], [ 35.57535, 0.57096 ], [ 35.57524, 0.57103 ], [ 35.57513, 0.57098 ], [ 35.57499, 0.57085 ], [ 35.57489, 0.57079 ], [ 35.57461, 0.57089 ], [ 35.57447, 0.57101 ], [ 35.5743, 0.57103 ], [ 35.57419, 0.57098 ], [ 35.57396, 0.57098 ], [ 35.57379, 0.57099 ], [ 35.5737, 0.57116 ], [ 35.57363, 0.57119 ], [ 35.57349, 0.57125 ], [ 35.57336, 0.57125 ], [ 35.5733, 0.57124 ], [ 35.57312, 0.57121 ], [ 35.57299, 0.57118 ], [ 35.57284, 0.57109 ], [ 35.57271, 0.57104 ], [ 35.57264, 0.57094 ], [ 35.57253, 0.57081 ], [ 35.5724, 0.5707 ], [ 35.57239, 0.57062 ], [ 35.57224, 0.5705 ], [ 35.57208, 0.57033 ], [ 35.57193, 0.57003 ], [ 35.57159, 0.57015 ], [ 35.57146, 0.57016 ], [ 35.57129, 0.57019 ], [ 35.57115, 0.57018 ], [ 35.57092, 0.57021 ], [ 35.57078, 0.57021 ], [ 35.57055, 0.57017 ], [ 35.57036, 0.57006 ], [ 35.57029, 0.56981 ], [ 35.57011, 0.56971 ], [ 35.56978, 0.56974 ], [ 35.56951, 0.56973 ], [ 35.56938, 0.56957 ], [ 35.56933, 0.56942 ], [ 35.56926, 0.56921 ], [ 35.56906, 0.56919 ], [ 35.56898, 0.56931 ], [ 35.56871, 0.56934 ], [ 35.56859, 0.56927 ], [ 35.5685, 0.56914 ], [ 35.56829, 0.56906 ], [ 35.56824, 0.56897 ], [ 35.56823, 0.56894 ], [ 35.56808, 0.56888 ], [ 35.5678, 0.56877 ], [ 35.56759, 0.56875 ], [ 35.56748, 0.56868 ], [ 35.56728, 0.56859 ], [ 35.56727, 0.56852 ], [ 35.56724, 0.56841 ], [ 35.56727, 0.56832 ], [ 35.56725, 0.56811 ], [ 35.5672, 0.568 ], [ 35.5671, 0.56796 ], [ 35.56699, 0.56796 ], [ 35.56694, 0.56796 ], [ 35.56684, 0.56804 ], [ 35.56673, 0.56808 ], [ 35.56659, 0.56802 ], [ 35.56656, 0.56793 ], [ 35.56649, 0.56777 ], [ 35.56648, 0.5676 ], [ 35.56644, 0.56749 ], [ 35.56643, 0.56741 ], [ 35.5663, 0.56733 ], [ 35.56621, 0.56729 ], [ 35.56612, 0.56733 ], [ 35.56603, 0.56738 ], [ 35.56591, 0.56746 ], [ 35.56581, 0.5674 ], [ 35.5656, 0.56725 ], [ 35.5655, 0.56721 ], [ 35.5653, 0.56728 ], [ 35.56522, 0.56732 ], [ 35.56501, 0.56737 ], [ 35.56484, 0.56732 ], [ 35.56474, 0.5671 ], [ 35.56455, 0.56702 ], [ 35.56448, 0.56703 ], [ 35.56438, 0.56707 ], [ 35.56425, 0.56713 ], [ 35.56414, 0.56704 ], [ 35.56397, 0.56693 ], [ 35.56378, 0.56689 ], [ 35.56362, 0.5669 ], [ 35.56355, 0.56681 ], [ 35.56348, 0.56653 ], [ 35.56343, 0.5665 ], [ 35.56312, 0.5666 ], [ 35.56298, 0.56662 ], [ 35.56284, 0.56661 ], [ 35.56266, 0.56653 ], [ 35.56259, 0.56641 ], [ 35.56243, 0.56634 ], [ 35.56222, 0.56627 ], [ 35.5621, 0.5662 ], [ 35.56196, 0.56618 ], [ 35.56179, 0.56618 ], [ 35.56152, 0.56622 ], [ 35.56137, 0.56623 ], [ 35.56121, 0.56618 ], [ 35.56093, 0.56606 ], [ 35.56074, 0.5659 ], [ 35.56064, 0.56591 ], [ 35.56049, 0.56597 ], [ 35.56032, 0.5659 ], [ 35.56019, 0.56576 ], [ 35.56, 0.5658 ], [ 35.55971, 0.5658 ], [ 35.5596, 0.56562 ], [ 35.55944, 0.56545 ], [ 35.55938, 0.56547 ], [ 35.5592, 0.5656 ], [ 35.55914, 0.56569 ], [ 35.55898, 0.56569 ], [ 35.55885, 0.56571 ], [ 35.55872, 0.56562 ], [ 35.55863, 0.56554 ], [ 35.55839, 0.56558 ], [ 35.55815, 0.56545 ], [ 35.55813, 0.56536 ], [ 35.55804, 0.5651 ], [ 35.55798, 0.56492 ], [ 35.55782, 0.56477 ], [ 35.55771, 0.56451 ], [ 35.55771, 0.56435 ], [ 35.55736, 0.56431 ], [ 35.55717, 0.5642 ], [ 35.55699, 0.564 ], [ 35.55682, 0.56387 ], [ 35.55679, 0.56374 ], [ 35.55662, 0.56363 ], [ 35.55627, 0.56361 ], [ 35.55627, 0.56355 ], [ 35.55601, 0.5633 ], [ 35.55592, 0.56317 ], [ 35.55574, 0.56304 ], [ 35.55544, 0.56287 ], [ 35.55533, 0.56287 ], [ 35.5552, 0.56287 ], [ 35.555, 0.56271 ], [ 35.55482, 0.56256 ], [ 35.55478, 0.56241 ], [ 35.55441, 0.56223 ], [ 35.55417, 0.56206 ], [ 35.5541, 0.56201 ], [ 35.55391, 0.56199 ], [ 35.55366, 0.56195 ], [ 35.55338, 0.56186 ], [ 35.5532, 0.56179 ], [ 35.55307, 0.56164 ], [ 35.55255, 0.56155 ], [ 35.55222, 0.56144 ], [ 35.55189, 0.56142 ], [ 35.5515, 0.56123 ], [ 35.5511, 0.56123 ], [ 35.55097, 0.5614 ], [ 35.55069, 0.56166 ], [ 35.55034, 0.5619 ], [ 35.55012, 0.56197 ], [ 35.54979, 0.56212 ], [ 35.54946, 0.56221 ], [ 35.54929, 0.56221 ], [ 35.54909, 0.56214 ], [ 35.54874, 0.5621 ], [ 35.54865, 0.56208 ], [ 35.54835, 0.56199 ], [ 35.5476, 0.56177 ], [ 35.54732, 0.5616 ], [ 35.5464, 0.56158 ], [ 35.54589, 0.56173 ], [ 35.54509, 0.56184 ], [ 35.54469, 0.56166 ], [ 35.54449, 0.56153 ], [ 35.54436, 0.56152 ], [ 35.54379, 0.56182 ], [ 35.5435, 0.56199 ], [ 35.54312, 0.56218 ], [ 35.54259, 0.56213 ], [ 35.54188, 0.56205 ], [ 35.54118, 0.56199 ], [ 35.54038, 0.56178 ], [ 35.53969, 0.56152 ], [ 35.53942, 0.56153 ], [ 35.53931, 0.56128 ], [ 35.53718, 0.56014 ], [ 35.5355, 0.55915 ], [ 35.53461, 0.55791 ], [ 35.53412, 0.5563 ], [ 35.53407, 0.55632 ], [ 35.52791, 0.55917 ], [ 35.5253, 0.55708 ], [ 35.52526, 0.55717 ], [ 35.52349, 0.55574 ], [ 35.52219, 0.55449 ], [ 35.52185, 0.5535 ], [ 35.5216, 0.55264 ], [ 35.52158, 0.55184 ], [ 35.52158, 0.55182 ], [ 35.52099, 0.55071 ], [ 35.51988, 0.54936 ], [ 35.51838, 0.549 ], [ 35.51737, 0.5489 ], [ 35.5166, 0.54901 ], [ 35.51578, 0.54884 ], [ 35.51446, 0.54806 ], [ 35.51309, 0.54729 ], [ 35.5116, 0.5459 ], [ 35.51098, 0.54541 ], [ 35.51014, 0.54476 ], [ 35.50834, 0.54342 ], [ 35.50738, 0.54282 ], [ 35.5062, 0.54265 ], [ 35.50523, 0.54263 ], [ 35.50435, 0.5425 ], [ 35.50433, 0.5425 ], [ 35.50445, 0.54152 ], [ 35.50445, 0.54152 ], [ 35.50464, 0.53993 ], [ 35.50527, 0.53798 ], [ 35.50612, 0.53588 ], [ 35.50628, 0.53551 ], [ 35.50701, 0.53388 ], [ 35.50798, 0.53254 ], [ 35.50836, 0.53229 ], [ 35.50959, 0.53145 ], [ 35.51025, 0.531 ], [ 35.51277, 0.52948 ], [ 35.51345, 0.52964 ], [ 35.51316, 0.52912 ], [ 35.51297, 0.52846 ], [ 35.5128, 0.5279 ], [ 35.51284, 0.52736 ], [ 35.51304, 0.52685 ], [ 35.51315, 0.52658 ], [ 35.51316, 0.52657 ], [ 35.51321, 0.52642 ], [ 35.51327, 0.52607 ], [ 35.51331, 0.52585 ], [ 35.51326, 0.52529 ], [ 35.51257, 0.52484 ], [ 35.51206, 0.52452 ], [ 35.511, 0.52452 ], [ 35.51004, 0.52433 ], [ 35.50925, 0.52419 ], [ 35.50864, 0.52407 ], [ 35.50845, 0.52403 ], [ 35.50752, 0.52397 ], [ 35.50654, 0.52365 ], [ 35.50574, 0.52339 ], [ 35.50571, 0.52338 ], [ 35.5035, 0.52265 ], [ 35.50147, 0.52235 ], [ 35.49952, 0.52168 ], [ 35.49869, 0.5217 ], [ 35.49757, 0.5213 ], [ 35.49554, 0.52103 ], [ 35.49334, 0.52059 ], [ 35.49333, 0.52058 ], [ 35.4923, 0.5203 ], [ 35.49192, 0.5202 ], [ 35.48972, 0.51998 ], [ 35.48797, 0.52027 ], [ 35.48737, 0.52107 ], [ 35.48467, 0.52467 ], [ 35.48298, 0.52691 ], [ 35.48132, 0.52925 ], [ 35.48081, 0.52999 ], [ 35.47903, 0.53234 ], [ 35.47799, 0.53372 ], [ 35.47651, 0.53543 ], [ 35.47585, 0.5364 ], [ 35.47416, 0.53911 ], [ 35.47337, 0.54038 ], [ 35.47337, 0.54039 ], [ 35.47318, 0.54069 ], [ 35.47329, 0.54118 ], [ 35.47344, 0.54184 ], [ 35.47357, 0.54321 ], [ 35.47411, 0.54508 ], [ 35.47444, 0.54626 ], [ 35.4746, 0.54693 ], [ 35.47484, 0.54791 ], [ 35.47487, 0.548 ], [ 35.4751, 0.54898 ], [ 35.47536, 0.55015 ], [ 35.47552, 0.55095 ], [ 35.47593, 0.55306 ], [ 35.47611, 0.55399 ], [ 35.47622, 0.55455 ], [ 35.47622, 0.55463 ], [ 35.47622, 0.55495 ], [ 35.47663, 0.55664 ], [ 35.47667, 0.55684 ], [ 35.47674, 0.55721 ], [ 35.47696, 0.55882 ], [ 35.47724, 0.56078 ], [ 35.47751, 0.56274 ], [ 35.47752, 0.56279 ], [ 35.47782, 0.5636 ], [ 35.47788, 0.56379 ], [ 35.47807, 0.56496 ], [ 35.47835, 0.56677 ], [ 35.47854, 0.56799 ], [ 35.47867, 0.56878 ], [ 35.47899, 0.5708 ], [ 35.47931, 0.57281 ], [ 35.47959, 0.57464 ], [ 35.47977, 0.57663 ], [ 35.48021, 0.57857 ], [ 35.48046, 0.5797 ], [ 35.4806, 0.58062 ], [ 35.48062, 0.58077 ], [ 35.48089, 0.58264 ], [ 35.48127, 0.58462 ], [ 35.48166, 0.58666 ], [ 35.48176, 0.58758 ], [ 35.48168, 0.58772 ], [ 35.48116, 0.58867 ], [ 35.48015, 0.59033 ], [ 35.47963, 0.59119 ], [ 35.47806, 0.59389 ], [ 35.47767, 0.5945 ], [ 35.47592, 0.59726 ], [ 35.47496, 0.59896 ], [ 35.47383, 0.60097 ], [ 35.47316, 0.60158 ], [ 35.4707, 0.60608 ], [ 35.47069, 0.60609 ], [ 35.4652, 0.61517 ], [ 35.46151, 0.62126 ], [ 35.46084, 0.62244 ], [ 35.4604, 0.62322 ], [ 35.45919, 0.62483 ], [ 35.45783, 0.62664 ], [ 35.45702, 0.62811 ], [ 35.4559, 0.62979 ], [ 35.45467, 0.63147 ], [ 35.45356, 0.63296 ], [ 35.45358, 0.63297 ], [ 35.45355, 0.63298 ], [ 35.45348, 0.63308 ], [ 35.45273, 0.63418 ], [ 35.45241, 0.6348 ], [ 35.45225, 0.63505 ], [ 35.45013, 0.63804 ], [ 35.44976, 0.63873 ], [ 35.44973, 0.63878 ], [ 35.44961, 0.63895 ], [ 35.44934, 0.63931 ], [ 35.44779, 0.6414 ], [ 35.4455, 0.64464 ], [ 35.44435, 0.64626 ], [ 35.44329, 0.64733 ], [ 35.44088, 0.65132 ], [ 35.44033, 0.65211 ], [ 35.44029, 0.65217 ], [ 35.43869, 0.65446 ], [ 35.43616, 0.65778 ], [ 35.43364, 0.66109 ], [ 35.43344, 0.66135 ], [ 35.43248, 0.66255 ], [ 35.43164, 0.66435 ], [ 35.43149, 0.66462 ], [ 35.43067, 0.66605 ], [ 35.42973, 0.66793 ], [ 35.42855, 0.66993 ], [ 35.42766, 0.67144 ], [ 35.42653, 0.67337 ], [ 35.42598, 0.67429 ], [ 35.42565, 0.67485 ], [ 35.42451, 0.67679 ], [ 35.42355, 0.67829 ], [ 35.42344, 0.67846 ], [ 35.42299, 0.67921 ], [ 35.42287, 0.6794 ], [ 35.42229, 0.68038 ], [ 35.42206, 0.68076 ], [ 35.42171, 0.68134 ], [ 35.4214, 0.68186 ], [ 35.4206, 0.68273 ], [ 35.42021, 0.6833 ], [ 35.41966, 0.68389 ], [ 35.41927, 0.68444 ], [ 35.41916, 0.68479 ], [ 35.41915, 0.68522 ], [ 35.41824, 0.68709 ], [ 35.41738, 0.68883 ], [ 35.41738, 0.68885 ], [ 35.41638, 0.69051 ], [ 35.41578, 0.69167 ], [ 35.41537, 0.69246 ], [ 35.41534, 0.69252 ], [ 35.41435, 0.69461 ], [ 35.41368, 0.69648 ], [ 35.41302, 0.69816 ], [ 35.413, 0.70007 ], [ 35.41133, 0.70006 ], [ 35.41027, 0.70143 ], [ 35.41025, 0.70171 ], [ 35.41025, 0.70172 ], [ 35.41023, 0.70196 ], [ 35.4105, 0.70231 ], [ 35.41088, 0.70245 ], [ 35.4111, 0.70272 ], [ 35.41141, 0.70294 ], [ 35.41165, 0.70277 ], [ 35.41207, 0.70273 ], [ 35.41242, 0.70262 ], [ 35.41277, 0.70256 ], [ 35.41312, 0.70251 ], [ 35.41339, 0.70237 ], [ 35.4137, 0.70199 ], [ 35.41384, 0.70186 ], [ 35.41406, 0.70166 ], [ 35.41632, 0.70177 ], [ 35.41841, 0.70179 ], [ 35.42243, 0.70206 ], [ 35.42619, 0.7022 ], [ 35.43121, 0.70206 ], [ 35.43443, 0.70213 ], [ 35.4356, 0.70216 ], [ 35.43561, 0.70216 ], [ 35.4356, 0.70214 ], [ 35.43782, 0.70205 ], [ 35.44075, 0.70205 ], [ 35.44123, 0.70203 ], [ 35.44663, 0.70203 ], [ 35.45007, 0.70203 ], [ 35.45074, 0.70203 ], [ 35.45279, 0.70203 ], [ 35.45673, 0.70203 ], [ 35.46077, 0.70203 ], [ 35.46464, 0.70203 ], [ 35.46633, 0.7018 ], [ 35.46722, 0.70177 ], [ 35.46747, 0.70176 ], [ 35.47434, 0.70151 ], [ 35.48084, 0.70136 ], [ 35.48297, 0.70131 ], [ 35.48706, 0.70117 ], [ 35.48732, 0.70116 ], [ 35.48768, 0.70114 ], [ 35.49142, 0.70101 ], [ 35.49849, 0.70077 ], [ 35.49864, 0.70076 ], [ 35.49961, 0.70075 ], [ 35.49985, 0.70069 ], [ 35.50039, 0.70032 ], [ 35.50059, 0.70043 ], [ 35.50066, 0.70047 ], [ 35.50075, 0.7004 ], [ 35.50075, 0.70051 ], [ 35.50103, 0.70066 ], [ 35.50186, 0.70066 ], [ 35.5031, 0.70066 ], [ 35.50355, 0.70074 ], [ 35.50381, 0.70092 ], [ 35.50398, 0.70126 ], [ 35.50414, 0.70158 ], [ 35.50415, 0.70201 ], [ 35.50438, 0.70241 ], [ 35.50468, 0.70255 ], [ 35.5043, 0.70273 ], [ 35.50428, 0.70278 ], [ 35.50435, 0.70317 ], [ 35.50432, 0.70394 ], [ 35.50433, 0.70474 ], [ 35.50422, 0.70527 ], [ 35.50424, 0.70605 ], [ 35.50452, 0.70692 ], [ 35.50475, 0.70735 ], [ 35.50485, 0.70757 ], [ 35.50515, 0.70856 ], [ 35.50557, 0.70931 ], [ 35.50575, 0.70985 ], [ 35.50558, 0.71018 ], [ 35.50496, 0.71048 ], [ 35.50413, 0.71066 ], [ 35.5041, 0.71067 ], [ 35.50411, 0.71068 ], [ 35.50396, 0.71068 ], [ 35.50332, 0.71086 ], [ 35.50307, 0.71113 ], [ 35.50284, 0.71138 ], [ 35.50262, 0.71162 ], [ 35.50229, 0.71164 ], [ 35.50192, 0.71166 ], [ 35.50141, 0.7117 ], [ 35.50091, 0.71189 ], [ 35.50074, 0.71196 ], [ 35.50074, 0.71214 ], [ 35.50029, 0.71242 ], [ 35.49984, 0.71278 ], [ 35.49953, 0.7132 ], [ 35.49904, 0.71384 ], [ 35.49879, 0.71437 ], [ 35.49843, 0.71486 ], [ 35.49802, 0.71579 ], [ 35.49768, 0.71629 ], [ 35.49751, 0.71674 ], [ 35.4974, 0.71699 ], [ 35.49737, 0.71746 ], [ 35.49711, 0.71815 ], [ 35.49683, 0.71882 ], [ 35.49677, 0.71905 ], [ 35.49661, 0.71904 ], [ 35.49646, 0.71922 ], [ 35.49644, 0.7193 ], [ 35.49622, 0.72017 ], [ 35.49607, 0.72082 ], [ 35.49576, 0.72117 ], [ 35.49543, 0.72154 ], [ 35.49531, 0.72216 ], [ 35.495, 0.72278 ], [ 35.49474, 0.7233 ], [ 35.49463, 0.72375 ], [ 35.49473, 0.72432 ], [ 35.49457, 0.72478 ], [ 35.49404, 0.72587 ], [ 35.49401, 0.72688 ], [ 35.49408, 0.72782 ], [ 35.49463, 0.72914 ], [ 35.49498, 0.73068 ], [ 35.49534, 0.73227 ], [ 35.49543, 0.73265 ], [ 35.49573, 0.73445 ], [ 35.49626, 0.73636 ], [ 35.49659, 0.73836 ], [ 35.49657, 0.73839 ], [ 35.49661, 0.73855 ], [ 35.49714, 0.74048 ], [ 35.49735, 0.7414 ], [ 35.49767, 0.74277 ], [ 35.49774, 0.74313 ], [ 35.49795, 0.74427 ], [ 35.4982, 0.74556 ], [ 35.49729, 0.7456 ], [ 35.4952, 0.74571 ], [ 35.49324, 0.74594 ], [ 35.49279, 0.74639 ], [ 35.49271, 0.74647 ], [ 35.49267, 0.74649 ], [ 35.49202, 0.74678 ], [ 35.4917, 0.74771 ], [ 35.49181, 0.74809 ], [ 35.49198, 0.74869 ], [ 35.49292, 0.74941 ], [ 35.49333, 0.74973 ], [ 35.49471, 0.75079 ], [ 35.4954, 0.75098 ], [ 35.4962, 0.7504 ], [ 35.49783, 0.74882 ], [ 35.49899, 0.7479 ], [ 35.49924, 0.74809 ], [ 35.4994, 0.7482 ], [ 35.49971, 0.74982 ], [ 35.50003, 0.75145 ], [ 35.50007, 0.75165 ], [ 35.50037, 0.75316 ], [ 35.50044, 0.75363 ], [ 35.50065, 0.75492 ], [ 35.50069, 0.75665 ], [ 35.50072, 0.76267 ], [ 35.50069, 0.76481 ], [ 35.50067, 0.77061 ], [ 35.50068, 0.77419 ], [ 35.50069, 0.77854 ], [ 35.50063, 0.7857 ], [ 35.50063, 0.78612 ], [ 35.50067, 0.79227 ], [ 35.5006, 0.7998 ], [ 35.50063, 0.80387 ], [ 35.50062, 0.80403 ], [ 35.50047, 0.81001 ], [ 35.5002, 0.8132 ], [ 35.50011, 0.8143 ], [ 35.5, 0.81569 ], [ 35.49993, 0.81731 ], [ 35.49998, 0.81803 ], [ 35.5, 0.81821 ], [ 35.49995, 0.8183 ], [ 35.49925, 0.81808 ], [ 35.49894, 0.81799 ], [ 35.49883, 0.81799 ], [ 35.49877, 0.818 ], [ 35.498, 0.81806 ], [ 35.49737, 0.81806 ], [ 35.49712, 0.81837 ], [ 35.49712, 0.81837 ], [ 35.49662, 0.81927 ], [ 35.4966, 0.81929 ], [ 35.49648, 0.81912 ], [ 35.49621, 0.8187 ], [ 35.49604, 0.81921 ], [ 35.49546, 0.82019 ], [ 35.4948, 0.82066 ], [ 35.49375, 0.82174 ], [ 35.49285, 0.82154 ], [ 35.49166, 0.82143 ], [ 35.48972, 0.82113 ], [ 35.4884, 0.82111 ], [ 35.48649, 0.82068 ], [ 35.48552, 0.82062 ], [ 35.48267, 0.82059 ], [ 35.48195, 0.82064 ], [ 35.48179, 0.82075 ], [ 35.48177, 0.82102 ], [ 35.48188, 0.8214 ], [ 35.48215, 0.82176 ], [ 35.48246, 0.82197 ], [ 35.48248, 0.82197 ], [ 35.48274, 0.82213 ], [ 35.48304, 0.82227 ], [ 35.48323, 0.8224 ], [ 35.48327, 0.82244 ], [ 35.48341, 0.82295 ], [ 35.48361, 0.82385 ], [ 35.48435, 0.82555 ], [ 35.4846, 0.82612 ], [ 35.48463, 0.82618 ], [ 35.48466, 0.8263 ], [ 35.48479, 0.8266 ], [ 35.48496, 0.82697 ], [ 35.48509, 0.82725 ], [ 35.48524, 0.82744 ], [ 35.48538, 0.82773 ], [ 35.48547, 0.82792 ], [ 35.48553, 0.82803 ], [ 35.48568, 0.82824 ], [ 35.48569, 0.82825 ], [ 35.4859, 0.82853 ], [ 35.48603, 0.82886 ], [ 35.48634, 0.82967 ], [ 35.48638, 0.83006 ], [ 35.48647, 0.83032 ], [ 35.48656, 0.83057 ], [ 35.48666, 0.83083 ], [ 35.48681, 0.83123 ], [ 35.48695, 0.83143 ], [ 35.48696, 0.83181 ], [ 35.48701, 0.83214 ], [ 35.48714, 0.83237 ], [ 35.48723, 0.83265 ], [ 35.48738, 0.83293 ], [ 35.48762, 0.83338 ], [ 35.48793, 0.83386 ], [ 35.48786, 0.83391 ], [ 35.48802, 0.83421 ], [ 35.4881, 0.83437 ], [ 35.48825, 0.83466 ], [ 35.48832, 0.83491 ], [ 35.48851, 0.83562 ], [ 35.48856, 0.83581 ], [ 35.48863, 0.83605 ], [ 35.48871, 0.83635 ], [ 35.48901, 0.83693 ], [ 35.48939, 0.83749 ], [ 35.48949, 0.83828 ], [ 35.48966, 0.83855 ], [ 35.48996, 0.8388 ], [ 35.49027, 0.83908 ], [ 35.49031, 0.83957 ], [ 35.49044, 0.83989 ], [ 35.49045, 0.84001 ], [ 35.49042, 0.84013 ], [ 35.48979, 0.84064 ], [ 35.48952, 0.841 ], [ 35.48948, 0.8413 ], [ 35.4895, 0.84159 ], [ 35.48986, 0.84188 ], [ 35.49022, 0.84211 ], [ 35.4903, 0.8422 ], [ 35.49053, 0.84233 ], [ 35.49064, 0.84239 ], [ 35.49095, 0.84273 ], [ 35.49098, 0.84289 ], [ 35.49101, 0.84305 ], [ 35.49103, 0.84314 ], [ 35.49093, 0.8435 ], [ 35.49084, 0.8437 ], [ 35.49079, 0.84407 ], [ 35.49084, 0.84447 ], [ 35.49104, 0.84455 ], [ 35.49106, 0.84456 ], [ 35.49141, 0.84464 ], [ 35.49154, 0.84477 ], [ 35.49181, 0.84484 ], [ 35.49228, 0.8449 ], [ 35.49248, 0.84501 ], [ 35.4927, 0.84512 ], [ 35.49307, 0.84533 ], [ 35.49337, 0.84561 ], [ 35.49379, 0.84601 ], [ 35.49414, 0.84624 ], [ 35.49423, 0.84636 ], [ 35.49432, 0.84647 ], [ 35.49434, 0.84668 ], [ 35.49456, 0.84682 ], [ 35.49457, 0.84682 ], [ 35.49469, 0.84684 ], [ 35.49489, 0.84681 ], [ 35.49508, 0.84678 ], [ 35.49535, 0.84679 ], [ 35.49561, 0.84674 ], [ 35.49583, 0.84669 ], [ 35.49603, 0.84672 ], [ 35.49629, 0.84676 ], [ 35.49666, 0.84686 ], [ 35.49692, 0.84699 ], [ 35.49734, 0.84713 ], [ 35.4976, 0.84713 ], [ 35.49783, 0.8472 ], [ 35.49811, 0.84738 ], [ 35.49841, 0.84756 ], [ 35.49868, 0.84773 ], [ 35.49887, 0.84785 ], [ 35.49917, 0.84795 ], [ 35.4995, 0.84795 ], [ 35.49983, 0.84795 ], [ 35.4999, 0.84795 ], [ 35.5, 0.84797 ], [ 35.50004, 0.84798 ], [ 35.50004, 0.84798 ], [ 35.50036, 0.84804 ], [ 35.50075, 0.84812 ], [ 35.50105, 0.84818 ], [ 35.50133, 0.84842 ], [ 35.50141, 0.84848 ], [ 35.50165, 0.84869 ], [ 35.50191, 0.84904 ], [ 35.50204, 0.84922 ], [ 35.50205, 0.84921 ], [ 35.50205, 0.84922 ], [ 35.50215, 0.84936 ], [ 35.50225, 0.84944 ], [ 35.50241, 0.84958 ], [ 35.50278, 0.84977 ], [ 35.50297, 0.84996 ], [ 35.50308, 0.85022 ], [ 35.50336, 0.85053 ], [ 35.50337, 0.85054 ], [ 35.50354, 0.85058 ], [ 35.50357, 0.85058 ], [ 35.50394, 0.85066 ], [ 35.50396, 0.85069 ], [ 35.50406, 0.85081 ], [ 35.50422, 0.85082 ], [ 35.50443, 0.85082 ], [ 35.50487, 0.85099 ], [ 35.50489, 0.85101 ], [ 35.50519, 0.85128 ], [ 35.50567, 0.85161 ], [ 35.50571, 0.85163 ], [ 35.50614, 0.85175 ], [ 35.50635, 0.85181 ], [ 35.50635, 0.85181 ], [ 35.50658, 0.85187 ], [ 35.50685, 0.85188 ], [ 35.50694, 0.85188 ], [ 35.50726, 0.85198 ], [ 35.50736, 0.85203 ], [ 35.50758, 0.85213 ], [ 35.508, 0.85222 ], [ 35.50833, 0.85229 ], [ 35.50841, 0.8523 ], [ 35.50879, 0.85234 ], [ 35.50931, 0.85239 ], [ 35.50959, 0.85247 ], [ 35.50968, 0.8525 ], [ 35.50987, 0.85253 ], [ 35.51006, 0.85256 ], [ 35.51037, 0.85283 ], [ 35.51041, 0.85289 ], [ 35.51061, 0.85312 ], [ 35.51084, 0.85346 ], [ 35.51098, 0.85361 ], [ 35.51106, 0.8537 ], [ 35.51114, 0.85379 ], [ 35.51131, 0.85411 ], [ 35.51137, 0.8543 ], [ 35.51138, 0.85436 ], [ 35.51141, 0.85438 ], [ 35.51149, 0.85447 ], [ 35.51162, 0.85462 ], [ 35.51167, 0.85465 ], [ 35.51188, 0.85479 ], [ 35.51194, 0.85481 ], [ 35.51216, 0.85487 ], [ 35.51257, 0.85499 ], [ 35.5128, 0.85515 ], [ 35.51283, 0.85516 ], [ 35.51344, 0.85546 ], [ 35.51383, 0.85573 ], [ 35.51388, 0.85576 ], [ 35.51415, 0.85595 ], [ 35.51447, 0.8563 ], [ 35.51455, 0.85634 ], [ 35.51483, 0.85646 ], [ 35.51505, 0.85655 ], [ 35.51506, 0.85656 ], [ 35.51541, 0.85661 ], [ 35.51571, 0.85661 ], [ 35.5159, 0.85649 ], [ 35.51625, 0.85637 ], [ 35.51655, 0.85625 ], [ 35.51709, 0.85619 ], [ 35.51762, 0.85614 ], [ 35.51806, 0.85614 ], [ 35.51846, 0.85614 ], [ 35.51865, 0.85597 ], [ 35.51872, 0.85593 ], [ 35.51877, 0.85586 ], [ 35.51891, 0.85565 ], [ 35.51911, 0.85535 ], [ 35.51939, 0.85491 ], [ 35.51955, 0.85467 ], [ 35.51993, 0.85448 ], [ 35.52027, 0.85437 ], [ 35.52059, 0.85426 ], [ 35.52059, 0.85425 ], [ 35.52094, 0.85414 ], [ 35.52117, 0.85388 ], [ 35.52155, 0.85353 ], [ 35.52197, 0.85315 ], [ 35.5222, 0.85284 ], [ 35.52239, 0.85259 ], [ 35.52254, 0.85239 ], [ 35.5227, 0.8521 ], [ 35.52271, 0.85209 ], [ 35.52282, 0.8519 ], [ 35.52287, 0.85154 ], [ 35.52314, 0.85131 ], [ 35.52329, 0.85118 ], [ 35.52384, 0.85071 ], [ 35.52415, 0.85059 ], [ 35.52441, 0.85048 ], [ 35.5247, 0.85029 ], [ 35.52522, 0.84992 ], [ 35.52527, 0.84989 ], [ 35.52561, 0.84966 ], [ 35.52581, 0.84952 ], [ 35.52596, 0.84922 ], [ 35.52609, 0.84908 ], [ 35.52638, 0.84871 ], [ 35.52659, 0.84843 ], [ 35.52682, 0.84813 ], [ 35.52681, 0.84786 ], [ 35.52691, 0.84765 ], [ 35.52694, 0.84741 ], [ 35.52684, 0.84694 ], [ 35.52683, 0.84659 ], [ 35.52694, 0.84617 ], [ 35.5269, 0.84581 ], [ 35.527, 0.8455 ], [ 35.5272, 0.8453 ], [ 35.52755, 0.84519 ], [ 35.52786, 0.84519 ], [ 35.52814, 0.84518 ], [ 35.52843, 0.84517 ], [ 35.52844, 0.84517 ], [ 35.52866, 0.84522 ], [ 35.52998, 0.84632 ], [ 35.53063, 0.84686 ], [ 35.53072, 0.847 ], [ 35.53095, 0.84723 ], [ 35.53148, 0.84776 ], [ 35.53184, 0.84812 ], [ 35.53213, 0.84834 ], [ 35.53231, 0.84865 ], [ 35.53263, 0.849 ], [ 35.53281, 0.8492 ], [ 35.53317, 0.84952 ], [ 35.5335, 0.84981 ], [ 35.53357, 0.84987 ], [ 35.53396, 0.85012 ], [ 35.53423, 0.85039 ], [ 35.53449, 0.85056 ], [ 35.53479, 0.85076 ], [ 35.53507, 0.85094 ], [ 35.53554, 0.85118 ], [ 35.536, 0.8514 ], [ 35.53632, 0.85156 ], [ 35.53671, 0.85164 ], [ 35.53713, 0.85164 ], [ 35.5375, 0.85168 ], [ 35.53786, 0.85172 ], [ 35.53826, 0.85177 ], [ 35.53889, 0.85177 ], [ 35.53946, 0.85189 ], [ 35.53976, 0.852 ], [ 35.54014, 0.85228 ], [ 35.54049, 0.85236 ], [ 35.54091, 0.85235 ], [ 35.54143, 0.85229 ], [ 35.54184, 0.85232 ], [ 35.54553, 0.85227 ], [ 35.54988, 0.85221 ], [ 35.55531, 0.85241 ], [ 35.55812, 0.85251 ], [ 35.55939, 0.85255 ], [ 35.56319, 0.85248 ], [ 35.56693, 0.8524 ], [ 35.56693, 0.8524 ], [ 35.56715, 0.85357 ], [ 35.5678, 0.85538 ], [ 35.56875, 0.85686 ], [ 35.56925, 0.85734 ], [ 35.57064, 0.85801 ], [ 35.57243, 0.85828 ], [ 35.57489, 0.85904 ], [ 35.57557, 0.85914 ], [ 35.57595, 0.85951 ], [ 35.5764, 0.85972 ], [ 35.57705, 0.85992 ], [ 35.5775, 0.85992 ], [ 35.57795, 0.86013 ], [ 35.57844, 0.86024 ], [ 35.57879, 0.86016 ], [ 35.57896, 0.85981 ], [ 35.57905, 0.85975 ], [ 35.57909, 0.85976 ], [ 35.57969, 0.85976 ], [ 35.57996, 0.85994 ], [ 35.58004, 0.86029 ], [ 35.58014, 0.86069 ], [ 35.58025, 0.86114 ], [ 35.58117, 0.86107 ], [ 35.58128, 0.86106 ], [ 35.58273, 0.86095 ], [ 35.58493, 0.86078 ], [ 35.58744, 0.86059 ], [ 35.58901, 0.86002 ], [ 35.59096, 0.85972 ], [ 35.59291, 0.8597 ], [ 35.59444, 0.85968 ], [ 35.59598, 0.85967 ], [ 35.59794, 0.85934 ], [ 35.60016, 0.85896 ], [ 35.60278, 0.85836 ], [ 35.60512, 0.85761 ], [ 35.60641, 0.8572 ], [ 35.60702, 0.85731 ], [ 35.60725, 0.85735 ], [ 35.60748, 0.85734 ], [ 35.60765, 0.85736 ], [ 35.60778, 0.85746 ], [ 35.60793, 0.85757 ], [ 35.60793, 0.85761 ], [ 35.60793, 0.85767 ], [ 35.60814, 0.85771 ], [ 35.60825, 0.8577 ], [ 35.60825, 0.8577 ], [ 35.60843, 0.85762 ], [ 35.60864, 0.85758 ], [ 35.60878, 0.85762 ], [ 35.6089, 0.85776 ], [ 35.60896, 0.85783 ], [ 35.60897, 0.85784 ], [ 35.609, 0.85784 ], [ 35.60919, 0.8579 ], [ 35.60942, 0.85799 ], [ 35.60976, 0.85811 ], [ 35.61002, 0.85823 ], [ 35.61018, 0.8583 ], [ 35.61027, 0.8583 ], [ 35.61027, 0.85831 ], [ 35.61033, 0.8583 ], [ 35.61044, 0.85829 ], [ 35.61072, 0.85827 ], [ 35.61095, 0.85826 ], [ 35.61127, 0.85829 ], [ 35.61136, 0.85834 ], [ 35.61147, 0.85842 ], [ 35.61158, 0.85849 ], [ 35.61161, 0.8585 ], [ 35.61161, 0.85852 ], [ 35.61165, 0.85858 ], [ 35.61169, 0.85858 ], [ 35.61184, 0.8586 ], [ 35.61203, 0.85863 ], [ 35.61229, 0.85861 ], [ 35.61244, 0.8586 ], [ 35.61273, 0.85864 ], [ 35.6129, 0.85876 ], [ 35.61314, 0.85893 ], [ 35.61348, 0.85902 ], [ 35.61383, 0.85919 ], [ 35.61384, 0.8592 ], [ 35.61391, 0.85922 ], [ 35.61418, 0.8593 ], [ 35.61419, 0.85931 ], [ 35.61448, 0.85946 ], [ 35.61469, 0.85943 ], [ 35.61482, 0.85941 ], [ 35.61484, 0.8594 ], [ 35.61507, 0.85937 ], [ 35.61532, 0.85938 ], [ 35.61565, 0.85932 ], [ 35.61595, 0.85931 ], [ 35.61613, 0.8593 ], [ 35.61624, 0.8594 ], [ 35.61628, 0.85948 ], [ 35.6163, 0.85951 ], [ 35.61637, 0.85964 ], [ 35.61643, 0.85975 ], [ 35.61649, 0.85985 ], [ 35.61663, 0.85983 ], [ 35.61679, 0.85976 ], [ 35.61692, 0.85967 ], [ 35.61714, 0.8597 ], [ 35.61724, 0.85976 ], [ 35.6174, 0.85971 ], [ 35.61741, 0.85971 ], [ 35.61759, 0.85962 ], [ 35.61765, 0.85954 ], [ 35.61779, 0.85952 ], [ 35.61791, 0.85955 ], [ 35.618, 0.85965 ], [ 35.6181, 0.85976 ], [ 35.61828, 0.85976 ], [ 35.61848, 0.85976 ], [ 35.61874, 0.85984 ], [ 35.61887, 0.85996 ], [ 35.61893, 0.8601 ], [ 35.61898, 0.86017 ], [ 35.61905, 0.86026 ], [ 35.61913, 0.86042 ], [ 35.61919, 0.86055 ], [ 35.61941, 0.86061 ], [ 35.6197, 0.86069 ], [ 35.61985, 0.86067 ], [ 35.62001, 0.86066 ], [ 35.62031, 0.86074 ], [ 35.62052, 0.86086 ], [ 35.62075, 0.861 ], [ 35.62092, 0.86126 ], [ 35.62104, 0.86143 ], [ 35.62116, 0.86161 ], [ 35.62133, 0.86171 ], [ 35.62139, 0.86175 ], [ 35.62155, 0.86185 ], [ 35.62178, 0.86183 ], [ 35.62205, 0.86173 ], [ 35.62225, 0.86162 ], [ 35.62243, 0.86143 ], [ 35.62274, 0.86135 ], [ 35.62297, 0.86134 ], [ 35.62343, 0.86127 ], [ 35.62372, 0.86127 ], [ 35.62392, 0.86126 ], [ 35.62409, 0.86126 ], [ 35.62442, 0.86125 ], [ 35.62476, 0.86124 ], [ 35.62492, 0.86124 ], [ 35.62507, 0.86132 ] ] ] } },
{ "type": "Feature", "properties": { "entity_id": 79, "p_entity": 6, "name": "Keiyo South Sub County" }, "geometry": { "type": "Polygon", "coordinates": [ [ [ 35.61265, 0.5847 ], [ 35.61265, 0.58461 ], [ 35.61265, 0.58449 ], [ 35.61268, 0.58409 ], [ 35.61268, 0.58407 ], [ 35.61281, 0.58359 ], [ 35.61296, 0.58335 ], [ 35.61304, 0.58323 ], [ 35.6135, 0.58275 ], [ 35.61363, 0.58257 ], [ 35.61376, 0.58241 ], [ 35.61376, 0.58237 ], [ 35.61376, 0.58222 ], [ 35.61376, 0.58202 ], [ 35.61372, 0.5818 ], [ 35.6137, 0.58174 ], [ 35.61366, 0.5815 ], [ 35.61359, 0.58128 ], [ 35.61359, 0.58092 ], [ 35.61372, 0.58056 ], [ 35.61385, 0.58031 ], [ 35.61396, 0.58018 ], [ 35.61406, 0.57998 ], [ 35.61406, 0.57978 ], [ 35.61401, 0.57954 ], [ 35.614, 0.57953 ], [ 35.61388, 0.57925 ], [ 35.61375, 0.57909 ], [ 35.61369, 0.57883 ], [ 35.61367, 0.57876 ], [ 35.61372, 0.57867 ], [ 35.61376, 0.57858 ], [ 35.6138, 0.5785 ], [ 35.61411, 0.57824 ], [ 35.61445, 0.57805 ], [ 35.61463, 0.5779 ], [ 35.61468, 0.57782 ], [ 35.61472, 0.5777 ], [ 35.6146, 0.57736 ], [ 35.61459, 0.57719 ], [ 35.61449, 0.57687 ], [ 35.61448, 0.57686 ], [ 35.61437, 0.57672 ], [ 35.6143, 0.5766 ], [ 35.61414, 0.57629 ], [ 35.61406, 0.57613 ], [ 35.61403, 0.57598 ], [ 35.61399, 0.57584 ], [ 35.61399, 0.57549 ], [ 35.61395, 0.57518 ], [ 35.61396, 0.57504 ], [ 35.61398, 0.57489 ], [ 35.61406, 0.57458 ], [ 35.61409, 0.57433 ], [ 35.61408, 0.57426 ], [ 35.61405, 0.57402 ], [ 35.61397, 0.57395 ], [ 35.6138, 0.57378 ], [ 35.61367, 0.57355 ], [ 35.61366, 0.5733 ], [ 35.61363, 0.57317 ], [ 35.61363, 0.57297 ], [ 35.61363, 0.57287 ], [ 35.61367, 0.57269 ], [ 35.61367, 0.57267 ], [ 35.61367, 0.57266 ], [ 35.61343, 0.57249 ], [ 35.613, 0.57222 ], [ 35.61279, 0.57184 ], [ 35.61262, 0.5716 ], [ 35.61252, 0.57117 ], [ 35.61246, 0.57071 ], [ 35.61233, 0.57033 ], [ 35.61214, 0.5699 ], [ 35.61184, 0.56969 ], [ 35.61154, 0.56955 ], [ 35.61149, 0.56953 ], [ 35.61142, 0.56952 ], [ 35.61101, 0.56947 ], [ 35.61074, 0.56928 ], [ 35.61079, 0.56901 ], [ 35.61109, 0.56885 ], [ 35.61133, 0.56874 ], [ 35.61157, 0.56842 ], [ 35.61157, 0.56807 ], [ 35.61157, 0.56762 ], [ 35.61153, 0.56751 ], [ 35.61132, 0.56699 ], [ 35.61128, 0.56688 ], [ 35.61122, 0.56681 ], [ 35.61076, 0.56629 ], [ 35.61039, 0.56601 ], [ 35.61022, 0.56589 ], [ 35.6102, 0.56588 ], [ 35.60996, 0.56583 ], [ 35.60955, 0.56578 ], [ 35.6092, 0.56564 ], [ 35.60896, 0.56554 ], [ 35.60888, 0.56529 ], [ 35.60888, 0.56521 ], [ 35.6089, 0.56495 ], [ 35.6089, 0.56484 ], [ 35.60909, 0.5643 ], [ 35.60915, 0.56392 ], [ 35.60919, 0.56368 ], [ 35.6092, 0.56359 ], [ 35.60916, 0.56355 ], [ 35.60915, 0.56354 ], [ 35.60901, 0.56338 ], [ 35.60869, 0.56333 ], [ 35.60842, 0.56333 ], [ 35.60816, 0.56311 ], [ 35.60804, 0.563 ], [ 35.60772, 0.5626 ], [ 35.60731, 0.56209 ], [ 35.60699, 0.56138 ], [ 35.60696, 0.56136 ], [ 35.60667, 0.56106 ], [ 35.60632, 0.56095 ], [ 35.60613, 0.56083 ], [ 35.60599, 0.56074 ], [ 35.60583, 0.56041 ], [ 35.6057, 0.56012 ], [ 35.60568, 0.55998 ], [ 35.60564, 0.55969 ], [ 35.60532, 0.55952 ], [ 35.60519, 0.55946 ], [ 35.6051, 0.55942 ], [ 35.60494, 0.55917 ], [ 35.60494, 0.55908 ], [ 35.60494, 0.55898 ], [ 35.60487, 0.55876 ], [ 35.60486, 0.5587 ], [ 35.60483, 0.55853 ], [ 35.60497, 0.55818 ], [ 35.60517, 0.55797 ], [ 35.60532, 0.55776 ], [ 35.60538, 0.55749 ], [ 35.60538, 0.55748 ], [ 35.60532, 0.55742 ], [ 35.60521, 0.55733 ], [ 35.60493, 0.55716 ], [ 35.60495, 0.55684 ], [ 35.605, 0.55675 ], [ 35.60506, 0.55662 ], [ 35.60508, 0.5562 ], [ 35.60501, 0.55604 ], [ 35.60495, 0.55594 ], [ 35.60491, 0.55582 ], [ 35.60483, 0.5556 ], [ 35.60461, 0.55513 ], [ 35.60453, 0.55501 ], [ 35.6045, 0.55497 ], [ 35.60435, 0.55476 ], [ 35.60401, 0.55463 ], [ 35.60361, 0.55461 ], [ 35.60318, 0.55446 ], [ 35.60305, 0.55441 ], [ 35.60273, 0.55427 ], [ 35.60256, 0.55399 ], [ 35.60248, 0.55367 ], [ 35.60248, 0.55332 ], [ 35.60248, 0.55302 ], [ 35.60248, 0.55296 ], [ 35.60248, 0.55281 ], [ 35.60266, 0.55257 ], [ 35.60268, 0.55253 ], [ 35.60269, 0.55249 ], [ 35.60273, 0.55199 ], [ 35.6027, 0.55178 ], [ 35.60264, 0.55168 ], [ 35.60258, 0.55143 ], [ 35.60266, 0.55119 ], [ 35.60289, 0.55094 ], [ 35.60307, 0.55086 ], [ 35.60313, 0.55083 ], [ 35.60332, 0.55072 ], [ 35.60346, 0.55048 ], [ 35.60348, 0.55013 ], [ 35.60327, 0.54989 ], [ 35.60311, 0.54966 ], [ 35.60307, 0.54946 ], [ 35.60305, 0.54919 ], [ 35.60307, 0.54883 ], [ 35.60317, 0.54844 ], [ 35.60332, 0.54803 ], [ 35.60335, 0.5479 ], [ 35.60344, 0.54755 ], [ 35.60354, 0.54732 ], [ 35.60367, 0.5472 ], [ 35.60378, 0.5471 ], [ 35.60403, 0.54688 ], [ 35.60404, 0.54687 ], [ 35.60429, 0.54663 ], [ 35.60433, 0.54659 ], [ 35.60437, 0.54649 ], [ 35.60448, 0.54622 ], [ 35.60464, 0.54572 ], [ 35.60464, 0.54539 ], [ 35.60464, 0.54515 ], [ 35.60466, 0.545 ], [ 35.60457, 0.54473 ], [ 35.60455, 0.54466 ], [ 35.60459, 0.54437 ], [ 35.60477, 0.5442 ], [ 35.60486, 0.54408 ], [ 35.605, 0.5439 ], [ 35.605, 0.54384 ], [ 35.605, 0.54375 ], [ 35.60503, 0.54336 ], [ 35.60503, 0.54303 ], [ 35.60504, 0.54294 ], [ 35.60507, 0.54273 ], [ 35.60508, 0.54269 ], [ 35.60511, 0.54251 ], [ 35.60544, 0.54236 ], [ 35.60574, 0.5423 ], [ 35.60598, 0.54227 ], [ 35.60609, 0.54225 ], [ 35.60613, 0.54208 ], [ 35.60613, 0.54189 ], [ 35.60613, 0.54178 ], [ 35.60613, 0.54156 ], [ 35.60615, 0.5413 ], [ 35.6062, 0.5411 ], [ 35.60635, 0.54092 ], [ 35.60639, 0.54087 ], [ 35.60654, 0.54069 ], [ 35.60654, 0.54048 ], [ 35.6065, 0.54028 ], [ 35.6064, 0.54019 ], [ 35.6063, 0.54011 ], [ 35.60602, 0.53996 ], [ 35.60598, 0.53959 ], [ 35.60578, 0.53933 ], [ 35.60553, 0.53918 ], [ 35.60548, 0.53915 ], [ 35.60516, 0.53915 ], [ 35.60492, 0.53915 ], [ 35.60466, 0.53912 ], [ 35.60457, 0.53911 ], [ 35.60453, 0.53898 ], [ 35.60448, 0.53885 ], [ 35.60453, 0.53859 ], [ 35.60481, 0.53829 ], [ 35.60507, 0.53792 ], [ 35.60518, 0.5377 ], [ 35.60524, 0.53756 ], [ 35.60526, 0.53749 ], [ 35.60524, 0.53723 ], [ 35.60523, 0.5372 ], [ 35.60509, 0.53699 ], [ 35.60487, 0.53679 ], [ 35.60451, 0.53651 ], [ 35.60409, 0.53617 ], [ 35.60381, 0.53582 ], [ 35.60353, 0.53549 ], [ 35.60316, 0.53502 ], [ 35.60286, 0.53461 ], [ 35.60288, 0.53439 ], [ 35.60295, 0.53409 ], [ 35.60301, 0.53394 ], [ 35.6031, 0.53361 ], [ 35.60317, 0.53347 ], [ 35.60321, 0.53342 ], [ 35.60323, 0.53305 ], [ 35.60323, 0.53295 ], [ 35.60323, 0.53285 ], [ 35.60323, 0.53264 ], [ 35.6031, 0.53235 ], [ 35.60304, 0.53224 ], [ 35.60301, 0.53218 ], [ 35.60294, 0.53206 ], [ 35.60286, 0.53192 ], [ 35.60292, 0.53178 ], [ 35.60294, 0.53173 ], [ 35.60297, 0.53166 ], [ 35.60316, 0.53144 ], [ 35.60327, 0.53138 ], [ 35.60362, 0.53106 ], [ 35.60386, 0.53095 ], [ 35.60397, 0.53089 ], [ 35.60407, 0.53088 ], [ 35.60422, 0.53082 ], [ 35.60446, 0.53053 ], [ 35.60419, 0.53025 ], [ 35.60402, 0.53 ], [ 35.60398, 0.52994 ], [ 35.60396, 0.5296 ], [ 35.6041, 0.52943 ], [ 35.60424, 0.52926 ], [ 35.60432, 0.52922 ], [ 35.60435, 0.52921 ], [ 35.60435, 0.52919 ], [ 35.60435, 0.52905 ], [ 35.60435, 0.52877 ], [ 35.60436, 0.52864 ], [ 35.60437, 0.5285 ], [ 35.60443, 0.5283 ], [ 35.60466, 0.52819 ], [ 35.60497, 0.52814 ], [ 35.6051, 0.52819 ], [ 35.60523, 0.52837 ], [ 35.60542, 0.52863 ], [ 35.60562, 0.52866 ], [ 35.60569, 0.52863 ], [ 35.60576, 0.5286 ], [ 35.60604, 0.52848 ], [ 35.60616, 0.52833 ], [ 35.60635, 0.52809 ], [ 35.60658, 0.52784 ], [ 35.60664, 0.52778 ], [ 35.60739, 0.5271 ], [ 35.60799, 0.52666 ], [ 35.60833, 0.52655 ], [ 35.60851, 0.52653 ], [ 35.6087, 0.52668 ], [ 35.60875, 0.52671 ], [ 35.60888, 0.52684 ], [ 35.60927, 0.52689 ], [ 35.6095, 0.52676 ], [ 35.60984, 0.52616 ], [ 35.60997, 0.52567 ], [ 35.61, 0.52556 ], [ 35.61067, 0.52491 ], [ 35.61124, 0.52439 ], [ 35.61142, 0.52422 ], [ 35.61153, 0.52411 ], [ 35.61166, 0.52372 ], [ 35.61166, 0.52369 ], [ 35.61169, 0.52333 ], [ 35.61175, 0.52323 ], [ 35.61187, 0.52304 ], [ 35.61234, 0.52278 ], [ 35.61252, 0.5227 ], [ 35.6127, 0.52234 ], [ 35.6127, 0.52226 ], [ 35.6127, 0.52182 ], [ 35.61265, 0.52148 ], [ 35.6126, 0.52106 ], [ 35.6126, 0.52057 ], [ 35.61275, 0.52013 ], [ 35.61314, 0.51956 ], [ 35.61319, 0.51948 ], [ 35.61337, 0.51913 ], [ 35.61382, 0.51833 ], [ 35.61415, 0.51788 ], [ 35.61448, 0.51757 ], [ 35.61478, 0.51719 ], [ 35.61482, 0.51712 ], [ 35.61487, 0.51701 ], [ 35.61487, 0.5169 ], [ 35.61487, 0.51661 ], [ 35.61487, 0.5164 ], [ 35.61487, 0.51625 ], [ 35.61483, 0.51622 ], [ 35.61442, 0.51593 ], [ 35.61396, 0.51593 ], [ 35.61348, 0.51585 ], [ 35.61319, 0.5158 ], [ 35.61317, 0.51579 ], [ 35.61275, 0.51568 ], [ 35.61255, 0.51531 ], [ 35.61252, 0.51486 ], [ 35.61269, 0.51452 ], [ 35.61309, 0.51438 ], [ 35.61324, 0.51432 ], [ 35.61351, 0.51421 ], [ 35.61383, 0.51396 ], [ 35.61391, 0.5139 ], [ 35.61422, 0.51325 ], [ 35.61442, 0.51265 ], [ 35.61442, 0.51234 ], [ 35.61433, 0.512 ], [ 35.61424, 0.51182 ], [ 35.61413, 0.5116 ], [ 35.61414, 0.51148 ], [ 35.61416, 0.51121 ], [ 35.61416, 0.51087 ], [ 35.61435, 0.51055 ], [ 35.61444, 0.51039 ], [ 35.6146, 0.51023 ], [ 35.61485, 0.50978 ], [ 35.61491, 0.50949 ], [ 35.61487, 0.50908 ], [ 35.61472, 0.50878 ], [ 35.61446, 0.5087 ], [ 35.61422, 0.50869 ], [ 35.61422, 0.50869 ], [ 35.61391, 0.50869 ], [ 35.61387, 0.50864 ], [ 35.61374, 0.50843 ], [ 35.61385, 0.50806 ], [ 35.61388, 0.50798 ], [ 35.61389, 0.50797 ], [ 35.61393, 0.50788 ], [ 35.61487, 0.50691 ], [ 35.61527, 0.5067 ], [ 35.61586, 0.50662 ], [ 35.61634, 0.50647 ], [ 35.61669, 0.50592 ], [ 35.61683, 0.50551 ], [ 35.61716, 0.50531 ], [ 35.61783, 0.50527 ], [ 35.61848, 0.50525 ], [ 35.61888, 0.50523 ], [ 35.61923, 0.50507 ], [ 35.62017, 0.50437 ], [ 35.62065, 0.50401 ], [ 35.62126, 0.5036 ], [ 35.62127, 0.50358 ], [ 35.62129, 0.50354 ], [ 35.62137, 0.50348 ], [ 35.62169, 0.50323 ], [ 35.62206, 0.50306 ], [ 35.62254, 0.50303 ], [ 35.62291, 0.50314 ], [ 35.62319, 0.50331 ], [ 35.62345, 0.5034 ], [ 35.62387, 0.50331 ], [ 35.62408, 0.50305 ], [ 35.62428, 0.50272 ], [ 35.62432, 0.50247 ], [ 35.62433, 0.5024 ], [ 35.62441, 0.50228 ], [ 35.62472, 0.50166 ], [ 35.62478, 0.50146 ], [ 35.62485, 0.50136 ], [ 35.62491, 0.5012 ], [ 35.62511, 0.50083 ], [ 35.6253, 0.50078 ], [ 35.62531, 0.50079 ], [ 35.62633, 0.50057 ], [ 35.6273, 0.5004 ], [ 35.62769, 0.50013 ], [ 35.62826, 0.49968 ], [ 35.6288, 0.49935 ], [ 35.62896, 0.49931 ], [ 35.62941, 0.49922 ], [ 35.62983, 0.49939 ], [ 35.63038, 0.49981 ], [ 35.63095, 0.50036 ], [ 35.63117, 0.50067 ], [ 35.63148, 0.50067 ], [ 35.63184, 0.50061 ], [ 35.63185, 0.50057 ], [ 35.63185, 0.50019 ], [ 35.63157, 0.49785 ], [ 35.63153, 0.49779 ], [ 35.63148, 0.49736 ], [ 35.63139, 0.49705 ], [ 35.6314, 0.49672 ], [ 35.63142, 0.49649 ], [ 35.63143, 0.49621 ], [ 35.63162, 0.49591 ], [ 35.63169, 0.49563 ], [ 35.63159, 0.49539 ], [ 35.63134, 0.49523 ], [ 35.6312, 0.49492 ], [ 35.63129, 0.49442 ], [ 35.63136, 0.49398 ], [ 35.6315, 0.49367 ], [ 35.63151, 0.49364 ], [ 35.63151, 0.49363 ], [ 35.63133, 0.49343 ], [ 35.63101, 0.49318 ], [ 35.63075, 0.49286 ], [ 35.63056, 0.4925 ], [ 35.63056, 0.4921 ], [ 35.63068, 0.49179 ], [ 35.63082, 0.49173 ], [ 35.63082, 0.49172 ], [ 35.63098, 0.49154 ], [ 35.63133, 0.49152 ], [ 35.63146, 0.49152 ], [ 35.63202, 0.49165 ], [ 35.63244, 0.49204 ], [ 35.63309, 0.49246 ], [ 35.6336, 0.49285 ], [ 35.63399, 0.49303 ], [ 35.63404, 0.49295 ], [ 35.63403, 0.49276 ], [ 35.63402, 0.49229 ], [ 35.63408, 0.49196 ], [ 35.63411, 0.49162 ], [ 35.63408, 0.49138 ], [ 35.63385, 0.49107 ], [ 35.63367, 0.49074 ], [ 35.63366, 0.49038 ], [ 35.6337, 0.49002 ], [ 35.63402, 0.48955 ], [ 35.63413, 0.48929 ], [ 35.63427, 0.48894 ], [ 35.63438, 0.4886 ], [ 35.63441, 0.48836 ], [ 35.63441, 0.48819 ], [ 35.63433, 0.48797 ], [ 35.63403, 0.48792 ], [ 35.63372, 0.48778 ], [ 35.63347, 0.48755 ], [ 35.63316, 0.48734 ], [ 35.6328, 0.48692 ], [ 35.63251, 0.48658 ], [ 35.63236, 0.48641 ], [ 35.63219, 0.48616 ], [ 35.6322, 0.48584 ], [ 35.63241, 0.48564 ], [ 35.63242, 0.48563 ], [ 35.63273, 0.48554 ], [ 35.63317, 0.48542 ], [ 35.63356, 0.48537 ], [ 35.63367, 0.48525 ], [ 35.63369, 0.48512 ], [ 35.63369, 0.4851 ], [ 35.63369, 0.4849 ], [ 35.6335, 0.48462 ], [ 35.6333, 0.48426 ], [ 35.63298, 0.48398 ], [ 35.63266, 0.48345 ], [ 35.63251, 0.48302 ], [ 35.63242, 0.48263 ], [ 35.63244, 0.48223 ], [ 35.63241, 0.4819 ], [ 35.63258, 0.48151 ], [ 35.63281, 0.48124 ], [ 35.63289, 0.4812 ], [ 35.6332, 0.48104 ], [ 35.63349, 0.48089 ], [ 35.63366, 0.4808 ], [ 35.63384, 0.48077 ], [ 35.63408, 0.48069 ], [ 35.63438, 0.48047 ], [ 35.63471, 0.48015 ], [ 35.63471, 0.48014 ], [ 35.63493, 0.47983 ], [ 35.63502, 0.47955 ], [ 35.63535, 0.4792 ], [ 35.63549, 0.47888 ], [ 35.63569, 0.4787 ], [ 35.63576, 0.47864 ], [ 35.63577, 0.47857 ], [ 35.63583, 0.47823 ], [ 35.6358, 0.47798 ], [ 35.63577, 0.47778 ], [ 35.63593, 0.47745 ], [ 35.63595, 0.47743 ], [ 35.63624, 0.47717 ], [ 35.6366, 0.47686 ], [ 35.63707, 0.47652 ], [ 35.63709, 0.47651 ], [ 35.63709, 0.47651 ], [ 35.63721, 0.4762 ], [ 35.63745, 0.47578 ], [ 35.63793, 0.47518 ], [ 35.63825, 0.47492 ], [ 35.63843, 0.47481 ], [ 35.63882, 0.4746 ], [ 35.63922, 0.47438 ], [ 35.63956, 0.47423 ], [ 35.63977, 0.47409 ], [ 35.63979, 0.47407 ], [ 35.63992, 0.47387 ], [ 35.63984, 0.47348 ], [ 35.63973, 0.47335 ], [ 35.63959, 0.47313 ], [ 35.63953, 0.47282 ], [ 35.63956, 0.47276 ], [ 35.63961, 0.47266 ], [ 35.63971, 0.47263 ], [ 35.63964, 0.47224 ], [ 35.63981, 0.47177 ], [ 35.64051, 0.47114 ], [ 35.64075, 0.47093 ], [ 35.64113, 0.47059 ], [ 35.64135, 0.4704 ], [ 35.64132, 0.47008 ], [ 35.64124, 0.46971 ], [ 35.64072, 0.4695 ], [ 35.64051, 0.46919 ], [ 35.64064, 0.46885 ], [ 35.641, 0.46818 ], [ 35.64108, 0.4681 ], [ 35.64129, 0.46787 ], [ 35.64157, 0.46787 ], [ 35.64207, 0.46792 ], [ 35.64239, 0.46795 ], [ 35.6427, 0.46782 ], [ 35.64391, 0.46706 ], [ 35.64397, 0.46702 ], [ 35.64423, 0.46637 ], [ 35.6443, 0.46588 ], [ 35.64422, 0.4648 ], [ 35.6442, 0.46432 ], [ 35.64446, 0.46395 ], [ 35.64448, 0.46393 ], [ 35.64454, 0.46387 ], [ 35.6447, 0.46372 ], [ 35.64467, 0.46304 ], [ 35.64474, 0.46276 ], [ 35.64476, 0.46269 ], [ 35.64497, 0.4625 ], [ 35.64528, 0.46255 ], [ 35.64558, 0.46263 ], [ 35.64566, 0.46261 ], [ 35.64574, 0.4626 ], [ 35.64587, 0.46232 ], [ 35.64587, 0.46169 ], [ 35.64589, 0.46154 ], [ 35.64592, 0.4613 ], [ 35.64627, 0.46099 ], [ 35.64628, 0.46098 ], [ 35.64631, 0.46097 ], [ 35.64712, 0.46072 ], [ 35.6477, 0.46042 ], [ 35.64777, 0.46035 ], [ 35.64818, 0.45995 ], [ 35.64857, 0.45945 ], [ 35.6486, 0.45941 ], [ 35.64891, 0.45886 ], [ 35.64894, 0.45851 ], [ 35.64877, 0.45814 ], [ 35.64859, 0.45809 ], [ 35.64823, 0.45802 ], [ 35.64784, 0.45802 ], [ 35.64739, 0.45802 ], [ 35.64704, 0.45793 ], [ 35.64678, 0.45759 ], [ 35.64655, 0.45713 ], [ 35.64655, 0.45657 ], [ 35.64661, 0.45587 ], [ 35.64659, 0.45519 ], [ 35.64666, 0.4546 ], [ 35.64666, 0.45459 ], [ 35.64667, 0.45457 ], [ 35.64714, 0.45399 ], [ 35.64768, 0.45333 ], [ 35.64768, 0.45333 ], [ 35.64801, 0.45276 ], [ 35.64819, 0.45233 ], [ 35.64815, 0.45208 ], [ 35.64811, 0.45179 ], [ 35.64737, 0.451 ], [ 35.64721, 0.45087 ], [ 35.64694, 0.45066 ], [ 35.64688, 0.45062 ], [ 35.64674, 0.45053 ], [ 35.64625, 0.45037 ], [ 35.6461, 0.45021 ], [ 35.64615, 0.45006 ], [ 35.64638, 0.44989 ], [ 35.64655, 0.44984 ], [ 35.64663, 0.4498 ], [ 35.64713, 0.44955 ], [ 35.64736, 0.44946 ], [ 35.64773, 0.44933 ], [ 35.6479, 0.44904 ], [ 35.64803, 0.44882 ], [ 35.64805, 0.44868 ], [ 35.64826, 0.44842 ], [ 35.6486, 0.44811 ], [ 35.64888, 0.44792 ], [ 35.64902, 0.4478 ], [ 35.64971, 0.44754 ], [ 35.65075, 0.44729 ], [ 35.65139, 0.44726 ], [ 35.65181, 0.44716 ], [ 35.65229, 0.44688 ], [ 35.65238, 0.44681 ], [ 35.65246, 0.44675 ], [ 35.65268, 0.44641 ], [ 35.65284, 0.44604 ], [ 35.65284, 0.44602 ], [ 35.6529, 0.44573 ], [ 35.65299, 0.44544 ], [ 35.65311, 0.4453 ], [ 35.65328, 0.44503 ], [ 35.65336, 0.44468 ], [ 35.65353, 0.4444 ], [ 35.65376, 0.44415 ], [ 35.65386, 0.44378 ], [ 35.65395, 0.44346 ], [ 35.654, 0.44308 ], [ 35.654, 0.44288 ], [ 35.654, 0.44273 ], [ 35.6541, 0.44243 ], [ 35.65417, 0.44205 ], [ 35.65417, 0.44165 ], [ 35.65407, 0.44121 ], [ 35.65387, 0.44081 ], [ 35.65372, 0.44053 ], [ 35.65367, 0.44019 ], [ 35.65359, 0.44002 ], [ 35.65352, 0.43987 ], [ 35.65355, 0.4396 ], [ 35.65379, 0.43947 ], [ 35.65384, 0.43945 ], [ 35.65396, 0.43932 ], [ 35.65397, 0.43926 ], [ 35.65397, 0.43924 ], [ 35.65398, 0.43898 ], [ 35.65403, 0.43869 ], [ 35.65417, 0.43821 ], [ 35.65431, 0.43785 ], [ 35.65449, 0.43748 ], [ 35.6546, 0.43724 ], [ 35.65472, 0.43713 ], [ 35.65482, 0.43703 ], [ 35.65494, 0.4369 ], [ 35.65497, 0.43683 ], [ 35.65509, 0.4366 ], [ 35.65511, 0.43639 ], [ 35.65511, 0.436 ], [ 35.65511, 0.43566 ], [ 35.65511, 0.43533 ], [ 35.65513, 0.43501 ], [ 35.6552, 0.43465 ], [ 35.65528, 0.43428 ], [ 35.65554, 0.43389 ], [ 35.65561, 0.43351 ], [ 35.65573, 0.43338 ], [ 35.65573, 0.43338 ], [ 35.65562, 0.4331 ], [ 35.65543, 0.43271 ], [ 35.65509, 0.4323 ], [ 35.65479, 0.43153 ], [ 35.65479, 0.43143 ], [ 35.65479, 0.43111 ], [ 35.65484, 0.43073 ], [ 35.65496, 0.4303 ], [ 35.65506, 0.43004 ], [ 35.65506, 0.42977 ], [ 35.65487, 0.4296 ], [ 35.6546, 0.42939 ], [ 35.6545, 0.4292 ], [ 35.65441, 0.42903 ], [ 35.65441, 0.42859 ], [ 35.65441, 0.42787 ], [ 35.6544, 0.42744 ], [ 35.65443, 0.42697 ], [ 35.65446, 0.42672 ], [ 35.65449, 0.42649 ], [ 35.65455, 0.42617 ], [ 35.65464, 0.42601 ], [ 35.65474, 0.42581 ], [ 35.65477, 0.42558 ], [ 35.65479, 0.42546 ], [ 35.65499, 0.42485 ], [ 35.65508, 0.42467 ], [ 35.65528, 0.42428 ], [ 35.6555, 0.424 ], [ 35.65575, 0.42384 ], [ 35.65583, 0.42355 ], [ 35.65584, 0.4235 ], [ 35.65584, 0.42311 ], [ 35.65584, 0.42265 ], [ 35.65584, 0.4223 ], [ 35.65587, 0.42202 ], [ 35.65602, 0.42191 ], [ 35.65609, 0.42185 ], [ 35.65633, 0.42166 ], [ 35.65655, 0.42124 ], [ 35.65659, 0.42115 ], [ 35.65674, 0.42086 ], [ 35.6569, 0.42072 ], [ 35.65721, 0.42047 ], [ 35.65743, 0.42034 ], [ 35.65767, 0.42034 ], [ 35.65797, 0.42034 ], [ 35.6582, 0.42028 ], [ 35.65853, 0.42012 ], [ 35.65865, 0.41997 ], [ 35.65869, 0.41992 ], [ 35.65874, 0.41949 ], [ 35.65874, 0.4191 ], [ 35.65874, 0.41882 ], [ 35.65863, 0.41836 ], [ 35.65858, 0.41783 ], [ 35.6585, 0.41756 ], [ 35.65848, 0.41723 ], [ 35.65874, 0.41687 ], [ 35.65905, 0.41662 ], [ 35.65928, 0.41646 ], [ 35.65982, 0.4161 ], [ 35.66012, 0.41589 ], [ 35.66034, 0.41562 ], [ 35.66039, 0.41556 ], [ 35.66064, 0.41526 ], [ 35.66075, 0.41504 ], [ 35.66076, 0.41487 ], [ 35.66065, 0.41467 ], [ 35.6604, 0.41435 ], [ 35.66015, 0.41405 ], [ 35.65985, 0.41387 ], [ 35.65966, 0.41372 ], [ 35.65962, 0.41357 ], [ 35.65966, 0.41332 ], [ 35.65977, 0.41306 ], [ 35.66013, 0.41281 ], [ 35.66035, 0.41253 ], [ 35.66059, 0.41228 ], [ 35.66081, 0.41198 ], [ 35.6609, 0.41174 ], [ 35.66108, 0.41141 ], [ 35.66138, 0.41124 ], [ 35.66149, 0.41116 ], [ 35.66166, 0.41107 ], [ 35.6618, 0.41089 ], [ 35.66183, 0.41085 ], [ 35.66184, 0.41082 ], [ 35.66188, 0.41061 ], [ 35.6619, 0.4104 ], [ 35.66191, 0.4103 ], [ 35.66189, 0.41023 ], [ 35.66185, 0.41001 ], [ 35.66177, 0.40973 ], [ 35.66169, 0.40957 ], [ 35.66161, 0.40942 ], [ 35.66156, 0.40921 ], [ 35.66156, 0.40921 ], [ 35.6613, 0.40921 ], [ 35.66092, 0.40897 ], [ 35.66066, 0.40877 ], [ 35.66027, 0.40825 ], [ 35.66015, 0.40795 ], [ 35.65985, 0.40748 ], [ 35.65935, 0.40694 ], [ 35.65857, 0.40531 ], [ 35.65826, 0.40453 ], [ 35.65823, 0.40445 ], [ 35.6581, 0.40419 ], [ 35.65802, 0.40364 ], [ 35.65776, 0.4031 ], [ 35.65752, 0.40264 ], [ 35.65728, 0.4022 ], [ 35.65714, 0.40186 ], [ 35.65714, 0.40135 ], [ 35.65714, 0.40079 ], [ 35.65696, 0.40047 ], [ 35.65656, 0.39993 ], [ 35.65637, 0.39952 ], [ 35.65615, 0.3993 ], [ 35.65577, 0.39892 ], [ 35.65557, 0.39834 ], [ 35.65543, 0.39792 ], [ 35.65529, 0.39749 ], [ 35.65529, 0.39721 ], [ 35.65546, 0.39695 ], [ 35.65553, 0.39685 ], [ 35.65571, 0.39657 ], [ 35.65619, 0.39603 ], [ 35.65662, 0.39552 ], [ 35.65673, 0.39539 ], [ 35.65686, 0.39524 ], [ 35.65726, 0.39486 ], [ 35.65744, 0.3945 ], [ 35.65766, 0.3943 ], [ 35.65768, 0.39427 ], [ 35.6578, 0.39413 ], [ 35.65806, 0.39382 ], [ 35.65869, 0.39333 ], [ 35.65897, 0.39333 ], [ 35.65905, 0.39333 ], [ 35.65955, 0.39331 ], [ 35.65995, 0.39305 ], [ 35.66003, 0.39281 ], [ 35.66003, 0.39281 ], [ 35.66003, 0.39259 ], [ 35.65987, 0.39239 ], [ 35.65967, 0.39205 ], [ 35.65961, 0.39156 ], [ 35.65967, 0.3912 ], [ 35.65982, 0.39108 ], [ 35.66005, 0.39088 ], [ 35.66041, 0.39034 ], [ 35.66064, 0.38987 ], [ 35.66068, 0.3898 ], [ 35.66074, 0.38929 ], [ 35.66076, 0.38889 ], [ 35.66088, 0.38854 ], [ 35.66092, 0.38845 ], [ 35.6611, 0.38811 ], [ 35.66148, 0.38771 ], [ 35.6617, 0.38744 ], [ 35.66171, 0.3874 ], [ 35.66186, 0.3869 ], [ 35.66178, 0.38666 ], [ 35.66142, 0.38626 ], [ 35.66106, 0.38576 ], [ 35.66088, 0.38533 ], [ 35.66086, 0.38497 ], [ 35.6611, 0.38471 ], [ 35.6614, 0.38453 ], [ 35.66161, 0.38448 ], [ 35.66176, 0.38445 ], [ 35.662, 0.38457 ], [ 35.6623, 0.38483 ], [ 35.66265, 0.38539 ], [ 35.66307, 0.38588 ], [ 35.66323, 0.38602 ], [ 35.66351, 0.3863 ], [ 35.66373, 0.3865 ], [ 35.66389, 0.3867 ], [ 35.66415, 0.38682 ], [ 35.66448, 0.38682 ], [ 35.66478, 0.38678 ], [ 35.66502, 0.3867 ], [ 35.6652, 0.38642 ], [ 35.6652, 0.38633 ], [ 35.6652, 0.38608 ], [ 35.66494, 0.38578 ], [ 35.6648, 0.38556 ], [ 35.6648, 0.38505 ], [ 35.66484, 0.38481 ], [ 35.66501, 0.38478 ], [ 35.66508, 0.38466 ], [ 35.66512, 0.38457 ], [ 35.66524, 0.3847 ], [ 35.66563, 0.38469 ], [ 35.66608, 0.3851 ], [ 35.66654, 0.38533 ], [ 35.66707, 0.38548 ], [ 35.66744, 0.38551 ], [ 35.66801, 0.38553 ], [ 35.66841, 0.38546 ], [ 35.66861, 0.38526 ], [ 35.66866, 0.38517 ], [ 35.66862, 0.38481 ], [ 35.66833, 0.38445 ], [ 35.66797, 0.38405 ], [ 35.66751, 0.38381 ], [ 35.66711, 0.38348 ], [ 35.66707, 0.38312 ], [ 35.66707, 0.38262 ], [ 35.66707, 0.38224 ], [ 35.66743, 0.38176 ], [ 35.66763, 0.38125 ], [ 35.66789, 0.38063 ], [ 35.66809, 0.3804 ], [ 35.6681, 0.38039 ], [ 35.66815, 0.38033 ], [ 35.66872, 0.37971 ], [ 35.669, 0.37944 ], [ 35.66936, 0.37916 ], [ 35.66968, 0.3786 ], [ 35.66994, 0.37808 ], [ 35.67026, 0.37772 ], [ 35.67061, 0.37757 ], [ 35.67081, 0.3775 ], [ 35.67123, 0.37748 ], [ 35.67194, 0.37742 ], [ 35.67194, 0.37742 ], [ 35.67197, 0.37742 ], [ 35.67197, 0.37741 ], [ 35.67199, 0.37741 ], [ 35.672, 0.37741 ], [ 35.67252, 0.37741 ], [ 35.67284, 0.37752 ], [ 35.67306, 0.37754 ], [ 35.67328, 0.37754 ], [ 35.67346, 0.37731 ], [ 35.67346, 0.37713 ], [ 35.67346, 0.37695 ], [ 35.67346, 0.37667 ], [ 35.67352, 0.37649 ], [ 35.67365, 0.37648 ], [ 35.67374, 0.37647 ], [ 35.67404, 0.37635 ], [ 35.67447, 0.37617 ], [ 35.67454, 0.37601 ], [ 35.67457, 0.37595 ], [ 35.67471, 0.37538 ], [ 35.67465, 0.37496 ], [ 35.67426, 0.37442 ], [ 35.67422, 0.37398 ], [ 35.6742, 0.37358 ], [ 35.67439, 0.37333 ], [ 35.67469, 0.37335 ], [ 35.67484, 0.37335 ], [ 35.67497, 0.37335 ], [ 35.67501, 0.37337 ], [ 35.67531, 0.37351 ], [ 35.67545, 0.37358 ], [ 35.67549, 0.37363 ], [ 35.67567, 0.3739 ], [ 35.67583, 0.37424 ], [ 35.67601, 0.37458 ], [ 35.67613, 0.37484 ], [ 35.67627, 0.37504 ], [ 35.67644, 0.37518 ], [ 35.67661, 0.37518 ], [ 35.67663, 0.37518 ], [ 35.67668, 0.37518 ], [ 35.67682, 0.37513 ], [ 35.67695, 0.37508 ], [ 35.67751, 0.37458 ], [ 35.67766, 0.37446 ], [ 35.67836, 0.37389 ], [ 35.67838, 0.37387 ], [ 35.67861, 0.37354 ], [ 35.67874, 0.37343 ], [ 35.67901, 0.37321 ], [ 35.67965, 0.37281 ], [ 35.67998, 0.3726 ], [ 35.68017, 0.37247 ], [ 35.68064, 0.37213 ], [ 35.68088, 0.37173 ], [ 35.68094, 0.37128 ], [ 35.68092, 0.3708 ], [ 35.68088, 0.37026 ], [ 35.6809, 0.36946 ], [ 35.68106, 0.36893 ], [ 35.68136, 0.36871 ], [ 35.68145, 0.36874 ], [ 35.68158, 0.36877 ], [ 35.68184, 0.36901 ], [ 35.68194, 0.36931 ], [ 35.68198, 0.36956 ], [ 35.68198, 0.36996 ], [ 35.68206, 0.37016 ], [ 35.68222, 0.3704 ], [ 35.68229, 0.37058 ], [ 35.68263, 0.37058 ], [ 35.68301, 0.37054 ], [ 35.68333, 0.3702 ], [ 35.68336, 0.37016 ], [ 35.68351, 0.36988 ], [ 35.6837, 0.36975 ], [ 35.68379, 0.36968 ], [ 35.68379, 0.36968 ], [ 35.68379, 0.36968 ], [ 35.68417, 0.36968 ], [ 35.68436, 0.36974 ], [ 35.68438, 0.36992 ], [ 35.6843, 0.37024 ], [ 35.68419, 0.37042 ], [ 35.68415, 0.37066 ], [ 35.68413, 0.37088 ], [ 35.68413, 0.37104 ], [ 35.68422, 0.37126 ], [ 35.68442, 0.37147 ], [ 35.68482, 0.37147 ], [ 35.6852, 0.37124 ], [ 35.68526, 0.37104 ], [ 35.68535, 0.37089 ], [ 35.6854, 0.3708 ], [ 35.68547, 0.37074 ], [ 35.68564, 0.3706 ], [ 35.68573, 0.3706 ], [ 35.68579, 0.37037 ], [ 35.68579, 0.37036 ], [ 35.68591, 0.37008 ], [ 35.68606, 0.36994 ], [ 35.68615, 0.36991 ], [ 35.68627, 0.36987 ], [ 35.68648, 0.36972 ], [ 35.68676, 0.36951 ], [ 35.68706, 0.36921 ], [ 35.68726, 0.3691 ], [ 35.68745, 0.36913 ], [ 35.68763, 0.36928 ], [ 35.68772, 0.36948 ], [ 35.68774, 0.36969 ], [ 35.68784, 0.36984 ], [ 35.68799, 0.36994 ], [ 35.68837, 0.36988 ], [ 35.68862, 0.36988 ], [ 35.68873, 0.36973 ], [ 35.68874, 0.3697 ], [ 35.68889, 0.36955 ], [ 35.68911, 0.3693 ], [ 35.68955, 0.36869 ], [ 35.68977, 0.36839 ], [ 35.68985, 0.36825 ], [ 35.69004, 0.3681 ], [ 35.69021, 0.36797 ], [ 35.69029, 0.36792 ], [ 35.6904, 0.36788 ], [ 35.6906, 0.3678 ], [ 35.69096, 0.3676 ], [ 35.69114, 0.36739 ], [ 35.69118, 0.36732 ], [ 35.69128, 0.36712 ], [ 35.69165, 0.36691 ], [ 35.69192, 0.36685 ], [ 35.69209, 0.36681 ], [ 35.6925, 0.3667 ], [ 35.69292, 0.36652 ], [ 35.69333, 0.36631 ], [ 35.69363, 0.36615 ], [ 35.69391, 0.36577 ], [ 35.69394, 0.36573 ], [ 35.69412, 0.36543 ], [ 35.6943, 0.36525 ], [ 35.69446, 0.3652 ], [ 35.69459, 0.36516 ], [ 35.69501, 0.3648 ], [ 35.69547, 0.36452 ], [ 35.69569, 0.36431 ], [ 35.69583, 0.36417 ], [ 35.69628, 0.36387 ], [ 35.69654, 0.36363 ], [ 35.69679, 0.36327 ], [ 35.6973, 0.3629 ], [ 35.69759, 0.36284 ], [ 35.69764, 0.36282 ], [ 35.69813, 0.36266 ], [ 35.69858, 0.36262 ], [ 35.69859, 0.36261 ], [ 35.69885, 0.36275 ], [ 35.69911, 0.36309 ], [ 35.69919, 0.36353 ], [ 35.69911, 0.36389 ], [ 35.69888, 0.36416 ], [ 35.69837, 0.36467 ], [ 35.69811, 0.36494 ], [ 35.69727, 0.36605 ], [ 35.69722, 0.36659 ], [ 35.69738, 0.36701 ], [ 35.69782, 0.36739 ], [ 35.69836, 0.3676 ], [ 35.69885, 0.36784 ], [ 35.6994, 0.36796 ], [ 35.69984, 0.36788 ], [ 35.70023, 0.36769 ], [ 35.70024, 0.36766 ], [ 35.7003, 0.36739 ], [ 35.7003, 0.367 ], [ 35.70022, 0.36681 ], [ 35.70006, 0.36667 ], [ 35.6998, 0.36667 ], [ 35.69949, 0.36666 ], [ 35.6993, 0.36666 ], [ 35.69918, 0.36646 ], [ 35.69912, 0.36618 ], [ 35.69919, 0.36601 ], [ 35.69937, 0.36586 ], [ 35.69963, 0.36562 ], [ 35.69997, 0.36537 ], [ 35.70021, 0.36517 ], [ 35.70043, 0.36492 ], [ 35.70064, 0.36455 ], [ 35.70072, 0.36414 ], [ 35.70082, 0.36384 ], [ 35.70085, 0.36357 ], [ 35.70085, 0.36333 ], [ 35.70094, 0.36312 ], [ 35.70106, 0.36309 ], [ 35.7012, 0.36306 ], [ 35.70151, 0.36306 ], [ 35.7018, 0.36318 ], [ 35.70208, 0.36324 ], [ 35.70237, 0.36321 ], [ 35.70265, 0.36306 ], [ 35.7027, 0.36297 ], [ 35.70271, 0.36296 ], [ 35.70268, 0.36275 ], [ 35.70262, 0.36263 ], [ 35.7027, 0.36233 ], [ 35.70277, 0.36227 ], [ 35.7028, 0.36224 ], [ 35.70301, 0.36221 ], [ 35.70345, 0.36219 ], [ 35.70372, 0.36218 ], [ 35.70405, 0.36213 ], [ 35.70442, 0.36194 ], [ 35.70451, 0.36184 ], [ 35.70462, 0.36174 ], [ 35.70475, 0.36149 ], [ 35.70474, 0.36119 ], [ 35.70475, 0.36105 ], [ 35.7049, 0.36087 ], [ 35.70506, 0.36087 ], [ 35.70508, 0.36087 ], [ 35.70525, 0.36096 ], [ 35.70538, 0.36116 ], [ 35.70538, 0.36135 ], [ 35.70541, 0.36167 ], [ 35.70549, 0.36197 ], [ 35.70558, 0.36221 ], [ 35.70565, 0.36246 ], [ 35.70586, 0.36293 ], [ 35.70603, 0.36324 ], [ 35.70615, 0.36348 ], [ 35.70627, 0.36363 ], [ 35.70646, 0.36374 ], [ 35.70667, 0.36375 ], [ 35.70684, 0.36375 ], [ 35.70704, 0.36375 ], [ 35.70727, 0.36375 ], [ 35.70748, 0.36368 ], [ 35.70763, 0.36339 ], [ 35.70763, 0.36334 ], [ 35.70763, 0.36308 ], [ 35.70763, 0.36269 ], [ 35.70764, 0.36239 ], [ 35.70761, 0.36213 ], [ 35.70761, 0.36189 ], [ 35.70764, 0.36161 ], [ 35.70793, 0.36111 ], [ 35.70818, 0.36069 ], [ 35.70839, 0.36032 ], [ 35.70866, 0.35991 ], [ 35.70891, 0.35969 ], [ 35.70892, 0.35969 ], [ 35.70892, 0.35968 ], [ 35.70911, 0.35931 ], [ 35.70911, 0.35897 ], [ 35.70911, 0.35878 ], [ 35.70911, 0.35863 ], [ 35.70904, 0.35846 ], [ 35.70901, 0.35837 ], [ 35.70902, 0.35813 ], [ 35.70929, 0.35804 ], [ 35.70932, 0.35803 ], [ 35.70959, 0.35798 ], [ 35.70991, 0.3578 ], [ 35.71025, 0.35758 ], [ 35.71051, 0.35731 ], [ 35.71072, 0.35705 ], [ 35.71075, 0.35683 ], [ 35.71075, 0.35682 ], [ 35.71075, 0.35645 ], [ 35.7107, 0.35609 ], [ 35.7107, 0.35579 ], [ 35.71078, 0.35552 ], [ 35.71084, 0.35548 ], [ 35.71103, 0.35537 ], [ 35.71132, 0.35536 ], [ 35.71168, 0.35523 ], [ 35.71203, 0.35534 ], [ 35.71229, 0.35534 ], [ 35.71249, 0.35534 ], [ 35.71254, 0.35533 ], [ 35.71277, 0.35529 ], [ 35.713, 0.35521 ], [ 35.71329, 0.35507 ], [ 35.71353, 0.3549 ], [ 35.71381, 0.35481 ], [ 35.71392, 0.35486 ], [ 35.71406, 0.35503 ], [ 35.71414, 0.35519 ], [ 35.71421, 0.35541 ], [ 35.71431, 0.35569 ], [ 35.7144, 0.35597 ], [ 35.71454, 0.35616 ], [ 35.71472, 0.35626 ], [ 35.71511, 0.35626 ], [ 35.71548, 0.35626 ], [ 35.71578, 0.35616 ], [ 35.71598, 0.35594 ], [ 35.71621, 0.35582 ], [ 35.71656, 0.3557 ], [ 35.71693, 0.35558 ], [ 35.7171, 0.35547 ], [ 35.71723, 0.35538 ], [ 35.71745, 0.35515 ], [ 35.71747, 0.35513 ], [ 35.71828, 0.35422 ], [ 35.71831, 0.3542 ], [ 35.71863, 0.35404 ], [ 35.71892, 0.35397 ], [ 35.71916, 0.35398 ], [ 35.71943, 0.35409 ], [ 35.7196, 0.35427 ], [ 35.71975, 0.35447 ], [ 35.71983, 0.35465 ], [ 35.72, 0.35484 ], [ 35.72001, 0.35497 ], [ 35.72011, 0.35506 ], [ 35.72024, 0.35509 ], [ 35.72045, 0.35509 ], [ 35.72072, 0.35493 ], [ 35.72091, 0.35487 ], [ 35.72103, 0.35475 ], [ 35.72138, 0.3546 ], [ 35.72157, 0.35432 ], [ 35.72169, 0.35405 ], [ 35.72173, 0.35394 ], [ 35.72175, 0.35392 ], [ 35.72181, 0.35361 ], [ 35.72176, 0.35321 ], [ 35.72172, 0.35322 ], [ 35.72166, 0.35329 ], [ 35.72166, 0.35329 ], [ 35.72151, 0.35315 ], [ 35.72146, 0.35299 ], [ 35.72136, 0.35276 ], [ 35.72131, 0.35258 ], [ 35.72123, 0.35246 ], [ 35.72109, 0.35232 ], [ 35.721, 0.35213 ], [ 35.72096, 0.35191 ], [ 35.721, 0.35173 ], [ 35.721, 0.35148 ], [ 35.72109, 0.35128 ], [ 35.72114, 0.35115 ], [ 35.72114, 0.35092 ], [ 35.72114, 0.35073 ], [ 35.72114, 0.35054 ], [ 35.72122, 0.35026 ], [ 35.72142, 0.34998 ], [ 35.72158, 0.34976 ], [ 35.72175, 0.3495 ], [ 35.72191, 0.34927 ], [ 35.72208, 0.34912 ], [ 35.7221, 0.34912 ], [ 35.72228, 0.34912 ], [ 35.72249, 0.34912 ], [ 35.72268, 0.34912 ], [ 35.72284, 0.34915 ], [ 35.72307, 0.34915 ], [ 35.72323, 0.34911 ], [ 35.72336, 0.34903 ], [ 35.72342, 0.34895 ], [ 35.72349, 0.34888 ], [ 35.7235, 0.34873 ], [ 35.72345, 0.34857 ], [ 35.72323, 0.34837 ], [ 35.72298, 0.34799 ], [ 35.72283, 0.34786 ], [ 35.72264, 0.34755 ], [ 35.72253, 0.34737 ], [ 35.72246, 0.34715 ], [ 35.72232, 0.34681 ], [ 35.72209, 0.34662 ], [ 35.72189, 0.34656 ], [ 35.72155, 0.34629 ], [ 35.7212, 0.34606 ], [ 35.72081, 0.34578 ], [ 35.72056, 0.34563 ], [ 35.72029, 0.34531 ], [ 35.72007, 0.34496 ], [ 35.72002, 0.34459 ], [ 35.72005, 0.34425 ], [ 35.72005, 0.34387 ], [ 35.7201, 0.34368 ], [ 35.72021, 0.34349 ], [ 35.72033, 0.34327 ], [ 35.72036, 0.34317 ], [ 35.72024, 0.34305 ], [ 35.71997, 0.34305 ], [ 35.71958, 0.34305 ], [ 35.71934, 0.34297 ], [ 35.71932, 0.34266 ], [ 35.71947, 0.34241 ], [ 35.71956, 0.34211 ], [ 35.71975, 0.34198 ], [ 35.72005, 0.34165 ], [ 35.72026, 0.34163 ], [ 35.72045, 0.34155 ], [ 35.72081, 0.34135 ], [ 35.72093, 0.34123 ], [ 35.72103, 0.34101 ], [ 35.72104, 0.34063 ], [ 35.721, 0.34053 ], [ 35.72103, 0.34036 ], [ 35.7213, 0.34008 ], [ 35.7213, 0.34008 ], [ 35.72132, 0.34007 ], [ 35.72155, 0.33987 ], [ 35.72174, 0.33977 ], [ 35.72221, 0.33952 ], [ 35.72255, 0.3393 ], [ 35.72285, 0.33914 ], [ 35.72303, 0.33898 ], [ 35.72304, 0.33893 ], [ 35.72306, 0.33881 ], [ 35.72308, 0.33854 ], [ 35.72299, 0.3383 ], [ 35.72299, 0.33788 ], [ 35.72299, 0.33765 ], [ 35.723, 0.33744 ], [ 35.72319, 0.3372 ], [ 35.72328, 0.3372 ], [ 35.72345, 0.3372 ], [ 35.72358, 0.3373 ], [ 35.72361, 0.33741 ], [ 35.72375, 0.33748 ], [ 35.72386, 0.33742 ], [ 35.72387, 0.33738 ], [ 35.72394, 0.33709 ], [ 35.72385, 0.33671 ], [ 35.72366, 0.33636 ], [ 35.7233, 0.33613 ], [ 35.7231, 0.33609 ], [ 35.72273, 0.33609 ], [ 35.72232, 0.33616 ], [ 35.72204, 0.33616 ], [ 35.72186, 0.33615 ], [ 35.72163, 0.336 ], [ 35.7215, 0.33589 ], [ 35.72128, 0.33587 ], [ 35.72107, 0.3358 ], [ 35.72095, 0.3358 ], [ 35.72072, 0.33576 ], [ 35.72054, 0.33556 ], [ 35.72053, 0.33514 ], [ 35.72053, 0.33485 ], [ 35.72057, 0.3346 ], [ 35.72083, 0.33438 ], [ 35.72104, 0.33409 ], [ 35.72105, 0.33406 ], [ 35.72111, 0.33391 ], [ 35.72108, 0.33362 ], [ 35.72097, 0.33337 ], [ 35.72096, 0.33335 ], [ 35.72079, 0.33311 ], [ 35.72056, 0.33297 ], [ 35.72034, 0.33276 ], [ 35.72018, 0.33252 ], [ 35.72018, 0.33229 ], [ 35.72026, 0.33212 ], [ 35.72038, 0.33194 ], [ 35.72052, 0.33172 ], [ 35.72062, 0.33153 ], [ 35.72073, 0.33135 ], [ 35.72073, 0.33121 ], [ 35.72067, 0.33105 ], [ 35.72068, 0.33103 ], [ 35.72067, 0.33103 ], [ 35.72048, 0.33087 ], [ 35.72034, 0.33066 ], [ 35.72022, 0.33045 ], [ 35.7201, 0.33014 ], [ 35.7201, 0.32992 ], [ 35.7201, 0.32965 ], [ 35.72006, 0.32943 ], [ 35.72011, 0.3291 ], [ 35.72012, 0.3289 ], [ 35.72004, 0.32873 ], [ 35.71983, 0.32863 ], [ 35.71967, 0.32856 ], [ 35.71949, 0.32836 ], [ 35.7193, 0.32808 ], [ 35.71919, 0.32794 ], [ 35.71901, 0.32777 ], [ 35.7189, 0.32776 ], [ 35.71869, 0.32786 ], [ 35.71852, 0.32801 ], [ 35.7183, 0.32827 ], [ 35.71828, 0.32829 ], [ 35.71813, 0.32847 ], [ 35.7181, 0.32849 ], [ 35.71795, 0.32863 ], [ 35.71779, 0.32863 ], [ 35.71751, 0.32848 ], [ 35.71742, 0.32826 ], [ 35.71739, 0.328 ], [ 35.71735, 0.32778 ], [ 35.71736, 0.32749 ], [ 35.71736, 0.32723 ], [ 35.71745, 0.32703 ], [ 35.71762, 0.3268 ], [ 35.71764, 0.32677 ], [ 35.71769, 0.32656 ], [ 35.71775, 0.32632 ], [ 35.7178, 0.32616 ], [ 35.7178, 0.32611 ], [ 35.71782, 0.32595 ], [ 35.71791, 0.32588 ], [ 35.71798, 0.32586 ], [ 35.71809, 0.32582 ], [ 35.71831, 0.32573 ], [ 35.71833, 0.32569 ], [ 35.7184, 0.32549 ], [ 35.71839, 0.32526 ], [ 35.71818, 0.32502 ], [ 35.71807, 0.32485 ], [ 35.71805, 0.32472 ], [ 35.71803, 0.32447 ], [ 35.71803, 0.32422 ], [ 35.71797, 0.32395 ], [ 35.71788, 0.32371 ], [ 35.71771, 0.32351 ], [ 35.71755, 0.32333 ], [ 35.71756, 0.32308 ], [ 35.71756, 0.32289 ], [ 35.71745, 0.32271 ], [ 35.7174, 0.32247 ], [ 35.71733, 0.3223 ], [ 35.71725, 0.3221 ], [ 35.71725, 0.3219 ], [ 35.71727, 0.32149 ], [ 35.71727, 0.32121 ], [ 35.71735, 0.32102 ], [ 35.71742, 0.32099 ], [ 35.71752, 0.32095 ], [ 35.71763, 0.32095 ], [ 35.71784, 0.32091 ], [ 35.71812, 0.32087 ], [ 35.71821, 0.32083 ], [ 35.71834, 0.32077 ], [ 35.71859, 0.32054 ], [ 35.71867, 0.3203 ], [ 35.71866, 0.32011 ], [ 35.71854, 0.31993 ], [ 35.71837, 0.31978 ], [ 35.71818, 0.31954 ], [ 35.71797, 0.31937 ], [ 35.71775, 0.31933 ], [ 35.71744, 0.31932 ], [ 35.71721, 0.31928 ], [ 35.71704, 0.31917 ], [ 35.71681, 0.31903 ], [ 35.71661, 0.31872 ], [ 35.71646, 0.31853 ], [ 35.7162, 0.31842 ], [ 35.71601, 0.31849 ], [ 35.71594, 0.31856 ], [ 35.71576, 0.31859 ], [ 35.71553, 0.31837 ], [ 35.71544, 0.31804 ], [ 35.7153, 0.31774 ], [ 35.71534, 0.31737 ], [ 35.71514, 0.31698 ], [ 35.71495, 0.31662 ], [ 35.7148, 0.31636 ], [ 35.7146, 0.31619 ], [ 35.71454, 0.3159 ], [ 35.71443, 0.31572 ], [ 35.71423, 0.31559 ], [ 35.71402, 0.31548 ], [ 35.71386, 0.31544 ], [ 35.7136, 0.31542 ], [ 35.71344, 0.3154 ], [ 35.71327, 0.31527 ], [ 35.71321, 0.31517 ], [ 35.71322, 0.31491 ], [ 35.71329, 0.31482 ], [ 35.71333, 0.31476 ], [ 35.71343, 0.31461 ], [ 35.71337, 0.31443 ], [ 35.71332, 0.31442 ], [ 35.71317, 0.3144 ], [ 35.71301, 0.31437 ], [ 35.71296, 0.31427 ], [ 35.71296, 0.31412 ], [ 35.71306, 0.31396 ], [ 35.71325, 0.31375 ], [ 35.71331, 0.31352 ], [ 35.71333, 0.31335 ], [ 35.71325, 0.31318 ], [ 35.71302, 0.31294 ], [ 35.71291, 0.31277 ], [ 35.71292, 0.31263 ], [ 35.71302, 0.31258 ], [ 35.71305, 0.31257 ], [ 35.71327, 0.31255 ], [ 35.71344, 0.31256 ], [ 35.7136, 0.31256 ], [ 35.7138, 0.31256 ], [ 35.71387, 0.31253 ], [ 35.71399, 0.31249 ], [ 35.71409, 0.31235 ], [ 35.71412, 0.31215 ], [ 35.71412, 0.31198 ], [ 35.71405, 0.31182 ], [ 35.71387, 0.31167 ], [ 35.71368, 0.31162 ], [ 35.71344, 0.31151 ], [ 35.71322, 0.31147 ], [ 35.71313, 0.31138 ], [ 35.71309, 0.31121 ], [ 35.71313, 0.31111 ], [ 35.7133, 0.31091 ], [ 35.71345, 0.31084 ], [ 35.71346, 0.31085 ], [ 35.71361, 0.31087 ], [ 35.71369, 0.31098 ], [ 35.71372, 0.3111 ], [ 35.71386, 0.31119 ], [ 35.71407, 0.31118 ], [ 35.71422, 0.31113 ], [ 35.71425, 0.31105 ], [ 35.71427, 0.311 ], [ 35.71427, 0.31076 ], [ 35.71413, 0.31055 ], [ 35.71389, 0.31034 ], [ 35.71383, 0.3101 ], [ 35.71365, 0.30986 ], [ 35.71361, 0.30968 ], [ 35.71352, 0.30952 ], [ 35.71325, 0.30961 ], [ 35.71314, 0.30974 ], [ 35.71302, 0.31002 ], [ 35.71289, 0.31013 ], [ 35.71269, 0.31012 ], [ 35.71256, 0.31009 ], [ 35.7125, 0.31004 ], [ 35.71245, 0.30986 ], [ 35.71253, 0.30974 ], [ 35.71257, 0.30969 ], [ 35.71266, 0.30956 ], [ 35.71277, 0.30938 ], [ 35.71281, 0.30932 ], [ 35.71288, 0.30923 ], [ 35.71296, 0.30906 ], [ 35.71309, 0.30885 ], [ 35.71321, 0.30855 ], [ 35.71335, 0.30822 ], [ 35.71335, 0.30802 ], [ 35.71346, 0.30786 ], [ 35.71362, 0.30771 ], [ 35.71369, 0.30768 ], [ 35.71381, 0.30763 ], [ 35.714, 0.30774 ], [ 35.71413, 0.30798 ], [ 35.71428, 0.30821 ], [ 35.71436, 0.30844 ], [ 35.7145, 0.30858 ], [ 35.71466, 0.30866 ], [ 35.71488, 0.30875 ], [ 35.71506, 0.30868 ], [ 35.71515, 0.30854 ], [ 35.71515, 0.30853 ], [ 35.71518, 0.30837 ], [ 35.7151, 0.30809 ], [ 35.71494, 0.30787 ], [ 35.71472, 0.3077 ], [ 35.71462, 0.30755 ], [ 35.71458, 0.30739 ], [ 35.71451, 0.30725 ], [ 35.71454, 0.30702 ], [ 35.71456, 0.30693 ], [ 35.71458, 0.30688 ], [ 35.71458, 0.30687 ], [ 35.71458, 0.30687 ], [ 35.71473, 0.30672 ], [ 35.71481, 0.30657 ], [ 35.71481, 0.30656 ], [ 35.71489, 0.30638 ], [ 35.71492, 0.30624 ], [ 35.71479, 0.30602 ], [ 35.71474, 0.30593 ], [ 35.7146, 0.30581 ], [ 35.7145, 0.30567 ], [ 35.71427, 0.30548 ], [ 35.71405, 0.30516 ], [ 35.71402, 0.30486 ], [ 35.71381, 0.30457 ], [ 35.71367, 0.30441 ], [ 35.71351, 0.30432 ], [ 35.71337, 0.30416 ], [ 35.71337, 0.30395 ], [ 35.71343, 0.30383 ], [ 35.71343, 0.30383 ], [ 35.71351, 0.30367 ], [ 35.71364, 0.3036 ], [ 35.71373, 0.30364 ], [ 35.7138, 0.30368 ], [ 35.71392, 0.30373 ], [ 35.71403, 0.30377 ], [ 35.71413, 0.30371 ], [ 35.71415, 0.30362 ], [ 35.71417, 0.30352 ], [ 35.71413, 0.30334 ], [ 35.71413, 0.30313 ], [ 35.71415, 0.30291 ], [ 35.71423, 0.30267 ], [ 35.71442, 0.30252 ], [ 35.7145, 0.30251 ], [ 35.71463, 0.30249 ], [ 35.7149, 0.30255 ], [ 35.71507, 0.30256 ], [ 35.71525, 0.30256 ], [ 35.71543, 0.30256 ], [ 35.71559, 0.30255 ], [ 35.71577, 0.30249 ], [ 35.71595, 0.30236 ], [ 35.71602, 0.3022 ], [ 35.71602, 0.30219 ], [ 35.71606, 0.30188 ], [ 35.71597, 0.30169 ], [ 35.71569, 0.30159 ], [ 35.71545, 0.30158 ], [ 35.71541, 0.30157 ], [ 35.71504, 0.30169 ], [ 35.715, 0.3017 ], [ 35.71476, 0.30175 ], [ 35.71446, 0.30175 ], [ 35.71431, 0.30172 ], [ 35.71423, 0.3016 ], [ 35.71425, 0.30138 ], [ 35.71439, 0.30115 ], [ 35.71457, 0.30101 ], [ 35.71484, 0.30097 ], [ 35.71494, 0.30099 ], [ 35.71504, 0.30101 ], [ 35.71519, 0.30105 ], [ 35.71538, 0.30106 ], [ 35.71565, 0.301 ], [ 35.71578, 0.30088 ], [ 35.71593, 0.30075 ], [ 35.71597, 0.30072 ], [ 35.71598, 0.30071 ], [ 35.71624, 0.30053 ], [ 35.71627, 0.30042 ], [ 35.71628, 0.30042 ], [ 35.71628, 0.30041 ], [ 35.71628, 0.30021 ], [ 35.7162, 0.30009 ], [ 35.71609, 0.29995 ], [ 35.71609, 0.29977 ], [ 35.71611, 0.29959 ], [ 35.71618, 0.29948 ], [ 35.71622, 0.29939 ], [ 35.71626, 0.29931 ], [ 35.71632, 0.29912 ], [ 35.71633, 0.2989 ], [ 35.71629, 0.29878 ], [ 35.71628, 0.29875 ], [ 35.71609, 0.29871 ], [ 35.71599, 0.29871 ], [ 35.7159, 0.29871 ], [ 35.71576, 0.29867 ], [ 35.71571, 0.29848 ], [ 35.71574, 0.29824 ], [ 35.71584, 0.29801 ], [ 35.716, 0.29782 ], [ 35.71606, 0.29769 ], [ 35.71625, 0.29759 ], [ 35.71637, 0.29741 ], [ 35.71638, 0.29723 ], [ 35.71628, 0.29708 ], [ 35.71624, 0.29702 ], [ 35.71619, 0.29701 ], [ 35.71597, 0.29698 ], [ 35.7157, 0.29698 ], [ 35.7157, 0.29698 ], [ 35.71546, 0.29709 ], [ 35.71533, 0.29725 ], [ 35.71528, 0.29731 ], [ 35.7152, 0.29737 ], [ 35.71511, 0.29737 ], [ 35.71492, 0.29736 ], [ 35.7149, 0.29735 ], [ 35.71486, 0.29734 ], [ 35.71481, 0.29733 ], [ 35.71479, 0.29711 ], [ 35.71484, 0.29682 ], [ 35.71488, 0.29681 ], [ 35.71504, 0.29673 ], [ 35.71526, 0.29645 ], [ 35.71527, 0.29644 ], [ 35.71545, 0.29618 ], [ 35.71575, 0.29597 ], [ 35.71593, 0.29578 ], [ 35.71597, 0.29574 ], [ 35.71603, 0.29557 ], [ 35.71603, 0.29555 ], [ 35.71598, 0.29531 ], [ 35.71577, 0.29513 ], [ 35.71557, 0.29503 ], [ 35.71523, 0.29501 ], [ 35.71517, 0.29501 ], [ 35.71506, 0.29501 ], [ 35.71498, 0.29502 ], [ 35.71468, 0.29491 ], [ 35.71452, 0.29462 ], [ 35.71452, 0.2945 ], [ 35.71451, 0.29441 ], [ 35.7145, 0.29438 ], [ 35.71442, 0.29426 ], [ 35.71439, 0.29406 ], [ 35.71451, 0.29387 ], [ 35.71463, 0.2938 ], [ 35.71475, 0.29368 ], [ 35.71478, 0.29365 ], [ 35.71478, 0.2936 ], [ 35.71479, 0.29343 ], [ 35.71468, 0.29327 ], [ 35.71457, 0.29315 ], [ 35.71449, 0.29297 ], [ 35.71446, 0.29284 ], [ 35.71432, 0.29267 ], [ 35.71431, 0.29258 ], [ 35.71432, 0.29244 ], [ 35.71434, 0.29234 ], [ 35.71441, 0.29218 ], [ 35.71447, 0.29203 ], [ 35.71458, 0.2919 ], [ 35.71472, 0.29177 ], [ 35.71474, 0.29176 ], [ 35.71476, 0.29166 ], [ 35.71476, 0.29164 ], [ 35.71467, 0.29145 ], [ 35.71447, 0.29125 ], [ 35.71435, 0.29107 ], [ 35.71447, 0.29083 ], [ 35.71456, 0.29077 ], [ 35.71476, 0.29074 ], [ 35.7149, 0.29071 ], [ 35.7151, 0.29068 ], [ 35.71531, 0.2906 ], [ 35.71535, 0.29061 ], [ 35.71545, 0.29048 ], [ 35.71548, 0.29031 ], [ 35.71548, 0.29029 ], [ 35.71548, 0.29023 ], [ 35.71548, 0.29014 ], [ 35.71546, 0.29011 ], [ 35.71537, 0.28999 ], [ 35.71517, 0.28994 ], [ 35.71502, 0.28994 ], [ 35.71489, 0.28994 ], [ 35.71475, 0.28983 ], [ 35.71475, 0.2896 ], [ 35.71481, 0.28941 ], [ 35.71496, 0.28929 ], [ 35.71513, 0.28911 ], [ 35.71534, 0.28897 ], [ 35.71548, 0.28894 ], [ 35.71554, 0.28893 ], [ 35.71569, 0.28892 ], [ 35.71582, 0.28895 ], [ 35.7159, 0.2889 ], [ 35.7159, 0.28873 ], [ 35.71584, 0.28866 ], [ 35.71578, 0.28858 ], [ 35.71567, 0.28845 ], [ 35.71565, 0.28843 ], [ 35.71551, 0.28828 ], [ 35.71541, 0.28823 ], [ 35.71538, 0.28821 ], [ 35.71523, 0.28814 ], [ 35.7152, 0.28802 ], [ 35.71521, 0.28783 ], [ 35.71528, 0.2877 ], [ 35.71543, 0.28763 ], [ 35.71555, 0.28751 ], [ 35.71561, 0.28744 ], [ 35.71562, 0.28737 ], [ 35.71562, 0.28731 ], [ 35.71562, 0.2873 ], [ 35.71551, 0.28724 ], [ 35.7155, 0.28724 ], [ 35.71537, 0.28723 ], [ 35.71524, 0.28717 ], [ 35.71508, 0.28709 ], [ 35.7149, 0.28695 ], [ 35.71478, 0.28683 ], [ 35.71476, 0.28669 ], [ 35.71479, 0.28653 ], [ 35.71486, 0.28645 ], [ 35.71492, 0.2864 ], [ 35.71496, 0.28629 ], [ 35.71496, 0.28622 ], [ 35.71496, 0.28612 ], [ 35.71497, 0.28596 ], [ 35.71503, 0.28581 ], [ 35.71506, 0.28572 ], [ 35.71517, 0.2857 ], [ 35.71528, 0.28573 ], [ 35.71533, 0.28578 ], [ 35.71537, 0.28583 ], [ 35.71542, 0.2859 ], [ 35.71552, 0.2859 ], [ 35.71568, 0.28586 ], [ 35.71578, 0.28578 ], [ 35.71584, 0.28564 ], [ 35.71581, 0.28549 ], [ 35.7158, 0.28542 ], [ 35.71568, 0.28526 ], [ 35.71554, 0.28516 ], [ 35.71548, 0.28511 ], [ 35.71546, 0.28511 ], [ 35.71532, 0.28507 ], [ 35.7152, 0.28504 ], [ 35.71514, 0.28488 ], [ 35.71525, 0.28477 ], [ 35.71527, 0.28477 ], [ 35.71542, 0.28474 ], [ 35.71564, 0.28473 ], [ 35.71582, 0.28467 ], [ 35.71593, 0.28456 ], [ 35.71597, 0.28445 ], [ 35.71597, 0.28433 ], [ 35.71589, 0.28415 ], [ 35.71587, 0.28412 ], [ 35.71575, 0.28399 ], [ 35.71558, 0.2838 ], [ 35.71545, 0.28349 ], [ 35.71537, 0.28334 ], [ 35.71528, 0.28317 ], [ 35.71518, 0.28295 ], [ 35.71509, 0.28271 ], [ 35.71501, 0.28247 ], [ 35.71498, 0.28214 ], [ 35.71502, 0.28181 ], [ 35.71503, 0.28156 ], [ 35.71502, 0.28128 ], [ 35.71503, 0.2812 ], [ 35.71503, 0.28118 ], [ 35.71499, 0.28098 ], [ 35.71494, 0.28083 ], [ 35.7149, 0.28078 ], [ 35.71485, 0.28071 ], [ 35.71481, 0.28061 ], [ 35.71482, 0.28047 ], [ 35.715, 0.28034 ], [ 35.71512, 0.28028 ], [ 35.71514, 0.28028 ], [ 35.71526, 0.28021 ], [ 35.71532, 0.28009 ], [ 35.71527, 0.27995 ], [ 35.71521, 0.27991 ], [ 35.71503, 0.27984 ], [ 35.7149, 0.27977 ], [ 35.71476, 0.27965 ], [ 35.71465, 0.2796 ], [ 35.71462, 0.27949 ], [ 35.71462, 0.27935 ], [ 35.71462, 0.27921 ], [ 35.71462, 0.27908 ], [ 35.71455, 0.27898 ], [ 35.7144, 0.27896 ], [ 35.71427, 0.279 ], [ 35.71424, 0.27901 ], [ 35.71411, 0.27909 ], [ 35.71396, 0.27918 ], [ 35.71386, 0.27923 ], [ 35.71373, 0.27923 ], [ 35.7136, 0.27917 ], [ 35.71347, 0.27904 ], [ 35.71341, 0.27888 ], [ 35.71343, 0.27868 ], [ 35.71359, 0.27851 ], [ 35.71388, 0.27832 ], [ 35.7139, 0.2783 ], [ 35.71409, 0.27813 ], [ 35.71429, 0.27795 ], [ 35.7143, 0.27792 ], [ 35.7144, 0.27775 ], [ 35.71445, 0.27758 ], [ 35.71445, 0.27738 ], [ 35.7144, 0.27715 ], [ 35.71437, 0.27693 ], [ 35.71437, 0.27666 ], [ 35.71437, 0.27645 ], [ 35.71442, 0.27618 ], [ 35.71446, 0.27606 ], [ 35.71449, 0.27598 ], [ 35.71473, 0.27558 ], [ 35.71479, 0.27544 ], [ 35.71485, 0.27528 ], [ 35.71494, 0.27502 ], [ 35.71497, 0.27482 ], [ 35.71505, 0.27465 ], [ 35.71515, 0.27452 ], [ 35.71517, 0.27438 ], [ 35.71509, 0.27424 ], [ 35.71495, 0.27422 ], [ 35.71491, 0.27423 ], [ 35.7148, 0.27425 ], [ 35.71469, 0.27439 ], [ 35.71463, 0.27451 ], [ 35.71462, 0.27454 ], [ 35.71458, 0.27458 ], [ 35.71449, 0.27465 ], [ 35.71442, 0.27469 ], [ 35.71429, 0.27465 ], [ 35.71427, 0.27451 ], [ 35.7142, 0.27434 ], [ 35.71415, 0.27425 ], [ 35.71405, 0.27409 ], [ 35.71394, 0.274 ], [ 35.71385, 0.27385 ], [ 35.71373, 0.27365 ], [ 35.71362, 0.27349 ], [ 35.71357, 0.2733 ], [ 35.7135, 0.27308 ], [ 35.71338, 0.27285 ], [ 35.71323, 0.27264 ], [ 35.71309, 0.27247 ], [ 35.71295, 0.27235 ], [ 35.71282, 0.27227 ], [ 35.71271, 0.2722 ], [ 35.71265, 0.27213 ], [ 35.71262, 0.27198 ], [ 35.71262, 0.27198 ], [ 35.71262, 0.27178 ], [ 35.71256, 0.27162 ], [ 35.71246, 0.27148 ], [ 35.71245, 0.27134 ], [ 35.71242, 0.27113 ], [ 35.71238, 0.27105 ], [ 35.71236, 0.27101 ], [ 35.71225, 0.27092 ], [ 35.71213, 0.27079 ], [ 35.71209, 0.27062 ], [ 35.71209, 0.27042 ], [ 35.71216, 0.27027 ], [ 35.71223, 0.27017 ], [ 35.71223, 0.27016 ], [ 35.71228, 0.27013 ], [ 35.71233, 0.27009 ], [ 35.71245, 0.27009 ], [ 35.7125, 0.27008 ], [ 35.71274, 0.27014 ], [ 35.71296, 0.27014 ], [ 35.71299, 0.27012 ], [ 35.71304, 0.27005 ], [ 35.71309, 0.26998 ], [ 35.71309, 0.26997 ], [ 35.71313, 0.2698 ], [ 35.71316, 0.26962 ], [ 35.71325, 0.26948 ], [ 35.71334, 0.26941 ], [ 35.71335, 0.26939 ], [ 35.71357, 0.26937 ], [ 35.71374, 0.2694 ], [ 35.71385, 0.26948 ], [ 35.71399, 0.26948 ], [ 35.71417, 0.26946 ], [ 35.71429, 0.26937 ], [ 35.71431, 0.26922 ], [ 35.71431, 0.26921 ], [ 35.7143, 0.26912 ], [ 35.71428, 0.26894 ], [ 35.71415, 0.26876 ], [ 35.71402, 0.26854 ], [ 35.71384, 0.26843 ], [ 35.71365, 0.26834 ], [ 35.71354, 0.26822 ], [ 35.71354, 0.26804 ], [ 35.71352, 0.26785 ], [ 35.71345, 0.26766 ], [ 35.71328, 0.26751 ], [ 35.71306, 0.26747 ], [ 35.71277, 0.26747 ], [ 35.71258, 0.26747 ], [ 35.71228, 0.26745 ], [ 35.7121, 0.26735 ], [ 35.71192, 0.26723 ], [ 35.71175, 0.26708 ], [ 35.71173, 0.26686 ], [ 35.71173, 0.26666 ], [ 35.71179, 0.26644 ], [ 35.71179, 0.26631 ], [ 35.71163, 0.26613 ], [ 35.71142, 0.26612 ], [ 35.71119, 0.2662 ], [ 35.71097, 0.26632 ], [ 35.71082, 0.26639 ], [ 35.71065, 0.2664 ], [ 35.71055, 0.2664 ], [ 35.7104, 0.2664 ], [ 35.71029, 0.2664 ], [ 35.71004, 0.26629 ], [ 35.70996, 0.26607 ], [ 35.70998, 0.26584 ], [ 35.71008, 0.26566 ], [ 35.71023, 0.2654 ], [ 35.71047, 0.2652 ], [ 35.71049, 0.26519 ], [ 35.7107, 0.26505 ], [ 35.7108, 0.26493 ], [ 35.71084, 0.26487 ], [ 35.71096, 0.26475 ], [ 35.71112, 0.26469 ], [ 35.71116, 0.26468 ], [ 35.71135, 0.26463 ], [ 35.71143, 0.26459 ], [ 35.71164, 0.26443 ], [ 35.71171, 0.26428 ], [ 35.71172, 0.26426 ], [ 35.71177, 0.26415 ], [ 35.71178, 0.26411 ], [ 35.7118, 0.26393 ], [ 35.71179, 0.26371 ], [ 35.71176, 0.26358 ], [ 35.71173, 0.26347 ], [ 35.71171, 0.26324 ], [ 35.71171, 0.26313 ], [ 35.71171, 0.26302 ], [ 35.71169, 0.26289 ], [ 35.7116, 0.26284 ], [ 35.71143, 0.26284 ], [ 35.71138, 0.26283 ], [ 35.7113, 0.26283 ], [ 35.71112, 0.26281 ], [ 35.71097, 0.2628 ], [ 35.71086, 0.26276 ], [ 35.71072, 0.26267 ], [ 35.71066, 0.26244 ], [ 35.71066, 0.26231 ], [ 35.71067, 0.26209 ], [ 35.71068, 0.2619 ], [ 35.71069, 0.26168 ], [ 35.71069, 0.26145 ], [ 35.71069, 0.2613 ], [ 35.71064, 0.2612 ], [ 35.71061, 0.26114 ], [ 35.71048, 0.26105 ], [ 35.71032, 0.26094 ], [ 35.71031, 0.26093 ], [ 35.71016, 0.26082 ], [ 35.70998, 0.26068 ], [ 35.70997, 0.26053 ], [ 35.70998, 0.26032 ], [ 35.71001, 0.26012 ], [ 35.71003, 0.2599 ], [ 35.71009, 0.25972 ], [ 35.71015, 0.25951 ], [ 35.71027, 0.25936 ], [ 35.71033, 0.25934 ], [ 35.71038, 0.25932 ], [ 35.71054, 0.25914 ], [ 35.71056, 0.25897 ], [ 35.71057, 0.25893 ], [ 35.71061, 0.25871 ], [ 35.71061, 0.25867 ], [ 35.71064, 0.25843 ], [ 35.71064, 0.25838 ], [ 35.71065, 0.25823 ], [ 35.7107, 0.25805 ], [ 35.71073, 0.25797 ], [ 35.71073, 0.25796 ], [ 35.71073, 0.25779 ], [ 35.71068, 0.25761 ], [ 35.71058, 0.25748 ], [ 35.71055, 0.25744 ], [ 35.71033, 0.2574 ], [ 35.71008, 0.2574 ], [ 35.71002, 0.25746 ], [ 35.70992, 0.25758 ], [ 35.70982, 0.2577 ], [ 35.70979, 0.25775 ], [ 35.70975, 0.25778 ], [ 35.70965, 0.25786 ], [ 35.70945, 0.25791 ], [ 35.70921, 0.25786 ], [ 35.70917, 0.25786 ], [ 35.70902, 0.25779 ], [ 35.70889, 0.25764 ], [ 35.70881, 0.25754 ], [ 35.70883, 0.25729 ], [ 35.70901, 0.2571 ], [ 35.70917, 0.25701 ], [ 35.70939, 0.25684 ], [ 35.70964, 0.25683 ], [ 35.70974, 0.25686 ], [ 35.70983, 0.25689 ], [ 35.71002, 0.25688 ], [ 35.71012, 0.25675 ], [ 35.71012, 0.25669 ], [ 35.71012, 0.25658 ], [ 35.71009, 0.25643 ], [ 35.71015, 0.25622 ], [ 35.71037, 0.25612 ], [ 35.71037, 0.25612 ], [ 35.71057, 0.2561 ], [ 35.71074, 0.25605 ], [ 35.71079, 0.25603 ], [ 35.71086, 0.25603 ], [ 35.71096, 0.25602 ], [ 35.71116, 0.25594 ], [ 35.71128, 0.25577 ], [ 35.71128, 0.25572 ], [ 35.7113, 0.25556 ], [ 35.71132, 0.2554 ], [ 35.71132, 0.25537 ], [ 35.71131, 0.25524 ], [ 35.71128, 0.25521 ], [ 35.71117, 0.25512 ], [ 35.71098, 0.25503 ], [ 35.71075, 0.25493 ], [ 35.71061, 0.25491 ], [ 35.71037, 0.25491 ], [ 35.71028, 0.25491 ], [ 35.71014, 0.2549 ], [ 35.71005, 0.25485 ], [ 35.71004, 0.25482 ], [ 35.71004, 0.25482 ], [ 35.70998, 0.25464 ], [ 35.70998, 0.25464 ], [ 35.70999, 0.25461 ], [ 35.71004, 0.25454 ], [ 35.71004, 0.25451 ], [ 35.71016, 0.25428 ], [ 35.7104, 0.25407 ], [ 35.71054, 0.25392 ], [ 35.71063, 0.25382 ], [ 35.7107, 0.25374 ], [ 35.7108, 0.2536 ], [ 35.71096, 0.2534 ], [ 35.71102, 0.25317 ], [ 35.71125, 0.25302 ], [ 35.71147, 0.25288 ], [ 35.71166, 0.2527 ], [ 35.71186, 0.25259 ], [ 35.71189, 0.25258 ], [ 35.7121, 0.25241 ], [ 35.71216, 0.25234 ], [ 35.71231, 0.25215 ], [ 35.71246, 0.25198 ], [ 35.71254, 0.25192 ], [ 35.71281, 0.25166 ], [ 35.71297, 0.25146 ], [ 35.71301, 0.25114 ], [ 35.71303, 0.2511 ], [ 35.71303, 0.25107 ], [ 35.71304, 0.2509 ], [ 35.71312, 0.25084 ], [ 35.71312, 0.25083 ], [ 35.71322, 0.25073 ], [ 35.71327, 0.2506 ], [ 35.71339, 0.2504 ], [ 35.7134, 0.25023 ], [ 35.7134, 0.25019 ], [ 35.71343, 0.25007 ], [ 35.71349, 0.24997 ], [ 35.7135, 0.24994 ], [ 35.71363, 0.24969 ], [ 35.71381, 0.24949 ], [ 35.71389, 0.24932 ], [ 35.71397, 0.24916 ], [ 35.71398, 0.24913 ], [ 35.71415, 0.24898 ], [ 35.71436, 0.24898 ], [ 35.71453, 0.24905 ], [ 35.7146, 0.24914 ], [ 35.71461, 0.24915 ], [ 35.71466, 0.24921 ], [ 35.71482, 0.24928 ], [ 35.71492, 0.24934 ], [ 35.71503, 0.24938 ], [ 35.71523, 0.24938 ], [ 35.71535, 0.24926 ], [ 35.71535, 0.24926 ], [ 35.71544, 0.24911 ], [ 35.71544, 0.2491 ], [ 35.71551, 0.24903 ], [ 35.71555, 0.249 ], [ 35.71558, 0.24886 ], [ 35.71558, 0.24884 ], [ 35.71558, 0.24869 ], [ 35.71555, 0.24851 ], [ 35.71547, 0.24835 ], [ 35.71547, 0.24835 ], [ 35.71547, 0.24835 ], [ 35.71547, 0.24835 ], [ 35.71529, 0.24789 ], [ 35.71529, 0.24789 ], [ 35.71521, 0.24778 ], [ 35.71511, 0.24762 ], [ 35.71507, 0.24742 ], [ 35.71521, 0.24723 ], [ 35.71547, 0.24707 ], [ 35.71562, 0.24699 ], [ 35.71572, 0.24693 ], [ 35.71581, 0.24683 ], [ 35.71587, 0.24676 ], [ 35.716, 0.24661 ], [ 35.71605, 0.24652 ], [ 35.71611, 0.24642 ], [ 35.71622, 0.24624 ], [ 35.71658, 0.24585 ], [ 35.71661, 0.2458 ], [ 35.71669, 0.24565 ], [ 35.71675, 0.24555 ], [ 35.71679, 0.24545 ], [ 35.71676, 0.24526 ], [ 35.71675, 0.24521 ], [ 35.71679, 0.24514 ], [ 35.71688, 0.24494 ], [ 35.71713, 0.24462 ], [ 35.71712, 0.24452 ], [ 35.71712, 0.24429 ], [ 35.71708, 0.24402 ], [ 35.71701, 0.24379 ], [ 35.71697, 0.24364 ], [ 35.71697, 0.2433 ], [ 35.71715, 0.24293 ], [ 35.71715, 0.24253 ], [ 35.71709, 0.24215 ], [ 35.71724, 0.24181 ], [ 35.71764, 0.24126 ], [ 35.71789, 0.24086 ], [ 35.71793, 0.24059 ], [ 35.71794, 0.24025 ], [ 35.71795, 0.23987 ], [ 35.71795, 0.23959 ], [ 35.71807, 0.23937 ], [ 35.7182, 0.23925 ], [ 35.71847, 0.23924 ], [ 35.71868, 0.23929 ], [ 35.71874, 0.2393 ], [ 35.71885, 0.23933 ], [ 35.71894, 0.23937 ], [ 35.71906, 0.23942 ], [ 35.71933, 0.23942 ], [ 35.71943, 0.23922 ], [ 35.71951, 0.23892 ], [ 35.71951, 0.23874 ], [ 35.71939, 0.23833 ], [ 35.71917, 0.23802 ], [ 35.71917, 0.23783 ], [ 35.71926, 0.23764 ], [ 35.71938, 0.23755 ], [ 35.71973, 0.23759 ], [ 35.71983, 0.23761 ], [ 35.71987, 0.23762 ], [ 35.71994, 0.23764 ], [ 35.72, 0.23762 ], [ 35.72001, 0.23762 ], [ 35.72012, 0.23759 ], [ 35.72034, 0.23725 ], [ 35.72054, 0.23699 ], [ 35.72076, 0.23682 ], [ 35.72077, 0.23651 ], [ 35.72073, 0.23628 ], [ 35.72073, 0.23626 ], [ 35.72061, 0.23604 ], [ 35.72058, 0.23598 ], [ 35.72058, 0.23579 ], [ 35.72059, 0.23539 ], [ 35.72062, 0.23508 ], [ 35.7207, 0.23471 ], [ 35.72093, 0.23447 ], [ 35.72101, 0.23432 ], [ 35.72126, 0.23404 ], [ 35.72154, 0.23376 ], [ 35.72179, 0.23356 ], [ 35.72203, 0.23327 ], [ 35.72202, 0.23315 ], [ 35.72168, 0.23279 ], [ 35.72149, 0.23256 ], [ 35.7214, 0.23225 ], [ 35.7214, 0.23201 ], [ 35.72159, 0.23171 ], [ 35.72167, 0.23159 ], [ 35.72187, 0.23127 ], [ 35.72192, 0.23079 ], [ 35.72189, 0.23058 ], [ 35.72186, 0.23034 ], [ 35.72186, 0.23015 ], [ 35.72187, 0.22993 ], [ 35.72189, 0.22968 ], [ 35.72187, 0.22947 ], [ 35.72178, 0.22921 ], [ 35.72178, 0.22899 ], [ 35.72186, 0.22872 ], [ 35.72187, 0.22844 ], [ 35.72187, 0.2284 ], [ 35.72187, 0.22811 ], [ 35.72187, 0.22806 ], [ 35.72187, 0.22785 ], [ 35.72183, 0.22745 ], [ 35.72176, 0.22715 ], [ 35.72174, 0.22671 ], [ 35.72182, 0.22644 ], [ 35.72204, 0.22609 ], [ 35.72227, 0.22566 ], [ 35.72227, 0.22555 ], [ 35.72213, 0.22533 ], [ 35.72194, 0.22513 ], [ 35.72167, 0.225 ], [ 35.72167, 0.22481 ], [ 35.72172, 0.22461 ], [ 35.72187, 0.22447 ], [ 35.72214, 0.22434 ], [ 35.72236, 0.22416 ], [ 35.72242, 0.2239 ], [ 35.72242, 0.22368 ], [ 35.72242, 0.22346 ], [ 35.72265, 0.22328 ], [ 35.7228, 0.2229 ], [ 35.72297, 0.22263 ], [ 35.72307, 0.22225 ], [ 35.72309, 0.22185 ], [ 35.72309, 0.22156 ], [ 35.72303, 0.2212 ], [ 35.72303, 0.2208 ], [ 35.72325, 0.22048 ], [ 35.72344, 0.22019 ], [ 35.72357, 0.21996 ], [ 35.72361, 0.21971 ], [ 35.72359, 0.21938 ], [ 35.7235, 0.21905 ], [ 35.7235, 0.21884 ], [ 35.72361, 0.21864 ], [ 35.72365, 0.21845 ], [ 35.72369, 0.21832 ], [ 35.72365, 0.21812 ], [ 35.72353, 0.21784 ], [ 35.7235, 0.21756 ], [ 35.7235, 0.21739 ], [ 35.72356, 0.21714 ], [ 35.72366, 0.21695 ], [ 35.72369, 0.21675 ], [ 35.72357, 0.21649 ], [ 35.72334, 0.21626 ], [ 35.72333, 0.21607 ], [ 35.72352, 0.21582 ], [ 35.72368, 0.21553 ], [ 35.72372, 0.21525 ], [ 35.72358, 0.21489 ], [ 35.72351, 0.21448 ], [ 35.72332, 0.21404 ], [ 35.72326, 0.21371 ], [ 35.72322, 0.2133 ], [ 35.72344, 0.21294 ], [ 35.72375, 0.21261 ], [ 35.72376, 0.21235 ], [ 35.72354, 0.21184 ], [ 35.72349, 0.21152 ], [ 35.72351, 0.21119 ], [ 35.72353, 0.21073 ], [ 35.72348, 0.21056 ], [ 35.72333, 0.21056 ], [ 35.72332, 0.21056 ], [ 35.7233, 0.21039 ], [ 35.72317, 0.21016 ], [ 35.72304, 0.2101 ], [ 35.72298, 0.20994 ], [ 35.72298, 0.2099 ], [ 35.72292, 0.20989 ], [ 35.72292, 0.20996 ], [ 35.72292, 0.21003 ], [ 35.72291, 0.21015 ], [ 35.7228, 0.21011 ], [ 35.72269, 0.2101 ], [ 35.72267, 0.21009 ], [ 35.72259, 0.21012 ], [ 35.72244, 0.21019 ], [ 35.72241, 0.21029 ], [ 35.72241, 0.21036 ], [ 35.72243, 0.2104 ], [ 35.72246, 0.21044 ], [ 35.72253, 0.21051 ], [ 35.72264, 0.21062 ], [ 35.72264, 0.21068 ], [ 35.72263, 0.21072 ], [ 35.72257, 0.21073 ], [ 35.72249, 0.21072 ], [ 35.72242, 0.2107 ], [ 35.72232, 0.21068 ], [ 35.7222, 0.21064 ], [ 35.72216, 0.2106 ], [ 35.7221, 0.21055 ], [ 35.72201, 0.21049 ], [ 35.72187, 0.21042 ], [ 35.72176, 0.21042 ], [ 35.72163, 0.21042 ], [ 35.72155, 0.2104 ], [ 35.72144, 0.21031 ], [ 35.72135, 0.21021 ], [ 35.72132, 0.21014 ], [ 35.7213, 0.21007 ], [ 35.72126, 0.20997 ], [ 35.72121, 0.2099 ], [ 35.72115, 0.20987 ], [ 35.72102, 0.20986 ], [ 35.72089, 0.20988 ], [ 35.72077, 0.20995 ], [ 35.72069, 0.21001 ], [ 35.72064, 0.21008 ], [ 35.72056, 0.21012 ], [ 35.72047, 0.21016 ], [ 35.72039, 0.21016 ], [ 35.72027, 0.21016 ], [ 35.7201, 0.21016 ], [ 35.72, 0.21014 ], [ 35.71993, 0.2101 ], [ 35.71985, 0.21004 ], [ 35.71976, 0.20997 ], [ 35.7197, 0.20993 ], [ 35.71966, 0.20986 ], [ 35.71963, 0.2098 ], [ 35.71962, 0.20971 ], [ 35.71959, 0.2096 ], [ 35.71947, 0.20946 ], [ 35.71938, 0.20939 ], [ 35.71923, 0.20923 ], [ 35.71907, 0.20908 ], [ 35.71885, 0.20884 ], [ 35.71856, 0.20856 ], [ 35.71828, 0.20825 ], [ 35.71823, 0.20807 ], [ 35.71823, 0.20793 ], [ 35.71823, 0.20779 ], [ 35.71827, 0.20768 ], [ 35.71831, 0.20752 ], [ 35.71831, 0.20741 ], [ 35.71831, 0.20725 ], [ 35.71828, 0.20716 ], [ 35.7182, 0.20696 ], [ 35.71811, 0.20667 ], [ 35.7181, 0.20655 ], [ 35.7181, 0.20644 ], [ 35.71814, 0.20635 ], [ 35.71818, 0.20627 ], [ 35.71822, 0.20618 ], [ 35.71824, 0.20608 ], [ 35.71826, 0.20597 ], [ 35.71826, 0.20571 ], [ 35.71813, 0.20539 ], [ 35.71809, 0.20527 ], [ 35.71796, 0.2051 ], [ 35.71778, 0.20489 ], [ 35.7176, 0.20471 ], [ 35.71743, 0.20447 ], [ 35.7174, 0.20438 ], [ 35.71735, 0.20431 ], [ 35.7173, 0.20427 ], [ 35.71724, 0.20426 ], [ 35.71719, 0.20424 ], [ 35.7171, 0.20424 ], [ 35.71701, 0.20423 ], [ 35.71691, 0.20426 ], [ 35.71681, 0.20429 ], [ 35.71651, 0.20433 ], [ 35.71635, 0.20433 ], [ 35.71616, 0.20433 ], [ 35.71596, 0.20434 ], [ 35.71578, 0.20434 ], [ 35.71564, 0.20434 ], [ 35.71552, 0.20434 ], [ 35.71525, 0.20435 ], [ 35.71493, 0.2045 ], [ 35.71475, 0.20457 ], [ 35.71463, 0.20457 ], [ 35.71454, 0.20456 ], [ 35.71434, 0.20456 ], [ 35.71422, 0.20453 ], [ 35.7141, 0.20448 ], [ 35.71398, 0.20445 ], [ 35.71382, 0.2044 ], [ 35.71361, 0.20435 ], [ 35.71352, 0.2043 ], [ 35.71342, 0.20423 ], [ 35.71334, 0.20411 ], [ 35.71328, 0.20398 ], [ 35.71319, 0.20367 ], [ 35.71311, 0.20336 ], [ 35.71308, 0.20326 ], [ 35.71298, 0.2032 ], [ 35.71286, 0.20316 ], [ 35.71263, 0.20316 ], [ 35.71242, 0.20319 ], [ 35.71224, 0.20319 ], [ 35.71202, 0.20318 ], [ 35.71188, 0.20311 ], [ 35.71172, 0.20305 ], [ 35.71161, 0.20299 ], [ 35.71141, 0.20296 ], [ 35.7113, 0.20296 ], [ 35.71115, 0.20299 ], [ 35.71105, 0.20299 ], [ 35.71088, 0.20299 ], [ 35.71074, 0.20298 ], [ 35.71064, 0.20295 ], [ 35.71052, 0.20287 ], [ 35.71042, 0.20278 ], [ 35.71036, 0.20268 ], [ 35.71029, 0.20259 ], [ 35.71021, 0.20252 ], [ 35.71009, 0.20235 ], [ 35.70989, 0.20203 ], [ 35.70985, 0.20194 ], [ 35.70979, 0.20188 ], [ 35.70972, 0.20186 ], [ 35.70965, 0.20186 ], [ 35.70953, 0.20191 ], [ 35.70936, 0.20199 ], [ 35.70901, 0.20217 ], [ 35.70888, 0.20218 ], [ 35.70869, 0.20218 ], [ 35.70851, 0.20218 ], [ 35.70836, 0.20215 ], [ 35.70829, 0.20213 ], [ 35.70821, 0.20207 ], [ 35.70815, 0.20198 ], [ 35.70813, 0.2019 ], [ 35.70811, 0.20178 ], [ 35.708, 0.20159 ], [ 35.70792, 0.2014 ], [ 35.70768, 0.20118 ], [ 35.70759, 0.20114 ], [ 35.70748, 0.20107 ], [ 35.70732, 0.201 ], [ 35.70712, 0.20086 ], [ 35.70702, 0.20085 ], [ 35.70691, 0.20086 ], [ 35.70685, 0.2009 ], [ 35.70677, 0.20096 ], [ 35.70669, 0.20098 ], [ 35.70663, 0.20098 ], [ 35.70656, 0.20098 ], [ 35.7065, 0.20098 ], [ 35.70647, 0.20094 ], [ 35.70644, 0.20083 ], [ 35.70643, 0.20073 ], [ 35.70644, 0.20053 ], [ 35.70644, 0.20032 ], [ 35.70645, 0.20022 ], [ 35.70653, 0.20014 ], [ 35.7066, 0.2001 ], [ 35.70669, 0.20003 ], [ 35.70676, 0.19991 ], [ 35.70677, 0.19982 ], [ 35.70676, 0.19975 ], [ 35.70666, 0.19966 ], [ 35.70656, 0.19959 ], [ 35.70643, 0.1995 ], [ 35.70635, 0.19942 ], [ 35.70625, 0.1993 ], [ 35.70615, 0.19915 ], [ 35.70604, 0.19892 ], [ 35.70598, 0.19882 ], [ 35.70588, 0.19874 ], [ 35.70581, 0.1987 ], [ 35.70569, 0.19867 ], [ 35.70552, 0.19866 ], [ 35.70536, 0.19866 ], [ 35.70521, 0.19866 ], [ 35.705, 0.19866 ], [ 35.70484, 0.19866 ], [ 35.70473, 0.19866 ], [ 35.70462, 0.19866 ], [ 35.70449, 0.19858 ], [ 35.70441, 0.19853 ], [ 35.70431, 0.19842 ], [ 35.70418, 0.1982 ], [ 35.70409, 0.19793 ], [ 35.70394, 0.19766 ], [ 35.70383, 0.19758 ], [ 35.70375, 0.19753 ], [ 35.70368, 0.1975 ], [ 35.70359, 0.19746 ], [ 35.70355, 0.19741 ], [ 35.70351, 0.19726 ], [ 35.70354, 0.1971 ], [ 35.7036, 0.19688 ], [ 35.70359, 0.19677 ], [ 35.70356, 0.1967 ], [ 35.7035, 0.19662 ], [ 35.70343, 0.19658 ], [ 35.70337, 0.19654 ], [ 35.7033, 0.19648 ], [ 35.70321, 0.19639 ], [ 35.70311, 0.19628 ], [ 35.70303, 0.19619 ], [ 35.70294, 0.19607 ], [ 35.70287, 0.19595 ], [ 35.70277, 0.19584 ], [ 35.70271, 0.19577 ], [ 35.70263, 0.19573 ], [ 35.70256, 0.19567 ], [ 35.70247, 0.19558 ], [ 35.70238, 0.19547 ], [ 35.70235, 0.19527 ], [ 35.70229, 0.19497 ], [ 35.70227, 0.19491 ], [ 35.70224, 0.1948 ], [ 35.70223, 0.19469 ], [ 35.70223, 0.19458 ], [ 35.70225, 0.19445 ], [ 35.70225, 0.19435 ], [ 35.70225, 0.19418 ], [ 35.70231, 0.19392 ], [ 35.70235, 0.19375 ], [ 35.70239, 0.19362 ], [ 35.70239, 0.19353 ], [ 35.70239, 0.19343 ], [ 35.70239, 0.1933 ], [ 35.70238, 0.19317 ], [ 35.70231, 0.19304 ], [ 35.70229, 0.19291 ], [ 35.70227, 0.1928 ], [ 35.70223, 0.19267 ], [ 35.70206, 0.19249 ], [ 35.7019, 0.19229 ], [ 35.7018, 0.1922 ], [ 35.70171, 0.19213 ], [ 35.70158, 0.1921 ], [ 35.70137, 0.19203 ], [ 35.70128, 0.19197 ], [ 35.70123, 0.19191 ], [ 35.70117, 0.19185 ], [ 35.70109, 0.1918 ], [ 35.70095, 0.1918 ], [ 35.70084, 0.1918 ], [ 35.70073, 0.19177 ], [ 35.70067, 0.19174 ], [ 35.7006, 0.19167 ], [ 35.70054, 0.19158 ], [ 35.70049, 0.19154 ], [ 35.70041, 0.19152 ], [ 35.70032, 0.19152 ], [ 35.70026, 0.19152 ], [ 35.70021, 0.19147 ], [ 35.70019, 0.19138 ], [ 35.70017, 0.19127 ], [ 35.70012, 0.19114 ], [ 35.70004, 0.19102 ], [ 35.6999, 0.19096 ], [ 35.69985, 0.19088 ], [ 35.69985, 0.19076 ], [ 35.69983, 0.1906 ], [ 35.69983, 0.19052 ], [ 35.6998, 0.19044 ], [ 35.69971, 0.1904 ], [ 35.69966, 0.19036 ], [ 35.69956, 0.19036 ], [ 35.69944, 0.19039 ], [ 35.69931, 0.19042 ], [ 35.69922, 0.19042 ], [ 35.69914, 0.1904 ], [ 35.69908, 0.19034 ], [ 35.69901, 0.19024 ], [ 35.69899, 0.19015 ], [ 35.69899, 0.19004 ], [ 35.69898, 0.18993 ], [ 35.69896, 0.18985 ], [ 35.69892, 0.18978 ], [ 35.69888, 0.18975 ], [ 35.69884, 0.18974 ], [ 35.69875, 0.18974 ], [ 35.69871, 0.18974 ], [ 35.69867, 0.18976 ], [ 35.69862, 0.18981 ], [ 35.69858, 0.18986 ], [ 35.69854, 0.18988 ], [ 35.69847, 0.18988 ], [ 35.69839, 0.18988 ], [ 35.69834, 0.18988 ], [ 35.69826, 0.18985 ], [ 35.69821, 0.18976 ], [ 35.69813, 0.18964 ], [ 35.69805, 0.18956 ], [ 35.69797, 0.18947 ], [ 35.69787, 0.18941 ], [ 35.69781, 0.1894 ], [ 35.69766, 0.1894 ], [ 35.69746, 0.1894 ], [ 35.69737, 0.1894 ], [ 35.69729, 0.1894 ], [ 35.69723, 0.18936 ], [ 35.69719, 0.18931 ], [ 35.69712, 0.18925 ], [ 35.69695, 0.18904 ], [ 35.69678, 0.1889 ], [ 35.69673, 0.18884 ], [ 35.69662, 0.18872 ], [ 35.69656, 0.18861 ], [ 35.69638, 0.18836 ], [ 35.69629, 0.18824 ], [ 35.69625, 0.18815 ], [ 35.69621, 0.18804 ], [ 35.69617, 0.18792 ], [ 35.69614, 0.18785 ], [ 35.6961, 0.18783 ], [ 35.69603, 0.18778 ], [ 35.69593, 0.18773 ], [ 35.69585, 0.18771 ], [ 35.69579, 0.1877 ], [ 35.69565, 0.1877 ], [ 35.69554, 0.18769 ], [ 35.69543, 0.18768 ], [ 35.69533, 0.18765 ], [ 35.69523, 0.18757 ], [ 35.6952, 0.18752 ], [ 35.69516, 0.18746 ], [ 35.69512, 0.18735 ], [ 35.69512, 0.18721 ], [ 35.69509, 0.18707 ], [ 35.69504, 0.18695 ], [ 35.69496, 0.18678 ], [ 35.69485, 0.18656 ], [ 35.69477, 0.18631 ], [ 35.69475, 0.18624 ], [ 35.69472, 0.18619 ], [ 35.69466, 0.18615 ], [ 35.69456, 0.18612 ], [ 35.69448, 0.18611 ], [ 35.69435, 0.18611 ], [ 35.69421, 0.18608 ], [ 35.69413, 0.18604 ], [ 35.69406, 0.18598 ], [ 35.69347, 0.18539 ], [ 35.6929, 0.18482 ], [ 35.69248, 0.1844 ], [ 35.69563, 0.1768 ], [ 35.6958, 0.17689 ], [ 35.69649, 0.17524 ], [ 35.69571, 0.17502 ], [ 35.69396, 0.17453 ], [ 35.69207, 0.17395 ], [ 35.68479, 0.17188 ], [ 35.68092, 0.17071 ], [ 35.67619, 0.16953 ], [ 35.67601, 0.16946 ], [ 35.67519, 0.16918 ], [ 35.67458, 0.16873 ], [ 35.67353, 0.16795 ], [ 35.66933, 0.16809 ], [ 35.66683, 0.16797 ], [ 35.66669, 0.16802 ], [ 35.66669, 0.168 ], [ 35.66567, 0.16806 ], [ 35.6618, 0.16811 ], [ 35.66074, 0.16807 ], [ 35.65949, 0.16818 ], [ 35.65949, 0.16813 ], [ 35.65568, 0.16813 ], [ 35.65316, 0.16813 ], [ 35.65202, 0.16815 ], [ 35.65176, 0.16816 ], [ 35.65005, 0.16802 ], [ 35.64931, 0.16792 ], [ 35.6493, 0.16793 ], [ 35.64499, 0.16801 ], [ 35.64016, 0.16809 ], [ 35.64016, 0.16809 ], [ 35.63413, 0.16811 ], [ 35.63345, 0.16812 ], [ 35.63038, 0.16815 ], [ 35.62983, 0.16815 ], [ 35.62647, 0.16817 ], [ 35.62488, 0.16815 ], [ 35.62315, 0.16819 ], [ 35.61874, 0.16819 ], [ 35.61657, 0.16819 ], [ 35.61642, 0.16819 ], [ 35.61432, 0.16821 ], [ 35.61279, 0.1682 ], [ 35.61085, 0.1682 ], [ 35.60818, 0.16822 ], [ 35.60114, 0.16828 ], [ 35.59837, 0.16827 ], [ 35.59751, 0.16827 ], [ 35.58951, 0.16824 ], [ 35.5894, 0.16824 ], [ 35.5894, 0.16825 ], [ 35.58936, 0.16922 ], [ 35.58936, 0.16929 ], [ 35.58886, 0.16941 ], [ 35.58866, 0.16947 ], [ 35.58789, 0.16961 ], [ 35.58672, 0.1698 ], [ 35.5866, 0.1699 ], [ 35.58553, 0.17079 ], [ 35.58536, 0.17094 ], [ 35.58507, 0.17129 ], [ 35.58485, 0.17155 ], [ 35.58476, 0.17161 ], [ 35.584, 0.17213 ], [ 35.58359, 0.17241 ], [ 35.58354, 0.17244 ], [ 35.58352, 0.17247 ], [ 35.58351, 0.17248 ], [ 35.58303, 0.17317 ], [ 35.58256, 0.17379 ], [ 35.58225, 0.17419 ], [ 35.58155, 0.17523 ], [ 35.58087, 0.17564 ], [ 35.58071, 0.17571 ], [ 35.58007, 0.17596 ], [ 35.57951, 0.17654 ], [ 35.57916, 0.17732 ], [ 35.57913, 0.17739 ], [ 35.579, 0.17749 ], [ 35.57837, 0.17795 ], [ 35.57823, 0.1782 ], [ 35.57825, 0.17821 ], [ 35.57799, 0.17866 ], [ 35.57763, 0.17924 ], [ 35.57748, 0.1795 ], [ 35.57729, 0.18001 ], [ 35.57705, 0.18058 ], [ 35.57699, 0.18075 ], [ 35.57689, 0.18094 ], [ 35.57664, 0.18142 ], [ 35.57642, 0.18196 ], [ 35.5761, 0.18247 ], [ 35.57601, 0.18268 ], [ 35.57587, 0.18299 ], [ 35.57578, 0.18304 ], [ 35.57579, 0.18293 ], [ 35.56913, 0.18492 ], [ 35.5691, 0.18504 ], [ 35.56901, 0.18545 ], [ 35.56887, 0.18605 ], [ 35.56893, 0.18819 ], [ 35.56907, 0.19352 ], [ 35.56914, 0.19612 ], [ 35.56901, 0.19652 ], [ 35.56894, 0.19675 ], [ 35.56873, 0.19627 ], [ 35.56856, 0.19587 ], [ 35.568, 0.19552 ], [ 35.55884, 0.18968 ], [ 35.55821, 0.18922 ], [ 35.55586, 0.18799 ], [ 35.5556, 0.18775 ], [ 35.55554, 0.18771 ], [ 35.5527, 0.18761 ], [ 35.55162, 0.18755 ], [ 35.55103, 0.18744 ], [ 35.54959, 0.18744 ], [ 35.54929, 0.18735 ], [ 35.54928, 0.18735 ], [ 35.54768, 0.18735 ], [ 35.54375, 0.18721 ], [ 35.5411, 0.18699 ], [ 35.54085, 0.18699 ], [ 35.5408, 0.18712 ], [ 35.53775, 0.18699 ], [ 35.53528, 0.18688 ], [ 35.53486, 0.18689 ], [ 35.53427, 0.1869 ], [ 35.53418, 0.1869 ], [ 35.53411, 0.1869 ], [ 35.53123, 0.18671 ], [ 35.52891, 0.18662 ], [ 35.52804, 0.18658 ], [ 35.52649, 0.18651 ], [ 35.5246, 0.18645 ], [ 35.52375, 0.1864 ], [ 35.52359, 0.18639 ], [ 35.52258, 0.18635 ], [ 35.52112, 0.18628 ], [ 35.51947, 0.18627 ], [ 35.51811, 0.18616 ], [ 35.51807, 0.18615 ], [ 35.5154, 0.18601 ], [ 35.51372, 0.18592 ], [ 35.5133, 0.18628 ], [ 35.51291, 0.18661 ], [ 35.51271, 0.18739 ], [ 35.51316, 0.18809 ], [ 35.51425, 0.18928 ], [ 35.51429, 0.18932 ], [ 35.51541, 0.19054 ], [ 35.5166, 0.19198 ], [ 35.51797, 0.19358 ], [ 35.51914, 0.19504 ], [ 35.51965, 0.19553 ], [ 35.5197, 0.19558 ], [ 35.51973, 0.19589 ], [ 35.51981, 0.19661 ], [ 35.51981, 0.19762 ], [ 35.51986, 0.1989 ], [ 35.51988, 0.20074 ], [ 35.5199, 0.20078 ], [ 35.52089, 0.20212 ], [ 35.52147, 0.20295 ], [ 35.52336, 0.20529 ], [ 35.52343, 0.20538 ], [ 35.52382, 0.20587 ], [ 35.52462, 0.2069 ], [ 35.52464, 0.20693 ], [ 35.5254, 0.20787 ], [ 35.52584, 0.20841 ], [ 35.52586, 0.20844 ], [ 35.52602, 0.20864 ], [ 35.52624, 0.20891 ], [ 35.5271, 0.20992 ], [ 35.52724, 0.21009 ], [ 35.527, 0.21104 ], [ 35.52704, 0.2111 ], [ 35.52707, 0.21112 ], [ 35.52742, 0.21162 ], [ 35.5275, 0.21173 ], [ 35.52761, 0.2119 ], [ 35.52773, 0.21207 ], [ 35.53022, 0.21568 ], [ 35.53102, 0.21682 ], [ 35.53146, 0.21747 ], [ 35.53271, 0.21842 ], [ 35.53426, 0.21948 ], [ 35.53464, 0.21973 ], [ 35.53472, 0.21976 ], [ 35.53559, 0.21997 ], [ 35.5364, 0.21984 ], [ 35.53663, 0.21984 ], [ 35.53771, 0.21984 ], [ 35.53778, 0.21984 ], [ 35.53815, 0.22097 ], [ 35.53815, 0.22098 ], [ 35.53821, 0.22103 ], [ 35.53851, 0.22127 ], [ 35.53879, 0.22149 ], [ 35.53941, 0.22149 ], [ 35.53981, 0.22149 ], [ 35.54015, 0.22167 ], [ 35.5402, 0.2217 ], [ 35.54075, 0.222 ], [ 35.54102, 0.22261 ], [ 35.54103, 0.22284 ], [ 35.54104, 0.2231 ], [ 35.54106, 0.22348 ], [ 35.54072, 0.22413 ], [ 35.54042, 0.22429 ], [ 35.54014, 0.22444 ], [ 35.54004, 0.2245 ], [ 35.53993, 0.2245 ], [ 35.5393, 0.2245 ], [ 35.53825, 0.2245 ], [ 35.53818, 0.22453 ], [ 35.53818, 0.22453 ], [ 35.5377, 0.22473 ], [ 35.53762, 0.22476 ], [ 35.53761, 0.22477 ], [ 35.53754, 0.22486 ], [ 35.53711, 0.22544 ], [ 35.53686, 0.22572 ], [ 35.53612, 0.22656 ], [ 35.53606, 0.22662 ], [ 35.53591, 0.22668 ], [ 35.53567, 0.22681 ], [ 35.53513, 0.22686 ], [ 35.53454, 0.22668 ], [ 35.53412, 0.22653 ], [ 35.53396, 0.22649 ], [ 35.53392, 0.22646 ], [ 35.53313, 0.22607 ], [ 35.53221, 0.22566 ], [ 35.53149, 0.2255 ], [ 35.53067, 0.2255 ], [ 35.52963, 0.22587 ], [ 35.52962, 0.22588 ], [ 35.52924, 0.22619 ], [ 35.5292, 0.22628 ], [ 35.52897, 0.22693 ], [ 35.52878, 0.22741 ], [ 35.52868, 0.22795 ], [ 35.52791, 0.2279 ], [ 35.52678, 0.22788 ], [ 35.52678, 0.22788 ], [ 35.52674, 0.22786 ], [ 35.52613, 0.22764 ], [ 35.5254, 0.2274 ], [ 35.52501, 0.22727 ], [ 35.52434, 0.2273 ], [ 35.52313, 0.22728 ], [ 35.52228, 0.22727 ], [ 35.51887, 0.22686 ], [ 35.51769, 0.22662 ], [ 35.51755, 0.22659 ], [ 35.51684, 0.22656 ], [ 35.51662, 0.22662 ], [ 35.51608, 0.22676 ], [ 35.51558, 0.22674 ], [ 35.51548, 0.22662 ], [ 35.51552, 0.22662 ], [ 35.51519, 0.22657 ], [ 35.51475, 0.22651 ], [ 35.51435, 0.22645 ], [ 35.51417, 0.22647 ], [ 35.51385, 0.22652 ], [ 35.51363, 0.22645 ], [ 35.51335, 0.22637 ], [ 35.5127, 0.22617 ], [ 35.51205, 0.22587 ], [ 35.5115, 0.22581 ], [ 35.51119, 0.2256 ], [ 35.5107, 0.2254 ], [ 35.50981, 0.22483 ], [ 35.5091, 0.22419 ], [ 35.50828, 0.22368 ], [ 35.5076, 0.22326 ], [ 35.50703, 0.22318 ], [ 35.50631, 0.22318 ], [ 35.50589, 0.22304 ], [ 35.50587, 0.22302 ], [ 35.5058, 0.22292 ], [ 35.50568, 0.22283 ], [ 35.50357, 0.22419 ], [ 35.50294, 0.22453 ], [ 35.5023, 0.22487 ], [ 35.50159, 0.22531 ], [ 35.50132, 0.22559 ], [ 35.50125, 0.22572 ], [ 35.50102, 0.22613 ], [ 35.50094, 0.22624 ], [ 35.50056, 0.2265 ], [ 35.5001, 0.22705 ], [ 35.4995, 0.22763 ], [ 35.49888, 0.22794 ], [ 35.49843, 0.22817 ], [ 35.49783, 0.22858 ], [ 35.4975, 0.22883 ], [ 35.49687, 0.22942 ], [ 35.49642, 0.22996 ], [ 35.49605, 0.23074 ], [ 35.49575, 0.2318 ], [ 35.49529, 0.2329 ], [ 35.49499, 0.23374 ], [ 35.49466, 0.23442 ], [ 35.49401, 0.23512 ], [ 35.49354, 0.23594 ], [ 35.49328, 0.23662 ], [ 35.4929, 0.23734 ], [ 35.4924, 0.23816 ], [ 35.49196, 0.23899 ], [ 35.49082, 0.24086 ], [ 35.48967, 0.24275 ], [ 35.48809, 0.24536 ], [ 35.48719, 0.24675 ], [ 35.48708, 0.24706 ], [ 35.48671, 0.2476 ], [ 35.48653, 0.24781 ], [ 35.48617, 0.24822 ], [ 35.4863, 0.24832 ], [ 35.48613, 0.24852 ], [ 35.48661, 0.24893 ], [ 35.48751, 0.24945 ], [ 35.48986, 0.2513 ], [ 35.49328, 0.25399 ], [ 35.49531, 0.25559 ], [ 35.49488, 0.25624 ], [ 35.49448, 0.2569 ], [ 35.494, 0.25767 ], [ 35.49318, 0.259 ], [ 35.49231, 0.2603 ], [ 35.49186, 0.2611 ], [ 35.49182, 0.26129 ], [ 35.49184, 0.26133 ], [ 35.4918, 0.26138 ], [ 35.49209, 0.26219 ], [ 35.49236, 0.26296 ], [ 35.49355, 0.2663 ], [ 35.49464, 0.26939 ], [ 35.49499, 0.27028 ], [ 35.49504, 0.27041 ], [ 35.49509, 0.27054 ], [ 35.49575, 0.27225 ], [ 35.49587, 0.27228 ], [ 35.49634, 0.2724 ], [ 35.49708, 0.27242 ], [ 35.49813, 0.27244 ], [ 35.49834, 0.27262 ], [ 35.49857, 0.27282 ], [ 35.49878, 0.273 ], [ 35.49881, 0.27311 ], [ 35.49883, 0.27316 ], [ 35.49909, 0.27402 ], [ 35.49912, 0.27412 ], [ 35.49984, 0.27556 ], [ 35.49993, 0.27575 ], [ 35.50031, 0.27606 ], [ 35.50008, 0.27644 ], [ 35.49999, 0.27711 ], [ 35.50003, 0.2779 ], [ 35.50016, 0.27834 ], [ 35.50024, 0.27911 ], [ 35.50036, 0.28014 ], [ 35.50035, 0.28106 ], [ 35.50042, 0.2819 ], [ 35.50049, 0.28272 ], [ 35.50067, 0.28314 ], [ 35.5007, 0.28321 ], [ 35.50107, 0.28456 ], [ 35.50106, 0.28473 ], [ 35.50102, 0.28546 ], [ 35.50079, 0.28641 ], [ 35.50078, 0.28646 ], [ 35.50067, 0.28691 ], [ 35.50012, 0.28785 ], [ 35.50005, 0.28797 ], [ 35.49922, 0.2896 ], [ 35.4991, 0.29001 ], [ 35.49902, 0.29021 ], [ 35.49883, 0.29144 ], [ 35.49885, 0.29257 ], [ 35.49907, 0.2933 ], [ 35.49944, 0.29493 ], [ 35.49951, 0.29523 ], [ 35.50024, 0.29842 ], [ 35.5, 0.30015 ], [ 35.4998, 0.30082 ], [ 35.49943, 0.30209 ], [ 35.49928, 0.30297 ], [ 35.49908, 0.30353 ], [ 35.49913, 0.30417 ], [ 35.49912, 0.30471 ], [ 35.49898, 0.30557 ], [ 35.49873, 0.30651 ], [ 35.49861, 0.30728 ], [ 35.49851, 0.30773 ], [ 35.49836, 0.30817 ], [ 35.49833, 0.30827 ], [ 35.49822, 0.30839 ], [ 35.49805, 0.30857 ], [ 35.49785, 0.30878 ], [ 35.49785, 0.30879 ], [ 35.49769, 0.30902 ], [ 35.49762, 0.30922 ], [ 35.49741, 0.30945 ], [ 35.49721, 0.30967 ], [ 35.4969, 0.31 ], [ 35.49689, 0.31004 ], [ 35.49683, 0.31028 ], [ 35.49661, 0.31039 ], [ 35.49644, 0.3104 ], [ 35.49641, 0.3104 ], [ 35.49625, 0.31041 ], [ 35.49608, 0.31042 ], [ 35.49588, 0.31058 ], [ 35.49584, 0.31061 ], [ 35.49568, 0.31075 ], [ 35.49564, 0.31113 ], [ 35.49581, 0.31131 ], [ 35.49607, 0.31143 ], [ 35.49627, 0.3116 ], [ 35.49638, 0.31201 ], [ 35.49647, 0.31234 ], [ 35.49675, 0.31297 ], [ 35.49683, 0.31327 ], [ 35.4969, 0.31394 ], [ 35.49693, 0.31454 ], [ 35.49685, 0.31474 ], [ 35.49683, 0.31506 ], [ 35.49695, 0.31537 ], [ 35.49711, 0.3156 ], [ 35.49715, 0.31569 ], [ 35.49715, 0.3157 ], [ 35.49715, 0.3157 ], [ 35.49724, 0.31594 ], [ 35.49722, 0.31628 ], [ 35.49708, 0.31685 ], [ 35.49721, 0.31736 ], [ 35.49746, 0.31791 ], [ 35.49787, 0.31846 ], [ 35.49802, 0.319 ], [ 35.49821, 0.31985 ], [ 35.49828, 0.3202 ], [ 35.49814, 0.32126 ], [ 35.49813, 0.32137 ], [ 35.4981, 0.32141 ], [ 35.49802, 0.32149 ], [ 35.49786, 0.32167 ], [ 35.49761, 0.32194 ], [ 35.49746, 0.32238 ], [ 35.49742, 0.32249 ], [ 35.49714, 0.32288 ], [ 35.49706, 0.32296 ], [ 35.49678, 0.32323 ], [ 35.49634, 0.3236 ], [ 35.49609, 0.32381 ], [ 35.49578, 0.32427 ], [ 35.49577, 0.32433 ], [ 35.49574, 0.32456 ], [ 35.49583, 0.32538 ], [ 35.49594, 0.32633 ], [ 35.49598, 0.32744 ], [ 35.49589, 0.32873 ], [ 35.49604, 0.32996 ], [ 35.4965, 0.33163 ], [ 35.49708, 0.33298 ], [ 35.49747, 0.33367 ], [ 35.4977, 0.33407 ], [ 35.49784, 0.33433 ], [ 35.49748, 0.3348 ], [ 35.49745, 0.33484 ], [ 35.49724, 0.33545 ], [ 35.49702, 0.3361 ], [ 35.49678, 0.33682 ], [ 35.4966, 0.33768 ], [ 35.49663, 0.33806 ], [ 35.49664, 0.33813 ], [ 35.49665, 0.33836 ], [ 35.4967, 0.33889 ], [ 35.49657, 0.33984 ], [ 35.4964, 0.34069 ], [ 35.49624, 0.3412 ], [ 35.4963, 0.34172 ], [ 35.49632, 0.3419 ], [ 35.496, 0.34228 ], [ 35.49533, 0.34282 ], [ 35.49529, 0.34284 ], [ 35.49465, 0.34335 ], [ 35.4938, 0.34388 ], [ 35.49375, 0.34391 ], [ 35.49371, 0.34393 ], [ 35.49333, 0.34416 ], [ 35.49237, 0.3447 ], [ 35.49188, 0.34534 ], [ 35.49152, 0.34569 ], [ 35.49112, 0.34632 ], [ 35.49034, 0.34735 ], [ 35.48997, 0.3477 ], [ 35.48932, 0.34832 ], [ 35.48846, 0.3489 ], [ 35.48762, 0.34906 ], [ 35.48671, 0.34897 ], [ 35.48601, 0.3487 ], [ 35.48533, 0.34852 ], [ 35.48458, 0.34845 ], [ 35.48454, 0.34845 ], [ 35.4844, 0.34847 ], [ 35.48398, 0.34864 ], [ 35.48376, 0.34884 ], [ 35.4835, 0.34906 ], [ 35.48323, 0.34937 ], [ 35.4832, 0.34942 ], [ 35.48297, 0.34986 ], [ 35.48288, 0.35017 ], [ 35.48281, 0.35084 ], [ 35.48274, 0.35168 ], [ 35.48269, 0.35236 ], [ 35.48262, 0.35407 ], [ 35.48251, 0.35563 ], [ 35.48236, 0.35648 ], [ 35.48197, 0.35705 ], [ 35.48191, 0.35713 ], [ 35.48138, 0.35783 ], [ 35.48067, 0.35851 ], [ 35.47989, 0.35911 ], [ 35.47899, 0.35936 ], [ 35.4783, 0.35969 ], [ 35.47792, 0.35988 ], [ 35.47711, 0.36026 ], [ 35.47595, 0.36069 ], [ 35.47502, 0.3612 ], [ 35.47398, 0.36196 ], [ 35.47326, 0.36273 ], [ 35.47269, 0.36349 ], [ 35.47223, 0.36432 ], [ 35.47178, 0.36514 ], [ 35.47141, 0.36564 ], [ 35.47067, 0.3661 ], [ 35.46997, 0.36654 ], [ 35.46983, 0.36666 ], [ 35.46973, 0.36708 ], [ 35.46993, 0.36814 ], [ 35.47031, 0.36926 ], [ 35.4707, 0.36996 ], [ 35.47137, 0.37182 ], [ 35.47225, 0.37376 ], [ 35.47299, 0.37492 ], [ 35.47333, 0.37531 ], [ 35.47331, 0.37533 ], [ 35.47375, 0.37581 ], [ 35.47429, 0.37639 ], [ 35.47438, 0.37649 ], [ 35.4752, 0.37699 ], [ 35.47607, 0.37744 ], [ 35.47732, 0.37793 ], [ 35.47821, 0.37823 ], [ 35.47916, 0.37877 ], [ 35.47945, 0.37916 ], [ 35.47931, 0.37968 ], [ 35.4792, 0.38028 ], [ 35.47928, 0.38109 ], [ 35.47939, 0.38161 ], [ 35.47948, 0.3819 ], [ 35.47956, 0.38215 ], [ 35.47988, 0.38285 ], [ 35.48014, 0.38341 ], [ 35.48048, 0.38399 ], [ 35.48116, 0.38495 ], [ 35.48175, 0.38594 ], [ 35.48227, 0.38696 ], [ 35.4824, 0.38753 ], [ 35.48238, 0.38805 ], [ 35.4823, 0.38856 ], [ 35.48211, 0.38916 ], [ 35.48176, 0.38972 ], [ 35.48151, 0.39012 ], [ 35.48138, 0.39064 ], [ 35.48113, 0.39136 ], [ 35.48079, 0.39181 ], [ 35.47999, 0.39266 ], [ 35.47963, 0.39343 ], [ 35.47962, 0.39676 ], [ 35.4797, 0.39901 ], [ 35.47974, 0.40019 ], [ 35.47981, 0.40217 ], [ 35.47993, 0.40381 ], [ 35.47993, 0.40427 ], [ 35.47993, 0.40508 ], [ 35.4799, 0.40532 ], [ 35.47982, 0.40591 ], [ 35.47965, 0.40713 ], [ 35.47928, 0.4087 ], [ 35.47907, 0.40913 ], [ 35.4778, 0.4106 ], [ 35.47673, 0.41172 ], [ 35.47487, 0.41398 ], [ 35.47399, 0.41505 ], [ 35.47345, 0.4157 ], [ 35.4715, 0.41795 ], [ 35.46853, 0.42136 ], [ 35.4676, 0.42239 ], [ 35.46644, 0.42356 ], [ 35.46547, 0.42465 ], [ 35.46503, 0.42514 ], [ 35.46457, 0.42554 ], [ 35.46441, 0.42568 ], [ 35.46424, 0.42586 ], [ 35.46386, 0.42628 ], [ 35.46363, 0.42667 ], [ 35.46297, 0.42818 ], [ 35.46273, 0.42888 ], [ 35.46271, 0.42942 ], [ 35.46269, 0.42979 ], [ 35.46279, 0.43086 ], [ 35.46283, 0.43126 ], [ 35.46284, 0.43134 ], [ 35.46295, 0.43318 ], [ 35.46308, 0.43499 ], [ 35.46303, 0.43556 ], [ 35.46302, 0.43568 ], [ 35.46274, 0.43621 ], [ 35.46262, 0.43633 ], [ 35.46205, 0.43691 ], [ 35.46183, 0.4386 ], [ 35.46187, 0.43954 ], [ 35.46188, 0.43982 ], [ 35.46196, 0.44175 ], [ 35.46204, 0.44356 ], [ 35.46198, 0.44477 ], [ 35.46192, 0.44619 ], [ 35.46196, 0.44789 ], [ 35.46196, 0.45092 ], [ 35.46196, 0.45102 ], [ 35.46196, 0.45136 ], [ 35.46197, 0.45172 ], [ 35.4622, 0.45382 ], [ 35.46253, 0.46187 ], [ 35.46258, 0.46468 ], [ 35.46259, 0.46506 ], [ 35.46268, 0.46887 ], [ 35.46268, 0.46889 ], [ 35.46269, 0.46911 ], [ 35.46286, 0.47243 ], [ 35.46297, 0.47466 ], [ 35.46303, 0.47608 ], [ 35.46305, 0.47669 ], [ 35.46322, 0.48248 ], [ 35.46329, 0.48367 ], [ 35.46338, 0.48672 ], [ 35.46348, 0.48973 ], [ 35.46354, 0.49127 ], [ 35.46368, 0.49385 ], [ 35.46369, 0.49443 ], [ 35.46371, 0.49583 ], [ 35.46373, 0.49654 ], [ 35.46376, 0.49672 ], [ 35.46389, 0.49753 ], [ 35.464, 0.49943 ], [ 35.46416, 0.50153 ], [ 35.46424, 0.50356 ], [ 35.46424, 0.50443 ], [ 35.46421, 0.50443 ], [ 35.46454, 0.50579 ], [ 35.46523, 0.50835 ], [ 35.46574, 0.51034 ], [ 35.4668, 0.51459 ], [ 35.46735, 0.51688 ], [ 35.4679, 0.51912 ], [ 35.46827, 0.52094 ], [ 35.46867, 0.5225 ], [ 35.46889, 0.52338 ], [ 35.46967, 0.52654 ], [ 35.47049, 0.52983 ], [ 35.47093, 0.53168 ], [ 35.47174, 0.53478 ], [ 35.47227, 0.53679 ], [ 35.47274, 0.53879 ], [ 35.47303, 0.54003 ], [ 35.47318, 0.54069 ], [ 35.47337, 0.54039 ], [ 35.47337, 0.54038 ], [ 35.47416, 0.53911 ], [ 35.47585, 0.5364 ], [ 35.47651, 0.53543 ], [ 35.47799, 0.53372 ], [ 35.47903, 0.53234 ], [ 35.48081, 0.52999 ], [ 35.48132, 0.52925 ], [ 35.48298, 0.52691 ], [ 35.48467, 0.52467 ], [ 35.48737, 0.52107 ], [ 35.48797, 0.52027 ], [ 35.48972, 0.51998 ], [ 35.49192, 0.5202 ], [ 35.4923, 0.5203 ], [ 35.49333, 0.52058 ], [ 35.49334, 0.52059 ], [ 35.49554, 0.52103 ], [ 35.49757, 0.5213 ], [ 35.49869, 0.5217 ], [ 35.49952, 0.52168 ], [ 35.50147, 0.52235 ], [ 35.5035, 0.52265 ], [ 35.50571, 0.52338 ], [ 35.50574, 0.52339 ], [ 35.50654, 0.52365 ], [ 35.50752, 0.52397 ], [ 35.50845, 0.52403 ], [ 35.50864, 0.52407 ], [ 35.50925, 0.52419 ], [ 35.51004, 0.52433 ], [ 35.511, 0.52452 ], [ 35.51206, 0.52452 ], [ 35.51257, 0.52484 ], [ 35.51326, 0.52529 ], [ 35.51331, 0.52585 ], [ 35.51327, 0.52607 ], [ 35.51321, 0.52642 ], [ 35.51316, 0.52657 ], [ 35.51315, 0.52658 ], [ 35.51304, 0.52685 ], [ 35.51284, 0.52736 ], [ 35.5128, 0.5279 ], [ 35.51297, 0.52846 ], [ 35.51316, 0.52912 ], [ 35.51345, 0.52964 ], [ 35.51277, 0.52948 ], [ 35.51025, 0.531 ], [ 35.50959, 0.53145 ], [ 35.50836, 0.53229 ], [ 35.50798, 0.53254 ], [ 35.50701, 0.53388 ], [ 35.50628, 0.53551 ], [ 35.50612, 0.53588 ], [ 35.50527, 0.53798 ], [ 35.50464, 0.53993 ], [ 35.50445, 0.54152 ], [ 35.50445, 0.54152 ], [ 35.50433, 0.5425 ], [ 35.50435, 0.5425 ], [ 35.50523, 0.54263 ], [ 35.5062, 0.54265 ], [ 35.50738, 0.54282 ], [ 35.50834, 0.54342 ], [ 35.51014, 0.54476 ], [ 35.51098, 0.54541 ], [ 35.5116, 0.5459 ], [ 35.51309, 0.54729 ], [ 35.51446, 0.54806 ], [ 35.51578, 0.54884 ], [ 35.5166, 0.54901 ], [ 35.51737, 0.5489 ], [ 35.51838, 0.549 ], [ 35.51988, 0.54936 ], [ 35.52099, 0.55071 ], [ 35.52158, 0.55182 ], [ 35.52158, 0.55184 ], [ 35.5216, 0.55264 ], [ 35.52185, 0.5535 ], [ 35.52219, 0.55449 ], [ 35.52349, 0.55574 ], [ 35.52526, 0.55717 ], [ 35.5253, 0.55708 ], [ 35.52791, 0.55917 ], [ 35.53407, 0.55632 ], [ 35.53412, 0.5563 ], [ 35.53461, 0.55791 ], [ 35.5355, 0.55915 ], [ 35.53718, 0.56014 ], [ 35.53931, 0.56128 ], [ 35.53942, 0.56153 ], [ 35.53969, 0.56152 ], [ 35.54038, 0.56178 ], [ 35.54118, 0.56199 ], [ 35.54188, 0.56205 ], [ 35.54259, 0.56213 ], [ 35.54312, 0.56218 ], [ 35.5435, 0.56199 ], [ 35.54379, 0.56182 ], [ 35.54436, 0.56152 ], [ 35.54449, 0.56153 ], [ 35.54469, 0.56166 ], [ 35.54509, 0.56184 ], [ 35.54589, 0.56173 ], [ 35.5464, 0.56158 ], [ 35.54732, 0.5616 ], [ 35.5476, 0.56177 ], [ 35.54835, 0.56199 ], [ 35.54865, 0.56208 ], [ 35.54874, 0.5621 ], [ 35.54909, 0.56214 ], [ 35.54929, 0.56221 ], [ 35.54946, 0.56221 ], [ 35.54979, 0.56212 ], [ 35.55012, 0.56197 ], [ 35.55034, 0.5619 ], [ 35.55069, 0.56166 ], [ 35.55097, 0.5614 ], [ 35.5511, 0.56123 ], [ 35.5515, 0.56123 ], [ 35.55189, 0.56142 ], [ 35.55222, 0.56144 ], [ 35.55255, 0.56155 ], [ 35.55307, 0.56164 ], [ 35.5532, 0.56179 ], [ 35.55338, 0.56186 ], [ 35.55366, 0.56195 ], [ 35.55391, 0.56199 ], [ 35.5541, 0.56201 ], [ 35.55417, 0.56206 ], [ 35.55441, 0.56223 ], [ 35.55478, 0.56241 ], [ 35.55482, 0.56256 ], [ 35.555, 0.56271 ], [ 35.5552, 0.56287 ], [ 35.55533, 0.56287 ], [ 35.55544, 0.56287 ], [ 35.55574, 0.56304 ], [ 35.55592, 0.56317 ], [ 35.55601, 0.5633 ], [ 35.55627, 0.56355 ], [ 35.55627, 0.56361 ], [ 35.55662, 0.56363 ], [ 35.55679, 0.56374 ], [ 35.55682, 0.56387 ], [ 35.55699, 0.564 ], [ 35.55717, 0.5642 ], [ 35.55736, 0.56431 ], [ 35.55771, 0.56435 ], [ 35.55771, 0.56451 ], [ 35.55782, 0.56477 ], [ 35.55798, 0.56492 ], [ 35.55804, 0.5651 ], [ 35.55813, 0.56536 ], [ 35.55815, 0.56545 ], [ 35.55839, 0.56558 ], [ 35.55863, 0.56554 ], [ 35.55872, 0.56562 ], [ 35.55885, 0.56571 ], [ 35.55898, 0.56569 ], [ 35.55914, 0.56569 ], [ 35.5592, 0.5656 ], [ 35.55938, 0.56547 ], [ 35.55944, 0.56545 ], [ 35.5596, 0.56562 ], [ 35.55971, 0.5658 ], [ 35.56, 0.5658 ], [ 35.56019, 0.56576 ], [ 35.56032, 0.5659 ], [ 35.56049, 0.56597 ], [ 35.56064, 0.56591 ], [ 35.56074, 0.5659 ], [ 35.56093, 0.56606 ], [ 35.56121, 0.56618 ], [ 35.56137, 0.56623 ], [ 35.56152, 0.56622 ], [ 35.56179, 0.56618 ], [ 35.56196, 0.56618 ], [ 35.5621, 0.5662 ], [ 35.56222, 0.56627 ], [ 35.56243, 0.56634 ], [ 35.56259, 0.56641 ], [ 35.56266, 0.56653 ], [ 35.56284, 0.56661 ], [ 35.56298, 0.56662 ], [ 35.56312, 0.5666 ], [ 35.56343, 0.5665 ], [ 35.56348, 0.56653 ], [ 35.56355, 0.56681 ], [ 35.56362, 0.5669 ], [ 35.56378, 0.56689 ], [ 35.56397, 0.56693 ], [ 35.56414, 0.56704 ], [ 35.56425, 0.56713 ], [ 35.56438, 0.56707 ], [ 35.56448, 0.56703 ], [ 35.56455, 0.56702 ], [ 35.56474, 0.5671 ], [ 35.56484, 0.56732 ], [ 35.56501, 0.56737 ], [ 35.56522, 0.56732 ], [ 35.5653, 0.56728 ], [ 35.5655, 0.56721 ], [ 35.5656, 0.56725 ], [ 35.56581, 0.5674 ], [ 35.56591, 0.56746 ], [ 35.56603, 0.56738 ], [ 35.56612, 0.56733 ], [ 35.56621, 0.56729 ], [ 35.5663, 0.56733 ], [ 35.56643, 0.56741 ], [ 35.56644, 0.56749 ], [ 35.56648, 0.5676 ], [ 35.56649, 0.56777 ], [ 35.56656, 0.56793 ], [ 35.56659, 0.56802 ], [ 35.56673, 0.56808 ], [ 35.56684, 0.56804 ], [ 35.56694, 0.56796 ], [ 35.56699, 0.56796 ], [ 35.5671, 0.56796 ], [ 35.5672, 0.568 ], [ 35.56725, 0.56811 ], [ 35.56727, 0.56832 ], [ 35.56724, 0.56841 ], [ 35.56727, 0.56852 ], [ 35.56728, 0.56859 ], [ 35.56748, 0.56868 ], [ 35.56759, 0.56875 ], [ 35.5678, 0.56877 ], [ 35.56808, 0.56888 ], [ 35.56823, 0.56894 ], [ 35.56824, 0.56897 ], [ 35.56829, 0.56906 ], [ 35.5685, 0.56914 ], [ 35.56859, 0.56927 ], [ 35.56871, 0.56934 ], [ 35.56898, 0.56931 ], [ 35.56906, 0.56919 ], [ 35.56926, 0.56921 ], [ 35.56933, 0.56942 ], [ 35.56938, 0.56957 ], [ 35.56951, 0.56973 ], [ 35.56978, 0.56974 ], [ 35.57011, 0.56971 ], [ 35.57029, 0.56981 ], [ 35.57036, 0.57006 ], [ 35.57055, 0.57017 ], [ 35.57078, 0.57021 ], [ 35.57092, 0.57021 ], [ 35.57115, 0.57018 ], [ 35.57129, 0.57019 ], [ 35.57146, 0.57016 ], [ 35.57159, 0.57015 ], [ 35.57193, 0.57003 ], [ 35.57208, 0.57033 ], [ 35.57224, 0.5705 ], [ 35.57239, 0.57062 ], [ 35.5724, 0.5707 ], [ 35.57253, 0.57081 ], [ 35.57264, 0.57094 ], [ 35.57271, 0.57104 ], [ 35.57284, 0.57109 ], [ 35.57299, 0.57118 ], [ 35.57312, 0.57121 ], [ 35.5733, 0.57124 ], [ 35.57336, 0.57125 ], [ 35.57349, 0.57125 ], [ 35.57363, 0.57119 ], [ 35.5737, 0.57116 ], [ 35.57379, 0.57099 ], [ 35.57396, 0.57098 ], [ 35.57419, 0.57098 ], [ 35.5743, 0.57103 ], [ 35.57447, 0.57101 ], [ 35.57461, 0.57089 ], [ 35.57489, 0.57079 ], [ 35.57499, 0.57085 ], [ 35.57513, 0.57098 ], [ 35.57524, 0.57103 ], [ 35.57535, 0.57096 ], [ 35.57562, 0.57072 ], [ 35.57571, 0.57066 ], [ 35.57586, 0.57064 ], [ 35.57603, 0.5707 ], [ 35.57614, 0.5709 ], [ 35.5762, 0.57099 ], [ 35.57635, 0.57112 ], [ 35.57649, 0.57121 ], [ 35.57661, 0.57125 ], [ 35.57676, 0.57126 ], [ 35.57692, 0.57113 ], [ 35.57715, 0.57107 ], [ 35.57724, 0.57106 ], [ 35.57755, 0.571 ], [ 35.57764, 0.571 ], [ 35.5777, 0.57099 ], [ 35.57808, 0.57094 ], [ 35.57835, 0.57095 ], [ 35.57855, 0.5711 ], [ 35.57865, 0.57117 ], [ 35.57883, 0.57124 ], [ 35.57889, 0.57129 ], [ 35.57903, 0.57136 ], [ 35.5791, 0.57141 ], [ 35.57929, 0.57147 ], [ 35.57934, 0.57149 ], [ 35.57936, 0.57149 ], [ 35.57954, 0.57136 ], [ 35.57976, 0.57126 ], [ 35.57986, 0.57118 ], [ 35.57993, 0.57117 ], [ 35.58006, 0.57118 ], [ 35.58021, 0.57115 ], [ 35.58037, 0.5711 ], [ 35.58045, 0.57087 ], [ 35.5805, 0.57065 ], [ 35.58061, 0.57062 ], [ 35.58076, 0.57058 ], [ 35.58096, 0.57056 ], [ 35.58109, 0.57046 ], [ 35.58118, 0.57044 ], [ 35.5813, 0.57042 ], [ 35.58142, 0.57047 ], [ 35.58164, 0.57055 ], [ 35.58178, 0.57059 ], [ 35.58187, 0.57064 ], [ 35.58199, 0.57065 ], [ 35.58203, 0.57068 ], [ 35.58214, 0.57075 ], [ 35.58225, 0.57077 ], [ 35.58239, 0.57082 ], [ 35.58253, 0.57085 ], [ 35.5826, 0.57092 ], [ 35.58275, 0.57101 ], [ 35.58283, 0.57108 ], [ 35.58289, 0.5711 ], [ 35.58313, 0.57113 ], [ 35.58332, 0.57114 ], [ 35.58345, 0.57117 ], [ 35.58354, 0.57125 ], [ 35.5837, 0.57132 ], [ 35.58379, 0.57138 ], [ 35.58395, 0.57144 ], [ 35.58399, 0.57159 ], [ 35.58397, 0.57166 ], [ 35.58401, 0.57186 ], [ 35.58402, 0.57192 ], [ 35.5841, 0.57207 ], [ 35.58417, 0.5721 ], [ 35.58429, 0.5721 ], [ 35.58448, 0.57215 ], [ 35.58455, 0.57215 ], [ 35.5846, 0.57218 ], [ 35.5847, 0.57233 ], [ 35.5848, 0.57252 ], [ 35.58483, 0.57259 ], [ 35.5849, 0.57265 ], [ 35.58519, 0.57266 ], [ 35.58555, 0.57267 ], [ 35.58568, 0.57279 ], [ 35.58583, 0.57301 ], [ 35.586, 0.5732 ], [ 35.58605, 0.57339 ], [ 35.58611, 0.57348 ], [ 35.58628, 0.57358 ], [ 35.58633, 0.57369 ], [ 35.58681, 0.57364 ], [ 35.58695, 0.5736 ], [ 35.58712, 0.57368 ], [ 35.58726, 0.57371 ], [ 35.58748, 0.57388 ], [ 35.58772, 0.57402 ], [ 35.58788, 0.5742 ], [ 35.58796, 0.57451 ], [ 35.588, 0.5747 ], [ 35.5881, 0.57485 ], [ 35.58821, 0.575 ], [ 35.58833, 0.57515 ], [ 35.58847, 0.57535 ], [ 35.58865, 0.57546 ], [ 35.58872, 0.5757 ], [ 35.5888, 0.57601 ], [ 35.58904, 0.57602 ], [ 35.58921, 0.57619 ], [ 35.58931, 0.57643 ], [ 35.58948, 0.57656 ], [ 35.58967, 0.57656 ], [ 35.58993, 0.57657 ], [ 35.59011, 0.5767 ], [ 35.59032, 0.57682 ], [ 35.59046, 0.57682 ], [ 35.59058, 0.57678 ], [ 35.59082, 0.57678 ], [ 35.59104, 0.57681 ], [ 35.59125, 0.57685 ], [ 35.59145, 0.57687 ], [ 35.59182, 0.57694 ], [ 35.59197, 0.57692 ], [ 35.59224, 0.57695 ], [ 35.59252, 0.57698 ], [ 35.59283, 0.57708 ], [ 35.59302, 0.57718 ], [ 35.59477, 0.57842 ], [ 35.59795, 0.58018 ], [ 35.60044, 0.58132 ], [ 35.60533, 0.58301 ], [ 35.60647, 0.58332 ], [ 35.61026, 0.58453 ], [ 35.61128, 0.58466 ], [ 35.61209, 0.58466 ], [ 35.61264, 0.58471 ], [ 35.61264, 0.5847 ], [ 35.61265, 0.5847 ] ] ] } },
{ "type": "Feature", "properties": { "entity_id": 80, "p_entity": 6, "name": "Marakwet East sub-county" }, "geometry": { "type": "Polygon", "coordinates": [ [ [ 35.5598, 1.28418 ], [ 35.55984, 1.28414 ], [ 35.55985, 1.28418 ], [ 35.5598, 1.28418 ], [ 35.55984, 1.28439 ], [ 35.55985, 1.28459 ], [ 35.55987, 1.28465 ], [ 35.55987, 1.28487 ], [ 35.55991, 1.28516 ], [ 35.55992, 1.28525 ], [ 35.55996, 1.2856 ], [ 35.55998, 1.28575 ], [ 35.55999, 1.2859 ], [ 35.56002, 1.28601 ], [ 35.56003, 1.28605 ], [ 35.56006, 1.28616 ], [ 35.5601, 1.28633 ], [ 35.56011, 1.28641 ], [ 35.56018, 1.28654 ], [ 35.56033, 1.28659 ], [ 35.56038, 1.28664 ], [ 35.56056, 1.28671 ], [ 35.56076, 1.28679 ], [ 35.56082, 1.28682 ], [ 35.56085, 1.28684 ], [ 35.56105, 1.28691 ], [ 35.5611, 1.28691 ], [ 35.56126, 1.28697 ], [ 35.56133, 1.28699 ], [ 35.56153, 1.28704 ], [ 35.56153, 1.28705 ], [ 35.56155, 1.28705 ], [ 35.56242, 1.2873 ], [ 35.56259, 1.28734 ], [ 35.5628, 1.2874 ], [ 35.56319, 1.28762 ], [ 35.56323, 1.28763 ], [ 35.56324, 1.28764 ], [ 35.56357, 1.28777 ], [ 35.56385, 1.28785 ], [ 35.56385, 1.28785 ], [ 35.56395, 1.28788 ], [ 35.56396, 1.28789 ], [ 35.56415, 1.28796 ], [ 35.56426, 1.28803 ], [ 35.56434, 1.28804 ], [ 35.56442, 1.28807 ], [ 35.56488, 1.28817 ], [ 35.56526, 1.28823 ], [ 35.56564, 1.28837 ], [ 35.566, 1.28849 ], [ 35.56628, 1.28858 ], [ 35.5663, 1.28859 ], [ 35.56665, 1.28867 ], [ 35.56688, 1.28873 ], [ 35.5669, 1.28874 ], [ 35.56691, 1.28875 ], [ 35.56693, 1.28875 ], [ 35.56734, 1.28892 ], [ 35.56774, 1.28916 ], [ 35.56802, 1.28935 ], [ 35.56825, 1.28945 ], [ 35.56834, 1.28949 ], [ 35.56861, 1.28961 ], [ 35.56883, 1.28966 ], [ 35.56916, 1.28968 ], [ 35.56949, 1.2897 ], [ 35.56983, 1.28974 ], [ 35.57018, 1.28974 ], [ 35.57053, 1.28963 ], [ 35.571, 1.28939 ], [ 35.57113, 1.28934 ], [ 35.57117, 1.28932 ], [ 35.57149, 1.28922 ], [ 35.57185, 1.28912 ], [ 35.57233, 1.28904 ], [ 35.57279, 1.28903 ], [ 35.57285, 1.28903 ], [ 35.57411, 1.28918 ], [ 35.57438, 1.28918 ], [ 35.57457, 1.28918 ], [ 35.5747, 1.28913 ], [ 35.57473, 1.28913 ], [ 35.57498, 1.28901 ], [ 35.57511, 1.28896 ], [ 35.57511, 1.28895 ], [ 35.5752, 1.28892 ], [ 35.57541, 1.28885 ], [ 35.5758, 1.28884 ], [ 35.57625, 1.28889 ], [ 35.57635, 1.2889 ], [ 35.57679, 1.28899 ], [ 35.57709, 1.28899 ], [ 35.57719, 1.289 ], [ 35.57734, 1.28904 ], [ 35.57754, 1.28904 ], [ 35.57771, 1.28901 ], [ 35.57775, 1.28899 ], [ 35.57781, 1.28898 ], [ 35.57805, 1.28891 ], [ 35.57805, 1.28891 ], [ 35.57822, 1.28879 ], [ 35.57844, 1.28868 ], [ 35.57845, 1.28867 ], [ 35.57854, 1.28863 ], [ 35.57869, 1.28861 ], [ 35.5789, 1.28861 ], [ 35.57901, 1.28864 ], [ 35.5792, 1.28868 ], [ 35.57923, 1.2887 ], [ 35.57926, 1.28874 ], [ 35.57942, 1.28881 ], [ 35.57946, 1.28884 ], [ 35.57951, 1.28888 ], [ 35.57957, 1.28892 ], [ 35.57961, 1.28891 ], [ 35.5797, 1.28897 ], [ 35.57984, 1.28914 ], [ 35.57993, 1.28925 ], [ 35.58012, 1.28914 ], [ 35.58065, 1.28889 ], [ 35.58177, 1.28807 ], [ 35.58263, 1.28708 ], [ 35.58278, 1.28691 ], [ 35.58416, 1.28558 ], [ 35.58433, 1.28541 ], [ 35.58656, 1.28357 ], [ 35.58723, 1.28302 ], [ 35.58751, 1.28214 ], [ 35.58772, 1.28147 ], [ 35.5883, 1.2805 ], [ 35.5901, 1.28007 ], [ 35.59033, 1.28002 ], [ 35.59104, 1.27988 ], [ 35.59131, 1.27983 ], [ 35.5921, 1.27963 ], [ 35.59381, 1.27886 ], [ 35.59425, 1.2788 ], [ 35.5958, 1.27862 ], [ 35.59648, 1.27839 ], [ 35.59756, 1.27814 ], [ 35.59854, 1.27803 ], [ 35.59873, 1.27797 ], [ 35.59929, 1.27783 ], [ 35.59931, 1.27783 ], [ 35.59933, 1.27783 ], [ 35.59953, 1.2778 ], [ 35.59981, 1.27779 ], [ 35.59991, 1.27778 ], [ 35.60002, 1.27778 ], [ 35.60013, 1.27778 ], [ 35.60035, 1.27778 ], [ 35.60049, 1.27778 ], [ 35.60068, 1.27779 ], [ 35.60081, 1.2778 ], [ 35.60109, 1.27779 ], [ 35.60114, 1.2778 ], [ 35.60122, 1.27778 ], [ 35.60149, 1.27777 ], [ 35.60162, 1.27772 ], [ 35.60179, 1.2777 ], [ 35.60207, 1.27762 ], [ 35.6024, 1.27755 ], [ 35.60254, 1.27751 ], [ 35.60261, 1.27748 ], [ 35.60281, 1.27739 ], [ 35.60306, 1.27733 ], [ 35.60322, 1.27728 ], [ 35.60341, 1.27719 ], [ 35.60355, 1.27717 ], [ 35.60374, 1.27718 ], [ 35.60382, 1.27718 ], [ 35.60415, 1.27713 ], [ 35.60436, 1.27705 ], [ 35.60447, 1.27695 ], [ 35.6046, 1.27693 ], [ 35.60493, 1.27695 ], [ 35.60506, 1.27698 ], [ 35.60509, 1.27699 ], [ 35.60531, 1.27702 ], [ 35.60537, 1.27702 ], [ 35.6057, 1.27702 ], [ 35.6057, 1.27702 ], [ 35.60587, 1.27702 ], [ 35.60601, 1.277 ], [ 35.60612, 1.27697 ], [ 35.60612, 1.27697 ], [ 35.60634, 1.27685 ], [ 35.60651, 1.2767 ], [ 35.60654, 1.27666 ], [ 35.6066, 1.27659 ], [ 35.60663, 1.27657 ], [ 35.60665, 1.27654 ], [ 35.6067, 1.27647 ], [ 35.60674, 1.27643 ], [ 35.60675, 1.27643 ], [ 35.60684, 1.27632 ], [ 35.60701, 1.27637 ], [ 35.60719, 1.27637 ], [ 35.60735, 1.27637 ], [ 35.6074, 1.27637 ], [ 35.60762, 1.27643 ], [ 35.60776, 1.27657 ], [ 35.60787, 1.27669 ], [ 35.60798, 1.27683 ], [ 35.60801, 1.27694 ], [ 35.60807, 1.27706 ], [ 35.60813, 1.27719 ], [ 35.60826, 1.27734 ], [ 35.60831, 1.27739 ], [ 35.60846, 1.2776 ], [ 35.6086, 1.27766 ], [ 35.60869, 1.27766 ], [ 35.60885, 1.27768 ], [ 35.60887, 1.27769 ], [ 35.60912, 1.27769 ], [ 35.60931, 1.27769 ], [ 35.60964, 1.27769 ], [ 35.60976, 1.27769 ], [ 35.61012, 1.27775 ], [ 35.61031, 1.27785 ], [ 35.61035, 1.27793 ], [ 35.61061, 1.27813 ], [ 35.61085, 1.27828 ], [ 35.61103, 1.27836 ], [ 35.61114, 1.27843 ], [ 35.61137, 1.27848 ], [ 35.6114, 1.27849 ], [ 35.61145, 1.2785 ], [ 35.6116, 1.27851 ], [ 35.61183, 1.27851 ], [ 35.61215, 1.27851 ], [ 35.61218, 1.27851 ], [ 35.61229, 1.27849 ], [ 35.6125, 1.2785 ], [ 35.61255, 1.27851 ], [ 35.61267, 1.27851 ], [ 35.61289, 1.27852 ], [ 35.61298, 1.27858 ], [ 35.61302, 1.27861 ], [ 35.61309, 1.27867 ], [ 35.61309, 1.27868 ], [ 35.6131, 1.27868 ], [ 35.61311, 1.27869 ], [ 35.61311, 1.27869 ], [ 35.61311, 1.27871 ], [ 35.61316, 1.27878 ], [ 35.61319, 1.27899 ], [ 35.61319, 1.27903 ], [ 35.6132, 1.27938 ], [ 35.61322, 1.2795 ], [ 35.61322, 1.27951 ], [ 35.61327, 1.27961 ], [ 35.61334, 1.27968 ], [ 35.61344, 1.27974 ], [ 35.61351, 1.27979 ], [ 35.61362, 1.27985 ], [ 35.61363, 1.27985 ], [ 35.61374, 1.27989 ], [ 35.61384, 1.28001 ], [ 35.61387, 1.2801 ], [ 35.61392, 1.28027 ], [ 35.61395, 1.28048 ], [ 35.61397, 1.28059 ], [ 35.61398, 1.28069 ], [ 35.61399, 1.28072 ], [ 35.61404, 1.28083 ], [ 35.61412, 1.28094 ], [ 35.6142, 1.28105 ], [ 35.61442, 1.28121 ], [ 35.61456, 1.28132 ], [ 35.61479, 1.28152 ], [ 35.615, 1.28176 ], [ 35.61501, 1.28176 ], [ 35.61522, 1.282 ], [ 35.61535, 1.28215 ], [ 35.61549, 1.28233 ], [ 35.61564, 1.28259 ], [ 35.61564, 1.2826 ], [ 35.61581, 1.28299 ], [ 35.61584, 1.28321 ], [ 35.61586, 1.28331 ], [ 35.61586, 1.28338 ], [ 35.61588, 1.28344 ], [ 35.61589, 1.28365 ], [ 35.61586, 1.28403 ], [ 35.6158, 1.28431 ], [ 35.6158, 1.28439 ], [ 35.61581, 1.28465 ], [ 35.61581, 1.28485 ], [ 35.61583, 1.28506 ], [ 35.61596, 1.28524 ], [ 35.61638, 1.2856 ], [ 35.61646, 1.28567 ], [ 35.61679, 1.28599 ], [ 35.61684, 1.28602 ], [ 35.61705, 1.28621 ], [ 35.61707, 1.28623 ], [ 35.61716, 1.28635 ], [ 35.61722, 1.28645 ], [ 35.61725, 1.28658 ], [ 35.61726, 1.28679 ], [ 35.61727, 1.28684 ], [ 35.61729, 1.2869 ], [ 35.61738, 1.28699 ], [ 35.61749, 1.28707 ], [ 35.61759, 1.28715 ], [ 35.61774, 1.28729 ], [ 35.618, 1.28744 ], [ 35.61883, 1.28802 ], [ 35.61911, 1.28816 ], [ 35.61924, 1.28824 ], [ 35.61937, 1.2883 ], [ 35.61938, 1.2883 ], [ 35.6195, 1.28836 ], [ 35.61963, 1.28844 ], [ 35.61973, 1.28846 ], [ 35.61975, 1.28846 ], [ 35.61987, 1.28852 ], [ 35.62011, 1.28868 ], [ 35.62021, 1.28873 ], [ 35.62036, 1.28881 ], [ 35.62048, 1.28894 ], [ 35.62057, 1.28905 ], [ 35.62068, 1.28918 ], [ 35.62078, 1.28924 ], [ 35.62081, 1.28928 ], [ 35.62105, 1.28946 ], [ 35.62133, 1.2896 ], [ 35.62147, 1.28972 ], [ 35.62168, 1.2898 ], [ 35.62188, 1.28992 ], [ 35.62202, 1.28997 ], [ 35.62225, 1.29004 ], [ 35.62237, 1.29016 ], [ 35.62253, 1.2903 ], [ 35.62257, 1.29034 ], [ 35.62271, 1.2905 ], [ 35.62281, 1.29061 ], [ 35.62342, 1.29137 ], [ 35.62347, 1.29141 ], [ 35.62348, 1.29142 ], [ 35.6235, 1.29143 ], [ 35.6235, 1.29143 ], [ 35.62355, 1.29147 ], [ 35.6236, 1.29149 ], [ 35.62361, 1.2915 ], [ 35.62378, 1.29153 ], [ 35.62389, 1.29154 ], [ 35.6239, 1.29155 ], [ 35.6239, 1.29155 ], [ 35.62415, 1.29162 ], [ 35.62444, 1.29178 ], [ 35.62459, 1.29195 ], [ 35.62462, 1.29199 ], [ 35.62477, 1.29214 ], [ 35.62493, 1.29226 ], [ 35.62508, 1.29229 ], [ 35.6251, 1.2923 ], [ 35.62515, 1.29231 ], [ 35.62517, 1.29231 ], [ 35.6256, 1.29234 ], [ 35.62571, 1.29235 ], [ 35.62619, 1.29241 ], [ 35.62662, 1.29241 ], [ 35.62687, 1.29238 ], [ 35.62704, 1.29237 ], [ 35.62719, 1.29238 ], [ 35.62725, 1.29239 ], [ 35.62736, 1.29248 ], [ 35.62753, 1.29253 ], [ 35.62768, 1.29264 ], [ 35.62778, 1.29272 ], [ 35.6279, 1.29284 ], [ 35.62799, 1.29293 ], [ 35.62813, 1.29309 ], [ 35.6282, 1.29311 ], [ 35.62821, 1.29311 ], [ 35.62824, 1.29311 ], [ 35.62833, 1.29311 ], [ 35.62849, 1.29311 ], [ 35.62851, 1.29315 ], [ 35.62872, 1.29329 ], [ 35.62873, 1.2933 ], [ 35.62873, 1.29337 ], [ 35.62874, 1.29344 ], [ 35.62879, 1.29356 ], [ 35.62879, 1.29356 ], [ 35.62889, 1.29367 ], [ 35.62902, 1.29376 ], [ 35.62905, 1.29378 ], [ 35.62907, 1.29381 ], [ 35.62935, 1.29414 ], [ 35.62936, 1.29416 ], [ 35.62939, 1.29421 ], [ 35.62941, 1.29424 ], [ 35.62947, 1.2943 ], [ 35.62952, 1.29431 ], [ 35.62966, 1.29443 ], [ 35.62996, 1.29444 ], [ 35.63012, 1.29449 ], [ 35.63025, 1.29462 ], [ 35.63036, 1.29474 ], [ 35.63043, 1.29482 ], [ 35.63065, 1.29498 ], [ 35.63066, 1.29499 ], [ 35.63078, 1.29508 ], [ 35.63113, 1.2952 ], [ 35.63125, 1.29535 ], [ 35.63125, 1.29539 ], [ 35.63122, 1.29551 ], [ 35.63119, 1.29556 ], [ 35.63119, 1.29561 ], [ 35.63119, 1.29563 ], [ 35.63119, 1.29566 ], [ 35.63122, 1.29574 ], [ 35.6313, 1.29586 ], [ 35.6313, 1.29595 ], [ 35.63142, 1.29607 ], [ 35.63155, 1.29625 ], [ 35.63177, 1.29647 ], [ 35.63195, 1.29677 ], [ 35.632, 1.29702 ], [ 35.63215, 1.29751 ], [ 35.63218, 1.29767 ], [ 35.63219, 1.29774 ], [ 35.6322, 1.29779 ], [ 35.63222, 1.29804 ], [ 35.63234, 1.29824 ], [ 35.63246, 1.29825 ], [ 35.63255, 1.29826 ], [ 35.63282, 1.29838 ], [ 35.63284, 1.29839 ], [ 35.63294, 1.29843 ], [ 35.63306, 1.29849 ], [ 35.6331, 1.29849 ], [ 35.63399, 1.29887 ], [ 35.6349, 1.29923 ], [ 35.6349, 1.29924 ], [ 35.63639, 1.29946 ], [ 35.63902, 1.30002 ], [ 35.64008, 1.30038 ], [ 35.64171, 1.30097 ], [ 35.64569, 1.30213 ], [ 35.64671, 1.30264 ], [ 35.64801, 1.30328 ], [ 35.64814, 1.30333 ], [ 35.65069, 1.30441 ], [ 35.65204, 1.30508 ], [ 35.65557, 1.30663 ], [ 35.65756, 1.30735 ], [ 35.65959, 1.3082 ], [ 35.65962, 1.30821 ], [ 35.66077, 1.30861 ], [ 35.66335, 1.30971 ], [ 35.6661, 1.31051 ], [ 35.66623, 1.31055 ], [ 35.66626, 1.31056 ], [ 35.66645, 1.31064 ], [ 35.6688, 1.31161 ], [ 35.66885, 1.31162 ], [ 35.67085, 1.31229 ], [ 35.67319, 1.31307 ], [ 35.67322, 1.31308 ], [ 35.67341, 1.31313 ], [ 35.67406, 1.3133 ], [ 35.67452, 1.31342 ], [ 35.67537, 1.31364 ], [ 35.67828, 1.31426 ], [ 35.6787, 1.31431 ], [ 35.68111, 1.3146 ], [ 35.68125, 1.31464 ], [ 35.68359, 1.31519 ], [ 35.68444, 1.3154 ], [ 35.6857, 1.31551 ], [ 35.68755, 1.31568 ], [ 35.6899, 1.31596 ], [ 35.69182, 1.31602 ], [ 35.69264, 1.31618 ], [ 35.6964, 1.3169 ], [ 35.69679, 1.31698 ], [ 35.6972, 1.31705 ], [ 35.69759, 1.31715 ], [ 35.6976, 1.31703 ], [ 35.69761, 1.31698 ], [ 35.69765, 1.31671 ], [ 35.69765, 1.31618 ], [ 35.69777, 1.31592 ], [ 35.69783, 1.31585 ], [ 35.69792, 1.31573 ], [ 35.6982, 1.31543 ], [ 35.69824, 1.31537 ], [ 35.69833, 1.31524 ], [ 35.69851, 1.31504 ], [ 35.69861, 1.31494 ], [ 35.69861, 1.31488 ], [ 35.69861, 1.31472 ], [ 35.69859, 1.31451 ], [ 35.69846, 1.31429 ], [ 35.69824, 1.31389 ], [ 35.69812, 1.31361 ], [ 35.69812, 1.31318 ], [ 35.69816, 1.31299 ], [ 35.69817, 1.31295 ], [ 35.69829, 1.31264 ], [ 35.69839, 1.31226 ], [ 35.69845, 1.31219 ], [ 35.69854, 1.31207 ], [ 35.69875, 1.31188 ], [ 35.69876, 1.31187 ], [ 35.69887, 1.3117 ], [ 35.69899, 1.31144 ], [ 35.69899, 1.31142 ], [ 35.69899, 1.31112 ], [ 35.69899, 1.31108 ], [ 35.69899, 1.31108 ], [ 35.69895, 1.31085 ], [ 35.69893, 1.31046 ], [ 35.6989, 1.31037 ], [ 35.6988, 1.31014 ], [ 35.69862, 1.3098 ], [ 35.69851, 1.30959 ], [ 35.69842, 1.3094 ], [ 35.6984, 1.3092 ], [ 35.69838, 1.30906 ], [ 35.69838, 1.30905 ], [ 35.69828, 1.30891 ], [ 35.69828, 1.30891 ], [ 35.69819, 1.30875 ], [ 35.69814, 1.30851 ], [ 35.69812, 1.30845 ], [ 35.6981, 1.30814 ], [ 35.6981, 1.3079 ], [ 35.69814, 1.30778 ], [ 35.69814, 1.3075 ], [ 35.69814, 1.30727 ], [ 35.69819, 1.30705 ], [ 35.69826, 1.30682 ], [ 35.69831, 1.30651 ], [ 35.69835, 1.3062 ], [ 35.69835, 1.30606 ], [ 35.69835, 1.30581 ], [ 35.69835, 1.30562 ], [ 35.69835, 1.30542 ], [ 35.69835, 1.30517 ], [ 35.69835, 1.30502 ], [ 35.69835, 1.30502 ], [ 35.69824, 1.30455 ], [ 35.69816, 1.30409 ], [ 35.69816, 1.30408 ], [ 35.69815, 1.30408 ], [ 35.69781, 1.30371 ], [ 35.69747, 1.30345 ], [ 35.69724, 1.30336 ], [ 35.6969, 1.30336 ], [ 35.69678, 1.30337 ], [ 35.69652, 1.30338 ], [ 35.69613, 1.30338 ], [ 35.69609, 1.30338 ], [ 35.69592, 1.30337 ], [ 35.69591, 1.30337 ], [ 35.69584, 1.30336 ], [ 35.69556, 1.30322 ], [ 35.69549, 1.30297 ], [ 35.69548, 1.30266 ], [ 35.69549, 1.30242 ], [ 35.69549, 1.30235 ], [ 35.69548, 1.30211 ], [ 35.69548, 1.30195 ], [ 35.69569, 1.30175 ], [ 35.69575, 1.3017 ], [ 35.69628, 1.30158 ], [ 35.69638, 1.30159 ], [ 35.69664, 1.30161 ], [ 35.6969, 1.30173 ], [ 35.6969, 1.30173 ], [ 35.69691, 1.30174 ], [ 35.69694, 1.30177 ], [ 35.6971, 1.30194 ], [ 35.69727, 1.30214 ], [ 35.69735, 1.3023 ], [ 35.69752, 1.30243 ], [ 35.69776, 1.30269 ], [ 35.69789, 1.30283 ], [ 35.69802, 1.30288 ], [ 35.6981, 1.30288 ], [ 35.69836, 1.30295 ], [ 35.69848, 1.30295 ], [ 35.69863, 1.30293 ], [ 35.69874, 1.30292 ], [ 35.69894, 1.30292 ], [ 35.69914, 1.30278 ], [ 35.69933, 1.30268 ], [ 35.69939, 1.30259 ], [ 35.69953, 1.3023 ], [ 35.69953, 1.30207 ], [ 35.69953, 1.30183 ], [ 35.69947, 1.30169 ], [ 35.69943, 1.30158 ], [ 35.69939, 1.30155 ], [ 35.69913, 1.3014 ], [ 35.69886, 1.30128 ], [ 35.6984, 1.30116 ], [ 35.69809, 1.30099 ], [ 35.69785, 1.30082 ], [ 35.69754, 1.30048 ], [ 35.69721, 1.30005 ], [ 35.697, 1.29948 ], [ 35.69697, 1.29922 ], [ 35.69699, 1.299 ], [ 35.69706, 1.29867 ], [ 35.69706, 1.29866 ], [ 35.69716, 1.2984 ], [ 35.69719, 1.29819 ], [ 35.69723, 1.298 ], [ 35.69724, 1.29794 ], [ 35.69724, 1.29761 ], [ 35.69721, 1.29737 ], [ 35.69716, 1.29718 ], [ 35.69671, 1.29682 ], [ 35.69632, 1.29661 ], [ 35.69606, 1.29642 ], [ 35.69585, 1.29622 ], [ 35.6957, 1.29594 ], [ 35.69556, 1.2956 ], [ 35.69537, 1.2951 ], [ 35.69518, 1.29445 ], [ 35.69494, 1.29369 ], [ 35.69499, 1.29344 ], [ 35.69499, 1.29314 ], [ 35.69512, 1.29287 ], [ 35.69522, 1.29287 ], [ 35.69553, 1.29287 ], [ 35.69582, 1.2929 ], [ 35.69609, 1.29308 ], [ 35.69628, 1.29318 ], [ 35.69652, 1.29337 ], [ 35.69678, 1.29347 ], [ 35.69716, 1.29356 ], [ 35.6972, 1.29358 ], [ 35.69732, 1.29362 ], [ 35.6974, 1.29366 ], [ 35.69773, 1.29366 ], [ 35.69793, 1.29361 ], [ 35.69821, 1.2934 ], [ 35.69825, 1.29334 ], [ 35.69824, 1.29333 ], [ 35.69822, 1.29306 ], [ 35.69821, 1.29302 ], [ 35.69813, 1.29279 ], [ 35.69793, 1.29261 ], [ 35.6977, 1.2925 ], [ 35.69746, 1.29228 ], [ 35.69719, 1.29201 ], [ 35.69714, 1.29181 ], [ 35.69712, 1.29151 ], [ 35.6971, 1.29113 ], [ 35.6971, 1.29069 ], [ 35.69721, 1.29026 ], [ 35.69722, 1.29022 ], [ 35.69728, 1.28983 ], [ 35.69728, 1.28982 ], [ 35.69728, 1.28954 ], [ 35.69728, 1.28921 ], [ 35.69726, 1.28891 ], [ 35.69723, 1.28862 ], [ 35.69717, 1.28835 ], [ 35.69705, 1.28802 ], [ 35.69683, 1.28775 ], [ 35.69672, 1.28744 ], [ 35.69647, 1.28717 ], [ 35.69627, 1.28685 ], [ 35.69607, 1.28656 ], [ 35.69582, 1.28623 ], [ 35.69564, 1.28591 ], [ 35.69551, 1.28558 ], [ 35.69564, 1.28523 ], [ 35.69564, 1.28522 ], [ 35.6958, 1.28499 ], [ 35.69593, 1.28481 ], [ 35.69598, 1.28475 ], [ 35.69617, 1.28458 ], [ 35.69627, 1.2845 ], [ 35.69633, 1.28444 ], [ 35.69647, 1.2843 ], [ 35.69649, 1.28423 ], [ 35.69649, 1.28405 ], [ 35.69649, 1.28374 ], [ 35.69651, 1.28323 ], [ 35.69647, 1.283 ], [ 35.69634, 1.28255 ], [ 35.69625, 1.28208 ], [ 35.69611, 1.28165 ], [ 35.69616, 1.28136 ], [ 35.69623, 1.28132 ], [ 35.69626, 1.28124 ], [ 35.69628, 1.2811 ], [ 35.69637, 1.28098 ], [ 35.69673, 1.28099 ], [ 35.69692, 1.28098 ], [ 35.69701, 1.28098 ], [ 35.69722, 1.28095 ], [ 35.69729, 1.28095 ], [ 35.69743, 1.28096 ], [ 35.69755, 1.28103 ], [ 35.69767, 1.28116 ], [ 35.69781, 1.28138 ], [ 35.69786, 1.28143 ], [ 35.69798, 1.28155 ], [ 35.6981, 1.28173 ], [ 35.69822, 1.28194 ], [ 35.69833, 1.28202 ], [ 35.69847, 1.28206 ], [ 35.69861, 1.28204 ], [ 35.69883, 1.28199 ], [ 35.69888, 1.28181 ], [ 35.6989, 1.28171 ], [ 35.69891, 1.28159 ], [ 35.69891, 1.28154 ], [ 35.69882, 1.28125 ], [ 35.69869, 1.28098 ], [ 35.69865, 1.28067 ], [ 35.69871, 1.28035 ], [ 35.69878, 1.28006 ], [ 35.6989, 1.27988 ], [ 35.69894, 1.27982 ], [ 35.69916, 1.2795 ], [ 35.69926, 1.2793 ], [ 35.69927, 1.27926 ], [ 35.6993, 1.27919 ], [ 35.69934, 1.27903 ], [ 35.69934, 1.27874 ], [ 35.69932, 1.27852 ], [ 35.69923, 1.27834 ], [ 35.69907, 1.27811 ], [ 35.6988, 1.27795 ], [ 35.69853, 1.27771 ], [ 35.69835, 1.27748 ], [ 35.69813, 1.27724 ], [ 35.69813, 1.27703 ], [ 35.69813, 1.27699 ], [ 35.69804, 1.27674 ], [ 35.69797, 1.27657 ], [ 35.69795, 1.27636 ], [ 35.69808, 1.27598 ], [ 35.6981, 1.27596 ], [ 35.69824, 1.27576 ], [ 35.69873, 1.27556 ], [ 35.69932, 1.27542 ], [ 35.69972, 1.27542 ], [ 35.70008, 1.27542 ], [ 35.7006, 1.27542 ], [ 35.70107, 1.27533 ], [ 35.7016, 1.27527 ], [ 35.70198, 1.27509 ], [ 35.70225, 1.27484 ], [ 35.70237, 1.2745 ], [ 35.70237, 1.27428 ], [ 35.70234, 1.27379 ], [ 35.70234, 1.27345 ], [ 35.7025, 1.27316 ], [ 35.70272, 1.27289 ], [ 35.7032, 1.27267 ], [ 35.70349, 1.27242 ], [ 35.70364, 1.27217 ], [ 35.70365, 1.27214 ], [ 35.70369, 1.27181 ], [ 35.70364, 1.2715 ], [ 35.70355, 1.27132 ], [ 35.70333, 1.27098 ], [ 35.70295, 1.27063 ], [ 35.70277, 1.27033 ], [ 35.70276, 1.2703 ], [ 35.70273, 1.27001 ], [ 35.70272, 1.26998 ], [ 35.70276, 1.26991 ], [ 35.70277, 1.26988 ], [ 35.70287, 1.26965 ], [ 35.70296, 1.26939 ], [ 35.70308, 1.26925 ], [ 35.7032, 1.26913 ], [ 35.7034, 1.26901 ], [ 35.7036, 1.26887 ], [ 35.70373, 1.26887 ], [ 35.70393, 1.26885 ], [ 35.70412, 1.26887 ], [ 35.70442, 1.26903 ], [ 35.70463, 1.26909 ], [ 35.7048, 1.26925 ], [ 35.70497, 1.26941 ], [ 35.70513, 1.26958 ], [ 35.7056, 1.26996 ], [ 35.70589, 1.27019 ], [ 35.70609, 1.27034 ], [ 35.70617, 1.27048 ], [ 35.70631, 1.27055 ], [ 35.70643, 1.27059 ], [ 35.70662, 1.2706 ], [ 35.70681, 1.27062 ], [ 35.70699, 1.27062 ], [ 35.70735, 1.2705 ], [ 35.7076, 1.27038 ], [ 35.70765, 1.27022 ], [ 35.70773, 1.27008 ], [ 35.70791, 1.26984 ], [ 35.70803, 1.26958 ], [ 35.70803, 1.26942 ], [ 35.70801, 1.26896 ], [ 35.70803, 1.26847 ], [ 35.70806, 1.26812 ], [ 35.70803, 1.26779 ], [ 35.70809, 1.26709 ], [ 35.70808, 1.26679 ], [ 35.70806, 1.26632 ], [ 35.708, 1.26604 ], [ 35.70797, 1.26587 ], [ 35.70777, 1.26536 ], [ 35.70743, 1.26484 ], [ 35.70732, 1.26467 ], [ 35.70723, 1.26452 ], [ 35.70714, 1.26437 ], [ 35.70697, 1.26416 ], [ 35.70692, 1.26408 ], [ 35.7068, 1.26377 ], [ 35.7068, 1.26344 ], [ 35.7068, 1.26343 ], [ 35.7068, 1.26335 ], [ 35.70678, 1.26309 ], [ 35.70678, 1.26303 ], [ 35.70678, 1.26295 ], [ 35.70678, 1.26287 ], [ 35.70676, 1.2627 ], [ 35.70676, 1.26265 ], [ 35.70676, 1.26236 ], [ 35.70671, 1.26204 ], [ 35.70663, 1.26182 ], [ 35.7064, 1.26157 ], [ 35.70611, 1.26135 ], [ 35.70584, 1.26121 ], [ 35.70553, 1.26115 ], [ 35.70521, 1.26103 ], [ 35.70501, 1.26099 ], [ 35.70483, 1.26083 ], [ 35.7047, 1.26067 ], [ 35.70441, 1.26032 ], [ 35.70425, 1.26005 ], [ 35.70422, 1.26002 ], [ 35.70415, 1.25995 ], [ 35.70403, 1.25983 ], [ 35.70388, 1.25949 ], [ 35.70378, 1.25926 ], [ 35.70382, 1.25897 ], [ 35.70388, 1.25884 ], [ 35.70392, 1.2587 ], [ 35.70399, 1.25851 ], [ 35.70405, 1.25827 ], [ 35.7043, 1.2579 ], [ 35.7044, 1.2578 ], [ 35.70459, 1.25754 ], [ 35.70459, 1.25738 ], [ 35.70459, 1.25724 ], [ 35.70452, 1.25709 ], [ 35.70448, 1.25703 ], [ 35.70422, 1.25692 ], [ 35.70395, 1.25692 ], [ 35.70353, 1.25716 ], [ 35.70329, 1.25745 ], [ 35.70298, 1.2577 ], [ 35.70281, 1.25779 ], [ 35.7025, 1.25774 ], [ 35.70226, 1.25754 ], [ 35.70186, 1.25728 ], [ 35.70128, 1.25686 ], [ 35.70092, 1.25646 ], [ 35.70075, 1.25617 ], [ 35.70054, 1.25583 ], [ 35.70054, 1.25558 ], [ 35.70064, 1.25537 ], [ 35.70064, 1.25537 ], [ 35.70076, 1.25527 ], [ 35.701, 1.25507 ], [ 35.70125, 1.25478 ], [ 35.70134, 1.25453 ], [ 35.70128, 1.25427 ], [ 35.70111, 1.2539 ], [ 35.70102, 1.25371 ], [ 35.70102, 1.2534 ], [ 35.70102, 1.25333 ], [ 35.70111, 1.25327 ], [ 35.70138, 1.25308 ], [ 35.7017, 1.25278 ], [ 35.70191, 1.25251 ], [ 35.70205, 1.25221 ], [ 35.70205, 1.25188 ], [ 35.70205, 1.25166 ], [ 35.70207, 1.25159 ], [ 35.70212, 1.25143 ], [ 35.70214, 1.25137 ], [ 35.70224, 1.25131 ], [ 35.70253, 1.251 ], [ 35.70261, 1.2508 ], [ 35.70265, 1.25072 ], [ 35.70265, 1.25053 ], [ 35.70265, 1.25039 ], [ 35.7026, 1.2502 ], [ 35.70245, 1.24998 ], [ 35.70203, 1.24971 ], [ 35.70183, 1.24958 ], [ 35.70172, 1.2495 ], [ 35.70169, 1.24949 ], [ 35.70138, 1.24941 ], [ 35.70115, 1.24925 ], [ 35.70116, 1.24908 ], [ 35.70117, 1.24899 ], [ 35.70134, 1.24874 ], [ 35.70167, 1.24853 ], [ 35.70191, 1.24836 ], [ 35.70198, 1.24823 ], [ 35.70202, 1.24816 ], [ 35.70205, 1.24811 ], [ 35.70205, 1.24792 ], [ 35.702, 1.24786 ], [ 35.70186, 1.24767 ], [ 35.70172, 1.24733 ], [ 35.70171, 1.24708 ], [ 35.70166, 1.24699 ], [ 35.70157, 1.24676 ], [ 35.70152, 1.24653 ], [ 35.70149, 1.24624 ], [ 35.70148, 1.24607 ], [ 35.70147, 1.24607 ], [ 35.7014, 1.24561 ], [ 35.70144, 1.24508 ], [ 35.70145, 1.24499 ], [ 35.70148, 1.24479 ], [ 35.70153, 1.24451 ], [ 35.7018, 1.24426 ], [ 35.70183, 1.24424 ], [ 35.70188, 1.2442 ], [ 35.7022, 1.24397 ], [ 35.70256, 1.24397 ], [ 35.70281, 1.24409 ], [ 35.70309, 1.24436 ], [ 35.70323, 1.24469 ], [ 35.70323, 1.2447 ], [ 35.70334, 1.24485 ], [ 35.70348, 1.24502 ], [ 35.70378, 1.24516 ], [ 35.70405, 1.24505 ], [ 35.70411, 1.24501 ], [ 35.70428, 1.24482 ], [ 35.70428, 1.2447 ], [ 35.70437, 1.24445 ], [ 35.70437, 1.24423 ], [ 35.70432, 1.24397 ], [ 35.70421, 1.24384 ], [ 35.70412, 1.24371 ], [ 35.70405, 1.24365 ], [ 35.70399, 1.24362 ], [ 35.70383, 1.24352 ], [ 35.70362, 1.24343 ], [ 35.70351, 1.24339 ], [ 35.70336, 1.2434 ], [ 35.70292, 1.24342 ], [ 35.70247, 1.2434 ], [ 35.70245, 1.2434 ], [ 35.70243, 1.24339 ], [ 35.70212, 1.24315 ], [ 35.7018, 1.24281 ], [ 35.70169, 1.24255 ], [ 35.70168, 1.24253 ], [ 35.7017, 1.24218 ], [ 35.70189, 1.24205 ], [ 35.7022, 1.24214 ], [ 35.70237, 1.24228 ], [ 35.70283, 1.24228 ], [ 35.70319, 1.24226 ], [ 35.70322, 1.24222 ], [ 35.70322, 1.24221 ], [ 35.70326, 1.24213 ], [ 35.70326, 1.24199 ], [ 35.70324, 1.24173 ], [ 35.70324, 1.24152 ], [ 35.70321, 1.24124 ], [ 35.70311, 1.24111 ], [ 35.70313, 1.24075 ], [ 35.70327, 1.24033 ], [ 35.70342, 1.23999 ], [ 35.70346, 1.23989 ], [ 35.70346, 1.23985 ], [ 35.70348, 1.23965 ], [ 35.7035, 1.23944 ], [ 35.70346, 1.23914 ], [ 35.70346, 1.23888 ], [ 35.7034, 1.23867 ], [ 35.70327, 1.23845 ], [ 35.70303, 1.23829 ], [ 35.70282, 1.23822 ], [ 35.70254, 1.23821 ], [ 35.7023, 1.23817 ], [ 35.70182, 1.23824 ], [ 35.70159, 1.23826 ], [ 35.70138, 1.23829 ], [ 35.70126, 1.23824 ], [ 35.7011, 1.2381 ], [ 35.70107, 1.23795 ], [ 35.70107, 1.23782 ], [ 35.70095, 1.23762 ], [ 35.70084, 1.23744 ], [ 35.70069, 1.23718 ], [ 35.70053, 1.23701 ], [ 35.70044, 1.2369 ], [ 35.70027, 1.23664 ], [ 35.70013, 1.2364 ], [ 35.70005, 1.23626 ], [ 35.70005, 1.23614 ], [ 35.70004, 1.23614 ], [ 35.70003, 1.23591 ], [ 35.7002, 1.23574 ], [ 35.7006, 1.23561 ], [ 35.70092, 1.23555 ], [ 35.70128, 1.23545 ], [ 35.70137, 1.23542 ], [ 35.70167, 1.23523 ], [ 35.702, 1.23507 ], [ 35.70208, 1.23501 ], [ 35.70232, 1.23468 ], [ 35.70234, 1.23454 ], [ 35.70235, 1.23434 ], [ 35.70237, 1.23406 ], [ 35.70233, 1.23385 ], [ 35.70226, 1.23357 ], [ 35.70205, 1.23332 ], [ 35.70205, 1.23332 ], [ 35.70204, 1.23332 ], [ 35.70168, 1.23328 ], [ 35.70123, 1.23326 ], [ 35.70123, 1.23326 ], [ 35.70077, 1.23326 ], [ 35.70051, 1.23313 ], [ 35.7005, 1.23313 ], [ 35.70033, 1.23298 ], [ 35.70031, 1.23275 ], [ 35.70048, 1.23244 ], [ 35.70064, 1.23208 ], [ 35.70083, 1.23168 ], [ 35.70085, 1.23164 ], [ 35.70094, 1.23128 ], [ 35.70096, 1.23086 ], [ 35.70103, 1.23072 ], [ 35.70121, 1.23035 ], [ 35.70124, 1.23031 ], [ 35.70159, 1.23 ], [ 35.70201, 1.22991 ], [ 35.7026, 1.22991 ], [ 35.70294, 1.22995 ], [ 35.70327, 1.22995 ], [ 35.70372, 1.22987 ], [ 35.70403, 1.22968 ], [ 35.70438, 1.22935 ], [ 35.70441, 1.22931 ], [ 35.70445, 1.22928 ], [ 35.70448, 1.2292 ], [ 35.70452, 1.2291 ], [ 35.70454, 1.22911 ], [ 35.70456, 1.22908 ], [ 35.70456, 1.22902 ], [ 35.70456, 1.22892 ], [ 35.70458, 1.22876 ], [ 35.70456, 1.22857 ], [ 35.70447, 1.22837 ], [ 35.70437, 1.22814 ], [ 35.70432, 1.22791 ], [ 35.70436, 1.22774 ], [ 35.70437, 1.22771 ], [ 35.7044, 1.22748 ], [ 35.7044, 1.22736 ], [ 35.70451, 1.22712 ], [ 35.70468, 1.22689 ], [ 35.70447, 1.2269 ], [ 35.70452, 1.22674 ], [ 35.70462, 1.22651 ], [ 35.7046, 1.22647 ], [ 35.70451, 1.22637 ], [ 35.7044, 1.22614 ], [ 35.70432, 1.22602 ], [ 35.70414, 1.22587 ], [ 35.70414, 1.22569 ], [ 35.70414, 1.22554 ], [ 35.70414, 1.22554 ], [ 35.70414, 1.22554 ], [ 35.70424, 1.22562 ], [ 35.70424, 1.22562 ], [ 35.70424, 1.22562 ], [ 35.70431, 1.22541 ], [ 35.70438, 1.22529 ], [ 35.70447, 1.2251 ], [ 35.70472, 1.22491 ], [ 35.70491, 1.22469 ], [ 35.70491, 1.22468 ], [ 35.70491, 1.22434 ], [ 35.70485, 1.22375 ], [ 35.70472, 1.22337 ], [ 35.70457, 1.22326 ], [ 35.70454, 1.22324 ], [ 35.70411, 1.22299 ], [ 35.70385, 1.22274 ], [ 35.70369, 1.22241 ], [ 35.70314, 1.22175 ], [ 35.70294, 1.2216 ], [ 35.70291, 1.22139 ], [ 35.70281, 1.22123 ], [ 35.70268, 1.22108 ], [ 35.70256, 1.22087 ], [ 35.70252, 1.22081 ], [ 35.70239, 1.22066 ], [ 35.70191, 1.22015 ], [ 35.70174, 1.21996 ], [ 35.70149, 1.21969 ], [ 35.70119, 1.21937 ], [ 35.70105, 1.2192 ], [ 35.70081, 1.21891 ], [ 35.70069, 1.21847 ], [ 35.70069, 1.21845 ], [ 35.7006, 1.21818 ], [ 35.70057, 1.21766 ], [ 35.70057, 1.21719 ], [ 35.70057, 1.2169 ], [ 35.70055, 1.21676 ], [ 35.70051, 1.21648 ], [ 35.70041, 1.21617 ], [ 35.70031, 1.21587 ], [ 35.7002, 1.21577 ], [ 35.70004, 1.21573 ], [ 35.70004, 1.21572 ], [ 35.69957, 1.21554 ], [ 35.69903, 1.21547 ], [ 35.69898, 1.21546 ], [ 35.6986, 1.21517 ], [ 35.69858, 1.21475 ], [ 35.69858, 1.21472 ], [ 35.69865, 1.21435 ], [ 35.69879, 1.21403 ], [ 35.69884, 1.21373 ], [ 35.69878, 1.21348 ], [ 35.69877, 1.21342 ], [ 35.69848, 1.2131 ], [ 35.69827, 1.21292 ], [ 35.6981, 1.21277 ], [ 35.69777, 1.21266 ], [ 35.69768, 1.21264 ], [ 35.6976, 1.2124 ], [ 35.69757, 1.21232 ], [ 35.69753, 1.21208 ], [ 35.69748, 1.21181 ], [ 35.69751, 1.21172 ], [ 35.69752, 1.21168 ], [ 35.69757, 1.2115 ], [ 35.69793, 1.21121 ], [ 35.69818, 1.21109 ], [ 35.69823, 1.21098 ], [ 35.69834, 1.21074 ], [ 35.69836, 1.21023 ], [ 35.69836, 1.21001 ], [ 35.69838, 1.20937 ], [ 35.69838, 1.20936 ], [ 35.69839, 1.20933 ], [ 35.69859, 1.20874 ], [ 35.6987, 1.20789 ], [ 35.69876, 1.20749 ], [ 35.69872, 1.20681 ], [ 35.69872, 1.20641 ], [ 35.69828, 1.20575 ], [ 35.69816, 1.20554 ], [ 35.69795, 1.20517 ], [ 35.6979, 1.20483 ], [ 35.69789, 1.20476 ], [ 35.69786, 1.20454 ], [ 35.69791, 1.20415 ], [ 35.69791, 1.20411 ], [ 35.69796, 1.20383 ], [ 35.69799, 1.20367 ], [ 35.69813, 1.20338 ], [ 35.69836, 1.20321 ], [ 35.69857, 1.20307 ], [ 35.69884, 1.2028 ], [ 35.69888, 1.20265 ], [ 35.69888, 1.20261 ], [ 35.69888, 1.20237 ], [ 35.69874, 1.20211 ], [ 35.69855, 1.20199 ], [ 35.69833, 1.20192 ], [ 35.69812, 1.20188 ], [ 35.69802, 1.20185 ], [ 35.6978, 1.20184 ], [ 35.6976, 1.20175 ], [ 35.69748, 1.2017 ], [ 35.69747, 1.20169 ], [ 35.69746, 1.20167 ], [ 35.69739, 1.20143 ], [ 35.69739, 1.20142 ], [ 35.69741, 1.20118 ], [ 35.69759, 1.20084 ], [ 35.69791, 1.20036 ], [ 35.69815, 1.20007 ], [ 35.69827, 1.19985 ], [ 35.69832, 1.19976 ], [ 35.69834, 1.19959 ], [ 35.69838, 1.19932 ], [ 35.69838, 1.19928 ], [ 35.69838, 1.19915 ], [ 35.69838, 1.19893 ], [ 35.69838, 1.19892 ], [ 35.6984, 1.19873 ], [ 35.6984, 1.1986 ], [ 35.69842, 1.19846 ], [ 35.69843, 1.19835 ], [ 35.69845, 1.19827 ], [ 35.69867, 1.198 ], [ 35.69888, 1.19789 ], [ 35.69921, 1.19791 ], [ 35.69933, 1.19813 ], [ 35.69936, 1.1982 ], [ 35.69936, 1.1982 ], [ 35.69936, 1.19821 ], [ 35.69939, 1.19836 ], [ 35.69939, 1.19846 ], [ 35.69939, 1.1986 ], [ 35.69942, 1.19892 ], [ 35.69942, 1.19919 ], [ 35.69943, 1.19926 ], [ 35.69948, 1.19939 ], [ 35.69957, 1.19948 ], [ 35.69958, 1.19949 ], [ 35.69975, 1.19961 ], [ 35.69986, 1.19968 ], [ 35.70009, 1.19968 ], [ 35.70034, 1.19966 ], [ 35.70069, 1.19951 ], [ 35.70115, 1.19914 ], [ 35.70154, 1.19891 ], [ 35.7021, 1.19841 ], [ 35.70221, 1.19826 ], [ 35.70223, 1.19812 ], [ 35.70227, 1.19808 ], [ 35.70228, 1.19793 ], [ 35.70232, 1.19772 ], [ 35.70232, 1.19753 ], [ 35.70232, 1.1975 ], [ 35.70231, 1.19741 ], [ 35.70233, 1.19714 ], [ 35.70264, 1.19696 ], [ 35.70281, 1.19696 ], [ 35.70302, 1.1971 ], [ 35.70321, 1.19727 ], [ 35.70341, 1.19733 ], [ 35.70364, 1.19731 ], [ 35.7038, 1.19701 ], [ 35.70383, 1.19687 ], [ 35.70383, 1.19682 ], [ 35.70383, 1.19642 ], [ 35.7038, 1.1963 ], [ 35.70361, 1.19594 ], [ 35.70354, 1.19578 ], [ 35.70345, 1.19555 ], [ 35.70333, 1.19525 ], [ 35.70323, 1.19501 ], [ 35.70317, 1.1948 ], [ 35.70307, 1.19444 ], [ 35.70305, 1.19429 ], [ 35.70301, 1.19401 ], [ 35.70307, 1.19361 ], [ 35.70308, 1.19359 ], [ 35.7032, 1.19322 ], [ 35.70325, 1.19304 ], [ 35.70353, 1.19255 ], [ 35.70398, 1.192 ], [ 35.70418, 1.19182 ], [ 35.7044, 1.19162 ], [ 35.70443, 1.19148 ], [ 35.70447, 1.19139 ], [ 35.70459, 1.19103 ], [ 35.70463, 1.19042 ], [ 35.70475, 1.18997 ], [ 35.70477, 1.18989 ], [ 35.70479, 1.18982 ], [ 35.70479, 1.18981 ], [ 35.70486, 1.18952 ], [ 35.70491, 1.18935 ], [ 35.70503, 1.18884 ], [ 35.70503, 1.18875 ], [ 35.70501, 1.18861 ], [ 35.70496, 1.18831 ], [ 35.70492, 1.18798 ], [ 35.70482, 1.1879 ], [ 35.70473, 1.18783 ], [ 35.70456, 1.18765 ], [ 35.70428, 1.18755 ], [ 35.704, 1.18743 ], [ 35.70376, 1.18732 ], [ 35.70367, 1.18719 ], [ 35.70351, 1.18705 ], [ 35.70333, 1.18693 ], [ 35.70327, 1.18665 ], [ 35.70345, 1.18639 ], [ 35.70376, 1.1859 ], [ 35.70392, 1.18572 ], [ 35.70398, 1.18547 ], [ 35.70422, 1.18529 ], [ 35.70438, 1.18504 ], [ 35.70447, 1.18473 ], [ 35.70449, 1.18453 ], [ 35.7045, 1.18436 ], [ 35.7044, 1.18415 ], [ 35.70409, 1.1838 ], [ 35.70399, 1.18368 ], [ 35.7039, 1.18349 ], [ 35.70386, 1.18344 ], [ 35.70366, 1.18311 ], [ 35.70363, 1.18282 ], [ 35.70363, 1.18277 ], [ 35.70361, 1.18245 ], [ 35.7036, 1.18228 ], [ 35.70365, 1.18193 ], [ 35.70372, 1.18169 ], [ 35.70373, 1.18162 ], [ 35.70388, 1.18137 ], [ 35.70407, 1.18115 ], [ 35.70407, 1.18115 ], [ 35.70432, 1.18083 ], [ 35.70439, 1.18079 ], [ 35.70442, 1.18072 ], [ 35.70469, 1.18044 ], [ 35.70486, 1.18032 ], [ 35.70489, 1.1803 ], [ 35.7049, 1.18028 ], [ 35.70502, 1.18002 ], [ 35.70514, 1.17982 ], [ 35.70521, 1.17948 ], [ 35.70509, 1.17924 ], [ 35.70499, 1.17903 ], [ 35.70474, 1.17871 ], [ 35.70456, 1.17847 ], [ 35.70445, 1.17837 ], [ 35.70437, 1.1783 ], [ 35.7043, 1.17806 ], [ 35.70426, 1.17769 ], [ 35.70426, 1.17766 ], [ 35.70425, 1.17755 ], [ 35.70425, 1.17749 ], [ 35.70425, 1.17734 ], [ 35.70424, 1.17726 ], [ 35.70424, 1.17703 ], [ 35.70421, 1.17671 ], [ 35.70415, 1.17628 ], [ 35.70421, 1.17589 ], [ 35.70456, 1.17571 ], [ 35.70485, 1.17578 ], [ 35.70504, 1.17592 ], [ 35.70537, 1.17605 ], [ 35.70572, 1.1761 ], [ 35.70606, 1.1761 ], [ 35.7064, 1.17614 ], [ 35.70679, 1.17614 ], [ 35.70706, 1.17601 ], [ 35.70726, 1.17573 ], [ 35.70731, 1.17523 ], [ 35.70726, 1.17476 ], [ 35.7071, 1.17451 ], [ 35.70694, 1.17425 ], [ 35.70694, 1.17389 ], [ 35.70694, 1.17375 ], [ 35.70694, 1.1735 ], [ 35.70693, 1.17349 ], [ 35.70681, 1.17332 ], [ 35.70664, 1.17325 ], [ 35.70643, 1.17325 ], [ 35.70614, 1.17329 ], [ 35.70614, 1.17329 ], [ 35.70595, 1.17325 ], [ 35.70575, 1.17325 ], [ 35.70573, 1.17326 ], [ 35.7057, 1.17326 ], [ 35.70561, 1.17327 ], [ 35.70546, 1.1733 ], [ 35.70532, 1.17326 ], [ 35.70518, 1.17322 ], [ 35.70499, 1.17278 ], [ 35.70503, 1.17261 ], [ 35.70522, 1.17212 ], [ 35.70526, 1.17204 ], [ 35.70534, 1.17187 ], [ 35.70537, 1.17179 ], [ 35.70546, 1.17169 ], [ 35.70552, 1.17137 ], [ 35.70544, 1.17106 ], [ 35.70544, 1.17087 ], [ 35.70546, 1.1707 ], [ 35.70544, 1.17053 ], [ 35.70537, 1.17025 ], [ 35.70532, 1.17004 ], [ 35.7053, 1.16995 ], [ 35.70522, 1.16949 ], [ 35.70522, 1.16933 ], [ 35.70528, 1.16923 ], [ 35.70528, 1.16918 ], [ 35.70556, 1.16879 ], [ 35.70575, 1.16854 ], [ 35.70584, 1.16797 ], [ 35.70595, 1.16767 ], [ 35.70606, 1.16716 ], [ 35.70603, 1.16626 ], [ 35.70603, 1.16547 ], [ 35.70602, 1.16528 ], [ 35.70594, 1.16498 ], [ 35.70586, 1.16464 ], [ 35.70584, 1.16458 ], [ 35.70573, 1.16432 ], [ 35.70559, 1.16416 ], [ 35.70537, 1.16402 ], [ 35.70532, 1.16397 ], [ 35.70518, 1.16385 ], [ 35.70506, 1.16371 ], [ 35.70504, 1.16369 ], [ 35.70497, 1.16358 ], [ 35.70489, 1.16346 ], [ 35.70488, 1.16347 ], [ 35.70483, 1.16336 ], [ 35.70483, 1.16297 ], [ 35.70491, 1.16272 ], [ 35.70502, 1.16241 ], [ 35.70506, 1.16233 ], [ 35.70508, 1.16209 ], [ 35.7051, 1.16185 ], [ 35.70504, 1.16176 ], [ 35.70499, 1.16168 ], [ 35.70491, 1.16154 ], [ 35.70475, 1.1614 ], [ 35.70472, 1.16135 ], [ 35.70466, 1.16126 ], [ 35.70456, 1.16114 ], [ 35.70463, 1.16096 ], [ 35.70475, 1.16084 ], [ 35.70497, 1.1607 ], [ 35.70551, 1.16037 ], [ 35.70583, 1.1601 ], [ 35.70592, 1.15996 ], [ 35.70595, 1.15992 ], [ 35.70597, 1.15988 ], [ 35.70606, 1.15965 ], [ 35.70607, 1.15958 ], [ 35.70607, 1.15956 ], [ 35.70607, 1.15941 ], [ 35.70606, 1.15934 ], [ 35.70601, 1.15922 ], [ 35.70595, 1.15907 ], [ 35.70591, 1.15901 ], [ 35.70582, 1.15888 ], [ 35.70574, 1.1588 ], [ 35.70569, 1.1587 ], [ 35.70565, 1.15862 ], [ 35.70565, 1.15857 ], [ 35.70556, 1.15839 ], [ 35.70561, 1.15815 ], [ 35.7056, 1.158 ], [ 35.70561, 1.15791 ], [ 35.70562, 1.15788 ], [ 35.70574, 1.15772 ], [ 35.70583, 1.15746 ], [ 35.70587, 1.15735 ], [ 35.70598, 1.15717 ], [ 35.70598, 1.15704 ], [ 35.70598, 1.15685 ], [ 35.70596, 1.15682 ], [ 35.70588, 1.15668 ], [ 35.70579, 1.15662 ], [ 35.70578, 1.15662 ], [ 35.70562, 1.15662 ], [ 35.70543, 1.15668 ], [ 35.70537, 1.1567 ], [ 35.70518, 1.15677 ], [ 35.70496, 1.15677 ], [ 35.70471, 1.15673 ], [ 35.70445, 1.15666 ], [ 35.70434, 1.1566 ], [ 35.70429, 1.15659 ], [ 35.70426, 1.15656 ], [ 35.70407, 1.15649 ], [ 35.70403, 1.15642 ], [ 35.70388, 1.15621 ], [ 35.70388, 1.1562 ], [ 35.70384, 1.15617 ], [ 35.70356, 1.15578 ], [ 35.7035, 1.15513 ], [ 35.70356, 1.15488 ], [ 35.7039, 1.15482 ], [ 35.70405, 1.15482 ], [ 35.70409, 1.1548 ], [ 35.70442, 1.15479 ], [ 35.70446, 1.15479 ], [ 35.70459, 1.15479 ], [ 35.70471, 1.15472 ], [ 35.70482, 1.15469 ], [ 35.70503, 1.15455 ], [ 35.70513, 1.15437 ], [ 35.70521, 1.15431 ], [ 35.70541, 1.15414 ], [ 35.70547, 1.15409 ], [ 35.70567, 1.15388 ], [ 35.70578, 1.15377 ], [ 35.70592, 1.15358 ], [ 35.70628, 1.15334 ], [ 35.70636, 1.15326 ], [ 35.70643, 1.15308 ], [ 35.70643, 1.15307 ], [ 35.70642, 1.15279 ], [ 35.7064, 1.15269 ], [ 35.70634, 1.15263 ], [ 35.70589, 1.15252 ], [ 35.70559, 1.15228 ], [ 35.70532, 1.15215 ], [ 35.7051, 1.15204 ], [ 35.70489, 1.15185 ], [ 35.70486, 1.15183 ], [ 35.70473, 1.15171 ], [ 35.70451, 1.1513 ], [ 35.7044, 1.151 ], [ 35.70437, 1.15071 ], [ 35.70438, 1.15057 ], [ 35.70438, 1.15013 ], [ 35.7044, 1.14971 ], [ 35.70469, 1.14926 ], [ 35.70514, 1.14897 ], [ 35.70544, 1.14906 ], [ 35.70556, 1.14906 ], [ 35.70574, 1.14904 ], [ 35.70602, 1.14901 ], [ 35.70624, 1.14896 ], [ 35.70648, 1.14878 ], [ 35.70671, 1.14856 ], [ 35.70671, 1.14856 ], [ 35.70697, 1.1483 ], [ 35.70704, 1.14812 ], [ 35.70721, 1.14793 ], [ 35.70722, 1.14791 ], [ 35.70736, 1.1476 ], [ 35.70767, 1.14748 ], [ 35.70811, 1.14751 ], [ 35.70848, 1.14777 ], [ 35.70873, 1.14802 ], [ 35.70918, 1.14838 ], [ 35.70921, 1.1484 ], [ 35.70935, 1.14844 ], [ 35.70964, 1.14849 ], [ 35.70966, 1.14848 ], [ 35.71009, 1.14826 ], [ 35.71016, 1.14821 ], [ 35.71022, 1.14813 ], [ 35.71039, 1.14763 ], [ 35.71045, 1.14732 ], [ 35.71048, 1.14706 ], [ 35.7102, 1.14639 ], [ 35.70968, 1.1458 ], [ 35.70958, 1.14573 ], [ 35.70947, 1.14564 ], [ 35.70943, 1.14562 ], [ 35.70905, 1.14543 ], [ 35.70888, 1.14531 ], [ 35.7085, 1.1451 ], [ 35.70829, 1.14505 ], [ 35.70825, 1.14504 ], [ 35.70808, 1.14498 ], [ 35.70784, 1.14495 ], [ 35.70756, 1.14483 ], [ 35.70741, 1.14476 ], [ 35.7072, 1.14474 ], [ 35.70691, 1.14463 ], [ 35.70681, 1.1446 ], [ 35.7066, 1.14459 ], [ 35.70657, 1.14458 ], [ 35.70648, 1.14455 ], [ 35.70636, 1.14451 ], [ 35.70605, 1.1441 ], [ 35.70607, 1.14391 ], [ 35.70609, 1.14382 ], [ 35.70612, 1.14373 ], [ 35.70635, 1.14356 ], [ 35.7065, 1.14347 ], [ 35.70666, 1.14328 ], [ 35.70671, 1.14314 ], [ 35.70671, 1.14273 ], [ 35.70666, 1.1424 ], [ 35.70664, 1.14222 ], [ 35.70664, 1.14222 ], [ 35.70657, 1.14201 ], [ 35.70636, 1.14156 ], [ 35.70628, 1.14118 ], [ 35.70619, 1.14089 ], [ 35.70614, 1.14057 ], [ 35.70614, 1.14026 ], [ 35.7062, 1.14011 ], [ 35.70628, 1.13993 ], [ 35.70629, 1.13989 ], [ 35.70647, 1.13953 ], [ 35.70653, 1.13938 ], [ 35.70662, 1.13916 ], [ 35.70672, 1.13892 ], [ 35.70683, 1.13852 ], [ 35.70683, 1.13812 ], [ 35.7067, 1.13776 ], [ 35.70666, 1.1374 ], [ 35.70666, 1.13713 ], [ 35.70666, 1.13704 ], [ 35.70666, 1.13679 ], [ 35.70666, 1.13675 ], [ 35.70666, 1.13655 ], [ 35.70645, 1.13603 ], [ 35.70613, 1.13565 ], [ 35.70592, 1.13555 ], [ 35.70591, 1.13555 ], [ 35.70581, 1.1355 ], [ 35.7058, 1.13544 ], [ 35.70575, 1.13518 ], [ 35.7058, 1.135 ], [ 35.70584, 1.13482 ], [ 35.70606, 1.13426 ], [ 35.70626, 1.13351 ], [ 35.70628, 1.13336 ], [ 35.70628, 1.13315 ], [ 35.70631, 1.13283 ], [ 35.70629, 1.13249 ], [ 35.70626, 1.13224 ], [ 35.70628, 1.13153 ], [ 35.70615, 1.13131 ], [ 35.7061, 1.13106 ], [ 35.70607, 1.13087 ], [ 35.70593, 1.13068 ], [ 35.70588, 1.13047 ], [ 35.70584, 1.1303 ], [ 35.70579, 1.13008 ], [ 35.70563, 1.12985 ], [ 35.70551, 1.12959 ], [ 35.70525, 1.12922 ], [ 35.70513, 1.12909 ], [ 35.70497, 1.12895 ], [ 35.70445, 1.12851 ], [ 35.70385, 1.12809 ], [ 35.70267, 1.12716 ], [ 35.70227, 1.12684 ], [ 35.70184, 1.12649 ], [ 35.7018, 1.12648 ], [ 35.7014, 1.12627 ], [ 35.70134, 1.12592 ], [ 35.70136, 1.12564 ], [ 35.70144, 1.12543 ], [ 35.70172, 1.12524 ], [ 35.70206, 1.12503 ], [ 35.70235, 1.1248 ], [ 35.70244, 1.12469 ], [ 35.70252, 1.1245 ], [ 35.70253, 1.12445 ], [ 35.70253, 1.12424 ], [ 35.70251, 1.12401 ], [ 35.70229, 1.12374 ], [ 35.7022, 1.12351 ], [ 35.70212, 1.12319 ], [ 35.70217, 1.12303 ], [ 35.70223, 1.12281 ], [ 35.70242, 1.12232 ], [ 35.70267, 1.12192 ], [ 35.70284, 1.12157 ], [ 35.70284, 1.12156 ], [ 35.7029, 1.12114 ], [ 35.7029, 1.12089 ], [ 35.70265, 1.1207 ], [ 35.70227, 1.1204 ], [ 35.70189, 1.12007 ], [ 35.70184, 1.11971 ], [ 35.70197, 1.11948 ], [ 35.70204, 1.11922 ], [ 35.70218, 1.1189 ], [ 35.70218, 1.11876 ], [ 35.70218, 1.11847 ], [ 35.70211, 1.1181 ], [ 35.70187, 1.11782 ], [ 35.70183, 1.11774 ], [ 35.70173, 1.11757 ], [ 35.70163, 1.11747 ], [ 35.7014, 1.11723 ], [ 35.70134, 1.11717 ], [ 35.70115, 1.11692 ], [ 35.70098, 1.11675 ], [ 35.70102, 1.11616 ], [ 35.70102, 1.11614 ], [ 35.70104, 1.11598 ], [ 35.70104, 1.11581 ], [ 35.70105, 1.1155 ], [ 35.701, 1.11529 ], [ 35.70091, 1.11515 ], [ 35.70072, 1.11493 ], [ 35.70043, 1.11465 ], [ 35.70025, 1.11449 ], [ 35.69999, 1.11421 ], [ 35.69975, 1.11397 ], [ 35.69972, 1.11392 ], [ 35.69942, 1.11367 ], [ 35.6992, 1.11334 ], [ 35.69908, 1.11318 ], [ 35.69887, 1.11293 ], [ 35.69858, 1.11276 ], [ 35.69851, 1.11272 ], [ 35.69834, 1.11244 ], [ 35.69828, 1.11232 ], [ 35.69822, 1.11225 ], [ 35.69817, 1.11211 ], [ 35.69819, 1.11199 ], [ 35.69835, 1.11175 ], [ 35.69854, 1.11158 ], [ 35.69861, 1.11146 ], [ 35.69867, 1.1113 ], [ 35.69867, 1.11111 ], [ 35.69848, 1.11077 ], [ 35.69847, 1.11074 ], [ 35.69821, 1.11033 ], [ 35.69819, 1.11029 ], [ 35.69802, 1.11 ], [ 35.69798, 1.10977 ], [ 35.69795, 1.10958 ], [ 35.69795, 1.1093 ], [ 35.69795, 1.10928 ], [ 35.69794, 1.10921 ], [ 35.69796, 1.10917 ], [ 35.69808, 1.1089 ], [ 35.69809, 1.10886 ], [ 35.69838, 1.10867 ], [ 35.69856, 1.10856 ], [ 35.69857, 1.10854 ], [ 35.69874, 1.10833 ], [ 35.69886, 1.10808 ], [ 35.69887, 1.10772 ], [ 35.69887, 1.10771 ], [ 35.69885, 1.10731 ], [ 35.69851, 1.10689 ], [ 35.69838, 1.10666 ], [ 35.69838, 1.10638 ], [ 35.69841, 1.10617 ], [ 35.69843, 1.10605 ], [ 35.69862, 1.10573 ], [ 35.69921, 1.10516 ], [ 35.69953, 1.10484 ], [ 35.69957, 1.1048 ], [ 35.6999, 1.10442 ], [ 35.69997, 1.10419 ], [ 35.69998, 1.10392 ], [ 35.69999, 1.10384 ], [ 35.69999, 1.10367 ], [ 35.69999, 1.10364 ], [ 35.69999, 1.10326 ], [ 35.69994, 1.10275 ], [ 35.69976, 1.10235 ], [ 35.69974, 1.1023 ], [ 35.69941, 1.10178 ], [ 35.69938, 1.10174 ], [ 35.69937, 1.10173 ], [ 35.69897, 1.10138 ], [ 35.69856, 1.10114 ], [ 35.69842, 1.10106 ], [ 35.69807, 1.10104 ], [ 35.69805, 1.10104 ], [ 35.6976, 1.10104 ], [ 35.69709, 1.10096 ], [ 35.69665, 1.10068 ], [ 35.69633, 1.10064 ], [ 35.69598, 1.10062 ], [ 35.69584, 1.10059 ], [ 35.69568, 1.10056 ], [ 35.69556, 1.10061 ], [ 35.69523, 1.10074 ], [ 35.69523, 1.10074 ], [ 35.69521, 1.10076 ], [ 35.695, 1.10106 ], [ 35.69492, 1.10133 ], [ 35.69477, 1.10153 ], [ 35.69452, 1.10176 ], [ 35.69448, 1.10181 ], [ 35.69429, 1.10187 ], [ 35.69398, 1.10197 ], [ 35.69363, 1.10195 ], [ 35.69325, 1.1016 ], [ 35.69294, 1.10112 ], [ 35.69293, 1.10093 ], [ 35.69289, 1.10085 ], [ 35.69283, 1.10056 ], [ 35.69283, 1.10028 ], [ 35.69286, 1.09952 ], [ 35.69289, 1.09903 ], [ 35.69274, 1.09874 ], [ 35.69258, 1.09856 ], [ 35.69232, 1.09841 ], [ 35.69232, 1.09828 ], [ 35.69232, 1.09819 ], [ 35.69219, 1.09802 ], [ 35.69219, 1.09758 ], [ 35.69219, 1.09758 ], [ 35.69211, 1.09742 ], [ 35.69196, 1.09723 ], [ 35.6918, 1.09717 ], [ 35.69135, 1.09681 ], [ 35.69119, 1.09676 ], [ 35.69095, 1.09653 ], [ 35.69064, 1.09615 ], [ 35.69049, 1.09606 ], [ 35.69005, 1.09579 ], [ 35.68983, 1.09573 ], [ 35.68958, 1.09566 ], [ 35.6894, 1.0956 ], [ 35.68929, 1.0956 ], [ 35.68869, 1.0956 ], [ 35.68863, 1.0956 ], [ 35.6886, 1.09561 ], [ 35.68854, 1.09562 ], [ 35.68815, 1.09569 ], [ 35.68792, 1.09594 ], [ 35.68772, 1.09619 ], [ 35.68753, 1.09622 ], [ 35.68749, 1.09623 ], [ 35.68745, 1.09621 ], [ 35.68717, 1.09618 ], [ 35.68696, 1.09599 ], [ 35.68679, 1.0957 ], [ 35.68661, 1.09551 ], [ 35.68647, 1.09521 ], [ 35.68635, 1.09492 ], [ 35.68632, 1.0946 ], [ 35.68623, 1.09438 ], [ 35.6862, 1.0941 ], [ 35.68623, 1.0937 ], [ 35.68659, 1.09327 ], [ 35.68675, 1.09299 ], [ 35.68713, 1.09282 ], [ 35.68725, 1.09261 ], [ 35.68727, 1.09244 ], [ 35.68721, 1.09223 ], [ 35.687, 1.09214 ], [ 35.68697, 1.09213 ], [ 35.68696, 1.09213 ], [ 35.68672, 1.09213 ], [ 35.6863, 1.09242 ], [ 35.6859, 1.09271 ], [ 35.68543, 1.09311 ], [ 35.6852, 1.09342 ], [ 35.68497, 1.09373 ], [ 35.68474, 1.09373 ], [ 35.68445, 1.09356 ], [ 35.68442, 1.09345 ], [ 35.68436, 1.09327 ], [ 35.68436, 1.09292 ], [ 35.68441, 1.09261 ], [ 35.68448, 1.09251 ], [ 35.68448, 1.0925 ], [ 35.68466, 1.09225 ], [ 35.68495, 1.09202 ], [ 35.68503, 1.09173 ], [ 35.68514, 1.09151 ], [ 35.68518, 1.09142 ], [ 35.68536, 1.09094 ], [ 35.68537, 1.09086 ], [ 35.68538, 1.09078 ], [ 35.68547, 1.09018 ], [ 35.68511, 1.08957 ], [ 35.68481, 1.08934 ], [ 35.68481, 1.08901 ], [ 35.68481, 1.08889 ], [ 35.68481, 1.08825 ], [ 35.68483, 1.08763 ], [ 35.68485, 1.08717 ], [ 35.68477, 1.08666 ], [ 35.68473, 1.08656 ], [ 35.68459, 1.08622 ], [ 35.68457, 1.08617 ], [ 35.68443, 1.0859 ], [ 35.68435, 1.08573 ], [ 35.68393, 1.08536 ], [ 35.68394, 1.08519 ], [ 35.68362, 1.08536 ], [ 35.68345, 1.08544 ], [ 35.68329, 1.08584 ], [ 35.68324, 1.08621 ], [ 35.68296, 1.08651 ], [ 35.68261, 1.08656 ], [ 35.68217, 1.08654 ], [ 35.68173, 1.08654 ], [ 35.68124, 1.08649 ], [ 35.68089, 1.0864 ], [ 35.68059, 1.0864 ], [ 35.68019, 1.08624 ], [ 35.68015, 1.0861 ], [ 35.6801, 1.08593 ], [ 35.6801, 1.08564 ], [ 35.6801, 1.08554 ], [ 35.68019, 1.08503 ], [ 35.68021, 1.08498 ], [ 35.68036, 1.08454 ], [ 35.68037, 1.08444 ], [ 35.6804, 1.08419 ], [ 35.6804, 1.08379 ], [ 35.6804, 1.08378 ], [ 35.6804, 1.08354 ], [ 35.68024, 1.08333 ], [ 35.68003, 1.08333 ], [ 35.67987, 1.08349 ], [ 35.67968, 1.08372 ], [ 35.67954, 1.08407 ], [ 35.67954, 1.08431 ], [ 35.67954, 1.08443 ], [ 35.67954, 1.08454 ], [ 35.67936, 1.08468 ], [ 35.67901, 1.08468 ], [ 35.67859, 1.08454 ], [ 35.67826, 1.08417 ], [ 35.67784, 1.08386 ], [ 35.67738, 1.08361 ], [ 35.67715, 1.08324 ], [ 35.67719, 1.08282 ], [ 35.6774, 1.08247 ], [ 35.67771, 1.082 ], [ 35.67794, 1.0817 ], [ 35.67799, 1.08163 ], [ 35.67801, 1.08161 ], [ 35.67817, 1.08133 ], [ 35.67836, 1.08103 ], [ 35.6784, 1.08077 ], [ 35.67843, 1.08065 ], [ 35.6785, 1.08012 ], [ 35.67848, 1.07991 ], [ 35.67845, 1.0794 ], [ 35.67824, 1.07877 ], [ 35.67818, 1.0784 ], [ 35.67818, 1.0784 ], [ 35.67808, 1.07779 ], [ 35.67789, 1.07731 ], [ 35.67782, 1.07684 ], [ 35.67743, 1.07624 ], [ 35.67719, 1.07572 ], [ 35.67701, 1.07544 ], [ 35.67689, 1.07514 ], [ 35.67698, 1.07461 ], [ 35.677, 1.07452 ], [ 35.67705, 1.07426 ], [ 35.67705, 1.07409 ], [ 35.67705, 1.07403 ], [ 35.67705, 1.07377 ], [ 35.67689, 1.07338 ], [ 35.67668, 1.07331 ], [ 35.67615, 1.07347 ], [ 35.67598, 1.07361 ], [ 35.67575, 1.07363 ], [ 35.67547, 1.0734 ], [ 35.67536, 1.07282 ], [ 35.67532, 1.07243 ], [ 35.67531, 1.07238 ], [ 35.67489, 1.07198 ], [ 35.67454, 1.07168 ], [ 35.67417, 1.07138 ], [ 35.67382, 1.07112 ], [ 35.6738, 1.07113 ], [ 35.67365, 1.07123 ], [ 35.67346, 1.07135 ], [ 35.67336, 1.0714 ], [ 35.67336, 1.0714 ], [ 35.67319, 1.07151 ], [ 35.67301, 1.07142 ], [ 35.67289, 1.07105 ], [ 35.67287, 1.07047 ], [ 35.67282, 1.07014 ], [ 35.67282, 1.07012 ], [ 35.6731, 1.06977 ], [ 35.67332, 1.06964 ], [ 35.67338, 1.06961 ], [ 35.67352, 1.06942 ], [ 35.6735, 1.06939 ], [ 35.67331, 1.06914 ], [ 35.67287, 1.06889 ], [ 35.67238, 1.06861 ], [ 35.67226, 1.06831 ], [ 35.67224, 1.06826 ], [ 35.67231, 1.06791 ], [ 35.67231, 1.06791 ], [ 35.67245, 1.06758 ], [ 35.6725, 1.06734 ], [ 35.67252, 1.06721 ], [ 35.67252, 1.06691 ], [ 35.67238, 1.06672 ], [ 35.67233, 1.06647 ], [ 35.6724, 1.06619 ], [ 35.67259, 1.06603 ], [ 35.67273, 1.06603 ], [ 35.67273, 1.06603 ], [ 35.67308, 1.06621 ], [ 35.67326, 1.06651 ], [ 35.67343, 1.06682 ], [ 35.67357, 1.06703 ], [ 35.67364, 1.06721 ], [ 35.6738, 1.06735 ], [ 35.67396, 1.06742 ], [ 35.67424, 1.06742 ], [ 35.67452, 1.06733 ], [ 35.67475, 1.06696 ], [ 35.67487, 1.06664 ], [ 35.67503, 1.06624 ], [ 35.67515, 1.06565 ], [ 35.67529, 1.06526 ], [ 35.6755, 1.06491 ], [ 35.67554, 1.06463 ], [ 35.67538, 1.06442 ], [ 35.67512, 1.0642 ], [ 35.6751, 1.06419 ], [ 35.675, 1.06414 ], [ 35.67488, 1.06409 ], [ 35.6747, 1.064 ], [ 35.67454, 1.0637 ], [ 35.67455, 1.06367 ], [ 35.67457, 1.06337 ], [ 35.67462, 1.06314 ], [ 35.67485, 1.06278 ], [ 35.67509, 1.06247 ], [ 35.67545, 1.06238 ], [ 35.67568, 1.06233 ], [ 35.67585, 1.06224 ], [ 35.67618, 1.06212 ], [ 35.67625, 1.06208 ], [ 35.6763, 1.062 ], [ 35.67634, 1.06184 ], [ 35.67633, 1.06179 ], [ 35.67598, 1.06138 ], [ 35.67557, 1.06105 ], [ 35.67545, 1.06095 ], [ 35.67522, 1.06075 ], [ 35.67502, 1.06058 ], [ 35.67494, 1.06052 ], [ 35.67489, 1.06031 ], [ 35.67491, 1.06017 ], [ 35.67494, 1.06 ], [ 35.67519, 1.05947 ], [ 35.67545, 1.05914 ], [ 35.67577, 1.0587 ], [ 35.67594, 1.05824 ], [ 35.67596, 1.05789 ], [ 35.67596, 1.05738 ], [ 35.67566, 1.05682 ], [ 35.67529, 1.05635 ], [ 35.67466, 1.05614 ], [ 35.67443, 1.05612 ], [ 35.6741, 1.05584 ], [ 35.67396, 1.05552 ], [ 35.67396, 1.05546 ], [ 35.67396, 1.05507 ], [ 35.67391, 1.05479 ], [ 35.67364, 1.05459 ], [ 35.67317, 1.0544 ], [ 35.67238, 1.05405 ], [ 35.67198, 1.05363 ], [ 35.67184, 1.05328 ], [ 35.67184, 1.05275 ], [ 35.67189, 1.05238 ], [ 35.67204, 1.05229 ], [ 35.67229, 1.05214 ], [ 35.67268, 1.05191 ], [ 35.67291, 1.05168 ], [ 35.67293, 1.05164 ], [ 35.67306, 1.05129 ], [ 35.67308, 1.05124 ], [ 35.67308, 1.05116 ], [ 35.6731, 1.05074 ], [ 35.6731, 1.05072 ], [ 35.67309, 1.05071 ], [ 35.67291, 1.05047 ], [ 35.67261, 1.05007 ], [ 35.67222, 1.04998 ], [ 35.67175, 1.05 ], [ 35.67136, 1.04998 ], [ 35.67089, 1.04982 ], [ 35.67084, 1.04961 ], [ 35.67042, 1.0493 ], [ 35.67011, 1.04892 ], [ 35.66998, 1.04875 ], [ 35.66957, 1.04808 ], [ 35.66932, 1.04749 ], [ 35.66921, 1.04714 ], [ 35.66919, 1.04707 ], [ 35.66907, 1.0468 ], [ 35.66896, 1.04655 ], [ 35.66858, 1.04614 ], [ 35.66861, 1.04573 ], [ 35.66866, 1.04568 ], [ 35.66883, 1.04544 ], [ 35.66916, 1.0452 ], [ 35.66959, 1.04511 ], [ 35.66999, 1.04511 ], [ 35.6708, 1.04487 ], [ 35.67084, 1.04484 ], [ 35.67136, 1.04452 ], [ 35.67215, 1.04421 ], [ 35.67223, 1.04402 ], [ 35.67236, 1.04373 ], [ 35.67242, 1.04362 ], [ 35.67245, 1.04348 ], [ 35.67245, 1.04327 ], [ 35.67247, 1.04293 ], [ 35.67247, 1.04282 ], [ 35.67246, 1.04273 ], [ 35.67217, 1.04227 ], [ 35.67185, 1.04197 ], [ 35.67163, 1.04179 ], [ 35.67124, 1.04162 ], [ 35.67083, 1.04126 ], [ 35.67045, 1.04098 ], [ 35.67019, 1.04085 ], [ 35.67008, 1.04079 ], [ 35.66986, 1.04078 ], [ 35.66959, 1.04076 ], [ 35.66957, 1.04076 ], [ 35.66956, 1.04076 ], [ 35.66901, 1.041 ], [ 35.6685, 1.0413 ], [ 35.66799, 1.04153 ], [ 35.66742, 1.0416 ], [ 35.66707, 1.0416 ], [ 35.66677, 1.0416 ], [ 35.66639, 1.04136 ], [ 35.66635, 1.04104 ], [ 35.66633, 1.04077 ], [ 35.66647, 1.04056 ], [ 35.66663, 1.04032 ], [ 35.66756, 1.03884 ], [ 35.66784, 1.03835 ], [ 35.66791, 1.03786 ], [ 35.66789, 1.03746 ], [ 35.66788, 1.03742 ], [ 35.66769, 1.03699 ], [ 35.66733, 1.03645 ], [ 35.66699, 1.03586 ], [ 35.66663, 1.0356 ], [ 35.66601, 1.03545 ], [ 35.66535, 1.03537 ], [ 35.665, 1.03515 ], [ 35.66477, 1.0347 ], [ 35.66479, 1.03436 ], [ 35.66513, 1.03381 ], [ 35.66552, 1.03344 ], [ 35.66554, 1.03302 ], [ 35.665, 1.0324 ], [ 35.66438, 1.03201 ], [ 35.66391, 1.03187 ], [ 35.66322, 1.03187 ], [ 35.66313, 1.03187 ], [ 35.66311, 1.03189 ], [ 35.66285, 1.03202 ], [ 35.66251, 1.03241 ], [ 35.66249, 1.03244 ], [ 35.66238, 1.03257 ], [ 35.66214, 1.03295 ], [ 35.66178, 1.03325 ], [ 35.66142, 1.03345 ], [ 35.6608, 1.03349 ], [ 35.66052, 1.03306 ], [ 35.66037, 1.03278 ], [ 35.6601, 1.03255 ], [ 35.65971, 1.03223 ], [ 35.65935, 1.03204 ], [ 35.65905, 1.03163 ], [ 35.65888, 1.03095 ], [ 35.65856, 1.03043 ], [ 35.65843, 1.03016 ], [ 35.65831, 1.03005 ], [ 35.65822, 1.03002 ], [ 35.65803, 1.02988 ], [ 35.65792, 1.02984 ], [ 35.65768, 1.02984 ], [ 35.6574, 1.02988 ], [ 35.6574, 1.02988 ], [ 35.65706, 1.03009 ], [ 35.65674, 1.03007 ], [ 35.65653, 1.03003 ], [ 35.65611, 1.02975 ], [ 35.65604, 1.02935 ], [ 35.65604, 1.02879 ], [ 35.65583, 1.02824 ], [ 35.65553, 1.0276 ], [ 35.6554, 1.02713 ], [ 35.65538, 1.0267 ], [ 35.65538, 1.0267 ], [ 35.65538, 1.0264 ], [ 35.65544, 1.02612 ], [ 35.65544, 1.02595 ], [ 35.65544, 1.02576 ], [ 35.65514, 1.02563 ], [ 35.65472, 1.02565 ], [ 35.65418, 1.02589 ], [ 35.65365, 1.02614 ], [ 35.65322, 1.02642 ], [ 35.65312, 1.02672 ], [ 35.65286, 1.02708 ], [ 35.65252, 1.02738 ], [ 35.65209, 1.02753 ], [ 35.65169, 1.02715 ], [ 35.65145, 1.02687 ], [ 35.65109, 1.02646 ], [ 35.65051, 1.02634 ], [ 35.64985, 1.02632 ], [ 35.64932, 1.02666 ], [ 35.649, 1.02694 ], [ 35.64861, 1.02693 ], [ 35.64813, 1.0267 ], [ 35.64778, 1.026 ], [ 35.64777, 1.02596 ], [ 35.6477, 1.02565 ], [ 35.64755, 1.02529 ], [ 35.64721, 1.02486 ], [ 35.6468, 1.02444 ], [ 35.64629, 1.02393 ], [ 35.64567, 1.02335 ], [ 35.64505, 1.02286 ], [ 35.64463, 1.02252 ], [ 35.64439, 1.02241 ], [ 35.6439, 1.02248 ], [ 35.6436, 1.02271 ], [ 35.64328, 1.02264 ], [ 35.6432, 1.02251 ], [ 35.64309, 1.02233 ], [ 35.64303, 1.02194 ], [ 35.643, 1.02168 ], [ 35.64302, 1.02139 ], [ 35.64306, 1.02136 ], [ 35.64322, 1.02121 ], [ 35.64364, 1.021 ], [ 35.64396, 1.02081 ], [ 35.64411, 1.0206 ], [ 35.64415, 1.02045 ], [ 35.64422, 1.02019 ], [ 35.64424, 1.02002 ], [ 35.6441, 1.01914 ], [ 35.64384, 1.01855 ], [ 35.64383, 1.01854 ], [ 35.64357, 1.0187 ], [ 35.64334, 1.01883 ], [ 35.64322, 1.01893 ], [ 35.64307, 1.019 ], [ 35.64298, 1.01905 ], [ 35.64292, 1.01907 ], [ 35.64285, 1.01907 ], [ 35.64276, 1.01899 ], [ 35.6427, 1.01887 ], [ 35.64266, 1.01884 ], [ 35.64257, 1.01882 ], [ 35.64248, 1.01883 ], [ 35.64239, 1.01887 ], [ 35.64211, 1.01902 ], [ 35.642, 1.01912 ], [ 35.64196, 1.0192 ], [ 35.6419, 1.01926 ], [ 35.6416, 1.01929 ], [ 35.64141, 1.01921 ], [ 35.64134, 1.01909 ], [ 35.6412, 1.01888 ], [ 35.64099, 1.0188 ], [ 35.64079, 1.01877 ], [ 35.64056, 1.01877 ], [ 35.64037, 1.0188 ], [ 35.64027, 1.01897 ], [ 35.64018, 1.01904 ], [ 35.63995, 1.01915 ], [ 35.63965, 1.01917 ], [ 35.63944, 1.01914 ], [ 35.63931, 1.01913 ], [ 35.63924, 1.01904 ], [ 35.63918, 1.01899 ], [ 35.63914, 1.01893 ], [ 35.63905, 1.0189 ], [ 35.63894, 1.0189 ], [ 35.63886, 1.0189 ], [ 35.63881, 1.0189 ], [ 35.63875, 1.0189 ], [ 35.63869, 1.01892 ], [ 35.63867, 1.01892 ], [ 35.63859, 1.01895 ], [ 35.63858, 1.01899 ], [ 35.63852, 1.01912 ], [ 35.63845, 1.01924 ], [ 35.63837, 1.01955 ], [ 35.63832, 1.01967 ], [ 35.63826, 1.01979 ], [ 35.63814, 1.01993 ], [ 35.63795, 1.02009 ], [ 35.63773, 1.02023 ], [ 35.6375, 1.02047 ], [ 35.63736, 1.02057 ], [ 35.63707, 1.02078 ], [ 35.63695, 1.02083 ], [ 35.63679, 1.02094 ], [ 35.63632, 1.02109 ], [ 35.63616, 1.0212 ], [ 35.63582, 1.02137 ], [ 35.6357, 1.02139 ], [ 35.63533, 1.02156 ], [ 35.63519, 1.02167 ], [ 35.63509, 1.02177 ], [ 35.63488, 1.02186 ], [ 35.63479, 1.02186 ], [ 35.63467, 1.02186 ], [ 35.63445, 1.02191 ], [ 35.63434, 1.02194 ], [ 35.6341, 1.02198 ], [ 35.63399, 1.02198 ], [ 35.63354, 1.02207 ], [ 35.63306, 1.02217 ], [ 35.63271, 1.02227 ], [ 35.63233, 1.02248 ], [ 35.63216, 1.02253 ], [ 35.6315, 1.02266 ], [ 35.63125, 1.02264 ], [ 35.63103, 1.0226 ], [ 35.63073, 1.02255 ], [ 35.63061, 1.02253 ], [ 35.6304, 1.02253 ], [ 35.63021, 1.02257 ], [ 35.62992, 1.02264 ], [ 35.62957, 1.02269 ], [ 35.62941, 1.02274 ], [ 35.62938, 1.02285 ], [ 35.62929, 1.02293 ], [ 35.6292, 1.023 ], [ 35.6291, 1.02309 ], [ 35.62907, 1.02325 ], [ 35.62905, 1.02337 ], [ 35.62881, 1.02392 ], [ 35.62868, 1.02409 ], [ 35.62848, 1.02422 ], [ 35.62823, 1.02437 ], [ 35.62799, 1.02442 ], [ 35.62745, 1.02463 ], [ 35.62714, 1.02475 ], [ 35.62683, 1.02479 ], [ 35.62665, 1.02484 ], [ 35.62631, 1.02489 ], [ 35.62599, 1.02489 ], [ 35.62566, 1.02493 ], [ 35.62539, 1.02501 ], [ 35.62518, 1.02505 ], [ 35.62483, 1.02514 ], [ 35.62457, 1.02517 ], [ 35.62431, 1.02519 ], [ 35.624, 1.02519 ], [ 35.6236, 1.02519 ], [ 35.62325, 1.02519 ], [ 35.62278, 1.02517 ], [ 35.62238, 1.02515 ], [ 35.62202, 1.02515 ], [ 35.62164, 1.02517 ], [ 35.62127, 1.02515 ], [ 35.62087, 1.02515 ], [ 35.62061, 1.02515 ], [ 35.62032, 1.02515 ], [ 35.61997, 1.02515 ], [ 35.61973, 1.02514 ], [ 35.61926, 1.02514 ], [ 35.61905, 1.0251 ], [ 35.61872, 1.02508 ], [ 35.61801, 1.02503 ], [ 35.61777, 1.02501 ], [ 35.61747, 1.02498 ], [ 35.61711, 1.02493 ], [ 35.61678, 1.02484 ], [ 35.61654, 1.02475 ], [ 35.61619, 1.02472 ], [ 35.61581, 1.0247 ], [ 35.61548, 1.02465 ], [ 35.61513, 1.02453 ], [ 35.61478, 1.02449 ], [ 35.61456, 1.02441 ], [ 35.61421, 1.02434 ], [ 35.61383, 1.02434 ], [ 35.61362, 1.02432 ], [ 35.61334, 1.02427 ], [ 35.61305, 1.02416 ], [ 35.61268, 1.02406 ], [ 35.61235, 1.02392 ], [ 35.61188, 1.02375 ], [ 35.61154, 1.02359 ], [ 35.61124, 1.02347 ], [ 35.61102, 1.02338 ], [ 35.61074, 1.02333 ], [ 35.61034, 1.02326 ], [ 35.61011, 1.02307 ], [ 35.60998, 1.023 ], [ 35.60961, 1.02288 ], [ 35.60933, 1.02276 ], [ 35.60911, 1.0226 ], [ 35.60881, 1.02241 ], [ 35.60855, 1.02229 ], [ 35.60834, 1.02215 ], [ 35.60803, 1.02212 ], [ 35.60781, 1.02212 ], [ 35.60762, 1.02213 ], [ 35.60659, 1.02237 ], [ 35.6051, 1.02198 ], [ 35.60343, 1.02179 ], [ 35.60066, 1.02107 ], [ 35.59755, 1.02103 ], [ 35.59372, 1.02126 ], [ 35.59045, 1.02175 ], [ 35.58708, 1.02243 ], [ 35.58495, 1.02277 ], [ 35.58317, 1.02236 ], [ 35.58078, 1.02163 ], [ 35.57771, 1.02133 ], [ 35.57602, 1.02137 ], [ 35.57471, 1.02171 ], [ 35.57263, 1.02266 ], [ 35.56959, 1.02402 ], [ 35.56734, 1.02488 ], [ 35.5672, 1.02475 ], [ 35.56699, 1.02475 ], [ 35.56678, 1.02472 ], [ 35.56655, 1.02461 ], [ 35.5663, 1.02434 ], [ 35.56613, 1.02426 ], [ 35.56593, 1.02416 ], [ 35.56578, 1.02414 ], [ 35.56558, 1.02414 ], [ 35.56536, 1.02414 ], [ 35.56503, 1.02416 ], [ 35.56491, 1.02416 ], [ 35.56483, 1.02409 ], [ 35.56384, 1.0239 ], [ 35.56249, 1.0235 ], [ 35.56095, 1.02292 ], [ 35.55912, 1.02227 ], [ 35.55715, 1.0216 ], [ 35.55458, 1.02062 ], [ 35.55255, 1.02003 ], [ 35.55087, 1.01933 ], [ 35.54869, 1.0185 ], [ 35.54492, 1.01685 ], [ 35.5428, 1.0162 ], [ 35.54035, 1.01562 ], [ 35.53799, 1.01522 ], [ 35.53572, 1.01508 ], [ 35.53475, 1.01493 ], [ 35.53457, 1.01487 ], [ 35.53403, 1.01487 ], [ 35.5338, 1.01482 ], [ 35.53341, 1.01482 ], [ 35.53313, 1.01482 ], [ 35.53303, 1.01485 ], [ 35.53288, 1.01495 ], [ 35.53278, 1.01502 ], [ 35.53251, 1.01525 ], [ 35.53231, 1.01535 ], [ 35.53194, 1.0154 ], [ 35.53149, 1.0154 ], [ 35.53131, 1.01542 ], [ 35.53109, 1.0154 ], [ 35.53094, 1.0153 ], [ 35.53002, 1.01516 ], [ 35.52861, 1.01494 ], [ 35.52741, 1.01479 ], [ 35.52472, 1.0139 ], [ 35.52233, 1.01363 ], [ 35.51503, 1.01203 ], [ 35.51261, 1.01142 ], [ 35.51046, 1.01179 ], [ 35.50755, 1.01225 ], [ 35.50546, 1.01249 ], [ 35.50277, 1.013 ], [ 35.50179, 1.01325 ], [ 35.50105, 1.01323 ], [ 35.5006, 1.01304 ], [ 35.50013, 1.01279 ], [ 35.49987, 1.01251 ], [ 35.49977, 1.01227 ], [ 35.49968, 1.01206 ], [ 35.49956, 1.0118 ], [ 35.49946, 1.01152 ], [ 35.49932, 1.01123 ], [ 35.49926, 1.01102 ], [ 35.49914, 1.01074 ], [ 35.49895, 1.01036 ], [ 35.49883, 1.01005 ], [ 35.49859, 1.00991 ], [ 35.49831, 1.00979 ], [ 35.49802, 1.00966 ], [ 35.49769, 1.00961 ], [ 35.49743, 1.00954 ], [ 35.49718, 1.00951 ], [ 35.49703, 1.00942 ], [ 35.49682, 1.00933 ], [ 35.49661, 1.00911 ], [ 35.49642, 1.0089 ], [ 35.49628, 1.00859 ], [ 35.49619, 1.00836 ], [ 35.49611, 1.00824 ], [ 35.49597, 1.00814 ], [ 35.49579, 1.0081 ], [ 35.49559, 1.00808 ], [ 35.49536, 1.00807 ], [ 35.49515, 1.00807 ], [ 35.49487, 1.00807 ], [ 35.49461, 1.008 ], [ 35.49437, 1.00803 ], [ 35.4942, 1.0081 ], [ 35.49406, 1.00821 ], [ 35.49382, 1.00831 ], [ 35.49371, 1.00836 ], [ 35.49352, 1.00843 ], [ 35.49321, 1.00864 ], [ 35.49302, 1.00878 ], [ 35.49274, 1.00892 ], [ 35.49255, 1.00913 ], [ 35.49239, 1.00916 ], [ 35.49225, 1.00914 ], [ 35.49199, 1.00909 ], [ 35.49147, 1.009 ], [ 35.49119, 1.00892 ], [ 35.4909, 1.00892 ], [ 35.49059, 1.00899 ], [ 35.49036, 1.00913 ], [ 35.49019, 1.00923 ], [ 35.48993, 1.00925 ], [ 35.48963, 1.00918 ], [ 35.48944, 1.00907 ], [ 35.48918, 1.00902 ], [ 35.48896, 1.00902 ], [ 35.48882, 1.00911 ], [ 35.48866, 1.00921 ], [ 35.48849, 1.00932 ], [ 35.4883, 1.0094 ], [ 35.48809, 1.00954 ], [ 35.48785, 1.00954 ], [ 35.48767, 1.00956 ], [ 35.48752, 1.00954 ], [ 35.48726, 1.00951 ], [ 35.48698, 1.00947 ], [ 35.48677, 1.00947 ], [ 35.48654, 1.00947 ], [ 35.48632, 1.00946 ], [ 35.48613, 1.0094 ], [ 35.48594, 1.00935 ], [ 35.48571, 1.0093 ], [ 35.48542, 1.00925 ], [ 35.48519, 1.00923 ], [ 35.48491, 1.00926 ], [ 35.48472, 1.00932 ], [ 35.48451, 1.00932 ], [ 35.48408, 1.00935 ], [ 35.48394, 1.00935 ], [ 35.4837, 1.00935 ], [ 35.48335, 1.00935 ], [ 35.48314, 1.00935 ], [ 35.48288, 1.00935 ], [ 35.48269, 1.00935 ], [ 35.48245, 1.00933 ], [ 35.48222, 1.00932 ], [ 35.48201, 1.0093 ], [ 35.48167, 1.0093 ], [ 35.48156, 1.00923 ], [ 35.48142, 1.00921 ], [ 35.48128, 1.00913 ], [ 35.48122, 1.00907 ], [ 35.48106, 1.00902 ], [ 35.4809, 1.0089 ], [ 35.48066, 1.00883 ], [ 35.4804, 1.00878 ], [ 35.48009, 1.00876 ], [ 35.47991, 1.00876 ], [ 35.47974, 1.00876 ], [ 35.47962, 1.00869 ], [ 35.47948, 1.00862 ], [ 35.47938, 1.00859 ], [ 35.4791, 1.00838 ], [ 35.47891, 1.0081 ], [ 35.47873, 1.00788 ], [ 35.47861, 1.00779 ], [ 35.47849, 1.00762 ], [ 35.47835, 1.00743 ], [ 35.47835, 1.00725 ], [ 35.47835, 1.00703 ], [ 35.47833, 1.0068 ], [ 35.47821, 1.00659 ], [ 35.47802, 1.00644 ], [ 35.47783, 1.00628 ], [ 35.47776, 1.00616 ], [ 35.47762, 1.00592 ], [ 35.47757, 1.00519 ], [ 35.4774, 1.00465 ], [ 35.47736, 1.00428 ], [ 35.47738, 1.00409 ], [ 35.47735, 1.00373 ], [ 35.47735, 1.0035 ], [ 35.47729, 1.00328 ], [ 35.47724, 1.00316 ], [ 35.4771, 1.00303 ], [ 35.477, 1.0029 ], [ 35.47689, 1.00275 ], [ 35.47689, 1.00287 ], [ 35.47689, 1.00313 ], [ 35.47689, 1.00333 ], [ 35.47687, 1.00356 ], [ 35.47683, 1.00377 ], [ 35.47671, 1.00399 ], [ 35.47657, 1.00415 ], [ 35.4764, 1.00433 ], [ 35.47618, 1.00463 ], [ 35.47602, 1.00486 ], [ 35.47589, 1.00504 ], [ 35.4758, 1.00526 ], [ 35.47569, 1.00549 ], [ 35.47564, 1.00571 ], [ 35.47564, 1.00592 ], [ 35.4756, 1.00616 ], [ 35.4756, 1.00634 ], [ 35.47556, 1.00672 ], [ 35.47556, 1.00698 ], [ 35.47556, 1.00729 ], [ 35.47556, 1.00748 ], [ 35.47556, 1.00764 ], [ 35.47556, 1.0078 ], [ 35.47556, 1.00792 ], [ 35.47552, 1.00807 ], [ 35.47543, 1.00826 ], [ 35.47533, 1.00843 ], [ 35.47529, 1.00862 ], [ 35.47528, 1.00893 ], [ 35.47528, 1.0091 ], [ 35.4753, 1.00935 ], [ 35.4753, 1.00975 ], [ 35.47533, 1.01025 ], [ 35.47538, 1.01127 ], [ 35.47552, 1.01156 ], [ 35.47555, 1.01196 ], [ 35.4756, 1.01231 ], [ 35.4757, 1.01291 ], [ 35.47565, 1.01373 ], [ 35.47562, 1.01396 ], [ 35.47562, 1.01409 ], [ 35.47562, 1.01426 ], [ 35.47561, 1.01451 ], [ 35.47562, 1.01467 ], [ 35.47564, 1.01485 ], [ 35.47564, 1.01508 ], [ 35.47571, 1.01526 ], [ 35.47575, 1.01541 ], [ 35.47579, 1.01553 ], [ 35.47579, 1.01564 ], [ 35.47575, 1.01579 ], [ 35.47574, 1.01591 ], [ 35.4756, 1.01603 ], [ 35.47557, 1.0161 ], [ 35.47557, 1.01615 ], [ 35.47538, 1.01639 ], [ 35.47538, 1.01647 ], [ 35.4755, 1.01666 ], [ 35.47559, 1.01675 ], [ 35.47561, 1.01684 ], [ 35.47561, 1.01691 ], [ 35.47561, 1.01706 ], [ 35.47561, 1.01716 ], [ 35.47561, 1.01729 ], [ 35.47561, 1.0175 ], [ 35.47566, 1.01773 ], [ 35.47567, 1.01787 ], [ 35.47575, 1.01802 ], [ 35.47577, 1.01813 ], [ 35.47579, 1.01821 ], [ 35.47584, 1.01828 ], [ 35.47587, 1.01837 ], [ 35.47596, 1.01846 ], [ 35.47599, 1.01862 ], [ 35.47617, 1.01878 ], [ 35.4763, 1.01895 ], [ 35.47636, 1.01926 ], [ 35.47659, 1.01954 ], [ 35.47684, 1.02003 ], [ 35.47694, 1.02028 ], [ 35.47702, 1.0205 ], [ 35.47702, 1.02063 ], [ 35.47699, 1.02075 ], [ 35.47687, 1.0209 ], [ 35.47657, 1.02115 ], [ 35.4765, 1.02125 ], [ 35.47647, 1.02142 ], [ 35.47652, 1.02155 ], [ 35.47659, 1.02162 ], [ 35.47664, 1.02182 ], [ 35.47664, 1.02197 ], [ 35.47659, 1.02227 ], [ 35.47631, 1.02288 ], [ 35.47627, 1.02303 ], [ 35.47618, 1.02341 ], [ 35.47617, 1.02364 ], [ 35.47615, 1.02404 ], [ 35.4762, 1.02409 ], [ 35.4762, 1.0243 ], [ 35.4762, 1.02445 ], [ 35.47617, 1.02463 ], [ 35.47615, 1.02471 ], [ 35.47603, 1.02481 ], [ 35.476, 1.02488 ], [ 35.47597, 1.02491 ], [ 35.4758, 1.02501 ], [ 35.47571, 1.02501 ], [ 35.47559, 1.02501 ], [ 35.47543, 1.02501 ], [ 35.47525, 1.02501 ], [ 35.47494, 1.02501 ], [ 35.47478, 1.02502 ], [ 35.47462, 1.02494 ], [ 35.47452, 1.02479 ], [ 35.47429, 1.02471 ], [ 35.47398, 1.02466 ], [ 35.4738, 1.0246 ], [ 35.47355, 1.02456 ], [ 35.4734, 1.02455 ], [ 35.47319, 1.02454 ], [ 35.47294, 1.02456 ], [ 35.47278, 1.02456 ], [ 35.47258, 1.02456 ], [ 35.47241, 1.02459 ], [ 35.47226, 1.02461 ], [ 35.47214, 1.02466 ], [ 35.47198, 1.02471 ], [ 35.47185, 1.02476 ], [ 35.47154, 1.0249 ], [ 35.47129, 1.02506 ], [ 35.47095, 1.02522 ], [ 35.47064, 1.02534 ], [ 35.47012, 1.02561 ], [ 35.46978, 1.02586 ], [ 35.46963, 1.02597 ], [ 35.46955, 1.02606 ], [ 35.46943, 1.02609 ], [ 35.46932, 1.02619 ], [ 35.46924, 1.02632 ], [ 35.46908, 1.02645 ], [ 35.46903, 1.02658 ], [ 35.46887, 1.0267 ], [ 35.46881, 1.02673 ], [ 35.46872, 1.02673 ], [ 35.4685, 1.02675 ], [ 35.46822, 1.02685 ], [ 35.46801, 1.02704 ], [ 35.46791, 1.02719 ], [ 35.46766, 1.02743 ], [ 35.46757, 1.02762 ], [ 35.46743, 1.02785 ], [ 35.46733, 1.02801 ], [ 35.4673, 1.02812 ], [ 35.46725, 1.02822 ], [ 35.4672, 1.02833 ], [ 35.46709, 1.02846 ], [ 35.46705, 1.02851 ], [ 35.467, 1.02855 ], [ 35.46694, 1.02862 ], [ 35.46693, 1.02872 ], [ 35.46689, 1.02884 ], [ 35.46683, 1.02919 ], [ 35.46685, 1.0294 ], [ 35.46687, 1.0296 ], [ 35.46687, 1.02979 ], [ 35.46688, 1.02998 ], [ 35.4669, 1.0301 ], [ 35.46694, 1.03021 ], [ 35.46694, 1.03032 ], [ 35.46698, 1.0304 ], [ 35.46706, 1.0305 ], [ 35.46715, 1.03065 ], [ 35.46733, 1.03091 ], [ 35.46757, 1.03134 ], [ 35.46775, 1.03151 ], [ 35.46794, 1.03164 ], [ 35.468, 1.03174 ], [ 35.46807, 1.03183 ], [ 35.4681, 1.03192 ], [ 35.4681, 1.03215 ], [ 35.4681, 1.03224 ], [ 35.4681, 1.03233 ], [ 35.4681, 1.0324 ], [ 35.4681, 1.03246 ], [ 35.4681, 1.03253 ], [ 35.4681, 1.03258 ], [ 35.4681, 1.03265 ], [ 35.46798, 1.0332 ], [ 35.46794, 1.03373 ], [ 35.46796, 1.03377 ], [ 35.46743, 1.03395 ], [ 35.46731, 1.034 ], [ 35.46698, 1.03419 ], [ 35.46677, 1.03435 ], [ 35.46667, 1.03445 ], [ 35.46655, 1.03457 ], [ 35.46632, 1.03481 ], [ 35.46578, 1.03513 ], [ 35.46521, 1.0358 ], [ 35.46511, 1.03591 ], [ 35.46486, 1.03604 ], [ 35.46467, 1.03625 ], [ 35.46419, 1.03674 ], [ 35.46393, 1.03688 ], [ 35.46363, 1.03702 ], [ 35.46351, 1.03705 ], [ 35.46325, 1.03716 ], [ 35.46306, 1.03726 ], [ 35.46294, 1.03729 ], [ 35.46275, 1.03729 ], [ 35.46255, 1.03733 ], [ 35.46229, 1.03733 ], [ 35.46191, 1.03736 ], [ 35.46165, 1.03743 ], [ 35.46124, 1.03749 ], [ 35.46103, 1.03749 ], [ 35.46054, 1.03749 ], [ 35.46032, 1.03747 ], [ 35.46016, 1.03742 ], [ 35.45988, 1.03742 ], [ 35.45966, 1.03733 ], [ 35.45953, 1.03728 ], [ 35.45936, 1.03721 ], [ 35.4592, 1.03709 ], [ 35.45896, 1.03703 ], [ 35.45881, 1.03695 ], [ 35.45858, 1.03686 ], [ 35.45846, 1.03683 ], [ 35.45811, 1.03674 ], [ 35.45792, 1.03674 ], [ 35.45771, 1.03674 ], [ 35.45752, 1.03676 ], [ 35.45735, 1.03679 ], [ 35.45721, 1.03672 ], [ 35.45712, 1.03658 ], [ 35.45686, 1.03648 ], [ 35.45669, 1.03644 ], [ 35.45643, 1.03643 ], [ 35.45617, 1.03644 ], [ 35.45587, 1.03644 ], [ 35.45544, 1.03641 ], [ 35.45519, 1.03646 ], [ 35.4549, 1.03648 ], [ 35.45455, 1.03648 ], [ 35.45435, 1.03665 ], [ 35.45445, 1.0368 ], [ 35.45435, 1.03665 ], [ 35.45428, 1.03672 ], [ 35.45426, 1.03695 ], [ 35.45407, 1.03716 ], [ 35.45389, 1.0374 ], [ 35.4537, 1.03761 ], [ 35.4533, 1.03799 ], [ 35.45316, 1.03814 ], [ 35.45285, 1.03839 ], [ 35.45268, 1.03858 ], [ 35.45259, 1.0387 ], [ 35.45235, 1.03893 ], [ 35.45216, 1.03901 ], [ 35.452, 1.03915 ], [ 35.45183, 1.03933 ], [ 35.45172, 1.03943 ], [ 35.45141, 1.03969 ], [ 35.45115, 1.03998 ], [ 35.45106, 1.04014 ], [ 35.45096, 1.04024 ], [ 35.45072, 1.04047 ], [ 35.45072, 1.04066 ], [ 35.45068, 1.04097 ], [ 35.45058, 1.04103 ], [ 35.45044, 1.04106 ], [ 35.45028, 1.0412 ], [ 35.45016, 1.04141 ], [ 35.45006, 1.04163 ], [ 35.44992, 1.04189 ], [ 35.4498, 1.042 ], [ 35.44968, 1.04202 ], [ 35.44955, 1.04208 ], [ 35.44947, 1.04215 ], [ 35.4494, 1.04228 ], [ 35.44924, 1.04245 ], [ 35.449, 1.04271 ], [ 35.44891, 1.04288 ], [ 35.44881, 1.04309 ], [ 35.44872, 1.0433 ], [ 35.4487, 1.04346 ], [ 35.4486, 1.04373 ], [ 35.44855, 1.04392 ], [ 35.44844, 1.04418 ], [ 35.44836, 1.04432 ], [ 35.44825, 1.04448 ], [ 35.4482, 1.04467 ], [ 35.44815, 1.04491 ], [ 35.44804, 1.0451 ], [ 35.44808, 1.04592 ], [ 35.4481, 1.04615 ], [ 35.4481, 1.04632 ], [ 35.44799, 1.04651 ], [ 35.44784, 1.04674 ], [ 35.44768, 1.047 ], [ 35.44758, 1.04732 ], [ 35.44752, 1.04752 ], [ 35.44723, 1.04779 ], [ 35.44711, 1.048 ], [ 35.44692, 1.04816 ], [ 35.44686, 1.04828 ], [ 35.44683, 1.04845 ], [ 35.44683, 1.04863 ], [ 35.4468, 1.0488 ], [ 35.44671, 1.04904 ], [ 35.44671, 1.04936 ], [ 35.44673, 1.04967 ], [ 35.44678, 1.04995 ], [ 35.44681, 1.0501 ], [ 35.44699, 1.05038 ], [ 35.44711, 1.05055 ], [ 35.44714, 1.05074 ], [ 35.44718, 1.05102 ], [ 35.44723, 1.05133 ], [ 35.44723, 1.05159 ], [ 35.44723, 1.05192 ], [ 35.44711, 1.05314 ], [ 35.44712, 1.0534 ], [ 35.44712, 1.05366 ], [ 35.44712, 1.05399 ], [ 35.44721, 1.05434 ], [ 35.44721, 1.05449 ], [ 35.44733, 1.05467 ], [ 35.44733, 1.05482 ], [ 35.4473, 1.05501 ], [ 35.4473, 1.05524 ], [ 35.4473, 1.0555 ], [ 35.4473, 1.05581 ], [ 35.4473, 1.05609 ], [ 35.44737, 1.05628 ], [ 35.44761, 1.05657 ], [ 35.44787, 1.05685 ], [ 35.44796, 1.05704 ], [ 35.44796, 1.0572 ], [ 35.44796, 1.05739 ], [ 35.44808, 1.05765 ], [ 35.44808, 1.05782 ], [ 35.4481, 1.05796 ], [ 35.44809, 1.05802 ], [ 35.44804, 1.05828 ], [ 35.44791, 1.05857 ], [ 35.44789, 1.05878 ], [ 35.44789, 1.05893 ], [ 35.44789, 1.05914 ], [ 35.44785, 1.05933 ], [ 35.44782, 1.05956 ], [ 35.44761, 1.05991 ], [ 35.44749, 1.06032 ], [ 35.44745, 1.06057 ], [ 35.44752, 1.06074 ], [ 35.44768, 1.06084 ], [ 35.44782, 1.06098 ], [ 35.44789, 1.06124 ], [ 35.4476, 1.06196 ], [ 35.44716, 1.0633 ], [ 35.44602, 1.0664 ], [ 35.44528, 1.07285 ], [ 35.44496, 1.07457 ], [ 35.44512, 1.07685 ], [ 35.44584, 1.07798 ], [ 35.44626, 1.07864 ], [ 35.4464, 1.0786 ], [ 35.44655, 1.07852 ], [ 35.44673, 1.07849 ], [ 35.44688, 1.07864 ], [ 35.44701, 1.07882 ], [ 35.44711, 1.07904 ], [ 35.44745, 1.07941 ], [ 35.4477, 1.07966 ], [ 35.44798, 1.07996 ], [ 35.44838, 1.08008 ], [ 35.44862, 1.08013 ], [ 35.44907, 1.08013 ], [ 35.44955, 1.08026 ], [ 35.44989, 1.08046 ], [ 35.45009, 1.08038 ], [ 35.45032, 1.08028 ], [ 35.45094, 1.08016 ], [ 35.45124, 1.08016 ], [ 35.45161, 1.08013 ], [ 35.45193, 1.08006 ], [ 35.45223, 1.07989 ], [ 35.45233, 1.07976 ], [ 35.45261, 1.07979 ], [ 35.45285, 1.07979 ], [ 35.45313, 1.07976 ], [ 35.45335, 1.07976 ], [ 35.45365, 1.07971 ], [ 35.4541, 1.07976 ], [ 35.45437, 1.07989 ], [ 35.45444, 1.08003 ], [ 35.45444, 1.08017 ], [ 35.45444, 1.08027 ], [ 35.45449, 1.08037 ], [ 35.45451, 1.08044 ], [ 35.45461, 1.08064 ], [ 35.45466, 1.08074 ], [ 35.45467, 1.08085 ], [ 35.45467, 1.08097 ], [ 35.45467, 1.08111 ], [ 35.45467, 1.08123 ], [ 35.45465, 1.08134 ], [ 35.45465, 1.08154 ], [ 35.45462, 1.08188 ], [ 35.45459, 1.08201 ], [ 35.45453, 1.08217 ], [ 35.45451, 1.08229 ], [ 35.45451, 1.08239 ], [ 35.45442, 1.08262 ], [ 35.45441, 1.08276 ], [ 35.45439, 1.08283 ], [ 35.45435, 1.08296 ], [ 35.45432, 1.08307 ], [ 35.45426, 1.08337 ], [ 35.45421, 1.08348 ], [ 35.45416, 1.08367 ], [ 35.45416, 1.08384 ], [ 35.45416, 1.084 ], [ 35.45413, 1.08414 ], [ 35.45408, 1.08439 ], [ 35.45408, 1.08453 ], [ 35.45405, 1.08466 ], [ 35.45403, 1.08479 ], [ 35.45391, 1.08498 ], [ 35.45385, 1.08507 ], [ 35.45382, 1.08518 ], [ 35.45378, 1.08525 ], [ 35.45377, 1.0853 ], [ 35.45372, 1.08537 ], [ 35.45369, 1.08545 ], [ 35.45365, 1.08553 ], [ 35.45344, 1.08591 ], [ 35.45339, 1.08603 ], [ 35.45331, 1.08624 ], [ 35.45326, 1.08634 ], [ 35.45322, 1.08652 ], [ 35.45316, 1.0867 ], [ 35.45315, 1.08684 ], [ 35.45315, 1.08693 ], [ 35.45315, 1.08703 ], [ 35.45315, 1.08719 ], [ 35.45312, 1.08733 ], [ 35.45312, 1.08751 ], [ 35.45303, 1.08789 ], [ 35.45299, 1.08801 ], [ 35.45295, 1.08814 ], [ 35.45293, 1.08825 ], [ 35.45292, 1.08837 ], [ 35.45292, 1.08847 ], [ 35.45288, 1.08856 ], [ 35.45288, 1.08875 ], [ 35.45287, 1.08908 ], [ 35.45287, 1.08916 ], [ 35.45286, 1.08924 ], [ 35.4528, 1.08933 ], [ 35.45279, 1.08948 ], [ 35.45274, 1.08965 ], [ 35.45269, 1.08981 ], [ 35.45268, 1.08994 ], [ 35.45267, 1.09004 ], [ 35.45263, 1.09015 ], [ 35.4526, 1.09024 ], [ 35.45246, 1.09053 ], [ 35.45244, 1.09073 ], [ 35.45228, 1.09094 ], [ 35.45225, 1.09108 ], [ 35.45183, 1.09151 ], [ 35.45179, 1.09152 ], [ 35.45172, 1.09158 ], [ 35.45168, 1.09164 ], [ 35.45164, 1.09172 ], [ 35.45162, 1.09176 ], [ 35.45143, 1.09205 ], [ 35.45135, 1.09214 ], [ 35.45124, 1.09222 ], [ 35.45114, 1.09234 ], [ 35.45102, 1.09245 ], [ 35.45097, 1.09253 ], [ 35.45092, 1.0926 ], [ 35.45086, 1.09265 ], [ 35.45082, 1.09273 ], [ 35.45077, 1.09279 ], [ 35.45073, 1.09285 ], [ 35.45071, 1.0929 ], [ 35.4507, 1.09297 ], [ 35.45068, 1.09302 ], [ 35.45066, 1.09305 ], [ 35.45062, 1.09314 ], [ 35.45062, 1.09316 ], [ 35.45037, 1.09352 ], [ 35.45025, 1.0937 ], [ 35.45024, 1.09374 ], [ 35.45014, 1.09381 ], [ 35.44997, 1.09394 ], [ 35.44991, 1.094 ], [ 35.44982, 1.09409 ], [ 35.44976, 1.09414 ], [ 35.4497, 1.09419 ], [ 35.44963, 1.09427 ], [ 35.4496, 1.09431 ], [ 35.44955, 1.09437 ], [ 35.44948, 1.09441 ], [ 35.44943, 1.09446 ], [ 35.44939, 1.09453 ], [ 35.44938, 1.09455 ], [ 35.44934, 1.0946 ], [ 35.44929, 1.0947 ], [ 35.44919, 1.09499 ], [ 35.44912, 1.09516 ], [ 35.44899, 1.09532 ], [ 35.44894, 1.09541 ], [ 35.44893, 1.09545 ], [ 35.44891, 1.09552 ], [ 35.4489, 1.09562 ], [ 35.44886, 1.0957 ], [ 35.4488, 1.09593 ], [ 35.44869, 1.09624 ], [ 35.44865, 1.09643 ], [ 35.44864, 1.09655 ], [ 35.44859, 1.09681 ], [ 35.44859, 1.09694 ], [ 35.44859, 1.09701 ], [ 35.44859, 1.09705 ], [ 35.4486, 1.09715 ], [ 35.44867, 1.09727 ], [ 35.44873, 1.09758 ], [ 35.44873, 1.0977 ], [ 35.44872, 1.09781 ], [ 35.44869, 1.09788 ], [ 35.44867, 1.09796 ], [ 35.44867, 1.098 ], [ 35.44867, 1.09806 ], [ 35.44867, 1.09817 ], [ 35.44867, 1.09824 ], [ 35.44865, 1.09831 ], [ 35.44866, 1.09836 ], [ 35.4487, 1.09845 ], [ 35.44875, 1.09858 ], [ 35.44877, 1.09866 ], [ 35.44877, 1.09873 ], [ 35.44876, 1.09888 ], [ 35.44873, 1.09893 ], [ 35.4487, 1.09898 ], [ 35.44869, 1.09902 ], [ 35.44867, 1.09909 ], [ 35.44867, 1.09915 ], [ 35.44867, 1.09921 ], [ 35.44867, 1.09929 ], [ 35.4487, 1.09935 ], [ 35.4487, 1.09942 ], [ 35.4487, 1.09949 ], [ 35.44871, 1.09957 ], [ 35.44873, 1.09963 ], [ 35.44876, 1.09972 ], [ 35.44886, 1.10021 ], [ 35.44887, 1.10027 ], [ 35.44888, 1.10035 ], [ 35.44893, 1.10045 ], [ 35.44894, 1.10053 ], [ 35.44899, 1.1007 ], [ 35.44902, 1.10078 ], [ 35.44907, 1.10086 ], [ 35.44909, 1.10096 ], [ 35.4491, 1.10102 ], [ 35.44916, 1.1011 ], [ 35.44924, 1.10151 ], [ 35.44924, 1.10163 ], [ 35.44926, 1.10174 ], [ 35.4493, 1.10181 ], [ 35.44935, 1.10186 ], [ 35.44939, 1.10193 ], [ 35.44943, 1.10197 ], [ 35.44945, 1.10201 ], [ 35.44945, 1.10208 ], [ 35.44946, 1.10215 ], [ 35.44946, 1.10228 ], [ 35.44947, 1.10296 ], [ 35.44947, 1.10304 ], [ 35.44943, 1.10318 ], [ 35.44937, 1.10327 ], [ 35.44932, 1.10338 ], [ 35.44923, 1.10342 ], [ 35.44916, 1.1035 ], [ 35.44908, 1.10356 ], [ 35.44902, 1.1036 ], [ 35.44898, 1.10365 ], [ 35.44895, 1.10371 ], [ 35.44892, 1.10376 ], [ 35.4489, 1.10383 ], [ 35.44889, 1.10389 ], [ 35.44889, 1.10394 ], [ 35.44889, 1.10398 ], [ 35.44892, 1.10405 ], [ 35.44892, 1.10412 ], [ 35.44892, 1.10418 ], [ 35.44893, 1.1043 ], [ 35.44893, 1.10436 ], [ 35.44893, 1.10442 ], [ 35.44893, 1.10447 ], [ 35.44893, 1.10454 ], [ 35.44897, 1.10464 ], [ 35.44901, 1.10484 ], [ 35.44903, 1.10494 ], [ 35.44902, 1.10506 ], [ 35.44897, 1.10522 ], [ 35.44893, 1.10544 ], [ 35.44885, 1.1056 ], [ 35.44882, 1.10569 ], [ 35.44874, 1.10593 ], [ 35.44872, 1.10601 ], [ 35.44874, 1.10613 ], [ 35.44874, 1.1062 ], [ 35.4488, 1.10628 ], [ 35.44881, 1.10649 ], [ 35.44881, 1.10658 ], [ 35.44881, 1.10669 ], [ 35.44881, 1.10679 ], [ 35.44881, 1.10688 ], [ 35.44881, 1.10695 ], [ 35.44881, 1.107 ], [ 35.44881, 1.10708 ], [ 35.44883, 1.10713 ], [ 35.44884, 1.10788 ], [ 35.44884, 1.10795 ], [ 35.4489, 1.10805 ], [ 35.44893, 1.10816 ], [ 35.44897, 1.10824 ], [ 35.44897, 1.10834 ], [ 35.44905, 1.10854 ], [ 35.44913, 1.10882 ], [ 35.44914, 1.10891 ], [ 35.44919, 1.109 ], [ 35.44924, 1.1091 ], [ 35.44929, 1.10919 ], [ 35.44931, 1.10928 ], [ 35.44933, 1.10932 ], [ 35.4494, 1.10949 ], [ 35.44941, 1.10958 ], [ 35.44947, 1.1102 ], [ 35.44949, 1.11031 ], [ 35.44949, 1.11038 ], [ 35.44948, 1.11047 ], [ 35.44948, 1.11053 ], [ 35.44945, 1.11064 ], [ 35.44945, 1.11067 ], [ 35.44935, 1.11099 ], [ 35.44934, 1.11105 ], [ 35.44934, 1.11111 ], [ 35.44939, 1.11119 ], [ 35.44942, 1.11131 ], [ 35.44946, 1.11153 ], [ 35.44955, 1.11167 ], [ 35.44955, 1.11174 ], [ 35.44955, 1.11182 ], [ 35.44955, 1.11188 ], [ 35.44953, 1.11192 ], [ 35.44953, 1.11195 ], [ 35.44939, 1.11223 ], [ 35.44938, 1.1124 ], [ 35.44926, 1.11257 ], [ 35.44926, 1.11275 ], [ 35.44921, 1.11291 ], [ 35.44915, 1.11298 ], [ 35.44907, 1.11333 ], [ 35.44906, 1.11375 ], [ 35.449, 1.11391 ], [ 35.449, 1.11403 ], [ 35.44901, 1.11411 ], [ 35.44904, 1.11423 ], [ 35.44907, 1.11432 ], [ 35.44907, 1.1144 ], [ 35.44908, 1.11452 ], [ 35.44914, 1.11488 ], [ 35.44919, 1.11503 ], [ 35.44923, 1.11515 ], [ 35.4493, 1.11526 ], [ 35.44939, 1.11539 ], [ 35.44953, 1.11567 ], [ 35.44959, 1.11581 ], [ 35.44967, 1.11597 ], [ 35.44972, 1.11604 ], [ 35.44974, 1.11622 ], [ 35.44979, 1.1163 ], [ 35.44982, 1.11636 ], [ 35.44984, 1.11644 ], [ 35.44993, 1.11654 ], [ 35.45, 1.11666 ], [ 35.45007, 1.11676 ], [ 35.45035, 1.11711 ], [ 35.45057, 1.11763 ], [ 35.45063, 1.11779 ], [ 35.45063, 1.11794 ], [ 35.45057, 1.11836 ], [ 35.45051, 1.11845 ], [ 35.45039, 1.11853 ], [ 35.45031, 1.11864 ], [ 35.45021, 1.11873 ], [ 35.45017, 1.11881 ], [ 35.45011, 1.11889 ], [ 35.45, 1.119 ], [ 35.44996, 1.11912 ], [ 35.44994, 1.11919 ], [ 35.44991, 1.11927 ], [ 35.44989, 1.11938 ], [ 35.44985, 1.11946 ], [ 35.44985, 1.11955 ], [ 35.44981, 1.11963 ], [ 35.44978, 1.11972 ], [ 35.44972, 1.11979 ], [ 35.44963, 1.11988 ], [ 35.44952, 1.12 ], [ 35.4495, 1.12005 ], [ 35.44945, 1.12015 ], [ 35.44938, 1.12022 ], [ 35.44914, 1.12073 ], [ 35.44908, 1.12089 ], [ 35.44903, 1.121 ], [ 35.44896, 1.12114 ], [ 35.44882, 1.12125 ], [ 35.44877, 1.12135 ], [ 35.44866, 1.12151 ], [ 35.44842, 1.12196 ], [ 35.4484, 1.12208 ], [ 35.44837, 1.12224 ], [ 35.4483, 1.12239 ], [ 35.4482, 1.12283 ], [ 35.44818, 1.12314 ], [ 35.44818, 1.12411 ], [ 35.44921, 1.12678 ], [ 35.44966, 1.12781 ], [ 35.44957, 1.12929 ], [ 35.44961, 1.13172 ], [ 35.44939, 1.13365 ], [ 35.44858, 1.13562 ], [ 35.44737, 1.13822 ], [ 35.44612, 1.1406 ], [ 35.44522, 1.14217 ], [ 35.44432, 1.14396 ], [ 35.44311, 1.14576 ], [ 35.44217, 1.14742 ], [ 35.44114, 1.14876 ], [ 35.43979, 1.15096 ], [ 35.43835, 1.15329 ], [ 35.43737, 1.155 ], [ 35.43647, 1.15661 ], [ 35.43539, 1.15818 ], [ 35.43459, 1.15989 ], [ 35.43387, 1.16146 ], [ 35.4331, 1.16334 ], [ 35.43239, 1.16572 ], [ 35.43077, 1.17021 ], [ 35.42996, 1.17142 ], [ 35.42911, 1.17258 ], [ 35.42835, 1.17384 ], [ 35.42772, 1.17492 ], [ 35.427, 1.17604 ], [ 35.42633, 1.17747 ], [ 35.4257, 1.17882 ], [ 35.42552, 1.17972 ], [ 35.4253, 1.18111 ], [ 35.42503, 1.18331 ], [ 35.42472, 1.18447 ], [ 35.42414, 1.18543 ], [ 35.42704, 1.18781 ], [ 35.4341, 1.19362 ], [ 35.43656, 1.19593 ], [ 35.43675, 1.19611 ], [ 35.43761, 1.19683 ], [ 35.43887, 1.1979 ], [ 35.44107, 1.19984 ], [ 35.44141, 1.20014 ], [ 35.44286, 1.20141 ], [ 35.44522, 1.20328 ], [ 35.44754, 1.20524 ], [ 35.44948, 1.20678 ], [ 35.45347, 1.20995 ], [ 35.45956, 1.21502 ], [ 35.45979, 1.21522 ], [ 35.47161, 1.22514 ], [ 35.4778, 1.23032 ], [ 35.48321, 1.23485 ], [ 35.4843, 1.23577 ], [ 35.48628, 1.23722 ], [ 35.48862, 1.23936 ], [ 35.48977, 1.24041 ], [ 35.49461, 1.24428 ], [ 35.49766, 1.24685 ], [ 35.50109, 1.2498 ], [ 35.50235, 1.25091 ], [ 35.50388, 1.25228 ], [ 35.50583, 1.25401 ], [ 35.50752, 1.25525 ], [ 35.51008, 1.25713 ], [ 35.51148, 1.25812 ], [ 35.51155, 1.25819 ], [ 35.51157, 1.25821 ], [ 35.51604, 1.26172 ], [ 35.51793, 1.26321 ], [ 35.52242, 1.26674 ], [ 35.53265, 1.27478 ], [ 35.53403, 1.27567 ], [ 35.53742, 1.27846 ], [ 35.53937, 1.28003 ], [ 35.54127, 1.28155 ], [ 35.54127, 1.28155 ], [ 35.54273, 1.28262 ], [ 35.54365, 1.28341 ], [ 35.54368, 1.28342 ], [ 35.54416, 1.28365 ], [ 35.54453, 1.28392 ], [ 35.5449, 1.28402 ], [ 35.54531, 1.28412 ], [ 35.54646, 1.28407 ], [ 35.54674, 1.28409 ], [ 35.54787, 1.28414 ], [ 35.54857, 1.28411 ], [ 35.5488, 1.2841 ], [ 35.55001, 1.28405 ], [ 35.55094, 1.28407 ], [ 35.55493, 1.28375 ], [ 35.55619, 1.28373 ], [ 35.55639, 1.28373 ], [ 35.55783, 1.28366 ], [ 35.5586, 1.28374 ], [ 35.55897, 1.2836 ], [ 35.55904, 1.2836 ], [ 35.55929, 1.28366 ], [ 35.55944, 1.28374 ], [ 35.55947, 1.28377 ], [ 35.5596, 1.28389 ], [ 35.55972, 1.284 ], [ 35.55973, 1.28402 ], [ 35.5598, 1.28418 ] ] ] } },
{ "type": "Feature", "properties": { "entity_id": 81, "p_entity": 6, "name": "Marakwet West Sub County" }, "geometry": { "type": "Polygon", "coordinates": [ [ [ 35.42414, 1.18543 ], [ 35.42472, 1.18447 ], [ 35.42503, 1.18331 ], [ 35.4253, 1.18111 ], [ 35.42552, 1.17972 ], [ 35.4257, 1.17882 ], [ 35.42633, 1.17747 ], [ 35.427, 1.17604 ], [ 35.42772, 1.17492 ], [ 35.42835, 1.17384 ], [ 35.42911, 1.17258 ], [ 35.42996, 1.17142 ], [ 35.43077, 1.17021 ], [ 35.43239, 1.16572 ], [ 35.4331, 1.16334 ], [ 35.43387, 1.16146 ], [ 35.43459, 1.15989 ], [ 35.43539, 1.15818 ], [ 35.43647, 1.15661 ], [ 35.43737, 1.155 ], [ 35.43835, 1.15329 ], [ 35.43979, 1.15096 ], [ 35.44114, 1.14876 ], [ 35.44217, 1.14742 ], [ 35.44311, 1.14576 ], [ 35.44432, 1.14396 ], [ 35.44522, 1.14217 ], [ 35.44612, 1.1406 ], [ 35.44737, 1.13822 ], [ 35.44858, 1.13562 ], [ 35.44939, 1.13365 ], [ 35.44961, 1.13172 ], [ 35.44957, 1.12929 ], [ 35.44966, 1.12781 ], [ 35.44921, 1.12678 ], [ 35.44818, 1.12411 ], [ 35.44818, 1.12314 ], [ 35.4482, 1.12283 ], [ 35.4483, 1.12239 ], [ 35.44837, 1.12224 ], [ 35.4484, 1.12208 ], [ 35.44842, 1.12196 ], [ 35.44866, 1.12151 ], [ 35.44877, 1.12135 ], [ 35.44882, 1.12125 ], [ 35.44896, 1.12114 ], [ 35.44903, 1.121 ], [ 35.44908, 1.12089 ], [ 35.44914, 1.12073 ], [ 35.44938, 1.12022 ], [ 35.44945, 1.12015 ], [ 35.4495, 1.12005 ], [ 35.44952, 1.12 ], [ 35.44963, 1.11988 ], [ 35.44972, 1.11979 ], [ 35.44978, 1.11972 ], [ 35.44981, 1.11963 ], [ 35.44985, 1.11955 ], [ 35.44985, 1.11946 ], [ 35.44989, 1.11938 ], [ 35.44991, 1.11927 ], [ 35.44994, 1.11919 ], [ 35.44996, 1.11912 ], [ 35.45, 1.119 ], [ 35.45011, 1.11889 ], [ 35.45017, 1.11881 ], [ 35.45021, 1.11873 ], [ 35.45031, 1.11864 ], [ 35.45039, 1.11853 ], [ 35.45051, 1.11845 ], [ 35.45057, 1.11836 ], [ 35.45063, 1.11794 ], [ 35.45063, 1.11779 ], [ 35.45057, 1.11763 ], [ 35.45035, 1.11711 ], [ 35.45007, 1.11676 ], [ 35.45, 1.11666 ], [ 35.44993, 1.11654 ], [ 35.44984, 1.11644 ], [ 35.44982, 1.11636 ], [ 35.44979, 1.1163 ], [ 35.44974, 1.11622 ], [ 35.44972, 1.11604 ], [ 35.44967, 1.11597 ], [ 35.44959, 1.11581 ], [ 35.44953, 1.11567 ], [ 35.44939, 1.11539 ], [ 35.4493, 1.11526 ], [ 35.44923, 1.11515 ], [ 35.44919, 1.11503 ], [ 35.44914, 1.11488 ], [ 35.44908, 1.11452 ], [ 35.44907, 1.1144 ], [ 35.44907, 1.11432 ], [ 35.44904, 1.11423 ], [ 35.44901, 1.11411 ], [ 35.449, 1.11403 ], [ 35.449, 1.11391 ], [ 35.44906, 1.11375 ], [ 35.44907, 1.11333 ], [ 35.44915, 1.11298 ], [ 35.44921, 1.11291 ], [ 35.44926, 1.11275 ], [ 35.44926, 1.11257 ], [ 35.44938, 1.1124 ], [ 35.44939, 1.11223 ], [ 35.44953, 1.11195 ], [ 35.44953, 1.11192 ], [ 35.44955, 1.11188 ], [ 35.44955, 1.11182 ], [ 35.44955, 1.11174 ], [ 35.44955, 1.11167 ], [ 35.44946, 1.11153 ], [ 35.44942, 1.11131 ], [ 35.44939, 1.11119 ], [ 35.44934, 1.11111 ], [ 35.44934, 1.11105 ], [ 35.44935, 1.11099 ], [ 35.44945, 1.11067 ], [ 35.44945, 1.11064 ], [ 35.44948, 1.11053 ], [ 35.44948, 1.11047 ], [ 35.44949, 1.11038 ], [ 35.44949, 1.11031 ], [ 35.44947, 1.1102 ], [ 35.44941, 1.10958 ], [ 35.4494, 1.10949 ], [ 35.44933, 1.10932 ], [ 35.44931, 1.10928 ], [ 35.44929, 1.10919 ], [ 35.44924, 1.1091 ], [ 35.44919, 1.109 ], [ 35.44914, 1.10891 ], [ 35.44913, 1.10882 ], [ 35.44905, 1.10854 ], [ 35.44897, 1.10834 ], [ 35.44897, 1.10824 ], [ 35.44893, 1.10816 ], [ 35.4489, 1.10805 ], [ 35.44884, 1.10795 ], [ 35.44884, 1.10788 ], [ 35.44883, 1.10713 ], [ 35.44881, 1.10708 ], [ 35.44881, 1.107 ], [ 35.44881, 1.10695 ], [ 35.44881, 1.10688 ], [ 35.44881, 1.10679 ], [ 35.44881, 1.10669 ], [ 35.44881, 1.10658 ], [ 35.44881, 1.10649 ], [ 35.4488, 1.10628 ], [ 35.44874, 1.1062 ], [ 35.44874, 1.10613 ], [ 35.44872, 1.10601 ], [ 35.44874, 1.10593 ], [ 35.44882, 1.10569 ], [ 35.44885, 1.1056 ], [ 35.44893, 1.10544 ], [ 35.44897, 1.10522 ], [ 35.44902, 1.10506 ], [ 35.44903, 1.10494 ], [ 35.44901, 1.10484 ], [ 35.44897, 1.10464 ], [ 35.44893, 1.10454 ], [ 35.44893, 1.10447 ], [ 35.44893, 1.10442 ], [ 35.44893, 1.10436 ], [ 35.44893, 1.1043 ], [ 35.44892, 1.10418 ], [ 35.44892, 1.10412 ], [ 35.44892, 1.10405 ], [ 35.44889, 1.10398 ], [ 35.44889, 1.10394 ], [ 35.44889, 1.10389 ], [ 35.4489, 1.10383 ], [ 35.44892, 1.10376 ], [ 35.44895, 1.10371 ], [ 35.44898, 1.10365 ], [ 35.44902, 1.1036 ], [ 35.44908, 1.10356 ], [ 35.44916, 1.1035 ], [ 35.44923, 1.10342 ], [ 35.44932, 1.10338 ], [ 35.44937, 1.10327 ], [ 35.44943, 1.10318 ], [ 35.44947, 1.10304 ], [ 35.44947, 1.10296 ], [ 35.44946, 1.10228 ], [ 35.44946, 1.10215 ], [ 35.44945, 1.10208 ], [ 35.44945, 1.10201 ], [ 35.44943, 1.10197 ], [ 35.44939, 1.10193 ], [ 35.44935, 1.10186 ], [ 35.4493, 1.10181 ], [ 35.44926, 1.10174 ], [ 35.44924, 1.10163 ], [ 35.44924, 1.10151 ], [ 35.44916, 1.1011 ], [ 35.4491, 1.10102 ], [ 35.44909, 1.10096 ], [ 35.44907, 1.10086 ], [ 35.44902, 1.10078 ], [ 35.44899, 1.1007 ], [ 35.44894, 1.10053 ], [ 35.44893, 1.10045 ], [ 35.44888, 1.10035 ], [ 35.44887, 1.10027 ], [ 35.44886, 1.10021 ], [ 35.44876, 1.09972 ], [ 35.44873, 1.09963 ], [ 35.44871, 1.09957 ], [ 35.4487, 1.09949 ], [ 35.4487, 1.09942 ], [ 35.4487, 1.09935 ], [ 35.44867, 1.09929 ], [ 35.44867, 1.09921 ], [ 35.44867, 1.09915 ], [ 35.44867, 1.09909 ], [ 35.44869, 1.09902 ], [ 35.4487, 1.09898 ], [ 35.44873, 1.09893 ], [ 35.44876, 1.09888 ], [ 35.44877, 1.09873 ], [ 35.44877, 1.09866 ], [ 35.44875, 1.09858 ], [ 35.4487, 1.09845 ], [ 35.44866, 1.09836 ], [ 35.44865, 1.09831 ], [ 35.44867, 1.09824 ], [ 35.44867, 1.09817 ], [ 35.44867, 1.09806 ], [ 35.44867, 1.098 ], [ 35.44867, 1.09796 ], [ 35.44869, 1.09788 ], [ 35.44872, 1.09781 ], [ 35.44873, 1.0977 ], [ 35.44873, 1.09758 ], [ 35.44867, 1.09727 ], [ 35.4486, 1.09715 ], [ 35.44859, 1.09705 ], [ 35.44859, 1.09701 ], [ 35.44859, 1.09694 ], [ 35.44859, 1.09681 ], [ 35.44864, 1.09655 ], [ 35.44865, 1.09643 ], [ 35.44869, 1.09624 ], [ 35.4488, 1.09593 ], [ 35.44886, 1.0957 ], [ 35.4489, 1.09562 ], [ 35.44891, 1.09552 ], [ 35.44893, 1.09545 ], [ 35.44894, 1.09541 ], [ 35.44899, 1.09532 ], [ 35.44912, 1.09516 ], [ 35.44919, 1.09499 ], [ 35.44929, 1.0947 ], [ 35.44934, 1.0946 ], [ 35.44938, 1.09455 ], [ 35.44939, 1.09453 ], [ 35.44943, 1.09446 ], [ 35.44948, 1.09441 ], [ 35.44955, 1.09437 ], [ 35.4496, 1.09431 ], [ 35.44963, 1.09427 ], [ 35.4497, 1.09419 ], [ 35.44976, 1.09414 ], [ 35.44982, 1.09409 ], [ 35.44991, 1.094 ], [ 35.44997, 1.09394 ], [ 35.45014, 1.09381 ], [ 35.45024, 1.09374 ], [ 35.45025, 1.0937 ], [ 35.45037, 1.09352 ], [ 35.45062, 1.09316 ], [ 35.45062, 1.09314 ], [ 35.45066, 1.09305 ], [ 35.45068, 1.09302 ], [ 35.4507, 1.09297 ], [ 35.45071, 1.0929 ], [ 35.45073, 1.09285 ], [ 35.45077, 1.09279 ], [ 35.45082, 1.09273 ], [ 35.45086, 1.09265 ], [ 35.45092, 1.0926 ], [ 35.45097, 1.09253 ], [ 35.45102, 1.09245 ], [ 35.45114, 1.09234 ], [ 35.45124, 1.09222 ], [ 35.45135, 1.09214 ], [ 35.45143, 1.09205 ], [ 35.45162, 1.09176 ], [ 35.45164, 1.09172 ], [ 35.45168, 1.09164 ], [ 35.45172, 1.09158 ], [ 35.45179, 1.09152 ], [ 35.45183, 1.09151 ], [ 35.45225, 1.09108 ], [ 35.45228, 1.09094 ], [ 35.45244, 1.09073 ], [ 35.45246, 1.09053 ], [ 35.4526, 1.09024 ], [ 35.45263, 1.09015 ], [ 35.45267, 1.09004 ], [ 35.45268, 1.08994 ], [ 35.45269, 1.08981 ], [ 35.45274, 1.08965 ], [ 35.45279, 1.08948 ], [ 35.4528, 1.08933 ], [ 35.45286, 1.08924 ], [ 35.45287, 1.08916 ], [ 35.45287, 1.08908 ], [ 35.45288, 1.08875 ], [ 35.45288, 1.08856 ], [ 35.45292, 1.08847 ], [ 35.45292, 1.08837 ], [ 35.45293, 1.08825 ], [ 35.45295, 1.08814 ], [ 35.45299, 1.08801 ], [ 35.45303, 1.08789 ], [ 35.45312, 1.08751 ], [ 35.45312, 1.08733 ], [ 35.45315, 1.08719 ], [ 35.45315, 1.08703 ], [ 35.45315, 1.08693 ], [ 35.45315, 1.08684 ], [ 35.45316, 1.0867 ], [ 35.45322, 1.08652 ], [ 35.45326, 1.08634 ], [ 35.45331, 1.08624 ], [ 35.45339, 1.08603 ], [ 35.45344, 1.08591 ], [ 35.45365, 1.08553 ], [ 35.45369, 1.08545 ], [ 35.45372, 1.08537 ], [ 35.45377, 1.0853 ], [ 35.45378, 1.08525 ], [ 35.45382, 1.08518 ], [ 35.45385, 1.08507 ], [ 35.45391, 1.08498 ], [ 35.45403, 1.08479 ], [ 35.45405, 1.08466 ], [ 35.45408, 1.08453 ], [ 35.45408, 1.08439 ], [ 35.45413, 1.08414 ], [ 35.45416, 1.084 ], [ 35.45416, 1.08384 ], [ 35.45416, 1.08367 ], [ 35.45421, 1.08348 ], [ 35.45426, 1.08337 ], [ 35.45432, 1.08307 ], [ 35.45435, 1.08296 ], [ 35.45439, 1.08283 ], [ 35.45441, 1.08276 ], [ 35.45442, 1.08262 ], [ 35.45451, 1.08239 ], [ 35.45451, 1.08229 ], [ 35.45453, 1.08217 ], [ 35.45459, 1.08201 ], [ 35.45462, 1.08188 ], [ 35.45465, 1.08154 ], [ 35.45465, 1.08134 ], [ 35.45467, 1.08123 ], [ 35.45467, 1.08111 ], [ 35.45467, 1.08097 ], [ 35.45467, 1.08085 ], [ 35.45466, 1.08074 ], [ 35.45461, 1.08064 ], [ 35.45451, 1.08044 ], [ 35.45449, 1.08037 ], [ 35.45444, 1.08027 ], [ 35.45444, 1.08017 ], [ 35.45444, 1.08003 ], [ 35.45437, 1.07989 ], [ 35.4541, 1.07976 ], [ 35.45365, 1.07971 ], [ 35.45335, 1.07976 ], [ 35.45313, 1.07976 ], [ 35.45285, 1.07979 ], [ 35.45261, 1.07979 ], [ 35.45233, 1.07976 ], [ 35.45223, 1.07989 ], [ 35.45193, 1.08006 ], [ 35.45161, 1.08013 ], [ 35.45124, 1.08016 ], [ 35.45094, 1.08016 ], [ 35.45032, 1.08028 ], [ 35.45009, 1.08038 ], [ 35.44989, 1.08046 ], [ 35.44955, 1.08026 ], [ 35.44907, 1.08013 ], [ 35.44862, 1.08013 ], [ 35.44838, 1.08008 ], [ 35.44798, 1.07996 ], [ 35.4477, 1.07966 ], [ 35.44745, 1.07941 ], [ 35.44711, 1.07904 ], [ 35.44701, 1.07882 ], [ 35.44688, 1.07864 ], [ 35.44673, 1.07849 ], [ 35.44655, 1.07852 ], [ 35.4464, 1.0786 ], [ 35.44626, 1.07864 ], [ 35.44584, 1.07798 ], [ 35.44512, 1.07685 ], [ 35.44496, 1.07457 ], [ 35.44528, 1.07285 ], [ 35.44602, 1.0664 ], [ 35.44716, 1.0633 ], [ 35.4476, 1.06196 ], [ 35.44789, 1.06124 ], [ 35.44782, 1.06098 ], [ 35.44768, 1.06084 ], [ 35.44752, 1.06074 ], [ 35.44745, 1.06057 ], [ 35.44749, 1.06032 ], [ 35.44761, 1.05991 ], [ 35.44782, 1.05956 ], [ 35.44785, 1.05933 ], [ 35.44789, 1.05914 ], [ 35.44789, 1.05893 ], [ 35.44789, 1.05878 ], [ 35.44791, 1.05857 ], [ 35.44804, 1.05828 ], [ 35.44809, 1.05802 ], [ 35.4481, 1.05796 ], [ 35.44808, 1.05782 ], [ 35.44808, 1.05765 ], [ 35.44796, 1.05739 ], [ 35.44796, 1.0572 ], [ 35.44796, 1.05704 ], [ 35.44787, 1.05685 ], [ 35.44761, 1.05657 ], [ 35.44737, 1.05628 ], [ 35.4473, 1.05609 ], [ 35.4473, 1.05581 ], [ 35.4473, 1.0555 ], [ 35.4473, 1.05524 ], [ 35.4473, 1.05501 ], [ 35.44733, 1.05482 ], [ 35.44733, 1.05467 ], [ 35.44721, 1.05449 ], [ 35.44721, 1.05434 ], [ 35.44712, 1.05399 ], [ 35.44712, 1.05366 ], [ 35.44712, 1.0534 ], [ 35.44711, 1.05314 ], [ 35.44723, 1.05192 ], [ 35.44723, 1.05159 ], [ 35.44723, 1.05133 ], [ 35.44718, 1.05102 ], [ 35.44714, 1.05074 ], [ 35.44711, 1.05055 ], [ 35.44699, 1.05038 ], [ 35.44681, 1.0501 ], [ 35.44678, 1.04995 ], [ 35.44673, 1.04967 ], [ 35.44671, 1.04936 ], [ 35.44671, 1.04904 ], [ 35.4468, 1.0488 ], [ 35.44683, 1.04863 ], [ 35.44683, 1.04845 ], [ 35.44686, 1.04828 ], [ 35.44692, 1.04816 ], [ 35.44711, 1.048 ], [ 35.44723, 1.04779 ], [ 35.44752, 1.04752 ], [ 35.44758, 1.04732 ], [ 35.44768, 1.047 ], [ 35.44784, 1.04674 ], [ 35.44799, 1.04651 ], [ 35.4481, 1.04632 ], [ 35.4481, 1.04615 ], [ 35.44808, 1.04592 ], [ 35.44804, 1.0451 ], [ 35.44815, 1.04491 ], [ 35.4482, 1.04467 ], [ 35.44825, 1.04448 ], [ 35.44836, 1.04432 ], [ 35.44844, 1.04418 ], [ 35.44855, 1.04392 ], [ 35.4486, 1.04373 ], [ 35.4487, 1.04346 ], [ 35.44872, 1.0433 ], [ 35.44881, 1.04309 ], [ 35.44891, 1.04288 ], [ 35.449, 1.04271 ], [ 35.44924, 1.04245 ], [ 35.4494, 1.04228 ], [ 35.44947, 1.04215 ], [ 35.44955, 1.04208 ], [ 35.44968, 1.04202 ], [ 35.4498, 1.042 ], [ 35.44992, 1.04189 ], [ 35.45006, 1.04163 ], [ 35.45016, 1.04141 ], [ 35.45028, 1.0412 ], [ 35.45044, 1.04106 ], [ 35.45058, 1.04103 ], [ 35.45068, 1.04097 ], [ 35.45072, 1.04066 ], [ 35.45072, 1.04047 ], [ 35.45096, 1.04024 ], [ 35.45106, 1.04014 ], [ 35.45115, 1.03998 ], [ 35.45141, 1.03969 ], [ 35.45172, 1.03943 ], [ 35.45183, 1.03933 ], [ 35.452, 1.03915 ], [ 35.45216, 1.03901 ], [ 35.45235, 1.03893 ], [ 35.45259, 1.0387 ], [ 35.45268, 1.03858 ], [ 35.45285, 1.03839 ], [ 35.45316, 1.03814 ], [ 35.4533, 1.03799 ], [ 35.4537, 1.03761 ], [ 35.45389, 1.0374 ], [ 35.45407, 1.03716 ], [ 35.45426, 1.03695 ], [ 35.45428, 1.03672 ], [ 35.45435, 1.03665 ], [ 35.45445, 1.0368 ], [ 35.45435, 1.03665 ], [ 35.45455, 1.03648 ], [ 35.4549, 1.03648 ], [ 35.45519, 1.03646 ], [ 35.45544, 1.03641 ], [ 35.45587, 1.03644 ], [ 35.45617, 1.03644 ], [ 35.45643, 1.03643 ], [ 35.45669, 1.03644 ], [ 35.45686, 1.03648 ], [ 35.45712, 1.03658 ], [ 35.45721, 1.03672 ], [ 35.45735, 1.03679 ], [ 35.45752, 1.03676 ], [ 35.45771, 1.03674 ], [ 35.45792, 1.03674 ], [ 35.45811, 1.03674 ], [ 35.45846, 1.03683 ], [ 35.45858, 1.03686 ], [ 35.45881, 1.03695 ], [ 35.45896, 1.03703 ], [ 35.4592, 1.03709 ], [ 35.45936, 1.03721 ], [ 35.45953, 1.03728 ], [ 35.45966, 1.03733 ], [ 35.45988, 1.03742 ], [ 35.46016, 1.03742 ], [ 35.46032, 1.03747 ], [ 35.46054, 1.03749 ], [ 35.46103, 1.03749 ], [ 35.46124, 1.03749 ], [ 35.46165, 1.03743 ], [ 35.46191, 1.03736 ], [ 35.46229, 1.03733 ], [ 35.46255, 1.03733 ], [ 35.46275, 1.03729 ], [ 35.46294, 1.03729 ], [ 35.46306, 1.03726 ], [ 35.46325, 1.03716 ], [ 35.46351, 1.03705 ], [ 35.46363, 1.03702 ], [ 35.46393, 1.03688 ], [ 35.46419, 1.03674 ], [ 35.46467, 1.03625 ], [ 35.46486, 1.03604 ], [ 35.46511, 1.03591 ], [ 35.46521, 1.0358 ], [ 35.46578, 1.03513 ], [ 35.46632, 1.03481 ], [ 35.46655, 1.03457 ], [ 35.46667, 1.03445 ], [ 35.46677, 1.03435 ], [ 35.46698, 1.03419 ], [ 35.46731, 1.034 ], [ 35.46743, 1.03395 ], [ 35.46796, 1.03377 ], [ 35.46794, 1.03373 ], [ 35.46798, 1.0332 ], [ 35.4681, 1.03265 ], [ 35.4681, 1.03258 ], [ 35.4681, 1.03253 ], [ 35.4681, 1.03246 ], [ 35.4681, 1.0324 ], [ 35.4681, 1.03233 ], [ 35.4681, 1.03224 ], [ 35.4681, 1.03215 ], [ 35.4681, 1.03192 ], [ 35.46807, 1.03183 ], [ 35.468, 1.03174 ], [ 35.46794, 1.03164 ], [ 35.46775, 1.03151 ], [ 35.46757, 1.03134 ], [ 35.46733, 1.03091 ], [ 35.46715, 1.03065 ], [ 35.46706, 1.0305 ], [ 35.46698, 1.0304 ], [ 35.46694, 1.03032 ], [ 35.46694, 1.03021 ], [ 35.4669, 1.0301 ], [ 35.46688, 1.02998 ], [ 35.46687, 1.02979 ], [ 35.46687, 1.0296 ], [ 35.46685, 1.0294 ], [ 35.46683, 1.02919 ], [ 35.46689, 1.02884 ], [ 35.46693, 1.02872 ], [ 35.46694, 1.02862 ], [ 35.467, 1.02855 ], [ 35.46705, 1.02851 ], [ 35.46709, 1.02846 ], [ 35.4672, 1.02833 ], [ 35.46725, 1.02822 ], [ 35.4673, 1.02812 ], [ 35.46733, 1.02801 ], [ 35.46743, 1.02785 ], [ 35.46757, 1.02762 ], [ 35.46766, 1.02743 ], [ 35.46791, 1.02719 ], [ 35.46801, 1.02704 ], [ 35.46822, 1.02685 ], [ 35.4685, 1.02675 ], [ 35.46872, 1.02673 ], [ 35.46881, 1.02673 ], [ 35.46887, 1.0267 ], [ 35.46903, 1.02658 ], [ 35.46908, 1.02645 ], [ 35.46924, 1.02632 ], [ 35.46932, 1.02619 ], [ 35.46943, 1.02609 ], [ 35.46955, 1.02606 ], [ 35.46963, 1.02597 ], [ 35.46978, 1.02586 ], [ 35.47012, 1.02561 ], [ 35.47064, 1.02534 ], [ 35.47095, 1.02522 ], [ 35.47129, 1.02506 ], [ 35.47154, 1.0249 ], [ 35.47185, 1.02476 ], [ 35.47198, 1.02471 ], [ 35.47214, 1.02466 ], [ 35.47226, 1.02461 ], [ 35.47241, 1.02459 ], [ 35.47258, 1.02456 ], [ 35.47278, 1.02456 ], [ 35.47294, 1.02456 ], [ 35.47319, 1.02454 ], [ 35.4734, 1.02455 ], [ 35.47355, 1.02456 ], [ 35.4738, 1.0246 ], [ 35.47398, 1.02466 ], [ 35.47429, 1.02471 ], [ 35.47452, 1.02479 ], [ 35.47462, 1.02494 ], [ 35.47478, 1.02502 ], [ 35.47494, 1.02501 ], [ 35.47525, 1.02501 ], [ 35.47543, 1.02501 ], [ 35.47559, 1.02501 ], [ 35.47571, 1.02501 ], [ 35.4758, 1.02501 ], [ 35.47597, 1.02491 ], [ 35.476, 1.02488 ], [ 35.47603, 1.02481 ], [ 35.47615, 1.02471 ], [ 35.47617, 1.02463 ], [ 35.4762, 1.02445 ], [ 35.4762, 1.0243 ], [ 35.4762, 1.02409 ], [ 35.47615, 1.02404 ], [ 35.47617, 1.02364 ], [ 35.47618, 1.02341 ], [ 35.47627, 1.02303 ], [ 35.47631, 1.02288 ], [ 35.47659, 1.02227 ], [ 35.47664, 1.02197 ], [ 35.47664, 1.02182 ], [ 35.47659, 1.02162 ], [ 35.47652, 1.02155 ], [ 35.47647, 1.02142 ], [ 35.4765, 1.02125 ], [ 35.47657, 1.02115 ], [ 35.47687, 1.0209 ], [ 35.47699, 1.02075 ], [ 35.47702, 1.02063 ], [ 35.47702, 1.0205 ], [ 35.47694, 1.02028 ], [ 35.47684, 1.02003 ], [ 35.47659, 1.01954 ], [ 35.47636, 1.01926 ], [ 35.4763, 1.01895 ], [ 35.47617, 1.01878 ], [ 35.47599, 1.01862 ], [ 35.47596, 1.01846 ], [ 35.47587, 1.01837 ], [ 35.47584, 1.01828 ], [ 35.47579, 1.01821 ], [ 35.47577, 1.01813 ], [ 35.47575, 1.01802 ], [ 35.47567, 1.01787 ], [ 35.47566, 1.01773 ], [ 35.47561, 1.0175 ], [ 35.47561, 1.01729 ], [ 35.47561, 1.01716 ], [ 35.47561, 1.01706 ], [ 35.47561, 1.01691 ], [ 35.47561, 1.01684 ], [ 35.47559, 1.01675 ], [ 35.4755, 1.01666 ], [ 35.47538, 1.01647 ], [ 35.47538, 1.01639 ], [ 35.47557, 1.01615 ], [ 35.47557, 1.0161 ], [ 35.4756, 1.01603 ], [ 35.47574, 1.01591 ], [ 35.47575, 1.01579 ], [ 35.47579, 1.01564 ], [ 35.47579, 1.01553 ], [ 35.47575, 1.01541 ], [ 35.47571, 1.01526 ], [ 35.47564, 1.01508 ], [ 35.47564, 1.01485 ], [ 35.47562, 1.01467 ], [ 35.47561, 1.01451 ], [ 35.47562, 1.01426 ], [ 35.47562, 1.01409 ], [ 35.47562, 1.01396 ], [ 35.47565, 1.01373 ], [ 35.4757, 1.01291 ], [ 35.4756, 1.01231 ], [ 35.47555, 1.01196 ], [ 35.47552, 1.01156 ], [ 35.47538, 1.01127 ], [ 35.47533, 1.01025 ], [ 35.4753, 1.00975 ], [ 35.4753, 1.00935 ], [ 35.47528, 1.0091 ], [ 35.47528, 1.00893 ], [ 35.47529, 1.00862 ], [ 35.47533, 1.00843 ], [ 35.47543, 1.00826 ], [ 35.47552, 1.00807 ], [ 35.47556, 1.00792 ], [ 35.47556, 1.0078 ], [ 35.47556, 1.00764 ], [ 35.47556, 1.00748 ], [ 35.47556, 1.00729 ], [ 35.47556, 1.00698 ], [ 35.47556, 1.00672 ], [ 35.4756, 1.00634 ], [ 35.4756, 1.00616 ], [ 35.47564, 1.00592 ], [ 35.47564, 1.00571 ], [ 35.47569, 1.00549 ], [ 35.4758, 1.00526 ], [ 35.47589, 1.00504 ], [ 35.47602, 1.00486 ], [ 35.47618, 1.00463 ], [ 35.4764, 1.00433 ], [ 35.47657, 1.00415 ], [ 35.47671, 1.00399 ], [ 35.47683, 1.00377 ], [ 35.47687, 1.00356 ], [ 35.47689, 1.00333 ], [ 35.47689, 1.00313 ], [ 35.47689, 1.00287 ], [ 35.47689, 1.00275 ], [ 35.477, 1.0029 ], [ 35.4771, 1.00303 ], [ 35.47724, 1.00316 ], [ 35.47729, 1.00328 ], [ 35.47735, 1.0035 ], [ 35.47735, 1.00373 ], [ 35.47738, 1.00409 ], [ 35.47736, 1.00428 ], [ 35.4774, 1.00465 ], [ 35.47757, 1.00519 ], [ 35.47762, 1.00592 ], [ 35.47776, 1.00616 ], [ 35.47783, 1.00628 ], [ 35.47802, 1.00644 ], [ 35.47821, 1.00659 ], [ 35.47833, 1.0068 ], [ 35.47835, 1.00703 ], [ 35.47835, 1.00725 ], [ 35.47835, 1.00743 ], [ 35.47849, 1.00762 ], [ 35.47861, 1.00779 ], [ 35.47873, 1.00788 ], [ 35.47891, 1.0081 ], [ 35.4791, 1.00838 ], [ 35.47938, 1.00859 ], [ 35.47948, 1.00862 ], [ 35.47962, 1.00869 ], [ 35.47974, 1.00876 ], [ 35.47991, 1.00876 ], [ 35.48009, 1.00876 ], [ 35.4804, 1.00878 ], [ 35.48066, 1.00883 ], [ 35.4809, 1.0089 ], [ 35.48106, 1.00902 ], [ 35.48122, 1.00907 ], [ 35.48128, 1.00913 ], [ 35.48142, 1.00921 ], [ 35.48156, 1.00923 ], [ 35.48167, 1.0093 ], [ 35.48201, 1.0093 ], [ 35.48222, 1.00932 ], [ 35.48245, 1.00933 ], [ 35.48269, 1.00935 ], [ 35.48288, 1.00935 ], [ 35.48314, 1.00935 ], [ 35.48335, 1.00935 ], [ 35.4837, 1.00935 ], [ 35.48394, 1.00935 ], [ 35.48408, 1.00935 ], [ 35.48451, 1.00932 ], [ 35.48472, 1.00932 ], [ 35.48491, 1.00926 ], [ 35.48519, 1.00923 ], [ 35.48542, 1.00925 ], [ 35.48571, 1.0093 ], [ 35.48594, 1.00935 ], [ 35.48613, 1.0094 ], [ 35.48632, 1.00946 ], [ 35.48654, 1.00947 ], [ 35.48677, 1.00947 ], [ 35.48698, 1.00947 ], [ 35.48726, 1.00951 ], [ 35.48752, 1.00954 ], [ 35.48767, 1.00956 ], [ 35.48785, 1.00954 ], [ 35.48809, 1.00954 ], [ 35.4883, 1.0094 ], [ 35.48849, 1.00932 ], [ 35.48866, 1.00921 ], [ 35.48882, 1.00911 ], [ 35.48896, 1.00902 ], [ 35.48918, 1.00902 ], [ 35.48944, 1.00907 ], [ 35.48963, 1.00918 ], [ 35.48993, 1.00925 ], [ 35.49019, 1.00923 ], [ 35.49036, 1.00913 ], [ 35.49059, 1.00899 ], [ 35.4909, 1.00892 ], [ 35.49119, 1.00892 ], [ 35.49147, 1.009 ], [ 35.49199, 1.00909 ], [ 35.49225, 1.00914 ], [ 35.49239, 1.00916 ], [ 35.49255, 1.00913 ], [ 35.49274, 1.00892 ], [ 35.49302, 1.00878 ], [ 35.49321, 1.00864 ], [ 35.49352, 1.00843 ], [ 35.49371, 1.00836 ], [ 35.49382, 1.00831 ], [ 35.49406, 1.00821 ], [ 35.4942, 1.0081 ], [ 35.49437, 1.00803 ], [ 35.49461, 1.008 ], [ 35.49487, 1.00807 ], [ 35.49515, 1.00807 ], [ 35.49536, 1.00807 ], [ 35.49559, 1.00808 ], [ 35.49579, 1.0081 ], [ 35.49597, 1.00814 ], [ 35.49611, 1.00824 ], [ 35.49619, 1.00836 ], [ 35.49628, 1.00859 ], [ 35.49642, 1.0089 ], [ 35.49661, 1.00911 ], [ 35.49682, 1.00933 ], [ 35.49703, 1.00942 ], [ 35.49718, 1.00951 ], [ 35.49743, 1.00954 ], [ 35.49769, 1.00961 ], [ 35.49802, 1.00966 ], [ 35.49831, 1.00979 ], [ 35.49859, 1.00991 ], [ 35.49883, 1.01005 ], [ 35.49895, 1.01036 ], [ 35.49914, 1.01074 ], [ 35.49926, 1.01102 ], [ 35.49932, 1.01123 ], [ 35.49946, 1.01152 ], [ 35.49956, 1.0118 ], [ 35.49968, 1.01206 ], [ 35.49977, 1.01227 ], [ 35.49987, 1.01251 ], [ 35.50013, 1.01279 ], [ 35.5006, 1.01304 ], [ 35.50105, 1.01323 ], [ 35.50179, 1.01325 ], [ 35.50277, 1.013 ], [ 35.50546, 1.01249 ], [ 35.50755, 1.01225 ], [ 35.51046, 1.01179 ], [ 35.51261, 1.01142 ], [ 35.51503, 1.01203 ], [ 35.52233, 1.01363 ], [ 35.52472, 1.0139 ], [ 35.52741, 1.01479 ], [ 35.52861, 1.01494 ], [ 35.53002, 1.01516 ], [ 35.53094, 1.0153 ], [ 35.53109, 1.0154 ], [ 35.53131, 1.01542 ], [ 35.53149, 1.0154 ], [ 35.53194, 1.0154 ], [ 35.53231, 1.01535 ], [ 35.53251, 1.01525 ], [ 35.53278, 1.01502 ], [ 35.53288, 1.01495 ], [ 35.53303, 1.01485 ], [ 35.53313, 1.01482 ], [ 35.53341, 1.01482 ], [ 35.5338, 1.01482 ], [ 35.53403, 1.01487 ], [ 35.53457, 1.01487 ], [ 35.53475, 1.01493 ], [ 35.53572, 1.01508 ], [ 35.53799, 1.01522 ], [ 35.54035, 1.01562 ], [ 35.5428, 1.0162 ], [ 35.54492, 1.01685 ], [ 35.54869, 1.0185 ], [ 35.55087, 1.01933 ], [ 35.55255, 1.02003 ], [ 35.55458, 1.02062 ], [ 35.55715, 1.0216 ], [ 35.55912, 1.02227 ], [ 35.56095, 1.02292 ], [ 35.56249, 1.0235 ], [ 35.56384, 1.0239 ], [ 35.56483, 1.02409 ], [ 35.56491, 1.02416 ], [ 35.56503, 1.02416 ], [ 35.56536, 1.02414 ], [ 35.56558, 1.02414 ], [ 35.56578, 1.02414 ], [ 35.56593, 1.02416 ], [ 35.56613, 1.02426 ], [ 35.5663, 1.02434 ], [ 35.56655, 1.02461 ], [ 35.56678, 1.02472 ], [ 35.56699, 1.02475 ], [ 35.5672, 1.02475 ], [ 35.56734, 1.02488 ], [ 35.56959, 1.02402 ], [ 35.57263, 1.02266 ], [ 35.57471, 1.02171 ], [ 35.57602, 1.02137 ], [ 35.57771, 1.02133 ], [ 35.58078, 1.02163 ], [ 35.58317, 1.02236 ], [ 35.58495, 1.02277 ], [ 35.58708, 1.02243 ], [ 35.59045, 1.02175 ], [ 35.59372, 1.02126 ], [ 35.59755, 1.02103 ], [ 35.60066, 1.02107 ], [ 35.60343, 1.02179 ], [ 35.6051, 1.02198 ], [ 35.60659, 1.02237 ], [ 35.60762, 1.02213 ], [ 35.60781, 1.02212 ], [ 35.60803, 1.02212 ], [ 35.60834, 1.02215 ], [ 35.60855, 1.02229 ], [ 35.60881, 1.02241 ], [ 35.60911, 1.0226 ], [ 35.60933, 1.02276 ], [ 35.60961, 1.02288 ], [ 35.60998, 1.023 ], [ 35.61011, 1.02307 ], [ 35.61034, 1.02326 ], [ 35.61074, 1.02333 ], [ 35.61102, 1.02338 ], [ 35.61124, 1.02347 ], [ 35.61154, 1.02359 ], [ 35.61188, 1.02375 ], [ 35.61235, 1.02392 ], [ 35.61268, 1.02406 ], [ 35.61305, 1.02416 ], [ 35.61334, 1.02427 ], [ 35.61362, 1.02432 ], [ 35.61383, 1.02434 ], [ 35.61421, 1.02434 ], [ 35.61456, 1.02441 ], [ 35.61478, 1.02449 ], [ 35.61513, 1.02453 ], [ 35.61548, 1.02465 ], [ 35.61581, 1.0247 ], [ 35.61619, 1.02472 ], [ 35.61654, 1.02475 ], [ 35.61678, 1.02484 ], [ 35.61711, 1.02493 ], [ 35.61747, 1.02498 ], [ 35.61777, 1.02501 ], [ 35.61801, 1.02503 ], [ 35.61872, 1.02508 ], [ 35.61905, 1.0251 ], [ 35.61926, 1.02514 ], [ 35.61973, 1.02514 ], [ 35.61997, 1.02515 ], [ 35.62032, 1.02515 ], [ 35.62061, 1.02515 ], [ 35.62087, 1.02515 ], [ 35.62127, 1.02515 ], [ 35.62164, 1.02517 ], [ 35.62202, 1.02515 ], [ 35.62238, 1.02515 ], [ 35.62278, 1.02517 ], [ 35.62325, 1.02519 ], [ 35.6236, 1.02519 ], [ 35.624, 1.02519 ], [ 35.62431, 1.02519 ], [ 35.62457, 1.02517 ], [ 35.62483, 1.02514 ], [ 35.62518, 1.02505 ], [ 35.62539, 1.02501 ], [ 35.62566, 1.02493 ], [ 35.62599, 1.02489 ], [ 35.62631, 1.02489 ], [ 35.62665, 1.02484 ], [ 35.62683, 1.02479 ], [ 35.62714, 1.02475 ], [ 35.62745, 1.02463 ], [ 35.62799, 1.02442 ], [ 35.62823, 1.02437 ], [ 35.62848, 1.02422 ], [ 35.62868, 1.02409 ], [ 35.62881, 1.02392 ], [ 35.62905, 1.02337 ], [ 35.62907, 1.02325 ], [ 35.6291, 1.02309 ], [ 35.6292, 1.023 ], [ 35.62929, 1.02293 ], [ 35.62938, 1.02285 ], [ 35.62941, 1.02274 ], [ 35.62957, 1.02269 ], [ 35.62992, 1.02264 ], [ 35.63021, 1.02257 ], [ 35.6304, 1.02253 ], [ 35.63061, 1.02253 ], [ 35.63073, 1.02255 ], [ 35.63103, 1.0226 ], [ 35.63125, 1.02264 ], [ 35.6315, 1.02266 ], [ 35.63216, 1.02253 ], [ 35.63233, 1.02248 ], [ 35.63271, 1.02227 ], [ 35.63306, 1.02217 ], [ 35.63354, 1.02207 ], [ 35.63399, 1.02198 ], [ 35.6341, 1.02198 ], [ 35.63434, 1.02194 ], [ 35.63445, 1.02191 ], [ 35.63467, 1.02186 ], [ 35.63479, 1.02186 ], [ 35.63488, 1.02186 ], [ 35.63509, 1.02177 ], [ 35.63519, 1.02167 ], [ 35.63533, 1.02156 ], [ 35.6357, 1.02139 ], [ 35.63582, 1.02137 ], [ 35.63616, 1.0212 ], [ 35.63632, 1.02109 ], [ 35.63679, 1.02094 ], [ 35.63695, 1.02083 ], [ 35.63707, 1.02078 ], [ 35.63736, 1.02057 ], [ 35.6375, 1.02047 ], [ 35.63773, 1.02023 ], [ 35.63795, 1.02009 ], [ 35.63814, 1.01993 ], [ 35.63826, 1.01979 ], [ 35.63832, 1.01967 ], [ 35.63837, 1.01955 ], [ 35.63845, 1.01924 ], [ 35.63852, 1.01912 ], [ 35.63858, 1.01899 ], [ 35.63859, 1.01895 ], [ 35.63867, 1.01892 ], [ 35.63869, 1.01892 ], [ 35.63875, 1.0189 ], [ 35.63881, 1.0189 ], [ 35.63886, 1.0189 ], [ 35.63894, 1.0189 ], [ 35.63905, 1.0189 ], [ 35.63914, 1.01893 ], [ 35.63918, 1.01899 ], [ 35.63924, 1.01904 ], [ 35.63931, 1.01913 ], [ 35.63944, 1.01914 ], [ 35.63965, 1.01917 ], [ 35.63995, 1.01915 ], [ 35.64018, 1.01904 ], [ 35.64027, 1.01897 ], [ 35.64037, 1.0188 ], [ 35.64056, 1.01877 ], [ 35.64079, 1.01877 ], [ 35.64099, 1.0188 ], [ 35.6412, 1.01888 ], [ 35.64134, 1.01909 ], [ 35.64141, 1.01921 ], [ 35.6416, 1.01929 ], [ 35.6419, 1.01926 ], [ 35.64196, 1.0192 ], [ 35.642, 1.01912 ], [ 35.64211, 1.01902 ], [ 35.64239, 1.01887 ], [ 35.64248, 1.01883 ], [ 35.64257, 1.01882 ], [ 35.64266, 1.01884 ], [ 35.6427, 1.01887 ], [ 35.64276, 1.01899 ], [ 35.64285, 1.01907 ], [ 35.64292, 1.01907 ], [ 35.64298, 1.01905 ], [ 35.64307, 1.019 ], [ 35.64322, 1.01893 ], [ 35.64334, 1.01883 ], [ 35.64357, 1.0187 ], [ 35.64383, 1.01854 ], [ 35.64362, 1.01824 ], [ 35.64337, 1.01817 ], [ 35.64293, 1.01824 ], [ 35.64253, 1.01839 ], [ 35.6423, 1.01824 ], [ 35.6423, 1.01778 ], [ 35.64241, 1.01735 ], [ 35.64243, 1.01724 ], [ 35.64244, 1.01724 ], [ 35.64245, 1.01722 ], [ 35.64275, 1.01672 ], [ 35.643, 1.01644 ], [ 35.64325, 1.01615 ], [ 35.64377, 1.01581 ], [ 35.6443, 1.01556 ], [ 35.64457, 1.01545 ], [ 35.6447, 1.01517 ], [ 35.6447, 1.01517 ], [ 35.64477, 1.01474 ], [ 35.64477, 1.01443 ], [ 35.64491, 1.01407 ], [ 35.64491, 1.01406 ], [ 35.64491, 1.01406 ], [ 35.64519, 1.01349 ], [ 35.6452, 1.01349 ], [ 35.64498, 1.01295 ], [ 35.64484, 1.01266 ], [ 35.64427, 1.01255 ], [ 35.64377, 1.01248 ], [ 35.64346, 1.01227 ], [ 35.64346, 1.01176 ], [ 35.64346, 1.01168 ], [ 35.64336, 1.01121 ], [ 35.64318, 1.01039 ], [ 35.64308, 1.01009 ], [ 35.64292, 1.00964 ], [ 35.6428, 1.0093 ], [ 35.64245, 1.00878 ], [ 35.64244, 1.00876 ], [ 35.64241, 1.00868 ], [ 35.6423, 1.00835 ], [ 35.64225, 1.00822 ], [ 35.64225, 1.0082 ], [ 35.64223, 1.00749 ], [ 35.64223, 1.00686 ], [ 35.64217, 1.00657 ], [ 35.64205, 1.00606 ], [ 35.64189, 1.00547 ], [ 35.64155, 1.00497 ], [ 35.64139, 1.00445 ], [ 35.64112, 1.00398 ], [ 35.64074, 1.00384 ], [ 35.64044, 1.00402 ], [ 35.64028, 1.00414 ], [ 35.63992, 1.00395 ], [ 35.63994, 1.00379 ], [ 35.63999, 1.00346 ], [ 35.63999, 1.00282 ], [ 35.64, 1.00269 ], [ 35.64008, 1.00212 ], [ 35.64008, 1.0016 ], [ 35.63986, 1.00117 ], [ 35.63981, 1.00108 ], [ 35.63978, 1.00107 ], [ 35.63933, 1.00094 ], [ 35.63883, 1.00101 ], [ 35.63883, 1.00101 ], [ 35.63883, 1.00101 ], [ 35.63849, 1.00146 ], [ 35.63847, 1.00148 ], [ 35.63826, 1.00193 ], [ 35.63822, 1.00203 ], [ 35.63811, 1.00221 ], [ 35.63765, 1.00241 ], [ 35.63743, 1.00225 ], [ 35.63727, 1.00191 ], [ 35.63726, 1.00188 ], [ 35.63724, 1.00185 ], [ 35.63723, 1.0018 ], [ 35.63713, 1.00139 ], [ 35.63697, 1.00074 ], [ 35.63681, 1.00033 ], [ 35.63693, 1.00004 ], [ 35.63694, 0.99989 ], [ 35.63705, 0.99977 ], [ 35.63731, 0.99965 ], [ 35.63739, 0.99965 ], [ 35.63774, 0.99933 ], [ 35.63777, 0.99918 ], [ 35.63777, 0.999 ], [ 35.63776, 0.99887 ], [ 35.63776, 0.99874 ], [ 35.63791, 0.99857 ], [ 35.63796, 0.99855 ], [ 35.6381, 0.99854 ], [ 35.63823, 0.99847 ], [ 35.63823, 0.99836 ], [ 35.63823, 0.99815 ], [ 35.63819, 0.99803 ], [ 35.63816, 0.99796 ], [ 35.6381, 0.99782 ], [ 35.63793, 0.99774 ], [ 35.63781, 0.99756 ], [ 35.6376, 0.99739 ], [ 35.63744, 0.99727 ], [ 35.63727, 0.99714 ], [ 35.63706, 0.99684 ], [ 35.63682, 0.99668 ], [ 35.63672, 0.99657 ], [ 35.63645, 0.99637 ], [ 35.6363, 0.99616 ], [ 35.63618, 0.9959 ], [ 35.63609, 0.99566 ], [ 35.63604, 0.99539 ], [ 35.63604, 0.99538 ], [ 35.636, 0.99494 ], [ 35.63602, 0.99458 ], [ 35.63613, 0.99409 ], [ 35.63614, 0.99394 ], [ 35.63614, 0.99378 ], [ 35.63607, 0.99354 ], [ 35.63586, 0.99333 ], [ 35.63574, 0.99329 ], [ 35.6356, 0.99326 ], [ 35.63552, 0.99324 ], [ 35.6354, 0.99321 ], [ 35.63534, 0.9932 ], [ 35.63522, 0.99319 ], [ 35.63493, 0.99297 ], [ 35.63489, 0.99281 ], [ 35.63479, 0.99269 ], [ 35.63474, 0.99257 ], [ 35.63456, 0.99244 ], [ 35.63418, 0.99229 ], [ 35.63394, 0.9921 ], [ 35.63387, 0.99196 ], [ 35.63384, 0.9919 ], [ 35.63378, 0.99175 ], [ 35.63378, 0.99147 ], [ 35.63379, 0.99107 ], [ 35.63384, 0.99101 ], [ 35.63389, 0.99097 ], [ 35.63391, 0.99069 ], [ 35.63441, 0.9899 ], [ 35.63482, 0.98915 ], [ 35.63514, 0.98871 ], [ 35.63523, 0.98859 ], [ 35.63548, 0.98793 ], [ 35.63561, 0.98757 ], [ 35.63588, 0.98702 ], [ 35.63588, 0.98702 ], [ 35.63595, 0.98672 ], [ 35.636, 0.98652 ], [ 35.63611, 0.98609 ], [ 35.63611, 0.98607 ], [ 35.63636, 0.98575 ], [ 35.63677, 0.98575 ], [ 35.63715, 0.986 ], [ 35.6372, 0.98618 ], [ 35.63752, 0.98618 ], [ 35.63797, 0.98616 ], [ 35.63829, 0.98609 ], [ 35.6383, 0.98607 ], [ 35.63836, 0.98587 ], [ 35.63811, 0.98553 ], [ 35.63797, 0.98535 ], [ 35.63783, 0.98516 ], [ 35.63783, 0.98494 ], [ 35.63811, 0.98487 ], [ 35.63831, 0.98485 ], [ 35.6387, 0.98485 ], [ 35.63908, 0.9844 ], [ 35.63908, 0.98386 ], [ 35.63907, 0.98377 ], [ 35.63901, 0.98317 ], [ 35.63889, 0.98283 ], [ 35.63883, 0.98266 ], [ 35.63883, 0.98211 ], [ 35.63883, 0.98203 ], [ 35.63883, 0.98139 ], [ 35.63901, 0.98088 ], [ 35.63977, 0.98062 ], [ 35.64003, 0.98055 ], [ 35.64013, 0.98023 ], [ 35.64042, 0.97944 ], [ 35.64043, 0.97943 ], [ 35.64042, 0.97941 ], [ 35.64032, 0.97892 ], [ 35.64031, 0.97889 ], [ 35.64006, 0.97815 ], [ 35.64006, 0.97769 ], [ 35.64006, 0.97754 ], [ 35.64006, 0.97706 ], [ 35.63974, 0.97692 ], [ 35.63934, 0.97696 ], [ 35.63861, 0.97721 ], [ 35.63792, 0.97728 ], [ 35.63719, 0.97699 ], [ 35.63657, 0.97692 ], [ 35.63617, 0.9767 ], [ 35.63608, 0.97622 ], [ 35.63603, 0.97597 ], [ 35.63603, 0.97525 ], [ 35.63646, 0.97445 ], [ 35.63683, 0.97361 ], [ 35.63686, 0.97296 ], [ 35.63674, 0.9724 ], [ 35.63668, 0.97216 ], [ 35.63614, 0.97136 ], [ 35.63559, 0.97081 ], [ 35.63544, 0.97035 ], [ 35.63534, 0.97005 ], [ 35.63563, 0.96947 ], [ 35.63583, 0.96905 ], [ 35.63588, 0.96893 ], [ 35.63661, 0.96834 ], [ 35.63694, 0.96773 ], [ 35.63763, 0.96722 ], [ 35.63817, 0.96678 ], [ 35.63879, 0.96649 ], [ 35.63896, 0.96598 ], [ 35.63897, 0.96595 ], [ 35.63894, 0.9659 ], [ 35.63835, 0.96515 ], [ 35.63825, 0.96457 ], [ 35.63835, 0.96435 ], [ 35.63821, 0.96427 ], [ 35.63821, 0.96398 ], [ 35.63838, 0.96379 ], [ 35.63848, 0.96354 ], [ 35.6385, 0.96348 ], [ 35.63838, 0.96318 ], [ 35.63814, 0.96318 ], [ 35.63769, 0.96318 ], [ 35.63714, 0.96325 ], [ 35.63652, 0.96348 ], [ 35.636, 0.96363 ], [ 35.63567, 0.96345 ], [ 35.63559, 0.96341 ], [ 35.63557, 0.96325 ], [ 35.63564, 0.96296 ], [ 35.63571, 0.96263 ], [ 35.6359, 0.96234 ], [ 35.63612, 0.96208 ], [ 35.63645, 0.9618 ], [ 35.6369, 0.96146 ], [ 35.63726, 0.96132 ], [ 35.63751, 0.96103 ], [ 35.63757, 0.96096 ], [ 35.63764, 0.9607 ], [ 35.63764, 0.9602 ], [ 35.63762, 0.9597 ], [ 35.63745, 0.95925 ], [ 35.6374, 0.95877 ], [ 35.6374, 0.95873 ], [ 35.6374, 0.95804 ], [ 35.63733, 0.95754 ], [ 35.63712, 0.95718 ], [ 35.63696, 0.95686 ], [ 35.63693, 0.9568 ], [ 35.63674, 0.95651 ], [ 35.63643, 0.95647 ], [ 35.63624, 0.95673 ], [ 35.63602, 0.95713 ], [ 35.63571, 0.95717 ], [ 35.63559, 0.95718 ], [ 35.63533, 0.95699 ], [ 35.63519, 0.95663 ], [ 35.63519, 0.95636 ], [ 35.63519, 0.9563 ], [ 35.63502, 0.95563 ], [ 35.63483, 0.95494 ], [ 35.6344, 0.95456 ], [ 35.63388, 0.95418 ], [ 35.63338, 0.95373 ], [ 35.63283, 0.95316 ], [ 35.63268, 0.95304 ], [ 35.63224, 0.95271 ], [ 35.63172, 0.95221 ], [ 35.63122, 0.9518 ], [ 35.63074, 0.95149 ], [ 35.63068, 0.95143 ], [ 35.6304, 0.95117 ], [ 35.63034, 0.95111 ], [ 35.63024, 0.95076 ], [ 35.63022, 0.95026 ], [ 35.63022, 0.94978 ], [ 35.63036, 0.94947 ], [ 35.63072, 0.94902 ], [ 35.63093, 0.94852 ], [ 35.63138, 0.9479 ], [ 35.6315, 0.94738 ], [ 35.6315, 0.94704 ], [ 35.63164, 0.94678 ], [ 35.63183, 0.9464 ], [ 35.63203, 0.94595 ], [ 35.63229, 0.94533 ], [ 35.63262, 0.94474 ], [ 35.63268, 0.94428 ], [ 35.63268, 0.94428 ], [ 35.63269, 0.94419 ], [ 35.63268, 0.94415 ], [ 35.63267, 0.94412 ], [ 35.63257, 0.94376 ], [ 35.63254, 0.94365 ], [ 35.63252, 0.94362 ], [ 35.63247, 0.94355 ], [ 35.63223, 0.94325 ], [ 35.63222, 0.94324 ], [ 35.632, 0.94298 ], [ 35.63184, 0.94278 ], [ 35.63167, 0.94257 ], [ 35.63167, 0.94195 ], [ 35.63179, 0.94155 ], [ 35.63214, 0.94117 ], [ 35.63229, 0.94102 ], [ 35.63229, 0.94102 ], [ 35.63252, 0.94079 ], [ 35.63262, 0.94036 ], [ 35.63245, 0.93991 ], [ 35.63243, 0.93922 ], [ 35.63243, 0.9391 ], [ 35.63243, 0.93908 ], [ 35.63238, 0.93855 ], [ 35.63238, 0.93819 ], [ 35.63257, 0.93769 ], [ 35.63258, 0.93765 ], [ 35.63271, 0.93722 ], [ 35.63276, 0.93703 ], [ 35.63286, 0.93683 ], [ 35.63288, 0.93679 ], [ 35.63289, 0.93676 ], [ 35.6329, 0.9367 ], [ 35.6329, 0.93659 ], [ 35.63288, 0.9364 ], [ 35.63278, 0.93623 ], [ 35.6326, 0.93616 ], [ 35.63245, 0.93604 ], [ 35.63219, 0.93574 ], [ 35.63221, 0.93556 ], [ 35.63224, 0.93545 ], [ 35.63224, 0.93531 ], [ 35.63248, 0.93501 ], [ 35.63314, 0.93465 ], [ 35.63369, 0.93453 ], [ 35.63414, 0.93432 ], [ 35.63436, 0.93401 ], [ 35.6346, 0.93365 ], [ 35.63486, 0.93327 ], [ 35.63487, 0.93322 ], [ 35.63493, 0.93289 ], [ 35.63476, 0.93263 ], [ 35.63452, 0.93236 ], [ 35.63443, 0.93221 ], [ 35.63436, 0.9321 ], [ 35.63436, 0.93177 ], [ 35.63436, 0.93136 ], [ 35.63436, 0.93117 ], [ 35.63453, 0.93076 ], [ 35.63455, 0.93072 ], [ 35.63467, 0.93041 ], [ 35.6347, 0.93016 ], [ 35.63471, 0.92998 ], [ 35.63471, 0.92975 ], [ 35.63495, 0.92925 ], [ 35.63524, 0.92877 ], [ 35.63576, 0.92813 ], [ 35.63623, 0.92767 ], [ 35.63624, 0.92765 ], [ 35.63636, 0.92737 ], [ 35.63638, 0.9273 ], [ 35.63659, 0.92708 ], [ 35.63667, 0.92693 ], [ 35.63668, 0.92691 ], [ 35.63669, 0.92689 ], [ 35.63668, 0.92688 ], [ 35.63664, 0.92679 ], [ 35.63651, 0.92653 ], [ 35.6365, 0.92653 ], [ 35.63627, 0.92629 ], [ 35.63593, 0.92626 ], [ 35.63576, 0.92607 ], [ 35.63568, 0.92603 ], [ 35.63557, 0.92598 ], [ 35.63526, 0.92578 ], [ 35.63516, 0.92566 ], [ 35.63504, 0.9255 ], [ 35.635, 0.92521 ], [ 35.635, 0.92499 ], [ 35.63507, 0.92478 ], [ 35.63515, 0.92464 ], [ 35.63526, 0.92447 ], [ 35.6355, 0.92423 ], [ 35.63564, 0.92408 ], [ 35.63579, 0.92384 ], [ 35.63576, 0.92358 ], [ 35.63569, 0.92339 ], [ 35.63555, 0.92313 ], [ 35.63552, 0.92291 ], [ 35.63555, 0.92257 ], [ 35.63574, 0.92241 ], [ 35.63605, 0.92212 ], [ 35.63617, 0.92188 ], [ 35.63615, 0.92152 ], [ 35.63607, 0.92139 ], [ 35.636, 0.92126 ], [ 35.63593, 0.9212 ], [ 35.63581, 0.92111 ], [ 35.63559, 0.92102 ], [ 35.63549, 0.92092 ], [ 35.6354, 0.92085 ], [ 35.63528, 0.92061 ], [ 35.63528, 0.92042 ], [ 35.6354, 0.92023 ], [ 35.63562, 0.92001 ], [ 35.6358, 0.91987 ], [ 35.63624, 0.91974 ], [ 35.63655, 0.91948 ], [ 35.63673, 0.91908 ], [ 35.63695, 0.91877 ], [ 35.63704, 0.91842 ], [ 35.63708, 0.91802 ], [ 35.6373, 0.91771 ], [ 35.63748, 0.91751 ], [ 35.63761, 0.91736 ], [ 35.63752, 0.91703 ], [ 35.6374, 0.9166 ], [ 35.6374, 0.91605 ], [ 35.6374, 0.91588 ], [ 35.6374, 0.91564 ], [ 35.63761, 0.91526 ], [ 35.63742, 0.91474 ], [ 35.6374, 0.91467 ], [ 35.63709, 0.91473 ], [ 35.63681, 0.91478 ], [ 35.63649, 0.91532 ], [ 35.63622, 0.91559 ], [ 35.63535, 0.91574 ], [ 35.63531, 0.91575 ], [ 35.63527, 0.91573 ], [ 35.63497, 0.91559 ], [ 35.63472, 0.91548 ], [ 35.63472, 0.91484 ], [ 35.63472, 0.91398 ], [ 35.63484, 0.91363 ], [ 35.63504, 0.91301 ], [ 35.63504, 0.91253 ], [ 35.6351, 0.91189 ], [ 35.63515, 0.9113 ], [ 35.63515, 0.91087 ], [ 35.63495, 0.91054 ], [ 35.63483, 0.91034 ], [ 35.6344, 0.91012 ], [ 35.63423, 0.90971 ], [ 35.63413, 0.90948 ], [ 35.63409, 0.90896 ], [ 35.63408, 0.90884 ], [ 35.63408, 0.90884 ], [ 35.63382, 0.90837 ], [ 35.63381, 0.90836 ], [ 35.63364, 0.90823 ], [ 35.63363, 0.90822 ], [ 35.6335, 0.90813 ], [ 35.63345, 0.90798 ], [ 35.63307, 0.90784 ], [ 35.63262, 0.90784 ], [ 35.63201, 0.9077 ], [ 35.63175, 0.90756 ], [ 35.63156, 0.90746 ], [ 35.63132, 0.90718 ], [ 35.6312, 0.90697 ], [ 35.63099, 0.90663 ], [ 35.63097, 0.90658 ], [ 35.63094, 0.90655 ], [ 35.63083, 0.90641 ], [ 35.63069, 0.90629 ], [ 35.63052, 0.90621 ], [ 35.63033, 0.90619 ], [ 35.63017, 0.90636 ], [ 35.62996, 0.90654 ], [ 35.62981, 0.90668 ], [ 35.6296, 0.90688 ], [ 35.62918, 0.9072 ], [ 35.62892, 0.9073 ], [ 35.62873, 0.90739 ], [ 35.62826, 0.90744 ], [ 35.62799, 0.90744 ], [ 35.6276, 0.90742 ], [ 35.62731, 0.90737 ], [ 35.627, 0.90728 ], [ 35.62677, 0.90714 ], [ 35.62672, 0.90703 ], [ 35.62666, 0.90699 ], [ 35.62642, 0.90659 ], [ 35.6263, 0.90602 ], [ 35.62633, 0.90564 ], [ 35.62628, 0.90526 ], [ 35.6264, 0.90488 ], [ 35.62666, 0.90448 ], [ 35.62692, 0.90406 ], [ 35.62716, 0.90368 ], [ 35.62725, 0.90344 ], [ 35.62725, 0.90313 ], [ 35.62716, 0.90268 ], [ 35.62716, 0.90235 ], [ 35.62723, 0.90209 ], [ 35.62735, 0.90193 ], [ 35.62749, 0.90167 ], [ 35.62768, 0.90124 ], [ 35.62768, 0.90093 ], [ 35.62768, 0.90067 ], [ 35.62768, 0.90032 ], [ 35.62768, 0.90008 ], [ 35.62768, 0.89939 ], [ 35.62759, 0.89914 ], [ 35.62758, 0.89911 ], [ 35.62725, 0.89906 ], [ 35.62703, 0.89906 ], [ 35.62685, 0.89906 ], [ 35.62668, 0.89894 ], [ 35.62666, 0.89866 ], [ 35.62683, 0.89838 ], [ 35.62711, 0.89807 ], [ 35.62751, 0.89774 ], [ 35.62777, 0.89767 ], [ 35.62801, 0.89736 ], [ 35.62815, 0.89705 ], [ 35.62813, 0.8967 ], [ 35.62794, 0.89634 ], [ 35.62789, 0.89591 ], [ 35.62803, 0.89554 ], [ 35.62825, 0.89516 ], [ 35.62834, 0.89483 ], [ 35.62829, 0.89454 ], [ 35.62796, 0.89423 ], [ 35.62739, 0.8939 ], [ 35.62694, 0.89376 ], [ 35.62671, 0.89348 ], [ 35.62642, 0.89315 ], [ 35.62628, 0.89277 ], [ 35.62623, 0.89236 ], [ 35.62623, 0.89201 ], [ 35.62628, 0.89165 ], [ 35.62668, 0.89154 ], [ 35.62697, 0.89175 ], [ 35.62739, 0.89187 ], [ 35.62777, 0.89165 ], [ 35.62801, 0.89139 ], [ 35.6281, 0.89106 ], [ 35.6281, 0.89064 ], [ 35.62803, 0.89019 ], [ 35.62794, 0.88945 ], [ 35.62772, 0.88912 ], [ 35.62737, 0.88882 ], [ 35.62706, 0.88865 ], [ 35.62693, 0.88862 ], [ 35.62667, 0.88858 ], [ 35.62656, 0.88855 ], [ 35.62623, 0.88832 ], [ 35.62597, 0.88801 ], [ 35.62585, 0.88763 ], [ 35.62588, 0.88737 ], [ 35.62585, 0.88692 ], [ 35.62576, 0.88652 ], [ 35.62531, 0.88619 ], [ 35.62484, 0.8859 ], [ 35.62441, 0.8856 ], [ 35.62413, 0.88553 ], [ 35.62401, 0.8855 ], [ 35.62356, 0.88555 ], [ 35.62351, 0.88555 ], [ 35.62318, 0.88555 ], [ 35.62299, 0.8855 ], [ 35.62287, 0.88538 ], [ 35.62278, 0.88519 ], [ 35.62264, 0.88498 ], [ 35.62266, 0.88474 ], [ 35.62278, 0.88448 ], [ 35.62294, 0.88427 ], [ 35.62306, 0.88396 ], [ 35.62306, 0.8837 ], [ 35.62306, 0.88335 ], [ 35.62306, 0.88314 ], [ 35.62318, 0.8828 ], [ 35.62337, 0.8825 ], [ 35.62354, 0.88224 ], [ 35.62377, 0.8819 ], [ 35.62389, 0.88143 ], [ 35.62389, 0.88112 ], [ 35.62399, 0.88079 ], [ 35.62425, 0.88053 ], [ 35.62465, 0.88032 ], [ 35.62465, 0.88032 ], [ 35.62472, 0.88011 ], [ 35.62477, 0.87978 ], [ 35.62477, 0.87937 ], [ 35.62477, 0.87895 ], [ 35.62479, 0.87854 ], [ 35.62507, 0.87826 ], [ 35.62545, 0.87833 ], [ 35.62547, 0.87837 ], [ 35.62555, 0.87862 ], [ 35.62555, 0.87899 ], [ 35.62578, 0.87909 ], [ 35.62596, 0.87901 ], [ 35.62607, 0.87897 ], [ 35.62654, 0.87866 ], [ 35.62673, 0.87856 ], [ 35.62675, 0.8783 ], [ 35.62702, 0.87796 ], [ 35.62708, 0.87756 ], [ 35.62702, 0.87726 ], [ 35.62699, 0.87692 ], [ 35.62696, 0.87677 ], [ 35.62687, 0.8764 ], [ 35.62671, 0.87606 ], [ 35.62668, 0.87579 ], [ 35.62668, 0.87533 ], [ 35.62675, 0.87475 ], [ 35.62687, 0.87435 ], [ 35.62705, 0.87407 ], [ 35.6272, 0.87371 ], [ 35.62717, 0.8734 ], [ 35.62696, 0.87316 ], [ 35.62656, 0.87316 ], [ 35.62604, 0.87285 ], [ 35.62537, 0.87251 ], [ 35.625, 0.87239 ], [ 35.62488, 0.8719 ], [ 35.62485, 0.87154 ], [ 35.62497, 0.87126 ], [ 35.625, 0.87095 ], [ 35.62488, 0.87062 ], [ 35.62476, 0.87031 ], [ 35.62494, 0.8701 ], [ 35.62497, 0.86988 ], [ 35.62485, 0.86948 ], [ 35.62448, 0.86955 ], [ 35.62421, 0.86955 ], [ 35.62408, 0.86933 ], [ 35.62411, 0.86906 ], [ 35.62429, 0.86886 ], [ 35.62433, 0.86882 ], [ 35.62436, 0.86878 ], [ 35.62456, 0.86874 ], [ 35.62466, 0.86872 ], [ 35.62473, 0.86867 ], [ 35.62491, 0.86854 ], [ 35.62522, 0.8682 ], [ 35.62522, 0.86792 ], [ 35.62515, 0.8675 ], [ 35.62491, 0.86716 ], [ 35.62445, 0.86682 ], [ 35.62384, 0.86646 ], [ 35.62372, 0.86618 ], [ 35.62375, 0.866 ], [ 35.62381, 0.86593 ], [ 35.62402, 0.86569 ], [ 35.62407, 0.86559 ], [ 35.6243, 0.86514 ], [ 35.62433, 0.86468 ], [ 35.62427, 0.86431 ], [ 35.62399, 0.86398 ], [ 35.62399, 0.8637 ], [ 35.62421, 0.86336 ], [ 35.62445, 0.863 ], [ 35.62488, 0.86245 ], [ 35.62506, 0.86217 ], [ 35.62506, 0.86174 ], [ 35.62506, 0.86135 ], [ 35.62507, 0.86132 ], [ 35.62492, 0.86124 ], [ 35.62476, 0.86124 ], [ 35.62442, 0.86125 ], [ 35.62409, 0.86126 ], [ 35.62392, 0.86126 ], [ 35.62372, 0.86127 ], [ 35.62343, 0.86127 ], [ 35.62297, 0.86134 ], [ 35.62274, 0.86135 ], [ 35.62243, 0.86143 ], [ 35.62225, 0.86162 ], [ 35.62205, 0.86173 ], [ 35.62178, 0.86183 ], [ 35.62155, 0.86185 ], [ 35.62139, 0.86175 ], [ 35.62133, 0.86171 ], [ 35.62116, 0.86161 ], [ 35.62104, 0.86143 ], [ 35.62092, 0.86126 ], [ 35.62075, 0.861 ], [ 35.62052, 0.86086 ], [ 35.62031, 0.86074 ], [ 35.62001, 0.86066 ], [ 35.61985, 0.86067 ], [ 35.6197, 0.86069 ], [ 35.61941, 0.86061 ], [ 35.61919, 0.86055 ], [ 35.61913, 0.86042 ], [ 35.61905, 0.86026 ], [ 35.61898, 0.86017 ], [ 35.61893, 0.8601 ], [ 35.61887, 0.85996 ], [ 35.61874, 0.85984 ], [ 35.61848, 0.85976 ], [ 35.61828, 0.85976 ], [ 35.6181, 0.85976 ], [ 35.618, 0.85965 ], [ 35.61791, 0.85955 ], [ 35.61779, 0.85952 ], [ 35.61765, 0.85954 ], [ 35.61759, 0.85962 ], [ 35.61741, 0.85971 ], [ 35.6174, 0.85971 ], [ 35.61724, 0.85976 ], [ 35.61714, 0.8597 ], [ 35.61692, 0.85967 ], [ 35.61679, 0.85976 ], [ 35.61663, 0.85983 ], [ 35.61649, 0.85985 ], [ 35.61643, 0.85975 ], [ 35.61637, 0.85964 ], [ 35.6163, 0.85951 ], [ 35.61628, 0.85948 ], [ 35.61624, 0.8594 ], [ 35.61613, 0.8593 ], [ 35.61595, 0.85931 ], [ 35.61565, 0.85932 ], [ 35.61532, 0.85938 ], [ 35.61507, 0.85937 ], [ 35.61484, 0.8594 ], [ 35.61482, 0.85941 ], [ 35.61469, 0.85943 ], [ 35.61448, 0.85946 ], [ 35.61419, 0.85931 ], [ 35.61418, 0.8593 ], [ 35.61391, 0.85922 ], [ 35.61384, 0.8592 ], [ 35.61383, 0.85919 ], [ 35.61348, 0.85902 ], [ 35.61314, 0.85893 ], [ 35.6129, 0.85876 ], [ 35.61273, 0.85864 ], [ 35.61244, 0.8586 ], [ 35.61229, 0.85861 ], [ 35.61203, 0.85863 ], [ 35.61184, 0.8586 ], [ 35.61169, 0.85858 ], [ 35.61165, 0.85858 ], [ 35.61161, 0.85852 ], [ 35.61161, 0.8585 ], [ 35.61158, 0.85849 ], [ 35.61147, 0.85842 ], [ 35.61136, 0.85834 ], [ 35.61127, 0.85829 ], [ 35.61095, 0.85826 ], [ 35.61072, 0.85827 ], [ 35.61044, 0.85829 ], [ 35.61033, 0.8583 ], [ 35.61027, 0.85831 ], [ 35.61027, 0.8583 ], [ 35.61018, 0.8583 ], [ 35.61002, 0.85823 ], [ 35.60976, 0.85811 ], [ 35.60942, 0.85799 ], [ 35.60919, 0.8579 ], [ 35.609, 0.85784 ], [ 35.60897, 0.85784 ], [ 35.60896, 0.85783 ], [ 35.6089, 0.85776 ], [ 35.60878, 0.85762 ], [ 35.60864, 0.85758 ], [ 35.60843, 0.85762 ], [ 35.60825, 0.8577 ], [ 35.60825, 0.8577 ], [ 35.60814, 0.85771 ], [ 35.60793, 0.85767 ], [ 35.60793, 0.85761 ], [ 35.60793, 0.85757 ], [ 35.60778, 0.85746 ], [ 35.60765, 0.85736 ], [ 35.60748, 0.85734 ], [ 35.60725, 0.85735 ], [ 35.60702, 0.85731 ], [ 35.60641, 0.8572 ], [ 35.60512, 0.85761 ], [ 35.60278, 0.85836 ], [ 35.60016, 0.85896 ], [ 35.59794, 0.85934 ], [ 35.59598, 0.85967 ], [ 35.59444, 0.85968 ], [ 35.59291, 0.8597 ], [ 35.59096, 0.85972 ], [ 35.58901, 0.86002 ], [ 35.58744, 0.86059 ], [ 35.58493, 0.86078 ], [ 35.58273, 0.86095 ], [ 35.58128, 0.86106 ], [ 35.58117, 0.86107 ], [ 35.58025, 0.86114 ], [ 35.58014, 0.86069 ], [ 35.58004, 0.86029 ], [ 35.57996, 0.85994 ], [ 35.57969, 0.85976 ], [ 35.57909, 0.85976 ], [ 35.57905, 0.85975 ], [ 35.57896, 0.85981 ], [ 35.57879, 0.86016 ], [ 35.57844, 0.86024 ], [ 35.57795, 0.86013 ], [ 35.5775, 0.85992 ], [ 35.57705, 0.85992 ], [ 35.5764, 0.85972 ], [ 35.57595, 0.85951 ], [ 35.57557, 0.85914 ], [ 35.57489, 0.85904 ], [ 35.57243, 0.85828 ], [ 35.57064, 0.85801 ], [ 35.56925, 0.85734 ], [ 35.56875, 0.85686 ], [ 35.5678, 0.85538 ], [ 35.56715, 0.85357 ], [ 35.56693, 0.8524 ], [ 35.56693, 0.8524 ], [ 35.56319, 0.85248 ], [ 35.55939, 0.85255 ], [ 35.55812, 0.85251 ], [ 35.55531, 0.85241 ], [ 35.54988, 0.85221 ], [ 35.54553, 0.85227 ], [ 35.54184, 0.85232 ], [ 35.54143, 0.85229 ], [ 35.54091, 0.85235 ], [ 35.54049, 0.85236 ], [ 35.54014, 0.85228 ], [ 35.53976, 0.852 ], [ 35.53946, 0.85189 ], [ 35.53889, 0.85177 ], [ 35.53826, 0.85177 ], [ 35.53786, 0.85172 ], [ 35.5375, 0.85168 ], [ 35.53713, 0.85164 ], [ 35.53671, 0.85164 ], [ 35.53632, 0.85156 ], [ 35.536, 0.8514 ], [ 35.53554, 0.85118 ], [ 35.53507, 0.85094 ], [ 35.53479, 0.85076 ], [ 35.53449, 0.85056 ], [ 35.53423, 0.85039 ], [ 35.53396, 0.85012 ], [ 35.53357, 0.84987 ], [ 35.5335, 0.84981 ], [ 35.53317, 0.84952 ], [ 35.53281, 0.8492 ], [ 35.53263, 0.849 ], [ 35.53231, 0.84865 ], [ 35.53213, 0.84834 ], [ 35.53184, 0.84812 ], [ 35.53148, 0.84776 ], [ 35.53095, 0.84723 ], [ 35.53072, 0.847 ], [ 35.53063, 0.84686 ], [ 35.52998, 0.84632 ], [ 35.52866, 0.84522 ], [ 35.52844, 0.84517 ], [ 35.52843, 0.84517 ], [ 35.52814, 0.84518 ], [ 35.52786, 0.84519 ], [ 35.52755, 0.84519 ], [ 35.5272, 0.8453 ], [ 35.527, 0.8455 ], [ 35.5269, 0.84581 ], [ 35.52694, 0.84617 ], [ 35.52683, 0.84659 ], [ 35.52684, 0.84694 ], [ 35.52694, 0.84741 ], [ 35.52691, 0.84765 ], [ 35.52681, 0.84786 ], [ 35.52682, 0.84813 ], [ 35.52659, 0.84843 ], [ 35.52638, 0.84871 ], [ 35.52609, 0.84908 ], [ 35.52596, 0.84922 ], [ 35.52581, 0.84952 ], [ 35.52561, 0.84966 ], [ 35.52527, 0.84989 ], [ 35.52522, 0.84992 ], [ 35.5247, 0.85029 ], [ 35.52441, 0.85048 ], [ 35.52415, 0.85059 ], [ 35.52384, 0.85071 ], [ 35.52329, 0.85118 ], [ 35.52314, 0.85131 ], [ 35.52287, 0.85154 ], [ 35.52282, 0.8519 ], [ 35.52271, 0.85209 ], [ 35.5227, 0.8521 ], [ 35.52254, 0.85239 ], [ 35.52239, 0.85259 ], [ 35.5222, 0.85284 ], [ 35.52197, 0.85315 ], [ 35.52155, 0.85353 ], [ 35.52117, 0.85388 ], [ 35.52094, 0.85414 ], [ 35.52059, 0.85425 ], [ 35.52059, 0.85426 ], [ 35.52027, 0.85437 ], [ 35.51993, 0.85448 ], [ 35.51955, 0.85467 ], [ 35.51939, 0.85491 ], [ 35.51911, 0.85535 ], [ 35.51891, 0.85565 ], [ 35.51877, 0.85586 ], [ 35.51872, 0.85593 ], [ 35.51865, 0.85597 ], [ 35.51846, 0.85614 ], [ 35.51806, 0.85614 ], [ 35.51762, 0.85614 ], [ 35.51709, 0.85619 ], [ 35.51655, 0.85625 ], [ 35.51625, 0.85637 ], [ 35.5159, 0.85649 ], [ 35.51571, 0.85661 ], [ 35.51541, 0.85661 ], [ 35.51506, 0.85656 ], [ 35.51505, 0.85655 ], [ 35.51483, 0.85646 ], [ 35.51455, 0.85634 ], [ 35.51447, 0.8563 ], [ 35.51415, 0.85595 ], [ 35.51388, 0.85576 ], [ 35.51383, 0.85573 ], [ 35.51344, 0.85546 ], [ 35.51283, 0.85516 ], [ 35.5128, 0.85515 ], [ 35.51257, 0.85499 ], [ 35.51216, 0.85487 ], [ 35.51194, 0.85481 ], [ 35.51188, 0.85479 ], [ 35.51167, 0.85465 ], [ 35.51162, 0.85462 ], [ 35.51149, 0.85447 ], [ 35.51141, 0.85438 ], [ 35.51138, 0.85436 ], [ 35.51137, 0.8543 ], [ 35.51131, 0.85411 ], [ 35.51114, 0.85379 ], [ 35.51106, 0.8537 ], [ 35.51098, 0.85361 ], [ 35.51084, 0.85346 ], [ 35.51061, 0.85312 ], [ 35.51041, 0.85289 ], [ 35.51037, 0.85283 ], [ 35.51006, 0.85256 ], [ 35.50987, 0.85253 ], [ 35.50968, 0.8525 ], [ 35.50959, 0.85247 ], [ 35.50931, 0.85239 ], [ 35.50879, 0.85234 ], [ 35.50841, 0.8523 ], [ 35.50833, 0.85229 ], [ 35.508, 0.85222 ], [ 35.50758, 0.85213 ], [ 35.50736, 0.85203 ], [ 35.50726, 0.85198 ], [ 35.50694, 0.85188 ], [ 35.50685, 0.85188 ], [ 35.50658, 0.85187 ], [ 35.50635, 0.85181 ], [ 35.50635, 0.85181 ], [ 35.50614, 0.85175 ], [ 35.50571, 0.85163 ], [ 35.50567, 0.85161 ], [ 35.50519, 0.85128 ], [ 35.50489, 0.85101 ], [ 35.50487, 0.85099 ], [ 35.50443, 0.85082 ], [ 35.50422, 0.85082 ], [ 35.50406, 0.85081 ], [ 35.50396, 0.85069 ], [ 35.50394, 0.85066 ], [ 35.50357, 0.85058 ], [ 35.50354, 0.85058 ], [ 35.50337, 0.85054 ], [ 35.50336, 0.85053 ], [ 35.50308, 0.85022 ], [ 35.50297, 0.84996 ], [ 35.50278, 0.84977 ], [ 35.50241, 0.84958 ], [ 35.50225, 0.84944 ], [ 35.50215, 0.84936 ], [ 35.50205, 0.84922 ], [ 35.50205, 0.84921 ], [ 35.50204, 0.84922 ], [ 35.50191, 0.84904 ], [ 35.50165, 0.84869 ], [ 35.50141, 0.84848 ], [ 35.50133, 0.84842 ], [ 35.50105, 0.84818 ], [ 35.50075, 0.84812 ], [ 35.50036, 0.84804 ], [ 35.50004, 0.84798 ], [ 35.50004, 0.84798 ], [ 35.5, 0.84797 ], [ 35.4999, 0.84795 ], [ 35.49983, 0.84795 ], [ 35.4995, 0.84795 ], [ 35.49917, 0.84795 ], [ 35.49887, 0.84785 ], [ 35.49868, 0.84773 ], [ 35.49841, 0.84756 ], [ 35.49811, 0.84738 ], [ 35.49783, 0.8472 ], [ 35.4976, 0.84713 ], [ 35.49734, 0.84713 ], [ 35.49692, 0.84699 ], [ 35.49666, 0.84686 ], [ 35.49629, 0.84676 ], [ 35.49603, 0.84672 ], [ 35.49583, 0.84669 ], [ 35.49561, 0.84674 ], [ 35.49535, 0.84679 ], [ 35.49508, 0.84678 ], [ 35.49489, 0.84681 ], [ 35.49469, 0.84684 ], [ 35.49457, 0.84682 ], [ 35.49456, 0.84682 ], [ 35.49434, 0.84668 ], [ 35.49432, 0.84647 ], [ 35.49423, 0.84636 ], [ 35.49414, 0.84624 ], [ 35.49379, 0.84601 ], [ 35.49337, 0.84561 ], [ 35.49307, 0.84533 ], [ 35.4927, 0.84512 ], [ 35.49248, 0.84501 ], [ 35.49228, 0.8449 ], [ 35.49181, 0.84484 ], [ 35.49154, 0.84477 ], [ 35.49141, 0.84464 ], [ 35.49106, 0.84456 ], [ 35.49104, 0.84456 ], [ 35.49103, 0.84456 ], [ 35.49083, 0.84462 ], [ 35.49086, 0.8448 ], [ 35.49093, 0.84506 ], [ 35.49102, 0.84514 ], [ 35.49107, 0.84525 ], [ 35.49104, 0.84553 ], [ 35.49092, 0.84563 ], [ 35.49088, 0.84576 ], [ 35.49068, 0.84614 ], [ 35.49056, 0.84631 ], [ 35.49055, 0.84633 ], [ 35.4905, 0.8464 ], [ 35.49046, 0.84661 ], [ 35.49045, 0.84664 ], [ 35.49048, 0.84684 ], [ 35.4907, 0.84704 ], [ 35.49102, 0.84722 ], [ 35.49142, 0.84763 ], [ 35.49157, 0.84783 ], [ 35.49161, 0.84788 ], [ 35.49162, 0.84794 ], [ 35.49166, 0.84809 ], [ 35.49166, 0.84825 ], [ 35.49166, 0.84834 ], [ 35.49171, 0.84851 ], [ 35.4918, 0.84868 ], [ 35.492, 0.84886 ], [ 35.49223, 0.84906 ], [ 35.49224, 0.84907 ], [ 35.49249, 0.84921 ], [ 35.4925, 0.84922 ], [ 35.49271, 0.84933 ], [ 35.49279, 0.84941 ], [ 35.4928, 0.84958 ], [ 35.4928, 0.84965 ], [ 35.49281, 0.84968 ], [ 35.49281, 0.85005 ], [ 35.49287, 0.85051 ], [ 35.49289, 0.85072 ], [ 35.49305, 0.85092 ], [ 35.49353, 0.85127 ], [ 35.49376, 0.85147 ], [ 35.49381, 0.85169 ], [ 35.49381, 0.85202 ], [ 35.49381, 0.85221 ], [ 35.49372, 0.85263 ], [ 35.4937, 0.8529 ], [ 35.49349, 0.85313 ], [ 35.49348, 0.85313 ], [ 35.49347, 0.85316 ], [ 35.49323, 0.85328 ], [ 35.49298, 0.85332 ], [ 35.49274, 0.85332 ], [ 35.49244, 0.85332 ], [ 35.49227, 0.85334 ], [ 35.49214, 0.85334 ], [ 35.492, 0.85336 ], [ 35.49197, 0.85337 ], [ 35.49196, 0.85337 ], [ 35.49177, 0.85355 ], [ 35.49175, 0.85372 ], [ 35.49175, 0.85373 ], [ 35.49175, 0.854 ], [ 35.49177, 0.85424 ], [ 35.49178, 0.85431 ], [ 35.49198, 0.85484 ], [ 35.49211, 0.8552 ], [ 35.49218, 0.85559 ], [ 35.49223, 0.85572 ], [ 35.49229, 0.85587 ], [ 35.49242, 0.8561 ], [ 35.49263, 0.85639 ], [ 35.49268, 0.85652 ], [ 35.49268, 0.85653 ], [ 35.4926, 0.85692 ], [ 35.49259, 0.85698 ], [ 35.49253, 0.85743 ], [ 35.4925, 0.8577 ], [ 35.49247, 0.858 ], [ 35.49247, 0.85803 ], [ 35.49214, 0.85853 ], [ 35.49193, 0.85885 ], [ 35.49192, 0.8589 ], [ 35.49191, 0.85905 ], [ 35.49194, 0.85916 ], [ 35.49194, 0.85916 ], [ 35.49199, 0.85927 ], [ 35.49208, 0.85945 ], [ 35.49216, 0.85959 ], [ 35.49221, 0.85971 ], [ 35.49223, 0.85979 ], [ 35.49225, 0.85984 ], [ 35.49225, 0.85985 ], [ 35.49226, 0.86005 ], [ 35.49224, 0.86027 ], [ 35.49205, 0.86055 ], [ 35.49197, 0.86068 ], [ 35.49192, 0.86072 ], [ 35.49168, 0.86093 ], [ 35.4913, 0.86116 ], [ 35.49102, 0.86141 ], [ 35.4909, 0.8616 ], [ 35.49084, 0.8617 ], [ 35.49072, 0.86197 ], [ 35.49049, 0.86236 ], [ 35.49042, 0.86265 ], [ 35.49042, 0.86283 ], [ 35.4905, 0.86297 ], [ 35.49054, 0.863 ], [ 35.49115, 0.86346 ], [ 35.49152, 0.86389 ], [ 35.49156, 0.86393 ], [ 35.49169, 0.86414 ], [ 35.49171, 0.8645 ], [ 35.49158, 0.8647 ], [ 35.49123, 0.86485 ], [ 35.49111, 0.8649 ], [ 35.49051, 0.86495 ], [ 35.49, 0.86499 ], [ 35.48942, 0.86501 ], [ 35.48902, 0.86504 ], [ 35.48879, 0.86522 ], [ 35.48866, 0.86542 ], [ 35.48863, 0.86584 ], [ 35.48861, 0.86632 ], [ 35.48846, 0.86673 ], [ 35.48845, 0.86674 ], [ 35.48834, 0.86697 ], [ 35.48832, 0.86701 ], [ 35.48832, 0.86735 ], [ 35.4885, 0.86765 ], [ 35.48857, 0.86775 ], [ 35.48857, 0.86779 ], [ 35.48857, 0.86852 ], [ 35.48857, 0.86862 ], [ 35.48857, 0.86928 ], [ 35.48854, 0.8695 ], [ 35.48848, 0.87003 ], [ 35.48832, 0.8705 ], [ 35.48816, 0.87097 ], [ 35.48816, 0.87126 ], [ 35.48823, 0.8713 ], [ 35.48834, 0.87136 ], [ 35.48841, 0.8714 ], [ 35.48848, 0.87142 ], [ 35.48877, 0.87149 ], [ 35.48884, 0.87169 ], [ 35.4887, 0.87194 ], [ 35.48857, 0.87223 ], [ 35.48798, 0.87254 ], [ 35.48793, 0.87257 ], [ 35.48778, 0.87266 ], [ 35.48767, 0.87272 ], [ 35.48767, 0.87297 ], [ 35.48773, 0.87315 ], [ 35.48778, 0.87319 ], [ 35.48821, 0.87355 ], [ 35.48879, 0.87385 ], [ 35.48885, 0.8739 ], [ 35.48917, 0.87421 ], [ 35.48944, 0.87466 ], [ 35.48942, 0.87499 ], [ 35.48931, 0.87522 ], [ 35.48902, 0.8754 ], [ 35.48866, 0.8754 ], [ 35.48812, 0.87537 ], [ 35.48793, 0.8754 ], [ 35.48791, 0.8754 ], [ 35.48778, 0.8754 ], [ 35.48772, 0.8754 ], [ 35.48449, 0.87535 ], [ 35.48007, 0.87527 ], [ 35.4739, 0.87508 ], [ 35.47384, 0.87508 ], [ 35.47384, 0.87508 ], [ 35.47166, 0.87501 ], [ 35.47023, 0.87497 ], [ 35.46538, 0.8751 ], [ 35.46131, 0.87521 ], [ 35.45943, 0.87531 ], [ 35.45901, 0.87527 ], [ 35.45851, 0.87522 ], [ 35.45678, 0.87512 ], [ 35.45677, 0.87512 ], [ 35.45677, 0.87512 ], [ 35.4568, 0.87532 ], [ 35.45683, 0.87552 ], [ 35.45683, 0.87616 ], [ 35.45686, 0.87653 ], [ 35.45698, 0.87688 ], [ 35.45712, 0.87713 ], [ 35.45749, 0.87757 ], [ 35.4576, 0.87769 ], [ 35.45774, 0.87785 ], [ 35.45781, 0.87793 ], [ 35.45802, 0.87812 ], [ 35.45812, 0.87827 ], [ 35.45815, 0.87846 ], [ 35.45817, 0.87884 ], [ 35.45818, 0.87963 ], [ 35.45828, 0.88008 ], [ 35.4583, 0.8802 ], [ 35.45831, 0.88024 ], [ 35.45836, 0.88035 ], [ 35.45839, 0.88041 ], [ 35.45851, 0.88053 ], [ 35.45866, 0.88074 ], [ 35.45875, 0.88097 ], [ 35.4588, 0.88116 ], [ 35.45887, 0.88141 ], [ 35.45889, 0.88146 ], [ 35.45893, 0.88161 ], [ 35.45904, 0.88179 ], [ 35.45917, 0.88196 ], [ 35.4592, 0.88199 ], [ 35.45935, 0.88221 ], [ 35.45943, 0.88233 ], [ 35.4596, 0.88257 ], [ 35.45991, 0.88303 ], [ 35.46014, 0.88341 ], [ 35.46017, 0.88352 ], [ 35.46021, 0.88365 ], [ 35.46033, 0.88384 ], [ 35.46055, 0.88407 ], [ 35.46073, 0.88425 ], [ 35.46082, 0.88433 ], [ 35.46096, 0.88447 ], [ 35.46096, 0.88447 ], [ 35.46121, 0.88467 ], [ 35.4616, 0.8849 ], [ 35.46185, 0.885 ], [ 35.46215, 0.88517 ], [ 35.46259, 0.88535 ], [ 35.46261, 0.88536 ], [ 35.4627, 0.8854 ], [ 35.46288, 0.88557 ], [ 35.4629, 0.88558 ], [ 35.46313, 0.88579 ], [ 35.46321, 0.88585 ], [ 35.46346, 0.88623 ], [ 35.46366, 0.88656 ], [ 35.46389, 0.88697 ], [ 35.46401, 0.88746 ], [ 35.46401, 0.88782 ], [ 35.46387, 0.88832 ], [ 35.46364, 0.88876 ], [ 35.46352, 0.88916 ], [ 35.46345, 0.88953 ], [ 35.46353, 0.88992 ], [ 35.46363, 0.89021 ], [ 35.46377, 0.89064 ], [ 35.46399, 0.89112 ], [ 35.46401, 0.89116 ], [ 35.46421, 0.89155 ], [ 35.46447, 0.89186 ], [ 35.46466, 0.89208 ], [ 35.46476, 0.89218 ], [ 35.46487, 0.89237 ], [ 35.46493, 0.89258 ], [ 35.46496, 0.89278 ], [ 35.46496, 0.89319 ], [ 35.46498, 0.8936 ], [ 35.46499, 0.8939 ], [ 35.46502, 0.89411 ], [ 35.46504, 0.89427 ], [ 35.46512, 0.89454 ], [ 35.4652, 0.89486 ], [ 35.46522, 0.89507 ], [ 35.46527, 0.89518 ], [ 35.4654, 0.8955 ], [ 35.46552, 0.89576 ], [ 35.46567, 0.89609 ], [ 35.46587, 0.89654 ], [ 35.46624, 0.89699 ], [ 35.46667, 0.89751 ], [ 35.46676, 0.8976 ], [ 35.46681, 0.89765 ], [ 35.46729, 0.89802 ], [ 35.46779, 0.89835 ], [ 35.46782, 0.89838 ], [ 35.4681, 0.89856 ], [ 35.46843, 0.89883 ], [ 35.4687, 0.89909 ], [ 35.46889, 0.89923 ], [ 35.469, 0.89931 ], [ 35.46915, 0.89938 ], [ 35.46937, 0.89948 ], [ 35.46943, 0.89961 ], [ 35.45809, 0.90108 ], [ 35.45727, 0.90124 ], [ 35.45606, 0.90138 ], [ 35.45507, 0.90147 ], [ 35.45144, 0.90194 ], [ 35.45025, 0.9021 ], [ 35.44077, 0.90333 ], [ 35.43961, 0.90349 ], [ 35.43556, 0.90405 ], [ 35.43343, 0.90441 ], [ 35.43273, 0.90453 ], [ 35.43151, 0.90466 ], [ 35.43091, 0.90474 ], [ 35.4296, 0.90491 ], [ 35.4276, 0.90511 ], [ 35.42349, 0.90576 ], [ 35.42158, 0.90605 ], [ 35.41953, 0.90626 ], [ 35.41788, 0.90648 ], [ 35.41774, 0.9065 ], [ 35.41737, 0.90656 ], [ 35.41602, 0.90676 ], [ 35.41589, 0.90677 ], [ 35.41587, 0.90695 ], [ 35.41571, 0.9085 ], [ 35.41553, 0.9103 ], [ 35.41542, 0.91187 ], [ 35.41572, 0.91426 ], [ 35.41589, 0.91533 ], [ 35.41591, 0.91543 ], [ 35.41632, 0.91723 ], [ 35.41679, 0.91934 ], [ 35.41722, 0.92116 ], [ 35.41796, 0.92323 ], [ 35.41852, 0.92502 ], [ 35.41895, 0.927 ], [ 35.41938, 0.92896 ], [ 35.41944, 0.92926 ], [ 35.41992, 0.93163 ], [ 35.42064, 0.93386 ], [ 35.42136, 0.93664 ], [ 35.42138, 0.93671 ], [ 35.42138, 0.93698 ], [ 35.42108, 0.93712 ], [ 35.41875, 0.93766 ], [ 35.41827, 0.93772 ], [ 35.41585, 0.93806 ], [ 35.41382, 0.93842 ], [ 35.40823, 0.93932 ], [ 35.406, 0.93972 ], [ 35.40405, 0.94002 ], [ 35.4026, 0.94027 ], [ 35.39991, 0.94074 ], [ 35.39809, 0.94112 ], [ 35.39555, 0.94161 ], [ 35.39124, 0.94233 ], [ 35.39099, 0.94238 ], [ 35.3895, 0.94265 ], [ 35.38658, 0.9433 ], [ 35.38561, 0.94339 ], [ 35.38554, 0.94335 ], [ 35.38525, 0.94319 ], [ 35.3848, 0.94274 ], [ 35.38453, 0.94244 ], [ 35.38447, 0.94213 ], [ 35.38442, 0.94172 ], [ 35.38411, 0.94134 ], [ 35.38357, 0.9408 ], [ 35.38354, 0.94075 ], [ 35.38325, 0.94022 ], [ 35.38319, 0.93984 ], [ 35.38292, 0.93829 ], [ 35.38242, 0.93743 ], [ 35.3819, 0.93696 ], [ 35.38161, 0.93667 ], [ 35.38103, 0.93658 ], [ 35.3798, 0.93636 ], [ 35.37961, 0.93633 ], [ 35.37915, 0.93611 ], [ 35.37887, 0.93597 ], [ 35.37882, 0.93595 ], [ 35.37847, 0.93566 ], [ 35.3781, 0.93496 ], [ 35.3781, 0.93496 ], [ 35.37828, 0.93479 ], [ 35.37828, 0.93478 ], [ 35.37755, 0.93511 ], [ 35.37702, 0.93529 ], [ 35.37147, 0.93806 ], [ 35.367, 0.94016 ], [ 35.36488, 0.94116 ], [ 35.36252, 0.94227 ], [ 35.35975, 0.94322 ], [ 35.3597, 0.94324 ], [ 35.35813, 0.94379 ], [ 35.35561, 0.94409 ], [ 35.3542, 0.94426 ], [ 35.35417, 0.94434 ], [ 35.35319, 0.94452 ], [ 35.35258, 0.94463 ], [ 35.35125, 0.94486 ], [ 35.34502, 0.94593 ], [ 35.34502, 0.94593 ], [ 35.34461, 0.94602 ], [ 35.34426, 0.94701 ], [ 35.34319, 0.9507 ], [ 35.34155, 0.95839 ], [ 35.34093, 0.96126 ], [ 35.34102, 0.9614 ], [ 35.34095, 0.96171 ], [ 35.34138, 0.96194 ], [ 35.34198, 0.96226 ], [ 35.34288, 0.96274 ], [ 35.34462, 0.96367 ], [ 35.34631, 0.96494 ], [ 35.34632, 0.96495 ], [ 35.3463, 0.96495 ], [ 35.34379, 0.96541 ], [ 35.33862, 0.96634 ], [ 35.33791, 0.96647 ], [ 35.3388, 0.96915 ], [ 35.33997, 0.97175 ], [ 35.3406, 0.97213 ], [ 35.34265, 0.97336 ], [ 35.34409, 0.97405 ], [ 35.34415, 0.97408 ], [ 35.3442, 0.9741 ], [ 35.34919, 0.97649 ], [ 35.35016, 0.97701 ], [ 35.35025, 0.97668 ], [ 35.35205, 0.97751 ], [ 35.3526, 0.97805 ], [ 35.35263, 0.9783 ], [ 35.35265, 0.97849 ], [ 35.35267, 0.97866 ], [ 35.35269, 0.97885 ], [ 35.35183, 0.98109 ], [ 35.35169, 0.9815 ], [ 35.34929, 0.98783 ], [ 35.34838, 0.99022 ], [ 35.34837, 0.99024 ], [ 35.34418, 1.00014 ], [ 35.34355, 1.00226 ], [ 35.34432, 1.00311 ], [ 35.34453, 1.00334 ], [ 35.34539, 1.00353 ], [ 35.35151, 1.00486 ], [ 35.35195, 1.00492 ], [ 35.35198, 1.00483 ], [ 35.35398, 1.00522 ], [ 35.35655, 1.00559 ], [ 35.35948, 1.00602 ], [ 35.3614, 1.00668 ], [ 35.36264, 1.00693 ], [ 35.36268, 1.00712 ], [ 35.36308, 1.00898 ], [ 35.36314, 1.00926 ], [ 35.36327, 1.00989 ], [ 35.36348, 1.01085 ], [ 35.36342, 1.01139 ], [ 35.36342, 1.01166 ], [ 35.36342, 1.01548 ], [ 35.36347, 1.01628 ], [ 35.36342, 1.01676 ], [ 35.36225, 1.01837 ], [ 35.36041, 1.01882 ], [ 35.35798, 1.01963 ], [ 35.35706, 1.01996 ], [ 35.35606, 1.02032 ], [ 35.35416, 1.02093 ], [ 35.35268, 1.02134 ], [ 35.3523, 1.02151 ], [ 35.35033, 1.02229 ], [ 35.34656, 1.02357 ], [ 35.34277, 1.02481 ], [ 35.33916, 1.0261 ], [ 35.33908, 1.02612 ], [ 35.33533, 1.02737 ], [ 35.33336, 1.02808 ], [ 35.33108, 1.02876 ], [ 35.32593, 1.03065 ], [ 35.32211, 1.03198 ], [ 35.31826, 1.03337 ], [ 35.31596, 1.03415 ], [ 35.31466, 1.03459 ], [ 35.31385, 1.03534 ], [ 35.31379, 1.03537 ], [ 35.31116, 1.03686 ], [ 35.30616, 1.0397 ], [ 35.30275, 1.04174 ], [ 35.29931, 1.04394 ], [ 35.29251, 1.04827 ], [ 35.29166, 1.04877 ], [ 35.29009, 1.0497 ], [ 35.29017, 1.04982 ], [ 35.28549, 1.05302 ], [ 35.28549, 1.05302 ], [ 35.28546, 1.05303 ], [ 35.28547, 1.05304 ], [ 35.28462, 1.05355 ], [ 35.27785, 1.05723 ], [ 35.27716, 1.05766 ], [ 35.27563, 1.05862 ], [ 35.27318, 1.06039 ], [ 35.27245, 1.06062 ], [ 35.27202, 1.06076 ], [ 35.27037, 1.06144 ], [ 35.26644, 1.06307 ], [ 35.26519, 1.06358 ], [ 35.2636, 1.06424 ], [ 35.26173, 1.06501 ], [ 35.26098, 1.06533 ], [ 35.26098, 1.06533 ], [ 35.26028, 1.06563 ], [ 35.25938, 1.06602 ], [ 35.25714, 1.06705 ], [ 35.25508, 1.06799 ], [ 35.25065, 1.06968 ], [ 35.24514, 1.07178 ], [ 35.24485, 1.07189 ], [ 35.24343, 1.07243 ], [ 35.24255, 1.07311 ], [ 35.24214, 1.07377 ], [ 35.24139, 1.07533 ], [ 35.23908, 1.07918 ], [ 35.23767, 1.0814 ], [ 35.23682, 1.08304 ], [ 35.23673, 1.08316 ], [ 35.23648, 1.08349 ], [ 35.23442, 1.08689 ], [ 35.23368, 1.08819 ], [ 35.23244, 1.09027 ], [ 35.22786, 1.09837 ], [ 35.22769, 1.09867 ], [ 35.22745, 1.09918 ], [ 35.22465, 1.10388 ], [ 35.22436, 1.10436 ], [ 35.22232, 1.10786 ], [ 35.22028, 1.1113 ], [ 35.21929, 1.11299 ], [ 35.21878, 1.11346 ], [ 35.21801, 1.11419 ], [ 35.21767, 1.11425 ], [ 35.21361, 1.11453 ], [ 35.21156, 1.11454 ], [ 35.20905, 1.11475 ], [ 35.20575, 1.1151 ], [ 35.2037, 1.11491 ], [ 35.20328, 1.11532 ], [ 35.20282, 1.11535 ], [ 35.19781, 1.1234 ], [ 35.19595, 1.12649 ], [ 35.19372, 1.13022 ], [ 35.19363, 1.13036 ], [ 35.19169, 1.13366 ], [ 35.18865, 1.13879 ], [ 35.18757, 1.14062 ], [ 35.18647, 1.14216 ], [ 35.18541, 1.14391 ], [ 35.18328, 1.14739 ], [ 35.17978, 1.15247 ], [ 35.17746, 1.15575 ], [ 35.17281, 1.16235 ], [ 35.17138, 1.16424 ], [ 35.16921, 1.1672 ], [ 35.16094, 1.17843 ], [ 35.15839, 1.18464 ], [ 35.15694, 1.1879 ], [ 35.15522, 1.19165 ], [ 35.15366, 1.19501 ], [ 35.15237, 1.19756 ], [ 35.15304, 1.1975 ], [ 35.15316, 1.19749 ], [ 35.15613, 1.19604 ], [ 35.15743, 1.19542 ], [ 35.15765, 1.19533 ], [ 35.16391, 1.19244 ], [ 35.17053, 1.18917 ], [ 35.17959, 1.185 ], [ 35.18788, 1.18096 ], [ 35.19404, 1.1778 ], [ 35.19518, 1.17733 ], [ 35.19958, 1.1755 ], [ 35.20678, 1.17192 ], [ 35.21425, 1.1684 ], [ 35.22726, 1.16227 ], [ 35.22795, 1.16193 ], [ 35.22836, 1.16173 ], [ 35.22938, 1.16122 ], [ 35.23471, 1.1586 ], [ 35.24036, 1.15594 ], [ 35.24079, 1.15574 ], [ 35.24514, 1.1537 ], [ 35.24916, 1.15189 ], [ 35.25131, 1.15152 ], [ 35.25154, 1.1516 ], [ 35.2556, 1.14971 ], [ 35.25851, 1.14846 ], [ 35.25923, 1.14813 ], [ 35.26144, 1.14714 ], [ 35.26191, 1.14693 ], [ 35.26258, 1.14663 ], [ 35.26467, 1.14568 ], [ 35.26601, 1.14508 ], [ 35.26934, 1.1435 ], [ 35.27551, 1.14057 ], [ 35.27968, 1.13853 ], [ 35.28, 1.13837 ], [ 35.28204, 1.13742 ], [ 35.28668, 1.13538 ], [ 35.28843, 1.13457 ], [ 35.28974, 1.13397 ], [ 35.2905, 1.13362 ], [ 35.29188, 1.13302 ], [ 35.29354, 1.13229 ], [ 35.29545, 1.13146 ], [ 35.29829, 1.13013 ], [ 35.30059, 1.12906 ], [ 35.30285, 1.12808 ], [ 35.30486, 1.12691 ], [ 35.30523, 1.12673 ], [ 35.30784, 1.12553 ], [ 35.3126, 1.12338 ], [ 35.3134, 1.123 ], [ 35.31637, 1.1216 ], [ 35.31909, 1.12043 ], [ 35.32088, 1.11967 ], [ 35.32137, 1.11946 ], [ 35.3218, 1.11922 ], [ 35.32329, 1.1184 ], [ 35.3251, 1.1174 ], [ 35.32522, 1.11735 ], [ 35.32539, 1.11727 ], [ 35.32543, 1.11725 ], [ 35.32555, 1.11727 ], [ 35.32555, 1.11727 ], [ 35.32688, 1.11749 ], [ 35.32685, 1.11738 ], [ 35.32862, 1.11814 ], [ 35.32886, 1.11823 ], [ 35.32947, 1.11846 ], [ 35.33117, 1.11911 ], [ 35.33234, 1.11956 ], [ 35.33596, 1.12127 ], [ 35.34086, 1.12387 ], [ 35.34415, 1.12536 ], [ 35.34517, 1.12583 ], [ 35.34714, 1.12676 ], [ 35.34731, 1.12684 ], [ 35.35025, 1.12801 ], [ 35.35106, 1.12844 ], [ 35.35387, 1.12993 ], [ 35.35424, 1.13012 ], [ 35.35541, 1.13068 ], [ 35.35634, 1.13117 ], [ 35.3574, 1.1317 ], [ 35.35822, 1.13227 ], [ 35.35968, 1.13325 ], [ 35.35975, 1.13332 ], [ 35.36005, 1.13365 ], [ 35.36391, 1.13684 ], [ 35.3644, 1.13723 ], [ 35.36881, 1.1407 ], [ 35.37151, 1.14308 ], [ 35.37282, 1.14423 ], [ 35.37812, 1.14857 ], [ 35.38021, 1.15026 ], [ 35.38026, 1.15022 ], [ 35.38026, 1.15022 ], [ 35.38064, 1.15052 ], [ 35.38065, 1.15052 ], [ 35.38084, 1.15058 ], [ 35.38099, 1.1506 ], [ 35.38452, 1.1536 ], [ 35.3872, 1.15587 ], [ 35.38812, 1.15665 ], [ 35.39178, 1.15973 ], [ 35.3945, 1.16187 ], [ 35.39519, 1.16247 ], [ 35.39747, 1.16422 ], [ 35.40179, 1.16774 ], [ 35.40187, 1.16766 ], [ 35.40642, 1.17123 ], [ 35.40642, 1.17123 ], [ 35.41812, 1.18061 ], [ 35.42414, 1.18543 ] ] ] } }
]
}
