{
"type": "FeatureCollection",
"crs": { "type": "name", "properties": { "name": "urn:ogc:def:crs:OGC:1.3:CRS84" } },
"features": [
{ "type": "Feature", "properties": { "entity_id": 82, "p_entity": 7, "name": "Manyatta  Sub County" }, "geometry": { "type": "Polygon", "coordinates": [ [ [ 37.55032, -0.36041 ], [ 37.55029, -0.36043 ], [ 37.54943, -0.35984 ], [ 37.54765, -0.35922 ], [ 37.54523, -0.3588 ], [ 37.5428, -0.35812 ], [ 37.53997, -0.35717 ], [ 37.53898, -0.35717 ], [ 37.53818, -0.35774 ], [ 37.53695, -0.35847 ], [ 37.53627, -0.35909 ], [ 37.53559, -0.3596 ], [ 37.53477, -0.36035 ], [ 37.53307, -0.3614 ], [ 37.53086, -0.36285 ], [ 37.52894, -0.36378 ], [ 37.52703, -0.36259 ], [ 37.52554, -0.3618 ], [ 37.52312, -0.36025 ], [ 37.5214, -0.35925 ], [ 37.52013, -0.35841 ], [ 37.51932, -0.35791 ], [ 37.51499, -0.35539 ], [ 37.51312, -0.35414 ], [ 37.512, -0.35352 ], [ 37.51113, -0.35316 ], [ 37.5096, -0.35276 ], [ 37.50847, -0.35253 ], [ 37.50777, -0.3525 ], [ 37.50688, -0.35278 ], [ 37.50652, -0.35295 ], [ 37.50612, -0.35308 ], [ 37.50595, -0.35344 ], [ 37.50539, -0.35367 ], [ 37.50465, -0.35378 ], [ 37.50387, -0.35384 ], [ 37.50304, -0.35384 ], [ 37.50234, -0.35382 ], [ 37.50204, -0.35384 ], [ 37.5016, -0.35369 ], [ 37.50108, -0.35357 ], [ 37.50086, -0.35364 ], [ 37.50072, -0.35379 ], [ 37.50072, -0.35327 ], [ 37.5008, -0.35158 ], [ 37.5008, -0.3502 ], [ 37.5008, -0.34884 ], [ 37.50024, -0.34859 ], [ 37.49878, -0.34848 ], [ 37.49688, -0.3484 ], [ 37.49515, -0.3482 ], [ 37.49374, -0.34797 ], [ 37.4916, -0.34747 ], [ 37.48997, -0.3471 ], [ 37.48886, -0.3471 ], [ 37.48848, -0.34706 ], [ 37.48794, -0.34681 ], [ 37.48745, -0.34658 ], [ 37.48708, -0.34643 ], [ 37.4866, -0.34618 ], [ 37.48616, -0.34599 ], [ 37.48583, -0.34589 ], [ 37.48421, -0.34596 ], [ 37.48356, -0.34596 ], [ 37.48321, -0.34599 ], [ 37.48286, -0.34601 ], [ 37.48245, -0.34596 ], [ 37.48205, -0.34591 ], [ 37.48083, -0.34651 ], [ 37.48067, -0.34678 ], [ 37.48025, -0.34698 ], [ 37.47999, -0.34786 ], [ 37.47979, -0.34899 ], [ 37.47988, -0.34954 ], [ 37.4801, -0.34986 ], [ 37.48013, -0.35021 ], [ 37.48018, -0.35051 ], [ 37.48017, -0.35076 ], [ 37.47995, -0.35112 ], [ 37.47987, -0.35156 ], [ 37.47987, -0.35204 ], [ 37.47978, -0.35237 ], [ 37.47978, -0.35251 ], [ 37.48005, -0.35272 ], [ 37.48027, -0.35292 ], [ 37.48045, -0.35334 ], [ 37.4805, -0.35376 ], [ 37.48067, -0.35412 ], [ 37.48082, -0.3544 ], [ 37.48115, -0.35479 ], [ 37.48115, -0.3551 ], [ 37.48112, -0.35537 ], [ 37.48132, -0.35559 ], [ 37.48168, -0.35565 ], [ 37.48213, -0.35584 ], [ 37.48253, -0.35592 ], [ 37.48283, -0.356 ], [ 37.48298, -0.35625 ], [ 37.48306, -0.35664 ], [ 37.48345, -0.35685 ], [ 37.4837, -0.3569 ], [ 37.48391, -0.35722 ], [ 37.4842, -0.35727 ], [ 37.48461, -0.3573 ], [ 37.48496, -0.3573 ], [ 37.48526, -0.35752 ], [ 37.48553, -0.3578 ], [ 37.486, -0.35799 ], [ 37.48625, -0.35819 ], [ 37.48643, -0.35852 ], [ 37.48653, -0.35879 ], [ 37.48645, -0.35925 ], [ 37.48645, -0.35962 ], [ 37.48656, -0.35994 ], [ 37.48678, -0.36069 ], [ 37.48723, -0.36132 ], [ 37.48778, -0.36188 ], [ 37.48849, -0.3623 ], [ 37.48849, -0.36237 ], [ 37.48836, -0.36274 ], [ 37.48846, -0.36278 ], [ 37.48876, -0.36298 ], [ 37.48891, -0.36325 ], [ 37.48906, -0.36355 ], [ 37.48942, -0.3637 ], [ 37.48964, -0.3639 ], [ 37.48995, -0.3643 ], [ 37.48999, -0.36476 ], [ 37.49009, -0.36521 ], [ 37.49009, -0.36566 ], [ 37.49009, -0.36601 ], [ 37.49039, -0.36617 ], [ 37.49088, -0.36631 ], [ 37.49126, -0.36633 ], [ 37.49147, -0.36648 ], [ 37.49146, -0.3667 ], [ 37.49141, -0.36704 ], [ 37.49134, -0.3673 ], [ 37.49143, -0.36758 ], [ 37.49169, -0.36769 ], [ 37.49204, -0.36786 ], [ 37.49219, -0.36818 ], [ 37.49227, -0.36871 ], [ 37.49227, -0.36902 ], [ 37.49199, -0.36959 ], [ 37.49191, -0.37006 ], [ 37.49202, -0.37033 ], [ 37.49221, -0.37069 ], [ 37.49245, -0.37113 ], [ 37.49261, -0.37149 ], [ 37.49294, -0.37173 ], [ 37.4934, -0.37185 ], [ 37.4937, -0.372 ], [ 37.49384, -0.3725 ], [ 37.4939, -0.37334 ], [ 37.49392, -0.37364 ], [ 37.49409, -0.37397 ], [ 37.49419, -0.37428 ], [ 37.49405, -0.37477 ], [ 37.49382, -0.37507 ], [ 37.49369, -0.37538 ], [ 37.49356, -0.37585 ], [ 37.49327, -0.37613 ], [ 37.49308, -0.3764 ], [ 37.49301, -0.3769 ], [ 37.49282, -0.37728 ], [ 37.49275, -0.37782 ], [ 37.49283, -0.37841 ], [ 37.49286, -0.37906 ], [ 37.49279, -0.37957 ], [ 37.49276, -0.37986 ], [ 37.49267, -0.38015 ], [ 37.49244, -0.38043 ], [ 37.4923, -0.38069 ], [ 37.49223, -0.38096 ], [ 37.49233, -0.38137 ], [ 37.49252, -0.38164 ], [ 37.49268, -0.3818 ], [ 37.49289, -0.38195 ], [ 37.49318, -0.38202 ], [ 37.49351, -0.38201 ], [ 37.49381, -0.38196 ], [ 37.49404, -0.38196 ], [ 37.49416, -0.38213 ], [ 37.49434, -0.38239 ], [ 37.49456, -0.38251 ], [ 37.49488, -0.38252 ], [ 37.49507, -0.38258 ], [ 37.49521, -0.38275 ], [ 37.49532, -0.38301 ], [ 37.49549, -0.38319 ], [ 37.49578, -0.38324 ], [ 37.49598, -0.38342 ], [ 37.49601, -0.38369 ], [ 37.49617, -0.38389 ], [ 37.49646, -0.38399 ], [ 37.49676, -0.38396 ], [ 37.497, -0.38411 ], [ 37.49729, -0.38437 ], [ 37.49729, -0.38471 ], [ 37.49731, -0.38506 ], [ 37.49739, -0.38531 ], [ 37.4976, -0.38556 ], [ 37.49773, -0.38578 ], [ 37.49771, -0.386 ], [ 37.49761, -0.38632 ], [ 37.49731, -0.38672 ], [ 37.49708, -0.38713 ], [ 37.49676, -0.38742 ], [ 37.49672, -0.38767 ], [ 37.4967, -0.38801 ], [ 37.49663, -0.38823 ], [ 37.49654, -0.38844 ], [ 37.49661, -0.38873 ], [ 37.49673, -0.38901 ], [ 37.49672, -0.38928 ], [ 37.49651, -0.38965 ], [ 37.49651, -0.3899 ], [ 37.49678, -0.39004 ], [ 37.49715, -0.39015 ], [ 37.49749, -0.39015 ], [ 37.49777, -0.39015 ], [ 37.49802, -0.39015 ], [ 37.49821, -0.39025 ], [ 37.49841, -0.39044 ], [ 37.49843, -0.39061 ], [ 37.49939, -0.39099 ], [ 37.50011, -0.3915 ], [ 37.50056, -0.39178 ], [ 37.50083, -0.39279 ], [ 37.50125, -0.39391 ], [ 37.50156, -0.39459 ], [ 37.50183, -0.39521 ], [ 37.50198, -0.39574 ], [ 37.50211, -0.39673 ], [ 37.50221, -0.39754 ], [ 37.50229, -0.39825 ], [ 37.50253, -0.40049 ], [ 37.50266, -0.40135 ], [ 37.50283, -0.40204 ], [ 37.50298, -0.40237 ], [ 37.50305, -0.40252 ], [ 37.5034, -0.40293 ], [ 37.50451, -0.40367 ], [ 37.50476, -0.40383 ], [ 37.50553, -0.40447 ], [ 37.50673, -0.40512 ], [ 37.50724, -0.40545 ], [ 37.50781, -0.40607 ], [ 37.50831, -0.40652 ], [ 37.50868, -0.40679 ], [ 37.50934, -0.40725 ], [ 37.50996, -0.40805 ], [ 37.51084, -0.40901 ], [ 37.51134, -0.40953 ], [ 37.51197, -0.41023 ], [ 37.51305, -0.41163 ], [ 37.51332, -0.41199 ], [ 37.51367, -0.41254 ], [ 37.51406, -0.41337 ], [ 37.51427, -0.41354 ], [ 37.51447, -0.41369 ], [ 37.51521, -0.41377 ], [ 37.51642, -0.41401 ], [ 37.51707, -0.41406 ], [ 37.51774, -0.41417 ], [ 37.51844, -0.41434 ], [ 37.51874, -0.41454 ], [ 37.5191, -0.41496 ], [ 37.51962, -0.41591 ], [ 37.51987, -0.41649 ], [ 37.52064, -0.4172 ], [ 37.52127, -0.41739 ], [ 37.5219, -0.41749 ], [ 37.52255, -0.41744 ], [ 37.52308, -0.41756 ], [ 37.52341, -0.41774 ], [ 37.52366, -0.41824 ], [ 37.52401, -0.41896 ], [ 37.52414, -0.41913 ], [ 37.52431, -0.41936 ], [ 37.52491, -0.41961 ], [ 37.52538, -0.41968 ], [ 37.52573, -0.41974 ], [ 37.52643, -0.41974 ], [ 37.52683, -0.41956 ], [ 37.527, -0.41951 ], [ 37.52733, -0.41962 ], [ 37.5277, -0.41974 ], [ 37.52815, -0.42012 ], [ 37.52851, -0.42072 ], [ 37.52962, -0.42151 ], [ 37.53025, -0.42205 ], [ 37.53033, -0.42212 ], [ 37.53121, -0.42349 ], [ 37.53122, -0.42351 ], [ 37.5319, -0.42442 ], [ 37.53319, -0.42549 ], [ 37.53402, -0.42612 ], [ 37.53392, -0.42632 ], [ 37.53392, -0.42655 ], [ 37.53401, -0.4268 ], [ 37.53442, -0.42717 ], [ 37.53479, -0.42742 ], [ 37.53516, -0.42754 ], [ 37.53554, -0.42764 ], [ 37.53581, -0.42793 ], [ 37.53604, -0.42833 ], [ 37.53631, -0.4286 ], [ 37.53655, -0.42872 ], [ 37.53697, -0.42888 ], [ 37.53747, -0.42903 ], [ 37.53792, -0.42928 ], [ 37.53849, -0.42972 ], [ 37.53902, -0.43005 ], [ 37.53927, -0.43027 ], [ 37.53945, -0.43065 ], [ 37.53965, -0.43092 ], [ 37.5398, -0.43125 ], [ 37.53989, -0.43155 ], [ 37.54015, -0.43173 ], [ 37.54049, -0.43173 ], [ 37.54084, -0.43178 ], [ 37.54124, -0.43193 ], [ 37.54149, -0.43217 ], [ 37.5418, -0.43253 ], [ 37.54212, -0.43259 ], [ 37.5422, -0.43273 ], [ 37.54259, -0.43341 ], [ 37.54274, -0.43387 ], [ 37.54284, -0.43516 ], [ 37.54292, -0.43689 ], [ 37.5431, -0.43775 ], [ 37.54328, -0.43805 ], [ 37.54362, -0.43827 ], [ 37.54413, -0.43829 ], [ 37.54462, -0.43837 ], [ 37.54495, -0.43855 ], [ 37.54508, -0.43909 ], [ 37.54488, -0.43965 ], [ 37.54462, -0.44004 ], [ 37.544, -0.44079 ], [ 37.54378, -0.44112 ], [ 37.54368, -0.44155 ], [ 37.54378, -0.44237 ], [ 37.54395, -0.44283 ], [ 37.54398, -0.4431 ], [ 37.5442, -0.44377 ], [ 37.54423, -0.44427 ], [ 37.5444, -0.44465 ], [ 37.5444, -0.44505 ], [ 37.54447, -0.44582 ], [ 37.54442, -0.44648 ], [ 37.54452, -0.44688 ], [ 37.54485, -0.44738 ], [ 37.54528, -0.44795 ], [ 37.54547, -0.44835 ], [ 37.54543, -0.44876 ], [ 37.54523, -0.44913 ], [ 37.54498, -0.44945 ], [ 37.54488, -0.44978 ], [ 37.54485, -0.45018 ], [ 37.54483, -0.45061 ], [ 37.54475, -0.45095 ], [ 37.54472, -0.45125 ], [ 37.54472, -0.45154 ], [ 37.54473, -0.45184 ], [ 37.54462, -0.45218 ], [ 37.5444, -0.45274 ], [ 37.54443, -0.45316 ], [ 37.54457, -0.45358 ], [ 37.54452, -0.45386 ], [ 37.54428, -0.45418 ], [ 37.54402, -0.45453 ], [ 37.54395, -0.45499 ], [ 37.54405, -0.45529 ], [ 37.5443, -0.45558 ], [ 37.5444, -0.45601 ], [ 37.54448, -0.45699 ], [ 37.5446, -0.45747 ], [ 37.5449, -0.45782 ], [ 37.54527, -0.45802 ], [ 37.54542, -0.45832 ], [ 37.5455, -0.45884 ], [ 37.54568, -0.45926 ], [ 37.54575, -0.45959 ], [ 37.54563, -0.46074 ], [ 37.54552, -0.46177 ], [ 37.54552, -0.46209 ], [ 37.5458, -0.46224 ], [ 37.54623, -0.46215 ], [ 37.5466, -0.4622 ], [ 37.54712, -0.46257 ], [ 37.54758, -0.463 ], [ 37.54773, -0.46339 ], [ 37.5479, -0.46367 ], [ 37.54817, -0.4637 ], [ 37.54835, -0.46387 ], [ 37.54837, -0.46415 ], [ 37.54832, -0.46445 ], [ 37.54817, -0.46484 ], [ 37.54817, -0.46509 ], [ 37.54818, -0.46525 ], [ 37.54813, -0.46543 ], [ 37.54805, -0.46558 ], [ 37.54815, -0.4658 ], [ 37.5483, -0.46593 ], [ 37.54841, -0.466 ], [ 37.54853, -0.46607 ], [ 37.54863, -0.46633 ], [ 37.54861, -0.46658 ], [ 37.54835, -0.4668 ], [ 37.54835, -0.46707 ], [ 37.54846, -0.46728 ], [ 37.54863, -0.46743 ], [ 37.54856, -0.46773 ], [ 37.54865, -0.46797 ], [ 37.54891, -0.4681 ], [ 37.5493, -0.46833 ], [ 37.54941, -0.4685 ], [ 37.54961, -0.46912 ], [ 37.5498, -0.4695 ], [ 37.54985, -0.46985 ], [ 37.54965, -0.47016 ], [ 37.54948, -0.47046 ], [ 37.54913, -0.47075 ], [ 37.54866, -0.47098 ], [ 37.54833, -0.4713 ], [ 37.54818, -0.47161 ], [ 37.5481, -0.47196 ], [ 37.54823, -0.47223 ], [ 37.54853, -0.47246 ], [ 37.54875, -0.47266 ], [ 37.5488, -0.47288 ], [ 37.54863, -0.47308 ], [ 37.54813, -0.47341 ], [ 37.54778, -0.47373 ], [ 37.5477, -0.47396 ], [ 37.54762, -0.4742 ], [ 37.5476, -0.47428 ], [ 37.54783, -0.47451 ], [ 37.54812, -0.47481 ], [ 37.54848, -0.47489 ], [ 37.54866, -0.47506 ], [ 37.54855, -0.47553 ], [ 37.54846, -0.47636 ], [ 37.5488, -0.47648 ], [ 37.54928, -0.47643 ], [ 37.55, -0.47643 ], [ 37.55051, -0.47649 ], [ 37.55091, -0.47669 ], [ 37.55121, -0.47703 ], [ 37.55111, -0.47729 ], [ 37.55088, -0.47749 ], [ 37.5504, -0.47748 ], [ 37.55013, -0.47749 ], [ 37.55001, -0.47763 ], [ 37.5502, -0.47788 ], [ 37.55038, -0.47806 ], [ 37.55026, -0.47836 ], [ 37.55026, -0.47861 ], [ 37.55048, -0.47888 ], [ 37.5511, -0.47926 ], [ 37.55128, -0.47957 ], [ 37.55153, -0.47979 ], [ 37.55173, -0.48019 ], [ 37.5517, -0.48071 ], [ 37.55169, -0.48072 ], [ 37.55153, -0.48117 ], [ 37.55128, -0.48152 ], [ 37.55073, -0.48166 ], [ 37.5504, -0.48157 ], [ 37.55013, -0.48152 ], [ 37.54993, -0.48159 ], [ 37.54978, -0.48176 ], [ 37.55005, -0.48207 ], [ 37.54996, -0.48234 ], [ 37.54971, -0.48246 ], [ 37.54941, -0.48256 ], [ 37.54926, -0.48281 ], [ 37.54921, -0.48322 ], [ 37.54921, -0.48374 ], [ 37.5491, -0.48396 ], [ 37.54885, -0.48386 ], [ 37.5484, -0.48367 ], [ 37.54797, -0.48351 ], [ 37.54768, -0.48352 ], [ 37.54748, -0.48376 ], [ 37.54737, -0.48414 ], [ 37.54738, -0.48445 ], [ 37.54744, -0.48482 ], [ 37.54775, -0.48496 ], [ 37.54797, -0.48479 ], [ 37.54827, -0.48477 ], [ 37.54862, -0.48489 ], [ 37.54877, -0.48499 ], [ 37.54882, -0.48517 ], [ 37.54879, -0.48537 ], [ 37.54862, -0.48555 ], [ 37.54889, -0.4857 ], [ 37.54917, -0.4857 ], [ 37.54945, -0.48585 ], [ 37.54952, -0.486 ], [ 37.5495, -0.48624 ], [ 37.54928, -0.48649 ], [ 37.54913, -0.48662 ], [ 37.5491, -0.4868 ], [ 37.54922, -0.48694 ], [ 37.54955, -0.48715 ], [ 37.54972, -0.4873 ], [ 37.54963, -0.48744 ], [ 37.54953, -0.48779 ], [ 37.54962, -0.488 ], [ 37.54995, -0.48824 ], [ 37.5504, -0.48855 ], [ 37.55068, -0.48872 ], [ 37.55105, -0.48882 ], [ 37.55165, -0.48897 ], [ 37.55195, -0.48912 ], [ 37.5525, -0.4895 ], [ 37.55305, -0.4898 ], [ 37.55362, -0.49002 ], [ 37.55387, -0.49045 ], [ 37.55398, -0.49095 ], [ 37.55413, -0.4917 ], [ 37.5542, -0.49353 ], [ 37.55423, -0.49425 ], [ 37.55438, -0.49525 ], [ 37.5547, -0.4957 ], [ 37.55496, -0.49588 ], [ 37.55548, -0.49596 ], [ 37.5559, -0.49613 ], [ 37.55623, -0.49635 ], [ 37.5566, -0.4966 ], [ 37.55708, -0.49683 ], [ 37.55765, -0.49706 ], [ 37.55796, -0.49731 ], [ 37.55815, -0.49766 ], [ 37.55826, -0.49808 ], [ 37.55826, -0.49833 ], [ 37.55825, -0.49858 ], [ 37.55805, -0.49885 ], [ 37.55776, -0.49919 ], [ 37.55776, -0.49946 ], [ 37.55805, -0.49966 ], [ 37.55838, -0.49991 ], [ 37.5587, -0.50024 ], [ 37.5586, -0.50099 ], [ 37.55843, -0.50143 ], [ 37.55828, -0.50186 ], [ 37.55818, -0.50241 ], [ 37.5583, -0.50268 ], [ 37.55866, -0.50278 ], [ 37.55898, -0.50296 ], [ 37.55913, -0.50313 ], [ 37.55993, -0.50353 ], [ 37.56043, -0.50379 ], [ 37.56078, -0.50392 ], [ 37.56131, -0.50394 ], [ 37.56191, -0.50399 ], [ 37.56231, -0.50402 ], [ 37.56281, -0.50422 ], [ 37.56328, -0.50431 ], [ 37.56363, -0.50427 ], [ 37.56403, -0.50392 ], [ 37.56433, -0.50366 ], [ 37.56478, -0.50343 ], [ 37.56518, -0.50343 ], [ 37.56559, -0.50339 ], [ 37.56597, -0.50329 ], [ 37.56636, -0.50311 ], [ 37.5666, -0.503 ], [ 37.56671, -0.50296 ], [ 37.56699, -0.50304 ], [ 37.56734, -0.50338 ], [ 37.56774, -0.50338 ], [ 37.56804, -0.50351 ], [ 37.56817, -0.50379 ], [ 37.56824, -0.50397 ], [ 37.56847, -0.50397 ], [ 37.56867, -0.50397 ], [ 37.56884, -0.50402 ], [ 37.56906, -0.50417 ], [ 37.56922, -0.50404 ], [ 37.56944, -0.50392 ], [ 37.56971, -0.50392 ], [ 37.56982, -0.50402 ], [ 37.57007, -0.50416 ], [ 37.57006, -0.50452 ], [ 37.57019, -0.50484 ], [ 37.57059, -0.50497 ], [ 37.57099, -0.50506 ], [ 37.5712, -0.50527 ], [ 37.57129, -0.50559 ], [ 37.57134, -0.50624 ], [ 37.5713, -0.50701 ], [ 37.57127, -0.50727 ], [ 37.5715, -0.50746 ], [ 37.57177, -0.50754 ], [ 37.57219, -0.50756 ], [ 37.5726, -0.50762 ], [ 37.57305, -0.50762 ], [ 37.57335, -0.50776 ], [ 37.5741, -0.50827 ], [ 37.57447, -0.50854 ], [ 37.57479, -0.50855 ], [ 37.57505, -0.50855 ], [ 37.57532, -0.50867 ], [ 37.5756, -0.5089 ], [ 37.57582, -0.50924 ], [ 37.57614, -0.50952 ], [ 37.57643, -0.50969 ], [ 37.57677, -0.50985 ], [ 37.57708, -0.50985 ], [ 37.57742, -0.50995 ], [ 37.57773, -0.51017 ], [ 37.57795, -0.51042 ], [ 37.57828, -0.51055 ], [ 37.57858, -0.5104 ], [ 37.57897, -0.51032 ], [ 37.57933, -0.5102 ], [ 37.57967, -0.5102 ], [ 37.58018, -0.5103 ], [ 37.5808, -0.51027 ], [ 37.58128, -0.51022 ], [ 37.58163, -0.51015 ], [ 37.58213, -0.51015 ], [ 37.58243, -0.51019 ], [ 37.58276, -0.51025 ], [ 37.58335, -0.51054 ], [ 37.58405, -0.51077 ], [ 37.58496, -0.5112 ], [ 37.58576, -0.51159 ], [ 37.58628, -0.51195 ], [ 37.58671, -0.5122 ], [ 37.58716, -0.51239 ], [ 37.58804, -0.51265 ], [ 37.58946, -0.51297 ], [ 37.59043, -0.5132 ], [ 37.59126, -0.51337 ], [ 37.59181, -0.51343 ], [ 37.59226, -0.5135 ], [ 37.59274, -0.5135 ], [ 37.59302, -0.51352 ], [ 37.59347, -0.51377 ], [ 37.59387, -0.514 ], [ 37.59441, -0.5144 ], [ 37.59494, -0.51462 ], [ 37.59554, -0.51473 ], [ 37.59611, -0.51477 ], [ 37.59667, -0.51475 ], [ 37.59711, -0.51475 ], [ 37.59754, -0.51475 ], [ 37.59766, -0.51494 ], [ 37.59795, -0.51512 ], [ 37.59826, -0.51512 ], [ 37.59843, -0.51535 ], [ 37.59871, -0.51544 ], [ 37.59896, -0.51535 ], [ 37.59925, -0.51532 ], [ 37.5995, -0.5153 ], [ 37.59968, -0.51539 ], [ 37.59966, -0.51559 ], [ 37.59951, -0.51582 ], [ 37.59943, -0.51602 ], [ 37.59948, -0.51632 ], [ 37.59948, -0.51662 ], [ 37.59928, -0.51694 ], [ 37.59933, -0.51715 ], [ 37.5996, -0.51714 ], [ 37.5997, -0.51727 ], [ 37.59998, -0.51745 ], [ 37.60016, -0.51739 ], [ 37.6003, -0.5174 ], [ 37.6003, -0.51769 ], [ 37.60026, -0.51789 ], [ 37.60053, -0.51805 ], [ 37.60056, -0.51825 ], [ 37.60054, -0.51845 ], [ 37.60054, -0.51849 ], [ 37.6005, -0.51849 ], [ 37.6005, -0.51849 ], [ 37.60045, -0.51845 ], [ 37.60044, -0.51844 ], [ 37.60044, -0.51838 ], [ 37.60038, -0.51838 ], [ 37.60032, -0.51838 ], [ 37.60032, -0.51832 ], [ 37.60027, -0.51832 ], [ 37.60021, -0.51832 ], [ 37.60015, -0.51832 ], [ 37.60009, -0.51832 ], [ 37.60004, -0.51832 ], [ 37.59998, -0.51832 ], [ 37.59992, -0.51832 ], [ 37.59987, -0.51832 ], [ 37.59981, -0.51832 ], [ 37.59975, -0.51832 ], [ 37.59969, -0.51832 ], [ 37.59964, -0.51832 ], [ 37.59958, -0.51832 ], [ 37.59958, -0.51838 ], [ 37.59952, -0.51838 ], [ 37.59946, -0.51838 ], [ 37.59941, -0.51838 ], [ 37.59935, -0.51838 ], [ 37.59929, -0.51838 ], [ 37.59924, -0.51838 ], [ 37.59918, -0.51838 ], [ 37.59912, -0.51838 ], [ 37.59906, -0.51838 ], [ 37.59901, -0.51838 ], [ 37.59683, -0.51832 ], [ 37.58971, -0.51868 ], [ 37.58892, -0.51872 ], [ 37.58377, -0.51964 ], [ 37.58314, -0.52227 ], [ 37.58308, -0.52227 ], [ 37.58302, -0.52227 ], [ 37.58297, -0.52227 ], [ 37.58291, -0.52227 ], [ 37.58279, -0.52227 ], [ 37.58274, -0.52227 ], [ 37.58268, -0.52227 ], [ 37.58262, -0.52227 ], [ 37.58256, -0.52227 ], [ 37.58251, -0.52227 ], [ 37.58239, -0.52227 ], [ 37.58234, -0.52227 ], [ 37.58228, -0.52227 ], [ 37.58222, -0.52227 ], [ 37.58216, -0.52227 ], [ 37.58211, -0.52227 ], [ 37.58205, -0.52227 ], [ 37.58199, -0.52227 ], [ 37.58193, -0.52227 ], [ 37.58188, -0.52227 ], [ 37.58188, -0.52233 ], [ 37.58182, -0.52233 ], [ 37.58176, -0.52233 ], [ 37.58171, -0.52233 ], [ 37.58165, -0.52233 ], [ 37.58159, -0.52233 ], [ 37.58153, -0.52233 ], [ 37.58148, -0.52233 ], [ 37.58142, -0.52233 ], [ 37.58142, -0.52239 ], [ 37.58136, -0.52239 ], [ 37.5813, -0.52239 ], [ 37.5813, -0.52245 ], [ 37.58125, -0.52245 ], [ 37.58125, -0.5225 ], [ 37.58119, -0.5225 ], [ 37.58119, -0.52256 ], [ 37.58113, -0.52256 ], [ 37.58113, -0.52262 ], [ 37.58108, -0.52262 ], [ 37.58102, -0.52262 ], [ 37.58096, -0.52262 ], [ 37.5809, -0.52268 ], [ 37.58085, -0.52268 ], [ 37.58085, -0.52273 ], [ 37.58079, -0.52273 ], [ 37.58079, -0.52279 ], [ 37.58073, -0.52285 ], [ 37.58067, -0.5229 ], [ 37.58062, -0.5229 ], [ 37.58056, -0.5229 ], [ 37.5805, -0.5229 ], [ 37.58045, -0.5229 ], [ 37.58044, -0.5229 ], [ 37.58039, -0.5229 ], [ 37.58039, -0.5229 ], [ 37.58038, -0.5229 ], [ 37.58033, -0.52285 ], [ 37.58027, -0.52285 ], [ 37.58022, -0.52285 ], [ 37.58016, -0.52285 ], [ 37.5801, -0.52285 ], [ 37.58005, -0.52285 ], [ 37.58004, -0.52285 ], [ 37.57999, -0.52285 ], [ 37.57993, -0.52285 ], [ 37.57987, -0.52285 ], [ 37.57981, -0.52285 ], [ 37.57976, -0.52285 ], [ 37.57974, -0.52285 ], [ 37.5797, -0.52285 ], [ 37.57964, -0.52285 ], [ 37.57959, -0.52285 ], [ 37.57953, -0.52285 ], [ 37.57949, -0.52285 ], [ 37.57947, -0.52285 ], [ 37.57941, -0.52285 ], [ 37.57936, -0.52285 ], [ 37.57924, -0.52285 ], [ 37.57918, -0.52285 ], [ 37.57913, -0.52285 ], [ 37.57907, -0.52285 ], [ 37.57901, -0.52285 ], [ 37.57896, -0.5229 ], [ 37.5789, -0.5229 ], [ 37.5789, -0.52296 ], [ 37.57884, -0.52296 ], [ 37.57884, -0.52302 ], [ 37.57878, -0.52302 ], [ 37.57873, -0.52308 ], [ 37.57867, -0.52308 ], [ 37.57861, -0.52308 ], [ 37.57855, -0.52313 ], [ 37.5785, -0.52313 ], [ 37.57844, -0.52313 ], [ 37.57844, -0.52319 ], [ 37.57838, -0.52319 ], [ 37.57833, -0.52319 ], [ 37.57833, -0.52325 ], [ 37.57827, -0.52325 ], [ 37.57821, -0.52325 ], [ 37.57815, -0.52325 ], [ 37.5781, -0.52325 ], [ 37.5781, -0.52331 ], [ 37.57804, -0.52331 ], [ 37.57804, -0.52336 ], [ 37.57798, -0.52336 ], [ 37.57792, -0.52336 ], [ 37.57787, -0.52336 ], [ 37.57787, -0.52342 ], [ 37.57781, -0.52342 ], [ 37.57775, -0.52342 ], [ 37.57775, -0.52348 ], [ 37.5777, -0.52348 ], [ 37.5777, -0.52353 ], [ 37.57764, -0.52353 ], [ 37.57758, -0.52359 ], [ 37.57758, -0.52365 ], [ 37.57752, -0.52365 ], [ 37.57752, -0.52371 ], [ 37.57747, -0.52371 ], [ 37.57747, -0.52376 ], [ 37.57741, -0.52376 ], [ 37.57741, -0.52382 ], [ 37.57741, -0.52388 ], [ 37.57741, -0.52394 ], [ 37.57741, -0.52399 ], [ 37.57735, -0.52399 ], [ 37.57735, -0.52405 ], [ 37.57729, -0.52405 ], [ 37.57724, -0.52411 ], [ 37.57718, -0.52411 ], [ 37.57712, -0.52411 ], [ 37.57707, -0.52411 ], [ 37.57701, -0.52411 ], [ 37.57695, -0.52411 ], [ 37.57689, -0.52411 ], [ 37.57684, -0.52411 ], [ 37.57678, -0.52411 ], [ 37.57672, -0.52411 ], [ 37.57666, -0.52411 ], [ 37.57661, -0.52411 ], [ 37.57655, -0.52411 ], [ 37.57649, -0.52411 ], [ 37.57643, -0.52411 ], [ 37.57638, -0.52411 ], [ 37.57632, -0.52411 ], [ 37.57626, -0.52411 ], [ 37.57621, -0.52411 ], [ 37.57615, -0.52411 ], [ 37.57609, -0.52411 ], [ 37.57603, -0.52411 ], [ 37.57598, -0.52411 ], [ 37.57592, -0.52411 ], [ 37.57586, -0.52411 ], [ 37.5758, -0.52411 ], [ 37.57575, -0.52411 ], [ 37.57569, -0.52411 ], [ 37.57563, -0.52411 ], [ 37.57558, -0.52411 ], [ 37.57558, -0.52411 ], [ 37.57552, -0.52411 ], [ 37.57546, -0.52411 ], [ 37.5754, -0.52411 ], [ 37.5754, -0.52417 ], [ 37.57535, -0.52417 ], [ 37.57529, -0.52417 ], [ 37.57523, -0.52422 ], [ 37.57517, -0.52422 ], [ 37.57517, -0.52428 ], [ 37.57512, -0.52428 ], [ 37.57512, -0.52434 ], [ 37.57506, -0.52434 ], [ 37.575, -0.52445 ], [ 37.575, -0.52451 ], [ 37.57495, -0.52451 ], [ 37.57489, -0.52457 ], [ 37.57489, -0.52462 ], [ 37.57489, -0.52468 ], [ 37.57483, -0.52468 ], [ 37.57483, -0.52474 ], [ 37.57477, -0.52474 ], [ 37.57477, -0.5248 ], [ 37.57472, -0.5248 ], [ 37.57466, -0.52485 ], [ 37.5746, -0.52485 ], [ 37.57454, -0.52485 ], [ 37.57449, -0.52485 ], [ 37.57443, -0.52485 ], [ 37.57437, -0.52485 ], [ 37.57432, -0.52485 ], [ 37.57426, -0.52485 ], [ 37.57426, -0.5248 ], [ 37.5742, -0.5248 ], [ 37.57414, -0.52474 ], [ 37.57409, -0.52468 ], [ 37.57403, -0.52468 ], [ 37.57403, -0.52462 ], [ 37.57391, -0.52462 ], [ 37.57386, -0.52457 ], [ 37.57386, -0.52451 ], [ 37.5738, -0.52451 ], [ 37.57374, -0.52451 ], [ 37.57374, -0.52445 ], [ 37.57369, -0.52445 ], [ 37.57363, -0.52439 ], [ 37.57357, -0.52439 ], [ 37.57357, -0.52434 ], [ 37.57351, -0.52434 ], [ 37.57351, -0.52428 ], [ 37.57346, -0.52428 ], [ 37.5734, -0.52428 ], [ 37.57334, -0.52428 ], [ 37.57334, -0.52422 ], [ 37.57328, -0.52422 ], [ 37.57323, -0.52422 ], [ 37.57317, -0.52422 ], [ 37.57311, -0.52417 ], [ 37.57305, -0.52417 ], [ 37.573, -0.52411 ], [ 37.57294, -0.52411 ], [ 37.57294, -0.52405 ], [ 37.57288, -0.52405 ], [ 37.57288, -0.52399 ], [ 37.57283, -0.52399 ], [ 37.57283, -0.52394 ], [ 37.57277, -0.52394 ], [ 37.57271, -0.52388 ], [ 37.57265, -0.52382 ], [ 37.57265, -0.52376 ], [ 37.5726, -0.52376 ], [ 37.5726, -0.52374 ], [ 37.5726, -0.52371 ], [ 37.57254, -0.52371 ], [ 37.57248, -0.52365 ], [ 37.57242, -0.52359 ], [ 37.57242, -0.52353 ], [ 37.57237, -0.52353 ], [ 37.57237, -0.52348 ], [ 37.57231, -0.52348 ], [ 37.57225, -0.52342 ], [ 37.5722, -0.52336 ], [ 37.5722, -0.52331 ], [ 37.57214, -0.52331 ], [ 37.57214, -0.52325 ], [ 37.57208, -0.52325 ], [ 37.57208, -0.52319 ], [ 37.57202, -0.52319 ], [ 37.57197, -0.52319 ], [ 37.57197, -0.52313 ], [ 37.57191, -0.52308 ], [ 37.57185, -0.52308 ], [ 37.57185, -0.52302 ], [ 37.57179, -0.52296 ], [ 37.57174, -0.52296 ], [ 37.57174, -0.5229 ], [ 37.57168, -0.5229 ], [ 37.57162, -0.52285 ], [ 37.57157, -0.52279 ], [ 37.57151, -0.52276 ], [ 37.57145, -0.52273 ], [ 37.57139, -0.52273 ], [ 37.57134, -0.52268 ], [ 37.57128, -0.52268 ], [ 37.57122, -0.52268 ], [ 37.57122, -0.52262 ], [ 37.57116, -0.52262 ], [ 37.57111, -0.52262 ], [ 37.57105, -0.52262 ], [ 37.57099, -0.52262 ], [ 37.57094, -0.52262 ], [ 37.57088, -0.52262 ], [ 37.57082, -0.52262 ], [ 37.57076, -0.52262 ], [ 37.57071, -0.52262 ], [ 37.57065, -0.52262 ], [ 37.57059, -0.52262 ], [ 37.57053, -0.52262 ], [ 37.57048, -0.52262 ], [ 37.57038, -0.52262 ], [ 37.57036, -0.52262 ], [ 37.57031, -0.52262 ], [ 37.57025, -0.52262 ], [ 37.57019, -0.52262 ], [ 37.57013, -0.52262 ], [ 37.57008, -0.52262 ], [ 37.57002, -0.52262 ], [ 37.56996, -0.52262 ], [ 37.5699, -0.52262 ], [ 37.56985, -0.52262 ], [ 37.56979, -0.52262 ], [ 37.56973, -0.52262 ], [ 37.56967, -0.52262 ], [ 37.56962, -0.52262 ], [ 37.56961, -0.52262 ], [ 37.56956, -0.52262 ], [ 37.5695, -0.52262 ], [ 37.56939, -0.52262 ], [ 37.56933, -0.52262 ], [ 37.56927, -0.52262 ], [ 37.56922, -0.52262 ], [ 37.56916, -0.52262 ], [ 37.5691, -0.52262 ], [ 37.56899, -0.52262 ], [ 37.56893, -0.52262 ], [ 37.56887, -0.52262 ], [ 37.56882, -0.52262 ], [ 37.5687, -0.52262 ], [ 37.56864, -0.52262 ], [ 37.5686, -0.52262 ], [ 37.56859, -0.52262 ], [ 37.56853, -0.52262 ], [ 37.56847, -0.52262 ], [ 37.56841, -0.52262 ], [ 37.56836, -0.52262 ], [ 37.5683, -0.52262 ], [ 37.56824, -0.52262 ], [ 37.56819, -0.52268 ], [ 37.56813, -0.52273 ], [ 37.56807, -0.52279 ], [ 37.56807, -0.52285 ], [ 37.56807, -0.5229 ], [ 37.56801, -0.5229 ], [ 37.56796, -0.5229 ], [ 37.5679, -0.5229 ], [ 37.56784, -0.5229 ], [ 37.56778, -0.5229 ], [ 37.56778, -0.52296 ], [ 37.56773, -0.52296 ], [ 37.56767, -0.52296 ], [ 37.56761, -0.52296 ], [ 37.56761, -0.52302 ], [ 37.56756, -0.52302 ], [ 37.5675, -0.52302 ], [ 37.5675, -0.52308 ], [ 37.56744, -0.52308 ], [ 37.56738, -0.52308 ], [ 37.56733, -0.52308 ], [ 37.56727, -0.52308 ], [ 37.56721, -0.52308 ], [ 37.56715, -0.52308 ], [ 37.5671, -0.52308 ], [ 37.56704, -0.52308 ], [ 37.56698, -0.52308 ], [ 37.56693, -0.52308 ], [ 37.56693, -0.52309 ], [ 37.56693, -0.52313 ], [ 37.56693, -0.52319 ], [ 37.56693, -0.52323 ], [ 37.56693, -0.52325 ], [ 37.56693, -0.52325 ], [ 37.56692, -0.52325 ], [ 37.56687, -0.52325 ], [ 37.56687, -0.52331 ], [ 37.56687, -0.52334 ], [ 37.56687, -0.52336 ], [ 37.56687, -0.52342 ], [ 37.56687, -0.52348 ], [ 37.56687, -0.52359 ], [ 37.56687, -0.52365 ], [ 37.56687, -0.52371 ], [ 37.56687, -0.52376 ], [ 37.56687, -0.52379 ], [ 37.56687, -0.52382 ], [ 37.56687, -0.52388 ], [ 37.56687, -0.52394 ], [ 37.56687, -0.52399 ], [ 37.56687, -0.52405 ], [ 37.56682, -0.52405 ], [ 37.56681, -0.52405 ], [ 37.56681, -0.52411 ], [ 37.56681, -0.52416 ], [ 37.56681, -0.52416 ], [ 37.56681, -0.52417 ], [ 37.56681, -0.52417 ], [ 37.56675, -0.52422 ], [ 37.56675, -0.52428 ], [ 37.56675, -0.52434 ], [ 37.56675, -0.52439 ], [ 37.56675, -0.52445 ], [ 37.56675, -0.52449 ], [ 37.56675, -0.52451 ], [ 37.5667, -0.52457 ], [ 37.5667, -0.52462 ], [ 37.5667, -0.52468 ], [ 37.5667, -0.52474 ], [ 37.5667, -0.5248 ], [ 37.56664, -0.5248 ], [ 37.56658, -0.52485 ], [ 37.56652, -0.52485 ], [ 37.56652, -0.52486 ], [ 37.56647, -0.52491 ], [ 37.56641, -0.52491 ], [ 37.56635, -0.52497 ], [ 37.56629, -0.52497 ], [ 37.56624, -0.52502 ], [ 37.56618, -0.52502 ], [ 37.56614, -0.52502 ], [ 37.56612, -0.52502 ], [ 37.56612, -0.52503 ], [ 37.56612, -0.52508 ], [ 37.56607, -0.52508 ], [ 37.56601, -0.52514 ], [ 37.56595, -0.52514 ], [ 37.56595, -0.5252 ], [ 37.56589, -0.5252 ], [ 37.56589, -0.5252 ], [ 37.56584, -0.52525 ], [ 37.56578, -0.52525 ], [ 37.56578, -0.52531 ], [ 37.56572, -0.52531 ], [ 37.56567, -0.52531 ], [ 37.56566, -0.52531 ], [ 37.56561, -0.52531 ], [ 37.56555, -0.52531 ], [ 37.56549, -0.52531 ], [ 37.56549, -0.52537 ], [ 37.56544, -0.52543 ], [ 37.56538, -0.52548 ], [ 37.56532, -0.52548 ], [ 37.56532, -0.5255 ], [ 37.56532, -0.52554 ], [ 37.56532, -0.5256 ], [ 37.56532, -0.52565 ], [ 37.56532, -0.52571 ], [ 37.56532, -0.52577 ], [ 37.56532, -0.52582 ], [ 37.56532, -0.52583 ], [ 37.56532, -0.52588 ], [ 37.56532, -0.52594 ], [ 37.56532, -0.526 ], [ 37.56532, -0.52606 ], [ 37.56532, -0.52611 ], [ 37.56532, -0.52617 ], [ 37.56532, -0.52623 ], [ 37.56532, -0.52628 ], [ 37.56532, -0.52634 ], [ 37.56532, -0.5264 ], [ 37.56532, -0.52646 ], [ 37.56526, -0.52651 ], [ 37.56521, -0.52657 ], [ 37.56521, -0.52663 ], [ 37.56521, -0.52669 ], [ 37.56521, -0.52674 ], [ 37.56521, -0.5268 ], [ 37.56521, -0.52686 ], [ 37.56521, -0.52691 ], [ 37.56521, -0.52697 ], [ 37.56521, -0.52703 ], [ 37.56521, -0.52709 ], [ 37.56521, -0.52714 ], [ 37.56521, -0.5272 ], [ 37.56521, -0.52726 ], [ 37.56521, -0.52732 ], [ 37.56521, -0.52737 ], [ 37.56521, -0.52743 ], [ 37.56521, -0.52749 ], [ 37.56521, -0.52754 ], [ 37.56521, -0.5276 ], [ 37.56521, -0.52766 ], [ 37.56521, -0.52772 ], [ 37.56521, -0.52777 ], [ 37.56521, -0.52783 ], [ 37.56521, -0.52789 ], [ 37.56521, -0.52795 ], [ 37.56521, -0.528 ], [ 37.56521, -0.52806 ], [ 37.56521, -0.52812 ], [ 37.56521, -0.52823 ], [ 37.56521, -0.52829 ], [ 37.56521, -0.52835 ], [ 37.56521, -0.5284 ], [ 37.56521, -0.52846 ], [ 37.56521, -0.52852 ], [ 37.56521, -0.52856 ], [ 37.56521, -0.52858 ], [ 37.56521, -0.52863 ], [ 37.56521, -0.52869 ], [ 37.56521, -0.52875 ], [ 37.56521, -0.5288 ], [ 37.56521, -0.52886 ], [ 37.56521, -0.52892 ], [ 37.56521, -0.52892 ], [ 37.56521, -0.52898 ], [ 37.56521, -0.52903 ], [ 37.56521, -0.52909 ], [ 37.56521, -0.52915 ], [ 37.56521, -0.52921 ], [ 37.56521, -0.52926 ], [ 37.56521, -0.52932 ], [ 37.56521, -0.52938 ], [ 37.56521, -0.52944 ], [ 37.56521, -0.52949 ], [ 37.56521, -0.52955 ], [ 37.56521, -0.52961 ], [ 37.56521, -0.52966 ], [ 37.56521, -0.52972 ], [ 37.56521, -0.52978 ], [ 37.56521, -0.52984 ], [ 37.56515, -0.52989 ], [ 37.56515, -0.52995 ], [ 37.56515, -0.53001 ], [ 37.56515, -0.53007 ], [ 37.56515, -0.53012 ], [ 37.5651, -0.53012 ], [ 37.56509, -0.53012 ], [ 37.56509, -0.53018 ], [ 37.56509, -0.53024 ], [ 37.56509, -0.53035 ], [ 37.56509, -0.53041 ], [ 37.56503, -0.53041 ], [ 37.56503, -0.53047 ], [ 37.56498, -0.53052 ], [ 37.56498, -0.53058 ], [ 37.56498, -0.53064 ], [ 37.56498, -0.5307 ], [ 37.56498, -0.53079 ], [ 37.56498, -0.53081 ], [ 37.56498, -0.53085 ], [ 37.56498, -0.53087 ], [ 37.56494, -0.53087 ], [ 37.56492, -0.53087 ], [ 37.56492, -0.5309 ], [ 37.56492, -0.53092 ], [ 37.56492, -0.53098 ], [ 37.56492, -0.53104 ], [ 37.56486, -0.53104 ], [ 37.56486, -0.5311 ], [ 37.56486, -0.5311 ], [ 37.56481, -0.53115 ], [ 37.56481, -0.53121 ], [ 37.56481, -0.53127 ], [ 37.56475, -0.53133 ], [ 37.56472, -0.53133 ], [ 37.56469, -0.53133 ], [ 37.56469, -0.53138 ], [ 37.56463, -0.53144 ], [ 37.56458, -0.5315 ], [ 37.56458, -0.53155 ], [ 37.56452, -0.53161 ], [ 37.56446, -0.53161 ], [ 37.56446, -0.53167 ], [ 37.5644, -0.53173 ], [ 37.56435, -0.53173 ], [ 37.56435, -0.53178 ], [ 37.56435, -0.53184 ], [ 37.56429, -0.53184 ], [ 37.56429, -0.5319 ], [ 37.56423, -0.53196 ], [ 37.56423, -0.53201 ], [ 37.56423, -0.53207 ], [ 37.56423, -0.53213 ], [ 37.56423, -0.53214 ], [ 37.56423, -0.53218 ], [ 37.56418, -0.53218 ], [ 37.56418, -0.53224 ], [ 37.56418, -0.5323 ], [ 37.56412, -0.5323 ], [ 37.56412, -0.53236 ], [ 37.56412, -0.53247 ], [ 37.56406, -0.53247 ], [ 37.56406, -0.53253 ], [ 37.564, -0.53253 ], [ 37.564, -0.53259 ], [ 37.564, -0.53264 ], [ 37.564, -0.5327 ], [ 37.564, -0.5327 ], [ 37.564, -0.53276 ], [ 37.564, -0.53281 ], [ 37.564, -0.53287 ], [ 37.564, -0.53293 ], [ 37.564, -0.53299 ], [ 37.56395, -0.53299 ], [ 37.56389, -0.53304 ], [ 37.56383, -0.53304 ], [ 37.56377, -0.53304 ], [ 37.56372, -0.5331 ], [ 37.56371, -0.5331 ], [ 37.56366, -0.5331 ], [ 37.5636, -0.5331 ], [ 37.56355, -0.5331 ], [ 37.56349, -0.5331 ], [ 37.56343, -0.53316 ], [ 37.56337, -0.53316 ], [ 37.56337, -0.53322 ], [ 37.56332, -0.53322 ], [ 37.56332, -0.53327 ], [ 37.56326, -0.53327 ], [ 37.56326, -0.53333 ], [ 37.5632, -0.53333 ], [ 37.56211, -0.53419 ], [ 37.56206, -0.53419 ], [ 37.562, -0.53425 ], [ 37.56194, -0.53425 ], [ 37.56189, -0.53427 ], [ 37.56179, -0.53426 ], [ 37.56116, -0.53449 ], [ 37.56059, -0.53459 ], [ 37.56012, -0.53476 ], [ 37.55972, -0.53507 ], [ 37.55926, -0.53522 ], [ 37.55836, -0.5353 ], [ 37.55794, -0.53542 ], [ 37.55753, -0.53555 ], [ 37.55726, -0.53587 ], [ 37.55706, -0.5361 ], [ 37.55674, -0.53607 ], [ 37.55636, -0.53605 ], [ 37.55588, -0.53592 ], [ 37.55559, -0.53569 ], [ 37.55543, -0.53534 ], [ 37.55521, -0.53524 ], [ 37.55483, -0.53524 ], [ 37.55424, -0.53535 ], [ 37.55381, -0.53559 ], [ 37.55326, -0.53579 ], [ 37.55275, -0.53604 ], [ 37.55225, -0.53614 ], [ 37.55202, -0.53602 ], [ 37.5518, -0.5359 ], [ 37.55146, -0.5361 ], [ 37.55133, -0.53611 ], [ 37.55121, -0.53616 ], [ 37.55086, -0.53628 ], [ 37.55078, -0.5363 ], [ 37.5507, -0.53634 ], [ 37.54957, -0.5368 ], [ 37.54855, -0.53714 ], [ 37.54855, -0.53714 ], [ 37.54854, -0.53714 ], [ 37.54855, -0.53716 ], [ 37.54847, -0.53736 ], [ 37.54824, -0.53745 ], [ 37.54832, -0.53751 ], [ 37.54831, -0.53751 ], [ 37.55071, -0.54175 ], [ 37.55063, -0.54186 ], [ 37.55054, -0.54198 ], [ 37.55048, -0.54198 ], [ 37.55043, -0.54198 ], [ 37.55043, -0.54192 ], [ 37.55037, -0.54192 ], [ 37.55031, -0.54192 ], [ 37.55025, -0.54192 ], [ 37.55025, -0.54187 ], [ 37.5502, -0.54187 ], [ 37.55014, -0.54187 ], [ 37.55014, -0.54181 ], [ 37.55008, -0.54181 ], [ 37.55008, -0.54175 ], [ 37.55002, -0.54175 ], [ 37.54997, -0.54175 ], [ 37.54991, -0.54175 ], [ 37.54991, -0.54169 ], [ 37.54985, -0.54169 ], [ 37.5498, -0.54169 ], [ 37.54974, -0.54169 ], [ 37.54968, -0.54164 ], [ 37.54962, -0.54164 ], [ 37.54957, -0.54164 ], [ 37.54957, -0.54158 ], [ 37.54951, -0.54158 ], [ 37.54945, -0.54158 ], [ 37.54945, -0.54152 ], [ 37.54939, -0.54152 ], [ 37.54934, -0.54152 ], [ 37.54934, -0.54146 ], [ 37.54928, -0.54141 ], [ 37.54922, -0.54135 ], [ 37.54922, -0.54129 ], [ 37.54917, -0.54129 ], [ 37.54911, -0.54124 ], [ 37.54905, -0.54118 ], [ 37.54905, -0.54112 ], [ 37.54899, -0.54112 ], [ 37.54894, -0.54112 ], [ 37.54894, -0.54106 ], [ 37.54888, -0.54106 ], [ 37.54882, -0.54106 ], [ 37.54876, -0.54106 ], [ 37.54871, -0.54106 ], [ 37.54865, -0.54106 ], [ 37.54859, -0.54106 ], [ 37.54854, -0.54106 ], [ 37.54848, -0.54106 ], [ 37.54842, -0.54106 ], [ 37.54836, -0.54106 ], [ 37.54831, -0.54106 ], [ 37.54825, -0.54106 ], [ 37.54819, -0.54106 ], [ 37.54813, -0.54106 ], [ 37.54808, -0.54106 ], [ 37.54802, -0.54106 ], [ 37.54796, -0.54106 ], [ 37.54796, -0.54112 ], [ 37.54791, -0.54112 ], [ 37.54785, -0.54118 ], [ 37.54779, -0.54118 ], [ 37.54779, -0.54124 ], [ 37.54773, -0.54124 ], [ 37.54768, -0.54124 ], [ 37.54762, -0.54124 ], [ 37.54756, -0.54124 ], [ 37.5475, -0.54129 ], [ 37.54745, -0.54129 ], [ 37.54745, -0.54135 ], [ 37.54739, -0.54135 ], [ 37.54733, -0.54135 ], [ 37.54733, -0.54141 ], [ 37.54728, -0.54141 ], [ 37.54728, -0.54146 ], [ 37.54728, -0.54152 ], [ 37.54728, -0.54158 ], [ 37.54722, -0.54164 ], [ 37.54722, -0.54169 ], [ 37.54722, -0.54175 ], [ 37.54722, -0.54181 ], [ 37.54722, -0.54187 ], [ 37.54722, -0.54192 ], [ 37.54722, -0.54198 ], [ 37.54722, -0.54204 ], [ 37.54722, -0.54209 ], [ 37.54722, -0.54215 ], [ 37.54722, -0.54221 ], [ 37.54722, -0.54227 ], [ 37.54716, -0.54227 ], [ 37.54716, -0.54232 ], [ 37.54716, -0.54238 ], [ 37.54716, -0.54244 ], [ 37.54716, -0.5425 ], [ 37.54716, -0.54255 ], [ 37.54716, -0.54261 ], [ 37.54716, -0.54267 ], [ 37.5471, -0.54267 ], [ 37.5471, -0.54272 ], [ 37.54705, -0.54272 ], [ 37.54699, -0.54278 ], [ 37.54699, -0.54284 ], [ 37.54687, -0.54284 ], [ 37.54687, -0.5429 ], [ 37.54682, -0.5429 ], [ 37.54682, -0.54295 ], [ 37.54676, -0.54295 ], [ 37.5467, -0.54295 ], [ 37.5467, -0.54301 ], [ 37.54664, -0.54301 ], [ 37.54659, -0.54301 ], [ 37.54659, -0.54304 ], [ 37.54651, -0.54305 ], [ 37.54631, -0.54305 ], [ 37.54616, -0.54305 ], [ 37.54601, -0.54302 ], [ 37.54601, -0.54301 ], [ 37.54596, -0.54301 ], [ 37.54595, -0.54301 ], [ 37.5459, -0.54301 ], [ 37.54586, -0.54301 ], [ 37.54584, -0.54301 ], [ 37.54584, -0.54299 ], [ 37.54584, -0.54295 ], [ 37.54579, -0.54295 ], [ 37.54573, -0.54295 ], [ 37.54573, -0.5429 ], [ 37.54567, -0.5429 ], [ 37.54567, -0.54284 ], [ 37.54561, -0.54278 ], [ 37.54556, -0.54272 ], [ 37.5455, -0.54272 ], [ 37.54544, -0.54272 ], [ 37.54544, -0.54267 ], [ 37.54538, -0.54267 ], [ 37.54533, -0.54267 ], [ 37.54533, -0.54261 ], [ 37.54527, -0.54261 ], [ 37.54521, -0.54261 ], [ 37.54516, -0.54261 ], [ 37.5451, -0.54261 ], [ 37.5451, -0.54255 ], [ 37.54498, -0.54255 ], [ 37.54493, -0.54255 ], [ 37.54487, -0.54255 ], [ 37.54481, -0.54255 ], [ 37.54475, -0.54255 ], [ 37.5447, -0.54255 ], [ 37.54464, -0.54255 ], [ 37.54458, -0.54255 ], [ 37.54453, -0.54261 ], [ 37.54447, -0.54261 ], [ 37.54441, -0.54261 ], [ 37.54435, -0.54261 ], [ 37.54435, -0.54267 ], [ 37.5443, -0.54267 ], [ 37.54424, -0.54267 ], [ 37.54418, -0.54267 ], [ 37.54412, -0.54267 ], [ 37.54412, -0.54272 ], [ 37.54407, -0.54272 ], [ 37.54401, -0.54278 ], [ 37.54395, -0.54278 ], [ 37.5439, -0.54278 ], [ 37.54384, -0.54278 ], [ 37.54378, -0.54284 ], [ 37.54372, -0.54284 ], [ 37.54367, -0.5429 ], [ 37.54361, -0.5429 ], [ 37.54355, -0.54295 ], [ 37.54344, -0.54301 ], [ 37.54344, -0.54307 ], [ 37.54338, -0.54307 ], [ 37.54332, -0.54307 ], [ 37.54332, -0.54313 ], [ 37.54326, -0.54313 ], [ 37.54321, -0.54313 ], [ 37.54315, -0.54313 ], [ 37.54309, -0.54313 ], [ 37.54304, -0.54313 ], [ 37.54298, -0.54313 ], [ 37.54292, -0.54313 ], [ 37.54286, -0.54313 ], [ 37.54286, -0.54318 ], [ 37.54281, -0.54318 ], [ 37.54275, -0.54318 ], [ 37.54269, -0.54318 ], [ 37.54263, -0.54318 ], [ 37.54258, -0.54318 ], [ 37.54258, -0.54324 ], [ 37.54252, -0.54324 ], [ 37.54246, -0.54324 ], [ 37.54241, -0.5433 ], [ 37.54241, -0.54335 ], [ 37.54235, -0.54335 ], [ 37.54235, -0.54341 ], [ 37.54235, -0.54347 ], [ 37.54235, -0.54353 ], [ 37.54235, -0.54358 ], [ 37.54235, -0.54364 ], [ 37.54235, -0.5437 ], [ 37.54235, -0.54376 ], [ 37.54235, -0.54381 ], [ 37.54235, -0.54387 ], [ 37.54235, -0.54393 ], [ 37.54235, -0.54398 ], [ 37.54235, -0.54404 ], [ 37.54235, -0.5441 ], [ 37.54235, -0.54416 ], [ 37.54235, -0.54421 ], [ 37.54235, -0.54427 ], [ 37.54229, -0.54427 ], [ 37.54229, -0.54433 ], [ 37.54229, -0.54439 ], [ 37.54223, -0.54439 ], [ 37.54223, -0.54444 ], [ 37.54218, -0.54444 ], [ 37.54218, -0.5445 ], [ 37.54212, -0.5445 ], [ 37.54206, -0.54456 ], [ 37.542, -0.54456 ], [ 37.54195, -0.54456 ], [ 37.54195, -0.54461 ], [ 37.54189, -0.54467 ], [ 37.54183, -0.54473 ], [ 37.54183, -0.54479 ], [ 37.54178, -0.54484 ], [ 37.54172, -0.54484 ], [ 37.54166, -0.54484 ], [ 37.54166, -0.5449 ], [ 37.5416, -0.5449 ], [ 37.5416, -0.54496 ], [ 37.54155, -0.54496 ], [ 37.54155, -0.54502 ], [ 37.54149, -0.54502 ], [ 37.54149, -0.54507 ], [ 37.54143, -0.54507 ], [ 37.54143, -0.54513 ], [ 37.54137, -0.54513 ], [ 37.54137, -0.54519 ], [ 37.54132, -0.54519 ], [ 37.54132, -0.54524 ], [ 37.54126, -0.54524 ], [ 37.54126, -0.5453 ], [ 37.5412, -0.5453 ], [ 37.5412, -0.54536 ], [ 37.54115, -0.54536 ], [ 37.54115, -0.54542 ], [ 37.54115, -0.54547 ], [ 37.54115, -0.54553 ], [ 37.54109, -0.54553 ], [ 37.54109, -0.54559 ], [ 37.54109, -0.54559 ], [ 37.54106, -0.54562 ], [ 37.54103, -0.54565 ], [ 37.54101, -0.54565 ], [ 37.54097, -0.54565 ], [ 37.54097, -0.54567 ], [ 37.54097, -0.5457 ], [ 37.54097, -0.54576 ], [ 37.54094, -0.54576 ], [ 37.54092, -0.54576 ], [ 37.54086, -0.54576 ], [ 37.54086, -0.54576 ], [ 37.5408, -0.54576 ], [ 37.5408, -0.5458 ], [ 37.5408, -0.54582 ], [ 37.5408, -0.54582 ], [ 37.54078, -0.54582 ], [ 37.54069, -0.54582 ], [ 37.54063, -0.54587 ], [ 37.54057, -0.54587 ], [ 37.54052, -0.54587 ], [ 37.54046, -0.54587 ], [ 37.54046, -0.54593 ], [ 37.5404, -0.54593 ], [ 37.54034, -0.54599 ], [ 37.54029, -0.54605 ], [ 37.54023, -0.54605 ], [ 37.54023, -0.5461 ], [ 37.54017, -0.5461 ], [ 37.54017, -0.54616 ], [ 37.54011, -0.54616 ], [ 37.54006, -0.54616 ], [ 37.54006, -0.54622 ], [ 37.54, -0.54622 ], [ 37.54, -0.54628 ], [ 37.53994, -0.54628 ], [ 37.53988, -0.54633 ], [ 37.53983, -0.54633 ], [ 37.53977, -0.54639 ], [ 37.53977, -0.54645 ], [ 37.53971, -0.54645 ], [ 37.53966, -0.54645 ], [ 37.5396, -0.54651 ], [ 37.53954, -0.54656 ], [ 37.53948, -0.54656 ], [ 37.53943, -0.54662 ], [ 37.53937, -0.54668 ], [ 37.53931, -0.54673 ], [ 37.53925, -0.54679 ], [ 37.53914, -0.54691 ], [ 37.53908, -0.54696 ], [ 37.53903, -0.54702 ], [ 37.53897, -0.54702 ], [ 37.53897, -0.54708 ], [ 37.53891, -0.54708 ], [ 37.53885, -0.54708 ], [ 37.53885, -0.54714 ], [ 37.5388, -0.54714 ], [ 37.5388, -0.54719 ], [ 37.53874, -0.54725 ], [ 37.53874, -0.54731 ], [ 37.53868, -0.54731 ], [ 37.53862, -0.54742 ], [ 37.53857, -0.54748 ], [ 37.53851, -0.54748 ], [ 37.53845, -0.54754 ], [ 37.5384, -0.54765 ], [ 37.53834, -0.54765 ], [ 37.53834, -0.54771 ], [ 37.53828, -0.54777 ], [ 37.53822, -0.54777 ], [ 37.53822, -0.54782 ], [ 37.53817, -0.54782 ], [ 37.53811, -0.54782 ], [ 37.53805, -0.54788 ], [ 37.53799, -0.54788 ], [ 37.53799, -0.54794 ], [ 37.53794, -0.54799 ], [ 37.53788, -0.54799 ], [ 37.53788, -0.54811 ], [ 37.53782, -0.54811 ], [ 37.53777, -0.54822 ], [ 37.53777, -0.54828 ], [ 37.53771, -0.54828 ], [ 37.53765, -0.54834 ], [ 37.53759, -0.5484 ], [ 37.53759, -0.54845 ], [ 37.53754, -0.54851 ], [ 37.53754, -0.54857 ], [ 37.53748, -0.54857 ], [ 37.53748, -0.54862 ], [ 37.53742, -0.54868 ], [ 37.53736, -0.54868 ], [ 37.53731, -0.54868 ], [ 37.53731, -0.54874 ], [ 37.53725, -0.54874 ], [ 37.53719, -0.5488 ], [ 37.53714, -0.5488 ], [ 37.53714, -0.54885 ], [ 37.53708, -0.54885 ], [ 37.53708, -0.54891 ], [ 37.53702, -0.54891 ], [ 37.53696, -0.54897 ], [ 37.53691, -0.54897 ], [ 37.53685, -0.54897 ], [ 37.53679, -0.54897 ], [ 37.53679, -0.54903 ], [ 37.53673, -0.54903 ], [ 37.53668, -0.54908 ], [ 37.53668, -0.54914 ], [ 37.53662, -0.54914 ], [ 37.53656, -0.54914 ], [ 37.53656, -0.5492 ], [ 37.5365, -0.54925 ], [ 37.53645, -0.54925 ], [ 37.53639, -0.54931 ], [ 37.53633, -0.54931 ], [ 37.53628, -0.54937 ], [ 37.53622, -0.54937 ], [ 37.53616, -0.54937 ], [ 37.53616, -0.54943 ], [ 37.5361, -0.54943 ], [ 37.5361, -0.54948 ], [ 37.53605, -0.54948 ], [ 37.53605, -0.54954 ], [ 37.53599, -0.54954 ], [ 37.53593, -0.54954 ], [ 37.53593, -0.5496 ], [ 37.53587, -0.54966 ], [ 37.53582, -0.54966 ], [ 37.53582, -0.54971 ], [ 37.53576, -0.54971 ], [ 37.5357, -0.54971 ], [ 37.5357, -0.54977 ], [ 37.53565, -0.54977 ], [ 37.53559, -0.54977 ], [ 37.53559, -0.54983 ], [ 37.53553, -0.54983 ], [ 37.53553, -0.54988 ], [ 37.53547, -0.54988 ], [ 37.53547, -0.54994 ], [ 37.53547, -0.55 ], [ 37.53542, -0.55 ], [ 37.53542, -0.55006 ], [ 37.53536, -0.55006 ], [ 37.53536, -0.55011 ], [ 37.53536, -0.55017 ], [ 37.53536, -0.55023 ], [ 37.53536, -0.55029 ], [ 37.53536, -0.55034 ], [ 37.53536, -0.5504 ], [ 37.5353, -0.5504 ], [ 37.5353, -0.55046 ], [ 37.5353, -0.55049 ], [ 37.53527, -0.55054 ], [ 37.53525, -0.55057 ], [ 37.53524, -0.55057 ], [ 37.53519, -0.55057 ], [ 37.53519, -0.55063 ], [ 37.53513, -0.55063 ], [ 37.53513, -0.55069 ], [ 37.53507, -0.55069 ], [ 37.53502, -0.55074 ], [ 37.53502, -0.5508 ], [ 37.53496, -0.5508 ], [ 37.53496, -0.55086 ], [ 37.53496, -0.55092 ], [ 37.53496, -0.55097 ], [ 37.53496, -0.55098 ], [ 37.53494, -0.55101 ], [ 37.5348, -0.55137 ], [ 37.53479, -0.55141 ], [ 37.53464, -0.55169 ], [ 37.53439, -0.55181 ], [ 37.53434, -0.55183 ], [ 37.53433, -0.55183 ], [ 37.53427, -0.55183 ], [ 37.53427, -0.55187 ], [ 37.53426, -0.55188 ], [ 37.53424, -0.55189 ], [ 37.53421, -0.55189 ], [ 37.53416, -0.55189 ], [ 37.5341, -0.55189 ], [ 37.53404, -0.55195 ], [ 37.53404, -0.552 ], [ 37.53404, -0.552 ], [ 37.53404, -0.55201 ], [ 37.53386, -0.55217 ], [ 37.53379, -0.55224 ], [ 37.53366, -0.55241 ], [ 37.53353, -0.55252 ], [ 37.53347, -0.55252 ], [ 37.53341, -0.55252 ], [ 37.53335, -0.55252 ], [ 37.5333, -0.55258 ], [ 37.53324, -0.55258 ], [ 37.53324, -0.55263 ], [ 37.53318, -0.55263 ], [ 37.53318, -0.55269 ], [ 37.53312, -0.55269 ], [ 37.53312, -0.55275 ], [ 37.53307, -0.55281 ], [ 37.53307, -0.55286 ], [ 37.53301, -0.55286 ], [ 37.53295, -0.55286 ], [ 37.53295, -0.55292 ], [ 37.5329, -0.55292 ], [ 37.53284, -0.55298 ], [ 37.53284, -0.55304 ], [ 37.53278, -0.55304 ], [ 37.53272, -0.55309 ], [ 37.53272, -0.55315 ], [ 37.53267, -0.55315 ], [ 37.53267, -0.55321 ], [ 37.53261, -0.55321 ], [ 37.53261, -0.55326 ], [ 37.53261, -0.55332 ], [ 37.53261, -0.55338 ], [ 37.53261, -0.55344 ], [ 37.53261, -0.55349 ], [ 37.53261, -0.55355 ], [ 37.53261, -0.55361 ], [ 37.53261, -0.55367 ], [ 37.53261, -0.55372 ], [ 37.53261, -0.55378 ], [ 37.53261, -0.55384 ], [ 37.53261, -0.55389 ], [ 37.53261, -0.55395 ], [ 37.53261, -0.55401 ], [ 37.53261, -0.55407 ], [ 37.53261, -0.55412 ], [ 37.53261, -0.55418 ], [ 37.53261, -0.55424 ], [ 37.53261, -0.5543 ], [ 37.53267, -0.55435 ], [ 37.53272, -0.55441 ], [ 37.53278, -0.55447 ], [ 37.53278, -0.55458 ], [ 37.53284, -0.55458 ], [ 37.53284, -0.55464 ], [ 37.53284, -0.5547 ], [ 37.53284, -0.55475 ], [ 37.53284, -0.55481 ], [ 37.53284, -0.55487 ], [ 37.53284, -0.55493 ], [ 37.5329, -0.55493 ], [ 37.5329, -0.55498 ], [ 37.53295, -0.55498 ], [ 37.53295, -0.55504 ], [ 37.53295, -0.5551 ], [ 37.53295, -0.55515 ], [ 37.53295, -0.55521 ], [ 37.53295, -0.55527 ], [ 37.53295, -0.55533 ], [ 37.53295, -0.55538 ], [ 37.53295, -0.55544 ], [ 37.53295, -0.5555 ], [ 37.53295, -0.55556 ], [ 37.53295, -0.55561 ], [ 37.53295, -0.55567 ], [ 37.53295, -0.55573 ], [ 37.53295, -0.55578 ], [ 37.53295, -0.5559 ], [ 37.53295, -0.55596 ], [ 37.53295, -0.55597 ], [ 37.53292, -0.55605 ], [ 37.53288, -0.55617 ], [ 37.53277, -0.55648 ], [ 37.53272, -0.55653 ], [ 37.53267, -0.55653 ], [ 37.53261, -0.55659 ], [ 37.53261, -0.55664 ], [ 37.53255, -0.55664 ], [ 37.53255, -0.5567 ], [ 37.53255, -0.55676 ], [ 37.53255, -0.55682 ], [ 37.53255, -0.55687 ], [ 37.53255, -0.55693 ], [ 37.53261, -0.55693 ], [ 37.53261, -0.55699 ], [ 37.53267, -0.55699 ], [ 37.53272, -0.55699 ], [ 37.53278, -0.55699 ], [ 37.53284, -0.55699 ], [ 37.53284, -0.55704 ], [ 37.5329, -0.55704 ], [ 37.5329, -0.55704 ], [ 37.5329, -0.55705 ], [ 37.533, -0.5571 ], [ 37.53312, -0.55715 ], [ 37.53312, -0.55716 ], [ 37.53314, -0.55716 ], [ 37.53317, -0.55718 ], [ 37.53318, -0.55719 ], [ 37.53318, -0.55722 ], [ 37.53324, -0.55733 ], [ 37.53334, -0.55743 ], [ 37.53335, -0.55745 ], [ 37.53341, -0.5575 ], [ 37.53341, -0.55755 ], [ 37.53341, -0.55756 ], [ 37.53341, -0.55762 ], [ 37.53341, -0.55768 ], [ 37.53341, -0.55772 ], [ 37.53341, -0.55773 ], [ 37.53341, -0.55779 ], [ 37.53341, -0.55785 ], [ 37.53341, -0.5579 ], [ 37.53341, -0.55796 ], [ 37.53341, -0.55802 ], [ 37.53347, -0.55808 ], [ 37.53347, -0.55813 ], [ 37.53347, -0.55819 ], [ 37.53347, -0.55825 ], [ 37.53347, -0.55831 ], [ 37.53353, -0.55831 ], [ 37.53358, -0.55831 ], [ 37.53358, -0.55836 ], [ 37.53364, -0.55836 ], [ 37.53364, -0.55842 ], [ 37.5337, -0.55853 ], [ 37.53381, -0.55859 ], [ 37.53387, -0.55871 ], [ 37.53393, -0.55871 ], [ 37.53393, -0.55876 ], [ 37.53393, -0.55882 ], [ 37.53393, -0.55888 ], [ 37.53393, -0.55894 ], [ 37.53393, -0.55899 ], [ 37.53398, -0.55905 ], [ 37.53398, -0.55911 ], [ 37.53398, -0.55916 ], [ 37.53398, -0.55922 ], [ 37.53398, -0.55928 ], [ 37.53398, -0.55934 ], [ 37.53398, -0.55939 ], [ 37.53398, -0.55945 ], [ 37.53398, -0.55951 ], [ 37.53398, -0.55957 ], [ 37.53398, -0.55962 ], [ 37.53398, -0.55968 ], [ 37.53398, -0.55979 ], [ 37.53398, -0.55985 ], [ 37.53398, -0.55991 ], [ 37.53398, -0.55993 ], [ 37.53398, -0.55997 ], [ 37.53398, -0.56002 ], [ 37.53398, -0.56008 ], [ 37.53398, -0.56014 ], [ 37.53398, -0.5602 ], [ 37.53398, -0.56025 ], [ 37.53398, -0.56031 ], [ 37.53398, -0.56037 ], [ 37.53398, -0.56042 ], [ 37.53398, -0.56048 ], [ 37.53398, -0.56054 ], [ 37.53398, -0.5606 ], [ 37.53398, -0.56071 ], [ 37.53398, -0.56077 ], [ 37.53398, -0.56083 ], [ 37.53398, -0.56088 ], [ 37.53398, -0.56094 ], [ 37.53404, -0.561 ], [ 37.53404, -0.56105 ], [ 37.53404, -0.56111 ], [ 37.5341, -0.56111 ], [ 37.5341, -0.56117 ], [ 37.5341, -0.56123 ], [ 37.5341, -0.56128 ], [ 37.5341, -0.56134 ], [ 37.5341, -0.5614 ], [ 37.5341, -0.56146 ], [ 37.5341, -0.56151 ], [ 37.5341, -0.56157 ], [ 37.5341, -0.56163 ], [ 37.5341, -0.56168 ], [ 37.53416, -0.56174 ], [ 37.53421, -0.56174 ], [ 37.53421, -0.5618 ], [ 37.53427, -0.5618 ], [ 37.53427, -0.56186 ], [ 37.53433, -0.56186 ], [ 37.53439, -0.56186 ], [ 37.53444, -0.56186 ], [ 37.5345, -0.56186 ], [ 37.53456, -0.56186 ], [ 37.53459, -0.56186 ], [ 37.53461, -0.56186 ], [ 37.53467, -0.56186 ], [ 37.53473, -0.56186 ], [ 37.53479, -0.56186 ], [ 37.5348, -0.56186 ], [ 37.53484, -0.56186 ], [ 37.53484, -0.56191 ], [ 37.53484, -0.56193 ], [ 37.53484, -0.56197 ], [ 37.53484, -0.56203 ], [ 37.53484, -0.56209 ], [ 37.53484, -0.56214 ], [ 37.53484, -0.5622 ], [ 37.53484, -0.56226 ], [ 37.53479, -0.56226 ], [ 37.53473, -0.56231 ], [ 37.53467, -0.56231 ], [ 37.53461, -0.56231 ], [ 37.53456, -0.56231 ], [ 37.5345, -0.56231 ], [ 37.53444, -0.56231 ], [ 37.53439, -0.56231 ], [ 37.53433, -0.56231 ], [ 37.53427, -0.56231 ], [ 37.53421, -0.56231 ], [ 37.53416, -0.56231 ], [ 37.5341, -0.56237 ], [ 37.53404, -0.56237 ], [ 37.53404, -0.56243 ], [ 37.53398, -0.56243 ], [ 37.53393, -0.56249 ], [ 37.53393, -0.56254 ], [ 37.53398, -0.56254 ], [ 37.53398, -0.5626 ], [ 37.53404, -0.5626 ], [ 37.53404, -0.56266 ], [ 37.53404, -0.56272 ], [ 37.53404, -0.56277 ], [ 37.53404, -0.56283 ], [ 37.53404, -0.56289 ], [ 37.53404, -0.56294 ], [ 37.53404, -0.563 ], [ 37.53404, -0.56306 ], [ 37.53404, -0.56312 ], [ 37.53404, -0.56317 ], [ 37.53404, -0.56323 ], [ 37.53404, -0.56328 ], [ 37.53404, -0.56329 ], [ 37.53404, -0.56335 ], [ 37.53398, -0.56335 ], [ 37.53398, -0.56339 ], [ 37.53398, -0.5634 ], [ 37.53393, -0.5634 ], [ 37.53393, -0.56346 ], [ 37.53393, -0.56352 ], [ 37.53387, -0.56352 ], [ 37.53381, -0.56358 ], [ 37.53376, -0.56358 ], [ 37.53376, -0.56363 ], [ 37.5337, -0.56363 ], [ 37.5337, -0.56369 ], [ 37.5337, -0.56375 ], [ 37.5337, -0.5638 ], [ 37.5337, -0.56386 ], [ 37.5337, -0.56392 ], [ 37.5337, -0.56398 ], [ 37.5337, -0.56403 ], [ 37.5337, -0.56403 ], [ 37.5337, -0.56409 ], [ 37.5337, -0.56415 ], [ 37.5337, -0.56426 ], [ 37.5337, -0.56432 ], [ 37.5337, -0.56438 ], [ 37.5337, -0.56443 ], [ 37.5337, -0.56443 ], [ 37.5337, -0.56449 ], [ 37.5337, -0.56455 ], [ 37.53364, -0.56461 ], [ 37.53364, -0.56462 ], [ 37.53364, -0.56466 ], [ 37.53364, -0.56472 ], [ 37.53364, -0.56478 ], [ 37.53364, -0.56484 ], [ 37.53364, -0.56489 ], [ 37.53364, -0.56495 ], [ 37.53364, -0.56495 ], [ 37.53363, -0.56496 ], [ 37.53358, -0.56501 ], [ 37.53353, -0.56501 ], [ 37.53347, -0.56501 ], [ 37.53341, -0.56501 ], [ 37.53335, -0.56501 ], [ 37.5333, -0.56501 ], [ 37.53324, -0.56501 ], [ 37.53318, -0.56501 ], [ 37.53307, -0.56501 ], [ 37.53301, -0.56501 ], [ 37.53295, -0.56501 ], [ 37.5329, -0.56501 ], [ 37.53284, -0.56501 ], [ 37.53284, -0.56506 ], [ 37.53278, -0.56506 ], [ 37.53272, -0.56506 ], [ 37.53267, -0.56506 ], [ 37.53261, -0.56512 ], [ 37.53255, -0.56512 ], [ 37.53249, -0.56512 ], [ 37.53244, -0.56518 ], [ 37.53238, -0.56518 ], [ 37.53232, -0.56518 ], [ 37.53227, -0.56518 ], [ 37.53221, -0.56524 ], [ 37.53215, -0.56524 ], [ 37.53209, -0.56524 ], [ 37.53204, -0.56524 ], [ 37.53198, -0.56524 ], [ 37.53192, -0.56524 ], [ 37.53186, -0.56524 ], [ 37.53181, -0.56524 ], [ 37.53175, -0.56524 ], [ 37.53169, -0.56529 ], [ 37.53164, -0.56529 ], [ 37.53158, -0.56529 ], [ 37.53152, -0.56535 ], [ 37.53146, -0.56535 ], [ 37.53135, -0.56535 ], [ 37.53135, -0.56541 ], [ 37.53129, -0.56541 ], [ 37.53129, -0.56547 ], [ 37.53123, -0.56552 ], [ 37.53118, -0.56552 ], [ 37.53118, -0.56564 ], [ 37.53112, -0.56569 ], [ 37.53106, -0.56569 ], [ 37.53106, -0.56575 ], [ 37.53106, -0.56575 ], [ 37.53106, -0.56575 ], [ 37.53101, -0.56575 ], [ 37.53101, -0.56579 ], [ 37.53101, -0.56581 ], [ 37.53095, -0.56587 ], [ 37.53095, -0.56592 ], [ 37.53089, -0.56592 ], [ 37.53083, -0.56598 ], [ 37.53083, -0.56604 ], [ 37.53083, -0.56609 ], [ 37.53083, -0.5661 ], [ 37.53078, -0.5661 ], [ 37.53072, -0.5661 ], [ 37.53066, -0.5661 ], [ 37.5306, -0.5661 ], [ 37.53055, -0.5661 ], [ 37.53049, -0.5661 ], [ 37.53043, -0.5661 ], [ 37.53043, -0.56615 ], [ 37.53038, -0.56615 ], [ 37.53026, -0.56621 ], [ 37.53026, -0.56627 ], [ 37.5302, -0.56627 ], [ 37.53015, -0.56632 ], [ 37.53009, -0.56638 ], [ 37.53003, -0.56644 ], [ 37.52997, -0.5665 ], [ 37.52992, -0.5665 ], [ 37.52986, -0.5665 ], [ 37.5298, -0.56655 ], [ 37.52979, -0.56655 ], [ 37.52974, -0.56655 ], [ 37.52969, -0.56655 ], [ 37.52963, -0.56661 ], [ 37.52963, -0.56667 ], [ 37.52957, -0.56667 ], [ 37.52952, -0.56667 ], [ 37.52952, -0.56673 ], [ 37.52946, -0.56673 ], [ 37.52946, -0.56678 ], [ 37.5294, -0.56678 ], [ 37.5294, -0.56684 ], [ 37.5294, -0.5669 ], [ 37.52934, -0.5669 ], [ 37.52929, -0.5669 ], [ 37.52923, -0.5669 ], [ 37.52917, -0.56695 ], [ 37.52911, -0.56695 ], [ 37.52906, -0.56695 ], [ 37.52903, -0.56694 ], [ 37.529, -0.56692 ], [ 37.529, -0.5669 ], [ 37.52896, -0.5669 ], [ 37.52896, -0.5669 ], [ 37.52895, -0.5669 ], [ 37.52894, -0.5669 ], [ 37.52889, -0.5669 ], [ 37.52883, -0.5669 ], [ 37.52877, -0.5669 ], [ 37.52871, -0.5669 ], [ 37.52866, -0.5669 ], [ 37.5286, -0.5669 ], [ 37.52854, -0.5669 ], [ 37.52848, -0.56695 ], [ 37.52843, -0.56695 ], [ 37.52837, -0.56695 ], [ 37.52831, -0.56695 ], [ 37.52831, -0.56701 ], [ 37.52826, -0.56701 ], [ 37.5282, -0.56701 ], [ 37.52814, -0.56701 ], [ 37.52814, -0.56707 ], [ 37.52808, -0.56707 ], [ 37.52808, -0.56713 ], [ 37.52803, -0.56713 ], [ 37.52803, -0.56718 ], [ 37.52797, -0.56724 ], [ 37.52791, -0.5673 ], [ 37.52785, -0.56736 ], [ 37.5278, -0.56736 ], [ 37.5278, -0.56741 ], [ 37.52774, -0.56747 ], [ 37.52768, -0.56753 ], [ 37.52763, -0.56753 ], [ 37.52763, -0.56758 ], [ 37.52757, -0.56758 ], [ 37.52751, -0.56758 ], [ 37.52745, -0.56758 ], [ 37.5274, -0.56764 ], [ 37.52734, -0.5677 ], [ 37.52728, -0.5677 ], [ 37.52728, -0.56776 ], [ 37.52722, -0.56776 ], [ 37.52717, -0.56781 ], [ 37.52717, -0.56787 ], [ 37.52711, -0.56787 ], [ 37.52705, -0.56787 ], [ 37.52705, -0.56793 ], [ 37.527, -0.56793 ], [ 37.52694, -0.56799 ], [ 37.52688, -0.56799 ], [ 37.52688, -0.56804 ], [ 37.52682, -0.56804 ], [ 37.52682, -0.5681 ], [ 37.52677, -0.5681 ], [ 37.52671, -0.56816 ], [ 37.52671, -0.56821 ], [ 37.52665, -0.56821 ], [ 37.52659, -0.56821 ], [ 37.52654, -0.56821 ], [ 37.52648, -0.56821 ], [ 37.52648, -0.56827 ], [ 37.52642, -0.56827 ], [ 37.52641, -0.56829 ], [ 37.52636, -0.56833 ], [ 37.52636, -0.56839 ], [ 37.52631, -0.56839 ], [ 37.52625, -0.56839 ], [ 37.52619, -0.56839 ], [ 37.52619, -0.56844 ], [ 37.52614, -0.56849 ], [ 37.52614, -0.5685 ], [ 37.52608, -0.5685 ], [ 37.52602, -0.5685 ], [ 37.52596, -0.5685 ], [ 37.52591, -0.56856 ], [ 37.52586, -0.56856 ], [ 37.52585, -0.56856 ], [ 37.52579, -0.56856 ], [ 37.52573, -0.56856 ], [ 37.52568, -0.5685 ], [ 37.52556, -0.56856 ], [ 37.52551, -0.56856 ], [ 37.52545, -0.56856 ], [ 37.52539, -0.56856 ], [ 37.52533, -0.56856 ], [ 37.52528, -0.56856 ], [ 37.52522, -0.56856 ], [ 37.52516, -0.56856 ], [ 37.5251, -0.56856 ], [ 37.52505, -0.56856 ], [ 37.52499, -0.56862 ], [ 37.52499, -0.56867 ], [ 37.52493, -0.56867 ], [ 37.52488, -0.56867 ], [ 37.52488, -0.56873 ], [ 37.52482, -0.56879 ], [ 37.52476, -0.56879 ], [ 37.5247, -0.56885 ], [ 37.52465, -0.5689 ], [ 37.52459, -0.5689 ], [ 37.52459, -0.56896 ], [ 37.52453, -0.56896 ], [ 37.52447, -0.56896 ], [ 37.52442, -0.56896 ], [ 37.52436, -0.56896 ], [ 37.52436, -0.56902 ], [ 37.52425, -0.56902 ], [ 37.52413, -0.56907 ], [ 37.52407, -0.56913 ], [ 37.52407, -0.56919 ], [ 37.52396, -0.56925 ], [ 37.5239, -0.5693 ], [ 37.52384, -0.56936 ], [ 37.52379, -0.56942 ], [ 37.52373, -0.56948 ], [ 37.52367, -0.56948 ], [ 37.52362, -0.56953 ], [ 37.52356, -0.56953 ], [ 37.52356, -0.56959 ], [ 37.5235, -0.56959 ], [ 37.52344, -0.56959 ], [ 37.52339, -0.56965 ], [ 37.52333, -0.5697 ], [ 37.52327, -0.5697 ], [ 37.52321, -0.56976 ], [ 37.52316, -0.56976 ], [ 37.5231, -0.56976 ], [ 37.52304, -0.56976 ], [ 37.52298, -0.56976 ], [ 37.52293, -0.56976 ], [ 37.52287, -0.56976 ], [ 37.52281, -0.56976 ], [ 37.52276, -0.56976 ], [ 37.52264, -0.56976 ], [ 37.52247, -0.56982 ], [ 37.5223, -0.56988 ], [ 37.52224, -0.56988 ], [ 37.52218, -0.56988 ], [ 37.52216, -0.56988 ], [ 37.52213, -0.56988 ], [ 37.52207, -0.56988 ], [ 37.52195, -0.56988 ], [ 37.52184, -0.56993 ], [ 37.52172, -0.56993 ], [ 37.52167, -0.56999 ], [ 37.52161, -0.56999 ], [ 37.52161, -0.57005 ], [ 37.52158, -0.57005 ], [ 37.52155, -0.57005 ], [ 37.52155, -0.56999 ], [ 37.52155, -0.56993 ], [ 37.52155, -0.56988 ], [ 37.52155, -0.56982 ], [ 37.5215, -0.56976 ], [ 37.5215, -0.5697 ], [ 37.5215, -0.56965 ], [ 37.52144, -0.56959 ], [ 37.52138, -0.56953 ], [ 37.52138, -0.56948 ], [ 37.52132, -0.56942 ], [ 37.52132, -0.56936 ], [ 37.52132, -0.5693 ], [ 37.52132, -0.56925 ], [ 37.52127, -0.56919 ], [ 37.52121, -0.56919 ], [ 37.52121, -0.56913 ], [ 37.52115, -0.56913 ], [ 37.52115, -0.56907 ], [ 37.52109, -0.56902 ], [ 37.52104, -0.56902 ], [ 37.52087, -0.56879 ], [ 37.52075, -0.56873 ], [ 37.52075, -0.56867 ], [ 37.52069, -0.56862 ], [ 37.52064, -0.56862 ], [ 37.52058, -0.56862 ], [ 37.52052, -0.56856 ], [ 37.52046, -0.56856 ], [ 37.52046, -0.5685 ], [ 37.52041, -0.5685 ], [ 37.52035, -0.5685 ], [ 37.52029, -0.5685 ], [ 37.52024, -0.5685 ], [ 37.52018, -0.5685 ], [ 37.52001, -0.56844 ], [ 37.51995, -0.56844 ], [ 37.51989, -0.56844 ], [ 37.51983, -0.56844 ], [ 37.51978, -0.56844 ], [ 37.51972, -0.56844 ], [ 37.51966, -0.56844 ], [ 37.5196, -0.56844 ], [ 37.51955, -0.56844 ], [ 37.51949, -0.56844 ], [ 37.51943, -0.56844 ], [ 37.51938, -0.56844 ], [ 37.51932, -0.56844 ], [ 37.51926, -0.56844 ], [ 37.5192, -0.56839 ], [ 37.51915, -0.56839 ], [ 37.51915, -0.56833 ], [ 37.51909, -0.56827 ], [ 37.51903, -0.56827 ], [ 37.51897, -0.56816 ], [ 37.51892, -0.5681 ], [ 37.51886, -0.5681 ], [ 37.51886, -0.56806 ], [ 37.51886, -0.56804 ], [ 37.5188, -0.56804 ], [ 37.5188, -0.56799 ], [ 37.51875, -0.56793 ], [ 37.51875, -0.56787 ], [ 37.51875, -0.56781 ], [ 37.51875, -0.56776 ], [ 37.51875, -0.5677 ], [ 37.51869, -0.5677 ], [ 37.51863, -0.56758 ], [ 37.51857, -0.56753 ], [ 37.51852, -0.56753 ], [ 37.51852, -0.56747 ], [ 37.51846, -0.56747 ], [ 37.51846, -0.56741 ], [ 37.5184, -0.56741 ], [ 37.51834, -0.56741 ], [ 37.51829, -0.56741 ], [ 37.51823, -0.56741 ], [ 37.51823, -0.56736 ], [ 37.51817, -0.56736 ], [ 37.51812, -0.56736 ], [ 37.51806, -0.5673 ], [ 37.518, -0.5673 ], [ 37.51794, -0.56724 ], [ 37.51789, -0.56724 ], [ 37.51783, -0.56718 ], [ 37.51777, -0.56718 ], [ 37.51771, -0.56718 ], [ 37.51766, -0.56718 ], [ 37.5176, -0.56718 ], [ 37.51754, -0.56718 ], [ 37.51749, -0.56718 ], [ 37.51743, -0.56718 ], [ 37.51737, -0.56718 ], [ 37.51731, -0.56718 ], [ 37.5172, -0.56718 ], [ 37.51708, -0.56724 ], [ 37.51697, -0.56724 ], [ 37.51691, -0.56724 ], [ 37.51686, -0.56724 ], [ 37.5168, -0.56724 ], [ 37.51674, -0.56724 ], [ 37.51668, -0.56724 ], [ 37.51663, -0.56724 ], [ 37.51645, -0.56724 ], [ 37.51628, -0.56724 ], [ 37.51622, -0.56724 ], [ 37.51617, -0.56724 ], [ 37.51611, -0.56724 ], [ 37.516, -0.56724 ], [ 37.51594, -0.56724 ], [ 37.51588, -0.56724 ], [ 37.51537, -0.56736 ], [ 37.51531, -0.56736 ], [ 37.51525, -0.56736 ], [ 37.51519, -0.56736 ], [ 37.51514, -0.56736 ], [ 37.51508, -0.56736 ], [ 37.51502, -0.56736 ], [ 37.51479, -0.56741 ], [ 37.51474, -0.56753 ], [ 37.51468, -0.56753 ], [ 37.51462, -0.56753 ], [ 37.51456, -0.56753 ], [ 37.51451, -0.56753 ], [ 37.51445, -0.56753 ], [ 37.51445, -0.56758 ], [ 37.51433, -0.56758 ], [ 37.51428, -0.56758 ], [ 37.51422, -0.56758 ], [ 37.51411, -0.56758 ], [ 37.51376, -0.56758 ], [ 37.51353, -0.56758 ], [ 37.51342, -0.56758 ], [ 37.51336, -0.56758 ], [ 37.51336, -0.56764 ], [ 37.5133, -0.56764 ], [ 37.51325, -0.56764 ], [ 37.51313, -0.56764 ], [ 37.51307, -0.56764 ], [ 37.51302, -0.56764 ], [ 37.51296, -0.56764 ], [ 37.5129, -0.5677 ], [ 37.51279, -0.5677 ], [ 37.51267, -0.56776 ], [ 37.51264, -0.56776 ], [ 37.51262, -0.56776 ], [ 37.51256, -0.56776 ], [ 37.5125, -0.56776 ], [ 37.51244, -0.56776 ], [ 37.51244, -0.56781 ], [ 37.51239, -0.56781 ], [ 37.51233, -0.56781 ], [ 37.51227, -0.56781 ], [ 37.51221, -0.56787 ], [ 37.51216, -0.56787 ], [ 37.5121, -0.56787 ], [ 37.5121, -0.56793 ], [ 37.51204, -0.56793 ], [ 37.51204, -0.56799 ], [ 37.51199, -0.56799 ], [ 37.51187, -0.56804 ], [ 37.51181, -0.5681 ], [ 37.5117, -0.56816 ], [ 37.51164, -0.56816 ], [ 37.51158, -0.56821 ], [ 37.51153, -0.56821 ], [ 37.51153, -0.56827 ], [ 37.51147, -0.56827 ], [ 37.51141, -0.56827 ], [ 37.5113, -0.56833 ], [ 37.51124, -0.56839 ], [ 37.51118, -0.56844 ], [ 37.51113, -0.56844 ], [ 37.51107, -0.56844 ], [ 37.51101, -0.56844 ], [ 37.51095, -0.5685 ], [ 37.5109, -0.5685 ], [ 37.51084, -0.5685 ], [ 37.51078, -0.5685 ], [ 37.51073, -0.5685 ], [ 37.51067, -0.5685 ], [ 37.51061, -0.5685 ], [ 37.51055, -0.5685 ], [ 37.5105, -0.5685 ], [ 37.51044, -0.5685 ], [ 37.51038, -0.5685 ], [ 37.51032, -0.5685 ], [ 37.51027, -0.5685 ], [ 37.51021, -0.5685 ], [ 37.51015, -0.5685 ], [ 37.5101, -0.5685 ], [ 37.51004, -0.5685 ], [ 37.50998, -0.5685 ], [ 37.50916, -0.56953 ], [ 37.50242, -0.57795 ], [ 37.49921, -0.58139 ], [ 37.49517, -0.58448 ], [ 37.49507, -0.58455 ], [ 37.49351, -0.58575 ], [ 37.4919, -0.58698 ], [ 37.48266, -0.59403 ], [ 37.4791, -0.5968 ], [ 37.47888, -0.59741 ], [ 37.47888, -0.59714 ], [ 37.47881, -0.59687 ], [ 37.47866, -0.59664 ], [ 37.47862, -0.59651 ], [ 37.47859, -0.59633 ], [ 37.47851, -0.59613 ], [ 37.47847, -0.59603 ], [ 37.47846, -0.59601 ], [ 37.47853, -0.59586 ], [ 37.47858, -0.59584 ], [ 37.47881, -0.59579 ], [ 37.47893, -0.59568 ], [ 37.47895, -0.59566 ], [ 37.47921, -0.59537 ], [ 37.47935, -0.59522 ], [ 37.47936, -0.59507 ], [ 37.47947, -0.5948 ], [ 37.4795, -0.59472 ], [ 37.47961, -0.5944 ], [ 37.47961, -0.59405 ], [ 37.47964, -0.59377 ], [ 37.47965, -0.59374 ], [ 37.47968, -0.59348 ], [ 37.47968, -0.59322 ], [ 37.47977, -0.59295 ], [ 37.4798, -0.5929 ], [ 37.47989, -0.5927 ], [ 37.47997, -0.59252 ], [ 37.48005, -0.59233 ], [ 37.48015, -0.5921 ], [ 37.48019, -0.59203 ], [ 37.48028, -0.59187 ], [ 37.4805, -0.59172 ], [ 37.48076, -0.5917 ], [ 37.48086, -0.59182 ], [ 37.48092, -0.592 ], [ 37.48104, -0.59208 ], [ 37.48119, -0.59198 ], [ 37.48121, -0.59196 ], [ 37.48137, -0.59183 ], [ 37.48149, -0.59174 ], [ 37.48158, -0.59167 ], [ 37.48176, -0.59155 ], [ 37.48198, -0.59149 ], [ 37.48219, -0.59149 ], [ 37.4824, -0.59155 ], [ 37.48253, -0.59159 ], [ 37.48267, -0.59162 ], [ 37.48289, -0.59166 ], [ 37.48293, -0.59165 ], [ 37.48311, -0.59162 ], [ 37.48326, -0.59149 ], [ 37.48352, -0.59116 ], [ 37.48365, -0.59073 ], [ 37.48368, -0.59053 ], [ 37.48391, -0.59022 ], [ 37.48406, -0.58994 ], [ 37.48418, -0.58975 ], [ 37.48434, -0.5895 ], [ 37.48442, -0.58924 ], [ 37.48454, -0.58904 ], [ 37.48467, -0.58878 ], [ 37.48475, -0.58833 ], [ 37.48477, -0.58824 ], [ 37.4848, -0.58802 ], [ 37.48482, -0.58766 ], [ 37.48492, -0.5874 ], [ 37.48505, -0.58712 ], [ 37.48526, -0.58694 ], [ 37.48526, -0.58694 ], [ 37.48526, -0.58693 ], [ 37.48533, -0.58669 ], [ 37.48536, -0.58654 ], [ 37.48556, -0.58625 ], [ 37.48562, -0.58616 ], [ 37.48566, -0.58597 ], [ 37.48585, -0.5857 ], [ 37.48587, -0.58567 ], [ 37.48599, -0.58549 ], [ 37.48599, -0.58545 ], [ 37.48599, -0.58523 ], [ 37.48602, -0.585 ], [ 37.48602, -0.58474 ], [ 37.486, -0.58444 ], [ 37.486, -0.58444 ], [ 37.48579, -0.5839 ], [ 37.48571, -0.58355 ], [ 37.48569, -0.58349 ], [ 37.48549, -0.58322 ], [ 37.48526, -0.5828 ], [ 37.48506, -0.58245 ], [ 37.48504, -0.58233 ], [ 37.48479, -0.58189 ], [ 37.48464, -0.58172 ], [ 37.48452, -0.58158 ], [ 37.4844, -0.58142 ], [ 37.48423, -0.58129 ], [ 37.48406, -0.58119 ], [ 37.48359, -0.58106 ], [ 37.48344, -0.58083 ], [ 37.48311, -0.58066 ], [ 37.48307, -0.58064 ], [ 37.48285, -0.58053 ], [ 37.48262, -0.58035 ], [ 37.48255, -0.58025 ], [ 37.48235, -0.58009 ], [ 37.48224, -0.57986 ], [ 37.48212, -0.57976 ], [ 37.48201, -0.57962 ], [ 37.48192, -0.57952 ], [ 37.48161, -0.57944 ], [ 37.48126, -0.57936 ], [ 37.48108, -0.57936 ], [ 37.48107, -0.57936 ], [ 37.48094, -0.57933 ], [ 37.48065, -0.57932 ], [ 37.48047, -0.57925 ], [ 37.48043, -0.57925 ], [ 37.48037, -0.57922 ], [ 37.4803, -0.57919 ], [ 37.48025, -0.57917 ], [ 37.48024, -0.57917 ], [ 37.48001, -0.57885 ], [ 37.47975, -0.57842 ], [ 37.47975, -0.57814 ], [ 37.47985, -0.57755 ], [ 37.47976, -0.5772 ], [ 37.47948, -0.57692 ], [ 37.47918, -0.57642 ], [ 37.47915, -0.57611 ], [ 37.47913, -0.57581 ], [ 37.47916, -0.57531 ], [ 37.47913, -0.57497 ], [ 37.4789, -0.57461 ], [ 37.47876, -0.57445 ], [ 37.47861, -0.57427 ], [ 37.47811, -0.57394 ], [ 37.47772, -0.57362 ], [ 37.47725, -0.57314 ], [ 37.47688, -0.57269 ], [ 37.47672, -0.57221 ], [ 37.4766, -0.57181 ], [ 37.47655, -0.57138 ], [ 37.4766, -0.57093 ], [ 37.47671, -0.57069 ], [ 37.47677, -0.57067 ], [ 37.47703, -0.57057 ], [ 37.47734, -0.57046 ], [ 37.47753, -0.57044 ], [ 37.47775, -0.57014 ], [ 37.47785, -0.56979 ], [ 37.47782, -0.56928 ], [ 37.47765, -0.56896 ], [ 37.47753, -0.56874 ], [ 37.4771, -0.56853 ], [ 37.4767, -0.56804 ], [ 37.4765, -0.5676 ], [ 37.47647, -0.56725 ], [ 37.47647, -0.56691 ], [ 37.4765, -0.56666 ], [ 37.47653, -0.56646 ], [ 37.47648, -0.56613 ], [ 37.4762, -0.56573 ], [ 37.47597, -0.56523 ], [ 37.4758, -0.56465 ], [ 37.47568, -0.56395 ], [ 37.47545, -0.56317 ], [ 37.47522, -0.56235 ], [ 37.4752, -0.56183 ], [ 37.47518, -0.56133 ], [ 37.47517, -0.56101 ], [ 37.47511, -0.56072 ], [ 37.47509, -0.56064 ], [ 37.47505, -0.56057 ], [ 37.47503, -0.56051 ], [ 37.475, -0.56044 ], [ 37.47497, -0.56037 ], [ 37.47493, -0.56031 ], [ 37.47484, -0.56022 ], [ 37.47475, -0.56016 ], [ 37.47466, -0.56011 ], [ 37.47458, -0.56008 ], [ 37.47447, -0.56003 ], [ 37.47438, -0.56 ], [ 37.4743, -0.55998 ], [ 37.47421, -0.55996 ], [ 37.4741, -0.55994 ], [ 37.47407, -0.55993 ], [ 37.47401, -0.55993 ], [ 37.47397, -0.55992 ], [ 37.47389, -0.55992 ], [ 37.47382, -0.5599 ], [ 37.47365, -0.55983 ], [ 37.47356, -0.55977 ], [ 37.47347, -0.55968 ], [ 37.47342, -0.55964 ], [ 37.47341, -0.55963 ], [ 37.4733, -0.5595 ], [ 37.47314, -0.55934 ], [ 37.47306, -0.55923 ], [ 37.47301, -0.55914 ], [ 37.47298, -0.559 ], [ 37.47297, -0.55886 ], [ 37.47296, -0.55866 ], [ 37.47296, -0.55851 ], [ 37.4729, -0.55821 ], [ 37.47284, -0.55804 ], [ 37.47276, -0.55791 ], [ 37.47267, -0.55783 ], [ 37.47251, -0.5578 ], [ 37.47227, -0.55776 ], [ 37.47207, -0.55773 ], [ 37.47184, -0.55771 ], [ 37.47166, -0.55771 ], [ 37.47145, -0.55771 ], [ 37.47124, -0.55769 ], [ 37.47122, -0.55768 ], [ 37.47113, -0.55767 ], [ 37.47108, -0.55767 ], [ 37.47102, -0.55767 ], [ 37.471, -0.55767 ], [ 37.47094, -0.55767 ], [ 37.47089, -0.55767 ], [ 37.47084, -0.55769 ], [ 37.47077, -0.55767 ], [ 37.47073, -0.55767 ], [ 37.47068, -0.55767 ], [ 37.47064, -0.55767 ], [ 37.4706, -0.55769 ], [ 37.47055, -0.55769 ], [ 37.47051, -0.55769 ], [ 37.47046, -0.5577 ], [ 37.47032, -0.55771 ], [ 37.47017, -0.55773 ], [ 37.47006, -0.55776 ], [ 37.46993, -0.55779 ], [ 37.46987, -0.55783 ], [ 37.46975, -0.55787 ], [ 37.46965, -0.55791 ], [ 37.46957, -0.55791 ], [ 37.46951, -0.55793 ], [ 37.46943, -0.55797 ], [ 37.46934, -0.55799 ], [ 37.4693, -0.55801 ], [ 37.46922, -0.55803 ], [ 37.46914, -0.55803 ], [ 37.46908, -0.55805 ], [ 37.46903, -0.55807 ], [ 37.46899, -0.55808 ], [ 37.46893, -0.55808 ], [ 37.46884, -0.55808 ], [ 37.46872, -0.55806 ], [ 37.46862, -0.55806 ], [ 37.46851, -0.55805 ], [ 37.46843, -0.55805 ], [ 37.46835, -0.55803 ], [ 37.46827, -0.55802 ], [ 37.46818, -0.558 ], [ 37.4681, -0.55798 ], [ 37.46803, -0.55797 ], [ 37.46794, -0.55797 ], [ 37.46789, -0.55797 ], [ 37.46785, -0.55797 ], [ 37.46776, -0.55796 ], [ 37.46768, -0.55794 ], [ 37.46763, -0.55791 ], [ 37.46758, -0.55788 ], [ 37.46749, -0.55783 ], [ 37.46745, -0.55782 ], [ 37.46739, -0.55779 ], [ 37.46736, -0.55776 ], [ 37.4673, -0.55772 ], [ 37.46723, -0.5577 ], [ 37.46718, -0.5577 ], [ 37.46713, -0.55768 ], [ 37.46701, -0.55762 ], [ 37.46691, -0.55756 ], [ 37.46686, -0.55752 ], [ 37.46678, -0.55746 ], [ 37.46674, -0.55742 ], [ 37.46671, -0.55739 ], [ 37.46666, -0.55735 ], [ 37.46661, -0.55731 ], [ 37.46659, -0.55728 ], [ 37.46653, -0.55724 ], [ 37.46648, -0.55722 ], [ 37.46643, -0.5572 ], [ 37.46638, -0.55718 ], [ 37.46634, -0.55716 ], [ 37.46631, -0.55713 ], [ 37.46627, -0.55713 ], [ 37.46624, -0.55714 ], [ 37.46616, -0.55714 ], [ 37.46609, -0.55709 ], [ 37.46601, -0.55708 ], [ 37.46597, -0.55707 ], [ 37.4659, -0.55707 ], [ 37.46584, -0.55707 ], [ 37.46577, -0.55707 ], [ 37.46571, -0.55707 ], [ 37.46567, -0.55709 ], [ 37.46559, -0.55712 ], [ 37.46556, -0.55713 ], [ 37.46548, -0.55714 ], [ 37.46547, -0.55715 ], [ 37.46541, -0.55715 ], [ 37.46534, -0.55717 ], [ 37.46529, -0.55718 ], [ 37.46525, -0.55719 ], [ 37.46523, -0.55721 ], [ 37.46519, -0.55725 ], [ 37.46514, -0.55727 ], [ 37.4651, -0.55723 ], [ 37.46505, -0.55723 ], [ 37.46502, -0.55725 ], [ 37.46499, -0.5573 ], [ 37.46487, -0.55735 ], [ 37.46478, -0.55739 ], [ 37.46471, -0.55741 ], [ 37.46466, -0.55745 ], [ 37.46462, -0.55748 ], [ 37.46456, -0.55753 ], [ 37.46449, -0.55756 ], [ 37.46443, -0.55756 ], [ 37.46437, -0.55758 ], [ 37.46431, -0.55759 ], [ 37.46424, -0.55759 ], [ 37.46417, -0.55759 ], [ 37.46407, -0.55758 ], [ 37.46399, -0.55756 ], [ 37.46387, -0.55751 ], [ 37.46377, -0.55747 ], [ 37.46369, -0.55743 ], [ 37.46362, -0.55738 ], [ 37.46356, -0.55733 ], [ 37.46349, -0.55726 ], [ 37.46341, -0.55719 ], [ 37.46337, -0.55716 ], [ 37.46332, -0.55714 ], [ 37.46324, -0.55709 ], [ 37.46315, -0.55702 ], [ 37.46307, -0.55692 ], [ 37.46301, -0.55684 ], [ 37.46294, -0.55675 ], [ 37.46285, -0.55664 ], [ 37.46281, -0.55657 ], [ 37.46275, -0.5565 ], [ 37.46273, -0.55645 ], [ 37.4627, -0.55637 ], [ 37.46267, -0.55632 ], [ 37.46265, -0.55627 ], [ 37.46262, -0.55623 ], [ 37.46262, -0.55619 ], [ 37.46262, -0.55616 ], [ 37.46262, -0.55613 ], [ 37.46262, -0.55609 ], [ 37.46262, -0.55606 ], [ 37.46258, -0.55603 ], [ 37.46253, -0.55597 ], [ 37.46252, -0.55594 ], [ 37.46249, -0.55584 ], [ 37.46249, -0.55579 ], [ 37.46249, -0.55574 ], [ 37.46251, -0.5557 ], [ 37.46251, -0.55566 ], [ 37.46249, -0.55561 ], [ 37.46249, -0.55556 ], [ 37.46251, -0.55548 ], [ 37.46255, -0.55539 ], [ 37.46256, -0.55533 ], [ 37.46257, -0.55527 ], [ 37.46257, -0.55524 ], [ 37.46255, -0.5552 ], [ 37.46255, -0.55516 ], [ 37.46255, -0.55512 ], [ 37.46256, -0.55508 ], [ 37.46257, -0.55504 ], [ 37.46258, -0.555 ], [ 37.46261, -0.55491 ], [ 37.46262, -0.55477 ], [ 37.46262, -0.55474 ], [ 37.4626, -0.55467 ], [ 37.4626, -0.55467 ], [ 37.4626, -0.55462 ], [ 37.46262, -0.55458 ], [ 37.46262, -0.55451 ], [ 37.46264, -0.55446 ], [ 37.46265, -0.55438 ], [ 37.46267, -0.55434 ], [ 37.46268, -0.55429 ], [ 37.46272, -0.55424 ], [ 37.46275, -0.55422 ], [ 37.46275, -0.55418 ], [ 37.46274, -0.55414 ], [ 37.46274, -0.55409 ], [ 37.46274, -0.55406 ], [ 37.46273, -0.55398 ], [ 37.46276, -0.55392 ], [ 37.46279, -0.55389 ], [ 37.46279, -0.55388 ], [ 37.46281, -0.5538 ], [ 37.46286, -0.55375 ], [ 37.4629, -0.55374 ], [ 37.46293, -0.55372 ], [ 37.46292, -0.55369 ], [ 37.4629, -0.55366 ], [ 37.46288, -0.55363 ], [ 37.46288, -0.55361 ], [ 37.46289, -0.55357 ], [ 37.46291, -0.55354 ], [ 37.46296, -0.55345 ], [ 37.463, -0.55338 ], [ 37.46304, -0.5533 ], [ 37.46307, -0.55325 ], [ 37.46307, -0.5532 ], [ 37.46307, -0.55307 ], [ 37.46306, -0.55303 ], [ 37.46304, -0.553 ], [ 37.46302, -0.55298 ], [ 37.46302, -0.55294 ], [ 37.46302, -0.5529 ], [ 37.463, -0.55287 ], [ 37.46297, -0.55283 ], [ 37.46297, -0.55281 ], [ 37.46294, -0.55274 ], [ 37.46294, -0.55272 ], [ 37.46293, -0.55269 ], [ 37.4629, -0.55265 ], [ 37.46285, -0.55261 ], [ 37.4628, -0.55255 ], [ 37.46276, -0.5525 ], [ 37.46275, -0.55246 ], [ 37.46274, -0.55243 ], [ 37.46273, -0.5524 ], [ 37.46271, -0.55239 ], [ 37.46267, -0.55239 ], [ 37.46266, -0.55239 ], [ 37.46264, -0.55238 ], [ 37.46262, -0.55238 ], [ 37.46261, -0.55238 ], [ 37.46261, -0.55236 ], [ 37.46263, -0.55234 ], [ 37.46263, -0.55232 ], [ 37.46262, -0.55232 ], [ 37.4626, -0.55232 ], [ 37.46257, -0.5523 ], [ 37.46256, -0.55226 ], [ 37.46254, -0.55225 ], [ 37.46249, -0.55224 ], [ 37.46246, -0.5522 ], [ 37.4624, -0.55219 ], [ 37.46238, -0.55218 ], [ 37.46237, -0.55219 ], [ 37.46235, -0.55219 ], [ 37.46232, -0.55217 ], [ 37.46231, -0.55216 ], [ 37.46228, -0.55214 ], [ 37.46224, -0.55213 ], [ 37.46222, -0.55209 ], [ 37.46223, -0.55206 ], [ 37.46222, -0.55203 ], [ 37.4622, -0.55201 ], [ 37.46215, -0.55199 ], [ 37.46212, -0.55197 ], [ 37.46208, -0.55196 ], [ 37.46207, -0.55194 ], [ 37.46206, -0.55191 ], [ 37.46204, -0.55188 ], [ 37.462, -0.55186 ], [ 37.46197, -0.55183 ], [ 37.46196, -0.55181 ], [ 37.46188, -0.55176 ], [ 37.4618, -0.55174 ], [ 37.46174, -0.5517 ], [ 37.4617, -0.55166 ], [ 37.46163, -0.55163 ], [ 37.46156, -0.5516 ], [ 37.46148, -0.55158 ], [ 37.46143, -0.55155 ], [ 37.46141, -0.55152 ], [ 37.46133, -0.5515 ], [ 37.46125, -0.55148 ], [ 37.4612, -0.55147 ], [ 37.46115, -0.55147 ], [ 37.46105, -0.55146 ], [ 37.46094, -0.55146 ], [ 37.46088, -0.55145 ], [ 37.4608, -0.55145 ], [ 37.46074, -0.55146 ], [ 37.46063, -0.55148 ], [ 37.46055, -0.55148 ], [ 37.46054, -0.55149 ], [ 37.46052, -0.55149 ], [ 37.46048, -0.55151 ], [ 37.46044, -0.55154 ], [ 37.46031, -0.5516 ], [ 37.46025, -0.55164 ], [ 37.4602, -0.55167 ], [ 37.46016, -0.55169 ], [ 37.4601, -0.55169 ], [ 37.46005, -0.55171 ], [ 37.46003, -0.55173 ], [ 37.45999, -0.55175 ], [ 37.45996, -0.55174 ], [ 37.45994, -0.55174 ], [ 37.45993, -0.55172 ], [ 37.4599, -0.5517 ], [ 37.45987, -0.5517 ], [ 37.45984, -0.55171 ], [ 37.45981, -0.55173 ], [ 37.45973, -0.55178 ], [ 37.45964, -0.5518 ], [ 37.45956, -0.55182 ], [ 37.45948, -0.55181 ], [ 37.45937, -0.5518 ], [ 37.4593, -0.55179 ], [ 37.45925, -0.55179 ], [ 37.4592, -0.55179 ], [ 37.45915, -0.55178 ], [ 37.4591, -0.55176 ], [ 37.45905, -0.55176 ], [ 37.45898, -0.55174 ], [ 37.45896, -0.55174 ], [ 37.45892, -0.55175 ], [ 37.45889, -0.55176 ], [ 37.45885, -0.55176 ], [ 37.4588, -0.55176 ], [ 37.45879, -0.55176 ], [ 37.45875, -0.55176 ], [ 37.45872, -0.55177 ], [ 37.45869, -0.55175 ], [ 37.45867, -0.55172 ], [ 37.45863, -0.55173 ], [ 37.45862, -0.55174 ], [ 37.45859, -0.55174 ], [ 37.45858, -0.55173 ], [ 37.45856, -0.55172 ], [ 37.45855, -0.5517 ], [ 37.45852, -0.55169 ], [ 37.45846, -0.55169 ], [ 37.4584, -0.5517 ], [ 37.45837, -0.5517 ], [ 37.45832, -0.55168 ], [ 37.4583, -0.55168 ], [ 37.45826, -0.55167 ], [ 37.45822, -0.55168 ], [ 37.4582, -0.55171 ], [ 37.45818, -0.55173 ], [ 37.45813, -0.5517 ], [ 37.4581, -0.55168 ], [ 37.45808, -0.55166 ], [ 37.45802, -0.55167 ], [ 37.458, -0.55166 ], [ 37.45795, -0.55165 ], [ 37.45789, -0.55162 ], [ 37.45789, -0.55159 ], [ 37.45783, -0.55156 ], [ 37.45779, -0.55155 ], [ 37.45775, -0.55155 ], [ 37.45771, -0.55157 ], [ 37.45766, -0.55159 ], [ 37.45761, -0.5516 ], [ 37.45757, -0.5516 ], [ 37.45751, -0.55158 ], [ 37.45748, -0.55154 ], [ 37.45745, -0.55154 ], [ 37.45738, -0.55152 ], [ 37.45734, -0.55153 ], [ 37.45727, -0.55154 ], [ 37.4572, -0.55157 ], [ 37.45716, -0.55159 ], [ 37.45711, -0.55162 ], [ 37.45707, -0.55164 ], [ 37.45703, -0.55165 ], [ 37.45699, -0.55167 ], [ 37.45693, -0.55168 ], [ 37.45691, -0.55169 ], [ 37.4569, -0.55171 ], [ 37.45686, -0.55172 ], [ 37.45682, -0.55172 ], [ 37.45679, -0.55173 ], [ 37.45676, -0.55173 ], [ 37.45672, -0.55173 ], [ 37.45669, -0.55171 ], [ 37.45667, -0.55171 ], [ 37.45664, -0.5517 ], [ 37.4566, -0.55169 ], [ 37.45655, -0.55169 ], [ 37.45652, -0.55169 ], [ 37.45649, -0.55167 ], [ 37.45648, -0.55164 ], [ 37.45648, -0.55162 ], [ 37.45645, -0.55159 ], [ 37.45643, -0.55156 ], [ 37.45641, -0.55153 ], [ 37.4564, -0.5515 ], [ 37.45636, -0.55149 ], [ 37.45633, -0.55148 ], [ 37.45629, -0.55147 ], [ 37.45626, -0.55147 ], [ 37.45624, -0.55149 ], [ 37.45622, -0.55148 ], [ 37.45619, -0.55146 ], [ 37.45618, -0.55144 ], [ 37.45615, -0.55143 ], [ 37.45613, -0.55141 ], [ 37.45612, -0.55139 ], [ 37.45611, -0.55135 ], [ 37.45606, -0.55132 ], [ 37.45604, -0.5513 ], [ 37.45598, -0.55129 ], [ 37.45594, -0.55129 ], [ 37.4559, -0.55129 ], [ 37.45589, -0.55129 ], [ 37.45587, -0.55129 ], [ 37.45584, -0.55128 ], [ 37.4558, -0.55124 ], [ 37.45577, -0.55123 ], [ 37.45573, -0.55123 ], [ 37.45571, -0.55123 ], [ 37.4557, -0.55126 ], [ 37.4557, -0.55128 ], [ 37.45568, -0.55131 ], [ 37.45565, -0.55132 ], [ 37.45563, -0.55133 ], [ 37.4556, -0.55133 ], [ 37.45557, -0.55132 ], [ 37.45555, -0.55134 ], [ 37.45553, -0.55136 ], [ 37.45551, -0.55138 ], [ 37.45548, -0.5514 ], [ 37.45545, -0.5514 ], [ 37.45542, -0.5514 ], [ 37.4554, -0.5514 ], [ 37.45537, -0.5514 ], [ 37.45534, -0.5514 ], [ 37.45531, -0.5514 ], [ 37.45526, -0.55142 ], [ 37.45526, -0.55142 ], [ 37.45506, -0.55147 ], [ 37.45499, -0.55149 ], [ 37.45496, -0.55149 ], [ 37.45482, -0.55153 ], [ 37.45472, -0.55154 ], [ 37.45459, -0.55154 ], [ 37.45452, -0.55152 ], [ 37.45448, -0.55151 ], [ 37.45444, -0.55152 ], [ 37.4544, -0.55154 ], [ 37.45436, -0.55153 ], [ 37.45431, -0.55149 ], [ 37.45429, -0.55146 ], [ 37.45425, -0.55146 ], [ 37.45423, -0.55147 ], [ 37.45419, -0.55149 ], [ 37.45414, -0.55149 ], [ 37.4541, -0.55149 ], [ 37.45406, -0.55146 ], [ 37.45405, -0.55143 ], [ 37.45402, -0.55141 ], [ 37.454, -0.55141 ], [ 37.45397, -0.55142 ], [ 37.45394, -0.55142 ], [ 37.4539, -0.55145 ], [ 37.45389, -0.55146 ], [ 37.45388, -0.55146 ], [ 37.45387, -0.55146 ], [ 37.45387, -0.55144 ], [ 37.45387, -0.55142 ], [ 37.45386, -0.55138 ], [ 37.45383, -0.55136 ], [ 37.45381, -0.55136 ], [ 37.45379, -0.55135 ], [ 37.45378, -0.55133 ], [ 37.45377, -0.5513 ], [ 37.45376, -0.55128 ], [ 37.45374, -0.55125 ], [ 37.45372, -0.55122 ], [ 37.45371, -0.5512 ], [ 37.45368, -0.55118 ], [ 37.45365, -0.55115 ], [ 37.45363, -0.55111 ], [ 37.45361, -0.55109 ], [ 37.45356, -0.55107 ], [ 37.4535, -0.55105 ], [ 37.45346, -0.55102 ], [ 37.45342, -0.55096 ], [ 37.4534, -0.55093 ], [ 37.45338, -0.55089 ], [ 37.45337, -0.55087 ], [ 37.45335, -0.55084 ], [ 37.45332, -0.55079 ], [ 37.4533, -0.55074 ], [ 37.45328, -0.5507 ], [ 37.45327, -0.55066 ], [ 37.45327, -0.55065 ], [ 37.45324, -0.55061 ], [ 37.4532, -0.55059 ], [ 37.45319, -0.55059 ], [ 37.45317, -0.55058 ], [ 37.45316, -0.55056 ], [ 37.45316, -0.55053 ], [ 37.45316, -0.55051 ], [ 37.45315, -0.55049 ], [ 37.45312, -0.55048 ], [ 37.45311, -0.55047 ], [ 37.45309, -0.55043 ], [ 37.45309, -0.5504 ], [ 37.45309, -0.55038 ], [ 37.45254, -0.55077 ], [ 37.45237, -0.55045 ], [ 37.45196, -0.55014 ], [ 37.45178, -0.54999 ], [ 37.4515, -0.54978 ], [ 37.45119, -0.54955 ], [ 37.45089, -0.54923 ], [ 37.45055, -0.54871 ], [ 37.45041, -0.54846 ], [ 37.45025, -0.54815 ], [ 37.45007, -0.54779 ], [ 37.44997, -0.54756 ], [ 37.44984, -0.54731 ], [ 37.44946, -0.54695 ], [ 37.44916, -0.54675 ], [ 37.44887, -0.54664 ], [ 37.44859, -0.54647 ], [ 37.44833, -0.54631 ], [ 37.44818, -0.54613 ], [ 37.44811, -0.54591 ], [ 37.44805, -0.54573 ], [ 37.44806, -0.54557 ], [ 37.44807, -0.54524 ], [ 37.4481, -0.54518 ], [ 37.4489, -0.54518 ], [ 37.44891, -0.54519 ], [ 37.44891, -0.54518 ], [ 37.44891, -0.54511 ], [ 37.44891, -0.54505 ], [ 37.44891, -0.54503 ], [ 37.4489, -0.545 ], [ 37.4489, -0.54498 ], [ 37.4489, -0.54495 ], [ 37.44891, -0.54491 ], [ 37.44893, -0.54486 ], [ 37.44892, -0.54483 ], [ 37.4489, -0.54481 ], [ 37.44888, -0.54477 ], [ 37.44887, -0.54473 ], [ 37.44887, -0.5447 ], [ 37.44887, -0.54466 ], [ 37.44888, -0.54462 ], [ 37.44888, -0.54459 ], [ 37.44888, -0.54455 ], [ 37.44888, -0.54453 ], [ 37.44886, -0.54447 ], [ 37.44884, -0.54443 ], [ 37.44882, -0.54438 ], [ 37.44882, -0.54436 ], [ 37.44883, -0.5443 ], [ 37.44884, -0.54425 ], [ 37.44888, -0.5442 ], [ 37.4489, -0.54417 ], [ 37.44891, -0.54413 ], [ 37.44891, -0.54407 ], [ 37.44891, -0.54405 ], [ 37.4489, -0.54401 ], [ 37.4489, -0.54396 ], [ 37.4489, -0.54392 ], [ 37.44888, -0.54389 ], [ 37.44887, -0.54386 ], [ 37.44886, -0.54382 ], [ 37.44886, -0.54379 ], [ 37.44885, -0.54376 ], [ 37.44883, -0.54373 ], [ 37.4488, -0.5437 ], [ 37.44879, -0.54367 ], [ 37.44879, -0.54361 ], [ 37.4488, -0.54357 ], [ 37.44882, -0.54351 ], [ 37.44883, -0.54345 ], [ 37.44884, -0.5434 ], [ 37.44885, -0.54334 ], [ 37.44885, -0.54326 ], [ 37.44884, -0.54323 ], [ 37.44884, -0.5432 ], [ 37.44884, -0.54316 ], [ 37.44885, -0.54311 ], [ 37.44887, -0.54306 ], [ 37.44888, -0.54301 ], [ 37.44889, -0.54297 ], [ 37.4489, -0.54294 ], [ 37.44888, -0.5429 ], [ 37.44889, -0.54284 ], [ 37.44891, -0.5428 ], [ 37.44892, -0.54277 ], [ 37.44895, -0.5427 ], [ 37.44895, -0.54268 ], [ 37.44893, -0.54263 ], [ 37.44891, -0.54261 ], [ 37.44891, -0.54259 ], [ 37.44892, -0.54255 ], [ 37.44895, -0.54253 ], [ 37.44897, -0.5425 ], [ 37.44897, -0.54246 ], [ 37.44897, -0.54243 ], [ 37.44894, -0.54238 ], [ 37.44894, -0.54233 ], [ 37.44897, -0.54228 ], [ 37.44899, -0.54224 ], [ 37.44901, -0.54219 ], [ 37.44901, -0.54215 ], [ 37.449, -0.54211 ], [ 37.449, -0.54204 ], [ 37.44902, -0.54196 ], [ 37.44902, -0.54192 ], [ 37.44905, -0.54183 ], [ 37.44906, -0.54176 ], [ 37.44909, -0.54169 ], [ 37.44911, -0.5416 ], [ 37.44909, -0.54155 ], [ 37.44908, -0.54148 ], [ 37.44907, -0.54143 ], [ 37.44908, -0.54136 ], [ 37.4491, -0.54128 ], [ 37.4491, -0.54123 ], [ 37.4491, -0.54115 ], [ 37.44909, -0.54107 ], [ 37.44908, -0.54097 ], [ 37.44908, -0.54091 ], [ 37.44907, -0.54086 ], [ 37.44906, -0.54084 ], [ 37.44906, -0.5408 ], [ 37.44905, -0.54076 ], [ 37.44903, -0.54072 ], [ 37.44902, -0.54069 ], [ 37.44901, -0.54065 ], [ 37.44901, -0.54058 ], [ 37.44899, -0.5405 ], [ 37.44895, -0.54042 ], [ 37.44887, -0.54029 ], [ 37.44883, -0.54022 ], [ 37.44882, -0.54017 ], [ 37.44879, -0.54013 ], [ 37.44876, -0.54009 ], [ 37.44873, -0.54007 ], [ 37.4487, -0.54004 ], [ 37.44867, -0.54001 ], [ 37.44867, -0.53999 ], [ 37.44865, -0.53995 ], [ 37.44864, -0.5399 ], [ 37.44861, -0.53985 ], [ 37.44857, -0.53983 ], [ 37.4485, -0.53982 ], [ 37.44845, -0.53978 ], [ 37.44843, -0.53974 ], [ 37.44841, -0.53969 ], [ 37.44839, -0.53962 ], [ 37.44835, -0.53957 ], [ 37.44831, -0.53952 ], [ 37.44825, -0.53945 ], [ 37.4482, -0.53937 ], [ 37.44816, -0.5393 ], [ 37.44813, -0.53926 ], [ 37.4481, -0.53922 ], [ 37.44808, -0.53917 ], [ 37.44808, -0.5391 ], [ 37.44806, -0.53906 ], [ 37.44802, -0.53902 ], [ 37.44797, -0.539 ], [ 37.44793, -0.53898 ], [ 37.44789, -0.53895 ], [ 37.44788, -0.53889 ], [ 37.44786, -0.53886 ], [ 37.44784, -0.53882 ], [ 37.44781, -0.53875 ], [ 37.4478, -0.5387 ], [ 37.44778, -0.53865 ], [ 37.44776, -0.53857 ], [ 37.44776, -0.5385 ], [ 37.44774, -0.53843 ], [ 37.44771, -0.53839 ], [ 37.44766, -0.53834 ], [ 37.44761, -0.53826 ], [ 37.4476, -0.53818 ], [ 37.44759, -0.53813 ], [ 37.4476, -0.53805 ], [ 37.4476, -0.53799 ], [ 37.4476, -0.53794 ], [ 37.4476, -0.53789 ], [ 37.44759, -0.53784 ], [ 37.44757, -0.53781 ], [ 37.44755, -0.53778 ], [ 37.44753, -0.53772 ], [ 37.4475, -0.53767 ], [ 37.44748, -0.53762 ], [ 37.44745, -0.53756 ], [ 37.44742, -0.53753 ], [ 37.44736, -0.53746 ], [ 37.44731, -0.53741 ], [ 37.44725, -0.53735 ], [ 37.4472, -0.5373 ], [ 37.44715, -0.53723 ], [ 37.44712, -0.53718 ], [ 37.44708, -0.53714 ], [ 37.44706, -0.53711 ], [ 37.447, -0.53705 ], [ 37.44696, -0.53698 ], [ 37.44692, -0.53693 ], [ 37.4469, -0.53687 ], [ 37.4469, -0.53683 ], [ 37.44689, -0.53679 ], [ 37.44685, -0.53669 ], [ 37.44684, -0.53665 ], [ 37.44682, -0.53662 ], [ 37.44679, -0.53655 ], [ 37.44679, -0.53649 ], [ 37.44679, -0.53642 ], [ 37.44679, -0.53638 ], [ 37.44679, -0.53633 ], [ 37.44679, -0.5363 ], [ 37.4468, -0.5362 ], [ 37.44679, -0.53615 ], [ 37.44678, -0.53612 ], [ 37.44678, -0.53611 ], [ 37.44679, -0.53606 ], [ 37.4468, -0.53596 ], [ 37.44682, -0.53585 ], [ 37.44686, -0.53573 ], [ 37.44693, -0.5356 ], [ 37.44697, -0.5355 ], [ 37.44706, -0.53536 ], [ 37.44713, -0.53515 ], [ 37.44719, -0.53505 ], [ 37.44719, -0.53494 ], [ 37.44723, -0.53481 ], [ 37.44722, -0.53469 ], [ 37.44726, -0.53458 ], [ 37.44728, -0.53442 ], [ 37.4473, -0.5343 ], [ 37.44733, -0.53416 ], [ 37.44737, -0.53406 ], [ 37.44742, -0.53396 ], [ 37.44747, -0.53387 ], [ 37.44752, -0.53376 ], [ 37.44755, -0.53369 ], [ 37.44759, -0.53359 ], [ 37.44762, -0.53346 ], [ 37.44763, -0.53335 ], [ 37.44763, -0.53323 ], [ 37.44762, -0.53315 ], [ 37.44758, -0.53309 ], [ 37.44751, -0.53297 ], [ 37.44743, -0.53284 ], [ 37.44738, -0.53274 ], [ 37.44732, -0.53262 ], [ 37.4473, -0.53254 ], [ 37.44729, -0.5324 ], [ 37.44727, -0.53235 ], [ 37.44726, -0.53233 ], [ 37.44722, -0.53224 ], [ 37.4472, -0.5322 ], [ 37.44714, -0.53215 ], [ 37.44712, -0.53213 ], [ 37.44704, -0.53202 ], [ 37.447, -0.53194 ], [ 37.44698, -0.53183 ], [ 37.44698, -0.53183 ], [ 37.44699, -0.532 ], [ 37.44678, -0.53211 ], [ 37.44677, -0.53212 ], [ 37.4466, -0.53221 ], [ 37.44659, -0.53218 ], [ 37.44642, -0.53198 ], [ 37.44619, -0.53175 ], [ 37.4459, -0.53156 ], [ 37.44571, -0.53144 ], [ 37.44568, -0.53128 ], [ 37.44563, -0.53106 ], [ 37.44547, -0.53077 ], [ 37.44535, -0.53059 ], [ 37.44514, -0.53024 ], [ 37.44498, -0.53013 ], [ 37.44475, -0.52994 ], [ 37.44455, -0.52978 ], [ 37.44452, -0.52977 ], [ 37.44417, -0.52957 ], [ 37.44404, -0.52944 ], [ 37.44403, -0.52932 ], [ 37.44401, -0.52929 ], [ 37.44392, -0.52911 ], [ 37.44381, -0.52891 ], [ 37.44369, -0.52878 ], [ 37.44351, -0.52866 ], [ 37.44314, -0.52862 ], [ 37.44287, -0.5286 ], [ 37.44267, -0.52859 ], [ 37.44258, -0.52858 ], [ 37.44226, -0.52852 ], [ 37.4421, -0.52833 ], [ 37.44189, -0.52821 ], [ 37.44186, -0.52819 ], [ 37.44164, -0.52814 ], [ 37.44131, -0.52798 ], [ 37.44128, -0.52796 ], [ 37.44106, -0.52776 ], [ 37.44092, -0.5276 ], [ 37.44067, -0.52735 ], [ 37.44057, -0.52717 ], [ 37.44051, -0.52689 ], [ 37.4405, -0.52688 ], [ 37.44047, -0.52682 ], [ 37.4403, -0.52647 ], [ 37.44028, -0.52628 ], [ 37.44019, -0.5261 ], [ 37.44011, -0.52581 ], [ 37.44003, -0.52561 ], [ 37.43988, -0.52536 ], [ 37.43959, -0.52512 ], [ 37.4393, -0.525 ], [ 37.43911, -0.52485 ], [ 37.43891, -0.52476 ], [ 37.43872, -0.52457 ], [ 37.43858, -0.52441 ], [ 37.43853, -0.5242 ], [ 37.4385, -0.5241 ], [ 37.43847, -0.52403 ], [ 37.43834, -0.5238 ], [ 37.43821, -0.52359 ], [ 37.43803, -0.52339 ], [ 37.43783, -0.52328 ], [ 37.43767, -0.52325 ], [ 37.43742, -0.52334 ], [ 37.4374, -0.52336 ], [ 37.43725, -0.52347 ], [ 37.43722, -0.52348 ], [ 37.43702, -0.52354 ], [ 37.43701, -0.52354 ], [ 37.43701, -0.52354 ], [ 37.43699, -0.52354 ], [ 37.43646, -0.52351 ], [ 37.43594, -0.52331 ], [ 37.43504, -0.52251 ], [ 37.43447, -0.52189 ], [ 37.43439, -0.52181 ], [ 37.43388, -0.52121 ], [ 37.43334, -0.52063 ], [ 37.43296, -0.51985 ], [ 37.43266, -0.51921 ], [ 37.43263, -0.51908 ], [ 37.43241, -0.5182 ], [ 37.43236, -0.51802 ], [ 37.43221, -0.51751 ], [ 37.43189, -0.51721 ], [ 37.43183, -0.51718 ], [ 37.43153, -0.517 ], [ 37.43104, -0.51663 ], [ 37.43048, -0.51623 ], [ 37.43031, -0.51591 ], [ 37.4303, -0.51583 ], [ 37.43022, -0.51556 ], [ 37.43021, -0.5155 ], [ 37.43019, -0.51542 ], [ 37.43018, -0.51488 ], [ 37.43015, -0.51467 ], [ 37.43006, -0.51408 ], [ 37.42998, -0.51338 ], [ 37.42974, -0.51308 ], [ 37.42962, -0.51302 ], [ 37.42961, -0.51299 ], [ 37.42947, -0.51286 ], [ 37.42925, -0.51275 ], [ 37.42899, -0.51258 ], [ 37.42874, -0.51253 ], [ 37.42846, -0.51253 ], [ 37.4282, -0.51245 ], [ 37.42801, -0.51213 ], [ 37.428, -0.51174 ], [ 37.428, -0.51119 ], [ 37.42801, -0.51065 ], [ 37.42793, -0.5101 ], [ 37.42792, -0.5101 ], [ 37.42758, -0.5095 ], [ 37.42718, -0.50895 ], [ 37.42714, -0.50886 ], [ 37.42708, -0.50869 ], [ 37.427, -0.50834 ], [ 37.42693, -0.50808 ], [ 37.42685, -0.5077 ], [ 37.42684, -0.50741 ], [ 37.42675, -0.50695 ], [ 37.42667, -0.50668 ], [ 37.4265, -0.50646 ], [ 37.42648, -0.50642 ], [ 37.42647, -0.50642 ], [ 37.42644, -0.50638 ], [ 37.42643, -0.50635 ], [ 37.42633, -0.50614 ], [ 37.42628, -0.50594 ], [ 37.42628, -0.50568 ], [ 37.42634, -0.50539 ], [ 37.42635, -0.50528 ], [ 37.42651, -0.50459 ], [ 37.4269, -0.50392 ], [ 37.4275, -0.50336 ], [ 37.42776, -0.50292 ], [ 37.42766, -0.50249 ], [ 37.42756, -0.50214 ], [ 37.42726, -0.50183 ], [ 37.42681, -0.50148 ], [ 37.42653, -0.50104 ], [ 37.42654, -0.50091 ], [ 37.42658, -0.50041 ], [ 37.42671, -0.49996 ], [ 37.4271, -0.49944 ], [ 37.42755, -0.49911 ], [ 37.42771, -0.49906 ], [ 37.42799, -0.49891 ], [ 37.42806, -0.49886 ], [ 37.42835, -0.49874 ], [ 37.42869, -0.49861 ], [ 37.42886, -0.49854 ], [ 37.42894, -0.49854 ], [ 37.42925, -0.49854 ], [ 37.42951, -0.49844 ], [ 37.42965, -0.49836 ], [ 37.43008, -0.49833 ], [ 37.43032, -0.49822 ], [ 37.43084, -0.49798 ], [ 37.43109, -0.49763 ], [ 37.43108, -0.49748 ], [ 37.43117, -0.49737 ], [ 37.43098, -0.49694 ], [ 37.43081, -0.49671 ], [ 37.43055, -0.49655 ], [ 37.43032, -0.49647 ], [ 37.43002, -0.49627 ], [ 37.42988, -0.4961 ], [ 37.42961, -0.49584 ], [ 37.4296, -0.49583 ], [ 37.42894, -0.4953 ], [ 37.42892, -0.49521 ], [ 37.4289, -0.49516 ], [ 37.42878, -0.49469 ], [ 37.42871, -0.49441 ], [ 37.42869, -0.49431 ], [ 37.42866, -0.49397 ], [ 37.42864, -0.49361 ], [ 37.42863, -0.49358 ], [ 37.42838, -0.4931 ], [ 37.42838, -0.49309 ], [ 37.42836, -0.49272 ], [ 37.42833, -0.49244 ], [ 37.42832, -0.4923 ], [ 37.42832, -0.49224 ], [ 37.4283, -0.49203 ], [ 37.42828, -0.4918 ], [ 37.42812, -0.49149 ], [ 37.42799, -0.49108 ], [ 37.42779, -0.4909 ], [ 37.42766, -0.49072 ], [ 37.42751, -0.49052 ], [ 37.42746, -0.49046 ], [ 37.42726, -0.49024 ], [ 37.42708, -0.49004 ], [ 37.42685, -0.48993 ], [ 37.42664, -0.4898 ], [ 37.42651, -0.48968 ], [ 37.42636, -0.48957 ], [ 37.42618, -0.48938 ], [ 37.42608, -0.48915 ], [ 37.42605, -0.48902 ], [ 37.42605, -0.48853 ], [ 37.42618, -0.48832 ], [ 37.42624, -0.48819 ], [ 37.42634, -0.48797 ], [ 37.42634, -0.48774 ], [ 37.42634, -0.48754 ], [ 37.42623, -0.48736 ], [ 37.42598, -0.4872 ], [ 37.42585, -0.48704 ], [ 37.42567, -0.4869 ], [ 37.42524, -0.48659 ], [ 37.42513, -0.48643 ], [ 37.42505, -0.48631 ], [ 37.42503, -0.48628 ], [ 37.42497, -0.48609 ], [ 37.42493, -0.48592 ], [ 37.42493, -0.48577 ], [ 37.42497, -0.48571 ], [ 37.42505, -0.48556 ], [ 37.42518, -0.48534 ], [ 37.42523, -0.48528 ], [ 37.42524, -0.48523 ], [ 37.42527, -0.48509 ], [ 37.42529, -0.48502 ], [ 37.42529, -0.48485 ], [ 37.42526, -0.48483 ], [ 37.42526, -0.48482 ], [ 37.42517, -0.48476 ], [ 37.42514, -0.48474 ], [ 37.42512, -0.48473 ], [ 37.42498, -0.48472 ], [ 37.4248, -0.48457 ], [ 37.42465, -0.48441 ], [ 37.42459, -0.48418 ], [ 37.42459, -0.48417 ], [ 37.4246, -0.48382 ], [ 37.42471, -0.48375 ], [ 37.42482, -0.48368 ], [ 37.42503, -0.48354 ], [ 37.42521, -0.48344 ], [ 37.42532, -0.4833 ], [ 37.42532, -0.48329 ], [ 37.42537, -0.48323 ], [ 37.4255, -0.48306 ], [ 37.42551, -0.48306 ], [ 37.42551, -0.48299 ], [ 37.42551, -0.48285 ], [ 37.42558, -0.48262 ], [ 37.42559, -0.48261 ], [ 37.42565, -0.4824 ], [ 37.42578, -0.48221 ], [ 37.42581, -0.48217 ], [ 37.42595, -0.48196 ], [ 37.42595, -0.48192 ], [ 37.42595, -0.48163 ], [ 37.42586, -0.48152 ], [ 37.42579, -0.48144 ], [ 37.42575, -0.48138 ], [ 37.42546, -0.48127 ], [ 37.42528, -0.4812 ], [ 37.42519, -0.48104 ], [ 37.42509, -0.48086 ], [ 37.42506, -0.4806 ], [ 37.42506, -0.48038 ], [ 37.42505, -0.48022 ], [ 37.42503, -0.48 ], [ 37.42503, -0.47982 ], [ 37.42519, -0.47961 ], [ 37.42526, -0.47943 ], [ 37.42539, -0.47928 ], [ 37.42554, -0.47926 ], [ 37.42572, -0.47926 ], [ 37.42587, -0.47936 ], [ 37.42593, -0.4794 ], [ 37.42615, -0.47945 ], [ 37.42643, -0.47943 ], [ 37.42649, -0.4793 ], [ 37.42649, -0.47915 ], [ 37.42649, -0.47909 ], [ 37.42649, -0.47892 ], [ 37.42647, -0.47876 ], [ 37.42647, -0.47862 ], [ 37.42647, -0.47848 ], [ 37.42638, -0.47808 ], [ 37.42651, -0.4779 ], [ 37.42651, -0.47772 ], [ 37.42652, -0.47749 ], [ 37.42652, -0.47742 ], [ 37.42652, -0.47727 ], [ 37.42652, -0.4771 ], [ 37.42649, -0.4768 ], [ 37.42644, -0.4766 ], [ 37.4264, -0.47615 ], [ 37.42639, -0.47609 ], [ 37.42641, -0.47595 ], [ 37.42642, -0.47583 ], [ 37.42643, -0.47572 ], [ 37.42644, -0.47558 ], [ 37.42651, -0.47544 ], [ 37.42657, -0.47533 ], [ 37.42661, -0.47527 ], [ 37.4267, -0.47514 ], [ 37.42677, -0.47508 ], [ 37.42682, -0.47503 ], [ 37.42689, -0.47496 ], [ 37.42705, -0.4748 ], [ 37.42718, -0.47467 ], [ 37.42725, -0.4746 ], [ 37.42745, -0.47421 ], [ 37.42753, -0.47399 ], [ 37.42766, -0.47379 ], [ 37.42766, -0.47378 ], [ 37.4277, -0.47374 ], [ 37.42775, -0.47337 ], [ 37.42776, -0.47332 ], [ 37.42765, -0.47284 ], [ 37.42746, -0.47236 ], [ 37.42745, -0.47203 ], [ 37.42745, -0.47194 ], [ 37.42751, -0.47157 ], [ 37.42765, -0.47114 ], [ 37.42766, -0.47107 ], [ 37.42769, -0.47102 ], [ 37.42772, -0.47078 ], [ 37.42774, -0.47064 ], [ 37.42779, -0.47013 ], [ 37.42779, -0.47003 ], [ 37.42784, -0.46946 ], [ 37.42797, -0.46917 ], [ 37.42807, -0.46905 ], [ 37.42828, -0.46888 ], [ 37.42848, -0.46867 ], [ 37.42864, -0.46852 ], [ 37.42901, -0.46837 ], [ 37.42906, -0.46817 ], [ 37.42917, -0.46795 ], [ 37.42924, -0.46784 ], [ 37.42932, -0.46763 ], [ 37.42938, -0.46748 ], [ 37.42938, -0.46711 ], [ 37.42935, -0.46695 ], [ 37.42934, -0.46691 ], [ 37.42913, -0.46678 ], [ 37.42883, -0.46663 ], [ 37.42878, -0.46658 ], [ 37.42869, -0.46653 ], [ 37.42836, -0.46621 ], [ 37.42811, -0.46597 ], [ 37.42788, -0.46575 ], [ 37.42777, -0.46563 ], [ 37.42772, -0.46558 ], [ 37.42749, -0.46536 ], [ 37.42743, -0.46517 ], [ 37.42739, -0.46505 ], [ 37.42741, -0.46491 ], [ 37.42751, -0.46474 ], [ 37.42758, -0.46454 ], [ 37.42764, -0.46438 ], [ 37.42774, -0.46417 ], [ 37.42783, -0.46404 ], [ 37.42818, -0.46363 ], [ 37.42825, -0.46353 ], [ 37.42839, -0.46333 ], [ 37.42846, -0.46301 ], [ 37.42826, -0.4627 ], [ 37.42826, -0.46269 ], [ 37.42825, -0.46267 ], [ 37.42815, -0.46249 ], [ 37.4281, -0.46228 ], [ 37.42809, -0.46208 ], [ 37.42809, -0.46192 ], [ 37.42809, -0.46185 ], [ 37.42809, -0.46167 ], [ 37.42815, -0.46155 ], [ 37.42822, -0.46142 ], [ 37.42827, -0.46128 ], [ 37.42838, -0.46101 ], [ 37.42833, -0.46082 ], [ 37.42831, -0.4607 ], [ 37.4283, -0.46065 ], [ 37.4283, -0.46047 ], [ 37.42836, -0.46024 ], [ 37.42848, -0.46004 ], [ 37.42853, -0.45988 ], [ 37.42855, -0.45985 ], [ 37.42871, -0.45963 ], [ 37.42877, -0.45953 ], [ 37.42881, -0.45947 ], [ 37.42879, -0.45929 ], [ 37.42876, -0.45907 ], [ 37.42873, -0.45903 ], [ 37.42863, -0.45888 ], [ 37.42841, -0.45865 ], [ 37.42827, -0.45848 ], [ 37.42812, -0.4583 ], [ 37.42798, -0.45815 ], [ 37.4279, -0.45807 ], [ 37.42781, -0.45797 ], [ 37.42769, -0.45786 ], [ 37.42766, -0.45768 ], [ 37.42774, -0.45737 ], [ 37.42775, -0.45731 ], [ 37.42777, -0.45715 ], [ 37.42779, -0.45695 ], [ 37.42779, -0.45679 ], [ 37.42785, -0.45656 ], [ 37.428, -0.45631 ], [ 37.42813, -0.45615 ], [ 37.42826, -0.456 ], [ 37.4283, -0.45595 ], [ 37.42834, -0.4559 ], [ 37.42838, -0.45584 ], [ 37.42855, -0.45564 ], [ 37.42855, -0.45536 ], [ 37.42843, -0.45515 ], [ 37.42837, -0.45507 ], [ 37.4283, -0.45498 ], [ 37.42817, -0.45482 ], [ 37.4281, -0.45476 ], [ 37.42807, -0.45472 ], [ 37.42798, -0.45455 ], [ 37.42797, -0.45434 ], [ 37.42797, -0.45433 ], [ 37.42795, -0.45428 ], [ 37.42787, -0.4541 ], [ 37.42789, -0.45388 ], [ 37.42791, -0.45378 ], [ 37.42792, -0.4537 ], [ 37.42795, -0.45359 ], [ 37.42797, -0.45354 ], [ 37.42797, -0.45339 ], [ 37.42797, -0.45337 ], [ 37.42797, -0.45337 ], [ 37.42797, -0.45337 ], [ 37.42804, -0.45311 ], [ 37.42813, -0.45301 ], [ 37.42823, -0.4529 ], [ 37.42841, -0.45278 ], [ 37.42855, -0.4527 ], [ 37.42857, -0.45268 ], [ 37.42859, -0.45267 ], [ 37.42874, -0.45258 ], [ 37.42882, -0.45244 ], [ 37.42886, -0.45229 ], [ 37.42885, -0.45226 ], [ 37.42882, -0.45215 ], [ 37.42879, -0.45204 ], [ 37.42871, -0.45195 ], [ 37.42861, -0.45183 ], [ 37.42848, -0.45171 ], [ 37.42836, -0.45162 ], [ 37.42825, -0.45148 ], [ 37.42825, -0.45148 ], [ 37.42825, -0.45129 ], [ 37.42833, -0.45114 ], [ 37.42835, -0.45111 ], [ 37.42843, -0.45088 ], [ 37.42858, -0.45068 ], [ 37.42863, -0.45053 ], [ 37.42868, -0.4504 ], [ 37.42872, -0.45018 ], [ 37.42886, -0.44985 ], [ 37.42887, -0.44968 ], [ 37.42887, -0.4495 ], [ 37.42886, -0.4494 ], [ 37.42882, -0.44913 ], [ 37.42855, -0.449 ], [ 37.42842, -0.44894 ], [ 37.42838, -0.44892 ], [ 37.42799, -0.44884 ], [ 37.42776, -0.44871 ], [ 37.42768, -0.44867 ], [ 37.42716, -0.44847 ], [ 37.42693, -0.44845 ], [ 37.42672, -0.44845 ], [ 37.4265, -0.44845 ], [ 37.42649, -0.44845 ], [ 37.42633, -0.44814 ], [ 37.42608, -0.44789 ], [ 37.42585, -0.44769 ], [ 37.42558, -0.44749 ], [ 37.42521, -0.44742 ], [ 37.42496, -0.44739 ], [ 37.42483, -0.44737 ], [ 37.42436, -0.44719 ], [ 37.42427, -0.44713 ], [ 37.42424, -0.4471 ], [ 37.42412, -0.44703 ], [ 37.42388, -0.44686 ], [ 37.42358, -0.44648 ], [ 37.42355, -0.44644 ], [ 37.42355, -0.44609 ], [ 37.4236, -0.44564 ], [ 37.4235, -0.44544 ], [ 37.4235, -0.44529 ], [ 37.4235, -0.44516 ], [ 37.42355, -0.44501 ], [ 37.42357, -0.4448 ], [ 37.42348, -0.44459 ], [ 37.42345, -0.44449 ], [ 37.42339, -0.44431 ], [ 37.42335, -0.44421 ], [ 37.42335, -0.44414 ], [ 37.42335, -0.44388 ], [ 37.42332, -0.44366 ], [ 37.4233, -0.44349 ], [ 37.4233, -0.44346 ], [ 37.42332, -0.44341 ], [ 37.42343, -0.44331 ], [ 37.42345, -0.4433 ], [ 37.42345, -0.4433 ], [ 37.42368, -0.44327 ], [ 37.42383, -0.44324 ], [ 37.42413, -0.44319 ], [ 37.42417, -0.44319 ], [ 37.42431, -0.44309 ], [ 37.42447, -0.44302 ], [ 37.42467, -0.44297 ], [ 37.42486, -0.44286 ], [ 37.42519, -0.44281 ], [ 37.42529, -0.44271 ], [ 37.42541, -0.44259 ], [ 37.42551, -0.44256 ], [ 37.42555, -0.4423 ], [ 37.42538, -0.44206 ], [ 37.42508, -0.44196 ], [ 37.42499, -0.44192 ], [ 37.42471, -0.44181 ], [ 37.42428, -0.44178 ], [ 37.424, -0.44156 ], [ 37.42398, -0.44153 ], [ 37.42396, -0.44149 ], [ 37.42396, -0.44118 ], [ 37.42398, -0.44107 ], [ 37.42401, -0.44088 ], [ 37.42404, -0.44077 ], [ 37.4241, -0.44064 ], [ 37.42411, -0.44063 ], [ 37.42411, -0.44063 ], [ 37.42412, -0.44062 ], [ 37.42414, -0.44061 ], [ 37.42427, -0.44054 ], [ 37.42445, -0.44044 ], [ 37.4246, -0.44038 ], [ 37.4248, -0.44048 ], [ 37.42506, -0.44048 ], [ 37.42526, -0.44049 ], [ 37.42537, -0.44058 ], [ 37.42544, -0.44076 ], [ 37.42568, -0.44075 ], [ 37.42587, -0.44061 ], [ 37.42597, -0.44047 ], [ 37.426, -0.44046 ], [ 37.426, -0.44046 ], [ 37.426, -0.44043 ], [ 37.4261, -0.44021 ], [ 37.42603, -0.43994 ], [ 37.42585, -0.43956 ], [ 37.42578, -0.43946 ], [ 37.42556, -0.43908 ], [ 37.4255, -0.43904 ], [ 37.42533, -0.43895 ], [ 37.42531, -0.43887 ], [ 37.42531, -0.43862 ], [ 37.42529, -0.43844 ], [ 37.42519, -0.43823 ], [ 37.42511, -0.43808 ], [ 37.42506, -0.43804 ], [ 37.42505, -0.43792 ], [ 37.42486, -0.43767 ], [ 37.42488, -0.43737 ], [ 37.42521, -0.43699 ], [ 37.42523, -0.43697 ], [ 37.42534, -0.43689 ], [ 37.42552, -0.43688 ], [ 37.42569, -0.43688 ], [ 37.42583, -0.43686 ], [ 37.426, -0.43686 ], [ 37.42618, -0.43686 ], [ 37.42638, -0.43681 ], [ 37.42649, -0.43675 ], [ 37.42661, -0.43668 ], [ 37.42662, -0.43659 ], [ 37.42666, -0.43657 ], [ 37.42675, -0.43628 ], [ 37.42668, -0.4359 ], [ 37.42663, -0.4354 ], [ 37.42661, -0.43512 ], [ 37.4269, -0.43483 ], [ 37.42713, -0.43447 ], [ 37.42726, -0.43422 ], [ 37.42713, -0.43368 ], [ 37.42709, -0.43358 ], [ 37.42696, -0.43327 ], [ 37.42695, -0.43314 ], [ 37.42695, -0.43299 ], [ 37.42701, -0.43269 ], [ 37.42718, -0.43232 ], [ 37.42712, -0.43198 ], [ 37.42711, -0.43195 ], [ 37.42695, -0.43164 ], [ 37.42661, -0.43144 ], [ 37.42643, -0.43107 ], [ 37.42644, -0.43081 ], [ 37.42656, -0.43049 ], [ 37.42656, -0.43031 ], [ 37.4266, -0.43019 ], [ 37.42653, -0.42942 ], [ 37.42633, -0.42904 ], [ 37.42631, -0.42902 ], [ 37.42591, -0.42866 ], [ 37.42587, -0.42862 ], [ 37.42582, -0.42853 ], [ 37.4256, -0.42832 ], [ 37.42546, -0.42812 ], [ 37.42529, -0.42793 ], [ 37.42526, -0.42788 ], [ 37.42521, -0.42736 ], [ 37.42528, -0.42706 ], [ 37.4253, -0.42701 ], [ 37.42553, -0.42646 ], [ 37.42556, -0.42637 ], [ 37.42564, -0.42623 ], [ 37.42565, -0.42612 ], [ 37.42581, -0.42564 ], [ 37.42593, -0.42492 ], [ 37.42601, -0.42449 ], [ 37.42594, -0.42426 ], [ 37.4259, -0.42411 ], [ 37.42575, -0.42386 ], [ 37.42535, -0.42371 ], [ 37.42527, -0.42365 ], [ 37.42519, -0.42359 ], [ 37.42505, -0.42342 ], [ 37.42496, -0.42335 ], [ 37.42485, -0.42309 ], [ 37.42486, -0.42271 ], [ 37.42488, -0.42249 ], [ 37.42469, -0.42228 ], [ 37.37508, -0.30687 ], [ 37.30903, -0.15323 ], [ 37.30875, -0.15258 ], [ 37.30873, -0.15251 ], [ 37.30917, -0.1528 ], [ 37.30921, -0.1529 ], [ 37.3791, -0.21303 ], [ 37.42102, -0.24909 ], [ 37.55031, -0.3604 ], [ 37.55037, -0.36038 ], [ 37.55037, -0.36038 ], [ 37.55032, -0.36041 ] ] ] } },
{ "type": "Feature", "properties": { "entity_id": 83, "p_entity": 7, "name": "Mbeere North  Sub County" }, "geometry": { "type": "Polygon", "coordinates": [ [ [ 37.89506, -0.35601 ], [ 37.89507, -0.35621 ], [ 37.89507, -0.35672 ], [ 37.89507, -0.35702 ], [ 37.89506, -0.35724 ], [ 37.89504, -0.35742 ], [ 37.89503, -0.35742 ], [ 37.89499, -0.35773 ], [ 37.89497, -0.35787 ], [ 37.89491, -0.35807 ], [ 37.89481, -0.35826 ], [ 37.89467, -0.35847 ], [ 37.89446, -0.35871 ], [ 37.89425, -0.35889 ], [ 37.89406, -0.35908 ], [ 37.89398, -0.35932 ], [ 37.89394, -0.3595 ], [ 37.89392, -0.35976 ], [ 37.89392, -0.36002 ], [ 37.89392, -0.36024 ], [ 37.89392, -0.36032 ], [ 37.89387, -0.36059 ], [ 37.8938, -0.36075 ], [ 37.89377, -0.36083 ], [ 37.89367, -0.36106 ], [ 37.89353, -0.36137 ], [ 37.89352, -0.36141 ], [ 37.89342, -0.3618 ], [ 37.89331, -0.36216 ], [ 37.89328, -0.36239 ], [ 37.89326, -0.36261 ], [ 37.89325, -0.36286 ], [ 37.89325, -0.36301 ], [ 37.89325, -0.36308 ], [ 37.8932, -0.36321 ], [ 37.89317, -0.36332 ], [ 37.89317, -0.36333 ], [ 37.89305, -0.36353 ], [ 37.89286, -0.36366 ], [ 37.89262, -0.36379 ], [ 37.89243, -0.3639 ], [ 37.89231, -0.36397 ], [ 37.89206, -0.36413 ], [ 37.89179, -0.36431 ], [ 37.89157, -0.36446 ], [ 37.89153, -0.36448 ], [ 37.89141, -0.36469 ], [ 37.89127, -0.36494 ], [ 37.89112, -0.36508 ], [ 37.89093, -0.36525 ], [ 37.89069, -0.36542 ], [ 37.89053, -0.36551 ], [ 37.89018, -0.36584 ], [ 37.89006, -0.36599 ], [ 37.89004, -0.36603 ], [ 37.88994, -0.36617 ], [ 37.88984, -0.3664 ], [ 37.88977, -0.36657 ], [ 37.88973, -0.3668 ], [ 37.88971, -0.36716 ], [ 37.88973, -0.36734 ], [ 37.88982, -0.36748 ], [ 37.88998, -0.36768 ], [ 37.89008, -0.36784 ], [ 37.89018, -0.36813 ], [ 37.89019, -0.36823 ], [ 37.8902, -0.36835 ], [ 37.89022, -0.36859 ], [ 37.8903, -0.36884 ], [ 37.89041, -0.36918 ], [ 37.89061, -0.36968 ], [ 37.89064, -0.36976 ], [ 37.89083, -0.36996 ], [ 37.89108, -0.37018 ], [ 37.8913, -0.37035 ], [ 37.89159, -0.3706 ], [ 37.89167, -0.37066 ], [ 37.89184, -0.37082 ], [ 37.89206, -0.3711 ], [ 37.89218, -0.37127 ], [ 37.89257, -0.37162 ], [ 37.89288, -0.3719 ], [ 37.89306, -0.37203 ], [ 37.89324, -0.37208 ], [ 37.89346, -0.37212 ], [ 37.89371, -0.37212 ], [ 37.89375, -0.37214 ], [ 37.8942, -0.37214 ], [ 37.89427, -0.37214 ], [ 37.89456, -0.37214 ], [ 37.89524, -0.37214 ], [ 37.89531, -0.37214 ], [ 37.89571, -0.3722 ], [ 37.89605, -0.37225 ], [ 37.89643, -0.37238 ], [ 37.89662, -0.37245 ], [ 37.89678, -0.37253 ], [ 37.89704, -0.37269 ], [ 37.89723, -0.37287 ], [ 37.89741, -0.37315 ], [ 37.89747, -0.37322 ], [ 37.89747, -0.37323 ], [ 37.89748, -0.37334 ], [ 37.8975, -0.37359 ], [ 37.89735, -0.37399 ], [ 37.89715, -0.37443 ], [ 37.89715, -0.37443 ], [ 37.89686, -0.37485 ], [ 37.8968, -0.37491 ], [ 37.89656, -0.37514 ], [ 37.89631, -0.37536 ], [ 37.89629, -0.37539 ], [ 37.89612, -0.37556 ], [ 37.89588, -0.37581 ], [ 37.89574, -0.37602 ], [ 37.89563, -0.37629 ], [ 37.89556, -0.37661 ], [ 37.89554, -0.37693 ], [ 37.89553, -0.37744 ], [ 37.89553, -0.37759 ], [ 37.89553, -0.3779 ], [ 37.89555, -0.37822 ], [ 37.89561, -0.37864 ], [ 37.89564, -0.37889 ], [ 37.8957, -0.37905 ], [ 37.89576, -0.37912 ], [ 37.89576, -0.37913 ], [ 37.89599, -0.37941 ], [ 37.896, -0.37942 ], [ 37.89628, -0.37955 ], [ 37.89638, -0.37961 ], [ 37.89662, -0.37972 ], [ 37.89681, -0.37983 ], [ 37.89684, -0.37984 ], [ 37.89705, -0.37997 ], [ 37.89726, -0.3801 ], [ 37.89729, -0.38014 ], [ 37.8974, -0.38027 ], [ 37.89749, -0.38048 ], [ 37.89756, -0.38065 ], [ 37.89756, -0.38091 ], [ 37.89753, -0.38109 ], [ 37.89742, -0.38136 ], [ 37.89726, -0.38165 ], [ 37.89705, -0.38187 ], [ 37.89697, -0.38193 ], [ 37.89682, -0.38204 ], [ 37.89613, -0.38248 ], [ 37.89553, -0.38274 ], [ 37.89551, -0.38276 ], [ 37.89533, -0.3829 ], [ 37.89502, -0.38307 ], [ 37.89481, -0.38322 ], [ 37.8946, -0.38341 ], [ 37.89443, -0.38356 ], [ 37.89391, -0.38378 ], [ 37.89338, -0.384 ], [ 37.89327, -0.38401 ], [ 37.89313, -0.384 ], [ 37.893, -0.384 ], [ 37.89284, -0.38413 ], [ 37.89269, -0.3844 ], [ 37.89248, -0.38463 ], [ 37.89235, -0.38477 ], [ 37.89219, -0.38508 ], [ 37.89192, -0.38537 ], [ 37.89156, -0.38614 ], [ 37.89141, -0.38646 ], [ 37.89141, -0.38732 ], [ 37.89147, -0.38755 ], [ 37.89148, -0.38759 ], [ 37.89153, -0.38782 ], [ 37.89156, -0.38789 ], [ 37.89163, -0.38813 ], [ 37.89169, -0.38835 ], [ 37.89175, -0.38848 ], [ 37.89186, -0.38875 ], [ 37.89215, -0.38918 ], [ 37.89226, -0.38947 ], [ 37.89238, -0.38976 ], [ 37.89242, -0.39007 ], [ 37.89238, -0.39047 ], [ 37.89227, -0.39078 ], [ 37.89204, -0.39104 ], [ 37.89186, -0.39124 ], [ 37.89169, -0.39144 ], [ 37.89137, -0.39162 ], [ 37.8913, -0.39165 ], [ 37.89103, -0.39179 ], [ 37.89071, -0.39192 ], [ 37.89042, -0.39201 ], [ 37.89022, -0.39214 ], [ 37.89009, -0.39255 ], [ 37.89006, -0.3929 ], [ 37.89006, -0.39333 ], [ 37.89006, -0.39371 ], [ 37.89006, -0.394 ], [ 37.89009, -0.39457 ], [ 37.89009, -0.39479 ], [ 37.89015, -0.395 ], [ 37.89016, -0.39507 ], [ 37.89028, -0.39578 ], [ 37.89037, -0.39608 ], [ 37.89063, -0.39669 ], [ 37.89067, -0.39678 ], [ 37.89084, -0.397 ], [ 37.89099, -0.39707 ], [ 37.89103, -0.39708 ], [ 37.89106, -0.39711 ], [ 37.89115, -0.39711 ], [ 37.89121, -0.39711 ], [ 37.89122, -0.39711 ], [ 37.89129, -0.39711 ], [ 37.89141, -0.39711 ], [ 37.89154, -0.39709 ], [ 37.89177, -0.39706 ], [ 37.89196, -0.39705 ], [ 37.89211, -0.39706 ], [ 37.89228, -0.39711 ], [ 37.8925, -0.39718 ], [ 37.89307, -0.39732 ], [ 37.89327, -0.39734 ], [ 37.89374, -0.3974 ], [ 37.89395, -0.39743 ], [ 37.89423, -0.39746 ], [ 37.89442, -0.39747 ], [ 37.89449, -0.39747 ], [ 37.89482, -0.39754 ], [ 37.89514, -0.39761 ], [ 37.89545, -0.39767 ], [ 37.89559, -0.39772 ], [ 37.89584, -0.39785 ], [ 37.89602, -0.39793 ], [ 37.89654, -0.39821 ], [ 37.89677, -0.39834 ], [ 37.89705, -0.39851 ], [ 37.89733, -0.39866 ], [ 37.8976, -0.39876 ], [ 37.89762, -0.39877 ], [ 37.89777, -0.39877 ], [ 37.89798, -0.39874 ], [ 37.89813, -0.39868 ], [ 37.89821, -0.39863 ], [ 37.89824, -0.39861 ], [ 37.89836, -0.39859 ], [ 37.89841, -0.39858 ], [ 37.89856, -0.39859 ], [ 37.89861, -0.3986 ], [ 37.89864, -0.39861 ], [ 37.89868, -0.39863 ], [ 37.89872, -0.39864 ], [ 37.89893, -0.39878 ], [ 37.89901, -0.39884 ], [ 37.89905, -0.39887 ], [ 37.89926, -0.39894 ], [ 37.89953, -0.39894 ], [ 37.89969, -0.39894 ], [ 37.89988, -0.39894 ], [ 37.90015, -0.39895 ], [ 37.90019, -0.39895 ], [ 37.90049, -0.399 ], [ 37.90049, -0.399 ], [ 37.90084, -0.39909 ], [ 37.90104, -0.39921 ], [ 37.9011, -0.39925 ], [ 37.90116, -0.39929 ], [ 37.90127, -0.39944 ], [ 37.90131, -0.3995 ], [ 37.90136, -0.39965 ], [ 37.90141, -0.39977 ], [ 37.90162, -0.40007 ], [ 37.90181, -0.40028 ], [ 37.90183, -0.4003 ], [ 37.90188, -0.40034 ], [ 37.90195, -0.4004 ], [ 37.90199, -0.40043 ], [ 37.90221, -0.40055 ], [ 37.90234, -0.40065 ], [ 37.90249, -0.40078 ], [ 37.90264, -0.40098 ], [ 37.90276, -0.40117 ], [ 37.90277, -0.40127 ], [ 37.90281, -0.40164 ], [ 37.90281, -0.40185 ], [ 37.90281, -0.4025 ], [ 37.90278, -0.4027 ], [ 37.90264, -0.40313 ], [ 37.90258, -0.40325 ], [ 37.90241, -0.40348 ], [ 37.90222, -0.40379 ], [ 37.90196, -0.40421 ], [ 37.90175, -0.40463 ], [ 37.90152, -0.40514 ], [ 37.90134, -0.40569 ], [ 37.90131, -0.40596 ], [ 37.90128, -0.40622 ], [ 37.90124, -0.40649 ], [ 37.90114, -0.40679 ], [ 37.90114, -0.4068 ], [ 37.90112, -0.40714 ], [ 37.90107, -0.40754 ], [ 37.90109, -0.40767 ], [ 37.90109, -0.40799 ], [ 37.90109, -0.40805 ], [ 37.90119, -0.40824 ], [ 37.90119, -0.40824 ], [ 37.90126, -0.40856 ], [ 37.90142, -0.4088 ], [ 37.90153, -0.40894 ], [ 37.90182, -0.40895 ], [ 37.90187, -0.40895 ], [ 37.90213, -0.40897 ], [ 37.90222, -0.40898 ], [ 37.90244, -0.409 ], [ 37.90267, -0.40903 ], [ 37.90275, -0.40904 ], [ 37.90305, -0.40907 ], [ 37.90334, -0.40912 ], [ 37.90355, -0.40922 ], [ 37.90372, -0.40931 ], [ 37.90383, -0.40937 ], [ 37.90412, -0.4096 ], [ 37.90423, -0.40973 ], [ 37.90444, -0.40997 ], [ 37.90457, -0.41015 ], [ 37.90479, -0.41045 ], [ 37.90502, -0.4106 ], [ 37.9052, -0.41072 ], [ 37.90539, -0.41079 ], [ 37.90557, -0.41082 ], [ 37.90568, -0.4108 ], [ 37.90581, -0.41078 ], [ 37.90596, -0.41078 ], [ 37.90601, -0.41078 ], [ 37.90623, -0.4108 ], [ 37.90634, -0.41084 ], [ 37.90642, -0.41087 ], [ 37.90665, -0.41099 ], [ 37.90686, -0.41105 ], [ 37.90706, -0.41109 ], [ 37.90726, -0.41114 ], [ 37.90742, -0.41124 ], [ 37.90765, -0.41141 ], [ 37.90776, -0.41163 ], [ 37.9081, -0.41197 ], [ 37.90834, -0.41226 ], [ 37.90854, -0.41245 ], [ 37.90878, -0.4127 ], [ 37.90893, -0.41286 ], [ 37.90914, -0.41318 ], [ 37.90917, -0.41321 ], [ 37.90932, -0.41366 ], [ 37.90932, -0.41367 ], [ 37.90927, -0.41385 ], [ 37.90926, -0.41387 ], [ 37.90922, -0.41401 ], [ 37.90914, -0.41419 ], [ 37.90912, -0.41421 ], [ 37.909, -0.41438 ], [ 37.90889, -0.41455 ], [ 37.90877, -0.41474 ], [ 37.90869, -0.41492 ], [ 37.90861, -0.41507 ], [ 37.9086, -0.41508 ], [ 37.90859, -0.4151 ], [ 37.90859, -0.41523 ], [ 37.90856, -0.41544 ], [ 37.90861, -0.41579 ], [ 37.90874, -0.41608 ], [ 37.90882, -0.41636 ], [ 37.90887, -0.41641 ], [ 37.90905, -0.41657 ], [ 37.90934, -0.41682 ], [ 37.90947, -0.4169 ], [ 37.9099, -0.41718 ], [ 37.90996, -0.41721 ], [ 37.90997, -0.41722 ], [ 37.91008, -0.41723 ], [ 37.9106, -0.41728 ], [ 37.9114, -0.41716 ], [ 37.9116, -0.41713 ], [ 37.91169, -0.41709 ], [ 37.91192, -0.41697 ], [ 37.9121, -0.41692 ], [ 37.91227, -0.41689 ], [ 37.91228, -0.41689 ], [ 37.91265, -0.41688 ], [ 37.91298, -0.4169 ], [ 37.91338, -0.41699 ], [ 37.91362, -0.41704 ], [ 37.91365, -0.41704 ], [ 37.91415, -0.41711 ], [ 37.91489, -0.41693 ], [ 37.9149, -0.41693 ], [ 37.91558, -0.41625 ], [ 37.91621, -0.41613 ], [ 37.9164, -0.4161 ], [ 37.91661, -0.41607 ], [ 37.91671, -0.41612 ], [ 37.91719, -0.41634 ], [ 37.91724, -0.41636 ], [ 37.91759, -0.41664 ], [ 37.91787, -0.41688 ], [ 37.91803, -0.41701 ], [ 37.91827, -0.41722 ], [ 37.91836, -0.41722 ], [ 37.91843, -0.41723 ], [ 37.91912, -0.41727 ], [ 37.91919, -0.41727 ], [ 37.91925, -0.41728 ], [ 37.92011, -0.41756 ], [ 37.92041, -0.41764 ], [ 37.92053, -0.41765 ], [ 37.92089, -0.41766 ], [ 37.92099, -0.41768 ], [ 37.92122, -0.41774 ], [ 37.92159, -0.41783 ], [ 37.92161, -0.41783 ], [ 37.92234, -0.41779 ], [ 37.9228, -0.41814 ], [ 37.92286, -0.41818 ], [ 37.923, -0.41827 ], [ 37.92325, -0.41842 ], [ 37.92342, -0.41859 ], [ 37.92344, -0.41869 ], [ 37.92348, -0.41888 ], [ 37.92347, -0.4191 ], [ 37.92336, -0.41933 ], [ 37.92326, -0.41953 ], [ 37.923, -0.41985 ], [ 37.92291, -0.41997 ], [ 37.92274, -0.42031 ], [ 37.922, -0.42169 ], [ 37.92177, -0.42226 ], [ 37.92129, -0.42297 ], [ 37.92127, -0.42301 ], [ 37.92123, -0.42312 ], [ 37.9212, -0.42321 ], [ 37.9212, -0.42375 ], [ 37.9214, -0.42508 ], [ 37.92141, -0.42512 ], [ 37.92148, -0.42558 ], [ 37.92165, -0.42661 ], [ 37.92166, -0.42662 ], [ 37.92228, -0.42742 ], [ 37.92259, -0.42765 ], [ 37.92303, -0.42799 ], [ 37.92359, -0.42837 ], [ 37.92389, -0.42856 ], [ 37.92475, -0.42925 ], [ 37.92559, -0.42998 ], [ 37.92561, -0.42999 ], [ 37.92578, -0.43016 ], [ 37.92624, -0.43062 ], [ 37.92687, -0.43085 ], [ 37.92755, -0.43097 ], [ 37.92818, -0.43097 ], [ 37.92823, -0.43093 ], [ 37.92882, -0.43045 ], [ 37.92925, -0.42998 ], [ 37.9295, -0.42971 ], [ 37.93013, -0.42902 ], [ 37.93038, -0.42893 ], [ 37.93056, -0.42872 ], [ 37.93079, -0.42855 ], [ 37.93101, -0.42842 ], [ 37.93121, -0.42833 ], [ 37.93136, -0.4283 ], [ 37.93137, -0.4283 ], [ 37.93155, -0.4283 ], [ 37.93171, -0.42834 ], [ 37.93192, -0.42842 ], [ 37.9321, -0.42855 ], [ 37.93246, -0.42876 ], [ 37.93287, -0.42914 ], [ 37.93318, -0.42946 ], [ 37.93342, -0.4298 ], [ 37.93357, -0.43025 ], [ 37.93366, -0.43057 ], [ 37.93386, -0.43085 ], [ 37.93431, -0.43097 ], [ 37.93439, -0.43093 ], [ 37.93441, -0.43085 ], [ 37.93461, -0.43061 ], [ 37.93487, -0.43047 ], [ 37.93518, -0.43032 ], [ 37.93553, -0.43027 ], [ 37.93582, -0.43027 ], [ 37.93626, -0.43027 ], [ 37.93662, -0.43027 ], [ 37.93674, -0.43028 ], [ 37.93755, -0.43031 ], [ 37.93752, -0.43033 ], [ 37.93748, -0.43035 ], [ 37.93745, -0.43036 ], [ 37.93742, -0.43037 ], [ 37.9374, -0.43038 ], [ 37.93737, -0.43039 ], [ 37.93736, -0.43039 ], [ 37.93732, -0.43041 ], [ 37.9373, -0.43043 ], [ 37.93728, -0.43045 ], [ 37.93727, -0.43046 ], [ 37.93726, -0.43048 ], [ 37.93724, -0.43051 ], [ 37.93721, -0.43053 ], [ 37.93718, -0.43055 ], [ 37.93716, -0.43057 ], [ 37.93713, -0.43058 ], [ 37.93709, -0.4306 ], [ 37.93707, -0.43062 ], [ 37.93704, -0.43064 ], [ 37.937, -0.43065 ], [ 37.93695, -0.43065 ], [ 37.93693, -0.43066 ], [ 37.9369, -0.43066 ], [ 37.93686, -0.43066 ], [ 37.93682, -0.43066 ], [ 37.93679, -0.43066 ], [ 37.93675, -0.43068 ], [ 37.93672, -0.43069 ], [ 37.93668, -0.4307 ], [ 37.93666, -0.43071 ], [ 37.93663, -0.43072 ], [ 37.9366, -0.43074 ], [ 37.93657, -0.43076 ], [ 37.93654, -0.43078 ], [ 37.9365, -0.43082 ], [ 37.93648, -0.43083 ], [ 37.93646, -0.43085 ], [ 37.93644, -0.43086 ], [ 37.93642, -0.43087 ], [ 37.9364, -0.43088 ], [ 37.93638, -0.4309 ], [ 37.93636, -0.43092 ], [ 37.93634, -0.43094 ], [ 37.93631, -0.43097 ], [ 37.93629, -0.431 ], [ 37.93625, -0.43102 ], [ 37.93622, -0.43105 ], [ 37.93621, -0.43106 ], [ 37.93618, -0.43109 ], [ 37.93616, -0.43112 ], [ 37.93614, -0.43114 ], [ 37.93612, -0.43116 ], [ 37.93611, -0.43118 ], [ 37.93609, -0.43121 ], [ 37.93607, -0.43124 ], [ 37.93605, -0.43124 ], [ 37.93603, -0.43127 ], [ 37.93601, -0.43128 ], [ 37.936, -0.4313 ], [ 37.93599, -0.43132 ], [ 37.93597, -0.43134 ], [ 37.93596, -0.43137 ], [ 37.93594, -0.43139 ], [ 37.93592, -0.43142 ], [ 37.9359, -0.43146 ], [ 37.93587, -0.43149 ], [ 37.93585, -0.43152 ], [ 37.93583, -0.43156 ], [ 37.93581, -0.43158 ], [ 37.93579, -0.4316 ], [ 37.93577, -0.43162 ], [ 37.93575, -0.43164 ], [ 37.93573, -0.43167 ], [ 37.93571, -0.43169 ], [ 37.9357, -0.43171 ], [ 37.93568, -0.43174 ], [ 37.93566, -0.43177 ], [ 37.93564, -0.43181 ], [ 37.93563, -0.43184 ], [ 37.93561, -0.43187 ], [ 37.93559, -0.43191 ], [ 37.93557, -0.43193 ], [ 37.93556, -0.43195 ], [ 37.93555, -0.43198 ], [ 37.93553, -0.432 ], [ 37.93551, -0.43203 ], [ 37.9355, -0.43205 ], [ 37.93547, -0.43209 ], [ 37.93545, -0.43212 ], [ 37.93543, -0.43214 ], [ 37.93541, -0.43217 ], [ 37.93539, -0.43219 ], [ 37.93537, -0.43222 ], [ 37.93535, -0.43224 ], [ 37.93533, -0.43227 ], [ 37.93531, -0.43229 ], [ 37.93529, -0.43233 ], [ 37.93527, -0.43236 ], [ 37.93526, -0.43238 ], [ 37.93523, -0.43241 ], [ 37.93522, -0.43243 ], [ 37.9352, -0.43247 ], [ 37.93519, -0.43251 ], [ 37.93518, -0.43252 ], [ 37.93517, -0.43255 ], [ 37.93516, -0.43259 ], [ 37.93515, -0.43263 ], [ 37.93515, -0.43268 ], [ 37.93515, -0.43273 ], [ 37.93514, -0.43277 ], [ 37.93514, -0.43281 ], [ 37.93514, -0.43286 ], [ 37.93513, -0.4329 ], [ 37.93512, -0.43294 ], [ 37.93511, -0.433 ], [ 37.93509, -0.43304 ], [ 37.93508, -0.43307 ], [ 37.93507, -0.4331 ], [ 37.93506, -0.43313 ], [ 37.93505, -0.43315 ], [ 37.93504, -0.43319 ], [ 37.93504, -0.43324 ], [ 37.93504, -0.43328 ], [ 37.93504, -0.43334 ], [ 37.93505, -0.43338 ], [ 37.93505, -0.43341 ], [ 37.93506, -0.43344 ], [ 37.93506, -0.43347 ], [ 37.93509, -0.43351 ], [ 37.93513, -0.43354 ], [ 37.93516, -0.43356 ], [ 37.93518, -0.43359 ], [ 37.9352, -0.43361 ], [ 37.93523, -0.43364 ], [ 37.93528, -0.43367 ], [ 37.93531, -0.4337 ], [ 37.93533, -0.43372 ], [ 37.93536, -0.43376 ], [ 37.9354, -0.43381 ], [ 37.93543, -0.43385 ], [ 37.93548, -0.4339 ], [ 37.93554, -0.43395 ], [ 37.93558, -0.43399 ], [ 37.93561, -0.43402 ], [ 37.93565, -0.43405 ], [ 37.93568, -0.43408 ], [ 37.93572, -0.43412 ], [ 37.93575, -0.43415 ], [ 37.93577, -0.4342 ], [ 37.93581, -0.43425 ], [ 37.93584, -0.43429 ], [ 37.93585, -0.43431 ], [ 37.93588, -0.43436 ], [ 37.9359, -0.43439 ], [ 37.93592, -0.43442 ], [ 37.93595, -0.43445 ], [ 37.93598, -0.43449 ], [ 37.93601, -0.43452 ], [ 37.93604, -0.43459 ], [ 37.93607, -0.43463 ], [ 37.9361, -0.43469 ], [ 37.93612, -0.43474 ], [ 37.93613, -0.43477 ], [ 37.93615, -0.43481 ], [ 37.93616, -0.43485 ], [ 37.93616, -0.43488 ], [ 37.93617, -0.43493 ], [ 37.93617, -0.43496 ], [ 37.93618, -0.43498 ], [ 37.93619, -0.435 ], [ 37.93619, -0.43501 ], [ 37.9362, -0.43504 ], [ 37.9362, -0.43507 ], [ 37.93621, -0.43511 ], [ 37.93623, -0.43516 ], [ 37.93624, -0.43523 ], [ 37.93624, -0.43527 ], [ 37.93624, -0.43533 ], [ 37.93624, -0.43539 ], [ 37.93624, -0.43544 ], [ 37.93625, -0.43547 ], [ 37.93624, -0.43553 ], [ 37.93624, -0.43558 ], [ 37.93624, -0.43563 ], [ 37.93625, -0.43568 ], [ 37.93625, -0.43573 ], [ 37.93626, -0.43577 ], [ 37.93628, -0.43583 ], [ 37.93629, -0.43586 ], [ 37.9363, -0.4359 ], [ 37.93632, -0.43594 ], [ 37.93633, -0.43599 ], [ 37.93634, -0.43605 ], [ 37.93634, -0.4361 ], [ 37.93635, -0.43615 ], [ 37.93635, -0.43621 ], [ 37.93635, -0.43627 ], [ 37.93635, -0.43629 ], [ 37.93635, -0.43633 ], [ 37.93635, -0.43635 ], [ 37.93633, -0.43639 ], [ 37.93631, -0.43644 ], [ 37.9363, -0.43648 ], [ 37.93628, -0.43652 ], [ 37.93626, -0.43655 ], [ 37.93624, -0.4366 ], [ 37.93623, -0.43663 ], [ 37.93622, -0.43668 ], [ 37.93621, -0.43673 ], [ 37.9362, -0.43678 ], [ 37.9362, -0.43681 ], [ 37.9362, -0.43685 ], [ 37.9362, -0.43691 ], [ 37.9362, -0.43697 ], [ 37.9362, -0.43701 ], [ 37.9362, -0.43707 ], [ 37.9362, -0.43711 ], [ 37.9362, -0.43715 ], [ 37.93618, -0.43718 ], [ 37.93618, -0.4372 ], [ 37.93617, -0.43724 ], [ 37.93615, -0.43728 ], [ 37.93613, -0.43732 ], [ 37.93611, -0.43736 ], [ 37.93609, -0.43741 ], [ 37.93607, -0.43746 ], [ 37.93605, -0.4375 ], [ 37.93603, -0.43755 ], [ 37.93603, -0.43759 ], [ 37.93601, -0.43762 ], [ 37.936, -0.43765 ], [ 37.936, -0.43771 ], [ 37.93599, -0.43777 ], [ 37.93598, -0.43783 ], [ 37.93596, -0.43788 ], [ 37.93594, -0.43793 ], [ 37.93592, -0.43796 ], [ 37.93591, -0.43798 ], [ 37.93588, -0.43802 ], [ 37.93586, -0.43807 ], [ 37.93584, -0.43812 ], [ 37.93581, -0.43816 ], [ 37.93579, -0.43821 ], [ 37.93577, -0.43825 ], [ 37.93575, -0.43829 ], [ 37.93574, -0.43832 ], [ 37.93572, -0.43837 ], [ 37.93571, -0.43841 ], [ 37.9357, -0.43845 ], [ 37.93569, -0.43849 ], [ 37.93566, -0.43855 ], [ 37.93564, -0.43863 ], [ 37.93562, -0.4387 ], [ 37.9356, -0.43873 ], [ 37.93559, -0.43878 ], [ 37.93556, -0.43882 ], [ 37.93554, -0.43886 ], [ 37.93553, -0.4389 ], [ 37.93551, -0.43894 ], [ 37.93549, -0.43898 ], [ 37.93546, -0.43905 ], [ 37.93545, -0.4391 ], [ 37.93544, -0.43915 ], [ 37.93543, -0.43919 ], [ 37.93543, -0.43924 ], [ 37.93542, -0.43928 ], [ 37.93541, -0.43932 ], [ 37.93539, -0.43937 ], [ 37.93538, -0.43941 ], [ 37.93536, -0.43946 ], [ 37.93536, -0.43952 ], [ 37.93534, -0.43958 ], [ 37.93533, -0.43962 ], [ 37.93532, -0.43967 ], [ 37.93532, -0.43972 ], [ 37.93531, -0.43976 ], [ 37.9353, -0.4398 ], [ 37.93528, -0.43985 ], [ 37.93526, -0.43992 ], [ 37.93525, -0.43998 ], [ 37.93523, -0.44003 ], [ 37.93522, -0.44008 ], [ 37.9352, -0.44014 ], [ 37.93518, -0.44018 ], [ 37.93517, -0.4402 ], [ 37.93514, -0.44023 ], [ 37.93511, -0.44027 ], [ 37.93509, -0.4403 ], [ 37.93506, -0.44033 ], [ 37.93503, -0.44037 ], [ 37.935, -0.44042 ], [ 37.93497, -0.44046 ], [ 37.93494, -0.4405 ], [ 37.93492, -0.44054 ], [ 37.9349, -0.44057 ], [ 37.93487, -0.44058 ], [ 37.93485, -0.44062 ], [ 37.93482, -0.44065 ], [ 37.93478, -0.44072 ], [ 37.93474, -0.44077 ], [ 37.93471, -0.44082 ], [ 37.93469, -0.44085 ], [ 37.93468, -0.44089 ], [ 37.93467, -0.44092 ], [ 37.93466, -0.44096 ], [ 37.93465, -0.441 ], [ 37.93463, -0.44105 ], [ 37.93461, -0.4411 ], [ 37.9346, -0.44115 ], [ 37.93459, -0.44121 ], [ 37.93458, -0.44126 ], [ 37.93457, -0.4413 ], [ 37.93456, -0.44135 ], [ 37.93456, -0.44139 ], [ 37.93455, -0.44143 ], [ 37.93454, -0.44148 ], [ 37.93452, -0.44153 ], [ 37.9345, -0.44158 ], [ 37.93448, -0.44164 ], [ 37.93446, -0.44169 ], [ 37.93445, -0.44173 ], [ 37.93444, -0.44179 ], [ 37.93444, -0.44183 ], [ 37.93442, -0.44187 ], [ 37.9344, -0.44191 ], [ 37.93438, -0.44196 ], [ 37.93435, -0.44203 ], [ 37.93432, -0.44209 ], [ 37.9343, -0.44215 ], [ 37.93428, -0.44219 ], [ 37.93426, -0.44224 ], [ 37.93424, -0.44229 ], [ 37.93421, -0.44232 ], [ 37.93418, -0.44235 ], [ 37.93415, -0.4424 ], [ 37.93411, -0.44245 ], [ 37.93408, -0.44249 ], [ 37.93406, -0.44253 ], [ 37.93404, -0.44258 ], [ 37.93403, -0.4426 ], [ 37.93401, -0.44262 ], [ 37.93399, -0.44265 ], [ 37.93396, -0.44269 ], [ 37.93392, -0.44273 ], [ 37.93389, -0.44277 ], [ 37.93386, -0.44281 ], [ 37.93383, -0.44285 ], [ 37.9338, -0.4429 ], [ 37.93377, -0.44294 ], [ 37.93375, -0.44296 ], [ 37.93371, -0.44301 ], [ 37.93368, -0.44304 ], [ 37.93364, -0.44309 ], [ 37.93361, -0.44313 ], [ 37.93358, -0.44316 ], [ 37.93355, -0.44321 ], [ 37.93353, -0.44324 ], [ 37.9335, -0.44328 ], [ 37.93346, -0.44333 ], [ 37.93342, -0.44338 ], [ 37.93338, -0.44343 ], [ 37.93335, -0.44346 ], [ 37.93332, -0.44351 ], [ 37.93329, -0.44356 ], [ 37.93326, -0.44361 ], [ 37.93323, -0.44365 ], [ 37.93319, -0.44369 ], [ 37.93316, -0.44374 ], [ 37.93311, -0.4438 ], [ 37.93307, -0.44385 ], [ 37.93303, -0.4439 ], [ 37.93298, -0.44395 ], [ 37.93295, -0.44397 ], [ 37.93291, -0.44401 ], [ 37.93286, -0.44405 ], [ 37.93279, -0.44413 ], [ 37.93276, -0.44416 ], [ 37.93274, -0.4442 ], [ 37.93272, -0.44424 ], [ 37.93271, -0.44429 ], [ 37.9327, -0.44434 ], [ 37.9327, -0.44439 ], [ 37.93268, -0.44445 ], [ 37.93268, -0.44449 ], [ 37.93268, -0.44453 ], [ 37.93268, -0.44459 ], [ 37.93268, -0.44467 ], [ 37.93268, -0.44473 ], [ 37.93267, -0.44478 ], [ 37.93268, -0.44483 ], [ 37.93267, -0.44489 ], [ 37.93266, -0.44495 ], [ 37.93266, -0.445 ], [ 37.93264, -0.44507 ], [ 37.93263, -0.44514 ], [ 37.93262, -0.4452 ], [ 37.9326, -0.44524 ], [ 37.93258, -0.44529 ], [ 37.93258, -0.4453 ], [ 37.93255, -0.44535 ], [ 37.93254, -0.44537 ], [ 37.93251, -0.44542 ], [ 37.9325, -0.44545 ], [ 37.93248, -0.44549 ], [ 37.93246, -0.44553 ], [ 37.93244, -0.44556 ], [ 37.93242, -0.4456 ], [ 37.93241, -0.44563 ], [ 37.93239, -0.44566 ], [ 37.93237, -0.44569 ], [ 37.93235, -0.44574 ], [ 37.93233, -0.44576 ], [ 37.93232, -0.44578 ], [ 37.93231, -0.44581 ], [ 37.93229, -0.44585 ], [ 37.93229, -0.44588 ], [ 37.93228, -0.44593 ], [ 37.93226, -0.44598 ], [ 37.93224, -0.44602 ], [ 37.93222, -0.44607 ], [ 37.9322, -0.44611 ], [ 37.93219, -0.44615 ], [ 37.93217, -0.44619 ], [ 37.93216, -0.44623 ], [ 37.93215, -0.44627 ], [ 37.93212, -0.44633 ], [ 37.93209, -0.44637 ], [ 37.93208, -0.44641 ], [ 37.93206, -0.44644 ], [ 37.93204, -0.44649 ], [ 37.93202, -0.44651 ], [ 37.93201, -0.44655 ], [ 37.93199, -0.44659 ], [ 37.93197, -0.44663 ], [ 37.93196, -0.44668 ], [ 37.93196, -0.44669 ], [ 37.93165, -0.44725 ], [ 37.93162, -0.44729 ], [ 37.93141, -0.44773 ], [ 37.93141, -0.44774 ], [ 37.93139, -0.44776 ], [ 37.93137, -0.44779 ], [ 37.93136, -0.44781 ], [ 37.93133, -0.44785 ], [ 37.93131, -0.44789 ], [ 37.93129, -0.44792 ], [ 37.93128, -0.44794 ], [ 37.93126, -0.44797 ], [ 37.93124, -0.448 ], [ 37.93122, -0.44804 ], [ 37.93121, -0.44806 ], [ 37.9312, -0.44809 ], [ 37.93118, -0.44813 ], [ 37.93115, -0.44818 ], [ 37.93113, -0.44822 ], [ 37.93112, -0.44826 ], [ 37.9311, -0.4483 ], [ 37.93107, -0.44833 ], [ 37.93104, -0.44838 ], [ 37.93101, -0.44842 ], [ 37.93098, -0.44846 ], [ 37.93096, -0.4485 ], [ 37.93095, -0.44853 ], [ 37.93092, -0.44856 ], [ 37.93088, -0.4486 ], [ 37.93084, -0.44864 ], [ 37.93082, -0.44867 ], [ 37.93079, -0.4487 ], [ 37.93077, -0.44874 ], [ 37.93074, -0.44877 ], [ 37.93071, -0.44881 ], [ 37.93068, -0.44885 ], [ 37.93066, -0.44889 ], [ 37.93064, -0.44892 ], [ 37.93062, -0.44894 ], [ 37.9306, -0.44897 ], [ 37.93058, -0.449 ], [ 37.93056, -0.44905 ], [ 37.93054, -0.44909 ], [ 37.93052, -0.44913 ], [ 37.9305, -0.44917 ], [ 37.93049, -0.4492 ], [ 37.93048, -0.44923 ], [ 37.93047, -0.44926 ], [ 37.93047, -0.44928 ], [ 37.93044, -0.44935 ], [ 37.93042, -0.44938 ], [ 37.93041, -0.44942 ], [ 37.9304, -0.44945 ], [ 37.93039, -0.44948 ], [ 37.93038, -0.44952 ], [ 37.93037, -0.44956 ], [ 37.93035, -0.4496 ], [ 37.93035, -0.44962 ], [ 37.93032, -0.44967 ], [ 37.9303, -0.44971 ], [ 37.93027, -0.44975 ], [ 37.93025, -0.44979 ], [ 37.93024, -0.44983 ], [ 37.93023, -0.44986 ], [ 37.93021, -0.4499 ], [ 37.9302, -0.44994 ], [ 37.93018, -0.44998 ], [ 37.93017, -0.45001 ], [ 37.93015, -0.45005 ], [ 37.93012, -0.45008 ], [ 37.93011, -0.45012 ], [ 37.93009, -0.45014 ], [ 37.93008, -0.45017 ], [ 37.93006, -0.45021 ], [ 37.93005, -0.45025 ], [ 37.93003, -0.45028 ], [ 37.93001, -0.45034 ], [ 37.93, -0.45038 ], [ 37.92998, -0.45044 ], [ 37.92997, -0.45046 ], [ 37.92996, -0.45048 ], [ 37.92995, -0.45048 ], [ 37.92994, -0.45049 ], [ 37.92993, -0.4505 ], [ 37.92992, -0.45052 ], [ 37.92991, -0.45053 ], [ 37.92989, -0.45054 ], [ 37.92987, -0.45055 ], [ 37.92986, -0.45056 ], [ 37.92984, -0.45057 ], [ 37.92983, -0.45059 ], [ 37.92982, -0.4506 ], [ 37.9298, -0.45062 ], [ 37.92978, -0.45063 ], [ 37.92976, -0.45065 ], [ 37.92975, -0.45066 ], [ 37.92973, -0.45069 ], [ 37.92972, -0.45071 ], [ 37.92971, -0.45073 ], [ 37.9297, -0.45075 ], [ 37.92969, -0.45076 ], [ 37.92967, -0.45078 ], [ 37.92966, -0.4508 ], [ 37.92964, -0.45081 ], [ 37.92963, -0.45083 ], [ 37.92961, -0.45085 ], [ 37.9296, -0.45087 ], [ 37.92958, -0.4509 ], [ 37.92956, -0.45092 ], [ 37.92954, -0.45094 ], [ 37.92953, -0.45096 ], [ 37.92951, -0.45098 ], [ 37.9295, -0.451 ], [ 37.92949, -0.45103 ], [ 37.92948, -0.45105 ], [ 37.92946, -0.45107 ], [ 37.92945, -0.45109 ], [ 37.92945, -0.45112 ], [ 37.92944, -0.45114 ], [ 37.92943, -0.45117 ], [ 37.92943, -0.45118 ], [ 37.92942, -0.45121 ], [ 37.92941, -0.45124 ], [ 37.9294, -0.45126 ], [ 37.92939, -0.45129 ], [ 37.92938, -0.45131 ], [ 37.92937, -0.45134 ], [ 37.92936, -0.45136 ], [ 37.92935, -0.45137 ], [ 37.92935, -0.45138 ], [ 37.92933, -0.45141 ], [ 37.92932, -0.45144 ], [ 37.9293, -0.45146 ], [ 37.92929, -0.45148 ], [ 37.92928, -0.4515 ], [ 37.92927, -0.45152 ], [ 37.92925, -0.45154 ], [ 37.92924, -0.45156 ], [ 37.92923, -0.45157 ], [ 37.92921, -0.45159 ], [ 37.92919, -0.45161 ], [ 37.92918, -0.45163 ], [ 37.92916, -0.45166 ], [ 37.92915, -0.45168 ], [ 37.92913, -0.4517 ], [ 37.92912, -0.45172 ], [ 37.92911, -0.45174 ], [ 37.9291, -0.45176 ], [ 37.9291, -0.45177 ], [ 37.92909, -0.45179 ], [ 37.92907, -0.45182 ], [ 37.92906, -0.45184 ], [ 37.92905, -0.45186 ], [ 37.92903, -0.45188 ], [ 37.92902, -0.45191 ], [ 37.92901, -0.45193 ], [ 37.92899, -0.45196 ], [ 37.92898, -0.45197 ], [ 37.92896, -0.45199 ], [ 37.92894, -0.45202 ], [ 37.92892, -0.45204 ], [ 37.9289, -0.45206 ], [ 37.92889, -0.45207 ], [ 37.92887, -0.45208 ], [ 37.92885, -0.4521 ], [ 37.92882, -0.45213 ], [ 37.92879, -0.45215 ], [ 37.92877, -0.45217 ], [ 37.92875, -0.45219 ], [ 37.92873, -0.45221 ], [ 37.92872, -0.45222 ], [ 37.9287, -0.45223 ], [ 37.92869, -0.45225 ], [ 37.92867, -0.45228 ], [ 37.92864, -0.45231 ], [ 37.92863, -0.45233 ], [ 37.92861, -0.45235 ], [ 37.92861, -0.45236 ], [ 37.9286, -0.45238 ], [ 37.92858, -0.45241 ], [ 37.92857, -0.45243 ], [ 37.92856, -0.45245 ], [ 37.92854, -0.45248 ], [ 37.92852, -0.45251 ], [ 37.9285, -0.45253 ], [ 37.92848, -0.45255 ], [ 37.92846, -0.45257 ], [ 37.92845, -0.45259 ], [ 37.92842, -0.45262 ], [ 37.9284, -0.45264 ], [ 37.92838, -0.45266 ], [ 37.92836, -0.45269 ], [ 37.92834, -0.45272 ], [ 37.92832, -0.45275 ], [ 37.9283, -0.45276 ], [ 37.92829, -0.45278 ], [ 37.92827, -0.45281 ], [ 37.92826, -0.45283 ], [ 37.92824, -0.45285 ], [ 37.92822, -0.45287 ], [ 37.92821, -0.4529 ], [ 37.92818, -0.45293 ], [ 37.92816, -0.45295 ], [ 37.92814, -0.45297 ], [ 37.92812, -0.453 ], [ 37.9281, -0.45302 ], [ 37.92807, -0.45305 ], [ 37.92805, -0.45308 ], [ 37.92803, -0.4531 ], [ 37.92801, -0.45313 ], [ 37.928, -0.45315 ], [ 37.92798, -0.45316 ], [ 37.92797, -0.45318 ], [ 37.92795, -0.45321 ], [ 37.92793, -0.45323 ], [ 37.92791, -0.45325 ], [ 37.9279, -0.45327 ], [ 37.92788, -0.45328 ], [ 37.92786, -0.4533 ], [ 37.92784, -0.45332 ], [ 37.92782, -0.45335 ], [ 37.9278, -0.45338 ], [ 37.92778, -0.4534 ], [ 37.92777, -0.45342 ], [ 37.92775, -0.45344 ], [ 37.92774, -0.45345 ], [ 37.92773, -0.45347 ], [ 37.92771, -0.45349 ], [ 37.92769, -0.45351 ], [ 37.92767, -0.45353 ], [ 37.92765, -0.45355 ], [ 37.92763, -0.45357 ], [ 37.92761, -0.45358 ], [ 37.92759, -0.45359 ], [ 37.92758, -0.4536 ], [ 37.92756, -0.45361 ], [ 37.92754, -0.45363 ], [ 37.92751, -0.45364 ], [ 37.92748, -0.45366 ], [ 37.92747, -0.45367 ], [ 37.92745, -0.45368 ], [ 37.92742, -0.45371 ], [ 37.9274, -0.45373 ], [ 37.92737, -0.45375 ], [ 37.92734, -0.45377 ], [ 37.92732, -0.45378 ], [ 37.9273, -0.4538 ], [ 37.92727, -0.45381 ], [ 37.92726, -0.45382 ], [ 37.92724, -0.45383 ], [ 37.92722, -0.45384 ], [ 37.92719, -0.45386 ], [ 37.92718, -0.45387 ], [ 37.92716, -0.45389 ], [ 37.92715, -0.4539 ], [ 37.92712, -0.45391 ], [ 37.92711, -0.45393 ], [ 37.92708, -0.45394 ], [ 37.92705, -0.45397 ], [ 37.92703, -0.45399 ], [ 37.927, -0.45401 ], [ 37.92698, -0.45403 ], [ 37.92696, -0.45404 ], [ 37.92694, -0.45406 ], [ 37.9269, -0.45408 ], [ 37.92689, -0.4541 ], [ 37.92687, -0.45411 ], [ 37.92685, -0.45412 ], [ 37.92684, -0.45414 ], [ 37.92681, -0.45417 ], [ 37.92679, -0.4542 ], [ 37.92677, -0.45422 ], [ 37.92675, -0.45424 ], [ 37.92674, -0.45425 ], [ 37.92672, -0.45427 ], [ 37.92669, -0.45429 ], [ 37.92667, -0.45431 ], [ 37.92666, -0.45434 ], [ 37.92664, -0.45437 ], [ 37.92662, -0.4544 ], [ 37.92661, -0.45443 ], [ 37.92659, -0.45445 ], [ 37.92657, -0.45448 ], [ 37.92656, -0.4545 ], [ 37.92654, -0.45452 ], [ 37.92651, -0.45454 ], [ 37.92649, -0.45456 ], [ 37.92646, -0.45458 ], [ 37.92644, -0.4546 ], [ 37.92642, -0.45462 ], [ 37.92641, -0.45463 ], [ 37.9264, -0.45464 ], [ 37.92638, -0.45466 ], [ 37.92636, -0.45467 ], [ 37.92635, -0.45468 ], [ 37.92633, -0.4547 ], [ 37.9263, -0.45472 ], [ 37.92629, -0.45473 ], [ 37.92626, -0.45476 ], [ 37.92622, -0.45479 ], [ 37.92621, -0.4548 ], [ 37.92619, -0.4548 ], [ 37.92617, -0.45482 ], [ 37.92615, -0.45484 ], [ 37.92613, -0.45486 ], [ 37.92611, -0.45488 ], [ 37.92609, -0.45492 ], [ 37.92608, -0.45494 ], [ 37.92606, -0.45497 ], [ 37.92604, -0.455 ], [ 37.92603, -0.45502 ], [ 37.92602, -0.45503 ], [ 37.92601, -0.45504 ], [ 37.926, -0.45506 ], [ 37.92599, -0.45507 ], [ 37.92596, -0.4551 ], [ 37.92595, -0.45512 ], [ 37.92593, -0.45514 ], [ 37.92592, -0.45517 ], [ 37.9259, -0.4552 ], [ 37.92588, -0.45522 ], [ 37.92586, -0.45524 ], [ 37.92584, -0.45526 ], [ 37.92582, -0.45529 ], [ 37.92581, -0.4553 ], [ 37.92579, -0.45531 ], [ 37.92577, -0.45532 ], [ 37.92575, -0.45534 ], [ 37.92573, -0.45536 ], [ 37.92571, -0.45539 ], [ 37.92568, -0.45542 ], [ 37.92566, -0.45544 ], [ 37.92564, -0.45546 ], [ 37.92562, -0.45547 ], [ 37.9256, -0.45549 ], [ 37.92558, -0.45551 ], [ 37.92557, -0.45553 ], [ 37.92556, -0.45554 ], [ 37.92554, -0.45556 ], [ 37.92553, -0.45558 ], [ 37.92552, -0.4556 ], [ 37.92551, -0.45562 ], [ 37.9255, -0.45565 ], [ 37.92549, -0.45567 ], [ 37.92548, -0.4557 ], [ 37.92547, -0.45571 ], [ 37.92545, -0.45574 ], [ 37.92543, -0.45576 ], [ 37.92541, -0.45578 ], [ 37.92539, -0.4558 ], [ 37.92538, -0.45581 ], [ 37.92536, -0.45583 ], [ 37.92534, -0.45585 ], [ 37.92533, -0.45586 ], [ 37.92531, -0.45588 ], [ 37.9253, -0.4559 ], [ 37.92529, -0.45592 ], [ 37.92527, -0.45593 ], [ 37.92525, -0.45595 ], [ 37.92523, -0.45596 ], [ 37.92521, -0.45598 ], [ 37.92518, -0.456 ], [ 37.92516, -0.45602 ], [ 37.92514, -0.45604 ], [ 37.92512, -0.45606 ], [ 37.92509, -0.45608 ], [ 37.92507, -0.4561 ], [ 37.92507, -0.4561 ], [ 37.92505, -0.45612 ], [ 37.92503, -0.45614 ], [ 37.925, -0.45618 ], [ 37.92498, -0.45621 ], [ 37.92495, -0.45625 ], [ 37.92494, -0.45628 ], [ 37.92492, -0.45631 ], [ 37.9249, -0.45634 ], [ 37.92488, -0.45637 ], [ 37.92488, -0.45639 ], [ 37.92487, -0.45641 ], [ 37.92485, -0.45644 ], [ 37.92482, -0.45649 ], [ 37.92481, -0.45654 ], [ 37.92481, -0.45654 ], [ 37.92479, -0.45658 ], [ 37.92478, -0.45662 ], [ 37.92477, -0.45665 ], [ 37.92476, -0.45668 ], [ 37.92475, -0.45671 ], [ 37.92473, -0.45674 ], [ 37.9247, -0.45679 ], [ 37.92467, -0.45683 ], [ 37.92463, -0.45688 ], [ 37.92461, -0.45692 ], [ 37.9246, -0.45694 ], [ 37.92458, -0.45698 ], [ 37.92455, -0.45701 ], [ 37.92452, -0.45704 ], [ 37.92449, -0.45708 ], [ 37.92447, -0.4571 ], [ 37.92445, -0.45713 ], [ 37.92443, -0.45715 ], [ 37.92441, -0.45717 ], [ 37.92439, -0.4572 ], [ 37.92437, -0.45723 ], [ 37.92435, -0.45726 ], [ 37.92432, -0.45729 ], [ 37.92431, -0.45731 ], [ 37.9243, -0.45734 ], [ 37.92428, -0.45737 ], [ 37.92427, -0.45739 ], [ 37.92425, -0.45741 ], [ 37.92423, -0.45745 ], [ 37.92421, -0.45747 ], [ 37.9242, -0.45749 ], [ 37.92417, -0.45752 ], [ 37.92415, -0.45754 ], [ 37.92411, -0.45756 ], [ 37.92408, -0.45759 ], [ 37.92405, -0.45761 ], [ 37.92402, -0.45765 ], [ 37.92399, -0.45769 ], [ 37.92397, -0.45772 ], [ 37.92394, -0.45776 ], [ 37.92392, -0.45778 ], [ 37.92389, -0.45782 ], [ 37.92388, -0.45784 ], [ 37.92386, -0.45787 ], [ 37.92383, -0.45791 ], [ 37.92381, -0.45794 ], [ 37.92378, -0.45796 ], [ 37.92376, -0.45799 ], [ 37.92374, -0.45801 ], [ 37.92371, -0.45804 ], [ 37.92369, -0.45806 ], [ 37.92367, -0.45809 ], [ 37.92365, -0.45811 ], [ 37.92362, -0.45813 ], [ 37.9236, -0.45814 ], [ 37.92358, -0.45816 ], [ 37.92355, -0.45818 ], [ 37.92353, -0.4582 ], [ 37.9235, -0.45823 ], [ 37.92347, -0.45825 ], [ 37.92345, -0.45829 ], [ 37.92343, -0.45831 ], [ 37.92342, -0.45834 ], [ 37.9234, -0.45836 ], [ 37.92339, -0.45839 ], [ 37.92337, -0.45841 ], [ 37.92334, -0.45844 ], [ 37.92332, -0.45846 ], [ 37.92329, -0.45848 ], [ 37.92328, -0.4585 ], [ 37.92326, -0.45853 ], [ 37.92324, -0.45855 ], [ 37.92322, -0.45857 ], [ 37.9232, -0.4586 ], [ 37.92316, -0.45864 ], [ 37.92314, -0.45866 ], [ 37.9231, -0.45871 ], [ 37.92308, -0.45875 ], [ 37.92306, -0.45878 ], [ 37.92303, -0.45881 ], [ 37.92301, -0.45884 ], [ 37.923, -0.45885 ], [ 37.92298, -0.45888 ], [ 37.92295, -0.45891 ], [ 37.92293, -0.45893 ], [ 37.92289, -0.45896 ], [ 37.92287, -0.459 ], [ 37.92285, -0.45903 ], [ 37.92283, -0.45906 ], [ 37.92282, -0.45907 ], [ 37.9228, -0.4591 ], [ 37.92278, -0.45912 ], [ 37.92276, -0.45914 ], [ 37.92275, -0.45916 ], [ 37.92273, -0.45919 ], [ 37.92271, -0.45922 ], [ 37.92269, -0.45924 ], [ 37.92268, -0.45927 ], [ 37.92266, -0.45928 ], [ 37.92265, -0.4593 ], [ 37.92264, -0.45932 ], [ 37.92262, -0.45933 ], [ 37.92261, -0.45935 ], [ 37.9226, -0.45937 ], [ 37.92259, -0.45939 ], [ 37.92257, -0.45942 ], [ 37.92256, -0.45943 ], [ 37.92254, -0.45946 ], [ 37.92252, -0.45948 ], [ 37.92251, -0.4595 ], [ 37.92249, -0.45953 ], [ 37.92247, -0.45956 ], [ 37.92246, -0.45959 ], [ 37.92244, -0.45962 ], [ 37.92243, -0.45965 ], [ 37.9224, -0.45967 ], [ 37.92239, -0.45969 ], [ 37.92237, -0.45971 ], [ 37.92235, -0.45974 ], [ 37.92233, -0.45978 ], [ 37.92231, -0.45982 ], [ 37.92228, -0.45986 ], [ 37.92226, -0.45988 ], [ 37.92224, -0.45991 ], [ 37.92223, -0.45993 ], [ 37.9222, -0.45995 ], [ 37.92219, -0.45997 ], [ 37.92216, -0.46002 ], [ 37.92213, -0.46005 ], [ 37.92211, -0.46009 ], [ 37.92208, -0.46013 ], [ 37.92206, -0.46017 ], [ 37.92204, -0.4602 ], [ 37.92202, -0.46024 ], [ 37.92199, -0.46027 ], [ 37.92196, -0.46031 ], [ 37.92193, -0.46034 ], [ 37.92192, -0.46037 ], [ 37.92189, -0.4604 ], [ 37.92187, -0.46043 ], [ 37.92185, -0.46046 ], [ 37.92183, -0.46049 ], [ 37.92181, -0.46052 ], [ 37.92178, -0.46055 ], [ 37.92175, -0.46057 ], [ 37.92173, -0.4606 ], [ 37.9217, -0.46063 ], [ 37.92166, -0.46067 ], [ 37.92162, -0.46072 ], [ 37.92159, -0.46075 ], [ 37.92153, -0.4608 ], [ 37.9215, -0.46084 ], [ 37.92148, -0.46088 ], [ 37.92145, -0.46094 ], [ 37.92142, -0.461 ], [ 37.9214, -0.46104 ], [ 37.92135, -0.46108 ], [ 37.92132, -0.46112 ], [ 37.92129, -0.46116 ], [ 37.92126, -0.46119 ], [ 37.92122, -0.46125 ], [ 37.92118, -0.4613 ], [ 37.92116, -0.46135 ], [ 37.92113, -0.4614 ], [ 37.92111, -0.46143 ], [ 37.92108, -0.46149 ], [ 37.92105, -0.46155 ], [ 37.92102, -0.46161 ], [ 37.92102, -0.46164 ], [ 37.92101, -0.46168 ], [ 37.92099, -0.46172 ], [ 37.92098, -0.46175 ], [ 37.92096, -0.46177 ], [ 37.92094, -0.46181 ], [ 37.92093, -0.46182 ], [ 37.9209, -0.46185 ], [ 37.92089, -0.46188 ], [ 37.92087, -0.4619 ], [ 37.92084, -0.46195 ], [ 37.92084, -0.46197 ], [ 37.92059, -0.46228 ], [ 37.9204, -0.46253 ], [ 37.92036, -0.46256 ], [ 37.92033, -0.46259 ], [ 37.9203, -0.46263 ], [ 37.92027, -0.46268 ], [ 37.92023, -0.46272 ], [ 37.9202, -0.46276 ], [ 37.92018, -0.46279 ], [ 37.92015, -0.46283 ], [ 37.92011, -0.46288 ], [ 37.92008, -0.46291 ], [ 37.92005, -0.46294 ], [ 37.92003, -0.46297 ], [ 37.92, -0.46299 ], [ 37.91996, -0.46303 ], [ 37.91993, -0.46307 ], [ 37.91991, -0.4631 ], [ 37.91988, -0.46313 ], [ 37.91986, -0.46315 ], [ 37.91984, -0.46317 ], [ 37.91981, -0.46319 ], [ 37.91979, -0.46322 ], [ 37.91976, -0.46324 ], [ 37.91975, -0.46327 ], [ 37.91972, -0.46331 ], [ 37.91968, -0.46336 ], [ 37.91966, -0.46341 ], [ 37.91963, -0.46346 ], [ 37.91961, -0.46351 ], [ 37.91959, -0.46355 ], [ 37.91959, -0.46355 ], [ 37.91936, -0.46385 ], [ 37.91917, -0.46403 ], [ 37.91849, -0.46468 ], [ 37.91847, -0.46469 ], [ 37.91844, -0.46471 ], [ 37.9184, -0.46476 ], [ 37.91837, -0.46479 ], [ 37.91837, -0.46479 ], [ 37.91837, -0.46479 ], [ 37.91836, -0.4648 ], [ 37.91833, -0.46482 ], [ 37.9183, -0.46484 ], [ 37.91827, -0.46484 ], [ 37.91825, -0.46484 ], [ 37.91822, -0.46485 ], [ 37.91818, -0.46485 ], [ 37.91815, -0.46486 ], [ 37.91812, -0.46488 ], [ 37.91809, -0.4649 ], [ 37.91806, -0.46492 ], [ 37.91803, -0.46493 ], [ 37.91801, -0.46495 ], [ 37.91799, -0.46496 ], [ 37.91796, -0.46496 ], [ 37.91796, -0.46497 ], [ 37.91795, -0.46498 ], [ 37.91794, -0.46499 ], [ 37.91792, -0.465 ], [ 37.91789, -0.46502 ], [ 37.91788, -0.46503 ], [ 37.91785, -0.46504 ], [ 37.91784, -0.46506 ], [ 37.91782, -0.46508 ], [ 37.9178, -0.4651 ], [ 37.91778, -0.46511 ], [ 37.91777, -0.46512 ], [ 37.91773, -0.46513 ], [ 37.9177, -0.46515 ], [ 37.91769, -0.46515 ], [ 37.91766, -0.46517 ], [ 37.91763, -0.46518 ], [ 37.91761, -0.46518 ], [ 37.9176, -0.46519 ], [ 37.91758, -0.46521 ], [ 37.91756, -0.46522 ], [ 37.91754, -0.46523 ], [ 37.91753, -0.46524 ], [ 37.9175, -0.46525 ], [ 37.91747, -0.46526 ], [ 37.91746, -0.46527 ], [ 37.91744, -0.46527 ], [ 37.91741, -0.46528 ], [ 37.91739, -0.46528 ], [ 37.91737, -0.46528 ], [ 37.91735, -0.46529 ], [ 37.91733, -0.4653 ], [ 37.9173, -0.4653 ], [ 37.91729, -0.46531 ], [ 37.91724, -0.46532 ], [ 37.91721, -0.46533 ], [ 37.91717, -0.46534 ], [ 37.91714, -0.46534 ], [ 37.91711, -0.46534 ], [ 37.91708, -0.46535 ], [ 37.91705, -0.46536 ], [ 37.91702, -0.46538 ], [ 37.917, -0.46539 ], [ 37.91698, -0.46541 ], [ 37.91695, -0.46542 ], [ 37.91693, -0.46544 ], [ 37.91691, -0.46545 ], [ 37.91688, -0.46547 ], [ 37.91686, -0.46548 ], [ 37.91684, -0.46549 ], [ 37.91682, -0.46551 ], [ 37.9168, -0.46552 ], [ 37.91677, -0.46554 ], [ 37.91675, -0.46556 ], [ 37.91672, -0.46558 ], [ 37.9167, -0.4656 ], [ 37.91668, -0.46562 ], [ 37.91666, -0.46564 ], [ 37.91664, -0.46567 ], [ 37.91661, -0.4657 ], [ 37.91659, -0.46574 ], [ 37.91657, -0.46576 ], [ 37.91656, -0.46578 ], [ 37.91654, -0.46581 ], [ 37.91652, -0.46583 ], [ 37.91651, -0.46585 ], [ 37.91649, -0.46587 ], [ 37.91647, -0.4659 ], [ 37.91645, -0.46593 ], [ 37.91644, -0.46595 ], [ 37.91642, -0.46598 ], [ 37.91641, -0.466 ], [ 37.91639, -0.46602 ], [ 37.91637, -0.46604 ], [ 37.91636, -0.46607 ], [ 37.91635, -0.46609 ], [ 37.91632, -0.46611 ], [ 37.91631, -0.46613 ], [ 37.91628, -0.46615 ], [ 37.91627, -0.46617 ], [ 37.91625, -0.46619 ], [ 37.91624, -0.46621 ], [ 37.91623, -0.46623 ], [ 37.9162, -0.46627 ], [ 37.91618, -0.46628 ], [ 37.91616, -0.4663 ], [ 37.91614, -0.46631 ], [ 37.91612, -0.46632 ], [ 37.91609, -0.46635 ], [ 37.91607, -0.46637 ], [ 37.91604, -0.4664 ], [ 37.91602, -0.46642 ], [ 37.916, -0.46645 ], [ 37.91598, -0.46647 ], [ 37.91595, -0.46649 ], [ 37.91594, -0.46651 ], [ 37.91592, -0.46653 ], [ 37.91591, -0.46654 ], [ 37.91589, -0.46656 ], [ 37.91587, -0.46658 ], [ 37.91585, -0.4666 ], [ 37.91584, -0.46663 ], [ 37.91582, -0.46665 ], [ 37.9158, -0.46668 ], [ 37.91579, -0.4667 ], [ 37.91578, -0.46673 ], [ 37.91577, -0.46676 ], [ 37.91576, -0.46678 ], [ 37.91575, -0.46679 ], [ 37.91573, -0.46682 ], [ 37.91572, -0.46683 ], [ 37.9157, -0.46685 ], [ 37.91568, -0.46689 ], [ 37.91566, -0.46692 ], [ 37.91564, -0.46695 ], [ 37.91562, -0.46696 ], [ 37.91562, -0.46698 ], [ 37.9156, -0.467 ], [ 37.91558, -0.46702 ], [ 37.91557, -0.46702 ], [ 37.91556, -0.46703 ], [ 37.91554, -0.46705 ], [ 37.91553, -0.46706 ], [ 37.91551, -0.46708 ], [ 37.91549, -0.4671 ], [ 37.91547, -0.46712 ], [ 37.91545, -0.46714 ], [ 37.91543, -0.46716 ], [ 37.91542, -0.46718 ], [ 37.91541, -0.4672 ], [ 37.91539, -0.46721 ], [ 37.91538, -0.46722 ], [ 37.91536, -0.46723 ], [ 37.91534, -0.46723 ], [ 37.91531, -0.46725 ], [ 37.91529, -0.46726 ], [ 37.91527, -0.46728 ], [ 37.91524, -0.46729 ], [ 37.91523, -0.46732 ], [ 37.9152, -0.46733 ], [ 37.91518, -0.46736 ], [ 37.91515, -0.46738 ], [ 37.91513, -0.4674 ], [ 37.91511, -0.46742 ], [ 37.9151, -0.46743 ], [ 37.91509, -0.46745 ], [ 37.91507, -0.46747 ], [ 37.91506, -0.46748 ], [ 37.91505, -0.4675 ], [ 37.91503, -0.46752 ], [ 37.915, -0.46754 ], [ 37.91497, -0.46757 ], [ 37.91494, -0.46759 ], [ 37.91492, -0.46762 ], [ 37.91489, -0.46764 ], [ 37.91487, -0.46766 ], [ 37.91485, -0.46769 ], [ 37.91482, -0.46771 ], [ 37.9148, -0.46773 ], [ 37.91478, -0.46774 ], [ 37.91476, -0.46775 ], [ 37.91474, -0.46776 ], [ 37.91472, -0.46778 ], [ 37.9147, -0.4678 ], [ 37.91468, -0.46782 ], [ 37.91466, -0.46784 ], [ 37.91464, -0.46786 ], [ 37.91462, -0.46788 ], [ 37.9146, -0.4679 ], [ 37.91459, -0.46792 ], [ 37.91457, -0.46794 ], [ 37.91455, -0.46796 ], [ 37.91453, -0.46798 ], [ 37.91451, -0.46801 ], [ 37.9145, -0.46803 ], [ 37.91447, -0.46806 ], [ 37.91446, -0.46809 ], [ 37.91444, -0.46812 ], [ 37.91443, -0.46814 ], [ 37.91442, -0.46816 ], [ 37.91441, -0.46818 ], [ 37.91441, -0.4682 ], [ 37.91441, -0.46822 ], [ 37.91441, -0.46824 ], [ 37.9144, -0.46826 ], [ 37.9144, -0.46828 ], [ 37.9144, -0.46831 ], [ 37.91439, -0.46834 ], [ 37.91439, -0.46837 ], [ 37.91438, -0.46839 ], [ 37.91438, -0.46841 ], [ 37.91438, -0.46843 ], [ 37.91438, -0.46844 ], [ 37.91437, -0.46846 ], [ 37.91437, -0.46848 ], [ 37.91437, -0.46851 ], [ 37.91437, -0.46855 ], [ 37.91436, -0.46858 ], [ 37.91435, -0.46861 ], [ 37.91434, -0.46864 ], [ 37.91433, -0.46866 ], [ 37.91432, -0.46868 ], [ 37.91432, -0.4687 ], [ 37.9143, -0.46873 ], [ 37.91429, -0.46876 ], [ 37.91428, -0.46879 ], [ 37.91427, -0.46881 ], [ 37.91426, -0.46883 ], [ 37.91426, -0.46886 ], [ 37.91426, -0.46889 ], [ 37.91426, -0.46892 ], [ 37.91425, -0.46894 ], [ 37.91424, -0.46898 ], [ 37.91423, -0.46901 ], [ 37.91422, -0.46905 ], [ 37.91421, -0.46907 ], [ 37.9142, -0.4691 ], [ 37.91418, -0.46912 ], [ 37.91418, -0.46914 ], [ 37.91417, -0.46917 ], [ 37.91417, -0.46919 ], [ 37.91416, -0.46921 ], [ 37.91414, -0.46925 ], [ 37.91413, -0.46928 ], [ 37.91411, -0.46931 ], [ 37.9141, -0.46934 ], [ 37.9141, -0.46936 ], [ 37.91409, -0.4694 ], [ 37.91409, -0.46943 ], [ 37.91409, -0.46944 ], [ 37.91408, -0.46947 ], [ 37.91408, -0.46951 ], [ 37.91407, -0.46955 ], [ 37.91407, -0.46958 ], [ 37.91407, -0.46962 ], [ 37.91407, -0.46965 ], [ 37.91407, -0.46967 ], [ 37.91407, -0.46969 ], [ 37.91403, -0.4698 ], [ 37.91403, -0.46994 ], [ 37.91401, -0.47047 ], [ 37.914, -0.47049 ], [ 37.91399, -0.47051 ], [ 37.91397, -0.47054 ], [ 37.91396, -0.47058 ], [ 37.91394, -0.47063 ], [ 37.91393, -0.47066 ], [ 37.91393, -0.47068 ], [ 37.91393, -0.47071 ], [ 37.91393, -0.47075 ], [ 37.91393, -0.47078 ], [ 37.91393, -0.47082 ], [ 37.91393, -0.47086 ], [ 37.91393, -0.4709 ], [ 37.91393, -0.47094 ], [ 37.91393, -0.47097 ], [ 37.91393, -0.471 ], [ 37.91393, -0.47103 ], [ 37.91394, -0.47106 ], [ 37.91394, -0.47108 ], [ 37.91395, -0.47111 ], [ 37.91395, -0.47112 ], [ 37.91395, -0.47116 ], [ 37.91395, -0.47119 ], [ 37.91395, -0.47122 ], [ 37.91395, -0.47126 ], [ 37.91395, -0.47133 ], [ 37.91395, -0.47134 ], [ 37.91393, -0.47141 ], [ 37.91391, -0.47147 ], [ 37.91391, -0.47147 ], [ 37.91389, -0.47151 ], [ 37.91387, -0.47155 ], [ 37.91386, -0.47158 ], [ 37.91385, -0.47161 ], [ 37.91384, -0.47165 ], [ 37.91383, -0.47168 ], [ 37.91383, -0.47171 ], [ 37.91382, -0.47173 ], [ 37.91382, -0.47175 ], [ 37.91381, -0.47179 ], [ 37.91379, -0.47183 ], [ 37.91378, -0.47188 ], [ 37.91377, -0.47192 ], [ 37.91376, -0.47195 ], [ 37.91376, -0.47197 ], [ 37.91375, -0.47201 ], [ 37.91374, -0.47203 ], [ 37.91373, -0.47205 ], [ 37.91371, -0.47208 ], [ 37.91369, -0.47212 ], [ 37.91367, -0.47215 ], [ 37.91365, -0.4722 ], [ 37.91363, -0.47222 ], [ 37.91362, -0.47224 ], [ 37.91361, -0.47227 ], [ 37.9136, -0.4723 ], [ 37.91358, -0.47232 ], [ 37.91357, -0.47235 ], [ 37.91355, -0.47239 ], [ 37.91353, -0.47243 ], [ 37.91351, -0.47246 ], [ 37.91349, -0.47249 ], [ 37.91348, -0.47251 ], [ 37.91347, -0.47253 ], [ 37.91344, -0.47256 ], [ 37.91343, -0.47258 ], [ 37.9134, -0.47261 ], [ 37.91339, -0.47264 ], [ 37.91337, -0.47267 ], [ 37.91336, -0.4727 ], [ 37.91335, -0.47272 ], [ 37.91335, -0.47275 ], [ 37.91335, -0.47276 ], [ 37.91334, -0.47278 ], [ 37.91334, -0.47281 ], [ 37.91334, -0.47281 ], [ 37.91334, -0.47284 ], [ 37.91333, -0.47287 ], [ 37.91332, -0.47291 ], [ 37.91331, -0.47294 ], [ 37.9133, -0.47297 ], [ 37.91329, -0.473 ], [ 37.91328, -0.47303 ], [ 37.91328, -0.47305 ], [ 37.91327, -0.47309 ], [ 37.91327, -0.47311 ], [ 37.91325, -0.47316 ], [ 37.91325, -0.47318 ], [ 37.91325, -0.47321 ], [ 37.91324, -0.47324 ], [ 37.91323, -0.47327 ], [ 37.91323, -0.4733 ], [ 37.91321, -0.47333 ], [ 37.9132, -0.47336 ], [ 37.91319, -0.4734 ], [ 37.91317, -0.47344 ], [ 37.91316, -0.47348 ], [ 37.91314, -0.47351 ], [ 37.91313, -0.47354 ], [ 37.91311, -0.47359 ], [ 37.91309, -0.47362 ], [ 37.91307, -0.47365 ], [ 37.91305, -0.47368 ], [ 37.91302, -0.47372 ], [ 37.913, -0.47374 ], [ 37.91297, -0.47378 ], [ 37.91294, -0.47381 ], [ 37.91291, -0.47383 ], [ 37.91289, -0.47386 ], [ 37.91287, -0.47388 ], [ 37.91284, -0.47391 ], [ 37.91283, -0.47394 ], [ 37.9128, -0.47398 ], [ 37.91279, -0.47402 ], [ 37.91276, -0.47405 ], [ 37.91274, -0.47409 ], [ 37.91272, -0.47414 ], [ 37.9127, -0.47418 ], [ 37.91268, -0.47423 ], [ 37.91266, -0.47426 ], [ 37.91265, -0.4743 ], [ 37.91262, -0.47433 ], [ 37.91261, -0.47438 ], [ 37.91259, -0.47443 ], [ 37.91258, -0.47447 ], [ 37.91256, -0.47452 ], [ 37.91255, -0.47457 ], [ 37.91253, -0.47464 ], [ 37.91252, -0.47465 ], [ 37.91251, -0.47468 ], [ 37.91249, -0.47472 ], [ 37.91246, -0.47477 ], [ 37.91244, -0.47482 ], [ 37.91241, -0.47487 ], [ 37.91239, -0.47492 ], [ 37.91238, -0.47496 ], [ 37.91236, -0.47502 ], [ 37.91235, -0.47507 ], [ 37.91234, -0.4751 ], [ 37.91232, -0.47515 ], [ 37.91231, -0.47519 ], [ 37.9123, -0.47522 ], [ 37.9123, -0.47527 ], [ 37.91229, -0.47531 ], [ 37.91228, -0.47535 ], [ 37.91227, -0.47539 ], [ 37.91226, -0.47544 ], [ 37.91223, -0.47548 ], [ 37.91221, -0.47551 ], [ 37.91219, -0.47555 ], [ 37.91217, -0.4756 ], [ 37.91214, -0.47567 ], [ 37.91211, -0.47572 ], [ 37.9121, -0.47578 ], [ 37.91208, -0.47582 ], [ 37.91206, -0.47586 ], [ 37.91204, -0.47591 ], [ 37.91201, -0.47595 ], [ 37.91199, -0.476 ], [ 37.91198, -0.47604 ], [ 37.91198, -0.47604 ], [ 37.91177, -0.4765 ], [ 37.91158, -0.47691 ], [ 37.91155, -0.47695 ], [ 37.91152, -0.477 ], [ 37.91149, -0.47705 ], [ 37.91145, -0.47711 ], [ 37.91143, -0.47716 ], [ 37.91143, -0.47722 ], [ 37.91142, -0.47726 ], [ 37.91107, -0.47802 ], [ 37.911, -0.47817 ], [ 37.91067, -0.47885 ], [ 37.91065, -0.47887 ], [ 37.91063, -0.47889 ], [ 37.91061, -0.47891 ], [ 37.91057, -0.47895 ], [ 37.91052, -0.479 ], [ 37.91049, -0.47907 ], [ 37.91046, -0.47913 ], [ 37.91043, -0.47918 ], [ 37.91041, -0.47923 ], [ 37.91038, -0.47928 ], [ 37.91034, -0.47934 ], [ 37.91031, -0.47938 ], [ 37.91028, -0.47942 ], [ 37.91024, -0.47947 ], [ 37.91021, -0.47952 ], [ 37.91018, -0.47957 ], [ 37.91015, -0.47963 ], [ 37.91014, -0.47967 ], [ 37.91011, -0.47971 ], [ 37.91008, -0.47976 ], [ 37.91006, -0.47979 ], [ 37.91002, -0.47984 ], [ 37.91001, -0.47986 ], [ 37.90998, -0.47988 ], [ 37.90994, -0.47991 ], [ 37.90991, -0.47997 ], [ 37.90988, -0.48001 ], [ 37.90985, -0.48004 ], [ 37.90982, -0.48008 ], [ 37.90978, -0.48014 ], [ 37.90975, -0.48019 ], [ 37.90971, -0.48023 ], [ 37.90968, -0.48028 ], [ 37.90966, -0.48032 ], [ 37.90964, -0.48036 ], [ 37.90963, -0.48041 ], [ 37.9096, -0.48045 ], [ 37.90959, -0.48049 ], [ 37.90958, -0.48053 ], [ 37.90956, -0.48054 ], [ 37.90955, -0.48057 ], [ 37.90954, -0.48058 ], [ 37.90952, -0.48061 ], [ 37.90951, -0.48063 ], [ 37.90948, -0.48067 ], [ 37.90947, -0.48069 ], [ 37.90945, -0.48072 ], [ 37.90943, -0.48075 ], [ 37.90942, -0.48078 ], [ 37.9094, -0.48082 ], [ 37.9094, -0.48084 ], [ 37.90939, -0.48087 ], [ 37.90938, -0.4809 ], [ 37.90938, -0.48093 ], [ 37.90936, -0.48096 ], [ 37.90936, -0.48099 ], [ 37.90934, -0.48102 ], [ 37.90933, -0.48106 ], [ 37.90932, -0.48109 ], [ 37.90931, -0.48112 ], [ 37.9093, -0.48115 ], [ 37.9093, -0.48117 ], [ 37.9093, -0.48119 ], [ 37.90929, -0.48121 ], [ 37.90929, -0.48125 ], [ 37.90928, -0.48127 ], [ 37.90927, -0.48129 ], [ 37.90927, -0.48131 ], [ 37.90926, -0.48134 ], [ 37.90924, -0.48137 ], [ 37.90923, -0.4814 ], [ 37.90922, -0.48146 ], [ 37.90921, -0.48149 ], [ 37.90921, -0.48153 ], [ 37.9092, -0.48156 ], [ 37.90919, -0.4816 ], [ 37.90918, -0.48164 ], [ 37.90917, -0.48169 ], [ 37.90917, -0.48174 ], [ 37.90916, -0.48179 ], [ 37.90916, -0.48181 ], [ 37.90916, -0.48184 ], [ 37.90916, -0.48187 ], [ 37.90915, -0.48191 ], [ 37.90914, -0.48194 ], [ 37.90913, -0.48197 ], [ 37.90912, -0.48201 ], [ 37.90911, -0.48204 ], [ 37.9091, -0.48207 ], [ 37.90909, -0.48209 ], [ 37.90908, -0.48213 ], [ 37.90906, -0.48217 ], [ 37.90905, -0.4822 ], [ 37.90903, -0.48223 ], [ 37.90902, -0.48227 ], [ 37.90901, -0.4823 ], [ 37.90899, -0.48234 ], [ 37.90897, -0.48238 ], [ 37.90896, -0.4824 ], [ 37.90895, -0.48242 ], [ 37.90894, -0.48244 ], [ 37.90892, -0.48246 ], [ 37.90891, -0.48249 ], [ 37.90889, -0.48251 ], [ 37.90886, -0.48254 ], [ 37.90884, -0.48257 ], [ 37.90882, -0.4826 ], [ 37.90881, -0.48263 ], [ 37.9088, -0.48266 ], [ 37.90878, -0.48269 ], [ 37.90878, -0.48272 ], [ 37.90877, -0.48276 ], [ 37.90876, -0.4828 ], [ 37.90873, -0.48284 ], [ 37.9087, -0.48287 ], [ 37.90869, -0.48288 ], [ 37.90867, -0.4829 ], [ 37.90865, -0.48293 ], [ 37.9086, -0.48295 ], [ 37.90857, -0.48298 ], [ 37.90855, -0.48301 ], [ 37.90853, -0.48304 ], [ 37.90851, -0.48307 ], [ 37.90849, -0.4831 ], [ 37.90848, -0.48313 ], [ 37.90846, -0.48316 ], [ 37.90845, -0.48318 ], [ 37.90844, -0.48321 ], [ 37.90843, -0.48324 ], [ 37.90841, -0.48326 ], [ 37.9084, -0.48329 ], [ 37.9084, -0.48331 ], [ 37.90839, -0.48335 ], [ 37.90839, -0.48337 ], [ 37.90838, -0.48341 ], [ 37.90837, -0.48345 ], [ 37.90836, -0.48349 ], [ 37.90836, -0.48353 ], [ 37.90835, -0.48356 ], [ 37.90834, -0.48358 ], [ 37.90839, -0.48361 ], [ 37.90843, -0.48353 ], [ 37.90833, -0.48374 ], [ 37.90738, -0.48577 ], [ 37.90681, -0.48698 ], [ 37.90625, -0.48817 ], [ 37.90549, -0.48965 ], [ 37.90549, -0.48965 ], [ 37.90548, -0.48967 ], [ 37.90546, -0.48971 ], [ 37.90545, -0.48972 ], [ 37.90521, -0.49018 ], [ 37.90454, -0.4915 ], [ 37.90244, -0.49601 ], [ 37.90197, -0.49702 ], [ 37.90191, -0.49714 ], [ 37.90064, -0.49968 ], [ 37.89959, -0.50197 ], [ 37.89926, -0.50307 ], [ 37.89883, -0.50453 ], [ 37.89823, -0.50533 ], [ 37.89823, -0.50534 ], [ 37.8982, -0.50541 ], [ 37.89819, -0.50547 ], [ 37.89817, -0.50551 ], [ 37.89814, -0.50554 ], [ 37.89813, -0.50559 ], [ 37.89809, -0.50567 ], [ 37.89807, -0.50573 ], [ 37.89805, -0.5058 ], [ 37.89803, -0.50585 ], [ 37.89802, -0.50589 ], [ 37.898, -0.50595 ], [ 37.89796, -0.50603 ], [ 37.89791, -0.50611 ], [ 37.89787, -0.50618 ], [ 37.89784, -0.50622 ], [ 37.89782, -0.50627 ], [ 37.89778, -0.50636 ], [ 37.89774, -0.50642 ], [ 37.8977, -0.50649 ], [ 37.89767, -0.50654 ], [ 37.89763, -0.50658 ], [ 37.8976, -0.50664 ], [ 37.89755, -0.50671 ], [ 37.8975, -0.50679 ], [ 37.89747, -0.50684 ], [ 37.89744, -0.5069 ], [ 37.8974, -0.50698 ], [ 37.89738, -0.50705 ], [ 37.89736, -0.50712 ], [ 37.89734, -0.50716 ], [ 37.89732, -0.50723 ], [ 37.89727, -0.50731 ], [ 37.89722, -0.50737 ], [ 37.89713, -0.50751 ], [ 37.8971, -0.50759 ], [ 37.89707, -0.50765 ], [ 37.89704, -0.50772 ], [ 37.89703, -0.50776 ], [ 37.89702, -0.50782 ], [ 37.89698, -0.50792 ], [ 37.89693, -0.50804 ], [ 37.89688, -0.50815 ], [ 37.89684, -0.50828 ], [ 37.89679, -0.50838 ], [ 37.89675, -0.50849 ], [ 37.89673, -0.50853 ], [ 37.89672, -0.50856 ], [ 37.8967, -0.50861 ], [ 37.89667, -0.50865 ], [ 37.89665, -0.5087 ], [ 37.89663, -0.50876 ], [ 37.89659, -0.50885 ], [ 37.89655, -0.50893 ], [ 37.89652, -0.509 ], [ 37.89648, -0.50907 ], [ 37.89645, -0.50911 ], [ 37.89642, -0.50915 ], [ 37.8964, -0.50919 ], [ 37.89636, -0.50926 ], [ 37.89631, -0.50934 ], [ 37.89629, -0.5094 ], [ 37.89628, -0.50945 ], [ 37.89627, -0.50949 ], [ 37.89625, -0.50952 ], [ 37.89623, -0.50955 ], [ 37.89621, -0.50958 ], [ 37.89618, -0.50964 ], [ 37.89616, -0.50968 ], [ 37.89615, -0.50972 ], [ 37.89613, -0.50978 ], [ 37.89611, -0.50983 ], [ 37.8961, -0.50985 ], [ 37.89609, -0.50988 ], [ 37.89608, -0.50991 ], [ 37.89605, -0.50995 ], [ 37.89602, -0.51 ], [ 37.89599, -0.51006 ], [ 37.89596, -0.51009 ], [ 37.89595, -0.51012 ], [ 37.89592, -0.51016 ], [ 37.8959, -0.51017 ], [ 37.89589, -0.51019 ], [ 37.89586, -0.51021 ], [ 37.89583, -0.51025 ], [ 37.8958, -0.51028 ], [ 37.89577, -0.5103 ], [ 37.89574, -0.51033 ], [ 37.8957, -0.51036 ], [ 37.89567, -0.51039 ], [ 37.89564, -0.51042 ], [ 37.89561, -0.51043 ], [ 37.89558, -0.51046 ], [ 37.89555, -0.51049 ], [ 37.89551, -0.51054 ], [ 37.89547, -0.51059 ], [ 37.89543, -0.51063 ], [ 37.89542, -0.51065 ], [ 37.8954, -0.51068 ], [ 37.89537, -0.51072 ], [ 37.89535, -0.51076 ], [ 37.89533, -0.51081 ], [ 37.89531, -0.51085 ], [ 37.89528, -0.5109 ], [ 37.89525, -0.51095 ], [ 37.89522, -0.511 ], [ 37.89519, -0.51105 ], [ 37.89516, -0.51109 ], [ 37.89513, -0.51112 ], [ 37.89508, -0.51116 ], [ 37.89504, -0.51121 ], [ 37.89499, -0.51124 ], [ 37.89494, -0.51129 ], [ 37.89489, -0.51133 ], [ 37.89486, -0.51135 ], [ 37.89483, -0.51137 ], [ 37.8948, -0.51141 ], [ 37.89477, -0.51145 ], [ 37.89472, -0.5115 ], [ 37.89469, -0.51152 ], [ 37.89466, -0.51155 ], [ 37.89461, -0.51159 ], [ 37.89457, -0.51161 ], [ 37.89452, -0.51163 ], [ 37.89446, -0.51166 ], [ 37.89441, -0.5117 ], [ 37.89436, -0.51172 ], [ 37.89431, -0.51175 ], [ 37.89428, -0.51178 ], [ 37.89425, -0.5118 ], [ 37.8942, -0.51183 ], [ 37.89416, -0.51186 ], [ 37.8941, -0.51191 ], [ 37.89408, -0.51193 ], [ 37.89404, -0.51196 ], [ 37.89401, -0.51198 ], [ 37.89398, -0.512 ], [ 37.89394, -0.512 ], [ 37.89387, -0.51202 ], [ 37.89383, -0.51204 ], [ 37.89377, -0.51207 ], [ 37.89369, -0.5121 ], [ 37.89364, -0.51211 ], [ 37.89359, -0.51213 ], [ 37.89353, -0.51216 ], [ 37.89349, -0.5122 ], [ 37.89344, -0.51224 ], [ 37.8934, -0.51228 ], [ 37.89337, -0.51231 ], [ 37.89334, -0.51235 ], [ 37.89331, -0.51238 ], [ 37.89328, -0.51241 ], [ 37.89326, -0.51244 ], [ 37.89324, -0.51247 ], [ 37.8932, -0.51251 ], [ 37.89317, -0.51255 ], [ 37.89314, -0.51258 ], [ 37.89312, -0.51262 ], [ 37.89311, -0.51264 ], [ 37.8931, -0.51266 ], [ 37.89308, -0.51269 ], [ 37.89304, -0.51273 ], [ 37.89302, -0.51275 ], [ 37.89301, -0.51276 ], [ 37.89299, -0.5128 ], [ 37.89296, -0.51284 ], [ 37.89295, -0.51287 ], [ 37.89293, -0.51291 ], [ 37.89291, -0.51295 ], [ 37.89289, -0.51297 ], [ 37.89287, -0.51299 ], [ 37.89284, -0.51304 ], [ 37.89281, -0.51308 ], [ 37.89278, -0.51312 ], [ 37.89276, -0.51316 ], [ 37.89275, -0.51319 ], [ 37.89273, -0.51322 ], [ 37.89272, -0.51325 ], [ 37.8927, -0.5133 ], [ 37.89269, -0.51333 ], [ 37.89267, -0.51337 ], [ 37.89266, -0.51341 ], [ 37.89266, -0.51346 ], [ 37.89265, -0.51349 ], [ 37.89265, -0.51352 ], [ 37.89265, -0.51357 ], [ 37.89265, -0.5136 ], [ 37.89264, -0.51366 ], [ 37.89265, -0.51371 ], [ 37.89265, -0.51377 ], [ 37.89265, -0.51381 ], [ 37.89266, -0.51386 ], [ 37.89267, -0.51391 ], [ 37.89269, -0.51395 ], [ 37.89271, -0.51399 ], [ 37.89273, -0.51404 ], [ 37.89273, -0.51408 ], [ 37.89274, -0.51412 ], [ 37.89274, -0.51416 ], [ 37.89274, -0.51416 ], [ 37.89274, -0.51418 ], [ 37.89273, -0.5142 ], [ 37.89273, -0.51422 ], [ 37.89273, -0.51425 ], [ 37.89273, -0.51429 ], [ 37.89272, -0.51433 ], [ 37.89272, -0.51437 ], [ 37.89271, -0.51439 ], [ 37.89271, -0.51441 ], [ 37.8927, -0.51443 ], [ 37.8927, -0.51445 ], [ 37.89269, -0.51447 ], [ 37.89269, -0.51451 ], [ 37.89268, -0.51456 ], [ 37.89268, -0.51461 ], [ 37.89268, -0.51465 ], [ 37.89268, -0.51469 ], [ 37.89267, -0.51471 ], [ 37.89267, -0.51473 ], [ 37.89267, -0.51476 ], [ 37.89267, -0.51478 ], [ 37.89266, -0.5148 ], [ 37.89265, -0.51483 ], [ 37.89264, -0.51486 ], [ 37.89263, -0.51491 ], [ 37.89263, -0.51491 ], [ 37.89262, -0.51495 ], [ 37.89261, -0.51497 ], [ 37.89261, -0.515 ], [ 37.8926, -0.51502 ], [ 37.8926, -0.51504 ], [ 37.8926, -0.51507 ], [ 37.89259, -0.51512 ], [ 37.89259, -0.51515 ], [ 37.89259, -0.51519 ], [ 37.89259, -0.51522 ], [ 37.89258, -0.51526 ], [ 37.89258, -0.51529 ], [ 37.89258, -0.51531 ], [ 37.89258, -0.51534 ], [ 37.89258, -0.51536 ], [ 37.89258, -0.5154 ], [ 37.89258, -0.51544 ], [ 37.89258, -0.51548 ], [ 37.89258, -0.51551 ], [ 37.89258, -0.51554 ], [ 37.89257, -0.51557 ], [ 37.89257, -0.5156 ], [ 37.89256, -0.51562 ], [ 37.89254, -0.51564 ], [ 37.89253, -0.51567 ], [ 37.89251, -0.51571 ], [ 37.8925, -0.51574 ], [ 37.89249, -0.51577 ], [ 37.89248, -0.51579 ], [ 37.89247, -0.51581 ], [ 37.89247, -0.51584 ], [ 37.89246, -0.51588 ], [ 37.89244, -0.51591 ], [ 37.89243, -0.51595 ], [ 37.89242, -0.51599 ], [ 37.89242, -0.51604 ], [ 37.8924, -0.51607 ], [ 37.8924, -0.5161 ], [ 37.89239, -0.51613 ], [ 37.89238, -0.51615 ], [ 37.89237, -0.51616 ], [ 37.89237, -0.51617 ], [ 37.89236, -0.51619 ], [ 37.89234, -0.51622 ], [ 37.89233, -0.51626 ], [ 37.89231, -0.51631 ], [ 37.8923, -0.51634 ], [ 37.89228, -0.51638 ], [ 37.89226, -0.5164 ], [ 37.89225, -0.51641 ], [ 37.89224, -0.51644 ], [ 37.89224, -0.51646 ], [ 37.89222, -0.51649 ], [ 37.8922, -0.51652 ], [ 37.89219, -0.51655 ], [ 37.89217, -0.51658 ], [ 37.89216, -0.51661 ], [ 37.89214, -0.51663 ], [ 37.89212, -0.51666 ], [ 37.89212, -0.5167 ], [ 37.89211, -0.51673 ], [ 37.89209, -0.51676 ], [ 37.89207, -0.5168 ], [ 37.89206, -0.51684 ], [ 37.89205, -0.51686 ], [ 37.89204, -0.51689 ], [ 37.89204, -0.51693 ], [ 37.89202, -0.51698 ], [ 37.89201, -0.51703 ], [ 37.892, -0.51706 ], [ 37.89189, -0.51733 ], [ 37.89182, -0.5175 ], [ 37.89179, -0.51756 ], [ 37.89178, -0.51758 ], [ 37.89175, -0.51761 ], [ 37.89171, -0.51765 ], [ 37.89168, -0.51771 ], [ 37.89165, -0.51776 ], [ 37.89163, -0.5178 ], [ 37.89162, -0.51783 ], [ 37.8916, -0.51787 ], [ 37.89158, -0.51791 ], [ 37.89156, -0.51795 ], [ 37.89153, -0.518 ], [ 37.89152, -0.51804 ], [ 37.8915, -0.51809 ], [ 37.89148, -0.51812 ], [ 37.89147, -0.51815 ], [ 37.89145, -0.51818 ], [ 37.89143, -0.5182 ], [ 37.89141, -0.51824 ], [ 37.89138, -0.51829 ], [ 37.89136, -0.51835 ], [ 37.89133, -0.51838 ], [ 37.89132, -0.51842 ], [ 37.89129, -0.51846 ], [ 37.89127, -0.51849 ], [ 37.89125, -0.51852 ], [ 37.89122, -0.51857 ], [ 37.89119, -0.51864 ], [ 37.89116, -0.51868 ], [ 37.89114, -0.51872 ], [ 37.89112, -0.51875 ], [ 37.8911, -0.51878 ], [ 37.89109, -0.51881 ], [ 37.89108, -0.51884 ], [ 37.89106, -0.51887 ], [ 37.89103, -0.51893 ], [ 37.89101, -0.51896 ], [ 37.891, -0.51899 ], [ 37.89098, -0.51902 ], [ 37.89096, -0.51906 ], [ 37.89093, -0.5191 ], [ 37.89091, -0.51915 ], [ 37.8909, -0.51918 ], [ 37.89017, -0.52032 ], [ 37.88903, -0.52194 ], [ 37.88901, -0.52206 ], [ 37.88878, -0.52331 ], [ 37.88865, -0.52403 ], [ 37.88815, -0.52553 ], [ 37.88798, -0.52603 ], [ 37.88713, -0.52746 ], [ 37.88634, -0.52879 ], [ 37.88618, -0.52907 ], [ 37.88548, -0.53047 ], [ 37.88513, -0.53116 ], [ 37.88509, -0.53124 ], [ 37.8849, -0.53166 ], [ 37.88465, -0.53221 ], [ 37.88456, -0.5324 ], [ 37.88442, -0.53361 ], [ 37.88437, -0.53402 ], [ 37.88426, -0.53445 ], [ 37.88422, -0.53462 ], [ 37.8842, -0.53468 ], [ 37.88389, -0.53592 ], [ 37.88294, -0.53742 ], [ 37.88284, -0.53758 ], [ 37.88275, -0.53773 ], [ 37.88278, -0.53786 ], [ 37.88313, -0.53934 ], [ 37.88332, -0.54049 ], [ 37.88331, -0.54065 ], [ 37.8833, -0.54082 ], [ 37.88327, -0.54141 ], [ 37.88323, -0.54197 ], [ 37.88323, -0.54201 ], [ 37.88332, -0.544 ], [ 37.88405, -0.5452 ], [ 37.88437, -0.54572 ], [ 37.88439, -0.54574 ], [ 37.88531, -0.54702 ], [ 37.88561, -0.54743 ], [ 37.88576, -0.54788 ], [ 37.88578, -0.54791 ], [ 37.88578, -0.54793 ], [ 37.8858, -0.54795 ], [ 37.88581, -0.54797 ], [ 37.88582, -0.548 ], [ 37.88583, -0.54801 ], [ 37.88584, -0.54803 ], [ 37.88585, -0.54805 ], [ 37.88586, -0.54807 ], [ 37.88587, -0.5481 ], [ 37.88588, -0.54813 ], [ 37.88588, -0.54813 ], [ 37.88589, -0.54815 ], [ 37.8859, -0.54818 ], [ 37.8859, -0.5482 ], [ 37.88591, -0.54822 ], [ 37.88591, -0.54825 ], [ 37.88592, -0.54827 ], [ 37.88593, -0.54829 ], [ 37.88593, -0.54831 ], [ 37.88593, -0.54834 ], [ 37.88594, -0.54836 ], [ 37.88594, -0.54838 ], [ 37.88595, -0.54841 ], [ 37.88597, -0.54843 ], [ 37.88597, -0.54846 ], [ 37.88598, -0.54848 ], [ 37.88599, -0.54851 ], [ 37.88599, -0.54853 ], [ 37.886, -0.54855 ], [ 37.886, -0.54855 ], [ 37.88627, -0.54933 ], [ 37.88665, -0.5518 ], [ 37.88751, -0.55399 ], [ 37.88817, -0.55608 ], [ 37.88865, -0.55732 ], [ 37.88845, -0.55785 ], [ 37.88846, -0.55787 ], [ 37.88846, -0.55789 ], [ 37.88846, -0.55791 ], [ 37.88847, -0.55794 ], [ 37.88847, -0.55797 ], [ 37.88848, -0.55799 ], [ 37.88848, -0.55801 ], [ 37.88848, -0.55804 ], [ 37.88848, -0.55807 ], [ 37.88848, -0.5581 ], [ 37.88848, -0.55813 ], [ 37.88848, -0.55815 ], [ 37.88848, -0.55817 ], [ 37.88848, -0.5582 ], [ 37.88848, -0.55822 ], [ 37.88848, -0.55822 ], [ 37.88847, -0.55823 ], [ 37.88846, -0.55825 ], [ 37.88845, -0.55827 ], [ 37.88843, -0.5583 ], [ 37.88842, -0.55832 ], [ 37.88841, -0.55834 ], [ 37.8884, -0.55836 ], [ 37.88839, -0.55838 ], [ 37.88837, -0.5584 ], [ 37.88835, -0.55842 ], [ 37.88834, -0.55844 ], [ 37.88832, -0.55847 ], [ 37.88831, -0.55849 ], [ 37.88828, -0.55851 ], [ 37.88826, -0.55853 ], [ 37.88825, -0.55854 ], [ 37.88822, -0.55856 ], [ 37.8882, -0.55857 ], [ 37.88798, -0.55922 ], [ 37.88827, -0.56093 ], [ 37.88827, -0.56216 ], [ 37.88829, -0.56222 ], [ 37.8883, -0.56228 ], [ 37.8883, -0.56235 ], [ 37.88831, -0.56239 ], [ 37.88832, -0.56243 ], [ 37.88832, -0.56247 ], [ 37.88832, -0.56251 ], [ 37.88833, -0.56255 ], [ 37.88833, -0.5626 ], [ 37.88833, -0.56266 ], [ 37.88833, -0.56271 ], [ 37.88833, -0.56278 ], [ 37.88834, -0.56283 ], [ 37.88833, -0.56288 ], [ 37.88833, -0.56294 ], [ 37.88833, -0.56298 ], [ 37.88833, -0.56304 ], [ 37.88833, -0.56309 ], [ 37.88833, -0.56314 ], [ 37.88833, -0.56322 ], [ 37.88833, -0.56332 ], [ 37.88832, -0.56337 ], [ 37.88831, -0.5634 ], [ 37.8883, -0.56345 ], [ 37.88829, -0.5635 ], [ 37.88825, -0.56357 ], [ 37.88824, -0.56363 ], [ 37.88821, -0.5637 ], [ 37.88819, -0.56374 ], [ 37.88818, -0.56379 ], [ 37.88817, -0.56383 ], [ 37.88816, -0.56388 ], [ 37.88814, -0.56393 ], [ 37.88813, -0.56399 ], [ 37.88812, -0.56406 ], [ 37.88811, -0.56412 ], [ 37.88811, -0.56417 ], [ 37.8881, -0.56423 ], [ 37.8881, -0.56428 ], [ 37.8881, -0.56434 ], [ 37.88809, -0.56439 ], [ 37.88808, -0.56443 ], [ 37.88806, -0.56448 ], [ 37.88804, -0.56454 ], [ 37.88802, -0.56461 ], [ 37.888, -0.56466 ], [ 37.88799, -0.5647 ], [ 37.88798, -0.56474 ], [ 37.88797, -0.56479 ], [ 37.88795, -0.56485 ], [ 37.88794, -0.56488 ], [ 37.88794, -0.5649 ], [ 37.88794, -0.56492 ], [ 37.88794, -0.56496 ], [ 37.88793, -0.56501 ], [ 37.88792, -0.56506 ], [ 37.88791, -0.56512 ], [ 37.8879, -0.56517 ], [ 37.88789, -0.56523 ], [ 37.88788, -0.56526 ], [ 37.88787, -0.5653 ], [ 37.88786, -0.56533 ], [ 37.88784, -0.56536 ], [ 37.88782, -0.5654 ], [ 37.8878, -0.56546 ], [ 37.8878, -0.56547 ], [ 37.8877, -0.56607 ], [ 37.88744, -0.56765 ], [ 37.88743, -0.56771 ], [ 37.88656, -0.57311 ], [ 37.88581, -0.57603 ], [ 37.88581, -0.57604 ], [ 37.88581, -0.57607 ], [ 37.88581, -0.57609 ], [ 37.88581, -0.57611 ], [ 37.88581, -0.57615 ], [ 37.88581, -0.57618 ], [ 37.88581, -0.5762 ], [ 37.88581, -0.57624 ], [ 37.88581, -0.57626 ], [ 37.88581, -0.57628 ], [ 37.8858, -0.5763 ], [ 37.8858, -0.57632 ], [ 37.88579, -0.57634 ], [ 37.88579, -0.57635 ], [ 37.88578, -0.57637 ], [ 37.88577, -0.57639 ], [ 37.88577, -0.57641 ], [ 37.88576, -0.57643 ], [ 37.88575, -0.57646 ], [ 37.88575, -0.57649 ], [ 37.88574, -0.57652 ], [ 37.88574, -0.57653 ], [ 37.88574, -0.57656 ], [ 37.88574, -0.57658 ], [ 37.88573, -0.57659 ], [ 37.88573, -0.57661 ], [ 37.88572, -0.57663 ], [ 37.88572, -0.57665 ], [ 37.88571, -0.57667 ], [ 37.8857, -0.57669 ], [ 37.88569, -0.5767 ], [ 37.88568, -0.57672 ], [ 37.88567, -0.57674 ], [ 37.88566, -0.57676 ], [ 37.88564, -0.57678 ], [ 37.88563, -0.5768 ], [ 37.88562, -0.57682 ], [ 37.88561, -0.57684 ], [ 37.8856, -0.57685 ], [ 37.8856, -0.57687 ], [ 37.88559, -0.57689 ], [ 37.88559, -0.57689 ], [ 37.8855, -0.57724 ], [ 37.88548, -0.57733 ], [ 37.8853, -0.57804 ], [ 37.88513, -0.5787 ], [ 37.88385, -0.58367 ], [ 37.88351, -0.585 ], [ 37.88516, -0.58639 ], [ 37.88538, -0.58658 ], [ 37.88638, -0.58743 ], [ 37.88663, -0.58765 ], [ 37.88665, -0.58765 ], [ 37.88666, -0.58767 ], [ 37.88667, -0.58767 ], [ 37.88668, -0.58768 ], [ 37.88672, -0.58771 ], [ 37.88811, -0.58881 ], [ 37.88843, -0.58912 ], [ 37.8885, -0.58917 ], [ 37.88923, -0.58964 ], [ 37.89009, -0.59027 ], [ 37.89095, -0.59084 ], [ 37.89181, -0.59136 ], [ 37.89249, -0.59204 ], [ 37.8933, -0.59273 ], [ 37.89364, -0.59348 ], [ 37.8945, -0.59451 ], [ 37.89536, -0.59497 ], [ 37.89633, -0.59565 ], [ 37.89719, -0.59628 ], [ 37.89817, -0.59663 ], [ 37.89857, -0.5969 ], [ 37.89891, -0.59714 ], [ 37.89947, -0.59741 ], [ 37.89973, -0.59753 ], [ 37.90011, -0.59772 ], [ 37.9008, -0.59817 ], [ 37.90149, -0.59886 ], [ 37.9023, -0.59956 ], [ 37.90235, -0.59961 ], [ 37.90304, -0.60018 ], [ 37.90304, -0.60069 ], [ 37.90258, -0.60184 ], [ 37.90235, -0.60253 ], [ 37.90172, -0.60316 ], [ 37.90195, -0.60384 ], [ 37.90258, -0.60425 ], [ 37.90344, -0.60499 ], [ 37.90424, -0.60642 ], [ 37.90544, -0.60762 ], [ 37.90682, -0.60889 ], [ 37.90813, -0.6102 ], [ 37.90985, -0.61221 ], [ 37.91246, -0.61511 ], [ 37.91373, -0.61652 ], [ 37.91398, -0.61679 ], [ 37.91581, -0.61937 ], [ 37.91713, -0.62091 ], [ 37.91982, -0.62389 ], [ 37.92051, -0.62435 ], [ 37.92142, -0.62492 ], [ 37.92215, -0.62555 ], [ 37.92228, -0.62567 ], [ 37.92302, -0.62646 ], [ 37.92314, -0.62659 ], [ 37.92307, -0.62685 ], [ 37.92306, -0.62691 ], [ 37.92291, -0.62744 ], [ 37.92257, -0.62807 ], [ 37.92206, -0.62865 ], [ 37.92142, -0.62962 ], [ 37.92129, -0.62979 ], [ 37.92068, -0.63054 ], [ 37.92005, -0.63117 ], [ 37.91976, -0.63145 ], [ 37.91942, -0.6318 ], [ 37.91862, -0.63243 ], [ 37.91849, -0.63253 ], [ 37.91848, -0.63255 ], [ 37.91848, -0.63255 ], [ 37.91846, -0.63257 ], [ 37.91844, -0.63259 ], [ 37.91841, -0.6326 ], [ 37.91841, -0.6326 ], [ 37.91828, -0.63271 ], [ 37.91825, -0.63274 ], [ 37.91822, -0.63278 ], [ 37.91819, -0.63281 ], [ 37.91816, -0.63284 ], [ 37.91813, -0.63287 ], [ 37.9181, -0.6329 ], [ 37.91808, -0.63292 ], [ 37.91807, -0.63294 ], [ 37.91804, -0.63297 ], [ 37.91801, -0.63299 ], [ 37.91796, -0.63304 ], [ 37.91794, -0.63306 ], [ 37.91791, -0.63308 ], [ 37.91789, -0.63311 ], [ 37.91786, -0.63313 ], [ 37.91784, -0.63315 ], [ 37.91781, -0.63318 ], [ 37.91779, -0.63319 ], [ 37.91776, -0.63321 ], [ 37.91773, -0.63323 ], [ 37.9177, -0.63326 ], [ 37.91768, -0.63328 ], [ 37.91766, -0.6333 ], [ 37.91765, -0.6333 ], [ 37.91763, -0.63332 ], [ 37.9176, -0.63337 ], [ 37.91757, -0.6334 ], [ 37.91754, -0.63343 ], [ 37.91751, -0.63346 ], [ 37.91748, -0.63349 ], [ 37.91747, -0.6335 ], [ 37.91745, -0.63351 ], [ 37.91743, -0.63353 ], [ 37.9174, -0.63355 ], [ 37.91738, -0.63356 ], [ 37.91733, -0.6336 ], [ 37.91731, -0.63362 ], [ 37.91719, -0.63375 ], [ 37.91679, -0.63401 ], [ 37.91678, -0.63402 ], [ 37.91675, -0.63405 ], [ 37.91674, -0.63407 ], [ 37.91672, -0.63411 ], [ 37.91669, -0.63414 ], [ 37.91668, -0.63415 ], [ 37.91666, -0.63418 ], [ 37.91663, -0.63421 ], [ 37.9166, -0.63422 ], [ 37.91655, -0.63423 ], [ 37.91649, -0.63423 ], [ 37.91645, -0.63424 ], [ 37.91642, -0.63426 ], [ 37.9164, -0.63428 ], [ 37.91637, -0.63431 ], [ 37.91633, -0.63433 ], [ 37.9163, -0.63435 ], [ 37.91627, -0.63439 ], [ 37.91622, -0.63441 ], [ 37.91619, -0.63442 ], [ 37.91614, -0.63445 ], [ 37.91612, -0.63446 ], [ 37.91609, -0.63448 ], [ 37.91606, -0.63451 ], [ 37.91602, -0.63454 ], [ 37.91599, -0.63457 ], [ 37.91596, -0.63459 ], [ 37.91593, -0.63462 ], [ 37.91589, -0.63465 ], [ 37.91589, -0.63465 ], [ 37.91585, -0.63467 ], [ 37.91582, -0.63469 ], [ 37.91579, -0.6347 ], [ 37.91576, -0.63472 ], [ 37.91572, -0.63476 ], [ 37.91569, -0.63478 ], [ 37.91566, -0.63481 ], [ 37.91562, -0.63483 ], [ 37.91559, -0.63484 ], [ 37.91557, -0.63486 ], [ 37.91555, -0.63487 ], [ 37.91553, -0.63488 ], [ 37.91551, -0.63491 ], [ 37.91549, -0.63493 ], [ 37.91545, -0.63496 ], [ 37.91542, -0.63497 ], [ 37.91538, -0.63497 ], [ 37.91535, -0.63498 ], [ 37.91532, -0.63499 ], [ 37.9153, -0.635 ], [ 37.91527, -0.63501 ], [ 37.91526, -0.63502 ], [ 37.9148, -0.6353 ], [ 37.91472, -0.63535 ], [ 37.91469, -0.63537 ], [ 37.91456, -0.63549 ], [ 37.91451, -0.63553 ], [ 37.91447, -0.63557 ], [ 37.91445, -0.63558 ], [ 37.91444, -0.63559 ], [ 37.91418, -0.63581 ], [ 37.91399, -0.63597 ], [ 37.91392, -0.63604 ], [ 37.91368, -0.63621 ], [ 37.91366, -0.63623 ], [ 37.91362, -0.63626 ], [ 37.91355, -0.63631 ], [ 37.91352, -0.63634 ], [ 37.91346, -0.63639 ], [ 37.91342, -0.63643 ], [ 37.91338, -0.63646 ], [ 37.91334, -0.63648 ], [ 37.91331, -0.63651 ], [ 37.91327, -0.63654 ], [ 37.91323, -0.63657 ], [ 37.91317, -0.6366 ], [ 37.91314, -0.6366 ], [ 37.91266, -0.63695 ], [ 37.91116, -0.63816 ], [ 37.91116, -0.63816 ], [ 37.91114, -0.63818 ], [ 37.91113, -0.63819 ], [ 37.91111, -0.6382 ], [ 37.91106, -0.63824 ], [ 37.91105, -0.63825 ], [ 37.91104, -0.63826 ], [ 37.91102, -0.63828 ], [ 37.91102, -0.63828 ], [ 37.91088, -0.63839 ], [ 37.90989, -0.63925 ], [ 37.90989, -0.63925 ], [ 37.90985, -0.63929 ], [ 37.90982, -0.63931 ], [ 37.9098, -0.63934 ], [ 37.90977, -0.63938 ], [ 37.90975, -0.6394 ], [ 37.90972, -0.63946 ], [ 37.90969, -0.63949 ], [ 37.90967, -0.63952 ], [ 37.90966, -0.63956 ], [ 37.90963, -0.6396 ], [ 37.90961, -0.63964 ], [ 37.90957, -0.63968 ], [ 37.90953, -0.63972 ], [ 37.90949, -0.63976 ], [ 37.90946, -0.63979 ], [ 37.90942, -0.63983 ], [ 37.9094, -0.63987 ], [ 37.90937, -0.6399 ], [ 37.90935, -0.63994 ], [ 37.90931, -0.63999 ], [ 37.90928, -0.64001 ], [ 37.90926, -0.64003 ], [ 37.90923, -0.64007 ], [ 37.9092, -0.64011 ], [ 37.90915, -0.64016 ], [ 37.90911, -0.64021 ], [ 37.90907, -0.64026 ], [ 37.90903, -0.6403 ], [ 37.90899, -0.64035 ], [ 37.90894, -0.64041 ], [ 37.90891, -0.64043 ], [ 37.90889, -0.64044 ], [ 37.90886, -0.64048 ], [ 37.90883, -0.64052 ], [ 37.90879, -0.64057 ], [ 37.90875, -0.6406 ], [ 37.90872, -0.64063 ], [ 37.90869, -0.64067 ], [ 37.90867, -0.6407 ], [ 37.90865, -0.64073 ], [ 37.90864, -0.64074 ], [ 37.90862, -0.64078 ], [ 37.9086, -0.6408 ], [ 37.90857, -0.64082 ], [ 37.90853, -0.64085 ], [ 37.90849, -0.64089 ], [ 37.90846, -0.64093 ], [ 37.90843, -0.64098 ], [ 37.90839, -0.64103 ], [ 37.90835, -0.64109 ], [ 37.90831, -0.64114 ], [ 37.90827, -0.6412 ], [ 37.90824, -0.64123 ], [ 37.9082, -0.64127 ], [ 37.90816, -0.6413 ], [ 37.90811, -0.64135 ], [ 37.90807, -0.64139 ], [ 37.90801, -0.64144 ], [ 37.90797, -0.64148 ], [ 37.90793, -0.64152 ], [ 37.90789, -0.64156 ], [ 37.90784, -0.64159 ], [ 37.90781, -0.64161 ], [ 37.90775, -0.64164 ], [ 37.9077, -0.64167 ], [ 37.90765, -0.64171 ], [ 37.90759, -0.64176 ], [ 37.90753, -0.64181 ], [ 37.90746, -0.64188 ], [ 37.90737, -0.64193 ], [ 37.90732, -0.64194 ], [ 37.90728, -0.64196 ], [ 37.90722, -0.64198 ], [ 37.90717, -0.64202 ], [ 37.90715, -0.64204 ], [ 37.90704, -0.64208 ], [ 37.907, -0.6421 ], [ 37.90696, -0.64212 ], [ 37.90687, -0.64216 ], [ 37.90675, -0.64221 ], [ 37.9067, -0.64224 ], [ 37.90663, -0.64226 ], [ 37.90656, -0.64229 ], [ 37.90651, -0.6423 ], [ 37.90644, -0.64233 ], [ 37.90637, -0.6424 ], [ 37.90631, -0.64245 ], [ 37.90631, -0.64245 ], [ 37.90622, -0.64252 ], [ 37.90614, -0.64261 ], [ 37.90605, -0.64266 ], [ 37.90594, -0.64272 ], [ 37.90575, -0.64279 ], [ 37.90568, -0.64284 ], [ 37.90558, -0.64291 ], [ 37.90548, -0.64299 ], [ 37.90538, -0.64308 ], [ 37.90529, -0.64312 ], [ 37.90518, -0.64317 ], [ 37.90504, -0.64324 ], [ 37.90498, -0.64328 ], [ 37.9049, -0.64332 ], [ 37.90481, -0.64338 ], [ 37.90475, -0.6434 ], [ 37.90469, -0.64343 ], [ 37.90458, -0.6435 ], [ 37.9045, -0.64356 ], [ 37.90444, -0.64362 ], [ 37.90431, -0.64368 ], [ 37.90425, -0.64372 ], [ 37.90414, -0.64377 ], [ 37.90399, -0.64383 ], [ 37.90389, -0.64389 ], [ 37.9037, -0.644 ], [ 37.9036, -0.64407 ], [ 37.90352, -0.64413 ], [ 37.90341, -0.64421 ], [ 37.90334, -0.64426 ], [ 37.90326, -0.64434 ], [ 37.90319, -0.64441 ], [ 37.90311, -0.64448 ], [ 37.90305, -0.64451 ], [ 37.90293, -0.64455 ], [ 37.90284, -0.64458 ], [ 37.90275, -0.64461 ], [ 37.90265, -0.64468 ], [ 37.90262, -0.6447 ], [ 37.90257, -0.64474 ], [ 37.90248, -0.6448 ], [ 37.9024, -0.64487 ], [ 37.90232, -0.64492 ], [ 37.90226, -0.64495 ], [ 37.9022, -0.64496 ], [ 37.90212, -0.645 ], [ 37.90206, -0.64503 ], [ 37.90199, -0.64508 ], [ 37.90187, -0.64513 ], [ 37.90179, -0.64517 ], [ 37.9017, -0.64519 ], [ 37.90159, -0.64522 ], [ 37.90152, -0.64524 ], [ 37.90142, -0.64527 ], [ 37.90132, -0.64528 ], [ 37.90119, -0.64529 ], [ 37.90117, -0.64529 ], [ 37.90107, -0.64531 ], [ 37.90098, -0.64536 ], [ 37.90089, -0.64539 ], [ 37.90081, -0.6454 ], [ 37.90067, -0.64543 ], [ 37.90061, -0.64545 ], [ 37.90052, -0.64546 ], [ 37.90042, -0.64548 ], [ 37.90033, -0.64552 ], [ 37.90026, -0.64554 ], [ 37.90011, -0.64558 ], [ 37.89994, -0.64563 ], [ 37.89992, -0.64564 ], [ 37.89983, -0.64567 ], [ 37.89975, -0.6457 ], [ 37.89968, -0.64571 ], [ 37.89964, -0.64574 ], [ 37.89956, -0.64579 ], [ 37.89947, -0.64586 ], [ 37.89939, -0.6459 ], [ 37.89928, -0.64595 ], [ 37.89921, -0.64599 ], [ 37.89912, -0.64603 ], [ 37.899, -0.64609 ], [ 37.89889, -0.64614 ], [ 37.8988, -0.64618 ], [ 37.89871, -0.64622 ], [ 37.89861, -0.64625 ], [ 37.89853, -0.64628 ], [ 37.89841, -0.64634 ], [ 37.89833, -0.64638 ], [ 37.89826, -0.64644 ], [ 37.89818, -0.64651 ], [ 37.89812, -0.64655 ], [ 37.89804, -0.6466 ], [ 37.89795, -0.64664 ], [ 37.89786, -0.64667 ], [ 37.89775, -0.64672 ], [ 37.89769, -0.64673 ], [ 37.89764, -0.64674 ], [ 37.89758, -0.64676 ], [ 37.89755, -0.64677 ], [ 37.89749, -0.6468 ], [ 37.8974, -0.64681 ], [ 37.89722, -0.64687 ], [ 37.89713, -0.6469 ], [ 37.89704, -0.64693 ], [ 37.89695, -0.64694 ], [ 37.89685, -0.64698 ], [ 37.89674, -0.647 ], [ 37.89664, -0.64703 ], [ 37.89662, -0.64703 ], [ 37.89649, -0.6471 ], [ 37.89641, -0.64713 ], [ 37.8963, -0.64718 ], [ 37.8962, -0.64719 ], [ 37.89614, -0.64721 ], [ 37.89608, -0.64723 ], [ 37.89601, -0.64726 ], [ 37.8959, -0.6473 ], [ 37.89584, -0.64731 ], [ 37.89577, -0.64734 ], [ 37.8957, -0.64736 ], [ 37.89562, -0.64738 ], [ 37.89562, -0.64738 ], [ 37.89551, -0.64742 ], [ 37.89546, -0.64746 ], [ 37.8954, -0.6475 ], [ 37.89537, -0.64753 ], [ 37.89534, -0.64756 ], [ 37.89528, -0.64761 ], [ 37.89521, -0.64766 ], [ 37.89512, -0.64772 ], [ 37.89507, -0.64776 ], [ 37.895, -0.6478 ], [ 37.89491, -0.64786 ], [ 37.89482, -0.64789 ], [ 37.89474, -0.64795 ], [ 37.89464, -0.64799 ], [ 37.89455, -0.64803 ], [ 37.89443, -0.64807 ], [ 37.89436, -0.6481 ], [ 37.89431, -0.64814 ], [ 37.89425, -0.64821 ], [ 37.8942, -0.64827 ], [ 37.89414, -0.64832 ], [ 37.89409, -0.64835 ], [ 37.89404, -0.64843 ], [ 37.89401, -0.64847 ], [ 37.89398, -0.64853 ], [ 37.89395, -0.64862 ], [ 37.89394, -0.6487 ], [ 37.89391, -0.6488 ], [ 37.89389, -0.64886 ], [ 37.89388, -0.64895 ], [ 37.89387, -0.64906 ], [ 37.89387, -0.64916 ], [ 37.89386, -0.64927 ], [ 37.89386, -0.64934 ], [ 37.89386, -0.64942 ], [ 37.89385, -0.64951 ], [ 37.89383, -0.64963 ], [ 37.89382, -0.64971 ], [ 37.89381, -0.64976 ], [ 37.8938, -0.64981 ], [ 37.89379, -0.6499 ], [ 37.89378, -0.64997 ], [ 37.89376, -0.65007 ], [ 37.89374, -0.65014 ], [ 37.89374, -0.65027 ], [ 37.89373, -0.65035 ], [ 37.89372, -0.6505 ], [ 37.89372, -0.6506 ], [ 37.89372, -0.65076 ], [ 37.89373, -0.65087 ], [ 37.89373, -0.65096 ], [ 37.89375, -0.65107 ], [ 37.89376, -0.6512 ], [ 37.89376, -0.65135 ], [ 37.89377, -0.65149 ], [ 37.89378, -0.65163 ], [ 37.89379, -0.65175 ], [ 37.8938, -0.65192 ], [ 37.8938, -0.65202 ], [ 37.89384, -0.65217 ], [ 37.89383, -0.65228 ], [ 37.89383, -0.65237 ], [ 37.89383, -0.65248 ], [ 37.89382, -0.65257 ], [ 37.89381, -0.6527 ], [ 37.89381, -0.65278 ], [ 37.89381, -0.65288 ], [ 37.8938, -0.65301 ], [ 37.89379, -0.65315 ], [ 37.89376, -0.65327 ], [ 37.89375, -0.65332 ], [ 37.89374, -0.6534 ], [ 37.89374, -0.6534 ], [ 37.89372, -0.65344 ], [ 37.89372, -0.65346 ], [ 37.89367, -0.65359 ], [ 37.89364, -0.65368 ], [ 37.8936, -0.6538 ], [ 37.89355, -0.65391 ], [ 37.89351, -0.65403 ], [ 37.89349, -0.65414 ], [ 37.89348, -0.65426 ], [ 37.89347, -0.65439 ], [ 37.89344, -0.65453 ], [ 37.89343, -0.65466 ], [ 37.89341, -0.65476 ], [ 37.8934, -0.65483 ], [ 37.89341, -0.65491 ], [ 37.89341, -0.65502 ], [ 37.89342, -0.65511 ], [ 37.89342, -0.6552 ], [ 37.89343, -0.65534 ], [ 37.89343, -0.65549 ], [ 37.89343, -0.6556 ], [ 37.89343, -0.65568 ], [ 37.89343, -0.65576 ], [ 37.89346, -0.65583 ], [ 37.89346, -0.65591 ], [ 37.89347, -0.656 ], [ 37.89348, -0.65609 ], [ 37.89348, -0.65618 ], [ 37.89348, -0.65627 ], [ 37.89348, -0.65635 ], [ 37.89348, -0.65649 ], [ 37.89347, -0.65658 ], [ 37.89347, -0.65668 ], [ 37.89347, -0.65677 ], [ 37.89347, -0.65686 ], [ 37.89346, -0.65698 ], [ 37.89345, -0.65707 ], [ 37.89345, -0.6572 ], [ 37.89345, -0.65737 ], [ 37.89345, -0.65752 ], [ 37.89345, -0.65764 ], [ 37.89344, -0.65774 ], [ 37.89344, -0.65786 ], [ 37.89343, -0.65798 ], [ 37.89346, -0.65812 ], [ 37.89348, -0.65819 ], [ 37.89353, -0.65832 ], [ 37.89356, -0.65844 ], [ 37.89356, -0.65844 ], [ 37.89308, -0.65838 ], [ 37.89221, -0.6583 ], [ 37.89094, -0.6583 ], [ 37.89072, -0.65821 ], [ 37.89024, -0.6576 ], [ 37.88919, -0.65773 ], [ 37.88884, -0.65738 ], [ 37.88858, -0.65659 ], [ 37.88797, -0.65633 ], [ 37.88714, -0.65628 ], [ 37.88674, -0.65593 ], [ 37.88617, -0.65672 ], [ 37.88587, -0.65642 ], [ 37.88526, -0.65593 ], [ 37.88473, -0.65589 ], [ 37.8846, -0.65523 ], [ 37.88381, -0.65528 ], [ 37.88302, -0.65445 ], [ 37.88232, -0.65388 ], [ 37.88132, -0.6537 ], [ 37.88075, -0.65314 ], [ 37.88049, -0.65287 ], [ 37.87909, -0.65248 ], [ 37.87764, -0.65217 ], [ 37.87668, -0.65274 ], [ 37.87537, -0.65314 ], [ 37.87441, -0.65283 ], [ 37.87091, -0.65191 ], [ 37.87087, -0.65187 ], [ 37.87082, -0.65182 ], [ 37.86632, -0.6506 ], [ 37.86636, -0.6506 ], [ 37.86645, -0.6506 ], [ 37.86649, -0.6506 ], [ 37.86654, -0.6506 ], [ 37.86636, -0.65047 ], [ 37.86632, -0.65047 ], [ 37.86627, -0.65047 ], [ 37.86614, -0.65047 ], [ 37.86597, -0.65042 ], [ 37.86584, -0.65038 ], [ 37.86566, -0.65034 ], [ 37.86553, -0.65029 ], [ 37.86531, -0.65029 ], [ 37.86531, -0.65025 ], [ 37.86505, -0.65025 ], [ 37.86474, -0.65012 ], [ 37.86444, -0.64994 ], [ 37.86439, -0.6499 ], [ 37.86417, -0.64981 ], [ 37.86409, -0.64981 ], [ 37.86361, -0.64972 ], [ 37.86308, -0.64968 ], [ 37.86305, -0.64968 ], [ 37.86304, -0.64968 ], [ 37.86286, -0.64968 ], [ 37.86277, -0.64968 ], [ 37.86251, -0.64951 ], [ 37.86238, -0.64951 ], [ 37.86229, -0.64951 ], [ 37.8619, -0.64933 ], [ 37.86181, -0.64929 ], [ 37.86173, -0.64929 ], [ 37.86142, -0.6492 ], [ 37.86107, -0.64911 ], [ 37.86085, -0.64907 ], [ 37.86068, -0.64907 ], [ 37.86063, -0.64907 ], [ 37.86028, -0.64907 ], [ 37.86002, -0.64907 ], [ 37.8598, -0.64907 ], [ 37.85945, -0.64907 ], [ 37.85936, -0.64907 ], [ 37.85932, -0.64907 ], [ 37.85932, -0.64911 ], [ 37.85919, -0.64911 ], [ 37.85914, -0.64911 ], [ 37.85897, -0.64911 ], [ 37.85893, -0.64907 ], [ 37.85888, -0.64907 ], [ 37.85871, -0.64902 ], [ 37.85866, -0.64902 ], [ 37.85858, -0.64902 ], [ 37.85844, -0.64902 ], [ 37.8584, -0.64902 ], [ 37.85836, -0.64907 ], [ 37.85831, -0.64907 ], [ 37.85823, -0.64911 ], [ 37.85823, -0.64916 ], [ 37.85823, -0.6492 ], [ 37.85818, -0.64929 ], [ 37.85814, -0.64937 ], [ 37.8581, -0.64942 ], [ 37.85796, -0.64959 ], [ 37.85788, -0.64977 ], [ 37.85788, -0.6499 ], [ 37.85761, -0.65003 ], [ 37.85757, -0.65007 ], [ 37.85735, -0.65007 ], [ 37.85731, -0.65007 ], [ 37.85726, -0.65007 ], [ 37.85722, -0.65003 ], [ 37.85713, -0.65003 ], [ 37.85696, -0.65003 ], [ 37.85678, -0.65003 ], [ 37.85674, -0.65003 ], [ 37.8567, -0.65007 ], [ 37.85661, -0.65021 ], [ 37.85643, -0.65038 ], [ 37.85643, -0.65051 ], [ 37.85643, -0.65064 ], [ 37.85639, -0.65086 ], [ 37.85639, -0.65104 ], [ 37.85648, -0.65117 ], [ 37.85656, -0.65134 ], [ 37.8567, -0.65147 ], [ 37.85683, -0.65165 ], [ 37.85691, -0.65174 ], [ 37.85696, -0.65174 ], [ 37.857, -0.65182 ], [ 37.85709, -0.65195 ], [ 37.85709, -0.65226 ], [ 37.85709, -0.65239 ], [ 37.85709, -0.65265 ], [ 37.85709, -0.65274 ], [ 37.85709, -0.65283 ], [ 37.857, -0.65296 ], [ 37.857, -0.653 ], [ 37.85683, -0.65318 ], [ 37.85661, -0.65335 ], [ 37.85643, -0.65353 ], [ 37.85635, -0.65362 ], [ 37.8563, -0.65366 ], [ 37.85621, -0.65379 ], [ 37.85617, -0.65379 ], [ 37.85595, -0.65388 ], [ 37.85586, -0.65392 ], [ 37.85569, -0.65397 ], [ 37.85565, -0.65405 ], [ 37.85547, -0.65423 ], [ 37.85538, -0.65427 ], [ 37.8553, -0.65436 ], [ 37.85525, -0.6544 ], [ 37.85512, -0.65453 ], [ 37.85508, -0.65458 ], [ 37.85503, -0.65467 ], [ 37.85495, -0.6548 ], [ 37.85486, -0.65497 ], [ 37.85481, -0.6551 ], [ 37.85481, -0.65528 ], [ 37.85481, -0.65532 ], [ 37.85481, -0.65541 ], [ 37.85481, -0.65554 ], [ 37.85481, -0.65558 ], [ 37.85473, -0.65572 ], [ 37.85464, -0.65585 ], [ 37.85464, -0.65589 ], [ 37.85464, -0.65602 ], [ 37.85464, -0.65607 ], [ 37.8546, -0.6562 ], [ 37.8546, -0.65637 ], [ 37.85455, -0.65646 ], [ 37.85455, -0.6565 ], [ 37.85446, -0.65663 ], [ 37.85442, -0.65663 ], [ 37.85442, -0.65672 ], [ 37.85438, -0.65672 ], [ 37.85429, -0.65681 ], [ 37.85425, -0.65681 ], [ 37.85412, -0.65676 ], [ 37.85398, -0.65676 ], [ 37.85381, -0.65676 ], [ 37.85368, -0.65676 ], [ 37.85355, -0.65676 ], [ 37.85328, -0.65676 ], [ 37.85307, -0.65676 ], [ 37.85302, -0.65676 ], [ 37.85289, -0.65672 ], [ 37.85285, -0.65672 ], [ 37.85267, -0.65663 ], [ 37.85254, -0.65655 ], [ 37.8525, -0.65655 ], [ 37.85237, -0.65655 ], [ 37.85228, -0.65655 ], [ 37.85223, -0.65655 ], [ 37.85202, -0.65655 ], [ 37.85197, -0.65659 ], [ 37.85175, -0.65663 ], [ 37.85162, -0.65663 ], [ 37.85158, -0.65663 ], [ 37.85136, -0.65659 ], [ 37.85132, -0.65659 ], [ 37.85118, -0.65659 ], [ 37.85057, -0.65655 ], [ 37.8504, -0.65655 ], [ 37.85031, -0.65655 ], [ 37.85027, -0.65655 ], [ 37.85018, -0.65655 ], [ 37.85009, -0.6565 ], [ 37.84992, -0.65646 ], [ 37.84987, -0.65646 ], [ 37.84983, -0.65646 ], [ 37.84974, -0.65646 ], [ 37.84965, -0.65642 ], [ 37.84926, -0.65633 ], [ 37.84878, -0.65615 ], [ 37.8486, -0.65611 ], [ 37.84843, -0.65611 ], [ 37.8483, -0.65607 ], [ 37.84821, -0.65602 ], [ 37.84821, -0.65598 ], [ 37.84808, -0.65598 ], [ 37.84795, -0.65598 ], [ 37.84777, -0.65593 ], [ 37.84764, -0.65593 ], [ 37.8476, -0.65593 ], [ 37.84751, -0.65593 ], [ 37.84747, -0.65593 ], [ 37.84699, -0.65585 ], [ 37.8469, -0.65585 ], [ 37.84659, -0.65585 ], [ 37.84655, -0.65585 ], [ 37.84651, -0.65585 ], [ 37.84633, -0.65585 ], [ 37.84611, -0.6558 ], [ 37.84594, -0.65576 ], [ 37.84567, -0.65567 ], [ 37.84563, -0.65567 ], [ 37.84554, -0.65558 ], [ 37.84554, -0.65554 ], [ 37.84528, -0.65537 ], [ 37.84524, -0.65537 ], [ 37.84519, -0.65537 ], [ 37.84515, -0.65541 ], [ 37.84511, -0.65541 ], [ 37.84502, -0.6555 ], [ 37.84497, -0.65558 ], [ 37.84493, -0.65563 ], [ 37.84489, -0.65563 ], [ 37.84467, -0.65572 ], [ 37.84462, -0.65576 ], [ 37.84454, -0.65585 ], [ 37.84449, -0.65585 ], [ 37.84436, -0.65593 ], [ 37.84432, -0.65593 ], [ 37.84397, -0.65593 ], [ 37.84375, -0.65593 ], [ 37.84366, -0.65593 ], [ 37.84362, -0.65593 ], [ 37.84353, -0.65589 ], [ 37.84344, -0.65585 ], [ 37.84331, -0.6558 ], [ 37.84318, -0.6558 ], [ 37.84309, -0.6558 ], [ 37.84301, -0.6558 ], [ 37.84261, -0.6558 ], [ 37.84257, -0.65585 ], [ 37.84244, -0.65589 ], [ 37.84239, -0.65593 ], [ 37.84239, -0.65598 ], [ 37.84235, -0.65598 ], [ 37.84209, -0.65602 ], [ 37.84204, -0.65602 ], [ 37.84191, -0.65602 ], [ 37.84187, -0.65602 ], [ 37.84161, -0.65602 ], [ 37.84156, -0.65602 ], [ 37.84121, -0.65598 ], [ 37.84113, -0.65598 ], [ 37.84099, -0.65598 ], [ 37.84091, -0.65598 ], [ 37.84086, -0.65598 ], [ 37.84082, -0.65607 ], [ 37.84078, -0.65607 ], [ 37.84073, -0.65615 ], [ 37.84064, -0.65633 ], [ 37.84056, -0.65642 ], [ 37.84051, -0.6565 ], [ 37.84051, -0.65659 ], [ 37.84047, -0.65672 ], [ 37.84047, -0.65676 ], [ 37.84034, -0.65694 ], [ 37.84034, -0.65698 ], [ 37.84034, -0.65703 ], [ 37.83946, -0.6576 ], [ 37.83951, -0.6576 ], [ 37.83959, -0.6576 ], [ 37.83964, -0.6576 ], [ 37.83973, -0.6576 ], [ 37.83977, -0.6576 ], [ 37.83973, -0.65768 ], [ 37.83964, -0.65781 ], [ 37.83959, -0.65786 ], [ 37.83955, -0.6579 ], [ 37.83951, -0.6579 ], [ 37.83946, -0.65795 ], [ 37.83933, -0.65808 ], [ 37.83929, -0.65816 ], [ 37.83924, -0.6583 ], [ 37.8392, -0.65838 ], [ 37.83916, -0.65843 ], [ 37.83916, -0.65851 ], [ 37.83911, -0.6586 ], [ 37.83911, -0.65865 ], [ 37.83903, -0.65873 ], [ 37.83894, -0.65882 ], [ 37.83881, -0.65895 ], [ 37.83868, -0.659 ], [ 37.83863, -0.659 ], [ 37.8385, -0.65908 ], [ 37.83841, -0.65917 ], [ 37.83828, -0.65935 ], [ 37.83811, -0.65948 ], [ 37.83798, -0.65965 ], [ 37.83763, -0.65983 ], [ 37.83758, -0.65987 ], [ 37.83758, -0.65983 ], [ 37.83758, -0.65978 ], [ 37.8375, -0.65969 ], [ 37.83736, -0.65952 ], [ 37.83736, -0.65948 ], [ 37.83723, -0.65939 ], [ 37.8371, -0.65935 ], [ 37.83693, -0.65935 ], [ 37.83688, -0.65935 ], [ 37.83666, -0.65935 ], [ 37.83636, -0.65935 ], [ 37.83614, -0.65935 ], [ 37.83588, -0.65935 ], [ 37.83566, -0.65935 ], [ 37.83548, -0.65935 ], [ 37.83526, -0.65935 ], [ 37.83513, -0.65935 ], [ 37.83487, -0.65935 ], [ 37.83483, -0.65935 ], [ 37.83474, -0.6593 ], [ 37.83465, -0.6593 ], [ 37.83461, -0.6593 ], [ 37.8343, -0.6593 ], [ 37.83426, -0.6593 ], [ 37.83413, -0.65939 ], [ 37.83408, -0.65939 ], [ 37.834, -0.65948 ], [ 37.83369, -0.65961 ], [ 37.83365, -0.65961 ], [ 37.8336, -0.65961 ], [ 37.83356, -0.65961 ], [ 37.83338, -0.65956 ], [ 37.83325, -0.65956 ], [ 37.83317, -0.65943 ], [ 37.83312, -0.65943 ], [ 37.83308, -0.6593 ], [ 37.83299, -0.65917 ], [ 37.83299, -0.65908 ], [ 37.83299, -0.659 ], [ 37.83295, -0.659 ], [ 37.83286, -0.65886 ], [ 37.83282, -0.65873 ], [ 37.83277, -0.65865 ], [ 37.83273, -0.6586 ], [ 37.8326, -0.65851 ], [ 37.83247, -0.65847 ], [ 37.83242, -0.65847 ], [ 37.83207, -0.65847 ], [ 37.83203, -0.65847 ], [ 37.83198, -0.65847 ], [ 37.83172, -0.65847 ], [ 37.83155, -0.65834 ], [ 37.83155, -0.6583 ], [ 37.8315, -0.65816 ], [ 37.83146, -0.65816 ], [ 37.83146, -0.65808 ], [ 37.83137, -0.65795 ], [ 37.83137, -0.6579 ], [ 37.8312, -0.65781 ], [ 37.83107, -0.65777 ], [ 37.83098, -0.65773 ], [ 37.83085, -0.65764 ], [ 37.8308, -0.65764 ], [ 37.83059, -0.65746 ], [ 37.83024, -0.65716 ], [ 37.83002, -0.65698 ], [ 37.82989, -0.6569 ], [ 37.82975, -0.65681 ], [ 37.82971, -0.65681 ], [ 37.82954, -0.65655 ], [ 37.82936, -0.65637 ], [ 37.82923, -0.65615 ], [ 37.82905, -0.65598 ], [ 37.82905, -0.65593 ], [ 37.82892, -0.65576 ], [ 37.82862, -0.65563 ], [ 37.82857, -0.65563 ], [ 37.82853, -0.65563 ], [ 37.82814, -0.6555 ], [ 37.82805, -0.65545 ], [ 37.82796, -0.65545 ], [ 37.82774, -0.65532 ], [ 37.8277, -0.65532 ], [ 37.82744, -0.65515 ], [ 37.82739, -0.6551 ], [ 37.82726, -0.65502 ], [ 37.82704, -0.65488 ], [ 37.827, -0.65488 ], [ 37.82691, -0.6548 ], [ 37.82647, -0.65458 ], [ 37.82639, -0.65458 ], [ 37.82617, -0.65458 ], [ 37.82612, -0.65458 ], [ 37.82599, -0.65458 ], [ 37.82595, -0.65458 ], [ 37.82529, -0.65449 ], [ 37.82521, -0.65449 ], [ 37.82516, -0.65449 ], [ 37.82472, -0.65427 ], [ 37.82459, -0.65423 ], [ 37.82455, -0.65423 ], [ 37.82442, -0.6541 ], [ 37.82433, -0.65392 ], [ 37.8242, -0.65375 ], [ 37.82411, -0.65362 ], [ 37.82385, -0.65331 ], [ 37.82372, -0.65309 ], [ 37.82359, -0.65292 ], [ 37.82354, -0.65292 ], [ 37.82337, -0.6527 ], [ 37.82315, -0.65244 ], [ 37.82311, -0.65239 ], [ 37.82302, -0.6523 ], [ 37.82254, -0.65204 ], [ 37.82249, -0.652 ], [ 37.82245, -0.652 ], [ 37.82206, -0.65178 ], [ 37.82206, -0.65174 ], [ 37.82201, -0.65169 ], [ 37.82193, -0.65156 ], [ 37.82171, -0.65139 ], [ 37.82166, -0.65139 ], [ 37.82118, -0.65125 ], [ 37.82109, -0.65125 ], [ 37.82048, -0.65104 ], [ 37.82039, -0.65104 ], [ 37.82035, -0.65104 ], [ 37.82009, -0.65082 ], [ 37.82, -0.65082 ], [ 37.81978, -0.6506 ], [ 37.81974, -0.6506 ], [ 37.81961, -0.65047 ], [ 37.81935, -0.65025 ], [ 37.8193, -0.65021 ], [ 37.81921, -0.65012 ], [ 37.81895, -0.6499 ], [ 37.81891, -0.64981 ], [ 37.81886, -0.64981 ], [ 37.8186, -0.64959 ], [ 37.81847, -0.64951 ], [ 37.8183, -0.64937 ], [ 37.81808, -0.64916 ], [ 37.81781, -0.64889 ], [ 37.81777, -0.64885 ], [ 37.81773, -0.64881 ], [ 37.81751, -0.64867 ], [ 37.81751, -0.64863 ], [ 37.81733, -0.6485 ], [ 37.81733, -0.64846 ], [ 37.81725, -0.64841 ], [ 37.81707, -0.64824 ], [ 37.81702, -0.64818 ], [ 37.81685, -0.64797 ], [ 37.81668, -0.6478 ], [ 37.81663, -0.6478 ], [ 37.81646, -0.64754 ], [ 37.81641, -0.64754 ], [ 37.81628, -0.64728 ], [ 37.81624, -0.64723 ], [ 37.81624, -0.64719 ], [ 37.81624, -0.64714 ], [ 37.8162, -0.6471 ], [ 37.81537, -0.64566 ], [ 37.81528, -0.64561 ], [ 37.81523, -0.64553 ], [ 37.81502, -0.64522 ], [ 37.81497, -0.64518 ], [ 37.81497, -0.64513 ], [ 37.81493, -0.64513 ], [ 37.81488, -0.645 ], [ 37.81484, -0.645 ], [ 37.81467, -0.64474 ], [ 37.81458, -0.64465 ], [ 37.81405, -0.64413 ], [ 37.81405, -0.64408 ], [ 37.81401, -0.64408 ], [ 37.81397, -0.64404 ], [ 37.81375, -0.64386 ], [ 37.8137, -0.64382 ], [ 37.81362, -0.64382 ], [ 37.81357, -0.64382 ], [ 37.81322, -0.64365 ], [ 37.81318, -0.64365 ], [ 37.81309, -0.64356 ], [ 37.81305, -0.64356 ], [ 37.81239, -0.64308 ], [ 37.81239, -0.64303 ], [ 37.81235, -0.64299 ], [ 37.81235, -0.64295 ], [ 37.81204, -0.64264 ], [ 37.812, -0.64255 ], [ 37.81191, -0.64246 ], [ 37.81187, -0.64242 ], [ 37.81165, -0.64203 ], [ 37.8116, -0.64198 ], [ 37.81152, -0.64198 ], [ 37.81134, -0.64185 ], [ 37.8113, -0.64181 ], [ 37.81112, -0.64172 ], [ 37.81112, -0.64168 ], [ 37.81104, -0.64159 ], [ 37.81086, -0.64137 ], [ 37.81086, -0.64133 ], [ 37.81086, -0.64128 ], [ 37.81086, -0.64093 ], [ 37.81086, -0.64085 ], [ 37.81082, -0.64076 ], [ 37.81077, -0.64076 ], [ 37.81077, -0.64072 ], [ 37.8106, -0.64054 ], [ 37.81055, -0.64054 ], [ 37.81055, -0.6405 ], [ 37.81042, -0.64041 ], [ 37.81038, -0.64037 ], [ 37.81034, -0.64023 ], [ 37.81034, -0.64019 ], [ 37.81029, -0.64002 ], [ 37.81029, -0.63997 ], [ 37.81016, -0.63975 ], [ 37.81012, -0.63971 ], [ 37.81003, -0.63971 ], [ 37.80946, -0.63953 ], [ 37.80937, -0.63953 ], [ 37.80933, -0.63953 ], [ 37.80894, -0.6394 ], [ 37.8088, -0.63936 ], [ 37.80867, -0.63932 ], [ 37.80859, -0.63927 ], [ 37.8085, -0.63923 ], [ 37.80845, -0.63923 ], [ 37.80841, -0.63919 ], [ 37.80837, -0.63914 ], [ 37.80828, -0.63901 ], [ 37.80824, -0.63901 ], [ 37.80828, -0.63892 ], [ 37.80832, -0.63888 ], [ 37.80837, -0.63875 ], [ 37.8085, -0.63862 ], [ 37.80854, -0.63857 ], [ 37.80863, -0.63857 ], [ 37.80867, -0.63857 ], [ 37.80876, -0.63849 ], [ 37.8088, -0.63844 ], [ 37.80889, -0.6384 ], [ 37.80894, -0.6384 ], [ 37.80907, -0.63831 ], [ 37.80911, -0.63831 ], [ 37.80911, -0.63822 ], [ 37.80911, -0.638 ], [ 37.80911, -0.63796 ], [ 37.80902, -0.63787 ], [ 37.80898, -0.63783 ], [ 37.80894, -0.63783 ], [ 37.80885, -0.63783 ], [ 37.8088, -0.63783 ], [ 37.80867, -0.63783 ], [ 37.80859, -0.63783 ], [ 37.8085, -0.63783 ], [ 37.80841, -0.63783 ], [ 37.80832, -0.63783 ], [ 37.80828, -0.63783 ], [ 37.80824, -0.6377 ], [ 37.80824, -0.63765 ], [ 37.80824, -0.63761 ], [ 37.80824, -0.63752 ], [ 37.80824, -0.63735 ], [ 37.80824, -0.6373 ], [ 37.80824, -0.63726 ], [ 37.80824, -0.63713 ], [ 37.80828, -0.63713 ], [ 37.80828, -0.63709 ], [ 37.80828, -0.63704 ], [ 37.80828, -0.63682 ], [ 37.80828, -0.63678 ], [ 37.80828, -0.63674 ], [ 37.80828, -0.63665 ], [ 37.80828, -0.63656 ], [ 37.80824, -0.63652 ], [ 37.80819, -0.63652 ], [ 37.80802, -0.63639 ], [ 37.80797, -0.63634 ], [ 37.80793, -0.63634 ], [ 37.80767, -0.63621 ], [ 37.80762, -0.63621 ], [ 37.80758, -0.63608 ], [ 37.80754, -0.63586 ], [ 37.80754, -0.63582 ], [ 37.80754, -0.63569 ], [ 37.80754, -0.63551 ], [ 37.80754, -0.63547 ], [ 37.80749, -0.63542 ], [ 37.80723, -0.63525 ], [ 37.80719, -0.63521 ], [ 37.80692, -0.63521 ], [ 37.80675, -0.63521 ], [ 37.80657, -0.63507 ], [ 37.80644, -0.63503 ], [ 37.80622, -0.63481 ], [ 37.80596, -0.63455 ], [ 37.80583, -0.63442 ], [ 37.80579, -0.63433 ], [ 37.80561, -0.6342 ], [ 37.80561, -0.63416 ], [ 37.80552, -0.63411 ], [ 37.80535, -0.63394 ], [ 37.80531, -0.63394 ], [ 37.80526, -0.63394 ], [ 37.80517, -0.63381 ], [ 37.80504, -0.63367 ], [ 37.80504, -0.63363 ], [ 37.80496, -0.63346 ], [ 37.80491, -0.63333 ], [ 37.80491, -0.63324 ], [ 37.80487, -0.63302 ], [ 37.80487, -0.63298 ], [ 37.80487, -0.63289 ], [ 37.80487, -0.6328 ], [ 37.80487, -0.63271 ], [ 37.80487, -0.63267 ], [ 37.80487, -0.63254 ], [ 37.80487, -0.63241 ], [ 37.80487, -0.63232 ], [ 37.80482, -0.63228 ], [ 37.80482, -0.63219 ], [ 37.80482, -0.63214 ], [ 37.80478, -0.63206 ], [ 37.80474, -0.63201 ], [ 37.80469, -0.63201 ], [ 37.80452, -0.63193 ], [ 37.8043, -0.63184 ], [ 37.80426, -0.63184 ], [ 37.80395, -0.63175 ], [ 37.80391, -0.63175 ], [ 37.80364, -0.63175 ], [ 37.80364, -0.63171 ], [ 37.80334, -0.63162 ], [ 37.80329, -0.63162 ], [ 37.80312, -0.63153 ], [ 37.80294, -0.63136 ], [ 37.8029, -0.63127 ], [ 37.80286, -0.63118 ], [ 37.80286, -0.63101 ], [ 37.80286, -0.63096 ], [ 37.80286, -0.63092 ], [ 37.80286, -0.63088 ], [ 37.80286, -0.63079 ], [ 37.80286, -0.63074 ], [ 37.80286, -0.63061 ], [ 37.80286, -0.63053 ], [ 37.80281, -0.63048 ], [ 37.80281, -0.63044 ], [ 37.80246, -0.63044 ], [ 37.80207, -0.63044 ], [ 37.80203, -0.63044 ], [ 37.80189, -0.63044 ], [ 37.80176, -0.63044 ], [ 37.80159, -0.6304 ], [ 37.80154, -0.6304 ], [ 37.8015, -0.63031 ], [ 37.8015, -0.63026 ], [ 37.8015, -0.63005 ], [ 37.8015, -0.62991 ], [ 37.8015, -0.6297 ], [ 37.8015, -0.62965 ], [ 37.8015, -0.62952 ], [ 37.8015, -0.62935 ], [ 37.80154, -0.6293 ], [ 37.80154, -0.62917 ], [ 37.80159, -0.62908 ], [ 37.80168, -0.629 ], [ 37.80172, -0.62891 ], [ 37.80181, -0.62873 ], [ 37.80189, -0.62843 ], [ 37.80203, -0.62825 ], [ 37.80203, -0.62821 ], [ 37.80203, -0.62803 ], [ 37.80203, -0.62795 ], [ 37.80203, -0.6279 ], [ 37.80198, -0.62781 ], [ 37.80189, -0.62777 ], [ 37.80185, -0.62777 ], [ 37.80176, -0.62777 ], [ 37.80115, -0.62777 ], [ 37.80106, -0.62777 ], [ 37.80089, -0.62777 ], [ 37.80071, -0.62773 ], [ 37.80067, -0.62768 ], [ 37.80067, -0.6276 ], [ 37.80067, -0.62755 ], [ 37.80071, -0.62742 ], [ 37.80071, -0.62733 ], [ 37.80076, -0.62725 ], [ 37.8008, -0.62716 ], [ 37.80084, -0.62716 ], [ 37.80084, -0.62703 ], [ 37.80089, -0.62685 ], [ 37.80093, -0.62681 ], [ 37.80093, -0.62668 ], [ 37.80093, -0.62655 ], [ 37.80093, -0.62646 ], [ 37.80098, -0.62633 ], [ 37.80098, -0.62624 ], [ 37.80102, -0.62611 ], [ 37.80102, -0.62607 ], [ 37.80102, -0.62602 ], [ 37.80102, -0.62593 ], [ 37.80102, -0.6258 ], [ 37.80098, -0.62576 ], [ 37.80084, -0.62567 ], [ 37.8008, -0.62563 ], [ 37.80076, -0.62563 ], [ 37.80071, -0.62558 ], [ 37.80058, -0.6255 ], [ 37.80054, -0.62545 ], [ 37.80041, -0.62537 ], [ 37.80036, -0.62523 ], [ 37.80036, -0.62519 ], [ 37.80036, -0.62506 ], [ 37.80041, -0.62502 ], [ 37.80041, -0.62493 ], [ 37.80049, -0.62484 ], [ 37.80058, -0.62467 ], [ 37.80071, -0.62454 ], [ 37.80071, -0.62449 ], [ 37.80071, -0.62445 ], [ 37.80071, -0.62436 ], [ 37.80067, -0.62436 ], [ 37.80067, -0.62432 ], [ 37.80067, -0.62427 ], [ 37.80063, -0.62419 ], [ 37.80058, -0.62419 ], [ 37.80054, -0.62419 ], [ 37.80045, -0.62419 ], [ 37.80037, -0.62419 ], [ 37.80036, -0.62419 ], [ 37.80032, -0.62419 ], [ 37.79988, -0.62414 ], [ 37.79988, -0.6241 ], [ 37.79945, -0.62405 ], [ 37.7994, -0.62405 ], [ 37.79936, -0.62405 ], [ 37.79896, -0.62397 ], [ 37.79892, -0.62392 ], [ 37.79883, -0.62392 ], [ 37.79875, -0.62392 ], [ 37.7987, -0.62392 ], [ 37.79831, -0.62392 ], [ 37.79826, -0.62392 ], [ 37.79813, -0.62392 ], [ 37.798, -0.62397 ], [ 37.79796, -0.62397 ], [ 37.79796, -0.62401 ], [ 37.79787, -0.62414 ], [ 37.79787, -0.62419 ], [ 37.79787, -0.62423 ], [ 37.79787, -0.62427 ], [ 37.79787, -0.62432 ], [ 37.79787, -0.62436 ], [ 37.79791, -0.62436 ], [ 37.79791, -0.6244 ], [ 37.79796, -0.62449 ], [ 37.79796, -0.62454 ], [ 37.798, -0.62462 ], [ 37.79809, -0.62471 ], [ 37.79809, -0.62475 ], [ 37.79809, -0.62484 ], [ 37.79813, -0.62493 ], [ 37.79813, -0.62497 ], [ 37.79818, -0.62497 ], [ 37.79818, -0.62502 ], [ 37.79818, -0.62506 ], [ 37.79809, -0.62515 ], [ 37.798, -0.62523 ], [ 37.79791, -0.62532 ], [ 37.79783, -0.62541 ], [ 37.79761, -0.62554 ], [ 37.79756, -0.62567 ], [ 37.79743, -0.62572 ], [ 37.79743, -0.62576 ], [ 37.79735, -0.62589 ], [ 37.79726, -0.62602 ], [ 37.79717, -0.62611 ], [ 37.79713, -0.62611 ], [ 37.797, -0.6262 ], [ 37.79691, -0.62633 ], [ 37.79686, -0.62637 ], [ 37.79665, -0.6265 ], [ 37.79643, -0.62655 ], [ 37.79638, -0.62663 ], [ 37.79634, -0.62663 ], [ 37.7963, -0.62668 ], [ 37.79603, -0.62685 ], [ 37.79599, -0.6269 ], [ 37.79595, -0.6269 ], [ 37.79595, -0.62694 ], [ 37.79586, -0.62698 ], [ 37.79577, -0.62703 ], [ 37.79568, -0.62716 ], [ 37.79564, -0.62725 ], [ 37.7956, -0.62725 ], [ 37.79555, -0.62738 ], [ 37.79555, -0.62747 ], [ 37.79551, -0.6276 ], [ 37.79538, -0.62777 ], [ 37.79533, -0.62781 ], [ 37.79529, -0.62799 ], [ 37.79529, -0.62812 ], [ 37.79529, -0.62825 ], [ 37.79525, -0.62838 ], [ 37.79525, -0.62843 ], [ 37.79525, -0.62851 ], [ 37.79525, -0.62856 ], [ 37.79512, -0.62869 ], [ 37.79494, -0.62882 ], [ 37.79485, -0.62886 ], [ 37.79481, -0.62886 ], [ 37.79477, -0.62886 ], [ 37.79472, -0.62886 ], [ 37.79468, -0.62886 ], [ 37.79463, -0.62886 ], [ 37.79459, -0.62886 ], [ 37.79455, -0.62886 ], [ 37.7945, -0.62882 ], [ 37.79446, -0.62878 ], [ 37.79442, -0.62878 ], [ 37.79442, -0.62873 ], [ 37.79442, -0.62869 ], [ 37.79428, -0.62869 ], [ 37.7942, -0.62865 ], [ 37.79415, -0.62865 ], [ 37.79407, -0.62865 ], [ 37.79402, -0.6286 ], [ 37.79393, -0.6286 ], [ 37.79389, -0.6286 ], [ 37.79372, -0.6286 ], [ 37.79367, -0.6286 ], [ 37.79358, -0.62865 ], [ 37.7935, -0.62873 ], [ 37.7935, -0.62882 ], [ 37.79345, -0.62891 ], [ 37.79345, -0.629 ], [ 37.79345, -0.62908 ], [ 37.79345, -0.62913 ], [ 37.79345, -0.62917 ], [ 37.79345, -0.62921 ], [ 37.79345, -0.62926 ], [ 37.79345, -0.6293 ], [ 37.79345, -0.62935 ], [ 37.79345, -0.62943 ], [ 37.79345, -0.62956 ], [ 37.79345, -0.62961 ], [ 37.79345, -0.6297 ], [ 37.79345, -0.62978 ], [ 37.79345, -0.62983 ], [ 37.79345, -0.62991 ], [ 37.79354, -0.63005 ], [ 37.79358, -0.63009 ], [ 37.79367, -0.63026 ], [ 37.7938, -0.63053 ], [ 37.79393, -0.63066 ], [ 37.79402, -0.63079 ], [ 37.79415, -0.63092 ], [ 37.79433, -0.63109 ], [ 37.79442, -0.63123 ], [ 37.79455, -0.63131 ], [ 37.79459, -0.6314 ], [ 37.79463, -0.63158 ], [ 37.79468, -0.63166 ], [ 37.79477, -0.63179 ], [ 37.79485, -0.63188 ], [ 37.7949, -0.63197 ], [ 37.7949, -0.63206 ], [ 37.7949, -0.6321 ], [ 37.7949, -0.63219 ], [ 37.7949, -0.63232 ], [ 37.79481, -0.63245 ], [ 37.79481, -0.63254 ], [ 37.79472, -0.63267 ], [ 37.79455, -0.6328 ], [ 37.79446, -0.63293 ], [ 37.79437, -0.63311 ], [ 37.7942, -0.63324 ], [ 37.79402, -0.63337 ], [ 37.79393, -0.6335 ], [ 37.79372, -0.63363 ], [ 37.79367, -0.63367 ], [ 37.79354, -0.63376 ], [ 37.79341, -0.63385 ], [ 37.7931, -0.63398 ], [ 37.7931, -0.63402 ], [ 37.79302, -0.63411 ], [ 37.79284, -0.63429 ], [ 37.79271, -0.63442 ], [ 37.79267, -0.63446 ], [ 37.79267, -0.63455 ], [ 37.79258, -0.63459 ], [ 37.79249, -0.63472 ], [ 37.7924, -0.63486 ], [ 37.79236, -0.63499 ], [ 37.79232, -0.63507 ], [ 37.79223, -0.63516 ], [ 37.7921, -0.63529 ], [ 37.79201, -0.63542 ], [ 37.79188, -0.63551 ], [ 37.7917, -0.6356 ], [ 37.79157, -0.63564 ], [ 37.79144, -0.63569 ], [ 37.7914, -0.63569 ], [ 37.79131, -0.63573 ], [ 37.79118, -0.63573 ], [ 37.79092, -0.63577 ], [ 37.79079, -0.63577 ], [ 37.79074, -0.63577 ], [ 37.79065, -0.63577 ], [ 37.79035, -0.63577 ], [ 37.79035, -0.63582 ], [ 37.7903, -0.63582 ], [ 37.78991, -0.63591 ], [ 37.78987, -0.63595 ], [ 37.78987, -0.63604 ], [ 37.78965, -0.63621 ], [ 37.78956, -0.63634 ], [ 37.78952, -0.63639 ], [ 37.78947, -0.63656 ], [ 37.78934, -0.63674 ], [ 37.7893, -0.63687 ], [ 37.78921, -0.637 ], [ 37.78921, -0.63704 ], [ 37.78921, -0.63709 ], [ 37.78917, -0.63722 ], [ 37.78912, -0.63739 ], [ 37.78908, -0.63761 ], [ 37.78908, -0.63787 ], [ 37.78908, -0.63805 ], [ 37.78908, -0.63822 ], [ 37.78908, -0.63844 ], [ 37.78908, -0.63853 ], [ 37.78908, -0.63857 ], [ 37.78908, -0.6387 ], [ 37.78908, -0.63884 ], [ 37.78912, -0.63901 ], [ 37.78917, -0.63919 ], [ 37.78917, -0.63936 ], [ 37.78921, -0.63949 ], [ 37.78934, -0.63962 ], [ 37.78943, -0.63975 ], [ 37.78947, -0.63988 ], [ 37.78947, -0.64002 ], [ 37.78947, -0.6401 ], [ 37.78947, -0.64023 ], [ 37.78947, -0.64032 ], [ 37.78947, -0.64037 ], [ 37.78943, -0.64045 ], [ 37.78943, -0.64063 ], [ 37.78939, -0.6408 ], [ 37.78939, -0.64089 ], [ 37.78939, -0.64107 ], [ 37.78939, -0.64124 ], [ 37.78939, -0.64128 ], [ 37.78939, -0.64146 ], [ 37.78939, -0.64163 ], [ 37.78939, -0.64177 ], [ 37.78939, -0.6419 ], [ 37.7893, -0.64207 ], [ 37.7893, -0.64212 ], [ 37.78925, -0.64225 ], [ 37.78925, -0.64242 ], [ 37.78925, -0.64246 ], [ 37.78921, -0.6426 ], [ 37.78908, -0.64273 ], [ 37.78895, -0.64286 ], [ 37.78895, -0.6429 ], [ 37.78895, -0.64299 ], [ 37.78895, -0.64308 ], [ 37.78895, -0.64325 ], [ 37.78895, -0.64343 ], [ 37.78899, -0.64347 ], [ 37.78899, -0.6436 ], [ 37.78912, -0.64373 ], [ 37.7893, -0.64391 ], [ 37.78943, -0.64408 ], [ 37.78947, -0.64421 ], [ 37.78947, -0.64426 ], [ 37.78952, -0.64439 ], [ 37.78952, -0.64456 ], [ 37.78952, -0.64465 ], [ 37.78952, -0.64478 ], [ 37.78952, -0.64483 ], [ 37.78952, -0.64487 ], [ 37.78952, -0.64496 ], [ 37.78952, -0.64504 ], [ 37.78952, -0.64509 ], [ 37.78952, -0.64513 ], [ 37.78952, -0.64522 ], [ 37.78952, -0.64526 ], [ 37.78939, -0.64526 ], [ 37.78925, -0.64526 ], [ 37.78882, -0.64531 ], [ 37.78877, -0.64531 ], [ 37.78851, -0.64542 ], [ 37.78847, -0.64544 ], [ 37.78812, -0.64544 ], [ 37.78807, -0.64544 ], [ 37.78799, -0.64544 ], [ 37.7879, -0.64544 ], [ 37.78772, -0.64548 ], [ 37.78768, -0.64548 ], [ 37.78729, -0.64553 ], [ 37.78724, -0.64553 ], [ 37.7872, -0.64553 ], [ 37.7871, -0.64547 ], [ 37.78624, -0.64504 ], [ 37.78624, -0.64509 ], [ 37.78615, -0.64504 ], [ 37.78611, -0.64504 ], [ 37.78611, -0.645 ], [ 37.78602, -0.64491 ], [ 37.78593, -0.64487 ], [ 37.78589, -0.64487 ], [ 37.78589, -0.64483 ], [ 37.78584, -0.64478 ], [ 37.78576, -0.64474 ], [ 37.78576, -0.6447 ], [ 37.78571, -0.64452 ], [ 37.78562, -0.64435 ], [ 37.78562, -0.6443 ], [ 37.78554, -0.64417 ], [ 37.78549, -0.64404 ], [ 37.78549, -0.64378 ], [ 37.78549, -0.6436 ], [ 37.78541, -0.64334 ], [ 37.78536, -0.64321 ], [ 37.78536, -0.64303 ], [ 37.78532, -0.6429 ], [ 37.78532, -0.64277 ], [ 37.78527, -0.64246 ], [ 37.78523, -0.64242 ], [ 37.78519, -0.64225 ], [ 37.78519, -0.64203 ], [ 37.7851, -0.64177 ], [ 37.7851, -0.64172 ], [ 37.78497, -0.64159 ], [ 37.78497, -0.64155 ], [ 37.78492, -0.64137 ], [ 37.78488, -0.64124 ], [ 37.78484, -0.64107 ], [ 37.78471, -0.64089 ], [ 37.78466, -0.64085 ], [ 37.78466, -0.64067 ], [ 37.78466, -0.64058 ], [ 37.78462, -0.6405 ], [ 37.78453, -0.64037 ], [ 37.78453, -0.64032 ], [ 37.78453, -0.64028 ], [ 37.78453, -0.64023 ], [ 37.78396, -0.63971 ], [ 37.78388, -0.63962 ], [ 37.78388, -0.63958 ], [ 37.78388, -0.63953 ], [ 37.78388, -0.63949 ], [ 37.78388, -0.6394 ], [ 37.78388, -0.63932 ], [ 37.78388, -0.63919 ], [ 37.78388, -0.63914 ], [ 37.78388, -0.63905 ], [ 37.78388, -0.63897 ], [ 37.78388, -0.63888 ], [ 37.78388, -0.63884 ], [ 37.78388, -0.63875 ], [ 37.78388, -0.6387 ], [ 37.78388, -0.63866 ], [ 37.78383, -0.63862 ], [ 37.78374, -0.63857 ], [ 37.7837, -0.63857 ], [ 37.78361, -0.63857 ], [ 37.78357, -0.63857 ], [ 37.78339, -0.63862 ], [ 37.78335, -0.63862 ], [ 37.78326, -0.63866 ], [ 37.78326, -0.6387 ], [ 37.78322, -0.63879 ], [ 37.78313, -0.63884 ], [ 37.78313, -0.63888 ], [ 37.78309, -0.63888 ], [ 37.783, -0.63892 ], [ 37.783, -0.63897 ], [ 37.78296, -0.63897 ], [ 37.78291, -0.63905 ], [ 37.78283, -0.63914 ], [ 37.78278, -0.63914 ], [ 37.78274, -0.63923 ], [ 37.78269, -0.63932 ], [ 37.78265, -0.6394 ], [ 37.78265, -0.63953 ], [ 37.78265, -0.63962 ], [ 37.78261, -0.63975 ], [ 37.78261, -0.6398 ], [ 37.78261, -0.63988 ], [ 37.78261, -0.63993 ], [ 37.78261, -0.64006 ], [ 37.78256, -0.64019 ], [ 37.78256, -0.64028 ], [ 37.78252, -0.64032 ], [ 37.78252, -0.64041 ], [ 37.78248, -0.6405 ], [ 37.78248, -0.64054 ], [ 37.78248, -0.64067 ], [ 37.78248, -0.64076 ], [ 37.78243, -0.64085 ], [ 37.78243, -0.64093 ], [ 37.78234, -0.64107 ], [ 37.7823, -0.64107 ], [ 37.78217, -0.64107 ], [ 37.78195, -0.64107 ], [ 37.78178, -0.64107 ], [ 37.78169, -0.64107 ], [ 37.78164, -0.64107 ], [ 37.7816, -0.64102 ], [ 37.7816, -0.64098 ], [ 37.78156, -0.64098 ], [ 37.78147, -0.64089 ], [ 37.78143, -0.6408 ], [ 37.78134, -0.64076 ], [ 37.78125, -0.64076 ], [ 37.78121, -0.64076 ], [ 37.78116, -0.6408 ], [ 37.78112, -0.6408 ], [ 37.78099, -0.64076 ], [ 37.78086, -0.64072 ], [ 37.78077, -0.64063 ], [ 37.78064, -0.64063 ], [ 37.7806, -0.64063 ], [ 37.78055, -0.64063 ], [ 37.78042, -0.64063 ], [ 37.78038, -0.64063 ], [ 37.78029, -0.64063 ], [ 37.78025, -0.64067 ], [ 37.7802, -0.64067 ], [ 37.78011, -0.64067 ], [ 37.77998, -0.64072 ], [ 37.7799, -0.64072 ], [ 37.77985, -0.64072 ], [ 37.77976, -0.64072 ], [ 37.77972, -0.64072 ], [ 37.77963, -0.64072 ], [ 37.77955, -0.64067 ], [ 37.77955, -0.64063 ], [ 37.7795, -0.64063 ], [ 37.7795, -0.64058 ], [ 37.77946, -0.64054 ], [ 37.77941, -0.6405 ], [ 37.77937, -0.64041 ], [ 37.77928, -0.64032 ], [ 37.77928, -0.64028 ], [ 37.7792, -0.64019 ], [ 37.77915, -0.6401 ], [ 37.77906, -0.64002 ], [ 37.77906, -0.63993 ], [ 37.77898, -0.63988 ], [ 37.77893, -0.6398 ], [ 37.77893, -0.63975 ], [ 37.77893, -0.63971 ], [ 37.77889, -0.63971 ], [ 37.77885, -0.63967 ], [ 37.77867, -0.63967 ], [ 37.77863, -0.63967 ], [ 37.7785, -0.63967 ], [ 37.77836, -0.63962 ], [ 37.77819, -0.63962 ], [ 37.77806, -0.63958 ], [ 37.77797, -0.63958 ], [ 37.77793, -0.63958 ], [ 37.77788, -0.63953 ], [ 37.7778, -0.63949 ], [ 37.77771, -0.63945 ], [ 37.77771, -0.6394 ], [ 37.77766, -0.63936 ], [ 37.77758, -0.63927 ], [ 37.77753, -0.63923 ], [ 37.77745, -0.63923 ], [ 37.77736, -0.63919 ], [ 37.77731, -0.63919 ], [ 37.77727, -0.63914 ], [ 37.77723, -0.6391 ], [ 37.77718, -0.6391 ], [ 37.77701, -0.63901 ], [ 37.77701, -0.63897 ], [ 37.77688, -0.63897 ], [ 37.77679, -0.63897 ], [ 37.7767, -0.63892 ], [ 37.77666, -0.63888 ], [ 37.77662, -0.63884 ], [ 37.77648, -0.63879 ], [ 37.77644, -0.63879 ], [ 37.77635, -0.63879 ], [ 37.77631, -0.63879 ], [ 37.77627, -0.63879 ], [ 37.77613, -0.63879 ], [ 37.776, -0.63879 ], [ 37.77578, -0.63879 ], [ 37.77574, -0.63879 ], [ 37.7757, -0.63888 ], [ 37.77561, -0.63897 ], [ 37.77561, -0.63901 ], [ 37.77561, -0.63905 ], [ 37.77561, -0.6391 ], [ 37.77561, -0.63914 ], [ 37.77561, -0.63923 ], [ 37.77561, -0.63932 ], [ 37.77561, -0.63945 ], [ 37.77561, -0.63949 ], [ 37.77561, -0.63962 ], [ 37.77561, -0.6398 ], [ 37.77561, -0.63984 ], [ 37.77561, -0.63993 ], [ 37.77561, -0.64002 ], [ 37.77561, -0.64015 ], [ 37.77561, -0.64028 ], [ 37.77561, -0.64041 ], [ 37.77561, -0.64045 ], [ 37.77561, -0.64058 ], [ 37.77561, -0.64072 ], [ 37.77561, -0.64085 ], [ 37.77535, -0.64111 ], [ 37.77517, -0.64111 ], [ 37.77495, -0.64111 ], [ 37.77491, -0.64111 ], [ 37.77487, -0.64111 ], [ 37.77447, -0.64111 ], [ 37.77438, -0.64111 ], [ 37.77434, -0.64111 ], [ 37.7743, -0.64111 ], [ 37.77425, -0.64111 ], [ 37.77421, -0.64111 ], [ 37.77417, -0.64111 ], [ 37.77403, -0.64111 ], [ 37.77399, -0.64111 ], [ 37.77386, -0.64111 ], [ 37.77373, -0.64111 ], [ 37.7736, -0.64111 ], [ 37.77351, -0.64115 ], [ 37.77347, -0.6412 ], [ 37.77333, -0.64124 ], [ 37.77281, -0.64194 ], [ 37.77277, -0.64203 ], [ 37.77272, -0.6426 ], [ 37.77268, -0.64268 ], [ 37.77268, -0.64273 ], [ 37.77268, -0.64277 ], [ 37.77268, -0.64281 ], [ 37.77259, -0.64295 ], [ 37.77259, -0.64299 ], [ 37.77255, -0.64299 ], [ 37.7725, -0.64303 ], [ 37.77229, -0.64316 ], [ 37.77224, -0.64316 ], [ 37.77224, -0.64308 ], [ 37.7722, -0.64299 ], [ 37.7722, -0.64295 ], [ 37.77215, -0.6429 ], [ 37.77207, -0.64281 ], [ 37.77189, -0.64268 ], [ 37.7718, -0.64255 ], [ 37.77172, -0.64246 ], [ 37.77167, -0.64242 ], [ 37.77163, -0.64238 ], [ 37.77163, -0.64233 ], [ 37.77159, -0.64229 ], [ 37.77145, -0.64216 ], [ 37.77141, -0.64216 ], [ 37.77137, -0.64216 ], [ 37.77132, -0.64212 ], [ 37.77128, -0.64212 ], [ 37.77115, -0.64207 ], [ 37.77106, -0.64203 ], [ 37.77097, -0.64203 ], [ 37.77084, -0.64198 ], [ 37.7708, -0.6419 ], [ 37.77067, -0.64181 ], [ 37.77045, -0.64163 ], [ 37.77045, -0.64159 ], [ 37.77036, -0.64159 ], [ 37.77032, -0.64159 ], [ 37.77032, -0.64155 ], [ 37.77027, -0.64155 ], [ 37.77027, -0.6415 ], [ 37.77019, -0.64142 ], [ 37.77019, -0.64137 ], [ 37.77019, -0.64128 ], [ 37.77019, -0.64124 ], [ 37.77019, -0.6412 ], [ 37.77019, -0.64107 ], [ 37.77019, -0.64098 ], [ 37.77019, -0.64085 ], [ 37.77019, -0.6408 ], [ 37.77019, -0.64063 ], [ 37.77023, -0.64058 ], [ 37.77023, -0.64054 ], [ 37.77023, -0.64045 ], [ 37.77023, -0.64037 ], [ 37.77023, -0.64023 ], [ 37.77023, -0.64006 ], [ 37.77023, -0.63988 ], [ 37.77023, -0.63975 ], [ 37.77023, -0.63962 ], [ 37.77023, -0.63958 ], [ 37.77023, -0.63953 ], [ 37.77023, -0.63949 ], [ 37.77023, -0.63945 ], [ 37.77019, -0.63945 ], [ 37.77005, -0.6394 ], [ 37.77001, -0.6394 ], [ 37.76997, -0.6394 ], [ 37.76984, -0.6394 ], [ 37.7697, -0.6394 ], [ 37.76966, -0.6394 ], [ 37.76962, -0.63945 ], [ 37.76962, -0.63949 ], [ 37.76957, -0.63949 ], [ 37.76949, -0.63958 ], [ 37.76949, -0.63971 ], [ 37.7694, -0.63975 ], [ 37.76935, -0.6398 ], [ 37.76931, -0.63988 ], [ 37.76931, -0.63993 ], [ 37.76927, -0.64002 ], [ 37.76922, -0.6401 ], [ 37.76922, -0.64015 ], [ 37.76922, -0.64023 ], [ 37.76918, -0.64037 ], [ 37.76918, -0.6405 ], [ 37.76918, -0.64054 ], [ 37.76918, -0.64058 ], [ 37.76914, -0.64072 ], [ 37.76905, -0.64093 ], [ 37.76905, -0.64111 ], [ 37.76905, -0.6412 ], [ 37.76905, -0.64128 ], [ 37.76905, -0.64137 ], [ 37.76905, -0.64146 ], [ 37.76901, -0.64155 ], [ 37.76892, -0.64168 ], [ 37.76892, -0.64177 ], [ 37.76892, -0.64185 ], [ 37.76892, -0.6419 ], [ 37.76892, -0.64203 ], [ 37.76892, -0.6422 ], [ 37.76892, -0.64238 ], [ 37.76892, -0.64251 ], [ 37.76892, -0.64268 ], [ 37.76896, -0.64286 ], [ 37.76896, -0.64295 ], [ 37.76896, -0.64303 ], [ 37.76896, -0.64312 ], [ 37.76896, -0.64321 ], [ 37.76896, -0.64338 ], [ 37.76896, -0.64347 ], [ 37.76892, -0.6436 ], [ 37.76887, -0.64373 ], [ 37.76887, -0.64382 ], [ 37.76887, -0.64386 ], [ 37.76883, -0.64391 ], [ 37.76879, -0.64408 ], [ 37.76874, -0.64421 ], [ 37.76874, -0.64426 ], [ 37.76874, -0.64435 ], [ 37.7687, -0.64443 ], [ 37.76866, -0.64452 ], [ 37.76861, -0.64456 ], [ 37.76844, -0.64465 ], [ 37.76835, -0.64474 ], [ 37.76835, -0.64478 ], [ 37.76809, -0.64491 ], [ 37.76809, -0.64496 ], [ 37.76791, -0.64509 ], [ 37.76787, -0.64509 ], [ 37.76778, -0.64509 ], [ 37.76774, -0.64504 ], [ 37.76769, -0.64504 ], [ 37.76765, -0.64496 ], [ 37.76761, -0.64478 ], [ 37.76743, -0.6447 ], [ 37.76739, -0.64461 ], [ 37.76726, -0.64461 ], [ 37.76721, -0.64456 ], [ 37.76699, -0.64456 ], [ 37.76695, -0.64456 ], [ 37.76677, -0.64465 ], [ 37.76656, -0.6447 ], [ 37.76638, -0.64478 ], [ 37.76634, -0.64478 ], [ 37.76607, -0.64491 ], [ 37.76599, -0.64491 ], [ 37.76577, -0.64504 ], [ 37.76572, -0.64504 ], [ 37.76572, -0.64509 ], [ 37.76568, -0.64513 ], [ 37.76546, -0.64518 ], [ 37.76542, -0.64518 ], [ 37.7652, -0.64531 ], [ 37.76511, -0.64531 ], [ 37.76503, -0.64539 ], [ 37.76503, -0.64544 ], [ 37.76485, -0.64557 ], [ 37.76459, -0.64574 ], [ 37.7645, -0.64583 ], [ 37.76441, -0.64583 ], [ 37.76428, -0.64592 ], [ 37.76424, -0.64592 ], [ 37.76419, -0.64592 ], [ 37.76398, -0.64592 ], [ 37.76389, -0.64592 ], [ 37.76384, -0.64592 ], [ 37.76376, -0.64596 ], [ 37.76367, -0.64601 ], [ 37.76363, -0.64601 ], [ 37.76363, -0.64605 ], [ 37.76363, -0.64609 ], [ 37.76363, -0.64614 ], [ 37.76358, -0.64618 ], [ 37.76358, -0.64631 ], [ 37.76354, -0.6464 ], [ 37.76354, -0.64653 ], [ 37.76354, -0.64662 ], [ 37.76354, -0.64666 ], [ 37.76354, -0.64671 ], [ 37.76354, -0.64675 ], [ 37.76349, -0.64688 ], [ 37.76345, -0.64693 ], [ 37.76345, -0.64697 ], [ 37.76336, -0.64701 ], [ 37.76336, -0.64706 ], [ 37.76332, -0.6471 ], [ 37.76328, -0.6471 ], [ 37.76319, -0.64714 ], [ 37.7631, -0.64719 ], [ 37.76306, -0.64723 ], [ 37.76306, -0.64732 ], [ 37.76301, -0.64732 ], [ 37.76297, -0.64736 ], [ 37.76293, -0.64749 ], [ 37.76293, -0.64754 ], [ 37.76293, -0.64767 ], [ 37.76293, -0.64771 ], [ 37.76288, -0.6478 ], [ 37.76288, -0.64793 ], [ 37.76288, -0.64806 ], [ 37.76288, -0.64811 ], [ 37.76288, -0.64819 ], [ 37.76288, -0.64824 ], [ 37.76288, -0.64828 ], [ 37.76288, -0.64832 ], [ 37.76288, -0.64837 ], [ 37.76288, -0.64854 ], [ 37.76288, -0.64872 ], [ 37.76288, -0.64876 ], [ 37.76288, -0.64881 ], [ 37.76288, -0.64885 ], [ 37.76288, -0.64889 ], [ 37.76288, -0.64902 ], [ 37.76288, -0.6492 ], [ 37.76288, -0.64933 ], [ 37.76288, -0.64937 ], [ 37.76288, -0.64946 ], [ 37.76288, -0.64951 ], [ 37.76288, -0.64955 ], [ 37.76284, -0.64964 ], [ 37.76284, -0.64968 ], [ 37.76275, -0.64977 ], [ 37.76258, -0.64994 ], [ 37.76253, -0.64994 ], [ 37.76249, -0.64994 ], [ 37.76244, -0.64994 ], [ 37.7624, -0.6499 ], [ 37.76236, -0.6499 ], [ 37.76236, -0.64986 ], [ 37.76231, -0.64986 ], [ 37.76231, -0.64981 ], [ 37.76227, -0.64977 ], [ 37.76227, -0.64972 ], [ 37.76218, -0.64964 ], [ 37.76205, -0.64955 ], [ 37.76196, -0.64955 ], [ 37.76192, -0.64955 ], [ 37.76188, -0.64955 ], [ 37.76174, -0.64959 ], [ 37.76157, -0.64959 ], [ 37.76148, -0.64968 ], [ 37.7614, -0.64977 ], [ 37.76135, -0.64981 ], [ 37.76135, -0.64986 ], [ 37.76131, -0.64994 ], [ 37.76122, -0.65003 ], [ 37.76122, -0.65012 ], [ 37.76113, -0.65029 ], [ 37.761, -0.65042 ], [ 37.76091, -0.65051 ], [ 37.76087, -0.65064 ], [ 37.76078, -0.65073 ], [ 37.7607, -0.65086 ], [ 37.76065, -0.65086 ], [ 37.76056, -0.65099 ], [ 37.76048, -0.65108 ], [ 37.76043, -0.65121 ], [ 37.76043, -0.65134 ], [ 37.76039, -0.65139 ], [ 37.76035, -0.65139 ], [ 37.7603, -0.65143 ], [ 37.76021, -0.65152 ], [ 37.76021, -0.65156 ], [ 37.76017, -0.6516 ], [ 37.76013, -0.65169 ], [ 37.76008, -0.65191 ], [ 37.76008, -0.65195 ], [ 37.76008, -0.65209 ], [ 37.76008, -0.65222 ], [ 37.76008, -0.65226 ], [ 37.76004, -0.65239 ], [ 37.76004, -0.65244 ], [ 37.75995, -0.65252 ], [ 37.75995, -0.65257 ], [ 37.75991, -0.65274 ], [ 37.75991, -0.65287 ], [ 37.75991, -0.65296 ], [ 37.75991, -0.653 ], [ 37.75991, -0.65305 ], [ 37.75993, -0.65308 ], [ 37.76017, -0.65344 ], [ 37.76021, -0.65344 ], [ 37.76026, -0.65344 ], [ 37.7603, -0.65344 ], [ 37.76035, -0.65344 ], [ 37.76035, -0.65349 ], [ 37.76039, -0.65349 ], [ 37.76043, -0.65349 ], [ 37.76043, -0.65353 ], [ 37.76048, -0.65353 ], [ 37.76065, -0.65366 ], [ 37.76078, -0.65379 ], [ 37.76087, -0.65388 ], [ 37.76091, -0.65392 ], [ 37.76091, -0.65397 ], [ 37.76087, -0.65405 ], [ 37.76083, -0.65414 ], [ 37.76083, -0.65418 ], [ 37.76083, -0.65423 ], [ 37.76083, -0.65427 ], [ 37.76078, -0.65427 ], [ 37.76078, -0.65436 ], [ 37.76074, -0.65436 ], [ 37.7607, -0.6544 ], [ 37.76065, -0.65445 ], [ 37.76065, -0.65449 ], [ 37.76048, -0.65458 ], [ 37.76043, -0.65471 ], [ 37.76039, -0.6548 ], [ 37.76035, -0.65484 ], [ 37.7603, -0.65488 ], [ 37.76013, -0.65493 ], [ 37.76, -0.65493 ], [ 37.75986, -0.65493 ], [ 37.75982, -0.65493 ], [ 37.75978, -0.65493 ], [ 37.75973, -0.65493 ], [ 37.75965, -0.65493 ], [ 37.7596, -0.65493 ], [ 37.75947, -0.65493 ], [ 37.75943, -0.65493 ], [ 37.75934, -0.65497 ], [ 37.7593, -0.65497 ], [ 37.75925, -0.65502 ], [ 37.75921, -0.65502 ], [ 37.75916, -0.65502 ], [ 37.75903, -0.65515 ], [ 37.75899, -0.65519 ], [ 37.75895, -0.65523 ], [ 37.75895, -0.65537 ], [ 37.7589, -0.6555 ], [ 37.7589, -0.65558 ], [ 37.75886, -0.65563 ], [ 37.75881, -0.65572 ], [ 37.75881, -0.65576 ], [ 37.75881, -0.65585 ], [ 37.75877, -0.65598 ], [ 37.75873, -0.65598 ], [ 37.7586, -0.65615 ], [ 37.75851, -0.65624 ], [ 37.75846, -0.65633 ], [ 37.75842, -0.65642 ], [ 37.75842, -0.65646 ], [ 37.75838, -0.65646 ], [ 37.75833, -0.65659 ], [ 37.75829, -0.65672 ], [ 37.75825, -0.65681 ], [ 37.75825, -0.65685 ], [ 37.75825, -0.6569 ], [ 37.7582, -0.6569 ], [ 37.7582, -0.65694 ], [ 37.75816, -0.65707 ], [ 37.75811, -0.65711 ], [ 37.75803, -0.6572 ], [ 37.75803, -0.65725 ], [ 37.75785, -0.65738 ], [ 37.75772, -0.65742 ], [ 37.75768, -0.65742 ], [ 37.75763, -0.65742 ], [ 37.75763, -0.65738 ], [ 37.75759, -0.65729 ], [ 37.7575, -0.6572 ], [ 37.75742, -0.65711 ], [ 37.75737, -0.65711 ], [ 37.75724, -0.65698 ], [ 37.75711, -0.65681 ], [ 37.75707, -0.65681 ], [ 37.75702, -0.65676 ], [ 37.75685, -0.65663 ], [ 37.75685, -0.65659 ], [ 37.75667, -0.65655 ], [ 37.75645, -0.65646 ], [ 37.75632, -0.65642 ], [ 37.75628, -0.65642 ], [ 37.75623, -0.65642 ], [ 37.75606, -0.65642 ], [ 37.75602, -0.65642 ], [ 37.75593, -0.65642 ], [ 37.7558, -0.65642 ], [ 37.75567, -0.65646 ], [ 37.75553, -0.6565 ], [ 37.75518, -0.65663 ], [ 37.75497, -0.65668 ], [ 37.75483, -0.65668 ], [ 37.7547, -0.65668 ], [ 37.75466, -0.65668 ], [ 37.75448, -0.65668 ], [ 37.75435, -0.65668 ], [ 37.75413, -0.65668 ], [ 37.75392, -0.65668 ], [ 37.75374, -0.65668 ], [ 37.75361, -0.65663 ], [ 37.75348, -0.65663 ], [ 37.75339, -0.65663 ], [ 37.75335, -0.65663 ], [ 37.75322, -0.65659 ], [ 37.75317, -0.65659 ], [ 37.75291, -0.65659 ], [ 37.75287, -0.65659 ], [ 37.75269, -0.65668 ], [ 37.75252, -0.65672 ], [ 37.75247, -0.65672 ], [ 37.75239, -0.65681 ], [ 37.75234, -0.6569 ], [ 37.7523, -0.6569 ], [ 37.75212, -0.65703 ], [ 37.75199, -0.65716 ], [ 37.75195, -0.6572 ], [ 37.75182, -0.65729 ], [ 37.7516, -0.65742 ], [ 37.75151, -0.65742 ], [ 37.75129, -0.65755 ], [ 37.7512, -0.65764 ], [ 37.75085, -0.65777 ], [ 37.75046, -0.65795 ], [ 37.75042, -0.65795 ], [ 37.75037, -0.65799 ], [ 37.75029, -0.65808 ], [ 37.75007, -0.65825 ], [ 37.75002, -0.6583 ], [ 37.74985, -0.65838 ], [ 37.74985, -0.65843 ], [ 37.74976, -0.65856 ], [ 37.74972, -0.65856 ], [ 37.74959, -0.65869 ], [ 37.74959, -0.65873 ], [ 37.74932, -0.65886 ], [ 37.74924, -0.65891 ], [ 37.74911, -0.659 ], [ 37.74897, -0.65908 ], [ 37.74884, -0.65921 ], [ 37.7488, -0.65921 ], [ 37.74871, -0.65935 ], [ 37.74858, -0.65948 ], [ 37.74849, -0.65948 ], [ 37.74832, -0.65948 ], [ 37.7481, -0.65948 ], [ 37.74797, -0.65948 ], [ 37.74784, -0.65948 ], [ 37.74766, -0.65948 ], [ 37.74731, -0.65948 ], [ 37.74718, -0.65948 ], [ 37.74714, -0.65948 ], [ 37.74692, -0.65948 ], [ 37.74687, -0.65948 ], [ 37.74674, -0.65943 ], [ 37.74661, -0.6593 ], [ 37.74657, -0.6593 ], [ 37.74648, -0.65921 ], [ 37.74644, -0.65921 ], [ 37.74644, -0.65917 ], [ 37.74639, -0.65908 ], [ 37.74635, -0.65908 ], [ 37.74631, -0.65908 ], [ 37.74622, -0.65913 ], [ 37.74617, -0.65913 ], [ 37.74613, -0.65913 ], [ 37.74609, -0.65921 ], [ 37.746, -0.65935 ], [ 37.74591, -0.65948 ], [ 37.74591, -0.65956 ], [ 37.74591, -0.65965 ], [ 37.74583, -0.65978 ], [ 37.74578, -0.65987 ], [ 37.74565, -0.66 ], [ 37.74548, -0.66013 ], [ 37.74548, -0.66022 ], [ 37.74548, -0.66026 ], [ 37.74548, -0.66035 ], [ 37.74552, -0.66048 ], [ 37.74552, -0.66053 ], [ 37.74556, -0.66061 ], [ 37.74561, -0.66066 ], [ 37.74565, -0.66083 ], [ 37.74565, -0.66088 ], [ 37.74574, -0.66105 ], [ 37.74574, -0.66109 ], [ 37.74578, -0.66118 ], [ 37.74578, -0.66131 ], [ 37.74578, -0.66136 ], [ 37.74578, -0.66144 ], [ 37.74569, -0.66149 ], [ 37.74556, -0.66162 ], [ 37.74556, -0.66166 ], [ 37.74552, -0.66166 ], [ 37.74543, -0.66166 ], [ 37.74543, -0.66171 ], [ 37.74539, -0.66175 ], [ 37.74539, -0.66179 ], [ 37.74534, -0.66188 ], [ 37.74526, -0.66201 ], [ 37.74526, -0.6621 ], [ 37.74517, -0.66214 ], [ 37.74491, -0.66219 ], [ 37.74482, -0.66219 ], [ 37.74478, -0.66219 ], [ 37.7446, -0.66219 ], [ 37.74447, -0.66219 ], [ 37.74438, -0.66214 ], [ 37.74429, -0.66214 ], [ 37.74425, -0.66214 ], [ 37.74412, -0.66214 ], [ 37.74403, -0.66214 ], [ 37.74394, -0.66214 ], [ 37.7439, -0.66214 ], [ 37.74381, -0.66223 ], [ 37.74377, -0.66223 ], [ 37.74368, -0.66223 ], [ 37.74359, -0.66223 ], [ 37.74355, -0.66223 ], [ 37.74346, -0.66214 ], [ 37.74338, -0.66206 ], [ 37.74333, -0.66197 ], [ 37.74333, -0.66193 ], [ 37.74329, -0.66184 ], [ 37.74329, -0.66175 ], [ 37.74329, -0.66162 ], [ 37.74324, -0.66153 ], [ 37.74324, -0.66149 ], [ 37.74324, -0.6614 ], [ 37.74324, -0.66136 ], [ 37.74311, -0.66123 ], [ 37.74303, -0.66118 ], [ 37.74298, -0.66118 ], [ 37.74294, -0.66118 ], [ 37.74281, -0.66127 ], [ 37.74276, -0.66127 ], [ 37.74276, -0.66131 ], [ 37.74272, -0.66131 ], [ 37.74268, -0.6614 ], [ 37.74268, -0.66144 ], [ 37.74268, -0.66149 ], [ 37.74268, -0.66158 ], [ 37.74268, -0.66162 ], [ 37.74268, -0.66175 ], [ 37.74268, -0.66184 ], [ 37.74268, -0.66197 ], [ 37.74268, -0.6621 ], [ 37.74268, -0.66214 ], [ 37.74268, -0.66228 ], [ 37.74268, -0.66236 ], [ 37.74268, -0.66241 ], [ 37.74268, -0.66249 ], [ 37.74268, -0.66262 ], [ 37.74268, -0.6628 ], [ 37.74268, -0.66289 ], [ 37.74268, -0.66297 ], [ 37.74268, -0.66306 ], [ 37.74268, -0.66319 ], [ 37.74268, -0.66324 ], [ 37.74268, -0.66328 ], [ 37.74268, -0.66332 ], [ 37.74263, -0.66337 ], [ 37.74263, -0.66341 ], [ 37.74259, -0.66346 ], [ 37.74254, -0.66346 ], [ 37.74254, -0.6635 ], [ 37.74254, -0.66354 ], [ 37.74246, -0.66354 ], [ 37.74237, -0.66354 ], [ 37.74233, -0.66354 ], [ 37.74228, -0.66354 ], [ 37.74224, -0.66346 ], [ 37.74224, -0.66341 ], [ 37.7422, -0.66337 ], [ 37.7422, -0.66332 ], [ 37.7422, -0.66324 ], [ 37.74215, -0.66319 ], [ 37.74211, -0.66319 ], [ 37.74202, -0.66311 ], [ 37.74198, -0.66306 ], [ 37.74193, -0.66302 ], [ 37.74189, -0.66297 ], [ 37.74167, -0.66293 ], [ 37.74163, -0.66293 ], [ 37.74154, -0.66297 ], [ 37.7415, -0.66297 ], [ 37.7415, -0.66302 ], [ 37.74145, -0.66311 ], [ 37.74136, -0.66324 ], [ 37.74136, -0.66328 ], [ 37.74123, -0.66346 ], [ 37.7411, -0.66363 ], [ 37.74106, -0.66363 ], [ 37.74101, -0.66376 ], [ 37.74101, -0.66385 ], [ 37.74093, -0.66389 ], [ 37.74088, -0.66394 ], [ 37.74088, -0.66402 ], [ 37.74088, -0.66411 ], [ 37.74084, -0.66416 ], [ 37.74075, -0.66416 ], [ 37.74075, -0.6642 ], [ 37.74062, -0.66433 ], [ 37.74058, -0.66437 ], [ 37.74058, -0.66442 ], [ 37.74053, -0.66446 ], [ 37.74049, -0.66459 ], [ 37.74049, -0.66464 ], [ 37.74045, -0.66464 ], [ 37.74027, -0.66455 ], [ 37.74023, -0.66455 ], [ 37.74023, -0.66451 ], [ 37.74018, -0.66451 ], [ 37.74014, -0.66451 ], [ 37.7401, -0.66451 ], [ 37.74001, -0.66451 ], [ 37.73988, -0.66451 ], [ 37.73983, -0.66451 ], [ 37.73979, -0.66451 ], [ 37.73975, -0.66451 ], [ 37.7397, -0.66446 ], [ 37.7397, -0.66437 ], [ 37.73966, -0.66433 ], [ 37.73966, -0.66429 ], [ 37.73966, -0.6642 ], [ 37.73966, -0.66416 ], [ 37.73966, -0.66411 ], [ 37.73966, -0.66407 ], [ 37.73961, -0.66402 ], [ 37.73948, -0.66385 ], [ 37.73935, -0.66363 ], [ 37.73918, -0.66354 ], [ 37.73905, -0.66341 ], [ 37.739, -0.66332 ], [ 37.73896, -0.66328 ], [ 37.73891, -0.66319 ], [ 37.73887, -0.66311 ], [ 37.73887, -0.66302 ], [ 37.73856, -0.66279 ], [ 37.73856, -0.6628 ], [ 37.73848, -0.6628 ], [ 37.73843, -0.6628 ], [ 37.73835, -0.66289 ], [ 37.73826, -0.66293 ], [ 37.73822, -0.66297 ], [ 37.73817, -0.66306 ], [ 37.73813, -0.66315 ], [ 37.73813, -0.66319 ], [ 37.73813, -0.66324 ], [ 37.73813, -0.66328 ], [ 37.73813, -0.66332 ], [ 37.73813, -0.66346 ], [ 37.73813, -0.6635 ], [ 37.73813, -0.66354 ], [ 37.73813, -0.66363 ], [ 37.73813, -0.66372 ], [ 37.73813, -0.66376 ], [ 37.73813, -0.66385 ], [ 37.73813, -0.66398 ], [ 37.73813, -0.66402 ], [ 37.73813, -0.66416 ], [ 37.73813, -0.66429 ], [ 37.73813, -0.66442 ], [ 37.73813, -0.66455 ], [ 37.73813, -0.66468 ], [ 37.73813, -0.66477 ], [ 37.73813, -0.6649 ], [ 37.73813, -0.66499 ], [ 37.73808, -0.66503 ], [ 37.73808, -0.66507 ], [ 37.73804, -0.66516 ], [ 37.738, -0.66521 ], [ 37.738, -0.66525 ], [ 37.73795, -0.66534 ], [ 37.73795, -0.66538 ], [ 37.73773, -0.66551 ], [ 37.73765, -0.66555 ], [ 37.7376, -0.66555 ], [ 37.73756, -0.66555 ], [ 37.73752, -0.66555 ], [ 37.73747, -0.66555 ], [ 37.73738, -0.66551 ], [ 37.73725, -0.66542 ], [ 37.73721, -0.66542 ], [ 37.73712, -0.66538 ], [ 37.73703, -0.66534 ], [ 37.73695, -0.66534 ], [ 37.73682, -0.66525 ], [ 37.73664, -0.66516 ], [ 37.7366, -0.66516 ], [ 37.73642, -0.66516 ], [ 37.73629, -0.66516 ], [ 37.73598, -0.66512 ], [ 37.73594, -0.66512 ], [ 37.7359, -0.66512 ], [ 37.73581, -0.66507 ], [ 37.73563, -0.66503 ], [ 37.73546, -0.66499 ], [ 37.73528, -0.66499 ], [ 37.73515, -0.66499 ], [ 37.73489, -0.6649 ], [ 37.7348, -0.66486 ], [ 37.73476, -0.66486 ], [ 37.73463, -0.66477 ], [ 37.7345, -0.66472 ], [ 37.73441, -0.66464 ], [ 37.73419, -0.66446 ], [ 37.73406, -0.66437 ], [ 37.73397, -0.66437 ], [ 37.73384, -0.66433 ], [ 37.7338, -0.66433 ], [ 37.73349, -0.6642 ], [ 37.73336, -0.66411 ], [ 37.73319, -0.66402 ], [ 37.73301, -0.66385 ], [ 37.73275, -0.66372 ], [ 37.73253, -0.66367 ], [ 37.73244, -0.66363 ], [ 37.73231, -0.66363 ], [ 37.73227, -0.66363 ], [ 37.73214, -0.66363 ], [ 37.732, -0.66363 ], [ 37.73196, -0.66363 ], [ 37.73192, -0.66363 ], [ 37.73187, -0.66363 ], [ 37.73179, -0.66363 ], [ 37.73174, -0.66359 ], [ 37.7317, -0.66354 ], [ 37.73165, -0.6635 ], [ 37.73161, -0.66346 ], [ 37.73148, -0.66332 ], [ 37.73135, -0.66324 ], [ 37.7313, -0.66324 ], [ 37.73126, -0.66319 ], [ 37.73126, -0.66315 ], [ 37.73117, -0.66311 ], [ 37.73113, -0.66311 ], [ 37.73109, -0.66311 ], [ 37.73078, -0.66311 ], [ 37.73074, -0.66311 ], [ 37.73074, -0.66319 ], [ 37.73074, -0.66324 ], [ 37.73074, -0.66328 ], [ 37.73069, -0.66332 ], [ 37.73069, -0.66341 ], [ 37.73065, -0.6635 ], [ 37.73065, -0.66354 ], [ 37.73065, -0.66359 ], [ 37.73065, -0.66363 ], [ 37.73069, -0.66367 ], [ 37.73069, -0.66372 ], [ 37.73074, -0.66376 ], [ 37.73078, -0.66385 ], [ 37.73087, -0.66389 ], [ 37.73091, -0.66398 ], [ 37.73095, -0.66402 ], [ 37.73144, -0.66446 ], [ 37.73157, -0.66464 ], [ 37.73165, -0.66468 ], [ 37.73165, -0.66472 ], [ 37.73174, -0.66477 ], [ 37.73183, -0.66486 ], [ 37.73192, -0.66494 ], [ 37.73196, -0.66499 ], [ 37.73205, -0.66507 ], [ 37.73214, -0.66516 ], [ 37.73222, -0.66525 ], [ 37.73227, -0.66538 ], [ 37.73235, -0.66551 ], [ 37.73235, -0.66555 ], [ 37.7324, -0.66564 ], [ 37.73249, -0.66577 ], [ 37.73257, -0.6659 ], [ 37.73266, -0.66604 ], [ 37.7327, -0.66604 ], [ 37.73275, -0.66608 ], [ 37.73354, -0.66709 ], [ 37.73354, -0.66726 ], [ 37.73354, -0.66735 ], [ 37.73354, -0.66739 ], [ 37.73354, -0.66744 ], [ 37.73354, -0.66748 ], [ 37.73349, -0.66748 ], [ 37.73332, -0.66748 ], [ 37.73327, -0.66748 ], [ 37.73314, -0.66748 ], [ 37.73314, -0.66744 ], [ 37.73305, -0.66744 ], [ 37.73279, -0.66735 ], [ 37.7327, -0.6673 ], [ 37.73266, -0.6673 ], [ 37.73231, -0.6673 ], [ 37.73187, -0.66717 ], [ 37.73179, -0.66713 ], [ 37.73174, -0.66713 ], [ 37.7313, -0.66695 ], [ 37.72951, -0.66599 ], [ 37.72938, -0.66595 ], [ 37.72929, -0.66595 ], [ 37.72912, -0.66595 ], [ 37.72907, -0.6659 ], [ 37.72894, -0.6659 ], [ 37.7289, -0.6659 ], [ 37.72877, -0.66586 ], [ 37.72868, -0.66582 ], [ 37.72868, -0.66577 ], [ 37.72864, -0.66577 ], [ 37.72855, -0.66573 ], [ 37.72851, -0.66573 ], [ 37.72842, -0.66573 ], [ 37.72807, -0.66573 ], [ 37.72802, -0.66573 ], [ 37.72798, -0.66573 ], [ 37.72785, -0.66577 ], [ 37.72781, -0.66577 ], [ 37.72781, -0.66582 ], [ 37.72759, -0.66595 ], [ 37.72717, -0.66651 ], [ 37.72697, -0.66678 ], [ 37.72671, -0.66704 ], [ 37.72671, -0.667 ], [ 37.72663, -0.66695 ], [ 37.72649, -0.66687 ], [ 37.72645, -0.66678 ], [ 37.72636, -0.66665 ], [ 37.72628, -0.6666 ], [ 37.72623, -0.66652 ], [ 37.7261, -0.66634 ], [ 37.72593, -0.66604 ], [ 37.72593, -0.66599 ], [ 37.72593, -0.66586 ], [ 37.72593, -0.66569 ], [ 37.72593, -0.66564 ], [ 37.72593, -0.66547 ], [ 37.72593, -0.66529 ], [ 37.72593, -0.66525 ], [ 37.72588, -0.66516 ], [ 37.72588, -0.66512 ], [ 37.72584, -0.66512 ], [ 37.72575, -0.66499 ], [ 37.72562, -0.66477 ], [ 37.72558, -0.66477 ], [ 37.72553, -0.66468 ], [ 37.72527, -0.66455 ], [ 37.72527, -0.66451 ], [ 37.72518, -0.66446 ], [ 37.72488, -0.66429 ], [ 37.72483, -0.66424 ], [ 37.7247, -0.66416 ], [ 37.72396, -0.66381 ], [ 37.72391, -0.66381 ], [ 37.72387, -0.66381 ], [ 37.72383, -0.66381 ], [ 37.72369, -0.66389 ], [ 37.72348, -0.66398 ], [ 37.72343, -0.66402 ], [ 37.72334, -0.66411 ], [ 37.7233, -0.66411 ], [ 37.72326, -0.66416 ], [ 37.72321, -0.66416 ], [ 37.72321, -0.6642 ], [ 37.72317, -0.6642 ], [ 37.72304, -0.6642 ], [ 37.72299, -0.6642 ], [ 37.72295, -0.6642 ], [ 37.72282, -0.66411 ], [ 37.7226, -0.66389 ], [ 37.7226, -0.66385 ], [ 37.7226, -0.66372 ], [ 37.7226, -0.66363 ], [ 37.7226, -0.66359 ], [ 37.72273, -0.66341 ], [ 37.72278, -0.66332 ], [ 37.72278, -0.66328 ], [ 37.72282, -0.66319 ], [ 37.72282, -0.66315 ], [ 37.72286, -0.66315 ], [ 37.72286, -0.66306 ], [ 37.72286, -0.66302 ], [ 37.72282, -0.66297 ], [ 37.72282, -0.66293 ], [ 37.72265, -0.66267 ], [ 37.72265, -0.66262 ], [ 37.7226, -0.66262 ], [ 37.72256, -0.66262 ], [ 37.72251, -0.66262 ], [ 37.72243, -0.66258 ], [ 37.72212, -0.66236 ], [ 37.72208, -0.66232 ], [ 37.72208, -0.66228 ], [ 37.72199, -0.66206 ], [ 37.72199, -0.66201 ], [ 37.72199, -0.66197 ], [ 37.72195, -0.66184 ], [ 37.72195, -0.66175 ], [ 37.72195, -0.66171 ], [ 37.7219, -0.66158 ], [ 37.72186, -0.66136 ], [ 37.72186, -0.66131 ], [ 37.72177, -0.66131 ], [ 37.72155, -0.66131 ], [ 37.72151, -0.66131 ], [ 37.72146, -0.66131 ], [ 37.72133, -0.66131 ], [ 37.7209, -0.66131 ], [ 37.72085, -0.66131 ], [ 37.72085, -0.66136 ], [ 37.72085, -0.6614 ], [ 37.72085, -0.66144 ], [ 37.72085, -0.66149 ], [ 37.7209, -0.66158 ], [ 37.72094, -0.66162 ], [ 37.72098, -0.66162 ], [ 37.72098, -0.66166 ], [ 37.72098, -0.66171 ], [ 37.72098, -0.66175 ], [ 37.72098, -0.66184 ], [ 37.72098, -0.66188 ], [ 37.72098, -0.66197 ], [ 37.72098, -0.66201 ], [ 37.72098, -0.66206 ], [ 37.72094, -0.6621 ], [ 37.72094, -0.66219 ], [ 37.72094, -0.66228 ], [ 37.7209, -0.66232 ], [ 37.72085, -0.66241 ], [ 37.72085, -0.66245 ], [ 37.72076, -0.66254 ], [ 37.72063, -0.66254 ], [ 37.72059, -0.66254 ], [ 37.72055, -0.66254 ], [ 37.7205, -0.66254 ], [ 37.72037, -0.66245 ], [ 37.72033, -0.66245 ], [ 37.72028, -0.66245 ], [ 37.72028, -0.66241 ], [ 37.7202, -0.66232 ], [ 37.72015, -0.66232 ], [ 37.72015, -0.66228 ], [ 37.72011, -0.6621 ], [ 37.72006, -0.66201 ], [ 37.72006, -0.66197 ], [ 37.72006, -0.66193 ], [ 37.72006, -0.66184 ], [ 37.72006, -0.66179 ], [ 37.72006, -0.66175 ], [ 37.72011, -0.66166 ], [ 37.7202, -0.66158 ], [ 37.72024, -0.66149 ], [ 37.72028, -0.6614 ], [ 37.72033, -0.6614 ], [ 37.72033, -0.66136 ], [ 37.72033, -0.66127 ], [ 37.72033, -0.66118 ], [ 37.72033, -0.66105 ], [ 37.72033, -0.66096 ], [ 37.72033, -0.66092 ], [ 37.72024, -0.66079 ], [ 37.72024, -0.66074 ], [ 37.72024, -0.6607 ], [ 37.72015, -0.66066 ], [ 37.72011, -0.66057 ], [ 37.72006, -0.66057 ], [ 37.72006, -0.66053 ], [ 37.71998, -0.66048 ], [ 37.71998, -0.66044 ], [ 37.71998, -0.66039 ], [ 37.71989, -0.66039 ], [ 37.71989, -0.66035 ], [ 37.71954, -0.66022 ], [ 37.7195, -0.66022 ], [ 37.71945, -0.66022 ], [ 37.71932, -0.66022 ], [ 37.71928, -0.66022 ], [ 37.71923, -0.66022 ], [ 37.71923, -0.66026 ], [ 37.71901, -0.66026 ], [ 37.71893, -0.66026 ], [ 37.71888, -0.66026 ], [ 37.71884, -0.66026 ], [ 37.7188, -0.66031 ], [ 37.71867, -0.66035 ], [ 37.71862, -0.66035 ], [ 37.71862, -0.66039 ], [ 37.71853, -0.66044 ], [ 37.71845, -0.66053 ], [ 37.71836, -0.66057 ], [ 37.71827, -0.66057 ], [ 37.71827, -0.66061 ], [ 37.71823, -0.6607 ], [ 37.71818, -0.66074 ], [ 37.7181, -0.66079 ], [ 37.71788, -0.66083 ], [ 37.71775, -0.66092 ], [ 37.7177, -0.66092 ], [ 37.7177, -0.66096 ], [ 37.71766, -0.66101 ], [ 37.71766, -0.66109 ], [ 37.71766, -0.66114 ], [ 37.71766, -0.66118 ], [ 37.71766, -0.66127 ], [ 37.71762, -0.66136 ], [ 37.71753, -0.66144 ], [ 37.71748, -0.66144 ], [ 37.71735, -0.6614 ], [ 37.71731, -0.6614 ], [ 37.71727, -0.6614 ], [ 37.71722, -0.66136 ], [ 37.71718, -0.66131 ], [ 37.71718, -0.66127 ], [ 37.71714, -0.6612 ], [ 37.71713, -0.66118 ], [ 37.71713, -0.66109 ], [ 37.71713, -0.66105 ], [ 37.71713, -0.66101 ], [ 37.71713, -0.66096 ], [ 37.71713, -0.66088 ], [ 37.71713, -0.6607 ], [ 37.71713, -0.66066 ], [ 37.71713, -0.66061 ], [ 37.71713, -0.66053 ], [ 37.71713, -0.66048 ], [ 37.71709, -0.66039 ], [ 37.71709, -0.66035 ], [ 37.717, -0.66026 ], [ 37.71687, -0.66013 ], [ 37.71683, -0.66009 ], [ 37.71678, -0.66009 ], [ 37.7167, -0.66004 ], [ 37.71665, -0.66 ], [ 37.71661, -0.66 ], [ 37.71657, -0.66004 ], [ 37.71652, -0.66004 ], [ 37.71648, -0.66004 ], [ 37.7163, -0.66004 ], [ 37.71582, -0.66 ], [ 37.71573, -0.66 ], [ 37.71569, -0.66 ], [ 37.71565, -0.66 ], [ 37.7156, -0.65996 ], [ 37.71538, -0.65983 ], [ 37.71534, -0.65983 ], [ 37.71521, -0.65978 ], [ 37.71508, -0.65965 ], [ 37.71504, -0.65961 ], [ 37.71482, -0.65948 ], [ 37.71477, -0.65948 ], [ 37.71473, -0.65948 ], [ 37.71447, -0.65948 ], [ 37.71416, -0.65948 ], [ 37.71412, -0.65948 ], [ 37.71399, -0.65948 ], [ 37.71394, -0.65948 ], [ 37.71364, -0.65948 ], [ 37.71359, -0.65948 ], [ 37.7135, -0.65948 ], [ 37.71311, -0.65952 ], [ 37.71307, -0.65952 ], [ 37.71298, -0.65961 ], [ 37.71289, -0.65965 ], [ 37.7128, -0.65969 ], [ 37.7128, -0.65974 ], [ 37.7128, -0.65978 ], [ 37.7128, -0.65983 ], [ 37.7128, -0.65987 ], [ 37.71272, -0.65996 ], [ 37.71267, -0.66004 ], [ 37.71267, -0.66018 ], [ 37.71267, -0.66026 ], [ 37.71267, -0.66035 ], [ 37.71267, -0.66044 ], [ 37.71259, -0.66053 ], [ 37.71259, -0.66057 ], [ 37.71259, -0.66066 ], [ 37.71254, -0.66079 ], [ 37.71245, -0.66088 ], [ 37.71241, -0.66101 ], [ 37.71241, -0.66109 ], [ 37.71241, -0.66114 ], [ 37.71237, -0.66118 ], [ 37.71232, -0.66123 ], [ 37.71228, -0.66136 ], [ 37.71224, -0.66144 ], [ 37.71224, -0.66153 ], [ 37.71219, -0.66158 ], [ 37.71215, -0.66166 ], [ 37.7121, -0.66175 ], [ 37.7121, -0.66179 ], [ 37.71206, -0.66188 ], [ 37.71202, -0.66188 ], [ 37.71202, -0.66193 ], [ 37.71197, -0.66201 ], [ 37.71197, -0.66206 ], [ 37.71193, -0.66214 ], [ 37.71184, -0.66214 ], [ 37.7118, -0.66219 ], [ 37.71175, -0.66219 ], [ 37.71171, -0.66219 ], [ 37.71158, -0.66219 ], [ 37.71145, -0.66214 ], [ 37.71136, -0.66206 ], [ 37.71127, -0.66193 ], [ 37.7111, -0.66171 ], [ 37.7111, -0.66166 ], [ 37.7111, -0.66162 ], [ 37.71106, -0.66158 ], [ 37.71106, -0.66149 ], [ 37.71106, -0.66144 ], [ 37.71106, -0.6614 ], [ 37.71106, -0.66136 ], [ 37.7111, -0.66131 ], [ 37.71114, -0.66131 ], [ 37.71114, -0.66127 ], [ 37.71119, -0.66123 ], [ 37.71123, -0.66114 ], [ 37.71127, -0.66109 ], [ 37.71127, -0.66105 ], [ 37.71127, -0.66096 ], [ 37.71127, -0.66083 ], [ 37.71127, -0.66079 ], [ 37.71127, -0.66074 ], [ 37.71127, -0.6607 ], [ 37.71127, -0.66066 ], [ 37.71127, -0.66061 ], [ 37.71127, -0.66057 ], [ 37.71127, -0.66053 ], [ 37.71127, -0.66048 ], [ 37.71127, -0.66044 ], [ 37.71127, -0.66039 ], [ 37.71127, -0.66035 ], [ 37.71123, -0.66031 ], [ 37.71123, -0.66026 ], [ 37.71119, -0.66022 ], [ 37.71114, -0.66018 ], [ 37.71114, -0.66013 ], [ 37.7111, -0.66013 ], [ 37.71106, -0.66013 ], [ 37.71101, -0.66013 ], [ 37.71092, -0.66013 ], [ 37.71088, -0.66013 ], [ 37.71079, -0.66013 ], [ 37.71071, -0.66013 ], [ 37.71066, -0.66018 ], [ 37.71062, -0.66022 ], [ 37.71057, -0.66031 ], [ 37.71053, -0.66031 ], [ 37.71044, -0.66035 ], [ 37.71044, -0.66039 ], [ 37.71036, -0.66039 ], [ 37.71036, -0.66048 ], [ 37.71036, -0.66053 ], [ 37.71036, -0.66057 ], [ 37.71036, -0.66061 ], [ 37.71031, -0.66074 ], [ 37.71031, -0.66079 ], [ 37.71031, -0.66083 ], [ 37.71031, -0.66092 ], [ 37.71031, -0.66101 ], [ 37.71031, -0.66105 ], [ 37.71027, -0.66105 ], [ 37.71022, -0.66114 ], [ 37.71022, -0.66118 ], [ 37.71014, -0.66127 ], [ 37.71014, -0.66131 ], [ 37.71001, -0.66131 ], [ 37.70992, -0.66131 ], [ 37.70961, -0.66131 ], [ 37.70952, -0.66131 ], [ 37.70948, -0.66131 ], [ 37.70935, -0.66131 ], [ 37.70931, -0.66131 ], [ 37.70931, -0.66136 ], [ 37.70931, -0.6614 ], [ 37.70926, -0.66144 ], [ 37.70922, -0.66153 ], [ 37.70922, -0.66166 ], [ 37.70917, -0.66179 ], [ 37.70913, -0.66179 ], [ 37.70909, -0.66188 ], [ 37.70909, -0.66193 ], [ 37.709, -0.66201 ], [ 37.70887, -0.66206 ], [ 37.70882, -0.66206 ], [ 37.70878, -0.66206 ], [ 37.70874, -0.66206 ], [ 37.70874, -0.66201 ], [ 37.70869, -0.66201 ], [ 37.70861, -0.66197 ], [ 37.70852, -0.66193 ], [ 37.70847, -0.66188 ], [ 37.70843, -0.66188 ], [ 37.70839, -0.66184 ], [ 37.70834, -0.66175 ], [ 37.70826, -0.66171 ], [ 37.70826, -0.66166 ], [ 37.70821, -0.66166 ], [ 37.70821, -0.66162 ], [ 37.70821, -0.66158 ], [ 37.70821, -0.66153 ], [ 37.70804, -0.66092 ], [ 37.70799, -0.66088 ], [ 37.70799, -0.66074 ], [ 37.70795, -0.6607 ], [ 37.70795, -0.66066 ], [ 37.70791, -0.66066 ], [ 37.70786, -0.66066 ], [ 37.70782, -0.66066 ], [ 37.70782, -0.6607 ], [ 37.70777, -0.6607 ], [ 37.70777, -0.66074 ], [ 37.70777, -0.66079 ], [ 37.70777, -0.66088 ], [ 37.70773, -0.66096 ], [ 37.70773, -0.66109 ], [ 37.7076, -0.66118 ], [ 37.70738, -0.66127 ], [ 37.70725, -0.66127 ], [ 37.70721, -0.66127 ], [ 37.70716, -0.66127 ], [ 37.70703, -0.66109 ], [ 37.70703, -0.66105 ], [ 37.70703, -0.66101 ], [ 37.70699, -0.66101 ], [ 37.70694, -0.66096 ], [ 37.7069, -0.66096 ], [ 37.7069, -0.66092 ], [ 37.70681, -0.66092 ], [ 37.70677, -0.66092 ], [ 37.70673, -0.66092 ], [ 37.70664, -0.66092 ], [ 37.70659, -0.66088 ], [ 37.70651, -0.66083 ], [ 37.70642, -0.66083 ], [ 37.70638, -0.66083 ], [ 37.70629, -0.66079 ], [ 37.70624, -0.6607 ], [ 37.7062, -0.66061 ], [ 37.7062, -0.66053 ], [ 37.7062, -0.66048 ], [ 37.7062, -0.66044 ], [ 37.70598, -0.65978 ], [ 37.70568, -0.65908 ], [ 37.70508, -0.65891 ], [ 37.70506, -0.65891 ], [ 37.70506, -0.65895 ], [ 37.70506, -0.659 ], [ 37.70506, -0.65904 ], [ 37.70502, -0.65908 ], [ 37.70498, -0.65921 ], [ 37.70493, -0.65926 ], [ 37.70493, -0.6593 ], [ 37.70489, -0.65935 ], [ 37.70489, -0.65939 ], [ 37.70489, -0.65943 ], [ 37.70489, -0.65948 ], [ 37.7048, -0.65952 ], [ 37.7048, -0.65956 ], [ 37.70476, -0.65961 ], [ 37.70476, -0.65965 ], [ 37.70471, -0.65969 ], [ 37.70471, -0.65974 ], [ 37.70471, -0.65983 ], [ 37.70471, -0.65991 ], [ 37.70471, -0.65996 ], [ 37.70471, -0.66 ], [ 37.70471, -0.66004 ], [ 37.70471, -0.66009 ], [ 37.70471, -0.66013 ], [ 37.70471, -0.66018 ], [ 37.70471, -0.66022 ], [ 37.70471, -0.66026 ], [ 37.70471, -0.66031 ], [ 37.70471, -0.66044 ], [ 37.70471, -0.66048 ], [ 37.70471, -0.66057 ], [ 37.70471, -0.66066 ], [ 37.70471, -0.6607 ], [ 37.70471, -0.66074 ], [ 37.70467, -0.66083 ], [ 37.70463, -0.66092 ], [ 37.70463, -0.66096 ], [ 37.70463, -0.66101 ], [ 37.70449, -0.66105 ], [ 37.70441, -0.66109 ], [ 37.70436, -0.66109 ], [ 37.70428, -0.66109 ], [ 37.70423, -0.66109 ], [ 37.70419, -0.66109 ], [ 37.70414, -0.66109 ], [ 37.7041, -0.66114 ], [ 37.70401, -0.66114 ], [ 37.70397, -0.66114 ], [ 37.70393, -0.66118 ], [ 37.70384, -0.66118 ], [ 37.70379, -0.66118 ], [ 37.70375, -0.66118 ], [ 37.70362, -0.66118 ], [ 37.70362, -0.66123 ], [ 37.70353, -0.66131 ], [ 37.70349, -0.66131 ], [ 37.70349, -0.66136 ], [ 37.70345, -0.6614 ], [ 37.7034, -0.6614 ], [ 37.70336, -0.66144 ], [ 37.70331, -0.66144 ], [ 37.70323, -0.66144 ], [ 37.70323, -0.66149 ], [ 37.70314, -0.66149 ], [ 37.70305, -0.66149 ], [ 37.70296, -0.66149 ], [ 37.70292, -0.66149 ], [ 37.70283, -0.66153 ], [ 37.70283, -0.66158 ], [ 37.70279, -0.66162 ], [ 37.70275, -0.66166 ], [ 37.7027, -0.66171 ], [ 37.70266, -0.66184 ], [ 37.70257, -0.66197 ], [ 37.70253, -0.66206 ], [ 37.70248, -0.66214 ], [ 37.70248, -0.66219 ], [ 37.70248, -0.66223 ], [ 37.70244, -0.66232 ], [ 37.7024, -0.66236 ], [ 37.7024, -0.66241 ], [ 37.7024, -0.66245 ], [ 37.70244, -0.66262 ], [ 37.70253, -0.66267 ], [ 37.70253, -0.66276 ], [ 37.70257, -0.66276 ], [ 37.70266, -0.6628 ], [ 37.70266, -0.66284 ], [ 37.70275, -0.66289 ], [ 37.70279, -0.66289 ], [ 37.70288, -0.66289 ], [ 37.70288, -0.66293 ], [ 37.70292, -0.66293 ], [ 37.70296, -0.66297 ], [ 37.70296, -0.66306 ], [ 37.70296, -0.66315 ], [ 37.70296, -0.66337 ], [ 37.70292, -0.66346 ], [ 37.70292, -0.6635 ], [ 37.70296, -0.66363 ], [ 37.70296, -0.66367 ], [ 37.70296, -0.66372 ], [ 37.70301, -0.66381 ], [ 37.70301, -0.66389 ], [ 37.70301, -0.66394 ], [ 37.70301, -0.66398 ], [ 37.70301, -0.66402 ], [ 37.70301, -0.66416 ], [ 37.70301, -0.6642 ], [ 37.70301, -0.66429 ], [ 37.70301, -0.66433 ], [ 37.70301, -0.66442 ], [ 37.70301, -0.66451 ], [ 37.70296, -0.66459 ], [ 37.70292, -0.66472 ], [ 37.70288, -0.66481 ], [ 37.70288, -0.66486 ], [ 37.70288, -0.66494 ], [ 37.70283, -0.66499 ], [ 37.70283, -0.66503 ], [ 37.70279, -0.66512 ], [ 37.70279, -0.66516 ], [ 37.70275, -0.66521 ], [ 37.7027, -0.66525 ], [ 37.70261, -0.66529 ], [ 37.70257, -0.66534 ], [ 37.70248, -0.66534 ], [ 37.70244, -0.66534 ], [ 37.7024, -0.66534 ], [ 37.70235, -0.66534 ], [ 37.70231, -0.66534 ], [ 37.70222, -0.66534 ], [ 37.70218, -0.66534 ], [ 37.70213, -0.66534 ], [ 37.70209, -0.66529 ], [ 37.702, -0.66525 ], [ 37.70196, -0.66525 ], [ 37.70191, -0.66525 ], [ 37.70191, -0.66521 ], [ 37.70191, -0.66516 ], [ 37.70191, -0.66512 ], [ 37.70191, -0.66507 ], [ 37.70191, -0.66503 ], [ 37.70191, -0.66486 ], [ 37.70191, -0.66481 ], [ 37.70196, -0.66481 ], [ 37.70196, -0.66477 ], [ 37.70209, -0.66464 ], [ 37.70213, -0.66459 ], [ 37.70213, -0.66451 ], [ 37.70213, -0.66446 ], [ 37.70218, -0.66429 ], [ 37.70218, -0.66424 ], [ 37.70218, -0.6642 ], [ 37.70218, -0.66416 ], [ 37.70218, -0.66411 ], [ 37.70218, -0.66407 ], [ 37.70213, -0.66407 ], [ 37.70209, -0.66407 ], [ 37.70205, -0.66407 ], [ 37.70191, -0.66407 ], [ 37.70187, -0.66407 ], [ 37.70178, -0.66407 ], [ 37.7017, -0.66407 ], [ 37.70165, -0.66407 ], [ 37.70152, -0.66402 ], [ 37.70121, -0.66398 ], [ 37.70117, -0.66398 ], [ 37.70095, -0.66398 ], [ 37.70091, -0.66398 ], [ 37.70082, -0.66398 ], [ 37.70073, -0.66398 ], [ 37.7006, -0.66398 ], [ 37.70051, -0.66398 ], [ 37.70047, -0.66398 ], [ 37.70043, -0.66398 ], [ 37.70012, -0.66389 ], [ 37.70008, -0.66389 ], [ 37.69968, -0.66385 ], [ 37.69964, -0.66385 ], [ 37.6996, -0.66385 ], [ 37.6992, -0.66381 ], [ 37.69912, -0.66381 ], [ 37.6989, -0.66381 ], [ 37.69881, -0.66381 ], [ 37.69877, -0.66381 ], [ 37.69863, -0.66381 ], [ 37.69859, -0.66381 ], [ 37.69837, -0.66381 ], [ 37.69833, -0.66376 ], [ 37.69828, -0.66372 ], [ 37.69828, -0.66367 ], [ 37.69824, -0.6635 ], [ 37.69824, -0.66341 ], [ 37.69824, -0.66332 ], [ 37.69824, -0.66328 ], [ 37.69824, -0.66319 ], [ 37.69824, -0.66315 ], [ 37.69824, -0.66315 ], [ 37.69824, -0.66302 ], [ 37.69828, -0.66289 ], [ 37.69833, -0.6628 ], [ 37.69833, -0.66276 ], [ 37.69833, -0.66271 ], [ 37.69837, -0.66258 ], [ 37.69837, -0.66254 ], [ 37.69837, -0.66249 ], [ 37.69837, -0.66245 ], [ 37.69846, -0.66245 ], [ 37.69855, -0.66245 ], [ 37.69859, -0.66245 ], [ 37.69863, -0.66245 ], [ 37.69868, -0.66245 ], [ 37.69872, -0.66241 ], [ 37.69877, -0.66228 ], [ 37.69885, -0.66223 ], [ 37.69894, -0.6621 ], [ 37.69898, -0.66206 ], [ 37.69898, -0.66201 ], [ 37.69898, -0.66197 ], [ 37.69898, -0.66193 ], [ 37.69898, -0.66188 ], [ 37.69885, -0.66166 ], [ 37.69885, -0.66162 ], [ 37.69885, -0.66158 ], [ 37.69881, -0.66158 ], [ 37.69872, -0.66149 ], [ 37.69872, -0.66144 ], [ 37.69868, -0.6614 ], [ 37.69863, -0.66127 ], [ 37.69859, -0.66118 ], [ 37.69855, -0.66114 ], [ 37.69837, -0.66105 ], [ 37.69828, -0.66105 ], [ 37.69798, -0.66105 ], [ 37.69793, -0.66105 ], [ 37.69785, -0.66114 ], [ 37.6978, -0.66114 ], [ 37.69772, -0.66123 ], [ 37.69767, -0.66127 ], [ 37.69763, -0.66127 ], [ 37.69758, -0.66127 ], [ 37.69723, -0.66127 ], [ 37.69715, -0.66127 ], [ 37.69675, -0.66114 ], [ 37.69662, -0.66109 ], [ 37.69653, -0.66105 ], [ 37.69645, -0.66101 ], [ 37.69623, -0.66088 ], [ 37.69618, -0.66083 ], [ 37.69618, -0.66082 ], [ 37.69618, -0.66079 ], [ 37.69614, -0.66074 ], [ 37.6961, -0.66074 ], [ 37.69601, -0.6607 ], [ 37.69601, -0.66066 ], [ 37.69597, -0.66061 ], [ 37.69592, -0.66048 ], [ 37.69588, -0.66044 ], [ 37.69588, -0.66039 ], [ 37.69588, -0.66031 ], [ 37.69588, -0.66026 ], [ 37.69588, -0.66022 ], [ 37.69592, -0.66013 ], [ 37.69592, -0.66009 ], [ 37.69592, -0.66004 ], [ 37.69592, -0.66 ], [ 37.69597, -0.66 ], [ 37.69601, -0.65991 ], [ 37.69605, -0.65991 ], [ 37.6961, -0.65987 ], [ 37.69614, -0.65987 ], [ 37.69614, -0.65983 ], [ 37.69618, -0.65978 ], [ 37.69623, -0.65978 ], [ 37.69627, -0.65974 ], [ 37.69627, -0.65969 ], [ 37.69632, -0.65969 ], [ 37.69632, -0.65965 ], [ 37.69636, -0.65961 ], [ 37.6964, -0.65956 ], [ 37.69645, -0.65952 ], [ 37.69653, -0.65948 ], [ 37.69653, -0.65943 ], [ 37.69653, -0.65939 ], [ 37.69653, -0.65935 ], [ 37.69653, -0.6593 ], [ 37.69649, -0.6593 ], [ 37.69645, -0.6593 ], [ 37.69645, -0.65926 ], [ 37.6964, -0.65926 ], [ 37.6964, -0.65921 ], [ 37.69636, -0.65921 ], [ 37.69632, -0.65917 ], [ 37.69627, -0.65917 ], [ 37.69627, -0.65913 ], [ 37.69623, -0.65913 ], [ 37.69618, -0.65913 ], [ 37.69614, -0.65913 ], [ 37.69605, -0.65913 ], [ 37.69601, -0.65913 ], [ 37.6957, -0.65904 ], [ 37.69562, -0.65895 ], [ 37.69553, -0.65891 ], [ 37.69549, -0.65886 ], [ 37.69505, -0.65856 ], [ 37.695, -0.65851 ], [ 37.69496, -0.65851 ], [ 37.69487, -0.65856 ], [ 37.69479, -0.6586 ], [ 37.69474, -0.6586 ], [ 37.6947, -0.65865 ], [ 37.69461, -0.65873 ], [ 37.69461, -0.65878 ], [ 37.69461, -0.65886 ], [ 37.69461, -0.65891 ], [ 37.69461, -0.659 ], [ 37.69461, -0.65913 ], [ 37.69461, -0.65921 ], [ 37.69461, -0.6593 ], [ 37.69461, -0.65939 ], [ 37.69461, -0.65943 ], [ 37.69461, -0.65956 ], [ 37.69461, -0.65969 ], [ 37.69461, -0.65974 ], [ 37.69461, -0.65983 ], [ 37.69461, -0.65996 ], [ 37.69461, -0.66004 ], [ 37.69461, -0.66009 ], [ 37.69461, -0.66022 ], [ 37.69461, -0.66031 ], [ 37.69461, -0.66039 ], [ 37.69439, -0.66048 ], [ 37.69439, -0.66053 ], [ 37.69435, -0.66053 ], [ 37.6943, -0.66053 ], [ 37.6943, -0.66048 ], [ 37.69422, -0.66035 ], [ 37.69417, -0.66035 ], [ 37.69409, -0.66022 ], [ 37.69395, -0.66013 ], [ 37.69382, -0.66 ], [ 37.69374, -0.65987 ], [ 37.69369, -0.65983 ], [ 37.69356, -0.65978 ], [ 37.69356, -0.65974 ], [ 37.69339, -0.65969 ], [ 37.69334, -0.65965 ], [ 37.69321, -0.65956 ], [ 37.69304, -0.65943 ], [ 37.69299, -0.65939 ], [ 37.6929, -0.65939 ], [ 37.6926, -0.65921 ], [ 37.69251, -0.65921 ], [ 37.69238, -0.65921 ], [ 37.69212, -0.65921 ], [ 37.69207, -0.65921 ], [ 37.69181, -0.65926 ], [ 37.69172, -0.6593 ], [ 37.69168, -0.6593 ], [ 37.69124, -0.6593 ], [ 37.69116, -0.6593 ], [ 37.69102, -0.65926 ], [ 37.69089, -0.65921 ], [ 37.69085, -0.65921 ], [ 37.69085, -0.65917 ], [ 37.69085, -0.65913 ], [ 37.69085, -0.65904 ], [ 37.69085, -0.65895 ], [ 37.69085, -0.65886 ], [ 37.69085, -0.65882 ], [ 37.69085, -0.65878 ], [ 37.69085, -0.65869 ], [ 37.69085, -0.6586 ], [ 37.69089, -0.65856 ], [ 37.69098, -0.65856 ], [ 37.69098, -0.65851 ], [ 37.69102, -0.65851 ], [ 37.69107, -0.65851 ], [ 37.69116, -0.65847 ], [ 37.69124, -0.65847 ], [ 37.69129, -0.65847 ], [ 37.69133, -0.65843 ], [ 37.69142, -0.65838 ], [ 37.69159, -0.65838 ], [ 37.69159, -0.6583 ], [ 37.69159, -0.65825 ], [ 37.69164, -0.65821 ], [ 37.69164, -0.65816 ], [ 37.69164, -0.65812 ], [ 37.69164, -0.65808 ], [ 37.69164, -0.65803 ], [ 37.69164, -0.65799 ], [ 37.69164, -0.65795 ], [ 37.69164, -0.6579 ], [ 37.69164, -0.65786 ], [ 37.69164, -0.65781 ], [ 37.69164, -0.65777 ], [ 37.69164, -0.65773 ], [ 37.69164, -0.65768 ], [ 37.69164, -0.65764 ], [ 37.69164, -0.6576 ], [ 37.69164, -0.65755 ], [ 37.69159, -0.65755 ], [ 37.69159, -0.65751 ], [ 37.69155, -0.65751 ], [ 37.69155, -0.65746 ], [ 37.69142, -0.65742 ], [ 37.69133, -0.65738 ], [ 37.69129, -0.65738 ], [ 37.69124, -0.65738 ], [ 37.69111, -0.65733 ], [ 37.69107, -0.65733 ], [ 37.69098, -0.65738 ], [ 37.69081, -0.65738 ], [ 37.69063, -0.65738 ], [ 37.69059, -0.65738 ], [ 37.69046, -0.65738 ], [ 37.69037, -0.65738 ], [ 37.69032, -0.65738 ], [ 37.69015, -0.65738 ], [ 37.68993, -0.65738 ], [ 37.68989, -0.65738 ], [ 37.68984, -0.65738 ], [ 37.68958, -0.65738 ], [ 37.68923, -0.65733 ], [ 37.68914, -0.65733 ], [ 37.68901, -0.65729 ], [ 37.68897, -0.65729 ], [ 37.68892, -0.65729 ], [ 37.68892, -0.65725 ], [ 37.68888, -0.6572 ], [ 37.68884, -0.6572 ], [ 37.68884, -0.65716 ], [ 37.68879, -0.65716 ], [ 37.68866, -0.65711 ], [ 37.68853, -0.65707 ], [ 37.68849, -0.65707 ], [ 37.68844, -0.65707 ], [ 37.68822, -0.65698 ], [ 37.68792, -0.65685 ], [ 37.68788, -0.65685 ], [ 37.68783, -0.65685 ], [ 37.68766, -0.65685 ], [ 37.68761, -0.65685 ], [ 37.68748, -0.65685 ], [ 37.68739, -0.65685 ], [ 37.68726, -0.65685 ], [ 37.68713, -0.65685 ], [ 37.687, -0.65685 ], [ 37.68696, -0.65685 ], [ 37.68691, -0.65681 ], [ 37.68687, -0.65681 ], [ 37.68683, -0.65681 ], [ 37.68678, -0.65676 ], [ 37.68674, -0.65676 ], [ 37.68669, -0.65672 ], [ 37.68661, -0.65668 ], [ 37.68656, -0.65668 ], [ 37.68652, -0.65663 ], [ 37.68639, -0.65655 ], [ 37.68634, -0.65646 ], [ 37.6863, -0.65646 ], [ 37.68621, -0.65642 ], [ 37.68591, -0.65633 ], [ 37.68569, -0.65624 ], [ 37.68564, -0.65624 ], [ 37.68551, -0.65624 ], [ 37.68534, -0.65624 ], [ 37.68529, -0.65624 ], [ 37.68521, -0.65624 ], [ 37.68503, -0.65624 ], [ 37.68486, -0.65628 ], [ 37.68481, -0.65628 ], [ 37.68473, -0.65633 ], [ 37.68455, -0.65633 ], [ 37.68451, -0.65633 ], [ 37.68438, -0.65633 ], [ 37.68403, -0.65624 ], [ 37.68398, -0.65624 ], [ 37.68394, -0.65624 ], [ 37.6839, -0.65624 ], [ 37.68355, -0.6562 ], [ 37.68315, -0.6562 ], [ 37.68311, -0.6562 ], [ 37.68293, -0.6562 ], [ 37.68289, -0.6562 ], [ 37.68285, -0.6562 ], [ 37.68263, -0.6562 ], [ 37.6825, -0.6562 ], [ 37.68245, -0.6562 ], [ 37.68236, -0.6562 ], [ 37.68228, -0.6562 ], [ 37.68215, -0.6562 ], [ 37.6821, -0.6562 ], [ 37.68206, -0.6562 ], [ 37.68201, -0.6562 ], [ 37.68197, -0.6562 ], [ 37.68193, -0.6562 ], [ 37.68188, -0.6562 ], [ 37.68188, -0.65611 ], [ 37.68184, -0.65611 ], [ 37.6818, -0.65607 ], [ 37.6818, -0.65602 ], [ 37.6818, -0.65593 ], [ 37.68171, -0.65585 ], [ 37.68171, -0.6558 ], [ 37.68162, -0.65576 ], [ 37.68153, -0.65563 ], [ 37.68149, -0.65563 ], [ 37.6814, -0.6555 ], [ 37.68131, -0.65545 ], [ 37.68131, -0.65541 ], [ 37.68131, -0.65537 ], [ 37.68131, -0.65532 ], [ 37.68131, -0.65528 ], [ 37.68131, -0.65523 ], [ 37.68131, -0.65519 ], [ 37.68131, -0.65506 ], [ 37.68131, -0.65502 ], [ 37.68131, -0.65493 ], [ 37.68131, -0.65484 ], [ 37.68131, -0.65475 ], [ 37.68131, -0.65471 ], [ 37.68131, -0.65458 ], [ 37.68131, -0.65449 ], [ 37.68131, -0.6544 ], [ 37.68131, -0.65436 ], [ 37.68127, -0.65432 ], [ 37.68123, -0.65427 ], [ 37.68118, -0.65427 ], [ 37.68114, -0.65423 ], [ 37.6811, -0.65423 ], [ 37.68105, -0.65423 ], [ 37.68101, -0.65423 ], [ 37.68092, -0.65423 ], [ 37.68092, -0.65418 ], [ 37.68088, -0.65418 ], [ 37.68083, -0.65414 ], [ 37.68075, -0.65405 ], [ 37.68066, -0.65401 ], [ 37.68066, -0.65397 ], [ 37.68035, -0.65397 ], [ 37.67983, -0.65397 ], [ 37.67974, -0.65397 ], [ 37.67961, -0.65397 ], [ 37.67957, -0.65397 ], [ 37.67952, -0.65397 ], [ 37.67948, -0.65397 ], [ 37.67939, -0.65397 ], [ 37.67935, -0.65397 ], [ 37.6793, -0.65397 ], [ 37.67926, -0.65397 ], [ 37.67917, -0.65397 ], [ 37.67913, -0.65397 ], [ 37.67908, -0.65397 ], [ 37.67904, -0.65397 ], [ 37.67895, -0.65397 ], [ 37.67895, -0.65392 ], [ 37.67887, -0.65392 ], [ 37.67878, -0.65388 ], [ 37.67873, -0.65383 ], [ 37.67869, -0.65375 ], [ 37.6786, -0.6537 ], [ 37.67856, -0.65366 ], [ 37.67856, -0.65362 ], [ 37.67852, -0.65357 ], [ 37.67847, -0.65353 ], [ 37.67808, -0.65362 ], [ 37.67803, -0.65362 ], [ 37.67786, -0.65375 ], [ 37.67782, -0.65375 ], [ 37.67782, -0.65383 ], [ 37.67777, -0.65388 ], [ 37.67768, -0.65397 ], [ 37.67768, -0.65401 ], [ 37.67764, -0.65405 ], [ 37.67751, -0.65414 ], [ 37.67742, -0.65418 ], [ 37.67742, -0.65423 ], [ 37.67733, -0.65432 ], [ 37.67729, -0.65436 ], [ 37.67725, -0.65445 ], [ 37.67716, -0.65453 ], [ 37.67712, -0.65462 ], [ 37.67707, -0.65471 ], [ 37.67703, -0.65475 ], [ 37.67698, -0.65475 ], [ 37.67698, -0.65484 ], [ 37.67698, -0.65488 ], [ 37.67698, -0.65497 ], [ 37.67694, -0.65506 ], [ 37.6769, -0.65515 ], [ 37.67681, -0.65523 ], [ 37.67677, -0.65528 ], [ 37.67663, -0.65532 ], [ 37.67659, -0.65532 ], [ 37.67655, -0.65532 ], [ 37.67633, -0.65532 ], [ 37.67629, -0.65528 ], [ 37.6762, -0.65523 ], [ 37.67607, -0.65519 ], [ 37.67589, -0.65506 ], [ 37.67589, -0.65502 ], [ 37.6758, -0.65493 ], [ 37.67576, -0.65484 ], [ 37.67576, -0.65471 ], [ 37.67572, -0.65467 ], [ 37.67572, -0.65462 ], [ 37.67572, -0.65458 ], [ 37.67572, -0.65445 ], [ 37.67572, -0.6544 ], [ 37.67572, -0.65436 ], [ 37.67572, -0.65432 ], [ 37.67572, -0.65423 ], [ 37.67572, -0.6541 ], [ 37.67572, -0.65401 ], [ 37.67572, -0.65397 ], [ 37.67554, -0.65388 ], [ 37.6755, -0.65383 ], [ 37.67545, -0.65379 ], [ 37.67532, -0.6537 ], [ 37.67528, -0.6537 ], [ 37.67519, -0.65362 ], [ 37.67506, -0.65353 ], [ 37.67502, -0.65344 ], [ 37.67497, -0.65344 ], [ 37.67493, -0.65335 ], [ 37.67489, -0.65331 ], [ 37.6748, -0.65327 ], [ 37.67475, -0.65322 ], [ 37.67475, -0.65314 ], [ 37.67471, -0.65305 ], [ 37.67471, -0.65296 ], [ 37.67471, -0.65287 ], [ 37.67467, -0.65274 ], [ 37.67462, -0.65265 ], [ 37.67458, -0.65261 ], [ 37.67454, -0.65257 ], [ 37.67445, -0.65248 ], [ 37.67427, -0.65239 ], [ 37.67392, -0.6523 ], [ 37.67384, -0.6523 ], [ 37.67379, -0.6523 ], [ 37.67349, -0.6523 ], [ 37.67331, -0.65226 ], [ 37.67314, -0.65222 ], [ 37.67309, -0.65222 ], [ 37.673, -0.65222 ], [ 37.67235, -0.65217 ], [ 37.67226, -0.65217 ], [ 37.67222, -0.65217 ], [ 37.67217, -0.65222 ], [ 37.67204, -0.65222 ], [ 37.67169, -0.65226 ], [ 37.67165, -0.65226 ], [ 37.67156, -0.65226 ], [ 37.67152, -0.65226 ], [ 37.67143, -0.65226 ], [ 37.67139, -0.65226 ], [ 37.67134, -0.65226 ], [ 37.6713, -0.65222 ], [ 37.67121, -0.65217 ], [ 37.67117, -0.65213 ], [ 37.67112, -0.65213 ], [ 37.67108, -0.65209 ], [ 37.67108, -0.65204 ], [ 37.67108, -0.652 ], [ 37.67108, -0.65191 ], [ 37.67104, -0.65187 ], [ 37.67099, -0.65182 ], [ 37.67091, -0.65174 ], [ 37.67082, -0.65165 ], [ 37.67077, -0.65165 ], [ 37.67073, -0.65165 ], [ 37.6706, -0.6516 ], [ 37.67051, -0.65156 ], [ 37.67047, -0.65156 ], [ 37.67029, -0.65152 ], [ 37.67016, -0.65139 ], [ 37.66981, -0.65121 ], [ 37.66977, -0.65121 ], [ 37.66972, -0.65121 ], [ 37.66929, -0.65104 ], [ 37.66924, -0.65104 ], [ 37.6692, -0.65099 ], [ 37.6692, -0.65095 ], [ 37.66916, -0.65069 ], [ 37.66916, -0.65064 ], [ 37.66898, -0.65021 ], [ 37.66898, -0.64999 ], [ 37.66898, -0.64981 ], [ 37.66898, -0.64968 ], [ 37.66898, -0.64964 ], [ 37.66898, -0.64951 ], [ 37.66898, -0.64929 ], [ 37.66898, -0.64924 ], [ 37.66898, -0.64907 ], [ 37.66898, -0.64898 ], [ 37.66898, -0.64889 ], [ 37.66898, -0.64876 ], [ 37.66898, -0.64872 ], [ 37.66898, -0.64863 ], [ 37.66898, -0.64854 ], [ 37.66898, -0.6485 ], [ 37.66898, -0.64846 ], [ 37.66898, -0.64837 ], [ 37.66898, -0.64832 ], [ 37.66898, -0.64828 ], [ 37.66898, -0.64819 ], [ 37.66898, -0.64815 ], [ 37.66898, -0.64806 ], [ 37.66898, -0.64793 ], [ 37.66898, -0.64789 ], [ 37.66894, -0.64784 ], [ 37.66885, -0.64771 ], [ 37.66881, -0.64754 ], [ 37.66881, -0.64745 ], [ 37.66872, -0.64728 ], [ 37.66872, -0.64723 ], [ 37.66863, -0.64714 ], [ 37.66841, -0.64697 ], [ 37.66837, -0.64697 ], [ 37.66828, -0.64697 ], [ 37.66824, -0.64697 ], [ 37.66815, -0.64697 ], [ 37.66811, -0.64697 ], [ 37.66802, -0.64697 ], [ 37.66798, -0.64697 ], [ 37.66784, -0.64697 ], [ 37.6678, -0.64697 ], [ 37.66776, -0.64697 ], [ 37.66771, -0.64697 ], [ 37.66767, -0.64697 ], [ 37.66758, -0.64697 ], [ 37.66754, -0.64693 ], [ 37.66749, -0.64688 ], [ 37.66741, -0.64679 ], [ 37.66741, -0.64675 ], [ 37.66736, -0.64675 ], [ 37.66732, -0.64666 ], [ 37.66728, -0.64649 ], [ 37.66728, -0.64644 ], [ 37.66728, -0.64636 ], [ 37.66728, -0.64623 ], [ 37.66728, -0.64618 ], [ 37.66728, -0.64614 ], [ 37.66719, -0.64614 ], [ 37.66714, -0.64609 ], [ 37.66706, -0.64601 ], [ 37.66701, -0.64601 ], [ 37.66697, -0.64596 ], [ 37.66688, -0.64592 ], [ 37.66684, -0.64579 ], [ 37.66684, -0.6457 ], [ 37.66684, -0.64561 ], [ 37.66684, -0.64557 ], [ 37.66684, -0.64553 ], [ 37.66684, -0.64548 ], [ 37.66688, -0.64544 ], [ 37.66688, -0.64539 ], [ 37.66693, -0.64535 ], [ 37.66701, -0.64526 ], [ 37.66714, -0.64522 ], [ 37.66723, -0.64518 ], [ 37.66728, -0.64518 ], [ 37.66732, -0.64518 ], [ 37.66749, -0.64513 ], [ 37.66758, -0.64509 ], [ 37.66771, -0.64505 ], [ 37.6678, -0.645 ], [ 37.66784, -0.64496 ], [ 37.66789, -0.64491 ], [ 37.66798, -0.64483 ], [ 37.66802, -0.6447 ], [ 37.66806, -0.64461 ], [ 37.66811, -0.64443 ], [ 37.66811, -0.6443 ], [ 37.66811, -0.64426 ], [ 37.66811, -0.64417 ], [ 37.66811, -0.64413 ], [ 37.66806, -0.644 ], [ 37.66806, -0.64395 ], [ 37.66798, -0.64378 ], [ 37.66798, -0.64369 ], [ 37.66793, -0.64369 ], [ 37.6678, -0.6436 ], [ 37.66771, -0.6436 ], [ 37.66745, -0.6436 ], [ 37.6671, -0.64356 ], [ 37.66701, -0.64356 ], [ 37.66693, -0.64356 ], [ 37.66688, -0.64356 ], [ 37.66675, -0.64334 ], [ 37.66662, -0.64316 ], [ 37.66662, -0.64312 ], [ 37.66658, -0.64286 ], [ 37.66658, -0.64277 ], [ 37.66658, -0.6426 ], [ 37.66658, -0.64255 ], [ 37.66662, -0.64255 ], [ 37.66666, -0.64255 ], [ 37.66671, -0.64255 ], [ 37.66675, -0.64255 ], [ 37.66675, -0.64242 ], [ 37.66662, -0.6422 ], [ 37.66658, -0.64216 ], [ 37.66658, -0.64212 ], [ 37.66653, -0.64212 ], [ 37.66649, -0.64212 ], [ 37.66647, -0.64212 ], [ 37.66644, -0.64212 ], [ 37.6664, -0.64212 ], [ 37.66636, -0.64212 ], [ 37.66631, -0.64212 ], [ 37.66627, -0.64212 ], [ 37.66618, -0.64207 ], [ 37.66614, -0.64207 ], [ 37.66609, -0.64207 ], [ 37.66605, -0.64207 ], [ 37.66605, -0.64212 ], [ 37.66601, -0.64216 ], [ 37.66596, -0.6422 ], [ 37.66596, -0.64229 ], [ 37.66596, -0.64233 ], [ 37.66592, -0.64242 ], [ 37.66588, -0.64251 ], [ 37.66588, -0.64255 ], [ 37.66583, -0.64264 ], [ 37.66583, -0.64268 ], [ 37.66583, -0.64281 ], [ 37.66583, -0.64286 ], [ 37.66583, -0.6429 ], [ 37.66583, -0.64299 ], [ 37.66583, -0.64303 ], [ 37.66588, -0.64312 ], [ 37.66588, -0.64316 ], [ 37.66588, -0.64321 ], [ 37.66588, -0.64325 ], [ 37.66588, -0.64334 ], [ 37.66588, -0.64343 ], [ 37.66588, -0.64347 ], [ 37.66583, -0.64356 ], [ 37.66583, -0.64369 ], [ 37.66574, -0.64373 ], [ 37.66561, -0.64382 ], [ 37.66548, -0.64382 ], [ 37.66544, -0.64382 ], [ 37.66535, -0.64382 ], [ 37.66526, -0.64378 ], [ 37.66518, -0.64378 ], [ 37.66513, -0.64378 ], [ 37.66513, -0.64373 ], [ 37.66509, -0.64373 ], [ 37.66509, -0.64369 ], [ 37.66504, -0.64365 ], [ 37.665, -0.6436 ], [ 37.665, -0.64356 ], [ 37.66483, -0.64338 ], [ 37.6647, -0.64321 ], [ 37.66465, -0.64321 ], [ 37.66452, -0.64316 ], [ 37.66448, -0.64312 ], [ 37.66426, -0.64303 ], [ 37.66421, -0.64299 ], [ 37.66413, -0.6429 ], [ 37.66408, -0.64281 ], [ 37.66404, -0.64277 ], [ 37.664, -0.64273 ], [ 37.664, -0.64268 ], [ 37.66395, -0.6426 ], [ 37.66391, -0.64251 ], [ 37.66391, -0.64242 ], [ 37.66386, -0.64233 ], [ 37.66386, -0.64229 ], [ 37.66386, -0.64225 ], [ 37.66386, -0.6422 ], [ 37.66378, -0.64212 ], [ 37.66373, -0.64203 ], [ 37.66373, -0.64198 ], [ 37.66365, -0.6419 ], [ 37.66365, -0.64185 ], [ 37.66351, -0.64185 ], [ 37.66303, -0.64185 ], [ 37.66295, -0.64185 ], [ 37.66295, -0.6419 ], [ 37.66295, -0.64194 ], [ 37.6629, -0.64198 ], [ 37.66286, -0.64198 ], [ 37.66286, -0.64203 ], [ 37.66281, -0.64203 ], [ 37.66277, -0.64207 ], [ 37.66273, -0.64207 ], [ 37.66273, -0.64212 ], [ 37.66264, -0.64212 ], [ 37.6626, -0.64212 ], [ 37.66255, -0.64216 ], [ 37.66251, -0.64216 ], [ 37.66246, -0.64216 ], [ 37.66242, -0.64216 ], [ 37.66238, -0.64216 ], [ 37.66233, -0.64216 ], [ 37.66229, -0.64216 ], [ 37.66225, -0.64216 ], [ 37.6622, -0.64216 ], [ 37.66216, -0.64216 ], [ 37.66211, -0.64216 ], [ 37.66203, -0.64216 ], [ 37.66198, -0.64216 ], [ 37.6619, -0.64216 ], [ 37.66187, -0.64216 ], [ 37.66185, -0.64216 ], [ 37.66181, -0.64216 ], [ 37.66172, -0.64216 ], [ 37.66168, -0.64212 ], [ 37.66163, -0.64212 ], [ 37.66159, -0.64212 ], [ 37.66159, -0.64207 ], [ 37.66159, -0.64203 ], [ 37.66159, -0.64198 ], [ 37.66155, -0.64198 ], [ 37.6615, -0.64194 ], [ 37.66146, -0.6419 ], [ 37.66146, -0.64181 ], [ 37.66146, -0.64172 ], [ 37.66146, -0.64163 ], [ 37.66146, -0.64155 ], [ 37.66146, -0.64146 ], [ 37.66146, -0.64142 ], [ 37.66146, -0.64137 ], [ 37.6615, -0.64137 ], [ 37.6615, -0.64133 ], [ 37.66155, -0.64133 ], [ 37.66159, -0.64128 ], [ 37.66163, -0.64128 ], [ 37.66168, -0.64124 ], [ 37.66172, -0.64124 ], [ 37.66176, -0.64124 ], [ 37.66181, -0.64124 ], [ 37.6619, -0.64124 ], [ 37.66198, -0.64115 ], [ 37.66203, -0.64115 ], [ 37.66207, -0.64111 ], [ 37.66216, -0.64107 ], [ 37.6622, -0.64102 ], [ 37.66225, -0.64102 ], [ 37.66229, -0.64098 ], [ 37.66233, -0.6408 ], [ 37.66238, -0.64072 ], [ 37.66246, -0.64058 ], [ 37.6626, -0.64045 ], [ 37.66264, -0.64032 ], [ 37.66273, -0.64023 ], [ 37.66273, -0.64015 ], [ 37.66273, -0.64006 ], [ 37.66273, -0.64002 ], [ 37.66273, -0.63997 ], [ 37.66268, -0.63988 ], [ 37.66264, -0.63984 ], [ 37.66264, -0.6398 ], [ 37.6626, -0.6398 ], [ 37.66238, -0.63967 ], [ 37.66229, -0.63962 ], [ 37.66203, -0.63953 ], [ 37.66198, -0.63953 ], [ 37.66194, -0.63953 ], [ 37.66185, -0.63949 ], [ 37.66181, -0.63949 ], [ 37.66176, -0.63949 ], [ 37.66168, -0.63949 ], [ 37.66163, -0.63949 ], [ 37.66159, -0.63949 ], [ 37.66155, -0.63949 ], [ 37.66141, -0.63945 ], [ 37.66137, -0.63945 ], [ 37.66133, -0.63945 ], [ 37.66124, -0.63945 ], [ 37.6612, -0.63945 ], [ 37.66115, -0.63945 ], [ 37.66111, -0.63945 ], [ 37.66106, -0.63945 ], [ 37.66102, -0.63945 ], [ 37.66102, -0.6394 ], [ 37.66098, -0.6394 ], [ 37.66098, -0.63936 ], [ 37.66093, -0.63932 ], [ 37.66093, -0.63927 ], [ 37.66093, -0.63923 ], [ 37.66093, -0.63919 ], [ 37.66098, -0.63914 ], [ 37.66098, -0.6391 ], [ 37.66102, -0.6391 ], [ 37.66102, -0.63905 ], [ 37.66106, -0.63905 ], [ 37.66111, -0.63901 ], [ 37.66111, -0.63897 ], [ 37.66124, -0.63892 ], [ 37.66133, -0.63888 ], [ 37.66137, -0.63884 ], [ 37.66146, -0.63879 ], [ 37.66155, -0.63879 ], [ 37.66159, -0.63875 ], [ 37.66168, -0.63875 ], [ 37.66168, -0.6387 ], [ 37.66168, -0.63866 ], [ 37.66168, -0.63862 ], [ 37.66168, -0.63857 ], [ 37.66168, -0.63853 ], [ 37.66168, -0.63849 ], [ 37.66172, -0.63844 ], [ 37.66172, -0.63835 ], [ 37.66176, -0.63831 ], [ 37.66181, -0.63822 ], [ 37.66185, -0.63818 ], [ 37.6619, -0.63814 ], [ 37.6619, -0.63809 ], [ 37.6619, -0.63805 ], [ 37.6619, -0.638 ], [ 37.6619, -0.63796 ], [ 37.6619, -0.63787 ], [ 37.6619, -0.63783 ], [ 37.6619, -0.63779 ], [ 37.66185, -0.63779 ], [ 37.66185, -0.63774 ], [ 37.66181, -0.63774 ], [ 37.66176, -0.63774 ], [ 37.66172, -0.63774 ], [ 37.66168, -0.63774 ], [ 37.66163, -0.63774 ], [ 37.66159, -0.63774 ], [ 37.66155, -0.63774 ], [ 37.6615, -0.63774 ], [ 37.66146, -0.63774 ], [ 37.66141, -0.63774 ], [ 37.66137, -0.63774 ], [ 37.66128, -0.63774 ], [ 37.66111, -0.63761 ], [ 37.66089, -0.63744 ], [ 37.6608, -0.63735 ], [ 37.66072, -0.6373 ], [ 37.66067, -0.6373 ], [ 37.66067, -0.63726 ], [ 37.66067, -0.63722 ], [ 37.66067, -0.63713 ], [ 37.66067, -0.63709 ], [ 37.66067, -0.63704 ], [ 37.66067, -0.63695 ], [ 37.66067, -0.63687 ], [ 37.66067, -0.63682 ], [ 37.66067, -0.63678 ], [ 37.66063, -0.63678 ], [ 37.66058, -0.63678 ], [ 37.6605, -0.63678 ], [ 37.66045, -0.63678 ], [ 37.66041, -0.63678 ], [ 37.66037, -0.63678 ], [ 37.66032, -0.63678 ], [ 37.66028, -0.63678 ], [ 37.66023, -0.63678 ], [ 37.66019, -0.63678 ], [ 37.66015, -0.63678 ], [ 37.6601, -0.63678 ], [ 37.66006, -0.63678 ], [ 37.66002, -0.63678 ], [ 37.65997, -0.63678 ], [ 37.65993, -0.63678 ], [ 37.65988, -0.63678 ], [ 37.65988, -0.63674 ], [ 37.65988, -0.63669 ], [ 37.65988, -0.63665 ], [ 37.65993, -0.63665 ], [ 37.65993, -0.6366 ], [ 37.65993, -0.63656 ], [ 37.65997, -0.63647 ], [ 37.65997, -0.63643 ], [ 37.65997, -0.63639 ], [ 37.65997, -0.63634 ], [ 37.65997, -0.6363 ], [ 37.65997, -0.63626 ], [ 37.65997, -0.63621 ], [ 37.65993, -0.63621 ], [ 37.65993, -0.63617 ], [ 37.65988, -0.63617 ], [ 37.65984, -0.63617 ], [ 37.6598, -0.63617 ], [ 37.6598, -0.63612 ], [ 37.65975, -0.63612 ], [ 37.65975, -0.63608 ], [ 37.65971, -0.63608 ], [ 37.65967, -0.63604 ], [ 37.65962, -0.63604 ], [ 37.65962, -0.63599 ], [ 37.65958, -0.63595 ], [ 37.65953, -0.63595 ], [ 37.65949, -0.63595 ], [ 37.65945, -0.63595 ], [ 37.65936, -0.63595 ], [ 37.65927, -0.63591 ], [ 37.65923, -0.63591 ], [ 37.65918, -0.63586 ], [ 37.65914, -0.63586 ], [ 37.65905, -0.63586 ], [ 37.65897, -0.63586 ], [ 37.65875, -0.63582 ], [ 37.65866, -0.63582 ], [ 37.65848, -0.63582 ], [ 37.65844, -0.63582 ], [ 37.6584, -0.63582 ], [ 37.65831, -0.63582 ], [ 37.65827, -0.63582 ], [ 37.65813, -0.63582 ], [ 37.65809, -0.63582 ], [ 37.65805, -0.63582 ], [ 37.658, -0.63582 ], [ 37.65796, -0.63582 ], [ 37.65787, -0.63582 ], [ 37.65774, -0.63582 ], [ 37.6577, -0.63582 ], [ 37.6577, -0.63577 ], [ 37.65765, -0.63577 ], [ 37.65757, -0.63577 ], [ 37.65752, -0.63573 ], [ 37.65748, -0.63573 ], [ 37.65748, -0.63569 ], [ 37.65743, -0.63569 ], [ 37.65739, -0.63564 ], [ 37.65735, -0.6356 ], [ 37.6573, -0.6356 ], [ 37.65726, -0.6356 ], [ 37.65726, -0.63556 ], [ 37.65722, -0.63551 ], [ 37.65717, -0.63551 ], [ 37.65713, -0.63547 ], [ 37.65713, -0.63542 ], [ 37.65713, -0.63534 ], [ 37.65713, -0.63529 ], [ 37.65713, -0.63525 ], [ 37.65713, -0.63521 ], [ 37.65713, -0.63516 ], [ 37.65713, -0.63507 ], [ 37.65713, -0.63499 ], [ 37.65713, -0.6349 ], [ 37.65713, -0.63486 ], [ 37.65713, -0.63481 ], [ 37.65713, -0.63477 ], [ 37.65713, -0.63468 ], [ 37.65713, -0.63455 ], [ 37.65713, -0.63442 ], [ 37.65713, -0.63429 ], [ 37.65713, -0.63424 ], [ 37.65717, -0.63381 ], [ 37.65704, -0.6336 ], [ 37.65691, -0.63341 ], [ 37.65599, -0.63337 ], [ 37.65551, -0.63372 ], [ 37.65499, -0.63437 ], [ 37.6542, -0.63437 ], [ 37.6535, -0.63424 ], [ 37.65311, -0.63411 ], [ 37.65276, -0.63315 ], [ 37.65324, -0.63284 ], [ 37.65315, -0.63236 ], [ 37.65297, -0.63193 ], [ 37.65258, -0.63144 ], [ 37.65222, -0.63143 ], [ 37.65136, -0.6314 ], [ 37.65101, -0.63149 ], [ 37.65105, -0.63149 ], [ 37.65101, -0.63153 ], [ 37.65101, -0.63158 ], [ 37.65096, -0.63158 ], [ 37.65092, -0.63162 ], [ 37.65087, -0.63166 ], [ 37.65083, -0.63171 ], [ 37.65083, -0.63179 ], [ 37.65079, -0.63184 ], [ 37.65079, -0.63188 ], [ 37.65079, -0.63193 ], [ 37.65079, -0.63197 ], [ 37.6507, -0.63201 ], [ 37.6507, -0.63206 ], [ 37.65066, -0.63206 ], [ 37.65057, -0.63214 ], [ 37.65044, -0.63223 ], [ 37.65039, -0.63228 ], [ 37.65031, -0.63232 ], [ 37.65022, -0.63241 ], [ 37.65017, -0.63245 ], [ 37.65013, -0.63245 ], [ 37.65, -0.63245 ], [ 37.64965, -0.63245 ], [ 37.64961, -0.63245 ], [ 37.64921, -0.63245 ], [ 37.64917, -0.63245 ], [ 37.64913, -0.63241 ], [ 37.64908, -0.63236 ], [ 37.64904, -0.63236 ], [ 37.64895, -0.63232 ], [ 37.64886, -0.63228 ], [ 37.64886, -0.63223 ], [ 37.64886, -0.63219 ], [ 37.64886, -0.63214 ], [ 37.64886, -0.6321 ], [ 37.64886, -0.63206 ], [ 37.64886, -0.63201 ], [ 37.64882, -0.63188 ], [ 37.64882, -0.63184 ], [ 37.64878, -0.63184 ], [ 37.64864, -0.63184 ], [ 37.6486, -0.63184 ], [ 37.64856, -0.63188 ], [ 37.64834, -0.63197 ], [ 37.64825, -0.63201 ], [ 37.64812, -0.63201 ], [ 37.64777, -0.63201 ], [ 37.64768, -0.63201 ], [ 37.64759, -0.63201 ], [ 37.64755, -0.63197 ], [ 37.64751, -0.63197 ], [ 37.64746, -0.63197 ], [ 37.64738, -0.63193 ], [ 37.64733, -0.63188 ], [ 37.64733, -0.63184 ], [ 37.64724, -0.63179 ], [ 37.64722, -0.63177 ], [ 37.6472, -0.63175 ], [ 37.64711, -0.63171 ], [ 37.64707, -0.63166 ], [ 37.64703, -0.63158 ], [ 37.64698, -0.63153 ], [ 37.64685, -0.63144 ], [ 37.64681, -0.63136 ], [ 37.64676, -0.63136 ], [ 37.64672, -0.63127 ], [ 37.64663, -0.63127 ], [ 37.64654, -0.63123 ], [ 37.6465, -0.63123 ], [ 37.64646, -0.63123 ], [ 37.64637, -0.63123 ], [ 37.64619, -0.63123 ], [ 37.64615, -0.63123 ], [ 37.64615, -0.63118 ], [ 37.64615, -0.63114 ], [ 37.64615, -0.63109 ], [ 37.64615, -0.63105 ], [ 37.64615, -0.63101 ], [ 37.64615, -0.63096 ], [ 37.64615, -0.63088 ], [ 37.64615, -0.63083 ], [ 37.64615, -0.63074 ], [ 37.64615, -0.6307 ], [ 37.64615, -0.63057 ], [ 37.64615, -0.63053 ], [ 37.64615, -0.63044 ], [ 37.64615, -0.6304 ], [ 37.64615, -0.63035 ], [ 37.64611, -0.63031 ], [ 37.64602, -0.63026 ], [ 37.64576, -0.63009 ], [ 37.64567, -0.63009 ], [ 37.64563, -0.63009 ], [ 37.64558, -0.63009 ], [ 37.64554, -0.63009 ], [ 37.64545, -0.63009 ], [ 37.64532, -0.63009 ], [ 37.64528, -0.63009 ], [ 37.64523, -0.63009 ], [ 37.64523, -0.63005 ], [ 37.64515, -0.63005 ], [ 37.64501, -0.63005 ], [ 37.64493, -0.63005 ], [ 37.64488, -0.63005 ], [ 37.64484, -0.63 ], [ 37.6448, -0.63 ], [ 37.64475, -0.63 ], [ 37.64471, -0.63 ], [ 37.64466, -0.62996 ], [ 37.64466, -0.62991 ], [ 37.64462, -0.62991 ], [ 37.64458, -0.62987 ], [ 37.64458, -0.62983 ], [ 37.64453, -0.62983 ], [ 37.64449, -0.62978 ], [ 37.6444, -0.62978 ], [ 37.6444, -0.62974 ], [ 37.64436, -0.6297 ], [ 37.64431, -0.62965 ], [ 37.64427, -0.62961 ], [ 37.64418, -0.62961 ], [ 37.64414, -0.62956 ], [ 37.6441, -0.62952 ], [ 37.64405, -0.62952 ], [ 37.64401, -0.62943 ], [ 37.64396, -0.62943 ], [ 37.64396, -0.62939 ], [ 37.64392, -0.62935 ], [ 37.64392, -0.6293 ], [ 37.64388, -0.6293 ], [ 37.64388, -0.62935 ], [ 37.64388, -0.62939 ], [ 37.64379, -0.62948 ], [ 37.64375, -0.62952 ], [ 37.6437, -0.62952 ], [ 37.64361, -0.62952 ], [ 37.64348, -0.62952 ], [ 37.64344, -0.62952 ], [ 37.6434, -0.62952 ], [ 37.64335, -0.62952 ], [ 37.64335, -0.62948 ], [ 37.64331, -0.62948 ], [ 37.64331, -0.62943 ], [ 37.64331, -0.62939 ], [ 37.64331, -0.62935 ], [ 37.64335, -0.6293 ], [ 37.6434, -0.6293 ], [ 37.6434, -0.62926 ], [ 37.64344, -0.62921 ], [ 37.64348, -0.62917 ], [ 37.64348, -0.62908 ], [ 37.64353, -0.62904 ], [ 37.64353, -0.629 ], [ 37.64353, -0.62895 ], [ 37.64353, -0.62891 ], [ 37.64353, -0.62882 ], [ 37.64348, -0.62878 ], [ 37.64344, -0.62878 ], [ 37.64344, -0.62873 ], [ 37.64331, -0.62869 ], [ 37.64322, -0.62869 ], [ 37.64318, -0.62869 ], [ 37.64313, -0.62869 ], [ 37.64305, -0.62869 ], [ 37.643, -0.62869 ], [ 37.643, -0.62865 ], [ 37.64283, -0.62865 ], [ 37.6427, -0.62865 ], [ 37.64256, -0.62865 ], [ 37.64248, -0.62865 ], [ 37.64239, -0.62865 ], [ 37.64235, -0.6286 ], [ 37.64235, -0.62856 ], [ 37.6423, -0.62851 ], [ 37.6423, -0.62847 ], [ 37.6423, -0.62834 ], [ 37.6423, -0.6283 ], [ 37.6423, -0.62821 ], [ 37.6423, -0.62816 ], [ 37.6423, -0.62808 ], [ 37.6423, -0.62795 ], [ 37.6423, -0.6279 ], [ 37.6423, -0.62786 ], [ 37.64226, -0.62781 ], [ 37.64204, -0.62773 ], [ 37.642, -0.62768 ], [ 37.64195, -0.62768 ], [ 37.64191, -0.62768 ], [ 37.64186, -0.62764 ], [ 37.64182, -0.6276 ], [ 37.64178, -0.62755 ], [ 37.64173, -0.62755 ], [ 37.64165, -0.62747 ], [ 37.6416, -0.62738 ], [ 37.64156, -0.62733 ], [ 37.64147, -0.62725 ], [ 37.64138, -0.6272 ], [ 37.64134, -0.62716 ], [ 37.64134, -0.62712 ], [ 37.64134, -0.62707 ], [ 37.6413, -0.62707 ], [ 37.6413, -0.62703 ], [ 37.6413, -0.62698 ], [ 37.64125, -0.62698 ], [ 37.64121, -0.62694 ], [ 37.64121, -0.6269 ], [ 37.64117, -0.6269 ], [ 37.64108, -0.62685 ], [ 37.64099, -0.62672 ], [ 37.64077, -0.62663 ], [ 37.64064, -0.62663 ], [ 37.6406, -0.62663 ], [ 37.64055, -0.62663 ], [ 37.64038, -0.62663 ], [ 37.64028, -0.62662 ], [ 37.64007, -0.62659 ], [ 37.64003, -0.62659 ], [ 37.63994, -0.62659 ], [ 37.63977, -0.62659 ], [ 37.63955, -0.62659 ], [ 37.6395, -0.62659 ], [ 37.63946, -0.62659 ], [ 37.63937, -0.62659 ], [ 37.63928, -0.62663 ], [ 37.63924, -0.62668 ], [ 37.63924, -0.62672 ], [ 37.63924, -0.62677 ], [ 37.63924, -0.62681 ], [ 37.63924, -0.62685 ], [ 37.6392, -0.62685 ], [ 37.63915, -0.6269 ], [ 37.63915, -0.62698 ], [ 37.63915, -0.62703 ], [ 37.63911, -0.62712 ], [ 37.63907, -0.62716 ], [ 37.63902, -0.62716 ], [ 37.63898, -0.62725 ], [ 37.63898, -0.62729 ], [ 37.63893, -0.62729 ], [ 37.6388, -0.62733 ], [ 37.63872, -0.62738 ], [ 37.63867, -0.62738 ], [ 37.63863, -0.62738 ], [ 37.63863, -0.62733 ], [ 37.63858, -0.62733 ], [ 37.63854, -0.62733 ], [ 37.6385, -0.62733 ], [ 37.63845, -0.62729 ], [ 37.63841, -0.62725 ], [ 37.63841, -0.62716 ], [ 37.63837, -0.62712 ], [ 37.63828, -0.62707 ], [ 37.63828, -0.62703 ], [ 37.63828, -0.62698 ], [ 37.63828, -0.62694 ], [ 37.63823, -0.6269 ], [ 37.63819, -0.62685 ], [ 37.63815, -0.62685 ], [ 37.63815, -0.62681 ], [ 37.6381, -0.62681 ], [ 37.63806, -0.62672 ], [ 37.63797, -0.62668 ], [ 37.63797, -0.62663 ], [ 37.63788, -0.62663 ], [ 37.6378, -0.62663 ], [ 37.63775, -0.62663 ], [ 37.63771, -0.62663 ], [ 37.63758, -0.62663 ], [ 37.63745, -0.62663 ], [ 37.63736, -0.62663 ], [ 37.63732, -0.62663 ], [ 37.63727, -0.62663 ], [ 37.63719, -0.62663 ], [ 37.63701, -0.62668 ], [ 37.63692, -0.62677 ], [ 37.63688, -0.62681 ], [ 37.63688, -0.62685 ], [ 37.63684, -0.62685 ], [ 37.63679, -0.6269 ], [ 37.63679, -0.62694 ], [ 37.63679, -0.62698 ], [ 37.6367, -0.62698 ], [ 37.63666, -0.62703 ], [ 37.63662, -0.62712 ], [ 37.63657, -0.62712 ], [ 37.63653, -0.62716 ], [ 37.6364, -0.6272 ], [ 37.6364, -0.62725 ], [ 37.63631, -0.62725 ], [ 37.63627, -0.62725 ], [ 37.63622, -0.62725 ], [ 37.63618, -0.62725 ], [ 37.63605, -0.62725 ], [ 37.63596, -0.62725 ], [ 37.63592, -0.62725 ], [ 37.63583, -0.62725 ], [ 37.63574, -0.62725 ], [ 37.63565, -0.62725 ], [ 37.63552, -0.62725 ], [ 37.63548, -0.62725 ], [ 37.63539, -0.62725 ], [ 37.6353, -0.62725 ], [ 37.63513, -0.62725 ], [ 37.635, -0.62716 ], [ 37.63491, -0.62712 ], [ 37.63487, -0.62707 ], [ 37.63482, -0.62703 ], [ 37.63478, -0.62698 ], [ 37.63469, -0.62694 ], [ 37.63465, -0.62694 ], [ 37.6346, -0.6269 ], [ 37.63456, -0.6269 ], [ 37.63452, -0.62685 ], [ 37.63447, -0.62681 ], [ 37.63447, -0.62677 ], [ 37.63443, -0.62672 ], [ 37.63434, -0.62668 ], [ 37.63425, -0.62659 ], [ 37.63425, -0.62655 ], [ 37.63421, -0.6265 ], [ 37.63412, -0.62646 ], [ 37.63408, -0.62642 ], [ 37.63404, -0.62637 ], [ 37.63399, -0.62637 ], [ 37.63399, -0.62633 ], [ 37.63395, -0.62633 ], [ 37.63395, -0.62628 ], [ 37.63391, -0.62628 ], [ 37.63382, -0.6262 ], [ 37.63373, -0.62615 ], [ 37.6336, -0.62607 ], [ 37.6336, -0.62602 ], [ 37.63356, -0.62602 ], [ 37.63351, -0.62598 ], [ 37.63342, -0.62589 ], [ 37.63334, -0.62585 ], [ 37.63329, -0.62585 ], [ 37.63325, -0.6258 ], [ 37.63312, -0.62576 ], [ 37.63307, -0.62572 ], [ 37.63294, -0.62567 ], [ 37.6329, -0.62567 ], [ 37.63286, -0.62567 ], [ 37.63281, -0.62567 ], [ 37.63272, -0.62567 ], [ 37.63268, -0.62567 ], [ 37.63255, -0.62567 ], [ 37.63242, -0.62567 ], [ 37.63237, -0.62567 ], [ 37.63124, -0.62558 ], [ 37.63128, -0.62558 ], [ 37.63132, -0.62558 ], [ 37.63137, -0.62558 ], [ 37.63132, -0.62554 ], [ 37.63119, -0.62545 ], [ 37.63106, -0.62541 ], [ 37.63106, -0.62537 ], [ 37.63102, -0.62537 ], [ 37.63097, -0.62537 ], [ 37.63093, -0.62537 ], [ 37.63089, -0.62532 ], [ 37.63084, -0.62528 ], [ 37.6308, -0.62519 ], [ 37.63071, -0.6251 ], [ 37.63067, -0.62506 ], [ 37.63062, -0.62506 ], [ 37.63062, -0.62502 ], [ 37.63062, -0.62497 ], [ 37.63058, -0.62489 ], [ 37.63058, -0.62484 ], [ 37.63058, -0.6248 ], [ 37.63054, -0.62475 ], [ 37.63049, -0.62462 ], [ 37.63049, -0.62458 ], [ 37.63041, -0.62449 ], [ 37.63032, -0.62445 ], [ 37.63019, -0.62427 ], [ 37.6301, -0.62423 ], [ 37.63006, -0.62419 ], [ 37.63001, -0.62414 ], [ 37.63001, -0.6241 ], [ 37.63001, -0.62405 ], [ 37.63001, -0.62397 ], [ 37.63001, -0.62375 ], [ 37.63001, -0.62349 ], [ 37.63001, -0.62344 ], [ 37.63006, -0.62344 ], [ 37.6301, -0.62344 ], [ 37.63019, -0.62344 ], [ 37.63023, -0.62344 ], [ 37.63027, -0.62344 ], [ 37.63036, -0.62344 ], [ 37.63045, -0.6234 ], [ 37.63049, -0.6234 ], [ 37.63062, -0.62335 ], [ 37.63067, -0.62331 ], [ 37.63071, -0.62322 ], [ 37.63071, -0.62318 ], [ 37.63071, -0.62314 ], [ 37.63062, -0.62309 ], [ 37.63058, -0.62296 ], [ 37.63054, -0.62292 ], [ 37.63054, -0.62287 ], [ 37.63049, -0.62287 ], [ 37.63049, -0.62283 ], [ 37.63045, -0.62283 ], [ 37.63041, -0.62283 ], [ 37.63036, -0.62279 ], [ 37.63032, -0.62279 ], [ 37.63023, -0.62274 ], [ 37.63019, -0.62274 ], [ 37.63019, -0.6227 ], [ 37.63014, -0.62265 ], [ 37.63014, -0.62261 ], [ 37.63014, -0.62252 ], [ 37.6301, -0.62244 ], [ 37.6301, -0.62239 ], [ 37.63006, -0.62239 ], [ 37.63006, -0.62235 ], [ 37.63006, -0.6223 ], [ 37.63006, -0.62226 ], [ 37.63006, -0.62217 ], [ 37.63006, -0.62209 ], [ 37.63006, -0.62204 ], [ 37.63006, -0.622 ], [ 37.63006, -0.62196 ], [ 37.63006, -0.62191 ], [ 37.63006, -0.62187 ], [ 37.63006, -0.62182 ], [ 37.63006, -0.62178 ], [ 37.63006, -0.62169 ], [ 37.63006, -0.62165 ], [ 37.63006, -0.62161 ], [ 37.63006, -0.62156 ], [ 37.63001, -0.62152 ], [ 37.63001, -0.62147 ], [ 37.62997, -0.62147 ], [ 37.62993, -0.62147 ], [ 37.62988, -0.62147 ], [ 37.62984, -0.62143 ], [ 37.62979, -0.62143 ], [ 37.62975, -0.62143 ], [ 37.62971, -0.62143 ], [ 37.62966, -0.62143 ], [ 37.62962, -0.62147 ], [ 37.62953, -0.62147 ], [ 37.62944, -0.62152 ], [ 37.6294, -0.62152 ], [ 37.62931, -0.62156 ], [ 37.62927, -0.62156 ], [ 37.62923, -0.62156 ], [ 37.62914, -0.62156 ], [ 37.62909, -0.62156 ], [ 37.62901, -0.62156 ], [ 37.62892, -0.62156 ], [ 37.62888, -0.62156 ], [ 37.62879, -0.62156 ], [ 37.6287, -0.62156 ], [ 37.62861, -0.62156 ], [ 37.62839, -0.62156 ], [ 37.62835, -0.62156 ], [ 37.62831, -0.62156 ], [ 37.62822, -0.62156 ], [ 37.62818, -0.62156 ], [ 37.62804, -0.62161 ], [ 37.62796, -0.62165 ], [ 37.62791, -0.62165 ], [ 37.62783, -0.62165 ], [ 37.62783, -0.62169 ], [ 37.62774, -0.62169 ], [ 37.62769, -0.62174 ], [ 37.62765, -0.62178 ], [ 37.62752, -0.62187 ], [ 37.62748, -0.62187 ], [ 37.62743, -0.62187 ], [ 37.62739, -0.62187 ], [ 37.62734, -0.62187 ], [ 37.6273, -0.62191 ], [ 37.6273, -0.62196 ], [ 37.62721, -0.622 ], [ 37.62717, -0.62204 ], [ 37.62713, -0.62204 ], [ 37.62713, -0.62209 ], [ 37.62708, -0.62213 ], [ 37.62708, -0.62217 ], [ 37.62708, -0.62222 ], [ 37.62704, -0.62226 ], [ 37.62691, -0.62239 ], [ 37.62686, -0.62239 ], [ 37.62682, -0.62244 ], [ 37.62682, -0.62248 ], [ 37.62678, -0.62252 ], [ 37.62664, -0.62257 ], [ 37.6266, -0.62261 ], [ 37.62651, -0.62261 ], [ 37.62643, -0.62265 ], [ 37.62634, -0.62265 ], [ 37.62629, -0.62265 ], [ 37.62625, -0.62265 ], [ 37.62612, -0.62265 ], [ 37.62608, -0.62265 ], [ 37.62599, -0.62265 ], [ 37.62586, -0.62265 ], [ 37.62577, -0.62265 ], [ 37.62573, -0.62265 ], [ 37.62568, -0.62265 ], [ 37.62564, -0.62265 ], [ 37.6256, -0.62265 ], [ 37.62551, -0.62265 ], [ 37.62546, -0.62265 ], [ 37.62542, -0.62265 ], [ 37.62529, -0.62265 ], [ 37.6252, -0.62265 ], [ 37.62516, -0.62265 ], [ 37.62511, -0.62265 ], [ 37.62507, -0.62265 ], [ 37.62503, -0.62265 ], [ 37.62498, -0.62265 ], [ 37.62498, -0.62261 ], [ 37.62494, -0.62261 ], [ 37.6249, -0.62261 ], [ 37.6249, -0.62257 ], [ 37.62485, -0.62252 ], [ 37.62476, -0.62252 ], [ 37.62476, -0.62248 ], [ 37.62472, -0.62248 ], [ 37.62468, -0.62244 ], [ 37.62463, -0.62244 ], [ 37.62459, -0.62244 ], [ 37.6245, -0.62244 ], [ 37.62446, -0.62244 ], [ 37.62441, -0.62244 ], [ 37.62433, -0.62244 ], [ 37.62428, -0.62244 ], [ 37.62424, -0.62244 ], [ 37.6242, -0.62244 ], [ 37.62411, -0.62244 ], [ 37.62402, -0.62239 ], [ 37.62393, -0.62235 ], [ 37.62389, -0.62226 ], [ 37.62385, -0.62226 ], [ 37.6238, -0.62226 ], [ 37.6238, -0.62222 ], [ 37.62376, -0.62222 ], [ 37.62376, -0.62217 ], [ 37.62376, -0.62213 ], [ 37.62367, -0.62209 ], [ 37.62358, -0.62196 ], [ 37.62358, -0.62191 ], [ 37.62354, -0.62182 ], [ 37.62345, -0.62169 ], [ 37.62345, -0.62161 ], [ 37.62341, -0.62152 ], [ 37.62336, -0.62143 ], [ 37.62336, -0.62139 ], [ 37.62336, -0.62134 ], [ 37.62336, -0.6213 ], [ 37.62336, -0.62126 ], [ 37.62336, -0.62121 ], [ 37.62332, -0.62117 ], [ 37.62332, -0.62112 ], [ 37.62328, -0.62108 ], [ 37.62323, -0.62104 ], [ 37.62323, -0.62099 ], [ 37.62319, -0.62099 ], [ 37.62315, -0.62099 ], [ 37.62315, -0.62095 ], [ 37.6231, -0.62095 ], [ 37.6231, -0.62091 ], [ 37.62306, -0.62091 ], [ 37.62301, -0.62091 ], [ 37.62297, -0.62091 ], [ 37.62293, -0.62091 ], [ 37.62288, -0.62091 ], [ 37.62284, -0.62091 ], [ 37.62284, -0.62086 ], [ 37.6228, -0.62086 ], [ 37.62275, -0.62086 ], [ 37.62271, -0.62086 ], [ 37.62271, -0.62082 ], [ 37.62266, -0.62082 ], [ 37.62262, -0.62077 ], [ 37.62258, -0.62073 ], [ 37.62245, -0.62069 ], [ 37.62245, -0.62064 ], [ 37.6224, -0.62064 ], [ 37.62236, -0.62064 ], [ 37.62231, -0.62064 ], [ 37.62227, -0.62064 ], [ 37.62223, -0.62064 ], [ 37.62218, -0.6206 ], [ 37.62214, -0.6206 ], [ 37.6221, -0.6206 ], [ 37.62205, -0.6206 ], [ 37.62201, -0.62056 ], [ 37.62197, -0.62056 ], [ 37.62192, -0.62056 ], [ 37.62192, -0.62051 ], [ 37.62188, -0.62047 ], [ 37.62179, -0.62042 ], [ 37.62175, -0.62034 ], [ 37.6217, -0.62034 ], [ 37.62166, -0.62029 ], [ 37.62162, -0.62025 ], [ 37.62157, -0.62021 ], [ 37.62148, -0.62016 ], [ 37.62144, -0.62007 ], [ 37.6214, -0.62003 ], [ 37.62135, -0.62003 ], [ 37.62131, -0.62003 ], [ 37.62127, -0.62003 ], [ 37.62127, -0.61999 ], [ 37.62118, -0.61999 ], [ 37.62113, -0.61999 ], [ 37.621, -0.62003 ], [ 37.621, -0.62007 ], [ 37.62096, -0.62007 ], [ 37.62096, -0.62012 ], [ 37.62092, -0.62021 ], [ 37.62087, -0.62025 ], [ 37.62087, -0.62029 ], [ 37.62083, -0.62029 ], [ 37.62078, -0.62038 ], [ 37.62078, -0.62042 ], [ 37.6207, -0.62047 ], [ 37.6207, -0.62051 ], [ 37.62065, -0.62051 ], [ 37.62063, -0.62056 ], [ 37.62061, -0.6206 ], [ 37.62052, -0.6206 ], [ 37.62048, -0.6206 ], [ 37.62043, -0.6206 ], [ 37.62039, -0.6206 ], [ 37.62035, -0.6206 ], [ 37.62035, -0.62056 ], [ 37.62035, -0.62051 ], [ 37.62035, -0.62047 ], [ 37.62035, -0.62042 ], [ 37.62035, -0.62038 ], [ 37.62035, -0.62034 ], [ 37.6203, -0.62029 ], [ 37.62026, -0.62029 ], [ 37.62026, -0.62025 ], [ 37.62022, -0.62025 ], [ 37.62022, -0.62021 ], [ 37.62017, -0.62016 ], [ 37.62013, -0.62016 ], [ 37.62008, -0.62016 ], [ 37.62004, -0.62016 ], [ 37.61995, -0.62016 ], [ 37.61991, -0.62016 ], [ 37.61987, -0.62016 ], [ 37.61982, -0.62016 ], [ 37.6198, -0.62016 ], [ 37.61978, -0.62016 ], [ 37.61973, -0.62016 ], [ 37.61965, -0.62016 ], [ 37.6196, -0.62016 ], [ 37.61956, -0.62016 ], [ 37.61952, -0.62016 ], [ 37.61947, -0.62016 ], [ 37.61938, -0.62012 ], [ 37.61934, -0.62012 ], [ 37.6193, -0.62012 ], [ 37.61925, -0.62012 ], [ 37.61921, -0.62007 ], [ 37.61912, -0.62007 ], [ 37.61903, -0.62007 ], [ 37.61899, -0.62007 ], [ 37.61895, -0.62007 ], [ 37.6189, -0.62007 ], [ 37.61886, -0.62007 ], [ 37.61882, -0.62007 ], [ 37.61877, -0.62007 ], [ 37.61868, -0.62007 ], [ 37.61864, -0.62007 ], [ 37.6186, -0.62007 ], [ 37.61851, -0.62007 ], [ 37.61847, -0.62007 ], [ 37.61842, -0.62007 ], [ 37.61838, -0.62007 ], [ 37.61834, -0.62007 ], [ 37.6182, -0.62003 ], [ 37.61812, -0.62003 ], [ 37.61799, -0.62003 ], [ 37.61785, -0.61999 ], [ 37.61781, -0.61999 ], [ 37.61777, -0.61999 ], [ 37.61777, -0.61994 ], [ 37.61764, -0.6199 ], [ 37.61759, -0.6199 ], [ 37.61755, -0.6199 ], [ 37.6175, -0.61986 ], [ 37.61746, -0.61981 ], [ 37.61733, -0.61972 ], [ 37.61733, -0.61968 ], [ 37.61724, -0.61964 ], [ 37.6172, -0.61959 ], [ 37.61715, -0.61955 ], [ 37.61711, -0.61951 ], [ 37.61711, -0.61946 ], [ 37.61707, -0.61942 ], [ 37.61702, -0.61942 ], [ 37.61694, -0.61937 ], [ 37.61689, -0.61933 ], [ 37.61676, -0.61933 ], [ 37.61672, -0.61933 ], [ 37.61663, -0.61933 ], [ 37.61654, -0.61933 ], [ 37.6165, -0.61929 ], [ 37.61562, -0.61916 ], [ 37.61479, -0.62091 ], [ 37.61344, -0.6251 ], [ 37.61344, -0.62539 ], [ 37.61344, -0.62607 ], [ 37.61287, -0.63144 ], [ 37.60836, -0.62493 ], [ 37.60841, -0.62489 ], [ 37.60841, -0.62484 ], [ 37.60836, -0.62484 ], [ 37.60836, -0.6248 ], [ 37.60828, -0.62475 ], [ 37.60828, -0.62467 ], [ 37.60819, -0.62458 ], [ 37.60819, -0.62454 ], [ 37.60814, -0.62454 ], [ 37.6081, -0.62454 ], [ 37.60806, -0.62445 ], [ 37.60801, -0.6244 ], [ 37.60801, -0.62436 ], [ 37.60797, -0.62436 ], [ 37.60797, -0.62427 ], [ 37.60793, -0.62423 ], [ 37.60793, -0.62419 ], [ 37.60793, -0.62414 ], [ 37.60793, -0.62405 ], [ 37.60793, -0.62401 ], [ 37.60793, -0.62397 ], [ 37.60793, -0.62392 ], [ 37.60793, -0.62388 ], [ 37.60793, -0.62384 ], [ 37.60793, -0.62379 ], [ 37.60793, -0.62375 ], [ 37.60793, -0.6237 ], [ 37.60793, -0.62366 ], [ 37.60793, -0.62362 ], [ 37.60793, -0.62353 ], [ 37.60793, -0.62349 ], [ 37.60793, -0.62344 ], [ 37.60793, -0.6234 ], [ 37.60793, -0.62335 ], [ 37.60793, -0.62331 ], [ 37.60793, -0.62327 ], [ 37.60793, -0.62322 ], [ 37.60793, -0.62318 ], [ 37.60793, -0.62314 ], [ 37.60793, -0.62309 ], [ 37.60793, -0.62305 ], [ 37.60793, -0.623 ], [ 37.60793, -0.62292 ], [ 37.60793, -0.62287 ], [ 37.60793, -0.62283 ], [ 37.60788, -0.6227 ], [ 37.60788, -0.62265 ], [ 37.60784, -0.62261 ], [ 37.60784, -0.62252 ], [ 37.60779, -0.62248 ], [ 37.60779, -0.62244 ], [ 37.60779, -0.62239 ], [ 37.60779, -0.62235 ], [ 37.60779, -0.6223 ], [ 37.60775, -0.62226 ], [ 37.60775, -0.62222 ], [ 37.60771, -0.62217 ], [ 37.60766, -0.62209 ], [ 37.60762, -0.62209 ], [ 37.60758, -0.622 ], [ 37.60758, -0.62196 ], [ 37.60753, -0.62187 ], [ 37.60753, -0.62182 ], [ 37.60753, -0.62178 ], [ 37.60749, -0.62178 ], [ 37.60749, -0.62174 ], [ 37.60744, -0.62161 ], [ 37.6074, -0.62156 ], [ 37.60736, -0.62147 ], [ 37.60736, -0.62143 ], [ 37.60727, -0.6213 ], [ 37.60718, -0.62117 ], [ 37.60714, -0.62108 ], [ 37.60709, -0.62104 ], [ 37.60709, -0.62099 ], [ 37.60705, -0.62099 ], [ 37.60705, -0.62095 ], [ 37.60701, -0.62095 ], [ 37.60696, -0.62091 ], [ 37.60692, -0.62082 ], [ 37.60688, -0.62077 ], [ 37.60679, -0.62069 ], [ 37.60679, -0.62064 ], [ 37.60675, -0.6206 ], [ 37.60666, -0.62051 ], [ 37.60657, -0.62047 ], [ 37.6064, -0.62034 ], [ 37.6064, -0.62029 ], [ 37.60635, -0.62029 ], [ 37.60631, -0.62029 ], [ 37.60613, -0.62029 ], [ 37.60591, -0.62029 ], [ 37.60543, -0.62021 ], [ 37.60535, -0.62021 ], [ 37.6053, -0.62021 ], [ 37.6053, -0.62016 ], [ 37.60526, -0.62016 ], [ 37.60521, -0.62012 ], [ 37.60517, -0.62007 ], [ 37.60513, -0.62007 ], [ 37.60508, -0.62003 ], [ 37.60496, -0.61995 ], [ 37.60495, -0.61994 ], [ 37.60491, -0.61994 ], [ 37.60486, -0.61986 ], [ 37.60482, -0.61986 ], [ 37.60482, -0.61981 ], [ 37.60478, -0.61977 ], [ 37.60473, -0.61972 ], [ 37.60469, -0.61972 ], [ 37.60465, -0.61968 ], [ 37.6046, -0.61964 ], [ 37.6046, -0.61959 ], [ 37.60456, -0.61959 ], [ 37.60451, -0.61955 ], [ 37.60447, -0.61951 ], [ 37.60443, -0.61942 ], [ 37.60438, -0.61937 ], [ 37.60434, -0.61933 ], [ 37.6043, -0.61924 ], [ 37.60425, -0.6192 ], [ 37.60425, -0.61916 ], [ 37.60421, -0.61911 ], [ 37.60421, -0.61907 ], [ 37.60412, -0.61898 ], [ 37.60412, -0.61889 ], [ 37.60408, -0.61881 ], [ 37.60408, -0.61876 ], [ 37.60403, -0.61872 ], [ 37.60403, -0.61868 ], [ 37.60403, -0.61863 ], [ 37.60403, -0.61859 ], [ 37.60399, -0.6185 ], [ 37.60395, -0.61846 ], [ 37.6039, -0.61841 ], [ 37.60386, -0.61833 ], [ 37.60381, -0.61828 ], [ 37.60373, -0.61819 ], [ 37.60373, -0.61815 ], [ 37.60368, -0.61806 ], [ 37.60368, -0.61802 ], [ 37.60368, -0.61798 ], [ 37.60364, -0.61793 ], [ 37.6036, -0.61789 ], [ 37.6036, -0.61784 ], [ 37.6036, -0.6178 ], [ 37.6036, -0.61771 ], [ 37.6036, -0.61767 ], [ 37.6036, -0.61758 ], [ 37.6036, -0.61754 ], [ 37.6036, -0.61749 ], [ 37.6036, -0.61741 ], [ 37.6036, -0.61732 ], [ 37.6036, -0.61728 ], [ 37.6036, -0.61723 ], [ 37.6036, -0.61714 ], [ 37.6036, -0.6171 ], [ 37.6036, -0.61706 ], [ 37.6036, -0.61693 ], [ 37.6036, -0.61688 ], [ 37.6036, -0.61684 ], [ 37.6036, -0.61679 ], [ 37.6036, -0.61675 ], [ 37.6036, -0.61666 ], [ 37.6036, -0.61662 ], [ 37.6036, -0.61653 ], [ 37.6036, -0.61644 ], [ 37.6036, -0.6164 ], [ 37.6036, -0.61636 ], [ 37.6036, -0.61627 ], [ 37.6036, -0.61618 ], [ 37.6036, -0.61614 ], [ 37.6036, -0.61605 ], [ 37.6036, -0.61601 ], [ 37.6036, -0.61596 ], [ 37.6036, -0.61592 ], [ 37.6036, -0.61588 ], [ 37.60355, -0.61583 ], [ 37.60351, -0.61583 ], [ 37.60346, -0.61579 ], [ 37.60342, -0.61575 ], [ 37.60338, -0.6157 ], [ 37.60333, -0.61566 ], [ 37.60329, -0.61561 ], [ 37.60329, -0.61557 ], [ 37.60325, -0.61557 ], [ 37.6032, -0.61557 ], [ 37.60316, -0.61553 ], [ 37.60311, -0.61548 ], [ 37.60307, -0.61544 ], [ 37.60294, -0.61535 ], [ 37.60281, -0.61526 ], [ 37.60281, -0.61522 ], [ 37.60277, -0.61522 ], [ 37.60272, -0.61518 ], [ 37.60268, -0.61513 ], [ 37.60263, -0.61513 ], [ 37.60263, -0.61509 ], [ 37.60259, -0.61509 ], [ 37.60255, -0.61509 ], [ 37.60255, -0.61505 ], [ 37.6025, -0.61505 ], [ 37.60242, -0.615 ], [ 37.60237, -0.61496 ], [ 37.60233, -0.61491 ], [ 37.60228, -0.61487 ], [ 37.60228, -0.61483 ], [ 37.60224, -0.61478 ], [ 37.60224, -0.61474 ], [ 37.60224, -0.61465 ], [ 37.60224, -0.61452 ], [ 37.60224, -0.61448 ], [ 37.60224, -0.61439 ], [ 37.60224, -0.61435 ], [ 37.6022, -0.6143 ], [ 37.60215, -0.6143 ], [ 37.60211, -0.61426 ], [ 37.60202, -0.61421 ], [ 37.60198, -0.61421 ], [ 37.60193, -0.61421 ], [ 37.60185, -0.61421 ], [ 37.6018, -0.61421 ], [ 37.60176, -0.61421 ], [ 37.60172, -0.61421 ], [ 37.60172, -0.61417 ], [ 37.60167, -0.61413 ], [ 37.60167, -0.61408 ], [ 37.60167, -0.61404 ], [ 37.60167, -0.614 ], [ 37.60163, -0.61395 ], [ 37.60163, -0.61386 ], [ 37.60163, -0.61382 ], [ 37.60163, -0.61373 ], [ 37.60163, -0.61369 ], [ 37.60158, -0.61365 ], [ 37.60154, -0.61365 ], [ 37.60154, -0.6136 ], [ 37.6015, -0.6136 ], [ 37.60145, -0.6136 ], [ 37.60141, -0.6136 ], [ 37.60137, -0.61356 ], [ 37.60132, -0.61356 ], [ 37.60128, -0.61356 ], [ 37.60123, -0.61356 ], [ 37.60119, -0.61356 ], [ 37.60115, -0.61356 ], [ 37.6011, -0.61356 ], [ 37.60102, -0.61356 ], [ 37.60097, -0.61356 ], [ 37.60088, -0.61356 ], [ 37.60084, -0.61356 ], [ 37.6008, -0.61356 ], [ 37.60071, -0.61356 ], [ 37.60067, -0.61356 ], [ 37.60062, -0.61356 ], [ 37.60058, -0.61356 ], [ 37.60053, -0.61356 ], [ 37.60049, -0.61356 ], [ 37.60049, -0.61351 ], [ 37.60049, -0.61347 ], [ 37.60045, -0.61347 ], [ 37.60036, -0.61347 ], [ 37.60032, -0.61338 ], [ 37.60018, -0.61334 ], [ 37.60014, -0.6133 ], [ 37.6001, -0.6133 ], [ 37.59962, -0.61321 ], [ 37.59966, -0.61321 ], [ 37.59966, -0.61317 ], [ 37.59966, -0.61312 ], [ 37.59957, -0.61308 ], [ 37.59953, -0.61299 ], [ 37.59948, -0.61295 ], [ 37.59944, -0.61295 ], [ 37.59944, -0.6129 ], [ 37.5994, -0.61286 ], [ 37.59935, -0.61286 ], [ 37.59931, -0.61286 ], [ 37.59927, -0.61286 ], [ 37.59918, -0.61286 ], [ 37.59913, -0.61286 ], [ 37.59909, -0.61286 ], [ 37.599, -0.61286 ], [ 37.59892, -0.61286 ], [ 37.59887, -0.61286 ], [ 37.59883, -0.61286 ], [ 37.59879, -0.61286 ], [ 37.59879, -0.61282 ], [ 37.59874, -0.61282 ], [ 37.5987, -0.61282 ], [ 37.5987, -0.61277 ], [ 37.59865, -0.61277 ], [ 37.59861, -0.61273 ], [ 37.59857, -0.61273 ], [ 37.59857, -0.61268 ], [ 37.59844, -0.61264 ], [ 37.5983, -0.6126 ], [ 37.59817, -0.61247 ], [ 37.59813, -0.61242 ], [ 37.59809, -0.61238 ], [ 37.59804, -0.61233 ], [ 37.598, -0.61229 ], [ 37.59791, -0.6122 ], [ 37.59787, -0.61216 ], [ 37.59782, -0.61216 ], [ 37.59782, -0.61212 ], [ 37.59774, -0.61207 ], [ 37.59769, -0.61207 ], [ 37.5976, -0.61207 ], [ 37.59747, -0.61207 ], [ 37.59743, -0.61207 ], [ 37.59743, -0.61212 ], [ 37.59743, -0.61216 ], [ 37.59743, -0.6122 ], [ 37.59743, -0.61225 ], [ 37.59743, -0.61229 ], [ 37.59743, -0.61233 ], [ 37.59743, -0.61238 ], [ 37.59743, -0.61242 ], [ 37.59743, -0.61247 ], [ 37.59743, -0.61251 ], [ 37.59743, -0.61255 ], [ 37.59739, -0.6126 ], [ 37.59739, -0.61264 ], [ 37.59734, -0.61268 ], [ 37.59734, -0.61273 ], [ 37.5973, -0.61273 ], [ 37.59725, -0.61273 ], [ 37.59721, -0.61273 ], [ 37.59717, -0.61273 ], [ 37.59712, -0.61273 ], [ 37.59708, -0.61273 ], [ 37.59704, -0.61273 ], [ 37.59699, -0.61273 ], [ 37.59695, -0.61273 ], [ 37.5969, -0.61273 ], [ 37.59686, -0.61273 ], [ 37.59682, -0.61273 ], [ 37.59677, -0.61273 ], [ 37.59677, -0.61268 ], [ 37.59673, -0.61268 ], [ 37.59673, -0.61264 ], [ 37.59673, -0.6126 ], [ 37.59669, -0.6126 ], [ 37.59669, -0.61255 ], [ 37.59669, -0.61251 ], [ 37.59669, -0.61247 ], [ 37.59669, -0.61242 ], [ 37.59669, -0.61238 ], [ 37.59669, -0.61233 ], [ 37.59669, -0.61229 ], [ 37.59669, -0.61225 ], [ 37.59669, -0.6122 ], [ 37.59669, -0.61216 ], [ 37.59669, -0.61212 ], [ 37.59669, -0.61207 ], [ 37.59664, -0.61207 ], [ 37.59664, -0.61203 ], [ 37.5966, -0.61198 ], [ 37.5966, -0.61194 ], [ 37.59655, -0.6119 ], [ 37.59651, -0.61185 ], [ 37.59651, -0.61181 ], [ 37.59647, -0.61181 ], [ 37.59642, -0.61177 ], [ 37.59638, -0.61177 ], [ 37.59634, -0.61177 ], [ 37.59616, -0.61177 ], [ 37.59612, -0.61177 ], [ 37.59603, -0.61177 ], [ 37.59599, -0.61172 ], [ 37.59594, -0.61172 ], [ 37.59594, -0.61168 ], [ 37.5959, -0.61168 ], [ 37.59585, -0.61163 ], [ 37.59585, -0.61159 ], [ 37.59585, -0.61155 ], [ 37.59581, -0.61155 ], [ 37.59581, -0.6115 ], [ 37.59577, -0.61146 ], [ 37.59572, -0.61137 ], [ 37.59568, -0.61137 ], [ 37.59564, -0.61128 ], [ 37.59555, -0.61124 ], [ 37.5955, -0.6112 ], [ 37.59546, -0.6112 ], [ 37.59542, -0.6112 ], [ 37.59542, -0.61115 ], [ 37.59542, -0.61111 ], [ 37.59537, -0.61111 ], [ 37.59537, -0.61107 ], [ 37.59537, -0.61102 ], [ 37.59533, -0.61102 ], [ 37.59529, -0.61098 ], [ 37.5952, -0.61098 ], [ 37.59511, -0.61093 ], [ 37.59502, -0.61093 ], [ 37.59498, -0.61089 ], [ 37.59489, -0.61089 ], [ 37.59485, -0.61085 ], [ 37.59481, -0.61085 ], [ 37.59481, -0.6108 ], [ 37.59476, -0.6108 ], [ 37.59467, -0.61076 ], [ 37.59463, -0.61076 ], [ 37.5945, -0.61072 ], [ 37.59446, -0.61072 ], [ 37.59441, -0.61072 ], [ 37.59437, -0.61072 ], [ 37.59432, -0.61072 ], [ 37.59415, -0.61072 ], [ 37.59402, -0.61072 ], [ 37.59397, -0.61072 ], [ 37.59393, -0.61072 ], [ 37.59389, -0.61072 ], [ 37.59384, -0.61076 ], [ 37.5938, -0.6108 ], [ 37.59376, -0.6108 ], [ 37.59371, -0.6108 ], [ 37.59371, -0.61085 ], [ 37.59367, -0.61085 ], [ 37.59362, -0.61089 ], [ 37.59362, -0.61093 ], [ 37.59358, -0.61093 ], [ 37.59354, -0.61098 ], [ 37.59349, -0.61102 ], [ 37.59345, -0.61107 ], [ 37.59341, -0.61111 ], [ 37.59341, -0.61115 ], [ 37.59341, -0.6112 ], [ 37.59332, -0.61124 ], [ 37.59327, -0.61128 ], [ 37.59314, -0.61137 ], [ 37.59297, -0.61142 ], [ 37.59297, -0.61146 ], [ 37.59292, -0.61146 ], [ 37.59292, -0.61155 ], [ 37.59288, -0.61155 ], [ 37.59284, -0.61155 ], [ 37.59279, -0.61159 ], [ 37.59275, -0.61163 ], [ 37.59271, -0.61168 ], [ 37.59266, -0.61168 ], [ 37.59266, -0.61172 ], [ 37.59262, -0.61172 ], [ 37.59253, -0.61177 ], [ 37.59244, -0.61177 ], [ 37.59236, -0.61181 ], [ 37.59231, -0.61181 ], [ 37.59227, -0.61181 ], [ 37.59222, -0.61185 ], [ 37.59209, -0.61185 ], [ 37.59192, -0.6119 ], [ 37.59183, -0.6119 ], [ 37.59183, -0.61194 ], [ 37.59183, -0.61198 ], [ 37.59183, -0.61203 ], [ 37.59183, -0.61207 ], [ 37.59183, -0.61212 ], [ 37.59183, -0.61216 ], [ 37.59183, -0.61225 ], [ 37.59183, -0.61229 ], [ 37.59183, -0.61233 ], [ 37.59183, -0.61238 ], [ 37.59183, -0.61242 ], [ 37.59183, -0.61247 ], [ 37.59183, -0.61251 ], [ 37.59183, -0.61255 ], [ 37.59183, -0.6126 ], [ 37.59183, -0.61264 ], [ 37.59183, -0.61268 ], [ 37.59183, -0.61273 ], [ 37.59183, -0.61277 ], [ 37.59183, -0.61282 ], [ 37.59183, -0.61286 ], [ 37.59183, -0.6129 ], [ 37.59183, -0.61295 ], [ 37.59179, -0.61299 ], [ 37.59179, -0.61303 ], [ 37.59174, -0.61303 ], [ 37.59174, -0.61308 ], [ 37.5917, -0.61312 ], [ 37.5917, -0.61317 ], [ 37.59166, -0.61321 ], [ 37.59166, -0.61325 ], [ 37.59166, -0.6133 ], [ 37.59166, -0.61334 ], [ 37.59166, -0.61338 ], [ 37.59166, -0.61343 ], [ 37.59166, -0.61347 ], [ 37.59166, -0.61351 ], [ 37.59166, -0.61356 ], [ 37.59166, -0.6136 ], [ 37.59166, -0.61365 ], [ 37.59166, -0.61369 ], [ 37.59161, -0.61373 ], [ 37.59161, -0.61378 ], [ 37.59157, -0.61382 ], [ 37.59152, -0.61382 ], [ 37.59152, -0.61386 ], [ 37.59152, -0.61391 ], [ 37.59148, -0.61395 ], [ 37.59148, -0.614 ], [ 37.59144, -0.614 ], [ 37.59144, -0.61404 ], [ 37.59139, -0.61408 ], [ 37.59139, -0.61413 ], [ 37.59135, -0.61417 ], [ 37.59135, -0.61421 ], [ 37.59131, -0.61426 ], [ 37.59131, -0.6143 ], [ 37.59131, -0.61435 ], [ 37.59126, -0.61439 ], [ 37.59122, -0.61443 ], [ 37.59122, -0.61448 ], [ 37.59118, -0.61452 ], [ 37.59113, -0.61456 ], [ 37.59113, -0.61461 ], [ 37.59109, -0.61465 ], [ 37.59109, -0.6147 ], [ 37.59104, -0.6147 ], [ 37.59104, -0.61474 ], [ 37.59104, -0.61478 ], [ 37.59104, -0.61483 ], [ 37.591, -0.61487 ], [ 37.59091, -0.61487 ], [ 37.59087, -0.61487 ], [ 37.59083, -0.61487 ], [ 37.59078, -0.61487 ], [ 37.59074, -0.61487 ], [ 37.59069, -0.61487 ], [ 37.59065, -0.61487 ], [ 37.59061, -0.61483 ], [ 37.59061, -0.61478 ], [ 37.59061, -0.61474 ], [ 37.59056, -0.61474 ], [ 37.59056, -0.6147 ], [ 37.59056, -0.61465 ], [ 37.59052, -0.61465 ], [ 37.59048, -0.61461 ], [ 37.59043, -0.61461 ], [ 37.59039, -0.61461 ], [ 37.59034, -0.61465 ], [ 37.59034, -0.6147 ], [ 37.5903, -0.61474 ], [ 37.5903, -0.61478 ], [ 37.59026, -0.61483 ], [ 37.59026, -0.61487 ], [ 37.59026, -0.61491 ], [ 37.59021, -0.61496 ], [ 37.59017, -0.61496 ], [ 37.59017, -0.615 ], [ 37.59013, -0.61505 ], [ 37.59013, -0.61509 ], [ 37.59008, -0.61509 ], [ 37.59004, -0.61513 ], [ 37.58999, -0.61518 ], [ 37.58991, -0.61526 ], [ 37.58982, -0.61531 ], [ 37.58981, -0.61532 ], [ 37.58978, -0.61535 ], [ 37.58973, -0.61535 ], [ 37.58969, -0.6154 ], [ 37.58964, -0.6154 ], [ 37.58956, -0.6154 ], [ 37.58947, -0.6154 ], [ 37.58943, -0.6154 ], [ 37.58934, -0.6154 ], [ 37.58929, -0.6154 ], [ 37.58925, -0.6154 ], [ 37.58921, -0.6154 ], [ 37.58916, -0.6154 ], [ 37.58912, -0.6154 ], [ 37.58908, -0.6154 ], [ 37.58899, -0.6154 ], [ 37.58894, -0.6154 ], [ 37.5889, -0.6154 ], [ 37.58886, -0.6154 ], [ 37.58877, -0.6154 ], [ 37.58873, -0.61531 ], [ 37.58864, -0.61526 ], [ 37.58859, -0.61522 ], [ 37.58855, -0.61522 ], [ 37.58855, -0.61518 ], [ 37.58851, -0.61518 ], [ 37.58846, -0.61513 ], [ 37.58846, -0.61509 ], [ 37.58842, -0.61509 ], [ 37.58842, -0.61505 ], [ 37.58842, -0.615 ], [ 37.58842, -0.61496 ], [ 37.58838, -0.61496 ], [ 37.58838, -0.61491 ], [ 37.58833, -0.61491 ], [ 37.58829, -0.61491 ], [ 37.5882, -0.61491 ], [ 37.58816, -0.61491 ], [ 37.58811, -0.61491 ], [ 37.58807, -0.61491 ], [ 37.58798, -0.61491 ], [ 37.58789, -0.61491 ], [ 37.58785, -0.61491 ], [ 37.58776, -0.61491 ], [ 37.58772, -0.61491 ], [ 37.58768, -0.61491 ], [ 37.58759, -0.61491 ], [ 37.58754, -0.61491 ], [ 37.5875, -0.61491 ], [ 37.58746, -0.61491 ], [ 37.58741, -0.61491 ], [ 37.58737, -0.61491 ], [ 37.58733, -0.61491 ], [ 37.58728, -0.61491 ], [ 37.58728, -0.61496 ], [ 37.58724, -0.61496 ], [ 37.5872, -0.615 ], [ 37.5872, -0.61505 ], [ 37.58715, -0.61505 ], [ 37.58706, -0.61509 ], [ 37.58693, -0.61509 ], [ 37.58689, -0.61509 ], [ 37.58685, -0.61513 ], [ 37.5868, -0.61513 ], [ 37.58676, -0.61513 ], [ 37.58676, -0.61505 ], [ 37.58676, -0.615 ], [ 37.58676, -0.61496 ], [ 37.58676, -0.61491 ], [ 37.58676, -0.61487 ], [ 37.58676, -0.61478 ], [ 37.58676, -0.61474 ], [ 37.58676, -0.6147 ], [ 37.58676, -0.61465 ], [ 37.58676, -0.61461 ], [ 37.58676, -0.61456 ], [ 37.58676, -0.61448 ], [ 37.58671, -0.61443 ], [ 37.58671, -0.61439 ], [ 37.58663, -0.61435 ], [ 37.58658, -0.6143 ], [ 37.58654, -0.61426 ], [ 37.5865, -0.61421 ], [ 37.58641, -0.61417 ], [ 37.58632, -0.61413 ], [ 37.58628, -0.61408 ], [ 37.58623, -0.61408 ], [ 37.58619, -0.61408 ], [ 37.58619, -0.61404 ], [ 37.58615, -0.61404 ], [ 37.5861, -0.61404 ], [ 37.58606, -0.614 ], [ 37.58601, -0.614 ], [ 37.58601, -0.61395 ], [ 37.58597, -0.61395 ], [ 37.58588, -0.61391 ], [ 37.58584, -0.61386 ], [ 37.5858, -0.61386 ], [ 37.58575, -0.61382 ], [ 37.58571, -0.61382 ], [ 37.58566, -0.61378 ], [ 37.58562, -0.61378 ], [ 37.58553, -0.61378 ], [ 37.5854, -0.61373 ], [ 37.58531, -0.61373 ], [ 37.58523, -0.61373 ], [ 37.58518, -0.61373 ], [ 37.58505, -0.61373 ], [ 37.58501, -0.61373 ], [ 37.58492, -0.61373 ], [ 37.58488, -0.61373 ], [ 37.58483, -0.61373 ], [ 37.58479, -0.61373 ], [ 37.58475, -0.61373 ], [ 37.5847, -0.61373 ], [ 37.58466, -0.61373 ], [ 37.58461, -0.61373 ], [ 37.58457, -0.61373 ], [ 37.58453, -0.61373 ], [ 37.58444, -0.61373 ], [ 37.5844, -0.61369 ], [ 37.58426, -0.61365 ], [ 37.58418, -0.61365 ], [ 37.58413, -0.6136 ], [ 37.58409, -0.6136 ], [ 37.58405, -0.6136 ], [ 37.58405, -0.61356 ], [ 37.58396, -0.61351 ], [ 37.58391, -0.61347 ], [ 37.58383, -0.61343 ], [ 37.58378, -0.61338 ], [ 37.58374, -0.61334 ], [ 37.5837, -0.6133 ], [ 37.5837, -0.61325 ], [ 37.58365, -0.61325 ], [ 37.58365, -0.61321 ], [ 37.58365, -0.61317 ], [ 37.58361, -0.61317 ], [ 37.58361, -0.61312 ], [ 37.58357, -0.61303 ], [ 37.58352, -0.61299 ], [ 37.58348, -0.6129 ], [ 37.58343, -0.6129 ], [ 37.58335, -0.61282 ], [ 37.5833, -0.61277 ], [ 37.58326, -0.61273 ], [ 37.58322, -0.61268 ], [ 37.58317, -0.61268 ], [ 37.58313, -0.61273 ], [ 37.58308, -0.61277 ], [ 37.583, -0.61282 ], [ 37.58295, -0.61286 ], [ 37.58287, -0.61286 ], [ 37.58282, -0.6129 ], [ 37.58278, -0.6129 ], [ 37.58273, -0.6129 ], [ 37.58265, -0.61286 ], [ 37.5826, -0.61282 ], [ 37.58252, -0.61282 ], [ 37.58247, -0.61282 ], [ 37.58234, -0.61282 ], [ 37.58225, -0.61282 ], [ 37.58221, -0.61282 ], [ 37.58212, -0.61282 ], [ 37.58208, -0.61282 ], [ 37.58203, -0.61282 ], [ 37.58199, -0.61286 ], [ 37.58195, -0.61286 ], [ 37.5819, -0.61286 ], [ 37.5819, -0.6129 ], [ 37.58186, -0.6129 ], [ 37.58182, -0.6129 ], [ 37.58177, -0.61295 ], [ 37.58177, -0.61299 ], [ 37.58173, -0.61299 ], [ 37.58173, -0.61303 ], [ 37.58168, -0.61308 ], [ 37.58164, -0.61308 ], [ 37.5816, -0.61312 ], [ 37.58151, -0.61321 ], [ 37.58151, -0.61325 ], [ 37.58142, -0.6133 ], [ 37.58138, -0.61334 ], [ 37.58129, -0.61334 ], [ 37.58125, -0.61338 ], [ 37.5812, -0.61338 ], [ 37.5812, -0.61343 ], [ 37.58112, -0.61343 ], [ 37.58107, -0.61351 ], [ 37.58098, -0.61356 ], [ 37.58094, -0.6136 ], [ 37.5809, -0.61365 ], [ 37.58081, -0.61373 ], [ 37.58068, -0.61373 ], [ 37.58046, -0.61373 ], [ 37.58037, -0.61373 ], [ 37.58033, -0.61373 ], [ 37.58028, -0.61373 ], [ 37.58024, -0.61378 ], [ 37.58015, -0.61382 ], [ 37.57998, -0.61391 ], [ 37.57985, -0.61395 ], [ 37.5798, -0.614 ], [ 37.57976, -0.614 ], [ 37.57963, -0.614 ], [ 37.57945, -0.614 ], [ 37.57937, -0.614 ], [ 37.57932, -0.614 ], [ 37.57932, -0.61404 ], [ 37.57928, -0.61408 ], [ 37.57924, -0.61413 ], [ 37.57919, -0.61417 ], [ 37.57915, -0.61421 ], [ 37.5791, -0.61426 ], [ 37.57906, -0.61426 ], [ 37.57902, -0.61426 ], [ 37.57897, -0.61426 ], [ 37.57897, -0.6143 ], [ 37.57893, -0.6143 ], [ 37.57884, -0.6143 ], [ 37.57875, -0.6143 ], [ 37.57862, -0.61435 ], [ 37.57858, -0.61435 ], [ 37.57854, -0.61439 ], [ 37.57854, -0.61443 ], [ 37.57854, -0.61448 ], [ 37.57854, -0.61452 ], [ 37.57854, -0.61456 ], [ 37.57854, -0.61461 ], [ 37.57854, -0.61465 ], [ 37.57854, -0.6147 ], [ 37.57854, -0.61474 ], [ 37.57854, -0.61478 ], [ 37.57854, -0.61483 ], [ 37.57854, -0.61487 ], [ 37.57854, -0.61491 ], [ 37.57854, -0.61496 ], [ 37.57854, -0.615 ], [ 37.57854, -0.61505 ], [ 37.57854, -0.61509 ], [ 37.57854, -0.61513 ], [ 37.57854, -0.61518 ], [ 37.57854, -0.61522 ], [ 37.57849, -0.61526 ], [ 37.57849, -0.61531 ], [ 37.5784, -0.61531 ], [ 37.57836, -0.61535 ], [ 37.57836, -0.6154 ], [ 37.57832, -0.61544 ], [ 37.57827, -0.61544 ], [ 37.57823, -0.61548 ], [ 37.57819, -0.61557 ], [ 37.57814, -0.61561 ], [ 37.5781, -0.61566 ], [ 37.5781, -0.6157 ], [ 37.57805, -0.61575 ], [ 37.57805, -0.61579 ], [ 37.57801, -0.61583 ], [ 37.57801, -0.61588 ], [ 37.57797, -0.61596 ], [ 37.57797, -0.61601 ], [ 37.57792, -0.61605 ], [ 37.57792, -0.6161 ], [ 37.57788, -0.6161 ], [ 37.57788, -0.61614 ], [ 37.57788, -0.61618 ], [ 37.57784, -0.61623 ], [ 37.57779, -0.61627 ], [ 37.57779, -0.61631 ], [ 37.5777, -0.61636 ], [ 37.57766, -0.6164 ], [ 37.57762, -0.61644 ], [ 37.57757, -0.61644 ], [ 37.57753, -0.61649 ], [ 37.57749, -0.61649 ], [ 37.57744, -0.61649 ], [ 37.5774, -0.61649 ], [ 37.57735, -0.61649 ], [ 37.57735, -0.61644 ], [ 37.57735, -0.6164 ], [ 37.57735, -0.61636 ], [ 37.57735, -0.61631 ], [ 37.57735, -0.61627 ], [ 37.57735, -0.61623 ], [ 37.57705, -0.6161 ], [ 37.577, -0.6161 ], [ 37.57692, -0.61614 ], [ 37.57679, -0.61618 ], [ 37.57674, -0.61623 ], [ 37.5767, -0.61623 ], [ 37.57665, -0.61623 ], [ 37.57665, -0.61627 ], [ 37.57661, -0.61627 ], [ 37.57661, -0.61631 ], [ 37.57661, -0.61636 ], [ 37.57661, -0.6164 ], [ 37.57657, -0.61644 ], [ 37.57657, -0.61649 ], [ 37.57657, -0.61653 ], [ 37.57657, -0.61658 ], [ 37.57657, -0.61662 ], [ 37.57652, -0.61666 ], [ 37.57652, -0.61671 ], [ 37.57652, -0.61675 ], [ 37.57652, -0.61679 ], [ 37.57652, -0.61684 ], [ 37.57652, -0.61688 ], [ 37.57652, -0.61693 ], [ 37.57652, -0.61697 ], [ 37.57652, -0.61701 ], [ 37.57652, -0.61706 ], [ 37.57652, -0.6171 ], [ 37.57652, -0.61714 ], [ 37.57652, -0.61719 ], [ 37.57652, -0.61723 ], [ 37.57652, -0.61728 ], [ 37.57652, -0.61732 ], [ 37.57652, -0.61736 ], [ 37.57652, -0.61745 ], [ 37.57652, -0.61754 ], [ 37.57652, -0.61758 ], [ 37.57652, -0.61763 ], [ 37.57652, -0.61767 ], [ 37.57652, -0.61771 ], [ 37.57652, -0.61776 ], [ 37.57652, -0.6178 ], [ 37.57652, -0.61784 ], [ 37.57652, -0.61789 ], [ 37.57648, -0.61793 ], [ 37.57648, -0.61798 ], [ 37.57648, -0.61802 ], [ 37.57648, -0.61806 ], [ 37.57648, -0.61811 ], [ 37.57648, -0.61815 ], [ 37.57644, -0.61815 ], [ 37.57644, -0.61819 ], [ 37.57644, -0.61824 ], [ 37.57644, -0.61828 ], [ 37.57639, -0.61828 ], [ 37.57635, -0.61833 ], [ 37.5763, -0.61837 ], [ 37.5763, -0.61841 ], [ 37.57626, -0.61846 ], [ 37.57626, -0.6185 ], [ 37.57622, -0.6185 ], [ 37.57622, -0.61854 ], [ 37.57617, -0.61854 ], [ 37.57613, -0.61863 ], [ 37.57604, -0.61863 ], [ 37.57604, -0.61872 ], [ 37.576, -0.61872 ], [ 37.576, -0.61876 ], [ 37.576, -0.61881 ], [ 37.57595, -0.61885 ], [ 37.57595, -0.61889 ], [ 37.57591, -0.61894 ], [ 37.57591, -0.61898 ], [ 37.57587, -0.61898 ], [ 37.57587, -0.61903 ], [ 37.57587, -0.61907 ], [ 37.57587, -0.61911 ], [ 37.57587, -0.61916 ], [ 37.57587, -0.6192 ], [ 37.57587, -0.61924 ], [ 37.57587, -0.61929 ], [ 37.57587, -0.61933 ], [ 37.57587, -0.61937 ], [ 37.57587, -0.61942 ], [ 37.57587, -0.61951 ], [ 37.57587, -0.61955 ], [ 37.57587, -0.61959 ], [ 37.57587, -0.61964 ], [ 37.57587, -0.61968 ], [ 37.57587, -0.61972 ], [ 37.57587, -0.61977 ], [ 37.57587, -0.61981 ], [ 37.57587, -0.61986 ], [ 37.57587, -0.6199 ], [ 37.57587, -0.61994 ], [ 37.57587, -0.61999 ], [ 37.57587, -0.62003 ], [ 37.57587, -0.62007 ], [ 37.57587, -0.62012 ], [ 37.57587, -0.62016 ], [ 37.57587, -0.62021 ], [ 37.57587, -0.62025 ], [ 37.57587, -0.62029 ], [ 37.57587, -0.62034 ], [ 37.57582, -0.62038 ], [ 37.57582, -0.62042 ], [ 37.57582, -0.62047 ], [ 37.57578, -0.62051 ], [ 37.57578, -0.62056 ], [ 37.57578, -0.6206 ], [ 37.57574, -0.62064 ], [ 37.57574, -0.62073 ], [ 37.57569, -0.62073 ], [ 37.57569, -0.62077 ], [ 37.57569, -0.62082 ], [ 37.57565, -0.62086 ], [ 37.57561, -0.62091 ], [ 37.57556, -0.62095 ], [ 37.57552, -0.62095 ], [ 37.57547, -0.62099 ], [ 37.57543, -0.62099 ], [ 37.57539, -0.62104 ], [ 37.57539, -0.62108 ], [ 37.57534, -0.62108 ], [ 37.5753, -0.62112 ], [ 37.57526, -0.62112 ], [ 37.57521, -0.62112 ], [ 37.57521, -0.62117 ], [ 37.57521, -0.62121 ], [ 37.57517, -0.62121 ], [ 37.57512, -0.62126 ], [ 37.57508, -0.6213 ], [ 37.57504, -0.62134 ], [ 37.57499, -0.62139 ], [ 37.57499, -0.62143 ], [ 37.57495, -0.62143 ], [ 37.57491, -0.62143 ], [ 37.57486, -0.62147 ], [ 37.57482, -0.62152 ], [ 37.57482, -0.62156 ], [ 37.57477, -0.62156 ], [ 37.57477, -0.62161 ], [ 37.57473, -0.62165 ], [ 37.57469, -0.62169 ], [ 37.5746, -0.62174 ], [ 37.5746, -0.62178 ], [ 37.57451, -0.62178 ], [ 37.57442, -0.62182 ], [ 37.57434, -0.62187 ], [ 37.57429, -0.62191 ], [ 37.57425, -0.62191 ], [ 37.57425, -0.62196 ], [ 37.57416, -0.62196 ], [ 37.57403, -0.62196 ], [ 37.57394, -0.62196 ], [ 37.57386, -0.62196 ], [ 37.57372, -0.62196 ], [ 37.57359, -0.62196 ], [ 37.57346, -0.622 ], [ 37.57342, -0.622 ], [ 37.57337, -0.622 ], [ 37.57333, -0.622 ], [ 37.57324, -0.62209 ], [ 37.5732, -0.62209 ], [ 37.57316, -0.62213 ], [ 37.57307, -0.62217 ], [ 37.57298, -0.62226 ], [ 37.57289, -0.6223 ], [ 37.57289, -0.62235 ], [ 37.57281, -0.62239 ], [ 37.57281, -0.62244 ], [ 37.57276, -0.62248 ], [ 37.57272, -0.62252 ], [ 37.57263, -0.62252 ], [ 37.57263, -0.62261 ], [ 37.57254, -0.62261 ], [ 37.57246, -0.62265 ], [ 37.57241, -0.62274 ], [ 37.57237, -0.62274 ], [ 37.57232, -0.62279 ], [ 37.57228, -0.62279 ], [ 37.57219, -0.62279 ], [ 37.57206, -0.62283 ], [ 37.57198, -0.62287 ], [ 37.57193, -0.62287 ], [ 37.57189, -0.62287 ], [ 37.57184, -0.62292 ], [ 37.5718, -0.62292 ], [ 37.57176, -0.62296 ], [ 37.57171, -0.62296 ], [ 37.57158, -0.62296 ], [ 37.57154, -0.623 ], [ 37.57145, -0.62305 ], [ 37.57136, -0.62305 ], [ 37.57128, -0.62305 ], [ 37.57119, -0.62309 ], [ 37.57114, -0.62314 ], [ 37.57106, -0.62318 ], [ 37.57101, -0.62318 ], [ 37.57101, -0.62322 ], [ 37.57097, -0.62327 ], [ 37.57093, -0.62327 ], [ 37.57088, -0.62327 ], [ 37.57088, -0.62331 ], [ 37.57084, -0.62335 ], [ 37.57084, -0.6234 ], [ 37.57084, -0.62344 ], [ 37.57084, -0.62349 ], [ 37.57079, -0.62349 ], [ 37.57075, -0.62349 ], [ 37.57075, -0.62353 ], [ 37.57071, -0.62353 ], [ 37.57071, -0.62357 ], [ 37.57071, -0.62362 ], [ 37.57071, -0.62366 ], [ 37.57071, -0.6237 ], [ 37.57066, -0.62375 ], [ 37.57066, -0.62379 ], [ 37.57062, -0.62384 ], [ 37.57062, -0.62388 ], [ 37.57058, -0.62388 ], [ 37.57058, -0.62392 ], [ 37.57058, -0.62397 ], [ 37.57058, -0.62401 ], [ 37.57053, -0.62405 ], [ 37.57053, -0.6241 ], [ 37.57053, -0.62414 ], [ 37.57053, -0.62419 ], [ 37.57053, -0.62423 ], [ 37.57053, -0.62427 ], [ 37.57053, -0.62432 ], [ 37.57053, -0.62436 ], [ 37.57053, -0.6244 ], [ 37.57053, -0.62445 ], [ 37.57053, -0.62449 ], [ 37.57053, -0.62458 ], [ 37.57049, -0.62458 ], [ 37.57049, -0.62462 ], [ 37.57044, -0.62462 ], [ 37.5704, -0.62462 ], [ 37.57036, -0.62462 ], [ 37.57031, -0.62462 ], [ 37.57027, -0.62462 ], [ 37.57023, -0.62462 ], [ 37.57023, -0.62467 ], [ 37.57014, -0.62467 ], [ 37.57009, -0.62467 ], [ 37.57009, -0.62471 ], [ 37.57005, -0.62471 ], [ 37.57001, -0.62475 ], [ 37.56996, -0.6248 ], [ 37.56992, -0.62484 ], [ 37.56988, -0.62489 ], [ 37.56988, -0.62493 ], [ 37.56988, -0.62497 ], [ 37.56992, -0.62502 ], [ 37.56992, -0.62506 ], [ 37.56996, -0.6251 ], [ 37.57005, -0.6251 ], [ 37.57005, -0.62515 ], [ 37.57009, -0.62515 ], [ 37.57014, -0.62519 ], [ 37.57018, -0.62523 ], [ 37.57023, -0.62523 ], [ 37.57023, -0.62528 ], [ 37.57027, -0.62532 ], [ 37.57031, -0.62537 ], [ 37.57036, -0.62537 ], [ 37.57036, -0.62541 ], [ 37.5704, -0.62545 ], [ 37.5704, -0.6255 ], [ 37.57044, -0.62554 ], [ 37.57049, -0.62563 ], [ 37.57049, -0.62567 ], [ 37.57049, -0.62572 ], [ 37.57049, -0.6258 ], [ 37.57049, -0.62585 ], [ 37.57049, -0.62589 ], [ 37.57049, -0.62593 ], [ 37.57049, -0.62598 ], [ 37.57049, -0.62602 ], [ 37.57049, -0.62607 ], [ 37.57049, -0.62611 ], [ 37.57049, -0.62615 ], [ 37.57044, -0.62615 ], [ 37.57044, -0.6262 ], [ 37.57044, -0.62624 ], [ 37.57044, -0.62628 ], [ 37.5704, -0.62628 ], [ 37.5704, -0.62633 ], [ 37.57036, -0.62637 ], [ 37.57036, -0.62642 ], [ 37.57031, -0.62646 ], [ 37.57031, -0.6265 ], [ 37.57027, -0.62655 ], [ 37.57027, -0.62659 ], [ 37.57023, -0.62659 ], [ 37.57023, -0.62663 ], [ 37.57018, -0.62668 ], [ 37.57014, -0.62668 ], [ 37.57009, -0.62668 ], [ 37.56996, -0.62677 ], [ 37.56992, -0.62677 ], [ 37.56988, -0.62677 ], [ 37.56983, -0.62677 ], [ 37.56979, -0.62677 ], [ 37.56979, -0.62672 ], [ 37.56975, -0.62672 ], [ 37.56974, -0.62672 ], [ 37.5697, -0.62668 ], [ 37.56966, -0.62663 ], [ 37.56961, -0.62663 ], [ 37.56961, -0.62659 ], [ 37.56957, -0.62659 ], [ 37.56957, -0.62655 ], [ 37.56953, -0.62655 ], [ 37.56953, -0.6265 ], [ 37.56948, -0.6265 ], [ 37.56948, -0.62646 ], [ 37.56944, -0.62646 ], [ 37.56944, -0.62642 ], [ 37.56939, -0.62642 ], [ 37.56935, -0.62637 ], [ 37.56922, -0.62633 ], [ 37.56913, -0.62633 ], [ 37.56909, -0.62633 ], [ 37.56904, -0.62633 ], [ 37.569, -0.62633 ], [ 37.56896, -0.62628 ], [ 37.56887, -0.62628 ], [ 37.56883, -0.62628 ], [ 37.56878, -0.62628 ], [ 37.56874, -0.62628 ], [ 37.56869, -0.62628 ], [ 37.56865, -0.62628 ], [ 37.56865, -0.62624 ], [ 37.56861, -0.62624 ], [ 37.56856, -0.62624 ], [ 37.56852, -0.62624 ], [ 37.56852, -0.6262 ], [ 37.56848, -0.6262 ], [ 37.56843, -0.62615 ], [ 37.56839, -0.62611 ], [ 37.56834, -0.62611 ], [ 37.56834, -0.62607 ], [ 37.5683, -0.62607 ], [ 37.5683, -0.62602 ], [ 37.56826, -0.62602 ], [ 37.56826, -0.62598 ], [ 37.56821, -0.62593 ], [ 37.56817, -0.62585 ], [ 37.56817, -0.6258 ], [ 37.56817, -0.62576 ], [ 37.56817, -0.62572 ], [ 37.56817, -0.62567 ], [ 37.56817, -0.62563 ], [ 37.56817, -0.62558 ], [ 37.56817, -0.62554 ], [ 37.56817, -0.6255 ], [ 37.56817, -0.62545 ], [ 37.56821, -0.62541 ], [ 37.56826, -0.62537 ], [ 37.56826, -0.62528 ], [ 37.56826, -0.62523 ], [ 37.5683, -0.62515 ], [ 37.5683, -0.6251 ], [ 37.56834, -0.62506 ], [ 37.56834, -0.62497 ], [ 37.56839, -0.62497 ], [ 37.56839, -0.62493 ], [ 37.56839, -0.62484 ], [ 37.56839, -0.6248 ], [ 37.56839, -0.62475 ], [ 37.56839, -0.62471 ], [ 37.56839, -0.62467 ], [ 37.56839, -0.62462 ], [ 37.56839, -0.62458 ], [ 37.56839, -0.62454 ], [ 37.56839, -0.62449 ], [ 37.56839, -0.62445 ], [ 37.56839, -0.6244 ], [ 37.56839, -0.62436 ], [ 37.56839, -0.62432 ], [ 37.56839, -0.62427 ], [ 37.56839, -0.62419 ], [ 37.56839, -0.62414 ], [ 37.56839, -0.6241 ], [ 37.56839, -0.62405 ], [ 37.56839, -0.62401 ], [ 37.56839, -0.62397 ], [ 37.56839, -0.62392 ], [ 37.56839, -0.62388 ], [ 37.56839, -0.62384 ], [ 37.56839, -0.62379 ], [ 37.56843, -0.62379 ], [ 37.56843, -0.62375 ], [ 37.56843, -0.6237 ], [ 37.56843, -0.62366 ], [ 37.56848, -0.62366 ], [ 37.56848, -0.62362 ], [ 37.56852, -0.62362 ], [ 37.56852, -0.62357 ], [ 37.56856, -0.62357 ], [ 37.56861, -0.62353 ], [ 37.56865, -0.62353 ], [ 37.56865, -0.62349 ], [ 37.56869, -0.62349 ], [ 37.56869, -0.62344 ], [ 37.56874, -0.62344 ], [ 37.56878, -0.6234 ], [ 37.56883, -0.6234 ], [ 37.56883, -0.62335 ], [ 37.56887, -0.62331 ], [ 37.56887, -0.62327 ], [ 37.56887, -0.62322 ], [ 37.56891, -0.62322 ], [ 37.56891, -0.62318 ], [ 37.56891, -0.62314 ], [ 37.56896, -0.62314 ], [ 37.569, -0.62314 ], [ 37.569, -0.62309 ], [ 37.56904, -0.62309 ], [ 37.56904, -0.62305 ], [ 37.56904, -0.623 ], [ 37.56904, -0.62296 ], [ 37.56904, -0.62292 ], [ 37.56904, -0.62283 ], [ 37.56904, -0.62279 ], [ 37.56904, -0.62274 ], [ 37.56904, -0.6227 ], [ 37.56904, -0.62265 ], [ 37.56904, -0.62257 ], [ 37.56909, -0.62252 ], [ 37.56909, -0.62248 ], [ 37.56909, -0.62244 ], [ 37.56909, -0.62235 ], [ 37.56909, -0.62226 ], [ 37.56909, -0.62222 ], [ 37.56909, -0.62217 ], [ 37.56909, -0.62213 ], [ 37.56909, -0.62209 ], [ 37.56909, -0.62204 ], [ 37.56909, -0.622 ], [ 37.56909, -0.62196 ], [ 37.56909, -0.62191 ], [ 37.56904, -0.62191 ], [ 37.569, -0.62191 ], [ 37.569, -0.62187 ], [ 37.569, -0.62182 ], [ 37.569, -0.62178 ], [ 37.56896, -0.62178 ], [ 37.56896, -0.62174 ], [ 37.56891, -0.62174 ], [ 37.56891, -0.62169 ], [ 37.56891, -0.62165 ], [ 37.56896, -0.62165 ], [ 37.569, -0.62165 ], [ 37.56904, -0.62165 ], [ 37.56909, -0.62165 ], [ 37.56913, -0.62165 ], [ 37.56918, -0.62165 ], [ 37.56926, -0.62165 ], [ 37.56931, -0.62165 ], [ 37.56935, -0.62165 ], [ 37.56939, -0.62161 ], [ 37.56944, -0.62161 ], [ 37.56948, -0.62156 ], [ 37.56953, -0.62156 ], [ 37.56953, -0.62152 ], [ 37.56948, -0.62152 ], [ 37.56948, -0.62147 ], [ 37.56944, -0.62147 ], [ 37.56944, -0.62143 ], [ 37.56939, -0.62143 ], [ 37.56939, -0.62139 ], [ 37.56935, -0.62139 ], [ 37.56935, -0.62134 ], [ 37.56931, -0.62134 ], [ 37.56931, -0.6213 ], [ 37.56926, -0.6213 ], [ 37.56926, -0.62126 ], [ 37.56922, -0.62126 ], [ 37.56922, -0.62121 ], [ 37.56918, -0.62117 ], [ 37.56913, -0.62112 ], [ 37.56913, -0.62108 ], [ 37.56913, -0.62104 ], [ 37.56918, -0.62104 ], [ 37.56926, -0.62104 ], [ 37.56935, -0.62104 ], [ 37.56935, -0.62099 ], [ 37.56935, -0.62095 ], [ 37.56939, -0.62095 ], [ 37.56944, -0.62095 ], [ 37.56944, -0.62091 ], [ 37.56948, -0.62086 ], [ 37.56948, -0.62082 ], [ 37.56953, -0.62077 ], [ 37.56957, -0.62077 ], [ 37.56957, -0.62073 ], [ 37.56957, -0.62069 ], [ 37.56957, -0.62064 ], [ 37.56957, -0.6206 ], [ 37.56957, -0.62056 ], [ 37.56957, -0.62051 ], [ 37.56957, -0.62047 ], [ 37.56957, -0.62042 ], [ 37.56957, -0.62038 ], [ 37.56957, -0.62034 ], [ 37.56957, -0.62029 ], [ 37.56957, -0.62025 ], [ 37.56957, -0.62021 ], [ 37.56957, -0.62016 ], [ 37.56953, -0.62016 ], [ 37.56948, -0.62016 ], [ 37.56944, -0.62012 ], [ 37.56939, -0.62007 ], [ 37.56939, -0.62003 ], [ 37.56931, -0.61999 ], [ 37.56926, -0.61994 ], [ 37.56922, -0.61994 ], [ 37.56861, -0.61955 ], [ 37.56856, -0.61955 ], [ 37.56856, -0.61951 ], [ 37.56856, -0.61946 ], [ 37.56852, -0.61946 ], [ 37.56848, -0.61942 ], [ 37.56848, -0.61937 ], [ 37.56839, -0.61937 ], [ 37.56839, -0.61933 ], [ 37.56834, -0.61933 ], [ 37.56834, -0.61929 ], [ 37.5683, -0.61929 ], [ 37.5683, -0.61924 ], [ 37.56826, -0.61924 ], [ 37.56826, -0.6192 ], [ 37.56821, -0.61916 ], [ 37.56817, -0.61916 ], [ 37.56813, -0.61911 ], [ 37.56813, -0.61907 ], [ 37.56804, -0.61903 ], [ 37.568, -0.61898 ], [ 37.56795, -0.61894 ], [ 37.56791, -0.61894 ], [ 37.56791, -0.61889 ], [ 37.56786, -0.61885 ], [ 37.56782, -0.61881 ], [ 37.56778, -0.61881 ], [ 37.56778, -0.61876 ], [ 37.56778, -0.61872 ], [ 37.56773, -0.61872 ], [ 37.56773, -0.61868 ], [ 37.56769, -0.61868 ], [ 37.56769, -0.61863 ], [ 37.56765, -0.61863 ], [ 37.56756, -0.61859 ], [ 37.56751, -0.61859 ], [ 37.56747, -0.61854 ], [ 37.56743, -0.6185 ], [ 37.56738, -0.61846 ], [ 37.56734, -0.61846 ], [ 37.5673, -0.61846 ], [ 37.56725, -0.61846 ], [ 37.56721, -0.61846 ], [ 37.56712, -0.61841 ], [ 37.56708, -0.61841 ], [ 37.56699, -0.61837 ], [ 37.5669, -0.61837 ], [ 37.5669, -0.61833 ], [ 37.56686, -0.61833 ], [ 37.56686, -0.61828 ], [ 37.56681, -0.61828 ], [ 37.56681, -0.61824 ], [ 37.56677, -0.61824 ], [ 37.56677, -0.61819 ], [ 37.56677, -0.61815 ], [ 37.56677, -0.61811 ], [ 37.56677, -0.61806 ], [ 37.56677, -0.61802 ], [ 37.56677, -0.61798 ], [ 37.56673, -0.61793 ], [ 37.56673, -0.61789 ], [ 37.56668, -0.61789 ], [ 37.56668, -0.61784 ], [ 37.56668, -0.6178 ], [ 37.56664, -0.6178 ], [ 37.5666, -0.6178 ], [ 37.56655, -0.6178 ], [ 37.56651, -0.6178 ], [ 37.56646, -0.6178 ], [ 37.56642, -0.6178 ], [ 37.56638, -0.6178 ], [ 37.56633, -0.6178 ], [ 37.56629, -0.6178 ], [ 37.56625, -0.6178 ], [ 37.5662, -0.6178 ], [ 37.56616, -0.6178 ], [ 37.56611, -0.6178 ], [ 37.56607, -0.61776 ], [ 37.56603, -0.61776 ], [ 37.56598, -0.61776 ], [ 37.56598, -0.61771 ], [ 37.56594, -0.61771 ], [ 37.56594, -0.61767 ], [ 37.5659, -0.61767 ], [ 37.56585, -0.61767 ], [ 37.56581, -0.61767 ], [ 37.56581, -0.61763 ], [ 37.56576, -0.61763 ], [ 37.56572, -0.61758 ], [ 37.56568, -0.61758 ], [ 37.56563, -0.61758 ], [ 37.56559, -0.61758 ], [ 37.56555, -0.61758 ], [ 37.5655, -0.61758 ], [ 37.56546, -0.61758 ], [ 37.56541, -0.61758 ], [ 37.56541, -0.61754 ], [ 37.56541, -0.61749 ], [ 37.56541, -0.61745 ], [ 37.56537, -0.61745 ], [ 37.56537, -0.61741 ], [ 37.56533, -0.61741 ], [ 37.56533, -0.61736 ], [ 37.56528, -0.61732 ], [ 37.56524, -0.61732 ], [ 37.56524, -0.61728 ], [ 37.5652, -0.61728 ], [ 37.5652, -0.61723 ], [ 37.56515, -0.61723 ], [ 37.56515, -0.61719 ], [ 37.56515, -0.61714 ], [ 37.56515, -0.6171 ], [ 37.56515, -0.61706 ], [ 37.56515, -0.61701 ], [ 37.56515, -0.61697 ], [ 37.56515, -0.61693 ], [ 37.56515, -0.61688 ], [ 37.56515, -0.61684 ], [ 37.56515, -0.6168 ], [ 37.56515, -0.61675 ], [ 37.56515, -0.61671 ], [ 37.56515, -0.61666 ], [ 37.56515, -0.61662 ], [ 37.56515, -0.61658 ], [ 37.56515, -0.61653 ], [ 37.56515, -0.61649 ], [ 37.56515, -0.61644 ], [ 37.56515, -0.6164 ], [ 37.56515, -0.61636 ], [ 37.56515, -0.61631 ], [ 37.56515, -0.61627 ], [ 37.56515, -0.61623 ], [ 37.56515, -0.61618 ], [ 37.56515, -0.61614 ], [ 37.56515, -0.6161 ], [ 37.56515, -0.61605 ], [ 37.56515, -0.61601 ], [ 37.56515, -0.61596 ], [ 37.56515, -0.61592 ], [ 37.56515, -0.61588 ], [ 37.56515, -0.61583 ], [ 37.56515, -0.61579 ], [ 37.56515, -0.61575 ], [ 37.56515, -0.6157 ], [ 37.56515, -0.61566 ], [ 37.56515, -0.61561 ], [ 37.56515, -0.61557 ], [ 37.56511, -0.61557 ], [ 37.56511, -0.61553 ], [ 37.56506, -0.61553 ], [ 37.56502, -0.61553 ], [ 37.56502, -0.61548 ], [ 37.56498, -0.61548 ], [ 37.56493, -0.61548 ], [ 37.56493, -0.61544 ], [ 37.56489, -0.61544 ], [ 37.56489, -0.6154 ], [ 37.56485, -0.61535 ], [ 37.56476, -0.61531 ], [ 37.56476, -0.61526 ], [ 37.56471, -0.61522 ], [ 37.56471, -0.61518 ], [ 37.56467, -0.61518 ], [ 37.56467, -0.61513 ], [ 37.56467, -0.61509 ], [ 37.56463, -0.61505 ], [ 37.56463, -0.615 ], [ 37.56458, -0.615 ], [ 37.56458, -0.61496 ], [ 37.56458, -0.61491 ], [ 37.56458, -0.61487 ], [ 37.56454, -0.61487 ], [ 37.56454, -0.61483 ], [ 37.56454, -0.61478 ], [ 37.56454, -0.61474 ], [ 37.56454, -0.6147 ], [ 37.56454, -0.61465 ], [ 37.56454, -0.61461 ], [ 37.56454, -0.61456 ], [ 37.56454, -0.61452 ], [ 37.56454, -0.61448 ], [ 37.56454, -0.61443 ], [ 37.56454, -0.61439 ], [ 37.5645, -0.61439 ], [ 37.56445, -0.61435 ], [ 37.56441, -0.6143 ], [ 37.56436, -0.61426 ], [ 37.56436, -0.61417 ], [ 37.56432, -0.61413 ], [ 37.56432, -0.61408 ], [ 37.56432, -0.61404 ], [ 37.56432, -0.614 ], [ 37.56432, -0.61395 ], [ 37.56432, -0.61391 ], [ 37.56428, -0.61386 ], [ 37.56423, -0.61382 ], [ 37.56423, -0.61378 ], [ 37.56415, -0.61378 ], [ 37.56415, -0.61369 ], [ 37.56406, -0.61369 ], [ 37.56406, -0.61365 ], [ 37.56402, -0.61365 ], [ 37.56402, -0.6136 ], [ 37.56397, -0.6136 ], [ 37.56397, -0.61356 ], [ 37.56393, -0.61356 ], [ 37.56388, -0.61351 ], [ 37.5638, -0.61351 ], [ 37.56375, -0.61351 ], [ 37.56375, -0.61347 ], [ 37.56371, -0.61347 ], [ 37.56371, -0.61343 ], [ 37.56367, -0.61343 ], [ 37.56367, -0.61338 ], [ 37.56367, -0.61334 ], [ 37.56362, -0.61334 ], [ 37.56362, -0.6133 ], [ 37.56358, -0.6133 ], [ 37.56358, -0.61325 ], [ 37.56358, -0.61321 ], [ 37.56353, -0.61317 ], [ 37.56353, -0.61312 ], [ 37.56353, -0.61308 ], [ 37.56349, -0.61308 ], [ 37.56349, -0.61303 ], [ 37.56349, -0.61299 ], [ 37.56349, -0.61295 ], [ 37.56345, -0.61295 ], [ 37.56345, -0.6129 ], [ 37.5634, -0.61286 ], [ 37.5634, -0.61282 ], [ 37.56336, -0.61282 ], [ 37.56336, -0.61277 ], [ 37.56336, -0.61273 ], [ 37.56332, -0.61268 ], [ 37.56332, -0.61264 ], [ 37.56332, -0.6126 ], [ 37.56327, -0.6126 ], [ 37.56327, -0.61255 ], [ 37.56327, -0.61251 ], [ 37.56327, -0.61247 ], [ 37.56323, -0.61247 ], [ 37.56323, -0.61242 ], [ 37.56318, -0.61242 ], [ 37.56318, -0.61238 ], [ 37.56318, -0.61233 ], [ 37.56314, -0.61233 ], [ 37.56314, -0.61229 ], [ 37.56314, -0.61225 ], [ 37.5631, -0.61225 ], [ 37.5631, -0.6122 ], [ 37.56305, -0.6122 ], [ 37.56305, -0.61216 ], [ 37.56301, -0.61216 ], [ 37.56301, -0.61212 ], [ 37.56297, -0.61207 ], [ 37.56292, -0.61207 ], [ 37.56288, -0.61207 ], [ 37.56288, -0.61203 ], [ 37.56283, -0.61203 ], [ 37.56283, -0.61198 ], [ 37.56275, -0.61194 ], [ 37.5627, -0.6119 ], [ 37.56266, -0.6119 ], [ 37.56266, -0.61185 ], [ 37.56262, -0.61185 ], [ 37.56262, -0.61181 ], [ 37.56257, -0.61177 ], [ 37.56253, -0.61177 ], [ 37.56253, -0.61172 ], [ 37.56253, -0.61168 ], [ 37.56253, -0.61163 ], [ 37.56253, -0.61159 ], [ 37.56253, -0.61155 ], [ 37.56253, -0.6115 ], [ 37.56253, -0.61146 ], [ 37.56253, -0.61142 ], [ 37.56253, -0.61137 ], [ 37.56253, -0.61133 ], [ 37.56253, -0.61128 ], [ 37.56253, -0.61124 ], [ 37.56253, -0.6112 ], [ 37.56253, -0.61115 ], [ 37.56253, -0.61111 ], [ 37.56253, -0.61107 ], [ 37.56253, -0.61102 ], [ 37.56253, -0.61098 ], [ 37.56253, -0.61093 ], [ 37.56253, -0.61089 ], [ 37.56253, -0.61085 ], [ 37.56248, -0.6108 ], [ 37.56283, -0.61028 ], [ 37.56288, -0.61028 ], [ 37.56292, -0.61028 ], [ 37.56297, -0.61028 ], [ 37.56301, -0.61028 ], [ 37.56305, -0.61028 ], [ 37.5631, -0.61028 ], [ 37.56314, -0.61028 ], [ 37.56318, -0.61028 ], [ 37.56323, -0.61028 ], [ 37.56327, -0.61028 ], [ 37.56327, -0.61024 ], [ 37.56332, -0.61024 ], [ 37.56336, -0.61024 ], [ 37.5634, -0.61019 ], [ 37.56349, -0.61019 ], [ 37.56353, -0.61019 ], [ 37.56353, -0.61015 ], [ 37.56358, -0.61015 ], [ 37.56362, -0.61015 ], [ 37.56367, -0.6101 ], [ 37.56371, -0.6101 ], [ 37.56371, -0.61006 ], [ 37.56375, -0.61006 ], [ 37.56375, -0.61002 ], [ 37.5638, -0.60997 ], [ 37.56384, -0.60997 ], [ 37.56384, -0.60993 ], [ 37.56388, -0.60993 ], [ 37.56388, -0.60989 ], [ 37.56388, -0.60984 ], [ 37.56393, -0.6098 ], [ 37.56397, -0.6098 ], [ 37.56397, -0.60975 ], [ 37.56397, -0.60971 ], [ 37.56402, -0.60971 ], [ 37.56402, -0.60967 ], [ 37.56402, -0.60962 ], [ 37.56402, -0.60958 ], [ 37.56402, -0.60954 ], [ 37.56402, -0.60949 ], [ 37.56402, -0.60945 ], [ 37.56402, -0.6094 ], [ 37.56402, -0.60936 ], [ 37.56402, -0.60932 ], [ 37.56402, -0.60927 ], [ 37.56402, -0.60923 ], [ 37.56402, -0.60919 ], [ 37.56402, -0.60914 ], [ 37.56402, -0.6091 ], [ 37.56402, -0.60905 ], [ 37.56406, -0.60905 ], [ 37.56406, -0.60901 ], [ 37.56406, -0.60897 ], [ 37.5641, -0.60897 ], [ 37.5641, -0.60892 ], [ 37.56415, -0.60892 ], [ 37.56415, -0.60888 ], [ 37.56419, -0.60884 ], [ 37.56423, -0.60879 ], [ 37.56428, -0.60875 ], [ 37.56432, -0.60875 ], [ 37.56436, -0.60875 ], [ 37.56441, -0.60875 ], [ 37.56445, -0.60875 ], [ 37.5645, -0.60875 ], [ 37.5645, -0.6087 ], [ 37.5645, -0.60866 ], [ 37.5645, -0.60862 ], [ 37.5645, -0.60857 ], [ 37.5645, -0.60853 ], [ 37.56454, -0.60853 ], [ 37.56454, -0.60849 ], [ 37.56454, -0.60844 ], [ 37.56454, -0.6084 ], [ 37.56458, -0.6084 ], [ 37.56463, -0.6084 ], [ 37.56463, -0.60835 ], [ 37.56467, -0.60835 ], [ 37.56471, -0.60835 ], [ 37.56471, -0.60831 ], [ 37.56476, -0.60831 ], [ 37.5648, -0.60831 ], [ 37.56485, -0.60831 ], [ 37.56489, -0.60831 ], [ 37.56493, -0.60831 ], [ 37.56498, -0.60831 ], [ 37.56502, -0.60831 ], [ 37.56506, -0.60831 ], [ 37.56511, -0.60831 ], [ 37.56515, -0.60831 ], [ 37.5652, -0.60831 ], [ 37.56524, -0.60831 ], [ 37.56528, -0.60831 ], [ 37.56533, -0.60831 ], [ 37.56537, -0.60831 ], [ 37.56541, -0.60831 ], [ 37.56546, -0.60831 ], [ 37.5655, -0.60831 ], [ 37.56555, -0.60831 ], [ 37.56563, -0.60831 ], [ 37.56563, -0.60827 ], [ 37.56568, -0.60827 ], [ 37.56576, -0.60827 ], [ 37.56576, -0.60822 ], [ 37.56581, -0.60822 ], [ 37.56585, -0.60822 ], [ 37.5659, -0.60822 ], [ 37.56594, -0.60822 ], [ 37.56598, -0.60822 ], [ 37.56603, -0.60822 ], [ 37.56603, -0.60818 ], [ 37.56607, -0.60814 ], [ 37.56607, -0.60809 ], [ 37.56611, -0.60809 ], [ 37.56611, -0.60805 ], [ 37.56611, -0.608 ], [ 37.56611, -0.60796 ], [ 37.56611, -0.60792 ], [ 37.56611, -0.60787 ], [ 37.56611, -0.60783 ], [ 37.56611, -0.60779 ], [ 37.56611, -0.60774 ], [ 37.56607, -0.60774 ], [ 37.56594, -0.60779 ], [ 37.5659, -0.60783 ], [ 37.56581, -0.60787 ], [ 37.56572, -0.60792 ], [ 37.56563, -0.60796 ], [ 37.56559, -0.60796 ], [ 37.56559, -0.60792 ], [ 37.56559, -0.60787 ], [ 37.56559, -0.60783 ], [ 37.56563, -0.60774 ], [ 37.56563, -0.6077 ], [ 37.56563, -0.60761 ], [ 37.56563, -0.60752 ], [ 37.56563, -0.60744 ], [ 37.56563, -0.60735 ], [ 37.56563, -0.60731 ], [ 37.56563, -0.60726 ], [ 37.56563, -0.60722 ], [ 37.56563, -0.60717 ], [ 37.56563, -0.60713 ], [ 37.56563, -0.60709 ], [ 37.56559, -0.60709 ], [ 37.56555, -0.60709 ], [ 37.5655, -0.60709 ], [ 37.56546, -0.60704 ], [ 37.56541, -0.60704 ], [ 37.56537, -0.60704 ], [ 37.56533, -0.60704 ], [ 37.56533, -0.607 ], [ 37.56528, -0.607 ], [ 37.56528, -0.60696 ], [ 37.56528, -0.60691 ], [ 37.56528, -0.60687 ], [ 37.56528, -0.60682 ], [ 37.56528, -0.60678 ], [ 37.56528, -0.60674 ], [ 37.56528, -0.60669 ], [ 37.56533, -0.60665 ], [ 37.56537, -0.60665 ], [ 37.56541, -0.60661 ], [ 37.56546, -0.60661 ], [ 37.5655, -0.60661 ], [ 37.56555, -0.60661 ], [ 37.56559, -0.60661 ], [ 37.56559, -0.60665 ], [ 37.56563, -0.60665 ], [ 37.56568, -0.60665 ], [ 37.56572, -0.60665 ], [ 37.56576, -0.60665 ], [ 37.56581, -0.60665 ], [ 37.56585, -0.60665 ], [ 37.56585, -0.60661 ], [ 37.56585, -0.60656 ], [ 37.56585, -0.60652 ], [ 37.56585, -0.60647 ], [ 37.56585, -0.60643 ], [ 37.56585, -0.60639 ], [ 37.56585, -0.6063 ], [ 37.56585, -0.60626 ], [ 37.56585, -0.60621 ], [ 37.56585, -0.60617 ], [ 37.56585, -0.60612 ], [ 37.56585, -0.60608 ], [ 37.56581, -0.60608 ], [ 37.56581, -0.60604 ], [ 37.56581, -0.60599 ], [ 37.56581, -0.60595 ], [ 37.56581, -0.60591 ], [ 37.56585, -0.60586 ], [ 37.56585, -0.60582 ], [ 37.5659, -0.60582 ], [ 37.56594, -0.60582 ], [ 37.56598, -0.60582 ], [ 37.56603, -0.60582 ], [ 37.56607, -0.60582 ], [ 37.56611, -0.60582 ], [ 37.56616, -0.60582 ], [ 37.5662, -0.60582 ], [ 37.56625, -0.60582 ], [ 37.56629, -0.60582 ], [ 37.56633, -0.60582 ], [ 37.56638, -0.60582 ], [ 37.56642, -0.60582 ], [ 37.56646, -0.60582 ], [ 37.56651, -0.60582 ], [ 37.56655, -0.60582 ], [ 37.56655, -0.60577 ], [ 37.5666, -0.60577 ], [ 37.56664, -0.60577 ], [ 37.56664, -0.60573 ], [ 37.56664, -0.60569 ], [ 37.56664, -0.60564 ], [ 37.56668, -0.60564 ], [ 37.56668, -0.6056 ], [ 37.56673, -0.60556 ], [ 37.56668, -0.60551 ], [ 37.56668, -0.60547 ], [ 37.56668, -0.60542 ], [ 37.56664, -0.60542 ], [ 37.56664, -0.60538 ], [ 37.56664, -0.60534 ], [ 37.56664, -0.60529 ], [ 37.56664, -0.60525 ], [ 37.56664, -0.60521 ], [ 37.56668, -0.60521 ], [ 37.56668, -0.60516 ], [ 37.56673, -0.60512 ], [ 37.56677, -0.60512 ], [ 37.56677, -0.60507 ], [ 37.56681, -0.60507 ], [ 37.56681, -0.60503 ], [ 37.56686, -0.60503 ], [ 37.5669, -0.60503 ], [ 37.5669, -0.60499 ], [ 37.56695, -0.60499 ], [ 37.56695, -0.60494 ], [ 37.56699, -0.60494 ], [ 37.56703, -0.60494 ], [ 37.56703, -0.6049 ], [ 37.56708, -0.60486 ], [ 37.56708, -0.60481 ], [ 37.56708, -0.60477 ], [ 37.56712, -0.60473 ], [ 37.56716, -0.60468 ], [ 37.56721, -0.60468 ], [ 37.56721, -0.60464 ], [ 37.56725, -0.60459 ], [ 37.5673, -0.60455 ], [ 37.5673, -0.60451 ], [ 37.56734, -0.60442 ], [ 37.56738, -0.60433 ], [ 37.56738, -0.60429 ], [ 37.56743, -0.60429 ], [ 37.56743, -0.60424 ], [ 37.56747, -0.60424 ], [ 37.56751, -0.6042 ], [ 37.56756, -0.60424 ], [ 37.5676, -0.60429 ], [ 37.5676, -0.60433 ], [ 37.56765, -0.60433 ], [ 37.56769, -0.60433 ], [ 37.56769, -0.60429 ], [ 37.56773, -0.60429 ], [ 37.56778, -0.60424 ], [ 37.56782, -0.60424 ], [ 37.56782, -0.6042 ], [ 37.56786, -0.6042 ], [ 37.56791, -0.6042 ], [ 37.56795, -0.6042 ], [ 37.568, -0.6042 ], [ 37.56804, -0.6042 ], [ 37.56808, -0.6042 ], [ 37.56813, -0.6042 ], [ 37.56817, -0.6042 ], [ 37.56821, -0.6042 ], [ 37.56826, -0.6042 ], [ 37.5683, -0.6042 ], [ 37.56834, -0.6042 ], [ 37.56839, -0.6042 ], [ 37.56843, -0.60416 ], [ 37.56848, -0.60416 ], [ 37.56848, -0.60411 ], [ 37.56848, -0.60407 ], [ 37.56848, -0.60403 ], [ 37.56848, -0.60398 ], [ 37.56848, -0.60394 ], [ 37.56848, -0.60389 ], [ 37.56852, -0.60389 ], [ 37.56852, -0.60385 ], [ 37.56856, -0.60385 ], [ 37.56856, -0.60381 ], [ 37.56856, -0.60376 ], [ 37.56856, -0.60372 ], [ 37.56856, -0.60368 ], [ 37.56856, -0.60363 ], [ 37.56856, -0.60359 ], [ 37.56856, -0.6035 ], [ 37.56856, -0.60346 ], [ 37.56856, -0.60337 ], [ 37.56856, -0.60333 ], [ 37.56856, -0.60324 ], [ 37.56856, -0.60319 ], [ 37.56856, -0.60315 ], [ 37.56856, -0.60311 ], [ 37.56852, -0.60311 ], [ 37.56848, -0.60311 ], [ 37.56843, -0.60311 ], [ 37.56839, -0.60311 ], [ 37.56834, -0.60311 ], [ 37.5683, -0.60311 ], [ 37.56826, -0.60311 ], [ 37.56821, -0.60311 ], [ 37.56821, -0.60306 ], [ 37.56817, -0.60302 ], [ 37.56817, -0.60298 ], [ 37.56817, -0.60293 ], [ 37.56821, -0.60293 ], [ 37.56821, -0.60289 ], [ 37.56826, -0.60289 ], [ 37.5683, -0.60284 ], [ 37.56834, -0.6028 ], [ 37.56839, -0.60276 ], [ 37.56848, -0.60267 ], [ 37.56852, -0.60263 ], [ 37.56856, -0.60258 ], [ 37.56861, -0.60258 ], [ 37.56865, -0.60258 ], [ 37.56869, -0.60258 ], [ 37.56874, -0.60258 ], [ 37.56878, -0.60258 ], [ 37.56883, -0.60258 ], [ 37.56887, -0.60258 ], [ 37.56891, -0.60258 ], [ 37.56896, -0.60258 ], [ 37.569, -0.60258 ], [ 37.56904, -0.60258 ], [ 37.56909, -0.60258 ], [ 37.56913, -0.60258 ], [ 37.56918, -0.60254 ], [ 37.56922, -0.60249 ], [ 37.56926, -0.60249 ], [ 37.56926, -0.60245 ], [ 37.56931, -0.60245 ], [ 37.56931, -0.60241 ], [ 37.56931, -0.60236 ], [ 37.56931, -0.60232 ], [ 37.56935, -0.60228 ], [ 37.56935, -0.60223 ], [ 37.56939, -0.60223 ], [ 37.56944, -0.60219 ], [ 37.56948, -0.60219 ], [ 37.56948, -0.60214 ], [ 37.56953, -0.60214 ], [ 37.56957, -0.60214 ], [ 37.56957, -0.6021 ], [ 37.56961, -0.6021 ], [ 37.56966, -0.60206 ], [ 37.5697, -0.60206 ], [ 37.56974, -0.60201 ], [ 37.56979, -0.60197 ], [ 37.56983, -0.60197 ], [ 37.56988, -0.60197 ], [ 37.56992, -0.60197 ], [ 37.56996, -0.60197 ], [ 37.57001, -0.60197 ], [ 37.57005, -0.60197 ], [ 37.57009, -0.60197 ], [ 37.57014, -0.60197 ], [ 37.57018, -0.60193 ], [ 37.57023, -0.60193 ], [ 37.57023, -0.60188 ], [ 37.57027, -0.60188 ], [ 37.57027, -0.60184 ], [ 37.57031, -0.60184 ], [ 37.57031, -0.6018 ], [ 37.57036, -0.6018 ], [ 37.5704, -0.60175 ], [ 37.5704, -0.60171 ], [ 37.57044, -0.60171 ], [ 37.57044, -0.60166 ], [ 37.57049, -0.60166 ], [ 37.57053, -0.60166 ], [ 37.57053, -0.60162 ], [ 37.57058, -0.60162 ], [ 37.57062, -0.60158 ], [ 37.57066, -0.60158 ], [ 37.57071, -0.60158 ], [ 37.57075, -0.60158 ], [ 37.57079, -0.60158 ], [ 37.57084, -0.60158 ], [ 37.57088, -0.60158 ], [ 37.57093, -0.60158 ], [ 37.57097, -0.60158 ], [ 37.57101, -0.60158 ], [ 37.57101, -0.60162 ], [ 37.57106, -0.60162 ], [ 37.57106, -0.60166 ], [ 37.5711, -0.60166 ], [ 37.57114, -0.60166 ], [ 37.57114, -0.60171 ], [ 37.57119, -0.60175 ], [ 37.57123, -0.6018 ], [ 37.57128, -0.6018 ], [ 37.57128, -0.60184 ], [ 37.57132, -0.60184 ], [ 37.57136, -0.60184 ], [ 37.57136, -0.60188 ], [ 37.57141, -0.60188 ], [ 37.57145, -0.60188 ], [ 37.57149, -0.60188 ], [ 37.57154, -0.60188 ], [ 37.57158, -0.60188 ], [ 37.57163, -0.60188 ], [ 37.57163, -0.60184 ], [ 37.57163, -0.6018 ], [ 37.57163, -0.60175 ], [ 37.57163, -0.60171 ], [ 37.57163, -0.60166 ], [ 37.57163, -0.60162 ], [ 37.57163, -0.60158 ], [ 37.57163, -0.60153 ], [ 37.57163, -0.60149 ], [ 37.57163, -0.60145 ], [ 37.57163, -0.6014 ], [ 37.57163, -0.60136 ], [ 37.57167, -0.60136 ], [ 37.57167, -0.60131 ], [ 37.57171, -0.60131 ], [ 37.57176, -0.60131 ], [ 37.5718, -0.60131 ], [ 37.57184, -0.60131 ], [ 37.57189, -0.60131 ], [ 37.57193, -0.60127 ], [ 37.57198, -0.60127 ], [ 37.57202, -0.60127 ], [ 37.57206, -0.60127 ], [ 37.57211, -0.60123 ], [ 37.57215, -0.60123 ], [ 37.57219, -0.60118 ], [ 37.57224, -0.60118 ], [ 37.57228, -0.60114 ], [ 37.57232, -0.60114 ], [ 37.57237, -0.60114 ], [ 37.57241, -0.60114 ], [ 37.57246, -0.6011 ], [ 37.5725, -0.6011 ], [ 37.5725, -0.60105 ], [ 37.57254, -0.60105 ], [ 37.57254, -0.60101 ], [ 37.57254, -0.60096 ], [ 37.57254, -0.60092 ], [ 37.57254, -0.60088 ], [ 37.57254, -0.60083 ], [ 37.57254, -0.60079 ], [ 37.57254, -0.60075 ], [ 37.57254, -0.6007 ], [ 37.57254, -0.60066 ], [ 37.57259, -0.60061 ], [ 37.57263, -0.60061 ], [ 37.57263, -0.60057 ], [ 37.57267, -0.60057 ], [ 37.57267, -0.60053 ], [ 37.57272, -0.60053 ], [ 37.57276, -0.60053 ], [ 37.57285, -0.60053 ], [ 37.57289, -0.60053 ], [ 37.57294, -0.60053 ], [ 37.57298, -0.60053 ], [ 37.57298, -0.60048 ], [ 37.57302, -0.60044 ], [ 37.57307, -0.60044 ], [ 37.57307, -0.6004 ], [ 37.57311, -0.60035 ], [ 37.57311, -0.60031 ], [ 37.57311, -0.60026 ], [ 37.57311, -0.60022 ], [ 37.57311, -0.60018 ], [ 37.57307, -0.60018 ], [ 37.57302, -0.60013 ], [ 37.57298, -0.60013 ], [ 37.57294, -0.60013 ], [ 37.57294, -0.60009 ], [ 37.57289, -0.60009 ], [ 37.57285, -0.60009 ], [ 37.57281, -0.60009 ], [ 37.57276, -0.60009 ], [ 37.57272, -0.60009 ], [ 37.57267, -0.60009 ], [ 37.57263, -0.60005 ], [ 37.57263, -0.6 ], [ 37.57263, -0.59996 ], [ 37.57263, -0.59991 ], [ 37.57267, -0.59991 ], [ 37.57267, -0.59987 ], [ 37.57267, -0.59983 ], [ 37.57272, -0.59978 ], [ 37.57276, -0.59974 ], [ 37.57281, -0.5997 ], [ 37.57285, -0.5997 ], [ 37.57285, -0.59965 ], [ 37.57285, -0.59961 ], [ 37.57285, -0.59956 ], [ 37.57281, -0.59956 ], [ 37.57281, -0.59952 ], [ 37.57281, -0.59943 ], [ 37.57281, -0.59939 ], [ 37.57281, -0.59935 ], [ 37.57281, -0.5993 ], [ 37.57276, -0.5993 ], [ 37.57276, -0.59926 ], [ 37.57276, -0.59921 ], [ 37.57276, -0.59917 ], [ 37.57276, -0.59913 ], [ 37.57276, -0.59908 ], [ 37.57276, -0.59904 ], [ 37.57276, -0.599 ], [ 37.57276, -0.59895 ], [ 37.57281, -0.59895 ], [ 37.57285, -0.59895 ], [ 37.57289, -0.59895 ], [ 37.57294, -0.59895 ], [ 37.57298, -0.59895 ], [ 37.57302, -0.59895 ], [ 37.57307, -0.59895 ], [ 37.57311, -0.59895 ], [ 37.57316, -0.59895 ], [ 37.5732, -0.59895 ], [ 37.57324, -0.59895 ], [ 37.57324, -0.59891 ], [ 37.57329, -0.59891 ], [ 37.57333, -0.59891 ], [ 37.57337, -0.59891 ], [ 37.57342, -0.59891 ], [ 37.57346, -0.59891 ], [ 37.57351, -0.59887 ], [ 37.57355, -0.59887 ], [ 37.57359, -0.59887 ], [ 37.57364, -0.59887 ], [ 37.57368, -0.59882 ], [ 37.57372, -0.59882 ], [ 37.57377, -0.59882 ], [ 37.57381, -0.59882 ], [ 37.57386, -0.59882 ], [ 37.5739, -0.59882 ], [ 37.57394, -0.59882 ], [ 37.57399, -0.59882 ], [ 37.57399, -0.59878 ], [ 37.57403, -0.59878 ], [ 37.57403, -0.59873 ], [ 37.57407, -0.59873 ], [ 37.57412, -0.59873 ], [ 37.57412, -0.59869 ], [ 37.57412, -0.59865 ], [ 37.57412, -0.5986 ], [ 37.57412, -0.59856 ], [ 37.57412, -0.59852 ], [ 37.57416, -0.59852 ], [ 37.57416, -0.59847 ], [ 37.57416, -0.59843 ], [ 37.57416, -0.59838 ], [ 37.57416, -0.59834 ], [ 37.57421, -0.59834 ], [ 37.57425, -0.59834 ], [ 37.57425, -0.5983 ], [ 37.57429, -0.5983 ], [ 37.57421, -0.59786 ], [ 37.57454, -0.59713 ], [ 37.57323, -0.59623 ], [ 37.56962, -0.59401 ], [ 37.56863, -0.59319 ], [ 37.5683, -0.59204 ], [ 37.56757, -0.59089 ], [ 37.56658, -0.59057 ], [ 37.56609, -0.58934 ], [ 37.56535, -0.5881 ], [ 37.56428, -0.58802 ], [ 37.56335, -0.58802 ], [ 37.5633, -0.58802 ], [ 37.56215, -0.58696 ], [ 37.56092, -0.58614 ], [ 37.55985, -0.58532 ], [ 37.55747, -0.58417 ], [ 37.55682, -0.58343 ], [ 37.55797, -0.58294 ], [ 37.55862, -0.58351 ], [ 37.55936, -0.58269 ], [ 37.56051, -0.58179 ], [ 37.5601, -0.58138 ], [ 37.56002, -0.58056 ], [ 37.56092, -0.57998 ], [ 37.56158, -0.58023 ], [ 37.56223, -0.58006 ], [ 37.56248, -0.57924 ], [ 37.56338, -0.57933 ], [ 37.56396, -0.57924 ], [ 37.56437, -0.57859 ], [ 37.56461, -0.57785 ], [ 37.56527, -0.5776 ], [ 37.56568, -0.57703 ], [ 37.56584, -0.57604 ], [ 37.56634, -0.57555 ], [ 37.56724, -0.57432 ], [ 37.5674, -0.57358 ], [ 37.56699, -0.57334 ], [ 37.56699, -0.57252 ], [ 37.56781, -0.57178 ], [ 37.56798, -0.5712 ], [ 37.56806, -0.57022 ], [ 37.56798, -0.56956 ], [ 37.56773, -0.56907 ], [ 37.56871, -0.56866 ], [ 37.56863, -0.56759 ], [ 37.56847, -0.56612 ], [ 37.56814, -0.56579 ], [ 37.56742, -0.56466 ], [ 37.56683, -0.56374 ], [ 37.56666, -0.56259 ], [ 37.56634, -0.56111 ], [ 37.56675, -0.55988 ], [ 37.56683, -0.55807 ], [ 37.56666, -0.55611 ], [ 37.56666, -0.55332 ], [ 37.56662, -0.55298 ], [ 37.56642, -0.55126 ], [ 37.56617, -0.5493 ], [ 37.56502, -0.54733 ], [ 37.56412, -0.5461 ], [ 37.56231, -0.54577 ], [ 37.56076, -0.5461 ], [ 37.5604, -0.54635 ], [ 37.55936, -0.54708 ], [ 37.55673, -0.54585 ], [ 37.55534, -0.54495 ], [ 37.55353, -0.54388 ], [ 37.55173, -0.54273 ], [ 37.55159, -0.54262 ], [ 37.5508, -0.54199 ], [ 37.55063, -0.54186 ], [ 37.55071, -0.54175 ], [ 37.54831, -0.53751 ], [ 37.54832, -0.53751 ], [ 37.54824, -0.53745 ], [ 37.54847, -0.53736 ], [ 37.54855, -0.53716 ], [ 37.54854, -0.53714 ], [ 37.54855, -0.53714 ], [ 37.54855, -0.53714 ], [ 37.54957, -0.5368 ], [ 37.5507, -0.53634 ], [ 37.55078, -0.5363 ], [ 37.55086, -0.53628 ], [ 37.55121, -0.53616 ], [ 37.55133, -0.53611 ], [ 37.55146, -0.5361 ], [ 37.5518, -0.5359 ], [ 37.55202, -0.53602 ], [ 37.55225, -0.53614 ], [ 37.55275, -0.53604 ], [ 37.55326, -0.53579 ], [ 37.55381, -0.53559 ], [ 37.55424, -0.53535 ], [ 37.55483, -0.53524 ], [ 37.55521, -0.53524 ], [ 37.55543, -0.53534 ], [ 37.55559, -0.53569 ], [ 37.55588, -0.53592 ], [ 37.55636, -0.53605 ], [ 37.55674, -0.53607 ], [ 37.55706, -0.5361 ], [ 37.55726, -0.53587 ], [ 37.55753, -0.53555 ], [ 37.55794, -0.53542 ], [ 37.55836, -0.5353 ], [ 37.55926, -0.53522 ], [ 37.55972, -0.53507 ], [ 37.56012, -0.53476 ], [ 37.56059, -0.53459 ], [ 37.56116, -0.53449 ], [ 37.56179, -0.53426 ], [ 37.56189, -0.53427 ], [ 37.56194, -0.53425 ], [ 37.562, -0.53425 ], [ 37.56206, -0.53419 ], [ 37.56211, -0.53419 ], [ 37.5632, -0.53333 ], [ 37.56326, -0.53333 ], [ 37.56326, -0.53327 ], [ 37.56332, -0.53327 ], [ 37.56332, -0.53322 ], [ 37.56337, -0.53322 ], [ 37.56337, -0.53316 ], [ 37.56343, -0.53316 ], [ 37.56349, -0.5331 ], [ 37.56355, -0.5331 ], [ 37.5636, -0.5331 ], [ 37.56366, -0.5331 ], [ 37.56371, -0.5331 ], [ 37.56372, -0.5331 ], [ 37.56377, -0.53304 ], [ 37.56383, -0.53304 ], [ 37.56389, -0.53304 ], [ 37.56395, -0.53299 ], [ 37.564, -0.53299 ], [ 37.564, -0.53293 ], [ 37.564, -0.53287 ], [ 37.564, -0.53281 ], [ 37.564, -0.53276 ], [ 37.564, -0.5327 ], [ 37.564, -0.5327 ], [ 37.564, -0.53264 ], [ 37.564, -0.53259 ], [ 37.564, -0.53253 ], [ 37.56406, -0.53253 ], [ 37.56406, -0.53247 ], [ 37.56412, -0.53247 ], [ 37.56412, -0.53236 ], [ 37.56412, -0.5323 ], [ 37.56418, -0.5323 ], [ 37.56418, -0.53224 ], [ 37.56418, -0.53218 ], [ 37.56423, -0.53218 ], [ 37.56423, -0.53214 ], [ 37.56423, -0.53213 ], [ 37.56423, -0.53207 ], [ 37.56423, -0.53201 ], [ 37.56423, -0.53196 ], [ 37.56429, -0.5319 ], [ 37.56429, -0.53184 ], [ 37.56435, -0.53184 ], [ 37.56435, -0.53178 ], [ 37.56435, -0.53173 ], [ 37.5644, -0.53173 ], [ 37.56446, -0.53167 ], [ 37.56446, -0.53161 ], [ 37.56452, -0.53161 ], [ 37.56458, -0.53155 ], [ 37.56458, -0.5315 ], [ 37.56463, -0.53144 ], [ 37.56469, -0.53138 ], [ 37.56469, -0.53133 ], [ 37.56472, -0.53133 ], [ 37.56475, -0.53133 ], [ 37.56481, -0.53127 ], [ 37.56481, -0.53121 ], [ 37.56481, -0.53115 ], [ 37.56486, -0.5311 ], [ 37.56486, -0.5311 ], [ 37.56486, -0.53104 ], [ 37.56492, -0.53104 ], [ 37.56492, -0.53098 ], [ 37.56492, -0.53092 ], [ 37.56492, -0.5309 ], [ 37.56492, -0.53087 ], [ 37.56494, -0.53087 ], [ 37.56498, -0.53087 ], [ 37.56498, -0.53085 ], [ 37.56498, -0.53081 ], [ 37.56498, -0.53079 ], [ 37.56498, -0.5307 ], [ 37.56498, -0.53064 ], [ 37.56498, -0.53058 ], [ 37.56498, -0.53052 ], [ 37.56503, -0.53047 ], [ 37.56503, -0.53041 ], [ 37.56509, -0.53041 ], [ 37.56509, -0.53035 ], [ 37.56509, -0.53024 ], [ 37.56509, -0.53018 ], [ 37.56509, -0.53012 ], [ 37.5651, -0.53012 ], [ 37.56515, -0.53012 ], [ 37.56515, -0.53007 ], [ 37.56515, -0.53001 ], [ 37.56515, -0.52995 ], [ 37.56515, -0.52989 ], [ 37.56521, -0.52984 ], [ 37.56521, -0.52978 ], [ 37.56521, -0.52972 ], [ 37.56521, -0.52966 ], [ 37.56521, -0.52961 ], [ 37.56521, -0.52955 ], [ 37.56521, -0.52949 ], [ 37.56521, -0.52944 ], [ 37.56521, -0.52938 ], [ 37.56521, -0.52932 ], [ 37.56521, -0.52926 ], [ 37.56521, -0.52921 ], [ 37.56521, -0.52915 ], [ 37.56521, -0.52909 ], [ 37.56521, -0.52903 ], [ 37.56521, -0.52898 ], [ 37.56521, -0.52892 ], [ 37.56521, -0.52892 ], [ 37.56521, -0.52886 ], [ 37.56521, -0.5288 ], [ 37.56521, -0.52875 ], [ 37.56521, -0.52869 ], [ 37.56521, -0.52863 ], [ 37.56521, -0.52858 ], [ 37.56521, -0.52856 ], [ 37.56521, -0.52852 ], [ 37.56521, -0.52846 ], [ 37.56521, -0.5284 ], [ 37.56521, -0.52835 ], [ 37.56521, -0.52829 ], [ 37.56521, -0.52823 ], [ 37.56521, -0.52812 ], [ 37.56521, -0.52806 ], [ 37.56521, -0.528 ], [ 37.56521, -0.52795 ], [ 37.56521, -0.52789 ], [ 37.56521, -0.52783 ], [ 37.56521, -0.52777 ], [ 37.56521, -0.52772 ], [ 37.56521, -0.52766 ], [ 37.56521, -0.5276 ], [ 37.56521, -0.52754 ], [ 37.56521, -0.52749 ], [ 37.56521, -0.52743 ], [ 37.56521, -0.52737 ], [ 37.56521, -0.52732 ], [ 37.56521, -0.52726 ], [ 37.56521, -0.5272 ], [ 37.56521, -0.52714 ], [ 37.56521, -0.52709 ], [ 37.56521, -0.52703 ], [ 37.56521, -0.52697 ], [ 37.56521, -0.52691 ], [ 37.56521, -0.52686 ], [ 37.56521, -0.5268 ], [ 37.56521, -0.52674 ], [ 37.56521, -0.52669 ], [ 37.56521, -0.52663 ], [ 37.56521, -0.52657 ], [ 37.56526, -0.52651 ], [ 37.56532, -0.52646 ], [ 37.56532, -0.5264 ], [ 37.56532, -0.52634 ], [ 37.56532, -0.52628 ], [ 37.56532, -0.52623 ], [ 37.56532, -0.52617 ], [ 37.56532, -0.52611 ], [ 37.56532, -0.52606 ], [ 37.56532, -0.526 ], [ 37.56532, -0.52594 ], [ 37.56532, -0.52588 ], [ 37.56532, -0.52583 ], [ 37.56532, -0.52582 ], [ 37.56532, -0.52577 ], [ 37.56532, -0.52571 ], [ 37.56532, -0.52565 ], [ 37.56532, -0.5256 ], [ 37.56532, -0.52554 ], [ 37.56532, -0.5255 ], [ 37.56532, -0.52548 ], [ 37.56538, -0.52548 ], [ 37.56544, -0.52543 ], [ 37.56549, -0.52537 ], [ 37.56549, -0.52531 ], [ 37.56555, -0.52531 ], [ 37.56561, -0.52531 ], [ 37.56566, -0.52531 ], [ 37.56567, -0.52531 ], [ 37.56572, -0.52531 ], [ 37.56578, -0.52531 ], [ 37.56578, -0.52525 ], [ 37.56584, -0.52525 ], [ 37.56589, -0.5252 ], [ 37.56589, -0.5252 ], [ 37.56595, -0.5252 ], [ 37.56595, -0.52514 ], [ 37.56601, -0.52514 ], [ 37.56607, -0.52508 ], [ 37.56612, -0.52508 ], [ 37.56612, -0.52503 ], [ 37.56612, -0.52502 ], [ 37.56614, -0.52502 ], [ 37.56618, -0.52502 ], [ 37.56624, -0.52502 ], [ 37.56629, -0.52497 ], [ 37.56635, -0.52497 ], [ 37.56641, -0.52491 ], [ 37.56647, -0.52491 ], [ 37.56652, -0.52486 ], [ 37.56652, -0.52485 ], [ 37.56658, -0.52485 ], [ 37.56664, -0.5248 ], [ 37.5667, -0.5248 ], [ 37.5667, -0.52474 ], [ 37.5667, -0.52468 ], [ 37.5667, -0.52462 ], [ 37.5667, -0.52457 ], [ 37.56675, -0.52451 ], [ 37.56675, -0.52449 ], [ 37.56675, -0.52445 ], [ 37.56675, -0.52439 ], [ 37.56675, -0.52434 ], [ 37.56675, -0.52428 ], [ 37.56675, -0.52422 ], [ 37.56681, -0.52417 ], [ 37.56681, -0.52417 ], [ 37.56681, -0.52416 ], [ 37.56681, -0.52416 ], [ 37.56681, -0.52411 ], [ 37.56681, -0.52405 ], [ 37.56682, -0.52405 ], [ 37.56687, -0.52405 ], [ 37.56687, -0.52399 ], [ 37.56687, -0.52394 ], [ 37.56687, -0.52388 ], [ 37.56687, -0.52382 ], [ 37.56687, -0.52379 ], [ 37.56687, -0.52376 ], [ 37.56687, -0.52371 ], [ 37.56687, -0.52365 ], [ 37.56687, -0.52359 ], [ 37.56687, -0.52348 ], [ 37.56687, -0.52342 ], [ 37.56687, -0.52336 ], [ 37.56687, -0.52334 ], [ 37.56687, -0.52331 ], [ 37.56687, -0.52325 ], [ 37.56692, -0.52325 ], [ 37.56693, -0.52325 ], [ 37.56693, -0.52325 ], [ 37.56693, -0.52323 ], [ 37.56693, -0.52319 ], [ 37.56693, -0.52313 ], [ 37.56693, -0.52309 ], [ 37.56693, -0.52308 ], [ 37.56698, -0.52308 ], [ 37.56704, -0.52308 ], [ 37.5671, -0.52308 ], [ 37.56715, -0.52308 ], [ 37.56721, -0.52308 ], [ 37.56727, -0.52308 ], [ 37.56733, -0.52308 ], [ 37.56738, -0.52308 ], [ 37.56744, -0.52308 ], [ 37.5675, -0.52308 ], [ 37.5675, -0.52302 ], [ 37.56756, -0.52302 ], [ 37.56761, -0.52302 ], [ 37.56761, -0.52296 ], [ 37.56767, -0.52296 ], [ 37.56773, -0.52296 ], [ 37.56778, -0.52296 ], [ 37.56778, -0.5229 ], [ 37.56784, -0.5229 ], [ 37.5679, -0.5229 ], [ 37.56796, -0.5229 ], [ 37.56801, -0.5229 ], [ 37.56807, -0.5229 ], [ 37.56807, -0.52285 ], [ 37.56807, -0.52279 ], [ 37.56813, -0.52273 ], [ 37.56819, -0.52268 ], [ 37.56824, -0.52262 ], [ 37.5683, -0.52262 ], [ 37.56836, -0.52262 ], [ 37.56841, -0.52262 ], [ 37.56847, -0.52262 ], [ 37.56853, -0.52262 ], [ 37.56859, -0.52262 ], [ 37.5686, -0.52262 ], [ 37.56864, -0.52262 ], [ 37.5687, -0.52262 ], [ 37.56882, -0.52262 ], [ 37.56887, -0.52262 ], [ 37.56893, -0.52262 ], [ 37.56899, -0.52262 ], [ 37.5691, -0.52262 ], [ 37.56916, -0.52262 ], [ 37.56922, -0.52262 ], [ 37.56927, -0.52262 ], [ 37.56933, -0.52262 ], [ 37.56939, -0.52262 ], [ 37.5695, -0.52262 ], [ 37.56956, -0.52262 ], [ 37.56961, -0.52262 ], [ 37.56962, -0.52262 ], [ 37.56967, -0.52262 ], [ 37.56973, -0.52262 ], [ 37.56979, -0.52262 ], [ 37.56985, -0.52262 ], [ 37.5699, -0.52262 ], [ 37.56996, -0.52262 ], [ 37.57002, -0.52262 ], [ 37.57008, -0.52262 ], [ 37.57013, -0.52262 ], [ 37.57019, -0.52262 ], [ 37.57025, -0.52262 ], [ 37.57031, -0.52262 ], [ 37.57036, -0.52262 ], [ 37.57038, -0.52262 ], [ 37.57048, -0.52262 ], [ 37.57053, -0.52262 ], [ 37.57059, -0.52262 ], [ 37.57065, -0.52262 ], [ 37.57071, -0.52262 ], [ 37.57076, -0.52262 ], [ 37.57082, -0.52262 ], [ 37.57088, -0.52262 ], [ 37.57094, -0.52262 ], [ 37.57099, -0.52262 ], [ 37.57105, -0.52262 ], [ 37.57111, -0.52262 ], [ 37.57116, -0.52262 ], [ 37.57122, -0.52262 ], [ 37.57122, -0.52268 ], [ 37.57128, -0.52268 ], [ 37.57134, -0.52268 ], [ 37.57139, -0.52273 ], [ 37.57145, -0.52273 ], [ 37.57151, -0.52276 ], [ 37.57157, -0.52279 ], [ 37.57162, -0.52285 ], [ 37.57168, -0.5229 ], [ 37.57174, -0.5229 ], [ 37.57174, -0.52296 ], [ 37.57179, -0.52296 ], [ 37.57185, -0.52302 ], [ 37.57185, -0.52308 ], [ 37.57191, -0.52308 ], [ 37.57197, -0.52313 ], [ 37.57197, -0.52319 ], [ 37.57202, -0.52319 ], [ 37.57208, -0.52319 ], [ 37.57208, -0.52325 ], [ 37.57214, -0.52325 ], [ 37.57214, -0.52331 ], [ 37.5722, -0.52331 ], [ 37.5722, -0.52336 ], [ 37.57225, -0.52342 ], [ 37.57231, -0.52348 ], [ 37.57237, -0.52348 ], [ 37.57237, -0.52353 ], [ 37.57242, -0.52353 ], [ 37.57242, -0.52359 ], [ 37.57248, -0.52365 ], [ 37.57254, -0.52371 ], [ 37.5726, -0.52371 ], [ 37.5726, -0.52374 ], [ 37.5726, -0.52376 ], [ 37.57265, -0.52376 ], [ 37.57265, -0.52382 ], [ 37.57271, -0.52388 ], [ 37.57277, -0.52394 ], [ 37.57283, -0.52394 ], [ 37.57283, -0.52399 ], [ 37.57288, -0.52399 ], [ 37.57288, -0.52405 ], [ 37.57294, -0.52405 ], [ 37.57294, -0.52411 ], [ 37.573, -0.52411 ], [ 37.57305, -0.52417 ], [ 37.57311, -0.52417 ], [ 37.57317, -0.52422 ], [ 37.57323, -0.52422 ], [ 37.57328, -0.52422 ], [ 37.57334, -0.52422 ], [ 37.57334, -0.52428 ], [ 37.5734, -0.52428 ], [ 37.57346, -0.52428 ], [ 37.57351, -0.52428 ], [ 37.57351, -0.52434 ], [ 37.57357, -0.52434 ], [ 37.57357, -0.52439 ], [ 37.57363, -0.52439 ], [ 37.57369, -0.52445 ], [ 37.57374, -0.52445 ], [ 37.57374, -0.52451 ], [ 37.5738, -0.52451 ], [ 37.57386, -0.52451 ], [ 37.57386, -0.52457 ], [ 37.57391, -0.52462 ], [ 37.57403, -0.52462 ], [ 37.57403, -0.52468 ], [ 37.57409, -0.52468 ], [ 37.57414, -0.52474 ], [ 37.5742, -0.5248 ], [ 37.57426, -0.5248 ], [ 37.57426, -0.52485 ], [ 37.57432, -0.52485 ], [ 37.57437, -0.52485 ], [ 37.57443, -0.52485 ], [ 37.57449, -0.52485 ], [ 37.57454, -0.52485 ], [ 37.5746, -0.52485 ], [ 37.57466, -0.52485 ], [ 37.57472, -0.5248 ], [ 37.57477, -0.5248 ], [ 37.57477, -0.52474 ], [ 37.57483, -0.52474 ], [ 37.57483, -0.52468 ], [ 37.57489, -0.52468 ], [ 37.57489, -0.52462 ], [ 37.57489, -0.52457 ], [ 37.57495, -0.52451 ], [ 37.575, -0.52451 ], [ 37.575, -0.52445 ], [ 37.57506, -0.52434 ], [ 37.57512, -0.52434 ], [ 37.57512, -0.52428 ], [ 37.57517, -0.52428 ], [ 37.57517, -0.52422 ], [ 37.57523, -0.52422 ], [ 37.57529, -0.52417 ], [ 37.57535, -0.52417 ], [ 37.5754, -0.52417 ], [ 37.5754, -0.52411 ], [ 37.57546, -0.52411 ], [ 37.57552, -0.52411 ], [ 37.57558, -0.52411 ], [ 37.57558, -0.52411 ], [ 37.57563, -0.52411 ], [ 37.57569, -0.52411 ], [ 37.57575, -0.52411 ], [ 37.5758, -0.52411 ], [ 37.57586, -0.52411 ], [ 37.57592, -0.52411 ], [ 37.57598, -0.52411 ], [ 37.57603, -0.52411 ], [ 37.57609, -0.52411 ], [ 37.57615, -0.52411 ], [ 37.57621, -0.52411 ], [ 37.57626, -0.52411 ], [ 37.57632, -0.52411 ], [ 37.57638, -0.52411 ], [ 37.57643, -0.52411 ], [ 37.57649, -0.52411 ], [ 37.57655, -0.52411 ], [ 37.57661, -0.52411 ], [ 37.57666, -0.52411 ], [ 37.57672, -0.52411 ], [ 37.57678, -0.52411 ], [ 37.57684, -0.52411 ], [ 37.57689, -0.52411 ], [ 37.57695, -0.52411 ], [ 37.57701, -0.52411 ], [ 37.57707, -0.52411 ], [ 37.57712, -0.52411 ], [ 37.57718, -0.52411 ], [ 37.57724, -0.52411 ], [ 37.57729, -0.52405 ], [ 37.57735, -0.52405 ], [ 37.57735, -0.52399 ], [ 37.57741, -0.52399 ], [ 37.57741, -0.52394 ], [ 37.57741, -0.52388 ], [ 37.57741, -0.52382 ], [ 37.57741, -0.52376 ], [ 37.57747, -0.52376 ], [ 37.57747, -0.52371 ], [ 37.57752, -0.52371 ], [ 37.57752, -0.52365 ], [ 37.57758, -0.52365 ], [ 37.57758, -0.52359 ], [ 37.57764, -0.52353 ], [ 37.5777, -0.52353 ], [ 37.5777, -0.52348 ], [ 37.57775, -0.52348 ], [ 37.57775, -0.52342 ], [ 37.57781, -0.52342 ], [ 37.57787, -0.52342 ], [ 37.57787, -0.52336 ], [ 37.57792, -0.52336 ], [ 37.57798, -0.52336 ], [ 37.57804, -0.52336 ], [ 37.57804, -0.52331 ], [ 37.5781, -0.52331 ], [ 37.5781, -0.52325 ], [ 37.57815, -0.52325 ], [ 37.57821, -0.52325 ], [ 37.57827, -0.52325 ], [ 37.57833, -0.52325 ], [ 37.57833, -0.52319 ], [ 37.57838, -0.52319 ], [ 37.57844, -0.52319 ], [ 37.57844, -0.52313 ], [ 37.5785, -0.52313 ], [ 37.57855, -0.52313 ], [ 37.57861, -0.52308 ], [ 37.57867, -0.52308 ], [ 37.57873, -0.52308 ], [ 37.57878, -0.52302 ], [ 37.57884, -0.52302 ], [ 37.57884, -0.52296 ], [ 37.5789, -0.52296 ], [ 37.5789, -0.5229 ], [ 37.57896, -0.5229 ], [ 37.57901, -0.52285 ], [ 37.57907, -0.52285 ], [ 37.57913, -0.52285 ], [ 37.57918, -0.52285 ], [ 37.57924, -0.52285 ], [ 37.57936, -0.52285 ], [ 37.57941, -0.52285 ], [ 37.57947, -0.52285 ], [ 37.57949, -0.52285 ], [ 37.57953, -0.52285 ], [ 37.57959, -0.52285 ], [ 37.57964, -0.52285 ], [ 37.5797, -0.52285 ], [ 37.57974, -0.52285 ], [ 37.57976, -0.52285 ], [ 37.57981, -0.52285 ], [ 37.57987, -0.52285 ], [ 37.57993, -0.52285 ], [ 37.57999, -0.52285 ], [ 37.58004, -0.52285 ], [ 37.58005, -0.52285 ], [ 37.5801, -0.52285 ], [ 37.58016, -0.52285 ], [ 37.58022, -0.52285 ], [ 37.58027, -0.52285 ], [ 37.58033, -0.52285 ], [ 37.58038, -0.5229 ], [ 37.58039, -0.5229 ], [ 37.58039, -0.5229 ], [ 37.58044, -0.5229 ], [ 37.58045, -0.5229 ], [ 37.5805, -0.5229 ], [ 37.58056, -0.5229 ], [ 37.58062, -0.5229 ], [ 37.58067, -0.5229 ], [ 37.58073, -0.52285 ], [ 37.58079, -0.52279 ], [ 37.58079, -0.52273 ], [ 37.58085, -0.52273 ], [ 37.58085, -0.52268 ], [ 37.5809, -0.52268 ], [ 37.58096, -0.52262 ], [ 37.58102, -0.52262 ], [ 37.58108, -0.52262 ], [ 37.58113, -0.52262 ], [ 37.58113, -0.52256 ], [ 37.58119, -0.52256 ], [ 37.58119, -0.5225 ], [ 37.58125, -0.5225 ], [ 37.58125, -0.52245 ], [ 37.5813, -0.52245 ], [ 37.5813, -0.52239 ], [ 37.58136, -0.52239 ], [ 37.58142, -0.52239 ], [ 37.58142, -0.52233 ], [ 37.58148, -0.52233 ], [ 37.58153, -0.52233 ], [ 37.58159, -0.52233 ], [ 37.58165, -0.52233 ], [ 37.58171, -0.52233 ], [ 37.58176, -0.52233 ], [ 37.58182, -0.52233 ], [ 37.58188, -0.52233 ], [ 37.58188, -0.52227 ], [ 37.58193, -0.52227 ], [ 37.58199, -0.52227 ], [ 37.58205, -0.52227 ], [ 37.58211, -0.52227 ], [ 37.58216, -0.52227 ], [ 37.58222, -0.52227 ], [ 37.58228, -0.52227 ], [ 37.58234, -0.52227 ], [ 37.58239, -0.52227 ], [ 37.58251, -0.52227 ], [ 37.58256, -0.52227 ], [ 37.58262, -0.52227 ], [ 37.58268, -0.52227 ], [ 37.58274, -0.52227 ], [ 37.58279, -0.52227 ], [ 37.58291, -0.52227 ], [ 37.58297, -0.52227 ], [ 37.58302, -0.52227 ], [ 37.58308, -0.52227 ], [ 37.58314, -0.52227 ], [ 37.58377, -0.51964 ], [ 37.58892, -0.51872 ], [ 37.58971, -0.51868 ], [ 37.59683, -0.51832 ], [ 37.59901, -0.51838 ], [ 37.59906, -0.51838 ], [ 37.59912, -0.51838 ], [ 37.59918, -0.51838 ], [ 37.59924, -0.51838 ], [ 37.59929, -0.51838 ], [ 37.59935, -0.51838 ], [ 37.59941, -0.51838 ], [ 37.59946, -0.51838 ], [ 37.59952, -0.51838 ], [ 37.59958, -0.51838 ], [ 37.59958, -0.51832 ], [ 37.59964, -0.51832 ], [ 37.59969, -0.51832 ], [ 37.59975, -0.51832 ], [ 37.59981, -0.51832 ], [ 37.59987, -0.51832 ], [ 37.59992, -0.51832 ], [ 37.59998, -0.51832 ], [ 37.60004, -0.51832 ], [ 37.60009, -0.51832 ], [ 37.60015, -0.51832 ], [ 37.60021, -0.51832 ], [ 37.60027, -0.51832 ], [ 37.60032, -0.51832 ], [ 37.60032, -0.51838 ], [ 37.60038, -0.51838 ], [ 37.60044, -0.51838 ], [ 37.60044, -0.51844 ], [ 37.60045, -0.51845 ], [ 37.6005, -0.51849 ], [ 37.6005, -0.51849 ], [ 37.60054, -0.51849 ], [ 37.60055, -0.51849 ], [ 37.60055, -0.51855 ], [ 37.60061, -0.51855 ], [ 37.60061, -0.51861 ], [ 37.60067, -0.51861 ], [ 37.60067, -0.51867 ], [ 37.60073, -0.51867 ], [ 37.60078, -0.51872 ], [ 37.60078, -0.51878 ], [ 37.60084, -0.51878 ], [ 37.6009, -0.51884 ], [ 37.6009, -0.5189 ], [ 37.60095, -0.5189 ], [ 37.60095, -0.51895 ], [ 37.60101, -0.51901 ], [ 37.60107, -0.51901 ], [ 37.60107, -0.51907 ], [ 37.60113, -0.51907 ], [ 37.60113, -0.51912 ], [ 37.60118, -0.51918 ], [ 37.60124, -0.51918 ], [ 37.60124, -0.51924 ], [ 37.6013, -0.51924 ], [ 37.6013, -0.5193 ], [ 37.60136, -0.5193 ], [ 37.60136, -0.51934 ], [ 37.60136, -0.51935 ], [ 37.60141, -0.51941 ], [ 37.60147, -0.51947 ], [ 37.60147, -0.51951 ], [ 37.60147, -0.51953 ], [ 37.60153, -0.51953 ], [ 37.60153, -0.51958 ], [ 37.60158, -0.51958 ], [ 37.60161, -0.51961 ], [ 37.60164, -0.51964 ], [ 37.60164, -0.5197 ], [ 37.6017, -0.51975 ], [ 37.60176, -0.51981 ], [ 37.60181, -0.51981 ], [ 37.60181, -0.51987 ], [ 37.60187, -0.51987 ], [ 37.60193, -0.51987 ], [ 37.60193, -0.51993 ], [ 37.60199, -0.51993 ], [ 37.60204, -0.51993 ], [ 37.6021, -0.51993 ], [ 37.60216, -0.51993 ], [ 37.60221, -0.51993 ], [ 37.60221, -0.51998 ], [ 37.60227, -0.52004 ], [ 37.60233, -0.52004 ], [ 37.60239, -0.52004 ], [ 37.60244, -0.52004 ], [ 37.6025, -0.52004 ], [ 37.6025, -0.51998 ], [ 37.60256, -0.51998 ], [ 37.60262, -0.51993 ], [ 37.60267, -0.51993 ], [ 37.60273, -0.51993 ], [ 37.60279, -0.51993 ], [ 37.60284, -0.51987 ], [ 37.6029, -0.51987 ], [ 37.60296, -0.51987 ], [ 37.60302, -0.51987 ], [ 37.60307, -0.51987 ], [ 37.60307, -0.51993 ], [ 37.60313, -0.51993 ], [ 37.60319, -0.51998 ], [ 37.60319, -0.52004 ], [ 37.60325, -0.52004 ], [ 37.60325, -0.5201 ], [ 37.60325, -0.52016 ], [ 37.6033, -0.52016 ], [ 37.60336, -0.52016 ], [ 37.6034, -0.5202 ], [ 37.60342, -0.52021 ], [ 37.60342, -0.52027 ], [ 37.60347, -0.52027 ], [ 37.60353, -0.52033 ], [ 37.60359, -0.52033 ], [ 37.60365, -0.52038 ], [ 37.60365, -0.52038 ], [ 37.6037, -0.52038 ], [ 37.6037, -0.52044 ], [ 37.60376, -0.52044 ], [ 37.60376, -0.5205 ], [ 37.60382, -0.52056 ], [ 37.60387, -0.52056 ], [ 37.60388, -0.52056 ], [ 37.60393, -0.52061 ], [ 37.60399, -0.52067 ], [ 37.60399, -0.52073 ], [ 37.60399, -0.52079 ], [ 37.60405, -0.52079 ], [ 37.60405, -0.52084 ], [ 37.60405, -0.5209 ], [ 37.60411, -0.5209 ], [ 37.60411, -0.52096 ], [ 37.60416, -0.52096 ], [ 37.60416, -0.52101 ], [ 37.60422, -0.52101 ], [ 37.60422, -0.52107 ], [ 37.60422, -0.52113 ], [ 37.60428, -0.52113 ], [ 37.60428, -0.52119 ], [ 37.60433, -0.52119 ], [ 37.60433, -0.52124 ], [ 37.60433, -0.5213 ], [ 37.60433, -0.52136 ], [ 37.60439, -0.52136 ], [ 37.60439, -0.52141 ], [ 37.60439, -0.52142 ], [ 37.60439, -0.52147 ], [ 37.60439, -0.52153 ], [ 37.60439, -0.52159 ], [ 37.60439, -0.52164 ], [ 37.60439, -0.5217 ], [ 37.60445, -0.5217 ], [ 37.60445, -0.52176 ], [ 37.60445, -0.52178 ], [ 37.60445, -0.52182 ], [ 37.60445, -0.52187 ], [ 37.60451, -0.52187 ], [ 37.60451, -0.52193 ], [ 37.60451, -0.52199 ], [ 37.60456, -0.52199 ], [ 37.60456, -0.52205 ], [ 37.60462, -0.52205 ], [ 37.60462, -0.5221 ], [ 37.60462, -0.52216 ], [ 37.60467, -0.52216 ], [ 37.60468, -0.52216 ], [ 37.60468, -0.52222 ], [ 37.60468, -0.52223 ], [ 37.60468, -0.52226 ], [ 37.60468, -0.52227 ], [ 37.60468, -0.52227 ], [ 37.60474, -0.52227 ], [ 37.60474, -0.52232 ], [ 37.60474, -0.52233 ], [ 37.60479, -0.52239 ], [ 37.60485, -0.52239 ], [ 37.60485, -0.52245 ], [ 37.60485, -0.5225 ], [ 37.60485, -0.5225 ], [ 37.60485, -0.5225 ], [ 37.60485, -0.5225 ], [ 37.60486, -0.5225 ], [ 37.60491, -0.5225 ], [ 37.60491, -0.52255 ], [ 37.60491, -0.52256 ], [ 37.60491, -0.52256 ], [ 37.60492, -0.52256 ], [ 37.60496, -0.52256 ], [ 37.60496, -0.52262 ], [ 37.60502, -0.52262 ], [ 37.60502, -0.52268 ], [ 37.60508, -0.52268 ], [ 37.60514, -0.52273 ], [ 37.60514, -0.52279 ], [ 37.60519, -0.52279 ], [ 37.60525, -0.52285 ], [ 37.60525, -0.5229 ], [ 37.60531, -0.5229 ], [ 37.60537, -0.52296 ], [ 37.60542, -0.52302 ], [ 37.60542, -0.52308 ], [ 37.60548, -0.52308 ], [ 37.60554, -0.52308 ], [ 37.60559, -0.52308 ], [ 37.60565, -0.52308 ], [ 37.60571, -0.52308 ], [ 37.60571, -0.52313 ], [ 37.60577, -0.52313 ], [ 37.60582, -0.52313 ], [ 37.60588, -0.52313 ], [ 37.606, -0.52313 ], [ 37.60605, -0.52313 ], [ 37.60611, -0.52319 ], [ 37.60617, -0.52319 ], [ 37.60622, -0.52319 ], [ 37.60628, -0.52319 ], [ 37.60634, -0.52319 ], [ 37.6064, -0.52319 ], [ 37.60645, -0.52319 ], [ 37.60651, -0.52319 ], [ 37.60657, -0.52319 ], [ 37.60663, -0.52319 ], [ 37.60668, -0.52319 ], [ 37.60674, -0.52319 ], [ 37.6068, -0.52319 ], [ 37.60685, -0.52319 ], [ 37.60691, -0.52319 ], [ 37.60697, -0.52319 ], [ 37.60703, -0.52319 ], [ 37.60708, -0.52319 ], [ 37.60714, -0.52319 ], [ 37.6072, -0.52319 ], [ 37.60726, -0.52319 ], [ 37.60731, -0.52319 ], [ 37.60737, -0.52319 ], [ 37.60743, -0.52319 ], [ 37.60743, -0.52315 ], [ 37.60743, -0.52313 ], [ 37.60749, -0.52313 ], [ 37.60754, -0.52313 ], [ 37.6076, -0.52313 ], [ 37.6076, -0.52308 ], [ 37.60766, -0.52308 ], [ 37.60771, -0.52308 ], [ 37.60777, -0.52302 ], [ 37.60789, -0.52302 ], [ 37.60794, -0.52302 ], [ 37.60794, -0.52296 ], [ 37.608, -0.52296 ], [ 37.60806, -0.52296 ], [ 37.60806, -0.5229 ], [ 37.60812, -0.5229 ], [ 37.60817, -0.5229 ], [ 37.60823, -0.5229 ], [ 37.60829, -0.52285 ], [ 37.60834, -0.52285 ], [ 37.60834, -0.52279 ], [ 37.6084, -0.52279 ], [ 37.6084, -0.52273 ], [ 37.60846, -0.52273 ], [ 37.60846, -0.52268 ], [ 37.60851, -0.52268 ], [ 37.60833, -0.523 ], [ 37.60779, -0.52345 ], [ 37.60812, -0.52343 ], [ 37.60839, -0.52317 ], [ 37.60867, -0.52278 ], [ 37.60887, -0.52263 ], [ 37.60919, -0.52262 ], [ 37.60957, -0.52263 ], [ 37.60984, -0.52262 ], [ 37.60994, -0.52262 ], [ 37.61023, -0.52254 ], [ 37.61034, -0.52252 ], [ 37.61067, -0.5225 ], [ 37.61067, -0.5225 ], [ 37.61117, -0.52255 ], [ 37.61121, -0.52256 ], [ 37.61166, -0.5227 ], [ 37.61195, -0.52265 ], [ 37.61212, -0.52256 ], [ 37.61217, -0.52253 ], [ 37.61218, -0.52253 ], [ 37.61225, -0.52256 ], [ 37.61235, -0.5226 ], [ 37.61237, -0.52261 ], [ 37.6124, -0.52262 ], [ 37.61242, -0.52262 ], [ 37.61244, -0.52263 ], [ 37.61248, -0.52265 ], [ 37.61253, -0.52268 ], [ 37.61264, -0.52273 ], [ 37.61264, -0.52273 ], [ 37.61265, -0.52273 ], [ 37.61279, -0.5228 ], [ 37.61304, -0.5228 ], [ 37.61339, -0.52277 ], [ 37.61339, -0.52277 ], [ 37.6137, -0.52283 ], [ 37.61378, -0.52285 ], [ 37.6141, -0.52293 ], [ 37.61417, -0.52296 ], [ 37.61447, -0.5231 ], [ 37.61545, -0.52313 ], [ 37.61637, -0.52312 ], [ 37.617, -0.52312 ], [ 37.61742, -0.5232 ], [ 37.61768, -0.5234 ], [ 37.61791, -0.52351 ], [ 37.61808, -0.5236 ], [ 37.61819, -0.52367 ], [ 37.61825, -0.52371 ], [ 37.6183, -0.52382 ], [ 37.61831, -0.52384 ], [ 37.61832, -0.52386 ], [ 37.61833, -0.52388 ], [ 37.6184, -0.52403 ], [ 37.61873, -0.5241 ], [ 37.61907, -0.5241 ], [ 37.61932, -0.52425 ], [ 37.61952, -0.52445 ], [ 37.61967, -0.52461 ], [ 37.61993, -0.52446 ], [ 37.62013, -0.52448 ], [ 37.62043, -0.52463 ], [ 37.6208, -0.52471 ], [ 37.6209, -0.5246 ], [ 37.62098, -0.52411 ], [ 37.62095, -0.5238 ], [ 37.62068, -0.52358 ], [ 37.62055, -0.5234 ], [ 37.62063, -0.52323 ], [ 37.62087, -0.52307 ], [ 37.62107, -0.52288 ], [ 37.62155, -0.52228 ], [ 37.62192, -0.52212 ], [ 37.62218, -0.52212 ], [ 37.62245, -0.52202 ], [ 37.6225, -0.52172 ], [ 37.62244, -0.52168 ], [ 37.62225, -0.52155 ], [ 37.62214, -0.52147 ], [ 37.62195, -0.52133 ], [ 37.62194, -0.52119 ], [ 37.62193, -0.52105 ], [ 37.62198, -0.52073 ], [ 37.62195, -0.5205 ], [ 37.62205, -0.5203 ], [ 37.62225, -0.5202 ], [ 37.62235, -0.52007 ], [ 37.62262, -0.52012 ], [ 37.62283, -0.52008 ], [ 37.62293, -0.52017 ], [ 37.62301, -0.52028 ], [ 37.6231, -0.5203 ], [ 37.62324, -0.52034 ], [ 37.6233, -0.52035 ], [ 37.62333, -0.52045 ], [ 37.62335, -0.52048 ], [ 37.62345, -0.52075 ], [ 37.62365, -0.5206 ], [ 37.62379, -0.52046 ], [ 37.6238, -0.52045 ], [ 37.62382, -0.52045 ], [ 37.62386, -0.52045 ], [ 37.62401, -0.52045 ], [ 37.62425, -0.52062 ], [ 37.62438, -0.52053 ], [ 37.62466, -0.52053 ], [ 37.62498, -0.5205 ], [ 37.62508, -0.5205 ], [ 37.62517, -0.52055 ], [ 37.62528, -0.5206 ], [ 37.62535, -0.5207 ], [ 37.62539, -0.52074 ], [ 37.62542, -0.52077 ], [ 37.62545, -0.5208 ], [ 37.62555, -0.5209 ], [ 37.62571, -0.52093 ], [ 37.6258, -0.52095 ], [ 37.62587, -0.52101 ], [ 37.6259, -0.52103 ], [ 37.62571, -0.52109 ], [ 37.62566, -0.5211 ], [ 37.62564, -0.52129 ], [ 37.62563, -0.52133 ], [ 37.62563, -0.52134 ], [ 37.6256, -0.52143 ], [ 37.62556, -0.52155 ], [ 37.6259, -0.52172 ], [ 37.6261, -0.52162 ], [ 37.6261, -0.5221 ], [ 37.6261, -0.52241 ], [ 37.6261, -0.52289 ], [ 37.6261, -0.5229 ], [ 37.62629, -0.52313 ], [ 37.62623, -0.52322 ], [ 37.62631, -0.52337 ], [ 37.62645, -0.52333 ], [ 37.62686, -0.52382 ], [ 37.62691, -0.52388 ], [ 37.62691, -0.52468 ], [ 37.62691, -0.52468 ], [ 37.6269, -0.5247 ], [ 37.62701, -0.52488 ], [ 37.62731, -0.52493 ], [ 37.62761, -0.525 ], [ 37.62788, -0.52508 ], [ 37.62821, -0.525 ], [ 37.62841, -0.52491 ], [ 37.62858, -0.52506 ], [ 37.62886, -0.52506 ], [ 37.62904, -0.52491 ], [ 37.62911, -0.52485 ], [ 37.62933, -0.52468 ], [ 37.6294, -0.52468 ], [ 37.62954, -0.52466 ], [ 37.62979, -0.52473 ], [ 37.62988, -0.52491 ], [ 37.62993, -0.52501 ], [ 37.63008, -0.52533 ], [ 37.63036, -0.52536 ], [ 37.63052, -0.52528 ], [ 37.63052, -0.52528 ], [ 37.63053, -0.52528 ], [ 37.63053, -0.52528 ], [ 37.63068, -0.52533 ], [ 37.63083, -0.52533 ], [ 37.63085, -0.52525 ], [ 37.63086, -0.52525 ], [ 37.63105, -0.52516 ], [ 37.63122, -0.52507 ], [ 37.63129, -0.52504 ], [ 37.63141, -0.52506 ], [ 37.63171, -0.52508 ], [ 37.63196, -0.52528 ], [ 37.63223, -0.52516 ], [ 37.63236, -0.52516 ], [ 37.63249, -0.5254 ], [ 37.63284, -0.52543 ], [ 37.63303, -0.52526 ], [ 37.63314, -0.52541 ], [ 37.63339, -0.52563 ], [ 37.63376, -0.52566 ], [ 37.63429, -0.52565 ], [ 37.63472, -0.52583 ], [ 37.63527, -0.52611 ], [ 37.63564, -0.52611 ], [ 37.63592, -0.52631 ], [ 37.63632, -0.52656 ], [ 37.63653, -0.52659 ], [ 37.63693, -0.52714 ], [ 37.63695, -0.52732 ], [ 37.63695, -0.52737 ], [ 37.63699, -0.52777 ], [ 37.63708, -0.52833 ], [ 37.63704, -0.52856 ], [ 37.63721, -0.52898 ], [ 37.63752, -0.52931 ], [ 37.63784, -0.52951 ], [ 37.63844, -0.52968 ], [ 37.63879, -0.52968 ], [ 37.63922, -0.52958 ], [ 37.63924, -0.52956 ], [ 37.63936, -0.52947 ], [ 37.63962, -0.52928 ], [ 37.63995, -0.52911 ], [ 37.64032, -0.52914 ], [ 37.64062, -0.52923 ], [ 37.64082, -0.52913 ], [ 37.64114, -0.52911 ], [ 37.64139, -0.52918 ], [ 37.64172, -0.52919 ], [ 37.64195, -0.52919 ], [ 37.64214, -0.52913 ], [ 37.64255, -0.52929 ], [ 37.64268, -0.5294 ], [ 37.64274, -0.52944 ], [ 37.64283, -0.52969 ], [ 37.64285, -0.52974 ], [ 37.64295, -0.53006 ], [ 37.64296, -0.53007 ], [ 37.643, -0.53026 ], [ 37.6434, -0.53063 ], [ 37.64385, -0.53081 ], [ 37.6443, -0.53104 ], [ 37.64459, -0.53116 ], [ 37.64484, -0.53131 ], [ 37.64491, -0.53142 ], [ 37.64502, -0.53159 ], [ 37.64547, -0.53183 ], [ 37.64582, -0.53188 ], [ 37.64598, -0.53156 ], [ 37.64598, -0.53155 ], [ 37.64598, -0.53154 ], [ 37.646, -0.53153 ], [ 37.64633, -0.53131 ], [ 37.64667, -0.53106 ], [ 37.64697, -0.53064 ], [ 37.64705, -0.53014 ], [ 37.64722, -0.52971 ], [ 37.64725, -0.52952 ], [ 37.64725, -0.52946 ], [ 37.64727, -0.52938 ], [ 37.64727, -0.52938 ], [ 37.64729, -0.52934 ], [ 37.64747, -0.52911 ], [ 37.6478, -0.52894 ], [ 37.64807, -0.52883 ], [ 37.64845, -0.52884 ], [ 37.64875, -0.52901 ], [ 37.64925, -0.52928 ], [ 37.64965, -0.52924 ], [ 37.64969, -0.52921 ], [ 37.64976, -0.52921 ], [ 37.65003, -0.5291 ], [ 37.65034, -0.52897 ], [ 37.6506, -0.52906 ], [ 37.65096, -0.52909 ], [ 37.65166, -0.52923 ], [ 37.65206, -0.52929 ], [ 37.65245, -0.52918 ], [ 37.65266, -0.52903 ], [ 37.65261, -0.52893 ], [ 37.65263, -0.52892 ], [ 37.65259, -0.52886 ], [ 37.65255, -0.5288 ], [ 37.65255, -0.52858 ], [ 37.65278, -0.52826 ], [ 37.65293, -0.5278 ], [ 37.653, -0.52746 ], [ 37.6531, -0.52715 ], [ 37.65317, -0.52694 ], [ 37.65331, -0.52673 ], [ 37.65313, -0.52641 ], [ 37.6529, -0.52616 ], [ 37.65261, -0.52613 ], [ 37.65249, -0.5262 ], [ 37.65223, -0.52623 ], [ 37.65219, -0.526 ], [ 37.65217, -0.52588 ], [ 37.65221, -0.52537 ], [ 37.65226, -0.52526 ], [ 37.6524, -0.52486 ], [ 37.65246, -0.52466 ], [ 37.65253, -0.52442 ], [ 37.6526, -0.52415 ], [ 37.65259, -0.52412 ], [ 37.65255, -0.52376 ], [ 37.65234, -0.52362 ], [ 37.65206, -0.52342 ], [ 37.65186, -0.52326 ], [ 37.65157, -0.52303 ], [ 37.65161, -0.52292 ], [ 37.65191, -0.52273 ], [ 37.65201, -0.52243 ], [ 37.65225, -0.52223 ], [ 37.65263, -0.52208 ], [ 37.65293, -0.522 ], [ 37.6532, -0.52182 ], [ 37.65321, -0.52177 ], [ 37.65326, -0.52176 ], [ 37.65328, -0.52153 ], [ 37.65331, -0.52117 ], [ 37.65348, -0.5209 ], [ 37.65349, -0.52085 ], [ 37.65351, -0.52063 ], [ 37.65375, -0.52048 ], [ 37.65389, -0.52049 ], [ 37.65406, -0.5205 ], [ 37.65406, -0.52067 ], [ 37.65406, -0.52103 ], [ 37.65408, -0.52131 ], [ 37.65408, -0.52137 ], [ 37.65413, -0.52158 ], [ 37.65445, -0.52158 ], [ 37.65481, -0.52157 ], [ 37.65487, -0.52157 ], [ 37.65508, -0.52157 ], [ 37.65538, -0.5217 ], [ 37.65546, -0.52173 ], [ 37.65589, -0.52187 ], [ 37.65606, -0.52187 ], [ 37.65629, -0.52187 ], [ 37.65687, -0.52159 ], [ 37.65741, -0.52115 ], [ 37.65744, -0.52113 ], [ 37.65801, -0.52147 ], [ 37.65859, -0.52193 ], [ 37.65904, -0.52227 ], [ 37.65979, -0.52313 ], [ 37.65979, -0.52333 ], [ 37.65979, -0.52367 ], [ 37.65979, -0.52376 ], [ 37.66005, -0.52414 ], [ 37.66019, -0.52434 ], [ 37.66053, -0.52422 ], [ 37.66094, -0.52376 ], [ 37.66088, -0.52338 ], [ 37.66082, -0.52296 ], [ 37.66078, -0.5229 ], [ 37.66071, -0.52279 ], [ 37.66072, -0.52267 ], [ 37.66076, -0.52239 ], [ 37.66092, -0.52193 ], [ 37.66094, -0.52187 ], [ 37.66111, -0.52187 ], [ 37.66148, -0.52214 ], [ 37.66168, -0.52227 ], [ 37.66193, -0.52234 ], [ 37.66208, -0.52237 ], [ 37.66214, -0.52239 ], [ 37.66236, -0.52245 ], [ 37.6626, -0.5225 ], [ 37.66305, -0.52227 ], [ 37.6634, -0.52187 ], [ 37.66342, -0.52184 ], [ 37.66362, -0.52148 ], [ 37.66368, -0.52136 ], [ 37.66346, -0.52101 ], [ 37.66338, -0.52071 ], [ 37.66334, -0.52056 ], [ 37.66334, -0.52004 ], [ 37.66334, -0.52002 ], [ 37.66334, -0.51935 ], [ 37.66334, -0.5192 ], [ 37.66334, -0.51894 ], [ 37.66334, -0.51875 ], [ 37.66334, -0.51872 ], [ 37.66346, -0.51849 ], [ 37.66409, -0.51838 ], [ 37.66443, -0.51815 ], [ 37.66443, -0.51756 ], [ 37.66443, -0.51754 ], [ 37.66443, -0.51752 ], [ 37.6644, -0.51752 ], [ 37.66397, -0.51746 ], [ 37.66374, -0.51735 ], [ 37.66374, -0.51731 ], [ 37.66374, -0.51727 ], [ 37.66374, -0.51721 ], [ 37.66374, -0.51683 ], [ 37.66454, -0.51666 ], [ 37.66506, -0.51666 ], [ 37.66532, -0.51685 ], [ 37.66555, -0.51688 ], [ 37.66599, -0.51695 ], [ 37.66603, -0.51695 ], [ 37.66655, -0.51689 ], [ 37.66689, -0.51689 ], [ 37.66712, -0.51702 ], [ 37.66712, -0.51702 ], [ 37.66713, -0.51703 ], [ 37.66729, -0.51712 ], [ 37.66735, -0.51719 ], [ 37.66758, -0.51746 ], [ 37.66772, -0.51765 ], [ 37.66792, -0.51792 ], [ 37.66837, -0.51842 ], [ 37.66844, -0.51849 ], [ 37.66878, -0.51861 ], [ 37.66886, -0.51861 ], [ 37.66918, -0.51861 ], [ 37.66922, -0.5186 ], [ 37.66937, -0.51842 ], [ 37.66969, -0.51805 ], [ 37.66972, -0.51802 ], [ 37.67005, -0.5177 ], [ 37.67022, -0.51757 ], [ 37.67039, -0.51723 ], [ 37.67039, -0.51649 ], [ 37.67079, -0.51603 ], [ 37.67165, -0.51523 ], [ 37.67228, -0.51483 ], [ 37.67246, -0.51472 ], [ 37.67247, -0.51471 ], [ 37.67248, -0.5147 ], [ 37.67274, -0.51454 ], [ 37.67314, -0.5146 ], [ 37.67325, -0.51506 ], [ 37.67315, -0.51521 ], [ 37.67313, -0.51532 ], [ 37.67305, -0.51553 ], [ 37.67297, -0.51572 ], [ 37.67288, -0.51584 ], [ 37.67287, -0.51603 ], [ 37.67285, -0.5162 ], [ 37.67314, -0.51637 ], [ 37.67377, -0.51672 ], [ 37.67474, -0.51666 ], [ 37.6756, -0.51643 ], [ 37.67652, -0.51643 ], [ 37.67731, -0.51643 ], [ 37.67732, -0.51643 ], [ 37.67812, -0.51643 ], [ 37.67898, -0.51643 ], [ 37.67935, -0.51669 ], [ 37.6794, -0.51672 ], [ 37.67945, -0.51676 ], [ 37.67955, -0.51683 ], [ 37.67988, -0.51712 ], [ 37.68001, -0.51723 ], [ 37.68047, -0.51741 ], [ 37.68048, -0.51742 ], [ 37.68099, -0.51809 ], [ 37.68104, -0.51815 ], [ 37.68106, -0.51818 ], [ 37.68144, -0.51861 ], [ 37.68179, -0.51861 ], [ 37.682, -0.51859 ], [ 37.68265, -0.51855 ], [ 37.68287, -0.51862 ], [ 37.68303, -0.51867 ], [ 37.68304, -0.51867 ], [ 37.68327, -0.51874 ], [ 37.68335, -0.51877 ], [ 37.68335, -0.51879 ], [ 37.68336, -0.5188 ], [ 37.68353, -0.51893 ], [ 37.68379, -0.51893 ], [ 37.68409, -0.5188 ], [ 37.68438, -0.51849 ], [ 37.68458, -0.518 ], [ 37.68458, -0.5177 ], [ 37.68441, -0.5175 ], [ 37.6842, -0.51753 ], [ 37.68411, -0.51754 ], [ 37.68382, -0.51759 ], [ 37.68378, -0.5176 ], [ 37.68341, -0.51747 ], [ 37.68335, -0.51737 ], [ 37.68328, -0.51724 ], [ 37.68338, -0.51705 ], [ 37.68362, -0.51678 ], [ 37.68363, -0.51675 ], [ 37.68379, -0.51597 ], [ 37.68377, -0.51592 ], [ 37.68379, -0.5155 ], [ 37.68369, -0.51507 ], [ 37.68348, -0.5148 ], [ 37.68336, -0.51465 ], [ 37.68339, -0.51449 ], [ 37.68343, -0.51432 ], [ 37.68361, -0.51418 ], [ 37.68379, -0.51404 ], [ 37.68411, -0.51377 ], [ 37.68433, -0.51352 ], [ 37.68452, -0.51325 ], [ 37.68488, -0.513 ], [ 37.68517, -0.51279 ], [ 37.68527, -0.51272 ], [ 37.68545, -0.51259 ], [ 37.68555, -0.51222 ], [ 37.68571, -0.51194 ], [ 37.68591, -0.51146 ], [ 37.68589, -0.51123 ], [ 37.68588, -0.51097 ], [ 37.68581, -0.51042 ], [ 37.68557, -0.51005 ], [ 37.68551, -0.50996 ], [ 37.6854, -0.50949 ], [ 37.68539, -0.50944 ], [ 37.68536, -0.50912 ], [ 37.68533, -0.50888 ], [ 37.68529, -0.50829 ], [ 37.68503, -0.50791 ], [ 37.68473, -0.5076 ], [ 37.68468, -0.50754 ], [ 37.68463, -0.50742 ], [ 37.68453, -0.50719 ], [ 37.68449, -0.50711 ], [ 37.68449, -0.50701 ], [ 37.68449, -0.50668 ], [ 37.68449, -0.50659 ], [ 37.68459, -0.50645 ], [ 37.68493, -0.50593 ], [ 37.68504, -0.50528 ], [ 37.68536, -0.50478 ], [ 37.68581, -0.50441 ], [ 37.68586, -0.50407 ], [ 37.68588, -0.50396 ], [ 37.68604, -0.50351 ], [ 37.68607, -0.5035 ], [ 37.68631, -0.50343 ], [ 37.68632, -0.50343 ], [ 37.68644, -0.5034 ], [ 37.6867, -0.50339 ], [ 37.68682, -0.50338 ], [ 37.68686, -0.50338 ], [ 37.68726, -0.50311 ], [ 37.68789, -0.5028 ], [ 37.68796, -0.50238 ], [ 37.68797, -0.50224 ], [ 37.68799, -0.50183 ], [ 37.68801, -0.50133 ], [ 37.68816, -0.50088 ], [ 37.68841, -0.50055 ], [ 37.68874, -0.50023 ], [ 37.68902, -0.50009 ], [ 37.68925, -0.5 ], [ 37.68949, -0.49977 ], [ 37.68982, -0.49946 ], [ 37.6903, -0.49904 ], [ 37.69087, -0.49871 ], [ 37.69134, -0.49856 ], [ 37.69207, -0.49867 ], [ 37.6925, -0.49856 ], [ 37.69282, -0.49832 ], [ 37.69312, -0.49787 ], [ 37.6938, -0.49672 ], [ 37.69399, -0.49637 ], [ 37.69432, -0.49616 ], [ 37.695, -0.49614 ], [ 37.69595, -0.49609 ], [ 37.69637, -0.49607 ], [ 37.69707, -0.49596 ], [ 37.69753, -0.49586 ], [ 37.69787, -0.49572 ], [ 37.69817, -0.49534 ], [ 37.69853, -0.49497 ], [ 37.69898, -0.49486 ], [ 37.69955, -0.49491 ], [ 37.70016, -0.49491 ], [ 37.7007, -0.49502 ], [ 37.70111, -0.49524 ], [ 37.70166, -0.49539 ], [ 37.70213, -0.49551 ], [ 37.70253, -0.49552 ], [ 37.70295, -0.49537 ], [ 37.7033, -0.49517 ], [ 37.70383, -0.49497 ], [ 37.70418, -0.49466 ], [ 37.70451, -0.49421 ], [ 37.70464, -0.49381 ], [ 37.70473, -0.49354 ], [ 37.70478, -0.49303 ], [ 37.7048, -0.49223 ], [ 37.70491, -0.49152 ], [ 37.70558, -0.49069 ], [ 37.70639, -0.49069 ], [ 37.70655, -0.49092 ], [ 37.70663, -0.4917 ], [ 37.70684, -0.49318 ], [ 37.70754, -0.49397 ], [ 37.7083, -0.49496 ], [ 37.70858, -0.49532 ], [ 37.70942, -0.49601 ], [ 37.70998, -0.49621 ], [ 37.71024, -0.49638 ], [ 37.71092, -0.49472 ], [ 37.71129, -0.49461 ], [ 37.71159, -0.49469 ], [ 37.71215, -0.49495 ], [ 37.71302, -0.49543 ], [ 37.71366, -0.49572 ], [ 37.7144, -0.49577 ], [ 37.71459, -0.49568 ], [ 37.71424, -0.49487 ], [ 37.71449, -0.49487 ], [ 37.71467, -0.49492 ], [ 37.71455, -0.49438 ], [ 37.71418, -0.49325 ], [ 37.7138, -0.49212 ], [ 37.71355, -0.49178 ], [ 37.71282, -0.49138 ], [ 37.71244, -0.49108 ], [ 37.71217, -0.49065 ], [ 37.71182, -0.49005 ], [ 37.7114, -0.48907 ], [ 37.7112, -0.48879 ], [ 37.71097, -0.48862 ], [ 37.71054, -0.48842 ], [ 37.71017, -0.48815 ], [ 37.70992, -0.48794 ], [ 37.70975, -0.4876 ], [ 37.70967, -0.48724 ], [ 37.70935, -0.48672 ], [ 37.70857, -0.48544 ], [ 37.70824, -0.48512 ], [ 37.70774, -0.48501 ], [ 37.70741, -0.48487 ], [ 37.70727, -0.48466 ], [ 37.70711, -0.48437 ], [ 37.70709, -0.48411 ], [ 37.70699, -0.48381 ], [ 37.70672, -0.48351 ], [ 37.70644, -0.48327 ], [ 37.70612, -0.48317 ], [ 37.70567, -0.48317 ], [ 37.70474, -0.48306 ], [ 37.70449, -0.48302 ], [ 37.70444, -0.48286 ], [ 37.70454, -0.48267 ], [ 37.70464, -0.48244 ], [ 37.70456, -0.48219 ], [ 37.70426, -0.48204 ], [ 37.70396, -0.48204 ], [ 37.70357, -0.48217 ], [ 37.70322, -0.48222 ], [ 37.70284, -0.48202 ], [ 37.70253, -0.48174 ], [ 37.70214, -0.48167 ], [ 37.70169, -0.48167 ], [ 37.70133, -0.48177 ], [ 37.70103, -0.48197 ], [ 37.70079, -0.48214 ], [ 37.70041, -0.48212 ], [ 37.70006, -0.48191 ], [ 37.69978, -0.48201 ], [ 37.69961, -0.48226 ], [ 37.69946, -0.48256 ], [ 37.69898, -0.48256 ], [ 37.69881, -0.48229 ], [ 37.69851, -0.48212 ], [ 37.69826, -0.48206 ], [ 37.69796, -0.48206 ], [ 37.69768, -0.48211 ], [ 37.69743, -0.48222 ], [ 37.69693, -0.48224 ], [ 37.6965, -0.48222 ], [ 37.69615, -0.48217 ], [ 37.69585, -0.48217 ], [ 37.69543, -0.48206 ], [ 37.69522, -0.48185 ], [ 37.69521, -0.48184 ], [ 37.69521, -0.4818 ], [ 37.69521, -0.48175 ], [ 37.6952, -0.48159 ], [ 37.69533, -0.48128 ], [ 37.69541, -0.48091 ], [ 37.69526, -0.48066 ], [ 37.69493, -0.48053 ], [ 37.69466, -0.48058 ], [ 37.69451, -0.48073 ], [ 37.69435, -0.48084 ], [ 37.6941, -0.48081 ], [ 37.69403, -0.48064 ], [ 37.69406, -0.48044 ], [ 37.69408, -0.47999 ], [ 37.69395, -0.47981 ], [ 37.69355, -0.47959 ], [ 37.69311, -0.47948 ], [ 37.69268, -0.47934 ], [ 37.69249, -0.47923 ], [ 37.69246, -0.47921 ], [ 37.69225, -0.47893 ], [ 37.69193, -0.47871 ], [ 37.69148, -0.47848 ], [ 37.69107, -0.47844 ], [ 37.69078, -0.47844 ], [ 37.69047, -0.47859 ], [ 37.69005, -0.47861 ], [ 37.68972, -0.47854 ], [ 37.68945, -0.47839 ], [ 37.68927, -0.47803 ], [ 37.68915, -0.47711 ], [ 37.68913, -0.47663 ], [ 37.68888, -0.47636 ], [ 37.68857, -0.47613 ], [ 37.68835, -0.47588 ], [ 37.68807, -0.47566 ], [ 37.68772, -0.47566 ], [ 37.68717, -0.47566 ], [ 37.6866, -0.47551 ], [ 37.68614, -0.4755 ], [ 37.68562, -0.47551 ], [ 37.68512, -0.4756 ], [ 37.68472, -0.4756 ], [ 37.68429, -0.4753 ], [ 37.6838, -0.47491 ], [ 37.68325, -0.47478 ], [ 37.68294, -0.47496 ], [ 37.68255, -0.475 ], [ 37.6822, -0.47481 ], [ 37.682, -0.47456 ], [ 37.68175, -0.47451 ], [ 37.68145, -0.4744 ], [ 37.68129, -0.4742 ], [ 37.68097, -0.47388 ], [ 37.68064, -0.47381 ], [ 37.68053, -0.47381 ], [ 37.68022, -0.47378 ], [ 37.67976, -0.47373 ], [ 37.67931, -0.47366 ], [ 37.67897, -0.4735 ], [ 37.67859, -0.47328 ], [ 37.67832, -0.47317 ], [ 37.6788, -0.47082 ], [ 37.67949, -0.47082 ], [ 37.67958, -0.47003 ], [ 37.67939, -0.47003 ], [ 37.67896, -0.47001 ], [ 37.67963, -0.46666 ], [ 37.67987, -0.46546 ], [ 37.67993, -0.4634 ], [ 37.68123, -0.46049 ], [ 37.68198, -0.45854 ], [ 37.68256, -0.45789 ], [ 37.6827, -0.45774 ], [ 37.68356, -0.45557 ], [ 37.68564, -0.45345 ], [ 37.68578, -0.45324 ], [ 37.68656, -0.45201 ], [ 37.68674, -0.45023 ], [ 37.6867, -0.44917 ], [ 37.68661, -0.44888 ], [ 37.68626, -0.4477 ], [ 37.68636, -0.44671 ], [ 37.68657, -0.44638 ], [ 37.6867, -0.44617 ], [ 37.68737, -0.44531 ], [ 37.68749, -0.4453 ], [ 37.68801, -0.44535 ], [ 37.68863, -0.44532 ], [ 37.68939, -0.4453 ], [ 37.68988, -0.44516 ], [ 37.69038, -0.44475 ], [ 37.69039, -0.44473 ], [ 37.69043, -0.4445 ], [ 37.69058, -0.44424 ], [ 37.6906, -0.44405 ], [ 37.69055, -0.44366 ], [ 37.69055, -0.44332 ], [ 37.69083, -0.44307 ], [ 37.69135, -0.44278 ], [ 37.69181, -0.44227 ], [ 37.69229, -0.44224 ], [ 37.69284, -0.44229 ], [ 37.69321, -0.44229 ], [ 37.69354, -0.44196 ], [ 37.69383, -0.44169 ], [ 37.69401, -0.4414 ], [ 37.69381, -0.44107 ], [ 37.69362, -0.44064 ], [ 37.69417, -0.44101 ], [ 37.69513, -0.44164 ], [ 37.69609, -0.44164 ], [ 37.69719, -0.44115 ], [ 37.69815, -0.44178 ], [ 37.69903, -0.44177 ], [ 37.69917, -0.44177 ], [ 37.70021, -0.44176 ], [ 37.70069, -0.44208 ], [ 37.70131, -0.44243 ], [ 37.70181, -0.44271 ], [ 37.70218, -0.44317 ], [ 37.70272, -0.44397 ], [ 37.7031, -0.44462 ], [ 37.70311, -0.4457 ], [ 37.70329, -0.44592 ], [ 37.70356, -0.44626 ], [ 37.70386, -0.44653 ], [ 37.70394, -0.4466 ], [ 37.70416, -0.44626 ], [ 37.70472, -0.44611 ], [ 37.70562, -0.44652 ], [ 37.70642, -0.44681 ], [ 37.70645, -0.44682 ], [ 37.70701, -0.44697 ], [ 37.70769, -0.44682 ], [ 37.70844, -0.44622 ], [ 37.70868, -0.44631 ], [ 37.70863, -0.44664 ], [ 37.70895, -0.4465 ], [ 37.70949, -0.44674 ], [ 37.70991, -0.4471 ], [ 37.71057, -0.44716 ], [ 37.71117, -0.44704 ], [ 37.71149, -0.44686 ], [ 37.71171, -0.44674 ], [ 37.71193, -0.44696 ], [ 37.71195, -0.44698 ], [ 37.71201, -0.44728 ], [ 37.71208, -0.44739 ], [ 37.71219, -0.44758 ], [ 37.71243, -0.4477 ], [ 37.71324, -0.44782 ], [ 37.71327, -0.44782 ], [ 37.71399, -0.44782 ], [ 37.71477, -0.44806 ], [ 37.71615, -0.44866 ], [ 37.71629, -0.44868 ], [ 37.71717, -0.44926 ], [ 37.71759, -0.45031 ], [ 37.71779, -0.45121 ], [ 37.71785, -0.45147 ], [ 37.71796, -0.45237 ], [ 37.71849, -0.45297 ], [ 37.71977, -0.45365 ], [ 37.71974, -0.45368 ], [ 37.72003, -0.45383 ], [ 37.72034, -0.45399 ], [ 37.7207, -0.45419 ], [ 37.72162, -0.45453 ], [ 37.72214, -0.45453 ], [ 37.72247, -0.4544 ], [ 37.72289, -0.45412 ], [ 37.72353, -0.45378 ], [ 37.72404, -0.45373 ], [ 37.72495, -0.45406 ], [ 37.72505, -0.45413 ], [ 37.72561, -0.45455 ], [ 37.7258, -0.45463 ], [ 37.72659, -0.455 ], [ 37.72664, -0.45501 ], [ 37.72696, -0.45517 ], [ 37.72703, -0.45506 ], [ 37.72768, -0.45515 ], [ 37.72801, -0.45477 ], [ 37.72881, -0.45411 ], [ 37.72891, -0.45402 ], [ 37.72981, -0.45387 ], [ 37.73045, -0.4541 ], [ 37.7312, -0.45455 ], [ 37.73203, -0.45462 ], [ 37.73311, -0.45462 ], [ 37.73326, -0.45399 ], [ 37.73308, -0.45346 ], [ 37.73311, -0.45275 ], [ 37.73368, -0.4523 ], [ 37.73413, -0.45211 ], [ 37.73428, -0.45185 ], [ 37.73431, -0.45121 ], [ 37.73456, -0.45088 ], [ 37.73484, -0.4505 ], [ 37.73525, -0.45031 ], [ 37.73578, -0.45042 ], [ 37.73632, -0.45074 ], [ 37.73639, -0.45078 ], [ 37.73641, -0.4508 ], [ 37.73654, -0.45077 ], [ 37.73716, -0.45061 ], [ 37.73755, -0.45059 ], [ 37.73755, -0.45058 ], [ 37.74202, -0.44938 ], [ 37.7431, -0.44936 ], [ 37.74535, -0.44932 ], [ 37.74815, -0.44938 ], [ 37.75015, -0.44952 ], [ 37.75016, -0.44952 ], [ 37.75093, -0.44947 ], [ 37.75126, -0.44947 ], [ 37.75139, -0.44947 ], [ 37.75183, -0.44945 ], [ 37.75242, -0.44941 ], [ 37.75357, -0.44953 ], [ 37.75431, -0.44988 ], [ 37.75453, -0.44998 ], [ 37.75466, -0.45004 ], [ 37.75479, -0.45003 ], [ 37.75552, -0.44998 ], [ 37.75626, -0.44998 ], [ 37.75649, -0.45021 ], [ 37.75672, -0.45044 ], [ 37.75689, -0.45062 ], [ 37.75704, -0.45078 ], [ 37.75712, -0.45087 ], [ 37.75781, -0.45165 ], [ 37.75781, -0.45165 ], [ 37.75793, -0.45175 ], [ 37.75794, -0.45176 ], [ 37.75825, -0.45203 ], [ 37.7588, -0.45251 ], [ 37.7591, -0.45277 ], [ 37.75913, -0.45279 ], [ 37.75948, -0.45274 ], [ 37.75999, -0.45268 ], [ 37.75999, -0.45268 ], [ 37.76005, -0.45268 ], [ 37.7605, -0.45268 ], [ 37.76111, -0.45259 ], [ 37.762, -0.45268 ], [ 37.76385, -0.4525 ], [ 37.76535, -0.45246 ], [ 37.76633, -0.45246 ], [ 37.76716, -0.4525 ], [ 37.76831, -0.45246 ], [ 37.76837, -0.45246 ], [ 37.76884, -0.45246 ], [ 37.76885, -0.45246 ], [ 37.76902, -0.45247 ], [ 37.76918, -0.45248 ], [ 37.76968, -0.4525 ], [ 37.77056, -0.45215 ], [ 37.77087, -0.45158 ], [ 37.77092, -0.45144 ], [ 37.77109, -0.4513 ], [ 37.77123, -0.45118 ], [ 37.77189, -0.45122 ], [ 37.7721, -0.45131 ], [ 37.77264, -0.45153 ], [ 37.77264, -0.45153 ], [ 37.7729, -0.45153 ], [ 37.77308, -0.45153 ], [ 37.77361, -0.45127 ], [ 37.77396, -0.45069 ], [ 37.77467, -0.45047 ], [ 37.77522, -0.45021 ], [ 37.7756, -0.45003 ], [ 37.77625, -0.45024 ], [ 37.7763, -0.45025 ], [ 37.77682, -0.45065 ], [ 37.77692, -0.45074 ], [ 37.77781, -0.45061 ], [ 37.77816, -0.45021 ], [ 37.77895, -0.44955 ], [ 37.77953, -0.44933 ], [ 37.77988, -0.44915 ], [ 37.78019, -0.44897 ], [ 37.78058, -0.4488 ], [ 37.78059, -0.4488 ], [ 37.7809, -0.44875 ], [ 37.78143, -0.4488 ], [ 37.78191, -0.44893 ], [ 37.78212, -0.44905 ], [ 37.78266, -0.44937 ], [ 37.78284, -0.44972 ], [ 37.78289, -0.4498 ], [ 37.78306, -0.45003 ], [ 37.78327, -0.45014 ], [ 37.7833, -0.45015 ], [ 37.78359, -0.4503 ], [ 37.78379, -0.45037 ], [ 37.78424, -0.45054 ], [ 37.78443, -0.45061 ], [ 37.78505, -0.45061 ], [ 37.78549, -0.45061 ], [ 37.78589, -0.45025 ], [ 37.78611, -0.44986 ], [ 37.78673, -0.44937 ], [ 37.78699, -0.44902 ], [ 37.7873, -0.44858 ], [ 37.78742, -0.44847 ], [ 37.78783, -0.44844 ], [ 37.78783, -0.44841 ], [ 37.78785, -0.44827 ], [ 37.78814, -0.44835 ], [ 37.78814, -0.44809 ], [ 37.78782, -0.44789 ], [ 37.78779, -0.44787 ], [ 37.78779, -0.44786 ], [ 37.78779, -0.4478 ], [ 37.78779, -0.44765 ], [ 37.78801, -0.44725 ], [ 37.78814, -0.44659 ], [ 37.78822, -0.44645 ], [ 37.7884, -0.4461 ], [ 37.78871, -0.44584 ], [ 37.78907, -0.44584 ], [ 37.78929, -0.44593 ], [ 37.78938, -0.44597 ], [ 37.78951, -0.44606 ], [ 37.78974, -0.44621 ], [ 37.78977, -0.44623 ], [ 37.78991, -0.44646 ], [ 37.78999, -0.44654 ], [ 37.79013, -0.44666 ], [ 37.79026, -0.44676 ], [ 37.79052, -0.44676 ], [ 37.79079, -0.44659 ], [ 37.79066, -0.4462 ], [ 37.79066, -0.44619 ], [ 37.79071, -0.4462 ], [ 37.79074, -0.4462 ], [ 37.79092, -0.44623 ], [ 37.79154, -0.44628 ], [ 37.79211, -0.44623 ], [ 37.79255, -0.44553 ], [ 37.79278, -0.44447 ], [ 37.79304, -0.44412 ], [ 37.79331, -0.44389 ], [ 37.79384, -0.44372 ], [ 37.79396, -0.44376 ], [ 37.79427, -0.4441 ], [ 37.79436, -0.4442 ], [ 37.79466, -0.44423 ], [ 37.79467, -0.44425 ], [ 37.79503, -0.44438 ], [ 37.79529, -0.44434 ], [ 37.79533, -0.44428 ], [ 37.79538, -0.4442 ], [ 37.79538, -0.44419 ], [ 37.79539, -0.44418 ], [ 37.79565, -0.44376 ], [ 37.79565, -0.44375 ], [ 37.79587, -0.44354 ], [ 37.79644, -0.44337 ], [ 37.79694, -0.44323 ], [ 37.79701, -0.44299 ], [ 37.79717, -0.44301 ], [ 37.79721, -0.443 ], [ 37.79718, -0.44297 ], [ 37.79747, -0.44292 ], [ 37.79752, -0.44291 ], [ 37.79764, -0.44286 ], [ 37.79787, -0.44277 ], [ 37.79889, -0.44191 ], [ 37.79923, -0.44139 ], [ 37.79974, -0.44088 ], [ 37.80015, -0.44042 ], [ 37.80052, -0.44042 ], [ 37.80055, -0.44042 ], [ 37.801, -0.44048 ], [ 37.80106, -0.44051 ], [ 37.80158, -0.44082 ], [ 37.80167, -0.44073 ], [ 37.80198, -0.44042 ], [ 37.80261, -0.4399 ], [ 37.80249, -0.43939 ], [ 37.80255, -0.43887 ], [ 37.80263, -0.43884 ], [ 37.80307, -0.43864 ], [ 37.80307, -0.43864 ], [ 37.80341, -0.43836 ], [ 37.80335, -0.43778 ], [ 37.80393, -0.43738 ], [ 37.80479, -0.43675 ], [ 37.80547, -0.43629 ], [ 37.80582, -0.43561 ], [ 37.80622, -0.43538 ], [ 37.8063, -0.4354 ], [ 37.80663, -0.43547 ], [ 37.80673, -0.43549 ], [ 37.80702, -0.43515 ], [ 37.80713, -0.43412 ], [ 37.80765, -0.43343 ], [ 37.80817, -0.43314 ], [ 37.80835, -0.43314 ], [ 37.8086, -0.43306 ], [ 37.80912, -0.43309 ], [ 37.8095, -0.43317 ], [ 37.80974, -0.43323 ], [ 37.80989, -0.4334 ], [ 37.81009, -0.43355 ], [ 37.81051, -0.43332 ], [ 37.81063, -0.43286 ], [ 37.8108, -0.4324 ], [ 37.81107, -0.43222 ], [ 37.81111, -0.43219 ], [ 37.81114, -0.43217 ], [ 37.81116, -0.4322 ], [ 37.81134, -0.4322 ], [ 37.81158, -0.43234 ], [ 37.81167, -0.43255 ], [ 37.81174, -0.43276 ], [ 37.81198, -0.43297 ], [ 37.81232, -0.43298 ], [ 37.81233, -0.43298 ], [ 37.81275, -0.4324 ], [ 37.81269, -0.43194 ], [ 37.81258, -0.43164 ], [ 37.81246, -0.43131 ], [ 37.81286, -0.43114 ], [ 37.81311, -0.43111 ], [ 37.81323, -0.43109 ], [ 37.81332, -0.43108 ], [ 37.81401, -0.43154 ], [ 37.81406, -0.43153 ], [ 37.81493, -0.43131 ], [ 37.81511, -0.43092 ], [ 37.81527, -0.43057 ], [ 37.81601, -0.42994 ], [ 37.81647, -0.42936 ], [ 37.8168, -0.42913 ], [ 37.81687, -0.42908 ], [ 37.81687, -0.42907 ], [ 37.81688, -0.42902 ], [ 37.81693, -0.42845 ], [ 37.81676, -0.42816 ], [ 37.81671, -0.42802 ], [ 37.81661, -0.42774 ], [ 37.8166, -0.42773 ], [ 37.81651, -0.42747 ], [ 37.81647, -0.42736 ], [ 37.8167, -0.42673 ], [ 37.81682, -0.42634 ], [ 37.81684, -0.42627 ], [ 37.81687, -0.42616 ], [ 37.81687, -0.42615 ], [ 37.81687, -0.4253 ], [ 37.81687, -0.42438 ], [ 37.81743, -0.42397 ], [ 37.8175, -0.42392 ], [ 37.81803, -0.42392 ], [ 37.81813, -0.42392 ], [ 37.81871, -0.42386 ], [ 37.81877, -0.42382 ], [ 37.81928, -0.42345 ], [ 37.81934, -0.42341 ], [ 37.8194, -0.42332 ], [ 37.81953, -0.42313 ], [ 37.81974, -0.42283 ], [ 37.8202, -0.42232 ], [ 37.8198, -0.42146 ], [ 37.82004, -0.42126 ], [ 37.82014, -0.42117 ], [ 37.82028, -0.42117 ], [ 37.82065, -0.42117 ], [ 37.82066, -0.42115 ], [ 37.82083, -0.42071 ], [ 37.82106, -0.42026 ], [ 37.82134, -0.42008 ], [ 37.82157, -0.41957 ], [ 37.82163, -0.41967 ], [ 37.8218, -0.41997 ], [ 37.82196, -0.42013 ], [ 37.8226, -0.42077 ], [ 37.82261, -0.42073 ], [ 37.82266, -0.42048 ], [ 37.82295, -0.42003 ], [ 37.82298, -0.42003 ], [ 37.82298, -0.42 ], [ 37.82308, -0.41991 ], [ 37.82319, -0.41992 ], [ 37.82323, -0.41992 ], [ 37.82341, -0.42 ], [ 37.82348, -0.42 ], [ 37.82358, -0.41957 ], [ 37.82395, -0.41932 ], [ 37.82412, -0.41906 ], [ 37.82415, -0.41905 ], [ 37.82439, -0.41894 ], [ 37.82445, -0.41892 ], [ 37.82461, -0.41877 ], [ 37.82461, -0.41796 ], [ 37.82518, -0.41756 ], [ 37.82581, -0.41762 ], [ 37.82642, -0.41762 ], [ 37.82646, -0.41762 ], [ 37.82653, -0.41762 ], [ 37.82656, -0.41762 ], [ 37.82655, -0.41759 ], [ 37.82654, -0.41748 ], [ 37.8265, -0.41722 ], [ 37.82577, -0.41695 ], [ 37.82573, -0.41694 ], [ 37.82568, -0.41692 ], [ 37.82541, -0.41682 ], [ 37.82604, -0.41619 ], [ 37.82644, -0.41619 ], [ 37.82669, -0.4164 ], [ 37.82712, -0.41678 ], [ 37.82714, -0.41679 ], [ 37.8273, -0.41693 ], [ 37.82778, -0.41708 ], [ 37.82787, -0.41711 ], [ 37.82787, -0.41682 ], [ 37.82799, -0.41613 ], [ 37.8281, -0.41567 ], [ 37.82826, -0.41582 ], [ 37.82848, -0.41601 ], [ 37.82873, -0.41625 ], [ 37.82886, -0.4163 ], [ 37.82902, -0.41636 ], [ 37.82942, -0.41579 ], [ 37.82942, -0.41516 ], [ 37.82908, -0.41453 ], [ 37.82905, -0.41453 ], [ 37.82899, -0.41452 ], [ 37.82898, -0.41452 ], [ 37.82833, -0.41447 ], [ 37.82825, -0.41439 ], [ 37.8282, -0.41438 ], [ 37.82812, -0.41429 ], [ 37.82805, -0.41422 ], [ 37.8277, -0.4139 ], [ 37.8277, -0.41298 ], [ 37.82741, -0.41224 ], [ 37.82749, -0.41191 ], [ 37.82749, -0.41189 ], [ 37.8275, -0.41187 ], [ 37.82753, -0.41172 ], [ 37.82763, -0.41171 ], [ 37.82803, -0.41166 ], [ 37.82804, -0.41166 ], [ 37.82829, -0.41206 ], [ 37.82833, -0.41212 ], [ 37.82846, -0.41256 ], [ 37.8285, -0.41269 ], [ 37.82858, -0.41269 ], [ 37.82884, -0.41265 ], [ 37.82896, -0.41264 ], [ 37.82919, -0.41224 ], [ 37.82953, -0.41195 ], [ 37.82967, -0.41195 ], [ 37.82981, -0.41183 ], [ 37.83004, -0.41178 ], [ 37.83023, -0.41188 ], [ 37.83028, -0.41191 ], [ 37.83046, -0.41215 ], [ 37.83053, -0.41226 ], [ 37.83091, -0.41219 ], [ 37.83097, -0.41218 ], [ 37.8315, -0.41218 ], [ 37.83154, -0.41213 ], [ 37.8316, -0.41208 ], [ 37.8316, -0.41166 ], [ 37.8314, -0.41159 ], [ 37.83126, -0.41154 ], [ 37.83121, -0.41159 ], [ 37.83073, -0.41157 ], [ 37.83049, -0.41149 ], [ 37.83019, -0.41138 ], [ 37.83018, -0.41118 ], [ 37.83011, -0.41115 ], [ 37.83011, -0.41075 ], [ 37.83057, -0.41023 ], [ 37.83057, -0.4096 ], [ 37.83085, -0.40897 ], [ 37.83095, -0.40892 ], [ 37.83101, -0.40885 ], [ 37.83109, -0.40882 ], [ 37.83124, -0.40881 ], [ 37.83144, -0.40884 ], [ 37.83161, -0.40904 ], [ 37.83165, -0.40927 ], [ 37.83167, -0.40933 ], [ 37.83184, -0.40948 ], [ 37.83198, -0.40966 ], [ 37.83208, -0.40976 ], [ 37.8324, -0.40972 ], [ 37.8324, -0.4092 ], [ 37.83206, -0.40914 ], [ 37.83203, -0.40891 ], [ 37.83203, -0.40886 ], [ 37.83203, -0.40882 ], [ 37.832, -0.40851 ], [ 37.83217, -0.40794 ], [ 37.83274, -0.40771 ], [ 37.83404, -0.40754 ], [ 37.83406, -0.40754 ], [ 37.83452, -0.4072 ], [ 37.83486, -0.4072 ], [ 37.83526, -0.408 ], [ 37.83532, -0.40807 ], [ 37.83561, -0.4084 ], [ 37.83601, -0.40851 ], [ 37.83616, -0.40855 ], [ 37.83621, -0.40856 ], [ 37.83624, -0.40857 ], [ 37.83624, -0.40855 ], [ 37.83629, -0.40828 ], [ 37.83635, -0.40771 ], [ 37.83704, -0.4076 ], [ 37.83744, -0.40776 ], [ 37.8375, -0.40778 ], [ 37.83754, -0.4078 ], [ 37.83761, -0.40783 ], [ 37.83766, -0.40787 ], [ 37.83783, -0.40797 ], [ 37.83808, -0.40812 ], [ 37.8381, -0.40813 ], [ 37.83836, -0.40837 ], [ 37.83927, -0.40817 ], [ 37.83973, -0.40765 ], [ 37.83987, -0.40763 ], [ 37.83995, -0.40762 ], [ 37.84004, -0.40761 ], [ 37.84013, -0.4076 ], [ 37.84014, -0.4076 ], [ 37.84015, -0.4076 ], [ 37.84043, -0.40787 ], [ 37.84055, -0.40797 ], [ 37.84075, -0.40813 ], [ 37.84078, -0.40814 ], [ 37.84151, -0.40783 ], [ 37.84202, -0.40748 ], [ 37.84214, -0.40725 ], [ 37.84218, -0.40707 ], [ 37.84218, -0.40683 ], [ 37.84218, -0.40653 ], [ 37.84233, -0.40624 ], [ 37.84239, -0.40623 ], [ 37.84254, -0.40605 ], [ 37.84311, -0.40657 ], [ 37.84357, -0.40691 ], [ 37.84389, -0.40701 ], [ 37.84431, -0.40714 ], [ 37.84463, -0.40714 ], [ 37.84512, -0.40714 ], [ 37.84538, -0.40714 ], [ 37.84564, -0.40714 ], [ 37.84571, -0.40713 ], [ 37.846, -0.40689 ], [ 37.84608, -0.40682 ], [ 37.84634, -0.40664 ], [ 37.84645, -0.40664 ], [ 37.84661, -0.40651 ], [ 37.84649, -0.40582 ], [ 37.84648, -0.40576 ], [ 37.84648, -0.40574 ], [ 37.84648, -0.40572 ], [ 37.84638, -0.40516 ], [ 37.84638, -0.40514 ], [ 37.84638, -0.40513 ], [ 37.84636, -0.40513 ], [ 37.84603, -0.40502 ], [ 37.8454, -0.40439 ], [ 37.84575, -0.40399 ], [ 37.84578, -0.40401 ], [ 37.84609, -0.40427 ], [ 37.84617, -0.40425 ], [ 37.84655, -0.40416 ], [ 37.84655, -0.40415 ], [ 37.84718, -0.40324 ], [ 37.84798, -0.40301 ], [ 37.84853, -0.40274 ], [ 37.84853, -0.40268 ], [ 37.84854, -0.40264 ], [ 37.84838, -0.40193 ], [ 37.84867, -0.40107 ], [ 37.84863, -0.40062 ], [ 37.84861, -0.40032 ], [ 37.84855, -0.39998 ], [ 37.8485, -0.39963 ], [ 37.84859, -0.39959 ], [ 37.8489, -0.39946 ], [ 37.8493, -0.39946 ], [ 37.84981, -0.39946 ], [ 37.84981, -0.39946 ], [ 37.85007, -0.39912 ], [ 37.85016, -0.399 ], [ 37.85016, -0.39814 ], [ 37.85016, -0.39774 ], [ 37.85018, -0.39752 ], [ 37.85022, -0.39706 ], [ 37.85045, -0.39708 ], [ 37.85073, -0.39711 ], [ 37.85107, -0.39711 ], [ 37.85104, -0.39701 ], [ 37.8509, -0.3966 ], [ 37.85044, -0.39631 ], [ 37.85047, -0.39621 ], [ 37.85052, -0.39606 ], [ 37.85056, -0.39591 ], [ 37.85076, -0.39583 ], [ 37.85113, -0.39568 ], [ 37.85117, -0.39567 ], [ 37.85145, -0.3956 ], [ 37.85159, -0.39557 ], [ 37.85178, -0.39539 ], [ 37.85239, -0.39482 ], [ 37.85285, -0.39425 ], [ 37.85297, -0.39385 ], [ 37.85285, -0.39346 ], [ 37.85274, -0.3931 ], [ 37.85274, -0.39259 ], [ 37.85348, -0.39213 ], [ 37.85405, -0.39179 ], [ 37.854, -0.39139 ], [ 37.85418, -0.3913 ], [ 37.85447, -0.39118 ], [ 37.85451, -0.39116 ], [ 37.85475, -0.39106 ], [ 37.8548, -0.39104 ], [ 37.85514, -0.39076 ], [ 37.8555, -0.39076 ], [ 37.85577, -0.39076 ], [ 37.85584, -0.39087 ], [ 37.85608, -0.39127 ], [ 37.85612, -0.39133 ], [ 37.85622, -0.39195 ], [ 37.85623, -0.39202 ], [ 37.85625, -0.39201 ], [ 37.85626, -0.39201 ], [ 37.85667, -0.39198 ], [ 37.85692, -0.39196 ], [ 37.85726, -0.39167 ], [ 37.85703, -0.39139 ], [ 37.85703, -0.39098 ], [ 37.85727, -0.39088 ], [ 37.85733, -0.39086 ], [ 37.85739, -0.39083 ], [ 37.85743, -0.39081 ], [ 37.85749, -0.39081 ], [ 37.85774, -0.39081 ], [ 37.85801, -0.39081 ], [ 37.85803, -0.39077 ], [ 37.85818, -0.39047 ], [ 37.85838, -0.39032 ], [ 37.85864, -0.39013 ], [ 37.8591, -0.38978 ], [ 37.85917, -0.38983 ], [ 37.85927, -0.38988 ], [ 37.8595, -0.39001 ], [ 37.85984, -0.39007 ], [ 37.8599, -0.39004 ], [ 37.8602, -0.38987 ], [ 37.86036, -0.38978 ], [ 37.86036, -0.38977 ], [ 37.86038, -0.38954 ], [ 37.86041, -0.38921 ], [ 37.86076, -0.38869 ], [ 37.86087, -0.38859 ], [ 37.86117, -0.38831 ], [ 37.86139, -0.38812 ], [ 37.86167, -0.38793 ], [ 37.86173, -0.38789 ], [ 37.86236, -0.3876 ], [ 37.86242, -0.38759 ], [ 37.86253, -0.38767 ], [ 37.86279, -0.38748 ], [ 37.86323, -0.38735 ], [ 37.86333, -0.38732 ], [ 37.86374, -0.38732 ], [ 37.86387, -0.38722 ], [ 37.86399, -0.38721 ], [ 37.86426, -0.38691 ], [ 37.86428, -0.38691 ], [ 37.86448, -0.3868 ], [ 37.86471, -0.38669 ], [ 37.86498, -0.38663 ], [ 37.86523, -0.38664 ], [ 37.86551, -0.38656 ], [ 37.8656, -0.38617 ], [ 37.86558, -0.38579 ], [ 37.8657, -0.38568 ], [ 37.86571, -0.38568 ], [ 37.86584, -0.38582 ], [ 37.86603, -0.386 ], [ 37.86606, -0.386 ], [ 37.86607, -0.38602 ], [ 37.86635, -0.38602 ], [ 37.86638, -0.386 ], [ 37.86648, -0.38594 ], [ 37.86662, -0.38585 ], [ 37.86669, -0.3858 ], [ 37.8667, -0.38578 ], [ 37.86698, -0.38556 ], [ 37.867, -0.38554 ], [ 37.86702, -0.38527 ], [ 37.86703, -0.38525 ], [ 37.86721, -0.38473 ], [ 37.86713, -0.38431 ], [ 37.867, -0.38384 ], [ 37.86666, -0.3834 ], [ 37.86625, -0.38307 ], [ 37.86609, -0.38303 ], [ 37.8658, -0.38274 ], [ 37.86583, -0.38255 ], [ 37.86586, -0.38239 ], [ 37.86586, -0.38199 ], [ 37.866, -0.38174 ], [ 37.86603, -0.38119 ], [ 37.86592, -0.38055 ], [ 37.86572, -0.38016 ], [ 37.86576, -0.37972 ], [ 37.86601, -0.37916 ], [ 37.86617, -0.3789 ], [ 37.86603, -0.37841 ], [ 37.86594, -0.37832 ], [ 37.86608, -0.37792 ], [ 37.86608, -0.37788 ], [ 37.86608, -0.37747 ], [ 37.86608, -0.37732 ], [ 37.86618, -0.37714 ], [ 37.86613, -0.37669 ], [ 37.86592, -0.37617 ], [ 37.86572, -0.3757 ], [ 37.86565, -0.37526 ], [ 37.86586, -0.37489 ], [ 37.86589, -0.37485 ], [ 37.86608, -0.3746 ], [ 37.86608, -0.37444 ], [ 37.86613, -0.37433 ], [ 37.86608, -0.3741 ], [ 37.86607, -0.37405 ], [ 37.86605, -0.37394 ], [ 37.86599, -0.37371 ], [ 37.86598, -0.37364 ], [ 37.86594, -0.37349 ], [ 37.86589, -0.37339 ], [ 37.86574, -0.37334 ], [ 37.86556, -0.37355 ], [ 37.86535, -0.37349 ], [ 37.86521, -0.37324 ], [ 37.86515, -0.37286 ], [ 37.86515, -0.37283 ], [ 37.86551, -0.37254 ], [ 37.86563, -0.37254 ], [ 37.86579, -0.37257 ], [ 37.86583, -0.37254 ], [ 37.86589, -0.37251 ], [ 37.8662, -0.37232 ], [ 37.86631, -0.37213 ], [ 37.86651, -0.37176 ], [ 37.86659, -0.37168 ], [ 37.86677, -0.37148 ], [ 37.86688, -0.37139 ], [ 37.8672, -0.37111 ], [ 37.86734, -0.37105 ], [ 37.86752, -0.37097 ], [ 37.86769, -0.371 ], [ 37.86794, -0.37105 ], [ 37.86805, -0.371 ], [ 37.86829, -0.37089 ], [ 37.86875, -0.3706 ], [ 37.86936, -0.37037 ], [ 37.86983, -0.37024 ], [ 37.87012, -0.36998 ], [ 37.87015, -0.36979 ], [ 37.86997, -0.36969 ], [ 37.86994, -0.36969 ], [ 37.86992, -0.36968 ], [ 37.86959, -0.36955 ], [ 37.86956, -0.3695 ], [ 37.86959, -0.36938 ], [ 37.8696, -0.3693 ], [ 37.86985, -0.36917 ], [ 37.86996, -0.36919 ], [ 37.87036, -0.36922 ], [ 37.87082, -0.36914 ], [ 37.87123, -0.36895 ], [ 37.87151, -0.36853 ], [ 37.87171, -0.368 ], [ 37.87168, -0.3677 ], [ 37.8715, -0.36768 ], [ 37.87146, -0.36768 ], [ 37.87141, -0.36733 ], [ 37.87125, -0.36685 ], [ 37.87118, -0.36664 ], [ 37.87117, -0.36655 ], [ 37.87104, -0.36636 ], [ 37.87085, -0.36594 ], [ 37.8708, -0.36546 ], [ 37.87096, -0.36506 ], [ 37.87125, -0.3646 ], [ 37.87143, -0.36439 ], [ 37.87143, -0.36397 ], [ 37.87147, -0.36359 ], [ 37.87169, -0.3632 ], [ 37.87171, -0.36278 ], [ 37.87188, -0.36246 ], [ 37.87212, -0.36207 ], [ 37.87246, -0.36171 ], [ 37.87247, -0.36167 ], [ 37.8725, -0.36131 ], [ 37.8725, -0.36129 ], [ 37.87239, -0.36107 ], [ 37.87248, -0.36082 ], [ 37.8726, -0.36064 ], [ 37.87286, -0.36047 ], [ 37.87301, -0.36034 ], [ 37.87311, -0.35996 ], [ 37.87331, -0.35986 ], [ 37.87344, -0.3598 ], [ 37.87367, -0.35937 ], [ 37.87386, -0.35889 ], [ 37.87388, -0.3587 ], [ 37.87391, -0.3582 ], [ 37.87389, -0.35781 ], [ 37.87385, -0.35738 ], [ 37.87383, -0.35735 ], [ 37.87382, -0.35719 ], [ 37.8737, -0.35705 ], [ 37.87326, -0.35652 ], [ 37.87319, -0.35643 ], [ 37.87315, -0.35623 ], [ 37.87312, -0.35607 ], [ 37.87312, -0.35601 ], [ 37.87319, -0.3557 ], [ 37.8732, -0.35565 ], [ 37.87326, -0.35533 ], [ 37.87343, -0.35521 ], [ 37.8736, -0.3551 ], [ 37.87394, -0.35496 ], [ 37.87395, -0.35496 ], [ 37.87397, -0.35494 ], [ 37.87407, -0.35486 ], [ 37.8741, -0.35484 ], [ 37.8741, -0.35481 ], [ 37.87414, -0.35456 ], [ 37.8741, -0.35449 ], [ 37.874, -0.35427 ], [ 37.87399, -0.35427 ], [ 37.87382, -0.35391 ], [ 37.87378, -0.35382 ], [ 37.8737, -0.35361 ], [ 37.87359, -0.35337 ], [ 37.87353, -0.35324 ], [ 37.87352, -0.35295 ], [ 37.8737, -0.35278 ], [ 37.87396, -0.35262 ], [ 37.8743, -0.35228 ], [ 37.87442, -0.35231 ], [ 37.87455, -0.35235 ], [ 37.87467, -0.35238 ], [ 37.87491, -0.35236 ], [ 37.87507, -0.35234 ], [ 37.87528, -0.35229 ], [ 37.87553, -0.35219 ], [ 37.87585, -0.35207 ], [ 37.87614, -0.35192 ], [ 37.87648, -0.35173 ], [ 37.8767, -0.35156 ], [ 37.87695, -0.35137 ], [ 37.87714, -0.3512 ], [ 37.8773, -0.3511 ], [ 37.87757, -0.35101 ], [ 37.87779, -0.35094 ], [ 37.87832, -0.35089 ], [ 37.87853, -0.35083 ], [ 37.8787, -0.35079 ], [ 37.87903, -0.35084 ], [ 37.87936, -0.35087 ], [ 37.87971, -0.35087 ], [ 37.87999, -0.35086 ], [ 37.88022, -0.35079 ], [ 37.88033, -0.35081 ], [ 37.88057, -0.35082 ], [ 37.88083, -0.35092 ], [ 37.88101, -0.35087 ], [ 37.88121, -0.35085 ], [ 37.88132, -0.35079 ], [ 37.88139, -0.3507 ], [ 37.88144, -0.35061 ], [ 37.88149, -0.35047 ], [ 37.88152, -0.3503 ], [ 37.88159, -0.35009 ], [ 37.88165, -0.34992 ], [ 37.88169, -0.34979 ], [ 37.88179, -0.34971 ], [ 37.88199, -0.34961 ], [ 37.8822, -0.34955 ], [ 37.88244, -0.34947 ], [ 37.88261, -0.34942 ], [ 37.88276, -0.34931 ], [ 37.88289, -0.34919 ], [ 37.88309, -0.34905 ], [ 37.8833, -0.34896 ], [ 37.88345, -0.34892 ], [ 37.88367, -0.34893 ], [ 37.88405, -0.34888 ], [ 37.88422, -0.34886 ], [ 37.88434, -0.34881 ], [ 37.88447, -0.34872 ], [ 37.88464, -0.3486 ], [ 37.88474, -0.34847 ], [ 37.88484, -0.34835 ], [ 37.88491, -0.34826 ], [ 37.88504, -0.34799 ], [ 37.88515, -0.34768 ], [ 37.88527, -0.34739 ], [ 37.88538, -0.34709 ], [ 37.88551, -0.34678 ], [ 37.88564, -0.34645 ], [ 37.88579, -0.34619 ], [ 37.886, -0.34594 ], [ 37.88616, -0.34579 ], [ 37.88637, -0.34568 ], [ 37.88647, -0.34563 ], [ 37.88669, -0.3456 ], [ 37.88694, -0.34561 ], [ 37.88719, -0.34563 ], [ 37.8875, -0.34571 ], [ 37.8877, -0.34582 ], [ 37.88772, -0.34583 ], [ 37.88793, -0.34605 ], [ 37.88811, -0.34633 ], [ 37.88813, -0.34636 ], [ 37.88824, -0.34668 ], [ 37.88831, -0.34702 ], [ 37.88832, -0.34741 ], [ 37.88833, -0.34772 ], [ 37.88837, -0.34793 ], [ 37.8885, -0.34811 ], [ 37.88854, -0.34815 ], [ 37.88854, -0.34819 ], [ 37.88865, -0.34828 ], [ 37.88883, -0.34842 ], [ 37.88957, -0.34842 ], [ 37.88986, -0.3485 ], [ 37.89003, -0.34854 ], [ 37.89045, -0.34858 ], [ 37.89055, -0.3486 ], [ 37.891, -0.34894 ], [ 37.89129, -0.34917 ], [ 37.89152, -0.34968 ], [ 37.89152, -0.3502 ], [ 37.89129, -0.35054 ], [ 37.89121, -0.35077 ], [ 37.89125, -0.35123 ], [ 37.89128, -0.35134 ], [ 37.8913, -0.35139 ], [ 37.8916, -0.35187 ], [ 37.89167, -0.35193 ], [ 37.89175, -0.35198 ], [ 37.89186, -0.35208 ], [ 37.89197, -0.35217 ], [ 37.89215, -0.35231 ], [ 37.89238, -0.35249 ], [ 37.89291, -0.35289 ], [ 37.89313, -0.35315 ], [ 37.89314, -0.35316 ], [ 37.89343, -0.35347 ], [ 37.89374, -0.35366 ], [ 37.89397, -0.35381 ], [ 37.89417, -0.35398 ], [ 37.89434, -0.35414 ], [ 37.89444, -0.35421 ], [ 37.89445, -0.35425 ], [ 37.89446, -0.35425 ], [ 37.89466, -0.35461 ], [ 37.8947, -0.35467 ], [ 37.89479, -0.35496 ], [ 37.8948, -0.35504 ], [ 37.89501, -0.35541 ], [ 37.89506, -0.35601 ] ] ] } },
{ "type": "Feature", "properties": { "entity_id": 84, "p_entity": 7, "name": "Mbeere South  Sub County" }, "geometry": { "type": "Polygon", "coordinates": [ [ [ 37.55063, -0.54186 ], [ 37.5508, -0.54199 ], [ 37.55159, -0.54262 ], [ 37.55173, -0.54273 ], [ 37.55353, -0.54388 ], [ 37.55534, -0.54495 ], [ 37.55673, -0.54585 ], [ 37.55936, -0.54708 ], [ 37.5604, -0.54635 ], [ 37.56076, -0.5461 ], [ 37.56231, -0.54577 ], [ 37.56412, -0.5461 ], [ 37.56502, -0.54733 ], [ 37.56617, -0.5493 ], [ 37.56642, -0.55126 ], [ 37.56662, -0.55298 ], [ 37.56666, -0.55332 ], [ 37.56666, -0.55611 ], [ 37.56683, -0.55807 ], [ 37.56675, -0.55988 ], [ 37.56634, -0.56111 ], [ 37.56666, -0.56259 ], [ 37.56683, -0.56374 ], [ 37.56742, -0.56466 ], [ 37.56814, -0.56579 ], [ 37.56847, -0.56612 ], [ 37.56863, -0.56759 ], [ 37.56871, -0.56866 ], [ 37.56773, -0.56907 ], [ 37.56798, -0.56956 ], [ 37.56806, -0.57022 ], [ 37.56798, -0.5712 ], [ 37.56781, -0.57178 ], [ 37.56699, -0.57252 ], [ 37.56699, -0.57334 ], [ 37.5674, -0.57358 ], [ 37.56724, -0.57432 ], [ 37.56634, -0.57555 ], [ 37.56584, -0.57604 ], [ 37.56568, -0.57703 ], [ 37.56527, -0.5776 ], [ 37.56461, -0.57785 ], [ 37.56437, -0.57859 ], [ 37.56396, -0.57924 ], [ 37.56338, -0.57933 ], [ 37.56248, -0.57924 ], [ 37.56223, -0.58006 ], [ 37.56158, -0.58023 ], [ 37.56092, -0.57998 ], [ 37.56002, -0.58056 ], [ 37.5601, -0.58138 ], [ 37.56051, -0.58179 ], [ 37.55936, -0.58269 ], [ 37.55862, -0.58351 ], [ 37.55797, -0.58294 ], [ 37.55682, -0.58343 ], [ 37.55747, -0.58417 ], [ 37.55985, -0.58532 ], [ 37.56092, -0.58614 ], [ 37.56215, -0.58696 ], [ 37.5633, -0.58802 ], [ 37.56335, -0.58802 ], [ 37.56428, -0.58802 ], [ 37.56535, -0.5881 ], [ 37.56609, -0.58934 ], [ 37.56658, -0.59057 ], [ 37.56757, -0.59089 ], [ 37.5683, -0.59204 ], [ 37.56863, -0.59319 ], [ 37.56962, -0.59401 ], [ 37.57323, -0.59623 ], [ 37.57454, -0.59713 ], [ 37.57421, -0.59786 ], [ 37.57429, -0.5983 ], [ 37.57425, -0.5983 ], [ 37.57425, -0.59834 ], [ 37.57421, -0.59834 ], [ 37.57416, -0.59834 ], [ 37.57416, -0.59838 ], [ 37.57416, -0.59843 ], [ 37.57416, -0.59847 ], [ 37.57416, -0.59852 ], [ 37.57412, -0.59852 ], [ 37.57412, -0.59856 ], [ 37.57412, -0.5986 ], [ 37.57412, -0.59865 ], [ 37.57412, -0.59869 ], [ 37.57412, -0.59873 ], [ 37.57407, -0.59873 ], [ 37.57403, -0.59873 ], [ 37.57403, -0.59878 ], [ 37.57399, -0.59878 ], [ 37.57399, -0.59882 ], [ 37.57394, -0.59882 ], [ 37.5739, -0.59882 ], [ 37.57386, -0.59882 ], [ 37.57381, -0.59882 ], [ 37.57377, -0.59882 ], [ 37.57372, -0.59882 ], [ 37.57368, -0.59882 ], [ 37.57364, -0.59887 ], [ 37.57359, -0.59887 ], [ 37.57355, -0.59887 ], [ 37.57351, -0.59887 ], [ 37.57346, -0.59891 ], [ 37.57342, -0.59891 ], [ 37.57337, -0.59891 ], [ 37.57333, -0.59891 ], [ 37.57329, -0.59891 ], [ 37.57324, -0.59891 ], [ 37.57324, -0.59895 ], [ 37.5732, -0.59895 ], [ 37.57316, -0.59895 ], [ 37.57311, -0.59895 ], [ 37.57307, -0.59895 ], [ 37.57302, -0.59895 ], [ 37.57298, -0.59895 ], [ 37.57294, -0.59895 ], [ 37.57289, -0.59895 ], [ 37.57285, -0.59895 ], [ 37.57281, -0.59895 ], [ 37.57276, -0.59895 ], [ 37.57276, -0.599 ], [ 37.57276, -0.59904 ], [ 37.57276, -0.59908 ], [ 37.57276, -0.59913 ], [ 37.57276, -0.59917 ], [ 37.57276, -0.59921 ], [ 37.57276, -0.59926 ], [ 37.57276, -0.5993 ], [ 37.57281, -0.5993 ], [ 37.57281, -0.59935 ], [ 37.57281, -0.59939 ], [ 37.57281, -0.59943 ], [ 37.57281, -0.59952 ], [ 37.57281, -0.59956 ], [ 37.57285, -0.59956 ], [ 37.57285, -0.59961 ], [ 37.57285, -0.59965 ], [ 37.57285, -0.5997 ], [ 37.57281, -0.5997 ], [ 37.57276, -0.59974 ], [ 37.57272, -0.59978 ], [ 37.57267, -0.59983 ], [ 37.57267, -0.59987 ], [ 37.57267, -0.59991 ], [ 37.57263, -0.59991 ], [ 37.57263, -0.59996 ], [ 37.57263, -0.6 ], [ 37.57263, -0.60005 ], [ 37.57267, -0.60009 ], [ 37.57272, -0.60009 ], [ 37.57276, -0.60009 ], [ 37.57281, -0.60009 ], [ 37.57285, -0.60009 ], [ 37.57289, -0.60009 ], [ 37.57294, -0.60009 ], [ 37.57294, -0.60013 ], [ 37.57298, -0.60013 ], [ 37.57302, -0.60013 ], [ 37.57307, -0.60018 ], [ 37.57311, -0.60018 ], [ 37.57311, -0.60022 ], [ 37.57311, -0.60026 ], [ 37.57311, -0.60031 ], [ 37.57311, -0.60035 ], [ 37.57307, -0.6004 ], [ 37.57307, -0.60044 ], [ 37.57302, -0.60044 ], [ 37.57298, -0.60048 ], [ 37.57298, -0.60053 ], [ 37.57294, -0.60053 ], [ 37.57289, -0.60053 ], [ 37.57285, -0.60053 ], [ 37.57276, -0.60053 ], [ 37.57272, -0.60053 ], [ 37.57267, -0.60053 ], [ 37.57267, -0.60057 ], [ 37.57263, -0.60057 ], [ 37.57263, -0.60061 ], [ 37.57259, -0.60061 ], [ 37.57254, -0.60066 ], [ 37.57254, -0.6007 ], [ 37.57254, -0.60075 ], [ 37.57254, -0.60079 ], [ 37.57254, -0.60083 ], [ 37.57254, -0.60088 ], [ 37.57254, -0.60092 ], [ 37.57254, -0.60096 ], [ 37.57254, -0.60101 ], [ 37.57254, -0.60105 ], [ 37.5725, -0.60105 ], [ 37.5725, -0.6011 ], [ 37.57246, -0.6011 ], [ 37.57241, -0.60114 ], [ 37.57237, -0.60114 ], [ 37.57232, -0.60114 ], [ 37.57228, -0.60114 ], [ 37.57224, -0.60118 ], [ 37.57219, -0.60118 ], [ 37.57215, -0.60123 ], [ 37.57211, -0.60123 ], [ 37.57206, -0.60127 ], [ 37.57202, -0.60127 ], [ 37.57198, -0.60127 ], [ 37.57193, -0.60127 ], [ 37.57189, -0.60131 ], [ 37.57184, -0.60131 ], [ 37.5718, -0.60131 ], [ 37.57176, -0.60131 ], [ 37.57171, -0.60131 ], [ 37.57167, -0.60131 ], [ 37.57167, -0.60136 ], [ 37.57163, -0.60136 ], [ 37.57163, -0.6014 ], [ 37.57163, -0.60145 ], [ 37.57163, -0.60149 ], [ 37.57163, -0.60153 ], [ 37.57163, -0.60158 ], [ 37.57163, -0.60162 ], [ 37.57163, -0.60166 ], [ 37.57163, -0.60171 ], [ 37.57163, -0.60175 ], [ 37.57163, -0.6018 ], [ 37.57163, -0.60184 ], [ 37.57163, -0.60188 ], [ 37.57158, -0.60188 ], [ 37.57154, -0.60188 ], [ 37.57149, -0.60188 ], [ 37.57145, -0.60188 ], [ 37.57141, -0.60188 ], [ 37.57136, -0.60188 ], [ 37.57136, -0.60184 ], [ 37.57132, -0.60184 ], [ 37.57128, -0.60184 ], [ 37.57128, -0.6018 ], [ 37.57123, -0.6018 ], [ 37.57119, -0.60175 ], [ 37.57114, -0.60171 ], [ 37.57114, -0.60166 ], [ 37.5711, -0.60166 ], [ 37.57106, -0.60166 ], [ 37.57106, -0.60162 ], [ 37.57101, -0.60162 ], [ 37.57101, -0.60158 ], [ 37.57097, -0.60158 ], [ 37.57093, -0.60158 ], [ 37.57088, -0.60158 ], [ 37.57084, -0.60158 ], [ 37.57079, -0.60158 ], [ 37.57075, -0.60158 ], [ 37.57071, -0.60158 ], [ 37.57066, -0.60158 ], [ 37.57062, -0.60158 ], [ 37.57058, -0.60162 ], [ 37.57053, -0.60162 ], [ 37.57053, -0.60166 ], [ 37.57049, -0.60166 ], [ 37.57044, -0.60166 ], [ 37.57044, -0.60171 ], [ 37.5704, -0.60171 ], [ 37.5704, -0.60175 ], [ 37.57036, -0.6018 ], [ 37.57031, -0.6018 ], [ 37.57031, -0.60184 ], [ 37.57027, -0.60184 ], [ 37.57027, -0.60188 ], [ 37.57023, -0.60188 ], [ 37.57023, -0.60193 ], [ 37.57018, -0.60193 ], [ 37.57014, -0.60197 ], [ 37.57009, -0.60197 ], [ 37.57005, -0.60197 ], [ 37.57001, -0.60197 ], [ 37.56996, -0.60197 ], [ 37.56992, -0.60197 ], [ 37.56988, -0.60197 ], [ 37.56983, -0.60197 ], [ 37.56979, -0.60197 ], [ 37.56974, -0.60201 ], [ 37.5697, -0.60206 ], [ 37.56966, -0.60206 ], [ 37.56961, -0.6021 ], [ 37.56957, -0.6021 ], [ 37.56957, -0.60214 ], [ 37.56953, -0.60214 ], [ 37.56948, -0.60214 ], [ 37.56948, -0.60219 ], [ 37.56944, -0.60219 ], [ 37.56939, -0.60223 ], [ 37.56935, -0.60223 ], [ 37.56935, -0.60228 ], [ 37.56931, -0.60232 ], [ 37.56931, -0.60236 ], [ 37.56931, -0.60241 ], [ 37.56931, -0.60245 ], [ 37.56926, -0.60245 ], [ 37.56926, -0.60249 ], [ 37.56922, -0.60249 ], [ 37.56918, -0.60254 ], [ 37.56913, -0.60258 ], [ 37.56909, -0.60258 ], [ 37.56904, -0.60258 ], [ 37.569, -0.60258 ], [ 37.56896, -0.60258 ], [ 37.56891, -0.60258 ], [ 37.56887, -0.60258 ], [ 37.56883, -0.60258 ], [ 37.56878, -0.60258 ], [ 37.56874, -0.60258 ], [ 37.56869, -0.60258 ], [ 37.56865, -0.60258 ], [ 37.56861, -0.60258 ], [ 37.56856, -0.60258 ], [ 37.56852, -0.60263 ], [ 37.56848, -0.60267 ], [ 37.56839, -0.60276 ], [ 37.56834, -0.6028 ], [ 37.5683, -0.60284 ], [ 37.56826, -0.60289 ], [ 37.56821, -0.60289 ], [ 37.56821, -0.60293 ], [ 37.56817, -0.60293 ], [ 37.56817, -0.60298 ], [ 37.56817, -0.60302 ], [ 37.56821, -0.60306 ], [ 37.56821, -0.60311 ], [ 37.56826, -0.60311 ], [ 37.5683, -0.60311 ], [ 37.56834, -0.60311 ], [ 37.56839, -0.60311 ], [ 37.56843, -0.60311 ], [ 37.56848, -0.60311 ], [ 37.56852, -0.60311 ], [ 37.56856, -0.60311 ], [ 37.56856, -0.60315 ], [ 37.56856, -0.60319 ], [ 37.56856, -0.60324 ], [ 37.56856, -0.60333 ], [ 37.56856, -0.60337 ], [ 37.56856, -0.60346 ], [ 37.56856, -0.6035 ], [ 37.56856, -0.60359 ], [ 37.56856, -0.60363 ], [ 37.56856, -0.60368 ], [ 37.56856, -0.60372 ], [ 37.56856, -0.60376 ], [ 37.56856, -0.60381 ], [ 37.56856, -0.60385 ], [ 37.56852, -0.60385 ], [ 37.56852, -0.60389 ], [ 37.56848, -0.60389 ], [ 37.56848, -0.60394 ], [ 37.56848, -0.60398 ], [ 37.56848, -0.60403 ], [ 37.56848, -0.60407 ], [ 37.56848, -0.60411 ], [ 37.56848, -0.60416 ], [ 37.56843, -0.60416 ], [ 37.56839, -0.6042 ], [ 37.56834, -0.6042 ], [ 37.5683, -0.6042 ], [ 37.56826, -0.6042 ], [ 37.56821, -0.6042 ], [ 37.56817, -0.6042 ], [ 37.56813, -0.6042 ], [ 37.56808, -0.6042 ], [ 37.56804, -0.6042 ], [ 37.568, -0.6042 ], [ 37.56795, -0.6042 ], [ 37.56791, -0.6042 ], [ 37.56786, -0.6042 ], [ 37.56782, -0.6042 ], [ 37.56782, -0.60424 ], [ 37.56778, -0.60424 ], [ 37.56773, -0.60429 ], [ 37.56769, -0.60429 ], [ 37.56769, -0.60433 ], [ 37.56765, -0.60433 ], [ 37.5676, -0.60433 ], [ 37.5676, -0.60429 ], [ 37.56756, -0.60424 ], [ 37.56751, -0.6042 ], [ 37.56747, -0.60424 ], [ 37.56743, -0.60424 ], [ 37.56743, -0.60429 ], [ 37.56738, -0.60429 ], [ 37.56738, -0.60433 ], [ 37.56734, -0.60442 ], [ 37.5673, -0.60451 ], [ 37.5673, -0.60455 ], [ 37.56725, -0.60459 ], [ 37.56721, -0.60464 ], [ 37.56721, -0.60468 ], [ 37.56716, -0.60468 ], [ 37.56712, -0.60473 ], [ 37.56708, -0.60477 ], [ 37.56708, -0.60481 ], [ 37.56708, -0.60486 ], [ 37.56703, -0.6049 ], [ 37.56703, -0.60494 ], [ 37.56699, -0.60494 ], [ 37.56695, -0.60494 ], [ 37.56695, -0.60499 ], [ 37.5669, -0.60499 ], [ 37.5669, -0.60503 ], [ 37.56686, -0.60503 ], [ 37.56681, -0.60503 ], [ 37.56681, -0.60507 ], [ 37.56677, -0.60507 ], [ 37.56677, -0.60512 ], [ 37.56673, -0.60512 ], [ 37.56668, -0.60516 ], [ 37.56668, -0.60521 ], [ 37.56664, -0.60521 ], [ 37.56664, -0.60525 ], [ 37.56664, -0.60529 ], [ 37.56664, -0.60534 ], [ 37.56664, -0.60538 ], [ 37.56664, -0.60542 ], [ 37.56668, -0.60542 ], [ 37.56668, -0.60547 ], [ 37.56668, -0.60551 ], [ 37.56673, -0.60556 ], [ 37.56668, -0.6056 ], [ 37.56668, -0.60564 ], [ 37.56664, -0.60564 ], [ 37.56664, -0.60569 ], [ 37.56664, -0.60573 ], [ 37.56664, -0.60577 ], [ 37.5666, -0.60577 ], [ 37.56655, -0.60577 ], [ 37.56655, -0.60582 ], [ 37.56651, -0.60582 ], [ 37.56646, -0.60582 ], [ 37.56642, -0.60582 ], [ 37.56638, -0.60582 ], [ 37.56633, -0.60582 ], [ 37.56629, -0.60582 ], [ 37.56625, -0.60582 ], [ 37.5662, -0.60582 ], [ 37.56616, -0.60582 ], [ 37.56611, -0.60582 ], [ 37.56607, -0.60582 ], [ 37.56603, -0.60582 ], [ 37.56598, -0.60582 ], [ 37.56594, -0.60582 ], [ 37.5659, -0.60582 ], [ 37.56585, -0.60582 ], [ 37.56585, -0.60586 ], [ 37.56581, -0.60591 ], [ 37.56581, -0.60595 ], [ 37.56581, -0.60599 ], [ 37.56581, -0.60604 ], [ 37.56581, -0.60608 ], [ 37.56585, -0.60608 ], [ 37.56585, -0.60612 ], [ 37.56585, -0.60617 ], [ 37.56585, -0.60621 ], [ 37.56585, -0.60626 ], [ 37.56585, -0.6063 ], [ 37.56585, -0.60639 ], [ 37.56585, -0.60643 ], [ 37.56585, -0.60647 ], [ 37.56585, -0.60652 ], [ 37.56585, -0.60656 ], [ 37.56585, -0.60661 ], [ 37.56585, -0.60665 ], [ 37.56581, -0.60665 ], [ 37.56576, -0.60665 ], [ 37.56572, -0.60665 ], [ 37.56568, -0.60665 ], [ 37.56563, -0.60665 ], [ 37.56559, -0.60665 ], [ 37.56559, -0.60661 ], [ 37.56555, -0.60661 ], [ 37.5655, -0.60661 ], [ 37.56546, -0.60661 ], [ 37.56541, -0.60661 ], [ 37.56537, -0.60665 ], [ 37.56533, -0.60665 ], [ 37.56528, -0.60669 ], [ 37.56528, -0.60674 ], [ 37.56528, -0.60678 ], [ 37.56528, -0.60682 ], [ 37.56528, -0.60687 ], [ 37.56528, -0.60691 ], [ 37.56528, -0.60696 ], [ 37.56528, -0.607 ], [ 37.56533, -0.607 ], [ 37.56533, -0.60704 ], [ 37.56537, -0.60704 ], [ 37.56541, -0.60704 ], [ 37.56546, -0.60704 ], [ 37.5655, -0.60709 ], [ 37.56555, -0.60709 ], [ 37.56559, -0.60709 ], [ 37.56563, -0.60709 ], [ 37.56563, -0.60713 ], [ 37.56563, -0.60717 ], [ 37.56563, -0.60722 ], [ 37.56563, -0.60726 ], [ 37.56563, -0.60731 ], [ 37.56563, -0.60735 ], [ 37.56563, -0.60744 ], [ 37.56563, -0.60752 ], [ 37.56563, -0.60761 ], [ 37.56563, -0.6077 ], [ 37.56563, -0.60774 ], [ 37.56559, -0.60783 ], [ 37.56559, -0.60787 ], [ 37.56559, -0.60792 ], [ 37.56559, -0.60796 ], [ 37.56563, -0.60796 ], [ 37.56572, -0.60792 ], [ 37.56581, -0.60787 ], [ 37.5659, -0.60783 ], [ 37.56594, -0.60779 ], [ 37.56607, -0.60774 ], [ 37.56611, -0.60774 ], [ 37.56611, -0.60779 ], [ 37.56611, -0.60783 ], [ 37.56611, -0.60787 ], [ 37.56611, -0.60792 ], [ 37.56611, -0.60796 ], [ 37.56611, -0.608 ], [ 37.56611, -0.60805 ], [ 37.56611, -0.60809 ], [ 37.56607, -0.60809 ], [ 37.56607, -0.60814 ], [ 37.56603, -0.60818 ], [ 37.56603, -0.60822 ], [ 37.56598, -0.60822 ], [ 37.56594, -0.60822 ], [ 37.5659, -0.60822 ], [ 37.56585, -0.60822 ], [ 37.56581, -0.60822 ], [ 37.56576, -0.60822 ], [ 37.56576, -0.60827 ], [ 37.56568, -0.60827 ], [ 37.56563, -0.60827 ], [ 37.56563, -0.60831 ], [ 37.56555, -0.60831 ], [ 37.5655, -0.60831 ], [ 37.56546, -0.60831 ], [ 37.56541, -0.60831 ], [ 37.56537, -0.60831 ], [ 37.56533, -0.60831 ], [ 37.56528, -0.60831 ], [ 37.56524, -0.60831 ], [ 37.5652, -0.60831 ], [ 37.56515, -0.60831 ], [ 37.56511, -0.60831 ], [ 37.56506, -0.60831 ], [ 37.56502, -0.60831 ], [ 37.56498, -0.60831 ], [ 37.56493, -0.60831 ], [ 37.56489, -0.60831 ], [ 37.56485, -0.60831 ], [ 37.5648, -0.60831 ], [ 37.56476, -0.60831 ], [ 37.56471, -0.60831 ], [ 37.56471, -0.60835 ], [ 37.56467, -0.60835 ], [ 37.56463, -0.60835 ], [ 37.56463, -0.6084 ], [ 37.56458, -0.6084 ], [ 37.56454, -0.6084 ], [ 37.56454, -0.60844 ], [ 37.56454, -0.60849 ], [ 37.56454, -0.60853 ], [ 37.5645, -0.60853 ], [ 37.5645, -0.60857 ], [ 37.5645, -0.60862 ], [ 37.5645, -0.60866 ], [ 37.5645, -0.6087 ], [ 37.5645, -0.60875 ], [ 37.56445, -0.60875 ], [ 37.56441, -0.60875 ], [ 37.56436, -0.60875 ], [ 37.56432, -0.60875 ], [ 37.56428, -0.60875 ], [ 37.56423, -0.60879 ], [ 37.56419, -0.60884 ], [ 37.56415, -0.60888 ], [ 37.56415, -0.60892 ], [ 37.5641, -0.60892 ], [ 37.5641, -0.60897 ], [ 37.56406, -0.60897 ], [ 37.56406, -0.60901 ], [ 37.56406, -0.60905 ], [ 37.56402, -0.60905 ], [ 37.56402, -0.6091 ], [ 37.56402, -0.60914 ], [ 37.56402, -0.60919 ], [ 37.56402, -0.60923 ], [ 37.56402, -0.60927 ], [ 37.56402, -0.60932 ], [ 37.56402, -0.60936 ], [ 37.56402, -0.6094 ], [ 37.56402, -0.60945 ], [ 37.56402, -0.60949 ], [ 37.56402, -0.60954 ], [ 37.56402, -0.60958 ], [ 37.56402, -0.60962 ], [ 37.56402, -0.60967 ], [ 37.56402, -0.60971 ], [ 37.56397, -0.60971 ], [ 37.56397, -0.60975 ], [ 37.56397, -0.6098 ], [ 37.56393, -0.6098 ], [ 37.56388, -0.60984 ], [ 37.56388, -0.60989 ], [ 37.56388, -0.60993 ], [ 37.56384, -0.60993 ], [ 37.56384, -0.60997 ], [ 37.5638, -0.60997 ], [ 37.56375, -0.61002 ], [ 37.56375, -0.61006 ], [ 37.56371, -0.61006 ], [ 37.56371, -0.6101 ], [ 37.56367, -0.6101 ], [ 37.56362, -0.61015 ], [ 37.56358, -0.61015 ], [ 37.56353, -0.61015 ], [ 37.56353, -0.61019 ], [ 37.56349, -0.61019 ], [ 37.5634, -0.61019 ], [ 37.56336, -0.61024 ], [ 37.56332, -0.61024 ], [ 37.56327, -0.61024 ], [ 37.56327, -0.61028 ], [ 37.56323, -0.61028 ], [ 37.56318, -0.61028 ], [ 37.56314, -0.61028 ], [ 37.5631, -0.61028 ], [ 37.56305, -0.61028 ], [ 37.56301, -0.61028 ], [ 37.56297, -0.61028 ], [ 37.56292, -0.61028 ], [ 37.56288, -0.61028 ], [ 37.56283, -0.61028 ], [ 37.56248, -0.6108 ], [ 37.56253, -0.61085 ], [ 37.56253, -0.61089 ], [ 37.56253, -0.61093 ], [ 37.56253, -0.61098 ], [ 37.56253, -0.61102 ], [ 37.56253, -0.61107 ], [ 37.56253, -0.61111 ], [ 37.56253, -0.61115 ], [ 37.56253, -0.6112 ], [ 37.56253, -0.61124 ], [ 37.56253, -0.61128 ], [ 37.56253, -0.61133 ], [ 37.56253, -0.61137 ], [ 37.56253, -0.61142 ], [ 37.56253, -0.61146 ], [ 37.56253, -0.6115 ], [ 37.56253, -0.61155 ], [ 37.56253, -0.61159 ], [ 37.56253, -0.61163 ], [ 37.56253, -0.61168 ], [ 37.56253, -0.61172 ], [ 37.56253, -0.61177 ], [ 37.56257, -0.61177 ], [ 37.56262, -0.61181 ], [ 37.56262, -0.61185 ], [ 37.56266, -0.61185 ], [ 37.56266, -0.6119 ], [ 37.5627, -0.6119 ], [ 37.56275, -0.61194 ], [ 37.56283, -0.61198 ], [ 37.56283, -0.61203 ], [ 37.56288, -0.61203 ], [ 37.56288, -0.61207 ], [ 37.56292, -0.61207 ], [ 37.56297, -0.61207 ], [ 37.56301, -0.61212 ], [ 37.56301, -0.61216 ], [ 37.56305, -0.61216 ], [ 37.56305, -0.6122 ], [ 37.5631, -0.6122 ], [ 37.5631, -0.61225 ], [ 37.56314, -0.61225 ], [ 37.56314, -0.61229 ], [ 37.56314, -0.61233 ], [ 37.56318, -0.61233 ], [ 37.56318, -0.61238 ], [ 37.56318, -0.61242 ], [ 37.56323, -0.61242 ], [ 37.56323, -0.61247 ], [ 37.56327, -0.61247 ], [ 37.56327, -0.61251 ], [ 37.56327, -0.61255 ], [ 37.56327, -0.6126 ], [ 37.56332, -0.6126 ], [ 37.56332, -0.61264 ], [ 37.56332, -0.61268 ], [ 37.56336, -0.61273 ], [ 37.56336, -0.61277 ], [ 37.56336, -0.61282 ], [ 37.5634, -0.61282 ], [ 37.5634, -0.61286 ], [ 37.56345, -0.6129 ], [ 37.56345, -0.61295 ], [ 37.56349, -0.61295 ], [ 37.56349, -0.61299 ], [ 37.56349, -0.61303 ], [ 37.56349, -0.61308 ], [ 37.56353, -0.61308 ], [ 37.56353, -0.61312 ], [ 37.56353, -0.61317 ], [ 37.56358, -0.61321 ], [ 37.56358, -0.61325 ], [ 37.56358, -0.6133 ], [ 37.56362, -0.6133 ], [ 37.56362, -0.61334 ], [ 37.56367, -0.61334 ], [ 37.56367, -0.61338 ], [ 37.56367, -0.61343 ], [ 37.56371, -0.61343 ], [ 37.56371, -0.61347 ], [ 37.56375, -0.61347 ], [ 37.56375, -0.61351 ], [ 37.5638, -0.61351 ], [ 37.56388, -0.61351 ], [ 37.56393, -0.61356 ], [ 37.56397, -0.61356 ], [ 37.56397, -0.6136 ], [ 37.56402, -0.6136 ], [ 37.56402, -0.61365 ], [ 37.56406, -0.61365 ], [ 37.56406, -0.61369 ], [ 37.56415, -0.61369 ], [ 37.56415, -0.61378 ], [ 37.56423, -0.61378 ], [ 37.56423, -0.61382 ], [ 37.56428, -0.61386 ], [ 37.56432, -0.61391 ], [ 37.56432, -0.61395 ], [ 37.56432, -0.614 ], [ 37.56432, -0.61404 ], [ 37.56432, -0.61408 ], [ 37.56432, -0.61413 ], [ 37.56436, -0.61417 ], [ 37.56436, -0.61426 ], [ 37.56441, -0.6143 ], [ 37.56445, -0.61435 ], [ 37.5645, -0.61439 ], [ 37.56454, -0.61439 ], [ 37.56454, -0.61443 ], [ 37.56454, -0.61448 ], [ 37.56454, -0.61452 ], [ 37.56454, -0.61456 ], [ 37.56454, -0.61461 ], [ 37.56454, -0.61465 ], [ 37.56454, -0.6147 ], [ 37.56454, -0.61474 ], [ 37.56454, -0.61478 ], [ 37.56454, -0.61483 ], [ 37.56454, -0.61487 ], [ 37.56458, -0.61487 ], [ 37.56458, -0.61491 ], [ 37.56458, -0.61496 ], [ 37.56458, -0.615 ], [ 37.56463, -0.615 ], [ 37.56463, -0.61505 ], [ 37.56467, -0.61509 ], [ 37.56467, -0.61513 ], [ 37.56467, -0.61518 ], [ 37.56471, -0.61518 ], [ 37.56471, -0.61522 ], [ 37.56476, -0.61526 ], [ 37.56476, -0.61531 ], [ 37.56485, -0.61535 ], [ 37.56489, -0.6154 ], [ 37.56489, -0.61544 ], [ 37.56493, -0.61544 ], [ 37.56493, -0.61548 ], [ 37.56498, -0.61548 ], [ 37.56502, -0.61548 ], [ 37.56502, -0.61553 ], [ 37.56506, -0.61553 ], [ 37.56511, -0.61553 ], [ 37.56511, -0.61557 ], [ 37.56515, -0.61557 ], [ 37.56515, -0.61561 ], [ 37.56515, -0.61566 ], [ 37.56515, -0.6157 ], [ 37.56515, -0.61575 ], [ 37.56515, -0.61579 ], [ 37.56515, -0.61583 ], [ 37.56515, -0.61588 ], [ 37.56515, -0.61592 ], [ 37.56515, -0.61596 ], [ 37.56515, -0.61601 ], [ 37.56515, -0.61605 ], [ 37.56515, -0.6161 ], [ 37.56515, -0.61614 ], [ 37.56515, -0.61618 ], [ 37.56515, -0.61623 ], [ 37.56515, -0.61627 ], [ 37.56515, -0.61631 ], [ 37.56515, -0.61636 ], [ 37.56515, -0.6164 ], [ 37.56515, -0.61644 ], [ 37.56515, -0.61649 ], [ 37.56515, -0.61653 ], [ 37.56515, -0.61658 ], [ 37.56515, -0.61662 ], [ 37.56515, -0.61666 ], [ 37.56515, -0.61671 ], [ 37.56515, -0.61675 ], [ 37.56515, -0.6168 ], [ 37.56515, -0.61684 ], [ 37.56515, -0.61688 ], [ 37.56515, -0.61693 ], [ 37.56515, -0.61697 ], [ 37.56515, -0.61701 ], [ 37.56515, -0.61706 ], [ 37.56515, -0.6171 ], [ 37.56515, -0.61714 ], [ 37.56515, -0.61719 ], [ 37.56515, -0.61723 ], [ 37.5652, -0.61723 ], [ 37.5652, -0.61728 ], [ 37.56524, -0.61728 ], [ 37.56524, -0.61732 ], [ 37.56528, -0.61732 ], [ 37.56533, -0.61736 ], [ 37.56533, -0.61741 ], [ 37.56537, -0.61741 ], [ 37.56537, -0.61745 ], [ 37.56541, -0.61745 ], [ 37.56541, -0.61749 ], [ 37.56541, -0.61754 ], [ 37.56541, -0.61758 ], [ 37.56546, -0.61758 ], [ 37.5655, -0.61758 ], [ 37.56555, -0.61758 ], [ 37.56559, -0.61758 ], [ 37.56563, -0.61758 ], [ 37.56568, -0.61758 ], [ 37.56572, -0.61758 ], [ 37.56576, -0.61763 ], [ 37.56581, -0.61763 ], [ 37.56581, -0.61767 ], [ 37.56585, -0.61767 ], [ 37.5659, -0.61767 ], [ 37.56594, -0.61767 ], [ 37.56594, -0.61771 ], [ 37.56598, -0.61771 ], [ 37.56598, -0.61776 ], [ 37.56603, -0.61776 ], [ 37.56607, -0.61776 ], [ 37.56611, -0.6178 ], [ 37.56616, -0.6178 ], [ 37.5662, -0.6178 ], [ 37.56625, -0.6178 ], [ 37.56629, -0.6178 ], [ 37.56633, -0.6178 ], [ 37.56638, -0.6178 ], [ 37.56642, -0.6178 ], [ 37.56646, -0.6178 ], [ 37.56651, -0.6178 ], [ 37.56655, -0.6178 ], [ 37.5666, -0.6178 ], [ 37.56664, -0.6178 ], [ 37.56668, -0.6178 ], [ 37.56668, -0.61784 ], [ 37.56668, -0.61789 ], [ 37.56673, -0.61789 ], [ 37.56673, -0.61793 ], [ 37.56677, -0.61798 ], [ 37.56677, -0.61802 ], [ 37.56677, -0.61806 ], [ 37.56677, -0.61811 ], [ 37.56677, -0.61815 ], [ 37.56677, -0.61819 ], [ 37.56677, -0.61824 ], [ 37.56681, -0.61824 ], [ 37.56681, -0.61828 ], [ 37.56686, -0.61828 ], [ 37.56686, -0.61833 ], [ 37.5669, -0.61833 ], [ 37.5669, -0.61837 ], [ 37.56699, -0.61837 ], [ 37.56708, -0.61841 ], [ 37.56712, -0.61841 ], [ 37.56721, -0.61846 ], [ 37.56725, -0.61846 ], [ 37.5673, -0.61846 ], [ 37.56734, -0.61846 ], [ 37.56738, -0.61846 ], [ 37.56743, -0.6185 ], [ 37.56747, -0.61854 ], [ 37.56751, -0.61859 ], [ 37.56756, -0.61859 ], [ 37.56765, -0.61863 ], [ 37.56769, -0.61863 ], [ 37.56769, -0.61868 ], [ 37.56773, -0.61868 ], [ 37.56773, -0.61872 ], [ 37.56778, -0.61872 ], [ 37.56778, -0.61876 ], [ 37.56778, -0.61881 ], [ 37.56782, -0.61881 ], [ 37.56786, -0.61885 ], [ 37.56791, -0.61889 ], [ 37.56791, -0.61894 ], [ 37.56795, -0.61894 ], [ 37.568, -0.61898 ], [ 37.56804, -0.61903 ], [ 37.56813, -0.61907 ], [ 37.56813, -0.61911 ], [ 37.56817, -0.61916 ], [ 37.56821, -0.61916 ], [ 37.56826, -0.6192 ], [ 37.56826, -0.61924 ], [ 37.5683, -0.61924 ], [ 37.5683, -0.61929 ], [ 37.56834, -0.61929 ], [ 37.56834, -0.61933 ], [ 37.56839, -0.61933 ], [ 37.56839, -0.61937 ], [ 37.56848, -0.61937 ], [ 37.56848, -0.61942 ], [ 37.56852, -0.61946 ], [ 37.56856, -0.61946 ], [ 37.56856, -0.61951 ], [ 37.56856, -0.61955 ], [ 37.56861, -0.61955 ], [ 37.56922, -0.61994 ], [ 37.56926, -0.61994 ], [ 37.56931, -0.61999 ], [ 37.56939, -0.62003 ], [ 37.56939, -0.62007 ], [ 37.56944, -0.62012 ], [ 37.56948, -0.62016 ], [ 37.56953, -0.62016 ], [ 37.56957, -0.62016 ], [ 37.56957, -0.62021 ], [ 37.56957, -0.62025 ], [ 37.56957, -0.62029 ], [ 37.56957, -0.62034 ], [ 37.56957, -0.62038 ], [ 37.56957, -0.62042 ], [ 37.56957, -0.62047 ], [ 37.56957, -0.62051 ], [ 37.56957, -0.62056 ], [ 37.56957, -0.6206 ], [ 37.56957, -0.62064 ], [ 37.56957, -0.62069 ], [ 37.56957, -0.62073 ], [ 37.56957, -0.62077 ], [ 37.56953, -0.62077 ], [ 37.56948, -0.62082 ], [ 37.56948, -0.62086 ], [ 37.56944, -0.62091 ], [ 37.56944, -0.62095 ], [ 37.56939, -0.62095 ], [ 37.56935, -0.62095 ], [ 37.56935, -0.62099 ], [ 37.56935, -0.62104 ], [ 37.56926, -0.62104 ], [ 37.56918, -0.62104 ], [ 37.56913, -0.62104 ], [ 37.56913, -0.62108 ], [ 37.56913, -0.62112 ], [ 37.56918, -0.62117 ], [ 37.56922, -0.62121 ], [ 37.56922, -0.62126 ], [ 37.56926, -0.62126 ], [ 37.56926, -0.6213 ], [ 37.56931, -0.6213 ], [ 37.56931, -0.62134 ], [ 37.56935, -0.62134 ], [ 37.56935, -0.62139 ], [ 37.56939, -0.62139 ], [ 37.56939, -0.62143 ], [ 37.56944, -0.62143 ], [ 37.56944, -0.62147 ], [ 37.56948, -0.62147 ], [ 37.56948, -0.62152 ], [ 37.56953, -0.62152 ], [ 37.56953, -0.62156 ], [ 37.56948, -0.62156 ], [ 37.56944, -0.62161 ], [ 37.56939, -0.62161 ], [ 37.56935, -0.62165 ], [ 37.56931, -0.62165 ], [ 37.56926, -0.62165 ], [ 37.56918, -0.62165 ], [ 37.56913, -0.62165 ], [ 37.56909, -0.62165 ], [ 37.56904, -0.62165 ], [ 37.569, -0.62165 ], [ 37.56896, -0.62165 ], [ 37.56891, -0.62165 ], [ 37.56891, -0.62169 ], [ 37.56891, -0.62174 ], [ 37.56896, -0.62174 ], [ 37.56896, -0.62178 ], [ 37.569, -0.62178 ], [ 37.569, -0.62182 ], [ 37.569, -0.62187 ], [ 37.569, -0.62191 ], [ 37.56904, -0.62191 ], [ 37.56909, -0.62191 ], [ 37.56909, -0.62196 ], [ 37.56909, -0.622 ], [ 37.56909, -0.62204 ], [ 37.56909, -0.62209 ], [ 37.56909, -0.62213 ], [ 37.56909, -0.62217 ], [ 37.56909, -0.62222 ], [ 37.56909, -0.62226 ], [ 37.56909, -0.62235 ], [ 37.56909, -0.62244 ], [ 37.56909, -0.62248 ], [ 37.56909, -0.62252 ], [ 37.56904, -0.62257 ], [ 37.56904, -0.62265 ], [ 37.56904, -0.6227 ], [ 37.56904, -0.62274 ], [ 37.56904, -0.62279 ], [ 37.56904, -0.62283 ], [ 37.56904, -0.62292 ], [ 37.56904, -0.62296 ], [ 37.56904, -0.623 ], [ 37.56904, -0.62305 ], [ 37.56904, -0.62309 ], [ 37.569, -0.62309 ], [ 37.569, -0.62314 ], [ 37.56896, -0.62314 ], [ 37.56891, -0.62314 ], [ 37.56891, -0.62318 ], [ 37.56891, -0.62322 ], [ 37.56887, -0.62322 ], [ 37.56887, -0.62327 ], [ 37.56887, -0.62331 ], [ 37.56883, -0.62335 ], [ 37.56883, -0.6234 ], [ 37.56878, -0.6234 ], [ 37.56874, -0.62344 ], [ 37.56869, -0.62344 ], [ 37.56869, -0.62349 ], [ 37.56865, -0.62349 ], [ 37.56865, -0.62353 ], [ 37.56861, -0.62353 ], [ 37.56856, -0.62357 ], [ 37.56852, -0.62357 ], [ 37.56852, -0.62362 ], [ 37.56848, -0.62362 ], [ 37.56848, -0.62366 ], [ 37.56843, -0.62366 ], [ 37.56843, -0.6237 ], [ 37.56843, -0.62375 ], [ 37.56843, -0.62379 ], [ 37.56839, -0.62379 ], [ 37.56839, -0.62384 ], [ 37.56839, -0.62388 ], [ 37.56839, -0.62392 ], [ 37.56839, -0.62397 ], [ 37.56839, -0.62401 ], [ 37.56839, -0.62405 ], [ 37.56839, -0.6241 ], [ 37.56839, -0.62414 ], [ 37.56839, -0.62419 ], [ 37.56839, -0.62427 ], [ 37.56839, -0.62432 ], [ 37.56839, -0.62436 ], [ 37.56839, -0.6244 ], [ 37.56839, -0.62445 ], [ 37.56839, -0.62449 ], [ 37.56839, -0.62454 ], [ 37.56839, -0.62458 ], [ 37.56839, -0.62462 ], [ 37.56839, -0.62467 ], [ 37.56839, -0.62471 ], [ 37.56839, -0.62475 ], [ 37.56839, -0.6248 ], [ 37.56839, -0.62484 ], [ 37.56839, -0.62493 ], [ 37.56839, -0.62497 ], [ 37.56834, -0.62497 ], [ 37.56834, -0.62506 ], [ 37.5683, -0.6251 ], [ 37.5683, -0.62515 ], [ 37.56826, -0.62523 ], [ 37.56826, -0.62528 ], [ 37.56826, -0.62537 ], [ 37.56821, -0.62541 ], [ 37.56817, -0.62545 ], [ 37.56817, -0.6255 ], [ 37.56817, -0.62554 ], [ 37.56817, -0.62558 ], [ 37.56817, -0.62563 ], [ 37.56817, -0.62567 ], [ 37.56817, -0.62572 ], [ 37.56817, -0.62576 ], [ 37.56817, -0.6258 ], [ 37.56817, -0.62585 ], [ 37.56821, -0.62593 ], [ 37.56826, -0.62598 ], [ 37.56826, -0.62602 ], [ 37.5683, -0.62602 ], [ 37.5683, -0.62607 ], [ 37.56834, -0.62607 ], [ 37.56834, -0.62611 ], [ 37.56839, -0.62611 ], [ 37.56843, -0.62615 ], [ 37.56848, -0.6262 ], [ 37.56852, -0.6262 ], [ 37.56852, -0.62624 ], [ 37.56856, -0.62624 ], [ 37.56861, -0.62624 ], [ 37.56865, -0.62624 ], [ 37.56865, -0.62628 ], [ 37.56869, -0.62628 ], [ 37.56874, -0.62628 ], [ 37.56878, -0.62628 ], [ 37.56883, -0.62628 ], [ 37.56887, -0.62628 ], [ 37.56896, -0.62628 ], [ 37.569, -0.62633 ], [ 37.56904, -0.62633 ], [ 37.56909, -0.62633 ], [ 37.56913, -0.62633 ], [ 37.56922, -0.62633 ], [ 37.56935, -0.62637 ], [ 37.56939, -0.62642 ], [ 37.56944, -0.62642 ], [ 37.56944, -0.62646 ], [ 37.56948, -0.62646 ], [ 37.56948, -0.6265 ], [ 37.56953, -0.6265 ], [ 37.56953, -0.62655 ], [ 37.56957, -0.62655 ], [ 37.56957, -0.62659 ], [ 37.56961, -0.62659 ], [ 37.56961, -0.62663 ], [ 37.56966, -0.62663 ], [ 37.5697, -0.62668 ], [ 37.56974, -0.62672 ], [ 37.56975, -0.62672 ], [ 37.56979, -0.62672 ], [ 37.56979, -0.62677 ], [ 37.56983, -0.62677 ], [ 37.56988, -0.62677 ], [ 37.56992, -0.62677 ], [ 37.56996, -0.62677 ], [ 37.57009, -0.62668 ], [ 37.57014, -0.62668 ], [ 37.57018, -0.62668 ], [ 37.57023, -0.62663 ], [ 37.57023, -0.62659 ], [ 37.57027, -0.62659 ], [ 37.57027, -0.62655 ], [ 37.57031, -0.6265 ], [ 37.57031, -0.62646 ], [ 37.57036, -0.62642 ], [ 37.57036, -0.62637 ], [ 37.5704, -0.62633 ], [ 37.5704, -0.62628 ], [ 37.57044, -0.62628 ], [ 37.57044, -0.62624 ], [ 37.57044, -0.6262 ], [ 37.57044, -0.62615 ], [ 37.57049, -0.62615 ], [ 37.57049, -0.62611 ], [ 37.57049, -0.62607 ], [ 37.57049, -0.62602 ], [ 37.57049, -0.62598 ], [ 37.57049, -0.62593 ], [ 37.57049, -0.62589 ], [ 37.57049, -0.62585 ], [ 37.57049, -0.6258 ], [ 37.57049, -0.62572 ], [ 37.57049, -0.62567 ], [ 37.57049, -0.62563 ], [ 37.57044, -0.62554 ], [ 37.5704, -0.6255 ], [ 37.5704, -0.62545 ], [ 37.57036, -0.62541 ], [ 37.57036, -0.62537 ], [ 37.57031, -0.62537 ], [ 37.57027, -0.62532 ], [ 37.57023, -0.62528 ], [ 37.57023, -0.62523 ], [ 37.57018, -0.62523 ], [ 37.57014, -0.62519 ], [ 37.57009, -0.62515 ], [ 37.57005, -0.62515 ], [ 37.57005, -0.6251 ], [ 37.56996, -0.6251 ], [ 37.56992, -0.62506 ], [ 37.56992, -0.62502 ], [ 37.56988, -0.62497 ], [ 37.56988, -0.62493 ], [ 37.56988, -0.62489 ], [ 37.56992, -0.62484 ], [ 37.56996, -0.6248 ], [ 37.57001, -0.62475 ], [ 37.57005, -0.62471 ], [ 37.57009, -0.62471 ], [ 37.57009, -0.62467 ], [ 37.57014, -0.62467 ], [ 37.57023, -0.62467 ], [ 37.57023, -0.62462 ], [ 37.57027, -0.62462 ], [ 37.57031, -0.62462 ], [ 37.57036, -0.62462 ], [ 37.5704, -0.62462 ], [ 37.57044, -0.62462 ], [ 37.57049, -0.62462 ], [ 37.57049, -0.62458 ], [ 37.57053, -0.62458 ], [ 37.57053, -0.62449 ], [ 37.57053, -0.62445 ], [ 37.57053, -0.6244 ], [ 37.57053, -0.62436 ], [ 37.57053, -0.62432 ], [ 37.57053, -0.62427 ], [ 37.57053, -0.62423 ], [ 37.57053, -0.62419 ], [ 37.57053, -0.62414 ], [ 37.57053, -0.6241 ], [ 37.57053, -0.62405 ], [ 37.57058, -0.62401 ], [ 37.57058, -0.62397 ], [ 37.57058, -0.62392 ], [ 37.57058, -0.62388 ], [ 37.57062, -0.62388 ], [ 37.57062, -0.62384 ], [ 37.57066, -0.62379 ], [ 37.57066, -0.62375 ], [ 37.57071, -0.6237 ], [ 37.57071, -0.62366 ], [ 37.57071, -0.62362 ], [ 37.57071, -0.62357 ], [ 37.57071, -0.62353 ], [ 37.57075, -0.62353 ], [ 37.57075, -0.62349 ], [ 37.57079, -0.62349 ], [ 37.57084, -0.62349 ], [ 37.57084, -0.62344 ], [ 37.57084, -0.6234 ], [ 37.57084, -0.62335 ], [ 37.57088, -0.62331 ], [ 37.57088, -0.62327 ], [ 37.57093, -0.62327 ], [ 37.57097, -0.62327 ], [ 37.57101, -0.62322 ], [ 37.57101, -0.62318 ], [ 37.57106, -0.62318 ], [ 37.57114, -0.62314 ], [ 37.57119, -0.62309 ], [ 37.57128, -0.62305 ], [ 37.57136, -0.62305 ], [ 37.57145, -0.62305 ], [ 37.57154, -0.623 ], [ 37.57158, -0.62296 ], [ 37.57171, -0.62296 ], [ 37.57176, -0.62296 ], [ 37.5718, -0.62292 ], [ 37.57184, -0.62292 ], [ 37.57189, -0.62287 ], [ 37.57193, -0.62287 ], [ 37.57198, -0.62287 ], [ 37.57206, -0.62283 ], [ 37.57219, -0.62279 ], [ 37.57228, -0.62279 ], [ 37.57232, -0.62279 ], [ 37.57237, -0.62274 ], [ 37.57241, -0.62274 ], [ 37.57246, -0.62265 ], [ 37.57254, -0.62261 ], [ 37.57263, -0.62261 ], [ 37.57263, -0.62252 ], [ 37.57272, -0.62252 ], [ 37.57276, -0.62248 ], [ 37.57281, -0.62244 ], [ 37.57281, -0.62239 ], [ 37.57289, -0.62235 ], [ 37.57289, -0.6223 ], [ 37.57298, -0.62226 ], [ 37.57307, -0.62217 ], [ 37.57316, -0.62213 ], [ 37.5732, -0.62209 ], [ 37.57324, -0.62209 ], [ 37.57333, -0.622 ], [ 37.57337, -0.622 ], [ 37.57342, -0.622 ], [ 37.57346, -0.622 ], [ 37.57359, -0.62196 ], [ 37.57372, -0.62196 ], [ 37.57386, -0.62196 ], [ 37.57394, -0.62196 ], [ 37.57403, -0.62196 ], [ 37.57416, -0.62196 ], [ 37.57425, -0.62196 ], [ 37.57425, -0.62191 ], [ 37.57429, -0.62191 ], [ 37.57434, -0.62187 ], [ 37.57442, -0.62182 ], [ 37.57451, -0.62178 ], [ 37.5746, -0.62178 ], [ 37.5746, -0.62174 ], [ 37.57469, -0.62169 ], [ 37.57473, -0.62165 ], [ 37.57477, -0.62161 ], [ 37.57477, -0.62156 ], [ 37.57482, -0.62156 ], [ 37.57482, -0.62152 ], [ 37.57486, -0.62147 ], [ 37.57491, -0.62143 ], [ 37.57495, -0.62143 ], [ 37.57499, -0.62143 ], [ 37.57499, -0.62139 ], [ 37.57504, -0.62134 ], [ 37.57508, -0.6213 ], [ 37.57512, -0.62126 ], [ 37.57517, -0.62121 ], [ 37.57521, -0.62121 ], [ 37.57521, -0.62117 ], [ 37.57521, -0.62112 ], [ 37.57526, -0.62112 ], [ 37.5753, -0.62112 ], [ 37.57534, -0.62108 ], [ 37.57539, -0.62108 ], [ 37.57539, -0.62104 ], [ 37.57543, -0.62099 ], [ 37.57547, -0.62099 ], [ 37.57552, -0.62095 ], [ 37.57556, -0.62095 ], [ 37.57561, -0.62091 ], [ 37.57565, -0.62086 ], [ 37.57569, -0.62082 ], [ 37.57569, -0.62077 ], [ 37.57569, -0.62073 ], [ 37.57574, -0.62073 ], [ 37.57574, -0.62064 ], [ 37.57578, -0.6206 ], [ 37.57578, -0.62056 ], [ 37.57578, -0.62051 ], [ 37.57582, -0.62047 ], [ 37.57582, -0.62042 ], [ 37.57582, -0.62038 ], [ 37.57587, -0.62034 ], [ 37.57587, -0.62029 ], [ 37.57587, -0.62025 ], [ 37.57587, -0.62021 ], [ 37.57587, -0.62016 ], [ 37.57587, -0.62012 ], [ 37.57587, -0.62007 ], [ 37.57587, -0.62003 ], [ 37.57587, -0.61999 ], [ 37.57587, -0.61994 ], [ 37.57587, -0.6199 ], [ 37.57587, -0.61986 ], [ 37.57587, -0.61981 ], [ 37.57587, -0.61977 ], [ 37.57587, -0.61972 ], [ 37.57587, -0.61968 ], [ 37.57587, -0.61964 ], [ 37.57587, -0.61959 ], [ 37.57587, -0.61955 ], [ 37.57587, -0.61951 ], [ 37.57587, -0.61942 ], [ 37.57587, -0.61937 ], [ 37.57587, -0.61933 ], [ 37.57587, -0.61929 ], [ 37.57587, -0.61924 ], [ 37.57587, -0.6192 ], [ 37.57587, -0.61916 ], [ 37.57587, -0.61911 ], [ 37.57587, -0.61907 ], [ 37.57587, -0.61903 ], [ 37.57587, -0.61898 ], [ 37.57591, -0.61898 ], [ 37.57591, -0.61894 ], [ 37.57595, -0.61889 ], [ 37.57595, -0.61885 ], [ 37.576, -0.61881 ], [ 37.576, -0.61876 ], [ 37.576, -0.61872 ], [ 37.57604, -0.61872 ], [ 37.57604, -0.61863 ], [ 37.57613, -0.61863 ], [ 37.57617, -0.61854 ], [ 37.57622, -0.61854 ], [ 37.57622, -0.6185 ], [ 37.57626, -0.6185 ], [ 37.57626, -0.61846 ], [ 37.5763, -0.61841 ], [ 37.5763, -0.61837 ], [ 37.57635, -0.61833 ], [ 37.57639, -0.61828 ], [ 37.57644, -0.61828 ], [ 37.57644, -0.61824 ], [ 37.57644, -0.61819 ], [ 37.57644, -0.61815 ], [ 37.57648, -0.61815 ], [ 37.57648, -0.61811 ], [ 37.57648, -0.61806 ], [ 37.57648, -0.61802 ], [ 37.57648, -0.61798 ], [ 37.57648, -0.61793 ], [ 37.57652, -0.61789 ], [ 37.57652, -0.61784 ], [ 37.57652, -0.6178 ], [ 37.57652, -0.61776 ], [ 37.57652, -0.61771 ], [ 37.57652, -0.61767 ], [ 37.57652, -0.61763 ], [ 37.57652, -0.61758 ], [ 37.57652, -0.61754 ], [ 37.57652, -0.61745 ], [ 37.57652, -0.61736 ], [ 37.57652, -0.61732 ], [ 37.57652, -0.61728 ], [ 37.57652, -0.61723 ], [ 37.57652, -0.61719 ], [ 37.57652, -0.61714 ], [ 37.57652, -0.6171 ], [ 37.57652, -0.61706 ], [ 37.57652, -0.61701 ], [ 37.57652, -0.61697 ], [ 37.57652, -0.61693 ], [ 37.57652, -0.61688 ], [ 37.57652, -0.61684 ], [ 37.57652, -0.61679 ], [ 37.57652, -0.61675 ], [ 37.57652, -0.61671 ], [ 37.57652, -0.61666 ], [ 37.57657, -0.61662 ], [ 37.57657, -0.61658 ], [ 37.57657, -0.61653 ], [ 37.57657, -0.61649 ], [ 37.57657, -0.61644 ], [ 37.57661, -0.6164 ], [ 37.57661, -0.61636 ], [ 37.57661, -0.61631 ], [ 37.57661, -0.61627 ], [ 37.57665, -0.61627 ], [ 37.57665, -0.61623 ], [ 37.5767, -0.61623 ], [ 37.57674, -0.61623 ], [ 37.57679, -0.61618 ], [ 37.57692, -0.61614 ], [ 37.577, -0.6161 ], [ 37.57705, -0.6161 ], [ 37.57735, -0.61623 ], [ 37.57735, -0.61627 ], [ 37.57735, -0.61631 ], [ 37.57735, -0.61636 ], [ 37.57735, -0.6164 ], [ 37.57735, -0.61644 ], [ 37.57735, -0.61649 ], [ 37.5774, -0.61649 ], [ 37.57744, -0.61649 ], [ 37.57749, -0.61649 ], [ 37.57753, -0.61649 ], [ 37.57757, -0.61644 ], [ 37.57762, -0.61644 ], [ 37.57766, -0.6164 ], [ 37.5777, -0.61636 ], [ 37.57779, -0.61631 ], [ 37.57779, -0.61627 ], [ 37.57784, -0.61623 ], [ 37.57788, -0.61618 ], [ 37.57788, -0.61614 ], [ 37.57788, -0.6161 ], [ 37.57792, -0.6161 ], [ 37.57792, -0.61605 ], [ 37.57797, -0.61601 ], [ 37.57797, -0.61596 ], [ 37.57801, -0.61588 ], [ 37.57801, -0.61583 ], [ 37.57805, -0.61579 ], [ 37.57805, -0.61575 ], [ 37.5781, -0.6157 ], [ 37.5781, -0.61566 ], [ 37.57814, -0.61561 ], [ 37.57819, -0.61557 ], [ 37.57823, -0.61548 ], [ 37.57827, -0.61544 ], [ 37.57832, -0.61544 ], [ 37.57836, -0.6154 ], [ 37.57836, -0.61535 ], [ 37.5784, -0.61531 ], [ 37.57849, -0.61531 ], [ 37.57849, -0.61526 ], [ 37.57854, -0.61522 ], [ 37.57854, -0.61518 ], [ 37.57854, -0.61513 ], [ 37.57854, -0.61509 ], [ 37.57854, -0.61505 ], [ 37.57854, -0.615 ], [ 37.57854, -0.61496 ], [ 37.57854, -0.61491 ], [ 37.57854, -0.61487 ], [ 37.57854, -0.61483 ], [ 37.57854, -0.61478 ], [ 37.57854, -0.61474 ], [ 37.57854, -0.6147 ], [ 37.57854, -0.61465 ], [ 37.57854, -0.61461 ], [ 37.57854, -0.61456 ], [ 37.57854, -0.61452 ], [ 37.57854, -0.61448 ], [ 37.57854, -0.61443 ], [ 37.57854, -0.61439 ], [ 37.57858, -0.61435 ], [ 37.57862, -0.61435 ], [ 37.57875, -0.6143 ], [ 37.57884, -0.6143 ], [ 37.57893, -0.6143 ], [ 37.57897, -0.6143 ], [ 37.57897, -0.61426 ], [ 37.57902, -0.61426 ], [ 37.57906, -0.61426 ], [ 37.5791, -0.61426 ], [ 37.57915, -0.61421 ], [ 37.57919, -0.61417 ], [ 37.57924, -0.61413 ], [ 37.57928, -0.61408 ], [ 37.57932, -0.61404 ], [ 37.57932, -0.614 ], [ 37.57937, -0.614 ], [ 37.57945, -0.614 ], [ 37.57963, -0.614 ], [ 37.57976, -0.614 ], [ 37.5798, -0.614 ], [ 37.57985, -0.61395 ], [ 37.57998, -0.61391 ], [ 37.58015, -0.61382 ], [ 37.58024, -0.61378 ], [ 37.58028, -0.61373 ], [ 37.58033, -0.61373 ], [ 37.58037, -0.61373 ], [ 37.58046, -0.61373 ], [ 37.58068, -0.61373 ], [ 37.58081, -0.61373 ], [ 37.5809, -0.61365 ], [ 37.58094, -0.6136 ], [ 37.58098, -0.61356 ], [ 37.58107, -0.61351 ], [ 37.58112, -0.61343 ], [ 37.5812, -0.61343 ], [ 37.5812, -0.61338 ], [ 37.58125, -0.61338 ], [ 37.58129, -0.61334 ], [ 37.58138, -0.61334 ], [ 37.58142, -0.6133 ], [ 37.58151, -0.61325 ], [ 37.58151, -0.61321 ], [ 37.5816, -0.61312 ], [ 37.58164, -0.61308 ], [ 37.58168, -0.61308 ], [ 37.58173, -0.61303 ], [ 37.58173, -0.61299 ], [ 37.58177, -0.61299 ], [ 37.58177, -0.61295 ], [ 37.58182, -0.6129 ], [ 37.58186, -0.6129 ], [ 37.5819, -0.6129 ], [ 37.5819, -0.61286 ], [ 37.58195, -0.61286 ], [ 37.58199, -0.61286 ], [ 37.58203, -0.61282 ], [ 37.58208, -0.61282 ], [ 37.58212, -0.61282 ], [ 37.58221, -0.61282 ], [ 37.58225, -0.61282 ], [ 37.58234, -0.61282 ], [ 37.58247, -0.61282 ], [ 37.58252, -0.61282 ], [ 37.5826, -0.61282 ], [ 37.58265, -0.61286 ], [ 37.58273, -0.6129 ], [ 37.58278, -0.6129 ], [ 37.58282, -0.6129 ], [ 37.58287, -0.61286 ], [ 37.58295, -0.61286 ], [ 37.583, -0.61282 ], [ 37.58308, -0.61277 ], [ 37.58313, -0.61273 ], [ 37.58317, -0.61268 ], [ 37.58322, -0.61268 ], [ 37.58326, -0.61273 ], [ 37.5833, -0.61277 ], [ 37.58335, -0.61282 ], [ 37.58343, -0.6129 ], [ 37.58348, -0.6129 ], [ 37.58352, -0.61299 ], [ 37.58357, -0.61303 ], [ 37.58361, -0.61312 ], [ 37.58361, -0.61317 ], [ 37.58365, -0.61317 ], [ 37.58365, -0.61321 ], [ 37.58365, -0.61325 ], [ 37.5837, -0.61325 ], [ 37.5837, -0.6133 ], [ 37.58374, -0.61334 ], [ 37.58378, -0.61338 ], [ 37.58383, -0.61343 ], [ 37.58391, -0.61347 ], [ 37.58396, -0.61351 ], [ 37.58405, -0.61356 ], [ 37.58405, -0.6136 ], [ 37.58409, -0.6136 ], [ 37.58413, -0.6136 ], [ 37.58418, -0.61365 ], [ 37.58426, -0.61365 ], [ 37.5844, -0.61369 ], [ 37.58444, -0.61373 ], [ 37.58453, -0.61373 ], [ 37.58457, -0.61373 ], [ 37.58461, -0.61373 ], [ 37.58466, -0.61373 ], [ 37.5847, -0.61373 ], [ 37.58475, -0.61373 ], [ 37.58479, -0.61373 ], [ 37.58483, -0.61373 ], [ 37.58488, -0.61373 ], [ 37.58492, -0.61373 ], [ 37.58501, -0.61373 ], [ 37.58505, -0.61373 ], [ 37.58518, -0.61373 ], [ 37.58523, -0.61373 ], [ 37.58531, -0.61373 ], [ 37.5854, -0.61373 ], [ 37.58553, -0.61378 ], [ 37.58562, -0.61378 ], [ 37.58566, -0.61378 ], [ 37.58571, -0.61382 ], [ 37.58575, -0.61382 ], [ 37.5858, -0.61386 ], [ 37.58584, -0.61386 ], [ 37.58588, -0.61391 ], [ 37.58597, -0.61395 ], [ 37.58601, -0.61395 ], [ 37.58601, -0.614 ], [ 37.58606, -0.614 ], [ 37.5861, -0.61404 ], [ 37.58615, -0.61404 ], [ 37.58619, -0.61404 ], [ 37.58619, -0.61408 ], [ 37.58623, -0.61408 ], [ 37.58628, -0.61408 ], [ 37.58632, -0.61413 ], [ 37.58641, -0.61417 ], [ 37.5865, -0.61421 ], [ 37.58654, -0.61426 ], [ 37.58658, -0.6143 ], [ 37.58663, -0.61435 ], [ 37.58671, -0.61439 ], [ 37.58671, -0.61443 ], [ 37.58676, -0.61448 ], [ 37.58676, -0.61456 ], [ 37.58676, -0.61461 ], [ 37.58676, -0.61465 ], [ 37.58676, -0.6147 ], [ 37.58676, -0.61474 ], [ 37.58676, -0.61478 ], [ 37.58676, -0.61487 ], [ 37.58676, -0.61491 ], [ 37.58676, -0.61496 ], [ 37.58676, -0.615 ], [ 37.58676, -0.61505 ], [ 37.58676, -0.61513 ], [ 37.5868, -0.61513 ], [ 37.58685, -0.61513 ], [ 37.58689, -0.61509 ], [ 37.58693, -0.61509 ], [ 37.58706, -0.61509 ], [ 37.58715, -0.61505 ], [ 37.5872, -0.61505 ], [ 37.5872, -0.615 ], [ 37.58724, -0.61496 ], [ 37.58728, -0.61496 ], [ 37.58728, -0.61491 ], [ 37.58733, -0.61491 ], [ 37.58737, -0.61491 ], [ 37.58741, -0.61491 ], [ 37.58746, -0.61491 ], [ 37.5875, -0.61491 ], [ 37.58754, -0.61491 ], [ 37.58759, -0.61491 ], [ 37.58768, -0.61491 ], [ 37.58772, -0.61491 ], [ 37.58776, -0.61491 ], [ 37.58785, -0.61491 ], [ 37.58789, -0.61491 ], [ 37.58798, -0.61491 ], [ 37.58807, -0.61491 ], [ 37.58811, -0.61491 ], [ 37.58816, -0.61491 ], [ 37.5882, -0.61491 ], [ 37.58829, -0.61491 ], [ 37.58833, -0.61491 ], [ 37.58838, -0.61491 ], [ 37.58838, -0.61496 ], [ 37.58842, -0.61496 ], [ 37.58842, -0.615 ], [ 37.58842, -0.61505 ], [ 37.58842, -0.61509 ], [ 37.58846, -0.61509 ], [ 37.58846, -0.61513 ], [ 37.58851, -0.61518 ], [ 37.58855, -0.61518 ], [ 37.58855, -0.61522 ], [ 37.58859, -0.61522 ], [ 37.58864, -0.61526 ], [ 37.58873, -0.61531 ], [ 37.58877, -0.6154 ], [ 37.58886, -0.6154 ], [ 37.5889, -0.6154 ], [ 37.58894, -0.6154 ], [ 37.58899, -0.6154 ], [ 37.58908, -0.6154 ], [ 37.58912, -0.6154 ], [ 37.58916, -0.6154 ], [ 37.58921, -0.6154 ], [ 37.58925, -0.6154 ], [ 37.58929, -0.6154 ], [ 37.58934, -0.6154 ], [ 37.58943, -0.6154 ], [ 37.58947, -0.6154 ], [ 37.58956, -0.6154 ], [ 37.58964, -0.6154 ], [ 37.58969, -0.6154 ], [ 37.58973, -0.61535 ], [ 37.58978, -0.61535 ], [ 37.58981, -0.61532 ], [ 37.58982, -0.61531 ], [ 37.58991, -0.61526 ], [ 37.58999, -0.61518 ], [ 37.59004, -0.61513 ], [ 37.59008, -0.61509 ], [ 37.59013, -0.61509 ], [ 37.59013, -0.61505 ], [ 37.59017, -0.615 ], [ 37.59017, -0.61496 ], [ 37.59021, -0.61496 ], [ 37.59026, -0.61491 ], [ 37.59026, -0.61487 ], [ 37.59026, -0.61483 ], [ 37.5903, -0.61478 ], [ 37.5903, -0.61474 ], [ 37.59034, -0.6147 ], [ 37.59034, -0.61465 ], [ 37.59039, -0.61461 ], [ 37.59043, -0.61461 ], [ 37.59048, -0.61461 ], [ 37.59052, -0.61465 ], [ 37.59056, -0.61465 ], [ 37.59056, -0.6147 ], [ 37.59056, -0.61474 ], [ 37.59061, -0.61474 ], [ 37.59061, -0.61478 ], [ 37.59061, -0.61483 ], [ 37.59065, -0.61487 ], [ 37.59069, -0.61487 ], [ 37.59074, -0.61487 ], [ 37.59078, -0.61487 ], [ 37.59083, -0.61487 ], [ 37.59087, -0.61487 ], [ 37.59091, -0.61487 ], [ 37.591, -0.61487 ], [ 37.59104, -0.61483 ], [ 37.59104, -0.61478 ], [ 37.59104, -0.61474 ], [ 37.59104, -0.6147 ], [ 37.59109, -0.6147 ], [ 37.59109, -0.61465 ], [ 37.59113, -0.61461 ], [ 37.59113, -0.61456 ], [ 37.59118, -0.61452 ], [ 37.59122, -0.61448 ], [ 37.59122, -0.61443 ], [ 37.59126, -0.61439 ], [ 37.59131, -0.61435 ], [ 37.59131, -0.6143 ], [ 37.59131, -0.61426 ], [ 37.59135, -0.61421 ], [ 37.59135, -0.61417 ], [ 37.59139, -0.61413 ], [ 37.59139, -0.61408 ], [ 37.59144, -0.61404 ], [ 37.59144, -0.614 ], [ 37.59148, -0.614 ], [ 37.59148, -0.61395 ], [ 37.59152, -0.61391 ], [ 37.59152, -0.61386 ], [ 37.59152, -0.61382 ], [ 37.59157, -0.61382 ], [ 37.59161, -0.61378 ], [ 37.59161, -0.61373 ], [ 37.59166, -0.61369 ], [ 37.59166, -0.61365 ], [ 37.59166, -0.6136 ], [ 37.59166, -0.61356 ], [ 37.59166, -0.61351 ], [ 37.59166, -0.61347 ], [ 37.59166, -0.61343 ], [ 37.59166, -0.61338 ], [ 37.59166, -0.61334 ], [ 37.59166, -0.6133 ], [ 37.59166, -0.61325 ], [ 37.59166, -0.61321 ], [ 37.5917, -0.61317 ], [ 37.5917, -0.61312 ], [ 37.59174, -0.61308 ], [ 37.59174, -0.61303 ], [ 37.59179, -0.61303 ], [ 37.59179, -0.61299 ], [ 37.59183, -0.61295 ], [ 37.59183, -0.6129 ], [ 37.59183, -0.61286 ], [ 37.59183, -0.61282 ], [ 37.59183, -0.61277 ], [ 37.59183, -0.61273 ], [ 37.59183, -0.61268 ], [ 37.59183, -0.61264 ], [ 37.59183, -0.6126 ], [ 37.59183, -0.61255 ], [ 37.59183, -0.61251 ], [ 37.59183, -0.61247 ], [ 37.59183, -0.61242 ], [ 37.59183, -0.61238 ], [ 37.59183, -0.61233 ], [ 37.59183, -0.61229 ], [ 37.59183, -0.61225 ], [ 37.59183, -0.61216 ], [ 37.59183, -0.61212 ], [ 37.59183, -0.61207 ], [ 37.59183, -0.61203 ], [ 37.59183, -0.61198 ], [ 37.59183, -0.61194 ], [ 37.59183, -0.6119 ], [ 37.59192, -0.6119 ], [ 37.59209, -0.61185 ], [ 37.59222, -0.61185 ], [ 37.59227, -0.61181 ], [ 37.59231, -0.61181 ], [ 37.59236, -0.61181 ], [ 37.59244, -0.61177 ], [ 37.59253, -0.61177 ], [ 37.59262, -0.61172 ], [ 37.59266, -0.61172 ], [ 37.59266, -0.61168 ], [ 37.59271, -0.61168 ], [ 37.59275, -0.61163 ], [ 37.59279, -0.61159 ], [ 37.59284, -0.61155 ], [ 37.59288, -0.61155 ], [ 37.59292, -0.61155 ], [ 37.59292, -0.61146 ], [ 37.59297, -0.61146 ], [ 37.59297, -0.61142 ], [ 37.59314, -0.61137 ], [ 37.59327, -0.61128 ], [ 37.59332, -0.61124 ], [ 37.59341, -0.6112 ], [ 37.59341, -0.61115 ], [ 37.59341, -0.61111 ], [ 37.59345, -0.61107 ], [ 37.59349, -0.61102 ], [ 37.59354, -0.61098 ], [ 37.59358, -0.61093 ], [ 37.59362, -0.61093 ], [ 37.59362, -0.61089 ], [ 37.59367, -0.61085 ], [ 37.59371, -0.61085 ], [ 37.59371, -0.6108 ], [ 37.59376, -0.6108 ], [ 37.5938, -0.6108 ], [ 37.59384, -0.61076 ], [ 37.59389, -0.61072 ], [ 37.59393, -0.61072 ], [ 37.59397, -0.61072 ], [ 37.59402, -0.61072 ], [ 37.59415, -0.61072 ], [ 37.59432, -0.61072 ], [ 37.59437, -0.61072 ], [ 37.59441, -0.61072 ], [ 37.59446, -0.61072 ], [ 37.5945, -0.61072 ], [ 37.59463, -0.61076 ], [ 37.59467, -0.61076 ], [ 37.59476, -0.6108 ], [ 37.59481, -0.6108 ], [ 37.59481, -0.61085 ], [ 37.59485, -0.61085 ], [ 37.59489, -0.61089 ], [ 37.59498, -0.61089 ], [ 37.59502, -0.61093 ], [ 37.59511, -0.61093 ], [ 37.5952, -0.61098 ], [ 37.59529, -0.61098 ], [ 37.59533, -0.61102 ], [ 37.59537, -0.61102 ], [ 37.59537, -0.61107 ], [ 37.59537, -0.61111 ], [ 37.59542, -0.61111 ], [ 37.59542, -0.61115 ], [ 37.59542, -0.6112 ], [ 37.59546, -0.6112 ], [ 37.5955, -0.6112 ], [ 37.59555, -0.61124 ], [ 37.59564, -0.61128 ], [ 37.59568, -0.61137 ], [ 37.59572, -0.61137 ], [ 37.59577, -0.61146 ], [ 37.59581, -0.6115 ], [ 37.59581, -0.61155 ], [ 37.59585, -0.61155 ], [ 37.59585, -0.61159 ], [ 37.59585, -0.61163 ], [ 37.5959, -0.61168 ], [ 37.59594, -0.61168 ], [ 37.59594, -0.61172 ], [ 37.59599, -0.61172 ], [ 37.59603, -0.61177 ], [ 37.59612, -0.61177 ], [ 37.59616, -0.61177 ], [ 37.59634, -0.61177 ], [ 37.59638, -0.61177 ], [ 37.59642, -0.61177 ], [ 37.59647, -0.61181 ], [ 37.59651, -0.61181 ], [ 37.59651, -0.61185 ], [ 37.59655, -0.6119 ], [ 37.5966, -0.61194 ], [ 37.5966, -0.61198 ], [ 37.59664, -0.61203 ], [ 37.59664, -0.61207 ], [ 37.59669, -0.61207 ], [ 37.59669, -0.61212 ], [ 37.59669, -0.61216 ], [ 37.59669, -0.6122 ], [ 37.59669, -0.61225 ], [ 37.59669, -0.61229 ], [ 37.59669, -0.61233 ], [ 37.59669, -0.61238 ], [ 37.59669, -0.61242 ], [ 37.59669, -0.61247 ], [ 37.59669, -0.61251 ], [ 37.59669, -0.61255 ], [ 37.59669, -0.6126 ], [ 37.59673, -0.6126 ], [ 37.59673, -0.61264 ], [ 37.59673, -0.61268 ], [ 37.59677, -0.61268 ], [ 37.59677, -0.61273 ], [ 37.59682, -0.61273 ], [ 37.59686, -0.61273 ], [ 37.5969, -0.61273 ], [ 37.59695, -0.61273 ], [ 37.59699, -0.61273 ], [ 37.59704, -0.61273 ], [ 37.59708, -0.61273 ], [ 37.59712, -0.61273 ], [ 37.59717, -0.61273 ], [ 37.59721, -0.61273 ], [ 37.59725, -0.61273 ], [ 37.5973, -0.61273 ], [ 37.59734, -0.61273 ], [ 37.59734, -0.61268 ], [ 37.59739, -0.61264 ], [ 37.59739, -0.6126 ], [ 37.59743, -0.61255 ], [ 37.59743, -0.61251 ], [ 37.59743, -0.61247 ], [ 37.59743, -0.61242 ], [ 37.59743, -0.61238 ], [ 37.59743, -0.61233 ], [ 37.59743, -0.61229 ], [ 37.59743, -0.61225 ], [ 37.59743, -0.6122 ], [ 37.59743, -0.61216 ], [ 37.59743, -0.61212 ], [ 37.59743, -0.61207 ], [ 37.59747, -0.61207 ], [ 37.5976, -0.61207 ], [ 37.59769, -0.61207 ], [ 37.59774, -0.61207 ], [ 37.59782, -0.61212 ], [ 37.59782, -0.61216 ], [ 37.59787, -0.61216 ], [ 37.59791, -0.6122 ], [ 37.598, -0.61229 ], [ 37.59804, -0.61233 ], [ 37.59809, -0.61238 ], [ 37.59813, -0.61242 ], [ 37.59817, -0.61247 ], [ 37.5983, -0.6126 ], [ 37.59844, -0.61264 ], [ 37.59857, -0.61268 ], [ 37.59857, -0.61273 ], [ 37.59861, -0.61273 ], [ 37.59865, -0.61277 ], [ 37.5987, -0.61277 ], [ 37.5987, -0.61282 ], [ 37.59874, -0.61282 ], [ 37.59879, -0.61282 ], [ 37.59879, -0.61286 ], [ 37.59883, -0.61286 ], [ 37.59887, -0.61286 ], [ 37.59892, -0.61286 ], [ 37.599, -0.61286 ], [ 37.59909, -0.61286 ], [ 37.59913, -0.61286 ], [ 37.59918, -0.61286 ], [ 37.59927, -0.61286 ], [ 37.59931, -0.61286 ], [ 37.59935, -0.61286 ], [ 37.5994, -0.61286 ], [ 37.59944, -0.6129 ], [ 37.59944, -0.61295 ], [ 37.59948, -0.61295 ], [ 37.59953, -0.61299 ], [ 37.59957, -0.61308 ], [ 37.59966, -0.61312 ], [ 37.59966, -0.61317 ], [ 37.59966, -0.61321 ], [ 37.59962, -0.61321 ], [ 37.6001, -0.6133 ], [ 37.60014, -0.6133 ], [ 37.60018, -0.61334 ], [ 37.60032, -0.61338 ], [ 37.60036, -0.61347 ], [ 37.60045, -0.61347 ], [ 37.60049, -0.61347 ], [ 37.60049, -0.61351 ], [ 37.60049, -0.61356 ], [ 37.60053, -0.61356 ], [ 37.60058, -0.61356 ], [ 37.60062, -0.61356 ], [ 37.60067, -0.61356 ], [ 37.60071, -0.61356 ], [ 37.6008, -0.61356 ], [ 37.60084, -0.61356 ], [ 37.60088, -0.61356 ], [ 37.60097, -0.61356 ], [ 37.60102, -0.61356 ], [ 37.6011, -0.61356 ], [ 37.60115, -0.61356 ], [ 37.60119, -0.61356 ], [ 37.60123, -0.61356 ], [ 37.60128, -0.61356 ], [ 37.60132, -0.61356 ], [ 37.60137, -0.61356 ], [ 37.60141, -0.6136 ], [ 37.60145, -0.6136 ], [ 37.6015, -0.6136 ], [ 37.60154, -0.6136 ], [ 37.60154, -0.61365 ], [ 37.60158, -0.61365 ], [ 37.60163, -0.61369 ], [ 37.60163, -0.61373 ], [ 37.60163, -0.61382 ], [ 37.60163, -0.61386 ], [ 37.60163, -0.61395 ], [ 37.60167, -0.614 ], [ 37.60167, -0.61404 ], [ 37.60167, -0.61408 ], [ 37.60167, -0.61413 ], [ 37.60172, -0.61417 ], [ 37.60172, -0.61421 ], [ 37.60176, -0.61421 ], [ 37.6018, -0.61421 ], [ 37.60185, -0.61421 ], [ 37.60193, -0.61421 ], [ 37.60198, -0.61421 ], [ 37.60202, -0.61421 ], [ 37.60211, -0.61426 ], [ 37.60215, -0.6143 ], [ 37.6022, -0.6143 ], [ 37.60224, -0.61435 ], [ 37.60224, -0.61439 ], [ 37.60224, -0.61448 ], [ 37.60224, -0.61452 ], [ 37.60224, -0.61465 ], [ 37.60224, -0.61474 ], [ 37.60224, -0.61478 ], [ 37.60228, -0.61483 ], [ 37.60228, -0.61487 ], [ 37.60233, -0.61491 ], [ 37.60237, -0.61496 ], [ 37.60242, -0.615 ], [ 37.6025, -0.61505 ], [ 37.60255, -0.61505 ], [ 37.60255, -0.61509 ], [ 37.60259, -0.61509 ], [ 37.60263, -0.61509 ], [ 37.60263, -0.61513 ], [ 37.60268, -0.61513 ], [ 37.60272, -0.61518 ], [ 37.60277, -0.61522 ], [ 37.60281, -0.61522 ], [ 37.60281, -0.61526 ], [ 37.60294, -0.61535 ], [ 37.60307, -0.61544 ], [ 37.60311, -0.61548 ], [ 37.60316, -0.61553 ], [ 37.6032, -0.61557 ], [ 37.60325, -0.61557 ], [ 37.60329, -0.61557 ], [ 37.60329, -0.61561 ], [ 37.60333, -0.61566 ], [ 37.60338, -0.6157 ], [ 37.60342, -0.61575 ], [ 37.60346, -0.61579 ], [ 37.60351, -0.61583 ], [ 37.60355, -0.61583 ], [ 37.6036, -0.61588 ], [ 37.6036, -0.61592 ], [ 37.6036, -0.61596 ], [ 37.6036, -0.61601 ], [ 37.6036, -0.61605 ], [ 37.6036, -0.61614 ], [ 37.6036, -0.61618 ], [ 37.6036, -0.61627 ], [ 37.6036, -0.61636 ], [ 37.6036, -0.6164 ], [ 37.6036, -0.61644 ], [ 37.6036, -0.61653 ], [ 37.6036, -0.61662 ], [ 37.6036, -0.61666 ], [ 37.6036, -0.61675 ], [ 37.6036, -0.61679 ], [ 37.6036, -0.61684 ], [ 37.6036, -0.61688 ], [ 37.6036, -0.61693 ], [ 37.6036, -0.61706 ], [ 37.6036, -0.6171 ], [ 37.6036, -0.61714 ], [ 37.6036, -0.61723 ], [ 37.6036, -0.61728 ], [ 37.6036, -0.61732 ], [ 37.6036, -0.61741 ], [ 37.6036, -0.61749 ], [ 37.6036, -0.61754 ], [ 37.6036, -0.61758 ], [ 37.6036, -0.61767 ], [ 37.6036, -0.61771 ], [ 37.6036, -0.6178 ], [ 37.6036, -0.61784 ], [ 37.6036, -0.61789 ], [ 37.60364, -0.61793 ], [ 37.60368, -0.61798 ], [ 37.60368, -0.61802 ], [ 37.60368, -0.61806 ], [ 37.60373, -0.61815 ], [ 37.60373, -0.61819 ], [ 37.60381, -0.61828 ], [ 37.60386, -0.61833 ], [ 37.6039, -0.61841 ], [ 37.60395, -0.61846 ], [ 37.60399, -0.6185 ], [ 37.60403, -0.61859 ], [ 37.60403, -0.61863 ], [ 37.60403, -0.61868 ], [ 37.60403, -0.61872 ], [ 37.60408, -0.61876 ], [ 37.60408, -0.61881 ], [ 37.60412, -0.61889 ], [ 37.60412, -0.61898 ], [ 37.60421, -0.61907 ], [ 37.60421, -0.61911 ], [ 37.60425, -0.61916 ], [ 37.60425, -0.6192 ], [ 37.6043, -0.61924 ], [ 37.60434, -0.61933 ], [ 37.60438, -0.61937 ], [ 37.60443, -0.61942 ], [ 37.60447, -0.61951 ], [ 37.60451, -0.61955 ], [ 37.60456, -0.61959 ], [ 37.6046, -0.61959 ], [ 37.6046, -0.61964 ], [ 37.60465, -0.61968 ], [ 37.60469, -0.61972 ], [ 37.60473, -0.61972 ], [ 37.60478, -0.61977 ], [ 37.60482, -0.61981 ], [ 37.60482, -0.61986 ], [ 37.60486, -0.61986 ], [ 37.60491, -0.61994 ], [ 37.60495, -0.61994 ], [ 37.60496, -0.61995 ], [ 37.60508, -0.62003 ], [ 37.60513, -0.62007 ], [ 37.60517, -0.62007 ], [ 37.60521, -0.62012 ], [ 37.60526, -0.62016 ], [ 37.6053, -0.62016 ], [ 37.6053, -0.62021 ], [ 37.60535, -0.62021 ], [ 37.60543, -0.62021 ], [ 37.60591, -0.62029 ], [ 37.60613, -0.62029 ], [ 37.60631, -0.62029 ], [ 37.60635, -0.62029 ], [ 37.6064, -0.62029 ], [ 37.6064, -0.62034 ], [ 37.60657, -0.62047 ], [ 37.60666, -0.62051 ], [ 37.60675, -0.6206 ], [ 37.60679, -0.62064 ], [ 37.60679, -0.62069 ], [ 37.60688, -0.62077 ], [ 37.60692, -0.62082 ], [ 37.60696, -0.62091 ], [ 37.60701, -0.62095 ], [ 37.60705, -0.62095 ], [ 37.60705, -0.62099 ], [ 37.60709, -0.62099 ], [ 37.60709, -0.62104 ], [ 37.60714, -0.62108 ], [ 37.60718, -0.62117 ], [ 37.60727, -0.6213 ], [ 37.60736, -0.62143 ], [ 37.60736, -0.62147 ], [ 37.6074, -0.62156 ], [ 37.60744, -0.62161 ], [ 37.60749, -0.62174 ], [ 37.60749, -0.62178 ], [ 37.60753, -0.62178 ], [ 37.60753, -0.62182 ], [ 37.60753, -0.62187 ], [ 37.60758, -0.62196 ], [ 37.60758, -0.622 ], [ 37.60762, -0.62209 ], [ 37.60766, -0.62209 ], [ 37.60771, -0.62217 ], [ 37.60775, -0.62222 ], [ 37.60775, -0.62226 ], [ 37.60779, -0.6223 ], [ 37.60779, -0.62235 ], [ 37.60779, -0.62239 ], [ 37.60779, -0.62244 ], [ 37.60779, -0.62248 ], [ 37.60784, -0.62252 ], [ 37.60784, -0.62261 ], [ 37.60788, -0.62265 ], [ 37.60788, -0.6227 ], [ 37.60793, -0.62283 ], [ 37.60793, -0.62287 ], [ 37.60793, -0.62292 ], [ 37.60793, -0.623 ], [ 37.60793, -0.62305 ], [ 37.60793, -0.62309 ], [ 37.60793, -0.62314 ], [ 37.60793, -0.62318 ], [ 37.60793, -0.62322 ], [ 37.60793, -0.62327 ], [ 37.60793, -0.62331 ], [ 37.60793, -0.62335 ], [ 37.60793, -0.6234 ], [ 37.60793, -0.62344 ], [ 37.60793, -0.62349 ], [ 37.60793, -0.62353 ], [ 37.60793, -0.62362 ], [ 37.60793, -0.62366 ], [ 37.60793, -0.6237 ], [ 37.60793, -0.62375 ], [ 37.60793, -0.62379 ], [ 37.60793, -0.62384 ], [ 37.60793, -0.62388 ], [ 37.60793, -0.62392 ], [ 37.60793, -0.62397 ], [ 37.60793, -0.62401 ], [ 37.60793, -0.62405 ], [ 37.60793, -0.62414 ], [ 37.60793, -0.62419 ], [ 37.60793, -0.62423 ], [ 37.60797, -0.62427 ], [ 37.60797, -0.62436 ], [ 37.60801, -0.62436 ], [ 37.60801, -0.6244 ], [ 37.60806, -0.62445 ], [ 37.6081, -0.62454 ], [ 37.60814, -0.62454 ], [ 37.60819, -0.62454 ], [ 37.60819, -0.62458 ], [ 37.60828, -0.62467 ], [ 37.60828, -0.62475 ], [ 37.60836, -0.6248 ], [ 37.60836, -0.62484 ], [ 37.60841, -0.62484 ], [ 37.60841, -0.62489 ], [ 37.60836, -0.62493 ], [ 37.61287, -0.63144 ], [ 37.61344, -0.62607 ], [ 37.61344, -0.62539 ], [ 37.61344, -0.6251 ], [ 37.61479, -0.62091 ], [ 37.61562, -0.61916 ], [ 37.6165, -0.61929 ], [ 37.61654, -0.61933 ], [ 37.61663, -0.61933 ], [ 37.61672, -0.61933 ], [ 37.61676, -0.61933 ], [ 37.61689, -0.61933 ], [ 37.61694, -0.61937 ], [ 37.61702, -0.61942 ], [ 37.61707, -0.61942 ], [ 37.61711, -0.61946 ], [ 37.61711, -0.61951 ], [ 37.61715, -0.61955 ], [ 37.6172, -0.61959 ], [ 37.61724, -0.61964 ], [ 37.61733, -0.61968 ], [ 37.61733, -0.61972 ], [ 37.61746, -0.61981 ], [ 37.6175, -0.61986 ], [ 37.61755, -0.6199 ], [ 37.61759, -0.6199 ], [ 37.61764, -0.6199 ], [ 37.61777, -0.61994 ], [ 37.61777, -0.61999 ], [ 37.61781, -0.61999 ], [ 37.61785, -0.61999 ], [ 37.61799, -0.62003 ], [ 37.61812, -0.62003 ], [ 37.6182, -0.62003 ], [ 37.61834, -0.62007 ], [ 37.61838, -0.62007 ], [ 37.61842, -0.62007 ], [ 37.61847, -0.62007 ], [ 37.61851, -0.62007 ], [ 37.6186, -0.62007 ], [ 37.61864, -0.62007 ], [ 37.61868, -0.62007 ], [ 37.61877, -0.62007 ], [ 37.61882, -0.62007 ], [ 37.61886, -0.62007 ], [ 37.6189, -0.62007 ], [ 37.61895, -0.62007 ], [ 37.61899, -0.62007 ], [ 37.61903, -0.62007 ], [ 37.61912, -0.62007 ], [ 37.61921, -0.62007 ], [ 37.61925, -0.62012 ], [ 37.6193, -0.62012 ], [ 37.61934, -0.62012 ], [ 37.61938, -0.62012 ], [ 37.61947, -0.62016 ], [ 37.61952, -0.62016 ], [ 37.61956, -0.62016 ], [ 37.6196, -0.62016 ], [ 37.61965, -0.62016 ], [ 37.61973, -0.62016 ], [ 37.61978, -0.62016 ], [ 37.6198, -0.62016 ], [ 37.61982, -0.62016 ], [ 37.61987, -0.62016 ], [ 37.61991, -0.62016 ], [ 37.61995, -0.62016 ], [ 37.62004, -0.62016 ], [ 37.62008, -0.62016 ], [ 37.62013, -0.62016 ], [ 37.62017, -0.62016 ], [ 37.62022, -0.62021 ], [ 37.62022, -0.62025 ], [ 37.62026, -0.62025 ], [ 37.62026, -0.62029 ], [ 37.6203, -0.62029 ], [ 37.62035, -0.62034 ], [ 37.62035, -0.62038 ], [ 37.62035, -0.62042 ], [ 37.62035, -0.62047 ], [ 37.62035, -0.62051 ], [ 37.62035, -0.62056 ], [ 37.62035, -0.6206 ], [ 37.62039, -0.6206 ], [ 37.62043, -0.6206 ], [ 37.62048, -0.6206 ], [ 37.62052, -0.6206 ], [ 37.62061, -0.6206 ], [ 37.62063, -0.62056 ], [ 37.62065, -0.62051 ], [ 37.6207, -0.62051 ], [ 37.6207, -0.62047 ], [ 37.62078, -0.62042 ], [ 37.62078, -0.62038 ], [ 37.62083, -0.62029 ], [ 37.62087, -0.62029 ], [ 37.62087, -0.62025 ], [ 37.62092, -0.62021 ], [ 37.62096, -0.62012 ], [ 37.62096, -0.62007 ], [ 37.621, -0.62007 ], [ 37.621, -0.62003 ], [ 37.62113, -0.61999 ], [ 37.62118, -0.61999 ], [ 37.62127, -0.61999 ], [ 37.62127, -0.62003 ], [ 37.62131, -0.62003 ], [ 37.62135, -0.62003 ], [ 37.6214, -0.62003 ], [ 37.62144, -0.62007 ], [ 37.62148, -0.62016 ], [ 37.62157, -0.62021 ], [ 37.62162, -0.62025 ], [ 37.62166, -0.62029 ], [ 37.6217, -0.62034 ], [ 37.62175, -0.62034 ], [ 37.62179, -0.62042 ], [ 37.62188, -0.62047 ], [ 37.62192, -0.62051 ], [ 37.62192, -0.62056 ], [ 37.62197, -0.62056 ], [ 37.62201, -0.62056 ], [ 37.62205, -0.6206 ], [ 37.6221, -0.6206 ], [ 37.62214, -0.6206 ], [ 37.62218, -0.6206 ], [ 37.62223, -0.62064 ], [ 37.62227, -0.62064 ], [ 37.62231, -0.62064 ], [ 37.62236, -0.62064 ], [ 37.6224, -0.62064 ], [ 37.62245, -0.62064 ], [ 37.62245, -0.62069 ], [ 37.62258, -0.62073 ], [ 37.62262, -0.62077 ], [ 37.62266, -0.62082 ], [ 37.62271, -0.62082 ], [ 37.62271, -0.62086 ], [ 37.62275, -0.62086 ], [ 37.6228, -0.62086 ], [ 37.62284, -0.62086 ], [ 37.62284, -0.62091 ], [ 37.62288, -0.62091 ], [ 37.62293, -0.62091 ], [ 37.62297, -0.62091 ], [ 37.62301, -0.62091 ], [ 37.62306, -0.62091 ], [ 37.6231, -0.62091 ], [ 37.6231, -0.62095 ], [ 37.62315, -0.62095 ], [ 37.62315, -0.62099 ], [ 37.62319, -0.62099 ], [ 37.62323, -0.62099 ], [ 37.62323, -0.62104 ], [ 37.62328, -0.62108 ], [ 37.62332, -0.62112 ], [ 37.62332, -0.62117 ], [ 37.62336, -0.62121 ], [ 37.62336, -0.62126 ], [ 37.62336, -0.6213 ], [ 37.62336, -0.62134 ], [ 37.62336, -0.62139 ], [ 37.62336, -0.62143 ], [ 37.62341, -0.62152 ], [ 37.62345, -0.62161 ], [ 37.62345, -0.62169 ], [ 37.62354, -0.62182 ], [ 37.62358, -0.62191 ], [ 37.62358, -0.62196 ], [ 37.62367, -0.62209 ], [ 37.62376, -0.62213 ], [ 37.62376, -0.62217 ], [ 37.62376, -0.62222 ], [ 37.6238, -0.62222 ], [ 37.6238, -0.62226 ], [ 37.62385, -0.62226 ], [ 37.62389, -0.62226 ], [ 37.62393, -0.62235 ], [ 37.62402, -0.62239 ], [ 37.62411, -0.62244 ], [ 37.6242, -0.62244 ], [ 37.62424, -0.62244 ], [ 37.62428, -0.62244 ], [ 37.62433, -0.62244 ], [ 37.62441, -0.62244 ], [ 37.62446, -0.62244 ], [ 37.6245, -0.62244 ], [ 37.62459, -0.62244 ], [ 37.62463, -0.62244 ], [ 37.62468, -0.62244 ], [ 37.62472, -0.62248 ], [ 37.62476, -0.62248 ], [ 37.62476, -0.62252 ], [ 37.62485, -0.62252 ], [ 37.6249, -0.62257 ], [ 37.6249, -0.62261 ], [ 37.62494, -0.62261 ], [ 37.62498, -0.62261 ], [ 37.62498, -0.62265 ], [ 37.62503, -0.62265 ], [ 37.62507, -0.62265 ], [ 37.62511, -0.62265 ], [ 37.62516, -0.62265 ], [ 37.6252, -0.62265 ], [ 37.62529, -0.62265 ], [ 37.62542, -0.62265 ], [ 37.62546, -0.62265 ], [ 37.62551, -0.62265 ], [ 37.6256, -0.62265 ], [ 37.62564, -0.62265 ], [ 37.62568, -0.62265 ], [ 37.62573, -0.62265 ], [ 37.62577, -0.62265 ], [ 37.62586, -0.62265 ], [ 37.62599, -0.62265 ], [ 37.62608, -0.62265 ], [ 37.62612, -0.62265 ], [ 37.62625, -0.62265 ], [ 37.62629, -0.62265 ], [ 37.62634, -0.62265 ], [ 37.62643, -0.62265 ], [ 37.62651, -0.62261 ], [ 37.6266, -0.62261 ], [ 37.62664, -0.62257 ], [ 37.62678, -0.62252 ], [ 37.62682, -0.62248 ], [ 37.62682, -0.62244 ], [ 37.62686, -0.62239 ], [ 37.62691, -0.62239 ], [ 37.62704, -0.62226 ], [ 37.62708, -0.62222 ], [ 37.62708, -0.62217 ], [ 37.62708, -0.62213 ], [ 37.62713, -0.62209 ], [ 37.62713, -0.62204 ], [ 37.62717, -0.62204 ], [ 37.62721, -0.622 ], [ 37.6273, -0.62196 ], [ 37.6273, -0.62191 ], [ 37.62734, -0.62187 ], [ 37.62739, -0.62187 ], [ 37.62743, -0.62187 ], [ 37.62748, -0.62187 ], [ 37.62752, -0.62187 ], [ 37.62765, -0.62178 ], [ 37.62769, -0.62174 ], [ 37.62774, -0.62169 ], [ 37.62783, -0.62169 ], [ 37.62783, -0.62165 ], [ 37.62791, -0.62165 ], [ 37.62796, -0.62165 ], [ 37.62804, -0.62161 ], [ 37.62818, -0.62156 ], [ 37.62822, -0.62156 ], [ 37.62831, -0.62156 ], [ 37.62835, -0.62156 ], [ 37.62839, -0.62156 ], [ 37.62861, -0.62156 ], [ 37.6287, -0.62156 ], [ 37.62879, -0.62156 ], [ 37.62888, -0.62156 ], [ 37.62892, -0.62156 ], [ 37.62901, -0.62156 ], [ 37.62909, -0.62156 ], [ 37.62914, -0.62156 ], [ 37.62923, -0.62156 ], [ 37.62927, -0.62156 ], [ 37.62931, -0.62156 ], [ 37.6294, -0.62152 ], [ 37.62944, -0.62152 ], [ 37.62953, -0.62147 ], [ 37.62962, -0.62147 ], [ 37.62966, -0.62143 ], [ 37.62971, -0.62143 ], [ 37.62975, -0.62143 ], [ 37.62979, -0.62143 ], [ 37.62984, -0.62143 ], [ 37.62988, -0.62147 ], [ 37.62993, -0.62147 ], [ 37.62997, -0.62147 ], [ 37.63001, -0.62147 ], [ 37.63001, -0.62152 ], [ 37.63006, -0.62156 ], [ 37.63006, -0.62161 ], [ 37.63006, -0.62165 ], [ 37.63006, -0.62169 ], [ 37.63006, -0.62178 ], [ 37.63006, -0.62182 ], [ 37.63006, -0.62187 ], [ 37.63006, -0.62191 ], [ 37.63006, -0.62196 ], [ 37.63006, -0.622 ], [ 37.63006, -0.62204 ], [ 37.63006, -0.62209 ], [ 37.63006, -0.62217 ], [ 37.63006, -0.62226 ], [ 37.63006, -0.6223 ], [ 37.63006, -0.62235 ], [ 37.63006, -0.62239 ], [ 37.6301, -0.62239 ], [ 37.6301, -0.62244 ], [ 37.63014, -0.62252 ], [ 37.63014, -0.62261 ], [ 37.63014, -0.62265 ], [ 37.63019, -0.6227 ], [ 37.63019, -0.62274 ], [ 37.63023, -0.62274 ], [ 37.63032, -0.62279 ], [ 37.63036, -0.62279 ], [ 37.63041, -0.62283 ], [ 37.63045, -0.62283 ], [ 37.63049, -0.62283 ], [ 37.63049, -0.62287 ], [ 37.63054, -0.62287 ], [ 37.63054, -0.62292 ], [ 37.63058, -0.62296 ], [ 37.63062, -0.62309 ], [ 37.63071, -0.62314 ], [ 37.63071, -0.62318 ], [ 37.63071, -0.62322 ], [ 37.63067, -0.62331 ], [ 37.63062, -0.62335 ], [ 37.63049, -0.6234 ], [ 37.63045, -0.6234 ], [ 37.63036, -0.62344 ], [ 37.63027, -0.62344 ], [ 37.63023, -0.62344 ], [ 37.63019, -0.62344 ], [ 37.6301, -0.62344 ], [ 37.63006, -0.62344 ], [ 37.63001, -0.62344 ], [ 37.63001, -0.62349 ], [ 37.63001, -0.62375 ], [ 37.63001, -0.62397 ], [ 37.63001, -0.62405 ], [ 37.63001, -0.6241 ], [ 37.63001, -0.62414 ], [ 37.63006, -0.62419 ], [ 37.6301, -0.62423 ], [ 37.63019, -0.62427 ], [ 37.63032, -0.62445 ], [ 37.63041, -0.62449 ], [ 37.63049, -0.62458 ], [ 37.63049, -0.62462 ], [ 37.63054, -0.62475 ], [ 37.63058, -0.6248 ], [ 37.63058, -0.62484 ], [ 37.63058, -0.62489 ], [ 37.63062, -0.62497 ], [ 37.63062, -0.62502 ], [ 37.63062, -0.62506 ], [ 37.63067, -0.62506 ], [ 37.63071, -0.6251 ], [ 37.6308, -0.62519 ], [ 37.63084, -0.62528 ], [ 37.63089, -0.62532 ], [ 37.63093, -0.62537 ], [ 37.63097, -0.62537 ], [ 37.63102, -0.62537 ], [ 37.63106, -0.62537 ], [ 37.63106, -0.62541 ], [ 37.63119, -0.62545 ], [ 37.63132, -0.62554 ], [ 37.63137, -0.62558 ], [ 37.63132, -0.62558 ], [ 37.63128, -0.62558 ], [ 37.63124, -0.62558 ], [ 37.63237, -0.62567 ], [ 37.63242, -0.62567 ], [ 37.63255, -0.62567 ], [ 37.63268, -0.62567 ], [ 37.63272, -0.62567 ], [ 37.63281, -0.62567 ], [ 37.63286, -0.62567 ], [ 37.6329, -0.62567 ], [ 37.63294, -0.62567 ], [ 37.63307, -0.62572 ], [ 37.63312, -0.62576 ], [ 37.63325, -0.6258 ], [ 37.63329, -0.62585 ], [ 37.63334, -0.62585 ], [ 37.63342, -0.62589 ], [ 37.63351, -0.62598 ], [ 37.63356, -0.62602 ], [ 37.6336, -0.62602 ], [ 37.6336, -0.62607 ], [ 37.63373, -0.62615 ], [ 37.63382, -0.6262 ], [ 37.63391, -0.62628 ], [ 37.63395, -0.62628 ], [ 37.63395, -0.62633 ], [ 37.63399, -0.62633 ], [ 37.63399, -0.62637 ], [ 37.63404, -0.62637 ], [ 37.63408, -0.62642 ], [ 37.63412, -0.62646 ], [ 37.63421, -0.6265 ], [ 37.63425, -0.62655 ], [ 37.63425, -0.62659 ], [ 37.63434, -0.62668 ], [ 37.63443, -0.62672 ], [ 37.63447, -0.62677 ], [ 37.63447, -0.62681 ], [ 37.63452, -0.62685 ], [ 37.63456, -0.6269 ], [ 37.6346, -0.6269 ], [ 37.63465, -0.62694 ], [ 37.63469, -0.62694 ], [ 37.63478, -0.62698 ], [ 37.63482, -0.62703 ], [ 37.63487, -0.62707 ], [ 37.63491, -0.62712 ], [ 37.635, -0.62716 ], [ 37.63513, -0.62725 ], [ 37.6353, -0.62725 ], [ 37.63539, -0.62725 ], [ 37.63548, -0.62725 ], [ 37.63552, -0.62725 ], [ 37.63565, -0.62725 ], [ 37.63574, -0.62725 ], [ 37.63583, -0.62725 ], [ 37.63592, -0.62725 ], [ 37.63596, -0.62725 ], [ 37.63605, -0.62725 ], [ 37.63618, -0.62725 ], [ 37.63622, -0.62725 ], [ 37.63627, -0.62725 ], [ 37.63631, -0.62725 ], [ 37.6364, -0.62725 ], [ 37.6364, -0.6272 ], [ 37.63653, -0.62716 ], [ 37.63657, -0.62712 ], [ 37.63662, -0.62712 ], [ 37.63666, -0.62703 ], [ 37.6367, -0.62698 ], [ 37.63679, -0.62698 ], [ 37.63679, -0.62694 ], [ 37.63679, -0.6269 ], [ 37.63684, -0.62685 ], [ 37.63688, -0.62685 ], [ 37.63688, -0.62681 ], [ 37.63692, -0.62677 ], [ 37.63701, -0.62668 ], [ 37.63719, -0.62663 ], [ 37.63727, -0.62663 ], [ 37.63732, -0.62663 ], [ 37.63736, -0.62663 ], [ 37.63745, -0.62663 ], [ 37.63758, -0.62663 ], [ 37.63771, -0.62663 ], [ 37.63775, -0.62663 ], [ 37.6378, -0.62663 ], [ 37.63788, -0.62663 ], [ 37.63797, -0.62663 ], [ 37.63797, -0.62668 ], [ 37.63806, -0.62672 ], [ 37.6381, -0.62681 ], [ 37.63815, -0.62681 ], [ 37.63815, -0.62685 ], [ 37.63819, -0.62685 ], [ 37.63823, -0.6269 ], [ 37.63828, -0.62694 ], [ 37.63828, -0.62698 ], [ 37.63828, -0.62703 ], [ 37.63828, -0.62707 ], [ 37.63837, -0.62712 ], [ 37.63841, -0.62716 ], [ 37.63841, -0.62725 ], [ 37.63845, -0.62729 ], [ 37.6385, -0.62733 ], [ 37.63854, -0.62733 ], [ 37.63858, -0.62733 ], [ 37.63863, -0.62733 ], [ 37.63863, -0.62738 ], [ 37.63867, -0.62738 ], [ 37.63872, -0.62738 ], [ 37.6388, -0.62733 ], [ 37.63893, -0.62729 ], [ 37.63898, -0.62729 ], [ 37.63898, -0.62725 ], [ 37.63902, -0.62716 ], [ 37.63907, -0.62716 ], [ 37.63911, -0.62712 ], [ 37.63915, -0.62703 ], [ 37.63915, -0.62698 ], [ 37.63915, -0.6269 ], [ 37.6392, -0.62685 ], [ 37.63924, -0.62685 ], [ 37.63924, -0.62681 ], [ 37.63924, -0.62677 ], [ 37.63924, -0.62672 ], [ 37.63924, -0.62668 ], [ 37.63928, -0.62663 ], [ 37.63937, -0.62659 ], [ 37.63946, -0.62659 ], [ 37.6395, -0.62659 ], [ 37.63955, -0.62659 ], [ 37.63977, -0.62659 ], [ 37.63994, -0.62659 ], [ 37.64003, -0.62659 ], [ 37.64007, -0.62659 ], [ 37.64028, -0.62662 ], [ 37.64038, -0.62663 ], [ 37.64055, -0.62663 ], [ 37.6406, -0.62663 ], [ 37.64064, -0.62663 ], [ 37.64077, -0.62663 ], [ 37.64099, -0.62672 ], [ 37.64108, -0.62685 ], [ 37.64117, -0.6269 ], [ 37.64121, -0.6269 ], [ 37.64121, -0.62694 ], [ 37.64125, -0.62698 ], [ 37.6413, -0.62698 ], [ 37.6413, -0.62703 ], [ 37.6413, -0.62707 ], [ 37.64134, -0.62707 ], [ 37.64134, -0.62712 ], [ 37.64134, -0.62716 ], [ 37.64138, -0.6272 ], [ 37.64147, -0.62725 ], [ 37.64156, -0.62733 ], [ 37.6416, -0.62738 ], [ 37.64165, -0.62747 ], [ 37.64173, -0.62755 ], [ 37.64178, -0.62755 ], [ 37.64182, -0.6276 ], [ 37.64186, -0.62764 ], [ 37.64191, -0.62768 ], [ 37.64195, -0.62768 ], [ 37.642, -0.62768 ], [ 37.64204, -0.62773 ], [ 37.64226, -0.62781 ], [ 37.6423, -0.62786 ], [ 37.6423, -0.6279 ], [ 37.6423, -0.62795 ], [ 37.6423, -0.62808 ], [ 37.6423, -0.62816 ], [ 37.6423, -0.62821 ], [ 37.6423, -0.6283 ], [ 37.6423, -0.62834 ], [ 37.6423, -0.62847 ], [ 37.6423, -0.62851 ], [ 37.64235, -0.62856 ], [ 37.64235, -0.6286 ], [ 37.64239, -0.62865 ], [ 37.64248, -0.62865 ], [ 37.64256, -0.62865 ], [ 37.6427, -0.62865 ], [ 37.64283, -0.62865 ], [ 37.643, -0.62865 ], [ 37.643, -0.62869 ], [ 37.64305, -0.62869 ], [ 37.64313, -0.62869 ], [ 37.64318, -0.62869 ], [ 37.64322, -0.62869 ], [ 37.64331, -0.62869 ], [ 37.64344, -0.62873 ], [ 37.64344, -0.62878 ], [ 37.64348, -0.62878 ], [ 37.64353, -0.62882 ], [ 37.64353, -0.62891 ], [ 37.64353, -0.62895 ], [ 37.64353, -0.629 ], [ 37.64353, -0.62904 ], [ 37.64348, -0.62908 ], [ 37.64348, -0.62917 ], [ 37.64344, -0.62921 ], [ 37.6434, -0.62926 ], [ 37.6434, -0.6293 ], [ 37.64335, -0.6293 ], [ 37.64331, -0.62935 ], [ 37.64331, -0.62939 ], [ 37.64331, -0.62943 ], [ 37.64331, -0.62948 ], [ 37.64335, -0.62948 ], [ 37.64335, -0.62952 ], [ 37.6434, -0.62952 ], [ 37.64344, -0.62952 ], [ 37.64348, -0.62952 ], [ 37.64361, -0.62952 ], [ 37.6437, -0.62952 ], [ 37.64375, -0.62952 ], [ 37.64379, -0.62948 ], [ 37.64388, -0.62939 ], [ 37.64388, -0.62935 ], [ 37.64388, -0.6293 ], [ 37.64392, -0.6293 ], [ 37.64392, -0.62935 ], [ 37.64396, -0.62939 ], [ 37.64396, -0.62943 ], [ 37.64401, -0.62943 ], [ 37.64405, -0.62952 ], [ 37.6441, -0.62952 ], [ 37.64414, -0.62956 ], [ 37.64418, -0.62961 ], [ 37.64427, -0.62961 ], [ 37.64431, -0.62965 ], [ 37.64436, -0.6297 ], [ 37.6444, -0.62974 ], [ 37.6444, -0.62978 ], [ 37.64449, -0.62978 ], [ 37.64453, -0.62983 ], [ 37.64458, -0.62983 ], [ 37.64458, -0.62987 ], [ 37.64462, -0.62991 ], [ 37.64466, -0.62991 ], [ 37.64466, -0.62996 ], [ 37.64471, -0.63 ], [ 37.64475, -0.63 ], [ 37.6448, -0.63 ], [ 37.64484, -0.63 ], [ 37.64488, -0.63005 ], [ 37.64493, -0.63005 ], [ 37.64501, -0.63005 ], [ 37.64515, -0.63005 ], [ 37.64523, -0.63005 ], [ 37.64523, -0.63009 ], [ 37.64528, -0.63009 ], [ 37.64532, -0.63009 ], [ 37.64545, -0.63009 ], [ 37.64554, -0.63009 ], [ 37.64558, -0.63009 ], [ 37.64563, -0.63009 ], [ 37.64567, -0.63009 ], [ 37.64576, -0.63009 ], [ 37.64602, -0.63026 ], [ 37.64611, -0.63031 ], [ 37.64615, -0.63035 ], [ 37.64615, -0.6304 ], [ 37.64615, -0.63044 ], [ 37.64615, -0.63053 ], [ 37.64615, -0.63057 ], [ 37.64615, -0.6307 ], [ 37.64615, -0.63074 ], [ 37.64615, -0.63083 ], [ 37.64615, -0.63088 ], [ 37.64615, -0.63096 ], [ 37.64615, -0.63101 ], [ 37.64615, -0.63105 ], [ 37.64615, -0.63109 ], [ 37.64615, -0.63114 ], [ 37.64615, -0.63118 ], [ 37.64615, -0.63123 ], [ 37.64619, -0.63123 ], [ 37.64637, -0.63123 ], [ 37.64646, -0.63123 ], [ 37.6465, -0.63123 ], [ 37.64654, -0.63123 ], [ 37.64663, -0.63127 ], [ 37.64672, -0.63127 ], [ 37.64676, -0.63136 ], [ 37.64681, -0.63136 ], [ 37.64685, -0.63144 ], [ 37.64698, -0.63153 ], [ 37.64703, -0.63158 ], [ 37.64707, -0.63166 ], [ 37.64711, -0.63171 ], [ 37.6472, -0.63175 ], [ 37.64722, -0.63177 ], [ 37.64724, -0.63179 ], [ 37.64733, -0.63184 ], [ 37.64733, -0.63188 ], [ 37.64738, -0.63193 ], [ 37.64746, -0.63197 ], [ 37.64751, -0.63197 ], [ 37.64755, -0.63197 ], [ 37.64759, -0.63201 ], [ 37.64768, -0.63201 ], [ 37.64777, -0.63201 ], [ 37.64812, -0.63201 ], [ 37.64825, -0.63201 ], [ 37.64834, -0.63197 ], [ 37.64856, -0.63188 ], [ 37.6486, -0.63184 ], [ 37.64864, -0.63184 ], [ 37.64878, -0.63184 ], [ 37.64882, -0.63184 ], [ 37.64882, -0.63188 ], [ 37.64886, -0.63201 ], [ 37.64886, -0.63206 ], [ 37.64886, -0.6321 ], [ 37.64886, -0.63214 ], [ 37.64886, -0.63219 ], [ 37.64886, -0.63223 ], [ 37.64886, -0.63228 ], [ 37.64895, -0.63232 ], [ 37.64904, -0.63236 ], [ 37.64908, -0.63236 ], [ 37.64913, -0.63241 ], [ 37.64917, -0.63245 ], [ 37.64921, -0.63245 ], [ 37.64961, -0.63245 ], [ 37.64965, -0.63245 ], [ 37.65, -0.63245 ], [ 37.65013, -0.63245 ], [ 37.65017, -0.63245 ], [ 37.65022, -0.63241 ], [ 37.65031, -0.63232 ], [ 37.65039, -0.63228 ], [ 37.65044, -0.63223 ], [ 37.65057, -0.63214 ], [ 37.65066, -0.63206 ], [ 37.6507, -0.63206 ], [ 37.6507, -0.63201 ], [ 37.65079, -0.63197 ], [ 37.65079, -0.63193 ], [ 37.65079, -0.63188 ], [ 37.65079, -0.63184 ], [ 37.65083, -0.63179 ], [ 37.65083, -0.63171 ], [ 37.65087, -0.63166 ], [ 37.65092, -0.63162 ], [ 37.65096, -0.63158 ], [ 37.65101, -0.63158 ], [ 37.65101, -0.63153 ], [ 37.65105, -0.63149 ], [ 37.65101, -0.63149 ], [ 37.65136, -0.6314 ], [ 37.65222, -0.63143 ], [ 37.65258, -0.63144 ], [ 37.65297, -0.63193 ], [ 37.65315, -0.63236 ], [ 37.65324, -0.63284 ], [ 37.65276, -0.63315 ], [ 37.65311, -0.63411 ], [ 37.6535, -0.63424 ], [ 37.6542, -0.63437 ], [ 37.65499, -0.63437 ], [ 37.65551, -0.63372 ], [ 37.65599, -0.63337 ], [ 37.65691, -0.63341 ], [ 37.65704, -0.6336 ], [ 37.65717, -0.63381 ], [ 37.65713, -0.63424 ], [ 37.65713, -0.63429 ], [ 37.65713, -0.63442 ], [ 37.65713, -0.63455 ], [ 37.65713, -0.63468 ], [ 37.65713, -0.63477 ], [ 37.65713, -0.63481 ], [ 37.65713, -0.63486 ], [ 37.65713, -0.6349 ], [ 37.65713, -0.63499 ], [ 37.65713, -0.63507 ], [ 37.65713, -0.63516 ], [ 37.65713, -0.63521 ], [ 37.65713, -0.63525 ], [ 37.65713, -0.63529 ], [ 37.65713, -0.63534 ], [ 37.65713, -0.63542 ], [ 37.65713, -0.63547 ], [ 37.65717, -0.63551 ], [ 37.65722, -0.63551 ], [ 37.65726, -0.63556 ], [ 37.65726, -0.6356 ], [ 37.6573, -0.6356 ], [ 37.65735, -0.6356 ], [ 37.65739, -0.63564 ], [ 37.65743, -0.63569 ], [ 37.65748, -0.63569 ], [ 37.65748, -0.63573 ], [ 37.65752, -0.63573 ], [ 37.65757, -0.63577 ], [ 37.65765, -0.63577 ], [ 37.6577, -0.63577 ], [ 37.6577, -0.63582 ], [ 37.65774, -0.63582 ], [ 37.65787, -0.63582 ], [ 37.65796, -0.63582 ], [ 37.658, -0.63582 ], [ 37.65805, -0.63582 ], [ 37.65809, -0.63582 ], [ 37.65813, -0.63582 ], [ 37.65827, -0.63582 ], [ 37.65831, -0.63582 ], [ 37.6584, -0.63582 ], [ 37.65844, -0.63582 ], [ 37.65848, -0.63582 ], [ 37.65866, -0.63582 ], [ 37.65875, -0.63582 ], [ 37.65897, -0.63586 ], [ 37.65905, -0.63586 ], [ 37.65914, -0.63586 ], [ 37.65918, -0.63586 ], [ 37.65923, -0.63591 ], [ 37.65927, -0.63591 ], [ 37.65936, -0.63595 ], [ 37.65945, -0.63595 ], [ 37.65949, -0.63595 ], [ 37.65953, -0.63595 ], [ 37.65958, -0.63595 ], [ 37.65962, -0.63599 ], [ 37.65962, -0.63604 ], [ 37.65967, -0.63604 ], [ 37.65971, -0.63608 ], [ 37.65975, -0.63608 ], [ 37.65975, -0.63612 ], [ 37.6598, -0.63612 ], [ 37.6598, -0.63617 ], [ 37.65984, -0.63617 ], [ 37.65988, -0.63617 ], [ 37.65993, -0.63617 ], [ 37.65993, -0.63621 ], [ 37.65997, -0.63621 ], [ 37.65997, -0.63626 ], [ 37.65997, -0.6363 ], [ 37.65997, -0.63634 ], [ 37.65997, -0.63639 ], [ 37.65997, -0.63643 ], [ 37.65997, -0.63647 ], [ 37.65993, -0.63656 ], [ 37.65993, -0.6366 ], [ 37.65993, -0.63665 ], [ 37.65988, -0.63665 ], [ 37.65988, -0.63669 ], [ 37.65988, -0.63674 ], [ 37.65988, -0.63678 ], [ 37.65993, -0.63678 ], [ 37.65997, -0.63678 ], [ 37.66002, -0.63678 ], [ 37.66006, -0.63678 ], [ 37.6601, -0.63678 ], [ 37.66015, -0.63678 ], [ 37.66019, -0.63678 ], [ 37.66023, -0.63678 ], [ 37.66028, -0.63678 ], [ 37.66032, -0.63678 ], [ 37.66037, -0.63678 ], [ 37.66041, -0.63678 ], [ 37.66045, -0.63678 ], [ 37.6605, -0.63678 ], [ 37.66058, -0.63678 ], [ 37.66063, -0.63678 ], [ 37.66067, -0.63678 ], [ 37.66067, -0.63682 ], [ 37.66067, -0.63687 ], [ 37.66067, -0.63695 ], [ 37.66067, -0.63704 ], [ 37.66067, -0.63709 ], [ 37.66067, -0.63713 ], [ 37.66067, -0.63722 ], [ 37.66067, -0.63726 ], [ 37.66067, -0.6373 ], [ 37.66072, -0.6373 ], [ 37.6608, -0.63735 ], [ 37.66089, -0.63744 ], [ 37.66111, -0.63761 ], [ 37.66128, -0.63774 ], [ 37.66137, -0.63774 ], [ 37.66141, -0.63774 ], [ 37.66146, -0.63774 ], [ 37.6615, -0.63774 ], [ 37.66155, -0.63774 ], [ 37.66159, -0.63774 ], [ 37.66163, -0.63774 ], [ 37.66168, -0.63774 ], [ 37.66172, -0.63774 ], [ 37.66176, -0.63774 ], [ 37.66181, -0.63774 ], [ 37.66185, -0.63774 ], [ 37.66185, -0.63779 ], [ 37.6619, -0.63779 ], [ 37.6619, -0.63783 ], [ 37.6619, -0.63787 ], [ 37.6619, -0.63796 ], [ 37.6619, -0.638 ], [ 37.6619, -0.63805 ], [ 37.6619, -0.63809 ], [ 37.6619, -0.63814 ], [ 37.66185, -0.63818 ], [ 37.66181, -0.63822 ], [ 37.66176, -0.63831 ], [ 37.66172, -0.63835 ], [ 37.66172, -0.63844 ], [ 37.66168, -0.63849 ], [ 37.66168, -0.63853 ], [ 37.66168, -0.63857 ], [ 37.66168, -0.63862 ], [ 37.66168, -0.63866 ], [ 37.66168, -0.6387 ], [ 37.66168, -0.63875 ], [ 37.66159, -0.63875 ], [ 37.66155, -0.63879 ], [ 37.66146, -0.63879 ], [ 37.66137, -0.63884 ], [ 37.66133, -0.63888 ], [ 37.66124, -0.63892 ], [ 37.66111, -0.63897 ], [ 37.66111, -0.63901 ], [ 37.66106, -0.63905 ], [ 37.66102, -0.63905 ], [ 37.66102, -0.6391 ], [ 37.66098, -0.6391 ], [ 37.66098, -0.63914 ], [ 37.66093, -0.63919 ], [ 37.66093, -0.63923 ], [ 37.66093, -0.63927 ], [ 37.66093, -0.63932 ], [ 37.66098, -0.63936 ], [ 37.66098, -0.6394 ], [ 37.66102, -0.6394 ], [ 37.66102, -0.63945 ], [ 37.66106, -0.63945 ], [ 37.66111, -0.63945 ], [ 37.66115, -0.63945 ], [ 37.6612, -0.63945 ], [ 37.66124, -0.63945 ], [ 37.66133, -0.63945 ], [ 37.66137, -0.63945 ], [ 37.66141, -0.63945 ], [ 37.66155, -0.63949 ], [ 37.66159, -0.63949 ], [ 37.66163, -0.63949 ], [ 37.66168, -0.63949 ], [ 37.66176, -0.63949 ], [ 37.66181, -0.63949 ], [ 37.66185, -0.63949 ], [ 37.66194, -0.63953 ], [ 37.66198, -0.63953 ], [ 37.66203, -0.63953 ], [ 37.66229, -0.63962 ], [ 37.66238, -0.63967 ], [ 37.6626, -0.6398 ], [ 37.66264, -0.6398 ], [ 37.66264, -0.63984 ], [ 37.66268, -0.63988 ], [ 37.66273, -0.63997 ], [ 37.66273, -0.64002 ], [ 37.66273, -0.64006 ], [ 37.66273, -0.64015 ], [ 37.66273, -0.64023 ], [ 37.66264, -0.64032 ], [ 37.6626, -0.64045 ], [ 37.66246, -0.64058 ], [ 37.66238, -0.64072 ], [ 37.66233, -0.6408 ], [ 37.66229, -0.64098 ], [ 37.66225, -0.64102 ], [ 37.6622, -0.64102 ], [ 37.66216, -0.64107 ], [ 37.66207, -0.64111 ], [ 37.66203, -0.64115 ], [ 37.66198, -0.64115 ], [ 37.6619, -0.64124 ], [ 37.66181, -0.64124 ], [ 37.66176, -0.64124 ], [ 37.66172, -0.64124 ], [ 37.66168, -0.64124 ], [ 37.66163, -0.64128 ], [ 37.66159, -0.64128 ], [ 37.66155, -0.64133 ], [ 37.6615, -0.64133 ], [ 37.6615, -0.64137 ], [ 37.66146, -0.64137 ], [ 37.66146, -0.64142 ], [ 37.66146, -0.64146 ], [ 37.66146, -0.64155 ], [ 37.66146, -0.64163 ], [ 37.66146, -0.64172 ], [ 37.66146, -0.64181 ], [ 37.66146, -0.6419 ], [ 37.6615, -0.64194 ], [ 37.66155, -0.64198 ], [ 37.66159, -0.64198 ], [ 37.66159, -0.64203 ], [ 37.66159, -0.64207 ], [ 37.66159, -0.64212 ], [ 37.66163, -0.64212 ], [ 37.66168, -0.64212 ], [ 37.66172, -0.64216 ], [ 37.66181, -0.64216 ], [ 37.66185, -0.64216 ], [ 37.66187, -0.64216 ], [ 37.6619, -0.64216 ], [ 37.66198, -0.64216 ], [ 37.66203, -0.64216 ], [ 37.66211, -0.64216 ], [ 37.66216, -0.64216 ], [ 37.6622, -0.64216 ], [ 37.66225, -0.64216 ], [ 37.66229, -0.64216 ], [ 37.66233, -0.64216 ], [ 37.66238, -0.64216 ], [ 37.66242, -0.64216 ], [ 37.66246, -0.64216 ], [ 37.66251, -0.64216 ], [ 37.66255, -0.64216 ], [ 37.6626, -0.64212 ], [ 37.66264, -0.64212 ], [ 37.66273, -0.64212 ], [ 37.66273, -0.64207 ], [ 37.66277, -0.64207 ], [ 37.66281, -0.64203 ], [ 37.66286, -0.64203 ], [ 37.66286, -0.64198 ], [ 37.6629, -0.64198 ], [ 37.66295, -0.64194 ], [ 37.66295, -0.6419 ], [ 37.66295, -0.64185 ], [ 37.66303, -0.64185 ], [ 37.66351, -0.64185 ], [ 37.66365, -0.64185 ], [ 37.66365, -0.6419 ], [ 37.66373, -0.64198 ], [ 37.66373, -0.64203 ], [ 37.66378, -0.64212 ], [ 37.66386, -0.6422 ], [ 37.66386, -0.64225 ], [ 37.66386, -0.64229 ], [ 37.66386, -0.64233 ], [ 37.66391, -0.64242 ], [ 37.66391, -0.64251 ], [ 37.66395, -0.6426 ], [ 37.664, -0.64268 ], [ 37.664, -0.64273 ], [ 37.66404, -0.64277 ], [ 37.66408, -0.64281 ], [ 37.66413, -0.6429 ], [ 37.66421, -0.64299 ], [ 37.66426, -0.64303 ], [ 37.66448, -0.64312 ], [ 37.66452, -0.64316 ], [ 37.66465, -0.64321 ], [ 37.6647, -0.64321 ], [ 37.66483, -0.64338 ], [ 37.665, -0.64356 ], [ 37.665, -0.6436 ], [ 37.66504, -0.64365 ], [ 37.66509, -0.64369 ], [ 37.66509, -0.64373 ], [ 37.66513, -0.64373 ], [ 37.66513, -0.64378 ], [ 37.66518, -0.64378 ], [ 37.66526, -0.64378 ], [ 37.66535, -0.64382 ], [ 37.66544, -0.64382 ], [ 37.66548, -0.64382 ], [ 37.66561, -0.64382 ], [ 37.66574, -0.64373 ], [ 37.66583, -0.64369 ], [ 37.66583, -0.64356 ], [ 37.66588, -0.64347 ], [ 37.66588, -0.64343 ], [ 37.66588, -0.64334 ], [ 37.66588, -0.64325 ], [ 37.66588, -0.64321 ], [ 37.66588, -0.64316 ], [ 37.66588, -0.64312 ], [ 37.66583, -0.64303 ], [ 37.66583, -0.64299 ], [ 37.66583, -0.6429 ], [ 37.66583, -0.64286 ], [ 37.66583, -0.64281 ], [ 37.66583, -0.64268 ], [ 37.66583, -0.64264 ], [ 37.66588, -0.64255 ], [ 37.66588, -0.64251 ], [ 37.66592, -0.64242 ], [ 37.66596, -0.64233 ], [ 37.66596, -0.64229 ], [ 37.66596, -0.6422 ], [ 37.66601, -0.64216 ], [ 37.66605, -0.64212 ], [ 37.66605, -0.64207 ], [ 37.66609, -0.64207 ], [ 37.66614, -0.64207 ], [ 37.66618, -0.64207 ], [ 37.66627, -0.64212 ], [ 37.66631, -0.64212 ], [ 37.66636, -0.64212 ], [ 37.6664, -0.64212 ], [ 37.66644, -0.64212 ], [ 37.66647, -0.64212 ], [ 37.66649, -0.64212 ], [ 37.66653, -0.64212 ], [ 37.66658, -0.64212 ], [ 37.66658, -0.64216 ], [ 37.66662, -0.6422 ], [ 37.66675, -0.64242 ], [ 37.66675, -0.64255 ], [ 37.66671, -0.64255 ], [ 37.66666, -0.64255 ], [ 37.66662, -0.64255 ], [ 37.66658, -0.64255 ], [ 37.66658, -0.6426 ], [ 37.66658, -0.64277 ], [ 37.66658, -0.64286 ], [ 37.66662, -0.64312 ], [ 37.66662, -0.64316 ], [ 37.66675, -0.64334 ], [ 37.66688, -0.64356 ], [ 37.66693, -0.64356 ], [ 37.66701, -0.64356 ], [ 37.6671, -0.64356 ], [ 37.66745, -0.6436 ], [ 37.66771, -0.6436 ], [ 37.6678, -0.6436 ], [ 37.66793, -0.64369 ], [ 37.66798, -0.64369 ], [ 37.66798, -0.64378 ], [ 37.66806, -0.64395 ], [ 37.66806, -0.644 ], [ 37.66811, -0.64413 ], [ 37.66811, -0.64417 ], [ 37.66811, -0.64426 ], [ 37.66811, -0.6443 ], [ 37.66811, -0.64443 ], [ 37.66806, -0.64461 ], [ 37.66802, -0.6447 ], [ 37.66798, -0.64483 ], [ 37.66789, -0.64491 ], [ 37.66784, -0.64496 ], [ 37.6678, -0.645 ], [ 37.66771, -0.64505 ], [ 37.66758, -0.64509 ], [ 37.66749, -0.64513 ], [ 37.66732, -0.64518 ], [ 37.66728, -0.64518 ], [ 37.66723, -0.64518 ], [ 37.66714, -0.64522 ], [ 37.66701, -0.64526 ], [ 37.66693, -0.64535 ], [ 37.66688, -0.64539 ], [ 37.66688, -0.64544 ], [ 37.66684, -0.64548 ], [ 37.66684, -0.64553 ], [ 37.66684, -0.64557 ], [ 37.66684, -0.64561 ], [ 37.66684, -0.6457 ], [ 37.66684, -0.64579 ], [ 37.66688, -0.64592 ], [ 37.66697, -0.64596 ], [ 37.66701, -0.64601 ], [ 37.66706, -0.64601 ], [ 37.66714, -0.64609 ], [ 37.66719, -0.64614 ], [ 37.66728, -0.64614 ], [ 37.66728, -0.64618 ], [ 37.66728, -0.64623 ], [ 37.66728, -0.64636 ], [ 37.66728, -0.64644 ], [ 37.66728, -0.64649 ], [ 37.66732, -0.64666 ], [ 37.66736, -0.64675 ], [ 37.66741, -0.64675 ], [ 37.66741, -0.64679 ], [ 37.66749, -0.64688 ], [ 37.66754, -0.64693 ], [ 37.66758, -0.64697 ], [ 37.66767, -0.64697 ], [ 37.66771, -0.64697 ], [ 37.66776, -0.64697 ], [ 37.6678, -0.64697 ], [ 37.66784, -0.64697 ], [ 37.66798, -0.64697 ], [ 37.66802, -0.64697 ], [ 37.66811, -0.64697 ], [ 37.66815, -0.64697 ], [ 37.66824, -0.64697 ], [ 37.66828, -0.64697 ], [ 37.66837, -0.64697 ], [ 37.66841, -0.64697 ], [ 37.66863, -0.64714 ], [ 37.66872, -0.64723 ], [ 37.66872, -0.64728 ], [ 37.66881, -0.64745 ], [ 37.66881, -0.64754 ], [ 37.66885, -0.64771 ], [ 37.66894, -0.64784 ], [ 37.66898, -0.64789 ], [ 37.66898, -0.64793 ], [ 37.66898, -0.64806 ], [ 37.66898, -0.64815 ], [ 37.66898, -0.64819 ], [ 37.66898, -0.64828 ], [ 37.66898, -0.64832 ], [ 37.66898, -0.64837 ], [ 37.66898, -0.64846 ], [ 37.66898, -0.6485 ], [ 37.66898, -0.64854 ], [ 37.66898, -0.64863 ], [ 37.66898, -0.64872 ], [ 37.66898, -0.64876 ], [ 37.66898, -0.64889 ], [ 37.66898, -0.64898 ], [ 37.66898, -0.64907 ], [ 37.66898, -0.64924 ], [ 37.66898, -0.64929 ], [ 37.66898, -0.64951 ], [ 37.66898, -0.64964 ], [ 37.66898, -0.64968 ], [ 37.66898, -0.64981 ], [ 37.66898, -0.64999 ], [ 37.66898, -0.65021 ], [ 37.66916, -0.65064 ], [ 37.66916, -0.65069 ], [ 37.6692, -0.65095 ], [ 37.6692, -0.65099 ], [ 37.66924, -0.65104 ], [ 37.66929, -0.65104 ], [ 37.66972, -0.65121 ], [ 37.66977, -0.65121 ], [ 37.66981, -0.65121 ], [ 37.67016, -0.65139 ], [ 37.67029, -0.65152 ], [ 37.67047, -0.65156 ], [ 37.67051, -0.65156 ], [ 37.6706, -0.6516 ], [ 37.67073, -0.65165 ], [ 37.67077, -0.65165 ], [ 37.67082, -0.65165 ], [ 37.67091, -0.65174 ], [ 37.67099, -0.65182 ], [ 37.67104, -0.65187 ], [ 37.67108, -0.65191 ], [ 37.67108, -0.652 ], [ 37.67108, -0.65204 ], [ 37.67108, -0.65209 ], [ 37.67112, -0.65213 ], [ 37.67117, -0.65213 ], [ 37.67121, -0.65217 ], [ 37.6713, -0.65222 ], [ 37.67134, -0.65226 ], [ 37.67139, -0.65226 ], [ 37.67143, -0.65226 ], [ 37.67152, -0.65226 ], [ 37.67156, -0.65226 ], [ 37.67165, -0.65226 ], [ 37.67169, -0.65226 ], [ 37.67204, -0.65222 ], [ 37.67217, -0.65222 ], [ 37.67222, -0.65217 ], [ 37.67226, -0.65217 ], [ 37.67235, -0.65217 ], [ 37.673, -0.65222 ], [ 37.67309, -0.65222 ], [ 37.67314, -0.65222 ], [ 37.67331, -0.65226 ], [ 37.67349, -0.6523 ], [ 37.67379, -0.6523 ], [ 37.67384, -0.6523 ], [ 37.67392, -0.6523 ], [ 37.67427, -0.65239 ], [ 37.67445, -0.65248 ], [ 37.67454, -0.65257 ], [ 37.67458, -0.65261 ], [ 37.67462, -0.65265 ], [ 37.67467, -0.65274 ], [ 37.67471, -0.65287 ], [ 37.67471, -0.65296 ], [ 37.67471, -0.65305 ], [ 37.67475, -0.65314 ], [ 37.67475, -0.65322 ], [ 37.6748, -0.65327 ], [ 37.67489, -0.65331 ], [ 37.67493, -0.65335 ], [ 37.67497, -0.65344 ], [ 37.67502, -0.65344 ], [ 37.67506, -0.65353 ], [ 37.67519, -0.65362 ], [ 37.67528, -0.6537 ], [ 37.67532, -0.6537 ], [ 37.67545, -0.65379 ], [ 37.6755, -0.65383 ], [ 37.67554, -0.65388 ], [ 37.67572, -0.65397 ], [ 37.67572, -0.65401 ], [ 37.67572, -0.6541 ], [ 37.67572, -0.65423 ], [ 37.67572, -0.65432 ], [ 37.67572, -0.65436 ], [ 37.67572, -0.6544 ], [ 37.67572, -0.65445 ], [ 37.67572, -0.65458 ], [ 37.67572, -0.65462 ], [ 37.67572, -0.65467 ], [ 37.67576, -0.65471 ], [ 37.67576, -0.65484 ], [ 37.6758, -0.65493 ], [ 37.67589, -0.65502 ], [ 37.67589, -0.65506 ], [ 37.67607, -0.65519 ], [ 37.6762, -0.65523 ], [ 37.67629, -0.65528 ], [ 37.67633, -0.65532 ], [ 37.67655, -0.65532 ], [ 37.67659, -0.65532 ], [ 37.67663, -0.65532 ], [ 37.67677, -0.65528 ], [ 37.67681, -0.65523 ], [ 37.6769, -0.65515 ], [ 37.67694, -0.65506 ], [ 37.67698, -0.65497 ], [ 37.67698, -0.65488 ], [ 37.67698, -0.65484 ], [ 37.67698, -0.65475 ], [ 37.67703, -0.65475 ], [ 37.67707, -0.65471 ], [ 37.67712, -0.65462 ], [ 37.67716, -0.65453 ], [ 37.67725, -0.65445 ], [ 37.67729, -0.65436 ], [ 37.67733, -0.65432 ], [ 37.67742, -0.65423 ], [ 37.67742, -0.65418 ], [ 37.67751, -0.65414 ], [ 37.67764, -0.65405 ], [ 37.67768, -0.65401 ], [ 37.67768, -0.65397 ], [ 37.67777, -0.65388 ], [ 37.67782, -0.65383 ], [ 37.67782, -0.65375 ], [ 37.67786, -0.65375 ], [ 37.67803, -0.65362 ], [ 37.67808, -0.65362 ], [ 37.67847, -0.65353 ], [ 37.67852, -0.65357 ], [ 37.67856, -0.65362 ], [ 37.67856, -0.65366 ], [ 37.6786, -0.6537 ], [ 37.67869, -0.65375 ], [ 37.67873, -0.65383 ], [ 37.67878, -0.65388 ], [ 37.67887, -0.65392 ], [ 37.67895, -0.65392 ], [ 37.67895, -0.65397 ], [ 37.67904, -0.65397 ], [ 37.67908, -0.65397 ], [ 37.67913, -0.65397 ], [ 37.67917, -0.65397 ], [ 37.67926, -0.65397 ], [ 37.6793, -0.65397 ], [ 37.67935, -0.65397 ], [ 37.67939, -0.65397 ], [ 37.67948, -0.65397 ], [ 37.67952, -0.65397 ], [ 37.67957, -0.65397 ], [ 37.67961, -0.65397 ], [ 37.67974, -0.65397 ], [ 37.67983, -0.65397 ], [ 37.68035, -0.65397 ], [ 37.68066, -0.65397 ], [ 37.68066, -0.65401 ], [ 37.68075, -0.65405 ], [ 37.68083, -0.65414 ], [ 37.68088, -0.65418 ], [ 37.68092, -0.65418 ], [ 37.68092, -0.65423 ], [ 37.68101, -0.65423 ], [ 37.68105, -0.65423 ], [ 37.6811, -0.65423 ], [ 37.68114, -0.65423 ], [ 37.68118, -0.65427 ], [ 37.68123, -0.65427 ], [ 37.68127, -0.65432 ], [ 37.68131, -0.65436 ], [ 37.68131, -0.6544 ], [ 37.68131, -0.65449 ], [ 37.68131, -0.65458 ], [ 37.68131, -0.65471 ], [ 37.68131, -0.65475 ], [ 37.68131, -0.65484 ], [ 37.68131, -0.65493 ], [ 37.68131, -0.65502 ], [ 37.68131, -0.65506 ], [ 37.68131, -0.65519 ], [ 37.68131, -0.65523 ], [ 37.68131, -0.65528 ], [ 37.68131, -0.65532 ], [ 37.68131, -0.65537 ], [ 37.68131, -0.65541 ], [ 37.68131, -0.65545 ], [ 37.6814, -0.6555 ], [ 37.68149, -0.65563 ], [ 37.68153, -0.65563 ], [ 37.68162, -0.65576 ], [ 37.68171, -0.6558 ], [ 37.68171, -0.65585 ], [ 37.6818, -0.65593 ], [ 37.6818, -0.65602 ], [ 37.6818, -0.65607 ], [ 37.68184, -0.65611 ], [ 37.68188, -0.65611 ], [ 37.68188, -0.6562 ], [ 37.68193, -0.6562 ], [ 37.68197, -0.6562 ], [ 37.68201, -0.6562 ], [ 37.68206, -0.6562 ], [ 37.6821, -0.6562 ], [ 37.68215, -0.6562 ], [ 37.68228, -0.6562 ], [ 37.68236, -0.6562 ], [ 37.68245, -0.6562 ], [ 37.6825, -0.6562 ], [ 37.68263, -0.6562 ], [ 37.68285, -0.6562 ], [ 37.68289, -0.6562 ], [ 37.68293, -0.6562 ], [ 37.68311, -0.6562 ], [ 37.68315, -0.6562 ], [ 37.68355, -0.6562 ], [ 37.6839, -0.65624 ], [ 37.68394, -0.65624 ], [ 37.68398, -0.65624 ], [ 37.68403, -0.65624 ], [ 37.68438, -0.65633 ], [ 37.68451, -0.65633 ], [ 37.68455, -0.65633 ], [ 37.68473, -0.65633 ], [ 37.68481, -0.65628 ], [ 37.68486, -0.65628 ], [ 37.68503, -0.65624 ], [ 37.68521, -0.65624 ], [ 37.68529, -0.65624 ], [ 37.68534, -0.65624 ], [ 37.68551, -0.65624 ], [ 37.68564, -0.65624 ], [ 37.68569, -0.65624 ], [ 37.68591, -0.65633 ], [ 37.68621, -0.65642 ], [ 37.6863, -0.65646 ], [ 37.68634, -0.65646 ], [ 37.68639, -0.65655 ], [ 37.68652, -0.65663 ], [ 37.68656, -0.65668 ], [ 37.68661, -0.65668 ], [ 37.68669, -0.65672 ], [ 37.68674, -0.65676 ], [ 37.68678, -0.65676 ], [ 37.68683, -0.65681 ], [ 37.68687, -0.65681 ], [ 37.68691, -0.65681 ], [ 37.68696, -0.65685 ], [ 37.687, -0.65685 ], [ 37.68713, -0.65685 ], [ 37.68726, -0.65685 ], [ 37.68739, -0.65685 ], [ 37.68748, -0.65685 ], [ 37.68761, -0.65685 ], [ 37.68766, -0.65685 ], [ 37.68783, -0.65685 ], [ 37.68788, -0.65685 ], [ 37.68792, -0.65685 ], [ 37.68822, -0.65698 ], [ 37.68844, -0.65707 ], [ 37.68849, -0.65707 ], [ 37.68853, -0.65707 ], [ 37.68866, -0.65711 ], [ 37.68879, -0.65716 ], [ 37.68884, -0.65716 ], [ 37.68884, -0.6572 ], [ 37.68888, -0.6572 ], [ 37.68892, -0.65725 ], [ 37.68892, -0.65729 ], [ 37.68897, -0.65729 ], [ 37.68901, -0.65729 ], [ 37.68914, -0.65733 ], [ 37.68923, -0.65733 ], [ 37.68958, -0.65738 ], [ 37.68984, -0.65738 ], [ 37.68989, -0.65738 ], [ 37.68993, -0.65738 ], [ 37.69015, -0.65738 ], [ 37.69032, -0.65738 ], [ 37.69037, -0.65738 ], [ 37.69046, -0.65738 ], [ 37.69059, -0.65738 ], [ 37.69063, -0.65738 ], [ 37.69081, -0.65738 ], [ 37.69098, -0.65738 ], [ 37.69107, -0.65733 ], [ 37.69111, -0.65733 ], [ 37.69124, -0.65738 ], [ 37.69129, -0.65738 ], [ 37.69133, -0.65738 ], [ 37.69142, -0.65742 ], [ 37.69155, -0.65746 ], [ 37.69155, -0.65751 ], [ 37.69159, -0.65751 ], [ 37.69159, -0.65755 ], [ 37.69164, -0.65755 ], [ 37.69164, -0.6576 ], [ 37.69164, -0.65764 ], [ 37.69164, -0.65768 ], [ 37.69164, -0.65773 ], [ 37.69164, -0.65777 ], [ 37.69164, -0.65781 ], [ 37.69164, -0.65786 ], [ 37.69164, -0.6579 ], [ 37.69164, -0.65795 ], [ 37.69164, -0.65799 ], [ 37.69164, -0.65803 ], [ 37.69164, -0.65808 ], [ 37.69164, -0.65812 ], [ 37.69164, -0.65816 ], [ 37.69164, -0.65821 ], [ 37.69159, -0.65825 ], [ 37.69159, -0.6583 ], [ 37.69159, -0.65838 ], [ 37.69142, -0.65838 ], [ 37.69133, -0.65843 ], [ 37.69129, -0.65847 ], [ 37.69124, -0.65847 ], [ 37.69116, -0.65847 ], [ 37.69107, -0.65851 ], [ 37.69102, -0.65851 ], [ 37.69098, -0.65851 ], [ 37.69098, -0.65856 ], [ 37.69089, -0.65856 ], [ 37.69085, -0.6586 ], [ 37.69085, -0.65869 ], [ 37.69085, -0.65878 ], [ 37.69085, -0.65882 ], [ 37.69085, -0.65886 ], [ 37.69085, -0.65895 ], [ 37.69085, -0.65904 ], [ 37.69085, -0.65913 ], [ 37.69085, -0.65917 ], [ 37.69085, -0.65921 ], [ 37.69089, -0.65921 ], [ 37.69102, -0.65926 ], [ 37.69116, -0.6593 ], [ 37.69124, -0.6593 ], [ 37.69168, -0.6593 ], [ 37.69172, -0.6593 ], [ 37.69181, -0.65926 ], [ 37.69207, -0.65921 ], [ 37.69212, -0.65921 ], [ 37.69238, -0.65921 ], [ 37.69251, -0.65921 ], [ 37.6926, -0.65921 ], [ 37.6929, -0.65939 ], [ 37.69299, -0.65939 ], [ 37.69304, -0.65943 ], [ 37.69321, -0.65956 ], [ 37.69334, -0.65965 ], [ 37.69339, -0.65969 ], [ 37.69356, -0.65974 ], [ 37.69356, -0.65978 ], [ 37.69369, -0.65983 ], [ 37.69374, -0.65987 ], [ 37.69382, -0.66 ], [ 37.69395, -0.66013 ], [ 37.69409, -0.66022 ], [ 37.69417, -0.66035 ], [ 37.69422, -0.66035 ], [ 37.6943, -0.66048 ], [ 37.6943, -0.66053 ], [ 37.69435, -0.66053 ], [ 37.69439, -0.66053 ], [ 37.69439, -0.66048 ], [ 37.69461, -0.66039 ], [ 37.69461, -0.66031 ], [ 37.69461, -0.66022 ], [ 37.69461, -0.66009 ], [ 37.69461, -0.66004 ], [ 37.69461, -0.65996 ], [ 37.69461, -0.65983 ], [ 37.69461, -0.65974 ], [ 37.69461, -0.65969 ], [ 37.69461, -0.65956 ], [ 37.69461, -0.65943 ], [ 37.69461, -0.65939 ], [ 37.69461, -0.6593 ], [ 37.69461, -0.65921 ], [ 37.69461, -0.65913 ], [ 37.69461, -0.659 ], [ 37.69461, -0.65891 ], [ 37.69461, -0.65886 ], [ 37.69461, -0.65878 ], [ 37.69461, -0.65873 ], [ 37.6947, -0.65865 ], [ 37.69474, -0.6586 ], [ 37.69479, -0.6586 ], [ 37.69487, -0.65856 ], [ 37.69496, -0.65851 ], [ 37.695, -0.65851 ], [ 37.69505, -0.65856 ], [ 37.69549, -0.65886 ], [ 37.69553, -0.65891 ], [ 37.69562, -0.65895 ], [ 37.6957, -0.65904 ], [ 37.69601, -0.65913 ], [ 37.69605, -0.65913 ], [ 37.69614, -0.65913 ], [ 37.69618, -0.65913 ], [ 37.69623, -0.65913 ], [ 37.69627, -0.65913 ], [ 37.69627, -0.65917 ], [ 37.69632, -0.65917 ], [ 37.69636, -0.65921 ], [ 37.6964, -0.65921 ], [ 37.6964, -0.65926 ], [ 37.69645, -0.65926 ], [ 37.69645, -0.6593 ], [ 37.69649, -0.6593 ], [ 37.69653, -0.6593 ], [ 37.69653, -0.65935 ], [ 37.69653, -0.65939 ], [ 37.69653, -0.65943 ], [ 37.69653, -0.65948 ], [ 37.69645, -0.65952 ], [ 37.6964, -0.65956 ], [ 37.69636, -0.65961 ], [ 37.69632, -0.65965 ], [ 37.69632, -0.65969 ], [ 37.69627, -0.65969 ], [ 37.69627, -0.65974 ], [ 37.69623, -0.65978 ], [ 37.69618, -0.65978 ], [ 37.69614, -0.65983 ], [ 37.69614, -0.65987 ], [ 37.6961, -0.65987 ], [ 37.69605, -0.65991 ], [ 37.69601, -0.65991 ], [ 37.69597, -0.66 ], [ 37.69592, -0.66 ], [ 37.69592, -0.66004 ], [ 37.69592, -0.66009 ], [ 37.69592, -0.66013 ], [ 37.69588, -0.66022 ], [ 37.69588, -0.66026 ], [ 37.69588, -0.66031 ], [ 37.69588, -0.66039 ], [ 37.69588, -0.66044 ], [ 37.69592, -0.66048 ], [ 37.69597, -0.66061 ], [ 37.69601, -0.66066 ], [ 37.69601, -0.6607 ], [ 37.6961, -0.66074 ], [ 37.69614, -0.66074 ], [ 37.69618, -0.66079 ], [ 37.69618, -0.66082 ], [ 37.69618, -0.66083 ], [ 37.69623, -0.66088 ], [ 37.69645, -0.66101 ], [ 37.69653, -0.66105 ], [ 37.69662, -0.66109 ], [ 37.69675, -0.66114 ], [ 37.69715, -0.66127 ], [ 37.69723, -0.66127 ], [ 37.69758, -0.66127 ], [ 37.69763, -0.66127 ], [ 37.69767, -0.66127 ], [ 37.69772, -0.66123 ], [ 37.6978, -0.66114 ], [ 37.69785, -0.66114 ], [ 37.69793, -0.66105 ], [ 37.69798, -0.66105 ], [ 37.69828, -0.66105 ], [ 37.69837, -0.66105 ], [ 37.69855, -0.66114 ], [ 37.69859, -0.66118 ], [ 37.69863, -0.66127 ], [ 37.69868, -0.6614 ], [ 37.69872, -0.66144 ], [ 37.69872, -0.66149 ], [ 37.69881, -0.66158 ], [ 37.69885, -0.66158 ], [ 37.69885, -0.66162 ], [ 37.69885, -0.66166 ], [ 37.69898, -0.66188 ], [ 37.69898, -0.66193 ], [ 37.69898, -0.66197 ], [ 37.69898, -0.66201 ], [ 37.69898, -0.66206 ], [ 37.69894, -0.6621 ], [ 37.69885, -0.66223 ], [ 37.69877, -0.66228 ], [ 37.69872, -0.66241 ], [ 37.69868, -0.66245 ], [ 37.69863, -0.66245 ], [ 37.69859, -0.66245 ], [ 37.69855, -0.66245 ], [ 37.69846, -0.66245 ], [ 37.69837, -0.66245 ], [ 37.69837, -0.66249 ], [ 37.69837, -0.66254 ], [ 37.69837, -0.66258 ], [ 37.69833, -0.66271 ], [ 37.69833, -0.66276 ], [ 37.69833, -0.6628 ], [ 37.69828, -0.66289 ], [ 37.69824, -0.66302 ], [ 37.69824, -0.66315 ], [ 37.69824, -0.66315 ], [ 37.69824, -0.66319 ], [ 37.69824, -0.66328 ], [ 37.69824, -0.66332 ], [ 37.69824, -0.66341 ], [ 37.69824, -0.6635 ], [ 37.69828, -0.66367 ], [ 37.69828, -0.66372 ], [ 37.69833, -0.66376 ], [ 37.69837, -0.66381 ], [ 37.69859, -0.66381 ], [ 37.69863, -0.66381 ], [ 37.69877, -0.66381 ], [ 37.69881, -0.66381 ], [ 37.6989, -0.66381 ], [ 37.69912, -0.66381 ], [ 37.6992, -0.66381 ], [ 37.6996, -0.66385 ], [ 37.69964, -0.66385 ], [ 37.69968, -0.66385 ], [ 37.70008, -0.66389 ], [ 37.70012, -0.66389 ], [ 37.70043, -0.66398 ], [ 37.70047, -0.66398 ], [ 37.70051, -0.66398 ], [ 37.7006, -0.66398 ], [ 37.70073, -0.66398 ], [ 37.70082, -0.66398 ], [ 37.70091, -0.66398 ], [ 37.70095, -0.66398 ], [ 37.70117, -0.66398 ], [ 37.70121, -0.66398 ], [ 37.70152, -0.66402 ], [ 37.70165, -0.66407 ], [ 37.7017, -0.66407 ], [ 37.70178, -0.66407 ], [ 37.70187, -0.66407 ], [ 37.70191, -0.66407 ], [ 37.70205, -0.66407 ], [ 37.70209, -0.66407 ], [ 37.70213, -0.66407 ], [ 37.70218, -0.66407 ], [ 37.70218, -0.66411 ], [ 37.70218, -0.66416 ], [ 37.70218, -0.6642 ], [ 37.70218, -0.66424 ], [ 37.70218, -0.66429 ], [ 37.70213, -0.66446 ], [ 37.70213, -0.66451 ], [ 37.70213, -0.66459 ], [ 37.70209, -0.66464 ], [ 37.70196, -0.66477 ], [ 37.70196, -0.66481 ], [ 37.70191, -0.66481 ], [ 37.70191, -0.66486 ], [ 37.70191, -0.66503 ], [ 37.70191, -0.66507 ], [ 37.70191, -0.66512 ], [ 37.70191, -0.66516 ], [ 37.70191, -0.66521 ], [ 37.70191, -0.66525 ], [ 37.70196, -0.66525 ], [ 37.702, -0.66525 ], [ 37.70209, -0.66529 ], [ 37.70213, -0.66534 ], [ 37.70218, -0.66534 ], [ 37.70222, -0.66534 ], [ 37.70231, -0.66534 ], [ 37.70235, -0.66534 ], [ 37.7024, -0.66534 ], [ 37.70244, -0.66534 ], [ 37.70248, -0.66534 ], [ 37.70257, -0.66534 ], [ 37.70261, -0.66529 ], [ 37.7027, -0.66525 ], [ 37.70275, -0.66521 ], [ 37.70279, -0.66516 ], [ 37.70279, -0.66512 ], [ 37.70283, -0.66503 ], [ 37.70283, -0.66499 ], [ 37.70288, -0.66494 ], [ 37.70288, -0.66486 ], [ 37.70288, -0.66481 ], [ 37.70292, -0.66472 ], [ 37.70296, -0.66459 ], [ 37.70301, -0.66451 ], [ 37.70301, -0.66442 ], [ 37.70301, -0.66433 ], [ 37.70301, -0.66429 ], [ 37.70301, -0.6642 ], [ 37.70301, -0.66416 ], [ 37.70301, -0.66402 ], [ 37.70301, -0.66398 ], [ 37.70301, -0.66394 ], [ 37.70301, -0.66389 ], [ 37.70301, -0.66381 ], [ 37.70296, -0.66372 ], [ 37.70296, -0.66367 ], [ 37.70296, -0.66363 ], [ 37.70292, -0.6635 ], [ 37.70292, -0.66346 ], [ 37.70296, -0.66337 ], [ 37.70296, -0.66315 ], [ 37.70296, -0.66306 ], [ 37.70296, -0.66297 ], [ 37.70292, -0.66293 ], [ 37.70288, -0.66293 ], [ 37.70288, -0.66289 ], [ 37.70279, -0.66289 ], [ 37.70275, -0.66289 ], [ 37.70266, -0.66284 ], [ 37.70266, -0.6628 ], [ 37.70257, -0.66276 ], [ 37.70253, -0.66276 ], [ 37.70253, -0.66267 ], [ 37.70244, -0.66262 ], [ 37.7024, -0.66245 ], [ 37.7024, -0.66241 ], [ 37.7024, -0.66236 ], [ 37.70244, -0.66232 ], [ 37.70248, -0.66223 ], [ 37.70248, -0.66219 ], [ 37.70248, -0.66214 ], [ 37.70253, -0.66206 ], [ 37.70257, -0.66197 ], [ 37.70266, -0.66184 ], [ 37.7027, -0.66171 ], [ 37.70275, -0.66166 ], [ 37.70279, -0.66162 ], [ 37.70283, -0.66158 ], [ 37.70283, -0.66153 ], [ 37.70292, -0.66149 ], [ 37.70296, -0.66149 ], [ 37.70305, -0.66149 ], [ 37.70314, -0.66149 ], [ 37.70323, -0.66149 ], [ 37.70323, -0.66144 ], [ 37.70331, -0.66144 ], [ 37.70336, -0.66144 ], [ 37.7034, -0.6614 ], [ 37.70345, -0.6614 ], [ 37.70349, -0.66136 ], [ 37.70349, -0.66131 ], [ 37.70353, -0.66131 ], [ 37.70362, -0.66123 ], [ 37.70362, -0.66118 ], [ 37.70375, -0.66118 ], [ 37.70379, -0.66118 ], [ 37.70384, -0.66118 ], [ 37.70393, -0.66118 ], [ 37.70397, -0.66114 ], [ 37.70401, -0.66114 ], [ 37.7041, -0.66114 ], [ 37.70414, -0.66109 ], [ 37.70419, -0.66109 ], [ 37.70423, -0.66109 ], [ 37.70428, -0.66109 ], [ 37.70436, -0.66109 ], [ 37.70441, -0.66109 ], [ 37.70449, -0.66105 ], [ 37.70463, -0.66101 ], [ 37.70463, -0.66096 ], [ 37.70463, -0.66092 ], [ 37.70467, -0.66083 ], [ 37.70471, -0.66074 ], [ 37.70471, -0.6607 ], [ 37.70471, -0.66066 ], [ 37.70471, -0.66057 ], [ 37.70471, -0.66048 ], [ 37.70471, -0.66044 ], [ 37.70471, -0.66031 ], [ 37.70471, -0.66026 ], [ 37.70471, -0.66022 ], [ 37.70471, -0.66018 ], [ 37.70471, -0.66013 ], [ 37.70471, -0.66009 ], [ 37.70471, -0.66004 ], [ 37.70471, -0.66 ], [ 37.70471, -0.65996 ], [ 37.70471, -0.65991 ], [ 37.70471, -0.65983 ], [ 37.70471, -0.65974 ], [ 37.70471, -0.65969 ], [ 37.70476, -0.65965 ], [ 37.70476, -0.65961 ], [ 37.7048, -0.65956 ], [ 37.7048, -0.65952 ], [ 37.70489, -0.65948 ], [ 37.70489, -0.65943 ], [ 37.70489, -0.65939 ], [ 37.70489, -0.65935 ], [ 37.70493, -0.6593 ], [ 37.70493, -0.65926 ], [ 37.70498, -0.65921 ], [ 37.70502, -0.65908 ], [ 37.70506, -0.65904 ], [ 37.70506, -0.659 ], [ 37.70506, -0.65895 ], [ 37.70506, -0.65891 ], [ 37.70508, -0.65891 ], [ 37.70568, -0.65908 ], [ 37.70598, -0.65978 ], [ 37.7062, -0.66044 ], [ 37.7062, -0.66048 ], [ 37.7062, -0.66053 ], [ 37.7062, -0.66061 ], [ 37.70624, -0.6607 ], [ 37.70629, -0.66079 ], [ 37.70638, -0.66083 ], [ 37.70642, -0.66083 ], [ 37.70651, -0.66083 ], [ 37.70659, -0.66088 ], [ 37.70664, -0.66092 ], [ 37.70673, -0.66092 ], [ 37.70677, -0.66092 ], [ 37.70681, -0.66092 ], [ 37.7069, -0.66092 ], [ 37.7069, -0.66096 ], [ 37.70694, -0.66096 ], [ 37.70699, -0.66101 ], [ 37.70703, -0.66101 ], [ 37.70703, -0.66105 ], [ 37.70703, -0.66109 ], [ 37.70716, -0.66127 ], [ 37.70721, -0.66127 ], [ 37.70725, -0.66127 ], [ 37.70738, -0.66127 ], [ 37.7076, -0.66118 ], [ 37.70773, -0.66109 ], [ 37.70773, -0.66096 ], [ 37.70777, -0.66088 ], [ 37.70777, -0.66079 ], [ 37.70777, -0.66074 ], [ 37.70777, -0.6607 ], [ 37.70782, -0.6607 ], [ 37.70782, -0.66066 ], [ 37.70786, -0.66066 ], [ 37.70791, -0.66066 ], [ 37.70795, -0.66066 ], [ 37.70795, -0.6607 ], [ 37.70799, -0.66074 ], [ 37.70799, -0.66088 ], [ 37.70804, -0.66092 ], [ 37.70821, -0.66153 ], [ 37.70821, -0.66158 ], [ 37.70821, -0.66162 ], [ 37.70821, -0.66166 ], [ 37.70826, -0.66166 ], [ 37.70826, -0.66171 ], [ 37.70834, -0.66175 ], [ 37.70839, -0.66184 ], [ 37.70843, -0.66188 ], [ 37.70847, -0.66188 ], [ 37.70852, -0.66193 ], [ 37.70861, -0.66197 ], [ 37.70869, -0.66201 ], [ 37.70874, -0.66201 ], [ 37.70874, -0.66206 ], [ 37.70878, -0.66206 ], [ 37.70882, -0.66206 ], [ 37.70887, -0.66206 ], [ 37.709, -0.66201 ], [ 37.70909, -0.66193 ], [ 37.70909, -0.66188 ], [ 37.70913, -0.66179 ], [ 37.70917, -0.66179 ], [ 37.70922, -0.66166 ], [ 37.70922, -0.66153 ], [ 37.70926, -0.66144 ], [ 37.70931, -0.6614 ], [ 37.70931, -0.66136 ], [ 37.70931, -0.66131 ], [ 37.70935, -0.66131 ], [ 37.70948, -0.66131 ], [ 37.70952, -0.66131 ], [ 37.70961, -0.66131 ], [ 37.70992, -0.66131 ], [ 37.71001, -0.66131 ], [ 37.71014, -0.66131 ], [ 37.71014, -0.66127 ], [ 37.71022, -0.66118 ], [ 37.71022, -0.66114 ], [ 37.71027, -0.66105 ], [ 37.71031, -0.66105 ], [ 37.71031, -0.66101 ], [ 37.71031, -0.66092 ], [ 37.71031, -0.66083 ], [ 37.71031, -0.66079 ], [ 37.71031, -0.66074 ], [ 37.71036, -0.66061 ], [ 37.71036, -0.66057 ], [ 37.71036, -0.66053 ], [ 37.71036, -0.66048 ], [ 37.71036, -0.66039 ], [ 37.71044, -0.66039 ], [ 37.71044, -0.66035 ], [ 37.71053, -0.66031 ], [ 37.71057, -0.66031 ], [ 37.71062, -0.66022 ], [ 37.71066, -0.66018 ], [ 37.71071, -0.66013 ], [ 37.71079, -0.66013 ], [ 37.71088, -0.66013 ], [ 37.71092, -0.66013 ], [ 37.71101, -0.66013 ], [ 37.71106, -0.66013 ], [ 37.7111, -0.66013 ], [ 37.71114, -0.66013 ], [ 37.71114, -0.66018 ], [ 37.71119, -0.66022 ], [ 37.71123, -0.66026 ], [ 37.71123, -0.66031 ], [ 37.71127, -0.66035 ], [ 37.71127, -0.66039 ], [ 37.71127, -0.66044 ], [ 37.71127, -0.66048 ], [ 37.71127, -0.66053 ], [ 37.71127, -0.66057 ], [ 37.71127, -0.66061 ], [ 37.71127, -0.66066 ], [ 37.71127, -0.6607 ], [ 37.71127, -0.66074 ], [ 37.71127, -0.66079 ], [ 37.71127, -0.66083 ], [ 37.71127, -0.66096 ], [ 37.71127, -0.66105 ], [ 37.71127, -0.66109 ], [ 37.71123, -0.66114 ], [ 37.71119, -0.66123 ], [ 37.71114, -0.66127 ], [ 37.71114, -0.66131 ], [ 37.7111, -0.66131 ], [ 37.71106, -0.66136 ], [ 37.71106, -0.6614 ], [ 37.71106, -0.66144 ], [ 37.71106, -0.66149 ], [ 37.71106, -0.66158 ], [ 37.7111, -0.66162 ], [ 37.7111, -0.66166 ], [ 37.7111, -0.66171 ], [ 37.71127, -0.66193 ], [ 37.71136, -0.66206 ], [ 37.71145, -0.66214 ], [ 37.71158, -0.66219 ], [ 37.71171, -0.66219 ], [ 37.71175, -0.66219 ], [ 37.7118, -0.66219 ], [ 37.71184, -0.66214 ], [ 37.71193, -0.66214 ], [ 37.71197, -0.66206 ], [ 37.71197, -0.66201 ], [ 37.71202, -0.66193 ], [ 37.71202, -0.66188 ], [ 37.71206, -0.66188 ], [ 37.7121, -0.66179 ], [ 37.7121, -0.66175 ], [ 37.71215, -0.66166 ], [ 37.71219, -0.66158 ], [ 37.71224, -0.66153 ], [ 37.71224, -0.66144 ], [ 37.71228, -0.66136 ], [ 37.71232, -0.66123 ], [ 37.71237, -0.66118 ], [ 37.71241, -0.66114 ], [ 37.71241, -0.66109 ], [ 37.71241, -0.66101 ], [ 37.71245, -0.66088 ], [ 37.71254, -0.66079 ], [ 37.71259, -0.66066 ], [ 37.71259, -0.66057 ], [ 37.71259, -0.66053 ], [ 37.71267, -0.66044 ], [ 37.71267, -0.66035 ], [ 37.71267, -0.66026 ], [ 37.71267, -0.66018 ], [ 37.71267, -0.66004 ], [ 37.71272, -0.65996 ], [ 37.7128, -0.65987 ], [ 37.7128, -0.65983 ], [ 37.7128, -0.65978 ], [ 37.7128, -0.65974 ], [ 37.7128, -0.65969 ], [ 37.71289, -0.65965 ], [ 37.71298, -0.65961 ], [ 37.71307, -0.65952 ], [ 37.71311, -0.65952 ], [ 37.7135, -0.65948 ], [ 37.71359, -0.65948 ], [ 37.71364, -0.65948 ], [ 37.71394, -0.65948 ], [ 37.71399, -0.65948 ], [ 37.71412, -0.65948 ], [ 37.71416, -0.65948 ], [ 37.71447, -0.65948 ], [ 37.71473, -0.65948 ], [ 37.71477, -0.65948 ], [ 37.71482, -0.65948 ], [ 37.71504, -0.65961 ], [ 37.71508, -0.65965 ], [ 37.71521, -0.65978 ], [ 37.71534, -0.65983 ], [ 37.71538, -0.65983 ], [ 37.7156, -0.65996 ], [ 37.71565, -0.66 ], [ 37.71569, -0.66 ], [ 37.71573, -0.66 ], [ 37.71582, -0.66 ], [ 37.7163, -0.66004 ], [ 37.71648, -0.66004 ], [ 37.71652, -0.66004 ], [ 37.71657, -0.66004 ], [ 37.71661, -0.66 ], [ 37.71665, -0.66 ], [ 37.7167, -0.66004 ], [ 37.71678, -0.66009 ], [ 37.71683, -0.66009 ], [ 37.71687, -0.66013 ], [ 37.717, -0.66026 ], [ 37.71709, -0.66035 ], [ 37.71709, -0.66039 ], [ 37.71713, -0.66048 ], [ 37.71713, -0.66053 ], [ 37.71713, -0.66061 ], [ 37.71713, -0.66066 ], [ 37.71713, -0.6607 ], [ 37.71713, -0.66088 ], [ 37.71713, -0.66096 ], [ 37.71713, -0.66101 ], [ 37.71713, -0.66105 ], [ 37.71713, -0.66109 ], [ 37.71713, -0.66118 ], [ 37.71714, -0.6612 ], [ 37.71718, -0.66127 ], [ 37.71718, -0.66131 ], [ 37.71722, -0.66136 ], [ 37.71727, -0.6614 ], [ 37.71731, -0.6614 ], [ 37.71735, -0.6614 ], [ 37.71748, -0.66144 ], [ 37.71753, -0.66144 ], [ 37.71762, -0.66136 ], [ 37.71766, -0.66127 ], [ 37.71766, -0.66118 ], [ 37.71766, -0.66114 ], [ 37.71766, -0.66109 ], [ 37.71766, -0.66101 ], [ 37.7177, -0.66096 ], [ 37.7177, -0.66092 ], [ 37.71775, -0.66092 ], [ 37.71788, -0.66083 ], [ 37.7181, -0.66079 ], [ 37.71818, -0.66074 ], [ 37.71823, -0.6607 ], [ 37.71827, -0.66061 ], [ 37.71827, -0.66057 ], [ 37.71836, -0.66057 ], [ 37.71845, -0.66053 ], [ 37.71853, -0.66044 ], [ 37.71862, -0.66039 ], [ 37.71862, -0.66035 ], [ 37.71867, -0.66035 ], [ 37.7188, -0.66031 ], [ 37.71884, -0.66026 ], [ 37.71888, -0.66026 ], [ 37.71893, -0.66026 ], [ 37.71901, -0.66026 ], [ 37.71923, -0.66026 ], [ 37.71923, -0.66022 ], [ 37.71928, -0.66022 ], [ 37.71932, -0.66022 ], [ 37.71945, -0.66022 ], [ 37.7195, -0.66022 ], [ 37.71954, -0.66022 ], [ 37.71989, -0.66035 ], [ 37.71989, -0.66039 ], [ 37.71998, -0.66039 ], [ 37.71998, -0.66044 ], [ 37.71998, -0.66048 ], [ 37.72006, -0.66053 ], [ 37.72006, -0.66057 ], [ 37.72011, -0.66057 ], [ 37.72015, -0.66066 ], [ 37.72024, -0.6607 ], [ 37.72024, -0.66074 ], [ 37.72024, -0.66079 ], [ 37.72033, -0.66092 ], [ 37.72033, -0.66096 ], [ 37.72033, -0.66105 ], [ 37.72033, -0.66118 ], [ 37.72033, -0.66127 ], [ 37.72033, -0.66136 ], [ 37.72033, -0.6614 ], [ 37.72028, -0.6614 ], [ 37.72024, -0.66149 ], [ 37.7202, -0.66158 ], [ 37.72011, -0.66166 ], [ 37.72006, -0.66175 ], [ 37.72006, -0.66179 ], [ 37.72006, -0.66184 ], [ 37.72006, -0.66193 ], [ 37.72006, -0.66197 ], [ 37.72006, -0.66201 ], [ 37.72011, -0.6621 ], [ 37.72015, -0.66228 ], [ 37.72015, -0.66232 ], [ 37.7202, -0.66232 ], [ 37.72028, -0.66241 ], [ 37.72028, -0.66245 ], [ 37.72033, -0.66245 ], [ 37.72037, -0.66245 ], [ 37.7205, -0.66254 ], [ 37.72055, -0.66254 ], [ 37.72059, -0.66254 ], [ 37.72063, -0.66254 ], [ 37.72076, -0.66254 ], [ 37.72085, -0.66245 ], [ 37.72085, -0.66241 ], [ 37.7209, -0.66232 ], [ 37.72094, -0.66228 ], [ 37.72094, -0.66219 ], [ 37.72094, -0.6621 ], [ 37.72098, -0.66206 ], [ 37.72098, -0.66201 ], [ 37.72098, -0.66197 ], [ 37.72098, -0.66188 ], [ 37.72098, -0.66184 ], [ 37.72098, -0.66175 ], [ 37.72098, -0.66171 ], [ 37.72098, -0.66166 ], [ 37.72098, -0.66162 ], [ 37.72094, -0.66162 ], [ 37.7209, -0.66158 ], [ 37.72085, -0.66149 ], [ 37.72085, -0.66144 ], [ 37.72085, -0.6614 ], [ 37.72085, -0.66136 ], [ 37.72085, -0.66131 ], [ 37.7209, -0.66131 ], [ 37.72133, -0.66131 ], [ 37.72146, -0.66131 ], [ 37.72151, -0.66131 ], [ 37.72155, -0.66131 ], [ 37.72177, -0.66131 ], [ 37.72186, -0.66131 ], [ 37.72186, -0.66136 ], [ 37.7219, -0.66158 ], [ 37.72195, -0.66171 ], [ 37.72195, -0.66175 ], [ 37.72195, -0.66184 ], [ 37.72199, -0.66197 ], [ 37.72199, -0.66201 ], [ 37.72199, -0.66206 ], [ 37.72208, -0.66228 ], [ 37.72208, -0.66232 ], [ 37.72212, -0.66236 ], [ 37.72243, -0.66258 ], [ 37.72251, -0.66262 ], [ 37.72256, -0.66262 ], [ 37.7226, -0.66262 ], [ 37.72265, -0.66262 ], [ 37.72265, -0.66267 ], [ 37.72282, -0.66293 ], [ 37.72282, -0.66297 ], [ 37.72286, -0.66302 ], [ 37.72286, -0.66306 ], [ 37.72286, -0.66315 ], [ 37.72282, -0.66315 ], [ 37.72282, -0.66319 ], [ 37.72278, -0.66328 ], [ 37.72278, -0.66332 ], [ 37.72273, -0.66341 ], [ 37.7226, -0.66359 ], [ 37.7226, -0.66363 ], [ 37.7226, -0.66372 ], [ 37.7226, -0.66385 ], [ 37.7226, -0.66389 ], [ 37.72282, -0.66411 ], [ 37.72295, -0.6642 ], [ 37.72299, -0.6642 ], [ 37.72304, -0.6642 ], [ 37.72317, -0.6642 ], [ 37.72321, -0.6642 ], [ 37.72321, -0.66416 ], [ 37.72326, -0.66416 ], [ 37.7233, -0.66411 ], [ 37.72334, -0.66411 ], [ 37.72343, -0.66402 ], [ 37.72348, -0.66398 ], [ 37.72369, -0.66389 ], [ 37.72383, -0.66381 ], [ 37.72387, -0.66381 ], [ 37.72391, -0.66381 ], [ 37.72396, -0.66381 ], [ 37.7247, -0.66416 ], [ 37.72483, -0.66424 ], [ 37.72488, -0.66429 ], [ 37.72518, -0.66446 ], [ 37.72527, -0.66451 ], [ 37.72527, -0.66455 ], [ 37.72553, -0.66468 ], [ 37.72558, -0.66477 ], [ 37.72562, -0.66477 ], [ 37.72575, -0.66499 ], [ 37.72584, -0.66512 ], [ 37.72588, -0.66512 ], [ 37.72588, -0.66516 ], [ 37.72593, -0.66525 ], [ 37.72593, -0.66529 ], [ 37.72593, -0.66547 ], [ 37.72593, -0.66564 ], [ 37.72593, -0.66569 ], [ 37.72593, -0.66586 ], [ 37.72593, -0.66599 ], [ 37.72593, -0.66604 ], [ 37.7261, -0.66634 ], [ 37.72623, -0.66652 ], [ 37.72628, -0.6666 ], [ 37.72636, -0.66665 ], [ 37.72645, -0.66678 ], [ 37.72649, -0.66687 ], [ 37.72663, -0.66695 ], [ 37.72671, -0.667 ], [ 37.72671, -0.66704 ], [ 37.72697, -0.66678 ], [ 37.72717, -0.66651 ], [ 37.72759, -0.66595 ], [ 37.72781, -0.66582 ], [ 37.72781, -0.66577 ], [ 37.72785, -0.66577 ], [ 37.72798, -0.66573 ], [ 37.72802, -0.66573 ], [ 37.72807, -0.66573 ], [ 37.72842, -0.66573 ], [ 37.72851, -0.66573 ], [ 37.72855, -0.66573 ], [ 37.72864, -0.66577 ], [ 37.72868, -0.66577 ], [ 37.72868, -0.66582 ], [ 37.72877, -0.66586 ], [ 37.7289, -0.6659 ], [ 37.72894, -0.6659 ], [ 37.72907, -0.6659 ], [ 37.72912, -0.66595 ], [ 37.72929, -0.66595 ], [ 37.72938, -0.66595 ], [ 37.72951, -0.66599 ], [ 37.7313, -0.66695 ], [ 37.73174, -0.66713 ], [ 37.73179, -0.66713 ], [ 37.73187, -0.66717 ], [ 37.73231, -0.6673 ], [ 37.73266, -0.6673 ], [ 37.7327, -0.6673 ], [ 37.73279, -0.66735 ], [ 37.73305, -0.66744 ], [ 37.73314, -0.66744 ], [ 37.73314, -0.66748 ], [ 37.73327, -0.66748 ], [ 37.73332, -0.66748 ], [ 37.73349, -0.66748 ], [ 37.73354, -0.66748 ], [ 37.73354, -0.66744 ], [ 37.73354, -0.66739 ], [ 37.73354, -0.66735 ], [ 37.73354, -0.66726 ], [ 37.73354, -0.66709 ], [ 37.73275, -0.66608 ], [ 37.7327, -0.66604 ], [ 37.73266, -0.66604 ], [ 37.73257, -0.6659 ], [ 37.73249, -0.66577 ], [ 37.7324, -0.66564 ], [ 37.73235, -0.66555 ], [ 37.73235, -0.66551 ], [ 37.73227, -0.66538 ], [ 37.73222, -0.66525 ], [ 37.73214, -0.66516 ], [ 37.73205, -0.66507 ], [ 37.73196, -0.66499 ], [ 37.73192, -0.66494 ], [ 37.73183, -0.66486 ], [ 37.73174, -0.66477 ], [ 37.73165, -0.66472 ], [ 37.73165, -0.66468 ], [ 37.73157, -0.66464 ], [ 37.73144, -0.66446 ], [ 37.73095, -0.66402 ], [ 37.73091, -0.66398 ], [ 37.73087, -0.66389 ], [ 37.73078, -0.66385 ], [ 37.73074, -0.66376 ], [ 37.73069, -0.66372 ], [ 37.73069, -0.66367 ], [ 37.73065, -0.66363 ], [ 37.73065, -0.66359 ], [ 37.73065, -0.66354 ], [ 37.73065, -0.6635 ], [ 37.73069, -0.66341 ], [ 37.73069, -0.66332 ], [ 37.73074, -0.66328 ], [ 37.73074, -0.66324 ], [ 37.73074, -0.66319 ], [ 37.73074, -0.66311 ], [ 37.73078, -0.66311 ], [ 37.73109, -0.66311 ], [ 37.73113, -0.66311 ], [ 37.73117, -0.66311 ], [ 37.73126, -0.66315 ], [ 37.73126, -0.66319 ], [ 37.7313, -0.66324 ], [ 37.73135, -0.66324 ], [ 37.73148, -0.66332 ], [ 37.73161, -0.66346 ], [ 37.73165, -0.6635 ], [ 37.7317, -0.66354 ], [ 37.73174, -0.66359 ], [ 37.73179, -0.66363 ], [ 37.73187, -0.66363 ], [ 37.73192, -0.66363 ], [ 37.73196, -0.66363 ], [ 37.732, -0.66363 ], [ 37.73214, -0.66363 ], [ 37.73227, -0.66363 ], [ 37.73231, -0.66363 ], [ 37.73244, -0.66363 ], [ 37.73253, -0.66367 ], [ 37.73275, -0.66372 ], [ 37.73301, -0.66385 ], [ 37.73319, -0.66402 ], [ 37.73336, -0.66411 ], [ 37.73349, -0.6642 ], [ 37.7338, -0.66433 ], [ 37.73384, -0.66433 ], [ 37.73397, -0.66437 ], [ 37.73406, -0.66437 ], [ 37.73419, -0.66446 ], [ 37.73441, -0.66464 ], [ 37.7345, -0.66472 ], [ 37.73463, -0.66477 ], [ 37.73476, -0.66486 ], [ 37.7348, -0.66486 ], [ 37.73489, -0.6649 ], [ 37.73515, -0.66499 ], [ 37.73528, -0.66499 ], [ 37.73546, -0.66499 ], [ 37.73563, -0.66503 ], [ 37.73581, -0.66507 ], [ 37.7359, -0.66512 ], [ 37.73594, -0.66512 ], [ 37.73598, -0.66512 ], [ 37.73629, -0.66516 ], [ 37.73642, -0.66516 ], [ 37.7366, -0.66516 ], [ 37.73664, -0.66516 ], [ 37.73682, -0.66525 ], [ 37.73695, -0.66534 ], [ 37.73703, -0.66534 ], [ 37.73712, -0.66538 ], [ 37.73721, -0.66542 ], [ 37.73725, -0.66542 ], [ 37.73738, -0.66551 ], [ 37.73747, -0.66555 ], [ 37.73752, -0.66555 ], [ 37.73756, -0.66555 ], [ 37.7376, -0.66555 ], [ 37.73765, -0.66555 ], [ 37.73773, -0.66551 ], [ 37.73795, -0.66538 ], [ 37.73795, -0.66534 ], [ 37.738, -0.66525 ], [ 37.738, -0.66521 ], [ 37.73804, -0.66516 ], [ 37.73808, -0.66507 ], [ 37.73808, -0.66503 ], [ 37.73813, -0.66499 ], [ 37.73813, -0.6649 ], [ 37.73813, -0.66477 ], [ 37.73813, -0.66468 ], [ 37.73813, -0.66455 ], [ 37.73813, -0.66442 ], [ 37.73813, -0.66429 ], [ 37.73813, -0.66416 ], [ 37.73813, -0.66402 ], [ 37.73813, -0.66398 ], [ 37.73813, -0.66385 ], [ 37.73813, -0.66376 ], [ 37.73813, -0.66372 ], [ 37.73813, -0.66363 ], [ 37.73813, -0.66354 ], [ 37.73813, -0.6635 ], [ 37.73813, -0.66346 ], [ 37.73813, -0.66332 ], [ 37.73813, -0.66328 ], [ 37.73813, -0.66324 ], [ 37.73813, -0.66319 ], [ 37.73813, -0.66315 ], [ 37.73817, -0.66306 ], [ 37.73822, -0.66297 ], [ 37.73826, -0.66293 ], [ 37.73835, -0.66289 ], [ 37.73843, -0.6628 ], [ 37.73848, -0.6628 ], [ 37.73856, -0.6628 ], [ 37.73856, -0.66279 ], [ 37.73887, -0.66302 ], [ 37.73887, -0.66311 ], [ 37.73891, -0.66319 ], [ 37.73896, -0.66328 ], [ 37.739, -0.66332 ], [ 37.73905, -0.66341 ], [ 37.73918, -0.66354 ], [ 37.73935, -0.66363 ], [ 37.73948, -0.66385 ], [ 37.73961, -0.66402 ], [ 37.73966, -0.66407 ], [ 37.73966, -0.66411 ], [ 37.73966, -0.66416 ], [ 37.73966, -0.6642 ], [ 37.73966, -0.66429 ], [ 37.73966, -0.66433 ], [ 37.7397, -0.66437 ], [ 37.7397, -0.66446 ], [ 37.73975, -0.66451 ], [ 37.73979, -0.66451 ], [ 37.73983, -0.66451 ], [ 37.73988, -0.66451 ], [ 37.74001, -0.66451 ], [ 37.7401, -0.66451 ], [ 37.74014, -0.66451 ], [ 37.74018, -0.66451 ], [ 37.74023, -0.66451 ], [ 37.74023, -0.66455 ], [ 37.74027, -0.66455 ], [ 37.74045, -0.66464 ], [ 37.74049, -0.66464 ], [ 37.74049, -0.66459 ], [ 37.74053, -0.66446 ], [ 37.74058, -0.66442 ], [ 37.74058, -0.66437 ], [ 37.74062, -0.66433 ], [ 37.74075, -0.6642 ], [ 37.74075, -0.66416 ], [ 37.74084, -0.66416 ], [ 37.74088, -0.66411 ], [ 37.74088, -0.66402 ], [ 37.74088, -0.66394 ], [ 37.74093, -0.66389 ], [ 37.74101, -0.66385 ], [ 37.74101, -0.66376 ], [ 37.74106, -0.66363 ], [ 37.7411, -0.66363 ], [ 37.74123, -0.66346 ], [ 37.74136, -0.66328 ], [ 37.74136, -0.66324 ], [ 37.74145, -0.66311 ], [ 37.7415, -0.66302 ], [ 37.7415, -0.66297 ], [ 37.74154, -0.66297 ], [ 37.74163, -0.66293 ], [ 37.74167, -0.66293 ], [ 37.74189, -0.66297 ], [ 37.74193, -0.66302 ], [ 37.74198, -0.66306 ], [ 37.74202, -0.66311 ], [ 37.74211, -0.66319 ], [ 37.74215, -0.66319 ], [ 37.7422, -0.66324 ], [ 37.7422, -0.66332 ], [ 37.7422, -0.66337 ], [ 37.74224, -0.66341 ], [ 37.74224, -0.66346 ], [ 37.74228, -0.66354 ], [ 37.74233, -0.66354 ], [ 37.74237, -0.66354 ], [ 37.74246, -0.66354 ], [ 37.74254, -0.66354 ], [ 37.74254, -0.6635 ], [ 37.74254, -0.66346 ], [ 37.74259, -0.66346 ], [ 37.74263, -0.66341 ], [ 37.74263, -0.66337 ], [ 37.74268, -0.66332 ], [ 37.74268, -0.66328 ], [ 37.74268, -0.66324 ], [ 37.74268, -0.66319 ], [ 37.74268, -0.66306 ], [ 37.74268, -0.66297 ], [ 37.74268, -0.66289 ], [ 37.74268, -0.6628 ], [ 37.74268, -0.66262 ], [ 37.74268, -0.66249 ], [ 37.74268, -0.66241 ], [ 37.74268, -0.66236 ], [ 37.74268, -0.66228 ], [ 37.74268, -0.66214 ], [ 37.74268, -0.6621 ], [ 37.74268, -0.66197 ], [ 37.74268, -0.66184 ], [ 37.74268, -0.66175 ], [ 37.74268, -0.66162 ], [ 37.74268, -0.66158 ], [ 37.74268, -0.66149 ], [ 37.74268, -0.66144 ], [ 37.74268, -0.6614 ], [ 37.74272, -0.66131 ], [ 37.74276, -0.66131 ], [ 37.74276, -0.66127 ], [ 37.74281, -0.66127 ], [ 37.74294, -0.66118 ], [ 37.74298, -0.66118 ], [ 37.74303, -0.66118 ], [ 37.74311, -0.66123 ], [ 37.74324, -0.66136 ], [ 37.74324, -0.6614 ], [ 37.74324, -0.66149 ], [ 37.74324, -0.66153 ], [ 37.74329, -0.66162 ], [ 37.74329, -0.66175 ], [ 37.74329, -0.66184 ], [ 37.74333, -0.66193 ], [ 37.74333, -0.66197 ], [ 37.74338, -0.66206 ], [ 37.74346, -0.66214 ], [ 37.74355, -0.66223 ], [ 37.74359, -0.66223 ], [ 37.74368, -0.66223 ], [ 37.74377, -0.66223 ], [ 37.74381, -0.66223 ], [ 37.7439, -0.66214 ], [ 37.74394, -0.66214 ], [ 37.74403, -0.66214 ], [ 37.74412, -0.66214 ], [ 37.74425, -0.66214 ], [ 37.74429, -0.66214 ], [ 37.74438, -0.66214 ], [ 37.74447, -0.66219 ], [ 37.7446, -0.66219 ], [ 37.74478, -0.66219 ], [ 37.74482, -0.66219 ], [ 37.74491, -0.66219 ], [ 37.74517, -0.66214 ], [ 37.74526, -0.6621 ], [ 37.74526, -0.66201 ], [ 37.74534, -0.66188 ], [ 37.74539, -0.66179 ], [ 37.74539, -0.66175 ], [ 37.74543, -0.66171 ], [ 37.74543, -0.66166 ], [ 37.74552, -0.66166 ], [ 37.74556, -0.66166 ], [ 37.74556, -0.66162 ], [ 37.74569, -0.66149 ], [ 37.74578, -0.66144 ], [ 37.74578, -0.66136 ], [ 37.74578, -0.66131 ], [ 37.74578, -0.66118 ], [ 37.74574, -0.66109 ], [ 37.74574, -0.66105 ], [ 37.74565, -0.66088 ], [ 37.74565, -0.66083 ], [ 37.74561, -0.66066 ], [ 37.74556, -0.66061 ], [ 37.74552, -0.66053 ], [ 37.74552, -0.66048 ], [ 37.74548, -0.66035 ], [ 37.74548, -0.66026 ], [ 37.74548, -0.66022 ], [ 37.74548, -0.66013 ], [ 37.74565, -0.66 ], [ 37.74578, -0.65987 ], [ 37.74583, -0.65978 ], [ 37.74591, -0.65965 ], [ 37.74591, -0.65956 ], [ 37.74591, -0.65948 ], [ 37.746, -0.65935 ], [ 37.74609, -0.65921 ], [ 37.74613, -0.65913 ], [ 37.74617, -0.65913 ], [ 37.74622, -0.65913 ], [ 37.74631, -0.65908 ], [ 37.74635, -0.65908 ], [ 37.74639, -0.65908 ], [ 37.74644, -0.65917 ], [ 37.74644, -0.65921 ], [ 37.74648, -0.65921 ], [ 37.74657, -0.6593 ], [ 37.74661, -0.6593 ], [ 37.74674, -0.65943 ], [ 37.74687, -0.65948 ], [ 37.74692, -0.65948 ], [ 37.74714, -0.65948 ], [ 37.74718, -0.65948 ], [ 37.74731, -0.65948 ], [ 37.74766, -0.65948 ], [ 37.74784, -0.65948 ], [ 37.74797, -0.65948 ], [ 37.7481, -0.65948 ], [ 37.74832, -0.65948 ], [ 37.74849, -0.65948 ], [ 37.74858, -0.65948 ], [ 37.74871, -0.65935 ], [ 37.7488, -0.65921 ], [ 37.74884, -0.65921 ], [ 37.74897, -0.65908 ], [ 37.74911, -0.659 ], [ 37.74924, -0.65891 ], [ 37.74932, -0.65886 ], [ 37.74959, -0.65873 ], [ 37.74959, -0.65869 ], [ 37.74972, -0.65856 ], [ 37.74976, -0.65856 ], [ 37.74985, -0.65843 ], [ 37.74985, -0.65838 ], [ 37.75002, -0.6583 ], [ 37.75007, -0.65825 ], [ 37.75029, -0.65808 ], [ 37.75037, -0.65799 ], [ 37.75042, -0.65795 ], [ 37.75046, -0.65795 ], [ 37.75085, -0.65777 ], [ 37.7512, -0.65764 ], [ 37.75129, -0.65755 ], [ 37.75151, -0.65742 ], [ 37.7516, -0.65742 ], [ 37.75182, -0.65729 ], [ 37.75195, -0.6572 ], [ 37.75199, -0.65716 ], [ 37.75212, -0.65703 ], [ 37.7523, -0.6569 ], [ 37.75234, -0.6569 ], [ 37.75239, -0.65681 ], [ 37.75247, -0.65672 ], [ 37.75252, -0.65672 ], [ 37.75269, -0.65668 ], [ 37.75287, -0.65659 ], [ 37.75291, -0.65659 ], [ 37.75317, -0.65659 ], [ 37.75322, -0.65659 ], [ 37.75335, -0.65663 ], [ 37.75339, -0.65663 ], [ 37.75348, -0.65663 ], [ 37.75361, -0.65663 ], [ 37.75374, -0.65668 ], [ 37.75392, -0.65668 ], [ 37.75413, -0.65668 ], [ 37.75435, -0.65668 ], [ 37.75448, -0.65668 ], [ 37.75466, -0.65668 ], [ 37.7547, -0.65668 ], [ 37.75483, -0.65668 ], [ 37.75497, -0.65668 ], [ 37.75518, -0.65663 ], [ 37.75553, -0.6565 ], [ 37.75567, -0.65646 ], [ 37.7558, -0.65642 ], [ 37.75593, -0.65642 ], [ 37.75602, -0.65642 ], [ 37.75606, -0.65642 ], [ 37.75623, -0.65642 ], [ 37.75628, -0.65642 ], [ 37.75632, -0.65642 ], [ 37.75645, -0.65646 ], [ 37.75667, -0.65655 ], [ 37.75685, -0.65659 ], [ 37.75685, -0.65663 ], [ 37.75702, -0.65676 ], [ 37.75707, -0.65681 ], [ 37.75711, -0.65681 ], [ 37.75724, -0.65698 ], [ 37.75737, -0.65711 ], [ 37.75742, -0.65711 ], [ 37.7575, -0.6572 ], [ 37.75759, -0.65729 ], [ 37.75763, -0.65738 ], [ 37.75763, -0.65742 ], [ 37.75768, -0.65742 ], [ 37.75772, -0.65742 ], [ 37.75785, -0.65738 ], [ 37.75803, -0.65725 ], [ 37.75803, -0.6572 ], [ 37.75811, -0.65711 ], [ 37.75816, -0.65707 ], [ 37.7582, -0.65694 ], [ 37.7582, -0.6569 ], [ 37.75825, -0.6569 ], [ 37.75825, -0.65685 ], [ 37.75825, -0.65681 ], [ 37.75829, -0.65672 ], [ 37.75833, -0.65659 ], [ 37.75838, -0.65646 ], [ 37.75842, -0.65646 ], [ 37.75842, -0.65642 ], [ 37.75846, -0.65633 ], [ 37.75851, -0.65624 ], [ 37.7586, -0.65615 ], [ 37.75873, -0.65598 ], [ 37.75877, -0.65598 ], [ 37.75881, -0.65585 ], [ 37.75881, -0.65576 ], [ 37.75881, -0.65572 ], [ 37.75886, -0.65563 ], [ 37.7589, -0.65558 ], [ 37.7589, -0.6555 ], [ 37.75895, -0.65537 ], [ 37.75895, -0.65523 ], [ 37.75899, -0.65519 ], [ 37.75903, -0.65515 ], [ 37.75916, -0.65502 ], [ 37.75921, -0.65502 ], [ 37.75925, -0.65502 ], [ 37.7593, -0.65497 ], [ 37.75934, -0.65497 ], [ 37.75943, -0.65493 ], [ 37.75947, -0.65493 ], [ 37.7596, -0.65493 ], [ 37.75965, -0.65493 ], [ 37.75973, -0.65493 ], [ 37.75978, -0.65493 ], [ 37.75982, -0.65493 ], [ 37.75986, -0.65493 ], [ 37.76, -0.65493 ], [ 37.76013, -0.65493 ], [ 37.7603, -0.65488 ], [ 37.76035, -0.65484 ], [ 37.76039, -0.6548 ], [ 37.76043, -0.65471 ], [ 37.76048, -0.65458 ], [ 37.76065, -0.65449 ], [ 37.76065, -0.65445 ], [ 37.7607, -0.6544 ], [ 37.76074, -0.65436 ], [ 37.76078, -0.65436 ], [ 37.76078, -0.65427 ], [ 37.76083, -0.65427 ], [ 37.76083, -0.65423 ], [ 37.76083, -0.65418 ], [ 37.76083, -0.65414 ], [ 37.76087, -0.65405 ], [ 37.76091, -0.65397 ], [ 37.76091, -0.65392 ], [ 37.76087, -0.65388 ], [ 37.76078, -0.65379 ], [ 37.76065, -0.65366 ], [ 37.76048, -0.65353 ], [ 37.76043, -0.65353 ], [ 37.76043, -0.65349 ], [ 37.76039, -0.65349 ], [ 37.76035, -0.65349 ], [ 37.76035, -0.65344 ], [ 37.7603, -0.65344 ], [ 37.76026, -0.65344 ], [ 37.76021, -0.65344 ], [ 37.76017, -0.65344 ], [ 37.75993, -0.65308 ], [ 37.75991, -0.65305 ], [ 37.75991, -0.653 ], [ 37.75991, -0.65296 ], [ 37.75991, -0.65287 ], [ 37.75991, -0.65274 ], [ 37.75995, -0.65257 ], [ 37.75995, -0.65252 ], [ 37.76004, -0.65244 ], [ 37.76004, -0.65239 ], [ 37.76008, -0.65226 ], [ 37.76008, -0.65222 ], [ 37.76008, -0.65209 ], [ 37.76008, -0.65195 ], [ 37.76008, -0.65191 ], [ 37.76013, -0.65169 ], [ 37.76017, -0.6516 ], [ 37.76021, -0.65156 ], [ 37.76021, -0.65152 ], [ 37.7603, -0.65143 ], [ 37.76035, -0.65139 ], [ 37.76039, -0.65139 ], [ 37.76043, -0.65134 ], [ 37.76043, -0.65121 ], [ 37.76048, -0.65108 ], [ 37.76056, -0.65099 ], [ 37.76065, -0.65086 ], [ 37.7607, -0.65086 ], [ 37.76078, -0.65073 ], [ 37.76087, -0.65064 ], [ 37.76091, -0.65051 ], [ 37.761, -0.65042 ], [ 37.76113, -0.65029 ], [ 37.76122, -0.65012 ], [ 37.76122, -0.65003 ], [ 37.76131, -0.64994 ], [ 37.76135, -0.64986 ], [ 37.76135, -0.64981 ], [ 37.7614, -0.64977 ], [ 37.76148, -0.64968 ], [ 37.76157, -0.64959 ], [ 37.76174, -0.64959 ], [ 37.76188, -0.64955 ], [ 37.76192, -0.64955 ], [ 37.76196, -0.64955 ], [ 37.76205, -0.64955 ], [ 37.76218, -0.64964 ], [ 37.76227, -0.64972 ], [ 37.76227, -0.64977 ], [ 37.76231, -0.64981 ], [ 37.76231, -0.64986 ], [ 37.76236, -0.64986 ], [ 37.76236, -0.6499 ], [ 37.7624, -0.6499 ], [ 37.76244, -0.64994 ], [ 37.76249, -0.64994 ], [ 37.76253, -0.64994 ], [ 37.76258, -0.64994 ], [ 37.76275, -0.64977 ], [ 37.76284, -0.64968 ], [ 37.76284, -0.64964 ], [ 37.76288, -0.64955 ], [ 37.76288, -0.64951 ], [ 37.76288, -0.64946 ], [ 37.76288, -0.64937 ], [ 37.76288, -0.64933 ], [ 37.76288, -0.6492 ], [ 37.76288, -0.64902 ], [ 37.76288, -0.64889 ], [ 37.76288, -0.64885 ], [ 37.76288, -0.64881 ], [ 37.76288, -0.64876 ], [ 37.76288, -0.64872 ], [ 37.76288, -0.64854 ], [ 37.76288, -0.64837 ], [ 37.76288, -0.64832 ], [ 37.76288, -0.64828 ], [ 37.76288, -0.64824 ], [ 37.76288, -0.64819 ], [ 37.76288, -0.64811 ], [ 37.76288, -0.64806 ], [ 37.76288, -0.64793 ], [ 37.76288, -0.6478 ], [ 37.76293, -0.64771 ], [ 37.76293, -0.64767 ], [ 37.76293, -0.64754 ], [ 37.76293, -0.64749 ], [ 37.76297, -0.64736 ], [ 37.76301, -0.64732 ], [ 37.76306, -0.64732 ], [ 37.76306, -0.64723 ], [ 37.7631, -0.64719 ], [ 37.76319, -0.64714 ], [ 37.76328, -0.6471 ], [ 37.76332, -0.6471 ], [ 37.76336, -0.64706 ], [ 37.76336, -0.64701 ], [ 37.76345, -0.64697 ], [ 37.76345, -0.64693 ], [ 37.76349, -0.64688 ], [ 37.76354, -0.64675 ], [ 37.76354, -0.64671 ], [ 37.76354, -0.64666 ], [ 37.76354, -0.64662 ], [ 37.76354, -0.64653 ], [ 37.76354, -0.6464 ], [ 37.76358, -0.64631 ], [ 37.76358, -0.64618 ], [ 37.76363, -0.64614 ], [ 37.76363, -0.64609 ], [ 37.76363, -0.64605 ], [ 37.76363, -0.64601 ], [ 37.76367, -0.64601 ], [ 37.76376, -0.64596 ], [ 37.76384, -0.64592 ], [ 37.76389, -0.64592 ], [ 37.76398, -0.64592 ], [ 37.76419, -0.64592 ], [ 37.76424, -0.64592 ], [ 37.76428, -0.64592 ], [ 37.76441, -0.64583 ], [ 37.7645, -0.64583 ], [ 37.76459, -0.64574 ], [ 37.76485, -0.64557 ], [ 37.76503, -0.64544 ], [ 37.76503, -0.64539 ], [ 37.76511, -0.64531 ], [ 37.7652, -0.64531 ], [ 37.76542, -0.64518 ], [ 37.76546, -0.64518 ], [ 37.76568, -0.64513 ], [ 37.76572, -0.64509 ], [ 37.76572, -0.64504 ], [ 37.76577, -0.64504 ], [ 37.76599, -0.64491 ], [ 37.76607, -0.64491 ], [ 37.76634, -0.64478 ], [ 37.76638, -0.64478 ], [ 37.76656, -0.6447 ], [ 37.76677, -0.64465 ], [ 37.76695, -0.64456 ], [ 37.76699, -0.64456 ], [ 37.76721, -0.64456 ], [ 37.76726, -0.64461 ], [ 37.76739, -0.64461 ], [ 37.76743, -0.6447 ], [ 37.76761, -0.64478 ], [ 37.76765, -0.64496 ], [ 37.76769, -0.64504 ], [ 37.76774, -0.64504 ], [ 37.76778, -0.64509 ], [ 37.76787, -0.64509 ], [ 37.76791, -0.64509 ], [ 37.76809, -0.64496 ], [ 37.76809, -0.64491 ], [ 37.76835, -0.64478 ], [ 37.76835, -0.64474 ], [ 37.76844, -0.64465 ], [ 37.76861, -0.64456 ], [ 37.76866, -0.64452 ], [ 37.7687, -0.64443 ], [ 37.76874, -0.64435 ], [ 37.76874, -0.64426 ], [ 37.76874, -0.64421 ], [ 37.76879, -0.64408 ], [ 37.76883, -0.64391 ], [ 37.76887, -0.64386 ], [ 37.76887, -0.64382 ], [ 37.76887, -0.64373 ], [ 37.76892, -0.6436 ], [ 37.76896, -0.64347 ], [ 37.76896, -0.64338 ], [ 37.76896, -0.64321 ], [ 37.76896, -0.64312 ], [ 37.76896, -0.64303 ], [ 37.76896, -0.64295 ], [ 37.76896, -0.64286 ], [ 37.76892, -0.64268 ], [ 37.76892, -0.64251 ], [ 37.76892, -0.64238 ], [ 37.76892, -0.6422 ], [ 37.76892, -0.64203 ], [ 37.76892, -0.6419 ], [ 37.76892, -0.64185 ], [ 37.76892, -0.64177 ], [ 37.76892, -0.64168 ], [ 37.76901, -0.64155 ], [ 37.76905, -0.64146 ], [ 37.76905, -0.64137 ], [ 37.76905, -0.64128 ], [ 37.76905, -0.6412 ], [ 37.76905, -0.64111 ], [ 37.76905, -0.64093 ], [ 37.76914, -0.64072 ], [ 37.76918, -0.64058 ], [ 37.76918, -0.64054 ], [ 37.76918, -0.6405 ], [ 37.76918, -0.64037 ], [ 37.76922, -0.64023 ], [ 37.76922, -0.64015 ], [ 37.76922, -0.6401 ], [ 37.76927, -0.64002 ], [ 37.76931, -0.63993 ], [ 37.76931, -0.63988 ], [ 37.76935, -0.6398 ], [ 37.7694, -0.63975 ], [ 37.76949, -0.63971 ], [ 37.76949, -0.63958 ], [ 37.76957, -0.63949 ], [ 37.76962, -0.63949 ], [ 37.76962, -0.63945 ], [ 37.76966, -0.6394 ], [ 37.7697, -0.6394 ], [ 37.76984, -0.6394 ], [ 37.76997, -0.6394 ], [ 37.77001, -0.6394 ], [ 37.77005, -0.6394 ], [ 37.77019, -0.63945 ], [ 37.77023, -0.63945 ], [ 37.77023, -0.63949 ], [ 37.77023, -0.63953 ], [ 37.77023, -0.63958 ], [ 37.77023, -0.63962 ], [ 37.77023, -0.63975 ], [ 37.77023, -0.63988 ], [ 37.77023, -0.64006 ], [ 37.77023, -0.64023 ], [ 37.77023, -0.64037 ], [ 37.77023, -0.64045 ], [ 37.77023, -0.64054 ], [ 37.77023, -0.64058 ], [ 37.77019, -0.64063 ], [ 37.77019, -0.6408 ], [ 37.77019, -0.64085 ], [ 37.77019, -0.64098 ], [ 37.77019, -0.64107 ], [ 37.77019, -0.6412 ], [ 37.77019, -0.64124 ], [ 37.77019, -0.64128 ], [ 37.77019, -0.64137 ], [ 37.77019, -0.64142 ], [ 37.77027, -0.6415 ], [ 37.77027, -0.64155 ], [ 37.77032, -0.64155 ], [ 37.77032, -0.64159 ], [ 37.77036, -0.64159 ], [ 37.77045, -0.64159 ], [ 37.77045, -0.64163 ], [ 37.77067, -0.64181 ], [ 37.7708, -0.6419 ], [ 37.77084, -0.64198 ], [ 37.77097, -0.64203 ], [ 37.77106, -0.64203 ], [ 37.77115, -0.64207 ], [ 37.77128, -0.64212 ], [ 37.77132, -0.64212 ], [ 37.77137, -0.64216 ], [ 37.77141, -0.64216 ], [ 37.77145, -0.64216 ], [ 37.77159, -0.64229 ], [ 37.77163, -0.64233 ], [ 37.77163, -0.64238 ], [ 37.77167, -0.64242 ], [ 37.77172, -0.64246 ], [ 37.7718, -0.64255 ], [ 37.77189, -0.64268 ], [ 37.77207, -0.64281 ], [ 37.77215, -0.6429 ], [ 37.7722, -0.64295 ], [ 37.7722, -0.64299 ], [ 37.77224, -0.64308 ], [ 37.77224, -0.64316 ], [ 37.77229, -0.64316 ], [ 37.7725, -0.64303 ], [ 37.77255, -0.64299 ], [ 37.77259, -0.64299 ], [ 37.77259, -0.64295 ], [ 37.77268, -0.64281 ], [ 37.77268, -0.64277 ], [ 37.77268, -0.64273 ], [ 37.77268, -0.64268 ], [ 37.77272, -0.6426 ], [ 37.77277, -0.64203 ], [ 37.77281, -0.64194 ], [ 37.77333, -0.64124 ], [ 37.77347, -0.6412 ], [ 37.77351, -0.64115 ], [ 37.7736, -0.64111 ], [ 37.77373, -0.64111 ], [ 37.77386, -0.64111 ], [ 37.77399, -0.64111 ], [ 37.77403, -0.64111 ], [ 37.77417, -0.64111 ], [ 37.77421, -0.64111 ], [ 37.77425, -0.64111 ], [ 37.7743, -0.64111 ], [ 37.77434, -0.64111 ], [ 37.77438, -0.64111 ], [ 37.77447, -0.64111 ], [ 37.77487, -0.64111 ], [ 37.77491, -0.64111 ], [ 37.77495, -0.64111 ], [ 37.77517, -0.64111 ], [ 37.77535, -0.64111 ], [ 37.77561, -0.64085 ], [ 37.77561, -0.64072 ], [ 37.77561, -0.64058 ], [ 37.77561, -0.64045 ], [ 37.77561, -0.64041 ], [ 37.77561, -0.64028 ], [ 37.77561, -0.64015 ], [ 37.77561, -0.64002 ], [ 37.77561, -0.63993 ], [ 37.77561, -0.63984 ], [ 37.77561, -0.6398 ], [ 37.77561, -0.63962 ], [ 37.77561, -0.63949 ], [ 37.77561, -0.63945 ], [ 37.77561, -0.63932 ], [ 37.77561, -0.63923 ], [ 37.77561, -0.63914 ], [ 37.77561, -0.6391 ], [ 37.77561, -0.63905 ], [ 37.77561, -0.63901 ], [ 37.77561, -0.63897 ], [ 37.7757, -0.63888 ], [ 37.77574, -0.63879 ], [ 37.77578, -0.63879 ], [ 37.776, -0.63879 ], [ 37.77613, -0.63879 ], [ 37.77627, -0.63879 ], [ 37.77631, -0.63879 ], [ 37.77635, -0.63879 ], [ 37.77644, -0.63879 ], [ 37.77648, -0.63879 ], [ 37.77662, -0.63884 ], [ 37.77666, -0.63888 ], [ 37.7767, -0.63892 ], [ 37.77679, -0.63897 ], [ 37.77688, -0.63897 ], [ 37.77701, -0.63897 ], [ 37.77701, -0.63901 ], [ 37.77718, -0.6391 ], [ 37.77723, -0.6391 ], [ 37.77727, -0.63914 ], [ 37.77731, -0.63919 ], [ 37.77736, -0.63919 ], [ 37.77745, -0.63923 ], [ 37.77753, -0.63923 ], [ 37.77758, -0.63927 ], [ 37.77766, -0.63936 ], [ 37.77771, -0.6394 ], [ 37.77771, -0.63945 ], [ 37.7778, -0.63949 ], [ 37.77788, -0.63953 ], [ 37.77793, -0.63958 ], [ 37.77797, -0.63958 ], [ 37.77806, -0.63958 ], [ 37.77819, -0.63962 ], [ 37.77836, -0.63962 ], [ 37.7785, -0.63967 ], [ 37.77863, -0.63967 ], [ 37.77867, -0.63967 ], [ 37.77885, -0.63967 ], [ 37.77889, -0.63971 ], [ 37.77893, -0.63971 ], [ 37.77893, -0.63975 ], [ 37.77893, -0.6398 ], [ 37.77898, -0.63988 ], [ 37.77906, -0.63993 ], [ 37.77906, -0.64002 ], [ 37.77915, -0.6401 ], [ 37.7792, -0.64019 ], [ 37.77928, -0.64028 ], [ 37.77928, -0.64032 ], [ 37.77937, -0.64041 ], [ 37.77941, -0.6405 ], [ 37.77946, -0.64054 ], [ 37.7795, -0.64058 ], [ 37.7795, -0.64063 ], [ 37.77955, -0.64063 ], [ 37.77955, -0.64067 ], [ 37.77963, -0.64072 ], [ 37.77972, -0.64072 ], [ 37.77976, -0.64072 ], [ 37.77985, -0.64072 ], [ 37.7799, -0.64072 ], [ 37.77998, -0.64072 ], [ 37.78011, -0.64067 ], [ 37.7802, -0.64067 ], [ 37.78025, -0.64067 ], [ 37.78029, -0.64063 ], [ 37.78038, -0.64063 ], [ 37.78042, -0.64063 ], [ 37.78055, -0.64063 ], [ 37.7806, -0.64063 ], [ 37.78064, -0.64063 ], [ 37.78077, -0.64063 ], [ 37.78086, -0.64072 ], [ 37.78099, -0.64076 ], [ 37.78112, -0.6408 ], [ 37.78116, -0.6408 ], [ 37.78121, -0.64076 ], [ 37.78125, -0.64076 ], [ 37.78134, -0.64076 ], [ 37.78143, -0.6408 ], [ 37.78147, -0.64089 ], [ 37.78156, -0.64098 ], [ 37.7816, -0.64098 ], [ 37.7816, -0.64102 ], [ 37.78164, -0.64107 ], [ 37.78169, -0.64107 ], [ 37.78178, -0.64107 ], [ 37.78195, -0.64107 ], [ 37.78217, -0.64107 ], [ 37.7823, -0.64107 ], [ 37.78234, -0.64107 ], [ 37.78243, -0.64093 ], [ 37.78243, -0.64085 ], [ 37.78248, -0.64076 ], [ 37.78248, -0.64067 ], [ 37.78248, -0.64054 ], [ 37.78248, -0.6405 ], [ 37.78252, -0.64041 ], [ 37.78252, -0.64032 ], [ 37.78256, -0.64028 ], [ 37.78256, -0.64019 ], [ 37.78261, -0.64006 ], [ 37.78261, -0.63993 ], [ 37.78261, -0.63988 ], [ 37.78261, -0.6398 ], [ 37.78261, -0.63975 ], [ 37.78265, -0.63962 ], [ 37.78265, -0.63953 ], [ 37.78265, -0.6394 ], [ 37.78269, -0.63932 ], [ 37.78274, -0.63923 ], [ 37.78278, -0.63914 ], [ 37.78283, -0.63914 ], [ 37.78291, -0.63905 ], [ 37.78296, -0.63897 ], [ 37.783, -0.63897 ], [ 37.783, -0.63892 ], [ 37.78309, -0.63888 ], [ 37.78313, -0.63888 ], [ 37.78313, -0.63884 ], [ 37.78322, -0.63879 ], [ 37.78326, -0.6387 ], [ 37.78326, -0.63866 ], [ 37.78335, -0.63862 ], [ 37.78339, -0.63862 ], [ 37.78357, -0.63857 ], [ 37.78361, -0.63857 ], [ 37.7837, -0.63857 ], [ 37.78374, -0.63857 ], [ 37.78383, -0.63862 ], [ 37.78388, -0.63866 ], [ 37.78388, -0.6387 ], [ 37.78388, -0.63875 ], [ 37.78388, -0.63884 ], [ 37.78388, -0.63888 ], [ 37.78388, -0.63897 ], [ 37.78388, -0.63905 ], [ 37.78388, -0.63914 ], [ 37.78388, -0.63919 ], [ 37.78388, -0.63932 ], [ 37.78388, -0.6394 ], [ 37.78388, -0.63949 ], [ 37.78388, -0.63953 ], [ 37.78388, -0.63958 ], [ 37.78388, -0.63962 ], [ 37.78396, -0.63971 ], [ 37.78453, -0.64023 ], [ 37.78453, -0.64028 ], [ 37.78453, -0.64032 ], [ 37.78453, -0.64037 ], [ 37.78462, -0.6405 ], [ 37.78466, -0.64058 ], [ 37.78466, -0.64067 ], [ 37.78466, -0.64085 ], [ 37.78471, -0.64089 ], [ 37.78484, -0.64107 ], [ 37.78488, -0.64124 ], [ 37.78492, -0.64137 ], [ 37.78497, -0.64155 ], [ 37.78497, -0.64159 ], [ 37.7851, -0.64172 ], [ 37.7851, -0.64177 ], [ 37.78519, -0.64203 ], [ 37.78519, -0.64225 ], [ 37.78523, -0.64242 ], [ 37.78527, -0.64246 ], [ 37.78532, -0.64277 ], [ 37.78532, -0.6429 ], [ 37.78536, -0.64303 ], [ 37.78536, -0.64321 ], [ 37.78541, -0.64334 ], [ 37.78549, -0.6436 ], [ 37.78549, -0.64378 ], [ 37.78549, -0.64404 ], [ 37.78554, -0.64417 ], [ 37.78562, -0.6443 ], [ 37.78562, -0.64435 ], [ 37.78571, -0.64452 ], [ 37.78576, -0.6447 ], [ 37.78576, -0.64474 ], [ 37.78584, -0.64478 ], [ 37.78589, -0.64483 ], [ 37.78589, -0.64487 ], [ 37.78593, -0.64487 ], [ 37.78602, -0.64491 ], [ 37.78611, -0.645 ], [ 37.78611, -0.64504 ], [ 37.78615, -0.64504 ], [ 37.78624, -0.64509 ], [ 37.78624, -0.64504 ], [ 37.7871, -0.64547 ], [ 37.7872, -0.64553 ], [ 37.78724, -0.64553 ], [ 37.78729, -0.64553 ], [ 37.78768, -0.64548 ], [ 37.78772, -0.64548 ], [ 37.7879, -0.64544 ], [ 37.78799, -0.64544 ], [ 37.78807, -0.64544 ], [ 37.78812, -0.64544 ], [ 37.78847, -0.64544 ], [ 37.78851, -0.64542 ], [ 37.78877, -0.64531 ], [ 37.78882, -0.64531 ], [ 37.78925, -0.64526 ], [ 37.78939, -0.64526 ], [ 37.78952, -0.64526 ], [ 37.78952, -0.64522 ], [ 37.78952, -0.64513 ], [ 37.78952, -0.64509 ], [ 37.78952, -0.64504 ], [ 37.78952, -0.64496 ], [ 37.78952, -0.64487 ], [ 37.78952, -0.64483 ], [ 37.78952, -0.64478 ], [ 37.78952, -0.64465 ], [ 37.78952, -0.64456 ], [ 37.78952, -0.64439 ], [ 37.78947, -0.64426 ], [ 37.78947, -0.64421 ], [ 37.78943, -0.64408 ], [ 37.7893, -0.64391 ], [ 37.78912, -0.64373 ], [ 37.78899, -0.6436 ], [ 37.78899, -0.64347 ], [ 37.78895, -0.64343 ], [ 37.78895, -0.64325 ], [ 37.78895, -0.64308 ], [ 37.78895, -0.64299 ], [ 37.78895, -0.6429 ], [ 37.78895, -0.64286 ], [ 37.78908, -0.64273 ], [ 37.78921, -0.6426 ], [ 37.78925, -0.64246 ], [ 37.78925, -0.64242 ], [ 37.78925, -0.64225 ], [ 37.7893, -0.64212 ], [ 37.7893, -0.64207 ], [ 37.78939, -0.6419 ], [ 37.78939, -0.64177 ], [ 37.78939, -0.64163 ], [ 37.78939, -0.64146 ], [ 37.78939, -0.64128 ], [ 37.78939, -0.64124 ], [ 37.78939, -0.64107 ], [ 37.78939, -0.64089 ], [ 37.78939, -0.6408 ], [ 37.78943, -0.64063 ], [ 37.78943, -0.64045 ], [ 37.78947, -0.64037 ], [ 37.78947, -0.64032 ], [ 37.78947, -0.64023 ], [ 37.78947, -0.6401 ], [ 37.78947, -0.64002 ], [ 37.78947, -0.63988 ], [ 37.78943, -0.63975 ], [ 37.78934, -0.63962 ], [ 37.78921, -0.63949 ], [ 37.78917, -0.63936 ], [ 37.78917, -0.63919 ], [ 37.78912, -0.63901 ], [ 37.78908, -0.63884 ], [ 37.78908, -0.6387 ], [ 37.78908, -0.63857 ], [ 37.78908, -0.63853 ], [ 37.78908, -0.63844 ], [ 37.78908, -0.63822 ], [ 37.78908, -0.63805 ], [ 37.78908, -0.63787 ], [ 37.78908, -0.63761 ], [ 37.78912, -0.63739 ], [ 37.78917, -0.63722 ], [ 37.78921, -0.63709 ], [ 37.78921, -0.63704 ], [ 37.78921, -0.637 ], [ 37.7893, -0.63687 ], [ 37.78934, -0.63674 ], [ 37.78947, -0.63656 ], [ 37.78952, -0.63639 ], [ 37.78956, -0.63634 ], [ 37.78965, -0.63621 ], [ 37.78987, -0.63604 ], [ 37.78987, -0.63595 ], [ 37.78991, -0.63591 ], [ 37.7903, -0.63582 ], [ 37.79035, -0.63582 ], [ 37.79035, -0.63577 ], [ 37.79065, -0.63577 ], [ 37.79074, -0.63577 ], [ 37.79079, -0.63577 ], [ 37.79092, -0.63577 ], [ 37.79118, -0.63573 ], [ 37.79131, -0.63573 ], [ 37.7914, -0.63569 ], [ 37.79144, -0.63569 ], [ 37.79157, -0.63564 ], [ 37.7917, -0.6356 ], [ 37.79188, -0.63551 ], [ 37.79201, -0.63542 ], [ 37.7921, -0.63529 ], [ 37.79223, -0.63516 ], [ 37.79232, -0.63507 ], [ 37.79236, -0.63499 ], [ 37.7924, -0.63486 ], [ 37.79249, -0.63472 ], [ 37.79258, -0.63459 ], [ 37.79267, -0.63455 ], [ 37.79267, -0.63446 ], [ 37.79271, -0.63442 ], [ 37.79284, -0.63429 ], [ 37.79302, -0.63411 ], [ 37.7931, -0.63402 ], [ 37.7931, -0.63398 ], [ 37.79341, -0.63385 ], [ 37.79354, -0.63376 ], [ 37.79367, -0.63367 ], [ 37.79372, -0.63363 ], [ 37.79393, -0.6335 ], [ 37.79402, -0.63337 ], [ 37.7942, -0.63324 ], [ 37.79437, -0.63311 ], [ 37.79446, -0.63293 ], [ 37.79455, -0.6328 ], [ 37.79472, -0.63267 ], [ 37.79481, -0.63254 ], [ 37.79481, -0.63245 ], [ 37.7949, -0.63232 ], [ 37.7949, -0.63219 ], [ 37.7949, -0.6321 ], [ 37.7949, -0.63206 ], [ 37.7949, -0.63197 ], [ 37.79485, -0.63188 ], [ 37.79477, -0.63179 ], [ 37.79468, -0.63166 ], [ 37.79463, -0.63158 ], [ 37.79459, -0.6314 ], [ 37.79455, -0.63131 ], [ 37.79442, -0.63123 ], [ 37.79433, -0.63109 ], [ 37.79415, -0.63092 ], [ 37.79402, -0.63079 ], [ 37.79393, -0.63066 ], [ 37.7938, -0.63053 ], [ 37.79367, -0.63026 ], [ 37.79358, -0.63009 ], [ 37.79354, -0.63005 ], [ 37.79345, -0.62991 ], [ 37.79345, -0.62983 ], [ 37.79345, -0.62978 ], [ 37.79345, -0.6297 ], [ 37.79345, -0.62961 ], [ 37.79345, -0.62956 ], [ 37.79345, -0.62943 ], [ 37.79345, -0.62935 ], [ 37.79345, -0.6293 ], [ 37.79345, -0.62926 ], [ 37.79345, -0.62921 ], [ 37.79345, -0.62917 ], [ 37.79345, -0.62913 ], [ 37.79345, -0.62908 ], [ 37.79345, -0.629 ], [ 37.79345, -0.62891 ], [ 37.7935, -0.62882 ], [ 37.7935, -0.62873 ], [ 37.79358, -0.62865 ], [ 37.79367, -0.6286 ], [ 37.79372, -0.6286 ], [ 37.79389, -0.6286 ], [ 37.79393, -0.6286 ], [ 37.79402, -0.6286 ], [ 37.79407, -0.62865 ], [ 37.79415, -0.62865 ], [ 37.7942, -0.62865 ], [ 37.79428, -0.62869 ], [ 37.79442, -0.62869 ], [ 37.79442, -0.62873 ], [ 37.79442, -0.62878 ], [ 37.79446, -0.62878 ], [ 37.7945, -0.62882 ], [ 37.79455, -0.62886 ], [ 37.79459, -0.62886 ], [ 37.79463, -0.62886 ], [ 37.79468, -0.62886 ], [ 37.79472, -0.62886 ], [ 37.79477, -0.62886 ], [ 37.79481, -0.62886 ], [ 37.79485, -0.62886 ], [ 37.79494, -0.62882 ], [ 37.79512, -0.62869 ], [ 37.79525, -0.62856 ], [ 37.79525, -0.62851 ], [ 37.79525, -0.62843 ], [ 37.79525, -0.62838 ], [ 37.79529, -0.62825 ], [ 37.79529, -0.62812 ], [ 37.79529, -0.62799 ], [ 37.79533, -0.62781 ], [ 37.79538, -0.62777 ], [ 37.79551, -0.6276 ], [ 37.79555, -0.62747 ], [ 37.79555, -0.62738 ], [ 37.7956, -0.62725 ], [ 37.79564, -0.62725 ], [ 37.79568, -0.62716 ], [ 37.79577, -0.62703 ], [ 37.79586, -0.62698 ], [ 37.79595, -0.62694 ], [ 37.79595, -0.6269 ], [ 37.79599, -0.6269 ], [ 37.79603, -0.62685 ], [ 37.7963, -0.62668 ], [ 37.79634, -0.62663 ], [ 37.79638, -0.62663 ], [ 37.79643, -0.62655 ], [ 37.79665, -0.6265 ], [ 37.79686, -0.62637 ], [ 37.79691, -0.62633 ], [ 37.797, -0.6262 ], [ 37.79713, -0.62611 ], [ 37.79717, -0.62611 ], [ 37.79726, -0.62602 ], [ 37.79735, -0.62589 ], [ 37.79743, -0.62576 ], [ 37.79743, -0.62572 ], [ 37.79756, -0.62567 ], [ 37.79761, -0.62554 ], [ 37.79783, -0.62541 ], [ 37.79791, -0.62532 ], [ 37.798, -0.62523 ], [ 37.79809, -0.62515 ], [ 37.79818, -0.62506 ], [ 37.79818, -0.62502 ], [ 37.79818, -0.62497 ], [ 37.79813, -0.62497 ], [ 37.79813, -0.62493 ], [ 37.79809, -0.62484 ], [ 37.79809, -0.62475 ], [ 37.79809, -0.62471 ], [ 37.798, -0.62462 ], [ 37.79796, -0.62454 ], [ 37.79796, -0.62449 ], [ 37.79791, -0.6244 ], [ 37.79791, -0.62436 ], [ 37.79787, -0.62436 ], [ 37.79787, -0.62432 ], [ 37.79787, -0.62427 ], [ 37.79787, -0.62423 ], [ 37.79787, -0.62419 ], [ 37.79787, -0.62414 ], [ 37.79796, -0.62401 ], [ 37.79796, -0.62397 ], [ 37.798, -0.62397 ], [ 37.79813, -0.62392 ], [ 37.79826, -0.62392 ], [ 37.79831, -0.62392 ], [ 37.7987, -0.62392 ], [ 37.79875, -0.62392 ], [ 37.79883, -0.62392 ], [ 37.79892, -0.62392 ], [ 37.79896, -0.62397 ], [ 37.79936, -0.62405 ], [ 37.7994, -0.62405 ], [ 37.79945, -0.62405 ], [ 37.79988, -0.6241 ], [ 37.79988, -0.62414 ], [ 37.80032, -0.62419 ], [ 37.80036, -0.62419 ], [ 37.80037, -0.62419 ], [ 37.80045, -0.62419 ], [ 37.80054, -0.62419 ], [ 37.80058, -0.62419 ], [ 37.80063, -0.62419 ], [ 37.80067, -0.62427 ], [ 37.80067, -0.62432 ], [ 37.80067, -0.62436 ], [ 37.80071, -0.62436 ], [ 37.80071, -0.62445 ], [ 37.80071, -0.62449 ], [ 37.80071, -0.62454 ], [ 37.80058, -0.62467 ], [ 37.80049, -0.62484 ], [ 37.80041, -0.62493 ], [ 37.80041, -0.62502 ], [ 37.80036, -0.62506 ], [ 37.80036, -0.62519 ], [ 37.80036, -0.62523 ], [ 37.80041, -0.62537 ], [ 37.80054, -0.62545 ], [ 37.80058, -0.6255 ], [ 37.80071, -0.62558 ], [ 37.80076, -0.62563 ], [ 37.8008, -0.62563 ], [ 37.80084, -0.62567 ], [ 37.80098, -0.62576 ], [ 37.80102, -0.6258 ], [ 37.80102, -0.62593 ], [ 37.80102, -0.62602 ], [ 37.80102, -0.62607 ], [ 37.80102, -0.62611 ], [ 37.80098, -0.62624 ], [ 37.80098, -0.62633 ], [ 37.80093, -0.62646 ], [ 37.80093, -0.62655 ], [ 37.80093, -0.62668 ], [ 37.80093, -0.62681 ], [ 37.80089, -0.62685 ], [ 37.80084, -0.62703 ], [ 37.80084, -0.62716 ], [ 37.8008, -0.62716 ], [ 37.80076, -0.62725 ], [ 37.80071, -0.62733 ], [ 37.80071, -0.62742 ], [ 37.80067, -0.62755 ], [ 37.80067, -0.6276 ], [ 37.80067, -0.62768 ], [ 37.80071, -0.62773 ], [ 37.80089, -0.62777 ], [ 37.80106, -0.62777 ], [ 37.80115, -0.62777 ], [ 37.80176, -0.62777 ], [ 37.80185, -0.62777 ], [ 37.80189, -0.62777 ], [ 37.80198, -0.62781 ], [ 37.80203, -0.6279 ], [ 37.80203, -0.62795 ], [ 37.80203, -0.62803 ], [ 37.80203, -0.62821 ], [ 37.80203, -0.62825 ], [ 37.80189, -0.62843 ], [ 37.80181, -0.62873 ], [ 37.80172, -0.62891 ], [ 37.80168, -0.629 ], [ 37.80159, -0.62908 ], [ 37.80154, -0.62917 ], [ 37.80154, -0.6293 ], [ 37.8015, -0.62935 ], [ 37.8015, -0.62952 ], [ 37.8015, -0.62965 ], [ 37.8015, -0.6297 ], [ 37.8015, -0.62991 ], [ 37.8015, -0.63005 ], [ 37.8015, -0.63026 ], [ 37.8015, -0.63031 ], [ 37.80154, -0.6304 ], [ 37.80159, -0.6304 ], [ 37.80176, -0.63044 ], [ 37.80189, -0.63044 ], [ 37.80203, -0.63044 ], [ 37.80207, -0.63044 ], [ 37.80246, -0.63044 ], [ 37.80281, -0.63044 ], [ 37.80281, -0.63048 ], [ 37.80286, -0.63053 ], [ 37.80286, -0.63061 ], [ 37.80286, -0.63074 ], [ 37.80286, -0.63079 ], [ 37.80286, -0.63088 ], [ 37.80286, -0.63092 ], [ 37.80286, -0.63096 ], [ 37.80286, -0.63101 ], [ 37.80286, -0.63118 ], [ 37.8029, -0.63127 ], [ 37.80294, -0.63136 ], [ 37.80312, -0.63153 ], [ 37.80329, -0.63162 ], [ 37.80334, -0.63162 ], [ 37.80364, -0.63171 ], [ 37.80364, -0.63175 ], [ 37.80391, -0.63175 ], [ 37.80395, -0.63175 ], [ 37.80426, -0.63184 ], [ 37.8043, -0.63184 ], [ 37.80452, -0.63193 ], [ 37.80469, -0.63201 ], [ 37.80474, -0.63201 ], [ 37.80478, -0.63206 ], [ 37.80482, -0.63214 ], [ 37.80482, -0.63219 ], [ 37.80482, -0.63228 ], [ 37.80487, -0.63232 ], [ 37.80487, -0.63241 ], [ 37.80487, -0.63254 ], [ 37.80487, -0.63267 ], [ 37.80487, -0.63271 ], [ 37.80487, -0.6328 ], [ 37.80487, -0.63289 ], [ 37.80487, -0.63298 ], [ 37.80487, -0.63302 ], [ 37.80491, -0.63324 ], [ 37.80491, -0.63333 ], [ 37.80496, -0.63346 ], [ 37.80504, -0.63363 ], [ 37.80504, -0.63367 ], [ 37.80517, -0.63381 ], [ 37.80526, -0.63394 ], [ 37.80531, -0.63394 ], [ 37.80535, -0.63394 ], [ 37.80552, -0.63411 ], [ 37.80561, -0.63416 ], [ 37.80561, -0.6342 ], [ 37.80579, -0.63433 ], [ 37.80583, -0.63442 ], [ 37.80596, -0.63455 ], [ 37.80622, -0.63481 ], [ 37.80644, -0.63503 ], [ 37.80657, -0.63507 ], [ 37.80675, -0.63521 ], [ 37.80692, -0.63521 ], [ 37.80719, -0.63521 ], [ 37.80723, -0.63525 ], [ 37.80749, -0.63542 ], [ 37.80754, -0.63547 ], [ 37.80754, -0.63551 ], [ 37.80754, -0.63569 ], [ 37.80754, -0.63582 ], [ 37.80754, -0.63586 ], [ 37.80758, -0.63608 ], [ 37.80762, -0.63621 ], [ 37.80767, -0.63621 ], [ 37.80793, -0.63634 ], [ 37.80797, -0.63634 ], [ 37.80802, -0.63639 ], [ 37.80819, -0.63652 ], [ 37.80824, -0.63652 ], [ 37.80828, -0.63656 ], [ 37.80828, -0.63665 ], [ 37.80828, -0.63674 ], [ 37.80828, -0.63678 ], [ 37.80828, -0.63682 ], [ 37.80828, -0.63704 ], [ 37.80828, -0.63709 ], [ 37.80828, -0.63713 ], [ 37.80824, -0.63713 ], [ 37.80824, -0.63726 ], [ 37.80824, -0.6373 ], [ 37.80824, -0.63735 ], [ 37.80824, -0.63752 ], [ 37.80824, -0.63761 ], [ 37.80824, -0.63765 ], [ 37.80824, -0.6377 ], [ 37.80828, -0.63783 ], [ 37.80832, -0.63783 ], [ 37.80841, -0.63783 ], [ 37.8085, -0.63783 ], [ 37.80859, -0.63783 ], [ 37.80867, -0.63783 ], [ 37.8088, -0.63783 ], [ 37.80885, -0.63783 ], [ 37.80894, -0.63783 ], [ 37.80898, -0.63783 ], [ 37.80902, -0.63787 ], [ 37.80911, -0.63796 ], [ 37.80911, -0.638 ], [ 37.80911, -0.63822 ], [ 37.80911, -0.63831 ], [ 37.80907, -0.63831 ], [ 37.80894, -0.6384 ], [ 37.80889, -0.6384 ], [ 37.8088, -0.63844 ], [ 37.80876, -0.63849 ], [ 37.80867, -0.63857 ], [ 37.80863, -0.63857 ], [ 37.80854, -0.63857 ], [ 37.8085, -0.63862 ], [ 37.80837, -0.63875 ], [ 37.80832, -0.63888 ], [ 37.80828, -0.63892 ], [ 37.80824, -0.63901 ], [ 37.80828, -0.63901 ], [ 37.80837, -0.63914 ], [ 37.80841, -0.63919 ], [ 37.80845, -0.63923 ], [ 37.8085, -0.63923 ], [ 37.80859, -0.63927 ], [ 37.80867, -0.63932 ], [ 37.8088, -0.63936 ], [ 37.80894, -0.6394 ], [ 37.80933, -0.63953 ], [ 37.80937, -0.63953 ], [ 37.80946, -0.63953 ], [ 37.81003, -0.63971 ], [ 37.81012, -0.63971 ], [ 37.81016, -0.63975 ], [ 37.81029, -0.63997 ], [ 37.81029, -0.64002 ], [ 37.81034, -0.64019 ], [ 37.81034, -0.64023 ], [ 37.81038, -0.64037 ], [ 37.81042, -0.64041 ], [ 37.81055, -0.6405 ], [ 37.81055, -0.64054 ], [ 37.8106, -0.64054 ], [ 37.81077, -0.64072 ], [ 37.81077, -0.64076 ], [ 37.81082, -0.64076 ], [ 37.81086, -0.64085 ], [ 37.81086, -0.64093 ], [ 37.81086, -0.64128 ], [ 37.81086, -0.64133 ], [ 37.81086, -0.64137 ], [ 37.81104, -0.64159 ], [ 37.81112, -0.64168 ], [ 37.81112, -0.64172 ], [ 37.8113, -0.64181 ], [ 37.81134, -0.64185 ], [ 37.81152, -0.64198 ], [ 37.8116, -0.64198 ], [ 37.81165, -0.64203 ], [ 37.81187, -0.64242 ], [ 37.81191, -0.64246 ], [ 37.812, -0.64255 ], [ 37.81204, -0.64264 ], [ 37.81235, -0.64295 ], [ 37.81235, -0.64299 ], [ 37.81239, -0.64303 ], [ 37.81239, -0.64308 ], [ 37.81305, -0.64356 ], [ 37.81309, -0.64356 ], [ 37.81318, -0.64365 ], [ 37.81322, -0.64365 ], [ 37.81357, -0.64382 ], [ 37.81362, -0.64382 ], [ 37.8137, -0.64382 ], [ 37.81375, -0.64386 ], [ 37.81397, -0.64404 ], [ 37.81401, -0.64408 ], [ 37.81405, -0.64408 ], [ 37.81405, -0.64413 ], [ 37.81458, -0.64465 ], [ 37.81467, -0.64474 ], [ 37.81484, -0.645 ], [ 37.81488, -0.645 ], [ 37.81493, -0.64513 ], [ 37.81497, -0.64513 ], [ 37.81497, -0.64518 ], [ 37.81502, -0.64522 ], [ 37.81523, -0.64553 ], [ 37.81528, -0.64561 ], [ 37.81537, -0.64566 ], [ 37.8162, -0.6471 ], [ 37.81624, -0.64714 ], [ 37.81624, -0.64719 ], [ 37.81624, -0.64723 ], [ 37.81628, -0.64728 ], [ 37.81641, -0.64754 ], [ 37.81646, -0.64754 ], [ 37.81663, -0.6478 ], [ 37.81668, -0.6478 ], [ 37.81685, -0.64797 ], [ 37.81702, -0.64818 ], [ 37.81707, -0.64824 ], [ 37.81725, -0.64841 ], [ 37.81733, -0.64846 ], [ 37.81733, -0.6485 ], [ 37.81751, -0.64863 ], [ 37.81751, -0.64867 ], [ 37.81773, -0.64881 ], [ 37.81777, -0.64885 ], [ 37.81781, -0.64889 ], [ 37.81808, -0.64916 ], [ 37.8183, -0.64937 ], [ 37.81847, -0.64951 ], [ 37.8186, -0.64959 ], [ 37.81886, -0.64981 ], [ 37.81891, -0.64981 ], [ 37.81895, -0.6499 ], [ 37.81921, -0.65012 ], [ 37.8193, -0.65021 ], [ 37.81935, -0.65025 ], [ 37.81961, -0.65047 ], [ 37.81974, -0.6506 ], [ 37.81978, -0.6506 ], [ 37.82, -0.65082 ], [ 37.82009, -0.65082 ], [ 37.82035, -0.65104 ], [ 37.82039, -0.65104 ], [ 37.82048, -0.65104 ], [ 37.82109, -0.65125 ], [ 37.82118, -0.65125 ], [ 37.82166, -0.65139 ], [ 37.82171, -0.65139 ], [ 37.82193, -0.65156 ], [ 37.82201, -0.65169 ], [ 37.82206, -0.65174 ], [ 37.82206, -0.65178 ], [ 37.82245, -0.652 ], [ 37.82249, -0.652 ], [ 37.82254, -0.65204 ], [ 37.82302, -0.6523 ], [ 37.82311, -0.65239 ], [ 37.82315, -0.65244 ], [ 37.82337, -0.6527 ], [ 37.82354, -0.65292 ], [ 37.82359, -0.65292 ], [ 37.82372, -0.65309 ], [ 37.82385, -0.65331 ], [ 37.82411, -0.65362 ], [ 37.8242, -0.65375 ], [ 37.82433, -0.65392 ], [ 37.82442, -0.6541 ], [ 37.82455, -0.65423 ], [ 37.82459, -0.65423 ], [ 37.82472, -0.65427 ], [ 37.82516, -0.65449 ], [ 37.82521, -0.65449 ], [ 37.82529, -0.65449 ], [ 37.82595, -0.65458 ], [ 37.82599, -0.65458 ], [ 37.82612, -0.65458 ], [ 37.82617, -0.65458 ], [ 37.82639, -0.65458 ], [ 37.82647, -0.65458 ], [ 37.82691, -0.6548 ], [ 37.827, -0.65488 ], [ 37.82704, -0.65488 ], [ 37.82726, -0.65502 ], [ 37.82739, -0.6551 ], [ 37.82744, -0.65515 ], [ 37.8277, -0.65532 ], [ 37.82774, -0.65532 ], [ 37.82796, -0.65545 ], [ 37.82805, -0.65545 ], [ 37.82814, -0.6555 ], [ 37.82853, -0.65563 ], [ 37.82857, -0.65563 ], [ 37.82862, -0.65563 ], [ 37.82892, -0.65576 ], [ 37.82905, -0.65593 ], [ 37.82905, -0.65598 ], [ 37.82923, -0.65615 ], [ 37.82936, -0.65637 ], [ 37.82954, -0.65655 ], [ 37.82971, -0.65681 ], [ 37.82975, -0.65681 ], [ 37.82989, -0.6569 ], [ 37.83002, -0.65698 ], [ 37.83024, -0.65716 ], [ 37.83059, -0.65746 ], [ 37.8308, -0.65764 ], [ 37.83085, -0.65764 ], [ 37.83098, -0.65773 ], [ 37.83107, -0.65777 ], [ 37.8312, -0.65781 ], [ 37.83137, -0.6579 ], [ 37.83137, -0.65795 ], [ 37.83146, -0.65808 ], [ 37.83146, -0.65816 ], [ 37.8315, -0.65816 ], [ 37.83155, -0.6583 ], [ 37.83155, -0.65834 ], [ 37.83172, -0.65847 ], [ 37.83198, -0.65847 ], [ 37.83203, -0.65847 ], [ 37.83207, -0.65847 ], [ 37.83242, -0.65847 ], [ 37.83247, -0.65847 ], [ 37.8326, -0.65851 ], [ 37.83273, -0.6586 ], [ 37.83277, -0.65865 ], [ 37.83282, -0.65873 ], [ 37.83286, -0.65886 ], [ 37.83295, -0.659 ], [ 37.83299, -0.659 ], [ 37.83299, -0.65908 ], [ 37.83299, -0.65917 ], [ 37.83308, -0.6593 ], [ 37.83312, -0.65943 ], [ 37.83317, -0.65943 ], [ 37.83325, -0.65956 ], [ 37.83338, -0.65956 ], [ 37.83356, -0.65961 ], [ 37.8336, -0.65961 ], [ 37.83365, -0.65961 ], [ 37.83369, -0.65961 ], [ 37.834, -0.65948 ], [ 37.83408, -0.65939 ], [ 37.83413, -0.65939 ], [ 37.83426, -0.6593 ], [ 37.8343, -0.6593 ], [ 37.83461, -0.6593 ], [ 37.83465, -0.6593 ], [ 37.83474, -0.6593 ], [ 37.83483, -0.65935 ], [ 37.83487, -0.65935 ], [ 37.83513, -0.65935 ], [ 37.83526, -0.65935 ], [ 37.83548, -0.65935 ], [ 37.83566, -0.65935 ], [ 37.83588, -0.65935 ], [ 37.83614, -0.65935 ], [ 37.83636, -0.65935 ], [ 37.83666, -0.65935 ], [ 37.83688, -0.65935 ], [ 37.83693, -0.65935 ], [ 37.8371, -0.65935 ], [ 37.83723, -0.65939 ], [ 37.83736, -0.65948 ], [ 37.83736, -0.65952 ], [ 37.8375, -0.65969 ], [ 37.83758, -0.65978 ], [ 37.83758, -0.65983 ], [ 37.83758, -0.65987 ], [ 37.83763, -0.65983 ], [ 37.83798, -0.65965 ], [ 37.83811, -0.65948 ], [ 37.83828, -0.65935 ], [ 37.83841, -0.65917 ], [ 37.8385, -0.65908 ], [ 37.83863, -0.659 ], [ 37.83868, -0.659 ], [ 37.83881, -0.65895 ], [ 37.83894, -0.65882 ], [ 37.83903, -0.65873 ], [ 37.83911, -0.65865 ], [ 37.83911, -0.6586 ], [ 37.83916, -0.65851 ], [ 37.83916, -0.65843 ], [ 37.8392, -0.65838 ], [ 37.83924, -0.6583 ], [ 37.83929, -0.65816 ], [ 37.83933, -0.65808 ], [ 37.83946, -0.65795 ], [ 37.83951, -0.6579 ], [ 37.83955, -0.6579 ], [ 37.83959, -0.65786 ], [ 37.83964, -0.65781 ], [ 37.83973, -0.65768 ], [ 37.83977, -0.6576 ], [ 37.83973, -0.6576 ], [ 37.83964, -0.6576 ], [ 37.83959, -0.6576 ], [ 37.83951, -0.6576 ], [ 37.83946, -0.6576 ], [ 37.84034, -0.65703 ], [ 37.84034, -0.65698 ], [ 37.84034, -0.65694 ], [ 37.84047, -0.65676 ], [ 37.84047, -0.65672 ], [ 37.84051, -0.65659 ], [ 37.84051, -0.6565 ], [ 37.84056, -0.65642 ], [ 37.84064, -0.65633 ], [ 37.84073, -0.65615 ], [ 37.84078, -0.65607 ], [ 37.84082, -0.65607 ], [ 37.84086, -0.65598 ], [ 37.84091, -0.65598 ], [ 37.84099, -0.65598 ], [ 37.84113, -0.65598 ], [ 37.84121, -0.65598 ], [ 37.84156, -0.65602 ], [ 37.84161, -0.65602 ], [ 37.84187, -0.65602 ], [ 37.84191, -0.65602 ], [ 37.84204, -0.65602 ], [ 37.84209, -0.65602 ], [ 37.84235, -0.65598 ], [ 37.84239, -0.65598 ], [ 37.84239, -0.65593 ], [ 37.84244, -0.65589 ], [ 37.84257, -0.65585 ], [ 37.84261, -0.6558 ], [ 37.84301, -0.6558 ], [ 37.84309, -0.6558 ], [ 37.84318, -0.6558 ], [ 37.84331, -0.6558 ], [ 37.84344, -0.65585 ], [ 37.84353, -0.65589 ], [ 37.84362, -0.65593 ], [ 37.84366, -0.65593 ], [ 37.84375, -0.65593 ], [ 37.84397, -0.65593 ], [ 37.84432, -0.65593 ], [ 37.84436, -0.65593 ], [ 37.84449, -0.65585 ], [ 37.84454, -0.65585 ], [ 37.84462, -0.65576 ], [ 37.84467, -0.65572 ], [ 37.84489, -0.65563 ], [ 37.84493, -0.65563 ], [ 37.84497, -0.65558 ], [ 37.84502, -0.6555 ], [ 37.84511, -0.65541 ], [ 37.84515, -0.65541 ], [ 37.84519, -0.65537 ], [ 37.84524, -0.65537 ], [ 37.84528, -0.65537 ], [ 37.84554, -0.65554 ], [ 37.84554, -0.65558 ], [ 37.84563, -0.65567 ], [ 37.84567, -0.65567 ], [ 37.84594, -0.65576 ], [ 37.84611, -0.6558 ], [ 37.84633, -0.65585 ], [ 37.84651, -0.65585 ], [ 37.84655, -0.65585 ], [ 37.84659, -0.65585 ], [ 37.8469, -0.65585 ], [ 37.84699, -0.65585 ], [ 37.84747, -0.65593 ], [ 37.84751, -0.65593 ], [ 37.8476, -0.65593 ], [ 37.84764, -0.65593 ], [ 37.84777, -0.65593 ], [ 37.84795, -0.65598 ], [ 37.84808, -0.65598 ], [ 37.84821, -0.65598 ], [ 37.84821, -0.65602 ], [ 37.8483, -0.65607 ], [ 37.84843, -0.65611 ], [ 37.8486, -0.65611 ], [ 37.84878, -0.65615 ], [ 37.84926, -0.65633 ], [ 37.84965, -0.65642 ], [ 37.84974, -0.65646 ], [ 37.84983, -0.65646 ], [ 37.84987, -0.65646 ], [ 37.84992, -0.65646 ], [ 37.85009, -0.6565 ], [ 37.85018, -0.65655 ], [ 37.85027, -0.65655 ], [ 37.85031, -0.65655 ], [ 37.8504, -0.65655 ], [ 37.85057, -0.65655 ], [ 37.85118, -0.65659 ], [ 37.85132, -0.65659 ], [ 37.85136, -0.65659 ], [ 37.85158, -0.65663 ], [ 37.85162, -0.65663 ], [ 37.85175, -0.65663 ], [ 37.85197, -0.65659 ], [ 37.85202, -0.65655 ], [ 37.85223, -0.65655 ], [ 37.85228, -0.65655 ], [ 37.85237, -0.65655 ], [ 37.8525, -0.65655 ], [ 37.85254, -0.65655 ], [ 37.85267, -0.65663 ], [ 37.85285, -0.65672 ], [ 37.85289, -0.65672 ], [ 37.85302, -0.65676 ], [ 37.85307, -0.65676 ], [ 37.85328, -0.65676 ], [ 37.85355, -0.65676 ], [ 37.85368, -0.65676 ], [ 37.85381, -0.65676 ], [ 37.85398, -0.65676 ], [ 37.85412, -0.65676 ], [ 37.85425, -0.65681 ], [ 37.85429, -0.65681 ], [ 37.85438, -0.65672 ], [ 37.85442, -0.65672 ], [ 37.85442, -0.65663 ], [ 37.85446, -0.65663 ], [ 37.85455, -0.6565 ], [ 37.85455, -0.65646 ], [ 37.8546, -0.65637 ], [ 37.8546, -0.6562 ], [ 37.85464, -0.65607 ], [ 37.85464, -0.65602 ], [ 37.85464, -0.65589 ], [ 37.85464, -0.65585 ], [ 37.85473, -0.65572 ], [ 37.85481, -0.65558 ], [ 37.85481, -0.65554 ], [ 37.85481, -0.65541 ], [ 37.85481, -0.65532 ], [ 37.85481, -0.65528 ], [ 37.85481, -0.6551 ], [ 37.85486, -0.65497 ], [ 37.85495, -0.6548 ], [ 37.85503, -0.65467 ], [ 37.85508, -0.65458 ], [ 37.85512, -0.65453 ], [ 37.85525, -0.6544 ], [ 37.8553, -0.65436 ], [ 37.85538, -0.65427 ], [ 37.85547, -0.65423 ], [ 37.85565, -0.65405 ], [ 37.85569, -0.65397 ], [ 37.85586, -0.65392 ], [ 37.85595, -0.65388 ], [ 37.85617, -0.65379 ], [ 37.85621, -0.65379 ], [ 37.8563, -0.65366 ], [ 37.85635, -0.65362 ], [ 37.85643, -0.65353 ], [ 37.85661, -0.65335 ], [ 37.85683, -0.65318 ], [ 37.857, -0.653 ], [ 37.857, -0.65296 ], [ 37.85709, -0.65283 ], [ 37.85709, -0.65274 ], [ 37.85709, -0.65265 ], [ 37.85709, -0.65239 ], [ 37.85709, -0.65226 ], [ 37.85709, -0.65195 ], [ 37.857, -0.65182 ], [ 37.85696, -0.65174 ], [ 37.85691, -0.65174 ], [ 37.85683, -0.65165 ], [ 37.8567, -0.65147 ], [ 37.85656, -0.65134 ], [ 37.85648, -0.65117 ], [ 37.85639, -0.65104 ], [ 37.85639, -0.65086 ], [ 37.85643, -0.65064 ], [ 37.85643, -0.65051 ], [ 37.85643, -0.65038 ], [ 37.85661, -0.65021 ], [ 37.8567, -0.65007 ], [ 37.85674, -0.65003 ], [ 37.85678, -0.65003 ], [ 37.85696, -0.65003 ], [ 37.85713, -0.65003 ], [ 37.85722, -0.65003 ], [ 37.85726, -0.65007 ], [ 37.85731, -0.65007 ], [ 37.85735, -0.65007 ], [ 37.85757, -0.65007 ], [ 37.85761, -0.65003 ], [ 37.85788, -0.6499 ], [ 37.85788, -0.64977 ], [ 37.85796, -0.64959 ], [ 37.8581, -0.64942 ], [ 37.85814, -0.64937 ], [ 37.85818, -0.64929 ], [ 37.85823, -0.6492 ], [ 37.85823, -0.64916 ], [ 37.85823, -0.64911 ], [ 37.85831, -0.64907 ], [ 37.85836, -0.64907 ], [ 37.8584, -0.64902 ], [ 37.85844, -0.64902 ], [ 37.85858, -0.64902 ], [ 37.85866, -0.64902 ], [ 37.85871, -0.64902 ], [ 37.85888, -0.64907 ], [ 37.85893, -0.64907 ], [ 37.85897, -0.64911 ], [ 37.85914, -0.64911 ], [ 37.85919, -0.64911 ], [ 37.85932, -0.64911 ], [ 37.85932, -0.64907 ], [ 37.85936, -0.64907 ], [ 37.85945, -0.64907 ], [ 37.8598, -0.64907 ], [ 37.86002, -0.64907 ], [ 37.86028, -0.64907 ], [ 37.86063, -0.64907 ], [ 37.86068, -0.64907 ], [ 37.86085, -0.64907 ], [ 37.86107, -0.64911 ], [ 37.86142, -0.6492 ], [ 37.86173, -0.64929 ], [ 37.86181, -0.64929 ], [ 37.8619, -0.64933 ], [ 37.86229, -0.64951 ], [ 37.86238, -0.64951 ], [ 37.86251, -0.64951 ], [ 37.86277, -0.64968 ], [ 37.86286, -0.64968 ], [ 37.86304, -0.64968 ], [ 37.86305, -0.64968 ], [ 37.86308, -0.64968 ], [ 37.86361, -0.64972 ], [ 37.86409, -0.64981 ], [ 37.86417, -0.64981 ], [ 37.86439, -0.6499 ], [ 37.86444, -0.64994 ], [ 37.86474, -0.65012 ], [ 37.86505, -0.65025 ], [ 37.86531, -0.65025 ], [ 37.86531, -0.65029 ], [ 37.86553, -0.65029 ], [ 37.86566, -0.65034 ], [ 37.86584, -0.65038 ], [ 37.86597, -0.65042 ], [ 37.86614, -0.65047 ], [ 37.86627, -0.65047 ], [ 37.86632, -0.65047 ], [ 37.86636, -0.65047 ], [ 37.86654, -0.6506 ], [ 37.86649, -0.6506 ], [ 37.86645, -0.6506 ], [ 37.86636, -0.6506 ], [ 37.86632, -0.6506 ], [ 37.87082, -0.65182 ], [ 37.87087, -0.65187 ], [ 37.87091, -0.65191 ], [ 37.87441, -0.65283 ], [ 37.87537, -0.65314 ], [ 37.87668, -0.65274 ], [ 37.87764, -0.65217 ], [ 37.87909, -0.65248 ], [ 37.88049, -0.65287 ], [ 37.88075, -0.65314 ], [ 37.88132, -0.6537 ], [ 37.88232, -0.65388 ], [ 37.88302, -0.65445 ], [ 37.88381, -0.65528 ], [ 37.8846, -0.65523 ], [ 37.88473, -0.65589 ], [ 37.88526, -0.65593 ], [ 37.88587, -0.65642 ], [ 37.88617, -0.65672 ], [ 37.88674, -0.65593 ], [ 37.88714, -0.65628 ], [ 37.88797, -0.65633 ], [ 37.88858, -0.65659 ], [ 37.88884, -0.65738 ], [ 37.88919, -0.65773 ], [ 37.89024, -0.6576 ], [ 37.89072, -0.65821 ], [ 37.89094, -0.6583 ], [ 37.89221, -0.6583 ], [ 37.89308, -0.65838 ], [ 37.89356, -0.65844 ], [ 37.89361, -0.6586 ], [ 37.89364, -0.65875 ], [ 37.89369, -0.65891 ], [ 37.89372, -0.65899 ], [ 37.89377, -0.65915 ], [ 37.89381, -0.6593 ], [ 37.89385, -0.65942 ], [ 37.89388, -0.65958 ], [ 37.8939, -0.65972 ], [ 37.89395, -0.65991 ], [ 37.89402, -0.66007 ], [ 37.89403, -0.66018 ], [ 37.89405, -0.66027 ], [ 37.89406, -0.66039 ], [ 37.89406, -0.66056 ], [ 37.89406, -0.66068 ], [ 37.89407, -0.66082 ], [ 37.89409, -0.66099 ], [ 37.8941, -0.66112 ], [ 37.89412, -0.66129 ], [ 37.89415, -0.66146 ], [ 37.89417, -0.66159 ], [ 37.89418, -0.6617 ], [ 37.89421, -0.66187 ], [ 37.89423, -0.66202 ], [ 37.89431, -0.66217 ], [ 37.89437, -0.66234 ], [ 37.89442, -0.66253 ], [ 37.89448, -0.66268 ], [ 37.89451, -0.66278 ], [ 37.89453, -0.66289 ], [ 37.89455, -0.66297 ], [ 37.89459, -0.6631 ], [ 37.8946, -0.66319 ], [ 37.89463, -0.66329 ], [ 37.89467, -0.66341 ], [ 37.89471, -0.66357 ], [ 37.89477, -0.66363 ], [ 37.89484, -0.6638 ], [ 37.89484, -0.66388 ], [ 37.89488, -0.66403 ], [ 37.89488, -0.66417 ], [ 37.8949, -0.66432 ], [ 37.89491, -0.66443 ], [ 37.89491, -0.66454 ], [ 37.89493, -0.66468 ], [ 37.89493, -0.66482 ], [ 37.89494, -0.66502 ], [ 37.89494, -0.66521 ], [ 37.89497, -0.66533 ], [ 37.89503, -0.66548 ], [ 37.8951, -0.66564 ], [ 37.89514, -0.66579 ], [ 37.89515, -0.66585 ], [ 37.89517, -0.66613 ], [ 37.8952, -0.66643 ], [ 37.89519, -0.66653 ], [ 37.8952, -0.66663 ], [ 37.8952, -0.66671 ], [ 37.8952, -0.66681 ], [ 37.89519, -0.6669 ], [ 37.89519, -0.66701 ], [ 37.89519, -0.66713 ], [ 37.89519, -0.66728 ], [ 37.89519, -0.66744 ], [ 37.89519, -0.6676 ], [ 37.89518, -0.6677 ], [ 37.89518, -0.66779 ], [ 37.89519, -0.66791 ], [ 37.89522, -0.66801 ], [ 37.89524, -0.66809 ], [ 37.89527, -0.66821 ], [ 37.8953, -0.66834 ], [ 37.89533, -0.66839 ], [ 37.8954, -0.66962 ], [ 37.89542, -0.66983 ], [ 37.89586, -0.67028 ], [ 37.89587, -0.67031 ], [ 37.89588, -0.6704 ], [ 37.89588, -0.67046 ], [ 37.89592, -0.67057 ], [ 37.89595, -0.67065 ], [ 37.89599, -0.67071 ], [ 37.89602, -0.67076 ], [ 37.89606, -0.67082 ], [ 37.89612, -0.67088 ], [ 37.89618, -0.67093 ], [ 37.89623, -0.67098 ], [ 37.89627, -0.67105 ], [ 37.89637, -0.67113 ], [ 37.89647, -0.6712 ], [ 37.89656, -0.67125 ], [ 37.89663, -0.67128 ], [ 37.89671, -0.67132 ], [ 37.89681, -0.67137 ], [ 37.89691, -0.67144 ], [ 37.89704, -0.6715 ], [ 37.89713, -0.67153 ], [ 37.8972, -0.67157 ], [ 37.89723, -0.67159 ], [ 37.89771, -0.67218 ], [ 37.89767, -0.67268 ], [ 37.89765, -0.67304 ], [ 37.89691, -0.67424 ], [ 37.89689, -0.67428 ], [ 37.89688, -0.67429 ], [ 37.89681, -0.67435 ], [ 37.89675, -0.67439 ], [ 37.89666, -0.67447 ], [ 37.8966, -0.67451 ], [ 37.89652, -0.6746 ], [ 37.89644, -0.67467 ], [ 37.89633, -0.67478 ], [ 37.89625, -0.67488 ], [ 37.89615, -0.67498 ], [ 37.89608, -0.67507 ], [ 37.89602, -0.67516 ], [ 37.89596, -0.67526 ], [ 37.89594, -0.67533 ], [ 37.89588, -0.67543 ], [ 37.89585, -0.67556 ], [ 37.89584, -0.67567 ], [ 37.89584, -0.67575 ], [ 37.89584, -0.67589 ], [ 37.89581, -0.67602 ], [ 37.89581, -0.67618 ], [ 37.8958, -0.6763 ], [ 37.8958, -0.67641 ], [ 37.8958, -0.67655 ], [ 37.89579, -0.67666 ], [ 37.8958, -0.67671 ], [ 37.89581, -0.6768 ], [ 37.89581, -0.67688 ], [ 37.89582, -0.67694 ], [ 37.89582, -0.67707 ], [ 37.89582, -0.67722 ], [ 37.89581, -0.67725 ], [ 37.89581, -0.67736 ], [ 37.89581, -0.67747 ], [ 37.89581, -0.67755 ], [ 37.8958, -0.67764 ], [ 37.8958, -0.67773 ], [ 37.8958, -0.67782 ], [ 37.89581, -0.67791 ], [ 37.89586, -0.678 ], [ 37.89597, -0.67812 ], [ 37.89607, -0.67823 ], [ 37.89615, -0.67831 ], [ 37.89621, -0.67836 ], [ 37.89628, -0.67843 ], [ 37.89639, -0.67855 ], [ 37.89649, -0.67868 ], [ 37.89653, -0.67876 ], [ 37.89655, -0.67879 ], [ 37.89658, -0.67891 ], [ 37.89659, -0.67904 ], [ 37.89661, -0.67912 ], [ 37.89661, -0.6792 ], [ 37.89661, -0.67928 ], [ 37.89661, -0.67934 ], [ 37.89661, -0.67941 ], [ 37.8966, -0.67954 ], [ 37.89657, -0.67965 ], [ 37.89651, -0.67975 ], [ 37.89647, -0.67982 ], [ 37.89641, -0.67989 ], [ 37.89635, -0.67999 ], [ 37.89628, -0.68016 ], [ 37.89622, -0.6803 ], [ 37.8962, -0.68043 ], [ 37.89619, -0.68053 ], [ 37.89618, -0.68066 ], [ 37.89619, -0.68076 ], [ 37.89621, -0.68087 ], [ 37.89623, -0.68096 ], [ 37.89623, -0.68105 ], [ 37.89623, -0.68115 ], [ 37.89599, -0.68179 ], [ 37.89599, -0.6818 ], [ 37.89594, -0.68196 ], [ 37.8959, -0.68201 ], [ 37.89584, -0.68209 ], [ 37.89575, -0.6822 ], [ 37.89565, -0.68232 ], [ 37.89559, -0.68238 ], [ 37.89552, -0.68247 ], [ 37.89546, -0.68266 ], [ 37.8954, -0.6828 ], [ 37.89538, -0.68292 ], [ 37.89537, -0.68306 ], [ 37.89537, -0.68321 ], [ 37.89541, -0.68333 ], [ 37.89549, -0.68353 ], [ 37.89555, -0.68367 ], [ 37.89568, -0.68386 ], [ 37.89575, -0.68401 ], [ 37.89583, -0.68409 ], [ 37.8959, -0.68419 ], [ 37.89595, -0.68429 ], [ 37.89608, -0.68438 ], [ 37.89617, -0.68447 ], [ 37.89628, -0.68457 ], [ 37.89638, -0.68469 ], [ 37.8965, -0.68483 ], [ 37.89672, -0.68501 ], [ 37.89689, -0.68515 ], [ 37.89701, -0.68523 ], [ 37.89707, -0.68535 ], [ 37.89711, -0.68547 ], [ 37.89725, -0.68565 ], [ 37.89738, -0.68579 ], [ 37.89747, -0.68594 ], [ 37.89754, -0.6861 ], [ 37.89761, -0.68626 ], [ 37.89769, -0.6864 ], [ 37.89778, -0.68649 ], [ 37.89789, -0.68659 ], [ 37.89797, -0.68663 ], [ 37.8982, -0.6864 ], [ 37.89851, -0.68673 ], [ 37.89931, -0.68679 ], [ 37.90011, -0.68679 ], [ 37.90109, -0.68679 ], [ 37.90189, -0.68679 ], [ 37.90269, -0.68707 ], [ 37.90401, -0.68685 ], [ 37.90475, -0.68753 ], [ 37.90459, -0.68803 ], [ 37.90452, -0.68822 ], [ 37.90428, -0.68906 ], [ 37.90418, -0.68942 ], [ 37.90415, -0.6895 ], [ 37.9037, -0.69056 ], [ 37.90344, -0.6912 ], [ 37.90321, -0.69275 ], [ 37.90286, -0.69475 ], [ 37.90177, -0.69653 ], [ 37.90143, -0.69847 ], [ 37.90107, -0.70015 ], [ 37.90086, -0.70111 ], [ 37.90063, -0.70237 ], [ 37.9004, -0.70369 ], [ 37.90028, -0.70397 ], [ 37.89993, -0.70477 ], [ 37.89988, -0.70489 ], [ 37.8996, -0.70562 ], [ 37.89937, -0.70621 ], [ 37.8996, -0.70695 ], [ 37.9, -0.70821 ], [ 37.90017, -0.71033 ], [ 37.90069, -0.71113 ], [ 37.90165, -0.71204 ], [ 37.90166, -0.71205 ], [ 37.90196, -0.7121 ], [ 37.90235, -0.71216 ], [ 37.90418, -0.71188 ], [ 37.90533, -0.71142 ], [ 37.90605, -0.71142 ], [ 37.90607, -0.71142 ], [ 37.90676, -0.71205 ], [ 37.90773, -0.71291 ], [ 37.90848, -0.7136 ], [ 37.90905, -0.71348 ], [ 37.90974, -0.71279 ], [ 37.90997, -0.71159 ], [ 37.91007, -0.71052 ], [ 37.91008, -0.71045 ], [ 37.91025, -0.71037 ], [ 37.91123, -0.70993 ], [ 37.91163, -0.7101 ], [ 37.91206, -0.71065 ], [ 37.91226, -0.7109 ], [ 37.91264, -0.71192 ], [ 37.91272, -0.71211 ], [ 37.91323, -0.71468 ], [ 37.91346, -0.71583 ], [ 37.91374, -0.71754 ], [ 37.91399, -0.71912 ], [ 37.91432, -0.72121 ], [ 37.91461, -0.72419 ], [ 37.91466, -0.72585 ], [ 37.91466, -0.72711 ], [ 37.9153, -0.72815 ], [ 37.91638, -0.72964 ], [ 37.9166, -0.73005 ], [ 37.91696, -0.73072 ], [ 37.91673, -0.73193 ], [ 37.91604, -0.73313 ], [ 37.91482, -0.73529 ], [ 37.91476, -0.73543 ], [ 37.91474, -0.73548 ], [ 37.91472, -0.73551 ], [ 37.91468, -0.73559 ], [ 37.91464, -0.73569 ], [ 37.91462, -0.73572 ], [ 37.91453, -0.73591 ], [ 37.9145, -0.73599 ], [ 37.91446, -0.73612 ], [ 37.91443, -0.73618 ], [ 37.91441, -0.73622 ], [ 37.91437, -0.73629 ], [ 37.91434, -0.73632 ], [ 37.91369, -0.73777 ], [ 37.91346, -0.73851 ], [ 37.91401, -0.73942 ], [ 37.91409, -0.73955 ], [ 37.91461, -0.74023 ], [ 37.91455, -0.74081 ], [ 37.91444, -0.74201 ], [ 37.91386, -0.74258 ], [ 37.9134, -0.74333 ], [ 37.91296, -0.74356 ], [ 37.91288, -0.74368 ], [ 37.91285, -0.74374 ], [ 37.91277, -0.74381 ], [ 37.91274, -0.74385 ], [ 37.91267, -0.74396 ], [ 37.91265, -0.74399 ], [ 37.91247, -0.74411 ], [ 37.91246, -0.74411 ], [ 37.91201, -0.74428 ], [ 37.91194, -0.74454 ], [ 37.91174, -0.74527 ], [ 37.9114, -0.74693 ], [ 37.91088, -0.74871 ], [ 37.91074, -0.74899 ], [ 37.91066, -0.74941 ], [ 37.91065, -0.74942 ], [ 37.91025, -0.74993 ], [ 37.91008, -0.75026 ], [ 37.90977, -0.75061 ], [ 37.90944, -0.7511 ], [ 37.90935, -0.7512 ], [ 37.90893, -0.75171 ], [ 37.90854, -0.75254 ], [ 37.90851, -0.75266 ], [ 37.9084, -0.75298 ], [ 37.90815, -0.75371 ], [ 37.90788, -0.75404 ], [ 37.90774, -0.75421 ], [ 37.90746, -0.75456 ], [ 37.90746, -0.75457 ], [ 37.90709, -0.75503 ], [ 37.90676, -0.75535 ], [ 37.90641, -0.75574 ], [ 37.90607, -0.75644 ], [ 37.90578, -0.75775 ], [ 37.90567, -0.75822 ], [ 37.90521, -0.75942 ], [ 37.90481, -0.76062 ], [ 37.90395, -0.76154 ], [ 37.9038, -0.76171 ], [ 37.90355, -0.76199 ], [ 37.90333, -0.76227 ], [ 37.90292, -0.76279 ], [ 37.90246, -0.76333 ], [ 37.90229, -0.76348 ], [ 37.90197, -0.76377 ], [ 37.90155, -0.76397 ], [ 37.90086, -0.76452 ], [ 37.89857, -0.76583 ], [ 37.89831, -0.76605 ], [ 37.89778, -0.76645 ], [ 37.89697, -0.76702 ], [ 37.89634, -0.76742 ], [ 37.89607, -0.76756 ], [ 37.89572, -0.76776 ], [ 37.8952, -0.76802 ], [ 37.89463, -0.76833 ], [ 37.89406, -0.76863 ], [ 37.89349, -0.76892 ], [ 37.89317, -0.76911 ], [ 37.89281, -0.76938 ], [ 37.89249, -0.76975 ], [ 37.89233, -0.76999 ], [ 37.89215, -0.77027 ], [ 37.89215, -0.77151 ], [ 37.89295, -0.77351 ], [ 37.89358, -0.77443 ], [ 37.89381, -0.77592 ], [ 37.89387, -0.77764 ], [ 37.89404, -0.77901 ], [ 37.89433, -0.78044 ], [ 37.89438, -0.78096 ], [ 37.8944, -0.78119 ], [ 37.89445, -0.78129 ], [ 37.89451, -0.78187 ], [ 37.89428, -0.78231 ], [ 37.8937, -0.7825 ], [ 37.89275, -0.78254 ], [ 37.89202, -0.78257 ], [ 37.89139, -0.78271 ], [ 37.89058, -0.78291 ], [ 37.88801, -0.78349 ], [ 37.88801, -0.78349 ], [ 37.88701, -0.7839 ], [ 37.88643, -0.78425 ], [ 37.88585, -0.7847 ], [ 37.88577, -0.78485 ], [ 37.88568, -0.78531 ], [ 37.88568, -0.78652 ], [ 37.88569, -0.78659 ], [ 37.88568, -0.78681 ], [ 37.88568, -0.78696 ], [ 37.88568, -0.78846 ], [ 37.88528, -0.79024 ], [ 37.88424, -0.79179 ], [ 37.88191, -0.79465 ], [ 37.88183, -0.79478 ], [ 37.88173, -0.79501 ], [ 37.88171, -0.79504 ], [ 37.88155, -0.79683 ], [ 37.88149, -0.79855 ], [ 37.88149, -0.79962 ], [ 37.88155, -0.79973 ], [ 37.88163, -0.79991 ], [ 37.88163, -0.79991 ], [ 37.8823, -0.80066 ], [ 37.88316, -0.80141 ], [ 37.88375, -0.80203 ], [ 37.88391, -0.80212 ], [ 37.8844, -0.80261 ], [ 37.88458, -0.80285 ], [ 37.88477, -0.8031 ], [ 37.88479, -0.80312 ], [ 37.88551, -0.80387 ], [ 37.88591, -0.8053 ], [ 37.88591, -0.80568 ], [ 37.88591, -0.80662 ], [ 37.88565, -0.80698 ], [ 37.88533, -0.80742 ], [ 37.88424, -0.80834 ], [ 37.8831, -0.80834 ], [ 37.88282, -0.80827 ], [ 37.88144, -0.80794 ], [ 37.88006, -0.80794 ], [ 37.87863, -0.80868 ], [ 37.87777, -0.80972 ], [ 37.87651, -0.81098 ], [ 37.87641, -0.81105 ], [ 37.87591, -0.81167 ], [ 37.87524, -0.81214 ], [ 37.87444, -0.8126 ], [ 37.87384, -0.81293 ], [ 37.87309, -0.81334 ], [ 37.87246, -0.81352 ], [ 37.87243, -0.81353 ], [ 37.87155, -0.81355 ], [ 37.87099, -0.81329 ], [ 37.87028, -0.81295 ], [ 37.86957, -0.81266 ], [ 37.86869, -0.81231 ], [ 37.86757, -0.81195 ], [ 37.86614, -0.81247 ], [ 37.86442, -0.8131 ], [ 37.86392, -0.81348 ], [ 37.86322, -0.81401 ], [ 37.86287, -0.81404 ], [ 37.86139, -0.81418 ], [ 37.8603, -0.81367 ], [ 37.85997, -0.81348 ], [ 37.85863, -0.8127 ], [ 37.85824, -0.81247 ], [ 37.85785, -0.81241 ], [ 37.85669, -0.81224 ], [ 37.85608, -0.81242 ], [ 37.85594, -0.81247 ], [ 37.855, -0.81247 ], [ 37.85351, -0.81312 ], [ 37.85239, -0.81347 ], [ 37.85111, -0.81363 ], [ 37.84977, -0.81332 ], [ 37.84931, -0.8132 ], [ 37.84852, -0.81303 ], [ 37.84776, -0.81312 ], [ 37.84681, -0.81332 ], [ 37.84671, -0.81333 ], [ 37.8467, -0.81333 ], [ 37.84656, -0.81354 ], [ 37.84563, -0.81363 ], [ 37.84487, -0.81371 ], [ 37.84433, -0.81368 ], [ 37.84385, -0.81366 ], [ 37.84334, -0.81358 ], [ 37.84306, -0.81351 ], [ 37.84294, -0.81348 ], [ 37.84259, -0.8132 ], [ 37.84238, -0.81304 ], [ 37.8422, -0.8129 ], [ 37.84179, -0.81267 ], [ 37.84136, -0.81249 ], [ 37.84075, -0.81226 ], [ 37.84033, -0.81214 ], [ 37.84009, -0.81214 ], [ 37.84002, -0.81214 ], [ 37.84, -0.81214 ], [ 37.83999, -0.81214 ], [ 37.83974, -0.81234 ], [ 37.83954, -0.81259 ], [ 37.83953, -0.81261 ], [ 37.83931, -0.81302 ], [ 37.83906, -0.81346 ], [ 37.8389, -0.81388 ], [ 37.8388, -0.81442 ], [ 37.8388, -0.81477 ], [ 37.83867, -0.81498 ], [ 37.83844, -0.81511 ], [ 37.83822, -0.81516 ], [ 37.83791, -0.81526 ], [ 37.8376, -0.81536 ], [ 37.83722, -0.81559 ], [ 37.83721, -0.8156 ], [ 37.8369, -0.81586 ], [ 37.83652, -0.816 ], [ 37.83623, -0.8161 ], [ 37.83591, -0.81617 ], [ 37.83543, -0.81623 ], [ 37.83509, -0.81623 ], [ 37.83479, -0.81622 ], [ 37.83436, -0.8161 ], [ 37.83402, -0.81587 ], [ 37.83374, -0.81562 ], [ 37.8334, -0.81523 ], [ 37.83316, -0.81477 ], [ 37.83315, -0.81475 ], [ 37.833, -0.81403 ], [ 37.83279, -0.81343 ], [ 37.83257, -0.81293 ], [ 37.83241, -0.81265 ], [ 37.83215, -0.8122 ], [ 37.8315, -0.81109 ], [ 37.83119, -0.81038 ], [ 37.83112, -0.81021 ], [ 37.8309, -0.80942 ], [ 37.83067, -0.80881 ], [ 37.83023, -0.80819 ], [ 37.82984, -0.808 ], [ 37.82972, -0.80794 ], [ 37.82911, -0.80789 ], [ 37.8291, -0.80789 ], [ 37.82905, -0.80788 ], [ 37.82887, -0.80787 ], [ 37.82876, -0.80788 ], [ 37.82871, -0.80788 ], [ 37.82789, -0.80796 ], [ 37.82689, -0.80806 ], [ 37.8259, -0.80808 ], [ 37.82478, -0.80785 ], [ 37.82396, -0.80767 ], [ 37.82359, -0.8075 ], [ 37.82321, -0.80735 ], [ 37.82302, -0.80723 ], [ 37.82283, -0.80712 ], [ 37.82246, -0.80698 ], [ 37.82189, -0.80693 ], [ 37.8214, -0.80692 ], [ 37.82102, -0.80696 ], [ 37.82043, -0.80721 ], [ 37.82002, -0.80745 ], [ 37.81986, -0.80756 ], [ 37.81949, -0.80782 ], [ 37.81895, -0.80841 ], [ 37.8184, -0.80895 ], [ 37.81812, -0.80923 ], [ 37.81765, -0.80979 ], [ 37.81732, -0.81017 ], [ 37.81703, -0.81045 ], [ 37.81687, -0.81053 ], [ 37.81651, -0.81073 ], [ 37.81589, -0.81086 ], [ 37.81542, -0.81086 ], [ 37.81502, -0.81076 ], [ 37.8148, -0.81068 ], [ 37.81444, -0.81055 ], [ 37.81396, -0.81035 ], [ 37.81362, -0.81026 ], [ 37.81324, -0.81019 ], [ 37.81285, -0.81017 ], [ 37.81235, -0.81017 ], [ 37.81203, -0.81014 ], [ 37.81166, -0.81012 ], [ 37.81117, -0.81005 ], [ 37.81061, -0.80999 ], [ 37.81013, -0.80996 ], [ 37.80954, -0.80992 ], [ 37.80863, -0.80983 ], [ 37.80822, -0.80958 ], [ 37.80808, -0.80934 ], [ 37.80794, -0.80909 ], [ 37.80791, -0.80845 ], [ 37.80789, -0.80753 ], [ 37.80781, -0.80648 ], [ 37.80743, -0.80592 ], [ 37.8069, -0.80565 ], [ 37.80684, -0.80561 ], [ 37.80628, -0.80561 ], [ 37.80558, -0.80561 ], [ 37.80482, -0.80584 ], [ 37.8047, -0.80597 ], [ 37.8042, -0.80651 ], [ 37.80377, -0.80756 ], [ 37.80336, -0.80861 ], [ 37.80277, -0.80989 ], [ 37.80251, -0.81035 ], [ 37.80226, -0.81081 ], [ 37.80136, -0.81191 ], [ 37.80081, -0.81242 ], [ 37.8006, -0.81262 ], [ 37.79967, -0.81342 ], [ 37.79904, -0.8143 ], [ 37.79903, -0.81431 ], [ 37.79847, -0.8151 ], [ 37.79796, -0.81641 ], [ 37.79735, -0.81756 ], [ 37.7966, -0.81856 ], [ 37.79515, -0.81933 ], [ 37.79343, -0.81976 ], [ 37.79231, -0.82009 ], [ 37.79181, -0.82047 ], [ 37.79146, -0.82073 ], [ 37.791, -0.82145 ], [ 37.79064, -0.82222 ], [ 37.79008, -0.82319 ], [ 37.78957, -0.82419 ], [ 37.78936, -0.82462 ], [ 37.78923, -0.8249 ], [ 37.78888, -0.8249 ], [ 37.78888, -0.8249 ], [ 37.7886, -0.82489 ], [ 37.78857, -0.8249 ], [ 37.78766, -0.8249 ], [ 37.78752, -0.82487 ], [ 37.78617, -0.82467 ], [ 37.78543, -0.82476 ], [ 37.78539, -0.82476 ], [ 37.7848, -0.82529 ], [ 37.78428, -0.82598 ], [ 37.78343, -0.82691 ], [ 37.78284, -0.82739 ], [ 37.7823, -0.82768 ], [ 37.78185, -0.82778 ], [ 37.78119, -0.82778 ], [ 37.78056, -0.82764 ], [ 37.78047, -0.82761 ], [ 37.78001, -0.82745 ], [ 37.77945, -0.82725 ], [ 37.77907, -0.82687 ], [ 37.77891, -0.82659 ], [ 37.77824, -0.82598 ], [ 37.77784, -0.82561 ], [ 37.77735, -0.82533 ], [ 37.77644, -0.82493 ], [ 37.77571, -0.82459 ], [ 37.77523, -0.82432 ], [ 37.77478, -0.82418 ], [ 37.77407, -0.82412 ], [ 37.77331, -0.8238 ], [ 37.7726, -0.82349 ], [ 37.7724, -0.82348 ], [ 37.77193, -0.82343 ], [ 37.77086, -0.82341 ], [ 37.77014, -0.82341 ], [ 37.76953, -0.82362 ], [ 37.76912, -0.82385 ], [ 37.76884, -0.82411 ], [ 37.76855, -0.82444 ], [ 37.76811, -0.82476 ], [ 37.76779, -0.82501 ], [ 37.76747, -0.82523 ], [ 37.76708, -0.82546 ], [ 37.76668, -0.82561 ], [ 37.7664, -0.82572 ], [ 37.76571, -0.82571 ], [ 37.76515, -0.82558 ], [ 37.76484, -0.82548 ], [ 37.76459, -0.8254 ], [ 37.76416, -0.82525 ], [ 37.76306, -0.82525 ], [ 37.76261, -0.82525 ], [ 37.76231, -0.8253 ], [ 37.76201, -0.82541 ], [ 37.76085, -0.82541 ], [ 37.76029, -0.82541 ], [ 37.75987, -0.82541 ], [ 37.75907, -0.82535 ], [ 37.75857, -0.82477 ], [ 37.75856, -0.82467 ], [ 37.75854, -0.82417 ], [ 37.75856, -0.8235 ], [ 37.75866, -0.82273 ], [ 37.75879, -0.82209 ], [ 37.7588, -0.82169 ], [ 37.75876, -0.82134 ], [ 37.75862, -0.82098 ], [ 37.75837, -0.82063 ], [ 37.758, -0.82018 ], [ 37.75794, -0.82013 ], [ 37.75703, -0.81911 ], [ 37.75672, -0.81877 ], [ 37.75615, -0.81833 ], [ 37.756, -0.81812 ], [ 37.75599, -0.81808 ], [ 37.75608, -0.81749 ], [ 37.75618, -0.81681 ], [ 37.75645, -0.81639 ], [ 37.75669, -0.81599 ], [ 37.7568, -0.81552 ], [ 37.75675, -0.81526 ], [ 37.7566, -0.81505 ], [ 37.75625, -0.81472 ], [ 37.75611, -0.81461 ], [ 37.75573, -0.81404 ], [ 37.75541, -0.81357 ], [ 37.7553, -0.81334 ], [ 37.75513, -0.81311 ], [ 37.75504, -0.813 ], [ 37.75495, -0.81287 ], [ 37.75433, -0.81157 ], [ 37.75397, -0.8108 ], [ 37.75395, -0.81074 ], [ 37.75388, -0.8105 ], [ 37.75376, -0.80997 ], [ 37.75373, -0.80953 ], [ 37.75364, -0.80901 ], [ 37.75339, -0.80851 ], [ 37.75308, -0.80808 ], [ 37.75279, -0.80787 ], [ 37.75256, -0.80773 ], [ 37.75177, -0.80695 ], [ 37.75139, -0.80657 ], [ 37.7509, -0.80605 ], [ 37.75082, -0.80581 ], [ 37.75078, -0.80519 ], [ 37.75079, -0.80433 ], [ 37.75081, -0.80356 ], [ 37.75066, -0.80283 ], [ 37.75041, -0.80191 ], [ 37.75007, -0.80093 ], [ 37.74974, -0.80022 ], [ 37.74949, -0.79917 ], [ 37.74947, -0.79903 ], [ 37.7494, -0.79835 ], [ 37.74924, -0.7977 ], [ 37.74898, -0.79702 ], [ 37.74867, -0.79623 ], [ 37.74845, -0.79572 ], [ 37.74841, -0.79517 ], [ 37.74842, -0.79432 ], [ 37.74842, -0.79319 ], [ 37.74841, -0.79288 ], [ 37.74839, -0.79182 ], [ 37.74835, -0.79127 ], [ 37.74833, -0.79093 ], [ 37.7482, -0.7899 ], [ 37.74799, -0.78867 ], [ 37.74758, -0.78716 ], [ 37.74704, -0.78583 ], [ 37.74635, -0.78421 ], [ 37.74559, -0.78303 ], [ 37.74479, -0.78184 ], [ 37.74425, -0.78128 ], [ 37.74365, -0.78094 ], [ 37.74248, -0.78036 ], [ 37.74178, -0.77999 ], [ 37.74176, -0.77997 ], [ 37.74099, -0.77956 ], [ 37.74025, -0.77923 ], [ 37.73933, -0.77865 ], [ 37.73871, -0.77834 ], [ 37.73821, -0.77809 ], [ 37.73781, -0.77797 ], [ 37.73698, -0.77782 ], [ 37.73614, -0.77772 ], [ 37.73552, -0.77756 ], [ 37.73426, -0.77718 ], [ 37.73336, -0.77704 ], [ 37.73281, -0.77704 ], [ 37.73207, -0.7772 ], [ 37.73167, -0.77738 ], [ 37.73133, -0.7776 ], [ 37.73126, -0.77765 ], [ 37.73037, -0.77798 ], [ 37.73037, -0.77798 ], [ 37.72882, -0.77979 ], [ 37.72831, -0.78039 ], [ 37.72788, -0.78073 ], [ 37.72716, -0.7813 ], [ 37.72544, -0.78256 ], [ 37.72449, -0.78304 ], [ 37.7242, -0.78304 ], [ 37.72394, -0.78304 ], [ 37.72368, -0.783 ], [ 37.72332, -0.78283 ], [ 37.72301, -0.78251 ], [ 37.72259, -0.78222 ], [ 37.72199, -0.78206 ], [ 37.72196, -0.78206 ], [ 37.72153, -0.78196 ], [ 37.7209, -0.78196 ], [ 37.7203, -0.78199 ], [ 37.71993, -0.782 ], [ 37.71944, -0.78203 ], [ 37.71899, -0.78214 ], [ 37.71856, -0.78231 ], [ 37.71817, -0.78239 ], [ 37.71719, -0.78274 ], [ 37.71633, -0.78251 ], [ 37.7162, -0.78246 ], [ 37.71504, -0.78206 ], [ 37.71502, -0.78205 ], [ 37.71384, -0.78205 ], [ 37.71347, -0.78205 ], [ 37.71307, -0.7822 ], [ 37.71255, -0.78239 ], [ 37.71185, -0.78298 ], [ 37.71146, -0.78331 ], [ 37.71066, -0.78347 ], [ 37.71042, -0.78347 ], [ 37.70992, -0.7835 ], [ 37.70907, -0.78357 ], [ 37.70842, -0.78359 ], [ 37.70808, -0.78362 ], [ 37.70774, -0.78369 ], [ 37.70746, -0.78383 ], [ 37.70706, -0.78409 ], [ 37.70701, -0.78412 ], [ 37.70688, -0.78417 ], [ 37.70591, -0.78457 ], [ 37.70476, -0.78497 ], [ 37.70333, -0.78543 ], [ 37.70251, -0.78581 ], [ 37.70161, -0.78623 ], [ 37.70001, -0.78657 ], [ 37.69909, -0.7872 ], [ 37.69932, -0.78795 ], [ 37.69932, -0.78938 ], [ 37.69949, -0.79001 ], [ 37.69951, -0.79017 ], [ 37.69955, -0.7903 ], [ 37.69955, -0.79035 ], [ 37.6996, -0.79139 ], [ 37.69869, -0.79202 ], [ 37.69731, -0.79259 ], [ 37.69719, -0.79269 ], [ 37.69634, -0.79339 ], [ 37.69514, -0.79345 ], [ 37.69511, -0.79345 ], [ 37.695, -0.79342 ], [ 37.69468, -0.79337 ], [ 37.69417, -0.79348 ], [ 37.69385, -0.79366 ], [ 37.69325, -0.79378 ], [ 37.69319, -0.79379 ], [ 37.69318, -0.79381 ], [ 37.69302, -0.79471 ], [ 37.69302, -0.79475 ], [ 37.6933, -0.79666 ], [ 37.69312, -0.79746 ], [ 37.69276, -0.7977 ], [ 37.69245, -0.79795 ], [ 37.69211, -0.79821 ], [ 37.69194, -0.79845 ], [ 37.69187, -0.79849 ], [ 37.69065, -0.79927 ], [ 37.69061, -0.79929 ], [ 37.6896, -0.79856 ], [ 37.68947, -0.7983 ], [ 37.68909, -0.79759 ], [ 37.68889, -0.79713 ], [ 37.68844, -0.79683 ], [ 37.68829, -0.79681 ], [ 37.68826, -0.79677 ], [ 37.68814, -0.79677 ], [ 37.68797, -0.79677 ], [ 37.68787, -0.79676 ], [ 37.68718, -0.79674 ], [ 37.68656, -0.79677 ], [ 37.6858, -0.79677 ], [ 37.68538, -0.79695 ], [ 37.68501, -0.79712 ], [ 37.68486, -0.79715 ], [ 37.68437, -0.79739 ], [ 37.68434, -0.7974 ], [ 37.68333, -0.79757 ], [ 37.68242, -0.79837 ], [ 37.6819, -0.79923 ], [ 37.68139, -0.80095 ], [ 37.68142, -0.80121 ], [ 37.68179, -0.8041 ], [ 37.68199, -0.80522 ], [ 37.68224, -0.80663 ], [ 37.68227, -0.80677 ], [ 37.68222, -0.80826 ], [ 37.68214, -0.81052 ], [ 37.6819, -0.81283 ], [ 37.68183, -0.81416 ], [ 37.68178, -0.81513 ], [ 37.68174, -0.81743 ], [ 37.68159, -0.82008 ], [ 37.68158, -0.8203 ], [ 37.68127, -0.82225 ], [ 37.68117, -0.82289 ], [ 37.68049, -0.82447 ], [ 37.67959, -0.82635 ], [ 37.67956, -0.82641 ], [ 37.6781, -0.82867 ], [ 37.67636, -0.83101 ], [ 37.67511, -0.83307 ], [ 37.67459, -0.83449 ], [ 37.67455, -0.83456 ], [ 37.67379, -0.8362 ], [ 37.67322, -0.83789 ], [ 37.67281, -0.83991 ], [ 37.67261, -0.84132 ], [ 37.67177, -0.84239 ], [ 37.67083, -0.84329 ], [ 37.66952, -0.84415 ], [ 37.66793, -0.84504 ], [ 37.6667, -0.84603 ], [ 37.6661, -0.84646 ], [ 37.66609, -0.84701 ], [ 37.66609, -0.84804 ], [ 37.66523, -0.84901 ], [ 37.66323, -0.84895 ], [ 37.66202, -0.84935 ], [ 37.66189, -0.84938 ], [ 37.66059, -0.84958 ], [ 37.65922, -0.85027 ], [ 37.65784, -0.85021 ], [ 37.65624, -0.84941 ], [ 37.65469, -0.84827 ], [ 37.65343, -0.84706 ], [ 37.65223, -0.84701 ], [ 37.65137, -0.84718 ], [ 37.65005, -0.84735 ], [ 37.64913, -0.84689 ], [ 37.64856, -0.84655 ], [ 37.64856, -0.84654 ], [ 37.64787, -0.84563 ], [ 37.64724, -0.84483 ], [ 37.64633, -0.8446 ], [ 37.64518, -0.84569 ], [ 37.64517, -0.8457 ], [ 37.64381, -0.84655 ], [ 37.64226, -0.84735 ], [ 37.64088, -0.84798 ], [ 37.64014, -0.84787 ], [ 37.63984, -0.84758 ], [ 37.63894, -0.84672 ], [ 37.63848, -0.84575 ], [ 37.63752, -0.84399 ], [ 37.63745, -0.84386 ], [ 37.63725, -0.84325 ], [ 37.63672, -0.84274 ], [ 37.6356, -0.84207 ], [ 37.63551, -0.84202 ], [ 37.63429, -0.84143 ], [ 37.63385, -0.84128 ], [ 37.63384, -0.84128 ], [ 37.63163, -0.84128 ], [ 37.63138, -0.84134 ], [ 37.63066, -0.84163 ], [ 37.62988, -0.84245 ], [ 37.62974, -0.84273 ], [ 37.6291, -0.84396 ], [ 37.62896, -0.84437 ], [ 37.62891, -0.84483 ], [ 37.6288, -0.84598 ], [ 37.6284, -0.84689 ], [ 37.62834, -0.84787 ], [ 37.62834, -0.84956 ], [ 37.62838, -0.84982 ], [ 37.62867, -0.85108 ], [ 37.62867, -0.8521 ], [ 37.62845, -0.85309 ], [ 37.62843, -0.85322 ], [ 37.62789, -0.85438 ], [ 37.62731, -0.85501 ], [ 37.62579, -0.85478 ], [ 37.62451, -0.85452 ], [ 37.62413, -0.85441 ], [ 37.62307, -0.85428 ], [ 37.62232, -0.85415 ], [ 37.62038, -0.85382 ], [ 37.61857, -0.85382 ], [ 37.61854, -0.85382 ], [ 37.61852, -0.85384 ], [ 37.61768, -0.85457 ], [ 37.61752, -0.85498 ], [ 37.61722, -0.85571 ], [ 37.61713, -0.85625 ], [ 37.61705, -0.85669 ], [ 37.61625, -0.8576 ], [ 37.6151, -0.8576 ], [ 37.61339, -0.85755 ], [ 37.61201, -0.85783 ], [ 37.61069, -0.85772 ], [ 37.61063, -0.85771 ], [ 37.60857, -0.8576 ], [ 37.60824, -0.85758 ], [ 37.60791, -0.85766 ], [ 37.60684, -0.8577 ], [ 37.60676, -0.85771 ], [ 37.60585, -0.85781 ], [ 37.60519, -0.85794 ], [ 37.60474, -0.85835 ], [ 37.6046, -0.85872 ], [ 37.60439, -0.85926 ], [ 37.60393, -0.86098 ], [ 37.60386, -0.86134 ], [ 37.60373, -0.86196 ], [ 37.60353, -0.86293 ], [ 37.6035, -0.86302 ], [ 37.60321, -0.86388 ], [ 37.60319, -0.86396 ], [ 37.6025, -0.86476 ], [ 37.60141, -0.86516 ], [ 37.60055, -0.86488 ], [ 37.59975, -0.86431 ], [ 37.59895, -0.86373 ], [ 37.5978, -0.86345 ], [ 37.59631, -0.8635 ], [ 37.59316, -0.86442 ], [ 37.59173, -0.86499 ], [ 37.59156, -0.86509 ], [ 37.59153, -0.86504 ], [ 37.59147, -0.86507 ], [ 37.59148, -0.86509 ], [ 37.58942, -0.86631 ], [ 37.58816, -0.86751 ], [ 37.58761, -0.86832 ], [ 37.58753, -0.86843 ], [ 37.58759, -0.86861 ], [ 37.58759, -0.86862 ], [ 37.58774, -0.86902 ], [ 37.58776, -0.86906 ], [ 37.58776, -0.86906 ], [ 37.58778, -0.86908 ], [ 37.58799, -0.86923 ], [ 37.58816, -0.86935 ], [ 37.5889, -0.86975 ], [ 37.58982, -0.87009 ], [ 37.59062, -0.87072 ], [ 37.59159, -0.87164 ], [ 37.5918, -0.8721 ], [ 37.59217, -0.87295 ], [ 37.59208, -0.87344 ], [ 37.59205, -0.87358 ], [ 37.59125, -0.8745 ], [ 37.5901, -0.87479 ], [ 37.59009, -0.8748 ], [ 37.58942, -0.87548 ], [ 37.58852, -0.87665 ], [ 37.5885, -0.87668 ], [ 37.58833, -0.87771 ], [ 37.58841, -0.87799 ], [ 37.58852, -0.87837 ], [ 37.58879, -0.87931 ], [ 37.58879, -0.87971 ], [ 37.58879, -0.88006 ], [ 37.5885, -0.88036 ], [ 37.58804, -0.88086 ], [ 37.58741, -0.88126 ], [ 37.58731, -0.88124 ], [ 37.58558, -0.88097 ], [ 37.58397, -0.88069 ], [ 37.5822, -0.88057 ], [ 37.58014, -0.88017 ], [ 37.57979, -0.88014 ], [ 37.57813, -0.88 ], [ 37.57699, -0.87983 ], [ 37.5759, -0.8796 ], [ 37.57446, -0.87983 ], [ 37.57418, -0.87991 ], [ 37.57418, -0.87994 ], [ 37.57345, -0.88016 ], [ 37.5734, -0.88017 ], [ 37.57328, -0.88029 ], [ 37.57322, -0.88028 ], [ 37.57244, -0.88071 ], [ 37.57205, -0.88094 ], [ 37.57179, -0.8811 ], [ 37.57149, -0.88127 ], [ 37.57119, -0.88128 ], [ 37.57077, -0.88136 ], [ 37.57012, -0.88141 ], [ 37.56941, -0.8814 ], [ 37.56893, -0.8814 ], [ 37.5685, -0.88147 ], [ 37.5681, -0.8816 ], [ 37.56777, -0.88201 ], [ 37.56731, -0.88249 ], [ 37.56685, -0.88294 ], [ 37.5666, -0.8831 ], [ 37.56625, -0.88328 ], [ 37.56582, -0.8833 ], [ 37.56538, -0.88326 ], [ 37.5651, -0.88313 ], [ 37.56455, -0.88276 ], [ 37.5641, -0.88225 ], [ 37.56409, -0.88224 ], [ 37.56409, -0.88224 ], [ 37.56409, -0.88224 ], [ 37.56363, -0.88132 ], [ 37.56308, -0.88003 ], [ 37.56286, -0.8793 ], [ 37.56275, -0.87874 ], [ 37.56255, -0.87822 ], [ 37.56229, -0.87781 ], [ 37.56199, -0.87752 ], [ 37.56162, -0.87738 ], [ 37.56106, -0.87737 ], [ 37.56057, -0.87743 ], [ 37.56013, -0.87755 ], [ 37.55967, -0.87773 ], [ 37.55922, -0.87803 ], [ 37.55872, -0.87846 ], [ 37.55859, -0.87869 ], [ 37.55838, -0.87903 ], [ 37.55819, -0.8796 ], [ 37.55785, -0.88034 ], [ 37.55751, -0.88088 ], [ 37.55714, -0.88129 ], [ 37.55676, -0.88155 ], [ 37.55632, -0.88175 ], [ 37.55567, -0.88197 ], [ 37.555, -0.88224 ], [ 37.55447, -0.88265 ], [ 37.55398, -0.88332 ], [ 37.55356, -0.88418 ], [ 37.55348, -0.88433 ], [ 37.55307, -0.88512 ], [ 37.55265, -0.8859 ], [ 37.55225, -0.88647 ], [ 37.55192, -0.88678 ], [ 37.55144, -0.88701 ], [ 37.55108, -0.88705 ], [ 37.55074, -0.88707 ], [ 37.55006, -0.88696 ], [ 37.54955, -0.8867 ], [ 37.54942, -0.88664 ], [ 37.54942, -0.88663 ], [ 37.54912, -0.8862 ], [ 37.54911, -0.8862 ], [ 37.54858, -0.88543 ], [ 37.54819, -0.88501 ], [ 37.54785, -0.88475 ], [ 37.5475, -0.88475 ], [ 37.54703, -0.88478 ], [ 37.54656, -0.88497 ], [ 37.54613, -0.88522 ], [ 37.54556, -0.88571 ], [ 37.54529, -0.88608 ], [ 37.54505, -0.88655 ], [ 37.54485, -0.88725 ], [ 37.54464, -0.88829 ], [ 37.54448, -0.8888 ], [ 37.54417, -0.88922 ], [ 37.54357, -0.88962 ], [ 37.54266, -0.89015 ], [ 37.54238, -0.89025 ], [ 37.54192, -0.89042 ], [ 37.54067, -0.89071 ], [ 37.53949, -0.89086 ], [ 37.53875, -0.89098 ], [ 37.53829, -0.89119 ], [ 37.53786, -0.89162 ], [ 37.53751, -0.89227 ], [ 37.53729, -0.89288 ], [ 37.53691, -0.89387 ], [ 37.53663, -0.89445 ], [ 37.53617, -0.89531 ], [ 37.53576, -0.89587 ], [ 37.53518, -0.89652 ], [ 37.53461, -0.89694 ], [ 37.53399, -0.89737 ], [ 37.53344, -0.89781 ], [ 37.53314, -0.89822 ], [ 37.53309, -0.89854 ], [ 37.53309, -0.89854 ], [ 37.5333, -0.89898 ], [ 37.53366, -0.89935 ], [ 37.53391, -0.89967 ], [ 37.53412, -0.89994 ], [ 37.53427, -0.9004 ], [ 37.5344, -0.90105 ], [ 37.5344, -0.90136 ], [ 37.5344, -0.90186 ], [ 37.5344, -0.90288 ], [ 37.53446, -0.90359 ], [ 37.53461, -0.90413 ], [ 37.53464, -0.90421 ], [ 37.53489, -0.90492 ], [ 37.53505, -0.90538 ], [ 37.53528, -0.90601 ], [ 37.53547, -0.90655 ], [ 37.53549, -0.90659 ], [ 37.53583, -0.9075 ], [ 37.53619, -0.90824 ], [ 37.53628, -0.90843 ], [ 37.53643, -0.9089 ], [ 37.53642, -0.90904 ], [ 37.53639, -0.90935 ], [ 37.53621, -0.90982 ], [ 37.53589, -0.91026 ], [ 37.5355, -0.91056 ], [ 37.53495, -0.91102 ], [ 37.53459, -0.91153 ], [ 37.53436, -0.9121 ], [ 37.53423, -0.91263 ], [ 37.53421, -0.91328 ], [ 37.53414, -0.91389 ], [ 37.53417, -0.91392 ], [ 37.53398, -0.91483 ], [ 37.5333, -0.91517 ], [ 37.53221, -0.91563 ], [ 37.53129, -0.91609 ], [ 37.53032, -0.91637 ], [ 37.52889, -0.9166 ], [ 37.52803, -0.9166 ], [ 37.52694, -0.91706 ], [ 37.52562, -0.91723 ], [ 37.52442, -0.91763 ], [ 37.52373, -0.91786 ], [ 37.52201, -0.91872 ], [ 37.52069, -0.91889 ], [ 37.51949, -0.91901 ], [ 37.51892, -0.91878 ], [ 37.51829, -0.91826 ], [ 37.51736, -0.91702 ], [ 37.51731, -0.91695 ], [ 37.51708, -0.91643 ], [ 37.51697, -0.91577 ], [ 37.51691, -0.9156 ], [ 37.5168, -0.9152 ], [ 37.51676, -0.91506 ], [ 37.51666, -0.91455 ], [ 37.51662, -0.91418 ], [ 37.51658, -0.91403 ], [ 37.51657, -0.91397 ], [ 37.51662, -0.91387 ], [ 37.51664, -0.91374 ], [ 37.51667, -0.9134 ], [ 37.51684, -0.91292 ], [ 37.51691, -0.91279 ], [ 37.51708, -0.91243 ], [ 37.51729, -0.91192 ], [ 37.51739, -0.91145 ], [ 37.5174, -0.91109 ], [ 37.51738, -0.91073 ], [ 37.51736, -0.91064 ], [ 37.5172, -0.91042 ], [ 37.51697, -0.90973 ], [ 37.51617, -0.9087 ], [ 37.51663, -0.9075 ], [ 37.51668, -0.90595 ], [ 37.51645, -0.90526 ], [ 37.51611, -0.90492 ], [ 37.51525, -0.90463 ], [ 37.51491, -0.90429 ], [ 37.51388, -0.90406 ], [ 37.51279, -0.904 ], [ 37.5117, -0.90406 ], [ 37.51055, -0.9044 ], [ 37.50918, -0.9044 ], [ 37.50875, -0.90429 ], [ 37.50809, -0.90412 ], [ 37.50763, -0.90372 ], [ 37.50748, -0.90353 ], [ 37.507, -0.90297 ], [ 37.50631, -0.90263 ], [ 37.50511, -0.90217 ], [ 37.50374, -0.90188 ], [ 37.50288, -0.90211 ], [ 37.50259, -0.90234 ], [ 37.50144, -0.90303 ], [ 37.501, -0.90299 ], [ 37.49885, -0.9045 ], [ 37.49869, -0.9044 ], [ 37.498, -0.90503 ], [ 37.49787, -0.90512 ], [ 37.49769, -0.90524 ], [ 37.4974, -0.90537 ], [ 37.49706, -0.90541 ], [ 37.49682, -0.90538 ], [ 37.49652, -0.90538 ], [ 37.49631, -0.9053 ], [ 37.49614, -0.90526 ], [ 37.49559, -0.90509 ], [ 37.49522, -0.9049 ], [ 37.49495, -0.90471 ], [ 37.4949, -0.90468 ], [ 37.4947, -0.9045 ], [ 37.49423, -0.90423 ], [ 37.4932, -0.90303 ], [ 37.49251, -0.90211 ], [ 37.49073, -0.90125 ], [ 37.48936, -0.90079 ], [ 37.48827, -0.90062 ], [ 37.48741, -0.90056 ], [ 37.48726, -0.90051 ], [ 37.48703, -0.90049 ], [ 37.48687, -0.90046 ], [ 37.48668, -0.90042 ], [ 37.48621, -0.90021 ], [ 37.48603, -0.90009 ], [ 37.4854, -0.89988 ], [ 37.48513, -0.89917 ], [ 37.48513, -0.89916 ], [ 37.48513, -0.89916 ], [ 37.48477, -0.89822 ], [ 37.48476, -0.89792 ], [ 37.48476, -0.89792 ], [ 37.48472, -0.89704 ], [ 37.48472, -0.89698 ], [ 37.48472, -0.8969 ], [ 37.48414, -0.89581 ], [ 37.48374, -0.89552 ], [ 37.4822, -0.89552 ], [ 37.48082, -0.89547 ], [ 37.47986, -0.89527 ], [ 37.47947, -0.89518 ], [ 37.47945, -0.89518 ], [ 37.47894, -0.89479 ], [ 37.47856, -0.89451 ], [ 37.47847, -0.89444 ], [ 37.47795, -0.89399 ], [ 37.47773, -0.89381 ], [ 37.47737, -0.89332 ], [ 37.47721, -0.89312 ], [ 37.47675, -0.89214 ], [ 37.4767, -0.89094 ], [ 37.47658, -0.89002 ], [ 37.47589, -0.88945 ], [ 37.47549, -0.88905 ], [ 37.47546, -0.88902 ], [ 37.47544, -0.88899 ], [ 37.47539, -0.88899 ], [ 37.47418, -0.88882 ], [ 37.4737, -0.88851 ], [ 37.47366, -0.88848 ], [ 37.47307, -0.88806 ], [ 37.47288, -0.88792 ], [ 37.47286, -0.88791 ], [ 37.47234, -0.88722 ], [ 37.47228, -0.88613 ], [ 37.47263, -0.88544 ], [ 37.47263, -0.88544 ], [ 37.47263, -0.88544 ], [ 37.47269, -0.88533 ], [ 37.47276, -0.88527 ], [ 37.4734, -0.88471 ], [ 37.4734, -0.88471 ], [ 37.4736, -0.88453 ], [ 37.474, -0.88395 ], [ 37.47402, -0.88386 ], [ 37.47412, -0.88309 ], [ 37.47418, -0.88288 ], [ 37.4744, -0.88206 ], [ 37.47441, -0.88206 ], [ 37.47451, -0.88106 ], [ 37.47458, -0.88046 ], [ 37.47486, -0.87943 ], [ 37.47505, -0.87888 ], [ 37.47515, -0.87857 ], [ 37.47532, -0.87765 ], [ 37.47511, -0.87685 ], [ 37.47509, -0.87679 ], [ 37.47433, -0.87663 ], [ 37.47429, -0.87662 ], [ 37.47417, -0.87667 ], [ 37.4736, -0.87691 ], [ 37.47352, -0.87696 ], [ 37.4726, -0.87746 ], [ 37.47246, -0.87754 ], [ 37.47165, -0.87742 ], [ 37.47074, -0.87702 ], [ 37.46999, -0.87645 ], [ 37.46953, -0.87587 ], [ 37.46931, -0.87559 ], [ 37.46925, -0.87552 ], [ 37.46884, -0.87499 ], [ 37.46873, -0.87485 ], [ 37.468, -0.87416 ], [ 37.46793, -0.8741 ], [ 37.46727, -0.87428 ], [ 37.46672, -0.87443 ], [ 37.46581, -0.87467 ], [ 37.46548, -0.87504 ], [ 37.46518, -0.87536 ], [ 37.46486, -0.87572 ], [ 37.46472, -0.87588 ], [ 37.46386, -0.87651 ], [ 37.46304, -0.87651 ], [ 37.463, -0.87651 ], [ 37.46249, -0.87633 ], [ 37.4618, -0.8753 ], [ 37.46129, -0.87422 ], [ 37.46057, -0.87275 ], [ 37.46031, -0.87221 ], [ 37.45988, -0.87189 ], [ 37.45992, -0.87185 ], [ 37.45996, -0.87178 ], [ 37.45956, -0.87154 ], [ 37.45921, -0.87148 ], [ 37.4587, -0.87148 ], [ 37.45825, -0.8716 ], [ 37.45804, -0.87165 ], [ 37.45755, -0.87185 ], [ 37.45723, -0.87206 ], [ 37.45684, -0.87235 ], [ 37.45647, -0.87261 ], [ 37.45586, -0.87269 ], [ 37.45556, -0.87273 ], [ 37.45474, -0.8729 ], [ 37.45465, -0.8729 ], [ 37.45397, -0.87282 ], [ 37.45342, -0.87269 ], [ 37.45332, -0.87265 ], [ 37.45275, -0.87232 ], [ 37.45251, -0.87218 ], [ 37.45238, -0.8721 ], [ 37.45214, -0.8719 ], [ 37.45168, -0.8716 ], [ 37.45113, -0.87137 ], [ 37.45083, -0.87131 ], [ 37.45075, -0.87129 ], [ 37.45042, -0.87122 ], [ 37.45003, -0.87125 ], [ 37.44975, -0.87135 ], [ 37.44955, -0.87146 ], [ 37.44937, -0.87152 ], [ 37.44923, -0.87156 ], [ 37.44911, -0.8716 ], [ 37.44888, -0.87166 ], [ 37.44879, -0.87167 ], [ 37.44839, -0.87164 ], [ 37.44797, -0.87147 ], [ 37.44757, -0.87116 ], [ 37.44705, -0.87063 ], [ 37.44642, -0.86971 ], [ 37.44602, -0.86901 ], [ 37.44564, -0.86803 ], [ 37.44545, -0.8673 ], [ 37.44539, -0.86649 ], [ 37.4452, -0.86545 ], [ 37.44506, -0.86485 ], [ 37.4449, -0.86436 ], [ 37.44463, -0.86405 ], [ 37.44426, -0.86387 ], [ 37.4438, -0.86374 ], [ 37.44318, -0.86368 ], [ 37.44218, -0.86358 ], [ 37.44186, -0.86358 ], [ 37.44183, -0.86357 ], [ 37.44175, -0.86356 ], [ 37.44167, -0.86358 ], [ 37.44152, -0.86358 ], [ 37.44108, -0.8636 ], [ 37.4407, -0.86365 ], [ 37.44021, -0.86382 ], [ 37.43993, -0.86395 ], [ 37.43986, -0.86396 ], [ 37.43949, -0.86409 ], [ 37.43901, -0.86426 ], [ 37.43878, -0.86426 ], [ 37.43832, -0.86422 ], [ 37.43794, -0.86407 ], [ 37.43731, -0.86374 ], [ 37.4368, -0.86342 ], [ 37.43621, -0.86325 ], [ 37.43569, -0.86325 ], [ 37.43496, -0.86328 ], [ 37.43465, -0.86324 ], [ 37.43453, -0.86322 ], [ 37.43413, -0.86322 ], [ 37.43392, -0.86319 ], [ 37.43356, -0.86318 ], [ 37.43321, -0.8633 ], [ 37.43295, -0.86346 ], [ 37.43258, -0.86379 ], [ 37.43222, -0.86408 ], [ 37.43213, -0.86413 ], [ 37.43201, -0.86419 ], [ 37.43198, -0.86422 ], [ 37.43162, -0.86442 ], [ 37.43125, -0.86461 ], [ 37.43099, -0.86482 ], [ 37.4308, -0.86522 ], [ 37.43048, -0.86583 ], [ 37.43043, -0.86594 ], [ 37.43012, -0.86637 ], [ 37.42954, -0.86688 ], [ 37.42915, -0.86723 ], [ 37.42881, -0.86741 ], [ 37.42856, -0.86745 ], [ 37.42802, -0.86743 ], [ 37.42796, -0.86743 ], [ 37.42766, -0.8674 ], [ 37.42714, -0.86723 ], [ 37.42714, -0.86723 ], [ 37.42663, -0.86705 ], [ 37.42654, -0.86699 ], [ 37.42634, -0.86681 ], [ 37.42613, -0.86658 ], [ 37.42589, -0.86625 ], [ 37.42568, -0.86605 ], [ 37.42545, -0.86588 ], [ 37.42519, -0.86575 ], [ 37.42487, -0.86559 ], [ 37.42456, -0.86545 ], [ 37.42432, -0.86529 ], [ 37.42408, -0.86504 ], [ 37.42405, -0.865 ], [ 37.42405, -0.865 ], [ 37.42387, -0.86475 ], [ 37.4236, -0.86447 ], [ 37.42339, -0.86432 ], [ 37.42307, -0.86417 ], [ 37.42264, -0.86405 ], [ 37.42229, -0.86389 ], [ 37.42196, -0.86373 ], [ 37.42153, -0.86356 ], [ 37.42105, -0.8633 ], [ 37.42061, -0.8631 ], [ 37.42018, -0.86295 ], [ 37.41986, -0.86286 ], [ 37.41936, -0.86273 ], [ 37.41886, -0.86265 ], [ 37.41838, -0.86264 ], [ 37.41778, -0.86262 ], [ 37.41707, -0.86262 ], [ 37.41648, -0.86265 ], [ 37.41618, -0.86266 ], [ 37.41564, -0.86265 ], [ 37.41557, -0.86264 ], [ 37.41537, -0.86263 ], [ 37.41445, -0.86256 ], [ 37.41442, -0.86255 ], [ 37.41394, -0.86232 ], [ 37.41345, -0.86196 ], [ 37.41288, -0.86153 ], [ 37.41254, -0.86118 ], [ 37.41227, -0.86084 ], [ 37.41214, -0.86053 ], [ 37.41206, -0.86011 ], [ 37.4121, -0.85973 ], [ 37.41231, -0.85909 ], [ 37.41242, -0.85875 ], [ 37.41255, -0.8585 ], [ 37.41285, -0.85807 ], [ 37.41308, -0.85766 ], [ 37.4134, -0.85708 ], [ 37.41363, -0.85677 ], [ 37.41437, -0.8564 ], [ 37.41447, -0.85632 ], [ 37.415, -0.85592 ], [ 37.41519, -0.85578 ], [ 37.41529, -0.85572 ], [ 37.41564, -0.85548 ], [ 37.41585, -0.85521 ], [ 37.41595, -0.85493 ], [ 37.41595, -0.85457 ], [ 37.41579, -0.85417 ], [ 37.4157, -0.854 ], [ 37.41531, -0.85329 ], [ 37.41485, -0.85243 ], [ 37.41446, -0.85182 ], [ 37.41416, -0.8515 ], [ 37.41389, -0.85128 ], [ 37.41357, -0.85113 ], [ 37.41301, -0.85103 ], [ 37.41225, -0.85094 ], [ 37.41147, -0.85086 ], [ 37.41098, -0.85088 ], [ 37.41053, -0.85094 ], [ 37.41013, -0.85101 ], [ 37.40977, -0.85125 ], [ 37.4094, -0.85157 ], [ 37.40933, -0.8516 ], [ 37.40885, -0.85171 ], [ 37.40812, -0.85188 ], [ 37.40709, -0.85188 ], [ 37.40632, -0.85206 ], [ 37.40543, -0.85228 ], [ 37.40516, -0.85241 ], [ 37.40494, -0.85248 ], [ 37.40465, -0.8526 ], [ 37.40441, -0.85274 ], [ 37.40435, -0.85279 ], [ 37.40411, -0.85291 ], [ 37.40387, -0.85313 ], [ 37.4036, -0.85339 ], [ 37.40345, -0.85351 ], [ 37.40328, -0.8537 ], [ 37.40297, -0.85399 ], [ 37.40197, -0.85494 ], [ 37.40193, -0.85497 ], [ 37.40141, -0.85558 ], [ 37.40081, -0.85628 ], [ 37.40026, -0.85673 ], [ 37.39996, -0.85693 ], [ 37.39962, -0.85713 ], [ 37.39938, -0.85726 ], [ 37.39927, -0.8573 ], [ 37.39915, -0.85735 ], [ 37.39899, -0.85739 ], [ 37.39865, -0.85739 ], [ 37.39822, -0.85728 ], [ 37.39778, -0.85708 ], [ 37.39723, -0.85674 ], [ 37.39662, -0.85629 ], [ 37.3962, -0.85598 ], [ 37.39576, -0.85569 ], [ 37.39538, -0.85558 ], [ 37.39487, -0.85552 ], [ 37.39436, -0.85554 ], [ 37.3939, -0.85567 ], [ 37.39334, -0.85587 ], [ 37.39325, -0.8559 ], [ 37.39278, -0.85605 ], [ 37.39231, -0.85617 ], [ 37.39223, -0.85619 ], [ 37.39188, -0.85623 ], [ 37.39181, -0.85624 ], [ 37.39156, -0.85623 ], [ 37.39145, -0.85623 ], [ 37.39121, -0.85616 ], [ 37.39108, -0.85612 ], [ 37.39097, -0.85605 ], [ 37.39061, -0.85579 ], [ 37.39034, -0.85566 ], [ 37.38997, -0.85561 ], [ 37.38962, -0.85561 ], [ 37.38926, -0.85557 ], [ 37.38906, -0.8554 ], [ 37.38883, -0.85511 ], [ 37.38869, -0.85465 ], [ 37.38834, -0.854 ], [ 37.38806, -0.85361 ], [ 37.3877, -0.85329 ], [ 37.38721, -0.85305 ], [ 37.3868, -0.85301 ], [ 37.38641, -0.85299 ], [ 37.38601, -0.85308 ], [ 37.3859, -0.85318 ], [ 37.38553, -0.85352 ], [ 37.38504, -0.85414 ], [ 37.38387, -0.85557 ], [ 37.38336, -0.85614 ], [ 37.38293, -0.85678 ], [ 37.38272, -0.85717 ], [ 37.38265, -0.85731 ], [ 37.38244, -0.85784 ], [ 37.38226, -0.85821 ], [ 37.38191, -0.85845 ], [ 37.3815, -0.85849 ], [ 37.38144, -0.85848 ], [ 37.38067, -0.85835 ], [ 37.37989, -0.85812 ], [ 37.37927, -0.85771 ], [ 37.37858, -0.85726 ], [ 37.37814, -0.85689 ], [ 37.37784, -0.85658 ], [ 37.37767, -0.85632 ], [ 37.37764, -0.85629 ], [ 37.37751, -0.85601 ], [ 37.37734, -0.85567 ], [ 37.3773, -0.8555 ], [ 37.3773, -0.8548 ], [ 37.37736, -0.85428 ], [ 37.37748, -0.8542 ], [ 37.37779, -0.85398 ], [ 37.37793, -0.85388 ], [ 37.37828, -0.85345 ], [ 37.37832, -0.85342 ], [ 37.37862, -0.85311 ], [ 37.37871, -0.85281 ], [ 37.37863, -0.8525 ], [ 37.37845, -0.8521 ], [ 37.37819, -0.85178 ], [ 37.3778, -0.85151 ], [ 37.37718, -0.85118 ], [ 37.3768, -0.85099 ], [ 37.37626, -0.85082 ], [ 37.3758, -0.85069 ], [ 37.37537, -0.8506 ], [ 37.37486, -0.85056 ], [ 37.37429, -0.85056 ], [ 37.37415, -0.85057 ], [ 37.37386, -0.85054 ], [ 37.37352, -0.8505 ], [ 37.37316, -0.85049 ], [ 37.37166, -0.85045 ], [ 37.37138, -0.85034 ], [ 37.37102, -0.85013 ], [ 37.37074, -0.84987 ], [ 37.37035, -0.84958 ], [ 37.37008, -0.84931 ], [ 37.36972, -0.84905 ], [ 37.36931, -0.84887 ], [ 37.36895, -0.84865 ], [ 37.36859, -0.84856 ], [ 37.36819, -0.84837 ], [ 37.36815, -0.84835 ], [ 37.36812, -0.84833 ], [ 37.36796, -0.84821 ], [ 37.3671, -0.84754 ], [ 37.36672, -0.84725 ], [ 37.36644, -0.84698 ], [ 37.36604, -0.84663 ], [ 37.36577, -0.84644 ], [ 37.36532, -0.84604 ], [ 37.36498, -0.84575 ], [ 37.36495, -0.84575 ], [ 37.36493, -0.84573 ], [ 37.36467, -0.84554 ], [ 37.36448, -0.84551 ], [ 37.36422, -0.84552 ], [ 37.36391, -0.84565 ], [ 37.36367, -0.84582 ], [ 37.3636, -0.84586 ], [ 37.36339, -0.84593 ], [ 37.36335, -0.84595 ], [ 37.36333, -0.84595 ], [ 37.3633, -0.84595 ], [ 37.36302, -0.84595 ], [ 37.36226, -0.84565 ], [ 37.36134, -0.84512 ], [ 37.36103, -0.84495 ], [ 37.36055, -0.84481 ], [ 37.36007, -0.84465 ], [ 37.35973, -0.84454 ], [ 37.35936, -0.8445 ], [ 37.35896, -0.84448 ], [ 37.35842, -0.84456 ], [ 37.35808, -0.84462 ], [ 37.35784, -0.84466 ], [ 37.35734, -0.84474 ], [ 37.35716, -0.84474 ], [ 37.35673, -0.84474 ], [ 37.35634, -0.84475 ], [ 37.35609, -0.84476 ], [ 37.35555, -0.84476 ], [ 37.35523, -0.84482 ], [ 37.35483, -0.84505 ], [ 37.35424, -0.84542 ], [ 37.35391, -0.8456 ], [ 37.35364, -0.84575 ], [ 37.3529, -0.84611 ], [ 37.35262, -0.84628 ], [ 37.35232, -0.84646 ], [ 37.35224, -0.84656 ], [ 37.35197, -0.84651 ], [ 37.35166, -0.84644 ], [ 37.35151, -0.84629 ], [ 37.35146, -0.84624 ], [ 37.35131, -0.84602 ], [ 37.35119, -0.8457 ], [ 37.35114, -0.84529 ], [ 37.35117, -0.84495 ], [ 37.35132, -0.8445 ], [ 37.35148, -0.84415 ], [ 37.35148, -0.84381 ], [ 37.35134, -0.84348 ], [ 37.35116, -0.84332 ], [ 37.35089, -0.8432 ], [ 37.35054, -0.84324 ], [ 37.35039, -0.84332 ], [ 37.35016, -0.84343 ], [ 37.34978, -0.84381 ], [ 37.34968, -0.84393 ], [ 37.3492, -0.84447 ], [ 37.34884, -0.84486 ], [ 37.34882, -0.84487 ], [ 37.34854, -0.84515 ], [ 37.34818, -0.84532 ], [ 37.34785, -0.84541 ], [ 37.34761, -0.84541 ], [ 37.34758, -0.84541 ], [ 37.34728, -0.8453 ], [ 37.34689, -0.845 ], [ 37.34641, -0.84446 ], [ 37.34614, -0.84417 ], [ 37.346, -0.84403 ], [ 37.34576, -0.8438 ], [ 37.34575, -0.84379 ], [ 37.3455, -0.84355 ], [ 37.34496, -0.84317 ], [ 37.34464, -0.84301 ], [ 37.34431, -0.84297 ], [ 37.34383, -0.84302 ], [ 37.34325, -0.84329 ], [ 37.34315, -0.84332 ], [ 37.34225, -0.84363 ], [ 37.3418, -0.84394 ], [ 37.34129, -0.84426 ], [ 37.34087, -0.84446 ], [ 37.34052, -0.84467 ], [ 37.34029, -0.8449 ], [ 37.34017, -0.84523 ], [ 37.33988, -0.84592 ], [ 37.33949, -0.84647 ], [ 37.33938, -0.84663 ], [ 37.33889, -0.84716 ], [ 37.33859, -0.84735 ], [ 37.33835, -0.8475 ], [ 37.33831, -0.84751 ], [ 37.33812, -0.84755 ], [ 37.33808, -0.84756 ], [ 37.33778, -0.84755 ], [ 37.33774, -0.84754 ], [ 37.3375, -0.84745 ], [ 37.33744, -0.84738 ], [ 37.33728, -0.84721 ], [ 37.33682, -0.84658 ], [ 37.33627, -0.846 ], [ 37.33579, -0.84536 ], [ 37.33546, -0.84503 ], [ 37.33512, -0.84482 ], [ 37.33482, -0.84479 ], [ 37.33434, -0.84481 ], [ 37.33397, -0.84484 ], [ 37.33358, -0.84489 ], [ 37.33322, -0.84492 ], [ 37.33289, -0.84493 ], [ 37.33264, -0.84495 ], [ 37.33205, -0.84504 ], [ 37.33192, -0.84507 ], [ 37.33163, -0.84513 ], [ 37.33137, -0.8452 ], [ 37.33135, -0.8452 ], [ 37.331, -0.84517 ], [ 37.33091, -0.84516 ], [ 37.3304, -0.84507 ], [ 37.32978, -0.84483 ], [ 37.32943, -0.84472 ], [ 37.32887, -0.84453 ], [ 37.32841, -0.84433 ], [ 37.32797, -0.84408 ], [ 37.32751, -0.84379 ], [ 37.32708, -0.84343 ], [ 37.32642, -0.84295 ], [ 37.32569, -0.84233 ], [ 37.32517, -0.84181 ], [ 37.32477, -0.84139 ], [ 37.3246, -0.84105 ], [ 37.32455, -0.84066 ], [ 37.32455, -0.84026 ], [ 37.32466, -0.8399 ], [ 37.32488, -0.83964 ], [ 37.32492, -0.83959 ], [ 37.32529, -0.83931 ], [ 37.32556, -0.83916 ], [ 37.32557, -0.83916 ], [ 37.326, -0.83903 ], [ 37.32627, -0.83897 ], [ 37.32664, -0.83888 ], [ 37.327, -0.83869 ], [ 37.32702, -0.83868 ], [ 37.32724, -0.83842 ], [ 37.32737, -0.83803 ], [ 37.32741, -0.83741 ], [ 37.32739, -0.83699 ], [ 37.32729, -0.83665 ], [ 37.32705, -0.83638 ], [ 37.3267, -0.83613 ], [ 37.32633, -0.83594 ], [ 37.32591, -0.8359 ], [ 37.32564, -0.83588 ], [ 37.32521, -0.83591 ], [ 37.32478, -0.8361 ], [ 37.32436, -0.83633 ], [ 37.32396, -0.83655 ], [ 37.32338, -0.83679 ], [ 37.32291, -0.837 ], [ 37.32232, -0.83719 ], [ 37.32215, -0.83725 ], [ 37.32186, -0.83733 ], [ 37.32152, -0.83737 ], [ 37.32117, -0.83732 ], [ 37.32084, -0.83708 ], [ 37.32051, -0.83657 ], [ 37.32008, -0.83589 ], [ 37.31984, -0.83535 ], [ 37.31953, -0.83473 ], [ 37.31936, -0.83428 ], [ 37.31918, -0.83391 ], [ 37.31896, -0.83351 ], [ 37.31869, -0.8329 ], [ 37.31819, -0.83189 ], [ 37.31776, -0.8311 ], [ 37.31738, -0.8304 ], [ 37.31724, -0.82996 ], [ 37.31722, -0.82984 ], [ 37.31714, -0.82947 ], [ 37.3171, -0.82905 ], [ 37.31707, -0.8287 ], [ 37.31705, -0.82836 ], [ 37.31704, -0.82808 ], [ 37.31703, -0.82781 ], [ 37.31697, -0.82751 ], [ 37.31695, -0.82703 ], [ 37.31688, -0.82659 ], [ 37.31669, -0.82613 ], [ 37.31629, -0.8255 ], [ 37.31602, -0.82513 ], [ 37.31561, -0.82484 ], [ 37.3152, -0.82469 ], [ 37.31476, -0.82456 ], [ 37.31402, -0.8244 ], [ 37.3139, -0.82433 ], [ 37.31367, -0.82421 ], [ 37.31349, -0.82402 ], [ 37.31343, -0.82371 ], [ 37.31343, -0.82361 ], [ 37.31348, -0.82335 ], [ 37.31356, -0.82308 ], [ 37.31364, -0.82279 ], [ 37.31388, -0.82222 ], [ 37.31415, -0.82178 ], [ 37.31428, -0.82143 ], [ 37.31434, -0.82111 ], [ 37.31437, -0.82075 ], [ 37.31435, -0.82028 ], [ 37.31435, -0.81999 ], [ 37.31423, -0.81971 ], [ 37.3141, -0.81948 ], [ 37.31384, -0.81923 ], [ 37.31321, -0.81896 ], [ 37.31282, -0.81875 ], [ 37.31258, -0.81861 ], [ 37.31227, -0.81827 ], [ 37.31207, -0.81805 ], [ 37.31201, -0.81795 ], [ 37.31195, -0.81774 ], [ 37.31188, -0.81739 ], [ 37.31186, -0.81734 ], [ 37.3117, -0.81673 ], [ 37.31165, -0.81653 ], [ 37.31134, -0.81638 ], [ 37.31134, -0.81638 ], [ 37.31132, -0.81637 ], [ 37.31127, -0.81634 ], [ 37.31119, -0.8163 ], [ 37.31118, -0.8163 ], [ 37.31108, -0.81626 ], [ 37.31063, -0.81621 ], [ 37.31008, -0.81609 ], [ 37.30982, -0.81604 ], [ 37.30901, -0.81579 ], [ 37.30701, -0.81499 ], [ 37.30655, -0.81476 ], [ 37.30629, -0.81449 ], [ 37.30615, -0.81436 ], [ 37.30625, -0.81371 ], [ 37.30518, -0.81302 ], [ 37.30435, -0.81248 ], [ 37.3048, -0.81025 ], [ 37.30539, -0.80726 ], [ 37.3063, -0.80273 ], [ 37.30676, -0.80261 ], [ 37.30681, -0.80254 ], [ 37.30658, -0.80232 ], [ 37.30621, -0.80194 ], [ 37.30536, -0.80095 ], [ 37.30525, -0.80084 ], [ 37.30507, -0.80065 ], [ 37.30496, -0.80055 ], [ 37.30489, -0.80052 ], [ 37.30466, -0.80042 ], [ 37.30438, -0.8003 ], [ 37.30411, -0.80028 ], [ 37.30381, -0.80029 ], [ 37.3032, -0.80041 ], [ 37.3029, -0.80043 ], [ 37.30274, -0.80044 ], [ 37.30259, -0.80044 ], [ 37.30216, -0.80028 ], [ 37.30212, -0.80023 ], [ 37.30211, -0.80022 ], [ 37.30204, -0.80014 ], [ 37.30195, -0.80003 ], [ 37.3019, -0.79995 ], [ 37.30177, -0.79975 ], [ 37.30176, -0.79968 ], [ 37.30166, -0.79923 ], [ 37.30157, -0.79875 ], [ 37.30147, -0.79824 ], [ 37.30132, -0.79759 ], [ 37.30111, -0.79713 ], [ 37.3009, -0.7968 ], [ 37.30062, -0.79647 ], [ 37.30033, -0.79624 ], [ 37.29984, -0.79593 ], [ 37.29943, -0.79571 ], [ 37.29895, -0.79558 ], [ 37.29836, -0.79553 ], [ 37.29827, -0.79552 ], [ 37.29817, -0.79551 ], [ 37.29806, -0.79551 ], [ 37.2976, -0.79549 ], [ 37.29691, -0.79536 ], [ 37.29666, -0.79526 ], [ 37.2964, -0.79516 ], [ 37.29605, -0.79501 ], [ 37.29564, -0.79481 ], [ 37.29538, -0.79467 ], [ 37.29506, -0.7945 ], [ 37.29491, -0.79438 ], [ 37.29463, -0.7942 ], [ 37.29446, -0.79396 ], [ 37.29428, -0.79366 ], [ 37.29414, -0.79326 ], [ 37.29389, -0.7927 ], [ 37.29364, -0.7922 ], [ 37.2934, -0.79176 ], [ 37.29308, -0.79132 ], [ 37.29295, -0.79106 ], [ 37.2927, -0.79067 ], [ 37.29237, -0.79011 ], [ 37.2921, -0.78975 ], [ 37.29188, -0.78943 ], [ 37.29157, -0.7892 ], [ 37.2911, -0.78893 ], [ 37.29083, -0.78861 ], [ 37.29043, -0.78827 ], [ 37.29009, -0.7879 ], [ 37.28983, -0.78754 ], [ 37.2896, -0.7871 ], [ 37.28956, -0.7867 ], [ 37.28943, -0.78609 ], [ 37.28925, -0.78569 ], [ 37.28893, -0.78528 ], [ 37.28858, -0.78492 ], [ 37.28812, -0.78457 ], [ 37.28796, -0.78444 ], [ 37.28782, -0.78428 ], [ 37.28779, -0.78427 ], [ 37.28756, -0.78413 ], [ 37.28754, -0.78411 ], [ 37.28745, -0.78407 ], [ 37.28743, -0.78405 ], [ 37.28696, -0.78377 ], [ 37.28686, -0.78375 ], [ 37.28681, -0.78373 ], [ 37.28672, -0.78368 ], [ 37.28652, -0.78361 ], [ 37.28615, -0.78348 ], [ 37.28572, -0.78343 ], [ 37.28534, -0.78343 ], [ 37.28501, -0.78352 ], [ 37.28476, -0.78368 ], [ 37.28445, -0.7839 ], [ 37.28412, -0.78425 ], [ 37.28398, -0.78441 ], [ 37.28395, -0.78444 ], [ 37.28363, -0.78468 ], [ 37.28339, -0.78487 ], [ 37.28278, -0.78532 ], [ 37.28253, -0.78537 ], [ 37.2818, -0.78537 ], [ 37.2808, -0.78537 ], [ 37.28056, -0.78537 ], [ 37.28045, -0.78536 ], [ 37.27973, -0.7852 ], [ 37.2794, -0.78513 ], [ 37.27914, -0.78502 ], [ 37.27874, -0.78485 ], [ 37.2783, -0.7848 ], [ 37.27829, -0.7848 ], [ 37.27793, -0.7849 ], [ 37.27758, -0.78505 ], [ 37.27733, -0.78523 ], [ 37.27728, -0.78531 ], [ 37.2771, -0.78543 ], [ 37.27619, -0.78617 ], [ 37.27522, -0.7864 ], [ 37.27521, -0.7864 ], [ 37.27418, -0.7868 ], [ 37.27241, -0.78795 ], [ 37.27178, -0.78795 ], [ 37.27113, -0.78798 ], [ 37.27067, -0.78792 ], [ 37.27018, -0.7879 ], [ 37.26949, -0.78792 ], [ 37.26872, -0.78788 ], [ 37.26906, -0.78743 ], [ 37.26931, -0.78709 ], [ 37.26977, -0.78606 ], [ 37.26943, -0.78497 ], [ 37.2688, -0.78377 ], [ 37.26822, -0.78245 ], [ 37.26822, -0.78033 ], [ 37.27417, -0.76567 ], [ 37.27418, -0.76566 ], [ 37.27487, -0.76395 ], [ 37.27608, -0.76086 ], [ 37.27762, -0.75696 ], [ 37.27766, -0.75696 ], [ 37.27738, -0.75621 ], [ 37.27763, -0.7562 ], [ 37.2782, -0.75631 ], [ 37.27872, -0.75638 ], [ 37.27911, -0.7564 ], [ 37.27953, -0.7564 ], [ 37.27983, -0.75643 ], [ 37.28051, -0.75656 ], [ 37.2812, -0.75675 ], [ 37.28191, -0.75686 ], [ 37.28234, -0.75691 ], [ 37.28278, -0.757 ], [ 37.28308, -0.75704 ], [ 37.28351, -0.75709 ], [ 37.28388, -0.75712 ], [ 37.28495, -0.75725 ], [ 37.28539, -0.7573 ], [ 37.28871, -0.75712 ], [ 37.29173, -0.7567 ], [ 37.29318, -0.7565 ], [ 37.29599, -0.75605 ], [ 37.29638, -0.75599 ], [ 37.29726, -0.7559 ], [ 37.29792, -0.75581 ], [ 37.30038, -0.75467 ], [ 37.30087, -0.75446 ], [ 37.3024, -0.75355 ], [ 37.30301, -0.75318 ], [ 37.30372, -0.75244 ], [ 37.30467, -0.75191 ], [ 37.30491, -0.75185 ], [ 37.30692, -0.75141 ], [ 37.30811, -0.75118 ], [ 37.31194, -0.75104 ], [ 37.31317, -0.751 ], [ 37.31592, -0.75089 ], [ 37.31645, -0.75186 ], [ 37.31689, -0.75265 ], [ 37.31694, -0.75297 ], [ 37.31779, -0.75777 ], [ 37.31818, -0.75999 ], [ 37.31881, -0.76108 ], [ 37.32001, -0.76211 ], [ 37.32118, -0.7631 ], [ 37.32306, -0.7647 ], [ 37.32625, -0.76742 ], [ 37.32689, -0.76796 ], [ 37.3301, -0.7691 ], [ 37.33797, -0.77194 ], [ 37.34529, -0.77457 ], [ 37.34728, -0.77529 ], [ 37.34826, -0.77526 ], [ 37.34871, -0.77525 ], [ 37.3494, -0.77523 ], [ 37.35119, -0.77479 ], [ 37.35908, -0.77283 ], [ 37.35911, -0.77235 ], [ 37.35912, -0.77225 ], [ 37.35941, -0.77218 ], [ 37.35979, -0.76685 ], [ 37.35973, -0.76435 ], [ 37.35981, -0.76436 ], [ 37.36005, -0.76437 ], [ 37.36064, -0.76457 ], [ 37.36143, -0.76493 ], [ 37.36199, -0.76497 ], [ 37.36222, -0.76497 ], [ 37.36242, -0.76493 ], [ 37.36282, -0.76493 ], [ 37.36331, -0.76479 ], [ 37.36396, -0.76481 ], [ 37.36432, -0.76481 ], [ 37.36475, -0.76481 ], [ 37.36523, -0.76472 ], [ 37.36586, -0.76465 ], [ 37.36629, -0.76465 ], [ 37.36633, -0.76465 ], [ 37.36674, -0.76472 ], [ 37.36708, -0.76477 ], [ 37.36752, -0.76485 ], [ 37.36815, -0.76497 ], [ 37.36879, -0.7651 ], [ 37.36937, -0.76544 ], [ 37.36989, -0.7656 ], [ 37.37055, -0.76571 ], [ 37.37095, -0.76631 ], [ 37.37158, -0.76624 ], [ 37.37177, -0.7669 ], [ 37.37182, -0.76693 ], [ 37.37199, -0.76701 ], [ 37.37237, -0.76721 ], [ 37.3736, -0.76609 ], [ 37.3753, -0.76452 ], [ 37.37776, -0.76452 ], [ 37.3816, -0.76108 ], [ 37.38303, -0.76011 ], [ 37.38316, -0.76002 ], [ 37.38704, -0.75719 ], [ 37.3887, -0.75616 ], [ 37.38979, -0.75599 ], [ 37.39164, -0.75557 ], [ 37.39289, -0.7553 ], [ 37.3934, -0.75518 ], [ 37.3951, -0.75488 ], [ 37.39621, -0.75468 ], [ 37.39724, -0.7545 ], [ 37.39804, -0.75404 ], [ 37.40016, -0.75329 ], [ 37.4013, -0.75249 ], [ 37.40446, -0.75186 ], [ 37.40572, -0.75146 ], [ 37.40614, -0.75137 ], [ 37.40715, -0.75117 ], [ 37.40827, -0.75117 ], [ 37.40864, -0.75117 ], [ 37.41007, -0.75117 ], [ 37.41087, -0.75117 ], [ 37.41117, -0.75113 ], [ 37.41139, -0.75117 ], [ 37.41319, -0.75119 ], [ 37.41918, -0.75123 ], [ 37.4205, -0.75112 ], [ 37.42153, -0.75112 ], [ 37.42238, -0.75093 ], [ 37.42256, -0.75089 ], [ 37.42302, -0.7506 ], [ 37.42537, -0.74885 ], [ 37.42653, -0.748 ], [ 37.43028, -0.74521 ], [ 37.43537, -0.74143 ], [ 37.44031, -0.73776 ], [ 37.44547, -0.73393 ], [ 37.44915, -0.7345 ], [ 37.45504, -0.73542 ], [ 37.46092, -0.73645 ], [ 37.46326, -0.73687 ], [ 37.4639, -0.73698 ], [ 37.46449, -0.73708 ], [ 37.46467, -0.73634 ], [ 37.46467, -0.73599 ], [ 37.46467, -0.73557 ], [ 37.46465, -0.7355 ], [ 37.46465, -0.73528 ], [ 37.46465, -0.73525 ], [ 37.46464, -0.73516 ], [ 37.46444, -0.73439 ], [ 37.4644, -0.73388 ], [ 37.46434, -0.73379 ], [ 37.4643, -0.73363 ], [ 37.46428, -0.73348 ], [ 37.4643, -0.7333 ], [ 37.46428, -0.7331 ], [ 37.46428, -0.73307 ], [ 37.46427, -0.73288 ], [ 37.46431, -0.73259 ], [ 37.46432, -0.73243 ], [ 37.46432, -0.73223 ], [ 37.46432, -0.73215 ], [ 37.46426, -0.73193 ], [ 37.4642, -0.73181 ], [ 37.46409, -0.73164 ], [ 37.46428, -0.73148 ], [ 37.46445, -0.73134 ], [ 37.46449, -0.7313 ], [ 37.46453, -0.73129 ], [ 37.46462, -0.73122 ], [ 37.46503, -0.73115 ], [ 37.46528, -0.73113 ], [ 37.46564, -0.73115 ], [ 37.46582, -0.73115 ], [ 37.46597, -0.73114 ], [ 37.46619, -0.73113 ], [ 37.46633, -0.73108 ], [ 37.46667, -0.73097 ], [ 37.46686, -0.73096 ], [ 37.46712, -0.731 ], [ 37.46735, -0.73118 ], [ 37.46751, -0.7313 ], [ 37.46779, -0.73135 ], [ 37.46792, -0.73133 ], [ 37.46794, -0.73119 ], [ 37.46787, -0.73084 ], [ 37.46789, -0.73076 ], [ 37.46778, -0.7306 ], [ 37.46773, -0.73042 ], [ 37.46773, -0.73027 ], [ 37.46771, -0.73012 ], [ 37.46777, -0.72999 ], [ 37.46803, -0.72979 ], [ 37.46807, -0.72967 ], [ 37.46808, -0.72964 ], [ 37.46809, -0.72924 ], [ 37.46804, -0.7291 ], [ 37.46836, -0.72905 ], [ 37.46862, -0.72905 ], [ 37.46883, -0.72905 ], [ 37.46908, -0.72897 ], [ 37.46934, -0.72898 ], [ 37.46971, -0.72911 ], [ 37.46987, -0.72916 ], [ 37.47006, -0.72917 ], [ 37.47015, -0.72915 ], [ 37.47048, -0.72894 ], [ 37.47054, -0.72886 ], [ 37.47062, -0.72872 ], [ 37.47089, -0.72861 ], [ 37.47105, -0.7286 ], [ 37.47127, -0.7286 ], [ 37.47144, -0.7286 ], [ 37.47161, -0.72845 ], [ 37.47167, -0.7284 ], [ 37.47182, -0.72828 ], [ 37.47192, -0.72816 ], [ 37.47203, -0.72806 ], [ 37.47216, -0.72815 ], [ 37.47231, -0.72826 ], [ 37.4724, -0.72835 ], [ 37.47264, -0.72831 ], [ 37.47278, -0.72815 ], [ 37.47282, -0.72793 ], [ 37.47295, -0.72772 ], [ 37.47316, -0.72748 ], [ 37.4732, -0.72745 ], [ 37.4732, -0.72734 ], [ 37.47343, -0.72706 ], [ 37.47374, -0.72696 ], [ 37.47386, -0.72693 ], [ 37.474, -0.72689 ], [ 37.47456, -0.72689 ], [ 37.47461, -0.72686 ], [ 37.47479, -0.72686 ], [ 37.47492, -0.72688 ], [ 37.47513, -0.72704 ], [ 37.47516, -0.72706 ], [ 37.47505, -0.72731 ], [ 37.47503, -0.72741 ], [ 37.47503, -0.72766 ], [ 37.47504, -0.72771 ], [ 37.47523, -0.72777 ], [ 37.47537, -0.72784 ], [ 37.47546, -0.72788 ], [ 37.47553, -0.72805 ], [ 37.47567, -0.72819 ], [ 37.47576, -0.7283 ], [ 37.47595, -0.72849 ], [ 37.47612, -0.72865 ], [ 37.4762, -0.72869 ], [ 37.47636, -0.72877 ], [ 37.47647, -0.72882 ], [ 37.47648, -0.72882 ], [ 37.47666, -0.72887 ], [ 37.47689, -0.72887 ], [ 37.47713, -0.72887 ], [ 37.47725, -0.72887 ], [ 37.4775, -0.72878 ], [ 37.47764, -0.72887 ], [ 37.47767, -0.72887 ], [ 37.47792, -0.72887 ], [ 37.47829, -0.72907 ], [ 37.47839, -0.72927 ], [ 37.47862, -0.7294 ], [ 37.47887, -0.72953 ], [ 37.47902, -0.72958 ], [ 37.47917, -0.72961 ], [ 37.4794, -0.72961 ], [ 37.47954, -0.72961 ], [ 37.47977, -0.72964 ], [ 37.47998, -0.72973 ], [ 37.48027, -0.72985 ], [ 37.48057, -0.73019 ], [ 37.48067, -0.73032 ], [ 37.481, -0.7307 ], [ 37.48126, -0.73078 ], [ 37.48146, -0.73078 ], [ 37.48164, -0.73081 ], [ 37.48184, -0.73081 ], [ 37.48223, -0.73079 ], [ 37.48249, -0.73082 ], [ 37.48273, -0.73086 ], [ 37.48287, -0.73086 ], [ 37.4831, -0.73089 ], [ 37.48332, -0.73089 ], [ 37.48348, -0.73091 ], [ 37.48397, -0.73098 ], [ 37.48429, -0.73098 ], [ 37.48485, -0.73103 ], [ 37.4854, -0.73104 ], [ 37.48561, -0.73104 ], [ 37.48582, -0.73107 ], [ 37.4861, -0.73108 ], [ 37.48636, -0.73114 ], [ 37.4865, -0.73128 ], [ 37.48674, -0.73144 ], [ 37.48688, -0.73158 ], [ 37.4874, -0.73192 ], [ 37.48755, -0.73199 ], [ 37.48782, -0.73212 ], [ 37.48797, -0.7322 ], [ 37.48811, -0.73229 ], [ 37.48824, -0.73234 ], [ 37.48838, -0.7324 ], [ 37.48866, -0.73242 ], [ 37.489, -0.73244 ], [ 37.48928, -0.73249 ], [ 37.48966, -0.73249 ], [ 37.48978, -0.73244 ], [ 37.49012, -0.73246 ], [ 37.49037, -0.73258 ], [ 37.49062, -0.73271 ], [ 37.49085, -0.73287 ], [ 37.49096, -0.73304 ], [ 37.491, -0.73308 ], [ 37.49176, -0.73359 ], [ 37.49178, -0.7336 ], [ 37.49219, -0.73383 ], [ 37.49248, -0.734 ], [ 37.49267, -0.73408 ], [ 37.49294, -0.73425 ], [ 37.49325, -0.73436 ], [ 37.49344, -0.73443 ], [ 37.49346, -0.73444 ], [ 37.49365, -0.73445 ], [ 37.49393, -0.73422 ], [ 37.49417, -0.73412 ], [ 37.49431, -0.73396 ], [ 37.49435, -0.73393 ], [ 37.49457, -0.73353 ], [ 37.49475, -0.73347 ], [ 37.49476, -0.73346 ], [ 37.49488, -0.73336 ], [ 37.49499, -0.73326 ], [ 37.49526, -0.73326 ], [ 37.49551, -0.73335 ], [ 37.49563, -0.73344 ], [ 37.49574, -0.73351 ], [ 37.49589, -0.73361 ], [ 37.49606, -0.73363 ], [ 37.49623, -0.73363 ], [ 37.49625, -0.73363 ], [ 37.49646, -0.73307 ], [ 37.49711, -0.73257 ], [ 37.49721, -0.7325 ], [ 37.4969, -0.7323 ], [ 37.49666, -0.73213 ], [ 37.49649, -0.73192 ], [ 37.49639, -0.73177 ], [ 37.49633, -0.7315 ], [ 37.49622, -0.73118 ], [ 37.49595, -0.7309 ], [ 37.49582, -0.73079 ], [ 37.49557, -0.73056 ], [ 37.49538, -0.73037 ], [ 37.49515, -0.73022 ], [ 37.4949, -0.72999 ], [ 37.49465, -0.72977 ], [ 37.49411, -0.72916 ], [ 37.49402, -0.72902 ], [ 37.49402, -0.72902 ], [ 37.49394, -0.72878 ], [ 37.49392, -0.7287 ], [ 37.49387, -0.72846 ], [ 37.49388, -0.72835 ], [ 37.49388, -0.72806 ], [ 37.49381, -0.72717 ], [ 37.49381, -0.72664 ], [ 37.49381, -0.72617 ], [ 37.49378, -0.72598 ], [ 37.49354, -0.72547 ], [ 37.49354, -0.72545 ], [ 37.49354, -0.72545 ], [ 37.49353, -0.72544 ], [ 37.49343, -0.72523 ], [ 37.49329, -0.72496 ], [ 37.49307, -0.72466 ], [ 37.49288, -0.72445 ], [ 37.49269, -0.72422 ], [ 37.49252, -0.72404 ], [ 37.49239, -0.72403 ], [ 37.49217, -0.72401 ], [ 37.49211, -0.72396 ], [ 37.4918, -0.72393 ], [ 37.49107, -0.72386 ], [ 37.49102, -0.72385 ], [ 37.4908, -0.72385 ], [ 37.4906, -0.72379 ], [ 37.49039, -0.7237 ], [ 37.49023, -0.72369 ], [ 37.48991, -0.72352 ], [ 37.48987, -0.72351 ], [ 37.48966, -0.7234 ], [ 37.48965, -0.72338 ], [ 37.48964, -0.72332 ], [ 37.48987, -0.72303 ], [ 37.48996, -0.72285 ], [ 37.48999, -0.7228 ], [ 37.49008, -0.72266 ], [ 37.4901, -0.72264 ], [ 37.49024, -0.72255 ], [ 37.49034, -0.72241 ], [ 37.49047, -0.72226 ], [ 37.49047, -0.72213 ], [ 37.49049, -0.72197 ], [ 37.49049, -0.72171 ], [ 37.49034, -0.72145 ], [ 37.49009, -0.72124 ], [ 37.48989, -0.72115 ], [ 37.4897, -0.72113 ], [ 37.48962, -0.72112 ], [ 37.48921, -0.72103 ], [ 37.48875, -0.72092 ], [ 37.48863, -0.72089 ], [ 37.48849, -0.72084 ], [ 37.4884, -0.72071 ], [ 37.48824, -0.72053 ], [ 37.48824, -0.72025 ], [ 37.48825, -0.72002 ], [ 37.48837, -0.71982 ], [ 37.48838, -0.71977 ], [ 37.48842, -0.71962 ], [ 37.48842, -0.71948 ], [ 37.48829, -0.71935 ], [ 37.48816, -0.71932 ], [ 37.48814, -0.71932 ], [ 37.4881, -0.71932 ], [ 37.48803, -0.71933 ], [ 37.48786, -0.71935 ], [ 37.48766, -0.71945 ], [ 37.48757, -0.71957 ], [ 37.48741, -0.71975 ], [ 37.48724, -0.71998 ], [ 37.48699, -0.7205 ], [ 37.48696, -0.72057 ], [ 37.48689, -0.72059 ], [ 37.48682, -0.72061 ], [ 37.4867, -0.72062 ], [ 37.48625, -0.72067 ], [ 37.48599, -0.72067 ], [ 37.48581, -0.72069 ], [ 37.48566, -0.72065 ], [ 37.48533, -0.72059 ], [ 37.48519, -0.72048 ], [ 37.48498, -0.72032 ], [ 37.48474, -0.72012 ], [ 37.48461, -0.71995 ], [ 37.48447, -0.71977 ], [ 37.48436, -0.7195 ], [ 37.48432, -0.71942 ], [ 37.48424, -0.71929 ], [ 37.4842, -0.71906 ], [ 37.48423, -0.71846 ], [ 37.48434, -0.71823 ], [ 37.48457, -0.71775 ], [ 37.48462, -0.71764 ], [ 37.48465, -0.71749 ], [ 37.48472, -0.7173 ], [ 37.4847, -0.71709 ], [ 37.48455, -0.71705 ], [ 37.48449, -0.71703 ], [ 37.48439, -0.71703 ], [ 37.48432, -0.71703 ], [ 37.48423, -0.71703 ], [ 37.48391, -0.71709 ], [ 37.48363, -0.71709 ], [ 37.48347, -0.71716 ], [ 37.48324, -0.71716 ], [ 37.48305, -0.71713 ], [ 37.48291, -0.7171 ], [ 37.4828, -0.71701 ], [ 37.48231, -0.71686 ], [ 37.48179, -0.71698 ], [ 37.48177, -0.71698 ], [ 37.48137, -0.71698 ], [ 37.48119, -0.71704 ], [ 37.48086, -0.71706 ], [ 37.48073, -0.71709 ], [ 37.4806, -0.71711 ], [ 37.48042, -0.7171 ], [ 37.48019, -0.71706 ], [ 37.47979, -0.71703 ], [ 37.47962, -0.7168 ], [ 37.47939, -0.71623 ], [ 37.4791, -0.71589 ], [ 37.47903, -0.71547 ], [ 37.47898, -0.71538 ], [ 37.47892, -0.71513 ], [ 37.47894, -0.71505 ], [ 37.47897, -0.71497 ], [ 37.47903, -0.71483 ], [ 37.47904, -0.71474 ], [ 37.47909, -0.7147 ], [ 37.47912, -0.71465 ], [ 37.47922, -0.7145 ], [ 37.47929, -0.71441 ], [ 37.47933, -0.71437 ], [ 37.4794, -0.71418 ], [ 37.47945, -0.71407 ], [ 37.47945, -0.71365 ], [ 37.47904, -0.71308 ], [ 37.47888, -0.71294 ], [ 37.47877, -0.71288 ], [ 37.47876, -0.71287 ], [ 37.47876, -0.71284 ], [ 37.47864, -0.71274 ], [ 37.47859, -0.71222 ], [ 37.47846, -0.71188 ], [ 37.47841, -0.71176 ], [ 37.47813, -0.71125 ], [ 37.47802, -0.71079 ], [ 37.4779, -0.71027 ], [ 37.478, -0.71014 ], [ 37.47846, -0.70955 ], [ 37.47847, -0.70953 ], [ 37.47863, -0.70918 ], [ 37.47879, -0.70884 ], [ 37.47882, -0.70878 ], [ 37.47882, -0.70878 ], [ 37.47882, -0.70873 ], [ 37.47882, -0.70819 ], [ 37.47882, -0.7081 ], [ 37.47859, -0.70775 ], [ 37.47852, -0.70763 ], [ 37.47846, -0.7075 ], [ 37.47836, -0.7073 ], [ 37.47846, -0.70709 ], [ 37.4785, -0.707 ], [ 37.4787, -0.70661 ], [ 37.4787, -0.70615 ], [ 37.47847, -0.70543 ], [ 37.47855, -0.70493 ], [ 37.47877, -0.7048 ], [ 37.4791, -0.7046 ], [ 37.47911, -0.70454 ], [ 37.47913, -0.70432 ], [ 37.47916, -0.70403 ], [ 37.47919, -0.70387 ], [ 37.47926, -0.70394 ], [ 37.47933, -0.70397 ], [ 37.47933, -0.70384 ], [ 37.47933, -0.70315 ], [ 37.47934, -0.70289 ], [ 37.47934, -0.70268 ], [ 37.47934, -0.70255 ], [ 37.47933, -0.70251 ], [ 37.47933, -0.70231 ], [ 37.47933, -0.70225 ], [ 37.47948, -0.70138 ], [ 37.4795, -0.70122 ], [ 37.4795, -0.70071 ], [ 37.47954, -0.70067 ], [ 37.47962, -0.70057 ], [ 37.47983, -0.7003 ], [ 37.47992, -0.6999 ], [ 37.47992, -0.6996 ], [ 37.47996, -0.69951 ], [ 37.48013, -0.69836 ], [ 37.48015, -0.69811 ], [ 37.48019, -0.69773 ], [ 37.48031, -0.69758 ], [ 37.4805, -0.69738 ], [ 37.48067, -0.6972 ], [ 37.4808, -0.69698 ], [ 37.48081, -0.69682 ], [ 37.48067, -0.69656 ], [ 37.48065, -0.69654 ], [ 37.48065, -0.69635 ], [ 37.48036, -0.69624 ], [ 37.48027, -0.69613 ], [ 37.48008, -0.6959 ], [ 37.48031, -0.69521 ], [ 37.48031, -0.6952 ], [ 37.48035, -0.69516 ], [ 37.48044, -0.69505 ], [ 37.48051, -0.69491 ], [ 37.48057, -0.69469 ], [ 37.48042, -0.69393 ], [ 37.48035, -0.69385 ], [ 37.4803, -0.69379 ], [ 37.48028, -0.69369 ], [ 37.48027, -0.69361 ], [ 37.48025, -0.69349 ], [ 37.48011, -0.69331 ], [ 37.48008, -0.69321 ], [ 37.47998, -0.69297 ], [ 37.47996, -0.6928 ], [ 37.47994, -0.69259 ], [ 37.47993, -0.69227 ], [ 37.47975, -0.69181 ], [ 37.4796, -0.69154 ], [ 37.47955, -0.69133 ], [ 37.47943, -0.69112 ], [ 37.47935, -0.69092 ], [ 37.47913, -0.69066 ], [ 37.4791, -0.69063 ], [ 37.4791, -0.69063 ], [ 37.4788, -0.69024 ], [ 37.4787, -0.69011 ], [ 37.47866, -0.68978 ], [ 37.47864, -0.68965 ], [ 37.47856, -0.68963 ], [ 37.47851, -0.68951 ], [ 37.47835, -0.68943 ], [ 37.47812, -0.68939 ], [ 37.47763, -0.68942 ], [ 37.47755, -0.6894 ], [ 37.47739, -0.68932 ], [ 37.47737, -0.68926 ], [ 37.47735, -0.6892 ], [ 37.47738, -0.68891 ], [ 37.47739, -0.68885 ], [ 37.47741, -0.6887 ], [ 37.47743, -0.68846 ], [ 37.47743, -0.68846 ], [ 37.47743, -0.68846 ], [ 37.47743, -0.68841 ], [ 37.47743, -0.68837 ], [ 37.47742, -0.68822 ], [ 37.47729, -0.68795 ], [ 37.47714, -0.68783 ], [ 37.47695, -0.68782 ], [ 37.47685, -0.68782 ], [ 37.47675, -0.68776 ], [ 37.47626, -0.68776 ], [ 37.47624, -0.68776 ], [ 37.47585, -0.68789 ], [ 37.47569, -0.68788 ], [ 37.47544, -0.68748 ], [ 37.47544, -0.68718 ], [ 37.47544, -0.68691 ], [ 37.47553, -0.68658 ], [ 37.47551, -0.68629 ], [ 37.47549, -0.68607 ], [ 37.47541, -0.68588 ], [ 37.47538, -0.68583 ], [ 37.47536, -0.68575 ], [ 37.47524, -0.68531 ], [ 37.47524, -0.68529 ], [ 37.47523, -0.68526 ], [ 37.47521, -0.68518 ], [ 37.47516, -0.68499 ], [ 37.47509, -0.68473 ], [ 37.47509, -0.68463 ], [ 37.47513, -0.68437 ], [ 37.47509, -0.68428 ], [ 37.47509, -0.6841 ], [ 37.47521, -0.68375 ], [ 37.47521, -0.68372 ], [ 37.47524, -0.68325 ], [ 37.47526, -0.68318 ], [ 37.47528, -0.68311 ], [ 37.4753, -0.68281 ], [ 37.47528, -0.68261 ], [ 37.47526, -0.68258 ], [ 37.47526, -0.68236 ], [ 37.47526, -0.68232 ], [ 37.47509, -0.68225 ], [ 37.47504, -0.68211 ], [ 37.47495, -0.68196 ], [ 37.47484, -0.68174 ], [ 37.47484, -0.68171 ], [ 37.47532, -0.68129 ], [ 37.47532, -0.68129 ], [ 37.47549, -0.68123 ], [ 37.47581, -0.68113 ], [ 37.47588, -0.68112 ], [ 37.47595, -0.68107 ], [ 37.47621, -0.6809 ], [ 37.47664, -0.68066 ], [ 37.47703, -0.68044 ], [ 37.47756, -0.68014 ], [ 37.47745, -0.67972 ], [ 37.47751, -0.67963 ], [ 37.47743, -0.67935 ], [ 37.47731, -0.67917 ], [ 37.47731, -0.67917 ], [ 37.47721, -0.67865 ], [ 37.4772, -0.67856 ], [ 37.47716, -0.6783 ], [ 37.47717, -0.67826 ], [ 37.47719, -0.67823 ], [ 37.47761, -0.67797 ], [ 37.47761, -0.67781 ], [ 37.47761, -0.67734 ], [ 37.4776, -0.67722 ], [ 37.4776, -0.67714 ], [ 37.47759, -0.67713 ], [ 37.47759, -0.6771 ], [ 37.47756, -0.67682 ], [ 37.47716, -0.67625 ], [ 37.47715, -0.67624 ], [ 37.47712, -0.67604 ], [ 37.47708, -0.67579 ], [ 37.47708, -0.67567 ], [ 37.47708, -0.6755 ], [ 37.47714, -0.67532 ], [ 37.47714, -0.6753 ], [ 37.47727, -0.67499 ], [ 37.47756, -0.6743 ], [ 37.47756, -0.6743 ], [ 37.47766, -0.67411 ], [ 37.4778, -0.67394 ], [ 37.47793, -0.67375 ], [ 37.47811, -0.67354 ], [ 37.47814, -0.67329 ], [ 37.47824, -0.67312 ], [ 37.47824, -0.6731 ], [ 37.47824, -0.6731 ], [ 37.47847, -0.67275 ], [ 37.4785, -0.67264 ], [ 37.47861, -0.67216 ], [ 37.47885, -0.67214 ], [ 37.47898, -0.67214 ], [ 37.47916, -0.67214 ], [ 37.47925, -0.67205 ], [ 37.47913, -0.67178 ], [ 37.47891, -0.67152 ], [ 37.4788, -0.67136 ], [ 37.47871, -0.67078 ], [ 37.47864, -0.67029 ], [ 37.47863, -0.67028 ], [ 37.47872, -0.6699 ], [ 37.47846, -0.66984 ], [ 37.47835, -0.66977 ], [ 37.47819, -0.66949 ], [ 37.47809, -0.66943 ], [ 37.47789, -0.66929 ], [ 37.47783, -0.66915 ], [ 37.47776, -0.66889 ], [ 37.47768, -0.66867 ], [ 37.47762, -0.6685 ], [ 37.47753, -0.66819 ], [ 37.47742, -0.66806 ], [ 37.47728, -0.66802 ], [ 37.47727, -0.668 ], [ 37.47689, -0.66762 ], [ 37.47688, -0.66761 ], [ 37.47687, -0.6676 ], [ 37.47641, -0.66743 ], [ 37.47641, -0.66697 ], [ 37.47646, -0.66693 ], [ 37.47657, -0.66687 ], [ 37.47671, -0.66685 ], [ 37.47687, -0.66685 ], [ 37.47703, -0.66685 ], [ 37.47731, -0.66671 ], [ 37.4773, -0.66664 ], [ 37.47733, -0.66663 ], [ 37.47704, -0.66605 ], [ 37.47693, -0.66548 ], [ 37.47675, -0.66502 ], [ 37.47648, -0.66396 ], [ 37.47641, -0.6637 ], [ 37.4762, -0.66343 ], [ 37.47617, -0.66321 ], [ 37.47612, -0.66303 ], [ 37.47608, -0.66285 ], [ 37.47604, -0.66245 ], [ 37.47591, -0.66229 ], [ 37.4759, -0.6622 ], [ 37.47588, -0.6621 ], [ 37.47564, -0.66212 ], [ 37.47564, -0.66212 ], [ 37.47554, -0.66212 ], [ 37.47522, -0.66209 ], [ 37.47516, -0.66208 ], [ 37.47482, -0.66181 ], [ 37.47475, -0.66176 ], [ 37.47466, -0.66166 ], [ 37.47462, -0.66144 ], [ 37.47452, -0.66127 ], [ 37.47434, -0.66107 ], [ 37.47412, -0.66081 ], [ 37.47411, -0.6608 ], [ 37.47407, -0.66069 ], [ 37.47406, -0.66067 ], [ 37.47377, -0.6601 ], [ 37.47385, -0.65999 ], [ 37.4739, -0.65998 ], [ 37.47412, -0.65985 ], [ 37.47432, -0.65978 ], [ 37.47453, -0.65968 ], [ 37.47465, -0.65955 ], [ 37.47484, -0.65936 ], [ 37.47487, -0.65929 ], [ 37.47503, -0.65918 ], [ 37.47503, -0.65868 ], [ 37.47503, -0.65855 ], [ 37.4744, -0.65792 ], [ 37.47426, -0.65775 ], [ 37.47424, -0.65763 ], [ 37.47412, -0.65746 ], [ 37.47391, -0.65736 ], [ 37.47383, -0.65726 ], [ 37.47366, -0.65706 ], [ 37.47362, -0.65694 ], [ 37.47363, -0.6569 ], [ 37.47383, -0.6562 ], [ 37.47378, -0.65614 ], [ 37.47375, -0.65605 ], [ 37.47366, -0.65595 ], [ 37.47358, -0.6559 ], [ 37.47355, -0.65586 ], [ 37.47348, -0.65583 ], [ 37.47341, -0.65581 ], [ 37.4734, -0.6558 ], [ 37.47312, -0.65568 ], [ 37.47298, -0.6556 ], [ 37.47286, -0.65547 ], [ 37.47286, -0.65537 ], [ 37.47307, -0.655 ], [ 37.4732, -0.65477 ], [ 37.47322, -0.65446 ], [ 37.47341, -0.65417 ], [ 37.47328, -0.65392 ], [ 37.47326, -0.65375 ], [ 37.47326, -0.65334 ], [ 37.47346, -0.65285 ], [ 37.47366, -0.65236 ], [ 37.47337, -0.6519 ], [ 37.4732, -0.65158 ], [ 37.47319, -0.65141 ], [ 37.47316, -0.65123 ], [ 37.47316, -0.65107 ], [ 37.47316, -0.65099 ], [ 37.47349, -0.6507 ], [ 37.47353, -0.65056 ], [ 37.47355, -0.6505 ], [ 37.47362, -0.65044 ], [ 37.47379, -0.65021 ], [ 37.47377, -0.64981 ], [ 37.47377, -0.64978 ], [ 37.47395, -0.64938 ], [ 37.47412, -0.6492 ], [ 37.47439, -0.6489 ], [ 37.47448, -0.64882 ], [ 37.47466, -0.64872 ], [ 37.47467, -0.6487 ], [ 37.47476, -0.64856 ], [ 37.47476, -0.64839 ], [ 37.47476, -0.64828 ], [ 37.47486, -0.64807 ], [ 37.47492, -0.64749 ], [ 37.47517, -0.64707 ], [ 37.47526, -0.64692 ], [ 37.47584, -0.64646 ], [ 37.47606, -0.64598 ], [ 37.47608, -0.64596 ], [ 37.47616, -0.64581 ], [ 37.47625, -0.64559 ], [ 37.47628, -0.64544 ], [ 37.4763, -0.64529 ], [ 37.47634, -0.64508 ], [ 37.47635, -0.6449 ], [ 37.47639, -0.64475 ], [ 37.47646, -0.64442 ], [ 37.47651, -0.64438 ], [ 37.47667, -0.64431 ], [ 37.47675, -0.64428 ], [ 37.47698, -0.64417 ], [ 37.47707, -0.64388 ], [ 37.4771, -0.64382 ], [ 37.47714, -0.64368 ], [ 37.47725, -0.64353 ], [ 37.4773, -0.6435 ], [ 37.47736, -0.64346 ], [ 37.47754, -0.64338 ], [ 37.47774, -0.64332 ], [ 37.47793, -0.6432 ], [ 37.47834, -0.64299 ], [ 37.4785, -0.64288 ], [ 37.47872, -0.64279 ], [ 37.47881, -0.64268 ], [ 37.47892, -0.64251 ], [ 37.47907, -0.64233 ], [ 37.47918, -0.64216 ], [ 37.47921, -0.642 ], [ 37.47921, -0.6419 ], [ 37.47939, -0.64142 ], [ 37.47954, -0.64076 ], [ 37.47956, -0.64068 ], [ 37.47973, -0.64021 ], [ 37.47975, -0.64019 ], [ 37.47986, -0.63996 ], [ 37.47976, -0.63982 ], [ 37.47973, -0.63959 ], [ 37.47927, -0.63947 ], [ 37.47923, -0.63943 ], [ 37.47889, -0.63909 ], [ 37.47887, -0.63889 ], [ 37.47887, -0.63869 ], [ 37.47887, -0.63856 ], [ 37.47883, -0.63843 ], [ 37.47873, -0.63827 ], [ 37.47866, -0.63805 ], [ 37.47866, -0.63787 ], [ 37.47873, -0.63774 ], [ 37.47891, -0.63762 ], [ 37.47914, -0.63756 ], [ 37.4793, -0.63745 ], [ 37.47951, -0.63731 ], [ 37.47986, -0.63692 ], [ 37.48001, -0.63674 ], [ 37.48018, -0.63655 ], [ 37.48022, -0.63642 ], [ 37.48025, -0.63626 ], [ 37.48035, -0.63603 ], [ 37.48035, -0.63577 ], [ 37.48053, -0.63541 ], [ 37.48053, -0.63507 ], [ 37.48053, -0.63489 ], [ 37.48055, -0.63486 ], [ 37.48065, -0.63464 ], [ 37.48067, -0.63433 ], [ 37.48053, -0.63399 ], [ 37.48046, -0.63374 ], [ 37.48043, -0.63348 ], [ 37.48043, -0.63323 ], [ 37.48042, -0.63308 ], [ 37.48033, -0.63289 ], [ 37.4802, -0.63274 ], [ 37.48, -0.63259 ], [ 37.47989, -0.63244 ], [ 37.47986, -0.63216 ], [ 37.47989, -0.63193 ], [ 37.48007, -0.63182 ], [ 37.48017, -0.63172 ], [ 37.48032, -0.63156 ], [ 37.48042, -0.63144 ], [ 37.4806, -0.63136 ], [ 37.48089, -0.63108 ], [ 37.48111, -0.63098 ], [ 37.48132, -0.63088 ], [ 37.48143, -0.63078 ], [ 37.48157, -0.63052 ], [ 37.48157, -0.63031 ], [ 37.48157, -0.63031 ], [ 37.48157, -0.63031 ], [ 37.48157, -0.6303 ], [ 37.48157, -0.63026 ], [ 37.48154, -0.63018 ], [ 37.48149, -0.62997 ], [ 37.48139, -0.62956 ], [ 37.481, -0.62939 ], [ 37.48099, -0.62932 ], [ 37.48099, -0.62914 ], [ 37.48102, -0.62904 ], [ 37.48112, -0.6289 ], [ 37.48118, -0.62882 ], [ 37.4813, -0.62875 ], [ 37.48131, -0.62874 ], [ 37.48142, -0.62865 ], [ 37.48147, -0.62845 ], [ 37.48154, -0.62836 ], [ 37.4816, -0.62828 ], [ 37.48145, -0.6282 ], [ 37.48142, -0.62812 ], [ 37.48147, -0.62794 ], [ 37.48161, -0.62794 ], [ 37.48193, -0.62789 ], [ 37.48206, -0.62773 ], [ 37.48217, -0.62759 ], [ 37.48265, -0.62716 ], [ 37.48265, -0.62716 ], [ 37.48284, -0.62665 ], [ 37.48295, -0.62664 ], [ 37.48313, -0.62661 ], [ 37.48337, -0.62658 ], [ 37.48367, -0.62658 ], [ 37.48383, -0.62664 ], [ 37.48398, -0.62678 ], [ 37.48416, -0.62687 ], [ 37.48434, -0.62701 ], [ 37.48442, -0.62714 ], [ 37.48465, -0.62719 ], [ 37.48485, -0.62714 ], [ 37.4851, -0.62704 ], [ 37.48526, -0.62696 ], [ 37.48548, -0.62682 ], [ 37.48583, -0.62685 ], [ 37.48602, -0.62676 ], [ 37.48623, -0.62663 ], [ 37.48645, -0.62659 ], [ 37.48658, -0.62651 ], [ 37.48676, -0.62638 ], [ 37.48691, -0.62618 ], [ 37.48695, -0.62613 ], [ 37.48702, -0.62592 ], [ 37.4871, -0.62577 ], [ 37.48713, -0.62575 ], [ 37.48723, -0.62564 ], [ 37.48735, -0.62554 ], [ 37.48737, -0.62553 ], [ 37.48751, -0.62544 ], [ 37.4876, -0.62533 ], [ 37.48768, -0.62518 ], [ 37.48758, -0.62492 ], [ 37.48756, -0.62487 ], [ 37.48754, -0.62463 ], [ 37.48751, -0.62428 ], [ 37.48751, -0.62398 ], [ 37.48751, -0.62385 ], [ 37.48751, -0.62377 ], [ 37.48758, -0.62352 ], [ 37.48768, -0.62333 ], [ 37.48768, -0.62308 ], [ 37.48768, -0.62306 ], [ 37.48768, -0.62286 ], [ 37.4877, -0.6228 ], [ 37.4877, -0.62223 ], [ 37.4877, -0.62132 ], [ 37.4877, -0.62075 ], [ 37.4877, -0.62034 ], [ 37.4877, -0.61962 ], [ 37.48773, -0.61951 ], [ 37.48773, -0.61935 ], [ 37.48813, -0.61845 ], [ 37.48815, -0.61839 ], [ 37.48884, -0.61771 ], [ 37.48884, -0.61758 ], [ 37.48886, -0.61756 ], [ 37.48891, -0.61739 ], [ 37.48891, -0.6171 ], [ 37.48889, -0.61674 ], [ 37.48869, -0.61643 ], [ 37.48861, -0.6161 ], [ 37.48834, -0.6158 ], [ 37.48812, -0.61557 ], [ 37.48804, -0.61529 ], [ 37.48799, -0.61485 ], [ 37.48787, -0.61417 ], [ 37.48778, -0.61401 ], [ 37.48761, -0.61357 ], [ 37.48751, -0.61322 ], [ 37.48751, -0.61296 ], [ 37.48751, -0.6127 ], [ 37.48751, -0.61243 ], [ 37.48743, -0.61229 ], [ 37.4873, -0.6121 ], [ 37.48715, -0.61187 ], [ 37.48692, -0.61172 ], [ 37.48687, -0.61159 ], [ 37.48682, -0.61147 ], [ 37.48682, -0.61133 ], [ 37.48681, -0.61114 ], [ 37.48669, -0.61112 ], [ 37.48666, -0.61106 ], [ 37.48644, -0.61095 ], [ 37.48605, -0.61111 ], [ 37.48565, -0.61129 ], [ 37.48564, -0.61122 ], [ 37.48566, -0.611 ], [ 37.48579, -0.61077 ], [ 37.48587, -0.61063 ], [ 37.48587, -0.61043 ], [ 37.48582, -0.61038 ], [ 37.48586, -0.61032 ], [ 37.48546, -0.60969 ], [ 37.48493, -0.60925 ], [ 37.48449, -0.60889 ], [ 37.48413, -0.60841 ], [ 37.48413, -0.60823 ], [ 37.48416, -0.60792 ], [ 37.48416, -0.60769 ], [ 37.48405, -0.60744 ], [ 37.48375, -0.60725 ], [ 37.48367, -0.60687 ], [ 37.48363, -0.60671 ], [ 37.48341, -0.6064 ], [ 37.48359, -0.60631 ], [ 37.48385, -0.60614 ], [ 37.48405, -0.60603 ], [ 37.48419, -0.60593 ], [ 37.48426, -0.6058 ], [ 37.48426, -0.60555 ], [ 37.48419, -0.60547 ], [ 37.48414, -0.60533 ], [ 37.4838, -0.60533 ], [ 37.48323, -0.60556 ], [ 37.483, -0.60516 ], [ 37.48286, -0.60493 ], [ 37.48244, -0.60421 ], [ 37.48242, -0.60419 ], [ 37.48227, -0.60399 ], [ 37.48226, -0.60396 ], [ 37.48212, -0.60369 ], [ 37.48193, -0.60353 ], [ 37.48191, -0.60353 ], [ 37.48162, -0.60316 ], [ 37.48111, -0.60367 ], [ 37.48151, -0.60396 ], [ 37.48116, -0.60413 ], [ 37.48103, -0.60418 ], [ 37.48048, -0.60436 ], [ 37.47977, -0.60421 ], [ 37.47968, -0.60419 ], [ 37.47923, -0.60386 ], [ 37.47933, -0.60366 ], [ 37.47946, -0.60353 ], [ 37.47968, -0.6033 ], [ 37.47968, -0.6032 ], [ 37.47979, -0.6031 ], [ 37.47973, -0.60253 ], [ 37.47969, -0.60251 ], [ 37.47939, -0.60241 ], [ 37.47931, -0.60249 ], [ 37.47922, -0.60249 ], [ 37.47905, -0.60258 ], [ 37.47904, -0.60276 ], [ 37.47876, -0.60304 ], [ 37.47857, -0.60278 ], [ 37.47846, -0.60262 ], [ 37.47853, -0.60249 ], [ 37.47874, -0.60221 ], [ 37.47867, -0.60212 ], [ 37.47893, -0.60184 ], [ 37.47803, -0.60184 ], [ 37.47801, -0.60184 ], [ 37.47704, -0.60178 ], [ 37.47736, -0.60146 ], [ 37.47766, -0.60129 ], [ 37.47787, -0.60123 ], [ 37.47803, -0.60106 ], [ 37.47833, -0.60095 ], [ 37.47848, -0.60077 ], [ 37.47864, -0.60056 ], [ 37.4788, -0.60024 ], [ 37.47885, -0.59996 ], [ 37.47885, -0.59992 ], [ 37.47893, -0.59966 ], [ 37.47896, -0.59942 ], [ 37.47904, -0.59878 ], [ 37.47907, -0.59873 ], [ 37.4793, -0.59867 ], [ 37.47943, -0.59867 ], [ 37.4795, -0.5988 ], [ 37.47945, -0.59905 ], [ 37.47939, -0.59932 ], [ 37.47955, -0.59932 ], [ 37.47956, -0.59954 ], [ 37.47982, -0.59937 ], [ 37.47991, -0.59916 ], [ 37.47991, -0.59914 ], [ 37.47999, -0.59895 ], [ 37.48, -0.59868 ], [ 37.47996, -0.5985 ], [ 37.48002, -0.59823 ], [ 37.47956, -0.59754 ], [ 37.47945, -0.59753 ], [ 37.47907, -0.59746 ], [ 37.47888, -0.59743 ], [ 37.47887, -0.59743 ], [ 37.47888, -0.59741 ], [ 37.4791, -0.5968 ], [ 37.48266, -0.59403 ], [ 37.4919, -0.58698 ], [ 37.49351, -0.58575 ], [ 37.49507, -0.58455 ], [ 37.49517, -0.58448 ], [ 37.49921, -0.58139 ], [ 37.50242, -0.57795 ], [ 37.50916, -0.56953 ], [ 37.50998, -0.5685 ], [ 37.51004, -0.5685 ], [ 37.5101, -0.5685 ], [ 37.51015, -0.5685 ], [ 37.51021, -0.5685 ], [ 37.51027, -0.5685 ], [ 37.51032, -0.5685 ], [ 37.51038, -0.5685 ], [ 37.51044, -0.5685 ], [ 37.5105, -0.5685 ], [ 37.51055, -0.5685 ], [ 37.51061, -0.5685 ], [ 37.51067, -0.5685 ], [ 37.51073, -0.5685 ], [ 37.51078, -0.5685 ], [ 37.51084, -0.5685 ], [ 37.5109, -0.5685 ], [ 37.51095, -0.5685 ], [ 37.51101, -0.56844 ], [ 37.51107, -0.56844 ], [ 37.51113, -0.56844 ], [ 37.51118, -0.56844 ], [ 37.51124, -0.56839 ], [ 37.5113, -0.56833 ], [ 37.51141, -0.56827 ], [ 37.51147, -0.56827 ], [ 37.51153, -0.56827 ], [ 37.51153, -0.56821 ], [ 37.51158, -0.56821 ], [ 37.51164, -0.56816 ], [ 37.5117, -0.56816 ], [ 37.51181, -0.5681 ], [ 37.51187, -0.56804 ], [ 37.51199, -0.56799 ], [ 37.51204, -0.56799 ], [ 37.51204, -0.56793 ], [ 37.5121, -0.56793 ], [ 37.5121, -0.56787 ], [ 37.51216, -0.56787 ], [ 37.51221, -0.56787 ], [ 37.51227, -0.56781 ], [ 37.51233, -0.56781 ], [ 37.51239, -0.56781 ], [ 37.51244, -0.56781 ], [ 37.51244, -0.56776 ], [ 37.5125, -0.56776 ], [ 37.51256, -0.56776 ], [ 37.51262, -0.56776 ], [ 37.51264, -0.56776 ], [ 37.51267, -0.56776 ], [ 37.51279, -0.5677 ], [ 37.5129, -0.5677 ], [ 37.51296, -0.56764 ], [ 37.51302, -0.56764 ], [ 37.51307, -0.56764 ], [ 37.51313, -0.56764 ], [ 37.51325, -0.56764 ], [ 37.5133, -0.56764 ], [ 37.51336, -0.56764 ], [ 37.51336, -0.56758 ], [ 37.51342, -0.56758 ], [ 37.51353, -0.56758 ], [ 37.51376, -0.56758 ], [ 37.51411, -0.56758 ], [ 37.51422, -0.56758 ], [ 37.51428, -0.56758 ], [ 37.51433, -0.56758 ], [ 37.51445, -0.56758 ], [ 37.51445, -0.56753 ], [ 37.51451, -0.56753 ], [ 37.51456, -0.56753 ], [ 37.51462, -0.56753 ], [ 37.51468, -0.56753 ], [ 37.51474, -0.56753 ], [ 37.51479, -0.56741 ], [ 37.51502, -0.56736 ], [ 37.51508, -0.56736 ], [ 37.51514, -0.56736 ], [ 37.51519, -0.56736 ], [ 37.51525, -0.56736 ], [ 37.51531, -0.56736 ], [ 37.51537, -0.56736 ], [ 37.51588, -0.56724 ], [ 37.51594, -0.56724 ], [ 37.516, -0.56724 ], [ 37.51611, -0.56724 ], [ 37.51617, -0.56724 ], [ 37.51622, -0.56724 ], [ 37.51628, -0.56724 ], [ 37.51645, -0.56724 ], [ 37.51663, -0.56724 ], [ 37.51668, -0.56724 ], [ 37.51674, -0.56724 ], [ 37.5168, -0.56724 ], [ 37.51686, -0.56724 ], [ 37.51691, -0.56724 ], [ 37.51697, -0.56724 ], [ 37.51708, -0.56724 ], [ 37.5172, -0.56718 ], [ 37.51731, -0.56718 ], [ 37.51737, -0.56718 ], [ 37.51743, -0.56718 ], [ 37.51749, -0.56718 ], [ 37.51754, -0.56718 ], [ 37.5176, -0.56718 ], [ 37.51766, -0.56718 ], [ 37.51771, -0.56718 ], [ 37.51777, -0.56718 ], [ 37.51783, -0.56718 ], [ 37.51789, -0.56724 ], [ 37.51794, -0.56724 ], [ 37.518, -0.5673 ], [ 37.51806, -0.5673 ], [ 37.51812, -0.56736 ], [ 37.51817, -0.56736 ], [ 37.51823, -0.56736 ], [ 37.51823, -0.56741 ], [ 37.51829, -0.56741 ], [ 37.51834, -0.56741 ], [ 37.5184, -0.56741 ], [ 37.51846, -0.56741 ], [ 37.51846, -0.56747 ], [ 37.51852, -0.56747 ], [ 37.51852, -0.56753 ], [ 37.51857, -0.56753 ], [ 37.51863, -0.56758 ], [ 37.51869, -0.5677 ], [ 37.51875, -0.5677 ], [ 37.51875, -0.56776 ], [ 37.51875, -0.56781 ], [ 37.51875, -0.56787 ], [ 37.51875, -0.56793 ], [ 37.5188, -0.56799 ], [ 37.5188, -0.56804 ], [ 37.51886, -0.56804 ], [ 37.51886, -0.56806 ], [ 37.51886, -0.5681 ], [ 37.51892, -0.5681 ], [ 37.51897, -0.56816 ], [ 37.51903, -0.56827 ], [ 37.51909, -0.56827 ], [ 37.51915, -0.56833 ], [ 37.51915, -0.56839 ], [ 37.5192, -0.56839 ], [ 37.51926, -0.56844 ], [ 37.51932, -0.56844 ], [ 37.51938, -0.56844 ], [ 37.51943, -0.56844 ], [ 37.51949, -0.56844 ], [ 37.51955, -0.56844 ], [ 37.5196, -0.56844 ], [ 37.51966, -0.56844 ], [ 37.51972, -0.56844 ], [ 37.51978, -0.56844 ], [ 37.51983, -0.56844 ], [ 37.51989, -0.56844 ], [ 37.51995, -0.56844 ], [ 37.52001, -0.56844 ], [ 37.52018, -0.5685 ], [ 37.52024, -0.5685 ], [ 37.52029, -0.5685 ], [ 37.52035, -0.5685 ], [ 37.52041, -0.5685 ], [ 37.52046, -0.5685 ], [ 37.52046, -0.56856 ], [ 37.52052, -0.56856 ], [ 37.52058, -0.56862 ], [ 37.52064, -0.56862 ], [ 37.52069, -0.56862 ], [ 37.52075, -0.56867 ], [ 37.52075, -0.56873 ], [ 37.52087, -0.56879 ], [ 37.52104, -0.56902 ], [ 37.52109, -0.56902 ], [ 37.52115, -0.56907 ], [ 37.52115, -0.56913 ], [ 37.52121, -0.56913 ], [ 37.52121, -0.56919 ], [ 37.52127, -0.56919 ], [ 37.52132, -0.56925 ], [ 37.52132, -0.5693 ], [ 37.52132, -0.56936 ], [ 37.52132, -0.56942 ], [ 37.52138, -0.56948 ], [ 37.52138, -0.56953 ], [ 37.52144, -0.56959 ], [ 37.5215, -0.56965 ], [ 37.5215, -0.5697 ], [ 37.5215, -0.56976 ], [ 37.52155, -0.56982 ], [ 37.52155, -0.56988 ], [ 37.52155, -0.56993 ], [ 37.52155, -0.56999 ], [ 37.52155, -0.57005 ], [ 37.52158, -0.57005 ], [ 37.52161, -0.57005 ], [ 37.52161, -0.56999 ], [ 37.52167, -0.56999 ], [ 37.52172, -0.56993 ], [ 37.52184, -0.56993 ], [ 37.52195, -0.56988 ], [ 37.52207, -0.56988 ], [ 37.52213, -0.56988 ], [ 37.52216, -0.56988 ], [ 37.52218, -0.56988 ], [ 37.52224, -0.56988 ], [ 37.5223, -0.56988 ], [ 37.52247, -0.56982 ], [ 37.52264, -0.56976 ], [ 37.52276, -0.56976 ], [ 37.52281, -0.56976 ], [ 37.52287, -0.56976 ], [ 37.52293, -0.56976 ], [ 37.52298, -0.56976 ], [ 37.52304, -0.56976 ], [ 37.5231, -0.56976 ], [ 37.52316, -0.56976 ], [ 37.52321, -0.56976 ], [ 37.52327, -0.5697 ], [ 37.52333, -0.5697 ], [ 37.52339, -0.56965 ], [ 37.52344, -0.56959 ], [ 37.5235, -0.56959 ], [ 37.52356, -0.56959 ], [ 37.52356, -0.56953 ], [ 37.52362, -0.56953 ], [ 37.52367, -0.56948 ], [ 37.52373, -0.56948 ], [ 37.52379, -0.56942 ], [ 37.52384, -0.56936 ], [ 37.5239, -0.5693 ], [ 37.52396, -0.56925 ], [ 37.52407, -0.56919 ], [ 37.52407, -0.56913 ], [ 37.52413, -0.56907 ], [ 37.52425, -0.56902 ], [ 37.52436, -0.56902 ], [ 37.52436, -0.56896 ], [ 37.52442, -0.56896 ], [ 37.52447, -0.56896 ], [ 37.52453, -0.56896 ], [ 37.52459, -0.56896 ], [ 37.52459, -0.5689 ], [ 37.52465, -0.5689 ], [ 37.5247, -0.56885 ], [ 37.52476, -0.56879 ], [ 37.52482, -0.56879 ], [ 37.52488, -0.56873 ], [ 37.52488, -0.56867 ], [ 37.52493, -0.56867 ], [ 37.52499, -0.56867 ], [ 37.52499, -0.56862 ], [ 37.52505, -0.56856 ], [ 37.5251, -0.56856 ], [ 37.52516, -0.56856 ], [ 37.52522, -0.56856 ], [ 37.52528, -0.56856 ], [ 37.52533, -0.56856 ], [ 37.52539, -0.56856 ], [ 37.52545, -0.56856 ], [ 37.52551, -0.56856 ], [ 37.52556, -0.56856 ], [ 37.52568, -0.5685 ], [ 37.52573, -0.56856 ], [ 37.52579, -0.56856 ], [ 37.52585, -0.56856 ], [ 37.52586, -0.56856 ], [ 37.52591, -0.56856 ], [ 37.52596, -0.5685 ], [ 37.52602, -0.5685 ], [ 37.52608, -0.5685 ], [ 37.52614, -0.5685 ], [ 37.52614, -0.56849 ], [ 37.52619, -0.56844 ], [ 37.52619, -0.56839 ], [ 37.52625, -0.56839 ], [ 37.52631, -0.56839 ], [ 37.52636, -0.56839 ], [ 37.52636, -0.56833 ], [ 37.52641, -0.56829 ], [ 37.52642, -0.56827 ], [ 37.52648, -0.56827 ], [ 37.52648, -0.56821 ], [ 37.52654, -0.56821 ], [ 37.52659, -0.56821 ], [ 37.52665, -0.56821 ], [ 37.52671, -0.56821 ], [ 37.52671, -0.56816 ], [ 37.52677, -0.5681 ], [ 37.52682, -0.5681 ], [ 37.52682, -0.56804 ], [ 37.52688, -0.56804 ], [ 37.52688, -0.56799 ], [ 37.52694, -0.56799 ], [ 37.527, -0.56793 ], [ 37.52705, -0.56793 ], [ 37.52705, -0.56787 ], [ 37.52711, -0.56787 ], [ 37.52717, -0.56787 ], [ 37.52717, -0.56781 ], [ 37.52722, -0.56776 ], [ 37.52728, -0.56776 ], [ 37.52728, -0.5677 ], [ 37.52734, -0.5677 ], [ 37.5274, -0.56764 ], [ 37.52745, -0.56758 ], [ 37.52751, -0.56758 ], [ 37.52757, -0.56758 ], [ 37.52763, -0.56758 ], [ 37.52763, -0.56753 ], [ 37.52768, -0.56753 ], [ 37.52774, -0.56747 ], [ 37.5278, -0.56741 ], [ 37.5278, -0.56736 ], [ 37.52785, -0.56736 ], [ 37.52791, -0.5673 ], [ 37.52797, -0.56724 ], [ 37.52803, -0.56718 ], [ 37.52803, -0.56713 ], [ 37.52808, -0.56713 ], [ 37.52808, -0.56707 ], [ 37.52814, -0.56707 ], [ 37.52814, -0.56701 ], [ 37.5282, -0.56701 ], [ 37.52826, -0.56701 ], [ 37.52831, -0.56701 ], [ 37.52831, -0.56695 ], [ 37.52837, -0.56695 ], [ 37.52843, -0.56695 ], [ 37.52848, -0.56695 ], [ 37.52854, -0.5669 ], [ 37.5286, -0.5669 ], [ 37.52866, -0.5669 ], [ 37.52871, -0.5669 ], [ 37.52877, -0.5669 ], [ 37.52883, -0.5669 ], [ 37.52889, -0.5669 ], [ 37.52894, -0.5669 ], [ 37.52895, -0.5669 ], [ 37.52896, -0.5669 ], [ 37.52896, -0.5669 ], [ 37.529, -0.5669 ], [ 37.529, -0.56692 ], [ 37.52903, -0.56694 ], [ 37.52906, -0.56695 ], [ 37.52911, -0.56695 ], [ 37.52917, -0.56695 ], [ 37.52923, -0.5669 ], [ 37.52929, -0.5669 ], [ 37.52934, -0.5669 ], [ 37.5294, -0.5669 ], [ 37.5294, -0.56684 ], [ 37.5294, -0.56678 ], [ 37.52946, -0.56678 ], [ 37.52946, -0.56673 ], [ 37.52952, -0.56673 ], [ 37.52952, -0.56667 ], [ 37.52957, -0.56667 ], [ 37.52963, -0.56667 ], [ 37.52963, -0.56661 ], [ 37.52969, -0.56655 ], [ 37.52974, -0.56655 ], [ 37.52979, -0.56655 ], [ 37.5298, -0.56655 ], [ 37.52986, -0.5665 ], [ 37.52992, -0.5665 ], [ 37.52997, -0.5665 ], [ 37.53003, -0.56644 ], [ 37.53009, -0.56638 ], [ 37.53015, -0.56632 ], [ 37.5302, -0.56627 ], [ 37.53026, -0.56627 ], [ 37.53026, -0.56621 ], [ 37.53038, -0.56615 ], [ 37.53043, -0.56615 ], [ 37.53043, -0.5661 ], [ 37.53049, -0.5661 ], [ 37.53055, -0.5661 ], [ 37.5306, -0.5661 ], [ 37.53066, -0.5661 ], [ 37.53072, -0.5661 ], [ 37.53078, -0.5661 ], [ 37.53083, -0.5661 ], [ 37.53083, -0.56609 ], [ 37.53083, -0.56604 ], [ 37.53083, -0.56598 ], [ 37.53089, -0.56592 ], [ 37.53095, -0.56592 ], [ 37.53095, -0.56587 ], [ 37.53101, -0.56581 ], [ 37.53101, -0.56579 ], [ 37.53101, -0.56575 ], [ 37.53106, -0.56575 ], [ 37.53106, -0.56575 ], [ 37.53106, -0.56575 ], [ 37.53106, -0.56569 ], [ 37.53112, -0.56569 ], [ 37.53118, -0.56564 ], [ 37.53118, -0.56552 ], [ 37.53123, -0.56552 ], [ 37.53129, -0.56547 ], [ 37.53129, -0.56541 ], [ 37.53135, -0.56541 ], [ 37.53135, -0.56535 ], [ 37.53146, -0.56535 ], [ 37.53152, -0.56535 ], [ 37.53158, -0.56529 ], [ 37.53164, -0.56529 ], [ 37.53169, -0.56529 ], [ 37.53175, -0.56524 ], [ 37.53181, -0.56524 ], [ 37.53186, -0.56524 ], [ 37.53192, -0.56524 ], [ 37.53198, -0.56524 ], [ 37.53204, -0.56524 ], [ 37.53209, -0.56524 ], [ 37.53215, -0.56524 ], [ 37.53221, -0.56524 ], [ 37.53227, -0.56518 ], [ 37.53232, -0.56518 ], [ 37.53238, -0.56518 ], [ 37.53244, -0.56518 ], [ 37.53249, -0.56512 ], [ 37.53255, -0.56512 ], [ 37.53261, -0.56512 ], [ 37.53267, -0.56506 ], [ 37.53272, -0.56506 ], [ 37.53278, -0.56506 ], [ 37.53284, -0.56506 ], [ 37.53284, -0.56501 ], [ 37.5329, -0.56501 ], [ 37.53295, -0.56501 ], [ 37.53301, -0.56501 ], [ 37.53307, -0.56501 ], [ 37.53318, -0.56501 ], [ 37.53324, -0.56501 ], [ 37.5333, -0.56501 ], [ 37.53335, -0.56501 ], [ 37.53341, -0.56501 ], [ 37.53347, -0.56501 ], [ 37.53353, -0.56501 ], [ 37.53358, -0.56501 ], [ 37.53363, -0.56496 ], [ 37.53364, -0.56495 ], [ 37.53364, -0.56495 ], [ 37.53364, -0.56489 ], [ 37.53364, -0.56484 ], [ 37.53364, -0.56478 ], [ 37.53364, -0.56472 ], [ 37.53364, -0.56466 ], [ 37.53364, -0.56462 ], [ 37.53364, -0.56461 ], [ 37.5337, -0.56455 ], [ 37.5337, -0.56449 ], [ 37.5337, -0.56443 ], [ 37.5337, -0.56443 ], [ 37.5337, -0.56438 ], [ 37.5337, -0.56432 ], [ 37.5337, -0.56426 ], [ 37.5337, -0.56415 ], [ 37.5337, -0.56409 ], [ 37.5337, -0.56403 ], [ 37.5337, -0.56403 ], [ 37.5337, -0.56398 ], [ 37.5337, -0.56392 ], [ 37.5337, -0.56386 ], [ 37.5337, -0.5638 ], [ 37.5337, -0.56375 ], [ 37.5337, -0.56369 ], [ 37.5337, -0.56363 ], [ 37.53376, -0.56363 ], [ 37.53376, -0.56358 ], [ 37.53381, -0.56358 ], [ 37.53387, -0.56352 ], [ 37.53393, -0.56352 ], [ 37.53393, -0.56346 ], [ 37.53393, -0.5634 ], [ 37.53398, -0.5634 ], [ 37.53398, -0.56339 ], [ 37.53398, -0.56335 ], [ 37.53404, -0.56335 ], [ 37.53404, -0.56329 ], [ 37.53404, -0.56328 ], [ 37.53404, -0.56323 ], [ 37.53404, -0.56317 ], [ 37.53404, -0.56312 ], [ 37.53404, -0.56306 ], [ 37.53404, -0.563 ], [ 37.53404, -0.56294 ], [ 37.53404, -0.56289 ], [ 37.53404, -0.56283 ], [ 37.53404, -0.56277 ], [ 37.53404, -0.56272 ], [ 37.53404, -0.56266 ], [ 37.53404, -0.5626 ], [ 37.53398, -0.5626 ], [ 37.53398, -0.56254 ], [ 37.53393, -0.56254 ], [ 37.53393, -0.56249 ], [ 37.53398, -0.56243 ], [ 37.53404, -0.56243 ], [ 37.53404, -0.56237 ], [ 37.5341, -0.56237 ], [ 37.53416, -0.56231 ], [ 37.53421, -0.56231 ], [ 37.53427, -0.56231 ], [ 37.53433, -0.56231 ], [ 37.53439, -0.56231 ], [ 37.53444, -0.56231 ], [ 37.5345, -0.56231 ], [ 37.53456, -0.56231 ], [ 37.53461, -0.56231 ], [ 37.53467, -0.56231 ], [ 37.53473, -0.56231 ], [ 37.53479, -0.56226 ], [ 37.53484, -0.56226 ], [ 37.53484, -0.5622 ], [ 37.53484, -0.56214 ], [ 37.53484, -0.56209 ], [ 37.53484, -0.56203 ], [ 37.53484, -0.56197 ], [ 37.53484, -0.56193 ], [ 37.53484, -0.56191 ], [ 37.53484, -0.56186 ], [ 37.5348, -0.56186 ], [ 37.53479, -0.56186 ], [ 37.53473, -0.56186 ], [ 37.53467, -0.56186 ], [ 37.53461, -0.56186 ], [ 37.53459, -0.56186 ], [ 37.53456, -0.56186 ], [ 37.5345, -0.56186 ], [ 37.53444, -0.56186 ], [ 37.53439, -0.56186 ], [ 37.53433, -0.56186 ], [ 37.53427, -0.56186 ], [ 37.53427, -0.5618 ], [ 37.53421, -0.5618 ], [ 37.53421, -0.56174 ], [ 37.53416, -0.56174 ], [ 37.5341, -0.56168 ], [ 37.5341, -0.56163 ], [ 37.5341, -0.56157 ], [ 37.5341, -0.56151 ], [ 37.5341, -0.56146 ], [ 37.5341, -0.5614 ], [ 37.5341, -0.56134 ], [ 37.5341, -0.56128 ], [ 37.5341, -0.56123 ], [ 37.5341, -0.56117 ], [ 37.5341, -0.56111 ], [ 37.53404, -0.56111 ], [ 37.53404, -0.56105 ], [ 37.53404, -0.561 ], [ 37.53398, -0.56094 ], [ 37.53398, -0.56088 ], [ 37.53398, -0.56083 ], [ 37.53398, -0.56077 ], [ 37.53398, -0.56071 ], [ 37.53398, -0.5606 ], [ 37.53398, -0.56054 ], [ 37.53398, -0.56048 ], [ 37.53398, -0.56042 ], [ 37.53398, -0.56037 ], [ 37.53398, -0.56031 ], [ 37.53398, -0.56025 ], [ 37.53398, -0.5602 ], [ 37.53398, -0.56014 ], [ 37.53398, -0.56008 ], [ 37.53398, -0.56002 ], [ 37.53398, -0.55997 ], [ 37.53398, -0.55993 ], [ 37.53398, -0.55991 ], [ 37.53398, -0.55985 ], [ 37.53398, -0.55979 ], [ 37.53398, -0.55968 ], [ 37.53398, -0.55962 ], [ 37.53398, -0.55957 ], [ 37.53398, -0.55951 ], [ 37.53398, -0.55945 ], [ 37.53398, -0.55939 ], [ 37.53398, -0.55934 ], [ 37.53398, -0.55928 ], [ 37.53398, -0.55922 ], [ 37.53398, -0.55916 ], [ 37.53398, -0.55911 ], [ 37.53398, -0.55905 ], [ 37.53393, -0.55899 ], [ 37.53393, -0.55894 ], [ 37.53393, -0.55888 ], [ 37.53393, -0.55882 ], [ 37.53393, -0.55876 ], [ 37.53393, -0.55871 ], [ 37.53387, -0.55871 ], [ 37.53381, -0.55859 ], [ 37.5337, -0.55853 ], [ 37.53364, -0.55842 ], [ 37.53364, -0.55836 ], [ 37.53358, -0.55836 ], [ 37.53358, -0.55831 ], [ 37.53353, -0.55831 ], [ 37.53347, -0.55831 ], [ 37.53347, -0.55825 ], [ 37.53347, -0.55819 ], [ 37.53347, -0.55813 ], [ 37.53347, -0.55808 ], [ 37.53341, -0.55802 ], [ 37.53341, -0.55796 ], [ 37.53341, -0.5579 ], [ 37.53341, -0.55785 ], [ 37.53341, -0.55779 ], [ 37.53341, -0.55773 ], [ 37.53341, -0.55772 ], [ 37.53341, -0.55768 ], [ 37.53341, -0.55762 ], [ 37.53341, -0.55756 ], [ 37.53341, -0.55755 ], [ 37.53341, -0.5575 ], [ 37.53335, -0.55745 ], [ 37.53334, -0.55743 ], [ 37.53324, -0.55733 ], [ 37.53318, -0.55722 ], [ 37.53318, -0.55719 ], [ 37.53317, -0.55718 ], [ 37.53314, -0.55716 ], [ 37.53312, -0.55716 ], [ 37.53312, -0.55715 ], [ 37.533, -0.5571 ], [ 37.5329, -0.55705 ], [ 37.5329, -0.55704 ], [ 37.5329, -0.55704 ], [ 37.53284, -0.55704 ], [ 37.53284, -0.55699 ], [ 37.53278, -0.55699 ], [ 37.53272, -0.55699 ], [ 37.53267, -0.55699 ], [ 37.53261, -0.55699 ], [ 37.53261, -0.55693 ], [ 37.53255, -0.55693 ], [ 37.53255, -0.55687 ], [ 37.53255, -0.55682 ], [ 37.53255, -0.55676 ], [ 37.53255, -0.5567 ], [ 37.53255, -0.55664 ], [ 37.53261, -0.55664 ], [ 37.53261, -0.55659 ], [ 37.53267, -0.55653 ], [ 37.53272, -0.55653 ], [ 37.53277, -0.55648 ], [ 37.53288, -0.55617 ], [ 37.53292, -0.55605 ], [ 37.53295, -0.55597 ], [ 37.53295, -0.55596 ], [ 37.53295, -0.5559 ], [ 37.53295, -0.55578 ], [ 37.53295, -0.55573 ], [ 37.53295, -0.55567 ], [ 37.53295, -0.55561 ], [ 37.53295, -0.55556 ], [ 37.53295, -0.5555 ], [ 37.53295, -0.55544 ], [ 37.53295, -0.55538 ], [ 37.53295, -0.55533 ], [ 37.53295, -0.55527 ], [ 37.53295, -0.55521 ], [ 37.53295, -0.55515 ], [ 37.53295, -0.5551 ], [ 37.53295, -0.55504 ], [ 37.53295, -0.55498 ], [ 37.5329, -0.55498 ], [ 37.5329, -0.55493 ], [ 37.53284, -0.55493 ], [ 37.53284, -0.55487 ], [ 37.53284, -0.55481 ], [ 37.53284, -0.55475 ], [ 37.53284, -0.5547 ], [ 37.53284, -0.55464 ], [ 37.53284, -0.55458 ], [ 37.53278, -0.55458 ], [ 37.53278, -0.55447 ], [ 37.53272, -0.55441 ], [ 37.53267, -0.55435 ], [ 37.53261, -0.5543 ], [ 37.53261, -0.55424 ], [ 37.53261, -0.55418 ], [ 37.53261, -0.55412 ], [ 37.53261, -0.55407 ], [ 37.53261, -0.55401 ], [ 37.53261, -0.55395 ], [ 37.53261, -0.55389 ], [ 37.53261, -0.55384 ], [ 37.53261, -0.55378 ], [ 37.53261, -0.55372 ], [ 37.53261, -0.55367 ], [ 37.53261, -0.55361 ], [ 37.53261, -0.55355 ], [ 37.53261, -0.55349 ], [ 37.53261, -0.55344 ], [ 37.53261, -0.55338 ], [ 37.53261, -0.55332 ], [ 37.53261, -0.55326 ], [ 37.53261, -0.55321 ], [ 37.53267, -0.55321 ], [ 37.53267, -0.55315 ], [ 37.53272, -0.55315 ], [ 37.53272, -0.55309 ], [ 37.53278, -0.55304 ], [ 37.53284, -0.55304 ], [ 37.53284, -0.55298 ], [ 37.5329, -0.55292 ], [ 37.53295, -0.55292 ], [ 37.53295, -0.55286 ], [ 37.53301, -0.55286 ], [ 37.53307, -0.55286 ], [ 37.53307, -0.55281 ], [ 37.53312, -0.55275 ], [ 37.53312, -0.55269 ], [ 37.53318, -0.55269 ], [ 37.53318, -0.55263 ], [ 37.53324, -0.55263 ], [ 37.53324, -0.55258 ], [ 37.5333, -0.55258 ], [ 37.53335, -0.55252 ], [ 37.53341, -0.55252 ], [ 37.53347, -0.55252 ], [ 37.53353, -0.55252 ], [ 37.53366, -0.55241 ], [ 37.53379, -0.55224 ], [ 37.53386, -0.55217 ], [ 37.53404, -0.55201 ], [ 37.53404, -0.552 ], [ 37.53404, -0.552 ], [ 37.53404, -0.55195 ], [ 37.5341, -0.55189 ], [ 37.53416, -0.55189 ], [ 37.53421, -0.55189 ], [ 37.53424, -0.55189 ], [ 37.53426, -0.55188 ], [ 37.53427, -0.55187 ], [ 37.53427, -0.55183 ], [ 37.53433, -0.55183 ], [ 37.53434, -0.55183 ], [ 37.53439, -0.55181 ], [ 37.53464, -0.55169 ], [ 37.53479, -0.55141 ], [ 37.5348, -0.55137 ], [ 37.53494, -0.55101 ], [ 37.53496, -0.55098 ], [ 37.53496, -0.55097 ], [ 37.53496, -0.55092 ], [ 37.53496, -0.55086 ], [ 37.53496, -0.5508 ], [ 37.53502, -0.5508 ], [ 37.53502, -0.55074 ], [ 37.53507, -0.55069 ], [ 37.53513, -0.55069 ], [ 37.53513, -0.55063 ], [ 37.53519, -0.55063 ], [ 37.53519, -0.55057 ], [ 37.53524, -0.55057 ], [ 37.53525, -0.55057 ], [ 37.53527, -0.55054 ], [ 37.5353, -0.55049 ], [ 37.5353, -0.55046 ], [ 37.5353, -0.5504 ], [ 37.53536, -0.5504 ], [ 37.53536, -0.55034 ], [ 37.53536, -0.55029 ], [ 37.53536, -0.55023 ], [ 37.53536, -0.55017 ], [ 37.53536, -0.55011 ], [ 37.53536, -0.55006 ], [ 37.53542, -0.55006 ], [ 37.53542, -0.55 ], [ 37.53547, -0.55 ], [ 37.53547, -0.54994 ], [ 37.53547, -0.54988 ], [ 37.53553, -0.54988 ], [ 37.53553, -0.54983 ], [ 37.53559, -0.54983 ], [ 37.53559, -0.54977 ], [ 37.53565, -0.54977 ], [ 37.5357, -0.54977 ], [ 37.5357, -0.54971 ], [ 37.53576, -0.54971 ], [ 37.53582, -0.54971 ], [ 37.53582, -0.54966 ], [ 37.53587, -0.54966 ], [ 37.53593, -0.5496 ], [ 37.53593, -0.54954 ], [ 37.53599, -0.54954 ], [ 37.53605, -0.54954 ], [ 37.53605, -0.54948 ], [ 37.5361, -0.54948 ], [ 37.5361, -0.54943 ], [ 37.53616, -0.54943 ], [ 37.53616, -0.54937 ], [ 37.53622, -0.54937 ], [ 37.53628, -0.54937 ], [ 37.53633, -0.54931 ], [ 37.53639, -0.54931 ], [ 37.53645, -0.54925 ], [ 37.5365, -0.54925 ], [ 37.53656, -0.5492 ], [ 37.53656, -0.54914 ], [ 37.53662, -0.54914 ], [ 37.53668, -0.54914 ], [ 37.53668, -0.54908 ], [ 37.53673, -0.54903 ], [ 37.53679, -0.54903 ], [ 37.53679, -0.54897 ], [ 37.53685, -0.54897 ], [ 37.53691, -0.54897 ], [ 37.53696, -0.54897 ], [ 37.53702, -0.54891 ], [ 37.53708, -0.54891 ], [ 37.53708, -0.54885 ], [ 37.53714, -0.54885 ], [ 37.53714, -0.5488 ], [ 37.53719, -0.5488 ], [ 37.53725, -0.54874 ], [ 37.53731, -0.54874 ], [ 37.53731, -0.54868 ], [ 37.53736, -0.54868 ], [ 37.53742, -0.54868 ], [ 37.53748, -0.54862 ], [ 37.53748, -0.54857 ], [ 37.53754, -0.54857 ], [ 37.53754, -0.54851 ], [ 37.53759, -0.54845 ], [ 37.53759, -0.5484 ], [ 37.53765, -0.54834 ], [ 37.53771, -0.54828 ], [ 37.53777, -0.54828 ], [ 37.53777, -0.54822 ], [ 37.53782, -0.54811 ], [ 37.53788, -0.54811 ], [ 37.53788, -0.54799 ], [ 37.53794, -0.54799 ], [ 37.53799, -0.54794 ], [ 37.53799, -0.54788 ], [ 37.53805, -0.54788 ], [ 37.53811, -0.54782 ], [ 37.53817, -0.54782 ], [ 37.53822, -0.54782 ], [ 37.53822, -0.54777 ], [ 37.53828, -0.54777 ], [ 37.53834, -0.54771 ], [ 37.53834, -0.54765 ], [ 37.5384, -0.54765 ], [ 37.53845, -0.54754 ], [ 37.53851, -0.54748 ], [ 37.53857, -0.54748 ], [ 37.53862, -0.54742 ], [ 37.53868, -0.54731 ], [ 37.53874, -0.54731 ], [ 37.53874, -0.54725 ], [ 37.5388, -0.54719 ], [ 37.5388, -0.54714 ], [ 37.53885, -0.54714 ], [ 37.53885, -0.54708 ], [ 37.53891, -0.54708 ], [ 37.53897, -0.54708 ], [ 37.53897, -0.54702 ], [ 37.53903, -0.54702 ], [ 37.53908, -0.54696 ], [ 37.53914, -0.54691 ], [ 37.53925, -0.54679 ], [ 37.53931, -0.54673 ], [ 37.53937, -0.54668 ], [ 37.53943, -0.54662 ], [ 37.53948, -0.54656 ], [ 37.53954, -0.54656 ], [ 37.5396, -0.54651 ], [ 37.53966, -0.54645 ], [ 37.53971, -0.54645 ], [ 37.53977, -0.54645 ], [ 37.53977, -0.54639 ], [ 37.53983, -0.54633 ], [ 37.53988, -0.54633 ], [ 37.53994, -0.54628 ], [ 37.54, -0.54628 ], [ 37.54, -0.54622 ], [ 37.54006, -0.54622 ], [ 37.54006, -0.54616 ], [ 37.54011, -0.54616 ], [ 37.54017, -0.54616 ], [ 37.54017, -0.5461 ], [ 37.54023, -0.5461 ], [ 37.54023, -0.54605 ], [ 37.54029, -0.54605 ], [ 37.54034, -0.54599 ], [ 37.5404, -0.54593 ], [ 37.54046, -0.54593 ], [ 37.54046, -0.54587 ], [ 37.54052, -0.54587 ], [ 37.54057, -0.54587 ], [ 37.54063, -0.54587 ], [ 37.54069, -0.54582 ], [ 37.54078, -0.54582 ], [ 37.5408, -0.54582 ], [ 37.5408, -0.54582 ], [ 37.5408, -0.5458 ], [ 37.5408, -0.54576 ], [ 37.54086, -0.54576 ], [ 37.54086, -0.54576 ], [ 37.54092, -0.54576 ], [ 37.54094, -0.54576 ], [ 37.54097, -0.54576 ], [ 37.54097, -0.5457 ], [ 37.54097, -0.54567 ], [ 37.54097, -0.54565 ], [ 37.54101, -0.54565 ], [ 37.54103, -0.54565 ], [ 37.54106, -0.54562 ], [ 37.54109, -0.54559 ], [ 37.54109, -0.54559 ], [ 37.54109, -0.54553 ], [ 37.54115, -0.54553 ], [ 37.54115, -0.54547 ], [ 37.54115, -0.54542 ], [ 37.54115, -0.54536 ], [ 37.5412, -0.54536 ], [ 37.5412, -0.5453 ], [ 37.54126, -0.5453 ], [ 37.54126, -0.54524 ], [ 37.54132, -0.54524 ], [ 37.54132, -0.54519 ], [ 37.54137, -0.54519 ], [ 37.54137, -0.54513 ], [ 37.54143, -0.54513 ], [ 37.54143, -0.54507 ], [ 37.54149, -0.54507 ], [ 37.54149, -0.54502 ], [ 37.54155, -0.54502 ], [ 37.54155, -0.54496 ], [ 37.5416, -0.54496 ], [ 37.5416, -0.5449 ], [ 37.54166, -0.5449 ], [ 37.54166, -0.54484 ], [ 37.54172, -0.54484 ], [ 37.54178, -0.54484 ], [ 37.54183, -0.54479 ], [ 37.54183, -0.54473 ], [ 37.54189, -0.54467 ], [ 37.54195, -0.54461 ], [ 37.54195, -0.54456 ], [ 37.542, -0.54456 ], [ 37.54206, -0.54456 ], [ 37.54212, -0.5445 ], [ 37.54218, -0.5445 ], [ 37.54218, -0.54444 ], [ 37.54223, -0.54444 ], [ 37.54223, -0.54439 ], [ 37.54229, -0.54439 ], [ 37.54229, -0.54433 ], [ 37.54229, -0.54427 ], [ 37.54235, -0.54427 ], [ 37.54235, -0.54421 ], [ 37.54235, -0.54416 ], [ 37.54235, -0.5441 ], [ 37.54235, -0.54404 ], [ 37.54235, -0.54398 ], [ 37.54235, -0.54393 ], [ 37.54235, -0.54387 ], [ 37.54235, -0.54381 ], [ 37.54235, -0.54376 ], [ 37.54235, -0.5437 ], [ 37.54235, -0.54364 ], [ 37.54235, -0.54358 ], [ 37.54235, -0.54353 ], [ 37.54235, -0.54347 ], [ 37.54235, -0.54341 ], [ 37.54235, -0.54335 ], [ 37.54241, -0.54335 ], [ 37.54241, -0.5433 ], [ 37.54246, -0.54324 ], [ 37.54252, -0.54324 ], [ 37.54258, -0.54324 ], [ 37.54258, -0.54318 ], [ 37.54263, -0.54318 ], [ 37.54269, -0.54318 ], [ 37.54275, -0.54318 ], [ 37.54281, -0.54318 ], [ 37.54286, -0.54318 ], [ 37.54286, -0.54313 ], [ 37.54292, -0.54313 ], [ 37.54298, -0.54313 ], [ 37.54304, -0.54313 ], [ 37.54309, -0.54313 ], [ 37.54315, -0.54313 ], [ 37.54321, -0.54313 ], [ 37.54326, -0.54313 ], [ 37.54332, -0.54313 ], [ 37.54332, -0.54307 ], [ 37.54338, -0.54307 ], [ 37.54344, -0.54307 ], [ 37.54344, -0.54301 ], [ 37.54355, -0.54295 ], [ 37.54361, -0.5429 ], [ 37.54367, -0.5429 ], [ 37.54372, -0.54284 ], [ 37.54378, -0.54284 ], [ 37.54384, -0.54278 ], [ 37.5439, -0.54278 ], [ 37.54395, -0.54278 ], [ 37.54401, -0.54278 ], [ 37.54407, -0.54272 ], [ 37.54412, -0.54272 ], [ 37.54412, -0.54267 ], [ 37.54418, -0.54267 ], [ 37.54424, -0.54267 ], [ 37.5443, -0.54267 ], [ 37.54435, -0.54267 ], [ 37.54435, -0.54261 ], [ 37.54441, -0.54261 ], [ 37.54447, -0.54261 ], [ 37.54453, -0.54261 ], [ 37.54458, -0.54255 ], [ 37.54464, -0.54255 ], [ 37.5447, -0.54255 ], [ 37.54475, -0.54255 ], [ 37.54481, -0.54255 ], [ 37.54487, -0.54255 ], [ 37.54493, -0.54255 ], [ 37.54498, -0.54255 ], [ 37.5451, -0.54255 ], [ 37.5451, -0.54261 ], [ 37.54516, -0.54261 ], [ 37.54521, -0.54261 ], [ 37.54527, -0.54261 ], [ 37.54533, -0.54261 ], [ 37.54533, -0.54267 ], [ 37.54538, -0.54267 ], [ 37.54544, -0.54267 ], [ 37.54544, -0.54272 ], [ 37.5455, -0.54272 ], [ 37.54556, -0.54272 ], [ 37.54561, -0.54278 ], [ 37.54567, -0.54284 ], [ 37.54567, -0.5429 ], [ 37.54573, -0.5429 ], [ 37.54573, -0.54295 ], [ 37.54579, -0.54295 ], [ 37.54584, -0.54295 ], [ 37.54584, -0.54299 ], [ 37.54584, -0.54301 ], [ 37.54586, -0.54301 ], [ 37.5459, -0.54301 ], [ 37.54595, -0.54301 ], [ 37.54596, -0.54301 ], [ 37.54601, -0.54301 ], [ 37.54601, -0.54302 ], [ 37.54616, -0.54305 ], [ 37.54631, -0.54305 ], [ 37.54651, -0.54305 ], [ 37.54659, -0.54304 ], [ 37.54659, -0.54301 ], [ 37.54664, -0.54301 ], [ 37.5467, -0.54301 ], [ 37.5467, -0.54295 ], [ 37.54676, -0.54295 ], [ 37.54682, -0.54295 ], [ 37.54682, -0.5429 ], [ 37.54687, -0.5429 ], [ 37.54687, -0.54284 ], [ 37.54699, -0.54284 ], [ 37.54699, -0.54278 ], [ 37.54705, -0.54272 ], [ 37.5471, -0.54272 ], [ 37.5471, -0.54267 ], [ 37.54716, -0.54267 ], [ 37.54716, -0.54261 ], [ 37.54716, -0.54255 ], [ 37.54716, -0.5425 ], [ 37.54716, -0.54244 ], [ 37.54716, -0.54238 ], [ 37.54716, -0.54232 ], [ 37.54716, -0.54227 ], [ 37.54722, -0.54227 ], [ 37.54722, -0.54221 ], [ 37.54722, -0.54215 ], [ 37.54722, -0.54209 ], [ 37.54722, -0.54204 ], [ 37.54722, -0.54198 ], [ 37.54722, -0.54192 ], [ 37.54722, -0.54187 ], [ 37.54722, -0.54181 ], [ 37.54722, -0.54175 ], [ 37.54722, -0.54169 ], [ 37.54722, -0.54164 ], [ 37.54728, -0.54158 ], [ 37.54728, -0.54152 ], [ 37.54728, -0.54146 ], [ 37.54728, -0.54141 ], [ 37.54733, -0.54141 ], [ 37.54733, -0.54135 ], [ 37.54739, -0.54135 ], [ 37.54745, -0.54135 ], [ 37.54745, -0.54129 ], [ 37.5475, -0.54129 ], [ 37.54756, -0.54124 ], [ 37.54762, -0.54124 ], [ 37.54768, -0.54124 ], [ 37.54773, -0.54124 ], [ 37.54779, -0.54124 ], [ 37.54779, -0.54118 ], [ 37.54785, -0.54118 ], [ 37.54791, -0.54112 ], [ 37.54796, -0.54112 ], [ 37.54796, -0.54106 ], [ 37.54802, -0.54106 ], [ 37.54808, -0.54106 ], [ 37.54813, -0.54106 ], [ 37.54819, -0.54106 ], [ 37.54825, -0.54106 ], [ 37.54831, -0.54106 ], [ 37.54836, -0.54106 ], [ 37.54842, -0.54106 ], [ 37.54848, -0.54106 ], [ 37.54854, -0.54106 ], [ 37.54859, -0.54106 ], [ 37.54865, -0.54106 ], [ 37.54871, -0.54106 ], [ 37.54876, -0.54106 ], [ 37.54882, -0.54106 ], [ 37.54888, -0.54106 ], [ 37.54894, -0.54106 ], [ 37.54894, -0.54112 ], [ 37.54899, -0.54112 ], [ 37.54905, -0.54112 ], [ 37.54905, -0.54118 ], [ 37.54911, -0.54124 ], [ 37.54917, -0.54129 ], [ 37.54922, -0.54129 ], [ 37.54922, -0.54135 ], [ 37.54928, -0.54141 ], [ 37.54934, -0.54146 ], [ 37.54934, -0.54152 ], [ 37.54939, -0.54152 ], [ 37.54945, -0.54152 ], [ 37.54945, -0.54158 ], [ 37.54951, -0.54158 ], [ 37.54957, -0.54158 ], [ 37.54957, -0.54164 ], [ 37.54962, -0.54164 ], [ 37.54968, -0.54164 ], [ 37.54974, -0.54169 ], [ 37.5498, -0.54169 ], [ 37.54985, -0.54169 ], [ 37.54991, -0.54169 ], [ 37.54991, -0.54175 ], [ 37.54997, -0.54175 ], [ 37.55002, -0.54175 ], [ 37.55008, -0.54175 ], [ 37.55008, -0.54181 ], [ 37.55014, -0.54181 ], [ 37.55014, -0.54187 ], [ 37.5502, -0.54187 ], [ 37.55025, -0.54187 ], [ 37.55025, -0.54192 ], [ 37.55031, -0.54192 ], [ 37.55037, -0.54192 ], [ 37.55043, -0.54192 ], [ 37.55043, -0.54198 ], [ 37.55048, -0.54198 ], [ 37.55054, -0.54198 ], [ 37.55063, -0.54186 ] ] ] } },
{ "type": "Feature", "properties": { "entity_id": 85, "p_entity": 7, "name": "Runyenjes  Sub County" }, "geometry": { "type": "Polygon", "coordinates": [ [ [ 37.55331, -0.36296 ], [ 37.55328, -0.36297 ], [ 37.5533, -0.36298 ], [ 37.55331, -0.36296 ], [ 37.55333, -0.363 ], [ 37.55349, -0.36324 ], [ 37.55373, -0.36363 ], [ 37.55376, -0.36367 ], [ 37.55402, -0.36389 ], [ 37.55407, -0.36394 ], [ 37.55452, -0.36406 ], [ 37.55458, -0.36406 ], [ 37.55499, -0.36406 ], [ 37.55502, -0.36406 ], [ 37.55541, -0.36406 ], [ 37.55577, -0.36417 ], [ 37.55582, -0.3642 ], [ 37.55645, -0.36433 ], [ 37.55746, -0.36493 ], [ 37.55774, -0.3651 ], [ 37.5587, -0.36566 ], [ 37.55877, -0.36569 ], [ 37.55994, -0.36625 ], [ 37.56034, -0.36652 ], [ 37.56035, -0.36654 ], [ 37.56055, -0.36673 ], [ 37.56069, -0.36688 ], [ 37.5608, -0.36699 ], [ 37.56114, -0.3675 ], [ 37.56169, -0.3681 ], [ 37.56177, -0.36817 ], [ 37.56207, -0.36842 ], [ 37.5622, -0.36845 ], [ 37.56245, -0.36852 ], [ 37.56265, -0.36855 ], [ 37.56271, -0.36855 ], [ 37.56343, -0.3685 ], [ 37.5645, -0.3683 ], [ 37.56505, -0.36809 ], [ 37.56575, -0.36779 ], [ 37.56595, -0.36767 ], [ 37.56597, -0.36765 ], [ 37.56651, -0.36704 ], [ 37.5666, -0.36699 ], [ 37.56746, -0.36649 ], [ 37.56753, -0.3664 ], [ 37.56793, -0.366 ], [ 37.56826, -0.36589 ], [ 37.56826, -0.36589 ], [ 37.56855, -0.366 ], [ 37.56876, -0.36623 ], [ 37.56888, -0.36635 ], [ 37.56922, -0.36645 ], [ 37.56936, -0.36649 ], [ 37.57008, -0.36667 ], [ 37.57081, -0.3669 ], [ 37.57086, -0.36692 ], [ 37.57127, -0.36718 ], [ 37.57202, -0.3676 ], [ 37.57212, -0.36774 ], [ 37.57228, -0.36795 ], [ 37.57275, -0.36899 ], [ 37.5737, -0.36959 ], [ 37.57598, -0.37064 ], [ 37.57647, -0.37087 ], [ 37.57695, -0.37109 ], [ 37.57706, -0.37115 ], [ 37.57765, -0.37151 ], [ 37.57814, -0.3718 ], [ 37.57824, -0.37186 ], [ 37.57847, -0.372 ], [ 37.57856, -0.37205 ], [ 37.57889, -0.3725 ], [ 37.57903, -0.37268 ], [ 37.57922, -0.37293 ], [ 37.57964, -0.37345 ], [ 37.57997, -0.37365 ], [ 37.58031, -0.37363 ], [ 37.58032, -0.37363 ], [ 37.58067, -0.37357 ], [ 37.58069, -0.37356 ], [ 37.58119, -0.37332 ], [ 37.58119, -0.37331 ], [ 37.58185, -0.37234 ], [ 37.5824, -0.37215 ], [ 37.58299, -0.37195 ], [ 37.58388, -0.37181 ], [ 37.58438, -0.37248 ], [ 37.58507, -0.37277 ], [ 37.58557, -0.37308 ], [ 37.58592, -0.37348 ], [ 37.586, -0.37388 ], [ 37.58618, -0.3741 ], [ 37.58632, -0.37513 ], [ 37.58658, -0.37596 ], [ 37.58671, -0.37641 ], [ 37.58689, -0.37663 ], [ 37.5872, -0.37705 ], [ 37.58804, -0.37765 ], [ 37.58834, -0.37785 ], [ 37.58848, -0.37794 ], [ 37.58864, -0.37805 ], [ 37.58869, -0.37808 ], [ 37.58939, -0.37845 ], [ 37.58989, -0.37885 ], [ 37.59028, -0.37921 ], [ 37.59042, -0.37942 ], [ 37.59102, -0.37962 ], [ 37.59195, -0.37995 ], [ 37.59206, -0.38002 ], [ 37.59298, -0.3806 ], [ 37.5932, -0.38071 ], [ 37.59324, -0.38077 ], [ 37.59337, -0.38093 ], [ 37.59355, -0.38116 ], [ 37.59371, -0.38142 ], [ 37.59387, -0.38168 ], [ 37.59422, -0.38206 ], [ 37.59461, -0.38225 ], [ 37.59467, -0.38228 ], [ 37.59527, -0.38249 ], [ 37.59571, -0.38281 ], [ 37.59646, -0.38336 ], [ 37.59706, -0.38372 ], [ 37.59743, -0.38416 ], [ 37.59744, -0.38416 ], [ 37.5979, -0.38461 ], [ 37.59825, -0.38489 ], [ 37.59873, -0.38507 ], [ 37.59931, -0.38536 ], [ 37.59991, -0.38597 ], [ 37.60006, -0.38647 ], [ 37.6001, -0.3865 ], [ 37.60082, -0.38675 ], [ 37.60157, -0.38701 ], [ 37.60205, -0.38718 ], [ 37.60319, -0.38717 ], [ 37.60408, -0.38677 ], [ 37.60509, -0.38702 ], [ 37.60541, -0.38713 ], [ 37.60614, -0.38734 ], [ 37.60742, -0.38761 ], [ 37.60842, -0.38792 ], [ 37.60842, -0.38792 ], [ 37.60875, -0.38795 ], [ 37.60901, -0.38798 ], [ 37.60932, -0.38801 ], [ 37.60975, -0.38801 ], [ 37.61022, -0.38802 ], [ 37.61062, -0.38793 ], [ 37.61063, -0.38793 ], [ 37.61117, -0.38761 ], [ 37.61151, -0.38741 ], [ 37.61152, -0.38741 ], [ 37.61167, -0.38727 ], [ 37.61214, -0.38714 ], [ 37.6125, -0.38707 ], [ 37.61289, -0.38726 ], [ 37.61298, -0.38734 ], [ 37.61316, -0.3874 ], [ 37.61324, -0.38753 ], [ 37.61328, -0.3876 ], [ 37.61332, -0.38764 ], [ 37.61341, -0.38783 ], [ 37.61375, -0.38857 ], [ 37.6141, -0.38954 ], [ 37.61415, -0.38969 ], [ 37.61457, -0.39032 ], [ 37.61472, -0.39049 ], [ 37.61487, -0.39067 ], [ 37.61527, -0.39087 ], [ 37.61563, -0.39094 ], [ 37.61592, -0.391 ], [ 37.61666, -0.39112 ], [ 37.61663, -0.39125 ], [ 37.61739, -0.39147 ], [ 37.61828, -0.39146 ], [ 37.61907, -0.39122 ], [ 37.61915, -0.39122 ], [ 37.61923, -0.39123 ], [ 37.62031, -0.39182 ], [ 37.62108, -0.39233 ], [ 37.6212, -0.39235 ], [ 37.62227, -0.39255 ], [ 37.62231, -0.39255 ], [ 37.62262, -0.39261 ], [ 37.62311, -0.3927 ], [ 37.62331, -0.39284 ], [ 37.62403, -0.39338 ], [ 37.62419, -0.393 ], [ 37.62513, -0.39307 ], [ 37.6267, -0.39318 ], [ 37.62699, -0.39321 ], [ 37.62718, -0.39317 ], [ 37.62813, -0.39317 ], [ 37.62853, -0.39316 ], [ 37.62881, -0.39302 ], [ 37.62919, -0.39275 ], [ 37.62951, -0.39225 ], [ 37.62963, -0.39205 ], [ 37.62988, -0.39179 ], [ 37.62992, -0.39176 ], [ 37.62994, -0.39175 ], [ 37.63098, -0.39237 ], [ 37.63187, -0.39275 ], [ 37.63187, -0.39275 ], [ 37.63187, -0.39275 ], [ 37.63226, -0.39364 ], [ 37.63291, -0.39454 ], [ 37.63304, -0.39492 ], [ 37.63322, -0.39513 ], [ 37.63334, -0.39497 ], [ 37.63346, -0.39513 ], [ 37.63398, -0.39565 ], [ 37.63437, -0.3958 ], [ 37.63442, -0.39582 ], [ 37.63496, -0.39588 ], [ 37.63549, -0.39607 ], [ 37.63609, -0.39632 ], [ 37.63664, -0.39667 ], [ 37.63727, -0.39718 ], [ 37.63779, -0.39768 ], [ 37.63806, -0.39823 ], [ 37.63821, -0.39873 ], [ 37.63816, -0.39931 ], [ 37.63804, -0.39996 ], [ 37.63777, -0.40046 ], [ 37.63771, -0.40095 ], [ 37.63764, -0.40145 ], [ 37.63766, -0.40173 ], [ 37.63804, -0.40256 ], [ 37.63846, -0.40333 ], [ 37.63877, -0.40389 ], [ 37.63924, -0.4044 ], [ 37.63936, -0.40453 ], [ 37.64005, -0.40511 ], [ 37.64109, -0.40603 ], [ 37.64187, -0.40666 ], [ 37.6425, -0.40712 ], [ 37.64292, -0.40746 ], [ 37.64354, -0.40801 ], [ 37.64406, -0.40893 ], [ 37.64417, -0.40912 ], [ 37.64472, -0.40981 ], [ 37.6452, -0.41041 ], [ 37.646, -0.41152 ], [ 37.64638, -0.41172 ], [ 37.647, -0.41187 ], [ 37.64767, -0.41202 ], [ 37.64827, -0.4122 ], [ 37.64882, -0.41247 ], [ 37.64882, -0.41248 ], [ 37.64942, -0.4128 ], [ 37.64997, -0.41335 ], [ 37.6504, -0.41394 ], [ 37.65098, -0.41454 ], [ 37.65176, -0.41519 ], [ 37.65204, -0.4154 ], [ 37.65237, -0.41566 ], [ 37.65243, -0.4157 ], [ 37.65305, -0.41597 ], [ 37.65371, -0.41637 ], [ 37.6546, -0.41672 ], [ 37.65508, -0.41694 ], [ 37.65516, -0.41698 ], [ 37.65568, -0.41742 ], [ 37.6558, -0.4175 ], [ 37.6559, -0.41757 ], [ 37.65623, -0.4179 ], [ 37.65669, -0.41835 ], [ 37.65739, -0.41892 ], [ 37.65774, -0.41942 ], [ 37.65804, -0.42 ], [ 37.65819, -0.42037 ], [ 37.65826, -0.42057 ], [ 37.65869, -0.42151 ], [ 37.65909, -0.42195 ], [ 37.65921, -0.4222 ], [ 37.65934, -0.42265 ], [ 37.65966, -0.42338 ], [ 37.66001, -0.4239 ], [ 37.6603, -0.42422 ], [ 37.66041, -0.42435 ], [ 37.66091, -0.42473 ], [ 37.66124, -0.42493 ], [ 37.66166, -0.42508 ], [ 37.66229, -0.42526 ], [ 37.66292, -0.42541 ], [ 37.66304, -0.42546 ], [ 37.66377, -0.42576 ], [ 37.66377, -0.42576 ], [ 37.66429, -0.42578 ], [ 37.66439, -0.42575 ], [ 37.6645, -0.42572 ], [ 37.66467, -0.42568 ], [ 37.66521, -0.42568 ], [ 37.66577, -0.42559 ], [ 37.66608, -0.42565 ], [ 37.66636, -0.42569 ], [ 37.66705, -0.42599 ], [ 37.66765, -0.42638 ], [ 37.66814, -0.42681 ], [ 37.66849, -0.42723 ], [ 37.66902, -0.42803 ], [ 37.66957, -0.42859 ], [ 37.67009, -0.42888 ], [ 37.67062, -0.42898 ], [ 37.67109, -0.42898 ], [ 37.67112, -0.42898 ], [ 37.67121, -0.42892 ], [ 37.67152, -0.42871 ], [ 37.67195, -0.42843 ], [ 37.67239, -0.42831 ], [ 37.67312, -0.42864 ], [ 37.67322, -0.42869 ], [ 37.67433, -0.4292 ], [ 37.67447, -0.42926 ], [ 37.6756, -0.42974 ], [ 37.67566, -0.42976 ], [ 37.67608, -0.42988 ], [ 37.67675, -0.42988 ], [ 37.6772, -0.42974 ], [ 37.67727, -0.42973 ], [ 37.67782, -0.42954 ], [ 37.6783, -0.42951 ], [ 37.67875, -0.42954 ], [ 37.67886, -0.42968 ], [ 37.67908, -0.42981 ], [ 37.67945, -0.42971 ], [ 37.6799, -0.42959 ], [ 37.68058, -0.42956 ], [ 37.68118, -0.42971 ], [ 37.6816, -0.43006 ], [ 37.68189, -0.43033 ], [ 37.68213, -0.43054 ], [ 37.68253, -0.43091 ], [ 37.68295, -0.43104 ], [ 37.6832, -0.43108 ], [ 37.68374, -0.43117 ], [ 37.68431, -0.43141 ], [ 37.68451, -0.43162 ], [ 37.68466, -0.43201 ], [ 37.68469, -0.43211 ], [ 37.68479, -0.43244 ], [ 37.68484, -0.43254 ], [ 37.68506, -0.43297 ], [ 37.68543, -0.43321 ], [ 37.68591, -0.43324 ], [ 37.68668, -0.43331 ], [ 37.68734, -0.43334 ], [ 37.68776, -0.43354 ], [ 37.68823, -0.43387 ], [ 37.68858, -0.43431 ], [ 37.68893, -0.43462 ], [ 37.68904, -0.43471 ], [ 37.68924, -0.43489 ], [ 37.68944, -0.43492 ], [ 37.68956, -0.43494 ], [ 37.68977, -0.43494 ], [ 37.68999, -0.43512 ], [ 37.69014, -0.43534 ], [ 37.69016, -0.4357 ], [ 37.69017, -0.43597 ], [ 37.69019, -0.43608 ], [ 37.69018, -0.43688 ], [ 37.69032, -0.43732 ], [ 37.69079, -0.43787 ], [ 37.69127, -0.43822 ], [ 37.69187, -0.43859 ], [ 37.69239, -0.43887 ], [ 37.69284, -0.43912 ], [ 37.69312, -0.43937 ], [ 37.69326, -0.4397 ], [ 37.69352, -0.44043 ], [ 37.69362, -0.44064 ], [ 37.69381, -0.44107 ], [ 37.69401, -0.4414 ], [ 37.69383, -0.44169 ], [ 37.69354, -0.44196 ], [ 37.69321, -0.44229 ], [ 37.69284, -0.44229 ], [ 37.69229, -0.44224 ], [ 37.69181, -0.44227 ], [ 37.69135, -0.44278 ], [ 37.69083, -0.44307 ], [ 37.69055, -0.44332 ], [ 37.69055, -0.44366 ], [ 37.6906, -0.44405 ], [ 37.69058, -0.44424 ], [ 37.69043, -0.4445 ], [ 37.69039, -0.44473 ], [ 37.69038, -0.44475 ], [ 37.68988, -0.44516 ], [ 37.68939, -0.4453 ], [ 37.68863, -0.44532 ], [ 37.68801, -0.44535 ], [ 37.68749, -0.4453 ], [ 37.68737, -0.44531 ], [ 37.6867, -0.44617 ], [ 37.68657, -0.44638 ], [ 37.68636, -0.44671 ], [ 37.68626, -0.4477 ], [ 37.68661, -0.44888 ], [ 37.6867, -0.44917 ], [ 37.68674, -0.45023 ], [ 37.68656, -0.45201 ], [ 37.68578, -0.45324 ], [ 37.68564, -0.45345 ], [ 37.68356, -0.45557 ], [ 37.6827, -0.45774 ], [ 37.68256, -0.45789 ], [ 37.68198, -0.45854 ], [ 37.68123, -0.46049 ], [ 37.67993, -0.4634 ], [ 37.67987, -0.46546 ], [ 37.67963, -0.46666 ], [ 37.67896, -0.47001 ], [ 37.67939, -0.47003 ], [ 37.67958, -0.47003 ], [ 37.67949, -0.47082 ], [ 37.6788, -0.47082 ], [ 37.67832, -0.47317 ], [ 37.67859, -0.47328 ], [ 37.67897, -0.4735 ], [ 37.67931, -0.47366 ], [ 37.67976, -0.47373 ], [ 37.68022, -0.47378 ], [ 37.68053, -0.47381 ], [ 37.68064, -0.47381 ], [ 37.68097, -0.47388 ], [ 37.68129, -0.4742 ], [ 37.68145, -0.4744 ], [ 37.68175, -0.47451 ], [ 37.682, -0.47456 ], [ 37.6822, -0.47481 ], [ 37.68255, -0.475 ], [ 37.68294, -0.47496 ], [ 37.68325, -0.47478 ], [ 37.6838, -0.47491 ], [ 37.68429, -0.4753 ], [ 37.68472, -0.4756 ], [ 37.68512, -0.4756 ], [ 37.68562, -0.47551 ], [ 37.68614, -0.4755 ], [ 37.6866, -0.47551 ], [ 37.68717, -0.47566 ], [ 37.68772, -0.47566 ], [ 37.68807, -0.47566 ], [ 37.68835, -0.47588 ], [ 37.68857, -0.47613 ], [ 37.68888, -0.47636 ], [ 37.68913, -0.47663 ], [ 37.68915, -0.47711 ], [ 37.68927, -0.47803 ], [ 37.68945, -0.47839 ], [ 37.68972, -0.47854 ], [ 37.69005, -0.47861 ], [ 37.69047, -0.47859 ], [ 37.69078, -0.47844 ], [ 37.69107, -0.47844 ], [ 37.69148, -0.47848 ], [ 37.69193, -0.47871 ], [ 37.69225, -0.47893 ], [ 37.69246, -0.47921 ], [ 37.69249, -0.47923 ], [ 37.69268, -0.47934 ], [ 37.69311, -0.47948 ], [ 37.69355, -0.47959 ], [ 37.69395, -0.47981 ], [ 37.69408, -0.47999 ], [ 37.69406, -0.48044 ], [ 37.69403, -0.48064 ], [ 37.6941, -0.48081 ], [ 37.69435, -0.48084 ], [ 37.69451, -0.48073 ], [ 37.69466, -0.48058 ], [ 37.69493, -0.48053 ], [ 37.69526, -0.48066 ], [ 37.69541, -0.48091 ], [ 37.69533, -0.48128 ], [ 37.6952, -0.48159 ], [ 37.69521, -0.48175 ], [ 37.69521, -0.4818 ], [ 37.69521, -0.48184 ], [ 37.69522, -0.48185 ], [ 37.69543, -0.48206 ], [ 37.69585, -0.48217 ], [ 37.69615, -0.48217 ], [ 37.6965, -0.48222 ], [ 37.69693, -0.48224 ], [ 37.69743, -0.48222 ], [ 37.69768, -0.48211 ], [ 37.69796, -0.48206 ], [ 37.69826, -0.48206 ], [ 37.69851, -0.48212 ], [ 37.69881, -0.48229 ], [ 37.69898, -0.48256 ], [ 37.69946, -0.48256 ], [ 37.69961, -0.48226 ], [ 37.69978, -0.48201 ], [ 37.70006, -0.48191 ], [ 37.70041, -0.48212 ], [ 37.70079, -0.48214 ], [ 37.70103, -0.48197 ], [ 37.70133, -0.48177 ], [ 37.70169, -0.48167 ], [ 37.70214, -0.48167 ], [ 37.70253, -0.48174 ], [ 37.70284, -0.48202 ], [ 37.70322, -0.48222 ], [ 37.70357, -0.48217 ], [ 37.70396, -0.48204 ], [ 37.70426, -0.48204 ], [ 37.70456, -0.48219 ], [ 37.70464, -0.48244 ], [ 37.70454, -0.48267 ], [ 37.70444, -0.48286 ], [ 37.70449, -0.48302 ], [ 37.70474, -0.48306 ], [ 37.70567, -0.48317 ], [ 37.70612, -0.48317 ], [ 37.70644, -0.48327 ], [ 37.70672, -0.48351 ], [ 37.70699, -0.48381 ], [ 37.70709, -0.48411 ], [ 37.70711, -0.48437 ], [ 37.70727, -0.48466 ], [ 37.70741, -0.48487 ], [ 37.70774, -0.48501 ], [ 37.70824, -0.48512 ], [ 37.70857, -0.48544 ], [ 37.70935, -0.48672 ], [ 37.70967, -0.48724 ], [ 37.70975, -0.4876 ], [ 37.70992, -0.48794 ], [ 37.71017, -0.48815 ], [ 37.71054, -0.48842 ], [ 37.71097, -0.48862 ], [ 37.7112, -0.48879 ], [ 37.7114, -0.48907 ], [ 37.71182, -0.49005 ], [ 37.71217, -0.49065 ], [ 37.71244, -0.49108 ], [ 37.71282, -0.49138 ], [ 37.71355, -0.49178 ], [ 37.7138, -0.49212 ], [ 37.71418, -0.49325 ], [ 37.71455, -0.49438 ], [ 37.71467, -0.49492 ], [ 37.71449, -0.49487 ], [ 37.71424, -0.49487 ], [ 37.71459, -0.49568 ], [ 37.7144, -0.49577 ], [ 37.71366, -0.49572 ], [ 37.71302, -0.49543 ], [ 37.71215, -0.49495 ], [ 37.71159, -0.49469 ], [ 37.71129, -0.49461 ], [ 37.71092, -0.49472 ], [ 37.71024, -0.49638 ], [ 37.70998, -0.49621 ], [ 37.70942, -0.49601 ], [ 37.70858, -0.49532 ], [ 37.7083, -0.49496 ], [ 37.70754, -0.49397 ], [ 37.70684, -0.49318 ], [ 37.70663, -0.4917 ], [ 37.70655, -0.49092 ], [ 37.70639, -0.49069 ], [ 37.70558, -0.49069 ], [ 37.70491, -0.49152 ], [ 37.7048, -0.49223 ], [ 37.70478, -0.49303 ], [ 37.70473, -0.49354 ], [ 37.70464, -0.49381 ], [ 37.70451, -0.49421 ], [ 37.70418, -0.49466 ], [ 37.70383, -0.49497 ], [ 37.7033, -0.49517 ], [ 37.70295, -0.49537 ], [ 37.70253, -0.49552 ], [ 37.70213, -0.49551 ], [ 37.70166, -0.49539 ], [ 37.70111, -0.49524 ], [ 37.7007, -0.49502 ], [ 37.70016, -0.49491 ], [ 37.69955, -0.49491 ], [ 37.69898, -0.49486 ], [ 37.69853, -0.49497 ], [ 37.69817, -0.49534 ], [ 37.69787, -0.49572 ], [ 37.69753, -0.49586 ], [ 37.69707, -0.49596 ], [ 37.69637, -0.49607 ], [ 37.69595, -0.49609 ], [ 37.695, -0.49614 ], [ 37.69432, -0.49616 ], [ 37.69399, -0.49637 ], [ 37.6938, -0.49672 ], [ 37.69312, -0.49787 ], [ 37.69282, -0.49832 ], [ 37.6925, -0.49856 ], [ 37.69207, -0.49867 ], [ 37.69134, -0.49856 ], [ 37.69087, -0.49871 ], [ 37.6903, -0.49904 ], [ 37.68982, -0.49946 ], [ 37.68949, -0.49977 ], [ 37.68925, -0.5 ], [ 37.68902, -0.50009 ], [ 37.68874, -0.50023 ], [ 37.68841, -0.50055 ], [ 37.68816, -0.50088 ], [ 37.68801, -0.50133 ], [ 37.68799, -0.50183 ], [ 37.68797, -0.50224 ], [ 37.68796, -0.50238 ], [ 37.68789, -0.5028 ], [ 37.68726, -0.50311 ], [ 37.68686, -0.50338 ], [ 37.68682, -0.50338 ], [ 37.6867, -0.50339 ], [ 37.68644, -0.5034 ], [ 37.68632, -0.50343 ], [ 37.68631, -0.50343 ], [ 37.68607, -0.5035 ], [ 37.68604, -0.50351 ], [ 37.68588, -0.50396 ], [ 37.68586, -0.50407 ], [ 37.68581, -0.50441 ], [ 37.68536, -0.50478 ], [ 37.68504, -0.50528 ], [ 37.68493, -0.50593 ], [ 37.68459, -0.50645 ], [ 37.68449, -0.50659 ], [ 37.68449, -0.50668 ], [ 37.68449, -0.50701 ], [ 37.68449, -0.50711 ], [ 37.68453, -0.50719 ], [ 37.68463, -0.50742 ], [ 37.68468, -0.50754 ], [ 37.68473, -0.5076 ], [ 37.68503, -0.50791 ], [ 37.68529, -0.50829 ], [ 37.68533, -0.50888 ], [ 37.68536, -0.50912 ], [ 37.68539, -0.50944 ], [ 37.6854, -0.50949 ], [ 37.68551, -0.50996 ], [ 37.68557, -0.51005 ], [ 37.68581, -0.51042 ], [ 37.68588, -0.51097 ], [ 37.68589, -0.51123 ], [ 37.68591, -0.51146 ], [ 37.68571, -0.51194 ], [ 37.68555, -0.51222 ], [ 37.68545, -0.51259 ], [ 37.68527, -0.51272 ], [ 37.68517, -0.51279 ], [ 37.68488, -0.513 ], [ 37.68452, -0.51325 ], [ 37.68433, -0.51352 ], [ 37.68411, -0.51377 ], [ 37.68379, -0.51404 ], [ 37.68361, -0.51418 ], [ 37.68343, -0.51432 ], [ 37.68339, -0.51449 ], [ 37.68336, -0.51465 ], [ 37.68348, -0.5148 ], [ 37.68369, -0.51507 ], [ 37.68379, -0.5155 ], [ 37.68377, -0.51592 ], [ 37.68379, -0.51597 ], [ 37.68363, -0.51675 ], [ 37.68362, -0.51678 ], [ 37.68338, -0.51705 ], [ 37.68328, -0.51724 ], [ 37.68335, -0.51737 ], [ 37.68341, -0.51747 ], [ 37.68378, -0.5176 ], [ 37.68382, -0.51759 ], [ 37.68411, -0.51754 ], [ 37.6842, -0.51753 ], [ 37.68441, -0.5175 ], [ 37.68458, -0.5177 ], [ 37.68458, -0.518 ], [ 37.68438, -0.51849 ], [ 37.68409, -0.5188 ], [ 37.68379, -0.51893 ], [ 37.68353, -0.51893 ], [ 37.68336, -0.5188 ], [ 37.68335, -0.51879 ], [ 37.68335, -0.51877 ], [ 37.68327, -0.51874 ], [ 37.68304, -0.51867 ], [ 37.68303, -0.51867 ], [ 37.68287, -0.51862 ], [ 37.68265, -0.51855 ], [ 37.682, -0.51859 ], [ 37.68179, -0.51861 ], [ 37.68144, -0.51861 ], [ 37.68106, -0.51818 ], [ 37.68104, -0.51815 ], [ 37.68099, -0.51809 ], [ 37.68048, -0.51742 ], [ 37.68047, -0.51741 ], [ 37.68001, -0.51723 ], [ 37.67988, -0.51712 ], [ 37.67955, -0.51683 ], [ 37.67945, -0.51676 ], [ 37.6794, -0.51672 ], [ 37.67935, -0.51669 ], [ 37.67898, -0.51643 ], [ 37.67812, -0.51643 ], [ 37.67732, -0.51643 ], [ 37.67731, -0.51643 ], [ 37.67652, -0.51643 ], [ 37.6756, -0.51643 ], [ 37.67474, -0.51666 ], [ 37.67377, -0.51672 ], [ 37.67314, -0.51637 ], [ 37.67285, -0.5162 ], [ 37.67287, -0.51603 ], [ 37.67288, -0.51584 ], [ 37.67297, -0.51572 ], [ 37.67305, -0.51553 ], [ 37.67313, -0.51532 ], [ 37.67315, -0.51521 ], [ 37.67325, -0.51506 ], [ 37.67314, -0.5146 ], [ 37.67274, -0.51454 ], [ 37.67248, -0.5147 ], [ 37.67247, -0.51471 ], [ 37.67246, -0.51472 ], [ 37.67228, -0.51483 ], [ 37.67165, -0.51523 ], [ 37.67079, -0.51603 ], [ 37.67039, -0.51649 ], [ 37.67039, -0.51723 ], [ 37.67022, -0.51757 ], [ 37.67005, -0.5177 ], [ 37.66972, -0.51802 ], [ 37.66969, -0.51805 ], [ 37.66937, -0.51842 ], [ 37.66922, -0.5186 ], [ 37.66918, -0.51861 ], [ 37.66886, -0.51861 ], [ 37.66878, -0.51861 ], [ 37.66844, -0.51849 ], [ 37.66837, -0.51842 ], [ 37.66792, -0.51792 ], [ 37.66772, -0.51765 ], [ 37.66758, -0.51746 ], [ 37.66735, -0.51719 ], [ 37.66729, -0.51712 ], [ 37.66713, -0.51703 ], [ 37.66712, -0.51702 ], [ 37.66712, -0.51702 ], [ 37.66689, -0.51689 ], [ 37.66655, -0.51689 ], [ 37.66603, -0.51695 ], [ 37.66599, -0.51695 ], [ 37.66555, -0.51688 ], [ 37.66532, -0.51685 ], [ 37.66506, -0.51666 ], [ 37.66454, -0.51666 ], [ 37.66374, -0.51683 ], [ 37.66374, -0.51721 ], [ 37.66374, -0.51727 ], [ 37.66374, -0.51731 ], [ 37.66374, -0.51735 ], [ 37.66397, -0.51746 ], [ 37.6644, -0.51752 ], [ 37.66443, -0.51752 ], [ 37.66443, -0.51754 ], [ 37.66443, -0.51756 ], [ 37.66443, -0.51815 ], [ 37.66409, -0.51838 ], [ 37.66346, -0.51849 ], [ 37.66334, -0.51872 ], [ 37.66334, -0.51875 ], [ 37.66334, -0.51894 ], [ 37.66334, -0.5192 ], [ 37.66334, -0.51935 ], [ 37.66334, -0.52002 ], [ 37.66334, -0.52004 ], [ 37.66334, -0.52056 ], [ 37.66338, -0.52071 ], [ 37.66346, -0.52101 ], [ 37.66368, -0.52136 ], [ 37.66362, -0.52148 ], [ 37.66342, -0.52184 ], [ 37.6634, -0.52187 ], [ 37.66305, -0.52227 ], [ 37.6626, -0.5225 ], [ 37.66236, -0.52245 ], [ 37.66214, -0.52239 ], [ 37.66208, -0.52237 ], [ 37.66193, -0.52234 ], [ 37.66168, -0.52227 ], [ 37.66148, -0.52214 ], [ 37.66111, -0.52187 ], [ 37.66094, -0.52187 ], [ 37.66092, -0.52193 ], [ 37.66076, -0.52239 ], [ 37.66072, -0.52267 ], [ 37.66071, -0.52279 ], [ 37.66078, -0.5229 ], [ 37.66082, -0.52296 ], [ 37.66088, -0.52338 ], [ 37.66094, -0.52376 ], [ 37.66053, -0.52422 ], [ 37.66019, -0.52434 ], [ 37.66005, -0.52414 ], [ 37.65979, -0.52376 ], [ 37.65979, -0.52367 ], [ 37.65979, -0.52333 ], [ 37.65979, -0.52313 ], [ 37.65904, -0.52227 ], [ 37.65859, -0.52193 ], [ 37.65801, -0.52147 ], [ 37.65744, -0.52113 ], [ 37.65741, -0.52115 ], [ 37.65687, -0.52159 ], [ 37.65629, -0.52187 ], [ 37.65606, -0.52187 ], [ 37.65589, -0.52187 ], [ 37.65546, -0.52173 ], [ 37.65538, -0.5217 ], [ 37.65508, -0.52157 ], [ 37.65487, -0.52157 ], [ 37.65481, -0.52157 ], [ 37.65445, -0.52158 ], [ 37.65413, -0.52158 ], [ 37.65408, -0.52137 ], [ 37.65408, -0.52131 ], [ 37.65406, -0.52103 ], [ 37.65406, -0.52067 ], [ 37.65406, -0.5205 ], [ 37.65389, -0.52049 ], [ 37.65375, -0.52048 ], [ 37.65351, -0.52063 ], [ 37.65349, -0.52085 ], [ 37.65348, -0.5209 ], [ 37.65331, -0.52117 ], [ 37.65328, -0.52153 ], [ 37.65326, -0.52176 ], [ 37.65321, -0.52177 ], [ 37.6532, -0.52182 ], [ 37.65293, -0.522 ], [ 37.65263, -0.52208 ], [ 37.65225, -0.52223 ], [ 37.65201, -0.52243 ], [ 37.65191, -0.52273 ], [ 37.65161, -0.52292 ], [ 37.65157, -0.52303 ], [ 37.65186, -0.52326 ], [ 37.65206, -0.52342 ], [ 37.65234, -0.52362 ], [ 37.65255, -0.52376 ], [ 37.65259, -0.52412 ], [ 37.6526, -0.52415 ], [ 37.65253, -0.52442 ], [ 37.65246, -0.52466 ], [ 37.6524, -0.52486 ], [ 37.65226, -0.52526 ], [ 37.65221, -0.52537 ], [ 37.65217, -0.52588 ], [ 37.65219, -0.526 ], [ 37.65223, -0.52623 ], [ 37.65249, -0.5262 ], [ 37.65261, -0.52613 ], [ 37.6529, -0.52616 ], [ 37.65313, -0.52641 ], [ 37.65331, -0.52673 ], [ 37.65317, -0.52694 ], [ 37.6531, -0.52715 ], [ 37.653, -0.52746 ], [ 37.65293, -0.5278 ], [ 37.65278, -0.52826 ], [ 37.65255, -0.52858 ], [ 37.65255, -0.5288 ], [ 37.65259, -0.52886 ], [ 37.65263, -0.52892 ], [ 37.65261, -0.52893 ], [ 37.65266, -0.52903 ], [ 37.65245, -0.52918 ], [ 37.65206, -0.52929 ], [ 37.65166, -0.52923 ], [ 37.65096, -0.52909 ], [ 37.6506, -0.52906 ], [ 37.65034, -0.52897 ], [ 37.65003, -0.5291 ], [ 37.64976, -0.52921 ], [ 37.64969, -0.52921 ], [ 37.64965, -0.52924 ], [ 37.64925, -0.52928 ], [ 37.64875, -0.52901 ], [ 37.64845, -0.52884 ], [ 37.64807, -0.52883 ], [ 37.6478, -0.52894 ], [ 37.64747, -0.52911 ], [ 37.64729, -0.52934 ], [ 37.64727, -0.52938 ], [ 37.64727, -0.52938 ], [ 37.64725, -0.52946 ], [ 37.64725, -0.52952 ], [ 37.64722, -0.52971 ], [ 37.64705, -0.53014 ], [ 37.64697, -0.53064 ], [ 37.64667, -0.53106 ], [ 37.64633, -0.53131 ], [ 37.646, -0.53153 ], [ 37.64598, -0.53154 ], [ 37.64598, -0.53155 ], [ 37.64598, -0.53156 ], [ 37.64582, -0.53188 ], [ 37.64547, -0.53183 ], [ 37.64502, -0.53159 ], [ 37.64491, -0.53142 ], [ 37.64484, -0.53131 ], [ 37.64459, -0.53116 ], [ 37.6443, -0.53104 ], [ 37.64385, -0.53081 ], [ 37.6434, -0.53063 ], [ 37.643, -0.53026 ], [ 37.64296, -0.53007 ], [ 37.64295, -0.53006 ], [ 37.64285, -0.52974 ], [ 37.64283, -0.52969 ], [ 37.64274, -0.52944 ], [ 37.64268, -0.5294 ], [ 37.64255, -0.52929 ], [ 37.64214, -0.52913 ], [ 37.64195, -0.52919 ], [ 37.64172, -0.52919 ], [ 37.64139, -0.52918 ], [ 37.64114, -0.52911 ], [ 37.64082, -0.52913 ], [ 37.64062, -0.52923 ], [ 37.64032, -0.52914 ], [ 37.63995, -0.52911 ], [ 37.63962, -0.52928 ], [ 37.63936, -0.52947 ], [ 37.63924, -0.52956 ], [ 37.63922, -0.52958 ], [ 37.63879, -0.52968 ], [ 37.63844, -0.52968 ], [ 37.63784, -0.52951 ], [ 37.63752, -0.52931 ], [ 37.63721, -0.52898 ], [ 37.63704, -0.52856 ], [ 37.63708, -0.52833 ], [ 37.63699, -0.52777 ], [ 37.63695, -0.52737 ], [ 37.63695, -0.52732 ], [ 37.63693, -0.52714 ], [ 37.63653, -0.52659 ], [ 37.63632, -0.52656 ], [ 37.63592, -0.52631 ], [ 37.63564, -0.52611 ], [ 37.63527, -0.52611 ], [ 37.63472, -0.52583 ], [ 37.63429, -0.52565 ], [ 37.63376, -0.52566 ], [ 37.63339, -0.52563 ], [ 37.63314, -0.52541 ], [ 37.63303, -0.52526 ], [ 37.63284, -0.52543 ], [ 37.63249, -0.5254 ], [ 37.63236, -0.52516 ], [ 37.63223, -0.52516 ], [ 37.63196, -0.52528 ], [ 37.63171, -0.52508 ], [ 37.63141, -0.52506 ], [ 37.63129, -0.52504 ], [ 37.63122, -0.52507 ], [ 37.63105, -0.52516 ], [ 37.63086, -0.52525 ], [ 37.63085, -0.52525 ], [ 37.63083, -0.52533 ], [ 37.63068, -0.52533 ], [ 37.63053, -0.52528 ], [ 37.63053, -0.52528 ], [ 37.63052, -0.52528 ], [ 37.63052, -0.52528 ], [ 37.63036, -0.52536 ], [ 37.63008, -0.52533 ], [ 37.62993, -0.52501 ], [ 37.62988, -0.52491 ], [ 37.62979, -0.52473 ], [ 37.62954, -0.52466 ], [ 37.6294, -0.52468 ], [ 37.62933, -0.52468 ], [ 37.62911, -0.52485 ], [ 37.62904, -0.52491 ], [ 37.62886, -0.52506 ], [ 37.62858, -0.52506 ], [ 37.62841, -0.52491 ], [ 37.62821, -0.525 ], [ 37.62788, -0.52508 ], [ 37.62761, -0.525 ], [ 37.62731, -0.52493 ], [ 37.62701, -0.52488 ], [ 37.6269, -0.5247 ], [ 37.62691, -0.52468 ], [ 37.62691, -0.52468 ], [ 37.62691, -0.52388 ], [ 37.62686, -0.52382 ], [ 37.62645, -0.52333 ], [ 37.62631, -0.52337 ], [ 37.62623, -0.52322 ], [ 37.62629, -0.52313 ], [ 37.6261, -0.5229 ], [ 37.6261, -0.52289 ], [ 37.6261, -0.52241 ], [ 37.6261, -0.5221 ], [ 37.6261, -0.52162 ], [ 37.6259, -0.52172 ], [ 37.62556, -0.52155 ], [ 37.6256, -0.52143 ], [ 37.62563, -0.52134 ], [ 37.62563, -0.52133 ], [ 37.62564, -0.52129 ], [ 37.62566, -0.5211 ], [ 37.62571, -0.52109 ], [ 37.6259, -0.52103 ], [ 37.62587, -0.52101 ], [ 37.6258, -0.52095 ], [ 37.62571, -0.52093 ], [ 37.62555, -0.5209 ], [ 37.62545, -0.5208 ], [ 37.62542, -0.52077 ], [ 37.62539, -0.52074 ], [ 37.62535, -0.5207 ], [ 37.62528, -0.5206 ], [ 37.62517, -0.52055 ], [ 37.62508, -0.5205 ], [ 37.62498, -0.5205 ], [ 37.62466, -0.52053 ], [ 37.62438, -0.52053 ], [ 37.62425, -0.52062 ], [ 37.62401, -0.52045 ], [ 37.62386, -0.52045 ], [ 37.62382, -0.52045 ], [ 37.6238, -0.52045 ], [ 37.62379, -0.52046 ], [ 37.62365, -0.5206 ], [ 37.62345, -0.52075 ], [ 37.62335, -0.52048 ], [ 37.62333, -0.52045 ], [ 37.6233, -0.52035 ], [ 37.62324, -0.52034 ], [ 37.6231, -0.5203 ], [ 37.62301, -0.52028 ], [ 37.62293, -0.52017 ], [ 37.62283, -0.52008 ], [ 37.62262, -0.52012 ], [ 37.62235, -0.52007 ], [ 37.62225, -0.5202 ], [ 37.62205, -0.5203 ], [ 37.62195, -0.5205 ], [ 37.62198, -0.52073 ], [ 37.62193, -0.52105 ], [ 37.62194, -0.52119 ], [ 37.62195, -0.52133 ], [ 37.62214, -0.52147 ], [ 37.62225, -0.52155 ], [ 37.62244, -0.52168 ], [ 37.6225, -0.52172 ], [ 37.62245, -0.52202 ], [ 37.62218, -0.52212 ], [ 37.62192, -0.52212 ], [ 37.62155, -0.52228 ], [ 37.62107, -0.52288 ], [ 37.62087, -0.52307 ], [ 37.62063, -0.52323 ], [ 37.62055, -0.5234 ], [ 37.62068, -0.52358 ], [ 37.62095, -0.5238 ], [ 37.62098, -0.52411 ], [ 37.6209, -0.5246 ], [ 37.6208, -0.52471 ], [ 37.62043, -0.52463 ], [ 37.62013, -0.52448 ], [ 37.61993, -0.52446 ], [ 37.61967, -0.52461 ], [ 37.61952, -0.52445 ], [ 37.61932, -0.52425 ], [ 37.61907, -0.5241 ], [ 37.61873, -0.5241 ], [ 37.6184, -0.52403 ], [ 37.61833, -0.52388 ], [ 37.61832, -0.52386 ], [ 37.61831, -0.52384 ], [ 37.6183, -0.52382 ], [ 37.61825, -0.52371 ], [ 37.61819, -0.52367 ], [ 37.61808, -0.5236 ], [ 37.61791, -0.52351 ], [ 37.61768, -0.5234 ], [ 37.61742, -0.5232 ], [ 37.617, -0.52312 ], [ 37.61637, -0.52312 ], [ 37.61545, -0.52313 ], [ 37.61447, -0.5231 ], [ 37.61417, -0.52296 ], [ 37.6141, -0.52293 ], [ 37.61378, -0.52285 ], [ 37.6137, -0.52283 ], [ 37.61339, -0.52277 ], [ 37.61339, -0.52277 ], [ 37.61304, -0.5228 ], [ 37.61279, -0.5228 ], [ 37.61265, -0.52273 ], [ 37.61264, -0.52273 ], [ 37.61264, -0.52273 ], [ 37.61253, -0.52268 ], [ 37.61248, -0.52265 ], [ 37.61244, -0.52263 ], [ 37.61242, -0.52262 ], [ 37.6124, -0.52262 ], [ 37.61237, -0.52261 ], [ 37.61235, -0.5226 ], [ 37.61225, -0.52256 ], [ 37.61218, -0.52253 ], [ 37.61217, -0.52253 ], [ 37.61212, -0.52256 ], [ 37.61195, -0.52265 ], [ 37.61166, -0.5227 ], [ 37.61121, -0.52256 ], [ 37.61117, -0.52255 ], [ 37.61067, -0.5225 ], [ 37.61067, -0.5225 ], [ 37.61034, -0.52252 ], [ 37.61023, -0.52254 ], [ 37.60994, -0.52262 ], [ 37.60984, -0.52262 ], [ 37.60957, -0.52263 ], [ 37.60919, -0.52262 ], [ 37.60887, -0.52263 ], [ 37.60867, -0.52278 ], [ 37.60839, -0.52317 ], [ 37.60812, -0.52343 ], [ 37.60779, -0.52345 ], [ 37.60833, -0.523 ], [ 37.60851, -0.52268 ], [ 37.60846, -0.52268 ], [ 37.60846, -0.52273 ], [ 37.6084, -0.52273 ], [ 37.6084, -0.52279 ], [ 37.60834, -0.52279 ], [ 37.60834, -0.52285 ], [ 37.60829, -0.52285 ], [ 37.60823, -0.5229 ], [ 37.60817, -0.5229 ], [ 37.60812, -0.5229 ], [ 37.60806, -0.5229 ], [ 37.60806, -0.52296 ], [ 37.608, -0.52296 ], [ 37.60794, -0.52296 ], [ 37.60794, -0.52302 ], [ 37.60789, -0.52302 ], [ 37.60777, -0.52302 ], [ 37.60771, -0.52308 ], [ 37.60766, -0.52308 ], [ 37.6076, -0.52308 ], [ 37.6076, -0.52313 ], [ 37.60754, -0.52313 ], [ 37.60749, -0.52313 ], [ 37.60743, -0.52313 ], [ 37.60743, -0.52315 ], [ 37.60743, -0.52319 ], [ 37.60737, -0.52319 ], [ 37.60731, -0.52319 ], [ 37.60726, -0.52319 ], [ 37.6072, -0.52319 ], [ 37.60714, -0.52319 ], [ 37.60708, -0.52319 ], [ 37.60703, -0.52319 ], [ 37.60697, -0.52319 ], [ 37.60691, -0.52319 ], [ 37.60685, -0.52319 ], [ 37.6068, -0.52319 ], [ 37.60674, -0.52319 ], [ 37.60668, -0.52319 ], [ 37.60663, -0.52319 ], [ 37.60657, -0.52319 ], [ 37.60651, -0.52319 ], [ 37.60645, -0.52319 ], [ 37.6064, -0.52319 ], [ 37.60634, -0.52319 ], [ 37.60628, -0.52319 ], [ 37.60622, -0.52319 ], [ 37.60617, -0.52319 ], [ 37.60611, -0.52319 ], [ 37.60605, -0.52313 ], [ 37.606, -0.52313 ], [ 37.60588, -0.52313 ], [ 37.60582, -0.52313 ], [ 37.60577, -0.52313 ], [ 37.60571, -0.52313 ], [ 37.60571, -0.52308 ], [ 37.60565, -0.52308 ], [ 37.60559, -0.52308 ], [ 37.60554, -0.52308 ], [ 37.60548, -0.52308 ], [ 37.60542, -0.52308 ], [ 37.60542, -0.52302 ], [ 37.60537, -0.52296 ], [ 37.60531, -0.5229 ], [ 37.60525, -0.5229 ], [ 37.60525, -0.52285 ], [ 37.60519, -0.52279 ], [ 37.60514, -0.52279 ], [ 37.60514, -0.52273 ], [ 37.60508, -0.52268 ], [ 37.60502, -0.52268 ], [ 37.60502, -0.52262 ], [ 37.60496, -0.52262 ], [ 37.60496, -0.52256 ], [ 37.60492, -0.52256 ], [ 37.60491, -0.52256 ], [ 37.60491, -0.52256 ], [ 37.60491, -0.52255 ], [ 37.60491, -0.5225 ], [ 37.60486, -0.5225 ], [ 37.60485, -0.5225 ], [ 37.60485, -0.5225 ], [ 37.60485, -0.5225 ], [ 37.60485, -0.5225 ], [ 37.60485, -0.52245 ], [ 37.60485, -0.52239 ], [ 37.60479, -0.52239 ], [ 37.60474, -0.52233 ], [ 37.60474, -0.52232 ], [ 37.60474, -0.52227 ], [ 37.60468, -0.52227 ], [ 37.60468, -0.52227 ], [ 37.60468, -0.52226 ], [ 37.60468, -0.52223 ], [ 37.60468, -0.52222 ], [ 37.60468, -0.52216 ], [ 37.60467, -0.52216 ], [ 37.60462, -0.52216 ], [ 37.60462, -0.5221 ], [ 37.60462, -0.52205 ], [ 37.60456, -0.52205 ], [ 37.60456, -0.52199 ], [ 37.60451, -0.52199 ], [ 37.60451, -0.52193 ], [ 37.60451, -0.52187 ], [ 37.60445, -0.52187 ], [ 37.60445, -0.52182 ], [ 37.60445, -0.52178 ], [ 37.60445, -0.52176 ], [ 37.60445, -0.5217 ], [ 37.60439, -0.5217 ], [ 37.60439, -0.52164 ], [ 37.60439, -0.52159 ], [ 37.60439, -0.52153 ], [ 37.60439, -0.52147 ], [ 37.60439, -0.52142 ], [ 37.60439, -0.52141 ], [ 37.60439, -0.52136 ], [ 37.60433, -0.52136 ], [ 37.60433, -0.5213 ], [ 37.60433, -0.52124 ], [ 37.60433, -0.52119 ], [ 37.60428, -0.52119 ], [ 37.60428, -0.52113 ], [ 37.60422, -0.52113 ], [ 37.60422, -0.52107 ], [ 37.60422, -0.52101 ], [ 37.60416, -0.52101 ], [ 37.60416, -0.52096 ], [ 37.60411, -0.52096 ], [ 37.60411, -0.5209 ], [ 37.60405, -0.5209 ], [ 37.60405, -0.52084 ], [ 37.60405, -0.52079 ], [ 37.60399, -0.52079 ], [ 37.60399, -0.52073 ], [ 37.60399, -0.52067 ], [ 37.60393, -0.52061 ], [ 37.60388, -0.52056 ], [ 37.60387, -0.52056 ], [ 37.60382, -0.52056 ], [ 37.60376, -0.5205 ], [ 37.60376, -0.52044 ], [ 37.6037, -0.52044 ], [ 37.6037, -0.52038 ], [ 37.60365, -0.52038 ], [ 37.60365, -0.52038 ], [ 37.60359, -0.52033 ], [ 37.60353, -0.52033 ], [ 37.60347, -0.52027 ], [ 37.60342, -0.52027 ], [ 37.60342, -0.52021 ], [ 37.6034, -0.5202 ], [ 37.60336, -0.52016 ], [ 37.6033, -0.52016 ], [ 37.60325, -0.52016 ], [ 37.60325, -0.5201 ], [ 37.60325, -0.52004 ], [ 37.60319, -0.52004 ], [ 37.60319, -0.51998 ], [ 37.60313, -0.51993 ], [ 37.60307, -0.51993 ], [ 37.60307, -0.51987 ], [ 37.60302, -0.51987 ], [ 37.60296, -0.51987 ], [ 37.6029, -0.51987 ], [ 37.60284, -0.51987 ], [ 37.60279, -0.51993 ], [ 37.60273, -0.51993 ], [ 37.60267, -0.51993 ], [ 37.60262, -0.51993 ], [ 37.60256, -0.51998 ], [ 37.6025, -0.51998 ], [ 37.6025, -0.52004 ], [ 37.60244, -0.52004 ], [ 37.60239, -0.52004 ], [ 37.60233, -0.52004 ], [ 37.60227, -0.52004 ], [ 37.60221, -0.51998 ], [ 37.60221, -0.51993 ], [ 37.60216, -0.51993 ], [ 37.6021, -0.51993 ], [ 37.60204, -0.51993 ], [ 37.60199, -0.51993 ], [ 37.60193, -0.51993 ], [ 37.60193, -0.51987 ], [ 37.60187, -0.51987 ], [ 37.60181, -0.51987 ], [ 37.60181, -0.51981 ], [ 37.60176, -0.51981 ], [ 37.6017, -0.51975 ], [ 37.60164, -0.5197 ], [ 37.60164, -0.51964 ], [ 37.60161, -0.51961 ], [ 37.60158, -0.51958 ], [ 37.60153, -0.51958 ], [ 37.60153, -0.51953 ], [ 37.60147, -0.51953 ], [ 37.60147, -0.51951 ], [ 37.60147, -0.51947 ], [ 37.60141, -0.51941 ], [ 37.60136, -0.51935 ], [ 37.60136, -0.51934 ], [ 37.60136, -0.5193 ], [ 37.6013, -0.5193 ], [ 37.6013, -0.51924 ], [ 37.60124, -0.51924 ], [ 37.60124, -0.51918 ], [ 37.60118, -0.51918 ], [ 37.60113, -0.51912 ], [ 37.60113, -0.51907 ], [ 37.60107, -0.51907 ], [ 37.60107, -0.51901 ], [ 37.60101, -0.51901 ], [ 37.60095, -0.51895 ], [ 37.60095, -0.5189 ], [ 37.6009, -0.5189 ], [ 37.6009, -0.51884 ], [ 37.60084, -0.51878 ], [ 37.60078, -0.51878 ], [ 37.60078, -0.51872 ], [ 37.60073, -0.51867 ], [ 37.60067, -0.51867 ], [ 37.60067, -0.51861 ], [ 37.60061, -0.51861 ], [ 37.60061, -0.51855 ], [ 37.60055, -0.51855 ], [ 37.60055, -0.51849 ], [ 37.60054, -0.51849 ], [ 37.60054, -0.51845 ], [ 37.60056, -0.51825 ], [ 37.60053, -0.51805 ], [ 37.60026, -0.51789 ], [ 37.6003, -0.51769 ], [ 37.6003, -0.5174 ], [ 37.60016, -0.51739 ], [ 37.59998, -0.51745 ], [ 37.5997, -0.51727 ], [ 37.5996, -0.51714 ], [ 37.59933, -0.51715 ], [ 37.59928, -0.51694 ], [ 37.59948, -0.51662 ], [ 37.59948, -0.51632 ], [ 37.59943, -0.51602 ], [ 37.59951, -0.51582 ], [ 37.59966, -0.51559 ], [ 37.59968, -0.51539 ], [ 37.5995, -0.5153 ], [ 37.59925, -0.51532 ], [ 37.59896, -0.51535 ], [ 37.59871, -0.51544 ], [ 37.59843, -0.51535 ], [ 37.59826, -0.51512 ], [ 37.59795, -0.51512 ], [ 37.59766, -0.51494 ], [ 37.59754, -0.51475 ], [ 37.59711, -0.51475 ], [ 37.59667, -0.51475 ], [ 37.59611, -0.51477 ], [ 37.59554, -0.51473 ], [ 37.59494, -0.51462 ], [ 37.59441, -0.5144 ], [ 37.59387, -0.514 ], [ 37.59347, -0.51377 ], [ 37.59302, -0.51352 ], [ 37.59274, -0.5135 ], [ 37.59226, -0.5135 ], [ 37.59181, -0.51343 ], [ 37.59126, -0.51337 ], [ 37.59043, -0.5132 ], [ 37.58946, -0.51297 ], [ 37.58804, -0.51265 ], [ 37.58716, -0.51239 ], [ 37.58671, -0.5122 ], [ 37.58628, -0.51195 ], [ 37.58576, -0.51159 ], [ 37.58496, -0.5112 ], [ 37.58405, -0.51077 ], [ 37.58335, -0.51054 ], [ 37.58276, -0.51025 ], [ 37.58243, -0.51019 ], [ 37.58213, -0.51015 ], [ 37.58163, -0.51015 ], [ 37.58128, -0.51022 ], [ 37.5808, -0.51027 ], [ 37.58018, -0.5103 ], [ 37.57967, -0.5102 ], [ 37.57933, -0.5102 ], [ 37.57897, -0.51032 ], [ 37.57858, -0.5104 ], [ 37.57828, -0.51055 ], [ 37.57795, -0.51042 ], [ 37.57773, -0.51017 ], [ 37.57742, -0.50995 ], [ 37.57708, -0.50985 ], [ 37.57677, -0.50985 ], [ 37.57643, -0.50969 ], [ 37.57614, -0.50952 ], [ 37.57582, -0.50924 ], [ 37.5756, -0.5089 ], [ 37.57532, -0.50867 ], [ 37.57505, -0.50855 ], [ 37.57479, -0.50855 ], [ 37.57447, -0.50854 ], [ 37.5741, -0.50827 ], [ 37.57335, -0.50776 ], [ 37.57305, -0.50762 ], [ 37.5726, -0.50762 ], [ 37.57219, -0.50756 ], [ 37.57177, -0.50754 ], [ 37.5715, -0.50746 ], [ 37.57127, -0.50727 ], [ 37.5713, -0.50701 ], [ 37.57134, -0.50624 ], [ 37.57129, -0.50559 ], [ 37.5712, -0.50527 ], [ 37.57099, -0.50506 ], [ 37.57059, -0.50497 ], [ 37.57019, -0.50484 ], [ 37.57006, -0.50452 ], [ 37.57007, -0.50416 ], [ 37.56982, -0.50402 ], [ 37.56971, -0.50392 ], [ 37.56944, -0.50392 ], [ 37.56922, -0.50404 ], [ 37.56906, -0.50417 ], [ 37.56884, -0.50402 ], [ 37.56867, -0.50397 ], [ 37.56847, -0.50397 ], [ 37.56824, -0.50397 ], [ 37.56817, -0.50379 ], [ 37.56804, -0.50351 ], [ 37.56774, -0.50338 ], [ 37.56734, -0.50338 ], [ 37.56699, -0.50304 ], [ 37.56671, -0.50296 ], [ 37.5666, -0.503 ], [ 37.56636, -0.50311 ], [ 37.56597, -0.50329 ], [ 37.56559, -0.50339 ], [ 37.56518, -0.50343 ], [ 37.56478, -0.50343 ], [ 37.56433, -0.50366 ], [ 37.56403, -0.50392 ], [ 37.56363, -0.50427 ], [ 37.56328, -0.50431 ], [ 37.56281, -0.50422 ], [ 37.56231, -0.50402 ], [ 37.56191, -0.50399 ], [ 37.56131, -0.50394 ], [ 37.56078, -0.50392 ], [ 37.56043, -0.50379 ], [ 37.55993, -0.50353 ], [ 37.55913, -0.50313 ], [ 37.55898, -0.50296 ], [ 37.55866, -0.50278 ], [ 37.5583, -0.50268 ], [ 37.55818, -0.50241 ], [ 37.55828, -0.50186 ], [ 37.55843, -0.50143 ], [ 37.5586, -0.50099 ], [ 37.5587, -0.50024 ], [ 37.55838, -0.49991 ], [ 37.55805, -0.49966 ], [ 37.55776, -0.49946 ], [ 37.55776, -0.49919 ], [ 37.55805, -0.49885 ], [ 37.55825, -0.49858 ], [ 37.55826, -0.49833 ], [ 37.55826, -0.49808 ], [ 37.55815, -0.49766 ], [ 37.55796, -0.49731 ], [ 37.55765, -0.49706 ], [ 37.55708, -0.49683 ], [ 37.5566, -0.4966 ], [ 37.55623, -0.49635 ], [ 37.5559, -0.49613 ], [ 37.55548, -0.49596 ], [ 37.55496, -0.49588 ], [ 37.5547, -0.4957 ], [ 37.55438, -0.49525 ], [ 37.55423, -0.49425 ], [ 37.5542, -0.49353 ], [ 37.55413, -0.4917 ], [ 37.55398, -0.49095 ], [ 37.55387, -0.49045 ], [ 37.55362, -0.49002 ], [ 37.55305, -0.4898 ], [ 37.5525, -0.4895 ], [ 37.55195, -0.48912 ], [ 37.55165, -0.48897 ], [ 37.55105, -0.48882 ], [ 37.55068, -0.48872 ], [ 37.5504, -0.48855 ], [ 37.54995, -0.48824 ], [ 37.54962, -0.488 ], [ 37.54953, -0.48779 ], [ 37.54963, -0.48744 ], [ 37.54972, -0.4873 ], [ 37.54955, -0.48715 ], [ 37.54922, -0.48694 ], [ 37.5491, -0.4868 ], [ 37.54913, -0.48662 ], [ 37.54928, -0.48649 ], [ 37.5495, -0.48624 ], [ 37.54952, -0.486 ], [ 37.54945, -0.48585 ], [ 37.54917, -0.4857 ], [ 37.54889, -0.4857 ], [ 37.54862, -0.48555 ], [ 37.54879, -0.48537 ], [ 37.54882, -0.48517 ], [ 37.54877, -0.48499 ], [ 37.54862, -0.48489 ], [ 37.54827, -0.48477 ], [ 37.54797, -0.48479 ], [ 37.54775, -0.48496 ], [ 37.54744, -0.48482 ], [ 37.54738, -0.48445 ], [ 37.54737, -0.48414 ], [ 37.54748, -0.48376 ], [ 37.54768, -0.48352 ], [ 37.54797, -0.48351 ], [ 37.5484, -0.48367 ], [ 37.54885, -0.48386 ], [ 37.5491, -0.48396 ], [ 37.54921, -0.48374 ], [ 37.54921, -0.48322 ], [ 37.54926, -0.48281 ], [ 37.54941, -0.48256 ], [ 37.54971, -0.48246 ], [ 37.54996, -0.48234 ], [ 37.55005, -0.48207 ], [ 37.54978, -0.48176 ], [ 37.54993, -0.48159 ], [ 37.55013, -0.48152 ], [ 37.5504, -0.48157 ], [ 37.55073, -0.48166 ], [ 37.55128, -0.48152 ], [ 37.55153, -0.48117 ], [ 37.55169, -0.48072 ], [ 37.5517, -0.48071 ], [ 37.55173, -0.48019 ], [ 37.55153, -0.47979 ], [ 37.55128, -0.47957 ], [ 37.5511, -0.47926 ], [ 37.55048, -0.47888 ], [ 37.55026, -0.47861 ], [ 37.55026, -0.47836 ], [ 37.55038, -0.47806 ], [ 37.5502, -0.47788 ], [ 37.55001, -0.47763 ], [ 37.55013, -0.47749 ], [ 37.5504, -0.47748 ], [ 37.55088, -0.47749 ], [ 37.55111, -0.47729 ], [ 37.55121, -0.47703 ], [ 37.55091, -0.47669 ], [ 37.55051, -0.47649 ], [ 37.55, -0.47643 ], [ 37.54928, -0.47643 ], [ 37.5488, -0.47648 ], [ 37.54846, -0.47636 ], [ 37.54855, -0.47553 ], [ 37.54866, -0.47506 ], [ 37.54848, -0.47489 ], [ 37.54812, -0.47481 ], [ 37.54783, -0.47451 ], [ 37.5476, -0.47428 ], [ 37.54762, -0.4742 ], [ 37.5477, -0.47396 ], [ 37.54778, -0.47373 ], [ 37.54813, -0.47341 ], [ 37.54863, -0.47308 ], [ 37.5488, -0.47288 ], [ 37.54875, -0.47266 ], [ 37.54853, -0.47246 ], [ 37.54823, -0.47223 ], [ 37.5481, -0.47196 ], [ 37.54818, -0.47161 ], [ 37.54833, -0.4713 ], [ 37.54866, -0.47098 ], [ 37.54913, -0.47075 ], [ 37.54948, -0.47046 ], [ 37.54965, -0.47016 ], [ 37.54985, -0.46985 ], [ 37.5498, -0.4695 ], [ 37.54961, -0.46912 ], [ 37.54941, -0.4685 ], [ 37.5493, -0.46833 ], [ 37.54891, -0.4681 ], [ 37.54865, -0.46797 ], [ 37.54856, -0.46773 ], [ 37.54863, -0.46743 ], [ 37.54846, -0.46728 ], [ 37.54835, -0.46707 ], [ 37.54835, -0.4668 ], [ 37.54861, -0.46658 ], [ 37.54863, -0.46633 ], [ 37.54853, -0.46607 ], [ 37.54841, -0.466 ], [ 37.5483, -0.46593 ], [ 37.54815, -0.4658 ], [ 37.54805, -0.46558 ], [ 37.54813, -0.46543 ], [ 37.54818, -0.46525 ], [ 37.54817, -0.46509 ], [ 37.54817, -0.46484 ], [ 37.54832, -0.46445 ], [ 37.54837, -0.46415 ], [ 37.54835, -0.46387 ], [ 37.54817, -0.4637 ], [ 37.5479, -0.46367 ], [ 37.54773, -0.46339 ], [ 37.54758, -0.463 ], [ 37.54712, -0.46257 ], [ 37.5466, -0.4622 ], [ 37.54623, -0.46215 ], [ 37.5458, -0.46224 ], [ 37.54552, -0.46209 ], [ 37.54552, -0.46177 ], [ 37.54563, -0.46074 ], [ 37.54575, -0.45959 ], [ 37.54568, -0.45926 ], [ 37.5455, -0.45884 ], [ 37.54542, -0.45832 ], [ 37.54527, -0.45802 ], [ 37.5449, -0.45782 ], [ 37.5446, -0.45747 ], [ 37.54448, -0.45699 ], [ 37.5444, -0.45601 ], [ 37.5443, -0.45558 ], [ 37.54405, -0.45529 ], [ 37.54395, -0.45499 ], [ 37.54402, -0.45453 ], [ 37.54428, -0.45418 ], [ 37.54452, -0.45386 ], [ 37.54457, -0.45358 ], [ 37.54443, -0.45316 ], [ 37.5444, -0.45274 ], [ 37.54462, -0.45218 ], [ 37.54473, -0.45184 ], [ 37.54472, -0.45154 ], [ 37.54472, -0.45125 ], [ 37.54475, -0.45095 ], [ 37.54483, -0.45061 ], [ 37.54485, -0.45018 ], [ 37.54488, -0.44978 ], [ 37.54498, -0.44945 ], [ 37.54523, -0.44913 ], [ 37.54543, -0.44876 ], [ 37.54547, -0.44835 ], [ 37.54528, -0.44795 ], [ 37.54485, -0.44738 ], [ 37.54452, -0.44688 ], [ 37.54442, -0.44648 ], [ 37.54447, -0.44582 ], [ 37.5444, -0.44505 ], [ 37.5444, -0.44465 ], [ 37.54423, -0.44427 ], [ 37.5442, -0.44377 ], [ 37.54398, -0.4431 ], [ 37.54395, -0.44283 ], [ 37.54378, -0.44237 ], [ 37.54368, -0.44155 ], [ 37.54378, -0.44112 ], [ 37.544, -0.44079 ], [ 37.54462, -0.44004 ], [ 37.54488, -0.43965 ], [ 37.54508, -0.43909 ], [ 37.54495, -0.43855 ], [ 37.54462, -0.43837 ], [ 37.54413, -0.43829 ], [ 37.54362, -0.43827 ], [ 37.54328, -0.43805 ], [ 37.5431, -0.43775 ], [ 37.54292, -0.43689 ], [ 37.54284, -0.43516 ], [ 37.54274, -0.43387 ], [ 37.54259, -0.43341 ], [ 37.5422, -0.43273 ], [ 37.54212, -0.43259 ], [ 37.5418, -0.43253 ], [ 37.54149, -0.43217 ], [ 37.54124, -0.43193 ], [ 37.54084, -0.43178 ], [ 37.54049, -0.43173 ], [ 37.54015, -0.43173 ], [ 37.53989, -0.43155 ], [ 37.5398, -0.43125 ], [ 37.53965, -0.43092 ], [ 37.53945, -0.43065 ], [ 37.53927, -0.43027 ], [ 37.53902, -0.43005 ], [ 37.53849, -0.42972 ], [ 37.53792, -0.42928 ], [ 37.53747, -0.42903 ], [ 37.53697, -0.42888 ], [ 37.53655, -0.42872 ], [ 37.53631, -0.4286 ], [ 37.53604, -0.42833 ], [ 37.53581, -0.42793 ], [ 37.53554, -0.42764 ], [ 37.53516, -0.42754 ], [ 37.53479, -0.42742 ], [ 37.53442, -0.42717 ], [ 37.53401, -0.4268 ], [ 37.53392, -0.42655 ], [ 37.53392, -0.42632 ], [ 37.53402, -0.42612 ], [ 37.53319, -0.42549 ], [ 37.5319, -0.42442 ], [ 37.53122, -0.42351 ], [ 37.53121, -0.42349 ], [ 37.53033, -0.42212 ], [ 37.53025, -0.42205 ], [ 37.52962, -0.42151 ], [ 37.52851, -0.42072 ], [ 37.52815, -0.42012 ], [ 37.5277, -0.41974 ], [ 37.52733, -0.41962 ], [ 37.527, -0.41951 ], [ 37.52683, -0.41956 ], [ 37.52643, -0.41974 ], [ 37.52573, -0.41974 ], [ 37.52538, -0.41968 ], [ 37.52491, -0.41961 ], [ 37.52431, -0.41936 ], [ 37.52414, -0.41913 ], [ 37.52401, -0.41896 ], [ 37.52366, -0.41824 ], [ 37.52341, -0.41774 ], [ 37.52308, -0.41756 ], [ 37.52255, -0.41744 ], [ 37.5219, -0.41749 ], [ 37.52127, -0.41739 ], [ 37.52064, -0.4172 ], [ 37.51987, -0.41649 ], [ 37.51962, -0.41591 ], [ 37.5191, -0.41496 ], [ 37.51874, -0.41454 ], [ 37.51844, -0.41434 ], [ 37.51774, -0.41417 ], [ 37.51707, -0.41406 ], [ 37.51642, -0.41401 ], [ 37.51521, -0.41377 ], [ 37.51447, -0.41369 ], [ 37.51427, -0.41354 ], [ 37.51406, -0.41337 ], [ 37.51367, -0.41254 ], [ 37.51332, -0.41199 ], [ 37.51305, -0.41163 ], [ 37.51197, -0.41023 ], [ 37.51134, -0.40953 ], [ 37.51084, -0.40901 ], [ 37.50996, -0.40805 ], [ 37.50934, -0.40725 ], [ 37.50868, -0.40679 ], [ 37.50831, -0.40652 ], [ 37.50781, -0.40607 ], [ 37.50724, -0.40545 ], [ 37.50673, -0.40512 ], [ 37.50553, -0.40447 ], [ 37.50476, -0.40383 ], [ 37.50451, -0.40367 ], [ 37.5034, -0.40293 ], [ 37.50305, -0.40252 ], [ 37.50298, -0.40237 ], [ 37.50283, -0.40204 ], [ 37.50266, -0.40135 ], [ 37.50253, -0.40049 ], [ 37.50229, -0.39825 ], [ 37.50221, -0.39754 ], [ 37.50211, -0.39673 ], [ 37.50198, -0.39574 ], [ 37.50183, -0.39521 ], [ 37.50156, -0.39459 ], [ 37.50125, -0.39391 ], [ 37.50083, -0.39279 ], [ 37.50056, -0.39178 ], [ 37.50011, -0.3915 ], [ 37.49939, -0.39099 ], [ 37.49843, -0.39061 ], [ 37.49841, -0.39044 ], [ 37.49821, -0.39025 ], [ 37.49802, -0.39015 ], [ 37.49777, -0.39015 ], [ 37.49749, -0.39015 ], [ 37.49715, -0.39015 ], [ 37.49678, -0.39004 ], [ 37.49651, -0.3899 ], [ 37.49651, -0.38965 ], [ 37.49672, -0.38928 ], [ 37.49673, -0.38901 ], [ 37.49661, -0.38873 ], [ 37.49654, -0.38844 ], [ 37.49663, -0.38823 ], [ 37.4967, -0.38801 ], [ 37.49672, -0.38767 ], [ 37.49676, -0.38742 ], [ 37.49708, -0.38713 ], [ 37.49731, -0.38672 ], [ 37.49761, -0.38632 ], [ 37.49771, -0.386 ], [ 37.49773, -0.38578 ], [ 37.4976, -0.38556 ], [ 37.49739, -0.38531 ], [ 37.49731, -0.38506 ], [ 37.49729, -0.38471 ], [ 37.49729, -0.38437 ], [ 37.497, -0.38411 ], [ 37.49676, -0.38396 ], [ 37.49646, -0.38399 ], [ 37.49617, -0.38389 ], [ 37.49601, -0.38369 ], [ 37.49598, -0.38342 ], [ 37.49578, -0.38324 ], [ 37.49549, -0.38319 ], [ 37.49532, -0.38301 ], [ 37.49521, -0.38275 ], [ 37.49507, -0.38258 ], [ 37.49488, -0.38252 ], [ 37.49456, -0.38251 ], [ 37.49434, -0.38239 ], [ 37.49416, -0.38213 ], [ 37.49404, -0.38196 ], [ 37.49381, -0.38196 ], [ 37.49351, -0.38201 ], [ 37.49318, -0.38202 ], [ 37.49289, -0.38195 ], [ 37.49268, -0.3818 ], [ 37.49252, -0.38164 ], [ 37.49233, -0.38137 ], [ 37.49223, -0.38096 ], [ 37.4923, -0.38069 ], [ 37.49244, -0.38043 ], [ 37.49267, -0.38015 ], [ 37.49276, -0.37986 ], [ 37.49279, -0.37957 ], [ 37.49286, -0.37906 ], [ 37.49283, -0.37841 ], [ 37.49275, -0.37782 ], [ 37.49282, -0.37728 ], [ 37.49301, -0.3769 ], [ 37.49308, -0.3764 ], [ 37.49327, -0.37613 ], [ 37.49356, -0.37585 ], [ 37.49369, -0.37538 ], [ 37.49382, -0.37507 ], [ 37.49405, -0.37477 ], [ 37.49419, -0.37428 ], [ 37.49409, -0.37397 ], [ 37.49392, -0.37364 ], [ 37.4939, -0.37334 ], [ 37.49384, -0.3725 ], [ 37.4937, -0.372 ], [ 37.4934, -0.37185 ], [ 37.49294, -0.37173 ], [ 37.49261, -0.37149 ], [ 37.49245, -0.37113 ], [ 37.49221, -0.37069 ], [ 37.49202, -0.37033 ], [ 37.49191, -0.37006 ], [ 37.49199, -0.36959 ], [ 37.49227, -0.36902 ], [ 37.49227, -0.36871 ], [ 37.49219, -0.36818 ], [ 37.49204, -0.36786 ], [ 37.49169, -0.36769 ], [ 37.49143, -0.36758 ], [ 37.49134, -0.3673 ], [ 37.49141, -0.36704 ], [ 37.49146, -0.3667 ], [ 37.49147, -0.36648 ], [ 37.49126, -0.36633 ], [ 37.49088, -0.36631 ], [ 37.49039, -0.36617 ], [ 37.49009, -0.36601 ], [ 37.49009, -0.36566 ], [ 37.49009, -0.36521 ], [ 37.48999, -0.36476 ], [ 37.48995, -0.3643 ], [ 37.48964, -0.3639 ], [ 37.48942, -0.3637 ], [ 37.48906, -0.36355 ], [ 37.48891, -0.36325 ], [ 37.48876, -0.36298 ], [ 37.48846, -0.36278 ], [ 37.48836, -0.36274 ], [ 37.48849, -0.36237 ], [ 37.48849, -0.3623 ], [ 37.48778, -0.36188 ], [ 37.48723, -0.36132 ], [ 37.48678, -0.36069 ], [ 37.48656, -0.35994 ], [ 37.48645, -0.35962 ], [ 37.48645, -0.35925 ], [ 37.48653, -0.35879 ], [ 37.48643, -0.35852 ], [ 37.48625, -0.35819 ], [ 37.486, -0.35799 ], [ 37.48553, -0.3578 ], [ 37.48526, -0.35752 ], [ 37.48496, -0.3573 ], [ 37.48461, -0.3573 ], [ 37.4842, -0.35727 ], [ 37.48391, -0.35722 ], [ 37.4837, -0.3569 ], [ 37.48345, -0.35685 ], [ 37.48306, -0.35664 ], [ 37.48298, -0.35625 ], [ 37.48283, -0.356 ], [ 37.48253, -0.35592 ], [ 37.48213, -0.35584 ], [ 37.48168, -0.35565 ], [ 37.48132, -0.35559 ], [ 37.48112, -0.35537 ], [ 37.48115, -0.3551 ], [ 37.48115, -0.35479 ], [ 37.48082, -0.3544 ], [ 37.48067, -0.35412 ], [ 37.4805, -0.35376 ], [ 37.48045, -0.35334 ], [ 37.48027, -0.35292 ], [ 37.48005, -0.35272 ], [ 37.47978, -0.35251 ], [ 37.47978, -0.35237 ], [ 37.47987, -0.35204 ], [ 37.47987, -0.35156 ], [ 37.47995, -0.35112 ], [ 37.48017, -0.35076 ], [ 37.48018, -0.35051 ], [ 37.48013, -0.35021 ], [ 37.4801, -0.34986 ], [ 37.47988, -0.34954 ], [ 37.47979, -0.34899 ], [ 37.47999, -0.34786 ], [ 37.48025, -0.34698 ], [ 37.48067, -0.34678 ], [ 37.48083, -0.34651 ], [ 37.48205, -0.34591 ], [ 37.48245, -0.34596 ], [ 37.48286, -0.34601 ], [ 37.48321, -0.34599 ], [ 37.48356, -0.34596 ], [ 37.48421, -0.34596 ], [ 37.48583, -0.34589 ], [ 37.48616, -0.34599 ], [ 37.4866, -0.34618 ], [ 37.48708, -0.34643 ], [ 37.48745, -0.34658 ], [ 37.48794, -0.34681 ], [ 37.48848, -0.34706 ], [ 37.48886, -0.3471 ], [ 37.48997, -0.3471 ], [ 37.4916, -0.34747 ], [ 37.49374, -0.34797 ], [ 37.49515, -0.3482 ], [ 37.49688, -0.3484 ], [ 37.49878, -0.34848 ], [ 37.50024, -0.34859 ], [ 37.5008, -0.34884 ], [ 37.5008, -0.3502 ], [ 37.5008, -0.35158 ], [ 37.50072, -0.35327 ], [ 37.50072, -0.35379 ], [ 37.50086, -0.35364 ], [ 37.50108, -0.35357 ], [ 37.5016, -0.35369 ], [ 37.50204, -0.35384 ], [ 37.50234, -0.35382 ], [ 37.50304, -0.35384 ], [ 37.50387, -0.35384 ], [ 37.50465, -0.35378 ], [ 37.50539, -0.35367 ], [ 37.50595, -0.35344 ], [ 37.50612, -0.35308 ], [ 37.50652, -0.35295 ], [ 37.50688, -0.35278 ], [ 37.50777, -0.3525 ], [ 37.50847, -0.35253 ], [ 37.5096, -0.35276 ], [ 37.51113, -0.35316 ], [ 37.512, -0.35352 ], [ 37.51312, -0.35414 ], [ 37.51499, -0.35539 ], [ 37.51932, -0.35791 ], [ 37.52013, -0.35841 ], [ 37.5214, -0.35925 ], [ 37.52312, -0.36025 ], [ 37.52554, -0.3618 ], [ 37.52703, -0.36259 ], [ 37.52894, -0.36378 ], [ 37.53086, -0.36285 ], [ 37.53307, -0.3614 ], [ 37.53477, -0.36035 ], [ 37.53559, -0.3596 ], [ 37.53627, -0.35909 ], [ 37.53695, -0.35847 ], [ 37.53818, -0.35774 ], [ 37.53898, -0.35717 ], [ 37.53997, -0.35717 ], [ 37.5428, -0.35812 ], [ 37.54523, -0.3588 ], [ 37.54765, -0.35922 ], [ 37.54943, -0.35984 ], [ 37.55029, -0.36043 ], [ 37.55032, -0.36041 ], [ 37.55133, -0.36114 ], [ 37.55185, -0.36151 ], [ 37.55215, -0.36193 ], [ 37.55231, -0.36207 ], [ 37.55331, -0.36296 ] ] ] } }
]
}
